filename,hash,label,file_path,first_submission_date,submission_date_human
VirusShare_2a01235356d4ddb0a49b678426b52836,2a01235356d4ddb0a49b678426b52836,0,/mnt/datadisk/./datasets/0/VirusShare_2a01235356d4ddb0a49b678426b52836,,
VirusShare_e6ac918391b499055ade4ef9bb6e95ff,e6ac918391b499055ade4ef9bb6e95ff,0,/mnt/datadisk/./datasets/0/VirusShare_e6ac918391b499055ade4ef9bb6e95ff,,
VirusShare_5d47a9cc4b48273c083b1c938ffc36f4,5d47a9cc4b48273c083b1c938ffc36f4,0,/mnt/datadisk/./datasets/0/VirusShare_5d47a9cc4b48273c083b1c938ffc36f4,,
VirusShare_1d352b03278b6ac6ee0a1188650cb98e,1d352b03278b6ac6ee0a1188650cb98e,0,/mnt/datadisk/./datasets/0/VirusShare_1d352b03278b6ac6ee0a1188650cb98e,,
VirusShare_b8ee7b2392dc980c13bfd54f1d5c7f27,b8ee7b2392dc980c13bfd54f1d5c7f27,0,/mnt/datadisk/./datasets/0/VirusShare_b8ee7b2392dc980c13bfd54f1d5c7f27,,
VirusShare_b5e44c0d9eec0957fc305bfd5d49f29f,b5e44c0d9eec0957fc305bfd5d49f29f,0,/mnt/datadisk/./datasets/0/VirusShare_b5e44c0d9eec0957fc305bfd5d49f29f,,
VirusShare_f76dc131e9fecc386646523edd9e1cf9,f76dc131e9fecc386646523edd9e1cf9,1,/mnt/datadisk/./datasets/1/VirusShare_f76dc131e9fecc386646523edd9e1cf9,,
VirusShare_53f1db5b0059a81fe1faefa2c7f6de08,53f1db5b0059a81fe1faefa2c7f6de08,1,/mnt/datadisk/./datasets/1/VirusShare_53f1db5b0059a81fe1faefa2c7f6de08,,
VirusShare_2caf8f55c0544d96e8815b0e19d9f265,2caf8f55c0544d96e8815b0e19d9f265,0,/mnt/datadisk/./datasets/0/VirusShare_2caf8f55c0544d96e8815b0e19d9f265,,
VirusShare_8717c21c67552b2c24827be616128243,8717c21c67552b2c24827be616128243,0,/mnt/datadisk/./datasets/0/VirusShare_8717c21c67552b2c24827be616128243,,
VirusShare_8eb63648ca09e42d089fe2c953b4970f,8eb63648ca09e42d089fe2c953b4970f,0,/mnt/datadisk/./datasets/0/VirusShare_8eb63648ca09e42d089fe2c953b4970f,,
VirusShare_0d6c91905b7d593f2ac9b035bf517d4c,0d6c91905b7d593f2ac9b035bf517d4c,1,/mnt/datadisk/./datasets/1/VirusShare_0d6c91905b7d593f2ac9b035bf517d4c,,
VirusShare_1705cbeca3b19d04674b571bf673e170,1705cbeca3b19d04674b571bf673e170,0,/mnt/datadisk/./datasets/0/VirusShare_1705cbeca3b19d04674b571bf673e170,,
VirusShare_2f5c86320b43ca87756398c986cdddda,2f5c86320b43ca87756398c986cdddda,0,/mnt/datadisk/./datasets/0/VirusShare_2f5c86320b43ca87756398c986cdddda,,
VirusShare_a43a7e0e118957b2843b89e4e140a15e,a43a7e0e118957b2843b89e4e140a15e,0,/mnt/datadisk/./datasets/0/VirusShare_a43a7e0e118957b2843b89e4e140a15e,,
VirusShare_de732910399ccb91460ff0cc8edf4ac6,de732910399ccb91460ff0cc8edf4ac6,0,/mnt/datadisk/./datasets/0/VirusShare_de732910399ccb91460ff0cc8edf4ac6,,
VirusShare_002b23c2d0a9dea4214e485eb982cdd4,002b23c2d0a9dea4214e485eb982cdd4,1,/mnt/datadisk/./datasets/1/VirusShare_002b23c2d0a9dea4214e485eb982cdd4,,
VirusShare_02e185822ee8a27c575d5919ea9780ec,02e185822ee8a27c575d5919ea9780ec,0,/mnt/datadisk/./datasets/0/VirusShare_02e185822ee8a27c575d5919ea9780ec,,
VirusShare_8fcd217b73bb88139e1be36e1c0cf990,8fcd217b73bb88139e1be36e1c0cf990,1,/mnt/datadisk/./datasets/1/VirusShare_8fcd217b73bb88139e1be36e1c0cf990,,
VirusShare_9d6153d2329e61482301fca49a77ac15,9d6153d2329e61482301fca49a77ac15,0,/mnt/datadisk/./datasets/0/VirusShare_9d6153d2329e61482301fca49a77ac15,,
VirusShare_786bdb27f2eca2315e8c36302630dab8,786bdb27f2eca2315e8c36302630dab8,0,/mnt/datadisk/./datasets/0/VirusShare_786bdb27f2eca2315e8c36302630dab8,,
VirusShare_70c7b7b3f7fe26ecfe0234ffc19207d3,70c7b7b3f7fe26ecfe0234ffc19207d3,0,/mnt/datadisk/./datasets/0/VirusShare_70c7b7b3f7fe26ecfe0234ffc19207d3,,
VirusShare_4c1ed0b27638d2f194fab93f9810fd67,4c1ed0b27638d2f194fab93f9810fd67,0,/mnt/datadisk/./datasets/0/VirusShare_4c1ed0b27638d2f194fab93f9810fd67,,
VirusShare_3faf30699b85561e9baec1fef33bbe7e,3faf30699b85561e9baec1fef33bbe7e,0,/mnt/datadisk/./datasets/0/VirusShare_3faf30699b85561e9baec1fef33bbe7e,,
VirusShare_4e197c94ba69ec0969bd1945a2f3955e,4e197c94ba69ec0969bd1945a2f3955e,0,/mnt/datadisk/./datasets/0/VirusShare_4e197c94ba69ec0969bd1945a2f3955e,,
VirusShare_70f634c6c5b29c2a593dc08f5fadc84d,70f634c6c5b29c2a593dc08f5fadc84d,0,/mnt/datadisk/./datasets/0/VirusShare_70f634c6c5b29c2a593dc08f5fadc84d,,
VirusShare_e8cfefc4f65f3826a71981775504ce62,e8cfefc4f65f3826a71981775504ce62,0,/mnt/datadisk/./datasets/0/VirusShare_e8cfefc4f65f3826a71981775504ce62,,
VirusShare_e5f463370cc5cf80b904fa65b749abe5,e5f463370cc5cf80b904fa65b749abe5,1,/mnt/datadisk/./datasets/1/VirusShare_e5f463370cc5cf80b904fa65b749abe5,,
VirusShare_0f1067822c61288187555142651cbe6b,0f1067822c61288187555142651cbe6b,0,/mnt/datadisk/./datasets/0/VirusShare_0f1067822c61288187555142651cbe6b,,
VirusShare_ffa49dc1dbb7c1dbd3423b82ded21fd5,ffa49dc1dbb7c1dbd3423b82ded21fd5,1,/mnt/datadisk/./datasets/1/VirusShare_ffa49dc1dbb7c1dbd3423b82ded21fd5,,
VirusShare_7a0c58f6e58014e2c8ca839f0d93f1e6,7a0c58f6e58014e2c8ca839f0d93f1e6,0,/mnt/datadisk/./datasets/0/VirusShare_7a0c58f6e58014e2c8ca839f0d93f1e6,,
VirusShare_6b41285c82bb54c73c8a3fd6b494e228,6b41285c82bb54c73c8a3fd6b494e228,0,/mnt/datadisk/./datasets/0/VirusShare_6b41285c82bb54c73c8a3fd6b494e228,,
VirusShare_c9b262c9478584ea2782728f874f7a7d,c9b262c9478584ea2782728f874f7a7d,0,/mnt/datadisk/./datasets/0/VirusShare_c9b262c9478584ea2782728f874f7a7d,,
VirusShare_ed185044057e30aba99dc72585325416,ed185044057e30aba99dc72585325416,1,/mnt/datadisk/./datasets/1/VirusShare_ed185044057e30aba99dc72585325416,,
VirusShare_3865bb17034013ccddce607af7b2438b,3865bb17034013ccddce607af7b2438b,1,/mnt/datadisk/./datasets/1/VirusShare_3865bb17034013ccddce607af7b2438b,,
VirusShare_263ec73a37a03680353d55321febaeec,263ec73a37a03680353d55321febaeec,0,/mnt/datadisk/./datasets/0/VirusShare_263ec73a37a03680353d55321febaeec,,
VirusShare_d7a93d2d313c2d5dea66534e7f9599b0,d7a93d2d313c2d5dea66534e7f9599b0,0,/mnt/datadisk/./datasets/0/VirusShare_d7a93d2d313c2d5dea66534e7f9599b0,,
VirusShare_24ac02618339eae3098f935b1adadc3c,24ac02618339eae3098f935b1adadc3c,0,/mnt/datadisk/./datasets/0/VirusShare_24ac02618339eae3098f935b1adadc3c,,
VirusShare_ab9b25a2206c74078707cbc0df793ecd,ab9b25a2206c74078707cbc0df793ecd,1,/mnt/datadisk/./datasets/1/VirusShare_ab9b25a2206c74078707cbc0df793ecd,,
VirusShare_2fc26134086db9748cd10c6c3d5dac2d,2fc26134086db9748cd10c6c3d5dac2d,0,/mnt/datadisk/./datasets/0/VirusShare_2fc26134086db9748cd10c6c3d5dac2d,,
VirusShare_60b08ff5d5c749df84d18f3f1f0d8138,60b08ff5d5c749df84d18f3f1f0d8138,0,/mnt/datadisk/./datasets/0/VirusShare_60b08ff5d5c749df84d18f3f1f0d8138,,
VirusShare_699515ed00680248a01aa08184c10d00,699515ed00680248a01aa08184c10d00,0,/mnt/datadisk/./datasets/0/VirusShare_699515ed00680248a01aa08184c10d00,,
VirusShare_14290500d144ab4e0089395479ba2138,14290500d144ab4e0089395479ba2138,0,/mnt/datadisk/./datasets/0/VirusShare_14290500d144ab4e0089395479ba2138,,
VirusShare_a9b0ce663f2b05bfddccf697f8b539ef,a9b0ce663f2b05bfddccf697f8b539ef,0,/mnt/datadisk/./datasets/0/VirusShare_a9b0ce663f2b05bfddccf697f8b539ef,,
VirusShare_07fa6841b66eddbacf35f0a31dc9cb11,07fa6841b66eddbacf35f0a31dc9cb11,0,/mnt/datadisk/./datasets/0/VirusShare_07fa6841b66eddbacf35f0a31dc9cb11,,
VirusShare_83f67d8901d739cdbb224f88f86d0cb1,83f67d8901d739cdbb224f88f86d0cb1,0,/mnt/datadisk/./datasets/0/VirusShare_83f67d8901d739cdbb224f88f86d0cb1,,
VirusShare_5edca958f8a272c508428ac81823a784,5edca958f8a272c508428ac81823a784,0,/mnt/datadisk/./datasets/0/VirusShare_5edca958f8a272c508428ac81823a784,,
VirusShare_ea31edb990ce4737e2797b3fb261d064,ea31edb990ce4737e2797b3fb261d064,0,/mnt/datadisk/./datasets/0/VirusShare_ea31edb990ce4737e2797b3fb261d064,,
VirusShare_6b428229ff6f8e7e6af47fe0a0e3d316,6b428229ff6f8e7e6af47fe0a0e3d316,0,/mnt/datadisk/./datasets/0/VirusShare_6b428229ff6f8e7e6af47fe0a0e3d316,,
VirusShare_8b1172d8f7f182a2da21c3b1920f0762,8b1172d8f7f182a2da21c3b1920f0762,1,/mnt/datadisk/./datasets/1/VirusShare_8b1172d8f7f182a2da21c3b1920f0762,,
VirusShare_91916609a5370e5a7bb56a8b462f73dc,91916609a5370e5a7bb56a8b462f73dc,1,/mnt/datadisk/./datasets/1/VirusShare_91916609a5370e5a7bb56a8b462f73dc,,
VirusShare_6a1af1f6688414627cf0460ccebb8672,6a1af1f6688414627cf0460ccebb8672,1,/mnt/datadisk/./datasets/1/VirusShare_6a1af1f6688414627cf0460ccebb8672,,
VirusShare_179cb67aa32c5bcb9918b7510b1bcd00,179cb67aa32c5bcb9918b7510b1bcd00,0,/mnt/datadisk/./datasets/0/VirusShare_179cb67aa32c5bcb9918b7510b1bcd00,,
VirusShare_e5d252afd488def59d05207d7a5d4c61,e5d252afd488def59d05207d7a5d4c61,0,/mnt/datadisk/./datasets/0/VirusShare_e5d252afd488def59d05207d7a5d4c61,,
VirusShare_93e046e1a333fa84a543b5e87e365157,93e046e1a333fa84a543b5e87e365157,1,/mnt/datadisk/./datasets/1/VirusShare_93e046e1a333fa84a543b5e87e365157,,
VirusShare_ba0a052ab6c4f197fcbe74a938562e1b,ba0a052ab6c4f197fcbe74a938562e1b,0,/mnt/datadisk/./datasets/0/VirusShare_ba0a052ab6c4f197fcbe74a938562e1b,,
VirusShare_0b3d9d8db21716f7715b1a3a79137f49,0b3d9d8db21716f7715b1a3a79137f49,0,/mnt/datadisk/./datasets/0/VirusShare_0b3d9d8db21716f7715b1a3a79137f49,,
VirusShare_cae68f0530f57786550923b5371fc01b,cae68f0530f57786550923b5371fc01b,1,/mnt/datadisk/./datasets/1/VirusShare_cae68f0530f57786550923b5371fc01b,,
VirusShare_9ed0052c52c8095bcbf62354c3f2f448,9ed0052c52c8095bcbf62354c3f2f448,1,/mnt/datadisk/./datasets/1/VirusShare_9ed0052c52c8095bcbf62354c3f2f448,,
VirusShare_70e93b3dc4b9f1acfa950b7493b014dc,70e93b3dc4b9f1acfa950b7493b014dc,1,/mnt/datadisk/./datasets/1/VirusShare_70e93b3dc4b9f1acfa950b7493b014dc,,
VirusShare_3417c843a95a62664e679a9dbce03807,3417c843a95a62664e679a9dbce03807,0,/mnt/datadisk/./datasets/0/VirusShare_3417c843a95a62664e679a9dbce03807,,
VirusShare_18e84d4c864628e2d1c0cd6d904f1352,18e84d4c864628e2d1c0cd6d904f1352,0,/mnt/datadisk/./datasets/0/VirusShare_18e84d4c864628e2d1c0cd6d904f1352,,
VirusShare_f977e57a3e60b1059478649fc1e18105,f977e57a3e60b1059478649fc1e18105,0,/mnt/datadisk/./datasets/0/VirusShare_f977e57a3e60b1059478649fc1e18105,,
VirusShare_23024f876a0683ca997cd9aa4fab4f5a,23024f876a0683ca997cd9aa4fab4f5a,0,/mnt/datadisk/./datasets/0/VirusShare_23024f876a0683ca997cd9aa4fab4f5a,,
VirusShare_bcc38efaf9236658871806de7909f900,bcc38efaf9236658871806de7909f900,0,/mnt/datadisk/./datasets/0/VirusShare_bcc38efaf9236658871806de7909f900,,
VirusShare_d7046473f86e409576f974d932979f02,d7046473f86e409576f974d932979f02,0,/mnt/datadisk/./datasets/0/VirusShare_d7046473f86e409576f974d932979f02,,
VirusShare_b5c71c2bbbe9c3d754c628530a412bc0,b5c71c2bbbe9c3d754c628530a412bc0,0,/mnt/datadisk/./datasets/0/VirusShare_b5c71c2bbbe9c3d754c628530a412bc0,,
VirusShare_c57c738019fdc7471986b92ec1a92024,c57c738019fdc7471986b92ec1a92024,0,/mnt/datadisk/./datasets/0/VirusShare_c57c738019fdc7471986b92ec1a92024,,
VirusShare_a37dd5a562af99bca2eecb1963c5d369,a37dd5a562af99bca2eecb1963c5d369,0,/mnt/datadisk/./datasets/0/VirusShare_a37dd5a562af99bca2eecb1963c5d369,,
VirusShare_d99cf83377a02c7d478a12a51acd80a5,d99cf83377a02c7d478a12a51acd80a5,1,/mnt/datadisk/./datasets/1/VirusShare_d99cf83377a02c7d478a12a51acd80a5,,
VirusShare_db894f90bd4d25bb9e80f7a4fcd74b76,db894f90bd4d25bb9e80f7a4fcd74b76,1,/mnt/datadisk/./datasets/1/VirusShare_db894f90bd4d25bb9e80f7a4fcd74b76,,
VirusShare_de50e8f259f9a2e332d3e655318e7906,de50e8f259f9a2e332d3e655318e7906,1,/mnt/datadisk/./datasets/1/VirusShare_de50e8f259f9a2e332d3e655318e7906,,
VirusShare_dfb066aa984cd280c581b3525f70bbcd,dfb066aa984cd280c581b3525f70bbcd,1,/mnt/datadisk/./datasets/1/VirusShare_dfb066aa984cd280c581b3525f70bbcd,,
VirusShare_ec8fa1c70521e73b51c8316dcfa8b0be,ec8fa1c70521e73b51c8316dcfa8b0be,0,/mnt/datadisk/./datasets/0/VirusShare_ec8fa1c70521e73b51c8316dcfa8b0be,,
VirusShare_3a6c0da8b508b8c526359a055c7241fc,3a6c0da8b508b8c526359a055c7241fc,0,/mnt/datadisk/./datasets/0/VirusShare_3a6c0da8b508b8c526359a055c7241fc,,
VirusShare_7b2ca57010e63203f30a831a65c93a61,7b2ca57010e63203f30a831a65c93a61,1,/mnt/datadisk/./datasets/1/VirusShare_7b2ca57010e63203f30a831a65c93a61,,
VirusShare_1c9a81aa434b132875c71d0429fee594,1c9a81aa434b132875c71d0429fee594,0,/mnt/datadisk/./datasets/0/VirusShare_1c9a81aa434b132875c71d0429fee594,,
VirusShare_34a92b48a8347b90e7d04e622a906b60,34a92b48a8347b90e7d04e622a906b60,0,/mnt/datadisk/./datasets/0/VirusShare_34a92b48a8347b90e7d04e622a906b60,,
VirusShare_ed2a03c50147d5f06217631de501f306,ed2a03c50147d5f06217631de501f306,0,/mnt/datadisk/./datasets/0/VirusShare_ed2a03c50147d5f06217631de501f306,,
VirusShare_4193e5676c3f690ecb63bc03d4539006,4193e5676c3f690ecb63bc03d4539006,1,/mnt/datadisk/./datasets/1/VirusShare_4193e5676c3f690ecb63bc03d4539006,,
VirusShare_7d14f9d5690cf96279cfa40eada9a7e4,7d14f9d5690cf96279cfa40eada9a7e4,0,/mnt/datadisk/./datasets/0/VirusShare_7d14f9d5690cf96279cfa40eada9a7e4,,
VirusShare_f489100cf91c895a30e8ef8e884eb5e6,f489100cf91c895a30e8ef8e884eb5e6,1,/mnt/datadisk/./datasets/1/VirusShare_f489100cf91c895a30e8ef8e884eb5e6,,
VirusShare_ff23b242a4e7d503f57cafe449c70cef,ff23b242a4e7d503f57cafe449c70cef,1,/mnt/datadisk/./datasets/1/VirusShare_ff23b242a4e7d503f57cafe449c70cef,,
VirusShare_ad13032b574fe8161d2b5eca45965095,ad13032b574fe8161d2b5eca45965095,0,/mnt/datadisk/./datasets/0/VirusShare_ad13032b574fe8161d2b5eca45965095,,
VirusShare_30fe280000c637bb0976a66104fb22a4,30fe280000c637bb0976a66104fb22a4,0,/mnt/datadisk/./datasets/0/VirusShare_30fe280000c637bb0976a66104fb22a4,,
VirusShare_111697dc98200c6f0111b89f3fd4b587,111697dc98200c6f0111b89f3fd4b587,0,/mnt/datadisk/./datasets/0/VirusShare_111697dc98200c6f0111b89f3fd4b587,,
VirusShare_964d0e05f4e165d7903f918a540bd8f3,964d0e05f4e165d7903f918a540bd8f3,1,/mnt/datadisk/./datasets/1/VirusShare_964d0e05f4e165d7903f918a540bd8f3,,
VirusShare_1d9fda0c8fddbe462259eb0fef22d636,1d9fda0c8fddbe462259eb0fef22d636,0,/mnt/datadisk/./datasets/0/VirusShare_1d9fda0c8fddbe462259eb0fef22d636,,
VirusShare_ba598c4b9942dac352cfc86a86f58368,ba598c4b9942dac352cfc86a86f58368,0,/mnt/datadisk/./datasets/0/VirusShare_ba598c4b9942dac352cfc86a86f58368,,
VirusShare_0174be9154e75ab4e6e0850032f0f2b3,0174be9154e75ab4e6e0850032f0f2b3,1,/mnt/datadisk/./datasets/1/VirusShare_0174be9154e75ab4e6e0850032f0f2b3,,
VirusShare_bac399a9ab7ca88928a20114553c552b,bac399a9ab7ca88928a20114553c552b,1,/mnt/datadisk/./datasets/1/VirusShare_bac399a9ab7ca88928a20114553c552b,,
VirusShare_93402f4cb4804617b4f4b0353f031385,93402f4cb4804617b4f4b0353f031385,0,/mnt/datadisk/./datasets/0/VirusShare_93402f4cb4804617b4f4b0353f031385,,
VirusShare_46f6491e8ef32377894242c2f618205f,46f6491e8ef32377894242c2f618205f,0,/mnt/datadisk/./datasets/0/VirusShare_46f6491e8ef32377894242c2f618205f,,
VirusShare_dc8543fa761a137dd92e071e14ec38a4,dc8543fa761a137dd92e071e14ec38a4,0,/mnt/datadisk/./datasets/0/VirusShare_dc8543fa761a137dd92e071e14ec38a4,,
VirusShare_71ae2a64092bacefb0ea140e153516a0,71ae2a64092bacefb0ea140e153516a0,0,/mnt/datadisk/./datasets/0/VirusShare_71ae2a64092bacefb0ea140e153516a0,,
VirusShare_bc8ef63e454a757ddadcbbd473e0ce20,bc8ef63e454a757ddadcbbd473e0ce20,0,/mnt/datadisk/./datasets/0/VirusShare_bc8ef63e454a757ddadcbbd473e0ce20,,
VirusShare_186b16a81a4742afd8bd53590ff2e705,186b16a81a4742afd8bd53590ff2e705,0,/mnt/datadisk/./datasets/0/VirusShare_186b16a81a4742afd8bd53590ff2e705,,
VirusShare_d6649bf16451738cb0f12e258c08275c,d6649bf16451738cb0f12e258c08275c,1,/mnt/datadisk/./datasets/1/VirusShare_d6649bf16451738cb0f12e258c08275c,,
VirusShare_b344cae600dfbd1b6128308fb5dd0902,b344cae600dfbd1b6128308fb5dd0902,1,/mnt/datadisk/./datasets/1/VirusShare_b344cae600dfbd1b6128308fb5dd0902,,
VirusShare_5f30b6f02162d9094604864f801dad17,5f30b6f02162d9094604864f801dad17,0,/mnt/datadisk/./datasets/0/VirusShare_5f30b6f02162d9094604864f801dad17,,
VirusShare_cb7d25d903d7600da02a943878d14cc5,cb7d25d903d7600da02a943878d14cc5,1,/mnt/datadisk/./datasets/1/VirusShare_cb7d25d903d7600da02a943878d14cc5,,
VirusShare_49e4ba7073a1f5f0a892a529023fb545,49e4ba7073a1f5f0a892a529023fb545,0,/mnt/datadisk/./datasets/0/VirusShare_49e4ba7073a1f5f0a892a529023fb545,,
VirusShare_1e77d802493fdc0dbe069b24d16af26b,1e77d802493fdc0dbe069b24d16af26b,1,/mnt/datadisk/./datasets/1/VirusShare_1e77d802493fdc0dbe069b24d16af26b,,
VirusShare_b030eac9f29492fc38557419ee8c93e1,b030eac9f29492fc38557419ee8c93e1,1,/mnt/datadisk/./datasets/1/VirusShare_b030eac9f29492fc38557419ee8c93e1,,
VirusShare_9e5d35e89c1788b2e29b2fb978cae02a,9e5d35e89c1788b2e29b2fb978cae02a,0,/mnt/datadisk/./datasets/0/VirusShare_9e5d35e89c1788b2e29b2fb978cae02a,,
VirusShare_080ab33d36421ae856d7e2115b853543,080ab33d36421ae856d7e2115b853543,0,/mnt/datadisk/./datasets/0/VirusShare_080ab33d36421ae856d7e2115b853543,,
VirusShare_46b29c330296a5e96eac7c3a674bd432,46b29c330296a5e96eac7c3a674bd432,1,/mnt/datadisk/./datasets/1/VirusShare_46b29c330296a5e96eac7c3a674bd432,,
VirusShare_f789f4b541c6da44616b28e57a8ef7ac,f789f4b541c6da44616b28e57a8ef7ac,0,/mnt/datadisk/./datasets/0/VirusShare_f789f4b541c6da44616b28e57a8ef7ac,,
VirusShare_85f1ca82fc70b916247508abc510816e,85f1ca82fc70b916247508abc510816e,1,/mnt/datadisk/./datasets/1/VirusShare_85f1ca82fc70b916247508abc510816e,,
VirusShare_a59f068914f4f891d2efa7332926889e,a59f068914f4f891d2efa7332926889e,1,/mnt/datadisk/./datasets/1/VirusShare_a59f068914f4f891d2efa7332926889e,,
VirusShare_d0a9e7e3d5513c296509bf87f923f2bc,d0a9e7e3d5513c296509bf87f923f2bc,0,/mnt/datadisk/./datasets/0/VirusShare_d0a9e7e3d5513c296509bf87f923f2bc,,
VirusShare_d1b7fabf67d084681cf749f319ab2fe2,d1b7fabf67d084681cf749f319ab2fe2,0,/mnt/datadisk/./datasets/0/VirusShare_d1b7fabf67d084681cf749f319ab2fe2,,
VirusShare_44bbb71aff57763fdf03c29b0ecef749,44bbb71aff57763fdf03c29b0ecef749,0,/mnt/datadisk/./datasets/0/VirusShare_44bbb71aff57763fdf03c29b0ecef749,,
VirusShare_f267b7f6e7a0594b6b13a2c179621566,f267b7f6e7a0594b6b13a2c179621566,0,/mnt/datadisk/./datasets/0/VirusShare_f267b7f6e7a0594b6b13a2c179621566,,
VirusShare_e0b001422e9c8a661b7c06e7c8a5f243,e0b001422e9c8a661b7c06e7c8a5f243,1,/mnt/datadisk/./datasets/1/VirusShare_e0b001422e9c8a661b7c06e7c8a5f243,,
VirusShare_cd44e01650e8ad10eede6e67f2ab5c75,cd44e01650e8ad10eede6e67f2ab5c75,0,/mnt/datadisk/./datasets/0/VirusShare_cd44e01650e8ad10eede6e67f2ab5c75,,
VirusShare_0a533eadab64ea17b5259816d5e0d2ee,0a533eadab64ea17b5259816d5e0d2ee,0,/mnt/datadisk/./datasets/0/VirusShare_0a533eadab64ea17b5259816d5e0d2ee,,
VirusShare_8c5479d96b6efca8beef8cf2859c16a3,8c5479d96b6efca8beef8cf2859c16a3,0,/mnt/datadisk/./datasets/0/VirusShare_8c5479d96b6efca8beef8cf2859c16a3,,
VirusShare_b7a2016d4b67b354cb4e08533ef2e213,b7a2016d4b67b354cb4e08533ef2e213,1,/mnt/datadisk/./datasets/1/VirusShare_b7a2016d4b67b354cb4e08533ef2e213,,
VirusShare_4223a01cbedc541a3a7969ae6af28af3,4223a01cbedc541a3a7969ae6af28af3,0,/mnt/datadisk/./datasets/0/VirusShare_4223a01cbedc541a3a7969ae6af28af3,,
VirusShare_4000c4407d715f59df12c139bfe1b8f6,4000c4407d715f59df12c139bfe1b8f6,0,/mnt/datadisk/./datasets/0/VirusShare_4000c4407d715f59df12c139bfe1b8f6,,
VirusShare_d4e0d264bc084a7727d8a13994b57545,d4e0d264bc084a7727d8a13994b57545,0,/mnt/datadisk/./datasets/0/VirusShare_d4e0d264bc084a7727d8a13994b57545,,
VirusShare_7251d7b0d2ee9be02324728938c18720,7251d7b0d2ee9be02324728938c18720,1,/mnt/datadisk/./datasets/1/VirusShare_7251d7b0d2ee9be02324728938c18720,,
VirusShare_4b6304e6c6672dc5f436d5547bb57aa6,4b6304e6c6672dc5f436d5547bb57aa6,0,/mnt/datadisk/./datasets/0/VirusShare_4b6304e6c6672dc5f436d5547bb57aa6,,
VirusShare_f6f4de736422e2ce52eaf99b41edfe32,f6f4de736422e2ce52eaf99b41edfe32,1,/mnt/datadisk/./datasets/1/VirusShare_f6f4de736422e2ce52eaf99b41edfe32,,
VirusShare_b48289bf1f0de88698d969a662224428,b48289bf1f0de88698d969a662224428,0,/mnt/datadisk/./datasets/0/VirusShare_b48289bf1f0de88698d969a662224428,,
VirusShare_f33c2f75137f91b655a8cb040f4e4fa5,f33c2f75137f91b655a8cb040f4e4fa5,0,/mnt/datadisk/./datasets/0/VirusShare_f33c2f75137f91b655a8cb040f4e4fa5,,
VirusShare_0c98d43a940ad2c6b2d20d7302ab7ff6,0c98d43a940ad2c6b2d20d7302ab7ff6,0,/mnt/datadisk/./datasets/0/VirusShare_0c98d43a940ad2c6b2d20d7302ab7ff6,,
VirusShare_d6c4a6753b72bdc3cb6406de583669de,d6c4a6753b72bdc3cb6406de583669de,0,/mnt/datadisk/./datasets/0/VirusShare_d6c4a6753b72bdc3cb6406de583669de,,
VirusShare_22e2cd2c2505743f3dbc876ca9db6318,22e2cd2c2505743f3dbc876ca9db6318,0,/mnt/datadisk/./datasets/0/VirusShare_22e2cd2c2505743f3dbc876ca9db6318,,
VirusShare_fcf0ca8e9e379095378f09f12bc6b3f9,fcf0ca8e9e379095378f09f12bc6b3f9,1,/mnt/datadisk/./datasets/1/VirusShare_fcf0ca8e9e379095378f09f12bc6b3f9,,
VirusShare_943fadc9030670cfe19e204dd087e6d8,943fadc9030670cfe19e204dd087e6d8,0,/mnt/datadisk/./datasets/0/VirusShare_943fadc9030670cfe19e204dd087e6d8,,
VirusShare_dedfaa24909d03522a814068f9c00d5d,dedfaa24909d03522a814068f9c00d5d,1,/mnt/datadisk/./datasets/1/VirusShare_dedfaa24909d03522a814068f9c00d5d,,
VirusShare_ee35ccf2ac7f55589889a101fc58270f,ee35ccf2ac7f55589889a101fc58270f,0,/mnt/datadisk/./datasets/0/VirusShare_ee35ccf2ac7f55589889a101fc58270f,,
VirusShare_efec5b8b095ca0fd3f2a9106c00b56c9,efec5b8b095ca0fd3f2a9106c00b56c9,0,/mnt/datadisk/./datasets/0/VirusShare_efec5b8b095ca0fd3f2a9106c00b56c9,,
VirusShare_31a6507e2c72c0bbe362f3a17de25acc,31a6507e2c72c0bbe362f3a17de25acc,0,/mnt/datadisk/./datasets/0/VirusShare_31a6507e2c72c0bbe362f3a17de25acc,,
VirusShare_a118e2e8f3c9ce2008917d096c11f81d,a118e2e8f3c9ce2008917d096c11f81d,0,/mnt/datadisk/./datasets/0/VirusShare_a118e2e8f3c9ce2008917d096c11f81d,,
VirusShare_0495e8b62b29df91397da57916e6c0c4,0495e8b62b29df91397da57916e6c0c4,1,/mnt/datadisk/./datasets/1/VirusShare_0495e8b62b29df91397da57916e6c0c4,,
VirusShare_8e4521e1e90fe1468592c3e410998475,8e4521e1e90fe1468592c3e410998475,0,/mnt/datadisk/./datasets/0/VirusShare_8e4521e1e90fe1468592c3e410998475,,
VirusShare_0b081f76f02e82008b625a07a492e9fb,0b081f76f02e82008b625a07a492e9fb,1,/mnt/datadisk/./datasets/1/VirusShare_0b081f76f02e82008b625a07a492e9fb,,
VirusShare_99915e47b27684da5120fc3cd26c43d2,99915e47b27684da5120fc3cd26c43d2,1,/mnt/datadisk/./datasets/1/VirusShare_99915e47b27684da5120fc3cd26c43d2,,
VirusShare_8e3127f673dfc50d363ea23d8306cf84,8e3127f673dfc50d363ea23d8306cf84,1,/mnt/datadisk/./datasets/1/VirusShare_8e3127f673dfc50d363ea23d8306cf84,,
VirusShare_a1fad02a0c97ee329f18484ddfb5cced,a1fad02a0c97ee329f18484ddfb5cced,1,/mnt/datadisk/./datasets/1/VirusShare_a1fad02a0c97ee329f18484ddfb5cced,,
VirusShare_9d0f678e6425b7b4a3c7fb0d93422c71,9d0f678e6425b7b4a3c7fb0d93422c71,0,/mnt/datadisk/./datasets/0/VirusShare_9d0f678e6425b7b4a3c7fb0d93422c71,,
VirusShare_74bc332afa728a23cca3a502c42031cb,74bc332afa728a23cca3a502c42031cb,0,/mnt/datadisk/./datasets/0/VirusShare_74bc332afa728a23cca3a502c42031cb,,
VirusShare_74663ca1a11c996a6b90ecac1b285efc,74663ca1a11c996a6b90ecac1b285efc,0,/mnt/datadisk/./datasets/0/VirusShare_74663ca1a11c996a6b90ecac1b285efc,,
VirusShare_7ea5bc32956bcccc8838cb268211ffb1,7ea5bc32956bcccc8838cb268211ffb1,1,/mnt/datadisk/./datasets/1/VirusShare_7ea5bc32956bcccc8838cb268211ffb1,,
VirusShare_670965f37b59c106068b4120fef5f219,670965f37b59c106068b4120fef5f219,1,/mnt/datadisk/./datasets/1/VirusShare_670965f37b59c106068b4120fef5f219,,
VirusShare_e2a6dd34e1fd789bda8a177f5622c524,e2a6dd34e1fd789bda8a177f5622c524,0,/mnt/datadisk/./datasets/0/VirusShare_e2a6dd34e1fd789bda8a177f5622c524,,
VirusShare_91868edf92e76027d93177b0391b31b8,91868edf92e76027d93177b0391b31b8,1,/mnt/datadisk/./datasets/1/VirusShare_91868edf92e76027d93177b0391b31b8,,
VirusShare_77a8b615b4e6c91615d8d0f1086bf5ca,77a8b615b4e6c91615d8d0f1086bf5ca,0,/mnt/datadisk/./datasets/0/VirusShare_77a8b615b4e6c91615d8d0f1086bf5ca,,
VirusShare_9d876558ce5d7e1328e7686d2b09fba7,9d876558ce5d7e1328e7686d2b09fba7,1,/mnt/datadisk/./datasets/1/VirusShare_9d876558ce5d7e1328e7686d2b09fba7,,
VirusShare_384fc2876fe857e417eccc696bbb7abb,384fc2876fe857e417eccc696bbb7abb,1,/mnt/datadisk/./datasets/1/VirusShare_384fc2876fe857e417eccc696bbb7abb,,
VirusShare_b7f72ee6badea494b5d460a1fa781d80,b7f72ee6badea494b5d460a1fa781d80,1,/mnt/datadisk/./datasets/1/VirusShare_b7f72ee6badea494b5d460a1fa781d80,,
VirusShare_9fbada71a6a42000f914f9fe9b13735a,9fbada71a6a42000f914f9fe9b13735a,0,/mnt/datadisk/./datasets/0/VirusShare_9fbada71a6a42000f914f9fe9b13735a,,
VirusShare_0812325876a83ab88ecd32f77492499d,0812325876a83ab88ecd32f77492499d,0,/mnt/datadisk/./datasets/0/VirusShare_0812325876a83ab88ecd32f77492499d,,
VirusShare_4664dc959bd36db211b02fa28a97307a,4664dc959bd36db211b02fa28a97307a,0,/mnt/datadisk/./datasets/0/VirusShare_4664dc959bd36db211b02fa28a97307a,,
VirusShare_a5c58a5bdfe83e6e8128fe36db3c79ff,a5c58a5bdfe83e6e8128fe36db3c79ff,0,/mnt/datadisk/./datasets/0/VirusShare_a5c58a5bdfe83e6e8128fe36db3c79ff,,
VirusShare_76eb892de2606db4b6ae84a4380ffae2,76eb892de2606db4b6ae84a4380ffae2,0,/mnt/datadisk/./datasets/0/VirusShare_76eb892de2606db4b6ae84a4380ffae2,,
VirusShare_4693a456d4028709acb5366286c1af84,4693a456d4028709acb5366286c1af84,1,/mnt/datadisk/./datasets/1/VirusShare_4693a456d4028709acb5366286c1af84,,
VirusShare_fede491e47ec07c09228534c7b0d6732,fede491e47ec07c09228534c7b0d6732,0,/mnt/datadisk/./datasets/0/VirusShare_fede491e47ec07c09228534c7b0d6732,,
VirusShare_aa6ee8650604eeec9a1d7ebd432f3c91,aa6ee8650604eeec9a1d7ebd432f3c91,1,/mnt/datadisk/./datasets/1/VirusShare_aa6ee8650604eeec9a1d7ebd432f3c91,,
VirusShare_af5faee48878cbf1fbb621206a276060,af5faee48878cbf1fbb621206a276060,0,/mnt/datadisk/./datasets/0/VirusShare_af5faee48878cbf1fbb621206a276060,,
VirusShare_db750dc86132190574d1858017b5927c,db750dc86132190574d1858017b5927c,0,/mnt/datadisk/./datasets/0/VirusShare_db750dc86132190574d1858017b5927c,,
VirusShare_a3b6353aa5a7e181bbb0de2383bb3bfc,a3b6353aa5a7e181bbb0de2383bb3bfc,0,/mnt/datadisk/./datasets/0/VirusShare_a3b6353aa5a7e181bbb0de2383bb3bfc,,
VirusShare_9fd914f4d314a0cac19bff509d566cd0,9fd914f4d314a0cac19bff509d566cd0,0,/mnt/datadisk/./datasets/0/VirusShare_9fd914f4d314a0cac19bff509d566cd0,,
VirusShare_fba43098ed0b121c14e2452f8641e95a,fba43098ed0b121c14e2452f8641e95a,1,/mnt/datadisk/./datasets/1/VirusShare_fba43098ed0b121c14e2452f8641e95a,,
VirusShare_7c0b65a34ff32dafd604d694f8ed04ae,7c0b65a34ff32dafd604d694f8ed04ae,0,/mnt/datadisk/./datasets/0/VirusShare_7c0b65a34ff32dafd604d694f8ed04ae,,
VirusShare_80650209bc771aed47e06f7151f7bac6,80650209bc771aed47e06f7151f7bac6,1,/mnt/datadisk/./datasets/1/VirusShare_80650209bc771aed47e06f7151f7bac6,,
VirusShare_e82546e84b438af5a77729f44a73fbf8,e82546e84b438af5a77729f44a73fbf8,1,/mnt/datadisk/./datasets/1/VirusShare_e82546e84b438af5a77729f44a73fbf8,,
VirusShare_9ee5633e012892417b3f73b9392fa035,9ee5633e012892417b3f73b9392fa035,0,/mnt/datadisk/./datasets/0/VirusShare_9ee5633e012892417b3f73b9392fa035,,
VirusShare_f1524832394b9c2a033e7e6406f1154f,f1524832394b9c2a033e7e6406f1154f,0,/mnt/datadisk/./datasets/0/VirusShare_f1524832394b9c2a033e7e6406f1154f,,
VirusShare_4578c014708a4beec57c390100c34d50,4578c014708a4beec57c390100c34d50,0,/mnt/datadisk/./datasets/0/VirusShare_4578c014708a4beec57c390100c34d50,,
VirusShare_825634b4848f0e44327d2a5279952cf6,825634b4848f0e44327d2a5279952cf6,0,/mnt/datadisk/./datasets/0/VirusShare_825634b4848f0e44327d2a5279952cf6,,
VirusShare_fa79198e48348b2b92f5997074f6f20e,fa79198e48348b2b92f5997074f6f20e,1,/mnt/datadisk/./datasets/1/VirusShare_fa79198e48348b2b92f5997074f6f20e,,
VirusShare_2a7db782a56624ffdb57519779a29d7b,2a7db782a56624ffdb57519779a29d7b,0,/mnt/datadisk/./datasets/0/VirusShare_2a7db782a56624ffdb57519779a29d7b,,
VirusShare_7717ccbb1ed5e12c5362856f8389c67e,7717ccbb1ed5e12c5362856f8389c67e,0,/mnt/datadisk/./datasets/0/VirusShare_7717ccbb1ed5e12c5362856f8389c67e,,
VirusShare_844abc94db39d648633fa5ddd5039995,844abc94db39d648633fa5ddd5039995,0,/mnt/datadisk/./datasets/0/VirusShare_844abc94db39d648633fa5ddd5039995,,
VirusShare_f05b7779ee3a541b1a76ad1158042c02,f05b7779ee3a541b1a76ad1158042c02,0,/mnt/datadisk/./datasets/0/VirusShare_f05b7779ee3a541b1a76ad1158042c02,,
VirusShare_db9b706794c0f6a381ac3c2069bc9f0b,db9b706794c0f6a381ac3c2069bc9f0b,0,/mnt/datadisk/./datasets/0/VirusShare_db9b706794c0f6a381ac3c2069bc9f0b,,
VirusShare_41b775aead1e83c01f256f1f8d024d30,41b775aead1e83c01f256f1f8d024d30,0,/mnt/datadisk/./datasets/0/VirusShare_41b775aead1e83c01f256f1f8d024d30,,
VirusShare_94be620678bb75a6b110038b98b94d8c,94be620678bb75a6b110038b98b94d8c,0,/mnt/datadisk/./datasets/0/VirusShare_94be620678bb75a6b110038b98b94d8c,,
VirusShare_b0891fbf370a10d654d3203df70daceb,b0891fbf370a10d654d3203df70daceb,1,/mnt/datadisk/./datasets/1/VirusShare_b0891fbf370a10d654d3203df70daceb,,
VirusShare_27f503cae03ecbcb3acb1a1f807b4e49,27f503cae03ecbcb3acb1a1f807b4e49,0,/mnt/datadisk/./datasets/0/VirusShare_27f503cae03ecbcb3acb1a1f807b4e49,,
VirusShare_887c3ec2cbc8cc5f8ec9e2a9751839f2,887c3ec2cbc8cc5f8ec9e2a9751839f2,0,/mnt/datadisk/./datasets/0/VirusShare_887c3ec2cbc8cc5f8ec9e2a9751839f2,,
VirusShare_3d8bb6638e457b0ac3cd17e7cdb2454f,3d8bb6638e457b0ac3cd17e7cdb2454f,0,/mnt/datadisk/./datasets/0/VirusShare_3d8bb6638e457b0ac3cd17e7cdb2454f,,
VirusShare_c6d75424da4d2caf89c676c525d8dde9,c6d75424da4d2caf89c676c525d8dde9,0,/mnt/datadisk/./datasets/0/VirusShare_c6d75424da4d2caf89c676c525d8dde9,,
VirusShare_90ae8b50cc9978c2d7f79da7e2edc63e,90ae8b50cc9978c2d7f79da7e2edc63e,0,/mnt/datadisk/./datasets/0/VirusShare_90ae8b50cc9978c2d7f79da7e2edc63e,,
VirusShare_9f256ce4d9a7ff16e1641b2be0e54c3a,9f256ce4d9a7ff16e1641b2be0e54c3a,1,/mnt/datadisk/./datasets/1/VirusShare_9f256ce4d9a7ff16e1641b2be0e54c3a,,
VirusShare_697195113a9b5b2f61fc77f53a21f014,697195113a9b5b2f61fc77f53a21f014,0,/mnt/datadisk/./datasets/0/VirusShare_697195113a9b5b2f61fc77f53a21f014,,
VirusShare_45e1e860b8b9f01d5bf47310210a0870,45e1e860b8b9f01d5bf47310210a0870,0,/mnt/datadisk/./datasets/0/VirusShare_45e1e860b8b9f01d5bf47310210a0870,,
VirusShare_c6f3ec863e66db7157b6370d48f7edbb,c6f3ec863e66db7157b6370d48f7edbb,1,/mnt/datadisk/./datasets/1/VirusShare_c6f3ec863e66db7157b6370d48f7edbb,,
VirusShare_5f744239516db345f82b7d7a6db44567,5f744239516db345f82b7d7a6db44567,0,/mnt/datadisk/./datasets/0/VirusShare_5f744239516db345f82b7d7a6db44567,,
VirusShare_8ed32ace2fbce50296d3a1a16d963ba7,8ed32ace2fbce50296d3a1a16d963ba7,0,/mnt/datadisk/./datasets/0/VirusShare_8ed32ace2fbce50296d3a1a16d963ba7,,
VirusShare_8a69af4b72660d16baf63f74cfbd6902,8a69af4b72660d16baf63f74cfbd6902,0,/mnt/datadisk/./datasets/0/VirusShare_8a69af4b72660d16baf63f74cfbd6902,,
VirusShare_d789cb3f4f39f116bd942d1d44a9d4af,d789cb3f4f39f116bd942d1d44a9d4af,0,/mnt/datadisk/./datasets/0/VirusShare_d789cb3f4f39f116bd942d1d44a9d4af,,
VirusShare_563c3f03357c7c749c433be2b9dcec84,563c3f03357c7c749c433be2b9dcec84,1,/mnt/datadisk/./datasets/1/VirusShare_563c3f03357c7c749c433be2b9dcec84,,
VirusShare_707ea74497eeaccad265c7eb4187d1d5,707ea74497eeaccad265c7eb4187d1d5,0,/mnt/datadisk/./datasets/0/VirusShare_707ea74497eeaccad265c7eb4187d1d5,,
VirusShare_86566870c1e98db45afd713b186ecfd7,86566870c1e98db45afd713b186ecfd7,1,/mnt/datadisk/./datasets/1/VirusShare_86566870c1e98db45afd713b186ecfd7,,
VirusShare_ee1f07e8e8d72d92be35b612278fc75e,ee1f07e8e8d72d92be35b612278fc75e,0,/mnt/datadisk/./datasets/0/VirusShare_ee1f07e8e8d72d92be35b612278fc75e,,
VirusShare_ea11c97f8696d08ec6628646fc701562,ea11c97f8696d08ec6628646fc701562,0,/mnt/datadisk/./datasets/0/VirusShare_ea11c97f8696d08ec6628646fc701562,,
VirusShare_21ffee44c3defba41f685b50e9f77e98,21ffee44c3defba41f685b50e9f77e98,1,/mnt/datadisk/./datasets/1/VirusShare_21ffee44c3defba41f685b50e9f77e98,,
VirusShare_74074e1496dd175aa7a430856115b57b,74074e1496dd175aa7a430856115b57b,0,/mnt/datadisk/./datasets/0/VirusShare_74074e1496dd175aa7a430856115b57b,,
VirusShare_ed1da4a858c559712b72bb735b79a139,ed1da4a858c559712b72bb735b79a139,0,/mnt/datadisk/./datasets/0/VirusShare_ed1da4a858c559712b72bb735b79a139,,
VirusShare_0aaae9372871c955a8ab58a6fa7637f0,0aaae9372871c955a8ab58a6fa7637f0,1,/mnt/datadisk/./datasets/1/VirusShare_0aaae9372871c955a8ab58a6fa7637f0,,
VirusShare_edef90f8d9a6fd3bc830c8159e2e6136,edef90f8d9a6fd3bc830c8159e2e6136,1,/mnt/datadisk/./datasets/1/VirusShare_edef90f8d9a6fd3bc830c8159e2e6136,,
VirusShare_3a1b1765146ef6fb64e7b69a31d235b9,3a1b1765146ef6fb64e7b69a31d235b9,0,/mnt/datadisk/./datasets/0/VirusShare_3a1b1765146ef6fb64e7b69a31d235b9,,
VirusShare_2d5ebab6026201e37d28ee9417b7e4bb,2d5ebab6026201e37d28ee9417b7e4bb,0,/mnt/datadisk/./datasets/0/VirusShare_2d5ebab6026201e37d28ee9417b7e4bb,,
VirusShare_7f4fc1d5a6c57db4a63e7f45f1612f8c,7f4fc1d5a6c57db4a63e7f45f1612f8c,0,/mnt/datadisk/./datasets/0/VirusShare_7f4fc1d5a6c57db4a63e7f45f1612f8c,,
VirusShare_b2bdd2125ec400775f5270ce467666fb,b2bdd2125ec400775f5270ce467666fb,0,/mnt/datadisk/./datasets/0/VirusShare_b2bdd2125ec400775f5270ce467666fb,,
VirusShare_58b2679d0d5689e417bacf6907dc053c,58b2679d0d5689e417bacf6907dc053c,0,/mnt/datadisk/./datasets/0/VirusShare_58b2679d0d5689e417bacf6907dc053c,,
VirusShare_3fad22225593b430d05da4c698d6b73b,3fad22225593b430d05da4c698d6b73b,0,/mnt/datadisk/./datasets/0/VirusShare_3fad22225593b430d05da4c698d6b73b,,
VirusShare_7dcef9be608de02f32fd2cac0f041948,7dcef9be608de02f32fd2cac0f041948,0,/mnt/datadisk/./datasets/0/VirusShare_7dcef9be608de02f32fd2cac0f041948,,
VirusShare_d8ca702ff34e6115641858508e48fe21,d8ca702ff34e6115641858508e48fe21,0,/mnt/datadisk/./datasets/0/VirusShare_d8ca702ff34e6115641858508e48fe21,,
VirusShare_33719476de8933156346817ad5351260,33719476de8933156346817ad5351260,0,/mnt/datadisk/./datasets/0/VirusShare_33719476de8933156346817ad5351260,,
VirusShare_30d100d28dc2dccf9a70d9772159d9c9,30d100d28dc2dccf9a70d9772159d9c9,0,/mnt/datadisk/./datasets/0/VirusShare_30d100d28dc2dccf9a70d9772159d9c9,,
VirusShare_3cd8499f6eac177fb577e805adf1a83d,3cd8499f6eac177fb577e805adf1a83d,0,/mnt/datadisk/./datasets/0/VirusShare_3cd8499f6eac177fb577e805adf1a83d,,
VirusShare_ca8b2af4fd9f2535b5fc6a92be025fff,ca8b2af4fd9f2535b5fc6a92be025fff,1,/mnt/datadisk/./datasets/1/VirusShare_ca8b2af4fd9f2535b5fc6a92be025fff,,
VirusShare_5035b94bbdb1d966107b9e61a1d03db7,5035b94bbdb1d966107b9e61a1d03db7,1,/mnt/datadisk/./datasets/1/VirusShare_5035b94bbdb1d966107b9e61a1d03db7,,
VirusShare_9f855e1a9733fa7b73c406a14dadcc24,9f855e1a9733fa7b73c406a14dadcc24,0,/mnt/datadisk/./datasets/0/VirusShare_9f855e1a9733fa7b73c406a14dadcc24,,
VirusShare_3446e8d280d8907660312becfb71e96e,3446e8d280d8907660312becfb71e96e,1,/mnt/datadisk/./datasets/1/VirusShare_3446e8d280d8907660312becfb71e96e,,
VirusShare_ec0a80b3e7ea041977cb01437c178422,ec0a80b3e7ea041977cb01437c178422,0,/mnt/datadisk/./datasets/0/VirusShare_ec0a80b3e7ea041977cb01437c178422,,
VirusShare_3c7f04a928f846b14b353785a1aea7ab,3c7f04a928f846b14b353785a1aea7ab,0,/mnt/datadisk/./datasets/0/VirusShare_3c7f04a928f846b14b353785a1aea7ab,,
VirusShare_408e1916d7d518465f8218d08fbe14ae,408e1916d7d518465f8218d08fbe14ae,0,/mnt/datadisk/./datasets/0/VirusShare_408e1916d7d518465f8218d08fbe14ae,,
VirusShare_efb3c83db832160fad834c5529f8b094,efb3c83db832160fad834c5529f8b094,1,/mnt/datadisk/./datasets/1/VirusShare_efb3c83db832160fad834c5529f8b094,,
VirusShare_1b048aca1597442ff22ec57c5e50d255,1b048aca1597442ff22ec57c5e50d255,0,/mnt/datadisk/./datasets/0/VirusShare_1b048aca1597442ff22ec57c5e50d255,,
VirusShare_e0dd8687e645e6d25fa3443b1e42e50c,e0dd8687e645e6d25fa3443b1e42e50c,0,/mnt/datadisk/./datasets/0/VirusShare_e0dd8687e645e6d25fa3443b1e42e50c,,
VirusShare_a9643de3c09cccd104e54a286ab0ec78,a9643de3c09cccd104e54a286ab0ec78,1,/mnt/datadisk/./datasets/1/VirusShare_a9643de3c09cccd104e54a286ab0ec78,,
VirusShare_e6cb4a166780403230e77d3f23faa1af,e6cb4a166780403230e77d3f23faa1af,1,/mnt/datadisk/./datasets/1/VirusShare_e6cb4a166780403230e77d3f23faa1af,,
VirusShare_49275ac53455c789bb1a2fcf349c0cfc,49275ac53455c789bb1a2fcf349c0cfc,0,/mnt/datadisk/./datasets/0/VirusShare_49275ac53455c789bb1a2fcf349c0cfc,,
VirusShare_1fbaa6d8e77f39d97104d3e356e1c93e,1fbaa6d8e77f39d97104d3e356e1c93e,0,/mnt/datadisk/./datasets/0/VirusShare_1fbaa6d8e77f39d97104d3e356e1c93e,,
VirusShare_3805e4ed66a8f2124a8c7ec1fb248f22,3805e4ed66a8f2124a8c7ec1fb248f22,0,/mnt/datadisk/./datasets/0/VirusShare_3805e4ed66a8f2124a8c7ec1fb248f22,,
VirusShare_031b2e619671054f2bb7ff1a841d8215,031b2e619671054f2bb7ff1a841d8215,1,/mnt/datadisk/./datasets/1/VirusShare_031b2e619671054f2bb7ff1a841d8215,,
VirusShare_9f5cab032dc78e3893dbe2f8649f7b65,9f5cab032dc78e3893dbe2f8649f7b65,0,/mnt/datadisk/./datasets/0/VirusShare_9f5cab032dc78e3893dbe2f8649f7b65,,
VirusShare_f8e006cd0a4c8b8e97a2dd1f702b02f1,f8e006cd0a4c8b8e97a2dd1f702b02f1,0,/mnt/datadisk/./datasets/0/VirusShare_f8e006cd0a4c8b8e97a2dd1f702b02f1,,
VirusShare_9d0b42a75c14e5cfeca90ed90afe552b,9d0b42a75c14e5cfeca90ed90afe552b,0,/mnt/datadisk/./datasets/0/VirusShare_9d0b42a75c14e5cfeca90ed90afe552b,,
VirusShare_bcdb8097e998f9791ca9468a4741a5e6,bcdb8097e998f9791ca9468a4741a5e6,0,/mnt/datadisk/./datasets/0/VirusShare_bcdb8097e998f9791ca9468a4741a5e6,,
VirusShare_f63b379b72ef45a654bc3ea43abf1a5d,f63b379b72ef45a654bc3ea43abf1a5d,0,/mnt/datadisk/./datasets/0/VirusShare_f63b379b72ef45a654bc3ea43abf1a5d,,
VirusShare_5d70be57948bc464b2f0afe5c3dea133,5d70be57948bc464b2f0afe5c3dea133,0,/mnt/datadisk/./datasets/0/VirusShare_5d70be57948bc464b2f0afe5c3dea133,,
VirusShare_e218952ea7b0ac082af3cc9d3ab55192,e218952ea7b0ac082af3cc9d3ab55192,0,/mnt/datadisk/./datasets/0/VirusShare_e218952ea7b0ac082af3cc9d3ab55192,,
VirusShare_3d1fdad54d7d8900613e79e555fa93ea,3d1fdad54d7d8900613e79e555fa93ea,1,/mnt/datadisk/./datasets/1/VirusShare_3d1fdad54d7d8900613e79e555fa93ea,,
VirusShare_88e05de82035a99c327af5e7d0d9ecdd,88e05de82035a99c327af5e7d0d9ecdd,0,/mnt/datadisk/./datasets/0/VirusShare_88e05de82035a99c327af5e7d0d9ecdd,,
VirusShare_b870a5c7da7455325ab3e8341a040694,b870a5c7da7455325ab3e8341a040694,1,/mnt/datadisk/./datasets/1/VirusShare_b870a5c7da7455325ab3e8341a040694,,
VirusShare_02c8c7eade7cb70a4f9270b5b2e67b2e,02c8c7eade7cb70a4f9270b5b2e67b2e,0,/mnt/datadisk/./datasets/0/VirusShare_02c8c7eade7cb70a4f9270b5b2e67b2e,,
VirusShare_57aeb643747e85bfeb5870d57215762a,57aeb643747e85bfeb5870d57215762a,0,/mnt/datadisk/./datasets/0/VirusShare_57aeb643747e85bfeb5870d57215762a,,
VirusShare_8f836a3d78c46542c3fa9bec0c049721,8f836a3d78c46542c3fa9bec0c049721,0,/mnt/datadisk/./datasets/0/VirusShare_8f836a3d78c46542c3fa9bec0c049721,,
VirusShare_9a5244860e2e814c8e251a92ab8c385b,9a5244860e2e814c8e251a92ab8c385b,1,/mnt/datadisk/./datasets/1/VirusShare_9a5244860e2e814c8e251a92ab8c385b,,
VirusShare_086ab9abb449900d1ff734845c734672,086ab9abb449900d1ff734845c734672,0,/mnt/datadisk/./datasets/0/VirusShare_086ab9abb449900d1ff734845c734672,,
VirusShare_afe5ecb509da18caeae043aa1d8aa683,afe5ecb509da18caeae043aa1d8aa683,1,/mnt/datadisk/./datasets/1/VirusShare_afe5ecb509da18caeae043aa1d8aa683,,
VirusShare_b3f88b89ced0c73044a41beb5b20bb79,b3f88b89ced0c73044a41beb5b20bb79,0,/mnt/datadisk/./datasets/0/VirusShare_b3f88b89ced0c73044a41beb5b20bb79,,
VirusShare_d75a97c43fbb57f42dbae4a8edee5ab8,d75a97c43fbb57f42dbae4a8edee5ab8,1,/mnt/datadisk/./datasets/1/VirusShare_d75a97c43fbb57f42dbae4a8edee5ab8,,
VirusShare_3a55e297e1e52042430d1e9fc34371c7,3a55e297e1e52042430d1e9fc34371c7,1,/mnt/datadisk/./datasets/1/VirusShare_3a55e297e1e52042430d1e9fc34371c7,,
VirusShare_1bee407357a1a83da2a38a681144effb,1bee407357a1a83da2a38a681144effb,0,/mnt/datadisk/./datasets/0/VirusShare_1bee407357a1a83da2a38a681144effb,,
VirusShare_e9179c42b07d9c0a32f4f93bb6e3af37,e9179c42b07d9c0a32f4f93bb6e3af37,0,/mnt/datadisk/./datasets/0/VirusShare_e9179c42b07d9c0a32f4f93bb6e3af37,,
VirusShare_78e7dcaf21b7cec3bc9f540223a624b7,78e7dcaf21b7cec3bc9f540223a624b7,0,/mnt/datadisk/./datasets/0/VirusShare_78e7dcaf21b7cec3bc9f540223a624b7,,
VirusShare_8b3365e1fe3a0b940f1fbd075a3c0cc7,8b3365e1fe3a0b940f1fbd075a3c0cc7,0,/mnt/datadisk/./datasets/0/VirusShare_8b3365e1fe3a0b940f1fbd075a3c0cc7,,
VirusShare_bbd72f2d947098c287d1313d21b5d276,bbd72f2d947098c287d1313d21b5d276,1,/mnt/datadisk/./datasets/1/VirusShare_bbd72f2d947098c287d1313d21b5d276,,
VirusShare_6924ee9d8e29ada9a98b783c50ae5263,6924ee9d8e29ada9a98b783c50ae5263,1,/mnt/datadisk/./datasets/1/VirusShare_6924ee9d8e29ada9a98b783c50ae5263,,
VirusShare_893d80af8aeb6e64b7441cbc3f2a0993,893d80af8aeb6e64b7441cbc3f2a0993,0,/mnt/datadisk/./datasets/0/VirusShare_893d80af8aeb6e64b7441cbc3f2a0993,,
VirusShare_1010a2c9cf42aa627fe6972c830b7cad,1010a2c9cf42aa627fe6972c830b7cad,0,/mnt/datadisk/./datasets/0/VirusShare_1010a2c9cf42aa627fe6972c830b7cad,,
VirusShare_2fdee21e58e130df18f02170a9b07e4e,2fdee21e58e130df18f02170a9b07e4e,0,/mnt/datadisk/./datasets/0/VirusShare_2fdee21e58e130df18f02170a9b07e4e,,
VirusShare_c05d9d1237dd9eb87e4d704e7d9c898d,c05d9d1237dd9eb87e4d704e7d9c898d,1,/mnt/datadisk/./datasets/1/VirusShare_c05d9d1237dd9eb87e4d704e7d9c898d,,
VirusShare_51732e6239c0726aa056d9ee174a9121,51732e6239c0726aa056d9ee174a9121,0,/mnt/datadisk/./datasets/0/VirusShare_51732e6239c0726aa056d9ee174a9121,,
VirusShare_2c75a4ca8e9128d1d6c1e23ab1703f01,2c75a4ca8e9128d1d6c1e23ab1703f01,0,/mnt/datadisk/./datasets/0/VirusShare_2c75a4ca8e9128d1d6c1e23ab1703f01,,
VirusShare_d2a07d33ab9cdf7589e3e15511841bfc,d2a07d33ab9cdf7589e3e15511841bfc,0,/mnt/datadisk/./datasets/0/VirusShare_d2a07d33ab9cdf7589e3e15511841bfc,,
VirusShare_1071cce2a4e9a5cadabe5dbc746e5c72,1071cce2a4e9a5cadabe5dbc746e5c72,0,/mnt/datadisk/./datasets/0/VirusShare_1071cce2a4e9a5cadabe5dbc746e5c72,,
VirusShare_6a043fc97b0d77f9f66f3257fc9cfee2,6a043fc97b0d77f9f66f3257fc9cfee2,0,/mnt/datadisk/./datasets/0/VirusShare_6a043fc97b0d77f9f66f3257fc9cfee2,,
VirusShare_77f1c121e07bd28ce0729ca4119379d7,77f1c121e07bd28ce0729ca4119379d7,1,/mnt/datadisk/./datasets/1/VirusShare_77f1c121e07bd28ce0729ca4119379d7,,
VirusShare_42a4264e30f5c5ab7b2d1aa44143bd7a,42a4264e30f5c5ab7b2d1aa44143bd7a,0,/mnt/datadisk/./datasets/0/VirusShare_42a4264e30f5c5ab7b2d1aa44143bd7a,,
VirusShare_803489e486c3a856d0455cf271bb7150,803489e486c3a856d0455cf271bb7150,0,/mnt/datadisk/./datasets/0/VirusShare_803489e486c3a856d0455cf271bb7150,,
VirusShare_51349a352bcd0cb05aeabb7e46d0ecda,51349a352bcd0cb05aeabb7e46d0ecda,0,/mnt/datadisk/./datasets/0/VirusShare_51349a352bcd0cb05aeabb7e46d0ecda,,
VirusShare_cce29a05e8059f96d080e07077952a76,cce29a05e8059f96d080e07077952a76,1,/mnt/datadisk/./datasets/1/VirusShare_cce29a05e8059f96d080e07077952a76,,
VirusShare_fd479aae600f29266883e6c58bd63f12,fd479aae600f29266883e6c58bd63f12,1,/mnt/datadisk/./datasets/1/VirusShare_fd479aae600f29266883e6c58bd63f12,,
VirusShare_142597e3e02b184c93bd0a63bc717c74,142597e3e02b184c93bd0a63bc717c74,1,/mnt/datadisk/./datasets/1/VirusShare_142597e3e02b184c93bd0a63bc717c74,,
VirusShare_cd2a6a7bdfee715b13eee829c728f1d0,cd2a6a7bdfee715b13eee829c728f1d0,0,/mnt/datadisk/./datasets/0/VirusShare_cd2a6a7bdfee715b13eee829c728f1d0,,
VirusShare_030aadeaf64c351fae6a9377159fb79b,030aadeaf64c351fae6a9377159fb79b,1,/mnt/datadisk/./datasets/1/VirusShare_030aadeaf64c351fae6a9377159fb79b,,
VirusShare_a99f89720177d504de56fc51af9ba5d4,a99f89720177d504de56fc51af9ba5d4,1,/mnt/datadisk/./datasets/1/VirusShare_a99f89720177d504de56fc51af9ba5d4,,
VirusShare_1e83895ab73b8d6f23b5215e6537facf,1e83895ab73b8d6f23b5215e6537facf,0,/mnt/datadisk/./datasets/0/VirusShare_1e83895ab73b8d6f23b5215e6537facf,,
VirusShare_9a61445ee01ae6fce1770c5015c37908,9a61445ee01ae6fce1770c5015c37908,0,/mnt/datadisk/./datasets/0/VirusShare_9a61445ee01ae6fce1770c5015c37908,,
VirusShare_962362d15331bf592ab6af0e95ddcb0e,962362d15331bf592ab6af0e95ddcb0e,0,/mnt/datadisk/./datasets/0/VirusShare_962362d15331bf592ab6af0e95ddcb0e,,
VirusShare_75d955128c4fb0b1079f23ce7e011fbf,75d955128c4fb0b1079f23ce7e011fbf,0,/mnt/datadisk/./datasets/0/VirusShare_75d955128c4fb0b1079f23ce7e011fbf,,
VirusShare_2c1fad75c8ee20ba8242c36f0e63ef64,2c1fad75c8ee20ba8242c36f0e63ef64,0,/mnt/datadisk/./datasets/0/VirusShare_2c1fad75c8ee20ba8242c36f0e63ef64,,
VirusShare_59d25978b0344a4b107a8b8ba1119164,59d25978b0344a4b107a8b8ba1119164,1,/mnt/datadisk/./datasets/1/VirusShare_59d25978b0344a4b107a8b8ba1119164,,
VirusShare_c3390faf189c68ed816409c78b3ddc68,c3390faf189c68ed816409c78b3ddc68,0,/mnt/datadisk/./datasets/0/VirusShare_c3390faf189c68ed816409c78b3ddc68,,
VirusShare_bbb54f18c1cb217b991a49f37adbdcd0,bbb54f18c1cb217b991a49f37adbdcd0,0,/mnt/datadisk/./datasets/0/VirusShare_bbb54f18c1cb217b991a49f37adbdcd0,,
VirusShare_17584448f9b67f3535b82bee7975b288,17584448f9b67f3535b82bee7975b288,0,/mnt/datadisk/./datasets/0/VirusShare_17584448f9b67f3535b82bee7975b288,,
VirusShare_526a98e8a8446e397a2b4aed4525db82,526a98e8a8446e397a2b4aed4525db82,0,/mnt/datadisk/./datasets/0/VirusShare_526a98e8a8446e397a2b4aed4525db82,,
VirusShare_0b85503f70d1d4d9f44672adba9cf1ec,0b85503f70d1d4d9f44672adba9cf1ec,1,/mnt/datadisk/./datasets/1/VirusShare_0b85503f70d1d4d9f44672adba9cf1ec,,
VirusShare_442a50e102098839a8d2857140a5ec3d,442a50e102098839a8d2857140a5ec3d,0,/mnt/datadisk/./datasets/0/VirusShare_442a50e102098839a8d2857140a5ec3d,,
VirusShare_60e7dfc44893dc2118289cbf381d7f1a,60e7dfc44893dc2118289cbf381d7f1a,0,/mnt/datadisk/./datasets/0/VirusShare_60e7dfc44893dc2118289cbf381d7f1a,,
VirusShare_b086bac54f504db606b06dde8d0b440d,b086bac54f504db606b06dde8d0b440d,0,/mnt/datadisk/./datasets/0/VirusShare_b086bac54f504db606b06dde8d0b440d,,
VirusShare_54eadf477f589c443cdb1581ee36000e,54eadf477f589c443cdb1581ee36000e,0,/mnt/datadisk/./datasets/0/VirusShare_54eadf477f589c443cdb1581ee36000e,,
VirusShare_c73e6cafbe7c64fd1d575489ff97c996,c73e6cafbe7c64fd1d575489ff97c996,0,/mnt/datadisk/./datasets/0/VirusShare_c73e6cafbe7c64fd1d575489ff97c996,,
VirusShare_0e6146b8f2d7110d1a53b834a5c1a3bf,0e6146b8f2d7110d1a53b834a5c1a3bf,0,/mnt/datadisk/./datasets/0/VirusShare_0e6146b8f2d7110d1a53b834a5c1a3bf,,
VirusShare_505015d8b9cf48867cf5df264e4c5d77,505015d8b9cf48867cf5df264e4c5d77,0,/mnt/datadisk/./datasets/0/VirusShare_505015d8b9cf48867cf5df264e4c5d77,,
VirusShare_bbeba17d4b33e541fd8606cc96b27efd,bbeba17d4b33e541fd8606cc96b27efd,0,/mnt/datadisk/./datasets/0/VirusShare_bbeba17d4b33e541fd8606cc96b27efd,,
VirusShare_7a31a2743fd46eaac57e0facfa4cc550,7a31a2743fd46eaac57e0facfa4cc550,0,/mnt/datadisk/./datasets/0/VirusShare_7a31a2743fd46eaac57e0facfa4cc550,,
VirusShare_5458eb73040af97a3e20351b116a66e9,5458eb73040af97a3e20351b116a66e9,1,/mnt/datadisk/./datasets/1/VirusShare_5458eb73040af97a3e20351b116a66e9,,
VirusShare_0050bc019d07cd95b677236d5bff0bbb,0050bc019d07cd95b677236d5bff0bbb,0,/mnt/datadisk/./datasets/0/VirusShare_0050bc019d07cd95b677236d5bff0bbb,,
VirusShare_df4582cef41841bda37ba2c089017c90,df4582cef41841bda37ba2c089017c90,0,/mnt/datadisk/./datasets/0/VirusShare_df4582cef41841bda37ba2c089017c90,,
VirusShare_fa51a99f025a419f8f7ac563d19a3ee5,fa51a99f025a419f8f7ac563d19a3ee5,1,/mnt/datadisk/./datasets/1/VirusShare_fa51a99f025a419f8f7ac563d19a3ee5,,
VirusShare_23360dd89c594b4e6c7e70a73722f4c7,23360dd89c594b4e6c7e70a73722f4c7,0,/mnt/datadisk/./datasets/0/VirusShare_23360dd89c594b4e6c7e70a73722f4c7,,
VirusShare_2ec42717053f6ef45018ceda8ba309df,2ec42717053f6ef45018ceda8ba309df,0,/mnt/datadisk/./datasets/0/VirusShare_2ec42717053f6ef45018ceda8ba309df,,
VirusShare_5cd7a018b23b06308b888e11e1debe2d,5cd7a018b23b06308b888e11e1debe2d,0,/mnt/datadisk/./datasets/0/VirusShare_5cd7a018b23b06308b888e11e1debe2d,,
VirusShare_55b479fbd7f86bc5aa7ead2d0c07eb9e,55b479fbd7f86bc5aa7ead2d0c07eb9e,1,/mnt/datadisk/./datasets/1/VirusShare_55b479fbd7f86bc5aa7ead2d0c07eb9e,,
VirusShare_1dcd08ff2fedef463beaf4fefa4e3e8e,1dcd08ff2fedef463beaf4fefa4e3e8e,0,/mnt/datadisk/./datasets/0/VirusShare_1dcd08ff2fedef463beaf4fefa4e3e8e,,
VirusShare_62b1e79a274706c181bbc7cb6ac008cc,62b1e79a274706c181bbc7cb6ac008cc,0,/mnt/datadisk/./datasets/0/VirusShare_62b1e79a274706c181bbc7cb6ac008cc,,
VirusShare_0fc1a97723726481985cf5f4109592f2,0fc1a97723726481985cf5f4109592f2,1,/mnt/datadisk/./datasets/1/VirusShare_0fc1a97723726481985cf5f4109592f2,,
VirusShare_3e3b69c343b47e262445aba93a91dce7,3e3b69c343b47e262445aba93a91dce7,0,/mnt/datadisk/./datasets/0/VirusShare_3e3b69c343b47e262445aba93a91dce7,,
VirusShare_ccd444d4086acc5eb099a3e0078f4678,ccd444d4086acc5eb099a3e0078f4678,0,/mnt/datadisk/./datasets/0/VirusShare_ccd444d4086acc5eb099a3e0078f4678,,
VirusShare_34821bfee7748dd682b080ed1c3996d0,34821bfee7748dd682b080ed1c3996d0,0,/mnt/datadisk/./datasets/0/VirusShare_34821bfee7748dd682b080ed1c3996d0,,
VirusShare_ee7e4c383fd977ea4e4c5a3874518963,ee7e4c383fd977ea4e4c5a3874518963,0,/mnt/datadisk/./datasets/0/VirusShare_ee7e4c383fd977ea4e4c5a3874518963,,
VirusShare_9f84fb568537c2218a7a6ab2d72aad36,9f84fb568537c2218a7a6ab2d72aad36,0,/mnt/datadisk/./datasets/0/VirusShare_9f84fb568537c2218a7a6ab2d72aad36,,
VirusShare_1868b8297aa938d8918ab0ed3f619794,1868b8297aa938d8918ab0ed3f619794,1,/mnt/datadisk/./datasets/1/VirusShare_1868b8297aa938d8918ab0ed3f619794,,
VirusShare_44117b42db8ac51eaa644a31fb554c5c,44117b42db8ac51eaa644a31fb554c5c,1,/mnt/datadisk/./datasets/1/VirusShare_44117b42db8ac51eaa644a31fb554c5c,,
VirusShare_cc63f92bcd4c29b69e2755794bf41f9d,cc63f92bcd4c29b69e2755794bf41f9d,1,/mnt/datadisk/./datasets/1/VirusShare_cc63f92bcd4c29b69e2755794bf41f9d,,
VirusShare_b630c13cff25b1459d80c0bff20643fc,b630c13cff25b1459d80c0bff20643fc,0,/mnt/datadisk/./datasets/0/VirusShare_b630c13cff25b1459d80c0bff20643fc,,
VirusShare_c8eae72888aa08aed6583d09204c30c1,c8eae72888aa08aed6583d09204c30c1,1,/mnt/datadisk/./datasets/1/VirusShare_c8eae72888aa08aed6583d09204c30c1,,
VirusShare_211cd3ca71b8d62144cc14561445a536,211cd3ca71b8d62144cc14561445a536,0,/mnt/datadisk/./datasets/0/VirusShare_211cd3ca71b8d62144cc14561445a536,,
VirusShare_3da34a9acf96d5dda55dc3af47db1146,3da34a9acf96d5dda55dc3af47db1146,0,/mnt/datadisk/./datasets/0/VirusShare_3da34a9acf96d5dda55dc3af47db1146,,
VirusShare_0dc85b059ef68dce44db88d87efc7008,0dc85b059ef68dce44db88d87efc7008,1,/mnt/datadisk/./datasets/1/VirusShare_0dc85b059ef68dce44db88d87efc7008,,
VirusShare_24997f0ef6719f419b27308b3eb8a0f2,24997f0ef6719f419b27308b3eb8a0f2,0,/mnt/datadisk/./datasets/0/VirusShare_24997f0ef6719f419b27308b3eb8a0f2,,
VirusShare_88852dfc652776182cd66d3edb232e29,88852dfc652776182cd66d3edb232e29,0,/mnt/datadisk/./datasets/0/VirusShare_88852dfc652776182cd66d3edb232e29,,
VirusShare_f23cde551d7c4951eeb7ff35a0cd4478,f23cde551d7c4951eeb7ff35a0cd4478,0,/mnt/datadisk/./datasets/0/VirusShare_f23cde551d7c4951eeb7ff35a0cd4478,,
VirusShare_132b2da0fd8b3e29f666adefbe4a4c67,132b2da0fd8b3e29f666adefbe4a4c67,0,/mnt/datadisk/./datasets/0/VirusShare_132b2da0fd8b3e29f666adefbe4a4c67,,
VirusShare_b5d929efc9697c7470d29ea38e18396d,b5d929efc9697c7470d29ea38e18396d,1,/mnt/datadisk/./datasets/1/VirusShare_b5d929efc9697c7470d29ea38e18396d,,
VirusShare_a2f9927717c529d70f62cda31256efff,a2f9927717c529d70f62cda31256efff,1,/mnt/datadisk/./datasets/1/VirusShare_a2f9927717c529d70f62cda31256efff,,
VirusShare_56076bbf104a77b8435fa4b76150bffd,56076bbf104a77b8435fa4b76150bffd,0,/mnt/datadisk/./datasets/0/VirusShare_56076bbf104a77b8435fa4b76150bffd,,
VirusShare_00204750e4a30f8ecb528550a05dd6d7,00204750e4a30f8ecb528550a05dd6d7,0,/mnt/datadisk/./datasets/0/VirusShare_00204750e4a30f8ecb528550a05dd6d7,,
VirusShare_9b6718ae93836783862124abde065ade,9b6718ae93836783862124abde065ade,0,/mnt/datadisk/./datasets/0/VirusShare_9b6718ae93836783862124abde065ade,,
VirusShare_4b87b9d840e3599f8009482768d24b4f,4b87b9d840e3599f8009482768d24b4f,0,/mnt/datadisk/./datasets/0/VirusShare_4b87b9d840e3599f8009482768d24b4f,,
VirusShare_963abc4873236c571b0dec253f8d33b7,963abc4873236c571b0dec253f8d33b7,0,/mnt/datadisk/./datasets/0/VirusShare_963abc4873236c571b0dec253f8d33b7,,
VirusShare_3adf0bcbedaa57f2090ba0dccf624d7f,3adf0bcbedaa57f2090ba0dccf624d7f,0,/mnt/datadisk/./datasets/0/VirusShare_3adf0bcbedaa57f2090ba0dccf624d7f,,
VirusShare_b675b69824c734efaefac0f2110b9af0,b675b69824c734efaefac0f2110b9af0,0,/mnt/datadisk/./datasets/0/VirusShare_b675b69824c734efaefac0f2110b9af0,,
VirusShare_446637e3ae69f3bc221b8be9c410f3b5,446637e3ae69f3bc221b8be9c410f3b5,1,/mnt/datadisk/./datasets/1/VirusShare_446637e3ae69f3bc221b8be9c410f3b5,,
VirusShare_83d6677dfbdcf97c1c6b82897641976f,83d6677dfbdcf97c1c6b82897641976f,0,/mnt/datadisk/./datasets/0/VirusShare_83d6677dfbdcf97c1c6b82897641976f,,
VirusShare_642d802dc0c3ac9786f8769c99a16dcc,642d802dc0c3ac9786f8769c99a16dcc,0,/mnt/datadisk/./datasets/0/VirusShare_642d802dc0c3ac9786f8769c99a16dcc,,
VirusShare_71798495fc31c4075f7f84a6bff290e4,71798495fc31c4075f7f84a6bff290e4,1,/mnt/datadisk/./datasets/1/VirusShare_71798495fc31c4075f7f84a6bff290e4,,
VirusShare_c0a254fffbabc8abc9f37ad390653300,c0a254fffbabc8abc9f37ad390653300,1,/mnt/datadisk/./datasets/1/VirusShare_c0a254fffbabc8abc9f37ad390653300,,
VirusShare_6ad9ed078b0f9b720520bbbb0e74c12a,6ad9ed078b0f9b720520bbbb0e74c12a,0,/mnt/datadisk/./datasets/0/VirusShare_6ad9ed078b0f9b720520bbbb0e74c12a,,
VirusShare_bd9af3fafc0449d83432c0c8cae812a9,bd9af3fafc0449d83432c0c8cae812a9,1,/mnt/datadisk/./datasets/1/VirusShare_bd9af3fafc0449d83432c0c8cae812a9,,
VirusShare_4b21bbd20b874060f1617052e29672d1,4b21bbd20b874060f1617052e29672d1,1,/mnt/datadisk/./datasets/1/VirusShare_4b21bbd20b874060f1617052e29672d1,,
VirusShare_ee91fddc35321aec6b51eeb0e7d41684,ee91fddc35321aec6b51eeb0e7d41684,0,/mnt/datadisk/./datasets/0/VirusShare_ee91fddc35321aec6b51eeb0e7d41684,,
VirusShare_8feb3cce223b51d11c735bd9a7d8574f,8feb3cce223b51d11c735bd9a7d8574f,1,/mnt/datadisk/./datasets/1/VirusShare_8feb3cce223b51d11c735bd9a7d8574f,,
VirusShare_ac625cc038efaff810007379440a882c,ac625cc038efaff810007379440a882c,0,/mnt/datadisk/./datasets/0/VirusShare_ac625cc038efaff810007379440a882c,,
VirusShare_ed8e96ea539bc7399db401a92a318875,ed8e96ea539bc7399db401a92a318875,0,/mnt/datadisk/./datasets/0/VirusShare_ed8e96ea539bc7399db401a92a318875,,
VirusShare_318c27fd118685abdb79caf8161ab92b,318c27fd118685abdb79caf8161ab92b,0,/mnt/datadisk/./datasets/0/VirusShare_318c27fd118685abdb79caf8161ab92b,,
VirusShare_7b4a6f454b7e5f51f1b931f388ab7acb,7b4a6f454b7e5f51f1b931f388ab7acb,0,/mnt/datadisk/./datasets/0/VirusShare_7b4a6f454b7e5f51f1b931f388ab7acb,,
VirusShare_dd231c52030321a312540beb67d17ea9,dd231c52030321a312540beb67d17ea9,1,/mnt/datadisk/./datasets/1/VirusShare_dd231c52030321a312540beb67d17ea9,,
VirusShare_5e4bfe047e869385691df275df56ee1b,5e4bfe047e869385691df275df56ee1b,0,/mnt/datadisk/./datasets/0/VirusShare_5e4bfe047e869385691df275df56ee1b,,
VirusShare_facfbd25d513fdd86014b709d071580c,facfbd25d513fdd86014b709d071580c,0,/mnt/datadisk/./datasets/0/VirusShare_facfbd25d513fdd86014b709d071580c,,
VirusShare_1594ad2bdb2fc7870f33d8c7e31a30d9,1594ad2bdb2fc7870f33d8c7e31a30d9,1,/mnt/datadisk/./datasets/1/VirusShare_1594ad2bdb2fc7870f33d8c7e31a30d9,,
VirusShare_4102df52e236467e224c1abe70938e31,4102df52e236467e224c1abe70938e31,1,/mnt/datadisk/./datasets/1/VirusShare_4102df52e236467e224c1abe70938e31,,
VirusShare_a6c5658314ecae46780363feb3ba9ac8,a6c5658314ecae46780363feb3ba9ac8,0,/mnt/datadisk/./datasets/0/VirusShare_a6c5658314ecae46780363feb3ba9ac8,,
VirusShare_917cf902f34d570aceb5e9b83f1d4211,917cf902f34d570aceb5e9b83f1d4211,0,/mnt/datadisk/./datasets/0/VirusShare_917cf902f34d570aceb5e9b83f1d4211,,
VirusShare_0c5fd55f8ed022446f00ada01735a872,0c5fd55f8ed022446f00ada01735a872,0,/mnt/datadisk/./datasets/0/VirusShare_0c5fd55f8ed022446f00ada01735a872,,
VirusShare_9f209e7849fd29a351aa14b4e7cd3608,9f209e7849fd29a351aa14b4e7cd3608,0,/mnt/datadisk/./datasets/0/VirusShare_9f209e7849fd29a351aa14b4e7cd3608,,
VirusShare_fd8e463a761812c5a146228170dacbee,fd8e463a761812c5a146228170dacbee,1,/mnt/datadisk/./datasets/1/VirusShare_fd8e463a761812c5a146228170dacbee,,
VirusShare_b4915d9c8437e5f0d1534b6d9ba512f1,b4915d9c8437e5f0d1534b6d9ba512f1,0,/mnt/datadisk/./datasets/0/VirusShare_b4915d9c8437e5f0d1534b6d9ba512f1,,
VirusShare_4f5e9708ae401516f18cd847621b2821,4f5e9708ae401516f18cd847621b2821,0,/mnt/datadisk/./datasets/0/VirusShare_4f5e9708ae401516f18cd847621b2821,,
VirusShare_ba76649c5295d4ac08ba8acd39cf2fc5,ba76649c5295d4ac08ba8acd39cf2fc5,0,/mnt/datadisk/./datasets/0/VirusShare_ba76649c5295d4ac08ba8acd39cf2fc5,,
VirusShare_10623d92ce9da3edb54ccd6a2a9f2a07,10623d92ce9da3edb54ccd6a2a9f2a07,0,/mnt/datadisk/./datasets/0/VirusShare_10623d92ce9da3edb54ccd6a2a9f2a07,,
VirusShare_8b4cb0fd15889974469a9c2053b7cf50,8b4cb0fd15889974469a9c2053b7cf50,0,/mnt/datadisk/./datasets/0/VirusShare_8b4cb0fd15889974469a9c2053b7cf50,,
VirusShare_dedbed02b05c1a779d5fdd9b7e2d5282,dedbed02b05c1a779d5fdd9b7e2d5282,0,/mnt/datadisk/./datasets/0/VirusShare_dedbed02b05c1a779d5fdd9b7e2d5282,,
VirusShare_239c463edc8fc16d59d5a3a0a5f8861e,239c463edc8fc16d59d5a3a0a5f8861e,0,/mnt/datadisk/./datasets/0/VirusShare_239c463edc8fc16d59d5a3a0a5f8861e,,
VirusShare_4f70d8d7baeb38cc63d32182ec8e2c9c,4f70d8d7baeb38cc63d32182ec8e2c9c,0,/mnt/datadisk/./datasets/0/VirusShare_4f70d8d7baeb38cc63d32182ec8e2c9c,,
VirusShare_1903f140ef8a4478c2a386bd6cf41058,1903f140ef8a4478c2a386bd6cf41058,0,/mnt/datadisk/./datasets/0/VirusShare_1903f140ef8a4478c2a386bd6cf41058,,
VirusShare_59d8e9d863a7c44ec2892f776fe322ab,59d8e9d863a7c44ec2892f776fe322ab,0,/mnt/datadisk/./datasets/0/VirusShare_59d8e9d863a7c44ec2892f776fe322ab,,
VirusShare_c041f8bb24ee5d40ee612c9040c5a711,c041f8bb24ee5d40ee612c9040c5a711,1,/mnt/datadisk/./datasets/1/VirusShare_c041f8bb24ee5d40ee612c9040c5a711,,
VirusShare_191efadcc125e169dc754ed992f6335d,191efadcc125e169dc754ed992f6335d,0,/mnt/datadisk/./datasets/0/VirusShare_191efadcc125e169dc754ed992f6335d,,
VirusShare_dcaefbd773b91c413d7cec10291118c9,dcaefbd773b91c413d7cec10291118c9,1,/mnt/datadisk/./datasets/1/VirusShare_dcaefbd773b91c413d7cec10291118c9,,
VirusShare_2cdea1be98b79c40f2ea6c1a5c35091b,2cdea1be98b79c40f2ea6c1a5c35091b,1,/mnt/datadisk/./datasets/1/VirusShare_2cdea1be98b79c40f2ea6c1a5c35091b,,
VirusShare_9d05aec9a67cade0908283a0992bd48e,9d05aec9a67cade0908283a0992bd48e,1,/mnt/datadisk/./datasets/1/VirusShare_9d05aec9a67cade0908283a0992bd48e,,
VirusShare_54bf81a86dcec7bf93bb77bb60508b06,54bf81a86dcec7bf93bb77bb60508b06,0,/mnt/datadisk/./datasets/0/VirusShare_54bf81a86dcec7bf93bb77bb60508b06,,
VirusShare_3f9300c51ee09f2a865a34de56d63887,3f9300c51ee09f2a865a34de56d63887,0,/mnt/datadisk/./datasets/0/VirusShare_3f9300c51ee09f2a865a34de56d63887,,
VirusShare_c1b798a8bbe4d0b1d7ea19891d4c4108,c1b798a8bbe4d0b1d7ea19891d4c4108,0,/mnt/datadisk/./datasets/0/VirusShare_c1b798a8bbe4d0b1d7ea19891d4c4108,,
VirusShare_65e0d8d2880744a3400c7406534543df,65e0d8d2880744a3400c7406534543df,1,/mnt/datadisk/./datasets/1/VirusShare_65e0d8d2880744a3400c7406534543df,,
VirusShare_ef695cae27179d22689464389af8ccec,ef695cae27179d22689464389af8ccec,1,/mnt/datadisk/./datasets/1/VirusShare_ef695cae27179d22689464389af8ccec,,
VirusShare_725519c6ef1c2a341f33b6c3ccb6a930,725519c6ef1c2a341f33b6c3ccb6a930,1,/mnt/datadisk/./datasets/1/VirusShare_725519c6ef1c2a341f33b6c3ccb6a930,,
VirusShare_c77289bc15a9869bbd6440d2fec70283,c77289bc15a9869bbd6440d2fec70283,1,/mnt/datadisk/./datasets/1/VirusShare_c77289bc15a9869bbd6440d2fec70283,,
VirusShare_29d1336e9cde53918fdea72112e46ab2,29d1336e9cde53918fdea72112e46ab2,0,/mnt/datadisk/./datasets/0/VirusShare_29d1336e9cde53918fdea72112e46ab2,,
VirusShare_e604a05b2aadf22558e7f5bedcb6b4e7,e604a05b2aadf22558e7f5bedcb6b4e7,0,/mnt/datadisk/./datasets/0/VirusShare_e604a05b2aadf22558e7f5bedcb6b4e7,,
VirusShare_7a04b2711cbd157b813fa4dd2c6d0095,7a04b2711cbd157b813fa4dd2c6d0095,0,/mnt/datadisk/./datasets/0/VirusShare_7a04b2711cbd157b813fa4dd2c6d0095,,
VirusShare_411fd225783b08ce1b5e91c87ab6ba0f,411fd225783b08ce1b5e91c87ab6ba0f,0,/mnt/datadisk/./datasets/0/VirusShare_411fd225783b08ce1b5e91c87ab6ba0f,,
VirusShare_6b225ee0dd2e9f20e033ef8ce09298fb,6b225ee0dd2e9f20e033ef8ce09298fb,1,/mnt/datadisk/./datasets/1/VirusShare_6b225ee0dd2e9f20e033ef8ce09298fb,,
VirusShare_5961c2a6f52514732d9c791932c83c95,5961c2a6f52514732d9c791932c83c95,0,/mnt/datadisk/./datasets/0/VirusShare_5961c2a6f52514732d9c791932c83c95,,
VirusShare_ee103c98a972621d9e0f4cafe7ee1d89,ee103c98a972621d9e0f4cafe7ee1d89,1,/mnt/datadisk/./datasets/1/VirusShare_ee103c98a972621d9e0f4cafe7ee1d89,,
VirusShare_f751aab52ce01334044b0e383bb1ef0f,f751aab52ce01334044b0e383bb1ef0f,0,/mnt/datadisk/./datasets/0/VirusShare_f751aab52ce01334044b0e383bb1ef0f,,
VirusShare_569f26b516a035df400dfcc959aa1625,569f26b516a035df400dfcc959aa1625,0,/mnt/datadisk/./datasets/0/VirusShare_569f26b516a035df400dfcc959aa1625,,
VirusShare_7f02cc326fe7db3213d348c1c836976d,7f02cc326fe7db3213d348c1c836976d,0,/mnt/datadisk/./datasets/0/VirusShare_7f02cc326fe7db3213d348c1c836976d,,
VirusShare_9215e375872869914816048a35df717e,9215e375872869914816048a35df717e,0,/mnt/datadisk/./datasets/0/VirusShare_9215e375872869914816048a35df717e,,
VirusShare_d8f84f766d63bdca3fc1681a985530a6,d8f84f766d63bdca3fc1681a985530a6,0,/mnt/datadisk/./datasets/0/VirusShare_d8f84f766d63bdca3fc1681a985530a6,,
VirusShare_2631ba756f301bd82c347d344ce1f332,2631ba756f301bd82c347d344ce1f332,0,/mnt/datadisk/./datasets/0/VirusShare_2631ba756f301bd82c347d344ce1f332,,
VirusShare_70896c0e706dce9ce88e351a0f818b1e,70896c0e706dce9ce88e351a0f818b1e,0,/mnt/datadisk/./datasets/0/VirusShare_70896c0e706dce9ce88e351a0f818b1e,,
VirusShare_48f94a392f4f2ebc15bc96411bee50e7,48f94a392f4f2ebc15bc96411bee50e7,0,/mnt/datadisk/./datasets/0/VirusShare_48f94a392f4f2ebc15bc96411bee50e7,,
VirusShare_7631edfc367637a0f0a3157ab99e174c,7631edfc367637a0f0a3157ab99e174c,1,/mnt/datadisk/./datasets/1/VirusShare_7631edfc367637a0f0a3157ab99e174c,,
VirusShare_481b2b994ca94eb5bcc5218232b87831,481b2b994ca94eb5bcc5218232b87831,1,/mnt/datadisk/./datasets/1/VirusShare_481b2b994ca94eb5bcc5218232b87831,,
VirusShare_56ecf3a2f751f1589c43d795dac1fbab,56ecf3a2f751f1589c43d795dac1fbab,0,/mnt/datadisk/./datasets/0/VirusShare_56ecf3a2f751f1589c43d795dac1fbab,,
VirusShare_d973a9816427d0da020942830752185a,d973a9816427d0da020942830752185a,1,/mnt/datadisk/./datasets/1/VirusShare_d973a9816427d0da020942830752185a,,
VirusShare_8cd3d2c4c1512e855e6a94273d7a3a19,8cd3d2c4c1512e855e6a94273d7a3a19,1,/mnt/datadisk/./datasets/1/VirusShare_8cd3d2c4c1512e855e6a94273d7a3a19,,
VirusShare_dea9a41831e190928664531930f158ee,dea9a41831e190928664531930f158ee,0,/mnt/datadisk/./datasets/0/VirusShare_dea9a41831e190928664531930f158ee,,
VirusShare_28f7aee5ce825373cfc0665f1fe422f6,28f7aee5ce825373cfc0665f1fe422f6,0,/mnt/datadisk/./datasets/0/VirusShare_28f7aee5ce825373cfc0665f1fe422f6,,
VirusShare_9db1337f38d168faafda0623b0633f39,9db1337f38d168faafda0623b0633f39,0,/mnt/datadisk/./datasets/0/VirusShare_9db1337f38d168faafda0623b0633f39,,
VirusShare_4a48258a27501e24488bcdc8c53e2ebf,4a48258a27501e24488bcdc8c53e2ebf,0,/mnt/datadisk/./datasets/0/VirusShare_4a48258a27501e24488bcdc8c53e2ebf,,
VirusShare_080c41265ba96abae765efc33d9c3620,080c41265ba96abae765efc33d9c3620,1,/mnt/datadisk/./datasets/1/VirusShare_080c41265ba96abae765efc33d9c3620,,
VirusShare_e9b363c0a5bd06781226f69433e70658,e9b363c0a5bd06781226f69433e70658,0,/mnt/datadisk/./datasets/0/VirusShare_e9b363c0a5bd06781226f69433e70658,,
VirusShare_31c0989bce35ce90acf71d111ac63ede,31c0989bce35ce90acf71d111ac63ede,0,/mnt/datadisk/./datasets/0/VirusShare_31c0989bce35ce90acf71d111ac63ede,,
VirusShare_e5c9ce11510ca51a22d08e674235578d,e5c9ce11510ca51a22d08e674235578d,0,/mnt/datadisk/./datasets/0/VirusShare_e5c9ce11510ca51a22d08e674235578d,,
VirusShare_2822982c3b49b0d5cfd8998d4213804d,2822982c3b49b0d5cfd8998d4213804d,0,/mnt/datadisk/./datasets/0/VirusShare_2822982c3b49b0d5cfd8998d4213804d,,
VirusShare_c44511e31583086a33152c79efc00591,c44511e31583086a33152c79efc00591,0,/mnt/datadisk/./datasets/0/VirusShare_c44511e31583086a33152c79efc00591,,
VirusShare_717ae0e030e0e862ca3ad47e22e599b4,717ae0e030e0e862ca3ad47e22e599b4,0,/mnt/datadisk/./datasets/0/VirusShare_717ae0e030e0e862ca3ad47e22e599b4,,
VirusShare_66ca4de2b7156982a009e504d06437eb,66ca4de2b7156982a009e504d06437eb,1,/mnt/datadisk/./datasets/1/VirusShare_66ca4de2b7156982a009e504d06437eb,,
VirusShare_f25412c5cccd3f7c911c878d3a07ca08,f25412c5cccd3f7c911c878d3a07ca08,0,/mnt/datadisk/./datasets/0/VirusShare_f25412c5cccd3f7c911c878d3a07ca08,,
VirusShare_b5a71491ae73f8245440c51a36a8fba1,b5a71491ae73f8245440c51a36a8fba1,0,/mnt/datadisk/./datasets/0/VirusShare_b5a71491ae73f8245440c51a36a8fba1,,
VirusShare_c35f343c84de557c9342f53285384241,c35f343c84de557c9342f53285384241,0,/mnt/datadisk/./datasets/0/VirusShare_c35f343c84de557c9342f53285384241,,
VirusShare_5cbc2f1de4a64465eda78096a102180c,5cbc2f1de4a64465eda78096a102180c,0,/mnt/datadisk/./datasets/0/VirusShare_5cbc2f1de4a64465eda78096a102180c,,
VirusShare_4af049dee61d70f52b57442c2f32b59d,4af049dee61d70f52b57442c2f32b59d,0,/mnt/datadisk/./datasets/0/VirusShare_4af049dee61d70f52b57442c2f32b59d,,
VirusShare_ce3f435db1317f572ae35aedbcef7efe,ce3f435db1317f572ae35aedbcef7efe,0,/mnt/datadisk/./datasets/0/VirusShare_ce3f435db1317f572ae35aedbcef7efe,,
VirusShare_eeb78d2d5e89ecdfef29c70dff109756,eeb78d2d5e89ecdfef29c70dff109756,0,/mnt/datadisk/./datasets/0/VirusShare_eeb78d2d5e89ecdfef29c70dff109756,,
VirusShare_4a976b83deb1e845fee3d69aaa67de0f,4a976b83deb1e845fee3d69aaa67de0f,1,/mnt/datadisk/./datasets/1/VirusShare_4a976b83deb1e845fee3d69aaa67de0f,,
VirusShare_05c3c276176190534bf6fe98ad04675e,05c3c276176190534bf6fe98ad04675e,0,/mnt/datadisk/./datasets/0/VirusShare_05c3c276176190534bf6fe98ad04675e,,
VirusShare_9a6cac215a4437b5fe6d273f61f33d64,9a6cac215a4437b5fe6d273f61f33d64,1,/mnt/datadisk/./datasets/1/VirusShare_9a6cac215a4437b5fe6d273f61f33d64,,
VirusShare_9ea29828cb5faabadcb78b7ab00a3f38,9ea29828cb5faabadcb78b7ab00a3f38,0,/mnt/datadisk/./datasets/0/VirusShare_9ea29828cb5faabadcb78b7ab00a3f38,,
VirusShare_1f331d518d0e425ab7642ccd638ec795,1f331d518d0e425ab7642ccd638ec795,1,/mnt/datadisk/./datasets/1/VirusShare_1f331d518d0e425ab7642ccd638ec795,,
VirusShare_9ce410cb1acd54d47fa5ed7a489bc2bc,9ce410cb1acd54d47fa5ed7a489bc2bc,1,/mnt/datadisk/./datasets/1/VirusShare_9ce410cb1acd54d47fa5ed7a489bc2bc,,
VirusShare_b2adf0c04ea36b466c91d3cec75862ce,b2adf0c04ea36b466c91d3cec75862ce,0,/mnt/datadisk/./datasets/0/VirusShare_b2adf0c04ea36b466c91d3cec75862ce,,
VirusShare_816f1afa7d8ae66103c2f00094d455e0,816f1afa7d8ae66103c2f00094d455e0,1,/mnt/datadisk/./datasets/1/VirusShare_816f1afa7d8ae66103c2f00094d455e0,,
VirusShare_207e44501a6d3670e937da6ae96db2ad,207e44501a6d3670e937da6ae96db2ad,0,/mnt/datadisk/./datasets/0/VirusShare_207e44501a6d3670e937da6ae96db2ad,,
VirusShare_2ab8ef039f4fa7211088f4c13696a435,2ab8ef039f4fa7211088f4c13696a435,1,/mnt/datadisk/./datasets/1/VirusShare_2ab8ef039f4fa7211088f4c13696a435,,
VirusShare_e1f8f9121f098ca03169029406a9f7fc,e1f8f9121f098ca03169029406a9f7fc,0,/mnt/datadisk/./datasets/0/VirusShare_e1f8f9121f098ca03169029406a9f7fc,,
VirusShare_0ca1658a4cbd62caaca88bde1914ef03,0ca1658a4cbd62caaca88bde1914ef03,0,/mnt/datadisk/./datasets/0/VirusShare_0ca1658a4cbd62caaca88bde1914ef03,,
VirusShare_9e3430302d642fcc0cb06cd4c4ef1cc6,9e3430302d642fcc0cb06cd4c4ef1cc6,0,/mnt/datadisk/./datasets/0/VirusShare_9e3430302d642fcc0cb06cd4c4ef1cc6,,
VirusShare_0a1051a37222d9057874f290097efd65,0a1051a37222d9057874f290097efd65,0,/mnt/datadisk/./datasets/0/VirusShare_0a1051a37222d9057874f290097efd65,,
VirusShare_e01e06e5bfae96a6bc6614a24811b608,e01e06e5bfae96a6bc6614a24811b608,0,/mnt/datadisk/./datasets/0/VirusShare_e01e06e5bfae96a6bc6614a24811b608,,
VirusShare_eefcda338cca8f919c664a611b2f2027,eefcda338cca8f919c664a611b2f2027,0,/mnt/datadisk/./datasets/0/VirusShare_eefcda338cca8f919c664a611b2f2027,,
VirusShare_8b41b4f1552e50a18eb9a37f0b4c078e,8b41b4f1552e50a18eb9a37f0b4c078e,0,/mnt/datadisk/./datasets/0/VirusShare_8b41b4f1552e50a18eb9a37f0b4c078e,,
VirusShare_a6b4b110b6ba98d3b1291b908f3be762,a6b4b110b6ba98d3b1291b908f3be762,0,/mnt/datadisk/./datasets/0/VirusShare_a6b4b110b6ba98d3b1291b908f3be762,,
VirusShare_3e3b1f14bb70f7d1fa78f065812c9697,3e3b1f14bb70f7d1fa78f065812c9697,1,/mnt/datadisk/./datasets/1/VirusShare_3e3b1f14bb70f7d1fa78f065812c9697,,
VirusShare_514339823713a98ae5ae109adb8c55c4,514339823713a98ae5ae109adb8c55c4,0,/mnt/datadisk/./datasets/0/VirusShare_514339823713a98ae5ae109adb8c55c4,,
VirusShare_2e7b3490a0d0fa593369dd2fd3e592c6,2e7b3490a0d0fa593369dd2fd3e592c6,1,/mnt/datadisk/./datasets/1/VirusShare_2e7b3490a0d0fa593369dd2fd3e592c6,,
VirusShare_2c02236887968300083a35e0a2843724,2c02236887968300083a35e0a2843724,1,/mnt/datadisk/./datasets/1/VirusShare_2c02236887968300083a35e0a2843724,,
VirusShare_ca9e51552fcc1c9c8bc1f24575a79a34,ca9e51552fcc1c9c8bc1f24575a79a34,1,/mnt/datadisk/./datasets/1/VirusShare_ca9e51552fcc1c9c8bc1f24575a79a34,,
VirusShare_ed4802d1dd9e0f1f1a482df99b50e2e6,ed4802d1dd9e0f1f1a482df99b50e2e6,0,/mnt/datadisk/./datasets/0/VirusShare_ed4802d1dd9e0f1f1a482df99b50e2e6,,
VirusShare_6a48bd1bdf1b91ad299c1d5bbd3f55a6,6a48bd1bdf1b91ad299c1d5bbd3f55a6,0,/mnt/datadisk/./datasets/0/VirusShare_6a48bd1bdf1b91ad299c1d5bbd3f55a6,,
VirusShare_2cabd312ceecf306fb34337b1cec6b60,2cabd312ceecf306fb34337b1cec6b60,1,/mnt/datadisk/./datasets/1/VirusShare_2cabd312ceecf306fb34337b1cec6b60,,
VirusShare_292e55b0280ca23588da3c0dc89471f7,292e55b0280ca23588da3c0dc89471f7,1,/mnt/datadisk/./datasets/1/VirusShare_292e55b0280ca23588da3c0dc89471f7,,
VirusShare_840b35506e2d2d3a6cec6efb0259a420,840b35506e2d2d3a6cec6efb0259a420,0,/mnt/datadisk/./datasets/0/VirusShare_840b35506e2d2d3a6cec6efb0259a420,,
VirusShare_82738b42a7e10cb6f57b9d9bc259a808,82738b42a7e10cb6f57b9d9bc259a808,1,/mnt/datadisk/./datasets/1/VirusShare_82738b42a7e10cb6f57b9d9bc259a808,,
VirusShare_b1219d9234e6ba2b999d7949584ae148,b1219d9234e6ba2b999d7949584ae148,0,/mnt/datadisk/./datasets/0/VirusShare_b1219d9234e6ba2b999d7949584ae148,,
VirusShare_72b1df018b10870ab5b37d5ad9dc85ce,72b1df018b10870ab5b37d5ad9dc85ce,1,/mnt/datadisk/./datasets/1/VirusShare_72b1df018b10870ab5b37d5ad9dc85ce,,
VirusShare_95ffe0d15216bab57c1681d7f561c666,95ffe0d15216bab57c1681d7f561c666,1,/mnt/datadisk/./datasets/1/VirusShare_95ffe0d15216bab57c1681d7f561c666,,
VirusShare_2c29ed73020acbf7f035d3582496287f,2c29ed73020acbf7f035d3582496287f,0,/mnt/datadisk/./datasets/0/VirusShare_2c29ed73020acbf7f035d3582496287f,,
VirusShare_dcf6925eab3771f8f419d70359936966,dcf6925eab3771f8f419d70359936966,1,/mnt/datadisk/./datasets/1/VirusShare_dcf6925eab3771f8f419d70359936966,,
VirusShare_7133c88bccff8b4b1f4d62da41011987,7133c88bccff8b4b1f4d62da41011987,0,/mnt/datadisk/./datasets/0/VirusShare_7133c88bccff8b4b1f4d62da41011987,,
VirusShare_f6fa5b355b8c2d2ca8b1f0c90216e189,f6fa5b355b8c2d2ca8b1f0c90216e189,0,/mnt/datadisk/./datasets/0/VirusShare_f6fa5b355b8c2d2ca8b1f0c90216e189,,
VirusShare_fb1822addd81525291ec8b068f8adbf2,fb1822addd81525291ec8b068f8adbf2,1,/mnt/datadisk/./datasets/1/VirusShare_fb1822addd81525291ec8b068f8adbf2,,
VirusShare_837ebfcab6c37cae0a037fcc123590a2,837ebfcab6c37cae0a037fcc123590a2,0,/mnt/datadisk/./datasets/0/VirusShare_837ebfcab6c37cae0a037fcc123590a2,,
VirusShare_ca4c98ca9569d8ee5dfed2fabda86b9e,ca4c98ca9569d8ee5dfed2fabda86b9e,0,/mnt/datadisk/./datasets/0/VirusShare_ca4c98ca9569d8ee5dfed2fabda86b9e,,
VirusShare_d1d5a2fde3e57dfab18fe8ba80237543,d1d5a2fde3e57dfab18fe8ba80237543,1,/mnt/datadisk/./datasets/1/VirusShare_d1d5a2fde3e57dfab18fe8ba80237543,,
VirusShare_72bdf42b4bb017518490b223e872415b,72bdf42b4bb017518490b223e872415b,1,/mnt/datadisk/./datasets/1/VirusShare_72bdf42b4bb017518490b223e872415b,,
VirusShare_fb137452fb5f96b1127c2bc938b2544a,fb137452fb5f96b1127c2bc938b2544a,0,/mnt/datadisk/./datasets/0/VirusShare_fb137452fb5f96b1127c2bc938b2544a,,
VirusShare_8627b69e2d294c58f9d244663d1f865d,8627b69e2d294c58f9d244663d1f865d,0,/mnt/datadisk/./datasets/0/VirusShare_8627b69e2d294c58f9d244663d1f865d,,
VirusShare_a10e415733bfe321276f7af34b4c3795,a10e415733bfe321276f7af34b4c3795,0,/mnt/datadisk/./datasets/0/VirusShare_a10e415733bfe321276f7af34b4c3795,,
VirusShare_5af3c5579d73419b7583e21352f197c7,5af3c5579d73419b7583e21352f197c7,0,/mnt/datadisk/./datasets/0/VirusShare_5af3c5579d73419b7583e21352f197c7,,
VirusShare_f923e45694d3280e9663a4c8adc7602c,f923e45694d3280e9663a4c8adc7602c,0,/mnt/datadisk/./datasets/0/VirusShare_f923e45694d3280e9663a4c8adc7602c,,
VirusShare_d3022513804ba8ed20305f0235717f9f,d3022513804ba8ed20305f0235717f9f,1,/mnt/datadisk/./datasets/1/VirusShare_d3022513804ba8ed20305f0235717f9f,,
VirusShare_b3a89058e1209737b7e35a4671a288a7,b3a89058e1209737b7e35a4671a288a7,0,/mnt/datadisk/./datasets/0/VirusShare_b3a89058e1209737b7e35a4671a288a7,,
VirusShare_1d5f5edcaea84b9d3fb632d2571e1bd0,1d5f5edcaea84b9d3fb632d2571e1bd0,0,/mnt/datadisk/./datasets/0/VirusShare_1d5f5edcaea84b9d3fb632d2571e1bd0,,
VirusShare_cbf7ee97385cb0ff757532eb268dc754,cbf7ee97385cb0ff757532eb268dc754,0,/mnt/datadisk/./datasets/0/VirusShare_cbf7ee97385cb0ff757532eb268dc754,,
VirusShare_5734ffbafde3b8c0490a1ef0539a9c73,5734ffbafde3b8c0490a1ef0539a9c73,0,/mnt/datadisk/./datasets/0/VirusShare_5734ffbafde3b8c0490a1ef0539a9c73,,
VirusShare_299cd4d0a48b0f8a674f1afb342080bd,299cd4d0a48b0f8a674f1afb342080bd,1,/mnt/datadisk/./datasets/1/VirusShare_299cd4d0a48b0f8a674f1afb342080bd,,
VirusShare_f9b7a50cfe78ad0a65bd120d2e8bdaf8,f9b7a50cfe78ad0a65bd120d2e8bdaf8,0,/mnt/datadisk/./datasets/0/VirusShare_f9b7a50cfe78ad0a65bd120d2e8bdaf8,,
VirusShare_bf6b7e47584d01b5c782c1caaac167ce,bf6b7e47584d01b5c782c1caaac167ce,0,/mnt/datadisk/./datasets/0/VirusShare_bf6b7e47584d01b5c782c1caaac167ce,,
VirusShare_c42509ef375f2fac605d01831c1cd42b,c42509ef375f2fac605d01831c1cd42b,0,/mnt/datadisk/./datasets/0/VirusShare_c42509ef375f2fac605d01831c1cd42b,,
VirusShare_d08412ace0f6b599d3eeede6bf74d245,d08412ace0f6b599d3eeede6bf74d245,0,/mnt/datadisk/./datasets/0/VirusShare_d08412ace0f6b599d3eeede6bf74d245,,
VirusShare_dabc7d0c1d5043e18e1655b1792e2e62,dabc7d0c1d5043e18e1655b1792e2e62,1,/mnt/datadisk/./datasets/1/VirusShare_dabc7d0c1d5043e18e1655b1792e2e62,,
VirusShare_26d26b9ec0fd6fb54daffcc59a0c06b6,26d26b9ec0fd6fb54daffcc59a0c06b6,0,/mnt/datadisk/./datasets/0/VirusShare_26d26b9ec0fd6fb54daffcc59a0c06b6,,
VirusShare_386b1c24e27e6ff864ea2f1f33e9338f,386b1c24e27e6ff864ea2f1f33e9338f,0,/mnt/datadisk/./datasets/0/VirusShare_386b1c24e27e6ff864ea2f1f33e9338f,,
VirusShare_5c1effb2da4cd1054994da0246ec0869,5c1effb2da4cd1054994da0246ec0869,0,/mnt/datadisk/./datasets/0/VirusShare_5c1effb2da4cd1054994da0246ec0869,,
VirusShare_8731d4518ba0eabd2cd20ec86078ec34,8731d4518ba0eabd2cd20ec86078ec34,0,/mnt/datadisk/./datasets/0/VirusShare_8731d4518ba0eabd2cd20ec86078ec34,,
VirusShare_66c4f8c67ff052f9b69a8b0e04d87a04,66c4f8c67ff052f9b69a8b0e04d87a04,1,/mnt/datadisk/./datasets/1/VirusShare_66c4f8c67ff052f9b69a8b0e04d87a04,,
VirusShare_c874b0c02b90002f990b2eb913ae4c4a,c874b0c02b90002f990b2eb913ae4c4a,0,/mnt/datadisk/./datasets/0/VirusShare_c874b0c02b90002f990b2eb913ae4c4a,,
VirusShare_078f9e695c4514d00dfe354b4ec898f5,078f9e695c4514d00dfe354b4ec898f5,0,/mnt/datadisk/./datasets/0/VirusShare_078f9e695c4514d00dfe354b4ec898f5,,
VirusShare_7f6fb1b358266003d7bd34cb41c6db9f,7f6fb1b358266003d7bd34cb41c6db9f,1,/mnt/datadisk/./datasets/1/VirusShare_7f6fb1b358266003d7bd34cb41c6db9f,,
VirusShare_56676eb24756f69ff2eaa39e7340e005,56676eb24756f69ff2eaa39e7340e005,1,/mnt/datadisk/./datasets/1/VirusShare_56676eb24756f69ff2eaa39e7340e005,,
VirusShare_e970d9786ebef2297e17fa9a6c07c64d,e970d9786ebef2297e17fa9a6c07c64d,0,/mnt/datadisk/./datasets/0/VirusShare_e970d9786ebef2297e17fa9a6c07c64d,,
VirusShare_36a443909fb713e12bfd996dde324f0b,36a443909fb713e12bfd996dde324f0b,1,/mnt/datadisk/./datasets/1/VirusShare_36a443909fb713e12bfd996dde324f0b,,
VirusShare_e064f2f65960723e94321e019c5d394b,e064f2f65960723e94321e019c5d394b,0,/mnt/datadisk/./datasets/0/VirusShare_e064f2f65960723e94321e019c5d394b,,
VirusShare_beb2637af6e29efb26c78446e0696dc9,beb2637af6e29efb26c78446e0696dc9,0,/mnt/datadisk/./datasets/0/VirusShare_beb2637af6e29efb26c78446e0696dc9,,
VirusShare_b792d6ad88986d2b3f7a1ee036f4d8b0,b792d6ad88986d2b3f7a1ee036f4d8b0,0,/mnt/datadisk/./datasets/0/VirusShare_b792d6ad88986d2b3f7a1ee036f4d8b0,,
VirusShare_9f5550e4faacb909d69397d558bfe319,9f5550e4faacb909d69397d558bfe319,0,/mnt/datadisk/./datasets/0/VirusShare_9f5550e4faacb909d69397d558bfe319,,
VirusShare_9565fc830645dd077f6791303bb4bf9a,9565fc830645dd077f6791303bb4bf9a,1,/mnt/datadisk/./datasets/1/VirusShare_9565fc830645dd077f6791303bb4bf9a,,
VirusShare_0345a3969939a7eb5520725a9abd4069,0345a3969939a7eb5520725a9abd4069,1,/mnt/datadisk/./datasets/1/VirusShare_0345a3969939a7eb5520725a9abd4069,,
VirusShare_2c04f573b5167bf3379583ed2329344b,2c04f573b5167bf3379583ed2329344b,0,/mnt/datadisk/./datasets/0/VirusShare_2c04f573b5167bf3379583ed2329344b,,
VirusShare_eb119f871639ff1feadab246efc8099c,eb119f871639ff1feadab246efc8099c,0,/mnt/datadisk/./datasets/0/VirusShare_eb119f871639ff1feadab246efc8099c,,
VirusShare_457514348b11971e67f3dc2d1108502b,457514348b11971e67f3dc2d1108502b,1,/mnt/datadisk/./datasets/1/VirusShare_457514348b11971e67f3dc2d1108502b,,
VirusShare_7436135946ce50eb421a9bcf214bf8e4,7436135946ce50eb421a9bcf214bf8e4,0,/mnt/datadisk/./datasets/0/VirusShare_7436135946ce50eb421a9bcf214bf8e4,,
VirusShare_33a87f3446ccc19ed83f1989b1313abb,33a87f3446ccc19ed83f1989b1313abb,1,/mnt/datadisk/./datasets/1/VirusShare_33a87f3446ccc19ed83f1989b1313abb,,
VirusShare_4c5927dc80148846d44135241c84c178,4c5927dc80148846d44135241c84c178,0,/mnt/datadisk/./datasets/0/VirusShare_4c5927dc80148846d44135241c84c178,,
VirusShare_06a7a58fe9e2261c868f5890eae85dec,06a7a58fe9e2261c868f5890eae85dec,0,/mnt/datadisk/./datasets/0/VirusShare_06a7a58fe9e2261c868f5890eae85dec,,
VirusShare_a134ea024ddeae789bb28fcfaef5c9c8,a134ea024ddeae789bb28fcfaef5c9c8,0,/mnt/datadisk/./datasets/0/VirusShare_a134ea024ddeae789bb28fcfaef5c9c8,,
VirusShare_66054c4ea80cebd484981ff088ac4474,66054c4ea80cebd484981ff088ac4474,0,/mnt/datadisk/./datasets/0/VirusShare_66054c4ea80cebd484981ff088ac4474,,
VirusShare_27a19b959e1ebd30705e014cce01f207,27a19b959e1ebd30705e014cce01f207,0,/mnt/datadisk/./datasets/0/VirusShare_27a19b959e1ebd30705e014cce01f207,,
VirusShare_d2f676cfed2bd04ac6706520af62ad1f,d2f676cfed2bd04ac6706520af62ad1f,1,/mnt/datadisk/./datasets/1/VirusShare_d2f676cfed2bd04ac6706520af62ad1f,,
VirusShare_e004a3a6d99cafc0b6611ad200935c04,e004a3a6d99cafc0b6611ad200935c04,0,/mnt/datadisk/./datasets/0/VirusShare_e004a3a6d99cafc0b6611ad200935c04,,
VirusShare_b6a2d3ea29da751fcf688006a1a7d3ad,b6a2d3ea29da751fcf688006a1a7d3ad,0,/mnt/datadisk/./datasets/0/VirusShare_b6a2d3ea29da751fcf688006a1a7d3ad,,
VirusShare_b3f3e0c7012328bcad4aa1cc69a5ec83,b3f3e0c7012328bcad4aa1cc69a5ec83,1,/mnt/datadisk/./datasets/1/VirusShare_b3f3e0c7012328bcad4aa1cc69a5ec83,,
VirusShare_b28d1426f795e4457673bac4a19ce2a7,b28d1426f795e4457673bac4a19ce2a7,1,/mnt/datadisk/./datasets/1/VirusShare_b28d1426f795e4457673bac4a19ce2a7,,
VirusShare_d313f2d49e225b7167bb4e11b9560ef8,d313f2d49e225b7167bb4e11b9560ef8,0,/mnt/datadisk/./datasets/0/VirusShare_d313f2d49e225b7167bb4e11b9560ef8,,
VirusShare_d80cf5c4b2ee77a6d8203a1f5b14a9bb,d80cf5c4b2ee77a6d8203a1f5b14a9bb,0,/mnt/datadisk/./datasets/0/VirusShare_d80cf5c4b2ee77a6d8203a1f5b14a9bb,,
VirusShare_4cc55d3e1b957d06aa2d1954537d97a0,4cc55d3e1b957d06aa2d1954537d97a0,1,/mnt/datadisk/./datasets/1/VirusShare_4cc55d3e1b957d06aa2d1954537d97a0,,
VirusShare_ffd97a492a002b68f6765880910a0fb3,ffd97a492a002b68f6765880910a0fb3,1,/mnt/datadisk/./datasets/1/VirusShare_ffd97a492a002b68f6765880910a0fb3,,
VirusShare_f73f7b3b3a5fac2ceabadef35f25b49e,f73f7b3b3a5fac2ceabadef35f25b49e,0,/mnt/datadisk/./datasets/0/VirusShare_f73f7b3b3a5fac2ceabadef35f25b49e,,
VirusShare_87b11af6197e89a99bc89d1569670e1c,87b11af6197e89a99bc89d1569670e1c,1,/mnt/datadisk/./datasets/1/VirusShare_87b11af6197e89a99bc89d1569670e1c,,
VirusShare_40adb032363dba449e170142c611c866,40adb032363dba449e170142c611c866,0,/mnt/datadisk/./datasets/0/VirusShare_40adb032363dba449e170142c611c866,,
VirusShare_28047fe233c184edaf2dcf7ab13e76c0,28047fe233c184edaf2dcf7ab13e76c0,0,/mnt/datadisk/./datasets/0/VirusShare_28047fe233c184edaf2dcf7ab13e76c0,,
VirusShare_94e975adfa0754f1c58d4245363644b6,94e975adfa0754f1c58d4245363644b6,1,/mnt/datadisk/./datasets/1/VirusShare_94e975adfa0754f1c58d4245363644b6,,
VirusShare_c8f0d77d89932e7d32e122a4a35c7a11,c8f0d77d89932e7d32e122a4a35c7a11,0,/mnt/datadisk/./datasets/0/VirusShare_c8f0d77d89932e7d32e122a4a35c7a11,,
VirusShare_a2d92e6b27559a76009e93f8d754397f,a2d92e6b27559a76009e93f8d754397f,1,/mnt/datadisk/./datasets/1/VirusShare_a2d92e6b27559a76009e93f8d754397f,,
VirusShare_24856092cf8647e938815ab78e278652,24856092cf8647e938815ab78e278652,1,/mnt/datadisk/./datasets/1/VirusShare_24856092cf8647e938815ab78e278652,,
VirusShare_023882888c213e379862dd056d53a8ca,023882888c213e379862dd056d53a8ca,1,/mnt/datadisk/./datasets/1/VirusShare_023882888c213e379862dd056d53a8ca,,
VirusShare_3d3d72c0d1da28439b1dd2136c4ba554,3d3d72c0d1da28439b1dd2136c4ba554,0,/mnt/datadisk/./datasets/0/VirusShare_3d3d72c0d1da28439b1dd2136c4ba554,,
VirusShare_f2b5563702e82f2d003be57013ba0d35,f2b5563702e82f2d003be57013ba0d35,0,/mnt/datadisk/./datasets/0/VirusShare_f2b5563702e82f2d003be57013ba0d35,,
VirusShare_bbc0bac54ef67d87a8acbb3698dec29e,bbc0bac54ef67d87a8acbb3698dec29e,0,/mnt/datadisk/./datasets/0/VirusShare_bbc0bac54ef67d87a8acbb3698dec29e,,
VirusShare_a5533b2c40ec7085a4c4fae8b278c665,a5533b2c40ec7085a4c4fae8b278c665,1,/mnt/datadisk/./datasets/1/VirusShare_a5533b2c40ec7085a4c4fae8b278c665,,
VirusShare_b8bc86b76ba42ecddbdb82c7a3369bf4,b8bc86b76ba42ecddbdb82c7a3369bf4,0,/mnt/datadisk/./datasets/0/VirusShare_b8bc86b76ba42ecddbdb82c7a3369bf4,,
VirusShare_caf27248461541c93c399a0602107083,caf27248461541c93c399a0602107083,0,/mnt/datadisk/./datasets/0/VirusShare_caf27248461541c93c399a0602107083,,
VirusShare_8c02034958ae86a8d8b42fa5545561a7,8c02034958ae86a8d8b42fa5545561a7,1,/mnt/datadisk/./datasets/1/VirusShare_8c02034958ae86a8d8b42fa5545561a7,,
VirusShare_d9aced64f6049245183a82b2a324f346,d9aced64f6049245183a82b2a324f346,1,/mnt/datadisk/./datasets/1/VirusShare_d9aced64f6049245183a82b2a324f346,,
VirusShare_1bf662f6bf3809422d2e3773e6687c03,1bf662f6bf3809422d2e3773e6687c03,1,/mnt/datadisk/./datasets/1/VirusShare_1bf662f6bf3809422d2e3773e6687c03,,
VirusShare_24762a365a314fea202f6a820cc6558c,24762a365a314fea202f6a820cc6558c,1,/mnt/datadisk/./datasets/1/VirusShare_24762a365a314fea202f6a820cc6558c,,
VirusShare_675a02e99d5b1d234de096ea306a8156,675a02e99d5b1d234de096ea306a8156,0,/mnt/datadisk/./datasets/0/VirusShare_675a02e99d5b1d234de096ea306a8156,,
VirusShare_4293a09e189c95d9b87907df5856f36f,4293a09e189c95d9b87907df5856f36f,0,/mnt/datadisk/./datasets/0/VirusShare_4293a09e189c95d9b87907df5856f36f,,
VirusShare_7d30aea90227baafb8e479e2a4fa0a4f,7d30aea90227baafb8e479e2a4fa0a4f,0,/mnt/datadisk/./datasets/0/VirusShare_7d30aea90227baafb8e479e2a4fa0a4f,,
VirusShare_dfdfdca2a2360bfecb9ff515d1af2b37,dfdfdca2a2360bfecb9ff515d1af2b37,0,/mnt/datadisk/./datasets/0/VirusShare_dfdfdca2a2360bfecb9ff515d1af2b37,,
VirusShare_95f91d5b63de403f8022602ffc401807,95f91d5b63de403f8022602ffc401807,0,/mnt/datadisk/./datasets/0/VirusShare_95f91d5b63de403f8022602ffc401807,,
VirusShare_74855eada27009f75cc0c97de755f4bc,74855eada27009f75cc0c97de755f4bc,0,/mnt/datadisk/./datasets/0/VirusShare_74855eada27009f75cc0c97de755f4bc,,
VirusShare_c71c460953b81af3062a1c4417ede4c5,c71c460953b81af3062a1c4417ede4c5,1,/mnt/datadisk/./datasets/1/VirusShare_c71c460953b81af3062a1c4417ede4c5,,
VirusShare_892b4736a9ca2740774dbf9d900de970,892b4736a9ca2740774dbf9d900de970,0,/mnt/datadisk/./datasets/0/VirusShare_892b4736a9ca2740774dbf9d900de970,,
VirusShare_b20c9c4bff0fae03f4b819d33f578eb7,b20c9c4bff0fae03f4b819d33f578eb7,0,/mnt/datadisk/./datasets/0/VirusShare_b20c9c4bff0fae03f4b819d33f578eb7,,
VirusShare_cc350161b58a017e09a9a50288ae3fc5,cc350161b58a017e09a9a50288ae3fc5,0,/mnt/datadisk/./datasets/0/VirusShare_cc350161b58a017e09a9a50288ae3fc5,,
VirusShare_d7028ec74874b50fd86adacfd9c4ce91,d7028ec74874b50fd86adacfd9c4ce91,1,/mnt/datadisk/./datasets/1/VirusShare_d7028ec74874b50fd86adacfd9c4ce91,,
VirusShare_cd0708bcc38e0b757ccbd8ed8c7744b3,cd0708bcc38e0b757ccbd8ed8c7744b3,0,/mnt/datadisk/./datasets/0/VirusShare_cd0708bcc38e0b757ccbd8ed8c7744b3,,
VirusShare_51b846e41f0cbe96d2c03544e0bd91fa,51b846e41f0cbe96d2c03544e0bd91fa,0,/mnt/datadisk/./datasets/0/VirusShare_51b846e41f0cbe96d2c03544e0bd91fa,,
VirusShare_001919e17b2e2fee7b74dd6058658047,001919e17b2e2fee7b74dd6058658047,1,/mnt/datadisk/./datasets/1/VirusShare_001919e17b2e2fee7b74dd6058658047,,
VirusShare_3203d30d57afdb8a351ed0272bfe0820,3203d30d57afdb8a351ed0272bfe0820,0,/mnt/datadisk/./datasets/0/VirusShare_3203d30d57afdb8a351ed0272bfe0820,,
VirusShare_04355d7b44155e343a960bd619b91c6a,04355d7b44155e343a960bd619b91c6a,0,/mnt/datadisk/./datasets/0/VirusShare_04355d7b44155e343a960bd619b91c6a,,
VirusShare_e1cdae9fdd38fe5ed25f1d6566153e50,e1cdae9fdd38fe5ed25f1d6566153e50,0,/mnt/datadisk/./datasets/0/VirusShare_e1cdae9fdd38fe5ed25f1d6566153e50,,
VirusShare_cc3b09f668c34fa211c02241826f956e,cc3b09f668c34fa211c02241826f956e,1,/mnt/datadisk/./datasets/1/VirusShare_cc3b09f668c34fa211c02241826f956e,,
VirusShare_f7b16644c72e3d86725643d2a66969dc,f7b16644c72e3d86725643d2a66969dc,0,/mnt/datadisk/./datasets/0/VirusShare_f7b16644c72e3d86725643d2a66969dc,,
VirusShare_497d4a4eec30866d6051f16c02526943,497d4a4eec30866d6051f16c02526943,0,/mnt/datadisk/./datasets/0/VirusShare_497d4a4eec30866d6051f16c02526943,,
VirusShare_dc2f82d4911245ee7616d4419f44484b,dc2f82d4911245ee7616d4419f44484b,0,/mnt/datadisk/./datasets/0/VirusShare_dc2f82d4911245ee7616d4419f44484b,,
VirusShare_b215e584388faf2cf9e1188fbb701395,b215e584388faf2cf9e1188fbb701395,0,/mnt/datadisk/./datasets/0/VirusShare_b215e584388faf2cf9e1188fbb701395,,
VirusShare_b1774543c96b4f57e9a5f65a0b7eb0e6,b1774543c96b4f57e9a5f65a0b7eb0e6,0,/mnt/datadisk/./datasets/0/VirusShare_b1774543c96b4f57e9a5f65a0b7eb0e6,,
VirusShare_1491b4b20768badec371d91ac3165f30,1491b4b20768badec371d91ac3165f30,0,/mnt/datadisk/./datasets/0/VirusShare_1491b4b20768badec371d91ac3165f30,,
VirusShare_b5857b8f2c839fcdc06a13e6a1ef7143,b5857b8f2c839fcdc06a13e6a1ef7143,0,/mnt/datadisk/./datasets/0/VirusShare_b5857b8f2c839fcdc06a13e6a1ef7143,,
VirusShare_c6e20ef043876b45c12220787df938b5,c6e20ef043876b45c12220787df938b5,1,/mnt/datadisk/./datasets/1/VirusShare_c6e20ef043876b45c12220787df938b5,,
VirusShare_56d7e12e4701308b5317189a2da06a3c,56d7e12e4701308b5317189a2da06a3c,0,/mnt/datadisk/./datasets/0/VirusShare_56d7e12e4701308b5317189a2da06a3c,,
VirusShare_7007a0440b799ae7b6ff65494f106a8e,7007a0440b799ae7b6ff65494f106a8e,0,/mnt/datadisk/./datasets/0/VirusShare_7007a0440b799ae7b6ff65494f106a8e,,
VirusShare_79f268cbc537e3159fa35d88284af4ff,79f268cbc537e3159fa35d88284af4ff,1,/mnt/datadisk/./datasets/1/VirusShare_79f268cbc537e3159fa35d88284af4ff,,
VirusShare_e69ab17af56c1468e10b5c6562668686,e69ab17af56c1468e10b5c6562668686,1,/mnt/datadisk/./datasets/1/VirusShare_e69ab17af56c1468e10b5c6562668686,,
VirusShare_3ef86340e02cb95d059e6d4a71353bb1,3ef86340e02cb95d059e6d4a71353bb1,1,/mnt/datadisk/./datasets/1/VirusShare_3ef86340e02cb95d059e6d4a71353bb1,,
VirusShare_02e8c7af3724ff535da627197920ad14,02e8c7af3724ff535da627197920ad14,0,/mnt/datadisk/./datasets/0/VirusShare_02e8c7af3724ff535da627197920ad14,,
VirusShare_20bf6c683ff15b527e570061ae7b0542,20bf6c683ff15b527e570061ae7b0542,0,/mnt/datadisk/./datasets/0/VirusShare_20bf6c683ff15b527e570061ae7b0542,,
VirusShare_174f85ae1daf0677c50ea1f78b6a3fb3,174f85ae1daf0677c50ea1f78b6a3fb3,1,/mnt/datadisk/./datasets/1/VirusShare_174f85ae1daf0677c50ea1f78b6a3fb3,,
VirusShare_7bee53c3615a876c5343ea16fca5cc83,7bee53c3615a876c5343ea16fca5cc83,0,/mnt/datadisk/./datasets/0/VirusShare_7bee53c3615a876c5343ea16fca5cc83,,
VirusShare_996839dda9cfa173e8ead82f9c8a057c,996839dda9cfa173e8ead82f9c8a057c,1,/mnt/datadisk/./datasets/1/VirusShare_996839dda9cfa173e8ead82f9c8a057c,,
VirusShare_140713b8101c889df514187c1969083a,140713b8101c889df514187c1969083a,0,/mnt/datadisk/./datasets/0/VirusShare_140713b8101c889df514187c1969083a,,
VirusShare_2ec033b5a3837ff27dd09625df1352a4,2ec033b5a3837ff27dd09625df1352a4,0,/mnt/datadisk/./datasets/0/VirusShare_2ec033b5a3837ff27dd09625df1352a4,,
VirusShare_4808de1c106556183ecdf94935909ed5,4808de1c106556183ecdf94935909ed5,1,/mnt/datadisk/./datasets/1/VirusShare_4808de1c106556183ecdf94935909ed5,,
VirusShare_3bcbc32991bdcafc2854ee6ed9999fb9,3bcbc32991bdcafc2854ee6ed9999fb9,0,/mnt/datadisk/./datasets/0/VirusShare_3bcbc32991bdcafc2854ee6ed9999fb9,,
VirusShare_faf98f519ffb5b0cb91c27a8040faa4c,faf98f519ffb5b0cb91c27a8040faa4c,0,/mnt/datadisk/./datasets/0/VirusShare_faf98f519ffb5b0cb91c27a8040faa4c,,
VirusShare_722e1449f0ccb646b7b8359d4bb485df,722e1449f0ccb646b7b8359d4bb485df,0,/mnt/datadisk/./datasets/0/VirusShare_722e1449f0ccb646b7b8359d4bb485df,,
VirusShare_4eb4b9ae61baa9f7a042856a2418c8af,4eb4b9ae61baa9f7a042856a2418c8af,1,/mnt/datadisk/./datasets/1/VirusShare_4eb4b9ae61baa9f7a042856a2418c8af,,
VirusShare_8bad97dfb736d59c3cca2b0397625a9b,8bad97dfb736d59c3cca2b0397625a9b,1,/mnt/datadisk/./datasets/1/VirusShare_8bad97dfb736d59c3cca2b0397625a9b,,
VirusShare_763da82098d9758187747894c76172c3,763da82098d9758187747894c76172c3,0,/mnt/datadisk/./datasets/0/VirusShare_763da82098d9758187747894c76172c3,,
VirusShare_8e3ec632409f64a7c35a05627b4568c8,8e3ec632409f64a7c35a05627b4568c8,0,/mnt/datadisk/./datasets/0/VirusShare_8e3ec632409f64a7c35a05627b4568c8,,
VirusShare_b9d218ecfd1df72128212c8a2fc10ca7,b9d218ecfd1df72128212c8a2fc10ca7,1,/mnt/datadisk/./datasets/1/VirusShare_b9d218ecfd1df72128212c8a2fc10ca7,,
VirusShare_5f945954c872a078a296e842ac7b55ce,5f945954c872a078a296e842ac7b55ce,0,/mnt/datadisk/./datasets/0/VirusShare_5f945954c872a078a296e842ac7b55ce,,
VirusShare_4bac6d7a831dc01d0e864c99bfd15d8e,4bac6d7a831dc01d0e864c99bfd15d8e,0,/mnt/datadisk/./datasets/0/VirusShare_4bac6d7a831dc01d0e864c99bfd15d8e,,
VirusShare_ed7143cd20e6a751a175e3129edc0a69,ed7143cd20e6a751a175e3129edc0a69,1,/mnt/datadisk/./datasets/1/VirusShare_ed7143cd20e6a751a175e3129edc0a69,,
VirusShare_f130e39ce882e851bf17084623312240,f130e39ce882e851bf17084623312240,0,/mnt/datadisk/./datasets/0/VirusShare_f130e39ce882e851bf17084623312240,,
VirusShare_f2bea4337682f2a0c74da06d99d045da,f2bea4337682f2a0c74da06d99d045da,0,/mnt/datadisk/./datasets/0/VirusShare_f2bea4337682f2a0c74da06d99d045da,,
VirusShare_344accad277415ecd819d64ca0cda2ea,344accad277415ecd819d64ca0cda2ea,0,/mnt/datadisk/./datasets/0/VirusShare_344accad277415ecd819d64ca0cda2ea,,
VirusShare_aca3b72e5d5d2a122d19d124d84872d4,aca3b72e5d5d2a122d19d124d84872d4,0,/mnt/datadisk/./datasets/0/VirusShare_aca3b72e5d5d2a122d19d124d84872d4,,
VirusShare_86c7c70691d692a1cd065996f86dd127,86c7c70691d692a1cd065996f86dd127,1,/mnt/datadisk/./datasets/1/VirusShare_86c7c70691d692a1cd065996f86dd127,,
VirusShare_bff16109db65192d6e3fff0cebb1fa5e,bff16109db65192d6e3fff0cebb1fa5e,1,/mnt/datadisk/./datasets/1/VirusShare_bff16109db65192d6e3fff0cebb1fa5e,,
VirusShare_66281139432d42f0ebc0619d768f40e0,66281139432d42f0ebc0619d768f40e0,0,/mnt/datadisk/./datasets/0/VirusShare_66281139432d42f0ebc0619d768f40e0,,
VirusShare_ba97414662939c42d04bbc13fde118fe,ba97414662939c42d04bbc13fde118fe,0,/mnt/datadisk/./datasets/0/VirusShare_ba97414662939c42d04bbc13fde118fe,,
VirusShare_f226f4c71bacea806ddbfdc6d306d731,f226f4c71bacea806ddbfdc6d306d731,1,/mnt/datadisk/./datasets/1/VirusShare_f226f4c71bacea806ddbfdc6d306d731,,
VirusShare_20d2bbc6dde236e38cbeb7ac3c257914,20d2bbc6dde236e38cbeb7ac3c257914,0,/mnt/datadisk/./datasets/0/VirusShare_20d2bbc6dde236e38cbeb7ac3c257914,,
VirusShare_34c27c7635a858ec9df2551cf846b96b,34c27c7635a858ec9df2551cf846b96b,1,/mnt/datadisk/./datasets/1/VirusShare_34c27c7635a858ec9df2551cf846b96b,,
VirusShare_3a3ff42d5fad3a67e156557f726ff0fe,3a3ff42d5fad3a67e156557f726ff0fe,0,/mnt/datadisk/./datasets/0/VirusShare_3a3ff42d5fad3a67e156557f726ff0fe,,
VirusShare_3030afa470ec2cf09450362412625057,3030afa470ec2cf09450362412625057,1,/mnt/datadisk/./datasets/1/VirusShare_3030afa470ec2cf09450362412625057,,
VirusShare_bbe660a686e731e57019dcca9e7acd1a,bbe660a686e731e57019dcca9e7acd1a,0,/mnt/datadisk/./datasets/0/VirusShare_bbe660a686e731e57019dcca9e7acd1a,,
VirusShare_caddf6eac080c8a6a8e9a83ae1836c25,caddf6eac080c8a6a8e9a83ae1836c25,0,/mnt/datadisk/./datasets/0/VirusShare_caddf6eac080c8a6a8e9a83ae1836c25,,
VirusShare_d07f1c90d689cbd51adc06809dc87d2a,d07f1c90d689cbd51adc06809dc87d2a,0,/mnt/datadisk/./datasets/0/VirusShare_d07f1c90d689cbd51adc06809dc87d2a,,
VirusShare_465e98c8328e91af49b7c5bf8b9ad3e9,465e98c8328e91af49b7c5bf8b9ad3e9,0,/mnt/datadisk/./datasets/0/VirusShare_465e98c8328e91af49b7c5bf8b9ad3e9,,
VirusShare_68e6b7d98b6420e061e824f503521e8b,68e6b7d98b6420e061e824f503521e8b,0,/mnt/datadisk/./datasets/0/VirusShare_68e6b7d98b6420e061e824f503521e8b,,
VirusShare_072aa499b55192f2a503955f269b4418,072aa499b55192f2a503955f269b4418,0,/mnt/datadisk/./datasets/0/VirusShare_072aa499b55192f2a503955f269b4418,,
VirusShare_3387106eaf8f2685510eda12ec90a265,3387106eaf8f2685510eda12ec90a265,0,/mnt/datadisk/./datasets/0/VirusShare_3387106eaf8f2685510eda12ec90a265,,
VirusShare_1d892b0548f207882cb2bc8b3d7cbc72,1d892b0548f207882cb2bc8b3d7cbc72,0,/mnt/datadisk/./datasets/0/VirusShare_1d892b0548f207882cb2bc8b3d7cbc72,,
VirusShare_29e7d996e730ae83dff16a78720943a7,29e7d996e730ae83dff16a78720943a7,0,/mnt/datadisk/./datasets/0/VirusShare_29e7d996e730ae83dff16a78720943a7,,
VirusShare_36932521f6825b5646670dcfd7e5d619,36932521f6825b5646670dcfd7e5d619,0,/mnt/datadisk/./datasets/0/VirusShare_36932521f6825b5646670dcfd7e5d619,,
VirusShare_ca915a816b41f2d6548e774a5b31dbfa,ca915a816b41f2d6548e774a5b31dbfa,0,/mnt/datadisk/./datasets/0/VirusShare_ca915a816b41f2d6548e774a5b31dbfa,,
VirusShare_5901af6b130b3453baa95f66a0a77851,5901af6b130b3453baa95f66a0a77851,0,/mnt/datadisk/./datasets/0/VirusShare_5901af6b130b3453baa95f66a0a77851,,
VirusShare_3feb4c28199ff64979e575aee3cf0331,3feb4c28199ff64979e575aee3cf0331,0,/mnt/datadisk/./datasets/0/VirusShare_3feb4c28199ff64979e575aee3cf0331,,
VirusShare_109ab087ca815a3470997a513d47b640,109ab087ca815a3470997a513d47b640,0,/mnt/datadisk/./datasets/0/VirusShare_109ab087ca815a3470997a513d47b640,,
VirusShare_1c9e15470ffda0270920bcc21a8c133a,1c9e15470ffda0270920bcc21a8c133a,0,/mnt/datadisk/./datasets/0/VirusShare_1c9e15470ffda0270920bcc21a8c133a,,
VirusShare_d32c07f78a2d47bd5b916231eae4e322,d32c07f78a2d47bd5b916231eae4e322,1,/mnt/datadisk/./datasets/1/VirusShare_d32c07f78a2d47bd5b916231eae4e322,,
VirusShare_2bc2e2a95cf8d7633ac54f5c3643e67a,2bc2e2a95cf8d7633ac54f5c3643e67a,0,/mnt/datadisk/./datasets/0/VirusShare_2bc2e2a95cf8d7633ac54f5c3643e67a,,
VirusShare_9e03fb39228f83f9f3552683cc73fe37,9e03fb39228f83f9f3552683cc73fe37,0,/mnt/datadisk/./datasets/0/VirusShare_9e03fb39228f83f9f3552683cc73fe37,,
VirusShare_e55782b2fe9daf4ca37f0bc6b909e0d0,e55782b2fe9daf4ca37f0bc6b909e0d0,0,/mnt/datadisk/./datasets/0/VirusShare_e55782b2fe9daf4ca37f0bc6b909e0d0,,
VirusShare_6081c294b8f110d18f0911fd131ab6fa,6081c294b8f110d18f0911fd131ab6fa,1,/mnt/datadisk/./datasets/1/VirusShare_6081c294b8f110d18f0911fd131ab6fa,,
VirusShare_9d923be7515ac13691505600a87abf83,9d923be7515ac13691505600a87abf83,0,/mnt/datadisk/./datasets/0/VirusShare_9d923be7515ac13691505600a87abf83,,
VirusShare_0febdae255942f5744e63c2ca74120b3,0febdae255942f5744e63c2ca74120b3,0,/mnt/datadisk/./datasets/0/VirusShare_0febdae255942f5744e63c2ca74120b3,,
VirusShare_8b63a0d54a58f9343914146f3d50cb94,8b63a0d54a58f9343914146f3d50cb94,0,/mnt/datadisk/./datasets/0/VirusShare_8b63a0d54a58f9343914146f3d50cb94,,
VirusShare_8ea9c555c6a53b7dee50185e6a7b2020,8ea9c555c6a53b7dee50185e6a7b2020,1,/mnt/datadisk/./datasets/1/VirusShare_8ea9c555c6a53b7dee50185e6a7b2020,,
VirusShare_207edd157e24f3734afd180e1694343c,207edd157e24f3734afd180e1694343c,1,/mnt/datadisk/./datasets/1/VirusShare_207edd157e24f3734afd180e1694343c,,
VirusShare_de0488ab899612dfa7277ce17d80ce1e,de0488ab899612dfa7277ce17d80ce1e,0,/mnt/datadisk/./datasets/0/VirusShare_de0488ab899612dfa7277ce17d80ce1e,,
VirusShare_b173c1c9ca617c4b8564de9679068717,b173c1c9ca617c4b8564de9679068717,1,/mnt/datadisk/./datasets/1/VirusShare_b173c1c9ca617c4b8564de9679068717,,
VirusShare_6d32996be4d2775e256ffa4e79db6307,6d32996be4d2775e256ffa4e79db6307,1,/mnt/datadisk/./datasets/1/VirusShare_6d32996be4d2775e256ffa4e79db6307,,
VirusShare_7ccfc643bdb5e60cc57f0433cb73c4f8,7ccfc643bdb5e60cc57f0433cb73c4f8,0,/mnt/datadisk/./datasets/0/VirusShare_7ccfc643bdb5e60cc57f0433cb73c4f8,,
VirusShare_1d8a5b4ccec9c4846e991913ac961b20,1d8a5b4ccec9c4846e991913ac961b20,1,/mnt/datadisk/./datasets/1/VirusShare_1d8a5b4ccec9c4846e991913ac961b20,,
VirusShare_d2ae243b536c212f5833419076e46da4,d2ae243b536c212f5833419076e46da4,0,/mnt/datadisk/./datasets/0/VirusShare_d2ae243b536c212f5833419076e46da4,,
VirusShare_2e475a10ae1fb8b23499e558c577df05,2e475a10ae1fb8b23499e558c577df05,0,/mnt/datadisk/./datasets/0/VirusShare_2e475a10ae1fb8b23499e558c577df05,,
VirusShare_42ef65d8fdf84aab7a9fc152f363a07e,42ef65d8fdf84aab7a9fc152f363a07e,0,/mnt/datadisk/./datasets/0/VirusShare_42ef65d8fdf84aab7a9fc152f363a07e,,
VirusShare_dd8413e77cfbad82a33c0b2f86afc32a,dd8413e77cfbad82a33c0b2f86afc32a,0,/mnt/datadisk/./datasets/0/VirusShare_dd8413e77cfbad82a33c0b2f86afc32a,,
VirusShare_1cb0a159d8d0efd83c0d361eadd6a02d,1cb0a159d8d0efd83c0d361eadd6a02d,0,/mnt/datadisk/./datasets/0/VirusShare_1cb0a159d8d0efd83c0d361eadd6a02d,,
VirusShare_3e82d4b205d458e65db00eb0f4231546,3e82d4b205d458e65db00eb0f4231546,1,/mnt/datadisk/./datasets/1/VirusShare_3e82d4b205d458e65db00eb0f4231546,,
VirusShare_3091c7b0a02b6ec14a650e3a7f59546b,3091c7b0a02b6ec14a650e3a7f59546b,1,/mnt/datadisk/./datasets/1/VirusShare_3091c7b0a02b6ec14a650e3a7f59546b,,
VirusShare_f07c2c86a48b11587345cde8f9b04f0f,f07c2c86a48b11587345cde8f9b04f0f,1,/mnt/datadisk/./datasets/1/VirusShare_f07c2c86a48b11587345cde8f9b04f0f,,
VirusShare_5fbdb67d70370031243a318db2299252,5fbdb67d70370031243a318db2299252,1,/mnt/datadisk/./datasets/1/VirusShare_5fbdb67d70370031243a318db2299252,,
VirusShare_b1950a201450af41e0839be259cc3802,b1950a201450af41e0839be259cc3802,0,/mnt/datadisk/./datasets/0/VirusShare_b1950a201450af41e0839be259cc3802,,
VirusShare_d428b80b655ce07f5a7f080e4c22f10c,d428b80b655ce07f5a7f080e4c22f10c,0,/mnt/datadisk/./datasets/0/VirusShare_d428b80b655ce07f5a7f080e4c22f10c,,
VirusShare_14f72e7da3fac6d45823168e82c31196,14f72e7da3fac6d45823168e82c31196,1,/mnt/datadisk/./datasets/1/VirusShare_14f72e7da3fac6d45823168e82c31196,,
VirusShare_4cc9746206081b3c18d13f96832a14e3,4cc9746206081b3c18d13f96832a14e3,0,/mnt/datadisk/./datasets/0/VirusShare_4cc9746206081b3c18d13f96832a14e3,,
VirusShare_af6554157e0fdfdf88924d0cecd62285,af6554157e0fdfdf88924d0cecd62285,0,/mnt/datadisk/./datasets/0/VirusShare_af6554157e0fdfdf88924d0cecd62285,,
VirusShare_3f741b3ed188ad012e949de9a8d43d01,3f741b3ed188ad012e949de9a8d43d01,0,/mnt/datadisk/./datasets/0/VirusShare_3f741b3ed188ad012e949de9a8d43d01,,
VirusShare_320bf266728081e64167a2b48e366175,320bf266728081e64167a2b48e366175,0,/mnt/datadisk/./datasets/0/VirusShare_320bf266728081e64167a2b48e366175,,
VirusShare_2587dcc00649b5a2e97a2d9e936dc103,2587dcc00649b5a2e97a2d9e936dc103,1,/mnt/datadisk/./datasets/1/VirusShare_2587dcc00649b5a2e97a2d9e936dc103,,
VirusShare_b6cb00601ce487d3876cda934f030534,b6cb00601ce487d3876cda934f030534,1,/mnt/datadisk/./datasets/1/VirusShare_b6cb00601ce487d3876cda934f030534,,
VirusShare_42cc54c3a36f058b00482ba69db1a061,42cc54c3a36f058b00482ba69db1a061,0,/mnt/datadisk/./datasets/0/VirusShare_42cc54c3a36f058b00482ba69db1a061,,
VirusShare_d60ce57bb64828e005085752890f8821,d60ce57bb64828e005085752890f8821,0,/mnt/datadisk/./datasets/0/VirusShare_d60ce57bb64828e005085752890f8821,,
VirusShare_579aae919b3f3c79a71fbdf70083f2e3,579aae919b3f3c79a71fbdf70083f2e3,0,/mnt/datadisk/./datasets/0/VirusShare_579aae919b3f3c79a71fbdf70083f2e3,,
VirusShare_2f7d477f3d12b6710b11e908a4af26e0,2f7d477f3d12b6710b11e908a4af26e0,1,/mnt/datadisk/./datasets/1/VirusShare_2f7d477f3d12b6710b11e908a4af26e0,,
VirusShare_532c39933bec8f3813f7acc6f870810f,532c39933bec8f3813f7acc6f870810f,1,/mnt/datadisk/./datasets/1/VirusShare_532c39933bec8f3813f7acc6f870810f,,
VirusShare_52799b712cd62f7ec5160672ffeb16d2,52799b712cd62f7ec5160672ffeb16d2,0,/mnt/datadisk/./datasets/0/VirusShare_52799b712cd62f7ec5160672ffeb16d2,,
VirusShare_262cf062a4c6fc200ade5fcb804b9e24,262cf062a4c6fc200ade5fcb804b9e24,0,/mnt/datadisk/./datasets/0/VirusShare_262cf062a4c6fc200ade5fcb804b9e24,,
VirusShare_b052f23822818bd3be036bd3f3f6818a,b052f23822818bd3be036bd3f3f6818a,0,/mnt/datadisk/./datasets/0/VirusShare_b052f23822818bd3be036bd3f3f6818a,,
VirusShare_2412fbb3b0ea8d1b1c6eb52515ab5258,2412fbb3b0ea8d1b1c6eb52515ab5258,0,/mnt/datadisk/./datasets/0/VirusShare_2412fbb3b0ea8d1b1c6eb52515ab5258,,
VirusShare_78f99494e2ffe97f47c7384f15ced1cc,78f99494e2ffe97f47c7384f15ced1cc,0,/mnt/datadisk/./datasets/0/VirusShare_78f99494e2ffe97f47c7384f15ced1cc,,
VirusShare_b453cf182b5aa6bec317e35026ae8153,b453cf182b5aa6bec317e35026ae8153,0,/mnt/datadisk/./datasets/0/VirusShare_b453cf182b5aa6bec317e35026ae8153,,
VirusShare_1bbe3a3f1efad030be690f626257483a,1bbe3a3f1efad030be690f626257483a,0,/mnt/datadisk/./datasets/0/VirusShare_1bbe3a3f1efad030be690f626257483a,,
VirusShare_f6ed5c51bd0575a57c14d41a92588719,f6ed5c51bd0575a57c14d41a92588719,1,/mnt/datadisk/./datasets/1/VirusShare_f6ed5c51bd0575a57c14d41a92588719,,
VirusShare_02bfb7863cc0f07550c5eafecf222a16,02bfb7863cc0f07550c5eafecf222a16,0,/mnt/datadisk/./datasets/0/VirusShare_02bfb7863cc0f07550c5eafecf222a16,,
VirusShare_4dad2c5f0db2d80db7df461930ad8ddb,4dad2c5f0db2d80db7df461930ad8ddb,0,/mnt/datadisk/./datasets/0/VirusShare_4dad2c5f0db2d80db7df461930ad8ddb,,
VirusShare_3c95c54e9870414cd65759aef4800f49,3c95c54e9870414cd65759aef4800f49,1,/mnt/datadisk/./datasets/1/VirusShare_3c95c54e9870414cd65759aef4800f49,,
VirusShare_76cd429a71cf1c495d89f09f1cebe16f,76cd429a71cf1c495d89f09f1cebe16f,0,/mnt/datadisk/./datasets/0/VirusShare_76cd429a71cf1c495d89f09f1cebe16f,,
VirusShare_2a25b23bad5b861c91f6a40c6e093857,2a25b23bad5b861c91f6a40c6e093857,1,/mnt/datadisk/./datasets/1/VirusShare_2a25b23bad5b861c91f6a40c6e093857,,
VirusShare_75214418c602052280a7fd4373d53091,75214418c602052280a7fd4373d53091,0,/mnt/datadisk/./datasets/0/VirusShare_75214418c602052280a7fd4373d53091,,
VirusShare_a4a6d0991574dde687ab2645fb8e2e33,a4a6d0991574dde687ab2645fb8e2e33,0,/mnt/datadisk/./datasets/0/VirusShare_a4a6d0991574dde687ab2645fb8e2e33,,
VirusShare_d296104b1f8a5abe154b7053e4b50b97,d296104b1f8a5abe154b7053e4b50b97,0,/mnt/datadisk/./datasets/0/VirusShare_d296104b1f8a5abe154b7053e4b50b97,,
VirusShare_58f3528be202aae15ed228d7189416c6,58f3528be202aae15ed228d7189416c6,0,/mnt/datadisk/./datasets/0/VirusShare_58f3528be202aae15ed228d7189416c6,,
VirusShare_5a1f10f69cc9eaac95ff062ad3d0fd11,5a1f10f69cc9eaac95ff062ad3d0fd11,0,/mnt/datadisk/./datasets/0/VirusShare_5a1f10f69cc9eaac95ff062ad3d0fd11,,
VirusShare_bc22bfc6f1892f506a15b79cf909abd4,bc22bfc6f1892f506a15b79cf909abd4,0,/mnt/datadisk/./datasets/0/VirusShare_bc22bfc6f1892f506a15b79cf909abd4,,
VirusShare_6b107d68de254301bebed1763c93592c,6b107d68de254301bebed1763c93592c,0,/mnt/datadisk/./datasets/0/VirusShare_6b107d68de254301bebed1763c93592c,,
VirusShare_26899ae11d9e8c28d9439fb19a187fb2,26899ae11d9e8c28d9439fb19a187fb2,1,/mnt/datadisk/./datasets/1/VirusShare_26899ae11d9e8c28d9439fb19a187fb2,,
VirusShare_5e0b3da98257bd5a119c66a36ab79b65,5e0b3da98257bd5a119c66a36ab79b65,0,/mnt/datadisk/./datasets/0/VirusShare_5e0b3da98257bd5a119c66a36ab79b65,,
VirusShare_38f30955332ca28f4cfeb13366ad3529,38f30955332ca28f4cfeb13366ad3529,0,/mnt/datadisk/./datasets/0/VirusShare_38f30955332ca28f4cfeb13366ad3529,,
VirusShare_671dc352863f2f3245ec29e69afaf6c2,671dc352863f2f3245ec29e69afaf6c2,0,/mnt/datadisk/./datasets/0/VirusShare_671dc352863f2f3245ec29e69afaf6c2,,
VirusShare_3d56adfc174fe55c2f45a846d39a3473,3d56adfc174fe55c2f45a846d39a3473,0,/mnt/datadisk/./datasets/0/VirusShare_3d56adfc174fe55c2f45a846d39a3473,,
VirusShare_479965df665799efd52abad0d5c2e432,479965df665799efd52abad0d5c2e432,0,/mnt/datadisk/./datasets/0/VirusShare_479965df665799efd52abad0d5c2e432,,
VirusShare_b4ef19d64737093cef8614630f9e1e6e,b4ef19d64737093cef8614630f9e1e6e,1,/mnt/datadisk/./datasets/1/VirusShare_b4ef19d64737093cef8614630f9e1e6e,,
VirusShare_a9c561b9dd2cbd4607153b84005b739f,a9c561b9dd2cbd4607153b84005b739f,1,/mnt/datadisk/./datasets/1/VirusShare_a9c561b9dd2cbd4607153b84005b739f,,
VirusShare_9061ad1fe8b3574e39261a02989fa86c,9061ad1fe8b3574e39261a02989fa86c,0,/mnt/datadisk/./datasets/0/VirusShare_9061ad1fe8b3574e39261a02989fa86c,,
VirusShare_af01622868de049af4820d2217f81462,af01622868de049af4820d2217f81462,0,/mnt/datadisk/./datasets/0/VirusShare_af01622868de049af4820d2217f81462,,
VirusShare_5824addc5cace9168fb18810a557998d,5824addc5cace9168fb18810a557998d,1,/mnt/datadisk/./datasets/1/VirusShare_5824addc5cace9168fb18810a557998d,,
VirusShare_a48580f20d8fb49cb3f5ef2ae44bca16,a48580f20d8fb49cb3f5ef2ae44bca16,0,/mnt/datadisk/./datasets/0/VirusShare_a48580f20d8fb49cb3f5ef2ae44bca16,,
VirusShare_4bdced0b9013a00257126e0bc82865f8,4bdced0b9013a00257126e0bc82865f8,0,/mnt/datadisk/./datasets/0/VirusShare_4bdced0b9013a00257126e0bc82865f8,,
VirusShare_d9c21c077159415e58890a0ac97a2cb4,d9c21c077159415e58890a0ac97a2cb4,1,/mnt/datadisk/./datasets/1/VirusShare_d9c21c077159415e58890a0ac97a2cb4,,
VirusShare_6b976186f1c68d039e53cd7d1d8c4bcb,6b976186f1c68d039e53cd7d1d8c4bcb,1,/mnt/datadisk/./datasets/1/VirusShare_6b976186f1c68d039e53cd7d1d8c4bcb,,
VirusShare_6535c0b8a596157a302782edba77ff02,6535c0b8a596157a302782edba77ff02,0,/mnt/datadisk/./datasets/0/VirusShare_6535c0b8a596157a302782edba77ff02,,
VirusShare_38ad02cae015e2d85c00625e0631aa75,38ad02cae015e2d85c00625e0631aa75,1,/mnt/datadisk/./datasets/1/VirusShare_38ad02cae015e2d85c00625e0631aa75,,
VirusShare_f5c63d05a6af074c97f19399e7411cdf,f5c63d05a6af074c97f19399e7411cdf,0,/mnt/datadisk/./datasets/0/VirusShare_f5c63d05a6af074c97f19399e7411cdf,,
VirusShare_b93f0cde07773f2e5344acaa61266ff2,b93f0cde07773f2e5344acaa61266ff2,0,/mnt/datadisk/./datasets/0/VirusShare_b93f0cde07773f2e5344acaa61266ff2,,
VirusShare_857b62a4a4f39c1d836f15cce0e15a4c,857b62a4a4f39c1d836f15cce0e15a4c,1,/mnt/datadisk/./datasets/1/VirusShare_857b62a4a4f39c1d836f15cce0e15a4c,,
VirusShare_d069a851e465f12753815fbed9c8d196,d069a851e465f12753815fbed9c8d196,0,/mnt/datadisk/./datasets/0/VirusShare_d069a851e465f12753815fbed9c8d196,,
VirusShare_49ae90c1479fa19fcface2ef9c1c6bb8,49ae90c1479fa19fcface2ef9c1c6bb8,1,/mnt/datadisk/./datasets/1/VirusShare_49ae90c1479fa19fcface2ef9c1c6bb8,,
VirusShare_322375f04d080ddfbfcb26c1bff4a884,322375f04d080ddfbfcb26c1bff4a884,0,/mnt/datadisk/./datasets/0/VirusShare_322375f04d080ddfbfcb26c1bff4a884,,
VirusShare_e416e6577509f75f63ce80f75cfd0823,e416e6577509f75f63ce80f75cfd0823,0,/mnt/datadisk/./datasets/0/VirusShare_e416e6577509f75f63ce80f75cfd0823,,
VirusShare_68e419a44503b5d1b529e6ae2afcb0c3,68e419a44503b5d1b529e6ae2afcb0c3,0,/mnt/datadisk/./datasets/0/VirusShare_68e419a44503b5d1b529e6ae2afcb0c3,,
VirusShare_7ab2221ff5788f5bf90129935b31e6fc,7ab2221ff5788f5bf90129935b31e6fc,1,/mnt/datadisk/./datasets/1/VirusShare_7ab2221ff5788f5bf90129935b31e6fc,,
VirusShare_f6d91d0d830f0deac31680f681743d43,f6d91d0d830f0deac31680f681743d43,1,/mnt/datadisk/./datasets/1/VirusShare_f6d91d0d830f0deac31680f681743d43,,
VirusShare_1ba78cc61dcd5a846639762fb954d1de,1ba78cc61dcd5a846639762fb954d1de,0,/mnt/datadisk/./datasets/0/VirusShare_1ba78cc61dcd5a846639762fb954d1de,,
VirusShare_7950b232da88b12a0af81d888feb1032,7950b232da88b12a0af81d888feb1032,0,/mnt/datadisk/./datasets/0/VirusShare_7950b232da88b12a0af81d888feb1032,,
VirusShare_f563081fe6b8ed73a8ec12617ef7f61c,f563081fe6b8ed73a8ec12617ef7f61c,1,/mnt/datadisk/./datasets/1/VirusShare_f563081fe6b8ed73a8ec12617ef7f61c,,
VirusShare_873042ccfe7950e26376d7fa96fd07fc,873042ccfe7950e26376d7fa96fd07fc,0,/mnt/datadisk/./datasets/0/VirusShare_873042ccfe7950e26376d7fa96fd07fc,,
VirusShare_047ada9ea5c4c6ffa7a39ab1580f5b53,047ada9ea5c4c6ffa7a39ab1580f5b53,0,/mnt/datadisk/./datasets/0/VirusShare_047ada9ea5c4c6ffa7a39ab1580f5b53,,
VirusShare_da078d0d922bb253e2c2d4bc3bcaafd3,da078d0d922bb253e2c2d4bc3bcaafd3,0,/mnt/datadisk/./datasets/0/VirusShare_da078d0d922bb253e2c2d4bc3bcaafd3,,
VirusShare_86fd0475d126ca714f3a2c5c2c4376cf,86fd0475d126ca714f3a2c5c2c4376cf,1,/mnt/datadisk/./datasets/1/VirusShare_86fd0475d126ca714f3a2c5c2c4376cf,,
VirusShare_9c16bd2baf802df1313a2c5777cfeba7,9c16bd2baf802df1313a2c5777cfeba7,0,/mnt/datadisk/./datasets/0/VirusShare_9c16bd2baf802df1313a2c5777cfeba7,,
VirusShare_e650ecd6739766557981e3e7ddd28c20,e650ecd6739766557981e3e7ddd28c20,1,/mnt/datadisk/./datasets/1/VirusShare_e650ecd6739766557981e3e7ddd28c20,,
VirusShare_50a5cc7241d85d2d3fdcb11d2d4fdd31,50a5cc7241d85d2d3fdcb11d2d4fdd31,0,/mnt/datadisk/./datasets/0/VirusShare_50a5cc7241d85d2d3fdcb11d2d4fdd31,,
VirusShare_86dc1242f427ff2b3d597e5d4e8a60bf,86dc1242f427ff2b3d597e5d4e8a60bf,0,/mnt/datadisk/./datasets/0/VirusShare_86dc1242f427ff2b3d597e5d4e8a60bf,,
VirusShare_792b9eda0dd4aab8df43f127e84ce2d0,792b9eda0dd4aab8df43f127e84ce2d0,1,/mnt/datadisk/./datasets/1/VirusShare_792b9eda0dd4aab8df43f127e84ce2d0,,
VirusShare_6db507b9ea8ba995892381c41052c4b5,6db507b9ea8ba995892381c41052c4b5,0,/mnt/datadisk/./datasets/0/VirusShare_6db507b9ea8ba995892381c41052c4b5,,
VirusShare_f31cde8973df6ea521b90fdf8227374e,f31cde8973df6ea521b90fdf8227374e,0,/mnt/datadisk/./datasets/0/VirusShare_f31cde8973df6ea521b90fdf8227374e,,
VirusShare_d8043c83caad8f040877fca78c31ffa8,d8043c83caad8f040877fca78c31ffa8,1,/mnt/datadisk/./datasets/1/VirusShare_d8043c83caad8f040877fca78c31ffa8,,
VirusShare_ac90b0b1616bc8be41258e7acc863745,ac90b0b1616bc8be41258e7acc863745,1,/mnt/datadisk/./datasets/1/VirusShare_ac90b0b1616bc8be41258e7acc863745,,
VirusShare_a9fcd9281e378c886b8bf8d2d318ce5f,a9fcd9281e378c886b8bf8d2d318ce5f,0,/mnt/datadisk/./datasets/0/VirusShare_a9fcd9281e378c886b8bf8d2d318ce5f,,
VirusShare_53a45c691bc714650f286ee6f3409335,53a45c691bc714650f286ee6f3409335,1,/mnt/datadisk/./datasets/1/VirusShare_53a45c691bc714650f286ee6f3409335,,
VirusShare_308428378f17274f3ba566f432e484f0,308428378f17274f3ba566f432e484f0,0,/mnt/datadisk/./datasets/0/VirusShare_308428378f17274f3ba566f432e484f0,,
VirusShare_a1dc9adedb5bcde7c2a4fd535d8d4601,a1dc9adedb5bcde7c2a4fd535d8d4601,1,/mnt/datadisk/./datasets/1/VirusShare_a1dc9adedb5bcde7c2a4fd535d8d4601,,
VirusShare_b578432b59921a8fec01d74cafbe8c5f,b578432b59921a8fec01d74cafbe8c5f,0,/mnt/datadisk/./datasets/0/VirusShare_b578432b59921a8fec01d74cafbe8c5f,,
VirusShare_345e98e236be7ff4c4943c2fe64d4a5d,345e98e236be7ff4c4943c2fe64d4a5d,0,/mnt/datadisk/./datasets/0/VirusShare_345e98e236be7ff4c4943c2fe64d4a5d,,
VirusShare_69c18f984c3af834da4f2adabd46050f,69c18f984c3af834da4f2adabd46050f,0,/mnt/datadisk/./datasets/0/VirusShare_69c18f984c3af834da4f2adabd46050f,,
VirusShare_43c07320f9bb04b9a143f27626579c19,43c07320f9bb04b9a143f27626579c19,0,/mnt/datadisk/./datasets/0/VirusShare_43c07320f9bb04b9a143f27626579c19,,
VirusShare_34227ff0eb91b51ba399d0bd83f061a5,34227ff0eb91b51ba399d0bd83f061a5,0,/mnt/datadisk/./datasets/0/VirusShare_34227ff0eb91b51ba399d0bd83f061a5,,
VirusShare_519a54eafe876b99f10e2e5dcc8f0e4e,519a54eafe876b99f10e2e5dcc8f0e4e,0,/mnt/datadisk/./datasets/0/VirusShare_519a54eafe876b99f10e2e5dcc8f0e4e,,
VirusShare_109c885cfa000ea4d0c72f9e30e7191c,109c885cfa000ea4d0c72f9e30e7191c,1,/mnt/datadisk/./datasets/1/VirusShare_109c885cfa000ea4d0c72f9e30e7191c,,
VirusShare_e04ada70e364434309d37557d6b95d21,e04ada70e364434309d37557d6b95d21,1,/mnt/datadisk/./datasets/1/VirusShare_e04ada70e364434309d37557d6b95d21,,
VirusShare_a3d61c51677550bcab428e66d5ae3080,a3d61c51677550bcab428e66d5ae3080,1,/mnt/datadisk/./datasets/1/VirusShare_a3d61c51677550bcab428e66d5ae3080,,
VirusShare_7f5cd2d703d880b581bb77dd87007949,7f5cd2d703d880b581bb77dd87007949,1,/mnt/datadisk/./datasets/1/VirusShare_7f5cd2d703d880b581bb77dd87007949,,
VirusShare_18f4590eaf1053039b4b8df0a1dd398f,18f4590eaf1053039b4b8df0a1dd398f,0,/mnt/datadisk/./datasets/0/VirusShare_18f4590eaf1053039b4b8df0a1dd398f,,
VirusShare_7dba219bab41cb4d41e743e7cd5d7b17,7dba219bab41cb4d41e743e7cd5d7b17,1,/mnt/datadisk/./datasets/1/VirusShare_7dba219bab41cb4d41e743e7cd5d7b17,,
VirusShare_ed997df81182d859efa0d13b01cf0ae0,ed997df81182d859efa0d13b01cf0ae0,0,/mnt/datadisk/./datasets/0/VirusShare_ed997df81182d859efa0d13b01cf0ae0,,
VirusShare_0c2e399dc76c6cbd8b886f606adf75f1,0c2e399dc76c6cbd8b886f606adf75f1,1,/mnt/datadisk/./datasets/1/VirusShare_0c2e399dc76c6cbd8b886f606adf75f1,,
VirusShare_e37102cc78195445604353c0d38cef50,e37102cc78195445604353c0d38cef50,1,/mnt/datadisk/./datasets/1/VirusShare_e37102cc78195445604353c0d38cef50,,
VirusShare_40e92eed4260eecb73ba96b7922883ea,40e92eed4260eecb73ba96b7922883ea,0,/mnt/datadisk/./datasets/0/VirusShare_40e92eed4260eecb73ba96b7922883ea,,
VirusShare_3df6c2fb9786d5b57a2a8b91066c3155,3df6c2fb9786d5b57a2a8b91066c3155,1,/mnt/datadisk/./datasets/1/VirusShare_3df6c2fb9786d5b57a2a8b91066c3155,,
VirusShare_a311cef429085f54e95b32fd836c56b6,a311cef429085f54e95b32fd836c56b6,0,/mnt/datadisk/./datasets/0/VirusShare_a311cef429085f54e95b32fd836c56b6,,
VirusShare_9f160499b4c84bd5b5b1e9bb86f1a810,9f160499b4c84bd5b5b1e9bb86f1a810,1,/mnt/datadisk/./datasets/1/VirusShare_9f160499b4c84bd5b5b1e9bb86f1a810,,
VirusShare_1c65424b6e836ce43581571c11de74c8,1c65424b6e836ce43581571c11de74c8,0,/mnt/datadisk/./datasets/0/VirusShare_1c65424b6e836ce43581571c11de74c8,,
VirusShare_f66adf68cf7627fbacb11202c306da32,f66adf68cf7627fbacb11202c306da32,0,/mnt/datadisk/./datasets/0/VirusShare_f66adf68cf7627fbacb11202c306da32,,
VirusShare_08022f467a680bb344c1a1f0df824072,08022f467a680bb344c1a1f0df824072,0,/mnt/datadisk/./datasets/0/VirusShare_08022f467a680bb344c1a1f0df824072,,
VirusShare_e7cdfc39a7500d08fb0e3cabbcd0b507,e7cdfc39a7500d08fb0e3cabbcd0b507,0,/mnt/datadisk/./datasets/0/VirusShare_e7cdfc39a7500d08fb0e3cabbcd0b507,,
VirusShare_0c0a6986f5386d322a6f3842d12d3092,0c0a6986f5386d322a6f3842d12d3092,1,/mnt/datadisk/./datasets/1/VirusShare_0c0a6986f5386d322a6f3842d12d3092,,
VirusShare_c52ae394931798c848d68c01b3c24d0b,c52ae394931798c848d68c01b3c24d0b,0,/mnt/datadisk/./datasets/0/VirusShare_c52ae394931798c848d68c01b3c24d0b,,
VirusShare_809c413d34b1689b66a083c03f2535a0,809c413d34b1689b66a083c03f2535a0,1,/mnt/datadisk/./datasets/1/VirusShare_809c413d34b1689b66a083c03f2535a0,,
VirusShare_1e314a2b2315a0b42aa6ed8be8dedcb9,1e314a2b2315a0b42aa6ed8be8dedcb9,1,/mnt/datadisk/./datasets/1/VirusShare_1e314a2b2315a0b42aa6ed8be8dedcb9,,
VirusShare_bcebc46ed9e2bf4277c76bc9c469fc70,bcebc46ed9e2bf4277c76bc9c469fc70,0,/mnt/datadisk/./datasets/0/VirusShare_bcebc46ed9e2bf4277c76bc9c469fc70,,
VirusShare_d714cf737608816639a6aad7f91954a2,d714cf737608816639a6aad7f91954a2,0,/mnt/datadisk/./datasets/0/VirusShare_d714cf737608816639a6aad7f91954a2,,
VirusShare_e403880914b636cb9b7881e8571bfbaf,e403880914b636cb9b7881e8571bfbaf,0,/mnt/datadisk/./datasets/0/VirusShare_e403880914b636cb9b7881e8571bfbaf,,
VirusShare_5928745f1d5cab62de613b4c5f558df1,5928745f1d5cab62de613b4c5f558df1,1,/mnt/datadisk/./datasets/1/VirusShare_5928745f1d5cab62de613b4c5f558df1,,
VirusShare_8db8a1ba0010fafaf47a3e7f8c2b31ce,8db8a1ba0010fafaf47a3e7f8c2b31ce,0,/mnt/datadisk/./datasets/0/VirusShare_8db8a1ba0010fafaf47a3e7f8c2b31ce,,
VirusShare_5afcdf169b99322bd7d70c8d4ed63368,5afcdf169b99322bd7d70c8d4ed63368,0,/mnt/datadisk/./datasets/0/VirusShare_5afcdf169b99322bd7d70c8d4ed63368,,
VirusShare_dda29696697627935b491cb9213606eb,dda29696697627935b491cb9213606eb,0,/mnt/datadisk/./datasets/0/VirusShare_dda29696697627935b491cb9213606eb,,
VirusShare_f123bc0b64607dbf5fc90a6a4ebc7008,f123bc0b64607dbf5fc90a6a4ebc7008,0,/mnt/datadisk/./datasets/0/VirusShare_f123bc0b64607dbf5fc90a6a4ebc7008,,
VirusShare_ada34ff747e577fd6ceff08f5f95f8b8,ada34ff747e577fd6ceff08f5f95f8b8,0,/mnt/datadisk/./datasets/0/VirusShare_ada34ff747e577fd6ceff08f5f95f8b8,,
VirusShare_86e66ea0b7574319ad1797b0b14db97e,86e66ea0b7574319ad1797b0b14db97e,0,/mnt/datadisk/./datasets/0/VirusShare_86e66ea0b7574319ad1797b0b14db97e,,
VirusShare_cc9a20da01c7477b76bc35e09c5bd83f,cc9a20da01c7477b76bc35e09c5bd83f,0,/mnt/datadisk/./datasets/0/VirusShare_cc9a20da01c7477b76bc35e09c5bd83f,,
VirusShare_1650dcefc9481185beaa183df5e47055,1650dcefc9481185beaa183df5e47055,0,/mnt/datadisk/./datasets/0/VirusShare_1650dcefc9481185beaa183df5e47055,,
VirusShare_eb25477afa75178c83a5ca78781192b3,eb25477afa75178c83a5ca78781192b3,0,/mnt/datadisk/./datasets/0/VirusShare_eb25477afa75178c83a5ca78781192b3,,
VirusShare_a0680a1de10066f640fd52149343d384,a0680a1de10066f640fd52149343d384,1,/mnt/datadisk/./datasets/1/VirusShare_a0680a1de10066f640fd52149343d384,,
VirusShare_5b8a888c99c047feb2a2fb858a02dae9,5b8a888c99c047feb2a2fb858a02dae9,0,/mnt/datadisk/./datasets/0/VirusShare_5b8a888c99c047feb2a2fb858a02dae9,,
VirusShare_c6a60f9bcdc3f8b8d0c9e6f882ac1ff5,c6a60f9bcdc3f8b8d0c9e6f882ac1ff5,0,/mnt/datadisk/./datasets/0/VirusShare_c6a60f9bcdc3f8b8d0c9e6f882ac1ff5,,
VirusShare_a9d8fd978b8fc9912a8f6fbdd241d3f5,a9d8fd978b8fc9912a8f6fbdd241d3f5,0,/mnt/datadisk/./datasets/0/VirusShare_a9d8fd978b8fc9912a8f6fbdd241d3f5,,
VirusShare_66efc2037745d35ea5100b0d0f512b3c,66efc2037745d35ea5100b0d0f512b3c,0,/mnt/datadisk/./datasets/0/VirusShare_66efc2037745d35ea5100b0d0f512b3c,,
VirusShare_8ff8b5501d9a7a4fffbedae5403171c9,8ff8b5501d9a7a4fffbedae5403171c9,0,/mnt/datadisk/./datasets/0/VirusShare_8ff8b5501d9a7a4fffbedae5403171c9,,
VirusShare_de6b0434de35cf7e80ca010ea9c0bd03,de6b0434de35cf7e80ca010ea9c0bd03,0,/mnt/datadisk/./datasets/0/VirusShare_de6b0434de35cf7e80ca010ea9c0bd03,,
VirusShare_ca2b1289543a6b2708f1347c3beb79f4,ca2b1289543a6b2708f1347c3beb79f4,1,/mnt/datadisk/./datasets/1/VirusShare_ca2b1289543a6b2708f1347c3beb79f4,,
VirusShare_f0a0657f8acbaf9c9c630a5517ed8163,f0a0657f8acbaf9c9c630a5517ed8163,0,/mnt/datadisk/./datasets/0/VirusShare_f0a0657f8acbaf9c9c630a5517ed8163,,
VirusShare_578a2a0aa83a8164798978f92820c70b,578a2a0aa83a8164798978f92820c70b,0,/mnt/datadisk/./datasets/0/VirusShare_578a2a0aa83a8164798978f92820c70b,,
VirusShare_03a9271c12558388bce7e27db4980912,03a9271c12558388bce7e27db4980912,0,/mnt/datadisk/./datasets/0/VirusShare_03a9271c12558388bce7e27db4980912,,
VirusShare_99246ea6f0b139032fac853685448b79,99246ea6f0b139032fac853685448b79,0,/mnt/datadisk/./datasets/0/VirusShare_99246ea6f0b139032fac853685448b79,,
VirusShare_558279918b7188327de83ea39800ec67,558279918b7188327de83ea39800ec67,1,/mnt/datadisk/./datasets/1/VirusShare_558279918b7188327de83ea39800ec67,,
VirusShare_f9d38541fb6f9dce6f057374e996a1c5,f9d38541fb6f9dce6f057374e996a1c5,0,/mnt/datadisk/./datasets/0/VirusShare_f9d38541fb6f9dce6f057374e996a1c5,,
VirusShare_70ec1120f63f2e0de5d2b1d90cac63e6,70ec1120f63f2e0de5d2b1d90cac63e6,1,/mnt/datadisk/./datasets/1/VirusShare_70ec1120f63f2e0de5d2b1d90cac63e6,,
VirusShare_3f7f453489af5355c185ef7f7b3206ee,3f7f453489af5355c185ef7f7b3206ee,0,/mnt/datadisk/./datasets/0/VirusShare_3f7f453489af5355c185ef7f7b3206ee,,
VirusShare_734de7671001eb189ed8b49d0544f743,734de7671001eb189ed8b49d0544f743,0,/mnt/datadisk/./datasets/0/VirusShare_734de7671001eb189ed8b49d0544f743,,
VirusShare_dcf975c363d19e88185f0b1629dc51a9,dcf975c363d19e88185f0b1629dc51a9,0,/mnt/datadisk/./datasets/0/VirusShare_dcf975c363d19e88185f0b1629dc51a9,,
VirusShare_7f6ff6cab40283e143efad48cda98926,7f6ff6cab40283e143efad48cda98926,1,/mnt/datadisk/./datasets/1/VirusShare_7f6ff6cab40283e143efad48cda98926,,
VirusShare_c2707876ed1fdda2e9749ab9e7f4ed85,c2707876ed1fdda2e9749ab9e7f4ed85,0,/mnt/datadisk/./datasets/0/VirusShare_c2707876ed1fdda2e9749ab9e7f4ed85,,
VirusShare_082e530d5eca92e8ad49c1b8487c05aa,082e530d5eca92e8ad49c1b8487c05aa,0,/mnt/datadisk/./datasets/0/VirusShare_082e530d5eca92e8ad49c1b8487c05aa,,
VirusShare_3a8b5d6c93e59af78339255be66d8373,3a8b5d6c93e59af78339255be66d8373,0,/mnt/datadisk/./datasets/0/VirusShare_3a8b5d6c93e59af78339255be66d8373,,
VirusShare_2565cf16832fc04aae2c021155c01abb,2565cf16832fc04aae2c021155c01abb,0,/mnt/datadisk/./datasets/0/VirusShare_2565cf16832fc04aae2c021155c01abb,,
VirusShare_74cc6b0b0468a76f5b0b76333d7049b1,74cc6b0b0468a76f5b0b76333d7049b1,1,/mnt/datadisk/./datasets/1/VirusShare_74cc6b0b0468a76f5b0b76333d7049b1,,
VirusShare_9d0aeb27bb49a2b17e1364f20cee77f7,9d0aeb27bb49a2b17e1364f20cee77f7,1,/mnt/datadisk/./datasets/1/VirusShare_9d0aeb27bb49a2b17e1364f20cee77f7,,
VirusShare_6a24c0fed031b5a4034f46480f58e8b6,6a24c0fed031b5a4034f46480f58e8b6,0,/mnt/datadisk/./datasets/0/VirusShare_6a24c0fed031b5a4034f46480f58e8b6,,
VirusShare_6f8bf255e6f20bc1ba4f5ba497cff297,6f8bf255e6f20bc1ba4f5ba497cff297,1,/mnt/datadisk/./datasets/1/VirusShare_6f8bf255e6f20bc1ba4f5ba497cff297,,
VirusShare_f2daea1be217ae3816a0fa7075a804e3,f2daea1be217ae3816a0fa7075a804e3,1,/mnt/datadisk/./datasets/1/VirusShare_f2daea1be217ae3816a0fa7075a804e3,,
VirusShare_b67bcbf559492d1f2edaf7938e5bfb7d,b67bcbf559492d1f2edaf7938e5bfb7d,0,/mnt/datadisk/./datasets/0/VirusShare_b67bcbf559492d1f2edaf7938e5bfb7d,,
VirusShare_fbb51b4679800966750d7cab864723b9,fbb51b4679800966750d7cab864723b9,0,/mnt/datadisk/./datasets/0/VirusShare_fbb51b4679800966750d7cab864723b9,,
VirusShare_73af75d5d5b8e2ffb64c1996e93de7f9,73af75d5d5b8e2ffb64c1996e93de7f9,0,/mnt/datadisk/./datasets/0/VirusShare_73af75d5d5b8e2ffb64c1996e93de7f9,,
VirusShare_dd210143b24850348ad270b1f0f997af,dd210143b24850348ad270b1f0f997af,0,/mnt/datadisk/./datasets/0/VirusShare_dd210143b24850348ad270b1f0f997af,,
VirusShare_c4a7be7a2e3f82f60469cdf684fe89d3,c4a7be7a2e3f82f60469cdf684fe89d3,1,/mnt/datadisk/./datasets/1/VirusShare_c4a7be7a2e3f82f60469cdf684fe89d3,,
VirusShare_d20dab651d4804f5004bcbddc15831b5,d20dab651d4804f5004bcbddc15831b5,0,/mnt/datadisk/./datasets/0/VirusShare_d20dab651d4804f5004bcbddc15831b5,,
VirusShare_f14c8a35265b403ce74476f1d4f33aee,f14c8a35265b403ce74476f1d4f33aee,1,/mnt/datadisk/./datasets/1/VirusShare_f14c8a35265b403ce74476f1d4f33aee,,
VirusShare_4fe0453e912889c4982a608c413818cc,4fe0453e912889c4982a608c413818cc,1,/mnt/datadisk/./datasets/1/VirusShare_4fe0453e912889c4982a608c413818cc,,
VirusShare_d96a8c2449127d56cb5dc83ca8bf5edf,d96a8c2449127d56cb5dc83ca8bf5edf,1,/mnt/datadisk/./datasets/1/VirusShare_d96a8c2449127d56cb5dc83ca8bf5edf,,
VirusShare_b8950a4f240cb0a7da1eb0d3b6b94108,b8950a4f240cb0a7da1eb0d3b6b94108,1,/mnt/datadisk/./datasets/1/VirusShare_b8950a4f240cb0a7da1eb0d3b6b94108,,
VirusShare_840db84766920d7fd1b224016937e720,840db84766920d7fd1b224016937e720,0,/mnt/datadisk/./datasets/0/VirusShare_840db84766920d7fd1b224016937e720,,
VirusShare_bda2cba6e14f3dac537802869db7d587,bda2cba6e14f3dac537802869db7d587,0,/mnt/datadisk/./datasets/0/VirusShare_bda2cba6e14f3dac537802869db7d587,,
VirusShare_94d2cf2f17f06c6cf7c44cb87546e216,94d2cf2f17f06c6cf7c44cb87546e216,0,/mnt/datadisk/./datasets/0/VirusShare_94d2cf2f17f06c6cf7c44cb87546e216,,
VirusShare_572b2ad805f53f99cfabeb66de46adc6,572b2ad805f53f99cfabeb66de46adc6,1,/mnt/datadisk/./datasets/1/VirusShare_572b2ad805f53f99cfabeb66de46adc6,,
VirusShare_a6e2e4f0ee38c168e0588f42a65df06f,a6e2e4f0ee38c168e0588f42a65df06f,0,/mnt/datadisk/./datasets/0/VirusShare_a6e2e4f0ee38c168e0588f42a65df06f,,
VirusShare_4224bce4e5304c612d50b28e8ed80c98,4224bce4e5304c612d50b28e8ed80c98,0,/mnt/datadisk/./datasets/0/VirusShare_4224bce4e5304c612d50b28e8ed80c98,,
VirusShare_a80b6e076d0aa145567a697a64fda289,a80b6e076d0aa145567a697a64fda289,0,/mnt/datadisk/./datasets/0/VirusShare_a80b6e076d0aa145567a697a64fda289,,
VirusShare_00f8579037c7cfc0d89875d293e2f102,00f8579037c7cfc0d89875d293e2f102,0,/mnt/datadisk/./datasets/0/VirusShare_00f8579037c7cfc0d89875d293e2f102,,
VirusShare_9b056158ec62d8941e3c6d2914100f5f,9b056158ec62d8941e3c6d2914100f5f,0,/mnt/datadisk/./datasets/0/VirusShare_9b056158ec62d8941e3c6d2914100f5f,,
VirusShare_75ece5eebf60e104a30e58c4e0a33b28,75ece5eebf60e104a30e58c4e0a33b28,0,/mnt/datadisk/./datasets/0/VirusShare_75ece5eebf60e104a30e58c4e0a33b28,,
VirusShare_ee283089728595118a9fd75136ccbfca,ee283089728595118a9fd75136ccbfca,0,/mnt/datadisk/./datasets/0/VirusShare_ee283089728595118a9fd75136ccbfca,,
VirusShare_84ea67cee7b9c7e2bdc0a9015e0f2351,84ea67cee7b9c7e2bdc0a9015e0f2351,0,/mnt/datadisk/./datasets/0/VirusShare_84ea67cee7b9c7e2bdc0a9015e0f2351,,
VirusShare_3f9d044f59dc41d5a3b9eaca1b7d71d1,3f9d044f59dc41d5a3b9eaca1b7d71d1,0,/mnt/datadisk/./datasets/0/VirusShare_3f9d044f59dc41d5a3b9eaca1b7d71d1,,
VirusShare_f3842c23d32cece01794e1b1aef1ce1e,f3842c23d32cece01794e1b1aef1ce1e,1,/mnt/datadisk/./datasets/1/VirusShare_f3842c23d32cece01794e1b1aef1ce1e,,
VirusShare_122a6d2051953be2f182a2cd4fc26fe4,122a6d2051953be2f182a2cd4fc26fe4,0,/mnt/datadisk/./datasets/0/VirusShare_122a6d2051953be2f182a2cd4fc26fe4,,
VirusShare_c14f91fe7a1bf55b9ed2fb2363e0f339,c14f91fe7a1bf55b9ed2fb2363e0f339,1,/mnt/datadisk/./datasets/1/VirusShare_c14f91fe7a1bf55b9ed2fb2363e0f339,,
VirusShare_acffdb5120632725f25ffd44d6e225b7,acffdb5120632725f25ffd44d6e225b7,1,/mnt/datadisk/./datasets/1/VirusShare_acffdb5120632725f25ffd44d6e225b7,,
VirusShare_22a6c59355d7d613585abdbc4fcf0b0d,22a6c59355d7d613585abdbc4fcf0b0d,0,/mnt/datadisk/./datasets/0/VirusShare_22a6c59355d7d613585abdbc4fcf0b0d,,
VirusShare_23536ebe6858eb81b683bf4918c46cca,23536ebe6858eb81b683bf4918c46cca,0,/mnt/datadisk/./datasets/0/VirusShare_23536ebe6858eb81b683bf4918c46cca,,
VirusShare_239c804013f515320ab6e3597bc64f3d,239c804013f515320ab6e3597bc64f3d,1,/mnt/datadisk/./datasets/1/VirusShare_239c804013f515320ab6e3597bc64f3d,,
VirusShare_9f5e4dd68048763da3457d6b57e7903a,9f5e4dd68048763da3457d6b57e7903a,0,/mnt/datadisk/./datasets/0/VirusShare_9f5e4dd68048763da3457d6b57e7903a,,
VirusShare_6323588f34c35a22ac47170ef0c8349d,6323588f34c35a22ac47170ef0c8349d,1,/mnt/datadisk/./datasets/1/VirusShare_6323588f34c35a22ac47170ef0c8349d,,
VirusShare_b62ddc86a2c3ff81c34542e9e528184a,b62ddc86a2c3ff81c34542e9e528184a,0,/mnt/datadisk/./datasets/0/VirusShare_b62ddc86a2c3ff81c34542e9e528184a,,
VirusShare_19e3782c35b4576c143f9ed994899a99,19e3782c35b4576c143f9ed994899a99,1,/mnt/datadisk/./datasets/1/VirusShare_19e3782c35b4576c143f9ed994899a99,,
VirusShare_c57150951722bb5bed977a94096e5ef9,c57150951722bb5bed977a94096e5ef9,1,/mnt/datadisk/./datasets/1/VirusShare_c57150951722bb5bed977a94096e5ef9,,
VirusShare_767836d0878088422d5a1516fdb37b19,767836d0878088422d5a1516fdb37b19,0,/mnt/datadisk/./datasets/0/VirusShare_767836d0878088422d5a1516fdb37b19,,
VirusShare_9b74c0892e6e693f0570c2c666eb8fbd,9b74c0892e6e693f0570c2c666eb8fbd,0,/mnt/datadisk/./datasets/0/VirusShare_9b74c0892e6e693f0570c2c666eb8fbd,,
VirusShare_78a6182cce172beb6bb9d3179c64e3e6,78a6182cce172beb6bb9d3179c64e3e6,0,/mnt/datadisk/./datasets/0/VirusShare_78a6182cce172beb6bb9d3179c64e3e6,,
VirusShare_49a54ed121666865d623598f221bda30,49a54ed121666865d623598f221bda30,0,/mnt/datadisk/./datasets/0/VirusShare_49a54ed121666865d623598f221bda30,,
VirusShare_8e9c68d087303e53ab7d9ece96cf58fd,8e9c68d087303e53ab7d9ece96cf58fd,0,/mnt/datadisk/./datasets/0/VirusShare_8e9c68d087303e53ab7d9ece96cf58fd,,
VirusShare_b06fcf709860a9e24360edd651cff73c,b06fcf709860a9e24360edd651cff73c,1,/mnt/datadisk/./datasets/1/VirusShare_b06fcf709860a9e24360edd651cff73c,,
VirusShare_0d6c5472bd7691fe13aec44661cafb3e,0d6c5472bd7691fe13aec44661cafb3e,0,/mnt/datadisk/./datasets/0/VirusShare_0d6c5472bd7691fe13aec44661cafb3e,,
VirusShare_1ef8793a838ddc1dfafdee6d21acf9c9,1ef8793a838ddc1dfafdee6d21acf9c9,0,/mnt/datadisk/./datasets/0/VirusShare_1ef8793a838ddc1dfafdee6d21acf9c9,,
VirusShare_92eea22c70cf0fe4116b1021e91eb373,92eea22c70cf0fe4116b1021e91eb373,0,/mnt/datadisk/./datasets/0/VirusShare_92eea22c70cf0fe4116b1021e91eb373,,
VirusShare_f142e0cdf9d5e77fa00cfb71045f51a3,f142e0cdf9d5e77fa00cfb71045f51a3,0,/mnt/datadisk/./datasets/0/VirusShare_f142e0cdf9d5e77fa00cfb71045f51a3,,
VirusShare_aa7f1eb20def95d23b28c3c5a290935d,aa7f1eb20def95d23b28c3c5a290935d,1,/mnt/datadisk/./datasets/1/VirusShare_aa7f1eb20def95d23b28c3c5a290935d,,
VirusShare_dc15ceda83790260530bb71adc86f819,dc15ceda83790260530bb71adc86f819,0,/mnt/datadisk/./datasets/0/VirusShare_dc15ceda83790260530bb71adc86f819,,
VirusShare_fa0aeb70eb9e8b2df27aa056815c5e96,fa0aeb70eb9e8b2df27aa056815c5e96,0,/mnt/datadisk/./datasets/0/VirusShare_fa0aeb70eb9e8b2df27aa056815c5e96,,
VirusShare_713125001a3a0fa3fc5dae74e7fe7350,713125001a3a0fa3fc5dae74e7fe7350,1,/mnt/datadisk/./datasets/1/VirusShare_713125001a3a0fa3fc5dae74e7fe7350,,
VirusShare_ae5f0866364899df62569b00e02b5738,ae5f0866364899df62569b00e02b5738,1,/mnt/datadisk/./datasets/1/VirusShare_ae5f0866364899df62569b00e02b5738,,
VirusShare_5fc54cf2c5e164056fefe26944360e8d,5fc54cf2c5e164056fefe26944360e8d,1,/mnt/datadisk/./datasets/1/VirusShare_5fc54cf2c5e164056fefe26944360e8d,,
VirusShare_d403e01bbf4d971d95c9b7a10695c398,d403e01bbf4d971d95c9b7a10695c398,0,/mnt/datadisk/./datasets/0/VirusShare_d403e01bbf4d971d95c9b7a10695c398,,
VirusShare_853c541a723faeaf90430d923c1c24e2,853c541a723faeaf90430d923c1c24e2,0,/mnt/datadisk/./datasets/0/VirusShare_853c541a723faeaf90430d923c1c24e2,,
VirusShare_ea5c1748335b7603e69c8ad3f4c87c63,ea5c1748335b7603e69c8ad3f4c87c63,0,/mnt/datadisk/./datasets/0/VirusShare_ea5c1748335b7603e69c8ad3f4c87c63,,
VirusShare_92ff8f7b1492243b799f25a880b53bdd,92ff8f7b1492243b799f25a880b53bdd,0,/mnt/datadisk/./datasets/0/VirusShare_92ff8f7b1492243b799f25a880b53bdd,,
VirusShare_8d491e642b1402ee5bf8d1417c437da1,8d491e642b1402ee5bf8d1417c437da1,0,/mnt/datadisk/./datasets/0/VirusShare_8d491e642b1402ee5bf8d1417c437da1,,
VirusShare_db145623484b6a5577a787adbc83e16a,db145623484b6a5577a787adbc83e16a,1,/mnt/datadisk/./datasets/1/VirusShare_db145623484b6a5577a787adbc83e16a,,
VirusShare_bb84dad372c580e1bc91aae53e6ad030,bb84dad372c580e1bc91aae53e6ad030,1,/mnt/datadisk/./datasets/1/VirusShare_bb84dad372c580e1bc91aae53e6ad030,,
VirusShare_5d057cb63ba17e5d85f284679e317193,5d057cb63ba17e5d85f284679e317193,0,/mnt/datadisk/./datasets/0/VirusShare_5d057cb63ba17e5d85f284679e317193,,
VirusShare_bcb74e56a16aed3b07a3854998655537,bcb74e56a16aed3b07a3854998655537,1,/mnt/datadisk/./datasets/1/VirusShare_bcb74e56a16aed3b07a3854998655537,,
VirusShare_dd411b793db527854e3e7024c4e35a2e,dd411b793db527854e3e7024c4e35a2e,0,/mnt/datadisk/./datasets/0/VirusShare_dd411b793db527854e3e7024c4e35a2e,,
VirusShare_0feda93e6f1ee920326dae850f8870e4,0feda93e6f1ee920326dae850f8870e4,0,/mnt/datadisk/./datasets/0/VirusShare_0feda93e6f1ee920326dae850f8870e4,,
VirusShare_aecbe16a40ed87165e22d673ec6091dc,aecbe16a40ed87165e22d673ec6091dc,1,/mnt/datadisk/./datasets/1/VirusShare_aecbe16a40ed87165e22d673ec6091dc,,
VirusShare_97a96ddf70c96f0a4776732d6d2f03ab,97a96ddf70c96f0a4776732d6d2f03ab,1,/mnt/datadisk/./datasets/1/VirusShare_97a96ddf70c96f0a4776732d6d2f03ab,,
VirusShare_b822744484d1e4ecf4c473dd6a3e1be4,b822744484d1e4ecf4c473dd6a3e1be4,0,/mnt/datadisk/./datasets/0/VirusShare_b822744484d1e4ecf4c473dd6a3e1be4,,
VirusShare_41a1ad033560db64a43c524d3ddc8e46,41a1ad033560db64a43c524d3ddc8e46,1,/mnt/datadisk/./datasets/1/VirusShare_41a1ad033560db64a43c524d3ddc8e46,,
VirusShare_b797217977d46b6416836d475b9b5e41,b797217977d46b6416836d475b9b5e41,0,/mnt/datadisk/./datasets/0/VirusShare_b797217977d46b6416836d475b9b5e41,,
VirusShare_19c2278bad4ce05a5efa4b458efdfa8b,19c2278bad4ce05a5efa4b458efdfa8b,1,/mnt/datadisk/./datasets/1/VirusShare_19c2278bad4ce05a5efa4b458efdfa8b,,
VirusShare_ac9ca2630e786588fc1cfc8e3e36e0bf,ac9ca2630e786588fc1cfc8e3e36e0bf,0,/mnt/datadisk/./datasets/0/VirusShare_ac9ca2630e786588fc1cfc8e3e36e0bf,,
VirusShare_7096bedc1aa9fc33b1e0790e8fffa124,7096bedc1aa9fc33b1e0790e8fffa124,1,/mnt/datadisk/./datasets/1/VirusShare_7096bedc1aa9fc33b1e0790e8fffa124,,
VirusShare_59b821abfc84cca6a6d16f653efa5e44,59b821abfc84cca6a6d16f653efa5e44,0,/mnt/datadisk/./datasets/0/VirusShare_59b821abfc84cca6a6d16f653efa5e44,,
VirusShare_f3b6f509402f25a8f960cb11fea17341,f3b6f509402f25a8f960cb11fea17341,1,/mnt/datadisk/./datasets/1/VirusShare_f3b6f509402f25a8f960cb11fea17341,,
VirusShare_2e39656c99a565d728468413ac51cf26,2e39656c99a565d728468413ac51cf26,0,/mnt/datadisk/./datasets/0/VirusShare_2e39656c99a565d728468413ac51cf26,,
VirusShare_54a19b1e7141289215c549619c8e5813,54a19b1e7141289215c549619c8e5813,0,/mnt/datadisk/./datasets/0/VirusShare_54a19b1e7141289215c549619c8e5813,,
VirusShare_6e62cb9964dc003053327bb28d2b2e40,6e62cb9964dc003053327bb28d2b2e40,0,/mnt/datadisk/./datasets/0/VirusShare_6e62cb9964dc003053327bb28d2b2e40,,
VirusShare_3be6ae0e5dca37c4f773ccb8278d7005,3be6ae0e5dca37c4f773ccb8278d7005,1,/mnt/datadisk/./datasets/1/VirusShare_3be6ae0e5dca37c4f773ccb8278d7005,,
VirusShare_a4f0a01891705b96eea2e756c7cd73f4,a4f0a01891705b96eea2e756c7cd73f4,1,/mnt/datadisk/./datasets/1/VirusShare_a4f0a01891705b96eea2e756c7cd73f4,,
VirusShare_5424846d03ee972dc023e151a8b596ed,5424846d03ee972dc023e151a8b596ed,0,/mnt/datadisk/./datasets/0/VirusShare_5424846d03ee972dc023e151a8b596ed,,
VirusShare_2e96b4e510c200c97365c98199266fdb,2e96b4e510c200c97365c98199266fdb,1,/mnt/datadisk/./datasets/1/VirusShare_2e96b4e510c200c97365c98199266fdb,,
VirusShare_8886d392ef34a37512ece79c9bbe4411,8886d392ef34a37512ece79c9bbe4411,0,/mnt/datadisk/./datasets/0/VirusShare_8886d392ef34a37512ece79c9bbe4411,,
VirusShare_9c5343686d7cb3c3ff90baf39f649233,9c5343686d7cb3c3ff90baf39f649233,1,/mnt/datadisk/./datasets/1/VirusShare_9c5343686d7cb3c3ff90baf39f649233,,
VirusShare_b43eb0aec4f1f363d28c565dc19db5b2,b43eb0aec4f1f363d28c565dc19db5b2,0,/mnt/datadisk/./datasets/0/VirusShare_b43eb0aec4f1f363d28c565dc19db5b2,,
VirusShare_a0a415c8b00d755342b6dcea1680f4ea,a0a415c8b00d755342b6dcea1680f4ea,0,/mnt/datadisk/./datasets/0/VirusShare_a0a415c8b00d755342b6dcea1680f4ea,,
VirusShare_f9bb58b3f2ba2c08c54ce5b5be527a11,f9bb58b3f2ba2c08c54ce5b5be527a11,1,/mnt/datadisk/./datasets/1/VirusShare_f9bb58b3f2ba2c08c54ce5b5be527a11,,
VirusShare_0cdd8001f3794d9e64d51ee12aad9fc0,0cdd8001f3794d9e64d51ee12aad9fc0,0,/mnt/datadisk/./datasets/0/VirusShare_0cdd8001f3794d9e64d51ee12aad9fc0,,
VirusShare_b7936278782244893f37a202451b48f9,b7936278782244893f37a202451b48f9,0,/mnt/datadisk/./datasets/0/VirusShare_b7936278782244893f37a202451b48f9,,
VirusShare_ff81f72284b2b6a4710df8a9cc6a4f53,ff81f72284b2b6a4710df8a9cc6a4f53,0,/mnt/datadisk/./datasets/0/VirusShare_ff81f72284b2b6a4710df8a9cc6a4f53,,
VirusShare_d775067dd66f564cb228defa222be187,d775067dd66f564cb228defa222be187,0,/mnt/datadisk/./datasets/0/VirusShare_d775067dd66f564cb228defa222be187,,
VirusShare_4f820d97f74638d1d551abc057a2a279,4f820d97f74638d1d551abc057a2a279,0,/mnt/datadisk/./datasets/0/VirusShare_4f820d97f74638d1d551abc057a2a279,,
VirusShare_154f3e364e5356168b976ee1a79ae648,154f3e364e5356168b976ee1a79ae648,0,/mnt/datadisk/./datasets/0/VirusShare_154f3e364e5356168b976ee1a79ae648,,
VirusShare_13507d47cbc2b2bd6f75044690a0fec3,13507d47cbc2b2bd6f75044690a0fec3,1,/mnt/datadisk/./datasets/1/VirusShare_13507d47cbc2b2bd6f75044690a0fec3,,
VirusShare_5dd713f1536a0a68f6efdc4397dd0bc9,5dd713f1536a0a68f6efdc4397dd0bc9,0,/mnt/datadisk/./datasets/0/VirusShare_5dd713f1536a0a68f6efdc4397dd0bc9,,
VirusShare_b63cec1d2a370c53e8695b781bea13e3,b63cec1d2a370c53e8695b781bea13e3,0,/mnt/datadisk/./datasets/0/VirusShare_b63cec1d2a370c53e8695b781bea13e3,,
VirusShare_8a6dd4c700cd22ccd24fbdccc455da91,8a6dd4c700cd22ccd24fbdccc455da91,0,/mnt/datadisk/./datasets/0/VirusShare_8a6dd4c700cd22ccd24fbdccc455da91,,
VirusShare_af90f380163f2ae3b2c79f7d01ba26ae,af90f380163f2ae3b2c79f7d01ba26ae,0,/mnt/datadisk/./datasets/0/VirusShare_af90f380163f2ae3b2c79f7d01ba26ae,,
VirusShare_b26bb8218b83038d037bf6a68bc69abd,b26bb8218b83038d037bf6a68bc69abd,1,/mnt/datadisk/./datasets/1/VirusShare_b26bb8218b83038d037bf6a68bc69abd,,
VirusShare_1075d2779c2731cc735df118510d79e3,1075d2779c2731cc735df118510d79e3,0,/mnt/datadisk/./datasets/0/VirusShare_1075d2779c2731cc735df118510d79e3,,
VirusShare_87d6b09f3e61754e1fa3cf7b5d7c2a8b,87d6b09f3e61754e1fa3cf7b5d7c2a8b,0,/mnt/datadisk/./datasets/0/VirusShare_87d6b09f3e61754e1fa3cf7b5d7c2a8b,,
VirusShare_3e2c09542e0f1d51896694ed1f43db8d,3e2c09542e0f1d51896694ed1f43db8d,0,/mnt/datadisk/./datasets/0/VirusShare_3e2c09542e0f1d51896694ed1f43db8d,,
VirusShare_efca8d0a06335202c9b85c4bcd747824,efca8d0a06335202c9b85c4bcd747824,1,/mnt/datadisk/./datasets/1/VirusShare_efca8d0a06335202c9b85c4bcd747824,,
VirusShare_10ff4a42abf7341ff2fe986ee8235bb2,10ff4a42abf7341ff2fe986ee8235bb2,0,/mnt/datadisk/./datasets/0/VirusShare_10ff4a42abf7341ff2fe986ee8235bb2,,
VirusShare_d2d39833a7ab92456ef8b5e1f1e31385,d2d39833a7ab92456ef8b5e1f1e31385,1,/mnt/datadisk/./datasets/1/VirusShare_d2d39833a7ab92456ef8b5e1f1e31385,,
VirusShare_d2ad720a82be982a04ca89c74a7f77d3,d2ad720a82be982a04ca89c74a7f77d3,1,/mnt/datadisk/./datasets/1/VirusShare_d2ad720a82be982a04ca89c74a7f77d3,,
VirusShare_6e40de93ce2955bb03bbf18dd4f5a1d4,6e40de93ce2955bb03bbf18dd4f5a1d4,0,/mnt/datadisk/./datasets/0/VirusShare_6e40de93ce2955bb03bbf18dd4f5a1d4,,
VirusShare_fa9792b082d279bc9e1e0008425e0ca8,fa9792b082d279bc9e1e0008425e0ca8,0,/mnt/datadisk/./datasets/0/VirusShare_fa9792b082d279bc9e1e0008425e0ca8,,
VirusShare_75f7e023ffb82fd5defd3f72bf93483b,75f7e023ffb82fd5defd3f72bf93483b,1,/mnt/datadisk/./datasets/1/VirusShare_75f7e023ffb82fd5defd3f72bf93483b,,
VirusShare_c295f3fa16b20c6380f402a02e73bb84,c295f3fa16b20c6380f402a02e73bb84,1,/mnt/datadisk/./datasets/1/VirusShare_c295f3fa16b20c6380f402a02e73bb84,,
VirusShare_c34d28f150518db8344ba239556a6e09,c34d28f150518db8344ba239556a6e09,0,/mnt/datadisk/./datasets/0/VirusShare_c34d28f150518db8344ba239556a6e09,,
VirusShare_addc7f8152ca94c4ea9c0960a211e93b,addc7f8152ca94c4ea9c0960a211e93b,1,/mnt/datadisk/./datasets/1/VirusShare_addc7f8152ca94c4ea9c0960a211e93b,,
VirusShare_c9cccca898deee954d9124269340dd96,c9cccca898deee954d9124269340dd96,1,/mnt/datadisk/./datasets/1/VirusShare_c9cccca898deee954d9124269340dd96,,
VirusShare_3f2f27db7ed809e753f16100b6e3683a,3f2f27db7ed809e753f16100b6e3683a,1,/mnt/datadisk/./datasets/1/VirusShare_3f2f27db7ed809e753f16100b6e3683a,,
VirusShare_8e593c0316afe7dbf9fc0771d3f6618c,8e593c0316afe7dbf9fc0771d3f6618c,1,/mnt/datadisk/./datasets/1/VirusShare_8e593c0316afe7dbf9fc0771d3f6618c,,
VirusShare_0b67ac0990d752e223ca531d2064e7fe,0b67ac0990d752e223ca531d2064e7fe,1,/mnt/datadisk/./datasets/1/VirusShare_0b67ac0990d752e223ca531d2064e7fe,,
VirusShare_edf835efce11d616562acffc39e9daea,edf835efce11d616562acffc39e9daea,1,/mnt/datadisk/./datasets/1/VirusShare_edf835efce11d616562acffc39e9daea,,
VirusShare_5cb8ffe5e0e2918cbe52ebb0c7becc76,5cb8ffe5e0e2918cbe52ebb0c7becc76,0,/mnt/datadisk/./datasets/0/VirusShare_5cb8ffe5e0e2918cbe52ebb0c7becc76,,
VirusShare_55450968c3ba0e9ec14f7b4204e5f3e9,55450968c3ba0e9ec14f7b4204e5f3e9,1,/mnt/datadisk/./datasets/1/VirusShare_55450968c3ba0e9ec14f7b4204e5f3e9,,
VirusShare_0b7f3c66943e94cbff658a0bf364ebc4,0b7f3c66943e94cbff658a0bf364ebc4,0,/mnt/datadisk/./datasets/0/VirusShare_0b7f3c66943e94cbff658a0bf364ebc4,,
VirusShare_ffa26cf53ef032afd7e76f72404f8857,ffa26cf53ef032afd7e76f72404f8857,0,/mnt/datadisk/./datasets/0/VirusShare_ffa26cf53ef032afd7e76f72404f8857,,
VirusShare_2b09eedc3c0cc3a035dcdc1181378c3f,2b09eedc3c0cc3a035dcdc1181378c3f,0,/mnt/datadisk/./datasets/0/VirusShare_2b09eedc3c0cc3a035dcdc1181378c3f,,
VirusShare_25aaa65398a1f8787c27f58334593f91,25aaa65398a1f8787c27f58334593f91,0,/mnt/datadisk/./datasets/0/VirusShare_25aaa65398a1f8787c27f58334593f91,,
VirusShare_7b31255298f1d785774a71f6b21292d6,7b31255298f1d785774a71f6b21292d6,1,/mnt/datadisk/./datasets/1/VirusShare_7b31255298f1d785774a71f6b21292d6,,
VirusShare_b5d98b2a69bb183be57145385b7528ab,b5d98b2a69bb183be57145385b7528ab,0,/mnt/datadisk/./datasets/0/VirusShare_b5d98b2a69bb183be57145385b7528ab,,
VirusShare_73109c8d60456cc09785b55cf4a26f3f,73109c8d60456cc09785b55cf4a26f3f,0,/mnt/datadisk/./datasets/0/VirusShare_73109c8d60456cc09785b55cf4a26f3f,,
VirusShare_808a30679aea6a1fd58ebe5e9b65682d,808a30679aea6a1fd58ebe5e9b65682d,0,/mnt/datadisk/./datasets/0/VirusShare_808a30679aea6a1fd58ebe5e9b65682d,,
VirusShare_1e8d607206d7c754e9303151f126c224,1e8d607206d7c754e9303151f126c224,1,/mnt/datadisk/./datasets/1/VirusShare_1e8d607206d7c754e9303151f126c224,,
VirusShare_8f820ef6585960d239f7cb6fb94a2af5,8f820ef6585960d239f7cb6fb94a2af5,1,/mnt/datadisk/./datasets/1/VirusShare_8f820ef6585960d239f7cb6fb94a2af5,,
VirusShare_28abd6f26c801f55f67ab2a58fb50691,28abd6f26c801f55f67ab2a58fb50691,0,/mnt/datadisk/./datasets/0/VirusShare_28abd6f26c801f55f67ab2a58fb50691,,
VirusShare_e8248250ce645b03b98bceb305fee9e4,e8248250ce645b03b98bceb305fee9e4,0,/mnt/datadisk/./datasets/0/VirusShare_e8248250ce645b03b98bceb305fee9e4,,
VirusShare_4889e406b015dce5291411a0f210fdb8,4889e406b015dce5291411a0f210fdb8,0,/mnt/datadisk/./datasets/0/VirusShare_4889e406b015dce5291411a0f210fdb8,,
VirusShare_e3ba096857998aad452f48e71da3d540,e3ba096857998aad452f48e71da3d540,0,/mnt/datadisk/./datasets/0/VirusShare_e3ba096857998aad452f48e71da3d540,,
VirusShare_9b6b4686d55afe1479011ee77b5ffb24,9b6b4686d55afe1479011ee77b5ffb24,1,/mnt/datadisk/./datasets/1/VirusShare_9b6b4686d55afe1479011ee77b5ffb24,,
VirusShare_cc552bed9629fe4d9f2d6d60120bc8e1,cc552bed9629fe4d9f2d6d60120bc8e1,0,/mnt/datadisk/./datasets/0/VirusShare_cc552bed9629fe4d9f2d6d60120bc8e1,,
VirusShare_bc2882c41c1a1d15324cefb5819188d3,bc2882c41c1a1d15324cefb5819188d3,0,/mnt/datadisk/./datasets/0/VirusShare_bc2882c41c1a1d15324cefb5819188d3,,
VirusShare_000308f3e95064bc9116bcfcff9bd464,000308f3e95064bc9116bcfcff9bd464,0,/mnt/datadisk/./datasets/0/VirusShare_000308f3e95064bc9116bcfcff9bd464,,
VirusShare_a6e1c41494c75bb0cce2b25452459272,a6e1c41494c75bb0cce2b25452459272,0,/mnt/datadisk/./datasets/0/VirusShare_a6e1c41494c75bb0cce2b25452459272,,
VirusShare_19b4cf2a56d7562ef8eae37665a14034,19b4cf2a56d7562ef8eae37665a14034,1,/mnt/datadisk/./datasets/1/VirusShare_19b4cf2a56d7562ef8eae37665a14034,,
VirusShare_47ef46db09b43952003682e39e8f7d6f,47ef46db09b43952003682e39e8f7d6f,1,/mnt/datadisk/./datasets/1/VirusShare_47ef46db09b43952003682e39e8f7d6f,,
VirusShare_9bf9ede664ce62555876827effc2162a,9bf9ede664ce62555876827effc2162a,1,/mnt/datadisk/./datasets/1/VirusShare_9bf9ede664ce62555876827effc2162a,,
VirusShare_717853d3eae694d1e59ec0684f29ed66,717853d3eae694d1e59ec0684f29ed66,1,/mnt/datadisk/./datasets/1/VirusShare_717853d3eae694d1e59ec0684f29ed66,,
VirusShare_9e94d93e911df7ddc68808c9c0ad7bec,9e94d93e911df7ddc68808c9c0ad7bec,0,/mnt/datadisk/./datasets/0/VirusShare_9e94d93e911df7ddc68808c9c0ad7bec,,
VirusShare_ea8cf7a5feef57c143b447cfae6cb20b,ea8cf7a5feef57c143b447cfae6cb20b,1,/mnt/datadisk/./datasets/1/VirusShare_ea8cf7a5feef57c143b447cfae6cb20b,,
VirusShare_62f1433e9d51e52823cf55b649cbc947,62f1433e9d51e52823cf55b649cbc947,0,/mnt/datadisk/./datasets/0/VirusShare_62f1433e9d51e52823cf55b649cbc947,,
VirusShare_99c1a396eccd5f86be5871e056ded1f4,99c1a396eccd5f86be5871e056ded1f4,0,/mnt/datadisk/./datasets/0/VirusShare_99c1a396eccd5f86be5871e056ded1f4,,
VirusShare_6b297dca2cf6a741c50e873ebb24ad43,6b297dca2cf6a741c50e873ebb24ad43,1,/mnt/datadisk/./datasets/1/VirusShare_6b297dca2cf6a741c50e873ebb24ad43,,
VirusShare_7d54accc713aaa6d8c5edea15978d4d1,7d54accc713aaa6d8c5edea15978d4d1,0,/mnt/datadisk/./datasets/0/VirusShare_7d54accc713aaa6d8c5edea15978d4d1,,
VirusShare_323cef2a3486dfc107b7858dad6ee52b,323cef2a3486dfc107b7858dad6ee52b,0,/mnt/datadisk/./datasets/0/VirusShare_323cef2a3486dfc107b7858dad6ee52b,,
VirusShare_5f531147de64765bd5a74e5f09ee524a,5f531147de64765bd5a74e5f09ee524a,0,/mnt/datadisk/./datasets/0/VirusShare_5f531147de64765bd5a74e5f09ee524a,,
VirusShare_9607ac32c7a83e31fef89f69933231e6,9607ac32c7a83e31fef89f69933231e6,1,/mnt/datadisk/./datasets/1/VirusShare_9607ac32c7a83e31fef89f69933231e6,,
VirusShare_22b44c5bf6e50b766339eaa597b72646,22b44c5bf6e50b766339eaa597b72646,0,/mnt/datadisk/./datasets/0/VirusShare_22b44c5bf6e50b766339eaa597b72646,,
VirusShare_9defa0c85cb54ab587776a400801f134,9defa0c85cb54ab587776a400801f134,0,/mnt/datadisk/./datasets/0/VirusShare_9defa0c85cb54ab587776a400801f134,,
VirusShare_a70ed0cc4bc723b5f283bdc038a1dbaa,a70ed0cc4bc723b5f283bdc038a1dbaa,0,/mnt/datadisk/./datasets/0/VirusShare_a70ed0cc4bc723b5f283bdc038a1dbaa,,
VirusShare_d73d8c2dc2acda46f8ace3c9e11ffa23,d73d8c2dc2acda46f8ace3c9e11ffa23,0,/mnt/datadisk/./datasets/0/VirusShare_d73d8c2dc2acda46f8ace3c9e11ffa23,,
VirusShare_ebd6214d7f107dd635e8237892b29979,ebd6214d7f107dd635e8237892b29979,1,/mnt/datadisk/./datasets/1/VirusShare_ebd6214d7f107dd635e8237892b29979,,
VirusShare_acdf311254205936c662238f582e45b9,acdf311254205936c662238f582e45b9,0,/mnt/datadisk/./datasets/0/VirusShare_acdf311254205936c662238f582e45b9,,
VirusShare_c714d55c7f2a9c106374705e2e7b49d2,c714d55c7f2a9c106374705e2e7b49d2,1,/mnt/datadisk/./datasets/1/VirusShare_c714d55c7f2a9c106374705e2e7b49d2,,
VirusShare_d9a352adb507653acbeb9faff81fcca1,d9a352adb507653acbeb9faff81fcca1,0,/mnt/datadisk/./datasets/0/VirusShare_d9a352adb507653acbeb9faff81fcca1,,
VirusShare_50b85319b5772a749811abfcaaad8f6b,50b85319b5772a749811abfcaaad8f6b,0,/mnt/datadisk/./datasets/0/VirusShare_50b85319b5772a749811abfcaaad8f6b,,
VirusShare_4d8630b5dbdffac17f33c18e767719a4,4d8630b5dbdffac17f33c18e767719a4,0,/mnt/datadisk/./datasets/0/VirusShare_4d8630b5dbdffac17f33c18e767719a4,,
VirusShare_9192c2363847689ba2d28c05c4c04c6c,9192c2363847689ba2d28c05c4c04c6c,1,/mnt/datadisk/./datasets/1/VirusShare_9192c2363847689ba2d28c05c4c04c6c,,
VirusShare_0c456d621745986c4d890a6d12275b6c,0c456d621745986c4d890a6d12275b6c,1,/mnt/datadisk/./datasets/1/VirusShare_0c456d621745986c4d890a6d12275b6c,,
VirusShare_cad2741c7718b002872f3448effafc33,cad2741c7718b002872f3448effafc33,0,/mnt/datadisk/./datasets/0/VirusShare_cad2741c7718b002872f3448effafc33,,
VirusShare_4a3b5b8c4d1df109445b02502bf34c4e,4a3b5b8c4d1df109445b02502bf34c4e,0,/mnt/datadisk/./datasets/0/VirusShare_4a3b5b8c4d1df109445b02502bf34c4e,,
VirusShare_a714b903b24b8ee1ef18f5bff165dd8d,a714b903b24b8ee1ef18f5bff165dd8d,0,/mnt/datadisk/./datasets/0/VirusShare_a714b903b24b8ee1ef18f5bff165dd8d,,
VirusShare_8d08a37e150e3b635855698e1de26c97,8d08a37e150e3b635855698e1de26c97,1,/mnt/datadisk/./datasets/1/VirusShare_8d08a37e150e3b635855698e1de26c97,,
VirusShare_8f4e22100df661c88a7c0058044fe1c6,8f4e22100df661c88a7c0058044fe1c6,1,/mnt/datadisk/./datasets/1/VirusShare_8f4e22100df661c88a7c0058044fe1c6,,
VirusShare_46813cfc354004c671fc437aacaca27f,46813cfc354004c671fc437aacaca27f,0,/mnt/datadisk/./datasets/0/VirusShare_46813cfc354004c671fc437aacaca27f,,
VirusShare_55222cd4d9763f7ecd3d380199e517d7,55222cd4d9763f7ecd3d380199e517d7,1,/mnt/datadisk/./datasets/1/VirusShare_55222cd4d9763f7ecd3d380199e517d7,,
VirusShare_d8b5fbb0a87f6fe7e3ceb68e0c14e596,d8b5fbb0a87f6fe7e3ceb68e0c14e596,0,/mnt/datadisk/./datasets/0/VirusShare_d8b5fbb0a87f6fe7e3ceb68e0c14e596,,
VirusShare_1b5fbedc696d139bbbac4b2301b3772a,1b5fbedc696d139bbbac4b2301b3772a,0,/mnt/datadisk/./datasets/0/VirusShare_1b5fbedc696d139bbbac4b2301b3772a,,
VirusShare_dced7c6ec9faf091a45b69f3e40ba9fd,dced7c6ec9faf091a45b69f3e40ba9fd,0,/mnt/datadisk/./datasets/0/VirusShare_dced7c6ec9faf091a45b69f3e40ba9fd,,
VirusShare_e57ee416c10b2337300d81e570fb7746,e57ee416c10b2337300d81e570fb7746,0,/mnt/datadisk/./datasets/0/VirusShare_e57ee416c10b2337300d81e570fb7746,,
VirusShare_606d0f73ea5f8486747fcabf0aef30b1,606d0f73ea5f8486747fcabf0aef30b1,0,/mnt/datadisk/./datasets/0/VirusShare_606d0f73ea5f8486747fcabf0aef30b1,,
VirusShare_b71b316b6e762e55a06c75e2b894bb99,b71b316b6e762e55a06c75e2b894bb99,0,/mnt/datadisk/./datasets/0/VirusShare_b71b316b6e762e55a06c75e2b894bb99,,
VirusShare_af353b722e0e0d4dbb3907ae7a0eb81f,af353b722e0e0d4dbb3907ae7a0eb81f,1,/mnt/datadisk/./datasets/1/VirusShare_af353b722e0e0d4dbb3907ae7a0eb81f,,
VirusShare_34aa457fed673b5c3cec68d05df16473,34aa457fed673b5c3cec68d05df16473,1,/mnt/datadisk/./datasets/1/VirusShare_34aa457fed673b5c3cec68d05df16473,,
VirusShare_22d1891594f2bef1d154c265daaad035,22d1891594f2bef1d154c265daaad035,1,/mnt/datadisk/./datasets/1/VirusShare_22d1891594f2bef1d154c265daaad035,,
VirusShare_5ee328db4f5298205a46a4f9b56fe13b,5ee328db4f5298205a46a4f9b56fe13b,0,/mnt/datadisk/./datasets/0/VirusShare_5ee328db4f5298205a46a4f9b56fe13b,,
VirusShare_b2080682cb8496dda8637fdb5586638b,b2080682cb8496dda8637fdb5586638b,1,/mnt/datadisk/./datasets/1/VirusShare_b2080682cb8496dda8637fdb5586638b,,
VirusShare_e40e72397ca7e7b466cdcc68c0fe23bd,e40e72397ca7e7b466cdcc68c0fe23bd,1,/mnt/datadisk/./datasets/1/VirusShare_e40e72397ca7e7b466cdcc68c0fe23bd,,
VirusShare_b6c8c8153cb8e10f0f1a68e013f38ea9,b6c8c8153cb8e10f0f1a68e013f38ea9,0,/mnt/datadisk/./datasets/0/VirusShare_b6c8c8153cb8e10f0f1a68e013f38ea9,,
VirusShare_1249102f18959489178560eb1c124501,1249102f18959489178560eb1c124501,0,/mnt/datadisk/./datasets/0/VirusShare_1249102f18959489178560eb1c124501,,
VirusShare_718e484c23a61308701a584eefebd519,718e484c23a61308701a584eefebd519,1,/mnt/datadisk/./datasets/1/VirusShare_718e484c23a61308701a584eefebd519,,
VirusShare_fcc39fef2f668591b67cd1b58f693b45,fcc39fef2f668591b67cd1b58f693b45,1,/mnt/datadisk/./datasets/1/VirusShare_fcc39fef2f668591b67cd1b58f693b45,,
VirusShare_a174b6b02c63bc8cc5c9abac6000f27f,a174b6b02c63bc8cc5c9abac6000f27f,0,/mnt/datadisk/./datasets/0/VirusShare_a174b6b02c63bc8cc5c9abac6000f27f,,
VirusShare_8281638d2be1d943df581bcc9aab6662,8281638d2be1d943df581bcc9aab6662,0,/mnt/datadisk/./datasets/0/VirusShare_8281638d2be1d943df581bcc9aab6662,,
VirusShare_81663d372470329e6ebd68fd47ce2960,81663d372470329e6ebd68fd47ce2960,1,/mnt/datadisk/./datasets/1/VirusShare_81663d372470329e6ebd68fd47ce2960,,
VirusShare_1b36f9f4aff5c4bd75959e2e01112cd6,1b36f9f4aff5c4bd75959e2e01112cd6,1,/mnt/datadisk/./datasets/1/VirusShare_1b36f9f4aff5c4bd75959e2e01112cd6,,
VirusShare_e8831f18a0e2863803811c7ea8f9a976,e8831f18a0e2863803811c7ea8f9a976,0,/mnt/datadisk/./datasets/0/VirusShare_e8831f18a0e2863803811c7ea8f9a976,,
VirusShare_1f937acf7d2503843907dcd60da54fa2,1f937acf7d2503843907dcd60da54fa2,0,/mnt/datadisk/./datasets/0/VirusShare_1f937acf7d2503843907dcd60da54fa2,,
VirusShare_54abe63ef1c09ff7f5aaeb6b28804f99,54abe63ef1c09ff7f5aaeb6b28804f99,0,/mnt/datadisk/./datasets/0/VirusShare_54abe63ef1c09ff7f5aaeb6b28804f99,,
VirusShare_66024954a778391e1a27b9c417bab6cf,66024954a778391e1a27b9c417bab6cf,1,/mnt/datadisk/./datasets/1/VirusShare_66024954a778391e1a27b9c417bab6cf,,
VirusShare_52cf0a51dff0a7295b58613fe27c69b7,52cf0a51dff0a7295b58613fe27c69b7,0,/mnt/datadisk/./datasets/0/VirusShare_52cf0a51dff0a7295b58613fe27c69b7,,
VirusShare_188898227eb131126a4c1b0e74993993,188898227eb131126a4c1b0e74993993,1,/mnt/datadisk/./datasets/1/VirusShare_188898227eb131126a4c1b0e74993993,,
VirusShare_89988ac505f3a7eedd5a842d23683f10,89988ac505f3a7eedd5a842d23683f10,0,/mnt/datadisk/./datasets/0/VirusShare_89988ac505f3a7eedd5a842d23683f10,,
VirusShare_dadebc95afcc9f841b12ab76cbd248eb,dadebc95afcc9f841b12ab76cbd248eb,0,/mnt/datadisk/./datasets/0/VirusShare_dadebc95afcc9f841b12ab76cbd248eb,,
VirusShare_5a47431879a6191bea3666c92821a722,5a47431879a6191bea3666c92821a722,1,/mnt/datadisk/./datasets/1/VirusShare_5a47431879a6191bea3666c92821a722,,
VirusShare_8564b860d1b23ce8f670b060c2f942e6,8564b860d1b23ce8f670b060c2f942e6,0,/mnt/datadisk/./datasets/0/VirusShare_8564b860d1b23ce8f670b060c2f942e6,,
VirusShare_2e7991651fd4ea2316fe3b9cda31b1be,2e7991651fd4ea2316fe3b9cda31b1be,1,/mnt/datadisk/./datasets/1/VirusShare_2e7991651fd4ea2316fe3b9cda31b1be,,
VirusShare_184d122b490b7ddd40bb242632966c12,184d122b490b7ddd40bb242632966c12,1,/mnt/datadisk/./datasets/1/VirusShare_184d122b490b7ddd40bb242632966c12,,
VirusShare_ed61bac866938f2cf7ce3b05de9185c6,ed61bac866938f2cf7ce3b05de9185c6,0,/mnt/datadisk/./datasets/0/VirusShare_ed61bac866938f2cf7ce3b05de9185c6,,
VirusShare_c4268f1010825193d8cb63d48478c297,c4268f1010825193d8cb63d48478c297,1,/mnt/datadisk/./datasets/1/VirusShare_c4268f1010825193d8cb63d48478c297,,
VirusShare_25e4cd4767008c2e101eeb551fb4a83d,25e4cd4767008c2e101eeb551fb4a83d,0,/mnt/datadisk/./datasets/0/VirusShare_25e4cd4767008c2e101eeb551fb4a83d,,
VirusShare_d4578ca56b7956a1620b80870952a4f4,d4578ca56b7956a1620b80870952a4f4,0,/mnt/datadisk/./datasets/0/VirusShare_d4578ca56b7956a1620b80870952a4f4,,
VirusShare_17ab5f3ad211ef9cf6e8db44f8851afd,17ab5f3ad211ef9cf6e8db44f8851afd,0,/mnt/datadisk/./datasets/0/VirusShare_17ab5f3ad211ef9cf6e8db44f8851afd,,
VirusShare_cce3061658166ec2d0ae8bde24dd3d9c,cce3061658166ec2d0ae8bde24dd3d9c,0,/mnt/datadisk/./datasets/0/VirusShare_cce3061658166ec2d0ae8bde24dd3d9c,,
VirusShare_db7b754cf4e434f82455231c6498dcec,db7b754cf4e434f82455231c6498dcec,0,/mnt/datadisk/./datasets/0/VirusShare_db7b754cf4e434f82455231c6498dcec,,
VirusShare_133424a14fb0bdd769d65b877e60f270,133424a14fb0bdd769d65b877e60f270,0,/mnt/datadisk/./datasets/0/VirusShare_133424a14fb0bdd769d65b877e60f270,,
VirusShare_cacc469da8ae937b41bd0a518c0d053c,cacc469da8ae937b41bd0a518c0d053c,1,/mnt/datadisk/./datasets/1/VirusShare_cacc469da8ae937b41bd0a518c0d053c,,
VirusShare_46a6a08be2a2bc040bccfd7739392941,46a6a08be2a2bc040bccfd7739392941,0,/mnt/datadisk/./datasets/0/VirusShare_46a6a08be2a2bc040bccfd7739392941,,
VirusShare_d59afe5467335c1c8f56b3441dc2c048,d59afe5467335c1c8f56b3441dc2c048,1,/mnt/datadisk/./datasets/1/VirusShare_d59afe5467335c1c8f56b3441dc2c048,,
VirusShare_e61092367f5c41a433bc6b326a2cafcb,e61092367f5c41a433bc6b326a2cafcb,0,/mnt/datadisk/./datasets/0/VirusShare_e61092367f5c41a433bc6b326a2cafcb,,
VirusShare_83d9e874aefe4745f5ae0049771cfd6f,83d9e874aefe4745f5ae0049771cfd6f,1,/mnt/datadisk/./datasets/1/VirusShare_83d9e874aefe4745f5ae0049771cfd6f,,
VirusShare_536a6619114f3d2cdf554524c1f785d1,536a6619114f3d2cdf554524c1f785d1,0,/mnt/datadisk/./datasets/0/VirusShare_536a6619114f3d2cdf554524c1f785d1,,
VirusShare_0d8faec2a683609ec9d077e6d8bc50fa,0d8faec2a683609ec9d077e6d8bc50fa,0,/mnt/datadisk/./datasets/0/VirusShare_0d8faec2a683609ec9d077e6d8bc50fa,,
VirusShare_7867603e1ce6bf7a4964dfcbec2a19c3,7867603e1ce6bf7a4964dfcbec2a19c3,0,/mnt/datadisk/./datasets/0/VirusShare_7867603e1ce6bf7a4964dfcbec2a19c3,,
VirusShare_3c841bf17637cc4dd3f9b30853f595e8,3c841bf17637cc4dd3f9b30853f595e8,0,/mnt/datadisk/./datasets/0/VirusShare_3c841bf17637cc4dd3f9b30853f595e8,,
VirusShare_735a100d4d2e3c7f5e5427f1d6bb1699,735a100d4d2e3c7f5e5427f1d6bb1699,0,/mnt/datadisk/./datasets/0/VirusShare_735a100d4d2e3c7f5e5427f1d6bb1699,,
VirusShare_6ad3d573b1d9091433afc2e9d50714b3,6ad3d573b1d9091433afc2e9d50714b3,0,/mnt/datadisk/./datasets/0/VirusShare_6ad3d573b1d9091433afc2e9d50714b3,,
VirusShare_ffc31107ce9b16a3fa1da593605a10b9,ffc31107ce9b16a3fa1da593605a10b9,0,/mnt/datadisk/./datasets/0/VirusShare_ffc31107ce9b16a3fa1da593605a10b9,,
VirusShare_1d6f5775b3c23b32128305c8344d9b4d,1d6f5775b3c23b32128305c8344d9b4d,1,/mnt/datadisk/./datasets/1/VirusShare_1d6f5775b3c23b32128305c8344d9b4d,,
VirusShare_afe1b35809b74079446990ca238bc824,afe1b35809b74079446990ca238bc824,0,/mnt/datadisk/./datasets/0/VirusShare_afe1b35809b74079446990ca238bc824,,
VirusShare_91e55b4071c1f2a3c072c8bc5a3036ac,91e55b4071c1f2a3c072c8bc5a3036ac,0,/mnt/datadisk/./datasets/0/VirusShare_91e55b4071c1f2a3c072c8bc5a3036ac,,
VirusShare_9cbc2de2471ae5513c682e21419f41a1,9cbc2de2471ae5513c682e21419f41a1,0,/mnt/datadisk/./datasets/0/VirusShare_9cbc2de2471ae5513c682e21419f41a1,,
VirusShare_b0f6d35e1ab7a1e69fc4ee9671b3f864,b0f6d35e1ab7a1e69fc4ee9671b3f864,0,/mnt/datadisk/./datasets/0/VirusShare_b0f6d35e1ab7a1e69fc4ee9671b3f864,,
VirusShare_fa208de1a590d4183a324802228dba73,fa208de1a590d4183a324802228dba73,0,/mnt/datadisk/./datasets/0/VirusShare_fa208de1a590d4183a324802228dba73,,
VirusShare_8aaa333eb655f81b760f05ec8b65f48f,8aaa333eb655f81b760f05ec8b65f48f,0,/mnt/datadisk/./datasets/0/VirusShare_8aaa333eb655f81b760f05ec8b65f48f,,
VirusShare_e001b45815b1982e6334eb348b1684fd,e001b45815b1982e6334eb348b1684fd,1,/mnt/datadisk/./datasets/1/VirusShare_e001b45815b1982e6334eb348b1684fd,,
VirusShare_3260da3fdc893a52f99a130d5a3cd278,3260da3fdc893a52f99a130d5a3cd278,0,/mnt/datadisk/./datasets/0/VirusShare_3260da3fdc893a52f99a130d5a3cd278,,
VirusShare_132d6a8d7b4b3f1f7fb968fc2191b7e9,132d6a8d7b4b3f1f7fb968fc2191b7e9,1,/mnt/datadisk/./datasets/1/VirusShare_132d6a8d7b4b3f1f7fb968fc2191b7e9,,
VirusShare_63bcb4d36063b850ac43c752476cac9d,63bcb4d36063b850ac43c752476cac9d,0,/mnt/datadisk/./datasets/0/VirusShare_63bcb4d36063b850ac43c752476cac9d,,
VirusShare_ab0b69985bba4e1f4358e9fe032859e9,ab0b69985bba4e1f4358e9fe032859e9,0,/mnt/datadisk/./datasets/0/VirusShare_ab0b69985bba4e1f4358e9fe032859e9,,
VirusShare_d3161e7ac50ff18455ebb524f9d06ed5,d3161e7ac50ff18455ebb524f9d06ed5,1,/mnt/datadisk/./datasets/1/VirusShare_d3161e7ac50ff18455ebb524f9d06ed5,,
VirusShare_dfbe0e2441ad14dc2acaf40e04bd88ac,dfbe0e2441ad14dc2acaf40e04bd88ac,0,/mnt/datadisk/./datasets/0/VirusShare_dfbe0e2441ad14dc2acaf40e04bd88ac,,
VirusShare_6530f2df2bd8ef2721c47932fe71f3ca,6530f2df2bd8ef2721c47932fe71f3ca,0,/mnt/datadisk/./datasets/0/VirusShare_6530f2df2bd8ef2721c47932fe71f3ca,,
VirusShare_19a083609e2f627e7fff8ea67e08d3d5,19a083609e2f627e7fff8ea67e08d3d5,0,/mnt/datadisk/./datasets/0/VirusShare_19a083609e2f627e7fff8ea67e08d3d5,,
VirusShare_bb11468d546fa38ad89a7a50cfc7f0b4,bb11468d546fa38ad89a7a50cfc7f0b4,0,/mnt/datadisk/./datasets/0/VirusShare_bb11468d546fa38ad89a7a50cfc7f0b4,,
VirusShare_7c2ec1e7f3505fbf944c88bb82bd5f79,7c2ec1e7f3505fbf944c88bb82bd5f79,1,/mnt/datadisk/./datasets/1/VirusShare_7c2ec1e7f3505fbf944c88bb82bd5f79,,
VirusShare_6f169c53224de5d98d3973688d79b76e,6f169c53224de5d98d3973688d79b76e,0,/mnt/datadisk/./datasets/0/VirusShare_6f169c53224de5d98d3973688d79b76e,,
VirusShare_5302b325f5239280c8778b320b6d35d6,5302b325f5239280c8778b320b6d35d6,0,/mnt/datadisk/./datasets/0/VirusShare_5302b325f5239280c8778b320b6d35d6,,
VirusShare_401eebba850997e0285210d91b30c68a,401eebba850997e0285210d91b30c68a,0,/mnt/datadisk/./datasets/0/VirusShare_401eebba850997e0285210d91b30c68a,,
VirusShare_e6ea42b35e31490a97f01c91928353af,e6ea42b35e31490a97f01c91928353af,1,/mnt/datadisk/./datasets/1/VirusShare_e6ea42b35e31490a97f01c91928353af,,
VirusShare_3029ce5a806229c175e9bf9651669544,3029ce5a806229c175e9bf9651669544,0,/mnt/datadisk/./datasets/0/VirusShare_3029ce5a806229c175e9bf9651669544,,
VirusShare_d2e63c45e22a184813ec4cc9c918e252,d2e63c45e22a184813ec4cc9c918e252,1,/mnt/datadisk/./datasets/1/VirusShare_d2e63c45e22a184813ec4cc9c918e252,,
VirusShare_6c3eca736c22efe130ddfa7cdcb6590c,6c3eca736c22efe130ddfa7cdcb6590c,0,/mnt/datadisk/./datasets/0/VirusShare_6c3eca736c22efe130ddfa7cdcb6590c,,
VirusShare_70fe15fb66db63d64bb14125c76472be,70fe15fb66db63d64bb14125c76472be,1,/mnt/datadisk/./datasets/1/VirusShare_70fe15fb66db63d64bb14125c76472be,,
VirusShare_3405c8c7e635e9f0e01fb34c16c43c6d,3405c8c7e635e9f0e01fb34c16c43c6d,0,/mnt/datadisk/./datasets/0/VirusShare_3405c8c7e635e9f0e01fb34c16c43c6d,,
VirusShare_43059efef96e0391c26366bb3a9948ce,43059efef96e0391c26366bb3a9948ce,0,/mnt/datadisk/./datasets/0/VirusShare_43059efef96e0391c26366bb3a9948ce,,
VirusShare_5997c6a297d6d55d31cac482718284d8,5997c6a297d6d55d31cac482718284d8,1,/mnt/datadisk/./datasets/1/VirusShare_5997c6a297d6d55d31cac482718284d8,,
VirusShare_b8bc7a97eaa75f13cdfb5406d0e6e004,b8bc7a97eaa75f13cdfb5406d0e6e004,0,/mnt/datadisk/./datasets/0/VirusShare_b8bc7a97eaa75f13cdfb5406d0e6e004,,
VirusShare_239e28b7742336ebc33d4011a46c874a,239e28b7742336ebc33d4011a46c874a,1,/mnt/datadisk/./datasets/1/VirusShare_239e28b7742336ebc33d4011a46c874a,,
VirusShare_d6350899a1705af43397845c44a2efe6,d6350899a1705af43397845c44a2efe6,1,/mnt/datadisk/./datasets/1/VirusShare_d6350899a1705af43397845c44a2efe6,,
VirusShare_4078ee085b6799bf8b3b1f22345ecf4f,4078ee085b6799bf8b3b1f22345ecf4f,0,/mnt/datadisk/./datasets/0/VirusShare_4078ee085b6799bf8b3b1f22345ecf4f,,
VirusShare_6684b347a607fdf671e2d7837a204133,6684b347a607fdf671e2d7837a204133,0,/mnt/datadisk/./datasets/0/VirusShare_6684b347a607fdf671e2d7837a204133,,
VirusShare_ff6412ce003bca1f861e1a907a759b5a,ff6412ce003bca1f861e1a907a759b5a,0,/mnt/datadisk/./datasets/0/VirusShare_ff6412ce003bca1f861e1a907a759b5a,,
VirusShare_6a6690e12af91e0485c73d30b608bce5,6a6690e12af91e0485c73d30b608bce5,0,/mnt/datadisk/./datasets/0/VirusShare_6a6690e12af91e0485c73d30b608bce5,,
VirusShare_36cf82e81da5bb1ba7e0bf4ca23ede00,36cf82e81da5bb1ba7e0bf4ca23ede00,1,/mnt/datadisk/./datasets/1/VirusShare_36cf82e81da5bb1ba7e0bf4ca23ede00,,
VirusShare_a0ad7c424d668796553831931c7eb312,a0ad7c424d668796553831931c7eb312,0,/mnt/datadisk/./datasets/0/VirusShare_a0ad7c424d668796553831931c7eb312,,
VirusShare_14b72e222051dab40e4e63a8cf9db510,14b72e222051dab40e4e63a8cf9db510,0,/mnt/datadisk/./datasets/0/VirusShare_14b72e222051dab40e4e63a8cf9db510,,
VirusShare_a6356eec1d3ee4cb33376a4dc7ce09ee,a6356eec1d3ee4cb33376a4dc7ce09ee,1,/mnt/datadisk/./datasets/1/VirusShare_a6356eec1d3ee4cb33376a4dc7ce09ee,,
VirusShare_b7d0545491a47ce2019eca557824d40d,b7d0545491a47ce2019eca557824d40d,1,/mnt/datadisk/./datasets/1/VirusShare_b7d0545491a47ce2019eca557824d40d,,
VirusShare_d8803baf20beb5bec1d9d7215a3c4b96,d8803baf20beb5bec1d9d7215a3c4b96,0,/mnt/datadisk/./datasets/0/VirusShare_d8803baf20beb5bec1d9d7215a3c4b96,,
VirusShare_c9b6b107c13dd0fdccbe95695c3e3f7a,c9b6b107c13dd0fdccbe95695c3e3f7a,1,/mnt/datadisk/./datasets/1/VirusShare_c9b6b107c13dd0fdccbe95695c3e3f7a,,
VirusShare_74f4d21c3c646d1f2ed34b1b3c4486a9,74f4d21c3c646d1f2ed34b1b3c4486a9,1,/mnt/datadisk/./datasets/1/VirusShare_74f4d21c3c646d1f2ed34b1b3c4486a9,,
VirusShare_166839ec61b45a59b681ba782e38adfd,166839ec61b45a59b681ba782e38adfd,0,/mnt/datadisk/./datasets/0/VirusShare_166839ec61b45a59b681ba782e38adfd,,
VirusShare_4338aca68fbaab846ec6345a7b85c15c,4338aca68fbaab846ec6345a7b85c15c,0,/mnt/datadisk/./datasets/0/VirusShare_4338aca68fbaab846ec6345a7b85c15c,,
VirusShare_d81bd1c9ab72632d426a01b249db741a,d81bd1c9ab72632d426a01b249db741a,0,/mnt/datadisk/./datasets/0/VirusShare_d81bd1c9ab72632d426a01b249db741a,,
VirusShare_57170cadb13a79be5f5e610327346f58,57170cadb13a79be5f5e610327346f58,0,/mnt/datadisk/./datasets/0/VirusShare_57170cadb13a79be5f5e610327346f58,,
VirusShare_97490c8fbb7a4c0247a3d3b43eb1f5f1,97490c8fbb7a4c0247a3d3b43eb1f5f1,1,/mnt/datadisk/./datasets/1/VirusShare_97490c8fbb7a4c0247a3d3b43eb1f5f1,,
VirusShare_15a6ceab14602e5972efc127145460ff,15a6ceab14602e5972efc127145460ff,0,/mnt/datadisk/./datasets/0/VirusShare_15a6ceab14602e5972efc127145460ff,,
VirusShare_ab303da731cc95c5118ed3b381c417ab,ab303da731cc95c5118ed3b381c417ab,1,/mnt/datadisk/./datasets/1/VirusShare_ab303da731cc95c5118ed3b381c417ab,,
VirusShare_c752b1bcc2356788ec4a8c50cb39f606,c752b1bcc2356788ec4a8c50cb39f606,1,/mnt/datadisk/./datasets/1/VirusShare_c752b1bcc2356788ec4a8c50cb39f606,,
VirusShare_cb646f0bc8fc317b6d3ea689ab63cc87,cb646f0bc8fc317b6d3ea689ab63cc87,0,/mnt/datadisk/./datasets/0/VirusShare_cb646f0bc8fc317b6d3ea689ab63cc87,,
VirusShare_6c62fa16f7acfc4839dbc4c27f1cf6fa,6c62fa16f7acfc4839dbc4c27f1cf6fa,0,/mnt/datadisk/./datasets/0/VirusShare_6c62fa16f7acfc4839dbc4c27f1cf6fa,,
VirusShare_bafe931488b5705fea890531f4625e75,bafe931488b5705fea890531f4625e75,0,/mnt/datadisk/./datasets/0/VirusShare_bafe931488b5705fea890531f4625e75,,
VirusShare_e55ca159cb2d00457d1df374f60cf8a6,e55ca159cb2d00457d1df374f60cf8a6,1,/mnt/datadisk/./datasets/1/VirusShare_e55ca159cb2d00457d1df374f60cf8a6,,
VirusShare_b7596ff6ba8c69539d79cf448ed6c427,b7596ff6ba8c69539d79cf448ed6c427,0,/mnt/datadisk/./datasets/0/VirusShare_b7596ff6ba8c69539d79cf448ed6c427,,
VirusShare_1aed8674fd45787a5d32fed976741edd,1aed8674fd45787a5d32fed976741edd,0,/mnt/datadisk/./datasets/0/VirusShare_1aed8674fd45787a5d32fed976741edd,,
VirusShare_68ac50d1c6f7a17d0ed962cec37631b3,68ac50d1c6f7a17d0ed962cec37631b3,0,/mnt/datadisk/./datasets/0/VirusShare_68ac50d1c6f7a17d0ed962cec37631b3,,
VirusShare_47bd0d61038eb19afe4b41b6a641dbe5,47bd0d61038eb19afe4b41b6a641dbe5,0,/mnt/datadisk/./datasets/0/VirusShare_47bd0d61038eb19afe4b41b6a641dbe5,,
VirusShare_4c43d0a29b7016fbffda733a49c51fb3,4c43d0a29b7016fbffda733a49c51fb3,1,/mnt/datadisk/./datasets/1/VirusShare_4c43d0a29b7016fbffda733a49c51fb3,,
VirusShare_7ed38028485ae7d682ae7fcbafc113b9,7ed38028485ae7d682ae7fcbafc113b9,0,/mnt/datadisk/./datasets/0/VirusShare_7ed38028485ae7d682ae7fcbafc113b9,,
VirusShare_7f656c531d64805eaef4d8a53ad4037f,7f656c531d64805eaef4d8a53ad4037f,1,/mnt/datadisk/./datasets/1/VirusShare_7f656c531d64805eaef4d8a53ad4037f,,
VirusShare_6b3b0454dea0750f03be9dfe5817cbe3,6b3b0454dea0750f03be9dfe5817cbe3,0,/mnt/datadisk/./datasets/0/VirusShare_6b3b0454dea0750f03be9dfe5817cbe3,,
VirusShare_c203c5f56a667fe704cebe4f354f4a8d,c203c5f56a667fe704cebe4f354f4a8d,0,/mnt/datadisk/./datasets/0/VirusShare_c203c5f56a667fe704cebe4f354f4a8d,,
VirusShare_36a1e967c97a52fedaf55cfab5105eaa,36a1e967c97a52fedaf55cfab5105eaa,0,/mnt/datadisk/./datasets/0/VirusShare_36a1e967c97a52fedaf55cfab5105eaa,,
VirusShare_729dead155bef95befcd73be2f2c7832,729dead155bef95befcd73be2f2c7832,1,/mnt/datadisk/./datasets/1/VirusShare_729dead155bef95befcd73be2f2c7832,,
VirusShare_cf8e9e4b9cb9ad99debe18f849fe763a,cf8e9e4b9cb9ad99debe18f849fe763a,0,/mnt/datadisk/./datasets/0/VirusShare_cf8e9e4b9cb9ad99debe18f849fe763a,,
VirusShare_1fba30874ecb552e5aeb9ee0b4cdb56a,1fba30874ecb552e5aeb9ee0b4cdb56a,0,/mnt/datadisk/./datasets/0/VirusShare_1fba30874ecb552e5aeb9ee0b4cdb56a,,
VirusShare_671b4f1012a1f26eef317f275814ee4d,671b4f1012a1f26eef317f275814ee4d,0,/mnt/datadisk/./datasets/0/VirusShare_671b4f1012a1f26eef317f275814ee4d,,
VirusShare_b8883ad317d0672f3c5ac91085b2adcf,b8883ad317d0672f3c5ac91085b2adcf,1,/mnt/datadisk/./datasets/1/VirusShare_b8883ad317d0672f3c5ac91085b2adcf,,
VirusShare_448d7f63323f8d984a1203a889bc274d,448d7f63323f8d984a1203a889bc274d,0,/mnt/datadisk/./datasets/0/VirusShare_448d7f63323f8d984a1203a889bc274d,,
VirusShare_d72d45717ffb233ef42d51f296d4ea3b,d72d45717ffb233ef42d51f296d4ea3b,0,/mnt/datadisk/./datasets/0/VirusShare_d72d45717ffb233ef42d51f296d4ea3b,,
VirusShare_a8e0bf583fb1385b5e0d9590c821eb13,a8e0bf583fb1385b5e0d9590c821eb13,1,/mnt/datadisk/./datasets/1/VirusShare_a8e0bf583fb1385b5e0d9590c821eb13,,
VirusShare_d51a1670a595b132b0e82478994bb7d6,d51a1670a595b132b0e82478994bb7d6,1,/mnt/datadisk/./datasets/1/VirusShare_d51a1670a595b132b0e82478994bb7d6,,
VirusShare_58cd344626319c5b2a533871979b4225,58cd344626319c5b2a533871979b4225,1,/mnt/datadisk/./datasets/1/VirusShare_58cd344626319c5b2a533871979b4225,,
VirusShare_e3cc67f5bcbedbe88091f322b7d04dcd,e3cc67f5bcbedbe88091f322b7d04dcd,0,/mnt/datadisk/./datasets/0/VirusShare_e3cc67f5bcbedbe88091f322b7d04dcd,,
VirusShare_27d08285bc6e8b6f9ef756e3f34a0128,27d08285bc6e8b6f9ef756e3f34a0128,0,/mnt/datadisk/./datasets/0/VirusShare_27d08285bc6e8b6f9ef756e3f34a0128,,
VirusShare_9f76ebefb621baea2a46976ae3d4d79f,9f76ebefb621baea2a46976ae3d4d79f,0,/mnt/datadisk/./datasets/0/VirusShare_9f76ebefb621baea2a46976ae3d4d79f,,
VirusShare_99879a8cb74dfa18ce4a4fd01b1e11d2,99879a8cb74dfa18ce4a4fd01b1e11d2,0,/mnt/datadisk/./datasets/0/VirusShare_99879a8cb74dfa18ce4a4fd01b1e11d2,,
VirusShare_b988f065ae6cab008e414b2e8399b1d2,b988f065ae6cab008e414b2e8399b1d2,1,/mnt/datadisk/./datasets/1/VirusShare_b988f065ae6cab008e414b2e8399b1d2,,
VirusShare_ee8c4dd5bd59e998bfde7e31a6d7d9bf,ee8c4dd5bd59e998bfde7e31a6d7d9bf,1,/mnt/datadisk/./datasets/1/VirusShare_ee8c4dd5bd59e998bfde7e31a6d7d9bf,,
VirusShare_b58fa2c915a177646d74b15e64c5ff98,b58fa2c915a177646d74b15e64c5ff98,1,/mnt/datadisk/./datasets/1/VirusShare_b58fa2c915a177646d74b15e64c5ff98,,
VirusShare_4dee80f614ceb924ab39519763ee3b60,4dee80f614ceb924ab39519763ee3b60,0,/mnt/datadisk/./datasets/0/VirusShare_4dee80f614ceb924ab39519763ee3b60,,
VirusShare_145bc451445abade8bf2597baed274bb,145bc451445abade8bf2597baed274bb,1,/mnt/datadisk/./datasets/1/VirusShare_145bc451445abade8bf2597baed274bb,,
VirusShare_d3dc3bc3dc7348e84ee2e39a7163e0d5,d3dc3bc3dc7348e84ee2e39a7163e0d5,0,/mnt/datadisk/./datasets/0/VirusShare_d3dc3bc3dc7348e84ee2e39a7163e0d5,,
VirusShare_d3656aa7c6344b1eaa7a424f6fb159ae,d3656aa7c6344b1eaa7a424f6fb159ae,0,/mnt/datadisk/./datasets/0/VirusShare_d3656aa7c6344b1eaa7a424f6fb159ae,,
VirusShare_1bbd4bca01e5d3c668045e260b26c094,1bbd4bca01e5d3c668045e260b26c094,0,/mnt/datadisk/./datasets/0/VirusShare_1bbd4bca01e5d3c668045e260b26c094,,
VirusShare_d2ba71ea2ad26917a1f6c691756d27f9,d2ba71ea2ad26917a1f6c691756d27f9,1,/mnt/datadisk/./datasets/1/VirusShare_d2ba71ea2ad26917a1f6c691756d27f9,,
VirusShare_4fcc3450eb59ae260688ef3a442ababa,4fcc3450eb59ae260688ef3a442ababa,0,/mnt/datadisk/./datasets/0/VirusShare_4fcc3450eb59ae260688ef3a442ababa,,
VirusShare_ec9e38bb960441b3efa806dd586d1eba,ec9e38bb960441b3efa806dd586d1eba,1,/mnt/datadisk/./datasets/1/VirusShare_ec9e38bb960441b3efa806dd586d1eba,,
VirusShare_7ff46bf932126dfe04f553b0a36c9031,7ff46bf932126dfe04f553b0a36c9031,0,/mnt/datadisk/./datasets/0/VirusShare_7ff46bf932126dfe04f553b0a36c9031,,
VirusShare_8c48be5c98fafa9f202a03fcf803c3c1,8c48be5c98fafa9f202a03fcf803c3c1,0,/mnt/datadisk/./datasets/0/VirusShare_8c48be5c98fafa9f202a03fcf803c3c1,,
VirusShare_1894e7928fed40d64aae9757f4122d98,1894e7928fed40d64aae9757f4122d98,0,/mnt/datadisk/./datasets/0/VirusShare_1894e7928fed40d64aae9757f4122d98,,
VirusShare_a5eaa38b60303adb5cc2e34d4b47f994,a5eaa38b60303adb5cc2e34d4b47f994,1,/mnt/datadisk/./datasets/1/VirusShare_a5eaa38b60303adb5cc2e34d4b47f994,,
VirusShare_613fba9a5ab611d9fdbdeeb07120e9b4,613fba9a5ab611d9fdbdeeb07120e9b4,1,/mnt/datadisk/./datasets/1/VirusShare_613fba9a5ab611d9fdbdeeb07120e9b4,,
VirusShare_61acbb6b3b0b08ff91d9910c118495df,61acbb6b3b0b08ff91d9910c118495df,0,/mnt/datadisk/./datasets/0/VirusShare_61acbb6b3b0b08ff91d9910c118495df,,
VirusShare_be598de072ff826ae40ea78fae5fba20,be598de072ff826ae40ea78fae5fba20,0,/mnt/datadisk/./datasets/0/VirusShare_be598de072ff826ae40ea78fae5fba20,,
VirusShare_4a49efa41cefb3734702ee32aeb05f42,4a49efa41cefb3734702ee32aeb05f42,1,/mnt/datadisk/./datasets/1/VirusShare_4a49efa41cefb3734702ee32aeb05f42,,
VirusShare_6501f8b085eccf3f66c49170d689f8c2,6501f8b085eccf3f66c49170d689f8c2,0,/mnt/datadisk/./datasets/0/VirusShare_6501f8b085eccf3f66c49170d689f8c2,,
VirusShare_1dc475c7085bb4fee14f3d4aff411491,1dc475c7085bb4fee14f3d4aff411491,1,/mnt/datadisk/./datasets/1/VirusShare_1dc475c7085bb4fee14f3d4aff411491,,
VirusShare_a55d669cda884e16e381473bc3b61989,a55d669cda884e16e381473bc3b61989,1,/mnt/datadisk/./datasets/1/VirusShare_a55d669cda884e16e381473bc3b61989,,
VirusShare_94a49860ac5199711f5a43162156f9e5,94a49860ac5199711f5a43162156f9e5,0,/mnt/datadisk/./datasets/0/VirusShare_94a49860ac5199711f5a43162156f9e5,,
VirusShare_3e3863c1d772b97d9b38ca949f1435c6,3e3863c1d772b97d9b38ca949f1435c6,0,/mnt/datadisk/./datasets/0/VirusShare_3e3863c1d772b97d9b38ca949f1435c6,,
VirusShare_d8f12afeb35ff5640c243d5640dcaae7,d8f12afeb35ff5640c243d5640dcaae7,0,/mnt/datadisk/./datasets/0/VirusShare_d8f12afeb35ff5640c243d5640dcaae7,,
VirusShare_bc155cd98dfe584f59e566e7c7daac75,bc155cd98dfe584f59e566e7c7daac75,0,/mnt/datadisk/./datasets/0/VirusShare_bc155cd98dfe584f59e566e7c7daac75,,
VirusShare_f3ce1161011b4fbacf42283dc6eba006,f3ce1161011b4fbacf42283dc6eba006,0,/mnt/datadisk/./datasets/0/VirusShare_f3ce1161011b4fbacf42283dc6eba006,,
VirusShare_c9ab60b732ee4f316432627a88a449f2,c9ab60b732ee4f316432627a88a449f2,0,/mnt/datadisk/./datasets/0/VirusShare_c9ab60b732ee4f316432627a88a449f2,,
VirusShare_2940edab7fb97707e42bacb430f7c685,2940edab7fb97707e42bacb430f7c685,0,/mnt/datadisk/./datasets/0/VirusShare_2940edab7fb97707e42bacb430f7c685,,
VirusShare_9a1de9cbc025dd75fe7846924c9252a8,9a1de9cbc025dd75fe7846924c9252a8,1,/mnt/datadisk/./datasets/1/VirusShare_9a1de9cbc025dd75fe7846924c9252a8,,
VirusShare_daefb23c9bbfa2849fa16a970fe4f7fb,daefb23c9bbfa2849fa16a970fe4f7fb,1,/mnt/datadisk/./datasets/1/VirusShare_daefb23c9bbfa2849fa16a970fe4f7fb,,
VirusShare_bf7e12877cdc2113e83c357d61c73751,bf7e12877cdc2113e83c357d61c73751,0,/mnt/datadisk/./datasets/0/VirusShare_bf7e12877cdc2113e83c357d61c73751,,
VirusShare_3624b619b0926fb4b7cebd6d63307e36,3624b619b0926fb4b7cebd6d63307e36,0,/mnt/datadisk/./datasets/0/VirusShare_3624b619b0926fb4b7cebd6d63307e36,,
VirusShare_7095125228ce0372df5a49768e0bd5ee,7095125228ce0372df5a49768e0bd5ee,0,/mnt/datadisk/./datasets/0/VirusShare_7095125228ce0372df5a49768e0bd5ee,,
VirusShare_fec3c0499355b1b60196658bf4ac6cdd,fec3c0499355b1b60196658bf4ac6cdd,1,/mnt/datadisk/./datasets/1/VirusShare_fec3c0499355b1b60196658bf4ac6cdd,,
VirusShare_cb9917ea86f54dd279ed8b88b4d574a9,cb9917ea86f54dd279ed8b88b4d574a9,0,/mnt/datadisk/./datasets/0/VirusShare_cb9917ea86f54dd279ed8b88b4d574a9,,
VirusShare_9adc06c650d7e0489fd583f3ddb1215f,9adc06c650d7e0489fd583f3ddb1215f,0,/mnt/datadisk/./datasets/0/VirusShare_9adc06c650d7e0489fd583f3ddb1215f,,
VirusShare_25dcca7ba18502a82e107348ed23e450,25dcca7ba18502a82e107348ed23e450,0,/mnt/datadisk/./datasets/0/VirusShare_25dcca7ba18502a82e107348ed23e450,,
VirusShare_6bcde9b91236a449ebfcd3cae7cfbdb3,6bcde9b91236a449ebfcd3cae7cfbdb3,0,/mnt/datadisk/./datasets/0/VirusShare_6bcde9b91236a449ebfcd3cae7cfbdb3,,
VirusShare_8401bb88ddc009e70f854c2dc3158c91,8401bb88ddc009e70f854c2dc3158c91,0,/mnt/datadisk/./datasets/0/VirusShare_8401bb88ddc009e70f854c2dc3158c91,,
VirusShare_836a2232c085d2bd7266ff66e243a0ba,836a2232c085d2bd7266ff66e243a0ba,1,/mnt/datadisk/./datasets/1/VirusShare_836a2232c085d2bd7266ff66e243a0ba,,
VirusShare_79dcf651c061d5bef71d9fa25811e85d,79dcf651c061d5bef71d9fa25811e85d,1,/mnt/datadisk/./datasets/1/VirusShare_79dcf651c061d5bef71d9fa25811e85d,,
VirusShare_ba3cfdef9b5e6956ce97607c4079fba0,ba3cfdef9b5e6956ce97607c4079fba0,0,/mnt/datadisk/./datasets/0/VirusShare_ba3cfdef9b5e6956ce97607c4079fba0,,
VirusShare_748890754e7e6c0f109c8a70b5fd6fbe,748890754e7e6c0f109c8a70b5fd6fbe,0,/mnt/datadisk/./datasets/0/VirusShare_748890754e7e6c0f109c8a70b5fd6fbe,,
VirusShare_8d2d33a305903c37c97f3a531a81a17d,8d2d33a305903c37c97f3a531a81a17d,1,/mnt/datadisk/./datasets/1/VirusShare_8d2d33a305903c37c97f3a531a81a17d,,
VirusShare_53130039ca4afcdeea2f4195f9736860,53130039ca4afcdeea2f4195f9736860,0,/mnt/datadisk/./datasets/0/VirusShare_53130039ca4afcdeea2f4195f9736860,,
VirusShare_f94e76f3413533466d5381a1fcb5fdda,f94e76f3413533466d5381a1fcb5fdda,1,/mnt/datadisk/./datasets/1/VirusShare_f94e76f3413533466d5381a1fcb5fdda,,
VirusShare_f78f2e70b20587810b755e56821a0363,f78f2e70b20587810b755e56821a0363,1,/mnt/datadisk/./datasets/1/VirusShare_f78f2e70b20587810b755e56821a0363,,
VirusShare_e948209fffe5b38f8fda3937d8a1c6cb,e948209fffe5b38f8fda3937d8a1c6cb,0,/mnt/datadisk/./datasets/0/VirusShare_e948209fffe5b38f8fda3937d8a1c6cb,,
VirusShare_f630a59526f961fe9b45f17115507fa1,f630a59526f961fe9b45f17115507fa1,0,/mnt/datadisk/./datasets/0/VirusShare_f630a59526f961fe9b45f17115507fa1,,
VirusShare_ba6263d5e0e25a0c887b24cc4758f225,ba6263d5e0e25a0c887b24cc4758f225,1,/mnt/datadisk/./datasets/1/VirusShare_ba6263d5e0e25a0c887b24cc4758f225,,
VirusShare_11ca1b6612724352cd8adac46c01caee,11ca1b6612724352cd8adac46c01caee,0,/mnt/datadisk/./datasets/0/VirusShare_11ca1b6612724352cd8adac46c01caee,,
VirusShare_9f7e7b52d3fd047c133d7b2473be4821,9f7e7b52d3fd047c133d7b2473be4821,1,/mnt/datadisk/./datasets/1/VirusShare_9f7e7b52d3fd047c133d7b2473be4821,,
VirusShare_39dd204f20cb00e62d658444857d3638,39dd204f20cb00e62d658444857d3638,1,/mnt/datadisk/./datasets/1/VirusShare_39dd204f20cb00e62d658444857d3638,,
VirusShare_aa1757f0d25bdf3356cf097d3be39e7f,aa1757f0d25bdf3356cf097d3be39e7f,0,/mnt/datadisk/./datasets/0/VirusShare_aa1757f0d25bdf3356cf097d3be39e7f,,
VirusShare_50ea66f53e7c1642b6ddd638d8130268,50ea66f53e7c1642b6ddd638d8130268,0,/mnt/datadisk/./datasets/0/VirusShare_50ea66f53e7c1642b6ddd638d8130268,,
VirusShare_ef8f0ca5552195ff2321f850463e76ee,ef8f0ca5552195ff2321f850463e76ee,1,/mnt/datadisk/./datasets/1/VirusShare_ef8f0ca5552195ff2321f850463e76ee,,
VirusShare_d9c5bbf53ad58863b6e8775611b0d78d,d9c5bbf53ad58863b6e8775611b0d78d,0,/mnt/datadisk/./datasets/0/VirusShare_d9c5bbf53ad58863b6e8775611b0d78d,,
VirusShare_797c7735fd7ddd10c3480324b2206e84,797c7735fd7ddd10c3480324b2206e84,1,/mnt/datadisk/./datasets/1/VirusShare_797c7735fd7ddd10c3480324b2206e84,,
VirusShare_ecb5a5787b35f0685de4d3015448d1c7,ecb5a5787b35f0685de4d3015448d1c7,0,/mnt/datadisk/./datasets/0/VirusShare_ecb5a5787b35f0685de4d3015448d1c7,,
VirusShare_5057a634e87165a606b47df3e67724ad,5057a634e87165a606b47df3e67724ad,1,/mnt/datadisk/./datasets/1/VirusShare_5057a634e87165a606b47df3e67724ad,,
VirusShare_d9fc692c9a724bf14422706f5f7413fd,d9fc692c9a724bf14422706f5f7413fd,0,/mnt/datadisk/./datasets/0/VirusShare_d9fc692c9a724bf14422706f5f7413fd,,
VirusShare_fad7cdf338d8026fe91b5cf8df626f98,fad7cdf338d8026fe91b5cf8df626f98,0,/mnt/datadisk/./datasets/0/VirusShare_fad7cdf338d8026fe91b5cf8df626f98,,
VirusShare_08cc7b642572b2636567040674317917,08cc7b642572b2636567040674317917,1,/mnt/datadisk/./datasets/1/VirusShare_08cc7b642572b2636567040674317917,,
VirusShare_b9c8f39c8786834e4645da4ac085fc02,b9c8f39c8786834e4645da4ac085fc02,0,/mnt/datadisk/./datasets/0/VirusShare_b9c8f39c8786834e4645da4ac085fc02,,
VirusShare_7e3ab9771e7636625b5e4b35ef474d32,7e3ab9771e7636625b5e4b35ef474d32,0,/mnt/datadisk/./datasets/0/VirusShare_7e3ab9771e7636625b5e4b35ef474d32,,
VirusShare_211331b3936f80b3872718ddd77b4a63,211331b3936f80b3872718ddd77b4a63,0,/mnt/datadisk/./datasets/0/VirusShare_211331b3936f80b3872718ddd77b4a63,,
VirusShare_ca207d8a49e6d45bb0c3ba748ed7f4c1,ca207d8a49e6d45bb0c3ba748ed7f4c1,0,/mnt/datadisk/./datasets/0/VirusShare_ca207d8a49e6d45bb0c3ba748ed7f4c1,,
VirusShare_1ae71d2a00c2781136f0d041617131ad,1ae71d2a00c2781136f0d041617131ad,1,/mnt/datadisk/./datasets/1/VirusShare_1ae71d2a00c2781136f0d041617131ad,,
VirusShare_f7b2f7c26e2e1d25654a632d428c1369,f7b2f7c26e2e1d25654a632d428c1369,0,/mnt/datadisk/./datasets/0/VirusShare_f7b2f7c26e2e1d25654a632d428c1369,,
VirusShare_caae268cf49f91e68b7c754b6cff8aea,caae268cf49f91e68b7c754b6cff8aea,1,/mnt/datadisk/./datasets/1/VirusShare_caae268cf49f91e68b7c754b6cff8aea,,
VirusShare_398bc7c02b83f5756e1b1b0e97c637c9,398bc7c02b83f5756e1b1b0e97c637c9,0,/mnt/datadisk/./datasets/0/VirusShare_398bc7c02b83f5756e1b1b0e97c637c9,,
VirusShare_0ab44e198fb384741732b0e493ab4410,0ab44e198fb384741732b0e493ab4410,0,/mnt/datadisk/./datasets/0/VirusShare_0ab44e198fb384741732b0e493ab4410,,
VirusShare_b493eaefa9ca5e8e750c1a52574ec764,b493eaefa9ca5e8e750c1a52574ec764,0,/mnt/datadisk/./datasets/0/VirusShare_b493eaefa9ca5e8e750c1a52574ec764,,
VirusShare_dd572c390efbed34938d93dccece0b14,dd572c390efbed34938d93dccece0b14,0,/mnt/datadisk/./datasets/0/VirusShare_dd572c390efbed34938d93dccece0b14,,
VirusShare_7cdc089173627752431a0844f6c4c972,7cdc089173627752431a0844f6c4c972,1,/mnt/datadisk/./datasets/1/VirusShare_7cdc089173627752431a0844f6c4c972,,
VirusShare_5af8592fc616e022102db1271dd7d341,5af8592fc616e022102db1271dd7d341,0,/mnt/datadisk/./datasets/0/VirusShare_5af8592fc616e022102db1271dd7d341,,
VirusShare_cbb2dc6c2a934f60400d1cf569ee6c89,cbb2dc6c2a934f60400d1cf569ee6c89,1,/mnt/datadisk/./datasets/1/VirusShare_cbb2dc6c2a934f60400d1cf569ee6c89,,
VirusShare_e7ea09810154bda8cf8a9cf4d3d4dcfe,e7ea09810154bda8cf8a9cf4d3d4dcfe,0,/mnt/datadisk/./datasets/0/VirusShare_e7ea09810154bda8cf8a9cf4d3d4dcfe,,
VirusShare_b7e6567165cc19654566d6065f1cf0f0,b7e6567165cc19654566d6065f1cf0f0,1,/mnt/datadisk/./datasets/1/VirusShare_b7e6567165cc19654566d6065f1cf0f0,,
VirusShare_21f5290d7a024344bfb921a7b3d56465,21f5290d7a024344bfb921a7b3d56465,0,/mnt/datadisk/./datasets/0/VirusShare_21f5290d7a024344bfb921a7b3d56465,,
VirusShare_ac248a316e5a95ad8eda363ad9d6bfdd,ac248a316e5a95ad8eda363ad9d6bfdd,1,/mnt/datadisk/./datasets/1/VirusShare_ac248a316e5a95ad8eda363ad9d6bfdd,,
VirusShare_45069bac5a39b5200833fd01ab224481,45069bac5a39b5200833fd01ab224481,1,/mnt/datadisk/./datasets/1/VirusShare_45069bac5a39b5200833fd01ab224481,,
VirusShare_763f49b886470aca855818c2bafe808f,763f49b886470aca855818c2bafe808f,1,/mnt/datadisk/./datasets/1/VirusShare_763f49b886470aca855818c2bafe808f,,
VirusShare_59335fd660c0ac69d372bcda0a9a46f8,59335fd660c0ac69d372bcda0a9a46f8,0,/mnt/datadisk/./datasets/0/VirusShare_59335fd660c0ac69d372bcda0a9a46f8,,
VirusShare_c33b5ccf806c89c4306104ac78aa1479,c33b5ccf806c89c4306104ac78aa1479,0,/mnt/datadisk/./datasets/0/VirusShare_c33b5ccf806c89c4306104ac78aa1479,,
VirusShare_099e74f87f7137d536e951e08aa77163,099e74f87f7137d536e951e08aa77163,1,/mnt/datadisk/./datasets/1/VirusShare_099e74f87f7137d536e951e08aa77163,,
VirusShare_a04d449f41e831b18c8d454aca779670,a04d449f41e831b18c8d454aca779670,0,/mnt/datadisk/./datasets/0/VirusShare_a04d449f41e831b18c8d454aca779670,,
VirusShare_29b370676937c9499de38ab9da32118c,29b370676937c9499de38ab9da32118c,1,/mnt/datadisk/./datasets/1/VirusShare_29b370676937c9499de38ab9da32118c,,
VirusShare_089f072f77656113dc9414531c63c7fe,089f072f77656113dc9414531c63c7fe,0,/mnt/datadisk/./datasets/0/VirusShare_089f072f77656113dc9414531c63c7fe,,
VirusShare_25059048e86f0e79926eac95df96a99a,25059048e86f0e79926eac95df96a99a,1,/mnt/datadisk/./datasets/1/VirusShare_25059048e86f0e79926eac95df96a99a,,
VirusShare_82fb6a1c1194e9a8ad618315074d0b2a,82fb6a1c1194e9a8ad618315074d0b2a,0,/mnt/datadisk/./datasets/0/VirusShare_82fb6a1c1194e9a8ad618315074d0b2a,,
VirusShare_387db77de76a32a088678e9ab4c03c13,387db77de76a32a088678e9ab4c03c13,0,/mnt/datadisk/./datasets/0/VirusShare_387db77de76a32a088678e9ab4c03c13,,
VirusShare_d32f2259c948cf0a3c84cce4b553c342,d32f2259c948cf0a3c84cce4b553c342,1,/mnt/datadisk/./datasets/1/VirusShare_d32f2259c948cf0a3c84cce4b553c342,,
VirusShare_096a91fa5c9344f903575f156c35348c,096a91fa5c9344f903575f156c35348c,0,/mnt/datadisk/./datasets/0/VirusShare_096a91fa5c9344f903575f156c35348c,,
VirusShare_f6d28f64e5f3943ebd87860480188118,f6d28f64e5f3943ebd87860480188118,1,/mnt/datadisk/./datasets/1/VirusShare_f6d28f64e5f3943ebd87860480188118,,
VirusShare_4ee54c209941b985127571b16ed15cfc,4ee54c209941b985127571b16ed15cfc,1,/mnt/datadisk/./datasets/1/VirusShare_4ee54c209941b985127571b16ed15cfc,,
VirusShare_a45fbc7b93c849501310d925e30a38b0,a45fbc7b93c849501310d925e30a38b0,0,/mnt/datadisk/./datasets/0/VirusShare_a45fbc7b93c849501310d925e30a38b0,,
VirusShare_8dc8d56f51f21ac1e24839e36a61aa84,8dc8d56f51f21ac1e24839e36a61aa84,0,/mnt/datadisk/./datasets/0/VirusShare_8dc8d56f51f21ac1e24839e36a61aa84,,
VirusShare_3519d66673e1c6a75ededa2301bcb255,3519d66673e1c6a75ededa2301bcb255,1,/mnt/datadisk/./datasets/1/VirusShare_3519d66673e1c6a75ededa2301bcb255,,
VirusShare_8454aa83fe44292fb1ba105b08de7e9e,8454aa83fe44292fb1ba105b08de7e9e,0,/mnt/datadisk/./datasets/0/VirusShare_8454aa83fe44292fb1ba105b08de7e9e,,
VirusShare_bdf2172b14a4fdf4bb9727957d2005fe,bdf2172b14a4fdf4bb9727957d2005fe,1,/mnt/datadisk/./datasets/1/VirusShare_bdf2172b14a4fdf4bb9727957d2005fe,,
VirusShare_74b71de3732d2b4f3981050fbcff8492,74b71de3732d2b4f3981050fbcff8492,0,/mnt/datadisk/./datasets/0/VirusShare_74b71de3732d2b4f3981050fbcff8492,,
VirusShare_7370041371838b0404c3d8920199b593,7370041371838b0404c3d8920199b593,0,/mnt/datadisk/./datasets/0/VirusShare_7370041371838b0404c3d8920199b593,,
VirusShare_6ef5b371eaf0c9ec6aaea8c5b56d2856,6ef5b371eaf0c9ec6aaea8c5b56d2856,0,/mnt/datadisk/./datasets/0/VirusShare_6ef5b371eaf0c9ec6aaea8c5b56d2856,,
VirusShare_f13cd914c7bcf81d150d27d81ae55c7b,f13cd914c7bcf81d150d27d81ae55c7b,0,/mnt/datadisk/./datasets/0/VirusShare_f13cd914c7bcf81d150d27d81ae55c7b,,
VirusShare_dfdb72709c586860a44f5343b53ecde3,dfdb72709c586860a44f5343b53ecde3,0,/mnt/datadisk/./datasets/0/VirusShare_dfdb72709c586860a44f5343b53ecde3,,
VirusShare_bc99f03dd326ca2fca99344291ed1375,bc99f03dd326ca2fca99344291ed1375,1,/mnt/datadisk/./datasets/1/VirusShare_bc99f03dd326ca2fca99344291ed1375,,
VirusShare_fe4139ca95ec30963a3301cab425b747,fe4139ca95ec30963a3301cab425b747,1,/mnt/datadisk/./datasets/1/VirusShare_fe4139ca95ec30963a3301cab425b747,,
VirusShare_8979027a36ebc78352a50dbe7f95bb84,8979027a36ebc78352a50dbe7f95bb84,0,/mnt/datadisk/./datasets/0/VirusShare_8979027a36ebc78352a50dbe7f95bb84,,
VirusShare_29c8f679bb61068ca272d9e86106a1eb,29c8f679bb61068ca272d9e86106a1eb,1,/mnt/datadisk/./datasets/1/VirusShare_29c8f679bb61068ca272d9e86106a1eb,,
VirusShare_d1ecbd89fd8e766baa79973b93131dcc,d1ecbd89fd8e766baa79973b93131dcc,1,/mnt/datadisk/./datasets/1/VirusShare_d1ecbd89fd8e766baa79973b93131dcc,,
VirusShare_7084a19b62f4efffa190c6de4d71d265,7084a19b62f4efffa190c6de4d71d265,0,/mnt/datadisk/./datasets/0/VirusShare_7084a19b62f4efffa190c6de4d71d265,,
VirusShare_d4cd7f7d71079059ee22e761511db082,d4cd7f7d71079059ee22e761511db082,0,/mnt/datadisk/./datasets/0/VirusShare_d4cd7f7d71079059ee22e761511db082,,
VirusShare_422313fd212bf2664241ed03e5421cc1,422313fd212bf2664241ed03e5421cc1,1,/mnt/datadisk/./datasets/1/VirusShare_422313fd212bf2664241ed03e5421cc1,,
VirusShare_e52822024d7f7f99636c0c3a8b6636b2,e52822024d7f7f99636c0c3a8b6636b2,0,/mnt/datadisk/./datasets/0/VirusShare_e52822024d7f7f99636c0c3a8b6636b2,,
VirusShare_56de8fdabc03c2f82dccaed436affc4c,56de8fdabc03c2f82dccaed436affc4c,0,/mnt/datadisk/./datasets/0/VirusShare_56de8fdabc03c2f82dccaed436affc4c,,
VirusShare_9273fd041c614dcc2258b7e77b783985,9273fd041c614dcc2258b7e77b783985,0,/mnt/datadisk/./datasets/0/VirusShare_9273fd041c614dcc2258b7e77b783985,,
VirusShare_88a5978fbdd32f0dbce2bb0aea9eb0fa,88a5978fbdd32f0dbce2bb0aea9eb0fa,0,/mnt/datadisk/./datasets/0/VirusShare_88a5978fbdd32f0dbce2bb0aea9eb0fa,,
VirusShare_3bb194c78212d131bb1a059ea906b5b9,3bb194c78212d131bb1a059ea906b5b9,0,/mnt/datadisk/./datasets/0/VirusShare_3bb194c78212d131bb1a059ea906b5b9,,
VirusShare_a944449e7ad936e008170d10610b8421,a944449e7ad936e008170d10610b8421,0,/mnt/datadisk/./datasets/0/VirusShare_a944449e7ad936e008170d10610b8421,,
VirusShare_29528ea848b5818c11b009f45e446592,29528ea848b5818c11b009f45e446592,1,/mnt/datadisk/./datasets/1/VirusShare_29528ea848b5818c11b009f45e446592,,
VirusShare_02f3d9234c171ac5a138125f3dcf5139,02f3d9234c171ac5a138125f3dcf5139,1,/mnt/datadisk/./datasets/1/VirusShare_02f3d9234c171ac5a138125f3dcf5139,,
VirusShare_89c68a51928bd4ff5a6774c12ec7c7a1,89c68a51928bd4ff5a6774c12ec7c7a1,0,/mnt/datadisk/./datasets/0/VirusShare_89c68a51928bd4ff5a6774c12ec7c7a1,,
VirusShare_441ec20c83e77e2932824d8c32e72006,441ec20c83e77e2932824d8c32e72006,0,/mnt/datadisk/./datasets/0/VirusShare_441ec20c83e77e2932824d8c32e72006,,
VirusShare_adba5b23d26056c7b6f0233db5ff623a,adba5b23d26056c7b6f0233db5ff623a,0,/mnt/datadisk/./datasets/0/VirusShare_adba5b23d26056c7b6f0233db5ff623a,,
VirusShare_24a3e19705795c9923f9afe1d4a1411f,24a3e19705795c9923f9afe1d4a1411f,0,/mnt/datadisk/./datasets/0/VirusShare_24a3e19705795c9923f9afe1d4a1411f,,
VirusShare_dfa803a29834487e105f930fad10c23d,dfa803a29834487e105f930fad10c23d,0,/mnt/datadisk/./datasets/0/VirusShare_dfa803a29834487e105f930fad10c23d,,
VirusShare_bac2d8dcdf985e9134e01a7f784e1da5,bac2d8dcdf985e9134e01a7f784e1da5,0,/mnt/datadisk/./datasets/0/VirusShare_bac2d8dcdf985e9134e01a7f784e1da5,,
VirusShare_ef48519338de3fc34115e4f9b4deb10d,ef48519338de3fc34115e4f9b4deb10d,0,/mnt/datadisk/./datasets/0/VirusShare_ef48519338de3fc34115e4f9b4deb10d,,
VirusShare_c79434699d057c76e0e1a40a6a3f0c5a,c79434699d057c76e0e1a40a6a3f0c5a,0,/mnt/datadisk/./datasets/0/VirusShare_c79434699d057c76e0e1a40a6a3f0c5a,,
VirusShare_5d6b47c37d4f3c4889b69bdc023e9431,5d6b47c37d4f3c4889b69bdc023e9431,0,/mnt/datadisk/./datasets/0/VirusShare_5d6b47c37d4f3c4889b69bdc023e9431,,
VirusShare_c94bb06217dde8ded7cbe17755547294,c94bb06217dde8ded7cbe17755547294,0,/mnt/datadisk/./datasets/0/VirusShare_c94bb06217dde8ded7cbe17755547294,,
VirusShare_44e2ef1dba0c3084f8a57b059be64c7c,44e2ef1dba0c3084f8a57b059be64c7c,0,/mnt/datadisk/./datasets/0/VirusShare_44e2ef1dba0c3084f8a57b059be64c7c,,
VirusShare_d91c4fc5399604b14819d5ab96245294,d91c4fc5399604b14819d5ab96245294,1,/mnt/datadisk/./datasets/1/VirusShare_d91c4fc5399604b14819d5ab96245294,,
VirusShare_e71d7cf77671bc39004c7b3f49c5ec70,e71d7cf77671bc39004c7b3f49c5ec70,0,/mnt/datadisk/./datasets/0/VirusShare_e71d7cf77671bc39004c7b3f49c5ec70,,
VirusShare_b3658513026580bb96b84eea0d06f5e3,b3658513026580bb96b84eea0d06f5e3,0,/mnt/datadisk/./datasets/0/VirusShare_b3658513026580bb96b84eea0d06f5e3,,
VirusShare_924e032424ff2d663322e43db6fdd590,924e032424ff2d663322e43db6fdd590,0,/mnt/datadisk/./datasets/0/VirusShare_924e032424ff2d663322e43db6fdd590,,
VirusShare_f76717157487f12f5500adcaab8b139e,f76717157487f12f5500adcaab8b139e,0,/mnt/datadisk/./datasets/0/VirusShare_f76717157487f12f5500adcaab8b139e,,
VirusShare_b1ea22ebe74d1194fe10d000a2554da1,b1ea22ebe74d1194fe10d000a2554da1,1,/mnt/datadisk/./datasets/1/VirusShare_b1ea22ebe74d1194fe10d000a2554da1,,
VirusShare_e1cbf7419f3324c49c2776af5621f442,e1cbf7419f3324c49c2776af5621f442,1,/mnt/datadisk/./datasets/1/VirusShare_e1cbf7419f3324c49c2776af5621f442,,
VirusShare_a958c75780583c190a81a519275668d7,a958c75780583c190a81a519275668d7,0,/mnt/datadisk/./datasets/0/VirusShare_a958c75780583c190a81a519275668d7,,
VirusShare_1296a782d6ea13ad1d712df56128c13a,1296a782d6ea13ad1d712df56128c13a,1,/mnt/datadisk/./datasets/1/VirusShare_1296a782d6ea13ad1d712df56128c13a,,
VirusShare_82fbfa1a99e4001ea9f24466c7ad168e,82fbfa1a99e4001ea9f24466c7ad168e,0,/mnt/datadisk/./datasets/0/VirusShare_82fbfa1a99e4001ea9f24466c7ad168e,,
VirusShare_b3c0ae5b8d79f1c6221ad51f14fd5a6f,b3c0ae5b8d79f1c6221ad51f14fd5a6f,0,/mnt/datadisk/./datasets/0/VirusShare_b3c0ae5b8d79f1c6221ad51f14fd5a6f,,
VirusShare_d59c7cc6f109cb59fa55309f4f829692,d59c7cc6f109cb59fa55309f4f829692,1,/mnt/datadisk/./datasets/1/VirusShare_d59c7cc6f109cb59fa55309f4f829692,,
VirusShare_f912fdcb769a2082e1951754889c3e0c,f912fdcb769a2082e1951754889c3e0c,0,/mnt/datadisk/./datasets/0/VirusShare_f912fdcb769a2082e1951754889c3e0c,,
VirusShare_fbeb26b34850d96b5cb3dee8e5f5e79f,fbeb26b34850d96b5cb3dee8e5f5e79f,1,/mnt/datadisk/./datasets/1/VirusShare_fbeb26b34850d96b5cb3dee8e5f5e79f,,
VirusShare_7df46377cc6f3771268104e79b1b5625,7df46377cc6f3771268104e79b1b5625,1,/mnt/datadisk/./datasets/1/VirusShare_7df46377cc6f3771268104e79b1b5625,,
VirusShare_5c48402d3c9339365f14e5577b5fc29e,5c48402d3c9339365f14e5577b5fc29e,1,/mnt/datadisk/./datasets/1/VirusShare_5c48402d3c9339365f14e5577b5fc29e,,
VirusShare_bd95206a51af8a2a6ff15ff7a92c2110,bd95206a51af8a2a6ff15ff7a92c2110,0,/mnt/datadisk/./datasets/0/VirusShare_bd95206a51af8a2a6ff15ff7a92c2110,,
VirusShare_26246acf2e2ba55998c115969b741375,26246acf2e2ba55998c115969b741375,0,/mnt/datadisk/./datasets/0/VirusShare_26246acf2e2ba55998c115969b741375,,
VirusShare_0036765d62a5d3711c0a4f55bf7d72d9,0036765d62a5d3711c0a4f55bf7d72d9,0,/mnt/datadisk/./datasets/0/VirusShare_0036765d62a5d3711c0a4f55bf7d72d9,,
VirusShare_d376b57146814ff069831cb75841632c,d376b57146814ff069831cb75841632c,0,/mnt/datadisk/./datasets/0/VirusShare_d376b57146814ff069831cb75841632c,,
VirusShare_50cac4d80ae617c57657fa9850e8a91b,50cac4d80ae617c57657fa9850e8a91b,1,/mnt/datadisk/./datasets/1/VirusShare_50cac4d80ae617c57657fa9850e8a91b,,
VirusShare_c0ee3e6e901bebf00dc5d1e76fecac35,c0ee3e6e901bebf00dc5d1e76fecac35,0,/mnt/datadisk/./datasets/0/VirusShare_c0ee3e6e901bebf00dc5d1e76fecac35,,
VirusShare_48acc049df0d2b8982771b96a2b9a960,48acc049df0d2b8982771b96a2b9a960,0,/mnt/datadisk/./datasets/0/VirusShare_48acc049df0d2b8982771b96a2b9a960,,
VirusShare_f894275a5f46390d0a1e61c4c9c65b43,f894275a5f46390d0a1e61c4c9c65b43,1,/mnt/datadisk/./datasets/1/VirusShare_f894275a5f46390d0a1e61c4c9c65b43,,
VirusShare_26f84401ade2c8914999b77bad3fd235,26f84401ade2c8914999b77bad3fd235,1,/mnt/datadisk/./datasets/1/VirusShare_26f84401ade2c8914999b77bad3fd235,,
VirusShare_6d32f49665fd80517ce0bf8ad28f2a56,6d32f49665fd80517ce0bf8ad28f2a56,0,/mnt/datadisk/./datasets/0/VirusShare_6d32f49665fd80517ce0bf8ad28f2a56,,
VirusShare_0b1b3ff8d3e7792b0762f57fe0aea3fe,0b1b3ff8d3e7792b0762f57fe0aea3fe,1,/mnt/datadisk/./datasets/1/VirusShare_0b1b3ff8d3e7792b0762f57fe0aea3fe,,
VirusShare_82eaaf4eae0ae057af9728c5a3e17058,82eaaf4eae0ae057af9728c5a3e17058,1,/mnt/datadisk/./datasets/1/VirusShare_82eaaf4eae0ae057af9728c5a3e17058,,
VirusShare_39107633505bc1d02d27b278f58e9d37,39107633505bc1d02d27b278f58e9d37,1,/mnt/datadisk/./datasets/1/VirusShare_39107633505bc1d02d27b278f58e9d37,,
VirusShare_e77e3ee8e65195909ea8dfe0b3200d2e,e77e3ee8e65195909ea8dfe0b3200d2e,1,/mnt/datadisk/./datasets/1/VirusShare_e77e3ee8e65195909ea8dfe0b3200d2e,,
VirusShare_19e3b43520f9e6135c8255ea87288cbb,19e3b43520f9e6135c8255ea87288cbb,1,/mnt/datadisk/./datasets/1/VirusShare_19e3b43520f9e6135c8255ea87288cbb,,
VirusShare_48415568f836d153e802b88eb423c028,48415568f836d153e802b88eb423c028,1,/mnt/datadisk/./datasets/1/VirusShare_48415568f836d153e802b88eb423c028,,
VirusShare_3be35463b1de36e28b73c0966f81537e,3be35463b1de36e28b73c0966f81537e,0,/mnt/datadisk/./datasets/0/VirusShare_3be35463b1de36e28b73c0966f81537e,,
VirusShare_78948c3ea529e04e04888ca32f027ff6,78948c3ea529e04e04888ca32f027ff6,0,/mnt/datadisk/./datasets/0/VirusShare_78948c3ea529e04e04888ca32f027ff6,,
VirusShare_340f6629338ca74e035e4be6f141bb8b,340f6629338ca74e035e4be6f141bb8b,0,/mnt/datadisk/./datasets/0/VirusShare_340f6629338ca74e035e4be6f141bb8b,,
VirusShare_baf2bb1f27d46c8b948a9043276119cd,baf2bb1f27d46c8b948a9043276119cd,1,/mnt/datadisk/./datasets/1/VirusShare_baf2bb1f27d46c8b948a9043276119cd,,
VirusShare_6aa292e0e878e37aa74465cb2bc29dc8,6aa292e0e878e37aa74465cb2bc29dc8,1,/mnt/datadisk/./datasets/1/VirusShare_6aa292e0e878e37aa74465cb2bc29dc8,,
VirusShare_49605e1b9543810eab6cac6e9c705a22,49605e1b9543810eab6cac6e9c705a22,0,/mnt/datadisk/./datasets/0/VirusShare_49605e1b9543810eab6cac6e9c705a22,,
VirusShare_2e0dac4a41d3535c29f43d855e16c39d,2e0dac4a41d3535c29f43d855e16c39d,0,/mnt/datadisk/./datasets/0/VirusShare_2e0dac4a41d3535c29f43d855e16c39d,,
VirusShare_beec59cd988d84c6657bde63a34acac7,beec59cd988d84c6657bde63a34acac7,1,/mnt/datadisk/./datasets/1/VirusShare_beec59cd988d84c6657bde63a34acac7,,
VirusShare_b69b3f05be56830d3e479393dad3d0d3,b69b3f05be56830d3e479393dad3d0d3,0,/mnt/datadisk/./datasets/0/VirusShare_b69b3f05be56830d3e479393dad3d0d3,,
VirusShare_8e57cc0cc1c059871ead63f4a31f3634,8e57cc0cc1c059871ead63f4a31f3634,1,/mnt/datadisk/./datasets/1/VirusShare_8e57cc0cc1c059871ead63f4a31f3634,,
VirusShare_96a1c69c4d1e4fdf84ef540373bb878d,96a1c69c4d1e4fdf84ef540373bb878d,0,/mnt/datadisk/./datasets/0/VirusShare_96a1c69c4d1e4fdf84ef540373bb878d,,
VirusShare_e2f1969668585f9955defb745062b4d4,e2f1969668585f9955defb745062b4d4,1,/mnt/datadisk/./datasets/1/VirusShare_e2f1969668585f9955defb745062b4d4,,
VirusShare_f058ec8c777f94a547c444f23e9be690,f058ec8c777f94a547c444f23e9be690,0,/mnt/datadisk/./datasets/0/VirusShare_f058ec8c777f94a547c444f23e9be690,,
VirusShare_caa76a2e499173ee3adc3b637ec8a213,caa76a2e499173ee3adc3b637ec8a213,0,/mnt/datadisk/./datasets/0/VirusShare_caa76a2e499173ee3adc3b637ec8a213,,
VirusShare_0cdf482446f9c60e430aa615588234a8,0cdf482446f9c60e430aa615588234a8,0,/mnt/datadisk/./datasets/0/VirusShare_0cdf482446f9c60e430aa615588234a8,,
VirusShare_6004c8bebcf5c84ffbc6eec9cbceffd3,6004c8bebcf5c84ffbc6eec9cbceffd3,1,/mnt/datadisk/./datasets/1/VirusShare_6004c8bebcf5c84ffbc6eec9cbceffd3,,
VirusShare_e09f2640bd1549da4ec2c00a143a51e6,e09f2640bd1549da4ec2c00a143a51e6,1,/mnt/datadisk/./datasets/1/VirusShare_e09f2640bd1549da4ec2c00a143a51e6,,
VirusShare_875f86cffeb048b2e9e938a7efed0fd7,875f86cffeb048b2e9e938a7efed0fd7,0,/mnt/datadisk/./datasets/0/VirusShare_875f86cffeb048b2e9e938a7efed0fd7,,
VirusShare_05e804b823fb19ddf915a82f298ff8a7,05e804b823fb19ddf915a82f298ff8a7,0,/mnt/datadisk/./datasets/0/VirusShare_05e804b823fb19ddf915a82f298ff8a7,,
VirusShare_c2a8e8decf4971ae847fe440d4ecadc6,c2a8e8decf4971ae847fe440d4ecadc6,0,/mnt/datadisk/./datasets/0/VirusShare_c2a8e8decf4971ae847fe440d4ecadc6,,
VirusShare_5846831cfd75a1d686963ae3c628e00e,5846831cfd75a1d686963ae3c628e00e,0,/mnt/datadisk/./datasets/0/VirusShare_5846831cfd75a1d686963ae3c628e00e,,
VirusShare_f59582386f4bf53866ad352903eeb745,f59582386f4bf53866ad352903eeb745,1,/mnt/datadisk/./datasets/1/VirusShare_f59582386f4bf53866ad352903eeb745,,
VirusShare_f33e17258fd99b5a3b0f32dd122d9164,f33e17258fd99b5a3b0f32dd122d9164,1,/mnt/datadisk/./datasets/1/VirusShare_f33e17258fd99b5a3b0f32dd122d9164,,
VirusShare_dec865ba4532e7e49233a09a4366013d,dec865ba4532e7e49233a09a4366013d,0,/mnt/datadisk/./datasets/0/VirusShare_dec865ba4532e7e49233a09a4366013d,,
VirusShare_9276258e0b84d9aee61cc44c6bfebc73,9276258e0b84d9aee61cc44c6bfebc73,1,/mnt/datadisk/./datasets/1/VirusShare_9276258e0b84d9aee61cc44c6bfebc73,,
VirusShare_28231e82931dcd294801854e0651ec07,28231e82931dcd294801854e0651ec07,0,/mnt/datadisk/./datasets/0/VirusShare_28231e82931dcd294801854e0651ec07,,
VirusShare_3fa7ca9ab0196c759e732d41f01b378b,3fa7ca9ab0196c759e732d41f01b378b,0,/mnt/datadisk/./datasets/0/VirusShare_3fa7ca9ab0196c759e732d41f01b378b,,
VirusShare_bdf22245d6c9ddae804e921c2d9ae66e,bdf22245d6c9ddae804e921c2d9ae66e,0,/mnt/datadisk/./datasets/0/VirusShare_bdf22245d6c9ddae804e921c2d9ae66e,,
VirusShare_6675c340ae30024d6f3f4f195dce0732,6675c340ae30024d6f3f4f195dce0732,0,/mnt/datadisk/./datasets/0/VirusShare_6675c340ae30024d6f3f4f195dce0732,,
VirusShare_8b0f225218241ba2cd8c5ce2935dcd7c,8b0f225218241ba2cd8c5ce2935dcd7c,0,/mnt/datadisk/./datasets/0/VirusShare_8b0f225218241ba2cd8c5ce2935dcd7c,,
VirusShare_764dec83359da9e37d5269ce5b3d1776,764dec83359da9e37d5269ce5b3d1776,0,/mnt/datadisk/./datasets/0/VirusShare_764dec83359da9e37d5269ce5b3d1776,,
VirusShare_5eeab2ba0e0135ec4c65b4f35b262562,5eeab2ba0e0135ec4c65b4f35b262562,0,/mnt/datadisk/./datasets/0/VirusShare_5eeab2ba0e0135ec4c65b4f35b262562,,
VirusShare_e361c1d3b211fa1d76f527591787aa76,e361c1d3b211fa1d76f527591787aa76,0,/mnt/datadisk/./datasets/0/VirusShare_e361c1d3b211fa1d76f527591787aa76,,
VirusShare_f101b83db231e05c9412fd3c19fe6ff4,f101b83db231e05c9412fd3c19fe6ff4,0,/mnt/datadisk/./datasets/0/VirusShare_f101b83db231e05c9412fd3c19fe6ff4,,
VirusShare_1caf414ad922e7d1e18244cbe6fc5541,1caf414ad922e7d1e18244cbe6fc5541,1,/mnt/datadisk/./datasets/1/VirusShare_1caf414ad922e7d1e18244cbe6fc5541,,
VirusShare_080c701a8d675948d9ee4fcb54ffaf09,080c701a8d675948d9ee4fcb54ffaf09,0,/mnt/datadisk/./datasets/0/VirusShare_080c701a8d675948d9ee4fcb54ffaf09,,
VirusShare_9f4e499b24a7fa4bfb583a0b43798b35,9f4e499b24a7fa4bfb583a0b43798b35,0,/mnt/datadisk/./datasets/0/VirusShare_9f4e499b24a7fa4bfb583a0b43798b35,,
VirusShare_3117366b8ded5d99efdea89cba1395bc,3117366b8ded5d99efdea89cba1395bc,0,/mnt/datadisk/./datasets/0/VirusShare_3117366b8ded5d99efdea89cba1395bc,,
VirusShare_42de343b8d2dc748041c1e8c9e9f9d3b,42de343b8d2dc748041c1e8c9e9f9d3b,0,/mnt/datadisk/./datasets/0/VirusShare_42de343b8d2dc748041c1e8c9e9f9d3b,,
VirusShare_f20ff7a13477df683189008fdaa6c9bb,f20ff7a13477df683189008fdaa6c9bb,0,/mnt/datadisk/./datasets/0/VirusShare_f20ff7a13477df683189008fdaa6c9bb,,
VirusShare_3169fddef916e22c22dd0f1fa8c029ce,3169fddef916e22c22dd0f1fa8c029ce,0,/mnt/datadisk/./datasets/0/VirusShare_3169fddef916e22c22dd0f1fa8c029ce,,
VirusShare_19bd25119083bd7538bd2b5d166ab269,19bd25119083bd7538bd2b5d166ab269,0,/mnt/datadisk/./datasets/0/VirusShare_19bd25119083bd7538bd2b5d166ab269,,
VirusShare_d932b1e8886aad700dcf3fd1c3274df8,d932b1e8886aad700dcf3fd1c3274df8,0,/mnt/datadisk/./datasets/0/VirusShare_d932b1e8886aad700dcf3fd1c3274df8,,
VirusShare_3e583472cc7b1ec6e902b2638b300196,3e583472cc7b1ec6e902b2638b300196,1,/mnt/datadisk/./datasets/1/VirusShare_3e583472cc7b1ec6e902b2638b300196,,
VirusShare_058a1b9c3ac1096d7fb24405a3332ee0,058a1b9c3ac1096d7fb24405a3332ee0,0,/mnt/datadisk/./datasets/0/VirusShare_058a1b9c3ac1096d7fb24405a3332ee0,,
VirusShare_8e61b9547bc6dcd0345348acea439e7f,8e61b9547bc6dcd0345348acea439e7f,0,/mnt/datadisk/./datasets/0/VirusShare_8e61b9547bc6dcd0345348acea439e7f,,
VirusShare_de0e48043b58bc2ab76ceed657e0b6af,de0e48043b58bc2ab76ceed657e0b6af,0,/mnt/datadisk/./datasets/0/VirusShare_de0e48043b58bc2ab76ceed657e0b6af,,
VirusShare_8869683aff5f60234904524d11e904da,8869683aff5f60234904524d11e904da,1,/mnt/datadisk/./datasets/1/VirusShare_8869683aff5f60234904524d11e904da,,
VirusShare_378022fc1f0f4453c80c0cf9c8e7d6c9,378022fc1f0f4453c80c0cf9c8e7d6c9,0,/mnt/datadisk/./datasets/0/VirusShare_378022fc1f0f4453c80c0cf9c8e7d6c9,,
VirusShare_165fc303f9cfffd17fab03ce2e3bfb86,165fc303f9cfffd17fab03ce2e3bfb86,1,/mnt/datadisk/./datasets/1/VirusShare_165fc303f9cfffd17fab03ce2e3bfb86,,
VirusShare_6e39e481e3bd98a399a7dee926ec8054,6e39e481e3bd98a399a7dee926ec8054,0,/mnt/datadisk/./datasets/0/VirusShare_6e39e481e3bd98a399a7dee926ec8054,,
VirusShare_83903defacd0c7a473c39cf46a05e7c1,83903defacd0c7a473c39cf46a05e7c1,1,/mnt/datadisk/./datasets/1/VirusShare_83903defacd0c7a473c39cf46a05e7c1,,
VirusShare_1cbc7e681713e0bd2e830857448219ce,1cbc7e681713e0bd2e830857448219ce,1,/mnt/datadisk/./datasets/1/VirusShare_1cbc7e681713e0bd2e830857448219ce,,
VirusShare_8ef5fa90f99a89266bbb0769613f3f44,8ef5fa90f99a89266bbb0769613f3f44,0,/mnt/datadisk/./datasets/0/VirusShare_8ef5fa90f99a89266bbb0769613f3f44,,
VirusShare_eb9b66822fcc40eef2946119bebd0642,eb9b66822fcc40eef2946119bebd0642,0,/mnt/datadisk/./datasets/0/VirusShare_eb9b66822fcc40eef2946119bebd0642,,
VirusShare_32239b81f56cfec941c55b7c4ef0dff1,32239b81f56cfec941c55b7c4ef0dff1,0,/mnt/datadisk/./datasets/0/VirusShare_32239b81f56cfec941c55b7c4ef0dff1,,
VirusShare_e65c9b49948b626e7700355f3b798c4f,e65c9b49948b626e7700355f3b798c4f,1,/mnt/datadisk/./datasets/1/VirusShare_e65c9b49948b626e7700355f3b798c4f,,
VirusShare_b216a39e2a323263339e8cf47f4fe6b9,b216a39e2a323263339e8cf47f4fe6b9,0,/mnt/datadisk/./datasets/0/VirusShare_b216a39e2a323263339e8cf47f4fe6b9,,
VirusShare_335db6cd214779ac1353ce0b4f2f6f48,335db6cd214779ac1353ce0b4f2f6f48,1,/mnt/datadisk/./datasets/1/VirusShare_335db6cd214779ac1353ce0b4f2f6f48,,
VirusShare_32a60c11f3db3352681abf4cc4529340,32a60c11f3db3352681abf4cc4529340,0,/mnt/datadisk/./datasets/0/VirusShare_32a60c11f3db3352681abf4cc4529340,,
VirusShare_49bf387ff134c0613a96ba231e1101f8,49bf387ff134c0613a96ba231e1101f8,1,/mnt/datadisk/./datasets/1/VirusShare_49bf387ff134c0613a96ba231e1101f8,,
VirusShare_2feb872b2d97bfc82d73fe44e1ca8629,2feb872b2d97bfc82d73fe44e1ca8629,0,/mnt/datadisk/./datasets/0/VirusShare_2feb872b2d97bfc82d73fe44e1ca8629,,
VirusShare_bf7ed24708568273356752dd8d5bb9b9,bf7ed24708568273356752dd8d5bb9b9,0,/mnt/datadisk/./datasets/0/VirusShare_bf7ed24708568273356752dd8d5bb9b9,,
VirusShare_163b66b8be871c131a09ab4beec354d7,163b66b8be871c131a09ab4beec354d7,0,/mnt/datadisk/./datasets/0/VirusShare_163b66b8be871c131a09ab4beec354d7,,
VirusShare_bd0936130918f160fe94ac409384813d,bd0936130918f160fe94ac409384813d,0,/mnt/datadisk/./datasets/0/VirusShare_bd0936130918f160fe94ac409384813d,,
VirusShare_5f1ed86293648dd785affb2eaeaa9103,5f1ed86293648dd785affb2eaeaa9103,0,/mnt/datadisk/./datasets/0/VirusShare_5f1ed86293648dd785affb2eaeaa9103,,
VirusShare_12b188edfc9e7f845d8e6174c6c45c04,12b188edfc9e7f845d8e6174c6c45c04,1,/mnt/datadisk/./datasets/1/VirusShare_12b188edfc9e7f845d8e6174c6c45c04,,
VirusShare_ff580b1bcf7e5d17584c9b6422794cc4,ff580b1bcf7e5d17584c9b6422794cc4,0,/mnt/datadisk/./datasets/0/VirusShare_ff580b1bcf7e5d17584c9b6422794cc4,,
VirusShare_613aacb0049023893ab5806268ece184,613aacb0049023893ab5806268ece184,0,/mnt/datadisk/./datasets/0/VirusShare_613aacb0049023893ab5806268ece184,,
VirusShare_08ddca87b625734e0028a89fd4ec7247,08ddca87b625734e0028a89fd4ec7247,1,/mnt/datadisk/./datasets/1/VirusShare_08ddca87b625734e0028a89fd4ec7247,,
VirusShare_a7dad5b65f0a5bbeedf966f9ae7882cf,a7dad5b65f0a5bbeedf966f9ae7882cf,1,/mnt/datadisk/./datasets/1/VirusShare_a7dad5b65f0a5bbeedf966f9ae7882cf,,
VirusShare_4a199c2b97827189fbe26cbf48c4bc07,4a199c2b97827189fbe26cbf48c4bc07,1,/mnt/datadisk/./datasets/1/VirusShare_4a199c2b97827189fbe26cbf48c4bc07,,
VirusShare_4a3a9b54a5895aeaa117252ae2a3df21,4a3a9b54a5895aeaa117252ae2a3df21,0,/mnt/datadisk/./datasets/0/VirusShare_4a3a9b54a5895aeaa117252ae2a3df21,,
VirusShare_4573beec0fef571347b4dfacb47f3f13,4573beec0fef571347b4dfacb47f3f13,0,/mnt/datadisk/./datasets/0/VirusShare_4573beec0fef571347b4dfacb47f3f13,,
VirusShare_558d83545b3096f901e84dd00bccd9e8,558d83545b3096f901e84dd00bccd9e8,0,/mnt/datadisk/./datasets/0/VirusShare_558d83545b3096f901e84dd00bccd9e8,,
VirusShare_89c20a936d23da34560927ba7efde1d4,89c20a936d23da34560927ba7efde1d4,1,/mnt/datadisk/./datasets/1/VirusShare_89c20a936d23da34560927ba7efde1d4,,
VirusShare_596dcefcbcca821729b88baf30a6d0ae,596dcefcbcca821729b88baf30a6d0ae,0,/mnt/datadisk/./datasets/0/VirusShare_596dcefcbcca821729b88baf30a6d0ae,,
VirusShare_b09e978b9f66e1352618761d41b9993e,b09e978b9f66e1352618761d41b9993e,1,/mnt/datadisk/./datasets/1/VirusShare_b09e978b9f66e1352618761d41b9993e,,
VirusShare_eea709ce5c14b1f73ce0334e6e257215,eea709ce5c14b1f73ce0334e6e257215,0,/mnt/datadisk/./datasets/0/VirusShare_eea709ce5c14b1f73ce0334e6e257215,,
VirusShare_6c7701337ad0496664e5a755b3a3ec74,6c7701337ad0496664e5a755b3a3ec74,0,/mnt/datadisk/./datasets/0/VirusShare_6c7701337ad0496664e5a755b3a3ec74,,
VirusShare_8a0044d90db85df6066fa68c9c1a3a28,8a0044d90db85df6066fa68c9c1a3a28,0,/mnt/datadisk/./datasets/0/VirusShare_8a0044d90db85df6066fa68c9c1a3a28,,
VirusShare_32b2e98ea4dde2e80dbfa5f858a6c9db,32b2e98ea4dde2e80dbfa5f858a6c9db,0,/mnt/datadisk/./datasets/0/VirusShare_32b2e98ea4dde2e80dbfa5f858a6c9db,,
VirusShare_8f1caa757db365930903b24cd2225d72,8f1caa757db365930903b24cd2225d72,0,/mnt/datadisk/./datasets/0/VirusShare_8f1caa757db365930903b24cd2225d72,,
VirusShare_638c7986e2263524646c8eabe412d947,638c7986e2263524646c8eabe412d947,0,/mnt/datadisk/./datasets/0/VirusShare_638c7986e2263524646c8eabe412d947,,
VirusShare_7628cc1254f9674365a23004fe71085e,7628cc1254f9674365a23004fe71085e,0,/mnt/datadisk/./datasets/0/VirusShare_7628cc1254f9674365a23004fe71085e,,
VirusShare_e1156537397a5eb59383bc5ba0c1d39e,e1156537397a5eb59383bc5ba0c1d39e,0,/mnt/datadisk/./datasets/0/VirusShare_e1156537397a5eb59383bc5ba0c1d39e,,
VirusShare_e7a37b9af50430349fd17e4302982574,e7a37b9af50430349fd17e4302982574,0,/mnt/datadisk/./datasets/0/VirusShare_e7a37b9af50430349fd17e4302982574,,
VirusShare_ff70ca7a56cc60d5fbbb4fa4d30309d8,ff70ca7a56cc60d5fbbb4fa4d30309d8,0,/mnt/datadisk/./datasets/0/VirusShare_ff70ca7a56cc60d5fbbb4fa4d30309d8,,
VirusShare_5dde96f96a8a33e185c0c61757fe55ad,5dde96f96a8a33e185c0c61757fe55ad,0,/mnt/datadisk/./datasets/0/VirusShare_5dde96f96a8a33e185c0c61757fe55ad,,
VirusShare_a906aec0f16c945fa262df76870b60d6,a906aec0f16c945fa262df76870b60d6,1,/mnt/datadisk/./datasets/1/VirusShare_a906aec0f16c945fa262df76870b60d6,,
VirusShare_308ccdc09a05ced8c9927fce07c966f4,308ccdc09a05ced8c9927fce07c966f4,1,/mnt/datadisk/./datasets/1/VirusShare_308ccdc09a05ced8c9927fce07c966f4,,
VirusShare_d1d1422860c117b154bc5fe2233ab62b,d1d1422860c117b154bc5fe2233ab62b,0,/mnt/datadisk/./datasets/0/VirusShare_d1d1422860c117b154bc5fe2233ab62b,,
VirusShare_03fa6349450ead6659e3e19433e7da18,03fa6349450ead6659e3e19433e7da18,0,/mnt/datadisk/./datasets/0/VirusShare_03fa6349450ead6659e3e19433e7da18,,
VirusShare_e72fc266b40d1574fa2a5095cbdf19f6,e72fc266b40d1574fa2a5095cbdf19f6,0,/mnt/datadisk/./datasets/0/VirusShare_e72fc266b40d1574fa2a5095cbdf19f6,,
VirusShare_f6df0ffd3c5dae167618988e06ae230d,f6df0ffd3c5dae167618988e06ae230d,0,/mnt/datadisk/./datasets/0/VirusShare_f6df0ffd3c5dae167618988e06ae230d,,
VirusShare_15331bcfc096774d186ef906b9d0a08c,15331bcfc096774d186ef906b9d0a08c,0,/mnt/datadisk/./datasets/0/VirusShare_15331bcfc096774d186ef906b9d0a08c,,
VirusShare_cd8a9d458b8c3b44dd752b3f4040670b,cd8a9d458b8c3b44dd752b3f4040670b,0,/mnt/datadisk/./datasets/0/VirusShare_cd8a9d458b8c3b44dd752b3f4040670b,,
VirusShare_3c4b72c99e01934a5521f930ccf36606,3c4b72c99e01934a5521f930ccf36606,0,/mnt/datadisk/./datasets/0/VirusShare_3c4b72c99e01934a5521f930ccf36606,,
VirusShare_f3b40c8d82f3808ae614bfe54c7ebf21,f3b40c8d82f3808ae614bfe54c7ebf21,0,/mnt/datadisk/./datasets/0/VirusShare_f3b40c8d82f3808ae614bfe54c7ebf21,,
VirusShare_6ebc56bb70ec64bfa6fb60340ef6cf2b,6ebc56bb70ec64bfa6fb60340ef6cf2b,1,/mnt/datadisk/./datasets/1/VirusShare_6ebc56bb70ec64bfa6fb60340ef6cf2b,,
VirusShare_b2bada50288afc166894ac53d2f27ec4,b2bada50288afc166894ac53d2f27ec4,0,/mnt/datadisk/./datasets/0/VirusShare_b2bada50288afc166894ac53d2f27ec4,,
VirusShare_08e4f86ffd8080d4a43dee01063242c9,08e4f86ffd8080d4a43dee01063242c9,1,/mnt/datadisk/./datasets/1/VirusShare_08e4f86ffd8080d4a43dee01063242c9,,
VirusShare_45a80441f3c3c2c72b9310b7d404541c,45a80441f3c3c2c72b9310b7d404541c,1,/mnt/datadisk/./datasets/1/VirusShare_45a80441f3c3c2c72b9310b7d404541c,,
VirusShare_85c6ed98d858cbedee8a80d38e5599d4,85c6ed98d858cbedee8a80d38e5599d4,0,/mnt/datadisk/./datasets/0/VirusShare_85c6ed98d858cbedee8a80d38e5599d4,,
VirusShare_548bb844719690ff2bb058519a98b8fb,548bb844719690ff2bb058519a98b8fb,0,/mnt/datadisk/./datasets/0/VirusShare_548bb844719690ff2bb058519a98b8fb,,
VirusShare_ac4541f270dd6138abf0d516ea170f56,ac4541f270dd6138abf0d516ea170f56,0,/mnt/datadisk/./datasets/0/VirusShare_ac4541f270dd6138abf0d516ea170f56,,
VirusShare_3626f23da6bd3ec4b8f52ad11dfab1c8,3626f23da6bd3ec4b8f52ad11dfab1c8,1,/mnt/datadisk/./datasets/1/VirusShare_3626f23da6bd3ec4b8f52ad11dfab1c8,,
VirusShare_0d18dea8844fc91ce9b5beba8a0275a2,0d18dea8844fc91ce9b5beba8a0275a2,0,/mnt/datadisk/./datasets/0/VirusShare_0d18dea8844fc91ce9b5beba8a0275a2,,
VirusShare_99e9a1936d06a058b2ff096013232c92,99e9a1936d06a058b2ff096013232c92,0,/mnt/datadisk/./datasets/0/VirusShare_99e9a1936d06a058b2ff096013232c92,,
VirusShare_7bc88581a0b5e1c8ccfbeb9bac6fc6b9,7bc88581a0b5e1c8ccfbeb9bac6fc6b9,0,/mnt/datadisk/./datasets/0/VirusShare_7bc88581a0b5e1c8ccfbeb9bac6fc6b9,,
VirusShare_cd5eb68dc70133b9c5b5221cdbb03fbe,cd5eb68dc70133b9c5b5221cdbb03fbe,0,/mnt/datadisk/./datasets/0/VirusShare_cd5eb68dc70133b9c5b5221cdbb03fbe,,
VirusShare_8be17543a3330104b13a07d86c9b35d9,8be17543a3330104b13a07d86c9b35d9,0,/mnt/datadisk/./datasets/0/VirusShare_8be17543a3330104b13a07d86c9b35d9,,
VirusShare_aac9b06bda890ab6030e331b6ae99997,aac9b06bda890ab6030e331b6ae99997,1,/mnt/datadisk/./datasets/1/VirusShare_aac9b06bda890ab6030e331b6ae99997,,
VirusShare_908b846f44e2edbec5049700c8c7e5f6,908b846f44e2edbec5049700c8c7e5f6,1,/mnt/datadisk/./datasets/1/VirusShare_908b846f44e2edbec5049700c8c7e5f6,,
VirusShare_552b6c696cda9c0b19dd667a82d6dfaa,552b6c696cda9c0b19dd667a82d6dfaa,0,/mnt/datadisk/./datasets/0/VirusShare_552b6c696cda9c0b19dd667a82d6dfaa,,
VirusShare_d02009c6364dcc6c6f1601919ceb9f05,d02009c6364dcc6c6f1601919ceb9f05,0,/mnt/datadisk/./datasets/0/VirusShare_d02009c6364dcc6c6f1601919ceb9f05,,
VirusShare_882b3feb9166f1e19e670f29a4567692,882b3feb9166f1e19e670f29a4567692,1,/mnt/datadisk/./datasets/1/VirusShare_882b3feb9166f1e19e670f29a4567692,,
VirusShare_bfe3d29bb7bb79f257b930a599f52163,bfe3d29bb7bb79f257b930a599f52163,0,/mnt/datadisk/./datasets/0/VirusShare_bfe3d29bb7bb79f257b930a599f52163,,
VirusShare_7e1e2de5efe13eeffb8d480d17ba41bf,7e1e2de5efe13eeffb8d480d17ba41bf,1,/mnt/datadisk/./datasets/1/VirusShare_7e1e2de5efe13eeffb8d480d17ba41bf,,
VirusShare_261f2c8855c0a335a4136c94d3189d02,261f2c8855c0a335a4136c94d3189d02,0,/mnt/datadisk/./datasets/0/VirusShare_261f2c8855c0a335a4136c94d3189d02,,
VirusShare_0350a4db0eba4dd22680da8ff5201a6b,0350a4db0eba4dd22680da8ff5201a6b,1,/mnt/datadisk/./datasets/1/VirusShare_0350a4db0eba4dd22680da8ff5201a6b,,
VirusShare_1c4c2ef0ebfce91023cae5c079962d50,1c4c2ef0ebfce91023cae5c079962d50,0,/mnt/datadisk/./datasets/0/VirusShare_1c4c2ef0ebfce91023cae5c079962d50,,
VirusShare_bf56ff5d878f1c4ad845ad7646c3a02a,bf56ff5d878f1c4ad845ad7646c3a02a,1,/mnt/datadisk/./datasets/1/VirusShare_bf56ff5d878f1c4ad845ad7646c3a02a,,
VirusShare_74bd1290b0f77e59e1125686e2f5260d,74bd1290b0f77e59e1125686e2f5260d,0,/mnt/datadisk/./datasets/0/VirusShare_74bd1290b0f77e59e1125686e2f5260d,,
VirusShare_8adc6e8f063daf91c0f5a1d6ea94e793,8adc6e8f063daf91c0f5a1d6ea94e793,1,/mnt/datadisk/./datasets/1/VirusShare_8adc6e8f063daf91c0f5a1d6ea94e793,,
VirusShare_951a8ae5463246f1c85acc22f0d4410c,951a8ae5463246f1c85acc22f0d4410c,0,/mnt/datadisk/./datasets/0/VirusShare_951a8ae5463246f1c85acc22f0d4410c,,
VirusShare_3dfd81d804ced1920688a004d34f8c50,3dfd81d804ced1920688a004d34f8c50,0,/mnt/datadisk/./datasets/0/VirusShare_3dfd81d804ced1920688a004d34f8c50,,
VirusShare_cc9d6f34cbe629c8fac8a7a5342a874a,cc9d6f34cbe629c8fac8a7a5342a874a,0,/mnt/datadisk/./datasets/0/VirusShare_cc9d6f34cbe629c8fac8a7a5342a874a,,
VirusShare_ba2566421e1bbd588fde5f1b2fd1cd6b,ba2566421e1bbd588fde5f1b2fd1cd6b,0,/mnt/datadisk/./datasets/0/VirusShare_ba2566421e1bbd588fde5f1b2fd1cd6b,,
VirusShare_500ec9d20ffa51044cf59d7420743831,500ec9d20ffa51044cf59d7420743831,0,/mnt/datadisk/./datasets/0/VirusShare_500ec9d20ffa51044cf59d7420743831,,
VirusShare_b412a5034fe0386f138c5e9064643d17,b412a5034fe0386f138c5e9064643d17,0,/mnt/datadisk/./datasets/0/VirusShare_b412a5034fe0386f138c5e9064643d17,,
VirusShare_61f7e82d45e20c6c2c5b44abdc65f3d0,61f7e82d45e20c6c2c5b44abdc65f3d0,0,/mnt/datadisk/./datasets/0/VirusShare_61f7e82d45e20c6c2c5b44abdc65f3d0,,
VirusShare_bdda72e1e2d02c9ebb0a3a7f13a3974e,bdda72e1e2d02c9ebb0a3a7f13a3974e,0,/mnt/datadisk/./datasets/0/VirusShare_bdda72e1e2d02c9ebb0a3a7f13a3974e,,
VirusShare_72c7054482ef631b3217ea6acf987c90,72c7054482ef631b3217ea6acf987c90,0,/mnt/datadisk/./datasets/0/VirusShare_72c7054482ef631b3217ea6acf987c90,,
VirusShare_e71f58905f93b6765173f57d60e59c33,e71f58905f93b6765173f57d60e59c33,0,/mnt/datadisk/./datasets/0/VirusShare_e71f58905f93b6765173f57d60e59c33,,
VirusShare_8ac470be13150e86cba2cbcb72c50336,8ac470be13150e86cba2cbcb72c50336,1,/mnt/datadisk/./datasets/1/VirusShare_8ac470be13150e86cba2cbcb72c50336,,
VirusShare_40688d1abe87de649a9ac576cbc3da3a,40688d1abe87de649a9ac576cbc3da3a,0,/mnt/datadisk/./datasets/0/VirusShare_40688d1abe87de649a9ac576cbc3da3a,,
VirusShare_ddcbbbf57d993b67a8ad5ddf57be87bd,ddcbbbf57d993b67a8ad5ddf57be87bd,0,/mnt/datadisk/./datasets/0/VirusShare_ddcbbbf57d993b67a8ad5ddf57be87bd,,
VirusShare_f718d3a6a83723c729cbecfc6da30084,f718d3a6a83723c729cbecfc6da30084,0,/mnt/datadisk/./datasets/0/VirusShare_f718d3a6a83723c729cbecfc6da30084,,
VirusShare_825c98dbb30b642ca179412ac3d024e8,825c98dbb30b642ca179412ac3d024e8,0,/mnt/datadisk/./datasets/0/VirusShare_825c98dbb30b642ca179412ac3d024e8,,
VirusShare_f7b394a8bc50dadfa41a243e5c9dacb7,f7b394a8bc50dadfa41a243e5c9dacb7,1,/mnt/datadisk/./datasets/1/VirusShare_f7b394a8bc50dadfa41a243e5c9dacb7,,
VirusShare_7ef1e8b56f35a04f91b7d6125c537e80,7ef1e8b56f35a04f91b7d6125c537e80,0,/mnt/datadisk/./datasets/0/VirusShare_7ef1e8b56f35a04f91b7d6125c537e80,,
VirusShare_f4faa7319fd3c3e599f5235c0bafedc6,f4faa7319fd3c3e599f5235c0bafedc6,0,/mnt/datadisk/./datasets/0/VirusShare_f4faa7319fd3c3e599f5235c0bafedc6,,
VirusShare_275cf7518249a2f5eeb91c11573b4eda,275cf7518249a2f5eeb91c11573b4eda,0,/mnt/datadisk/./datasets/0/VirusShare_275cf7518249a2f5eeb91c11573b4eda,,
VirusShare_58ac093c85b8519ff63618579c47ae0b,58ac093c85b8519ff63618579c47ae0b,0,/mnt/datadisk/./datasets/0/VirusShare_58ac093c85b8519ff63618579c47ae0b,,
VirusShare_da90cab572f4dc7ff2efb003d6174880,da90cab572f4dc7ff2efb003d6174880,0,/mnt/datadisk/./datasets/0/VirusShare_da90cab572f4dc7ff2efb003d6174880,,
VirusShare_83bfe2ed635cd03d38b94088197e44d7,83bfe2ed635cd03d38b94088197e44d7,1,/mnt/datadisk/./datasets/1/VirusShare_83bfe2ed635cd03d38b94088197e44d7,,
VirusShare_a0c3b7cff5be90c4dc5ef821427e2ff0,a0c3b7cff5be90c4dc5ef821427e2ff0,0,/mnt/datadisk/./datasets/0/VirusShare_a0c3b7cff5be90c4dc5ef821427e2ff0,,
VirusShare_586396e62af68d9f18fea42f8a69f027,586396e62af68d9f18fea42f8a69f027,1,/mnt/datadisk/./datasets/1/VirusShare_586396e62af68d9f18fea42f8a69f027,,
VirusShare_95b214df17cfd108222ee286954395a8,95b214df17cfd108222ee286954395a8,0,/mnt/datadisk/./datasets/0/VirusShare_95b214df17cfd108222ee286954395a8,,
VirusShare_6ca2ef7fce35742347c174454cedbd30,6ca2ef7fce35742347c174454cedbd30,1,/mnt/datadisk/./datasets/1/VirusShare_6ca2ef7fce35742347c174454cedbd30,,
VirusShare_b4cd055e8490c70bb35b1168b595fe86,b4cd055e8490c70bb35b1168b595fe86,0,/mnt/datadisk/./datasets/0/VirusShare_b4cd055e8490c70bb35b1168b595fe86,,
VirusShare_137980a102fde0c042019615e9f9d207,137980a102fde0c042019615e9f9d207,1,/mnt/datadisk/./datasets/1/VirusShare_137980a102fde0c042019615e9f9d207,,
VirusShare_b23f467fe031f2ad6c72875c086eef4e,b23f467fe031f2ad6c72875c086eef4e,0,/mnt/datadisk/./datasets/0/VirusShare_b23f467fe031f2ad6c72875c086eef4e,,
VirusShare_4b6d16e7089c05f3da162e142189784e,4b6d16e7089c05f3da162e142189784e,1,/mnt/datadisk/./datasets/1/VirusShare_4b6d16e7089c05f3da162e142189784e,,
VirusShare_0628915b04d7b3430eccf89b72ee5271,0628915b04d7b3430eccf89b72ee5271,1,/mnt/datadisk/./datasets/1/VirusShare_0628915b04d7b3430eccf89b72ee5271,,
VirusShare_b12a60cf7b7744d5bfb1c8da0642d75b,b12a60cf7b7744d5bfb1c8da0642d75b,0,/mnt/datadisk/./datasets/0/VirusShare_b12a60cf7b7744d5bfb1c8da0642d75b,,
VirusShare_3ee5955c29e8e225ac318d8823942dfd,3ee5955c29e8e225ac318d8823942dfd,0,/mnt/datadisk/./datasets/0/VirusShare_3ee5955c29e8e225ac318d8823942dfd,,
VirusShare_466818dc52a3872e06bf76b664b7b825,466818dc52a3872e06bf76b664b7b825,1,/mnt/datadisk/./datasets/1/VirusShare_466818dc52a3872e06bf76b664b7b825,,
VirusShare_a975179b5537fd23b22a95a1d3fa97bf,a975179b5537fd23b22a95a1d3fa97bf,0,/mnt/datadisk/./datasets/0/VirusShare_a975179b5537fd23b22a95a1d3fa97bf,,
VirusShare_629018df6ff9000cd959189f173c5c5d,629018df6ff9000cd959189f173c5c5d,0,/mnt/datadisk/./datasets/0/VirusShare_629018df6ff9000cd959189f173c5c5d,,
VirusShare_311d2279d78b8615bc0cca8214e42074,311d2279d78b8615bc0cca8214e42074,0,/mnt/datadisk/./datasets/0/VirusShare_311d2279d78b8615bc0cca8214e42074,,
VirusShare_ae7a6691a5d8307e11c45bd4a3ef18d0,ae7a6691a5d8307e11c45bd4a3ef18d0,0,/mnt/datadisk/./datasets/0/VirusShare_ae7a6691a5d8307e11c45bd4a3ef18d0,,
VirusShare_205584e7c6b3b51376108f5ac5a69c25,205584e7c6b3b51376108f5ac5a69c25,0,/mnt/datadisk/./datasets/0/VirusShare_205584e7c6b3b51376108f5ac5a69c25,,
VirusShare_8f7fd3270234811fe23502035503b5e5,8f7fd3270234811fe23502035503b5e5,0,/mnt/datadisk/./datasets/0/VirusShare_8f7fd3270234811fe23502035503b5e5,,
VirusShare_b31c0b8aa24b5e84b77ee3caa472d4cd,b31c0b8aa24b5e84b77ee3caa472d4cd,0,/mnt/datadisk/./datasets/0/VirusShare_b31c0b8aa24b5e84b77ee3caa472d4cd,,
VirusShare_b8750ca0250cb4014437277b5fac4a6d,b8750ca0250cb4014437277b5fac4a6d,0,/mnt/datadisk/./datasets/0/VirusShare_b8750ca0250cb4014437277b5fac4a6d,,
VirusShare_7b4ebcdba649621096a4add5445a0969,7b4ebcdba649621096a4add5445a0969,0,/mnt/datadisk/./datasets/0/VirusShare_7b4ebcdba649621096a4add5445a0969,,
VirusShare_99d972a4d7d12cb8a688e181e8027464,99d972a4d7d12cb8a688e181e8027464,0,/mnt/datadisk/./datasets/0/VirusShare_99d972a4d7d12cb8a688e181e8027464,,
VirusShare_4c46ee61baacd3ea4ecb24a75c96b5b9,4c46ee61baacd3ea4ecb24a75c96b5b9,0,/mnt/datadisk/./datasets/0/VirusShare_4c46ee61baacd3ea4ecb24a75c96b5b9,,
VirusShare_0098d0c218e369e770c5138bee2c4909,0098d0c218e369e770c5138bee2c4909,0,/mnt/datadisk/./datasets/0/VirusShare_0098d0c218e369e770c5138bee2c4909,,
VirusShare_41d12e0f6606a0b2a8589497ef8faf02,41d12e0f6606a0b2a8589497ef8faf02,1,/mnt/datadisk/./datasets/1/VirusShare_41d12e0f6606a0b2a8589497ef8faf02,,
VirusShare_2d329a4b34281cd8fb10edb2e2d08843,2d329a4b34281cd8fb10edb2e2d08843,0,/mnt/datadisk/./datasets/0/VirusShare_2d329a4b34281cd8fb10edb2e2d08843,,
VirusShare_463d8cdb5e46474a13625c6a068f35a7,463d8cdb5e46474a13625c6a068f35a7,0,/mnt/datadisk/./datasets/0/VirusShare_463d8cdb5e46474a13625c6a068f35a7,,
VirusShare_d62379fb0e5ca43ed4d8f98155970ca6,d62379fb0e5ca43ed4d8f98155970ca6,0,/mnt/datadisk/./datasets/0/VirusShare_d62379fb0e5ca43ed4d8f98155970ca6,,
VirusShare_1a5320649b84fd950ef4b05c0d31a634,1a5320649b84fd950ef4b05c0d31a634,1,/mnt/datadisk/./datasets/1/VirusShare_1a5320649b84fd950ef4b05c0d31a634,,
VirusShare_8dd8627376db9cf5333f152b70f54b57,8dd8627376db9cf5333f152b70f54b57,1,/mnt/datadisk/./datasets/1/VirusShare_8dd8627376db9cf5333f152b70f54b57,,
VirusShare_0e578366af3d1510b04e1d0e0b3bed81,0e578366af3d1510b04e1d0e0b3bed81,0,/mnt/datadisk/./datasets/0/VirusShare_0e578366af3d1510b04e1d0e0b3bed81,,
VirusShare_5b32a41e38fc3e49fb342568d5b325ea,5b32a41e38fc3e49fb342568d5b325ea,0,/mnt/datadisk/./datasets/0/VirusShare_5b32a41e38fc3e49fb342568d5b325ea,,
VirusShare_a10973af4e6fa7cc69626d7202dea2ec,a10973af4e6fa7cc69626d7202dea2ec,1,/mnt/datadisk/./datasets/1/VirusShare_a10973af4e6fa7cc69626d7202dea2ec,,
VirusShare_9abb73558737dcecc4ca42b0681b191f,9abb73558737dcecc4ca42b0681b191f,0,/mnt/datadisk/./datasets/0/VirusShare_9abb73558737dcecc4ca42b0681b191f,,
VirusShare_469cf485e5d95a8dddd3f587549638b2,469cf485e5d95a8dddd3f587549638b2,0,/mnt/datadisk/./datasets/0/VirusShare_469cf485e5d95a8dddd3f587549638b2,,
VirusShare_cdb5bb38268780075717ecbaae1f4716,cdb5bb38268780075717ecbaae1f4716,0,/mnt/datadisk/./datasets/0/VirusShare_cdb5bb38268780075717ecbaae1f4716,,
VirusShare_5b83933d0049e4f2a158d755c5fb06fc,5b83933d0049e4f2a158d755c5fb06fc,0,/mnt/datadisk/./datasets/0/VirusShare_5b83933d0049e4f2a158d755c5fb06fc,,
VirusShare_184a2c1f21f2225e444d1772d1932157,184a2c1f21f2225e444d1772d1932157,1,/mnt/datadisk/./datasets/1/VirusShare_184a2c1f21f2225e444d1772d1932157,,
VirusShare_28d513a29c501fd7838d27e0071334d2,28d513a29c501fd7838d27e0071334d2,0,/mnt/datadisk/./datasets/0/VirusShare_28d513a29c501fd7838d27e0071334d2,,
VirusShare_8c474e6d0820de3d5c0b11a071f7ceb8,8c474e6d0820de3d5c0b11a071f7ceb8,1,/mnt/datadisk/./datasets/1/VirusShare_8c474e6d0820de3d5c0b11a071f7ceb8,,
VirusShare_cfa215bb7955fecdc17cfedfae5d58f6,cfa215bb7955fecdc17cfedfae5d58f6,1,/mnt/datadisk/./datasets/1/VirusShare_cfa215bb7955fecdc17cfedfae5d58f6,,
VirusShare_42c549d2af4056aa60d85fd043bb9250,42c549d2af4056aa60d85fd043bb9250,0,/mnt/datadisk/./datasets/0/VirusShare_42c549d2af4056aa60d85fd043bb9250,,
VirusShare_2a14aa4e2dc47517cc8722c2304d795b,2a14aa4e2dc47517cc8722c2304d795b,0,/mnt/datadisk/./datasets/0/VirusShare_2a14aa4e2dc47517cc8722c2304d795b,,
VirusShare_8d7c9e2c9fe6c26ec83210d1e36b94ef,8d7c9e2c9fe6c26ec83210d1e36b94ef,1,/mnt/datadisk/./datasets/1/VirusShare_8d7c9e2c9fe6c26ec83210d1e36b94ef,,
VirusShare_f8827818c153f251c89232c10e981109,f8827818c153f251c89232c10e981109,0,/mnt/datadisk/./datasets/0/VirusShare_f8827818c153f251c89232c10e981109,,
VirusShare_282a7c81dcefd896d1329eb3fe58f727,282a7c81dcefd896d1329eb3fe58f727,0,/mnt/datadisk/./datasets/0/VirusShare_282a7c81dcefd896d1329eb3fe58f727,,
VirusShare_fef4384ecf4ab1d5543f0b3ccdb7c58f,fef4384ecf4ab1d5543f0b3ccdb7c58f,0,/mnt/datadisk/./datasets/0/VirusShare_fef4384ecf4ab1d5543f0b3ccdb7c58f,,
VirusShare_7a7a6265c00d95c18f6ed946f8e46b27,7a7a6265c00d95c18f6ed946f8e46b27,0,/mnt/datadisk/./datasets/0/VirusShare_7a7a6265c00d95c18f6ed946f8e46b27,,
VirusShare_6ff241bc6392c26353a0b63d598c47b5,6ff241bc6392c26353a0b63d598c47b5,0,/mnt/datadisk/./datasets/0/VirusShare_6ff241bc6392c26353a0b63d598c47b5,,
VirusShare_0a28985758c2f0251ab2997ed13dbfd9,0a28985758c2f0251ab2997ed13dbfd9,1,/mnt/datadisk/./datasets/1/VirusShare_0a28985758c2f0251ab2997ed13dbfd9,,
VirusShare_76c14b04f01e487d30b6e91534528ef7,76c14b04f01e487d30b6e91534528ef7,0,/mnt/datadisk/./datasets/0/VirusShare_76c14b04f01e487d30b6e91534528ef7,,
VirusShare_aa66f3eb4fe6f4e786027c5bba1e592c,aa66f3eb4fe6f4e786027c5bba1e592c,0,/mnt/datadisk/./datasets/0/VirusShare_aa66f3eb4fe6f4e786027c5bba1e592c,,
VirusShare_cc717bd84297e9276d692f084b178d07,cc717bd84297e9276d692f084b178d07,1,/mnt/datadisk/./datasets/1/VirusShare_cc717bd84297e9276d692f084b178d07,,
VirusShare_d67544106434c940276a94222e963d6d,d67544106434c940276a94222e963d6d,1,/mnt/datadisk/./datasets/1/VirusShare_d67544106434c940276a94222e963d6d,,
VirusShare_37548e518a5644d31e598f3b0951caab,37548e518a5644d31e598f3b0951caab,0,/mnt/datadisk/./datasets/0/VirusShare_37548e518a5644d31e598f3b0951caab,,
VirusShare_7e8b35d0d5dcaf206df23549261dec30,7e8b35d0d5dcaf206df23549261dec30,0,/mnt/datadisk/./datasets/0/VirusShare_7e8b35d0d5dcaf206df23549261dec30,,
VirusShare_70ca65de0e4e55211a32398c141f7759,70ca65de0e4e55211a32398c141f7759,1,/mnt/datadisk/./datasets/1/VirusShare_70ca65de0e4e55211a32398c141f7759,,
VirusShare_c6982dc10689d7adf79787926edf776e,c6982dc10689d7adf79787926edf776e,1,/mnt/datadisk/./datasets/1/VirusShare_c6982dc10689d7adf79787926edf776e,,
VirusShare_44e4ff27951073c62c5c689e8ba9bfc0,44e4ff27951073c62c5c689e8ba9bfc0,1,/mnt/datadisk/./datasets/1/VirusShare_44e4ff27951073c62c5c689e8ba9bfc0,,
VirusShare_6d3d7b53428faa84d45925ffde1cdb55,6d3d7b53428faa84d45925ffde1cdb55,0,/mnt/datadisk/./datasets/0/VirusShare_6d3d7b53428faa84d45925ffde1cdb55,,
VirusShare_b98c0bced28035571ef98aed20abe968,b98c0bced28035571ef98aed20abe968,0,/mnt/datadisk/./datasets/0/VirusShare_b98c0bced28035571ef98aed20abe968,,
VirusShare_61f257eaa3f1d872ccddcb3c5a85f896,61f257eaa3f1d872ccddcb3c5a85f896,0,/mnt/datadisk/./datasets/0/VirusShare_61f257eaa3f1d872ccddcb3c5a85f896,,
VirusShare_5fc2f146c1c9c80561fb3e2230599c5b,5fc2f146c1c9c80561fb3e2230599c5b,1,/mnt/datadisk/./datasets/1/VirusShare_5fc2f146c1c9c80561fb3e2230599c5b,,
VirusShare_91d1afdcae2f598604164b906c3938ad,91d1afdcae2f598604164b906c3938ad,1,/mnt/datadisk/./datasets/1/VirusShare_91d1afdcae2f598604164b906c3938ad,,
VirusShare_97482e4f8eb0bfe2a2890065d3fe5b02,97482e4f8eb0bfe2a2890065d3fe5b02,0,/mnt/datadisk/./datasets/0/VirusShare_97482e4f8eb0bfe2a2890065d3fe5b02,,
VirusShare_48975364a95ff92ea60778c27696fee4,48975364a95ff92ea60778c27696fee4,0,/mnt/datadisk/./datasets/0/VirusShare_48975364a95ff92ea60778c27696fee4,,
VirusShare_f09d3d15012b084953fd8004c71e9b9d,f09d3d15012b084953fd8004c71e9b9d,0,/mnt/datadisk/./datasets/0/VirusShare_f09d3d15012b084953fd8004c71e9b9d,,
VirusShare_fe90f7a80cf1e8e017c05bf98e4eeab0,fe90f7a80cf1e8e017c05bf98e4eeab0,0,/mnt/datadisk/./datasets/0/VirusShare_fe90f7a80cf1e8e017c05bf98e4eeab0,,
VirusShare_89bc3a457f21b87eaf7118c4e0c90518,89bc3a457f21b87eaf7118c4e0c90518,0,/mnt/datadisk/./datasets/0/VirusShare_89bc3a457f21b87eaf7118c4e0c90518,,
VirusShare_c6471598faa00232def6a29d8a54269c,c6471598faa00232def6a29d8a54269c,0,/mnt/datadisk/./datasets/0/VirusShare_c6471598faa00232def6a29d8a54269c,,
VirusShare_80cbfec4725a7577008a5adae2a3f7c9,80cbfec4725a7577008a5adae2a3f7c9,0,/mnt/datadisk/./datasets/0/VirusShare_80cbfec4725a7577008a5adae2a3f7c9,,
VirusShare_d9dea01975f9fb037361e1b0d03504e9,d9dea01975f9fb037361e1b0d03504e9,1,/mnt/datadisk/./datasets/1/VirusShare_d9dea01975f9fb037361e1b0d03504e9,,
VirusShare_59416dbb827ef32eb079478b3e3e539f,59416dbb827ef32eb079478b3e3e539f,0,/mnt/datadisk/./datasets/0/VirusShare_59416dbb827ef32eb079478b3e3e539f,,
VirusShare_90c768f34ae471b39548bb6bae4f8023,90c768f34ae471b39548bb6bae4f8023,1,/mnt/datadisk/./datasets/1/VirusShare_90c768f34ae471b39548bb6bae4f8023,,
VirusShare_ae2bfba7bc4089a7fcab11976c74ae32,ae2bfba7bc4089a7fcab11976c74ae32,0,/mnt/datadisk/./datasets/0/VirusShare_ae2bfba7bc4089a7fcab11976c74ae32,,
VirusShare_c94c22b8fb8c75d32d6e566cc5c38e01,c94c22b8fb8c75d32d6e566cc5c38e01,0,/mnt/datadisk/./datasets/0/VirusShare_c94c22b8fb8c75d32d6e566cc5c38e01,,
VirusShare_3114cd3878cc2278103eef31077a134e,3114cd3878cc2278103eef31077a134e,0,/mnt/datadisk/./datasets/0/VirusShare_3114cd3878cc2278103eef31077a134e,,
VirusShare_37b894e4b59106d81ac3df4138559034,37b894e4b59106d81ac3df4138559034,0,/mnt/datadisk/./datasets/0/VirusShare_37b894e4b59106d81ac3df4138559034,,
VirusShare_be2cde39f47ca0c13f435a6ed46db96e,be2cde39f47ca0c13f435a6ed46db96e,0,/mnt/datadisk/./datasets/0/VirusShare_be2cde39f47ca0c13f435a6ed46db96e,,
VirusShare_3a138e80e491a98026fc97a12b6f1df8,3a138e80e491a98026fc97a12b6f1df8,0,/mnt/datadisk/./datasets/0/VirusShare_3a138e80e491a98026fc97a12b6f1df8,,
VirusShare_3a604765c4d78d0e7a992b2713acfe52,3a604765c4d78d0e7a992b2713acfe52,0,/mnt/datadisk/./datasets/0/VirusShare_3a604765c4d78d0e7a992b2713acfe52,,
VirusShare_8af96d92920c00ff31b7a2b931d16efe,8af96d92920c00ff31b7a2b931d16efe,1,/mnt/datadisk/./datasets/1/VirusShare_8af96d92920c00ff31b7a2b931d16efe,,
VirusShare_d49151082f56eb5f18630a8f22b4c1ab,d49151082f56eb5f18630a8f22b4c1ab,0,/mnt/datadisk/./datasets/0/VirusShare_d49151082f56eb5f18630a8f22b4c1ab,,
VirusShare_e415fed09ed36f0a4b927fcecb90079d,e415fed09ed36f0a4b927fcecb90079d,0,/mnt/datadisk/./datasets/0/VirusShare_e415fed09ed36f0a4b927fcecb90079d,,
VirusShare_2e7f95dbfde61518dd1ca1b3417481b8,2e7f95dbfde61518dd1ca1b3417481b8,0,/mnt/datadisk/./datasets/0/VirusShare_2e7f95dbfde61518dd1ca1b3417481b8,,
VirusShare_55aa8ba309f467389c6aa1761272f831,55aa8ba309f467389c6aa1761272f831,0,/mnt/datadisk/./datasets/0/VirusShare_55aa8ba309f467389c6aa1761272f831,,
VirusShare_9fe442794c3ca76efdfc10f75f3d302b,9fe442794c3ca76efdfc10f75f3d302b,0,/mnt/datadisk/./datasets/0/VirusShare_9fe442794c3ca76efdfc10f75f3d302b,,
VirusShare_bdacafc76193287481aacc058157b552,bdacafc76193287481aacc058157b552,0,/mnt/datadisk/./datasets/0/VirusShare_bdacafc76193287481aacc058157b552,,
VirusShare_b37f2285a892bc74ae5ebd3d008d7526,b37f2285a892bc74ae5ebd3d008d7526,0,/mnt/datadisk/./datasets/0/VirusShare_b37f2285a892bc74ae5ebd3d008d7526,,
VirusShare_d6bb239eb770d2109013c36d2300840e,d6bb239eb770d2109013c36d2300840e,0,/mnt/datadisk/./datasets/0/VirusShare_d6bb239eb770d2109013c36d2300840e,,
VirusShare_4742bc3c8ad6b876b854710b2d3ccbdb,4742bc3c8ad6b876b854710b2d3ccbdb,0,/mnt/datadisk/./datasets/0/VirusShare_4742bc3c8ad6b876b854710b2d3ccbdb,,
VirusShare_c57be4a13e275cc844d04c65f44a8700,c57be4a13e275cc844d04c65f44a8700,0,/mnt/datadisk/./datasets/0/VirusShare_c57be4a13e275cc844d04c65f44a8700,,
VirusShare_b76671810d11298f7d1e0304bcb4c96f,b76671810d11298f7d1e0304bcb4c96f,0,/mnt/datadisk/./datasets/0/VirusShare_b76671810d11298f7d1e0304bcb4c96f,,
VirusShare_99612e5d7f809d8cc3d12e5649c60b26,99612e5d7f809d8cc3d12e5649c60b26,0,/mnt/datadisk/./datasets/0/VirusShare_99612e5d7f809d8cc3d12e5649c60b26,,
VirusShare_2b012a1d27bdcdf70debec03376b7207,2b012a1d27bdcdf70debec03376b7207,1,/mnt/datadisk/./datasets/1/VirusShare_2b012a1d27bdcdf70debec03376b7207,,
VirusShare_4c286c923a93de7f68a51535b076aafb,4c286c923a93de7f68a51535b076aafb,1,/mnt/datadisk/./datasets/1/VirusShare_4c286c923a93de7f68a51535b076aafb,,
VirusShare_ed4b2b6fa7d8a78e48bae0482e7f130b,ed4b2b6fa7d8a78e48bae0482e7f130b,0,/mnt/datadisk/./datasets/0/VirusShare_ed4b2b6fa7d8a78e48bae0482e7f130b,,
VirusShare_94efaf03b03fbff21a255ebefddba656,94efaf03b03fbff21a255ebefddba656,0,/mnt/datadisk/./datasets/0/VirusShare_94efaf03b03fbff21a255ebefddba656,,
VirusShare_469bf8b3d123c54037302ad8f16bab78,469bf8b3d123c54037302ad8f16bab78,0,/mnt/datadisk/./datasets/0/VirusShare_469bf8b3d123c54037302ad8f16bab78,,
VirusShare_2f18ef350a8a6184ce1b48215680a52a,2f18ef350a8a6184ce1b48215680a52a,1,/mnt/datadisk/./datasets/1/VirusShare_2f18ef350a8a6184ce1b48215680a52a,,
VirusShare_bf18272fb800cb807556ee861ded2288,bf18272fb800cb807556ee861ded2288,0,/mnt/datadisk/./datasets/0/VirusShare_bf18272fb800cb807556ee861ded2288,,
VirusShare_a03809a5458f9f12ea149bdfe0db7c1d,a03809a5458f9f12ea149bdfe0db7c1d,1,/mnt/datadisk/./datasets/1/VirusShare_a03809a5458f9f12ea149bdfe0db7c1d,,
VirusShare_8df8d187a135a261bfda4744a0ea2c6f,8df8d187a135a261bfda4744a0ea2c6f,0,/mnt/datadisk/./datasets/0/VirusShare_8df8d187a135a261bfda4744a0ea2c6f,,
VirusShare_4aebceb6a012a650d0df5f6d57743074,4aebceb6a012a650d0df5f6d57743074,0,/mnt/datadisk/./datasets/0/VirusShare_4aebceb6a012a650d0df5f6d57743074,,
VirusShare_19cf0a740b99dcbd755b2c1a87ad371b,19cf0a740b99dcbd755b2c1a87ad371b,1,/mnt/datadisk/./datasets/1/VirusShare_19cf0a740b99dcbd755b2c1a87ad371b,,
VirusShare_6cfbbe4a5aec4ec717ea86f6c65d6562,6cfbbe4a5aec4ec717ea86f6c65d6562,1,/mnt/datadisk/./datasets/1/VirusShare_6cfbbe4a5aec4ec717ea86f6c65d6562,,
VirusShare_9f1fa60d0c5ff3682f159e30f706bf3c,9f1fa60d0c5ff3682f159e30f706bf3c,0,/mnt/datadisk/./datasets/0/VirusShare_9f1fa60d0c5ff3682f159e30f706bf3c,,
VirusShare_957f7e389fcfadb9a1c16043535bfcdc,957f7e389fcfadb9a1c16043535bfcdc,0,/mnt/datadisk/./datasets/0/VirusShare_957f7e389fcfadb9a1c16043535bfcdc,,
VirusShare_54e3acbdbc7f1c3d193ee429f869f1f0,54e3acbdbc7f1c3d193ee429f869f1f0,0,/mnt/datadisk/./datasets/0/VirusShare_54e3acbdbc7f1c3d193ee429f869f1f0,,
VirusShare_5d34b41c3cd47a6f533d78fee208142b,5d34b41c3cd47a6f533d78fee208142b,1,/mnt/datadisk/./datasets/1/VirusShare_5d34b41c3cd47a6f533d78fee208142b,,
VirusShare_5bff4c5bd227b0e7f172d5979113c136,5bff4c5bd227b0e7f172d5979113c136,1,/mnt/datadisk/./datasets/1/VirusShare_5bff4c5bd227b0e7f172d5979113c136,,
VirusShare_cceb42b1d43d5e01305cb37d50b1be7d,cceb42b1d43d5e01305cb37d50b1be7d,0,/mnt/datadisk/./datasets/0/VirusShare_cceb42b1d43d5e01305cb37d50b1be7d,,
VirusShare_1e1ee58904435b83d1d1aedbd57a3503,1e1ee58904435b83d1d1aedbd57a3503,0,/mnt/datadisk/./datasets/0/VirusShare_1e1ee58904435b83d1d1aedbd57a3503,,
VirusShare_b8eade9413cd0246345a9eb8ba087967,b8eade9413cd0246345a9eb8ba087967,0,/mnt/datadisk/./datasets/0/VirusShare_b8eade9413cd0246345a9eb8ba087967,,
VirusShare_8ca8b0f2c76a298c19bd39ce1f1c4f75,8ca8b0f2c76a298c19bd39ce1f1c4f75,0,/mnt/datadisk/./datasets/0/VirusShare_8ca8b0f2c76a298c19bd39ce1f1c4f75,,
VirusShare_cd1385a6425a79b9f346ba7b2417b3c3,cd1385a6425a79b9f346ba7b2417b3c3,0,/mnt/datadisk/./datasets/0/VirusShare_cd1385a6425a79b9f346ba7b2417b3c3,,
VirusShare_b0391d26116cbcc2362e45413b7f5c6b,b0391d26116cbcc2362e45413b7f5c6b,0,/mnt/datadisk/./datasets/0/VirusShare_b0391d26116cbcc2362e45413b7f5c6b,,
VirusShare_3ee1afd9b37b60e54fdd3bc65b14d7eb,3ee1afd9b37b60e54fdd3bc65b14d7eb,1,/mnt/datadisk/./datasets/1/VirusShare_3ee1afd9b37b60e54fdd3bc65b14d7eb,,
VirusShare_9ccf8e7b3b294917e2079b1018398b1f,9ccf8e7b3b294917e2079b1018398b1f,0,/mnt/datadisk/./datasets/0/VirusShare_9ccf8e7b3b294917e2079b1018398b1f,,
VirusShare_1f457ef4ec3d64ab2553a0da9c08bf25,1f457ef4ec3d64ab2553a0da9c08bf25,0,/mnt/datadisk/./datasets/0/VirusShare_1f457ef4ec3d64ab2553a0da9c08bf25,,
VirusShare_164e2b30437d7c0b1a58f2c2bcf5b002,164e2b30437d7c0b1a58f2c2bcf5b002,0,/mnt/datadisk/./datasets/0/VirusShare_164e2b30437d7c0b1a58f2c2bcf5b002,,
VirusShare_a835712d6f70915e9ce1b4ec9c598c88,a835712d6f70915e9ce1b4ec9c598c88,0,/mnt/datadisk/./datasets/0/VirusShare_a835712d6f70915e9ce1b4ec9c598c88,,
VirusShare_8676437c25ea87061f9ceba951501203,8676437c25ea87061f9ceba951501203,0,/mnt/datadisk/./datasets/0/VirusShare_8676437c25ea87061f9ceba951501203,,
VirusShare_a689218f9cd4d785ddb28640a955c7b2,a689218f9cd4d785ddb28640a955c7b2,0,/mnt/datadisk/./datasets/0/VirusShare_a689218f9cd4d785ddb28640a955c7b2,,
VirusShare_c1d5cbd3672b19bb80aa51f0ac65295a,c1d5cbd3672b19bb80aa51f0ac65295a,0,/mnt/datadisk/./datasets/0/VirusShare_c1d5cbd3672b19bb80aa51f0ac65295a,,
VirusShare_80fc75caff5ef2e38824ea4a7223f2e9,80fc75caff5ef2e38824ea4a7223f2e9,0,/mnt/datadisk/./datasets/0/VirusShare_80fc75caff5ef2e38824ea4a7223f2e9,,
VirusShare_6f8c529613a96a0ec8cb62634baba469,6f8c529613a96a0ec8cb62634baba469,1,/mnt/datadisk/./datasets/1/VirusShare_6f8c529613a96a0ec8cb62634baba469,,
VirusShare_93af64dbd9fbf47b5f40c0f5fb42e618,93af64dbd9fbf47b5f40c0f5fb42e618,1,/mnt/datadisk/./datasets/1/VirusShare_93af64dbd9fbf47b5f40c0f5fb42e618,,
VirusShare_36aa5d4cc52bc22d1e27673ae9b0b5b3,36aa5d4cc52bc22d1e27673ae9b0b5b3,0,/mnt/datadisk/./datasets/0/VirusShare_36aa5d4cc52bc22d1e27673ae9b0b5b3,,
VirusShare_abe0241f9e76faa34fcc2814751d37c9,abe0241f9e76faa34fcc2814751d37c9,0,/mnt/datadisk/./datasets/0/VirusShare_abe0241f9e76faa34fcc2814751d37c9,,
VirusShare_17ba37b32e43a1b09825ba2a259ceb28,17ba37b32e43a1b09825ba2a259ceb28,0,/mnt/datadisk/./datasets/0/VirusShare_17ba37b32e43a1b09825ba2a259ceb28,,
VirusShare_10bf69fc724b493f8fd0b4021168c0f8,10bf69fc724b493f8fd0b4021168c0f8,1,/mnt/datadisk/./datasets/1/VirusShare_10bf69fc724b493f8fd0b4021168c0f8,,
VirusShare_5a79917f6f5f1480c77ed5c2140192d4,5a79917f6f5f1480c77ed5c2140192d4,1,/mnt/datadisk/./datasets/1/VirusShare_5a79917f6f5f1480c77ed5c2140192d4,,
VirusShare_9ac6653c55541523f20f4602383e238b,9ac6653c55541523f20f4602383e238b,1,/mnt/datadisk/./datasets/1/VirusShare_9ac6653c55541523f20f4602383e238b,,
VirusShare_f1a3bea696556efd3718e339014a1092,f1a3bea696556efd3718e339014a1092,0,/mnt/datadisk/./datasets/0/VirusShare_f1a3bea696556efd3718e339014a1092,,
VirusShare_d5960f471e8bc3b18552ed0bfc7a650c,d5960f471e8bc3b18552ed0bfc7a650c,1,/mnt/datadisk/./datasets/1/VirusShare_d5960f471e8bc3b18552ed0bfc7a650c,,
VirusShare_8d3c8e7cee599c5b5f0d5b44a73e9d7b,8d3c8e7cee599c5b5f0d5b44a73e9d7b,1,/mnt/datadisk/./datasets/1/VirusShare_8d3c8e7cee599c5b5f0d5b44a73e9d7b,,
VirusShare_93f31559ea1ba4e7af635282b49ae727,93f31559ea1ba4e7af635282b49ae727,0,/mnt/datadisk/./datasets/0/VirusShare_93f31559ea1ba4e7af635282b49ae727,,
VirusShare_58e88d7a7c4856aed36728d15da3adb2,58e88d7a7c4856aed36728d15da3adb2,1,/mnt/datadisk/./datasets/1/VirusShare_58e88d7a7c4856aed36728d15da3adb2,,
VirusShare_5308a6de422d669a9a9277962e9235cd,5308a6de422d669a9a9277962e9235cd,0,/mnt/datadisk/./datasets/0/VirusShare_5308a6de422d669a9a9277962e9235cd,,
VirusShare_49f75a39e931c1c72f3458de8ff5905a,49f75a39e931c1c72f3458de8ff5905a,0,/mnt/datadisk/./datasets/0/VirusShare_49f75a39e931c1c72f3458de8ff5905a,,
VirusShare_93eba886f253b7c0f59b1575b994a26b,93eba886f253b7c0f59b1575b994a26b,1,/mnt/datadisk/./datasets/1/VirusShare_93eba886f253b7c0f59b1575b994a26b,,
VirusShare_b5b505d95c1a9770cdb2ebe1ef052249,b5b505d95c1a9770cdb2ebe1ef052249,1,/mnt/datadisk/./datasets/1/VirusShare_b5b505d95c1a9770cdb2ebe1ef052249,,
VirusShare_628c3ea9a483db3343f36a81e7c709b8,628c3ea9a483db3343f36a81e7c709b8,0,/mnt/datadisk/./datasets/0/VirusShare_628c3ea9a483db3343f36a81e7c709b8,,
VirusShare_ec5c2109ceaefea865b9006cdb46f196,ec5c2109ceaefea865b9006cdb46f196,0,/mnt/datadisk/./datasets/0/VirusShare_ec5c2109ceaefea865b9006cdb46f196,,
VirusShare_1ded8f875b0eab7ae75d95bfb923c62a,1ded8f875b0eab7ae75d95bfb923c62a,0,/mnt/datadisk/./datasets/0/VirusShare_1ded8f875b0eab7ae75d95bfb923c62a,,
VirusShare_fc69da446cc17777cad399f653c88401,fc69da446cc17777cad399f653c88401,0,/mnt/datadisk/./datasets/0/VirusShare_fc69da446cc17777cad399f653c88401,,
VirusShare_6e6171aea66dcb4226e26fc87268c35e,6e6171aea66dcb4226e26fc87268c35e,0,/mnt/datadisk/./datasets/0/VirusShare_6e6171aea66dcb4226e26fc87268c35e,,
VirusShare_866d4a25b4f1a7bbba029498d97e8dc2,866d4a25b4f1a7bbba029498d97e8dc2,0,/mnt/datadisk/./datasets/0/VirusShare_866d4a25b4f1a7bbba029498d97e8dc2,,
VirusShare_e7e77327ed18bc874f9d9a4505bb3f8d,e7e77327ed18bc874f9d9a4505bb3f8d,1,/mnt/datadisk/./datasets/1/VirusShare_e7e77327ed18bc874f9d9a4505bb3f8d,,
VirusShare_f18fda9c8a068035227eed9ed04a40bb,f18fda9c8a068035227eed9ed04a40bb,1,/mnt/datadisk/./datasets/1/VirusShare_f18fda9c8a068035227eed9ed04a40bb,,
VirusShare_2d7581e954881fa9b95e288c18d783b0,2d7581e954881fa9b95e288c18d783b0,0,/mnt/datadisk/./datasets/0/VirusShare_2d7581e954881fa9b95e288c18d783b0,,
VirusShare_e6db671cbcb945a5bbe47bfc26ba946b,e6db671cbcb945a5bbe47bfc26ba946b,1,/mnt/datadisk/./datasets/1/VirusShare_e6db671cbcb945a5bbe47bfc26ba946b,,
VirusShare_1b0ea693d839a5753ca36a275a842c21,1b0ea693d839a5753ca36a275a842c21,0,/mnt/datadisk/./datasets/0/VirusShare_1b0ea693d839a5753ca36a275a842c21,,
VirusShare_86c8798f2515c87bd3c60679d2c9b6fc,86c8798f2515c87bd3c60679d2c9b6fc,1,/mnt/datadisk/./datasets/1/VirusShare_86c8798f2515c87bd3c60679d2c9b6fc,,
VirusShare_6e083a066e8049a31352cf1ae3494c8f,6e083a066e8049a31352cf1ae3494c8f,1,/mnt/datadisk/./datasets/1/VirusShare_6e083a066e8049a31352cf1ae3494c8f,,
VirusShare_aafb5fff965f689734311b601f60ccdc,aafb5fff965f689734311b601f60ccdc,0,/mnt/datadisk/./datasets/0/VirusShare_aafb5fff965f689734311b601f60ccdc,,
VirusShare_06a14210345a15c43a0ec14cd37ac3ca,06a14210345a15c43a0ec14cd37ac3ca,1,/mnt/datadisk/./datasets/1/VirusShare_06a14210345a15c43a0ec14cd37ac3ca,,
VirusShare_cecb056bd669558f64fda26f8c89666a,cecb056bd669558f64fda26f8c89666a,1,/mnt/datadisk/./datasets/1/VirusShare_cecb056bd669558f64fda26f8c89666a,,
VirusShare_1f99e01e8eadf8597395af705506c399,1f99e01e8eadf8597395af705506c399,0,/mnt/datadisk/./datasets/0/VirusShare_1f99e01e8eadf8597395af705506c399,,
VirusShare_d0b7b109da80f250d68e6f5a0df76236,d0b7b109da80f250d68e6f5a0df76236,0,/mnt/datadisk/./datasets/0/VirusShare_d0b7b109da80f250d68e6f5a0df76236,,
VirusShare_47285ab4919b64279c586dcd65cc3b73,47285ab4919b64279c586dcd65cc3b73,0,/mnt/datadisk/./datasets/0/VirusShare_47285ab4919b64279c586dcd65cc3b73,,
VirusShare_cea673308ca7a36200a186ee884b82d0,cea673308ca7a36200a186ee884b82d0,0,/mnt/datadisk/./datasets/0/VirusShare_cea673308ca7a36200a186ee884b82d0,,
VirusShare_02930405126c60aaebc9bc2534a4ffe3,02930405126c60aaebc9bc2534a4ffe3,0,/mnt/datadisk/./datasets/0/VirusShare_02930405126c60aaebc9bc2534a4ffe3,,
VirusShare_8a60bdcf016f78e4e22c6e435c901895,8a60bdcf016f78e4e22c6e435c901895,0,/mnt/datadisk/./datasets/0/VirusShare_8a60bdcf016f78e4e22c6e435c901895,,
VirusShare_9cc3b4b4a10f6a8d18f55a252776eda1,9cc3b4b4a10f6a8d18f55a252776eda1,1,/mnt/datadisk/./datasets/1/VirusShare_9cc3b4b4a10f6a8d18f55a252776eda1,,
VirusShare_deae55d894029489c03e3749b967e0fd,deae55d894029489c03e3749b967e0fd,1,/mnt/datadisk/./datasets/1/VirusShare_deae55d894029489c03e3749b967e0fd,,
VirusShare_a2f01b10c7516a640f48ae192eef607f,a2f01b10c7516a640f48ae192eef607f,0,/mnt/datadisk/./datasets/0/VirusShare_a2f01b10c7516a640f48ae192eef607f,,
VirusShare_d05ab5b1a3f7485a6dd33a1dd8107c85,d05ab5b1a3f7485a6dd33a1dd8107c85,0,/mnt/datadisk/./datasets/0/VirusShare_d05ab5b1a3f7485a6dd33a1dd8107c85,,
VirusShare_2d7a102bedd398d397495ad6953c4c6d,2d7a102bedd398d397495ad6953c4c6d,0,/mnt/datadisk/./datasets/0/VirusShare_2d7a102bedd398d397495ad6953c4c6d,,
VirusShare_7cf95ce5302d2dd4d13591992799691a,7cf95ce5302d2dd4d13591992799691a,1,/mnt/datadisk/./datasets/1/VirusShare_7cf95ce5302d2dd4d13591992799691a,,
VirusShare_fab248edd4e00cae7326781288393154,fab248edd4e00cae7326781288393154,0,/mnt/datadisk/./datasets/0/VirusShare_fab248edd4e00cae7326781288393154,,
VirusShare_ec7895ff1c76d9878eb83a1f5f293183,ec7895ff1c76d9878eb83a1f5f293183,1,/mnt/datadisk/./datasets/1/VirusShare_ec7895ff1c76d9878eb83a1f5f293183,,
VirusShare_ee18a0b5d743cb009744d207ee0927cc,ee18a0b5d743cb009744d207ee0927cc,0,/mnt/datadisk/./datasets/0/VirusShare_ee18a0b5d743cb009744d207ee0927cc,,
VirusShare_dd2e88b9194f3d6bf980ebd1256ef716,dd2e88b9194f3d6bf980ebd1256ef716,0,/mnt/datadisk/./datasets/0/VirusShare_dd2e88b9194f3d6bf980ebd1256ef716,,
VirusShare_fcf2fe299bbf4ea73f51dd636db6930a,fcf2fe299bbf4ea73f51dd636db6930a,0,/mnt/datadisk/./datasets/0/VirusShare_fcf2fe299bbf4ea73f51dd636db6930a,,
VirusShare_49e3dfdd110dca25ad5668f81dffe8dc,49e3dfdd110dca25ad5668f81dffe8dc,1,/mnt/datadisk/./datasets/1/VirusShare_49e3dfdd110dca25ad5668f81dffe8dc,,
VirusShare_f7b6f792cbe0f1b54249d7e0618e8159,f7b6f792cbe0f1b54249d7e0618e8159,0,/mnt/datadisk/./datasets/0/VirusShare_f7b6f792cbe0f1b54249d7e0618e8159,,
VirusShare_9d07177fab966179269a927ba7ef70ca,9d07177fab966179269a927ba7ef70ca,0,/mnt/datadisk/./datasets/0/VirusShare_9d07177fab966179269a927ba7ef70ca,,
VirusShare_c1c09f5731ed038e1288b153e139732f,c1c09f5731ed038e1288b153e139732f,1,/mnt/datadisk/./datasets/1/VirusShare_c1c09f5731ed038e1288b153e139732f,,
VirusShare_4ec288efcd320e991001b6eb89b89f92,4ec288efcd320e991001b6eb89b89f92,0,/mnt/datadisk/./datasets/0/VirusShare_4ec288efcd320e991001b6eb89b89f92,,
VirusShare_ecba5c91b5e4a386d7028629905f97d3,ecba5c91b5e4a386d7028629905f97d3,0,/mnt/datadisk/./datasets/0/VirusShare_ecba5c91b5e4a386d7028629905f97d3,,
VirusShare_a92b035fa628efc382134df868b77751,a92b035fa628efc382134df868b77751,1,/mnt/datadisk/./datasets/1/VirusShare_a92b035fa628efc382134df868b77751,,
VirusShare_0088e7505906e2b4e1cec18cc7f435e8,0088e7505906e2b4e1cec18cc7f435e8,1,/mnt/datadisk/./datasets/1/VirusShare_0088e7505906e2b4e1cec18cc7f435e8,,
VirusShare_38d4296c2dda38d5b6ed29962c3a9f15,38d4296c2dda38d5b6ed29962c3a9f15,1,/mnt/datadisk/./datasets/1/VirusShare_38d4296c2dda38d5b6ed29962c3a9f15,,
VirusShare_5ec28a142638d1dd76e8342f37c96e96,5ec28a142638d1dd76e8342f37c96e96,1,/mnt/datadisk/./datasets/1/VirusShare_5ec28a142638d1dd76e8342f37c96e96,,
VirusShare_b4eca82264aed7e495e2edf641cdb72f,b4eca82264aed7e495e2edf641cdb72f,0,/mnt/datadisk/./datasets/0/VirusShare_b4eca82264aed7e495e2edf641cdb72f,,
VirusShare_ae808c8bce388bdc17a8784d927e874f,ae808c8bce388bdc17a8784d927e874f,0,/mnt/datadisk/./datasets/0/VirusShare_ae808c8bce388bdc17a8784d927e874f,,
VirusShare_728f3575ead222e4e13b9558291547be,728f3575ead222e4e13b9558291547be,0,/mnt/datadisk/./datasets/0/VirusShare_728f3575ead222e4e13b9558291547be,,
VirusShare_f52c93c38009a31f4b3c2893604729a5,f52c93c38009a31f4b3c2893604729a5,0,/mnt/datadisk/./datasets/0/VirusShare_f52c93c38009a31f4b3c2893604729a5,,
VirusShare_d03b8ad28283126e25126f93d8aa5094,d03b8ad28283126e25126f93d8aa5094,1,/mnt/datadisk/./datasets/1/VirusShare_d03b8ad28283126e25126f93d8aa5094,,
VirusShare_91e766d6bbdb5cc0fcbb39c20b5bd7c5,91e766d6bbdb5cc0fcbb39c20b5bd7c5,1,/mnt/datadisk/./datasets/1/VirusShare_91e766d6bbdb5cc0fcbb39c20b5bd7c5,,
VirusShare_e307882cea3290309c53d9e710ea2d3f,e307882cea3290309c53d9e710ea2d3f,0,/mnt/datadisk/./datasets/0/VirusShare_e307882cea3290309c53d9e710ea2d3f,,
VirusShare_49514d3ee0d80e158a52aa1f1bf04f37,49514d3ee0d80e158a52aa1f1bf04f37,0,/mnt/datadisk/./datasets/0/VirusShare_49514d3ee0d80e158a52aa1f1bf04f37,,
VirusShare_4a2e9657587da2d2983086deea8a3eb6,4a2e9657587da2d2983086deea8a3eb6,0,/mnt/datadisk/./datasets/0/VirusShare_4a2e9657587da2d2983086deea8a3eb6,,
VirusShare_6103fad5bd4e651a7e233f65d85b457b,6103fad5bd4e651a7e233f65d85b457b,1,/mnt/datadisk/./datasets/1/VirusShare_6103fad5bd4e651a7e233f65d85b457b,,
VirusShare_327ad494c0e11d87aeea3fa3f3b476c2,327ad494c0e11d87aeea3fa3f3b476c2,0,/mnt/datadisk/./datasets/0/VirusShare_327ad494c0e11d87aeea3fa3f3b476c2,,
VirusShare_92f6d365e43fe5ad232dbe9419c6b745,92f6d365e43fe5ad232dbe9419c6b745,1,/mnt/datadisk/./datasets/1/VirusShare_92f6d365e43fe5ad232dbe9419c6b745,,
VirusShare_98250ab7c5864b242fe6ddd3d14382fc,98250ab7c5864b242fe6ddd3d14382fc,0,/mnt/datadisk/./datasets/0/VirusShare_98250ab7c5864b242fe6ddd3d14382fc,,
VirusShare_3eceec44aea0f953a13b6473d14e2990,3eceec44aea0f953a13b6473d14e2990,0,/mnt/datadisk/./datasets/0/VirusShare_3eceec44aea0f953a13b6473d14e2990,,
VirusShare_279c5597920413375fad0ada72212b18,279c5597920413375fad0ada72212b18,0,/mnt/datadisk/./datasets/0/VirusShare_279c5597920413375fad0ada72212b18,,
VirusShare_7536b74c17754363799df14fe70d3a92,7536b74c17754363799df14fe70d3a92,1,/mnt/datadisk/./datasets/1/VirusShare_7536b74c17754363799df14fe70d3a92,,
VirusShare_b304326e0642b2b536ca8dccd0ec9386,b304326e0642b2b536ca8dccd0ec9386,0,/mnt/datadisk/./datasets/0/VirusShare_b304326e0642b2b536ca8dccd0ec9386,,
VirusShare_eeef62e153a3ecec6f5ec8fd71f9a442,eeef62e153a3ecec6f5ec8fd71f9a442,1,/mnt/datadisk/./datasets/1/VirusShare_eeef62e153a3ecec6f5ec8fd71f9a442,,
VirusShare_9a9b5f88176694ab6aa2de0e0b6408d0,9a9b5f88176694ab6aa2de0e0b6408d0,1,/mnt/datadisk/./datasets/1/VirusShare_9a9b5f88176694ab6aa2de0e0b6408d0,,
VirusShare_8cba37dd56f4eaa2c9fae8647d7510d5,8cba37dd56f4eaa2c9fae8647d7510d5,1,/mnt/datadisk/./datasets/1/VirusShare_8cba37dd56f4eaa2c9fae8647d7510d5,,
VirusShare_cc31a8a0b5a0e470cf486f2ca5438342,cc31a8a0b5a0e470cf486f2ca5438342,0,/mnt/datadisk/./datasets/0/VirusShare_cc31a8a0b5a0e470cf486f2ca5438342,,
VirusShare_9f06608336ad526da6e3a9d19c139959,9f06608336ad526da6e3a9d19c139959,1,/mnt/datadisk/./datasets/1/VirusShare_9f06608336ad526da6e3a9d19c139959,,
VirusShare_6ffd96ca7c4edad5e9e4016cd9a3e95c,6ffd96ca7c4edad5e9e4016cd9a3e95c,0,/mnt/datadisk/./datasets/0/VirusShare_6ffd96ca7c4edad5e9e4016cd9a3e95c,,
VirusShare_aa31ca401c6202946b58129b2d9f3c89,aa31ca401c6202946b58129b2d9f3c89,1,/mnt/datadisk/./datasets/1/VirusShare_aa31ca401c6202946b58129b2d9f3c89,,
VirusShare_412d9b507cec445b0b4ce5dc36cef697,412d9b507cec445b0b4ce5dc36cef697,1,/mnt/datadisk/./datasets/1/VirusShare_412d9b507cec445b0b4ce5dc36cef697,,
VirusShare_8058418edf388d790e62b580478dada4,8058418edf388d790e62b580478dada4,0,/mnt/datadisk/./datasets/0/VirusShare_8058418edf388d790e62b580478dada4,,
VirusShare_1c65f0990c8030495c5369c7a697c762,1c65f0990c8030495c5369c7a697c762,0,/mnt/datadisk/./datasets/0/VirusShare_1c65f0990c8030495c5369c7a697c762,,
VirusShare_54ba1b78d8c07fd1e347aa9b53ad075e,54ba1b78d8c07fd1e347aa9b53ad075e,0,/mnt/datadisk/./datasets/0/VirusShare_54ba1b78d8c07fd1e347aa9b53ad075e,,
VirusShare_874455fd160293c9c1d305a55f0a363a,874455fd160293c9c1d305a55f0a363a,1,/mnt/datadisk/./datasets/1/VirusShare_874455fd160293c9c1d305a55f0a363a,,
VirusShare_673c231620a13caec81758264102e33b,673c231620a13caec81758264102e33b,0,/mnt/datadisk/./datasets/0/VirusShare_673c231620a13caec81758264102e33b,,
VirusShare_f5108e65fe1488186e15cf7eddc7b02a,f5108e65fe1488186e15cf7eddc7b02a,1,/mnt/datadisk/./datasets/1/VirusShare_f5108e65fe1488186e15cf7eddc7b02a,,
VirusShare_2ff67febe93e2f258f06bf99a71e3a46,2ff67febe93e2f258f06bf99a71e3a46,0,/mnt/datadisk/./datasets/0/VirusShare_2ff67febe93e2f258f06bf99a71e3a46,,
VirusShare_8e28680e91966205bebf62ad31701c67,8e28680e91966205bebf62ad31701c67,0,/mnt/datadisk/./datasets/0/VirusShare_8e28680e91966205bebf62ad31701c67,,
VirusShare_78db2e5dca95ef74fea854b17e7508f7,78db2e5dca95ef74fea854b17e7508f7,0,/mnt/datadisk/./datasets/0/VirusShare_78db2e5dca95ef74fea854b17e7508f7,,
VirusShare_5cc9857fe8bba0d82dacb59eeff73bc3,5cc9857fe8bba0d82dacb59eeff73bc3,1,/mnt/datadisk/./datasets/1/VirusShare_5cc9857fe8bba0d82dacb59eeff73bc3,,
VirusShare_cc86e826f95ed7a6298ccaa89929649d,cc86e826f95ed7a6298ccaa89929649d,0,/mnt/datadisk/./datasets/0/VirusShare_cc86e826f95ed7a6298ccaa89929649d,,
VirusShare_bb4b44efc167ba5696093089438e51bc,bb4b44efc167ba5696093089438e51bc,0,/mnt/datadisk/./datasets/0/VirusShare_bb4b44efc167ba5696093089438e51bc,,
VirusShare_da8653cb4ef27e92e9b362cb068ff732,da8653cb4ef27e92e9b362cb068ff732,1,/mnt/datadisk/./datasets/1/VirusShare_da8653cb4ef27e92e9b362cb068ff732,,
VirusShare_8b2464dc6ca4d985648a9f789189f231,8b2464dc6ca4d985648a9f789189f231,1,/mnt/datadisk/./datasets/1/VirusShare_8b2464dc6ca4d985648a9f789189f231,,
VirusShare_4d4583f3365a639d556fddcfcde991d5,4d4583f3365a639d556fddcfcde991d5,1,/mnt/datadisk/./datasets/1/VirusShare_4d4583f3365a639d556fddcfcde991d5,,
VirusShare_cb6774a1ce0fe9a143543e2d6cf5de2d,cb6774a1ce0fe9a143543e2d6cf5de2d,0,/mnt/datadisk/./datasets/0/VirusShare_cb6774a1ce0fe9a143543e2d6cf5de2d,,
VirusShare_33300ce155ce544a9be453c5d2372a34,33300ce155ce544a9be453c5d2372a34,1,/mnt/datadisk/./datasets/1/VirusShare_33300ce155ce544a9be453c5d2372a34,,
VirusShare_f294ef1bd9f51b4e5c30f0f667d4d9d0,f294ef1bd9f51b4e5c30f0f667d4d9d0,0,/mnt/datadisk/./datasets/0/VirusShare_f294ef1bd9f51b4e5c30f0f667d4d9d0,,
VirusShare_af4872dfc947bd55a11eb5578b5a412e,af4872dfc947bd55a11eb5578b5a412e,0,/mnt/datadisk/./datasets/0/VirusShare_af4872dfc947bd55a11eb5578b5a412e,,
VirusShare_89d43e24d538d68377d283958df55a1f,89d43e24d538d68377d283958df55a1f,1,/mnt/datadisk/./datasets/1/VirusShare_89d43e24d538d68377d283958df55a1f,,
VirusShare_c2c4c09ad4f1998e2e84eee9a2459394,c2c4c09ad4f1998e2e84eee9a2459394,0,/mnt/datadisk/./datasets/0/VirusShare_c2c4c09ad4f1998e2e84eee9a2459394,,
VirusShare_8e43feff660dd5a3e6173b3d238c8e26,8e43feff660dd5a3e6173b3d238c8e26,0,/mnt/datadisk/./datasets/0/VirusShare_8e43feff660dd5a3e6173b3d238c8e26,,
VirusShare_c4e1260078e965667090e50f664fc280,c4e1260078e965667090e50f664fc280,0,/mnt/datadisk/./datasets/0/VirusShare_c4e1260078e965667090e50f664fc280,,
VirusShare_03bbd326eb19d20ade587d103ab848f2,03bbd326eb19d20ade587d103ab848f2,0,/mnt/datadisk/./datasets/0/VirusShare_03bbd326eb19d20ade587d103ab848f2,,
VirusShare_d2ded48cede2226dcd35ab8a8b845f8d,d2ded48cede2226dcd35ab8a8b845f8d,0,/mnt/datadisk/./datasets/0/VirusShare_d2ded48cede2226dcd35ab8a8b845f8d,,
VirusShare_ac7191be4babc0312c60bc21d326f824,ac7191be4babc0312c60bc21d326f824,0,/mnt/datadisk/./datasets/0/VirusShare_ac7191be4babc0312c60bc21d326f824,,
VirusShare_85479fa8a4059f5763852d7c59d33e23,85479fa8a4059f5763852d7c59d33e23,0,/mnt/datadisk/./datasets/0/VirusShare_85479fa8a4059f5763852d7c59d33e23,,
VirusShare_f2286fe0568cb9bd3341f57db83a286b,f2286fe0568cb9bd3341f57db83a286b,0,/mnt/datadisk/./datasets/0/VirusShare_f2286fe0568cb9bd3341f57db83a286b,,
VirusShare_b10a0ac456ac65d69607af577d0e0d08,b10a0ac456ac65d69607af577d0e0d08,0,/mnt/datadisk/./datasets/0/VirusShare_b10a0ac456ac65d69607af577d0e0d08,,
VirusShare_31cc1f4bb50fc2e38dd75af08790bc5f,31cc1f4bb50fc2e38dd75af08790bc5f,0,/mnt/datadisk/./datasets/0/VirusShare_31cc1f4bb50fc2e38dd75af08790bc5f,,
VirusShare_f37b7658e534aa1d1ae7b20044e7bd72,f37b7658e534aa1d1ae7b20044e7bd72,0,/mnt/datadisk/./datasets/0/VirusShare_f37b7658e534aa1d1ae7b20044e7bd72,,
VirusShare_2bb96d52b9f5a3019ddd2e0c4783550c,2bb96d52b9f5a3019ddd2e0c4783550c,1,/mnt/datadisk/./datasets/1/VirusShare_2bb96d52b9f5a3019ddd2e0c4783550c,,
VirusShare_f65b1a11324b4bcaba112f97cbb57b13,f65b1a11324b4bcaba112f97cbb57b13,0,/mnt/datadisk/./datasets/0/VirusShare_f65b1a11324b4bcaba112f97cbb57b13,,
VirusShare_b541fcf7286f12610d99f73ec9574246,b541fcf7286f12610d99f73ec9574246,0,/mnt/datadisk/./datasets/0/VirusShare_b541fcf7286f12610d99f73ec9574246,,
VirusShare_04091da5bedeb2cac0c4f99b12b3cc0e,04091da5bedeb2cac0c4f99b12b3cc0e,0,/mnt/datadisk/./datasets/0/VirusShare_04091da5bedeb2cac0c4f99b12b3cc0e,,
VirusShare_6aecbc2aa23962c147bfed8c0e54294c,6aecbc2aa23962c147bfed8c0e54294c,1,/mnt/datadisk/./datasets/1/VirusShare_6aecbc2aa23962c147bfed8c0e54294c,,
VirusShare_0be68b9275d42dd9008e6df06b7a561c,0be68b9275d42dd9008e6df06b7a561c,0,/mnt/datadisk/./datasets/0/VirusShare_0be68b9275d42dd9008e6df06b7a561c,,
VirusShare_9f624fde7f0abc3430cf1551c8899d87,9f624fde7f0abc3430cf1551c8899d87,0,/mnt/datadisk/./datasets/0/VirusShare_9f624fde7f0abc3430cf1551c8899d87,,
VirusShare_3380f191895d5ae44e852e682082c34c,3380f191895d5ae44e852e682082c34c,0,/mnt/datadisk/./datasets/0/VirusShare_3380f191895d5ae44e852e682082c34c,,
VirusShare_66f1faadb804eebe26fb407cad3386bf,66f1faadb804eebe26fb407cad3386bf,0,/mnt/datadisk/./datasets/0/VirusShare_66f1faadb804eebe26fb407cad3386bf,,
VirusShare_8b72c702718d981624f084dd7737385a,8b72c702718d981624f084dd7737385a,0,/mnt/datadisk/./datasets/0/VirusShare_8b72c702718d981624f084dd7737385a,,
VirusShare_ccd09096a4e17c77f9f72507f57bd109,ccd09096a4e17c77f9f72507f57bd109,0,/mnt/datadisk/./datasets/0/VirusShare_ccd09096a4e17c77f9f72507f57bd109,,
VirusShare_ed042b932acb902574fb575a58d67944,ed042b932acb902574fb575a58d67944,0,/mnt/datadisk/./datasets/0/VirusShare_ed042b932acb902574fb575a58d67944,,
VirusShare_ca5e369cbd91adcc35c36669b108a438,ca5e369cbd91adcc35c36669b108a438,1,/mnt/datadisk/./datasets/1/VirusShare_ca5e369cbd91adcc35c36669b108a438,,
VirusShare_b7ba82b0cf2a9478ed951eda74dcda13,b7ba82b0cf2a9478ed951eda74dcda13,0,/mnt/datadisk/./datasets/0/VirusShare_b7ba82b0cf2a9478ed951eda74dcda13,,
VirusShare_423e106fa1b7b78e56a1b118175a6514,423e106fa1b7b78e56a1b118175a6514,0,/mnt/datadisk/./datasets/0/VirusShare_423e106fa1b7b78e56a1b118175a6514,,
VirusShare_653e7d3c76dcdde531018725bf1fd2bf,653e7d3c76dcdde531018725bf1fd2bf,0,/mnt/datadisk/./datasets/0/VirusShare_653e7d3c76dcdde531018725bf1fd2bf,,
VirusShare_e1fb2b62c88868846283d5b3dd3f49da,e1fb2b62c88868846283d5b3dd3f49da,1,/mnt/datadisk/./datasets/1/VirusShare_e1fb2b62c88868846283d5b3dd3f49da,,
VirusShare_0256a8e155ba2c72fbce0dc979a7c3b2,0256a8e155ba2c72fbce0dc979a7c3b2,1,/mnt/datadisk/./datasets/1/VirusShare_0256a8e155ba2c72fbce0dc979a7c3b2,,
VirusShare_d32ffb9758182311a99397faf0280543,d32ffb9758182311a99397faf0280543,0,/mnt/datadisk/./datasets/0/VirusShare_d32ffb9758182311a99397faf0280543,,
VirusShare_d4ab2082f217f9e476b90ae6c4cda32b,d4ab2082f217f9e476b90ae6c4cda32b,0,/mnt/datadisk/./datasets/0/VirusShare_d4ab2082f217f9e476b90ae6c4cda32b,,
VirusShare_f07ef9c5c638ff68f5bb13fac28d1993,f07ef9c5c638ff68f5bb13fac28d1993,1,/mnt/datadisk/./datasets/1/VirusShare_f07ef9c5c638ff68f5bb13fac28d1993,,
VirusShare_de4ad39d9858c38f02220d4efb2e6fca,de4ad39d9858c38f02220d4efb2e6fca,1,/mnt/datadisk/./datasets/1/VirusShare_de4ad39d9858c38f02220d4efb2e6fca,,
VirusShare_8d72c968038bd914f9781feb0a06ffc2,8d72c968038bd914f9781feb0a06ffc2,0,/mnt/datadisk/./datasets/0/VirusShare_8d72c968038bd914f9781feb0a06ffc2,,
VirusShare_d3d326c071010f35a884d04072ba16fb,d3d326c071010f35a884d04072ba16fb,0,/mnt/datadisk/./datasets/0/VirusShare_d3d326c071010f35a884d04072ba16fb,,
VirusShare_98a1321475dbb751a76d2c3e5f9b8623,98a1321475dbb751a76d2c3e5f9b8623,0,/mnt/datadisk/./datasets/0/VirusShare_98a1321475dbb751a76d2c3e5f9b8623,,
VirusShare_d198d51775eaab67cac3140881631175,d198d51775eaab67cac3140881631175,0,/mnt/datadisk/./datasets/0/VirusShare_d198d51775eaab67cac3140881631175,,
VirusShare_dec73e76e350c19161c4afe18cbba40f,dec73e76e350c19161c4afe18cbba40f,0,/mnt/datadisk/./datasets/0/VirusShare_dec73e76e350c19161c4afe18cbba40f,,
VirusShare_c8c30819fcfbcadf329feb5ff29d8417,c8c30819fcfbcadf329feb5ff29d8417,0,/mnt/datadisk/./datasets/0/VirusShare_c8c30819fcfbcadf329feb5ff29d8417,,
VirusShare_ade9387f1aaa741a8d63c26b0bc599b8,ade9387f1aaa741a8d63c26b0bc599b8,1,/mnt/datadisk/./datasets/1/VirusShare_ade9387f1aaa741a8d63c26b0bc599b8,,
VirusShare_6420fbc5ff2a03362c6a7b157988a5a4,6420fbc5ff2a03362c6a7b157988a5a4,0,/mnt/datadisk/./datasets/0/VirusShare_6420fbc5ff2a03362c6a7b157988a5a4,,
VirusShare_d7eeb45a5e4392554750108870b7320f,d7eeb45a5e4392554750108870b7320f,0,/mnt/datadisk/./datasets/0/VirusShare_d7eeb45a5e4392554750108870b7320f,,
VirusShare_023773baccad8643077051a325715326,023773baccad8643077051a325715326,1,/mnt/datadisk/./datasets/1/VirusShare_023773baccad8643077051a325715326,,
VirusShare_97ddefe755206b62a2e789888f826807,97ddefe755206b62a2e789888f826807,0,/mnt/datadisk/./datasets/0/VirusShare_97ddefe755206b62a2e789888f826807,,
VirusShare_74e8d75325f752f65c4a013ec7a92f9e,74e8d75325f752f65c4a013ec7a92f9e,1,/mnt/datadisk/./datasets/1/VirusShare_74e8d75325f752f65c4a013ec7a92f9e,,
VirusShare_c64d35bb80502b8c0197d7397aa4cc26,c64d35bb80502b8c0197d7397aa4cc26,0,/mnt/datadisk/./datasets/0/VirusShare_c64d35bb80502b8c0197d7397aa4cc26,,
VirusShare_e28a675732efb77697cd94d4e9ea6925,e28a675732efb77697cd94d4e9ea6925,1,/mnt/datadisk/./datasets/1/VirusShare_e28a675732efb77697cd94d4e9ea6925,,
VirusShare_885ac011c1d0021f065230165de98a0f,885ac011c1d0021f065230165de98a0f,0,/mnt/datadisk/./datasets/0/VirusShare_885ac011c1d0021f065230165de98a0f,,
VirusShare_102435ec04db44e7ec56e3275cbd5374,102435ec04db44e7ec56e3275cbd5374,0,/mnt/datadisk/./datasets/0/VirusShare_102435ec04db44e7ec56e3275cbd5374,,
VirusShare_b97aafb30e5bcbb1c4f1a4fdd011be00,b97aafb30e5bcbb1c4f1a4fdd011be00,0,/mnt/datadisk/./datasets/0/VirusShare_b97aafb30e5bcbb1c4f1a4fdd011be00,,
VirusShare_654be7d6de78bd3ebe4de42eecee41c7,654be7d6de78bd3ebe4de42eecee41c7,0,/mnt/datadisk/./datasets/0/VirusShare_654be7d6de78bd3ebe4de42eecee41c7,,
VirusShare_a5088a78f4670544aa82c63f686d9512,a5088a78f4670544aa82c63f686d9512,0,/mnt/datadisk/./datasets/0/VirusShare_a5088a78f4670544aa82c63f686d9512,,
VirusShare_9e9b58da56b4a8399ff36fd2d0e8cc51,9e9b58da56b4a8399ff36fd2d0e8cc51,0,/mnt/datadisk/./datasets/0/VirusShare_9e9b58da56b4a8399ff36fd2d0e8cc51,,
VirusShare_bfb2b859a6b29a93e55c041c19865c07,bfb2b859a6b29a93e55c041c19865c07,0,/mnt/datadisk/./datasets/0/VirusShare_bfb2b859a6b29a93e55c041c19865c07,,
VirusShare_ad603664e34ea0bcbd98b6e0e58190a9,ad603664e34ea0bcbd98b6e0e58190a9,0,/mnt/datadisk/./datasets/0/VirusShare_ad603664e34ea0bcbd98b6e0e58190a9,,
VirusShare_98abb1e386405ac9c3a88e59c81e8abd,98abb1e386405ac9c3a88e59c81e8abd,0,/mnt/datadisk/./datasets/0/VirusShare_98abb1e386405ac9c3a88e59c81e8abd,,
VirusShare_519e22a63c37fb5bc8d34a7ef4165d68,519e22a63c37fb5bc8d34a7ef4165d68,0,/mnt/datadisk/./datasets/0/VirusShare_519e22a63c37fb5bc8d34a7ef4165d68,,
VirusShare_8c4ef8fd2874b4c0a608ad9663319197,8c4ef8fd2874b4c0a608ad9663319197,0,/mnt/datadisk/./datasets/0/VirusShare_8c4ef8fd2874b4c0a608ad9663319197,,
VirusShare_dce607a8046946dfdf12fbcfea94aab5,dce607a8046946dfdf12fbcfea94aab5,1,/mnt/datadisk/./datasets/1/VirusShare_dce607a8046946dfdf12fbcfea94aab5,,
VirusShare_d8b2a0b440b26c2dc3032e3f0de38b72,d8b2a0b440b26c2dc3032e3f0de38b72,1,/mnt/datadisk/./datasets/1/VirusShare_d8b2a0b440b26c2dc3032e3f0de38b72,,
VirusShare_0c561cf55ab65afa48c2f430e22978ad,0c561cf55ab65afa48c2f430e22978ad,0,/mnt/datadisk/./datasets/0/VirusShare_0c561cf55ab65afa48c2f430e22978ad,,
VirusShare_83eff6684f8c160415c6aafa92b556d4,83eff6684f8c160415c6aafa92b556d4,1,/mnt/datadisk/./datasets/1/VirusShare_83eff6684f8c160415c6aafa92b556d4,,
VirusShare_bc3133a5f4fd63febb178951e82c5769,bc3133a5f4fd63febb178951e82c5769,0,/mnt/datadisk/./datasets/0/VirusShare_bc3133a5f4fd63febb178951e82c5769,,
VirusShare_c8c878772bfce386498504718519d213,c8c878772bfce386498504718519d213,0,/mnt/datadisk/./datasets/0/VirusShare_c8c878772bfce386498504718519d213,,
VirusShare_80cde91b67a8bf38b11937b373422aea,80cde91b67a8bf38b11937b373422aea,0,/mnt/datadisk/./datasets/0/VirusShare_80cde91b67a8bf38b11937b373422aea,,
VirusShare_eae1f705f1302802d200e59eeb1f230f,eae1f705f1302802d200e59eeb1f230f,0,/mnt/datadisk/./datasets/0/VirusShare_eae1f705f1302802d200e59eeb1f230f,,
VirusShare_2f0f9ebea51958915f738309e64b846a,2f0f9ebea51958915f738309e64b846a,1,/mnt/datadisk/./datasets/1/VirusShare_2f0f9ebea51958915f738309e64b846a,,
VirusShare_fc0dca981d7a59d049f6d0fcbdf336ec,fc0dca981d7a59d049f6d0fcbdf336ec,1,/mnt/datadisk/./datasets/1/VirusShare_fc0dca981d7a59d049f6d0fcbdf336ec,,
VirusShare_8da9dc1c1c1ceb083f26e6e5591f1d31,8da9dc1c1c1ceb083f26e6e5591f1d31,0,/mnt/datadisk/./datasets/0/VirusShare_8da9dc1c1c1ceb083f26e6e5591f1d31,,
VirusShare_14f39c06f405eb34428524ba32c4fbd1,14f39c06f405eb34428524ba32c4fbd1,0,/mnt/datadisk/./datasets/0/VirusShare_14f39c06f405eb34428524ba32c4fbd1,,
VirusShare_2185cc277bc269ca14a597462510bcb7,2185cc277bc269ca14a597462510bcb7,0,/mnt/datadisk/./datasets/0/VirusShare_2185cc277bc269ca14a597462510bcb7,,
VirusShare_d6edef7c428b04c38cd05ca175a28f63,d6edef7c428b04c38cd05ca175a28f63,0,/mnt/datadisk/./datasets/0/VirusShare_d6edef7c428b04c38cd05ca175a28f63,,
VirusShare_9538ebff684c742ac84e98da4a57fceb,9538ebff684c742ac84e98da4a57fceb,1,/mnt/datadisk/./datasets/1/VirusShare_9538ebff684c742ac84e98da4a57fceb,,
VirusShare_8062bd855534641ccfaa1ec1ef155e73,8062bd855534641ccfaa1ec1ef155e73,0,/mnt/datadisk/./datasets/0/VirusShare_8062bd855534641ccfaa1ec1ef155e73,,
VirusShare_5b2efc41e60b436ff9bce0ae4f8fd30a,5b2efc41e60b436ff9bce0ae4f8fd30a,1,/mnt/datadisk/./datasets/1/VirusShare_5b2efc41e60b436ff9bce0ae4f8fd30a,,
VirusShare_514e048d8a6517adf4f690d05d9359de,514e048d8a6517adf4f690d05d9359de,1,/mnt/datadisk/./datasets/1/VirusShare_514e048d8a6517adf4f690d05d9359de,,
VirusShare_aa4da8f24861b26dee278417e35b1afd,aa4da8f24861b26dee278417e35b1afd,0,/mnt/datadisk/./datasets/0/VirusShare_aa4da8f24861b26dee278417e35b1afd,,
VirusShare_2730a9386d523ec9ae8a8067c5546db9,2730a9386d523ec9ae8a8067c5546db9,0,/mnt/datadisk/./datasets/0/VirusShare_2730a9386d523ec9ae8a8067c5546db9,,
VirusShare_d482a790338406f8bf4ec94aa71a8447,d482a790338406f8bf4ec94aa71a8447,0,/mnt/datadisk/./datasets/0/VirusShare_d482a790338406f8bf4ec94aa71a8447,,
VirusShare_82051f56dd1034ce69df8932155c6094,82051f56dd1034ce69df8932155c6094,0,/mnt/datadisk/./datasets/0/VirusShare_82051f56dd1034ce69df8932155c6094,,
VirusShare_d74fd44408b1db15e2934cd5881f747c,d74fd44408b1db15e2934cd5881f747c,0,/mnt/datadisk/./datasets/0/VirusShare_d74fd44408b1db15e2934cd5881f747c,,
VirusShare_0add2fe4d7a047ba9df9af23ac3f0671,0add2fe4d7a047ba9df9af23ac3f0671,0,/mnt/datadisk/./datasets/0/VirusShare_0add2fe4d7a047ba9df9af23ac3f0671,,
VirusShare_759c6d60f1145567bb256695e6120149,759c6d60f1145567bb256695e6120149,1,/mnt/datadisk/./datasets/1/VirusShare_759c6d60f1145567bb256695e6120149,,
VirusShare_fc68af4d14c10ddf0b889b055e0478b0,fc68af4d14c10ddf0b889b055e0478b0,0,/mnt/datadisk/./datasets/0/VirusShare_fc68af4d14c10ddf0b889b055e0478b0,,
VirusShare_901a25e8620ee30499217f09bc64bf47,901a25e8620ee30499217f09bc64bf47,1,/mnt/datadisk/./datasets/1/VirusShare_901a25e8620ee30499217f09bc64bf47,,
VirusShare_cda34e2ff07d9a1e8dc11d1fcc3d2aab,cda34e2ff07d9a1e8dc11d1fcc3d2aab,1,/mnt/datadisk/./datasets/1/VirusShare_cda34e2ff07d9a1e8dc11d1fcc3d2aab,,
VirusShare_52ce5177e4b6c4046ae7525aefaf116f,52ce5177e4b6c4046ae7525aefaf116f,0,/mnt/datadisk/./datasets/0/VirusShare_52ce5177e4b6c4046ae7525aefaf116f,,
VirusShare_98557324f8816cdb781fcbbc772e2262,98557324f8816cdb781fcbbc772e2262,0,/mnt/datadisk/./datasets/0/VirusShare_98557324f8816cdb781fcbbc772e2262,,
VirusShare_1460e7a6f6c1665ca0ee3eaf387b1295,1460e7a6f6c1665ca0ee3eaf387b1295,0,/mnt/datadisk/./datasets/0/VirusShare_1460e7a6f6c1665ca0ee3eaf387b1295,,
VirusShare_ba5f36122ad091d9c67abeffc4e5fe81,ba5f36122ad091d9c67abeffc4e5fe81,1,/mnt/datadisk/./datasets/1/VirusShare_ba5f36122ad091d9c67abeffc4e5fe81,,
VirusShare_e25a3d6391b01df0b912e380f1c6db49,e25a3d6391b01df0b912e380f1c6db49,1,/mnt/datadisk/./datasets/1/VirusShare_e25a3d6391b01df0b912e380f1c6db49,,
VirusShare_6f7c06fc62374fd8c42fe5ed0dc154b7,6f7c06fc62374fd8c42fe5ed0dc154b7,1,/mnt/datadisk/./datasets/1/VirusShare_6f7c06fc62374fd8c42fe5ed0dc154b7,,
VirusShare_db31815723dcfee607c91df888d5fc28,db31815723dcfee607c91df888d5fc28,1,/mnt/datadisk/./datasets/1/VirusShare_db31815723dcfee607c91df888d5fc28,,
VirusShare_b5039cc570e896c5d9e438efc819ec72,b5039cc570e896c5d9e438efc819ec72,0,/mnt/datadisk/./datasets/0/VirusShare_b5039cc570e896c5d9e438efc819ec72,,
VirusShare_0554c638b6650a660abef06ff3c87103,0554c638b6650a660abef06ff3c87103,1,/mnt/datadisk/./datasets/1/VirusShare_0554c638b6650a660abef06ff3c87103,,
VirusShare_9e637c57a2b4a4f5dec1b64eb679863c,9e637c57a2b4a4f5dec1b64eb679863c,0,/mnt/datadisk/./datasets/0/VirusShare_9e637c57a2b4a4f5dec1b64eb679863c,,
VirusShare_4de434d84917a2623baf08bded87dfdb,4de434d84917a2623baf08bded87dfdb,0,/mnt/datadisk/./datasets/0/VirusShare_4de434d84917a2623baf08bded87dfdb,,
VirusShare_f886d4770a4137907ff13dff98485cc1,f886d4770a4137907ff13dff98485cc1,0,/mnt/datadisk/./datasets/0/VirusShare_f886d4770a4137907ff13dff98485cc1,,
VirusShare_4fac2685ff341b6fa5c3ae2fa697dc47,4fac2685ff341b6fa5c3ae2fa697dc47,0,/mnt/datadisk/./datasets/0/VirusShare_4fac2685ff341b6fa5c3ae2fa697dc47,,
VirusShare_796339be0663aa064be0225f6f9f13a8,796339be0663aa064be0225f6f9f13a8,0,/mnt/datadisk/./datasets/0/VirusShare_796339be0663aa064be0225f6f9f13a8,,
VirusShare_4f5fc2090d2551e46ab2b69e85bc15ba,4f5fc2090d2551e46ab2b69e85bc15ba,0,/mnt/datadisk/./datasets/0/VirusShare_4f5fc2090d2551e46ab2b69e85bc15ba,,
VirusShare_5682348ff92e0aae20a7163fe2fc9f73,5682348ff92e0aae20a7163fe2fc9f73,1,/mnt/datadisk/./datasets/1/VirusShare_5682348ff92e0aae20a7163fe2fc9f73,,
VirusShare_ae6677474f5bc9fffad0d2f3fb5cb2ea,ae6677474f5bc9fffad0d2f3fb5cb2ea,1,/mnt/datadisk/./datasets/1/VirusShare_ae6677474f5bc9fffad0d2f3fb5cb2ea,,
VirusShare_9fb25853162b4ea7a42cd17e236b1041,9fb25853162b4ea7a42cd17e236b1041,0,/mnt/datadisk/./datasets/0/VirusShare_9fb25853162b4ea7a42cd17e236b1041,,
VirusShare_728d894e7e4a5a2074bd6563b6763b80,728d894e7e4a5a2074bd6563b6763b80,0,/mnt/datadisk/./datasets/0/VirusShare_728d894e7e4a5a2074bd6563b6763b80,,
VirusShare_a6be5e586178b2df0efd100c7ba453b1,a6be5e586178b2df0efd100c7ba453b1,0,/mnt/datadisk/./datasets/0/VirusShare_a6be5e586178b2df0efd100c7ba453b1,,
VirusShare_8d2f8a475b7e8d0ab2d117e173c40a3f,8d2f8a475b7e8d0ab2d117e173c40a3f,0,/mnt/datadisk/./datasets/0/VirusShare_8d2f8a475b7e8d0ab2d117e173c40a3f,,
VirusShare_8cdea1c6a817fc6f503876152fe2a0f0,8cdea1c6a817fc6f503876152fe2a0f0,0,/mnt/datadisk/./datasets/0/VirusShare_8cdea1c6a817fc6f503876152fe2a0f0,,
VirusShare_9132a33a0dc83b735a760990b08762fa,9132a33a0dc83b735a760990b08762fa,0,/mnt/datadisk/./datasets/0/VirusShare_9132a33a0dc83b735a760990b08762fa,,
VirusShare_ab15a03b62215032d9b8486224333f8c,ab15a03b62215032d9b8486224333f8c,0,/mnt/datadisk/./datasets/0/VirusShare_ab15a03b62215032d9b8486224333f8c,,
VirusShare_b4c8e577b4c2749513680c7aaaeb9a82,b4c8e577b4c2749513680c7aaaeb9a82,1,/mnt/datadisk/./datasets/1/VirusShare_b4c8e577b4c2749513680c7aaaeb9a82,,
VirusShare_f22f5b96d482f811fda63e090af770c0,f22f5b96d482f811fda63e090af770c0,0,/mnt/datadisk/./datasets/0/VirusShare_f22f5b96d482f811fda63e090af770c0,,
VirusShare_52e492d419ceca5a5de650ceead2b60b,52e492d419ceca5a5de650ceead2b60b,1,/mnt/datadisk/./datasets/1/VirusShare_52e492d419ceca5a5de650ceead2b60b,,
VirusShare_7f3e59e5988e848eee1d231d400ac1d8,7f3e59e5988e848eee1d231d400ac1d8,1,/mnt/datadisk/./datasets/1/VirusShare_7f3e59e5988e848eee1d231d400ac1d8,,
VirusShare_61cb7e1d3cfda88df7bc2e3a9e407df0,61cb7e1d3cfda88df7bc2e3a9e407df0,0,/mnt/datadisk/./datasets/0/VirusShare_61cb7e1d3cfda88df7bc2e3a9e407df0,,
VirusShare_67e20efc8967793f006b92a0ce64320b,67e20efc8967793f006b92a0ce64320b,0,/mnt/datadisk/./datasets/0/VirusShare_67e20efc8967793f006b92a0ce64320b,,
VirusShare_4a24ec68e807e219e1f854007bd526ba,4a24ec68e807e219e1f854007bd526ba,0,/mnt/datadisk/./datasets/0/VirusShare_4a24ec68e807e219e1f854007bd526ba,,
VirusShare_27b6ec33d0e11a87041b1e0c0c686def,27b6ec33d0e11a87041b1e0c0c686def,0,/mnt/datadisk/./datasets/0/VirusShare_27b6ec33d0e11a87041b1e0c0c686def,,
VirusShare_fa7637831daf5596c99b85798f5afcc1,fa7637831daf5596c99b85798f5afcc1,0,/mnt/datadisk/./datasets/0/VirusShare_fa7637831daf5596c99b85798f5afcc1,,
VirusShare_cc5d3f3590393fd97195719adc886523,cc5d3f3590393fd97195719adc886523,1,/mnt/datadisk/./datasets/1/VirusShare_cc5d3f3590393fd97195719adc886523,,
VirusShare_06d9cee988ec6c86636207bcad00b769,06d9cee988ec6c86636207bcad00b769,0,/mnt/datadisk/./datasets/0/VirusShare_06d9cee988ec6c86636207bcad00b769,,
VirusShare_975d87e24e881a6d224d37b25a7c8a1d,975d87e24e881a6d224d37b25a7c8a1d,0,/mnt/datadisk/./datasets/0/VirusShare_975d87e24e881a6d224d37b25a7c8a1d,,
VirusShare_9c7e2112b44b0a4ba6ea0caa8b34d234,9c7e2112b44b0a4ba6ea0caa8b34d234,1,/mnt/datadisk/./datasets/1/VirusShare_9c7e2112b44b0a4ba6ea0caa8b34d234,,
VirusShare_34b0fc77eb40ba3df130ab34ab20cc30,34b0fc77eb40ba3df130ab34ab20cc30,0,/mnt/datadisk/./datasets/0/VirusShare_34b0fc77eb40ba3df130ab34ab20cc30,,
VirusShare_0e26a5ed9ab6fde49ad883f50ac82e41,0e26a5ed9ab6fde49ad883f50ac82e41,1,/mnt/datadisk/./datasets/1/VirusShare_0e26a5ed9ab6fde49ad883f50ac82e41,,
VirusShare_543b0a619e55757132abd6767ec99a10,543b0a619e55757132abd6767ec99a10,0,/mnt/datadisk/./datasets/0/VirusShare_543b0a619e55757132abd6767ec99a10,,
VirusShare_8f8ddb178ef955be949e795c0254f02d,8f8ddb178ef955be949e795c0254f02d,0,/mnt/datadisk/./datasets/0/VirusShare_8f8ddb178ef955be949e795c0254f02d,,
VirusShare_170fbf601ce47d8fc4c044bc4e1015e6,170fbf601ce47d8fc4c044bc4e1015e6,1,/mnt/datadisk/./datasets/1/VirusShare_170fbf601ce47d8fc4c044bc4e1015e6,,
VirusShare_ca0c0a13772f2e4853998733e7d0e99a,ca0c0a13772f2e4853998733e7d0e99a,0,/mnt/datadisk/./datasets/0/VirusShare_ca0c0a13772f2e4853998733e7d0e99a,,
VirusShare_a538a60016570bc8b76bb9fb89a4d9af,a538a60016570bc8b76bb9fb89a4d9af,1,/mnt/datadisk/./datasets/1/VirusShare_a538a60016570bc8b76bb9fb89a4d9af,,
VirusShare_efcd6a39e5a97381a1b9a211e13b8116,efcd6a39e5a97381a1b9a211e13b8116,1,/mnt/datadisk/./datasets/1/VirusShare_efcd6a39e5a97381a1b9a211e13b8116,,
VirusShare_cf19dbb358ec397d463c7273e8994f51,cf19dbb358ec397d463c7273e8994f51,0,/mnt/datadisk/./datasets/0/VirusShare_cf19dbb358ec397d463c7273e8994f51,,
VirusShare_9c7adb9ebefb2c65e6e1be75fe50edb4,9c7adb9ebefb2c65e6e1be75fe50edb4,0,/mnt/datadisk/./datasets/0/VirusShare_9c7adb9ebefb2c65e6e1be75fe50edb4,,
VirusShare_47474f31c31c0bcf3b913230978c3c89,47474f31c31c0bcf3b913230978c3c89,1,/mnt/datadisk/./datasets/1/VirusShare_47474f31c31c0bcf3b913230978c3c89,,
VirusShare_8cf73d79a09758f58e59b18ba1e98443,8cf73d79a09758f58e59b18ba1e98443,0,/mnt/datadisk/./datasets/0/VirusShare_8cf73d79a09758f58e59b18ba1e98443,,
VirusShare_a30bddb49a2bcc3a7c09cb7d98c30e2a,a30bddb49a2bcc3a7c09cb7d98c30e2a,0,/mnt/datadisk/./datasets/0/VirusShare_a30bddb49a2bcc3a7c09cb7d98c30e2a,,
VirusShare_f85b93364a678d47d4b54675dda1abc3,f85b93364a678d47d4b54675dda1abc3,1,/mnt/datadisk/./datasets/1/VirusShare_f85b93364a678d47d4b54675dda1abc3,,
VirusShare_6ae983b3b1f6ed2666e0ea586f452267,6ae983b3b1f6ed2666e0ea586f452267,0,/mnt/datadisk/./datasets/0/VirusShare_6ae983b3b1f6ed2666e0ea586f452267,,
VirusShare_2c6051a761da5c98f257f0ab86a6afd5,2c6051a761da5c98f257f0ab86a6afd5,0,/mnt/datadisk/./datasets/0/VirusShare_2c6051a761da5c98f257f0ab86a6afd5,,
VirusShare_4e174b79c797c256e829bcb84a5eb191,4e174b79c797c256e829bcb84a5eb191,1,/mnt/datadisk/./datasets/1/VirusShare_4e174b79c797c256e829bcb84a5eb191,,
VirusShare_931132a095d03409da385717af7d9ac8,931132a095d03409da385717af7d9ac8,1,/mnt/datadisk/./datasets/1/VirusShare_931132a095d03409da385717af7d9ac8,,
VirusShare_913a0fd697fe9dbbf2019516896fd339,913a0fd697fe9dbbf2019516896fd339,0,/mnt/datadisk/./datasets/0/VirusShare_913a0fd697fe9dbbf2019516896fd339,,
VirusShare_6bcac48924a52d911202180e4355ceec,6bcac48924a52d911202180e4355ceec,1,/mnt/datadisk/./datasets/1/VirusShare_6bcac48924a52d911202180e4355ceec,,
VirusShare_0c401b97492eb01efaa667f73d7aae02,0c401b97492eb01efaa667f73d7aae02,0,/mnt/datadisk/./datasets/0/VirusShare_0c401b97492eb01efaa667f73d7aae02,,
VirusShare_d602ba7eb25ed33dab8ae4f73098b8b4,d602ba7eb25ed33dab8ae4f73098b8b4,0,/mnt/datadisk/./datasets/0/VirusShare_d602ba7eb25ed33dab8ae4f73098b8b4,,
VirusShare_2eb0f0bd5bb61309dd14f2768ae3a72b,2eb0f0bd5bb61309dd14f2768ae3a72b,0,/mnt/datadisk/./datasets/0/VirusShare_2eb0f0bd5bb61309dd14f2768ae3a72b,,
VirusShare_6075f7bcdcd4a6f44b80c85a3fe19278,6075f7bcdcd4a6f44b80c85a3fe19278,1,/mnt/datadisk/./datasets/1/VirusShare_6075f7bcdcd4a6f44b80c85a3fe19278,,
VirusShare_3609543f8c5459b5bb758513a296644f,3609543f8c5459b5bb758513a296644f,1,/mnt/datadisk/./datasets/1/VirusShare_3609543f8c5459b5bb758513a296644f,,
VirusShare_574224d542bf98efac4a484763e7ee79,574224d542bf98efac4a484763e7ee79,0,/mnt/datadisk/./datasets/0/VirusShare_574224d542bf98efac4a484763e7ee79,,
VirusShare_5d92be1d7b4e08530961c2c2482933a8,5d92be1d7b4e08530961c2c2482933a8,1,/mnt/datadisk/./datasets/1/VirusShare_5d92be1d7b4e08530961c2c2482933a8,,
VirusShare_5f417880dd5cb7b8e38e4a25931ee4c6,5f417880dd5cb7b8e38e4a25931ee4c6,0,/mnt/datadisk/./datasets/0/VirusShare_5f417880dd5cb7b8e38e4a25931ee4c6,,
VirusShare_6d1f142c7cd70c62ef68407c29cd68a9,6d1f142c7cd70c62ef68407c29cd68a9,1,/mnt/datadisk/./datasets/1/VirusShare_6d1f142c7cd70c62ef68407c29cd68a9,,
VirusShare_41d1a9c6a3463bced8ddfbc1099d559b,41d1a9c6a3463bced8ddfbc1099d559b,1,/mnt/datadisk/./datasets/1/VirusShare_41d1a9c6a3463bced8ddfbc1099d559b,,
VirusShare_8bfcc0602f45eb7f69c02250980d73c6,8bfcc0602f45eb7f69c02250980d73c6,0,/mnt/datadisk/./datasets/0/VirusShare_8bfcc0602f45eb7f69c02250980d73c6,,
VirusShare_7584286a2b512b58c421cf38a33e0776,7584286a2b512b58c421cf38a33e0776,0,/mnt/datadisk/./datasets/0/VirusShare_7584286a2b512b58c421cf38a33e0776,,
VirusShare_b92376d5972be4bf3f100b17e978b6af,b92376d5972be4bf3f100b17e978b6af,0,/mnt/datadisk/./datasets/0/VirusShare_b92376d5972be4bf3f100b17e978b6af,,
VirusShare_d38ce89c1466b0b41d210c855e6c5e75,d38ce89c1466b0b41d210c855e6c5e75,0,/mnt/datadisk/./datasets/0/VirusShare_d38ce89c1466b0b41d210c855e6c5e75,,
VirusShare_e67fac05d48a96d49702fb3913f4b62e,e67fac05d48a96d49702fb3913f4b62e,0,/mnt/datadisk/./datasets/0/VirusShare_e67fac05d48a96d49702fb3913f4b62e,,
VirusShare_2d52de64edd9507837c571f717c7db60,2d52de64edd9507837c571f717c7db60,0,/mnt/datadisk/./datasets/0/VirusShare_2d52de64edd9507837c571f717c7db60,,
VirusShare_43fc5f5a3a97e7ebe9ce7dcd1a06c035,43fc5f5a3a97e7ebe9ce7dcd1a06c035,1,/mnt/datadisk/./datasets/1/VirusShare_43fc5f5a3a97e7ebe9ce7dcd1a06c035,,
VirusShare_67cb60950de9eadbd4c93291eb475701,67cb60950de9eadbd4c93291eb475701,1,/mnt/datadisk/./datasets/1/VirusShare_67cb60950de9eadbd4c93291eb475701,,
VirusShare_a80dbbf31ae0daaa40ffdd4a0555053a,a80dbbf31ae0daaa40ffdd4a0555053a,1,/mnt/datadisk/./datasets/1/VirusShare_a80dbbf31ae0daaa40ffdd4a0555053a,,
VirusShare_d91d3ebf11980c05436f68b8afff86e1,d91d3ebf11980c05436f68b8afff86e1,0,/mnt/datadisk/./datasets/0/VirusShare_d91d3ebf11980c05436f68b8afff86e1,,
VirusShare_84ebae4387b22a0e01aa5a0df86ce48f,84ebae4387b22a0e01aa5a0df86ce48f,0,/mnt/datadisk/./datasets/0/VirusShare_84ebae4387b22a0e01aa5a0df86ce48f,,
VirusShare_ac865d5c6425fba87580e9995fbdcdc8,ac865d5c6425fba87580e9995fbdcdc8,1,/mnt/datadisk/./datasets/1/VirusShare_ac865d5c6425fba87580e9995fbdcdc8,,
VirusShare_1848014833cc5310d4cce64ee2e3bbd9,1848014833cc5310d4cce64ee2e3bbd9,0,/mnt/datadisk/./datasets/0/VirusShare_1848014833cc5310d4cce64ee2e3bbd9,,
VirusShare_2794e57550325d39443e9974d2415b63,2794e57550325d39443e9974d2415b63,0,/mnt/datadisk/./datasets/0/VirusShare_2794e57550325d39443e9974d2415b63,,
VirusShare_2e18a08987838bbc3c26ffdbbcec1e62,2e18a08987838bbc3c26ffdbbcec1e62,1,/mnt/datadisk/./datasets/1/VirusShare_2e18a08987838bbc3c26ffdbbcec1e62,,
VirusShare_0d242636c838b797aa00dff9065c2698,0d242636c838b797aa00dff9065c2698,0,/mnt/datadisk/./datasets/0/VirusShare_0d242636c838b797aa00dff9065c2698,,
VirusShare_eeffe84fa3e502540ad36e8d6b2a93f4,eeffe84fa3e502540ad36e8d6b2a93f4,1,/mnt/datadisk/./datasets/1/VirusShare_eeffe84fa3e502540ad36e8d6b2a93f4,,
VirusShare_0ca3c0c356b671426009d2466d261c0f,0ca3c0c356b671426009d2466d261c0f,0,/mnt/datadisk/./datasets/0/VirusShare_0ca3c0c356b671426009d2466d261c0f,,
VirusShare_1b96291356b83d9929b8e57b5af19894,1b96291356b83d9929b8e57b5af19894,0,/mnt/datadisk/./datasets/0/VirusShare_1b96291356b83d9929b8e57b5af19894,,
VirusShare_3145ffa688a17efadcd1f59f603ea03d,3145ffa688a17efadcd1f59f603ea03d,1,/mnt/datadisk/./datasets/1/VirusShare_3145ffa688a17efadcd1f59f603ea03d,,
VirusShare_72906435a569d6d0c2c35b202498def2,72906435a569d6d0c2c35b202498def2,0,/mnt/datadisk/./datasets/0/VirusShare_72906435a569d6d0c2c35b202498def2,,
VirusShare_51e77c1bc6916875a8be48c2f80a6ab5,51e77c1bc6916875a8be48c2f80a6ab5,0,/mnt/datadisk/./datasets/0/VirusShare_51e77c1bc6916875a8be48c2f80a6ab5,,
VirusShare_59011b30630b327f21b0c6c070e6bdc3,59011b30630b327f21b0c6c070e6bdc3,1,/mnt/datadisk/./datasets/1/VirusShare_59011b30630b327f21b0c6c070e6bdc3,,
VirusShare_95fea2db5d2c92a2374273ed11ffab87,95fea2db5d2c92a2374273ed11ffab87,1,/mnt/datadisk/./datasets/1/VirusShare_95fea2db5d2c92a2374273ed11ffab87,,
VirusShare_2ac11e2a6948e5f06b110f7f0625c5f7,2ac11e2a6948e5f06b110f7f0625c5f7,1,/mnt/datadisk/./datasets/1/VirusShare_2ac11e2a6948e5f06b110f7f0625c5f7,,
VirusShare_76a1a37b711e8493239400dc930671a7,76a1a37b711e8493239400dc930671a7,0,/mnt/datadisk/./datasets/0/VirusShare_76a1a37b711e8493239400dc930671a7,,
VirusShare_b6080451350e5723c6e87a4c5655eee1,b6080451350e5723c6e87a4c5655eee1,0,/mnt/datadisk/./datasets/0/VirusShare_b6080451350e5723c6e87a4c5655eee1,,
VirusShare_8b449eac29e4b1357a05c590149c9972,8b449eac29e4b1357a05c590149c9972,0,/mnt/datadisk/./datasets/0/VirusShare_8b449eac29e4b1357a05c590149c9972,,
VirusShare_3dd2005f5c15f7944bd978a767f6ee4f,3dd2005f5c15f7944bd978a767f6ee4f,1,/mnt/datadisk/./datasets/1/VirusShare_3dd2005f5c15f7944bd978a767f6ee4f,,
VirusShare_4a10d0acaed25a9a9cb5a6b4567bca38,4a10d0acaed25a9a9cb5a6b4567bca38,0,/mnt/datadisk/./datasets/0/VirusShare_4a10d0acaed25a9a9cb5a6b4567bca38,,
VirusShare_25cbf3b2aecf77bc8823c3bb58f8ec7d,25cbf3b2aecf77bc8823c3bb58f8ec7d,0,/mnt/datadisk/./datasets/0/VirusShare_25cbf3b2aecf77bc8823c3bb58f8ec7d,,
VirusShare_bfdce796bc63fe4d16c6a007dfec74f1,bfdce796bc63fe4d16c6a007dfec74f1,1,/mnt/datadisk/./datasets/1/VirusShare_bfdce796bc63fe4d16c6a007dfec74f1,,
VirusShare_b62bfd0fdcb1d078bfe16c332f7b4503,b62bfd0fdcb1d078bfe16c332f7b4503,0,/mnt/datadisk/./datasets/0/VirusShare_b62bfd0fdcb1d078bfe16c332f7b4503,,
VirusShare_4c94be8528c623eae5b3ecc80c2cb7f3,4c94be8528c623eae5b3ecc80c2cb7f3,0,/mnt/datadisk/./datasets/0/VirusShare_4c94be8528c623eae5b3ecc80c2cb7f3,,
VirusShare_b50984bfdc18fba63ffb5bb3c59df568,b50984bfdc18fba63ffb5bb3c59df568,0,/mnt/datadisk/./datasets/0/VirusShare_b50984bfdc18fba63ffb5bb3c59df568,,
VirusShare_f0c3581080d2af33958bfc249a5cb1fd,f0c3581080d2af33958bfc249a5cb1fd,1,/mnt/datadisk/./datasets/1/VirusShare_f0c3581080d2af33958bfc249a5cb1fd,,
VirusShare_b5aa8012b86592063726be6fe7a93247,b5aa8012b86592063726be6fe7a93247,0,/mnt/datadisk/./datasets/0/VirusShare_b5aa8012b86592063726be6fe7a93247,,
VirusShare_0669f8802e4db259c20d79249f489734,0669f8802e4db259c20d79249f489734,0,/mnt/datadisk/./datasets/0/VirusShare_0669f8802e4db259c20d79249f489734,,
VirusShare_35964514644fc793f6b4cbdb3be722a7,35964514644fc793f6b4cbdb3be722a7,0,/mnt/datadisk/./datasets/0/VirusShare_35964514644fc793f6b4cbdb3be722a7,,
VirusShare_910631d0f6a343aad87fd469ac6d75bf,910631d0f6a343aad87fd469ac6d75bf,0,/mnt/datadisk/./datasets/0/VirusShare_910631d0f6a343aad87fd469ac6d75bf,,
VirusShare_a2dda4e9c958a88332dfc1822c806f38,a2dda4e9c958a88332dfc1822c806f38,1,/mnt/datadisk/./datasets/1/VirusShare_a2dda4e9c958a88332dfc1822c806f38,,
VirusShare_e646e9736003ee34df9cc2a907d5358e,e646e9736003ee34df9cc2a907d5358e,0,/mnt/datadisk/./datasets/0/VirusShare_e646e9736003ee34df9cc2a907d5358e,,
VirusShare_d9ddffc33ae40cc14abb37ed289727f2,d9ddffc33ae40cc14abb37ed289727f2,0,/mnt/datadisk/./datasets/0/VirusShare_d9ddffc33ae40cc14abb37ed289727f2,,
VirusShare_f6740439bf82650ede557efa3d1d8b87,f6740439bf82650ede557efa3d1d8b87,0,/mnt/datadisk/./datasets/0/VirusShare_f6740439bf82650ede557efa3d1d8b87,,
VirusShare_c29cbee61280432d433abac0b08c6641,c29cbee61280432d433abac0b08c6641,1,/mnt/datadisk/./datasets/1/VirusShare_c29cbee61280432d433abac0b08c6641,,
VirusShare_8305d9eab73c010f4bf629c6d5f09956,8305d9eab73c010f4bf629c6d5f09956,1,/mnt/datadisk/./datasets/1/VirusShare_8305d9eab73c010f4bf629c6d5f09956,,
VirusShare_9bd1bae8541225f2029933720bfc071a,9bd1bae8541225f2029933720bfc071a,0,/mnt/datadisk/./datasets/0/VirusShare_9bd1bae8541225f2029933720bfc071a,,
VirusShare_84e8d174ffa4b44f1b82ae18407ec9e0,84e8d174ffa4b44f1b82ae18407ec9e0,0,/mnt/datadisk/./datasets/0/VirusShare_84e8d174ffa4b44f1b82ae18407ec9e0,,
VirusShare_9027c7cdfa192c4b51b2fbfe172cb362,9027c7cdfa192c4b51b2fbfe172cb362,1,/mnt/datadisk/./datasets/1/VirusShare_9027c7cdfa192c4b51b2fbfe172cb362,,
VirusShare_de90eba22fa484e92a72c6834f6361a3,de90eba22fa484e92a72c6834f6361a3,0,/mnt/datadisk/./datasets/0/VirusShare_de90eba22fa484e92a72c6834f6361a3,,
VirusShare_030f2e3da969d7d9e8aa9ef66e382210,030f2e3da969d7d9e8aa9ef66e382210,1,/mnt/datadisk/./datasets/1/VirusShare_030f2e3da969d7d9e8aa9ef66e382210,,
VirusShare_0c517e5d1c375969dbd64a2c8534acbd,0c517e5d1c375969dbd64a2c8534acbd,1,/mnt/datadisk/./datasets/1/VirusShare_0c517e5d1c375969dbd64a2c8534acbd,,
VirusShare_083743e0ad0ebc167cb4d94ebea90cb1,083743e0ad0ebc167cb4d94ebea90cb1,0,/mnt/datadisk/./datasets/0/VirusShare_083743e0ad0ebc167cb4d94ebea90cb1,,
VirusShare_24a7b7e108b6a1c8949ea31653a7350a,24a7b7e108b6a1c8949ea31653a7350a,0,/mnt/datadisk/./datasets/0/VirusShare_24a7b7e108b6a1c8949ea31653a7350a,,
VirusShare_bbae7b237de6ef086b41f92d1a16b25f,bbae7b237de6ef086b41f92d1a16b25f,0,/mnt/datadisk/./datasets/0/VirusShare_bbae7b237de6ef086b41f92d1a16b25f,,
VirusShare_fd45339cc1ed2a957a355d25cfd48120,fd45339cc1ed2a957a355d25cfd48120,0,/mnt/datadisk/./datasets/0/VirusShare_fd45339cc1ed2a957a355d25cfd48120,,
VirusShare_c38b51285c032010d0329f557074b69e,c38b51285c032010d0329f557074b69e,0,/mnt/datadisk/./datasets/0/VirusShare_c38b51285c032010d0329f557074b69e,,
VirusShare_c1034cc96ccfc5be349e6bc9804c10d7,c1034cc96ccfc5be349e6bc9804c10d7,1,/mnt/datadisk/./datasets/1/VirusShare_c1034cc96ccfc5be349e6bc9804c10d7,,
VirusShare_7264a48944cd1c4b67f424dde97dd80b,7264a48944cd1c4b67f424dde97dd80b,0,/mnt/datadisk/./datasets/0/VirusShare_7264a48944cd1c4b67f424dde97dd80b,,
VirusShare_98a799e6b2bc67d720c2da36c4bd7b8e,98a799e6b2bc67d720c2da36c4bd7b8e,1,/mnt/datadisk/./datasets/1/VirusShare_98a799e6b2bc67d720c2da36c4bd7b8e,,
VirusShare_58ba4258faf83a9415c6376f3f14b631,58ba4258faf83a9415c6376f3f14b631,0,/mnt/datadisk/./datasets/0/VirusShare_58ba4258faf83a9415c6376f3f14b631,,
VirusShare_3bd4334554aec4d1117702a6b4e33563,3bd4334554aec4d1117702a6b4e33563,0,/mnt/datadisk/./datasets/0/VirusShare_3bd4334554aec4d1117702a6b4e33563,,
VirusShare_0367d3a3a6fdc62b97caf3f297e81056,0367d3a3a6fdc62b97caf3f297e81056,0,/mnt/datadisk/./datasets/0/VirusShare_0367d3a3a6fdc62b97caf3f297e81056,,
VirusShare_13f8e551a01243210ea9bbe34371deb7,13f8e551a01243210ea9bbe34371deb7,0,/mnt/datadisk/./datasets/0/VirusShare_13f8e551a01243210ea9bbe34371deb7,,
VirusShare_0e75325270eac31b2b9ba651263c94d2,0e75325270eac31b2b9ba651263c94d2,0,/mnt/datadisk/./datasets/0/VirusShare_0e75325270eac31b2b9ba651263c94d2,,
VirusShare_a4a7aca453667100ca22e6835a3f94b4,a4a7aca453667100ca22e6835a3f94b4,0,/mnt/datadisk/./datasets/0/VirusShare_a4a7aca453667100ca22e6835a3f94b4,,
VirusShare_1b399ee4d21bccb98c633fad24fd30c8,1b399ee4d21bccb98c633fad24fd30c8,0,/mnt/datadisk/./datasets/0/VirusShare_1b399ee4d21bccb98c633fad24fd30c8,,
VirusShare_8f8b043739986704de6cf7ab381556e6,8f8b043739986704de6cf7ab381556e6,0,/mnt/datadisk/./datasets/0/VirusShare_8f8b043739986704de6cf7ab381556e6,,
VirusShare_400dc28b124bacbf260c9db1447794ff,400dc28b124bacbf260c9db1447794ff,0,/mnt/datadisk/./datasets/0/VirusShare_400dc28b124bacbf260c9db1447794ff,,
VirusShare_c2e0d8c10c81e1da71441e42094651cc,c2e0d8c10c81e1da71441e42094651cc,0,/mnt/datadisk/./datasets/0/VirusShare_c2e0d8c10c81e1da71441e42094651cc,,
VirusShare_e5c8465b257f9f5c6b422f38d66af4f9,e5c8465b257f9f5c6b422f38d66af4f9,0,/mnt/datadisk/./datasets/0/VirusShare_e5c8465b257f9f5c6b422f38d66af4f9,,
VirusShare_b6efeb17d03830ba0a5b3e1fe6e3a5f2,b6efeb17d03830ba0a5b3e1fe6e3a5f2,0,/mnt/datadisk/./datasets/0/VirusShare_b6efeb17d03830ba0a5b3e1fe6e3a5f2,,
VirusShare_f194d7ae32b3bb8d9cb2e568ea60e962,f194d7ae32b3bb8d9cb2e568ea60e962,0,/mnt/datadisk/./datasets/0/VirusShare_f194d7ae32b3bb8d9cb2e568ea60e962,,
VirusShare_cd9b3a6b0c69e21edd0faf2e9676fba7,cd9b3a6b0c69e21edd0faf2e9676fba7,0,/mnt/datadisk/./datasets/0/VirusShare_cd9b3a6b0c69e21edd0faf2e9676fba7,,
VirusShare_ff0551d32ad2cb24568eeb9edd75d409,ff0551d32ad2cb24568eeb9edd75d409,1,/mnt/datadisk/./datasets/1/VirusShare_ff0551d32ad2cb24568eeb9edd75d409,,
VirusShare_1aa16d7a6388f2ebcc5ce79f7c6c88d4,1aa16d7a6388f2ebcc5ce79f7c6c88d4,0,/mnt/datadisk/./datasets/0/VirusShare_1aa16d7a6388f2ebcc5ce79f7c6c88d4,,
VirusShare_325c8f7aa5894a06c9364e00ae8dcc90,325c8f7aa5894a06c9364e00ae8dcc90,0,/mnt/datadisk/./datasets/0/VirusShare_325c8f7aa5894a06c9364e00ae8dcc90,,
VirusShare_b454fc76c6f553abc90828ecc84382f7,b454fc76c6f553abc90828ecc84382f7,0,/mnt/datadisk/./datasets/0/VirusShare_b454fc76c6f553abc90828ecc84382f7,,
VirusShare_eb8e1ea5b561bbeef599a18f30a23d96,eb8e1ea5b561bbeef599a18f30a23d96,0,/mnt/datadisk/./datasets/0/VirusShare_eb8e1ea5b561bbeef599a18f30a23d96,,
VirusShare_46b2b8e7621a93ae6b876b071da55212,46b2b8e7621a93ae6b876b071da55212,1,/mnt/datadisk/./datasets/1/VirusShare_46b2b8e7621a93ae6b876b071da55212,,
VirusShare_591b45bf4586f8d79451e6f5743b84e3,591b45bf4586f8d79451e6f5743b84e3,0,/mnt/datadisk/./datasets/0/VirusShare_591b45bf4586f8d79451e6f5743b84e3,,
VirusShare_3065a1c430edf803c1fcae8faa0a6511,3065a1c430edf803c1fcae8faa0a6511,1,/mnt/datadisk/./datasets/1/VirusShare_3065a1c430edf803c1fcae8faa0a6511,,
VirusShare_ac8aa0aa2e5de8e489f3e69b6ecd1668,ac8aa0aa2e5de8e489f3e69b6ecd1668,0,/mnt/datadisk/./datasets/0/VirusShare_ac8aa0aa2e5de8e489f3e69b6ecd1668,,
VirusShare_df7f83cbd60d13a98bb34ce33fa559f1,df7f83cbd60d13a98bb34ce33fa559f1,0,/mnt/datadisk/./datasets/0/VirusShare_df7f83cbd60d13a98bb34ce33fa559f1,,
VirusShare_040178ded297a9415acbcd0fd0c92749,040178ded297a9415acbcd0fd0c92749,0,/mnt/datadisk/./datasets/0/VirusShare_040178ded297a9415acbcd0fd0c92749,,
VirusShare_b83281b6d20cd250cf1cf01831685d15,b83281b6d20cd250cf1cf01831685d15,1,/mnt/datadisk/./datasets/1/VirusShare_b83281b6d20cd250cf1cf01831685d15,,
VirusShare_8d8139b5b2e8e2bc9153e638f574810d,8d8139b5b2e8e2bc9153e638f574810d,0,/mnt/datadisk/./datasets/0/VirusShare_8d8139b5b2e8e2bc9153e638f574810d,,
VirusShare_339e15bfeb2dbb158decde28952472ca,339e15bfeb2dbb158decde28952472ca,0,/mnt/datadisk/./datasets/0/VirusShare_339e15bfeb2dbb158decde28952472ca,,
VirusShare_e03fa11055a7519dcdcb98aa3af63fdb,e03fa11055a7519dcdcb98aa3af63fdb,0,/mnt/datadisk/./datasets/0/VirusShare_e03fa11055a7519dcdcb98aa3af63fdb,,
VirusShare_802768900b4f0c98ec85f69a5bb3c441,802768900b4f0c98ec85f69a5bb3c441,0,/mnt/datadisk/./datasets/0/VirusShare_802768900b4f0c98ec85f69a5bb3c441,,
VirusShare_28d70ff715418738065f1dc8f479cd64,28d70ff715418738065f1dc8f479cd64,1,/mnt/datadisk/./datasets/1/VirusShare_28d70ff715418738065f1dc8f479cd64,,
VirusShare_5c00c66715858aaf9730d054817a5dff,5c00c66715858aaf9730d054817a5dff,0,/mnt/datadisk/./datasets/0/VirusShare_5c00c66715858aaf9730d054817a5dff,,
VirusShare_06c6595f2c987806ccbb383096486f41,06c6595f2c987806ccbb383096486f41,0,/mnt/datadisk/./datasets/0/VirusShare_06c6595f2c987806ccbb383096486f41,,
VirusShare_3777fcf30d06df6e3e9d794f06ae4857,3777fcf30d06df6e3e9d794f06ae4857,0,/mnt/datadisk/./datasets/0/VirusShare_3777fcf30d06df6e3e9d794f06ae4857,,
VirusShare_10ab7f235ee583eb14b7a951ea2f8de9,10ab7f235ee583eb14b7a951ea2f8de9,1,/mnt/datadisk/./datasets/1/VirusShare_10ab7f235ee583eb14b7a951ea2f8de9,,
VirusShare_c08afcc79db3c9b51ccc4ee646e3f849,c08afcc79db3c9b51ccc4ee646e3f849,0,/mnt/datadisk/./datasets/0/VirusShare_c08afcc79db3c9b51ccc4ee646e3f849,,
VirusShare_22d7840bf6ac8b92d60fd974a2de0c30,22d7840bf6ac8b92d60fd974a2de0c30,0,/mnt/datadisk/./datasets/0/VirusShare_22d7840bf6ac8b92d60fd974a2de0c30,,
VirusShare_2c985f9b353b641e18e499cf726308f1,2c985f9b353b641e18e499cf726308f1,0,/mnt/datadisk/./datasets/0/VirusShare_2c985f9b353b641e18e499cf726308f1,,
VirusShare_34c17a185199660062ad469f262cad4f,34c17a185199660062ad469f262cad4f,0,/mnt/datadisk/./datasets/0/VirusShare_34c17a185199660062ad469f262cad4f,,
VirusShare_691d58591a71abafe5376788536a7478,691d58591a71abafe5376788536a7478,0,/mnt/datadisk/./datasets/0/VirusShare_691d58591a71abafe5376788536a7478,,
VirusShare_a79a3424a83434e4ef2570418137c464,a79a3424a83434e4ef2570418137c464,0,/mnt/datadisk/./datasets/0/VirusShare_a79a3424a83434e4ef2570418137c464,,
VirusShare_b3c11590befc10b091849624bd4432dc,b3c11590befc10b091849624bd4432dc,0,/mnt/datadisk/./datasets/0/VirusShare_b3c11590befc10b091849624bd4432dc,,
VirusShare_3b5f01b269c47aaf984c0827e433e800,3b5f01b269c47aaf984c0827e433e800,1,/mnt/datadisk/./datasets/1/VirusShare_3b5f01b269c47aaf984c0827e433e800,,
VirusShare_57558006a115cac07d9bc8590f5b9412,57558006a115cac07d9bc8590f5b9412,0,/mnt/datadisk/./datasets/0/VirusShare_57558006a115cac07d9bc8590f5b9412,,
VirusShare_b0a38039837684f4d0f22db111923150,b0a38039837684f4d0f22db111923150,1,/mnt/datadisk/./datasets/1/VirusShare_b0a38039837684f4d0f22db111923150,,
VirusShare_d6d9d1921d70672b222e1c56d20a15b1,d6d9d1921d70672b222e1c56d20a15b1,0,/mnt/datadisk/./datasets/0/VirusShare_d6d9d1921d70672b222e1c56d20a15b1,,
VirusShare_c28f36c1b8ed2575e1d82fb53f7f28f7,c28f36c1b8ed2575e1d82fb53f7f28f7,0,/mnt/datadisk/./datasets/0/VirusShare_c28f36c1b8ed2575e1d82fb53f7f28f7,,
VirusShare_1b8d4d2825decac4fd191c821ceb8ae5,1b8d4d2825decac4fd191c821ceb8ae5,0,/mnt/datadisk/./datasets/0/VirusShare_1b8d4d2825decac4fd191c821ceb8ae5,,
VirusShare_d0ddc181ee12380994a417c465f7c6de,d0ddc181ee12380994a417c465f7c6de,1,/mnt/datadisk/./datasets/1/VirusShare_d0ddc181ee12380994a417c465f7c6de,,
VirusShare_814a85b2385659291636ca9b0cae386e,814a85b2385659291636ca9b0cae386e,0,/mnt/datadisk/./datasets/0/VirusShare_814a85b2385659291636ca9b0cae386e,,
VirusShare_e02b25ebb67c6fdd2b9777598c8e77c5,e02b25ebb67c6fdd2b9777598c8e77c5,0,/mnt/datadisk/./datasets/0/VirusShare_e02b25ebb67c6fdd2b9777598c8e77c5,,
VirusShare_b51d60e6a300015e1ca157b5dd9a1af7,b51d60e6a300015e1ca157b5dd9a1af7,1,/mnt/datadisk/./datasets/1/VirusShare_b51d60e6a300015e1ca157b5dd9a1af7,,
VirusShare_2f155183bbc4a2e0cb5b0af94e1a89e9,2f155183bbc4a2e0cb5b0af94e1a89e9,1,/mnt/datadisk/./datasets/1/VirusShare_2f155183bbc4a2e0cb5b0af94e1a89e9,,
VirusShare_9ef03ac222babe158b0515cec0046a9b,9ef03ac222babe158b0515cec0046a9b,0,/mnt/datadisk/./datasets/0/VirusShare_9ef03ac222babe158b0515cec0046a9b,,
VirusShare_3a80b571f83de84c72101c40d77bde0c,3a80b571f83de84c72101c40d77bde0c,1,/mnt/datadisk/./datasets/1/VirusShare_3a80b571f83de84c72101c40d77bde0c,,
VirusShare_7e7a14fdd7461d0c1e97556d17e09817,7e7a14fdd7461d0c1e97556d17e09817,1,/mnt/datadisk/./datasets/1/VirusShare_7e7a14fdd7461d0c1e97556d17e09817,,
VirusShare_b2c3450da9611d27f1b06869437b2c57,b2c3450da9611d27f1b06869437b2c57,0,/mnt/datadisk/./datasets/0/VirusShare_b2c3450da9611d27f1b06869437b2c57,,
VirusShare_1d1af3a4290ad80e5f05ebab49974517,1d1af3a4290ad80e5f05ebab49974517,0,/mnt/datadisk/./datasets/0/VirusShare_1d1af3a4290ad80e5f05ebab49974517,,
VirusShare_8a5829666628d47fb2dd4525364ad4d5,8a5829666628d47fb2dd4525364ad4d5,0,/mnt/datadisk/./datasets/0/VirusShare_8a5829666628d47fb2dd4525364ad4d5,,
VirusShare_e46642d350f1caed049b4092b086f3bf,e46642d350f1caed049b4092b086f3bf,0,/mnt/datadisk/./datasets/0/VirusShare_e46642d350f1caed049b4092b086f3bf,,
VirusShare_c4c2351d0cfef423c2e4a8e641a3f660,c4c2351d0cfef423c2e4a8e641a3f660,0,/mnt/datadisk/./datasets/0/VirusShare_c4c2351d0cfef423c2e4a8e641a3f660,,
VirusShare_94ae48a569b4d512f5e43242405adebd,94ae48a569b4d512f5e43242405adebd,1,/mnt/datadisk/./datasets/1/VirusShare_94ae48a569b4d512f5e43242405adebd,,
VirusShare_0dbb9386e714d61d09d35e9d801f9931,0dbb9386e714d61d09d35e9d801f9931,1,/mnt/datadisk/./datasets/1/VirusShare_0dbb9386e714d61d09d35e9d801f9931,,
VirusShare_4fcf52dc6c13ce27bf3f635702d73d3f,4fcf52dc6c13ce27bf3f635702d73d3f,0,/mnt/datadisk/./datasets/0/VirusShare_4fcf52dc6c13ce27bf3f635702d73d3f,,
VirusShare_f2cb3915a1df9a9ad5376fe30ed201be,f2cb3915a1df9a9ad5376fe30ed201be,1,/mnt/datadisk/./datasets/1/VirusShare_f2cb3915a1df9a9ad5376fe30ed201be,,
VirusShare_24b4951577ab8dd01a731ff30d1b6630,24b4951577ab8dd01a731ff30d1b6630,1,/mnt/datadisk/./datasets/1/VirusShare_24b4951577ab8dd01a731ff30d1b6630,,
VirusShare_7674a7c461e4a0c427e4307581995ba4,7674a7c461e4a0c427e4307581995ba4,0,/mnt/datadisk/./datasets/0/VirusShare_7674a7c461e4a0c427e4307581995ba4,,
VirusShare_72574ebc8ac037a668c637ccfc74e538,72574ebc8ac037a668c637ccfc74e538,0,/mnt/datadisk/./datasets/0/VirusShare_72574ebc8ac037a668c637ccfc74e538,,
VirusShare_d1306b0aff6c6d2a92d951848e1f81ea,d1306b0aff6c6d2a92d951848e1f81ea,1,/mnt/datadisk/./datasets/1/VirusShare_d1306b0aff6c6d2a92d951848e1f81ea,,
VirusShare_8b6c734f7aa83d7cfd4577f80502a573,8b6c734f7aa83d7cfd4577f80502a573,1,/mnt/datadisk/./datasets/1/VirusShare_8b6c734f7aa83d7cfd4577f80502a573,,
VirusShare_77e99dc582739504d70d8fe7e6bd53b4,77e99dc582739504d70d8fe7e6bd53b4,0,/mnt/datadisk/./datasets/0/VirusShare_77e99dc582739504d70d8fe7e6bd53b4,,
VirusShare_fe6a888e957421673d2eab2871b1cdad,fe6a888e957421673d2eab2871b1cdad,1,/mnt/datadisk/./datasets/1/VirusShare_fe6a888e957421673d2eab2871b1cdad,,
VirusShare_8d91615a8385ecd22d9d70df40565488,8d91615a8385ecd22d9d70df40565488,0,/mnt/datadisk/./datasets/0/VirusShare_8d91615a8385ecd22d9d70df40565488,,
VirusShare_2f5803c42e84e2d25376992736d207dd,2f5803c42e84e2d25376992736d207dd,0,/mnt/datadisk/./datasets/0/VirusShare_2f5803c42e84e2d25376992736d207dd,,
VirusShare_e6a7c64db192067a8633b2ec1a7c9eea,e6a7c64db192067a8633b2ec1a7c9eea,1,/mnt/datadisk/./datasets/1/VirusShare_e6a7c64db192067a8633b2ec1a7c9eea,,
VirusShare_1cb943c1e24ce418909452d056a095c0,1cb943c1e24ce418909452d056a095c0,0,/mnt/datadisk/./datasets/0/VirusShare_1cb943c1e24ce418909452d056a095c0,,
VirusShare_58f787af8853855b8606c54265148064,58f787af8853855b8606c54265148064,0,/mnt/datadisk/./datasets/0/VirusShare_58f787af8853855b8606c54265148064,,
VirusShare_4235680f091bbca80266f80bffb290c4,4235680f091bbca80266f80bffb290c4,1,/mnt/datadisk/./datasets/1/VirusShare_4235680f091bbca80266f80bffb290c4,,
VirusShare_3a283b122cb85d437d8610796ad5898d,3a283b122cb85d437d8610796ad5898d,0,/mnt/datadisk/./datasets/0/VirusShare_3a283b122cb85d437d8610796ad5898d,,
VirusShare_b138df9f1cf7934ab14e6b21977f22a7,b138df9f1cf7934ab14e6b21977f22a7,0,/mnt/datadisk/./datasets/0/VirusShare_b138df9f1cf7934ab14e6b21977f22a7,,
VirusShare_666b4bfa53e2ad5f1327537931bef0e9,666b4bfa53e2ad5f1327537931bef0e9,0,/mnt/datadisk/./datasets/0/VirusShare_666b4bfa53e2ad5f1327537931bef0e9,,
VirusShare_73e21f62e9a51e1e8d7029643e5d44c1,73e21f62e9a51e1e8d7029643e5d44c1,0,/mnt/datadisk/./datasets/0/VirusShare_73e21f62e9a51e1e8d7029643e5d44c1,,
VirusShare_3d6c16b3f546a9ade1b0f15977ac1dca,3d6c16b3f546a9ade1b0f15977ac1dca,0,/mnt/datadisk/./datasets/0/VirusShare_3d6c16b3f546a9ade1b0f15977ac1dca,,
VirusShare_7292550d76b65f0c5bb7d75521765654,7292550d76b65f0c5bb7d75521765654,0,/mnt/datadisk/./datasets/0/VirusShare_7292550d76b65f0c5bb7d75521765654,,
VirusShare_03faf06a2ab93e3b875bae231135bb14,03faf06a2ab93e3b875bae231135bb14,0,/mnt/datadisk/./datasets/0/VirusShare_03faf06a2ab93e3b875bae231135bb14,,
VirusShare_d31688f08f1364743ab586f16b9bbfad,d31688f08f1364743ab586f16b9bbfad,0,/mnt/datadisk/./datasets/0/VirusShare_d31688f08f1364743ab586f16b9bbfad,,
VirusShare_77392443e607bac39bc8eaae7812c65f,77392443e607bac39bc8eaae7812c65f,1,/mnt/datadisk/./datasets/1/VirusShare_77392443e607bac39bc8eaae7812c65f,,
VirusShare_a3ca1321fe27457354f2bf8e4a1c2338,a3ca1321fe27457354f2bf8e4a1c2338,0,/mnt/datadisk/./datasets/0/VirusShare_a3ca1321fe27457354f2bf8e4a1c2338,,
VirusShare_535497f262e2ee55e0caeed31c7fe922,535497f262e2ee55e0caeed31c7fe922,0,/mnt/datadisk/./datasets/0/VirusShare_535497f262e2ee55e0caeed31c7fe922,,
VirusShare_12d8a2de8ca533c9f0cc1f8dec358592,12d8a2de8ca533c9f0cc1f8dec358592,0,/mnt/datadisk/./datasets/0/VirusShare_12d8a2de8ca533c9f0cc1f8dec358592,,
VirusShare_8e9e45dcb6b8e97efdb76a9d969c3636,8e9e45dcb6b8e97efdb76a9d969c3636,0,/mnt/datadisk/./datasets/0/VirusShare_8e9e45dcb6b8e97efdb76a9d969c3636,,
VirusShare_baca98d7e3ed01650d8039596ebc15a8,baca98d7e3ed01650d8039596ebc15a8,0,/mnt/datadisk/./datasets/0/VirusShare_baca98d7e3ed01650d8039596ebc15a8,,
VirusShare_6d9d00b656388890f8688a01b12d915c,6d9d00b656388890f8688a01b12d915c,1,/mnt/datadisk/./datasets/1/VirusShare_6d9d00b656388890f8688a01b12d915c,,
VirusShare_48568a78c7945be4078fc1c393ca0bf6,48568a78c7945be4078fc1c393ca0bf6,0,/mnt/datadisk/./datasets/0/VirusShare_48568a78c7945be4078fc1c393ca0bf6,,
VirusShare_c19b01f5b0d34e6bdecadb95ceaf04dd,c19b01f5b0d34e6bdecadb95ceaf04dd,0,/mnt/datadisk/./datasets/0/VirusShare_c19b01f5b0d34e6bdecadb95ceaf04dd,,
VirusShare_193876b81a734e72dcfce2294c33cc65,193876b81a734e72dcfce2294c33cc65,0,/mnt/datadisk/./datasets/0/VirusShare_193876b81a734e72dcfce2294c33cc65,,
VirusShare_66dafe32ea75568635851d428149f4b8,66dafe32ea75568635851d428149f4b8,0,/mnt/datadisk/./datasets/0/VirusShare_66dafe32ea75568635851d428149f4b8,,
VirusShare_5407d9ada9db233715123c3bd31122bb,5407d9ada9db233715123c3bd31122bb,0,/mnt/datadisk/./datasets/0/VirusShare_5407d9ada9db233715123c3bd31122bb,,
VirusShare_c801461a98cbce938de83c79c1341fcd,c801461a98cbce938de83c79c1341fcd,1,/mnt/datadisk/./datasets/1/VirusShare_c801461a98cbce938de83c79c1341fcd,,
VirusShare_0b5758f8129a510773552202a0fe7e1e,0b5758f8129a510773552202a0fe7e1e,0,/mnt/datadisk/./datasets/0/VirusShare_0b5758f8129a510773552202a0fe7e1e,,
VirusShare_d5f714acefb6b2382c97a4d4d914fe41,d5f714acefb6b2382c97a4d4d914fe41,1,/mnt/datadisk/./datasets/1/VirusShare_d5f714acefb6b2382c97a4d4d914fe41,,
VirusShare_ace93056a44f8903f2f7e1f3e3784aaf,ace93056a44f8903f2f7e1f3e3784aaf,1,/mnt/datadisk/./datasets/1/VirusShare_ace93056a44f8903f2f7e1f3e3784aaf,,
VirusShare_cb1456d912ec4c5b31d5f25d73496ceb,cb1456d912ec4c5b31d5f25d73496ceb,0,/mnt/datadisk/./datasets/0/VirusShare_cb1456d912ec4c5b31d5f25d73496ceb,,
VirusShare_38390f5375d63b75040c1b4c2614e6b5,38390f5375d63b75040c1b4c2614e6b5,1,/mnt/datadisk/./datasets/1/VirusShare_38390f5375d63b75040c1b4c2614e6b5,,
VirusShare_98afb7a6aea50be44bf67b0d73a3a782,98afb7a6aea50be44bf67b0d73a3a782,0,/mnt/datadisk/./datasets/0/VirusShare_98afb7a6aea50be44bf67b0d73a3a782,,
VirusShare_881f15288e92087a52c7b86f5b3c5289,881f15288e92087a52c7b86f5b3c5289,0,/mnt/datadisk/./datasets/0/VirusShare_881f15288e92087a52c7b86f5b3c5289,,
VirusShare_55425c51a867aa1a65c13e1c8e575789,55425c51a867aa1a65c13e1c8e575789,1,/mnt/datadisk/./datasets/1/VirusShare_55425c51a867aa1a65c13e1c8e575789,,
VirusShare_aa3c5ebcb2a49c1d17e0d57b1e515d95,aa3c5ebcb2a49c1d17e0d57b1e515d95,1,/mnt/datadisk/./datasets/1/VirusShare_aa3c5ebcb2a49c1d17e0d57b1e515d95,,
VirusShare_acd830a00b916ce8065dc2e8ea156305,acd830a00b916ce8065dc2e8ea156305,1,/mnt/datadisk/./datasets/1/VirusShare_acd830a00b916ce8065dc2e8ea156305,,
VirusShare_78c6c248044ecbc905497c6abb0dfd9a,78c6c248044ecbc905497c6abb0dfd9a,0,/mnt/datadisk/./datasets/0/VirusShare_78c6c248044ecbc905497c6abb0dfd9a,,
VirusShare_72217c06396eecefeecba2ba10395234,72217c06396eecefeecba2ba10395234,1,/mnt/datadisk/./datasets/1/VirusShare_72217c06396eecefeecba2ba10395234,,
VirusShare_f473a37083c0b2bb58b59f914938d297,f473a37083c0b2bb58b59f914938d297,1,/mnt/datadisk/./datasets/1/VirusShare_f473a37083c0b2bb58b59f914938d297,,
VirusShare_cb64536099a2f109429b82951953d97b,cb64536099a2f109429b82951953d97b,0,/mnt/datadisk/./datasets/0/VirusShare_cb64536099a2f109429b82951953d97b,,
VirusShare_729669d455ab048822e43b597024a564,729669d455ab048822e43b597024a564,1,/mnt/datadisk/./datasets/1/VirusShare_729669d455ab048822e43b597024a564,,
VirusShare_4fbd5010eba27db4c4e86790c9a8c8c3,4fbd5010eba27db4c4e86790c9a8c8c3,0,/mnt/datadisk/./datasets/0/VirusShare_4fbd5010eba27db4c4e86790c9a8c8c3,,
VirusShare_6bdd1c9757f568604a5137997c079079,6bdd1c9757f568604a5137997c079079,0,/mnt/datadisk/./datasets/0/VirusShare_6bdd1c9757f568604a5137997c079079,,
VirusShare_31a2cf3bc6394ec65afa69c16b34027d,31a2cf3bc6394ec65afa69c16b34027d,0,/mnt/datadisk/./datasets/0/VirusShare_31a2cf3bc6394ec65afa69c16b34027d,,
VirusShare_cedb861c0ff53dc80e1d4bf4e315dadb,cedb861c0ff53dc80e1d4bf4e315dadb,0,/mnt/datadisk/./datasets/0/VirusShare_cedb861c0ff53dc80e1d4bf4e315dadb,,
VirusShare_1c51d05a0374c9c5ed92768bb604c781,1c51d05a0374c9c5ed92768bb604c781,1,/mnt/datadisk/./datasets/1/VirusShare_1c51d05a0374c9c5ed92768bb604c781,,
VirusShare_37e865b0c29edea08b1410c7ad242a34,37e865b0c29edea08b1410c7ad242a34,1,/mnt/datadisk/./datasets/1/VirusShare_37e865b0c29edea08b1410c7ad242a34,,
VirusShare_70d17309f348a75ce8b2bfcbf9e2b741,70d17309f348a75ce8b2bfcbf9e2b741,0,/mnt/datadisk/./datasets/0/VirusShare_70d17309f348a75ce8b2bfcbf9e2b741,,
VirusShare_02ad54174989ec3a0bff99e0607330a0,02ad54174989ec3a0bff99e0607330a0,0,/mnt/datadisk/./datasets/0/VirusShare_02ad54174989ec3a0bff99e0607330a0,,
VirusShare_544efcad1b9a258aaf6e9255de0fcded,544efcad1b9a258aaf6e9255de0fcded,0,/mnt/datadisk/./datasets/0/VirusShare_544efcad1b9a258aaf6e9255de0fcded,,
VirusShare_885c6e789036a83b8925beb3bde83cb4,885c6e789036a83b8925beb3bde83cb4,0,/mnt/datadisk/./datasets/0/VirusShare_885c6e789036a83b8925beb3bde83cb4,,
VirusShare_809a11160f735046ddc9540a3c9bed54,809a11160f735046ddc9540a3c9bed54,0,/mnt/datadisk/./datasets/0/VirusShare_809a11160f735046ddc9540a3c9bed54,,
VirusShare_e6d9d84c681d0cf322c6065cf925d3f0,e6d9d84c681d0cf322c6065cf925d3f0,0,/mnt/datadisk/./datasets/0/VirusShare_e6d9d84c681d0cf322c6065cf925d3f0,,
VirusShare_df1ca6f9cb17177844cedc6e3730efaf,df1ca6f9cb17177844cedc6e3730efaf,0,/mnt/datadisk/./datasets/0/VirusShare_df1ca6f9cb17177844cedc6e3730efaf,,
VirusShare_1381e6d8d0b98bfeef93375a8d68c49c,1381e6d8d0b98bfeef93375a8d68c49c,1,/mnt/datadisk/./datasets/1/VirusShare_1381e6d8d0b98bfeef93375a8d68c49c,,
VirusShare_8b68d7716251775eb1525fca72e10fc5,8b68d7716251775eb1525fca72e10fc5,0,/mnt/datadisk/./datasets/0/VirusShare_8b68d7716251775eb1525fca72e10fc5,,
VirusShare_56881572c6c65155fa048c8932bec2a0,56881572c6c65155fa048c8932bec2a0,0,/mnt/datadisk/./datasets/0/VirusShare_56881572c6c65155fa048c8932bec2a0,,
VirusShare_ecaa5170a645800ffabd709ca37bf9fc,ecaa5170a645800ffabd709ca37bf9fc,0,/mnt/datadisk/./datasets/0/VirusShare_ecaa5170a645800ffabd709ca37bf9fc,,
VirusShare_cd6ff9881eb0a5cbeb85b1e7649b8c25,cd6ff9881eb0a5cbeb85b1e7649b8c25,0,/mnt/datadisk/./datasets/0/VirusShare_cd6ff9881eb0a5cbeb85b1e7649b8c25,,
VirusShare_433fdfa6cf0c539c304185819b09687c,433fdfa6cf0c539c304185819b09687c,0,/mnt/datadisk/./datasets/0/VirusShare_433fdfa6cf0c539c304185819b09687c,,
VirusShare_4dcdc4e1e439d26ba64e71370fea1e1f,4dcdc4e1e439d26ba64e71370fea1e1f,0,/mnt/datadisk/./datasets/0/VirusShare_4dcdc4e1e439d26ba64e71370fea1e1f,,
VirusShare_d1f05ca22b0dc6956da314c208ce3fd0,d1f05ca22b0dc6956da314c208ce3fd0,0,/mnt/datadisk/./datasets/0/VirusShare_d1f05ca22b0dc6956da314c208ce3fd0,,
VirusShare_4f9def6231bc4287353b3c12eb9eb7f5,4f9def6231bc4287353b3c12eb9eb7f5,1,/mnt/datadisk/./datasets/1/VirusShare_4f9def6231bc4287353b3c12eb9eb7f5,,
VirusShare_bd9729928a052c6b015cb92345868a11,bd9729928a052c6b015cb92345868a11,0,/mnt/datadisk/./datasets/0/VirusShare_bd9729928a052c6b015cb92345868a11,,
VirusShare_ef478f82d9602b921c9b58a3af6d7263,ef478f82d9602b921c9b58a3af6d7263,1,/mnt/datadisk/./datasets/1/VirusShare_ef478f82d9602b921c9b58a3af6d7263,,
VirusShare_1311d09a2422b151152edb78b75409c8,1311d09a2422b151152edb78b75409c8,0,/mnt/datadisk/./datasets/0/VirusShare_1311d09a2422b151152edb78b75409c8,,
VirusShare_19a57e91cdcfec4f92024553e885e11f,19a57e91cdcfec4f92024553e885e11f,0,/mnt/datadisk/./datasets/0/VirusShare_19a57e91cdcfec4f92024553e885e11f,,
VirusShare_58465f6e55efc2672205da32306af254,58465f6e55efc2672205da32306af254,1,/mnt/datadisk/./datasets/1/VirusShare_58465f6e55efc2672205da32306af254,,
VirusShare_b102b91df3c9610bc3cdbede00e191b1,b102b91df3c9610bc3cdbede00e191b1,0,/mnt/datadisk/./datasets/0/VirusShare_b102b91df3c9610bc3cdbede00e191b1,,
VirusShare_88dbb95733798fc6e453502c4e448fad,88dbb95733798fc6e453502c4e448fad,0,/mnt/datadisk/./datasets/0/VirusShare_88dbb95733798fc6e453502c4e448fad,,
VirusShare_540dd9b100ca3e539440605c1d6eb654,540dd9b100ca3e539440605c1d6eb654,0,/mnt/datadisk/./datasets/0/VirusShare_540dd9b100ca3e539440605c1d6eb654,,
VirusShare_db8a4d12d85df08a1908e2673d616b9d,db8a4d12d85df08a1908e2673d616b9d,0,/mnt/datadisk/./datasets/0/VirusShare_db8a4d12d85df08a1908e2673d616b9d,,
VirusShare_982a6507c7d4a78fb8018cf56727bacc,982a6507c7d4a78fb8018cf56727bacc,0,/mnt/datadisk/./datasets/0/VirusShare_982a6507c7d4a78fb8018cf56727bacc,,
VirusShare_dbb186a6515a51c37ba05e00553816c1,dbb186a6515a51c37ba05e00553816c1,0,/mnt/datadisk/./datasets/0/VirusShare_dbb186a6515a51c37ba05e00553816c1,,
VirusShare_505b07040a7c00672d73e71102906589,505b07040a7c00672d73e71102906589,0,/mnt/datadisk/./datasets/0/VirusShare_505b07040a7c00672d73e71102906589,,
VirusShare_85a64ea12e773048d5e1ab89319a9a00,85a64ea12e773048d5e1ab89319a9a00,0,/mnt/datadisk/./datasets/0/VirusShare_85a64ea12e773048d5e1ab89319a9a00,,
VirusShare_89e4dc7ffab417bd46124b939f7938b6,89e4dc7ffab417bd46124b939f7938b6,0,/mnt/datadisk/./datasets/0/VirusShare_89e4dc7ffab417bd46124b939f7938b6,,
VirusShare_bd723187aae323c39cf5024aa93ae4aa,bd723187aae323c39cf5024aa93ae4aa,0,/mnt/datadisk/./datasets/0/VirusShare_bd723187aae323c39cf5024aa93ae4aa,,
VirusShare_4c049f7657650a74f886971ea4356f01,4c049f7657650a74f886971ea4356f01,1,/mnt/datadisk/./datasets/1/VirusShare_4c049f7657650a74f886971ea4356f01,,
VirusShare_377012a0baec4f020d76fd8af7e4c6c7,377012a0baec4f020d76fd8af7e4c6c7,1,/mnt/datadisk/./datasets/1/VirusShare_377012a0baec4f020d76fd8af7e4c6c7,,
VirusShare_ef509ad1a24ff6a1cdc96a2b6624c24b,ef509ad1a24ff6a1cdc96a2b6624c24b,0,/mnt/datadisk/./datasets/0/VirusShare_ef509ad1a24ff6a1cdc96a2b6624c24b,,
VirusShare_09d62b28d2630f7bc25a50d695707790,09d62b28d2630f7bc25a50d695707790,1,/mnt/datadisk/./datasets/1/VirusShare_09d62b28d2630f7bc25a50d695707790,,
VirusShare_4bd29d5e096bfbf5895b246c1a3ec166,4bd29d5e096bfbf5895b246c1a3ec166,0,/mnt/datadisk/./datasets/0/VirusShare_4bd29d5e096bfbf5895b246c1a3ec166,,
VirusShare_67e9e01b393d7800ee445d0ea4d22d83,67e9e01b393d7800ee445d0ea4d22d83,1,/mnt/datadisk/./datasets/1/VirusShare_67e9e01b393d7800ee445d0ea4d22d83,,
VirusShare_e31943db834022cc71014360cd6eb490,e31943db834022cc71014360cd6eb490,1,/mnt/datadisk/./datasets/1/VirusShare_e31943db834022cc71014360cd6eb490,,
VirusShare_27d3571e44d2cdf98351dee8c9cbdf1a,27d3571e44d2cdf98351dee8c9cbdf1a,0,/mnt/datadisk/./datasets/0/VirusShare_27d3571e44d2cdf98351dee8c9cbdf1a,,
VirusShare_cfdb9418c8a29e60cb84ff8851eb85c2,cfdb9418c8a29e60cb84ff8851eb85c2,0,/mnt/datadisk/./datasets/0/VirusShare_cfdb9418c8a29e60cb84ff8851eb85c2,,
VirusShare_07ae5e014192505bd08a5a9c2b3881c3,07ae5e014192505bd08a5a9c2b3881c3,0,/mnt/datadisk/./datasets/0/VirusShare_07ae5e014192505bd08a5a9c2b3881c3,,
VirusShare_1eac24b5f1fd5b5d2ecd6409f92f9167,1eac24b5f1fd5b5d2ecd6409f92f9167,0,/mnt/datadisk/./datasets/0/VirusShare_1eac24b5f1fd5b5d2ecd6409f92f9167,,
VirusShare_51e99711803530c414385e33e561ae3f,51e99711803530c414385e33e561ae3f,0,/mnt/datadisk/./datasets/0/VirusShare_51e99711803530c414385e33e561ae3f,,
VirusShare_e0f6c545e44e6d11e072beda1247d5e2,e0f6c545e44e6d11e072beda1247d5e2,0,/mnt/datadisk/./datasets/0/VirusShare_e0f6c545e44e6d11e072beda1247d5e2,,
VirusShare_0c5a14574c87776a012e01ba2db01f9d,0c5a14574c87776a012e01ba2db01f9d,1,/mnt/datadisk/./datasets/1/VirusShare_0c5a14574c87776a012e01ba2db01f9d,,
VirusShare_167d1626a6b9ced21da310117e69f1e1,167d1626a6b9ced21da310117e69f1e1,0,/mnt/datadisk/./datasets/0/VirusShare_167d1626a6b9ced21da310117e69f1e1,,
VirusShare_28a3d22b07272fc56875328cb24c1001,28a3d22b07272fc56875328cb24c1001,0,/mnt/datadisk/./datasets/0/VirusShare_28a3d22b07272fc56875328cb24c1001,,
VirusShare_a940a9edcd56a63d01cd6c248a138f42,a940a9edcd56a63d01cd6c248a138f42,1,/mnt/datadisk/./datasets/1/VirusShare_a940a9edcd56a63d01cd6c248a138f42,,
VirusShare_e5aed8b45531314f3911409c938f8ea2,e5aed8b45531314f3911409c938f8ea2,0,/mnt/datadisk/./datasets/0/VirusShare_e5aed8b45531314f3911409c938f8ea2,,
VirusShare_035d1e23acc8dacf0ee87294be3331ea,035d1e23acc8dacf0ee87294be3331ea,0,/mnt/datadisk/./datasets/0/VirusShare_035d1e23acc8dacf0ee87294be3331ea,,
VirusShare_91cf41689b7f8d4b5191c35631a23ed5,91cf41689b7f8d4b5191c35631a23ed5,0,/mnt/datadisk/./datasets/0/VirusShare_91cf41689b7f8d4b5191c35631a23ed5,,
VirusShare_06c83a6c5be0092dcba0b1132d0be9b9,06c83a6c5be0092dcba0b1132d0be9b9,0,/mnt/datadisk/./datasets/0/VirusShare_06c83a6c5be0092dcba0b1132d0be9b9,,
VirusShare_f1b61791e12a496d2ecbf603c9821ea4,f1b61791e12a496d2ecbf603c9821ea4,0,/mnt/datadisk/./datasets/0/VirusShare_f1b61791e12a496d2ecbf603c9821ea4,,
VirusShare_52d66ec8dfeea55056901cf3d7b8bd6a,52d66ec8dfeea55056901cf3d7b8bd6a,0,/mnt/datadisk/./datasets/0/VirusShare_52d66ec8dfeea55056901cf3d7b8bd6a,,
VirusShare_b538769e083d871a9fe5b4a160349db0,b538769e083d871a9fe5b4a160349db0,0,/mnt/datadisk/./datasets/0/VirusShare_b538769e083d871a9fe5b4a160349db0,,
VirusShare_7ff6aa82477fcff238a3c67c622f4aa6,7ff6aa82477fcff238a3c67c622f4aa6,1,/mnt/datadisk/./datasets/1/VirusShare_7ff6aa82477fcff238a3c67c622f4aa6,,
VirusShare_43fa732f4676a1dbcc54bd23d69d01f4,43fa732f4676a1dbcc54bd23d69d01f4,0,/mnt/datadisk/./datasets/0/VirusShare_43fa732f4676a1dbcc54bd23d69d01f4,,
VirusShare_ac1ad8c73cd74c8496e85807f2c325dc,ac1ad8c73cd74c8496e85807f2c325dc,1,/mnt/datadisk/./datasets/1/VirusShare_ac1ad8c73cd74c8496e85807f2c325dc,,
VirusShare_70a5804318875c2c42ae53b2f3bea42c,70a5804318875c2c42ae53b2f3bea42c,0,/mnt/datadisk/./datasets/0/VirusShare_70a5804318875c2c42ae53b2f3bea42c,,
VirusShare_d5846e2f4958b11b48006db8c6eb84f4,d5846e2f4958b11b48006db8c6eb84f4,0,/mnt/datadisk/./datasets/0/VirusShare_d5846e2f4958b11b48006db8c6eb84f4,,
VirusShare_b09609bd717ee7a4ef623f6af592eba2,b09609bd717ee7a4ef623f6af592eba2,0,/mnt/datadisk/./datasets/0/VirusShare_b09609bd717ee7a4ef623f6af592eba2,,
VirusShare_6e9229375b04c4e09e48cd9aa5014fb8,6e9229375b04c4e09e48cd9aa5014fb8,1,/mnt/datadisk/./datasets/1/VirusShare_6e9229375b04c4e09e48cd9aa5014fb8,,
VirusShare_1f8640ccf9edf3a4625b0e6025de6dbf,1f8640ccf9edf3a4625b0e6025de6dbf,0,/mnt/datadisk/./datasets/0/VirusShare_1f8640ccf9edf3a4625b0e6025de6dbf,,
VirusShare_086e08122b9493d858ca1d7669fac4ff,086e08122b9493d858ca1d7669fac4ff,0,/mnt/datadisk/./datasets/0/VirusShare_086e08122b9493d858ca1d7669fac4ff,,
VirusShare_255aac71617edb0cc31709ef30fbee0a,255aac71617edb0cc31709ef30fbee0a,1,/mnt/datadisk/./datasets/1/VirusShare_255aac71617edb0cc31709ef30fbee0a,,
VirusShare_9c143fbc0ed41a01e267363f2bb61481,9c143fbc0ed41a01e267363f2bb61481,0,/mnt/datadisk/./datasets/0/VirusShare_9c143fbc0ed41a01e267363f2bb61481,,
VirusShare_57df64dcbc5fc1004eb64daa978fba7b,57df64dcbc5fc1004eb64daa978fba7b,0,/mnt/datadisk/./datasets/0/VirusShare_57df64dcbc5fc1004eb64daa978fba7b,,
VirusShare_16142201dc8919ae26f6d310b34064f9,16142201dc8919ae26f6d310b34064f9,0,/mnt/datadisk/./datasets/0/VirusShare_16142201dc8919ae26f6d310b34064f9,,
VirusShare_e4592f77ec58efed4b63c739f0fa379d,e4592f77ec58efed4b63c739f0fa379d,0,/mnt/datadisk/./datasets/0/VirusShare_e4592f77ec58efed4b63c739f0fa379d,,
VirusShare_a1f895493a483d204378e9928665888d,a1f895493a483d204378e9928665888d,0,/mnt/datadisk/./datasets/0/VirusShare_a1f895493a483d204378e9928665888d,,
VirusShare_35646f78deb6f9bfe8119b82fd71d06b,35646f78deb6f9bfe8119b82fd71d06b,1,/mnt/datadisk/./datasets/1/VirusShare_35646f78deb6f9bfe8119b82fd71d06b,,
VirusShare_9156f9daff38baa72e46e83485cd15e0,9156f9daff38baa72e46e83485cd15e0,0,/mnt/datadisk/./datasets/0/VirusShare_9156f9daff38baa72e46e83485cd15e0,,
VirusShare_82325c92109a19266fc3195801558fef,82325c92109a19266fc3195801558fef,0,/mnt/datadisk/./datasets/0/VirusShare_82325c92109a19266fc3195801558fef,,
VirusShare_868e873f0cff3606df3c41c50682944f,868e873f0cff3606df3c41c50682944f,0,/mnt/datadisk/./datasets/0/VirusShare_868e873f0cff3606df3c41c50682944f,,
VirusShare_25902a166716fa6b5061b030d1ec0e63,25902a166716fa6b5061b030d1ec0e63,1,/mnt/datadisk/./datasets/1/VirusShare_25902a166716fa6b5061b030d1ec0e63,,
VirusShare_2d4a12d2a8cd8924252437b7a6d0bff6,2d4a12d2a8cd8924252437b7a6d0bff6,0,/mnt/datadisk/./datasets/0/VirusShare_2d4a12d2a8cd8924252437b7a6d0bff6,,
VirusShare_446e4386f6a0f8339bf8f4abb1141252,446e4386f6a0f8339bf8f4abb1141252,0,/mnt/datadisk/./datasets/0/VirusShare_446e4386f6a0f8339bf8f4abb1141252,,
VirusShare_28c303c785a1b11147106c384e0a506f,28c303c785a1b11147106c384e0a506f,0,/mnt/datadisk/./datasets/0/VirusShare_28c303c785a1b11147106c384e0a506f,,
VirusShare_f932084e3837fe55403bb34db5cdddd2,f932084e3837fe55403bb34db5cdddd2,1,/mnt/datadisk/./datasets/1/VirusShare_f932084e3837fe55403bb34db5cdddd2,,
VirusShare_392801cba07392e7b35ad69dc0fb75ae,392801cba07392e7b35ad69dc0fb75ae,1,/mnt/datadisk/./datasets/1/VirusShare_392801cba07392e7b35ad69dc0fb75ae,,
VirusShare_4895b2deeccf33220bd9e586a2442357,4895b2deeccf33220bd9e586a2442357,0,/mnt/datadisk/./datasets/0/VirusShare_4895b2deeccf33220bd9e586a2442357,,
VirusShare_3b81f564bf9b44026037e0c238742775,3b81f564bf9b44026037e0c238742775,0,/mnt/datadisk/./datasets/0/VirusShare_3b81f564bf9b44026037e0c238742775,,
VirusShare_16e0686871b6c1c9d886df5be3dd2b3d,16e0686871b6c1c9d886df5be3dd2b3d,1,/mnt/datadisk/./datasets/1/VirusShare_16e0686871b6c1c9d886df5be3dd2b3d,,
VirusShare_81d05991f57ed00cb5867fa4db1c547b,81d05991f57ed00cb5867fa4db1c547b,1,/mnt/datadisk/./datasets/1/VirusShare_81d05991f57ed00cb5867fa4db1c547b,,
VirusShare_636393e70903c77ecd52777f9a1397e6,636393e70903c77ecd52777f9a1397e6,0,/mnt/datadisk/./datasets/0/VirusShare_636393e70903c77ecd52777f9a1397e6,,
VirusShare_16bfce5394e82c3fb7e7e8273a5c04f3,16bfce5394e82c3fb7e7e8273a5c04f3,0,/mnt/datadisk/./datasets/0/VirusShare_16bfce5394e82c3fb7e7e8273a5c04f3,,
VirusShare_c2bf7c0d3233fe293568372715ac6fec,c2bf7c0d3233fe293568372715ac6fec,0,/mnt/datadisk/./datasets/0/VirusShare_c2bf7c0d3233fe293568372715ac6fec,,
VirusShare_ce2db5309780dc5596ec13b1d10d73a9,ce2db5309780dc5596ec13b1d10d73a9,0,/mnt/datadisk/./datasets/0/VirusShare_ce2db5309780dc5596ec13b1d10d73a9,,
VirusShare_d779b0f3bd1032f21b6f38407877308b,d779b0f3bd1032f21b6f38407877308b,0,/mnt/datadisk/./datasets/0/VirusShare_d779b0f3bd1032f21b6f38407877308b,,
VirusShare_d495eeb698206c3ec06ac6b862432a7a,d495eeb698206c3ec06ac6b862432a7a,1,/mnt/datadisk/./datasets/1/VirusShare_d495eeb698206c3ec06ac6b862432a7a,,
VirusShare_d7ede44a03f23c68b28a60743d314fef,d7ede44a03f23c68b28a60743d314fef,1,/mnt/datadisk/./datasets/1/VirusShare_d7ede44a03f23c68b28a60743d314fef,,
VirusShare_f949b570d6d06e1acd24707fdf775cb8,f949b570d6d06e1acd24707fdf775cb8,0,/mnt/datadisk/./datasets/0/VirusShare_f949b570d6d06e1acd24707fdf775cb8,,
VirusShare_826e465b72a02cd1169f1220b76e2130,826e465b72a02cd1169f1220b76e2130,1,/mnt/datadisk/./datasets/1/VirusShare_826e465b72a02cd1169f1220b76e2130,,
VirusShare_c17ab8bd2de7337f38720254696f5eaf,c17ab8bd2de7337f38720254696f5eaf,0,/mnt/datadisk/./datasets/0/VirusShare_c17ab8bd2de7337f38720254696f5eaf,,
VirusShare_f176d2ed4428219756d5b939e778c436,f176d2ed4428219756d5b939e778c436,1,/mnt/datadisk/./datasets/1/VirusShare_f176d2ed4428219756d5b939e778c436,,
VirusShare_bbc5d6b05171f0276db30b62370b76cb,bbc5d6b05171f0276db30b62370b76cb,0,/mnt/datadisk/./datasets/0/VirusShare_bbc5d6b05171f0276db30b62370b76cb,,
VirusShare_2b30e7d2386dca20e0f67bcb2c781ece,2b30e7d2386dca20e0f67bcb2c781ece,0,/mnt/datadisk/./datasets/0/VirusShare_2b30e7d2386dca20e0f67bcb2c781ece,,
VirusShare_dda7ef79dfa949dc6635a0c1aefa36ce,dda7ef79dfa949dc6635a0c1aefa36ce,0,/mnt/datadisk/./datasets/0/VirusShare_dda7ef79dfa949dc6635a0c1aefa36ce,,
VirusShare_6f0b0f5d284390a67ec0ece30e4fef1d,6f0b0f5d284390a67ec0ece30e4fef1d,0,/mnt/datadisk/./datasets/0/VirusShare_6f0b0f5d284390a67ec0ece30e4fef1d,,
VirusShare_07a35f248a01747dfd03070bd6eced76,07a35f248a01747dfd03070bd6eced76,0,/mnt/datadisk/./datasets/0/VirusShare_07a35f248a01747dfd03070bd6eced76,,
VirusShare_6ebd2203a7d7c92254f82645d1895ef1,6ebd2203a7d7c92254f82645d1895ef1,0,/mnt/datadisk/./datasets/0/VirusShare_6ebd2203a7d7c92254f82645d1895ef1,,
VirusShare_8773c3edcefa41ae99e16e483f4354d4,8773c3edcefa41ae99e16e483f4354d4,1,/mnt/datadisk/./datasets/1/VirusShare_8773c3edcefa41ae99e16e483f4354d4,,
VirusShare_4c864856ea37cc417191dc658fad004c,4c864856ea37cc417191dc658fad004c,0,/mnt/datadisk/./datasets/0/VirusShare_4c864856ea37cc417191dc658fad004c,,
VirusShare_36d0d721f9e7d37b131176c2a6b15124,36d0d721f9e7d37b131176c2a6b15124,0,/mnt/datadisk/./datasets/0/VirusShare_36d0d721f9e7d37b131176c2a6b15124,,
VirusShare_4c1f0a3537f9f00531e7d7b4e35d0486,4c1f0a3537f9f00531e7d7b4e35d0486,0,/mnt/datadisk/./datasets/0/VirusShare_4c1f0a3537f9f00531e7d7b4e35d0486,,
VirusShare_cbed2f32dc8ccaa1fe67c322e71430cc,cbed2f32dc8ccaa1fe67c322e71430cc,0,/mnt/datadisk/./datasets/0/VirusShare_cbed2f32dc8ccaa1fe67c322e71430cc,,
VirusShare_29bd82f25b3d7011c38a044be1314250,29bd82f25b3d7011c38a044be1314250,1,/mnt/datadisk/./datasets/1/VirusShare_29bd82f25b3d7011c38a044be1314250,,
VirusShare_af9ba7f574ab1aa5504dbe1b81944129,af9ba7f574ab1aa5504dbe1b81944129,0,/mnt/datadisk/./datasets/0/VirusShare_af9ba7f574ab1aa5504dbe1b81944129,,
VirusShare_f378071b5054c54290e4320888f34e05,f378071b5054c54290e4320888f34e05,0,/mnt/datadisk/./datasets/0/VirusShare_f378071b5054c54290e4320888f34e05,,
VirusShare_c9f11db824a9d81c8c17533a3eb8311a,c9f11db824a9d81c8c17533a3eb8311a,0,/mnt/datadisk/./datasets/0/VirusShare_c9f11db824a9d81c8c17533a3eb8311a,,
VirusShare_a494081f5ac0cef8a1b8c4e4512ffb13,a494081f5ac0cef8a1b8c4e4512ffb13,0,/mnt/datadisk/./datasets/0/VirusShare_a494081f5ac0cef8a1b8c4e4512ffb13,,
VirusShare_93f61e12e3a5d9c76b613daac35895f9,93f61e12e3a5d9c76b613daac35895f9,0,/mnt/datadisk/./datasets/0/VirusShare_93f61e12e3a5d9c76b613daac35895f9,,
VirusShare_f1fc37563d218bf1a598475c07044656,f1fc37563d218bf1a598475c07044656,0,/mnt/datadisk/./datasets/0/VirusShare_f1fc37563d218bf1a598475c07044656,,
VirusShare_9e5bfbc7c6c6a6f9ad84cd55e7ab6e68,9e5bfbc7c6c6a6f9ad84cd55e7ab6e68,0,/mnt/datadisk/./datasets/0/VirusShare_9e5bfbc7c6c6a6f9ad84cd55e7ab6e68,,
VirusShare_971fff61baf6c3864fc8364e1c345f46,971fff61baf6c3864fc8364e1c345f46,0,/mnt/datadisk/./datasets/0/VirusShare_971fff61baf6c3864fc8364e1c345f46,,
VirusShare_9ddc47af88bb5192c589e9d5bd1e67cc,9ddc47af88bb5192c589e9d5bd1e67cc,0,/mnt/datadisk/./datasets/0/VirusShare_9ddc47af88bb5192c589e9d5bd1e67cc,,
VirusShare_bcb2b709c3cdf2083681172396cb69d6,bcb2b709c3cdf2083681172396cb69d6,0,/mnt/datadisk/./datasets/0/VirusShare_bcb2b709c3cdf2083681172396cb69d6,,
VirusShare_27f9c201181d9aafa6c903e2f3a8bdea,27f9c201181d9aafa6c903e2f3a8bdea,0,/mnt/datadisk/./datasets/0/VirusShare_27f9c201181d9aafa6c903e2f3a8bdea,,
VirusShare_e93fb6377cdc7e039a1c044a01f78dbe,e93fb6377cdc7e039a1c044a01f78dbe,0,/mnt/datadisk/./datasets/0/VirusShare_e93fb6377cdc7e039a1c044a01f78dbe,,
VirusShare_99c9e54cca0a2f4f6194fcb26c967eb9,99c9e54cca0a2f4f6194fcb26c967eb9,0,/mnt/datadisk/./datasets/0/VirusShare_99c9e54cca0a2f4f6194fcb26c967eb9,,
VirusShare_32e322aa005203f61f7bff970eea545b,32e322aa005203f61f7bff970eea545b,1,/mnt/datadisk/./datasets/1/VirusShare_32e322aa005203f61f7bff970eea545b,,
VirusShare_629b8265af400f6128d5e20e1f1122d8,629b8265af400f6128d5e20e1f1122d8,0,/mnt/datadisk/./datasets/0/VirusShare_629b8265af400f6128d5e20e1f1122d8,,
VirusShare_cda840e1f2a80620e98aaddfc4a5b116,cda840e1f2a80620e98aaddfc4a5b116,0,/mnt/datadisk/./datasets/0/VirusShare_cda840e1f2a80620e98aaddfc4a5b116,,
VirusShare_77369b7d1343903065c2e4269282aa27,77369b7d1343903065c2e4269282aa27,1,/mnt/datadisk/./datasets/1/VirusShare_77369b7d1343903065c2e4269282aa27,,
VirusShare_1483b82426a1600b46440197bfa29750,1483b82426a1600b46440197bfa29750,0,/mnt/datadisk/./datasets/0/VirusShare_1483b82426a1600b46440197bfa29750,,
VirusShare_26b47e34afb23f858a1d6e632c73c833,26b47e34afb23f858a1d6e632c73c833,0,/mnt/datadisk/./datasets/0/VirusShare_26b47e34afb23f858a1d6e632c73c833,,
VirusShare_6495340a8320ae31db0b2f0fcf02c99e,6495340a8320ae31db0b2f0fcf02c99e,0,/mnt/datadisk/./datasets/0/VirusShare_6495340a8320ae31db0b2f0fcf02c99e,,
VirusShare_b2fdded0598dd1c4cc31d72fa96e546c,b2fdded0598dd1c4cc31d72fa96e546c,1,/mnt/datadisk/./datasets/1/VirusShare_b2fdded0598dd1c4cc31d72fa96e546c,,
VirusShare_d4a3f325c1dd5bd519dda3c9f06ac022,d4a3f325c1dd5bd519dda3c9f06ac022,1,/mnt/datadisk/./datasets/1/VirusShare_d4a3f325c1dd5bd519dda3c9f06ac022,,
VirusShare_ce521defad37b972fa56c20a9bf6b363,ce521defad37b972fa56c20a9bf6b363,1,/mnt/datadisk/./datasets/1/VirusShare_ce521defad37b972fa56c20a9bf6b363,,
VirusShare_a87c67fa69369748b7b14375994f9fb9,a87c67fa69369748b7b14375994f9fb9,1,/mnt/datadisk/./datasets/1/VirusShare_a87c67fa69369748b7b14375994f9fb9,,
VirusShare_80d092a9d1da7b9312a36664b53af9b9,80d092a9d1da7b9312a36664b53af9b9,0,/mnt/datadisk/./datasets/0/VirusShare_80d092a9d1da7b9312a36664b53af9b9,,
VirusShare_63110829dd5c037d4c40e48e6a095e14,63110829dd5c037d4c40e48e6a095e14,1,/mnt/datadisk/./datasets/1/VirusShare_63110829dd5c037d4c40e48e6a095e14,,
VirusShare_4a44349803198be3ef463d6b189540ff,4a44349803198be3ef463d6b189540ff,0,/mnt/datadisk/./datasets/0/VirusShare_4a44349803198be3ef463d6b189540ff,,
VirusShare_3ec7d07bde75cfcea0926a047c6081d6,3ec7d07bde75cfcea0926a047c6081d6,0,/mnt/datadisk/./datasets/0/VirusShare_3ec7d07bde75cfcea0926a047c6081d6,,
VirusShare_fa1f75ccd5c207a3427ae9a42e9efd8e,fa1f75ccd5c207a3427ae9a42e9efd8e,0,/mnt/datadisk/./datasets/0/VirusShare_fa1f75ccd5c207a3427ae9a42e9efd8e,,
VirusShare_ba9a0fb7a681c270bf4caf73369bbe1d,ba9a0fb7a681c270bf4caf73369bbe1d,0,/mnt/datadisk/./datasets/0/VirusShare_ba9a0fb7a681c270bf4caf73369bbe1d,,
VirusShare_360a4aee9a7e1f80c48d10bd24c64142,360a4aee9a7e1f80c48d10bd24c64142,0,/mnt/datadisk/./datasets/0/VirusShare_360a4aee9a7e1f80c48d10bd24c64142,,
VirusShare_4aedeb867180488e41e0cca91c5afdb3,4aedeb867180488e41e0cca91c5afdb3,0,/mnt/datadisk/./datasets/0/VirusShare_4aedeb867180488e41e0cca91c5afdb3,,
VirusShare_a82974648933d62f9333362a084abdac,a82974648933d62f9333362a084abdac,0,/mnt/datadisk/./datasets/0/VirusShare_a82974648933d62f9333362a084abdac,,
VirusShare_4d1285df30b971f7dac726a5ee8630e1,4d1285df30b971f7dac726a5ee8630e1,1,/mnt/datadisk/./datasets/1/VirusShare_4d1285df30b971f7dac726a5ee8630e1,,
VirusShare_b1ebcd72d3bbfa1066b8ecc33ea33c13,b1ebcd72d3bbfa1066b8ecc33ea33c13,1,/mnt/datadisk/./datasets/1/VirusShare_b1ebcd72d3bbfa1066b8ecc33ea33c13,,
VirusShare_2464dbd12b4b4f818c27005949b2df18,2464dbd12b4b4f818c27005949b2df18,0,/mnt/datadisk/./datasets/0/VirusShare_2464dbd12b4b4f818c27005949b2df18,,
VirusShare_424d1a75fff4aa5be0d4cf5ee55a6473,424d1a75fff4aa5be0d4cf5ee55a6473,0,/mnt/datadisk/./datasets/0/VirusShare_424d1a75fff4aa5be0d4cf5ee55a6473,,
VirusShare_8010201008bfb051e40025416381502b,8010201008bfb051e40025416381502b,0,/mnt/datadisk/./datasets/0/VirusShare_8010201008bfb051e40025416381502b,,
VirusShare_d097a969ed71e5bb8e888d83a188fa60,d097a969ed71e5bb8e888d83a188fa60,0,/mnt/datadisk/./datasets/0/VirusShare_d097a969ed71e5bb8e888d83a188fa60,,
VirusShare_75e75e7e2417304121cce484f973d9a7,75e75e7e2417304121cce484f973d9a7,0,/mnt/datadisk/./datasets/0/VirusShare_75e75e7e2417304121cce484f973d9a7,,
VirusShare_876d1524aabd6b72ede1b336180ceb2e,876d1524aabd6b72ede1b336180ceb2e,1,/mnt/datadisk/./datasets/1/VirusShare_876d1524aabd6b72ede1b336180ceb2e,,
VirusShare_c9ba34f46f8158f2fa6e63112e04331b,c9ba34f46f8158f2fa6e63112e04331b,0,/mnt/datadisk/./datasets/0/VirusShare_c9ba34f46f8158f2fa6e63112e04331b,,
VirusShare_a21a58532c007149d84a169e2392325c,a21a58532c007149d84a169e2392325c,1,/mnt/datadisk/./datasets/1/VirusShare_a21a58532c007149d84a169e2392325c,,
VirusShare_fefc04949f4141b6f83e4d20237d5783,fefc04949f4141b6f83e4d20237d5783,0,/mnt/datadisk/./datasets/0/VirusShare_fefc04949f4141b6f83e4d20237d5783,,
VirusShare_5f92d8c04cc8022fe4098c98e138ab6d,5f92d8c04cc8022fe4098c98e138ab6d,0,/mnt/datadisk/./datasets/0/VirusShare_5f92d8c04cc8022fe4098c98e138ab6d,,
VirusShare_7dd75e3f3de38b987cb264f098ed4815,7dd75e3f3de38b987cb264f098ed4815,0,/mnt/datadisk/./datasets/0/VirusShare_7dd75e3f3de38b987cb264f098ed4815,,
VirusShare_df7d848753181d6e14ec3a05bc6780e2,df7d848753181d6e14ec3a05bc6780e2,1,/mnt/datadisk/./datasets/1/VirusShare_df7d848753181d6e14ec3a05bc6780e2,,
VirusShare_f7fc24d67395427a49aaa94160d198b4,f7fc24d67395427a49aaa94160d198b4,1,/mnt/datadisk/./datasets/1/VirusShare_f7fc24d67395427a49aaa94160d198b4,,
VirusShare_ecd385134aad9c9e80c2bce77c9c25f6,ecd385134aad9c9e80c2bce77c9c25f6,1,/mnt/datadisk/./datasets/1/VirusShare_ecd385134aad9c9e80c2bce77c9c25f6,,
VirusShare_96fdccf453f059fdafd23ac639850348,96fdccf453f059fdafd23ac639850348,0,/mnt/datadisk/./datasets/0/VirusShare_96fdccf453f059fdafd23ac639850348,,
VirusShare_6cc0a088823f89c61a7019d5d6c136fb,6cc0a088823f89c61a7019d5d6c136fb,0,/mnt/datadisk/./datasets/0/VirusShare_6cc0a088823f89c61a7019d5d6c136fb,,
VirusShare_e2e1c400119977a80860bf23bb45dd43,e2e1c400119977a80860bf23bb45dd43,1,/mnt/datadisk/./datasets/1/VirusShare_e2e1c400119977a80860bf23bb45dd43,,
VirusShare_53678ee79eca1f2ca46bcec036792a03,53678ee79eca1f2ca46bcec036792a03,1,/mnt/datadisk/./datasets/1/VirusShare_53678ee79eca1f2ca46bcec036792a03,,
VirusShare_b95f4808d16933ba6bf547c6996ad3ea,b95f4808d16933ba6bf547c6996ad3ea,0,/mnt/datadisk/./datasets/0/VirusShare_b95f4808d16933ba6bf547c6996ad3ea,,
VirusShare_e59309b0afafb67573559ceb7f7db3f7,e59309b0afafb67573559ceb7f7db3f7,1,/mnt/datadisk/./datasets/1/VirusShare_e59309b0afafb67573559ceb7f7db3f7,,
VirusShare_fcbe41dec254c2081bd82fc82ad83523,fcbe41dec254c2081bd82fc82ad83523,0,/mnt/datadisk/./datasets/0/VirusShare_fcbe41dec254c2081bd82fc82ad83523,,
VirusShare_ef580a02e6ec72c418f4667b644f14f3,ef580a02e6ec72c418f4667b644f14f3,0,/mnt/datadisk/./datasets/0/VirusShare_ef580a02e6ec72c418f4667b644f14f3,,
VirusShare_daca644f3b57f90c17bab022a0f5cbb6,daca644f3b57f90c17bab022a0f5cbb6,0,/mnt/datadisk/./datasets/0/VirusShare_daca644f3b57f90c17bab022a0f5cbb6,,
VirusShare_d9f686bc50338d091e74e4912e99270f,d9f686bc50338d091e74e4912e99270f,0,/mnt/datadisk/./datasets/0/VirusShare_d9f686bc50338d091e74e4912e99270f,,
VirusShare_77c2af443e9e12d23a2216c3732bd74c,77c2af443e9e12d23a2216c3732bd74c,0,/mnt/datadisk/./datasets/0/VirusShare_77c2af443e9e12d23a2216c3732bd74c,,
VirusShare_3e1b8bdfa86763f319ad8a6fdd592aa7,3e1b8bdfa86763f319ad8a6fdd592aa7,1,/mnt/datadisk/./datasets/1/VirusShare_3e1b8bdfa86763f319ad8a6fdd592aa7,,
VirusShare_e91530ce2ce1dd95f00b182a904fb7b8,e91530ce2ce1dd95f00b182a904fb7b8,1,/mnt/datadisk/./datasets/1/VirusShare_e91530ce2ce1dd95f00b182a904fb7b8,,
VirusShare_d32ee914c6410cbf5653f9abaf64e061,d32ee914c6410cbf5653f9abaf64e061,0,/mnt/datadisk/./datasets/0/VirusShare_d32ee914c6410cbf5653f9abaf64e061,,
VirusShare_5b5c363eb6c4c5de28dace28b653b38c,5b5c363eb6c4c5de28dace28b653b38c,0,/mnt/datadisk/./datasets/0/VirusShare_5b5c363eb6c4c5de28dace28b653b38c,,
VirusShare_3b046f262b71dcbfb96dfc45d09c92fa,3b046f262b71dcbfb96dfc45d09c92fa,1,/mnt/datadisk/./datasets/1/VirusShare_3b046f262b71dcbfb96dfc45d09c92fa,,
VirusShare_90f628b09fe3c266d7b8ec6cc33c3a5b,90f628b09fe3c266d7b8ec6cc33c3a5b,0,/mnt/datadisk/./datasets/0/VirusShare_90f628b09fe3c266d7b8ec6cc33c3a5b,,
VirusShare_b2b33beebbb1bcbc9b6f56e8df0e7630,b2b33beebbb1bcbc9b6f56e8df0e7630,0,/mnt/datadisk/./datasets/0/VirusShare_b2b33beebbb1bcbc9b6f56e8df0e7630,,
VirusShare_cc841258d4b030ea64dadd7368984776,cc841258d4b030ea64dadd7368984776,0,/mnt/datadisk/./datasets/0/VirusShare_cc841258d4b030ea64dadd7368984776,,
VirusShare_fb4b33133ac61d537322520e6aacdf44,fb4b33133ac61d537322520e6aacdf44,1,/mnt/datadisk/./datasets/1/VirusShare_fb4b33133ac61d537322520e6aacdf44,,
VirusShare_431d8070e45c04989188b4beab4539b1,431d8070e45c04989188b4beab4539b1,1,/mnt/datadisk/./datasets/1/VirusShare_431d8070e45c04989188b4beab4539b1,,
VirusShare_524c0c7c1fe8b0859d8d39be707be0d6,524c0c7c1fe8b0859d8d39be707be0d6,0,/mnt/datadisk/./datasets/0/VirusShare_524c0c7c1fe8b0859d8d39be707be0d6,,
VirusShare_861d2753dff5452685a2b9a353835634,861d2753dff5452685a2b9a353835634,1,/mnt/datadisk/./datasets/1/VirusShare_861d2753dff5452685a2b9a353835634,,
VirusShare_0fe84c557a4e9d03e88c78a44931c57a,0fe84c557a4e9d03e88c78a44931c57a,0,/mnt/datadisk/./datasets/0/VirusShare_0fe84c557a4e9d03e88c78a44931c57a,,
VirusShare_a36d016ad535a2db3dd81778bfdc20ba,a36d016ad535a2db3dd81778bfdc20ba,0,/mnt/datadisk/./datasets/0/VirusShare_a36d016ad535a2db3dd81778bfdc20ba,,
VirusShare_0426ab8ef1937e80d11ad33ee58c7970,0426ab8ef1937e80d11ad33ee58c7970,1,/mnt/datadisk/./datasets/1/VirusShare_0426ab8ef1937e80d11ad33ee58c7970,,
VirusShare_52b4a7407fd8a1f3bb32cc9ed3da79a2,52b4a7407fd8a1f3bb32cc9ed3da79a2,1,/mnt/datadisk/./datasets/1/VirusShare_52b4a7407fd8a1f3bb32cc9ed3da79a2,,
VirusShare_581a98416ef59c1897c80375ac7cc5da,581a98416ef59c1897c80375ac7cc5da,0,/mnt/datadisk/./datasets/0/VirusShare_581a98416ef59c1897c80375ac7cc5da,,
VirusShare_c3eb037a470150702bbe9549d35bf084,c3eb037a470150702bbe9549d35bf084,0,/mnt/datadisk/./datasets/0/VirusShare_c3eb037a470150702bbe9549d35bf084,,
VirusShare_0c6c5fba5b32856bc9a0cdcf6b4154f5,0c6c5fba5b32856bc9a0cdcf6b4154f5,0,/mnt/datadisk/./datasets/0/VirusShare_0c6c5fba5b32856bc9a0cdcf6b4154f5,,
VirusShare_e6a592b3837d47dc67464c7550d6c5a7,e6a592b3837d47dc67464c7550d6c5a7,1,/mnt/datadisk/./datasets/1/VirusShare_e6a592b3837d47dc67464c7550d6c5a7,,
VirusShare_dab8a8af9bd8b89d865a3f0bb8cf33cc,dab8a8af9bd8b89d865a3f0bb8cf33cc,1,/mnt/datadisk/./datasets/1/VirusShare_dab8a8af9bd8b89d865a3f0bb8cf33cc,,
VirusShare_b966faad9cc65751057d480bfb427c8a,b966faad9cc65751057d480bfb427c8a,0,/mnt/datadisk/./datasets/0/VirusShare_b966faad9cc65751057d480bfb427c8a,,
VirusShare_ebb86f75cf48ee1fa7b2509daa5eaf15,ebb86f75cf48ee1fa7b2509daa5eaf15,0,/mnt/datadisk/./datasets/0/VirusShare_ebb86f75cf48ee1fa7b2509daa5eaf15,,
VirusShare_b7f55b6ade60614d13a6ae4f83ca28f7,b7f55b6ade60614d13a6ae4f83ca28f7,1,/mnt/datadisk/./datasets/1/VirusShare_b7f55b6ade60614d13a6ae4f83ca28f7,,
VirusShare_ac072bf0c662d6d0e8f5326dd8612143,ac072bf0c662d6d0e8f5326dd8612143,1,/mnt/datadisk/./datasets/1/VirusShare_ac072bf0c662d6d0e8f5326dd8612143,,
VirusShare_a17b2d30f67f68a13866a5e129c5593e,a17b2d30f67f68a13866a5e129c5593e,1,/mnt/datadisk/./datasets/1/VirusShare_a17b2d30f67f68a13866a5e129c5593e,,
VirusShare_d06f6cd8037d991c66b4aa6db14a48e3,d06f6cd8037d991c66b4aa6db14a48e3,1,/mnt/datadisk/./datasets/1/VirusShare_d06f6cd8037d991c66b4aa6db14a48e3,,
VirusShare_8df625a9ca8e9eb394914c4b7f99d285,8df625a9ca8e9eb394914c4b7f99d285,0,/mnt/datadisk/./datasets/0/VirusShare_8df625a9ca8e9eb394914c4b7f99d285,,
VirusShare_87f56d163a848d8ac207e845cb44a225,87f56d163a848d8ac207e845cb44a225,0,/mnt/datadisk/./datasets/0/VirusShare_87f56d163a848d8ac207e845cb44a225,,
VirusShare_de62ed5bfb21f0e6b97cda7a934fb395,de62ed5bfb21f0e6b97cda7a934fb395,1,/mnt/datadisk/./datasets/1/VirusShare_de62ed5bfb21f0e6b97cda7a934fb395,,
VirusShare_41456c2676737a75b73e8941282214c1,41456c2676737a75b73e8941282214c1,0,/mnt/datadisk/./datasets/0/VirusShare_41456c2676737a75b73e8941282214c1,,
VirusShare_e86bc0b32a546c3ddf7ff6bb3725e5bc,e86bc0b32a546c3ddf7ff6bb3725e5bc,0,/mnt/datadisk/./datasets/0/VirusShare_e86bc0b32a546c3ddf7ff6bb3725e5bc,,
VirusShare_5acd8a2e904915b2cc079712cce98a36,5acd8a2e904915b2cc079712cce98a36,1,/mnt/datadisk/./datasets/1/VirusShare_5acd8a2e904915b2cc079712cce98a36,,
VirusShare_855d16755dff198e9d19da278246c2ad,855d16755dff198e9d19da278246c2ad,0,/mnt/datadisk/./datasets/0/VirusShare_855d16755dff198e9d19da278246c2ad,,
VirusShare_26111c36fc571b6441d7b01cda4a63ed,26111c36fc571b6441d7b01cda4a63ed,0,/mnt/datadisk/./datasets/0/VirusShare_26111c36fc571b6441d7b01cda4a63ed,,
VirusShare_03978935cf040e2b437da61ba95202f5,03978935cf040e2b437da61ba95202f5,0,/mnt/datadisk/./datasets/0/VirusShare_03978935cf040e2b437da61ba95202f5,,
VirusShare_262f77d5d76a60f8b1bb96974d6d6ed9,262f77d5d76a60f8b1bb96974d6d6ed9,1,/mnt/datadisk/./datasets/1/VirusShare_262f77d5d76a60f8b1bb96974d6d6ed9,,
VirusShare_3f4ce1522ad3b1d6b7c765d7a675b70a,3f4ce1522ad3b1d6b7c765d7a675b70a,1,/mnt/datadisk/./datasets/1/VirusShare_3f4ce1522ad3b1d6b7c765d7a675b70a,,
VirusShare_e74553bb45c9dd9fc3e7f952b8072a52,e74553bb45c9dd9fc3e7f952b8072a52,0,/mnt/datadisk/./datasets/0/VirusShare_e74553bb45c9dd9fc3e7f952b8072a52,,
VirusShare_cd48e02670311f7693dea7ba89e46159,cd48e02670311f7693dea7ba89e46159,0,/mnt/datadisk/./datasets/0/VirusShare_cd48e02670311f7693dea7ba89e46159,,
VirusShare_660b621e6ce8ac276a941ac7af421107,660b621e6ce8ac276a941ac7af421107,1,/mnt/datadisk/./datasets/1/VirusShare_660b621e6ce8ac276a941ac7af421107,,
VirusShare_4fc0749a80feb2b38ef09e9c91f24cd3,4fc0749a80feb2b38ef09e9c91f24cd3,0,/mnt/datadisk/./datasets/0/VirusShare_4fc0749a80feb2b38ef09e9c91f24cd3,,
VirusShare_97a3a03431f5c0a1a82298f9c70773bb,97a3a03431f5c0a1a82298f9c70773bb,0,/mnt/datadisk/./datasets/0/VirusShare_97a3a03431f5c0a1a82298f9c70773bb,,
VirusShare_a438c5ce8f98d7fedbfde163966a3e8d,a438c5ce8f98d7fedbfde163966a3e8d,0,/mnt/datadisk/./datasets/0/VirusShare_a438c5ce8f98d7fedbfde163966a3e8d,,
VirusShare_57201aec028c2bd9a91e79ed81aeb868,57201aec028c2bd9a91e79ed81aeb868,0,/mnt/datadisk/./datasets/0/VirusShare_57201aec028c2bd9a91e79ed81aeb868,,
VirusShare_0cd6d5fef0b100059834b6f2b492597d,0cd6d5fef0b100059834b6f2b492597d,1,/mnt/datadisk/./datasets/1/VirusShare_0cd6d5fef0b100059834b6f2b492597d,,
VirusShare_0f522921dcd052e06400aea565983a91,0f522921dcd052e06400aea565983a91,0,/mnt/datadisk/./datasets/0/VirusShare_0f522921dcd052e06400aea565983a91,,
VirusShare_b149d66994c75f8dc93dc253de6bf318,b149d66994c75f8dc93dc253de6bf318,0,/mnt/datadisk/./datasets/0/VirusShare_b149d66994c75f8dc93dc253de6bf318,,
VirusShare_6903f26087d0a136c629fbaf91ca5d46,6903f26087d0a136c629fbaf91ca5d46,0,/mnt/datadisk/./datasets/0/VirusShare_6903f26087d0a136c629fbaf91ca5d46,,
VirusShare_1e2c18ce4fd8ca91eaa5e134c7ad7857,1e2c18ce4fd8ca91eaa5e134c7ad7857,0,/mnt/datadisk/./datasets/0/VirusShare_1e2c18ce4fd8ca91eaa5e134c7ad7857,,
VirusShare_b47baddeb7a3ba0a5cb83ebe9facb918,b47baddeb7a3ba0a5cb83ebe9facb918,0,/mnt/datadisk/./datasets/0/VirusShare_b47baddeb7a3ba0a5cb83ebe9facb918,,
VirusShare_d51ef35729552955c96fcc1a1efa591f,d51ef35729552955c96fcc1a1efa591f,0,/mnt/datadisk/./datasets/0/VirusShare_d51ef35729552955c96fcc1a1efa591f,,
VirusShare_323384b03f9d508ae4185fe6a1dafbc6,323384b03f9d508ae4185fe6a1dafbc6,0,/mnt/datadisk/./datasets/0/VirusShare_323384b03f9d508ae4185fe6a1dafbc6,,
VirusShare_dd6fd0b567054e3433a18ec51ac63736,dd6fd0b567054e3433a18ec51ac63736,1,/mnt/datadisk/./datasets/1/VirusShare_dd6fd0b567054e3433a18ec51ac63736,,
VirusShare_f38dff20d3f78f327a0148eb478b5f42,f38dff20d3f78f327a0148eb478b5f42,0,/mnt/datadisk/./datasets/0/VirusShare_f38dff20d3f78f327a0148eb478b5f42,,
VirusShare_9f958f7aab3500788d4ee7b68299f9a8,9f958f7aab3500788d4ee7b68299f9a8,0,/mnt/datadisk/./datasets/0/VirusShare_9f958f7aab3500788d4ee7b68299f9a8,,
VirusShare_7634062434ffaad3bf7e3dba8eed8d76,7634062434ffaad3bf7e3dba8eed8d76,1,/mnt/datadisk/./datasets/1/VirusShare_7634062434ffaad3bf7e3dba8eed8d76,,
VirusShare_c979f0d8a07f800df76d5ec845fdbd77,c979f0d8a07f800df76d5ec845fdbd77,0,/mnt/datadisk/./datasets/0/VirusShare_c979f0d8a07f800df76d5ec845fdbd77,,
VirusShare_8b23b0a6b0ad101f5044606cc977a0a7,8b23b0a6b0ad101f5044606cc977a0a7,0,/mnt/datadisk/./datasets/0/VirusShare_8b23b0a6b0ad101f5044606cc977a0a7,,
VirusShare_98a1fb542ba7b7116f6172867b4faa69,98a1fb542ba7b7116f6172867b4faa69,0,/mnt/datadisk/./datasets/0/VirusShare_98a1fb542ba7b7116f6172867b4faa69,,
VirusShare_f94bba5154d65fc34cb42b4b7acf6b34,f94bba5154d65fc34cb42b4b7acf6b34,0,/mnt/datadisk/./datasets/0/VirusShare_f94bba5154d65fc34cb42b4b7acf6b34,,
VirusShare_70b6050624c2833c34181a75275a609a,70b6050624c2833c34181a75275a609a,0,/mnt/datadisk/./datasets/0/VirusShare_70b6050624c2833c34181a75275a609a,,
VirusShare_30487ac851a42846ab68153adb8128ac,30487ac851a42846ab68153adb8128ac,0,/mnt/datadisk/./datasets/0/VirusShare_30487ac851a42846ab68153adb8128ac,,
VirusShare_4c73086cb6d85ec932f4c2588679f5a4,4c73086cb6d85ec932f4c2588679f5a4,0,/mnt/datadisk/./datasets/0/VirusShare_4c73086cb6d85ec932f4c2588679f5a4,,
VirusShare_488228c1041831f7814075ef8cab18e3,488228c1041831f7814075ef8cab18e3,1,/mnt/datadisk/./datasets/1/VirusShare_488228c1041831f7814075ef8cab18e3,,
VirusShare_1a7db1d0e1bb9df4a7e2567b1a5d4d44,1a7db1d0e1bb9df4a7e2567b1a5d4d44,1,/mnt/datadisk/./datasets/1/VirusShare_1a7db1d0e1bb9df4a7e2567b1a5d4d44,,
VirusShare_f0a821985344ac74eb231d74ebe01f27,f0a821985344ac74eb231d74ebe01f27,1,/mnt/datadisk/./datasets/1/VirusShare_f0a821985344ac74eb231d74ebe01f27,,
VirusShare_8803ede749af694b79c975a4bd5c50fa,8803ede749af694b79c975a4bd5c50fa,0,/mnt/datadisk/./datasets/0/VirusShare_8803ede749af694b79c975a4bd5c50fa,,
VirusShare_0f838cf9ac70e706ab24f4555618186c,0f838cf9ac70e706ab24f4555618186c,1,/mnt/datadisk/./datasets/1/VirusShare_0f838cf9ac70e706ab24f4555618186c,,
VirusShare_e9090ab4367afe20d903547495d3ac90,e9090ab4367afe20d903547495d3ac90,0,/mnt/datadisk/./datasets/0/VirusShare_e9090ab4367afe20d903547495d3ac90,,
VirusShare_0e36dae78111577e64a4888b5720ff47,0e36dae78111577e64a4888b5720ff47,1,/mnt/datadisk/./datasets/1/VirusShare_0e36dae78111577e64a4888b5720ff47,,
VirusShare_5729448b4e70cf880b206da4c4db4914,5729448b4e70cf880b206da4c4db4914,0,/mnt/datadisk/./datasets/0/VirusShare_5729448b4e70cf880b206da4c4db4914,,
VirusShare_fc32cec283138010957ed9595dc523a7,fc32cec283138010957ed9595dc523a7,1,/mnt/datadisk/./datasets/1/VirusShare_fc32cec283138010957ed9595dc523a7,,
VirusShare_5cb65602d6cd83a08559c8e3b316db33,5cb65602d6cd83a08559c8e3b316db33,0,/mnt/datadisk/./datasets/0/VirusShare_5cb65602d6cd83a08559c8e3b316db33,,
VirusShare_ddca580733446ead6d6326f08fc9f629,ddca580733446ead6d6326f08fc9f629,0,/mnt/datadisk/./datasets/0/VirusShare_ddca580733446ead6d6326f08fc9f629,,
VirusShare_9fa4495de498e9d0ee90cf342ad6e7e8,9fa4495de498e9d0ee90cf342ad6e7e8,0,/mnt/datadisk/./datasets/0/VirusShare_9fa4495de498e9d0ee90cf342ad6e7e8,,
VirusShare_12bd554a9afa25a5810b5096edc542df,12bd554a9afa25a5810b5096edc542df,0,/mnt/datadisk/./datasets/0/VirusShare_12bd554a9afa25a5810b5096edc542df,,
VirusShare_600a6c65bd3141eb1b05c558c3208f45,600a6c65bd3141eb1b05c558c3208f45,0,/mnt/datadisk/./datasets/0/VirusShare_600a6c65bd3141eb1b05c558c3208f45,,
VirusShare_041b4770ec4846ec3b27fa47f9f370bc,041b4770ec4846ec3b27fa47f9f370bc,1,/mnt/datadisk/./datasets/1/VirusShare_041b4770ec4846ec3b27fa47f9f370bc,,
VirusShare_6a6bc84abf8d2b86caade2e178bba70b,6a6bc84abf8d2b86caade2e178bba70b,0,/mnt/datadisk/./datasets/0/VirusShare_6a6bc84abf8d2b86caade2e178bba70b,,
VirusShare_981fb3d4155b106b4b17358d451c542b,981fb3d4155b106b4b17358d451c542b,0,/mnt/datadisk/./datasets/0/VirusShare_981fb3d4155b106b4b17358d451c542b,,
VirusShare_bb05ec4e0ded1a559ecd3dad8f6946c3,bb05ec4e0ded1a559ecd3dad8f6946c3,0,/mnt/datadisk/./datasets/0/VirusShare_bb05ec4e0ded1a559ecd3dad8f6946c3,,
VirusShare_2bd5978e801d0e2cc56fdc42c25594b4,2bd5978e801d0e2cc56fdc42c25594b4,0,/mnt/datadisk/./datasets/0/VirusShare_2bd5978e801d0e2cc56fdc42c25594b4,,
VirusShare_b167d97ce36182f9b4cba64a94a77c34,b167d97ce36182f9b4cba64a94a77c34,1,/mnt/datadisk/./datasets/1/VirusShare_b167d97ce36182f9b4cba64a94a77c34,,
VirusShare_0d600125601647e2ca28b429a58d9598,0d600125601647e2ca28b429a58d9598,0,/mnt/datadisk/./datasets/0/VirusShare_0d600125601647e2ca28b429a58d9598,,
VirusShare_2e61096318dd4293fec971b65291d74c,2e61096318dd4293fec971b65291d74c,0,/mnt/datadisk/./datasets/0/VirusShare_2e61096318dd4293fec971b65291d74c,,
VirusShare_b5b222c9c062d8e794ab46a6a809cbc2,b5b222c9c062d8e794ab46a6a809cbc2,1,/mnt/datadisk/./datasets/1/VirusShare_b5b222c9c062d8e794ab46a6a809cbc2,,
VirusShare_0835b324f1832384293293f5a5d1ae0b,0835b324f1832384293293f5a5d1ae0b,1,/mnt/datadisk/./datasets/1/VirusShare_0835b324f1832384293293f5a5d1ae0b,,
VirusShare_23055c9fe92fde52016b8deadcd7a18e,23055c9fe92fde52016b8deadcd7a18e,0,/mnt/datadisk/./datasets/0/VirusShare_23055c9fe92fde52016b8deadcd7a18e,,
VirusShare_e2bf06f6a54574a42ea4ed0f6ecedc71,e2bf06f6a54574a42ea4ed0f6ecedc71,0,/mnt/datadisk/./datasets/0/VirusShare_e2bf06f6a54574a42ea4ed0f6ecedc71,,
VirusShare_aa7f52c81a773c541b88d8cf81667c02,aa7f52c81a773c541b88d8cf81667c02,1,/mnt/datadisk/./datasets/1/VirusShare_aa7f52c81a773c541b88d8cf81667c02,,
VirusShare_f9eef18b592edab080f03fb0da22fb46,f9eef18b592edab080f03fb0da22fb46,1,/mnt/datadisk/./datasets/1/VirusShare_f9eef18b592edab080f03fb0da22fb46,,
VirusShare_03d3d5509d3239ae6ec0f6ca896695e0,03d3d5509d3239ae6ec0f6ca896695e0,0,/mnt/datadisk/./datasets/0/VirusShare_03d3d5509d3239ae6ec0f6ca896695e0,,
VirusShare_e4e0dd0e4fafff3bc8cdaaffda535f4f,e4e0dd0e4fafff3bc8cdaaffda535f4f,0,/mnt/datadisk/./datasets/0/VirusShare_e4e0dd0e4fafff3bc8cdaaffda535f4f,,
VirusShare_62b76236732db373f575202dc5b9fa2c,62b76236732db373f575202dc5b9fa2c,0,/mnt/datadisk/./datasets/0/VirusShare_62b76236732db373f575202dc5b9fa2c,,
VirusShare_e3cc51c2ca86b7128a5521935f52483a,e3cc51c2ca86b7128a5521935f52483a,0,/mnt/datadisk/./datasets/0/VirusShare_e3cc51c2ca86b7128a5521935f52483a,,
VirusShare_107183536d271bfcb3a0f036cb2c5871,107183536d271bfcb3a0f036cb2c5871,0,/mnt/datadisk/./datasets/0/VirusShare_107183536d271bfcb3a0f036cb2c5871,,
VirusShare_73f3b7fcf0418d1544138bb233a71898,73f3b7fcf0418d1544138bb233a71898,0,/mnt/datadisk/./datasets/0/VirusShare_73f3b7fcf0418d1544138bb233a71898,,
VirusShare_bd5767863f7ddc2063be2d049f5ede7c,bd5767863f7ddc2063be2d049f5ede7c,0,/mnt/datadisk/./datasets/0/VirusShare_bd5767863f7ddc2063be2d049f5ede7c,,
VirusShare_f404b116552d8b8ed25051c2ce6e789f,f404b116552d8b8ed25051c2ce6e789f,1,/mnt/datadisk/./datasets/1/VirusShare_f404b116552d8b8ed25051c2ce6e789f,,
VirusShare_47f46ea7417559902e30a99e7f985097,47f46ea7417559902e30a99e7f985097,0,/mnt/datadisk/./datasets/0/VirusShare_47f46ea7417559902e30a99e7f985097,,
VirusShare_2c155f3d97a755d46f9c5f755d657879,2c155f3d97a755d46f9c5f755d657879,0,/mnt/datadisk/./datasets/0/VirusShare_2c155f3d97a755d46f9c5f755d657879,,
VirusShare_47dc27518bef60aea2a67b9bdbed7e0b,47dc27518bef60aea2a67b9bdbed7e0b,1,/mnt/datadisk/./datasets/1/VirusShare_47dc27518bef60aea2a67b9bdbed7e0b,,
VirusShare_112740d2e12174fc2ddde17d97461639,112740d2e12174fc2ddde17d97461639,0,/mnt/datadisk/./datasets/0/VirusShare_112740d2e12174fc2ddde17d97461639,,
VirusShare_a8ee14f6cb091c7e75692e57a5b77526,a8ee14f6cb091c7e75692e57a5b77526,1,/mnt/datadisk/./datasets/1/VirusShare_a8ee14f6cb091c7e75692e57a5b77526,,
VirusShare_24ca094e0a61508f17194eae761b9072,24ca094e0a61508f17194eae761b9072,0,/mnt/datadisk/./datasets/0/VirusShare_24ca094e0a61508f17194eae761b9072,,
VirusShare_1bab7252011f03fac37528db9acdbee0,1bab7252011f03fac37528db9acdbee0,0,/mnt/datadisk/./datasets/0/VirusShare_1bab7252011f03fac37528db9acdbee0,,
VirusShare_9f8997ffc9a7eab7f53700f78e1aebb9,9f8997ffc9a7eab7f53700f78e1aebb9,1,/mnt/datadisk/./datasets/1/VirusShare_9f8997ffc9a7eab7f53700f78e1aebb9,,
VirusShare_7d94171c19e644b4c600d84394789dc8,7d94171c19e644b4c600d84394789dc8,0,/mnt/datadisk/./datasets/0/VirusShare_7d94171c19e644b4c600d84394789dc8,,
VirusShare_41a70de64348ba836c6b6b2c469cd40c,41a70de64348ba836c6b6b2c469cd40c,0,/mnt/datadisk/./datasets/0/VirusShare_41a70de64348ba836c6b6b2c469cd40c,,
VirusShare_d1dc526b8ed34bc4e5de6dcd64d9375d,d1dc526b8ed34bc4e5de6dcd64d9375d,0,/mnt/datadisk/./datasets/0/VirusShare_d1dc526b8ed34bc4e5de6dcd64d9375d,,
VirusShare_5fe593b929da5513b3539c02c7a0f800,5fe593b929da5513b3539c02c7a0f800,1,/mnt/datadisk/./datasets/1/VirusShare_5fe593b929da5513b3539c02c7a0f800,,
VirusShare_9f42d727c8837b59dd831abb67f8724b,9f42d727c8837b59dd831abb67f8724b,0,/mnt/datadisk/./datasets/0/VirusShare_9f42d727c8837b59dd831abb67f8724b,,
VirusShare_8e735f0f1e57adb04fe5642eb018d06b,8e735f0f1e57adb04fe5642eb018d06b,0,/mnt/datadisk/./datasets/0/VirusShare_8e735f0f1e57adb04fe5642eb018d06b,,
VirusShare_66aeec75778cfa1111eb532fb98edbc9,66aeec75778cfa1111eb532fb98edbc9,0,/mnt/datadisk/./datasets/0/VirusShare_66aeec75778cfa1111eb532fb98edbc9,,
VirusShare_c73c5dff00e5a3d7b0ce5f0f1a94e7b6,c73c5dff00e5a3d7b0ce5f0f1a94e7b6,0,/mnt/datadisk/./datasets/0/VirusShare_c73c5dff00e5a3d7b0ce5f0f1a94e7b6,,
VirusShare_69f21b4f34ee7c288a17d92c23612526,69f21b4f34ee7c288a17d92c23612526,0,/mnt/datadisk/./datasets/0/VirusShare_69f21b4f34ee7c288a17d92c23612526,,
VirusShare_7f1f06f9847e995d9efe73d6dc8a0581,7f1f06f9847e995d9efe73d6dc8a0581,0,/mnt/datadisk/./datasets/0/VirusShare_7f1f06f9847e995d9efe73d6dc8a0581,,
VirusShare_35b538d94b7ad96e6e44b36601aa9b80,35b538d94b7ad96e6e44b36601aa9b80,0,/mnt/datadisk/./datasets/0/VirusShare_35b538d94b7ad96e6e44b36601aa9b80,,
VirusShare_4ca812ee9618a7152682da6a7144c705,4ca812ee9618a7152682da6a7144c705,0,/mnt/datadisk/./datasets/0/VirusShare_4ca812ee9618a7152682da6a7144c705,,
VirusShare_fb71fd06d5d3a3342cc658efd62d5fe2,fb71fd06d5d3a3342cc658efd62d5fe2,0,/mnt/datadisk/./datasets/0/VirusShare_fb71fd06d5d3a3342cc658efd62d5fe2,,
VirusShare_315ce057f5987867f6dd1ecc611be7f4,315ce057f5987867f6dd1ecc611be7f4,0,/mnt/datadisk/./datasets/0/VirusShare_315ce057f5987867f6dd1ecc611be7f4,,
VirusShare_a1af8cc856a7f4e8cb8dbecd7d9b083a,a1af8cc856a7f4e8cb8dbecd7d9b083a,0,/mnt/datadisk/./datasets/0/VirusShare_a1af8cc856a7f4e8cb8dbecd7d9b083a,,
VirusShare_62636e862dcd0990f360583c9a054589,62636e862dcd0990f360583c9a054589,1,/mnt/datadisk/./datasets/1/VirusShare_62636e862dcd0990f360583c9a054589,,
VirusShare_996acf2fc5eca869f5eb8eedbf7533ac,996acf2fc5eca869f5eb8eedbf7533ac,0,/mnt/datadisk/./datasets/0/VirusShare_996acf2fc5eca869f5eb8eedbf7533ac,,
VirusShare_5a566778ebe7458c79bf26977807eea4,5a566778ebe7458c79bf26977807eea4,0,/mnt/datadisk/./datasets/0/VirusShare_5a566778ebe7458c79bf26977807eea4,,
VirusShare_ff4f0cf177c0615a60e6813e1fd7080f,ff4f0cf177c0615a60e6813e1fd7080f,0,/mnt/datadisk/./datasets/0/VirusShare_ff4f0cf177c0615a60e6813e1fd7080f,,
VirusShare_f2ae5bfe554c4aa815fc4ac188ee91c2,f2ae5bfe554c4aa815fc4ac188ee91c2,1,/mnt/datadisk/./datasets/1/VirusShare_f2ae5bfe554c4aa815fc4ac188ee91c2,,
VirusShare_c2e2e95b5554600b949a573effed4f0b,c2e2e95b5554600b949a573effed4f0b,1,/mnt/datadisk/./datasets/1/VirusShare_c2e2e95b5554600b949a573effed4f0b,,
VirusShare_60b1e65a40992536c7b083e4455120d8,60b1e65a40992536c7b083e4455120d8,0,/mnt/datadisk/./datasets/0/VirusShare_60b1e65a40992536c7b083e4455120d8,,
VirusShare_5f755cf47f27cf3b16338cbfd11eb7c1,5f755cf47f27cf3b16338cbfd11eb7c1,0,/mnt/datadisk/./datasets/0/VirusShare_5f755cf47f27cf3b16338cbfd11eb7c1,,
VirusShare_ed84ccd1274ff4872ba4b43f9d8c6924,ed84ccd1274ff4872ba4b43f9d8c6924,0,/mnt/datadisk/./datasets/0/VirusShare_ed84ccd1274ff4872ba4b43f9d8c6924,,
VirusShare_aa49e84063dd701e41b691dd8cd01269,aa49e84063dd701e41b691dd8cd01269,0,/mnt/datadisk/./datasets/0/VirusShare_aa49e84063dd701e41b691dd8cd01269,,
VirusShare_21209d30f769efb8a68856c2acc80f5f,21209d30f769efb8a68856c2acc80f5f,0,/mnt/datadisk/./datasets/0/VirusShare_21209d30f769efb8a68856c2acc80f5f,,
VirusShare_2f9b1afbb2a4ecad853662018d58a69f,2f9b1afbb2a4ecad853662018d58a69f,0,/mnt/datadisk/./datasets/0/VirusShare_2f9b1afbb2a4ecad853662018d58a69f,,
VirusShare_d9cf6a85c1bedffcfc776b8afc296234,d9cf6a85c1bedffcfc776b8afc296234,0,/mnt/datadisk/./datasets/0/VirusShare_d9cf6a85c1bedffcfc776b8afc296234,,
VirusShare_e827ee5b72e77782bfb299dadca7ddb8,e827ee5b72e77782bfb299dadca7ddb8,1,/mnt/datadisk/./datasets/1/VirusShare_e827ee5b72e77782bfb299dadca7ddb8,,
VirusShare_9e4e6eb747f664df382f3c1df2a4dc10,9e4e6eb747f664df382f3c1df2a4dc10,0,/mnt/datadisk/./datasets/0/VirusShare_9e4e6eb747f664df382f3c1df2a4dc10,,
VirusShare_ae433e5090e0c4edaf28a9bf402c5abb,ae433e5090e0c4edaf28a9bf402c5abb,0,/mnt/datadisk/./datasets/0/VirusShare_ae433e5090e0c4edaf28a9bf402c5abb,,
VirusShare_84c20894a1ebb9a72d94a74366459090,84c20894a1ebb9a72d94a74366459090,0,/mnt/datadisk/./datasets/0/VirusShare_84c20894a1ebb9a72d94a74366459090,,
VirusShare_b27df870ab1ec96c64b6bd45831e4d4f,b27df870ab1ec96c64b6bd45831e4d4f,1,/mnt/datadisk/./datasets/1/VirusShare_b27df870ab1ec96c64b6bd45831e4d4f,,
VirusShare_8bfc4ae813365a0a6b1d334ddff4bc0b,8bfc4ae813365a0a6b1d334ddff4bc0b,0,/mnt/datadisk/./datasets/0/VirusShare_8bfc4ae813365a0a6b1d334ddff4bc0b,,
VirusShare_3a8a5d07eed856360ba11d8b2c7f810c,3a8a5d07eed856360ba11d8b2c7f810c,0,/mnt/datadisk/./datasets/0/VirusShare_3a8a5d07eed856360ba11d8b2c7f810c,,
VirusShare_f2002a17a16f5148637dee7acbeb9461,f2002a17a16f5148637dee7acbeb9461,0,/mnt/datadisk/./datasets/0/VirusShare_f2002a17a16f5148637dee7acbeb9461,,
VirusShare_dad696594ef1ffb49918ff730802dd3e,dad696594ef1ffb49918ff730802dd3e,0,/mnt/datadisk/./datasets/0/VirusShare_dad696594ef1ffb49918ff730802dd3e,,
VirusShare_b5a39e59718d3b24a9701645913dcaea,b5a39e59718d3b24a9701645913dcaea,1,/mnt/datadisk/./datasets/1/VirusShare_b5a39e59718d3b24a9701645913dcaea,,
VirusShare_b627684530401364f361603aa4911689,b627684530401364f361603aa4911689,1,/mnt/datadisk/./datasets/1/VirusShare_b627684530401364f361603aa4911689,,
VirusShare_3f3301d76f76954c4ee2d443393be9de,3f3301d76f76954c4ee2d443393be9de,0,/mnt/datadisk/./datasets/0/VirusShare_3f3301d76f76954c4ee2d443393be9de,,
VirusShare_7bce0c63d0f01a7a2805e9074565f6ce,7bce0c63d0f01a7a2805e9074565f6ce,0,/mnt/datadisk/./datasets/0/VirusShare_7bce0c63d0f01a7a2805e9074565f6ce,,
VirusShare_5da990a106613ea4c1d64d7b5104dab1,5da990a106613ea4c1d64d7b5104dab1,1,/mnt/datadisk/./datasets/1/VirusShare_5da990a106613ea4c1d64d7b5104dab1,,
VirusShare_d9d320efcedfdb8f2e9dc3894c6ae056,d9d320efcedfdb8f2e9dc3894c6ae056,0,/mnt/datadisk/./datasets/0/VirusShare_d9d320efcedfdb8f2e9dc3894c6ae056,,
VirusShare_5bae2f2b450c76cf47b5acd6d3d14d35,5bae2f2b450c76cf47b5acd6d3d14d35,0,/mnt/datadisk/./datasets/0/VirusShare_5bae2f2b450c76cf47b5acd6d3d14d35,,
VirusShare_a7dd84c534450fca8d043b570a48347b,a7dd84c534450fca8d043b570a48347b,1,/mnt/datadisk/./datasets/1/VirusShare_a7dd84c534450fca8d043b570a48347b,,
VirusShare_dbabe6c4ec368ab2dd46595cfe3454c9,dbabe6c4ec368ab2dd46595cfe3454c9,1,/mnt/datadisk/./datasets/1/VirusShare_dbabe6c4ec368ab2dd46595cfe3454c9,,
VirusShare_f99fadc12a8dfdd013f9577dca6a45ed,f99fadc12a8dfdd013f9577dca6a45ed,0,/mnt/datadisk/./datasets/0/VirusShare_f99fadc12a8dfdd013f9577dca6a45ed,,
VirusShare_32ad5b5aed74c46c31d6d3e411275908,32ad5b5aed74c46c31d6d3e411275908,1,/mnt/datadisk/./datasets/1/VirusShare_32ad5b5aed74c46c31d6d3e411275908,,
VirusShare_2cd930c0f73365f4174c5407725162e1,2cd930c0f73365f4174c5407725162e1,1,/mnt/datadisk/./datasets/1/VirusShare_2cd930c0f73365f4174c5407725162e1,,
VirusShare_d42ef3a89f8f94ce54932545bbfca07f,d42ef3a89f8f94ce54932545bbfca07f,0,/mnt/datadisk/./datasets/0/VirusShare_d42ef3a89f8f94ce54932545bbfca07f,,
VirusShare_1e9f8d078ee0e16e5127bf35fbeafbbd,1e9f8d078ee0e16e5127bf35fbeafbbd,0,/mnt/datadisk/./datasets/0/VirusShare_1e9f8d078ee0e16e5127bf35fbeafbbd,,
VirusShare_d296a79138909d0582cc9e7bca342e12,d296a79138909d0582cc9e7bca342e12,0,/mnt/datadisk/./datasets/0/VirusShare_d296a79138909d0582cc9e7bca342e12,,
VirusShare_48d69c67cd85abe81f532a7d62d4e932,48d69c67cd85abe81f532a7d62d4e932,1,/mnt/datadisk/./datasets/1/VirusShare_48d69c67cd85abe81f532a7d62d4e932,,
VirusShare_0d51f1083dfdf87c044bf0ce851d15b3,0d51f1083dfdf87c044bf0ce851d15b3,1,/mnt/datadisk/./datasets/1/VirusShare_0d51f1083dfdf87c044bf0ce851d15b3,,
VirusShare_3145e55b6921c0da3c2a93de3bbbaa20,3145e55b6921c0da3c2a93de3bbbaa20,0,/mnt/datadisk/./datasets/0/VirusShare_3145e55b6921c0da3c2a93de3bbbaa20,,
VirusShare_f23bf520989ad8d5e23373e4993074bb,f23bf520989ad8d5e23373e4993074bb,0,/mnt/datadisk/./datasets/0/VirusShare_f23bf520989ad8d5e23373e4993074bb,,
VirusShare_283875a35abb32a74698c435ef52dd73,283875a35abb32a74698c435ef52dd73,0,/mnt/datadisk/./datasets/0/VirusShare_283875a35abb32a74698c435ef52dd73,,
VirusShare_d9e83a990c7bd74e6e595db61ef7722e,d9e83a990c7bd74e6e595db61ef7722e,0,/mnt/datadisk/./datasets/0/VirusShare_d9e83a990c7bd74e6e595db61ef7722e,,
VirusShare_950d053005709d410ee4e531ebe2b15d,950d053005709d410ee4e531ebe2b15d,0,/mnt/datadisk/./datasets/0/VirusShare_950d053005709d410ee4e531ebe2b15d,,
VirusShare_01f04c19f0726a61dc88c43e5c3c2be1,01f04c19f0726a61dc88c43e5c3c2be1,1,/mnt/datadisk/./datasets/1/VirusShare_01f04c19f0726a61dc88c43e5c3c2be1,,
VirusShare_835c2bc0b2668d5a2474df1811242614,835c2bc0b2668d5a2474df1811242614,0,/mnt/datadisk/./datasets/0/VirusShare_835c2bc0b2668d5a2474df1811242614,,
VirusShare_449763fc88ee06b265a863cf0477e60d,449763fc88ee06b265a863cf0477e60d,0,/mnt/datadisk/./datasets/0/VirusShare_449763fc88ee06b265a863cf0477e60d,,
VirusShare_7ff505f493c7e03d72d5f22bef57ca9e,7ff505f493c7e03d72d5f22bef57ca9e,1,/mnt/datadisk/./datasets/1/VirusShare_7ff505f493c7e03d72d5f22bef57ca9e,,
VirusShare_b4f69f466473039f2dfa00f8ddbf1dc1,b4f69f466473039f2dfa00f8ddbf1dc1,0,/mnt/datadisk/./datasets/0/VirusShare_b4f69f466473039f2dfa00f8ddbf1dc1,,
VirusShare_0bc38a302a66d13cb2ab5e0840bcc0d2,0bc38a302a66d13cb2ab5e0840bcc0d2,1,/mnt/datadisk/./datasets/1/VirusShare_0bc38a302a66d13cb2ab5e0840bcc0d2,,
VirusShare_2520cce1d7c3d2f9e860ff68d77f37ef,2520cce1d7c3d2f9e860ff68d77f37ef,0,/mnt/datadisk/./datasets/0/VirusShare_2520cce1d7c3d2f9e860ff68d77f37ef,,
VirusShare_312a4ecd537b1cf92195106aedafcf0f,312a4ecd537b1cf92195106aedafcf0f,0,/mnt/datadisk/./datasets/0/VirusShare_312a4ecd537b1cf92195106aedafcf0f,,
VirusShare_fd4935eb912d9c4930617f2342e8c79a,fd4935eb912d9c4930617f2342e8c79a,0,/mnt/datadisk/./datasets/0/VirusShare_fd4935eb912d9c4930617f2342e8c79a,,
VirusShare_c6cfa62bee8b852d17d8147b763248a2,c6cfa62bee8b852d17d8147b763248a2,0,/mnt/datadisk/./datasets/0/VirusShare_c6cfa62bee8b852d17d8147b763248a2,,
VirusShare_ab0475a401800c62225db10e18fd2cd5,ab0475a401800c62225db10e18fd2cd5,1,/mnt/datadisk/./datasets/1/VirusShare_ab0475a401800c62225db10e18fd2cd5,,
VirusShare_dea6415f0ff2606214685f0253400429,dea6415f0ff2606214685f0253400429,0,/mnt/datadisk/./datasets/0/VirusShare_dea6415f0ff2606214685f0253400429,,
VirusShare_01cf10b978994ed33cf594c3f911cc33,01cf10b978994ed33cf594c3f911cc33,0,/mnt/datadisk/./datasets/0/VirusShare_01cf10b978994ed33cf594c3f911cc33,,
VirusShare_e4fd065405d07e8b84afcebcf89cf04c,e4fd065405d07e8b84afcebcf89cf04c,0,/mnt/datadisk/./datasets/0/VirusShare_e4fd065405d07e8b84afcebcf89cf04c,,
VirusShare_c53139fca346f97775b1999789c3d549,c53139fca346f97775b1999789c3d549,1,/mnt/datadisk/./datasets/1/VirusShare_c53139fca346f97775b1999789c3d549,,
VirusShare_36a2dbb02c2aa7f418c5d1a1a2fc24f5,36a2dbb02c2aa7f418c5d1a1a2fc24f5,0,/mnt/datadisk/./datasets/0/VirusShare_36a2dbb02c2aa7f418c5d1a1a2fc24f5,,
VirusShare_5bbc85745b1af1a54c01269b36a862aa,5bbc85745b1af1a54c01269b36a862aa,1,/mnt/datadisk/./datasets/1/VirusShare_5bbc85745b1af1a54c01269b36a862aa,,
VirusShare_ca4ee62a55322203b2e0c5081a544603,ca4ee62a55322203b2e0c5081a544603,1,/mnt/datadisk/./datasets/1/VirusShare_ca4ee62a55322203b2e0c5081a544603,,
VirusShare_9a4ad8c9df722a9ea6f9e6d3428754d2,9a4ad8c9df722a9ea6f9e6d3428754d2,1,/mnt/datadisk/./datasets/1/VirusShare_9a4ad8c9df722a9ea6f9e6d3428754d2,,
VirusShare_f599fa101637efa1612b4006333cce3d,f599fa101637efa1612b4006333cce3d,1,/mnt/datadisk/./datasets/1/VirusShare_f599fa101637efa1612b4006333cce3d,,
VirusShare_ab66f60bc78599a2d397eceebc91b2c2,ab66f60bc78599a2d397eceebc91b2c2,0,/mnt/datadisk/./datasets/0/VirusShare_ab66f60bc78599a2d397eceebc91b2c2,,
VirusShare_d30c39fba040fff4e671659fd820bea5,d30c39fba040fff4e671659fd820bea5,1,/mnt/datadisk/./datasets/1/VirusShare_d30c39fba040fff4e671659fd820bea5,,
VirusShare_052f626b95ad3197692518e53a936fb2,052f626b95ad3197692518e53a936fb2,1,/mnt/datadisk/./datasets/1/VirusShare_052f626b95ad3197692518e53a936fb2,,
VirusShare_651c831520c7ef54e9cc6ad4fb1f8624,651c831520c7ef54e9cc6ad4fb1f8624,1,/mnt/datadisk/./datasets/1/VirusShare_651c831520c7ef54e9cc6ad4fb1f8624,,
VirusShare_1c4ce67d2e02f67e95681fc12235da4b,1c4ce67d2e02f67e95681fc12235da4b,0,/mnt/datadisk/./datasets/0/VirusShare_1c4ce67d2e02f67e95681fc12235da4b,,
VirusShare_99cfcbe3f4c6e81db840177ad130a603,99cfcbe3f4c6e81db840177ad130a603,0,/mnt/datadisk/./datasets/0/VirusShare_99cfcbe3f4c6e81db840177ad130a603,,
VirusShare_e9307774220edb0845b610a9306e991b,e9307774220edb0845b610a9306e991b,0,/mnt/datadisk/./datasets/0/VirusShare_e9307774220edb0845b610a9306e991b,,
VirusShare_d77bab9505cd858dd6b7f8ee8f4bf55c,d77bab9505cd858dd6b7f8ee8f4bf55c,0,/mnt/datadisk/./datasets/0/VirusShare_d77bab9505cd858dd6b7f8ee8f4bf55c,,
VirusShare_9231bceffd85923091387637a686bb19,9231bceffd85923091387637a686bb19,0,/mnt/datadisk/./datasets/0/VirusShare_9231bceffd85923091387637a686bb19,,
VirusShare_883c59768204c6214c04206335ffe781,883c59768204c6214c04206335ffe781,0,/mnt/datadisk/./datasets/0/VirusShare_883c59768204c6214c04206335ffe781,,
VirusShare_6c2c5640dea00148e91963fe12662e1c,6c2c5640dea00148e91963fe12662e1c,0,/mnt/datadisk/./datasets/0/VirusShare_6c2c5640dea00148e91963fe12662e1c,,
VirusShare_98105d7f07a19d36dc82c299cf24d552,98105d7f07a19d36dc82c299cf24d552,0,/mnt/datadisk/./datasets/0/VirusShare_98105d7f07a19d36dc82c299cf24d552,,
VirusShare_84c25b21e701694937bc2013b63cf540,84c25b21e701694937bc2013b63cf540,0,/mnt/datadisk/./datasets/0/VirusShare_84c25b21e701694937bc2013b63cf540,,
VirusShare_47355d92e20f2f179f9bf859ae92d5ed,47355d92e20f2f179f9bf859ae92d5ed,0,/mnt/datadisk/./datasets/0/VirusShare_47355d92e20f2f179f9bf859ae92d5ed,,
VirusShare_6d665471acf4ae737296eaa8ebaa827a,6d665471acf4ae737296eaa8ebaa827a,0,/mnt/datadisk/./datasets/0/VirusShare_6d665471acf4ae737296eaa8ebaa827a,,
VirusShare_75289b91e8bb773d7b9608588fcd0d50,75289b91e8bb773d7b9608588fcd0d50,1,/mnt/datadisk/./datasets/1/VirusShare_75289b91e8bb773d7b9608588fcd0d50,,
VirusShare_fbe06560b1d8aefd9e2ab24c2bd2479d,fbe06560b1d8aefd9e2ab24c2bd2479d,0,/mnt/datadisk/./datasets/0/VirusShare_fbe06560b1d8aefd9e2ab24c2bd2479d,,
VirusShare_9bce75cda15c943aab45faa14f6bf04b,9bce75cda15c943aab45faa14f6bf04b,0,/mnt/datadisk/./datasets/0/VirusShare_9bce75cda15c943aab45faa14f6bf04b,,
VirusShare_fe149ed6e0372410c5f4abf7c1b86b17,fe149ed6e0372410c5f4abf7c1b86b17,0,/mnt/datadisk/./datasets/0/VirusShare_fe149ed6e0372410c5f4abf7c1b86b17,,
VirusShare_00b20c9489e1dad5f071b2821525320c,00b20c9489e1dad5f071b2821525320c,0,/mnt/datadisk/./datasets/0/VirusShare_00b20c9489e1dad5f071b2821525320c,,
VirusShare_0fccfeb8fe8b73c9ec9c158d750c5a23,0fccfeb8fe8b73c9ec9c158d750c5a23,1,/mnt/datadisk/./datasets/1/VirusShare_0fccfeb8fe8b73c9ec9c158d750c5a23,,
VirusShare_ffb87a2c9cc2c495050eae229685d138,ffb87a2c9cc2c495050eae229685d138,0,/mnt/datadisk/./datasets/0/VirusShare_ffb87a2c9cc2c495050eae229685d138,,
VirusShare_65488c5b61a3fc9122f6cbd115ca7ecb,65488c5b61a3fc9122f6cbd115ca7ecb,0,/mnt/datadisk/./datasets/0/VirusShare_65488c5b61a3fc9122f6cbd115ca7ecb,,
VirusShare_e52d603efeb458fbd212ef29f00710dd,e52d603efeb458fbd212ef29f00710dd,0,/mnt/datadisk/./datasets/0/VirusShare_e52d603efeb458fbd212ef29f00710dd,,
VirusShare_66d7f6b60c507d66d9456afdd4c669ec,66d7f6b60c507d66d9456afdd4c669ec,1,/mnt/datadisk/./datasets/1/VirusShare_66d7f6b60c507d66d9456afdd4c669ec,,
VirusShare_cf4e24b52da13554813dd004bd8171ff,cf4e24b52da13554813dd004bd8171ff,0,/mnt/datadisk/./datasets/0/VirusShare_cf4e24b52da13554813dd004bd8171ff,,
VirusShare_8282727e654167ce5b0cef69d3c91656,8282727e654167ce5b0cef69d3c91656,0,/mnt/datadisk/./datasets/0/VirusShare_8282727e654167ce5b0cef69d3c91656,,
VirusShare_5937cbe59eead84792ea8891d3fc6999,5937cbe59eead84792ea8891d3fc6999,1,/mnt/datadisk/./datasets/1/VirusShare_5937cbe59eead84792ea8891d3fc6999,,
VirusShare_d22795792979c922f267d94445e40b90,d22795792979c922f267d94445e40b90,0,/mnt/datadisk/./datasets/0/VirusShare_d22795792979c922f267d94445e40b90,,
VirusShare_a6c8af48b5f7f850e5400cca5c288ae1,a6c8af48b5f7f850e5400cca5c288ae1,0,/mnt/datadisk/./datasets/0/VirusShare_a6c8af48b5f7f850e5400cca5c288ae1,,
VirusShare_e69a98f22ee888161ce926f08f3798cd,e69a98f22ee888161ce926f08f3798cd,0,/mnt/datadisk/./datasets/0/VirusShare_e69a98f22ee888161ce926f08f3798cd,,
VirusShare_f4f282cc92e7f3465e6676eb003aa63b,f4f282cc92e7f3465e6676eb003aa63b,0,/mnt/datadisk/./datasets/0/VirusShare_f4f282cc92e7f3465e6676eb003aa63b,,
VirusShare_ba6c5d53e9418b5ce3c569831b68a0c7,ba6c5d53e9418b5ce3c569831b68a0c7,1,/mnt/datadisk/./datasets/1/VirusShare_ba6c5d53e9418b5ce3c569831b68a0c7,,
VirusShare_60ba7d89fa523bc1db14d4407dc11e90,60ba7d89fa523bc1db14d4407dc11e90,0,/mnt/datadisk/./datasets/0/VirusShare_60ba7d89fa523bc1db14d4407dc11e90,,
VirusShare_8b6853555e2d45f6ad580f41c0f89da2,8b6853555e2d45f6ad580f41c0f89da2,0,/mnt/datadisk/./datasets/0/VirusShare_8b6853555e2d45f6ad580f41c0f89da2,,
VirusShare_821c2c93e53eb09d68caf72a8aed0b81,821c2c93e53eb09d68caf72a8aed0b81,0,/mnt/datadisk/./datasets/0/VirusShare_821c2c93e53eb09d68caf72a8aed0b81,,
VirusShare_d2de2186c7ef00203e5d7e6a27e7a1cf,d2de2186c7ef00203e5d7e6a27e7a1cf,1,/mnt/datadisk/./datasets/1/VirusShare_d2de2186c7ef00203e5d7e6a27e7a1cf,,
VirusShare_3cbc70373f2d8f8755e4fd784f623c13,3cbc70373f2d8f8755e4fd784f623c13,0,/mnt/datadisk/./datasets/0/VirusShare_3cbc70373f2d8f8755e4fd784f623c13,,
VirusShare_da959563261d457784cab3be49ff1119,da959563261d457784cab3be49ff1119,0,/mnt/datadisk/./datasets/0/VirusShare_da959563261d457784cab3be49ff1119,,
VirusShare_fd1a2593d96c123f0c275c7c87c1002f,fd1a2593d96c123f0c275c7c87c1002f,0,/mnt/datadisk/./datasets/0/VirusShare_fd1a2593d96c123f0c275c7c87c1002f,,
VirusShare_c5997159e9fb2dee73f3f8e99a4b11f7,c5997159e9fb2dee73f3f8e99a4b11f7,0,/mnt/datadisk/./datasets/0/VirusShare_c5997159e9fb2dee73f3f8e99a4b11f7,,
VirusShare_5d1470caf0cf10f682be43586f909f62,5d1470caf0cf10f682be43586f909f62,0,/mnt/datadisk/./datasets/0/VirusShare_5d1470caf0cf10f682be43586f909f62,,
VirusShare_0dc31acfb4d0ee0b7b3e1840e5e35238,0dc31acfb4d0ee0b7b3e1840e5e35238,1,/mnt/datadisk/./datasets/1/VirusShare_0dc31acfb4d0ee0b7b3e1840e5e35238,,
VirusShare_22490df3a9bf9d21cea92722a9c2e38a,22490df3a9bf9d21cea92722a9c2e38a,1,/mnt/datadisk/./datasets/1/VirusShare_22490df3a9bf9d21cea92722a9c2e38a,,
VirusShare_0ec4f008e9f2a9d30e3ca0ed0808b85e,0ec4f008e9f2a9d30e3ca0ed0808b85e,0,/mnt/datadisk/./datasets/0/VirusShare_0ec4f008e9f2a9d30e3ca0ed0808b85e,,
VirusShare_ee2fe3ea6a302935a18b625856691f49,ee2fe3ea6a302935a18b625856691f49,0,/mnt/datadisk/./datasets/0/VirusShare_ee2fe3ea6a302935a18b625856691f49,,
VirusShare_add6463660e5cb4b97f1ed27965a6847,add6463660e5cb4b97f1ed27965a6847,0,/mnt/datadisk/./datasets/0/VirusShare_add6463660e5cb4b97f1ed27965a6847,,
VirusShare_7a70d3fa2da7649e43c0bad6d4c7de33,7a70d3fa2da7649e43c0bad6d4c7de33,1,/mnt/datadisk/./datasets/1/VirusShare_7a70d3fa2da7649e43c0bad6d4c7de33,,
VirusShare_d7c0f584ac6e29f461cae60e2471b4b7,d7c0f584ac6e29f461cae60e2471b4b7,0,/mnt/datadisk/./datasets/0/VirusShare_d7c0f584ac6e29f461cae60e2471b4b7,,
VirusShare_d40b18e4e8830606d472653e7c3737dd,d40b18e4e8830606d472653e7c3737dd,1,/mnt/datadisk/./datasets/1/VirusShare_d40b18e4e8830606d472653e7c3737dd,,
VirusShare_d26ecad2f1da070dbdde7a3a36109175,d26ecad2f1da070dbdde7a3a36109175,1,/mnt/datadisk/./datasets/1/VirusShare_d26ecad2f1da070dbdde7a3a36109175,,
VirusShare_6ad688ff17e0b8d64f5e92898d04c798,6ad688ff17e0b8d64f5e92898d04c798,0,/mnt/datadisk/./datasets/0/VirusShare_6ad688ff17e0b8d64f5e92898d04c798,,
VirusShare_963121fb7ed7ae47d1c455a3881a07e9,963121fb7ed7ae47d1c455a3881a07e9,0,/mnt/datadisk/./datasets/0/VirusShare_963121fb7ed7ae47d1c455a3881a07e9,,
VirusShare_0565331d432f93c022c3c9b54a6bc0f8,0565331d432f93c022c3c9b54a6bc0f8,0,/mnt/datadisk/./datasets/0/VirusShare_0565331d432f93c022c3c9b54a6bc0f8,,
VirusShare_9b75517fd8ade34b6fcb1c2bb08668c3,9b75517fd8ade34b6fcb1c2bb08668c3,0,/mnt/datadisk/./datasets/0/VirusShare_9b75517fd8ade34b6fcb1c2bb08668c3,,
VirusShare_8fb5414bddfb061c6091d61b638c0098,8fb5414bddfb061c6091d61b638c0098,0,/mnt/datadisk/./datasets/0/VirusShare_8fb5414bddfb061c6091d61b638c0098,,
VirusShare_e7e9cabcce983826f3fcf49e79907c8b,e7e9cabcce983826f3fcf49e79907c8b,1,/mnt/datadisk/./datasets/1/VirusShare_e7e9cabcce983826f3fcf49e79907c8b,,
VirusShare_0e0017f3872a5e0237dd1c065a71031f,0e0017f3872a5e0237dd1c065a71031f,0,/mnt/datadisk/./datasets/0/VirusShare_0e0017f3872a5e0237dd1c065a71031f,,
VirusShare_e03258c4fa74fd72ed7cdb9a9b66d324,e03258c4fa74fd72ed7cdb9a9b66d324,0,/mnt/datadisk/./datasets/0/VirusShare_e03258c4fa74fd72ed7cdb9a9b66d324,,
VirusShare_611ed9762f2488bc338ea22fa67e5737,611ed9762f2488bc338ea22fa67e5737,1,/mnt/datadisk/./datasets/1/VirusShare_611ed9762f2488bc338ea22fa67e5737,,
VirusShare_2e2b50dae289d824c71ba7f72493812f,2e2b50dae289d824c71ba7f72493812f,1,/mnt/datadisk/./datasets/1/VirusShare_2e2b50dae289d824c71ba7f72493812f,,
VirusShare_49185f397621975ce505f2ea021b591a,49185f397621975ce505f2ea021b591a,0,/mnt/datadisk/./datasets/0/VirusShare_49185f397621975ce505f2ea021b591a,,
VirusShare_49d04019e08e682beb1f5ad9e8e74ee9,49d04019e08e682beb1f5ad9e8e74ee9,0,/mnt/datadisk/./datasets/0/VirusShare_49d04019e08e682beb1f5ad9e8e74ee9,,
VirusShare_12338c8c7143d456d26fb457be4e6096,12338c8c7143d456d26fb457be4e6096,0,/mnt/datadisk/./datasets/0/VirusShare_12338c8c7143d456d26fb457be4e6096,,
VirusShare_b7da0ffaeed79acf4c067ca3b6dcddae,b7da0ffaeed79acf4c067ca3b6dcddae,1,/mnt/datadisk/./datasets/1/VirusShare_b7da0ffaeed79acf4c067ca3b6dcddae,,
VirusShare_932f3ef7ace88f644a40e836c9e972d9,932f3ef7ace88f644a40e836c9e972d9,0,/mnt/datadisk/./datasets/0/VirusShare_932f3ef7ace88f644a40e836c9e972d9,,
VirusShare_17359e6853aa0497b66c2171e2b58688,17359e6853aa0497b66c2171e2b58688,1,/mnt/datadisk/./datasets/1/VirusShare_17359e6853aa0497b66c2171e2b58688,,
VirusShare_4f5349bfb263a3eaebb659ef6c85d903,4f5349bfb263a3eaebb659ef6c85d903,1,/mnt/datadisk/./datasets/1/VirusShare_4f5349bfb263a3eaebb659ef6c85d903,,
VirusShare_e63ad2b11a3b7bd223b934477de747cb,e63ad2b11a3b7bd223b934477de747cb,1,/mnt/datadisk/./datasets/1/VirusShare_e63ad2b11a3b7bd223b934477de747cb,,
VirusShare_4df8dd40cea92fc437fbff1e6b1595ab,4df8dd40cea92fc437fbff1e6b1595ab,1,/mnt/datadisk/./datasets/1/VirusShare_4df8dd40cea92fc437fbff1e6b1595ab,,
VirusShare_fc3f82c9200496428652bef9892ed46e,fc3f82c9200496428652bef9892ed46e,1,/mnt/datadisk/./datasets/1/VirusShare_fc3f82c9200496428652bef9892ed46e,,
VirusShare_51a9c62b973de53fb8cbe27ab7b6db9b,51a9c62b973de53fb8cbe27ab7b6db9b,0,/mnt/datadisk/./datasets/0/VirusShare_51a9c62b973de53fb8cbe27ab7b6db9b,,
VirusShare_a3b69fa649e32c80ab033dc98ced708f,a3b69fa649e32c80ab033dc98ced708f,0,/mnt/datadisk/./datasets/0/VirusShare_a3b69fa649e32c80ab033dc98ced708f,,
VirusShare_a226000397ee86bc7805c3f971915255,a226000397ee86bc7805c3f971915255,1,/mnt/datadisk/./datasets/1/VirusShare_a226000397ee86bc7805c3f971915255,,
VirusShare_f78271e69d8716b9353e463ca6378478,f78271e69d8716b9353e463ca6378478,0,/mnt/datadisk/./datasets/0/VirusShare_f78271e69d8716b9353e463ca6378478,,
VirusShare_e15256b7629dcd3694f9a4faec86f4ae,e15256b7629dcd3694f9a4faec86f4ae,0,/mnt/datadisk/./datasets/0/VirusShare_e15256b7629dcd3694f9a4faec86f4ae,,
VirusShare_66749905f33d0e8b4d145da445af4258,66749905f33d0e8b4d145da445af4258,0,/mnt/datadisk/./datasets/0/VirusShare_66749905f33d0e8b4d145da445af4258,,
VirusShare_3829047d45b973b4512e6b3dd2a542c0,3829047d45b973b4512e6b3dd2a542c0,0,/mnt/datadisk/./datasets/0/VirusShare_3829047d45b973b4512e6b3dd2a542c0,,
VirusShare_4c3a2d588cc7c5df8ac9d10a1556932c,4c3a2d588cc7c5df8ac9d10a1556932c,0,/mnt/datadisk/./datasets/0/VirusShare_4c3a2d588cc7c5df8ac9d10a1556932c,,
VirusShare_512de5d6ed04a138bc3bcfc45738bded,512de5d6ed04a138bc3bcfc45738bded,0,/mnt/datadisk/./datasets/0/VirusShare_512de5d6ed04a138bc3bcfc45738bded,,
VirusShare_37ce79fd21718b07d7da508608b5d7fb,37ce79fd21718b07d7da508608b5d7fb,0,/mnt/datadisk/./datasets/0/VirusShare_37ce79fd21718b07d7da508608b5d7fb,,
VirusShare_a334628fc57c49f3282a1b3d6a0da61a,a334628fc57c49f3282a1b3d6a0da61a,0,/mnt/datadisk/./datasets/0/VirusShare_a334628fc57c49f3282a1b3d6a0da61a,,
VirusShare_d1370530f3921d5e97c3de5cfbd0c5d8,d1370530f3921d5e97c3de5cfbd0c5d8,1,/mnt/datadisk/./datasets/1/VirusShare_d1370530f3921d5e97c3de5cfbd0c5d8,,
VirusShare_6d2f06668ce8a9c198fb78996e2729ad,6d2f06668ce8a9c198fb78996e2729ad,1,/mnt/datadisk/./datasets/1/VirusShare_6d2f06668ce8a9c198fb78996e2729ad,,
VirusShare_2fc7dceeac95ed512d55aaa6313fe354,2fc7dceeac95ed512d55aaa6313fe354,0,/mnt/datadisk/./datasets/0/VirusShare_2fc7dceeac95ed512d55aaa6313fe354,,
VirusShare_719d18da74700ad3d6afc7fb1949b25c,719d18da74700ad3d6afc7fb1949b25c,0,/mnt/datadisk/./datasets/0/VirusShare_719d18da74700ad3d6afc7fb1949b25c,,
VirusShare_5819d72152dd70e8bf9bc091ec7db35f,5819d72152dd70e8bf9bc091ec7db35f,0,/mnt/datadisk/./datasets/0/VirusShare_5819d72152dd70e8bf9bc091ec7db35f,,
VirusShare_0b6a8d0cb43ac3b6315b71cb6c717142,0b6a8d0cb43ac3b6315b71cb6c717142,0,/mnt/datadisk/./datasets/0/VirusShare_0b6a8d0cb43ac3b6315b71cb6c717142,,
VirusShare_9f789709412633d62ffe2ce3f4300291,9f789709412633d62ffe2ce3f4300291,0,/mnt/datadisk/./datasets/0/VirusShare_9f789709412633d62ffe2ce3f4300291,,
VirusShare_7fb067519fd8ed630182dc3a9363e8ce,7fb067519fd8ed630182dc3a9363e8ce,0,/mnt/datadisk/./datasets/0/VirusShare_7fb067519fd8ed630182dc3a9363e8ce,,
VirusShare_6b83368d6b2364c927496061a8312064,6b83368d6b2364c927496061a8312064,1,/mnt/datadisk/./datasets/1/VirusShare_6b83368d6b2364c927496061a8312064,,
VirusShare_1afd5ab30a10a8c079689dabc5a668ea,1afd5ab30a10a8c079689dabc5a668ea,0,/mnt/datadisk/./datasets/0/VirusShare_1afd5ab30a10a8c079689dabc5a668ea,,
VirusShare_ff0ccbbb7f0248c3a200564f62d4fa7f,ff0ccbbb7f0248c3a200564f62d4fa7f,1,/mnt/datadisk/./datasets/1/VirusShare_ff0ccbbb7f0248c3a200564f62d4fa7f,,
VirusShare_d0c14f3e45b4868947d125d29a06642a,d0c14f3e45b4868947d125d29a06642a,1,/mnt/datadisk/./datasets/1/VirusShare_d0c14f3e45b4868947d125d29a06642a,,
VirusShare_4d9b756d420141ea7f46bde9297ec379,4d9b756d420141ea7f46bde9297ec379,0,/mnt/datadisk/./datasets/0/VirusShare_4d9b756d420141ea7f46bde9297ec379,,
VirusShare_0f269ebb6bdde2b1aba3ebbe4f552584,0f269ebb6bdde2b1aba3ebbe4f552584,0,/mnt/datadisk/./datasets/0/VirusShare_0f269ebb6bdde2b1aba3ebbe4f552584,,
VirusShare_f2c1acf689a14f3f38b3a69e8e7cfd97,f2c1acf689a14f3f38b3a69e8e7cfd97,0,/mnt/datadisk/./datasets/0/VirusShare_f2c1acf689a14f3f38b3a69e8e7cfd97,,
VirusShare_be4c2f5f2e00c17b06080726837edab8,be4c2f5f2e00c17b06080726837edab8,0,/mnt/datadisk/./datasets/0/VirusShare_be4c2f5f2e00c17b06080726837edab8,,
VirusShare_1d24d79300a594697d58157d6ca5c7cb,1d24d79300a594697d58157d6ca5c7cb,0,/mnt/datadisk/./datasets/0/VirusShare_1d24d79300a594697d58157d6ca5c7cb,,
VirusShare_ac31a9da638d8f5ffe658b0706a20064,ac31a9da638d8f5ffe658b0706a20064,1,/mnt/datadisk/./datasets/1/VirusShare_ac31a9da638d8f5ffe658b0706a20064,,
VirusShare_3e47197cb58216f251c3f4eb344769f7,3e47197cb58216f251c3f4eb344769f7,0,/mnt/datadisk/./datasets/0/VirusShare_3e47197cb58216f251c3f4eb344769f7,,
VirusShare_13111c56ae3adda6b63f7161b2a80c2e,13111c56ae3adda6b63f7161b2a80c2e,0,/mnt/datadisk/./datasets/0/VirusShare_13111c56ae3adda6b63f7161b2a80c2e,,
VirusShare_3ea09416ad2ccf64465ae56fbee16813,3ea09416ad2ccf64465ae56fbee16813,1,/mnt/datadisk/./datasets/1/VirusShare_3ea09416ad2ccf64465ae56fbee16813,,
VirusShare_17d86fc3b73c8834cf468c3ed8231e1e,17d86fc3b73c8834cf468c3ed8231e1e,0,/mnt/datadisk/./datasets/0/VirusShare_17d86fc3b73c8834cf468c3ed8231e1e,,
VirusShare_f70d0e313aabf5367ad6e5550513dc06,f70d0e313aabf5367ad6e5550513dc06,0,/mnt/datadisk/./datasets/0/VirusShare_f70d0e313aabf5367ad6e5550513dc06,,
VirusShare_c02a4f77f1566a7b0e7e54710ca668bc,c02a4f77f1566a7b0e7e54710ca668bc,1,/mnt/datadisk/./datasets/1/VirusShare_c02a4f77f1566a7b0e7e54710ca668bc,,
VirusShare_3804f896e2314fdcd56467cd0794925d,3804f896e2314fdcd56467cd0794925d,0,/mnt/datadisk/./datasets/0/VirusShare_3804f896e2314fdcd56467cd0794925d,,
VirusShare_4baf3a6b9386318d1fa22a096fafa364,4baf3a6b9386318d1fa22a096fafa364,0,/mnt/datadisk/./datasets/0/VirusShare_4baf3a6b9386318d1fa22a096fafa364,,
VirusShare_55713ab3d3c422cfcdc12919ae8b570f,55713ab3d3c422cfcdc12919ae8b570f,0,/mnt/datadisk/./datasets/0/VirusShare_55713ab3d3c422cfcdc12919ae8b570f,,
VirusShare_52c627191471a937f877763447ae6e63,52c627191471a937f877763447ae6e63,0,/mnt/datadisk/./datasets/0/VirusShare_52c627191471a937f877763447ae6e63,,
VirusShare_4b1d4a2b332ecba84283c97915ae6b14,4b1d4a2b332ecba84283c97915ae6b14,0,/mnt/datadisk/./datasets/0/VirusShare_4b1d4a2b332ecba84283c97915ae6b14,,
VirusShare_ecdcdbe016e2952a144ba8422c295246,ecdcdbe016e2952a144ba8422c295246,0,/mnt/datadisk/./datasets/0/VirusShare_ecdcdbe016e2952a144ba8422c295246,,
VirusShare_a977a53a3fd1099ec1c0423157f5263c,a977a53a3fd1099ec1c0423157f5263c,0,/mnt/datadisk/./datasets/0/VirusShare_a977a53a3fd1099ec1c0423157f5263c,,
VirusShare_cfca2d6f3d47105a6b32b128e6e8bb5e,cfca2d6f3d47105a6b32b128e6e8bb5e,1,/mnt/datadisk/./datasets/1/VirusShare_cfca2d6f3d47105a6b32b128e6e8bb5e,,
VirusShare_7e1de728e265ef57c98bcac93c086e8f,7e1de728e265ef57c98bcac93c086e8f,0,/mnt/datadisk/./datasets/0/VirusShare_7e1de728e265ef57c98bcac93c086e8f,,
VirusShare_2c5ffe09acf3b174346d068b9eac19bf,2c5ffe09acf3b174346d068b9eac19bf,0,/mnt/datadisk/./datasets/0/VirusShare_2c5ffe09acf3b174346d068b9eac19bf,,
VirusShare_f436f06e1b7e1d1e6f795ca10086a5e9,f436f06e1b7e1d1e6f795ca10086a5e9,0,/mnt/datadisk/./datasets/0/VirusShare_f436f06e1b7e1d1e6f795ca10086a5e9,,
VirusShare_d950da847e3e7d99790f700cd93f5ac3,d950da847e3e7d99790f700cd93f5ac3,0,/mnt/datadisk/./datasets/0/VirusShare_d950da847e3e7d99790f700cd93f5ac3,,
VirusShare_bcfc38927c342f015a7cf060c70eb2a2,bcfc38927c342f015a7cf060c70eb2a2,0,/mnt/datadisk/./datasets/0/VirusShare_bcfc38927c342f015a7cf060c70eb2a2,,
VirusShare_a25a2927eb2e1fae5b4487ee68f5dcb3,a25a2927eb2e1fae5b4487ee68f5dcb3,0,/mnt/datadisk/./datasets/0/VirusShare_a25a2927eb2e1fae5b4487ee68f5dcb3,,
VirusShare_02729f9c03e36df4976c967b9341d752,02729f9c03e36df4976c967b9341d752,0,/mnt/datadisk/./datasets/0/VirusShare_02729f9c03e36df4976c967b9341d752,,
VirusShare_072127770a162d77e9791748a9813a60,072127770a162d77e9791748a9813a60,0,/mnt/datadisk/./datasets/0/VirusShare_072127770a162d77e9791748a9813a60,,
VirusShare_46b7cfaeb4bfb9a1964fccc5dfc59013,46b7cfaeb4bfb9a1964fccc5dfc59013,0,/mnt/datadisk/./datasets/0/VirusShare_46b7cfaeb4bfb9a1964fccc5dfc59013,,
VirusShare_be52638f5e5fda2795df3464b34ebbcc,be52638f5e5fda2795df3464b34ebbcc,0,/mnt/datadisk/./datasets/0/VirusShare_be52638f5e5fda2795df3464b34ebbcc,,
VirusShare_e41c7f556e9463f88346c8cf98d14a7d,e41c7f556e9463f88346c8cf98d14a7d,0,/mnt/datadisk/./datasets/0/VirusShare_e41c7f556e9463f88346c8cf98d14a7d,,
VirusShare_69c32f1b949ebf962a466292436b6cf1,69c32f1b949ebf962a466292436b6cf1,0,/mnt/datadisk/./datasets/0/VirusShare_69c32f1b949ebf962a466292436b6cf1,,
VirusShare_4b927f466fa079f39b13f00b4c34f68c,4b927f466fa079f39b13f00b4c34f68c,0,/mnt/datadisk/./datasets/0/VirusShare_4b927f466fa079f39b13f00b4c34f68c,,
VirusShare_7670b4838b0389f031e4dee1d90c4368,7670b4838b0389f031e4dee1d90c4368,0,/mnt/datadisk/./datasets/0/VirusShare_7670b4838b0389f031e4dee1d90c4368,,
VirusShare_b5845bcd64b6ab1200855407e2737225,b5845bcd64b6ab1200855407e2737225,0,/mnt/datadisk/./datasets/0/VirusShare_b5845bcd64b6ab1200855407e2737225,,
VirusShare_4e5eb7cdd79f9bf2b5733af61232ff3b,4e5eb7cdd79f9bf2b5733af61232ff3b,0,/mnt/datadisk/./datasets/0/VirusShare_4e5eb7cdd79f9bf2b5733af61232ff3b,,
VirusShare_b80ee17d223b44472e1cbbf63a446690,b80ee17d223b44472e1cbbf63a446690,1,/mnt/datadisk/./datasets/1/VirusShare_b80ee17d223b44472e1cbbf63a446690,,
VirusShare_cf90286904b01fd5746bdc91793dc9ab,cf90286904b01fd5746bdc91793dc9ab,0,/mnt/datadisk/./datasets/0/VirusShare_cf90286904b01fd5746bdc91793dc9ab,,
VirusShare_107b61ade2726b9c7f9111815455f92e,107b61ade2726b9c7f9111815455f92e,0,/mnt/datadisk/./datasets/0/VirusShare_107b61ade2726b9c7f9111815455f92e,,
VirusShare_2bf19db2fbbb97b004ede2d19f085b3f,2bf19db2fbbb97b004ede2d19f085b3f,1,/mnt/datadisk/./datasets/1/VirusShare_2bf19db2fbbb97b004ede2d19f085b3f,,
VirusShare_5019d72a996d603cfe2dd6527c16aada,5019d72a996d603cfe2dd6527c16aada,0,/mnt/datadisk/./datasets/0/VirusShare_5019d72a996d603cfe2dd6527c16aada,,
VirusShare_9f5cde189236c3dd0a3933b722953d37,9f5cde189236c3dd0a3933b722953d37,0,/mnt/datadisk/./datasets/0/VirusShare_9f5cde189236c3dd0a3933b722953d37,,
VirusShare_5b7f297ae7751a16b852cb3ab009963f,5b7f297ae7751a16b852cb3ab009963f,0,/mnt/datadisk/./datasets/0/VirusShare_5b7f297ae7751a16b852cb3ab009963f,,
VirusShare_9f957ed069cc145b395c9ec9c11360b6,9f957ed069cc145b395c9ec9c11360b6,0,/mnt/datadisk/./datasets/0/VirusShare_9f957ed069cc145b395c9ec9c11360b6,,
VirusShare_77ce4e0342ea36a983ce82f8e8762381,77ce4e0342ea36a983ce82f8e8762381,1,/mnt/datadisk/./datasets/1/VirusShare_77ce4e0342ea36a983ce82f8e8762381,,
VirusShare_698b2d1826a37f07d8bb05faca5e03f7,698b2d1826a37f07d8bb05faca5e03f7,0,/mnt/datadisk/./datasets/0/VirusShare_698b2d1826a37f07d8bb05faca5e03f7,,
VirusShare_4fb8238392f5620233751ecde4092b84,4fb8238392f5620233751ecde4092b84,0,/mnt/datadisk/./datasets/0/VirusShare_4fb8238392f5620233751ecde4092b84,,
VirusShare_075c224b556dc89a564199c3203ff3ad,075c224b556dc89a564199c3203ff3ad,0,/mnt/datadisk/./datasets/0/VirusShare_075c224b556dc89a564199c3203ff3ad,,
VirusShare_3c477df0467501b1bd84043a04bd0b23,3c477df0467501b1bd84043a04bd0b23,0,/mnt/datadisk/./datasets/0/VirusShare_3c477df0467501b1bd84043a04bd0b23,,
VirusShare_a90e1992e77b7fb0969aeccc94757522,a90e1992e77b7fb0969aeccc94757522,0,/mnt/datadisk/./datasets/0/VirusShare_a90e1992e77b7fb0969aeccc94757522,,
VirusShare_f0df8342e9a6f3edabd24cead98e556f,f0df8342e9a6f3edabd24cead98e556f,1,/mnt/datadisk/./datasets/1/VirusShare_f0df8342e9a6f3edabd24cead98e556f,,
VirusShare_ed3db459cfd66b6e7271c40974213fec,ed3db459cfd66b6e7271c40974213fec,1,/mnt/datadisk/./datasets/1/VirusShare_ed3db459cfd66b6e7271c40974213fec,,
VirusShare_dbaada5219e50759bcb7a53ee930616f,dbaada5219e50759bcb7a53ee930616f,0,/mnt/datadisk/./datasets/0/VirusShare_dbaada5219e50759bcb7a53ee930616f,,
VirusShare_bcd5803d0fb375c867d8681851093824,bcd5803d0fb375c867d8681851093824,0,/mnt/datadisk/./datasets/0/VirusShare_bcd5803d0fb375c867d8681851093824,,
VirusShare_a9eb96e828156ca11c930960d572498d,a9eb96e828156ca11c930960d572498d,1,/mnt/datadisk/./datasets/1/VirusShare_a9eb96e828156ca11c930960d572498d,,
VirusShare_ec9ce1d9fc1e58243b327a3db3c2bd94,ec9ce1d9fc1e58243b327a3db3c2bd94,1,/mnt/datadisk/./datasets/1/VirusShare_ec9ce1d9fc1e58243b327a3db3c2bd94,,
VirusShare_2678a710c9e3f742056aa1cfbd345f2a,2678a710c9e3f742056aa1cfbd345f2a,0,/mnt/datadisk/./datasets/0/VirusShare_2678a710c9e3f742056aa1cfbd345f2a,,
VirusShare_1cbad45e97038f4b29f6a1cf4616000b,1cbad45e97038f4b29f6a1cf4616000b,0,/mnt/datadisk/./datasets/0/VirusShare_1cbad45e97038f4b29f6a1cf4616000b,,
VirusShare_6597148ba8b6a0d6f2232d11aa291100,6597148ba8b6a0d6f2232d11aa291100,0,/mnt/datadisk/./datasets/0/VirusShare_6597148ba8b6a0d6f2232d11aa291100,,
VirusShare_629209052b940d7d4872725fa7b7f260,629209052b940d7d4872725fa7b7f260,1,/mnt/datadisk/./datasets/1/VirusShare_629209052b940d7d4872725fa7b7f260,,
VirusShare_2e4aa4f5f591656754587074867a5014,2e4aa4f5f591656754587074867a5014,0,/mnt/datadisk/./datasets/0/VirusShare_2e4aa4f5f591656754587074867a5014,,
VirusShare_891e115bcc959cb206217ef54b4136bf,891e115bcc959cb206217ef54b4136bf,1,/mnt/datadisk/./datasets/1/VirusShare_891e115bcc959cb206217ef54b4136bf,,
VirusShare_33b8384412619f044e88ce017230827b,33b8384412619f044e88ce017230827b,1,/mnt/datadisk/./datasets/1/VirusShare_33b8384412619f044e88ce017230827b,,
VirusShare_ddd699374ed38b0ab8c223579623e351,ddd699374ed38b0ab8c223579623e351,1,/mnt/datadisk/./datasets/1/VirusShare_ddd699374ed38b0ab8c223579623e351,,
VirusShare_82784cf32d2dcd3efe862b2ab469790a,82784cf32d2dcd3efe862b2ab469790a,0,/mnt/datadisk/./datasets/0/VirusShare_82784cf32d2dcd3efe862b2ab469790a,,
VirusShare_f1d80d08c2254de011013a6b0bb40450,f1d80d08c2254de011013a6b0bb40450,1,/mnt/datadisk/./datasets/1/VirusShare_f1d80d08c2254de011013a6b0bb40450,,
VirusShare_23030f8ded8c32b1a99aebca73a3b9a9,23030f8ded8c32b1a99aebca73a3b9a9,0,/mnt/datadisk/./datasets/0/VirusShare_23030f8ded8c32b1a99aebca73a3b9a9,,
VirusShare_ae1a02a72667bbe7e488f5560fdee3d3,ae1a02a72667bbe7e488f5560fdee3d3,0,/mnt/datadisk/./datasets/0/VirusShare_ae1a02a72667bbe7e488f5560fdee3d3,,
VirusShare_7cb1a73b592480fa68424a57ec0b6e70,7cb1a73b592480fa68424a57ec0b6e70,0,/mnt/datadisk/./datasets/0/VirusShare_7cb1a73b592480fa68424a57ec0b6e70,,
VirusShare_3c7cadd6a502ad137e5fdd34ebeab642,3c7cadd6a502ad137e5fdd34ebeab642,0,/mnt/datadisk/./datasets/0/VirusShare_3c7cadd6a502ad137e5fdd34ebeab642,,
VirusShare_e579b01fb68a98b3343be6842595e2a7,e579b01fb68a98b3343be6842595e2a7,0,/mnt/datadisk/./datasets/0/VirusShare_e579b01fb68a98b3343be6842595e2a7,,
VirusShare_a26c19a9e4c803b8bf3f67135e743f57,a26c19a9e4c803b8bf3f67135e743f57,0,/mnt/datadisk/./datasets/0/VirusShare_a26c19a9e4c803b8bf3f67135e743f57,,
VirusShare_c1f60b6e052d5f66da8e5eafe3c4088e,c1f60b6e052d5f66da8e5eafe3c4088e,0,/mnt/datadisk/./datasets/0/VirusShare_c1f60b6e052d5f66da8e5eafe3c4088e,,
VirusShare_cb71e8959c3a0b7ec4ac2e1918cd32e9,cb71e8959c3a0b7ec4ac2e1918cd32e9,0,/mnt/datadisk/./datasets/0/VirusShare_cb71e8959c3a0b7ec4ac2e1918cd32e9,,
VirusShare_71ccddad1c2334d71da404811fd9ba18,71ccddad1c2334d71da404811fd9ba18,0,/mnt/datadisk/./datasets/0/VirusShare_71ccddad1c2334d71da404811fd9ba18,,
VirusShare_10b2438702e9690555ab32ab4708a215,10b2438702e9690555ab32ab4708a215,1,/mnt/datadisk/./datasets/1/VirusShare_10b2438702e9690555ab32ab4708a215,,
VirusShare_ef8511f2235f49bed82246486bdada13,ef8511f2235f49bed82246486bdada13,0,/mnt/datadisk/./datasets/0/VirusShare_ef8511f2235f49bed82246486bdada13,,
VirusShare_4a20f66ff12f7af1aaa7658f2847dbea,4a20f66ff12f7af1aaa7658f2847dbea,0,/mnt/datadisk/./datasets/0/VirusShare_4a20f66ff12f7af1aaa7658f2847dbea,,
VirusShare_9fecb8e09db953b5c234f6a7f2e52b75,9fecb8e09db953b5c234f6a7f2e52b75,0,/mnt/datadisk/./datasets/0/VirusShare_9fecb8e09db953b5c234f6a7f2e52b75,,
VirusShare_7db52e90af60d833405f2621e9e86484,7db52e90af60d833405f2621e9e86484,0,/mnt/datadisk/./datasets/0/VirusShare_7db52e90af60d833405f2621e9e86484,,
VirusShare_f67717a19676e2ebfe2e14d57d8f33ab,f67717a19676e2ebfe2e14d57d8f33ab,0,/mnt/datadisk/./datasets/0/VirusShare_f67717a19676e2ebfe2e14d57d8f33ab,,
VirusShare_66f0044655371408886ec822aad14aa3,66f0044655371408886ec822aad14aa3,0,/mnt/datadisk/./datasets/0/VirusShare_66f0044655371408886ec822aad14aa3,,
VirusShare_1f2dd01a707c4b8707e269ced4e0a4f7,1f2dd01a707c4b8707e269ced4e0a4f7,1,/mnt/datadisk/./datasets/1/VirusShare_1f2dd01a707c4b8707e269ced4e0a4f7,,
VirusShare_796cb77a13a12b5dfdde86db43afa457,796cb77a13a12b5dfdde86db43afa457,1,/mnt/datadisk/./datasets/1/VirusShare_796cb77a13a12b5dfdde86db43afa457,,
VirusShare_437fb30ae16146ba9fec7c28463951a7,437fb30ae16146ba9fec7c28463951a7,1,/mnt/datadisk/./datasets/1/VirusShare_437fb30ae16146ba9fec7c28463951a7,,
VirusShare_af366ca287f4fff65e730d609d3f6bd2,af366ca287f4fff65e730d609d3f6bd2,1,/mnt/datadisk/./datasets/1/VirusShare_af366ca287f4fff65e730d609d3f6bd2,,
VirusShare_4badca5aa76a7959b284fe743bc51997,4badca5aa76a7959b284fe743bc51997,0,/mnt/datadisk/./datasets/0/VirusShare_4badca5aa76a7959b284fe743bc51997,,
VirusShare_2682f6b633e58a2062b408faeb6fdf37,2682f6b633e58a2062b408faeb6fdf37,0,/mnt/datadisk/./datasets/0/VirusShare_2682f6b633e58a2062b408faeb6fdf37,,
VirusShare_c85c84854b97b923db49920c85b0ead0,c85c84854b97b923db49920c85b0ead0,0,/mnt/datadisk/./datasets/0/VirusShare_c85c84854b97b923db49920c85b0ead0,,
VirusShare_c602c53858e9d9c691201e1c7c99d2dd,c602c53858e9d9c691201e1c7c99d2dd,0,/mnt/datadisk/./datasets/0/VirusShare_c602c53858e9d9c691201e1c7c99d2dd,,
VirusShare_16bb8fa806203d708d89f628b7b53c9c,16bb8fa806203d708d89f628b7b53c9c,0,/mnt/datadisk/./datasets/0/VirusShare_16bb8fa806203d708d89f628b7b53c9c,,
VirusShare_37ca1f328e1e906c6b2a3a61dfa42367,37ca1f328e1e906c6b2a3a61dfa42367,1,/mnt/datadisk/./datasets/1/VirusShare_37ca1f328e1e906c6b2a3a61dfa42367,,
VirusShare_db3b284854f9bf126536d61987423ae1,db3b284854f9bf126536d61987423ae1,0,/mnt/datadisk/./datasets/0/VirusShare_db3b284854f9bf126536d61987423ae1,,
VirusShare_dffdaf2ab2b6eaba7c264fe32650de5a,dffdaf2ab2b6eaba7c264fe32650de5a,0,/mnt/datadisk/./datasets/0/VirusShare_dffdaf2ab2b6eaba7c264fe32650de5a,,
VirusShare_2a9f6b361e54841953bcd99f86694ab2,2a9f6b361e54841953bcd99f86694ab2,0,/mnt/datadisk/./datasets/0/VirusShare_2a9f6b361e54841953bcd99f86694ab2,,
VirusShare_fc79438ff79b859cdb481fc5785ffcc0,fc79438ff79b859cdb481fc5785ffcc0,0,/mnt/datadisk/./datasets/0/VirusShare_fc79438ff79b859cdb481fc5785ffcc0,,
VirusShare_c03e246cf84d8f15d4876110f09e048d,c03e246cf84d8f15d4876110f09e048d,0,/mnt/datadisk/./datasets/0/VirusShare_c03e246cf84d8f15d4876110f09e048d,,
VirusShare_109982a7801fce95b60c9e55219dcccd,109982a7801fce95b60c9e55219dcccd,0,/mnt/datadisk/./datasets/0/VirusShare_109982a7801fce95b60c9e55219dcccd,,
VirusShare_8802150e7573d4b48d5cec0445d5b4c9,8802150e7573d4b48d5cec0445d5b4c9,0,/mnt/datadisk/./datasets/0/VirusShare_8802150e7573d4b48d5cec0445d5b4c9,,
VirusShare_90d8953af568bb1ccab1350a1df8cc05,90d8953af568bb1ccab1350a1df8cc05,0,/mnt/datadisk/./datasets/0/VirusShare_90d8953af568bb1ccab1350a1df8cc05,,
VirusShare_b2a49f740f16f322060c6e23ec3f6b66,b2a49f740f16f322060c6e23ec3f6b66,0,/mnt/datadisk/./datasets/0/VirusShare_b2a49f740f16f322060c6e23ec3f6b66,,
VirusShare_2e25d4adb7d44638c5944e546336e249,2e25d4adb7d44638c5944e546336e249,1,/mnt/datadisk/./datasets/1/VirusShare_2e25d4adb7d44638c5944e546336e249,,
VirusShare_016eb8c5e18c8c485543396a7213a048,016eb8c5e18c8c485543396a7213a048,0,/mnt/datadisk/./datasets/0/VirusShare_016eb8c5e18c8c485543396a7213a048,,
VirusShare_3fe4cab7e6340f5fc8757c7d2229ab18,3fe4cab7e6340f5fc8757c7d2229ab18,0,/mnt/datadisk/./datasets/0/VirusShare_3fe4cab7e6340f5fc8757c7d2229ab18,,
VirusShare_0e14ef146913b1d7532891e6b5ab5219,0e14ef146913b1d7532891e6b5ab5219,0,/mnt/datadisk/./datasets/0/VirusShare_0e14ef146913b1d7532891e6b5ab5219,,
VirusShare_7e2f4c6d2fee90de207c6ecb6738f918,7e2f4c6d2fee90de207c6ecb6738f918,0,/mnt/datadisk/./datasets/0/VirusShare_7e2f4c6d2fee90de207c6ecb6738f918,,
VirusShare_db88f392cd8b915048d2d06f0eb57254,db88f392cd8b915048d2d06f0eb57254,1,/mnt/datadisk/./datasets/1/VirusShare_db88f392cd8b915048d2d06f0eb57254,,
VirusShare_fa1420ea691fa7184d9be5875587b58b,fa1420ea691fa7184d9be5875587b58b,0,/mnt/datadisk/./datasets/0/VirusShare_fa1420ea691fa7184d9be5875587b58b,,
VirusShare_394732824d4b6e094ce5d6f7fbc20fbb,394732824d4b6e094ce5d6f7fbc20fbb,0,/mnt/datadisk/./datasets/0/VirusShare_394732824d4b6e094ce5d6f7fbc20fbb,,
VirusShare_ef9589bf5303799d52dcb4b34fc10a99,ef9589bf5303799d52dcb4b34fc10a99,0,/mnt/datadisk/./datasets/0/VirusShare_ef9589bf5303799d52dcb4b34fc10a99,,
VirusShare_01a374fe3ad1deed124f4f97310c769c,01a374fe3ad1deed124f4f97310c769c,1,/mnt/datadisk/./datasets/1/VirusShare_01a374fe3ad1deed124f4f97310c769c,,
VirusShare_8e514de436e46fdac24dcd6e123028bd,8e514de436e46fdac24dcd6e123028bd,0,/mnt/datadisk/./datasets/0/VirusShare_8e514de436e46fdac24dcd6e123028bd,,
VirusShare_0cd5943057873d90624eaf2898283c34,0cd5943057873d90624eaf2898283c34,0,/mnt/datadisk/./datasets/0/VirusShare_0cd5943057873d90624eaf2898283c34,,
VirusShare_f0bc9d8e7ecbbaf63a2bb4d67dccf123,f0bc9d8e7ecbbaf63a2bb4d67dccf123,0,/mnt/datadisk/./datasets/0/VirusShare_f0bc9d8e7ecbbaf63a2bb4d67dccf123,,
VirusShare_db48c5261628593972e89077c73eb5a8,db48c5261628593972e89077c73eb5a8,0,/mnt/datadisk/./datasets/0/VirusShare_db48c5261628593972e89077c73eb5a8,,
VirusShare_4f423fbb6d7c31fd3cac2c3729e39762,4f423fbb6d7c31fd3cac2c3729e39762,1,/mnt/datadisk/./datasets/1/VirusShare_4f423fbb6d7c31fd3cac2c3729e39762,,
VirusShare_cfa471d911ab0913fff1acae4c86a330,cfa471d911ab0913fff1acae4c86a330,1,/mnt/datadisk/./datasets/1/VirusShare_cfa471d911ab0913fff1acae4c86a330,,
VirusShare_60f783bc56e5751bf09201f2b0862974,60f783bc56e5751bf09201f2b0862974,0,/mnt/datadisk/./datasets/0/VirusShare_60f783bc56e5751bf09201f2b0862974,,
VirusShare_56ffe27f062167014e8faaf1c8ef47b3,56ffe27f062167014e8faaf1c8ef47b3,0,/mnt/datadisk/./datasets/0/VirusShare_56ffe27f062167014e8faaf1c8ef47b3,,
VirusShare_3a632856051c26bd8b8fc7ecaac94f35,3a632856051c26bd8b8fc7ecaac94f35,0,/mnt/datadisk/./datasets/0/VirusShare_3a632856051c26bd8b8fc7ecaac94f35,,
VirusShare_347aa020aa2be96a9b60fe5eed6526c1,347aa020aa2be96a9b60fe5eed6526c1,0,/mnt/datadisk/./datasets/0/VirusShare_347aa020aa2be96a9b60fe5eed6526c1,,
VirusShare_c98f0728cd52a85325aefae0370b99ee,c98f0728cd52a85325aefae0370b99ee,1,/mnt/datadisk/./datasets/1/VirusShare_c98f0728cd52a85325aefae0370b99ee,,
VirusShare_e7664a83fe8e33625f1682f6553ca200,e7664a83fe8e33625f1682f6553ca200,0,/mnt/datadisk/./datasets/0/VirusShare_e7664a83fe8e33625f1682f6553ca200,,
VirusShare_4f60b2057a0d16f101b36c2c8c4cc31c,4f60b2057a0d16f101b36c2c8c4cc31c,1,/mnt/datadisk/./datasets/1/VirusShare_4f60b2057a0d16f101b36c2c8c4cc31c,,
VirusShare_e3de30f023963891fa8b85c8812cb12a,e3de30f023963891fa8b85c8812cb12a,1,/mnt/datadisk/./datasets/1/VirusShare_e3de30f023963891fa8b85c8812cb12a,,
VirusShare_0c7ee2a1af425a1036a3a8233bb06094,0c7ee2a1af425a1036a3a8233bb06094,1,/mnt/datadisk/./datasets/1/VirusShare_0c7ee2a1af425a1036a3a8233bb06094,,
VirusShare_9b536f6c5bf8e56535ccab836212f60a,9b536f6c5bf8e56535ccab836212f60a,0,/mnt/datadisk/./datasets/0/VirusShare_9b536f6c5bf8e56535ccab836212f60a,,
VirusShare_c23ba2395249d9cacc78e5c9781eaa33,c23ba2395249d9cacc78e5c9781eaa33,0,/mnt/datadisk/./datasets/0/VirusShare_c23ba2395249d9cacc78e5c9781eaa33,,
VirusShare_721b9217bbbae35e934e3918dd0ace8d,721b9217bbbae35e934e3918dd0ace8d,0,/mnt/datadisk/./datasets/0/VirusShare_721b9217bbbae35e934e3918dd0ace8d,,
VirusShare_14c28eb2664a360c7db0283ab045f3fa,14c28eb2664a360c7db0283ab045f3fa,0,/mnt/datadisk/./datasets/0/VirusShare_14c28eb2664a360c7db0283ab045f3fa,,
VirusShare_fb226db2efb5ea474112a3d8f0bd1725,fb226db2efb5ea474112a3d8f0bd1725,0,/mnt/datadisk/./datasets/0/VirusShare_fb226db2efb5ea474112a3d8f0bd1725,,
VirusShare_0c6b46e9c28f6d171d8b457c5bd96831,0c6b46e9c28f6d171d8b457c5bd96831,0,/mnt/datadisk/./datasets/0/VirusShare_0c6b46e9c28f6d171d8b457c5bd96831,,
VirusShare_a1ca271b07d591b1cf9fba663d65b29d,a1ca271b07d591b1cf9fba663d65b29d,0,/mnt/datadisk/./datasets/0/VirusShare_a1ca271b07d591b1cf9fba663d65b29d,,
VirusShare_4ddc2f20b7d416d6fbf18cf208941e0b,4ddc2f20b7d416d6fbf18cf208941e0b,1,/mnt/datadisk/./datasets/1/VirusShare_4ddc2f20b7d416d6fbf18cf208941e0b,,
VirusShare_f6c05a01cae5aae60a305501a9b5e8c3,f6c05a01cae5aae60a305501a9b5e8c3,0,/mnt/datadisk/./datasets/0/VirusShare_f6c05a01cae5aae60a305501a9b5e8c3,,
VirusShare_824aa1fa34d49469886ee0ab5e67bb56,824aa1fa34d49469886ee0ab5e67bb56,1,/mnt/datadisk/./datasets/1/VirusShare_824aa1fa34d49469886ee0ab5e67bb56,,
VirusShare_08d4e02308b9c3e3cf64f91bb00dc84b,08d4e02308b9c3e3cf64f91bb00dc84b,0,/mnt/datadisk/./datasets/0/VirusShare_08d4e02308b9c3e3cf64f91bb00dc84b,,
VirusShare_7425e9b9ba365db809ba919fba6bc770,7425e9b9ba365db809ba919fba6bc770,0,/mnt/datadisk/./datasets/0/VirusShare_7425e9b9ba365db809ba919fba6bc770,,
VirusShare_b7fe6771310f90d0ea604bb1babdbdd3,b7fe6771310f90d0ea604bb1babdbdd3,0,/mnt/datadisk/./datasets/0/VirusShare_b7fe6771310f90d0ea604bb1babdbdd3,,
VirusShare_f6808cc79c8d9cccbe4bd4a5de2afae8,f6808cc79c8d9cccbe4bd4a5de2afae8,0,/mnt/datadisk/./datasets/0/VirusShare_f6808cc79c8d9cccbe4bd4a5de2afae8,,
VirusShare_6e4c03afe6d457b34ad176518c12aa24,6e4c03afe6d457b34ad176518c12aa24,1,/mnt/datadisk/./datasets/1/VirusShare_6e4c03afe6d457b34ad176518c12aa24,,
VirusShare_9726037645d3687a149ea51b871413e4,9726037645d3687a149ea51b871413e4,0,/mnt/datadisk/./datasets/0/VirusShare_9726037645d3687a149ea51b871413e4,,
VirusShare_a8072b5d58ed682f9775c7cb9ec102a9,a8072b5d58ed682f9775c7cb9ec102a9,0,/mnt/datadisk/./datasets/0/VirusShare_a8072b5d58ed682f9775c7cb9ec102a9,,
VirusShare_d66f2a5b70c77567f30d256612904c00,d66f2a5b70c77567f30d256612904c00,0,/mnt/datadisk/./datasets/0/VirusShare_d66f2a5b70c77567f30d256612904c00,,
VirusShare_cf8b513949077a6985b50d51601d8757,cf8b513949077a6985b50d51601d8757,0,/mnt/datadisk/./datasets/0/VirusShare_cf8b513949077a6985b50d51601d8757,,
VirusShare_0cb05e9831b3363f6e809678f692abf5,0cb05e9831b3363f6e809678f692abf5,0,/mnt/datadisk/./datasets/0/VirusShare_0cb05e9831b3363f6e809678f692abf5,,
VirusShare_47e17f706e2b320a78737898d34a55d0,47e17f706e2b320a78737898d34a55d0,0,/mnt/datadisk/./datasets/0/VirusShare_47e17f706e2b320a78737898d34a55d0,,
VirusShare_5afe4dcf4d299b637b438dfda9307bef,5afe4dcf4d299b637b438dfda9307bef,0,/mnt/datadisk/./datasets/0/VirusShare_5afe4dcf4d299b637b438dfda9307bef,,
VirusShare_7bb221609288b122924c70894de31ee9,7bb221609288b122924c70894de31ee9,0,/mnt/datadisk/./datasets/0/VirusShare_7bb221609288b122924c70894de31ee9,,
VirusShare_bdd557372f00c48504c88ee45f992e19,bdd557372f00c48504c88ee45f992e19,0,/mnt/datadisk/./datasets/0/VirusShare_bdd557372f00c48504c88ee45f992e19,,
VirusShare_06f4ec1ee9d179d387daf6d27356131e,06f4ec1ee9d179d387daf6d27356131e,0,/mnt/datadisk/./datasets/0/VirusShare_06f4ec1ee9d179d387daf6d27356131e,,
VirusShare_04d1709becf142f6f34acdfcf40363c1,04d1709becf142f6f34acdfcf40363c1,0,/mnt/datadisk/./datasets/0/VirusShare_04d1709becf142f6f34acdfcf40363c1,,
VirusShare_fe3990d1c95e97be4144ee42efd7f72d,fe3990d1c95e97be4144ee42efd7f72d,0,/mnt/datadisk/./datasets/0/VirusShare_fe3990d1c95e97be4144ee42efd7f72d,,
VirusShare_d02e28ee9a0c5d7fe5f33cd6ef65212a,d02e28ee9a0c5d7fe5f33cd6ef65212a,0,/mnt/datadisk/./datasets/0/VirusShare_d02e28ee9a0c5d7fe5f33cd6ef65212a,,
VirusShare_c622180bd17de133af7b825023d71097,c622180bd17de133af7b825023d71097,0,/mnt/datadisk/./datasets/0/VirusShare_c622180bd17de133af7b825023d71097,,
VirusShare_a6093ae4ea63c09ea385244d070315ac,a6093ae4ea63c09ea385244d070315ac,1,/mnt/datadisk/./datasets/1/VirusShare_a6093ae4ea63c09ea385244d070315ac,,
VirusShare_460484a9eddbd4c4fca0a08bf4053bc0,460484a9eddbd4c4fca0a08bf4053bc0,0,/mnt/datadisk/./datasets/0/VirusShare_460484a9eddbd4c4fca0a08bf4053bc0,,
VirusShare_99a8becf9560cb3584930f0cdea99ecb,99a8becf9560cb3584930f0cdea99ecb,0,/mnt/datadisk/./datasets/0/VirusShare_99a8becf9560cb3584930f0cdea99ecb,,
VirusShare_c40ae54918dca37bafb81823175449f1,c40ae54918dca37bafb81823175449f1,0,/mnt/datadisk/./datasets/0/VirusShare_c40ae54918dca37bafb81823175449f1,,
VirusShare_091d955ce0c7ddd77a0876577337a21f,091d955ce0c7ddd77a0876577337a21f,1,/mnt/datadisk/./datasets/1/VirusShare_091d955ce0c7ddd77a0876577337a21f,,
VirusShare_4ff5c1332c29c3c55f0905d410b4985b,4ff5c1332c29c3c55f0905d410b4985b,1,/mnt/datadisk/./datasets/1/VirusShare_4ff5c1332c29c3c55f0905d410b4985b,,
VirusShare_542be8d79f724e52eb355fdf821f455a,542be8d79f724e52eb355fdf821f455a,0,/mnt/datadisk/./datasets/0/VirusShare_542be8d79f724e52eb355fdf821f455a,,
VirusShare_e1b3d94b7f0a235c0734761e5a60642e,e1b3d94b7f0a235c0734761e5a60642e,1,/mnt/datadisk/./datasets/1/VirusShare_e1b3d94b7f0a235c0734761e5a60642e,,
VirusShare_e0ea4e7387a5aebaa339694b53dd3ca8,e0ea4e7387a5aebaa339694b53dd3ca8,0,/mnt/datadisk/./datasets/0/VirusShare_e0ea4e7387a5aebaa339694b53dd3ca8,,
VirusShare_f42e805d25e19f28590f5c736357dbfa,f42e805d25e19f28590f5c736357dbfa,0,/mnt/datadisk/./datasets/0/VirusShare_f42e805d25e19f28590f5c736357dbfa,,
VirusShare_f91c7b0221bc2355b04f6b5b6b8c825a,f91c7b0221bc2355b04f6b5b6b8c825a,0,/mnt/datadisk/./datasets/0/VirusShare_f91c7b0221bc2355b04f6b5b6b8c825a,,
VirusShare_d848f53c9ac319e84302257a0bcb26d4,d848f53c9ac319e84302257a0bcb26d4,1,/mnt/datadisk/./datasets/1/VirusShare_d848f53c9ac319e84302257a0bcb26d4,,
VirusShare_efdbb58aae9e835db973478dc5870900,efdbb58aae9e835db973478dc5870900,0,/mnt/datadisk/./datasets/0/VirusShare_efdbb58aae9e835db973478dc5870900,,
VirusShare_b20476f3652841ef9abd15d05413fa5f,b20476f3652841ef9abd15d05413fa5f,1,/mnt/datadisk/./datasets/1/VirusShare_b20476f3652841ef9abd15d05413fa5f,,
VirusShare_00fe4203a5977ddfebd62d529dde4df0,00fe4203a5977ddfebd62d529dde4df0,0,/mnt/datadisk/./datasets/0/VirusShare_00fe4203a5977ddfebd62d529dde4df0,,
VirusShare_b86ca3fdea27d6f6adca8d2c0aa13090,b86ca3fdea27d6f6adca8d2c0aa13090,1,/mnt/datadisk/./datasets/1/VirusShare_b86ca3fdea27d6f6adca8d2c0aa13090,,
VirusShare_b15bba509dfef4a2ed7a14605915b585,b15bba509dfef4a2ed7a14605915b585,0,/mnt/datadisk/./datasets/0/VirusShare_b15bba509dfef4a2ed7a14605915b585,,
VirusShare_a8d484e19fab68ab08f872248b209ef1,a8d484e19fab68ab08f872248b209ef1,0,/mnt/datadisk/./datasets/0/VirusShare_a8d484e19fab68ab08f872248b209ef1,,
VirusShare_d03446d54e7a9b6ac421c788c85122ef,d03446d54e7a9b6ac421c788c85122ef,0,/mnt/datadisk/./datasets/0/VirusShare_d03446d54e7a9b6ac421c788c85122ef,,
VirusShare_a320b3f508811dd355c6a80411cb1c16,a320b3f508811dd355c6a80411cb1c16,0,/mnt/datadisk/./datasets/0/VirusShare_a320b3f508811dd355c6a80411cb1c16,,
VirusShare_fc2ac1f5970829397d04da4ff99df23b,fc2ac1f5970829397d04da4ff99df23b,1,/mnt/datadisk/./datasets/1/VirusShare_fc2ac1f5970829397d04da4ff99df23b,,
VirusShare_47d1a15a2fed12a8366e5674fe1fe5f1,47d1a15a2fed12a8366e5674fe1fe5f1,0,/mnt/datadisk/./datasets/0/VirusShare_47d1a15a2fed12a8366e5674fe1fe5f1,,
VirusShare_1af98104bbf7293c0e4156d7ca2794c3,1af98104bbf7293c0e4156d7ca2794c3,0,/mnt/datadisk/./datasets/0/VirusShare_1af98104bbf7293c0e4156d7ca2794c3,,
VirusShare_6f1160ce0f3f0e1fb18d1c50f0804125,6f1160ce0f3f0e1fb18d1c50f0804125,0,/mnt/datadisk/./datasets/0/VirusShare_6f1160ce0f3f0e1fb18d1c50f0804125,,
VirusShare_d7ebc1193dae6cb66f6675590aa1c7db,d7ebc1193dae6cb66f6675590aa1c7db,1,/mnt/datadisk/./datasets/1/VirusShare_d7ebc1193dae6cb66f6675590aa1c7db,,
VirusShare_4cc6022962d3329883a97e0c56fdac74,4cc6022962d3329883a97e0c56fdac74,1,/mnt/datadisk/./datasets/1/VirusShare_4cc6022962d3329883a97e0c56fdac74,,
VirusShare_6ade6feb3e9006eade1dcbdcce7cea63,6ade6feb3e9006eade1dcbdcce7cea63,1,/mnt/datadisk/./datasets/1/VirusShare_6ade6feb3e9006eade1dcbdcce7cea63,,
VirusShare_42c6e683566c7a7be98a9c63ec166803,42c6e683566c7a7be98a9c63ec166803,1,/mnt/datadisk/./datasets/1/VirusShare_42c6e683566c7a7be98a9c63ec166803,,
VirusShare_53cbb87ebcaa51046685c3cf18d70f17,53cbb87ebcaa51046685c3cf18d70f17,1,/mnt/datadisk/./datasets/1/VirusShare_53cbb87ebcaa51046685c3cf18d70f17,,
VirusShare_fb98a789e8446a72356269cc67df747f,fb98a789e8446a72356269cc67df747f,1,/mnt/datadisk/./datasets/1/VirusShare_fb98a789e8446a72356269cc67df747f,,
VirusShare_d051b9d5c5385ca9d1b482e17d3b9e18,d051b9d5c5385ca9d1b482e17d3b9e18,0,/mnt/datadisk/./datasets/0/VirusShare_d051b9d5c5385ca9d1b482e17d3b9e18,,
VirusShare_d95da80d7a4ef553989f177eec981187,d95da80d7a4ef553989f177eec981187,1,/mnt/datadisk/./datasets/1/VirusShare_d95da80d7a4ef553989f177eec981187,,
VirusShare_f62a6fb2a94554493e1dda05a5c1d9a7,f62a6fb2a94554493e1dda05a5c1d9a7,0,/mnt/datadisk/./datasets/0/VirusShare_f62a6fb2a94554493e1dda05a5c1d9a7,,
VirusShare_97a514fe6b7d317b4a0ae65ba11c9a73,97a514fe6b7d317b4a0ae65ba11c9a73,0,/mnt/datadisk/./datasets/0/VirusShare_97a514fe6b7d317b4a0ae65ba11c9a73,,
VirusShare_8ec4df27760e389475e332e84668f4a7,8ec4df27760e389475e332e84668f4a7,0,/mnt/datadisk/./datasets/0/VirusShare_8ec4df27760e389475e332e84668f4a7,,
VirusShare_c1fe1aa006b958d76cf2300af985ba80,c1fe1aa006b958d76cf2300af985ba80,0,/mnt/datadisk/./datasets/0/VirusShare_c1fe1aa006b958d76cf2300af985ba80,,
VirusShare_38d58df5f04dbb6a709772d643f4363b,38d58df5f04dbb6a709772d643f4363b,1,/mnt/datadisk/./datasets/1/VirusShare_38d58df5f04dbb6a709772d643f4363b,,
VirusShare_2c2b0462e2a1414cadd8657f26442340,2c2b0462e2a1414cadd8657f26442340,1,/mnt/datadisk/./datasets/1/VirusShare_2c2b0462e2a1414cadd8657f26442340,,
VirusShare_f0d8e802cf91a2a4a6b6b9ad155f55bf,f0d8e802cf91a2a4a6b6b9ad155f55bf,0,/mnt/datadisk/./datasets/0/VirusShare_f0d8e802cf91a2a4a6b6b9ad155f55bf,,
VirusShare_40227861ca76dc63001dd35b512017e2,40227861ca76dc63001dd35b512017e2,1,/mnt/datadisk/./datasets/1/VirusShare_40227861ca76dc63001dd35b512017e2,,
VirusShare_25d7926bab3ac72827a1c1fba9271527,25d7926bab3ac72827a1c1fba9271527,1,/mnt/datadisk/./datasets/1/VirusShare_25d7926bab3ac72827a1c1fba9271527,,
VirusShare_598a2e88d21d1d1ca52802ded9bec071,598a2e88d21d1d1ca52802ded9bec071,1,/mnt/datadisk/./datasets/1/VirusShare_598a2e88d21d1d1ca52802ded9bec071,,
VirusShare_4da21cda6a26f7f455d8beea4b4e17d4,4da21cda6a26f7f455d8beea4b4e17d4,0,/mnt/datadisk/./datasets/0/VirusShare_4da21cda6a26f7f455d8beea4b4e17d4,,
VirusShare_657cb97036e9703a01d6073afe4e5ca8,657cb97036e9703a01d6073afe4e5ca8,1,/mnt/datadisk/./datasets/1/VirusShare_657cb97036e9703a01d6073afe4e5ca8,,
VirusShare_83acc2dac812cf4872261a2b6378db78,83acc2dac812cf4872261a2b6378db78,1,/mnt/datadisk/./datasets/1/VirusShare_83acc2dac812cf4872261a2b6378db78,,
VirusShare_03978e60c8259d31af1ecdbae8d93c47,03978e60c8259d31af1ecdbae8d93c47,0,/mnt/datadisk/./datasets/0/VirusShare_03978e60c8259d31af1ecdbae8d93c47,,
VirusShare_6de83fc853106af9719b072d62eb638c,6de83fc853106af9719b072d62eb638c,0,/mnt/datadisk/./datasets/0/VirusShare_6de83fc853106af9719b072d62eb638c,,
VirusShare_f69d8f7707fd214fad1dbf3f1f1765a9,f69d8f7707fd214fad1dbf3f1f1765a9,0,/mnt/datadisk/./datasets/0/VirusShare_f69d8f7707fd214fad1dbf3f1f1765a9,,
VirusShare_9e4bc8fa0abf700104cc8cf738e6b33d,9e4bc8fa0abf700104cc8cf738e6b33d,1,/mnt/datadisk/./datasets/1/VirusShare_9e4bc8fa0abf700104cc8cf738e6b33d,,
VirusShare_667e8952a4a0863a6c9a3e4065e76ab2,667e8952a4a0863a6c9a3e4065e76ab2,0,/mnt/datadisk/./datasets/0/VirusShare_667e8952a4a0863a6c9a3e4065e76ab2,,
VirusShare_ce53e1fc8e703142888c8cbadd8f8058,ce53e1fc8e703142888c8cbadd8f8058,0,/mnt/datadisk/./datasets/0/VirusShare_ce53e1fc8e703142888c8cbadd8f8058,,
VirusShare_4124c513750fca5a4c3d6be009bc89ca,4124c513750fca5a4c3d6be009bc89ca,0,/mnt/datadisk/./datasets/0/VirusShare_4124c513750fca5a4c3d6be009bc89ca,,
VirusShare_887edfd8a6acc9ac1b180857d6280dbb,887edfd8a6acc9ac1b180857d6280dbb,0,/mnt/datadisk/./datasets/0/VirusShare_887edfd8a6acc9ac1b180857d6280dbb,,
VirusShare_b68251338c0016897dadab71952c8304,b68251338c0016897dadab71952c8304,0,/mnt/datadisk/./datasets/0/VirusShare_b68251338c0016897dadab71952c8304,,
VirusShare_23ae7bd825a9a1c48a2a85f164427600,23ae7bd825a9a1c48a2a85f164427600,0,/mnt/datadisk/./datasets/0/VirusShare_23ae7bd825a9a1c48a2a85f164427600,,
VirusShare_b057c750c04df6d42c2c282875c04b18,b057c750c04df6d42c2c282875c04b18,0,/mnt/datadisk/./datasets/0/VirusShare_b057c750c04df6d42c2c282875c04b18,,
VirusShare_9684bf0ff7935ab4c15fb10d988e8665,9684bf0ff7935ab4c15fb10d988e8665,0,/mnt/datadisk/./datasets/0/VirusShare_9684bf0ff7935ab4c15fb10d988e8665,,
VirusShare_4b1a5a8847bde71414cfe8bc5cce60b2,4b1a5a8847bde71414cfe8bc5cce60b2,0,/mnt/datadisk/./datasets/0/VirusShare_4b1a5a8847bde71414cfe8bc5cce60b2,,
VirusShare_85901671ae0eb1b41e1dcd39c9c01c3a,85901671ae0eb1b41e1dcd39c9c01c3a,1,/mnt/datadisk/./datasets/1/VirusShare_85901671ae0eb1b41e1dcd39c9c01c3a,,
VirusShare_5016e5e9f91be33ec392ac69159d7dd5,5016e5e9f91be33ec392ac69159d7dd5,0,/mnt/datadisk/./datasets/0/VirusShare_5016e5e9f91be33ec392ac69159d7dd5,,
VirusShare_8c4bfc4ed9b7bd22468b3a53fd780854,8c4bfc4ed9b7bd22468b3a53fd780854,0,/mnt/datadisk/./datasets/0/VirusShare_8c4bfc4ed9b7bd22468b3a53fd780854,,
VirusShare_c3488845b02c149d06643c8181f5fefe,c3488845b02c149d06643c8181f5fefe,1,/mnt/datadisk/./datasets/1/VirusShare_c3488845b02c149d06643c8181f5fefe,,
VirusShare_4e426867846a531e9151c6d306850539,4e426867846a531e9151c6d306850539,1,/mnt/datadisk/./datasets/1/VirusShare_4e426867846a531e9151c6d306850539,,
VirusShare_0a4f2906a8a21bc1f20855e20a6e67ce,0a4f2906a8a21bc1f20855e20a6e67ce,0,/mnt/datadisk/./datasets/0/VirusShare_0a4f2906a8a21bc1f20855e20a6e67ce,,
VirusShare_d9a5e0ddab852132dde550cf62de8711,d9a5e0ddab852132dde550cf62de8711,1,/mnt/datadisk/./datasets/1/VirusShare_d9a5e0ddab852132dde550cf62de8711,,
VirusShare_18d71e3de6df2df70f84597cfa8dacc1,18d71e3de6df2df70f84597cfa8dacc1,0,/mnt/datadisk/./datasets/0/VirusShare_18d71e3de6df2df70f84597cfa8dacc1,,
VirusShare_7e51400c2149514b54059208f917301e,7e51400c2149514b54059208f917301e,1,/mnt/datadisk/./datasets/1/VirusShare_7e51400c2149514b54059208f917301e,,
VirusShare_56ebe8e2f9dd1f3c0fe9edda52d85d04,56ebe8e2f9dd1f3c0fe9edda52d85d04,0,/mnt/datadisk/./datasets/0/VirusShare_56ebe8e2f9dd1f3c0fe9edda52d85d04,,
VirusShare_1ae7eff7734412780c96ec9b2cf6f697,1ae7eff7734412780c96ec9b2cf6f697,0,/mnt/datadisk/./datasets/0/VirusShare_1ae7eff7734412780c96ec9b2cf6f697,,
VirusShare_b015b8d808bbd3ab0849fb518bf7f546,b015b8d808bbd3ab0849fb518bf7f546,0,/mnt/datadisk/./datasets/0/VirusShare_b015b8d808bbd3ab0849fb518bf7f546,,
VirusShare_65f6036f540d6582f4ca07c957860213,65f6036f540d6582f4ca07c957860213,1,/mnt/datadisk/./datasets/1/VirusShare_65f6036f540d6582f4ca07c957860213,,
VirusShare_ac90025ff951ca2320ea1dddbba327b9,ac90025ff951ca2320ea1dddbba327b9,1,/mnt/datadisk/./datasets/1/VirusShare_ac90025ff951ca2320ea1dddbba327b9,,
VirusShare_c92686f9b9a5c0367004275c8b4e7c2e,c92686f9b9a5c0367004275c8b4e7c2e,0,/mnt/datadisk/./datasets/0/VirusShare_c92686f9b9a5c0367004275c8b4e7c2e,,
VirusShare_8ef8a835ffdc48e0bb25ee7573fd7eef,8ef8a835ffdc48e0bb25ee7573fd7eef,0,/mnt/datadisk/./datasets/0/VirusShare_8ef8a835ffdc48e0bb25ee7573fd7eef,,
VirusShare_83eea3075a8d6188859e6bb90d505fde,83eea3075a8d6188859e6bb90d505fde,0,/mnt/datadisk/./datasets/0/VirusShare_83eea3075a8d6188859e6bb90d505fde,,
VirusShare_0955107728dae962ac0a54070c539caa,0955107728dae962ac0a54070c539caa,0,/mnt/datadisk/./datasets/0/VirusShare_0955107728dae962ac0a54070c539caa,,
VirusShare_3ab9cb8cbd724a43ef9fe13b386526d0,3ab9cb8cbd724a43ef9fe13b386526d0,0,/mnt/datadisk/./datasets/0/VirusShare_3ab9cb8cbd724a43ef9fe13b386526d0,,
VirusShare_25ccd27a9dfc0e150c47dc17c8357ede,25ccd27a9dfc0e150c47dc17c8357ede,1,/mnt/datadisk/./datasets/1/VirusShare_25ccd27a9dfc0e150c47dc17c8357ede,,
VirusShare_9bb3bb54287ee2469989dffcc1babe97,9bb3bb54287ee2469989dffcc1babe97,0,/mnt/datadisk/./datasets/0/VirusShare_9bb3bb54287ee2469989dffcc1babe97,,
VirusShare_780bba289af6d12a8b793f92a17629ea,780bba289af6d12a8b793f92a17629ea,0,/mnt/datadisk/./datasets/0/VirusShare_780bba289af6d12a8b793f92a17629ea,,
VirusShare_bfe811397881f12af308084358fbe17f,bfe811397881f12af308084358fbe17f,1,/mnt/datadisk/./datasets/1/VirusShare_bfe811397881f12af308084358fbe17f,,
VirusShare_cf656adbb5a7d3c6fd3580492f346fb5,cf656adbb5a7d3c6fd3580492f346fb5,0,/mnt/datadisk/./datasets/0/VirusShare_cf656adbb5a7d3c6fd3580492f346fb5,,
VirusShare_89adc6f77d8b993c8fbefd4e2e737b8d,89adc6f77d8b993c8fbefd4e2e737b8d,1,/mnt/datadisk/./datasets/1/VirusShare_89adc6f77d8b993c8fbefd4e2e737b8d,,
VirusShare_23d48a58f1b6cdc3085c377de513fbcd,23d48a58f1b6cdc3085c377de513fbcd,1,/mnt/datadisk/./datasets/1/VirusShare_23d48a58f1b6cdc3085c377de513fbcd,,
VirusShare_2e1767678bfa2ee06cd1f5ff404b2143,2e1767678bfa2ee06cd1f5ff404b2143,1,/mnt/datadisk/./datasets/1/VirusShare_2e1767678bfa2ee06cd1f5ff404b2143,,
VirusShare_908d6ec54f589c88601563920423b058,908d6ec54f589c88601563920423b058,1,/mnt/datadisk/./datasets/1/VirusShare_908d6ec54f589c88601563920423b058,,
VirusShare_183cd94b2a4ac7495e179ccceb8aec07,183cd94b2a4ac7495e179ccceb8aec07,0,/mnt/datadisk/./datasets/0/VirusShare_183cd94b2a4ac7495e179ccceb8aec07,,
VirusShare_baae7166db2043cb130b11250b1876fe,baae7166db2043cb130b11250b1876fe,1,/mnt/datadisk/./datasets/1/VirusShare_baae7166db2043cb130b11250b1876fe,,
VirusShare_fdcfc6e0782ae8b048d8631e894956f2,fdcfc6e0782ae8b048d8631e894956f2,0,/mnt/datadisk/./datasets/0/VirusShare_fdcfc6e0782ae8b048d8631e894956f2,,
VirusShare_6ea18477f28f902343c0997953137b02,6ea18477f28f902343c0997953137b02,0,/mnt/datadisk/./datasets/0/VirusShare_6ea18477f28f902343c0997953137b02,,
VirusShare_35c213dc5a5737e8e409f3b32e11232b,35c213dc5a5737e8e409f3b32e11232b,0,/mnt/datadisk/./datasets/0/VirusShare_35c213dc5a5737e8e409f3b32e11232b,,
VirusShare_6bdee6b6207d73dd61effd1496350d5c,6bdee6b6207d73dd61effd1496350d5c,0,/mnt/datadisk/./datasets/0/VirusShare_6bdee6b6207d73dd61effd1496350d5c,,
VirusShare_ba7bc2af350d23ef75b2cbb40143642b,ba7bc2af350d23ef75b2cbb40143642b,0,/mnt/datadisk/./datasets/0/VirusShare_ba7bc2af350d23ef75b2cbb40143642b,,
VirusShare_f9073fb66c1cffb1444e02972668b57a,f9073fb66c1cffb1444e02972668b57a,1,/mnt/datadisk/./datasets/1/VirusShare_f9073fb66c1cffb1444e02972668b57a,,
VirusShare_834e7d89d3274c6177613f6d1a060348,834e7d89d3274c6177613f6d1a060348,0,/mnt/datadisk/./datasets/0/VirusShare_834e7d89d3274c6177613f6d1a060348,,
VirusShare_ebf88604fad00cf093dde6eaaae4c5be,ebf88604fad00cf093dde6eaaae4c5be,1,/mnt/datadisk/./datasets/1/VirusShare_ebf88604fad00cf093dde6eaaae4c5be,,
VirusShare_59d0be402694fd9922dbf697fe194a37,59d0be402694fd9922dbf697fe194a37,0,/mnt/datadisk/./datasets/0/VirusShare_59d0be402694fd9922dbf697fe194a37,,
VirusShare_9a5d9eb183e1a11c9003b54ee7023dab,9a5d9eb183e1a11c9003b54ee7023dab,0,/mnt/datadisk/./datasets/0/VirusShare_9a5d9eb183e1a11c9003b54ee7023dab,,
VirusShare_42bd3a67059faefc2acc74d783c44bcf,42bd3a67059faefc2acc74d783c44bcf,0,/mnt/datadisk/./datasets/0/VirusShare_42bd3a67059faefc2acc74d783c44bcf,,
VirusShare_917a1a9b2c584ca5c47bc87844207880,917a1a9b2c584ca5c47bc87844207880,0,/mnt/datadisk/./datasets/0/VirusShare_917a1a9b2c584ca5c47bc87844207880,,
VirusShare_a86a200da47fbd6c52306f589a410994,a86a200da47fbd6c52306f589a410994,1,/mnt/datadisk/./datasets/1/VirusShare_a86a200da47fbd6c52306f589a410994,,
VirusShare_89e35a6cf15b226bb54e22f15b8a2d20,89e35a6cf15b226bb54e22f15b8a2d20,1,/mnt/datadisk/./datasets/1/VirusShare_89e35a6cf15b226bb54e22f15b8a2d20,,
VirusShare_02ae8736611d3bccc120e3579bdd76df,02ae8736611d3bccc120e3579bdd76df,0,/mnt/datadisk/./datasets/0/VirusShare_02ae8736611d3bccc120e3579bdd76df,,
VirusShare_31cd71a4081f4ec65efa4b720b1f2f46,31cd71a4081f4ec65efa4b720b1f2f46,0,/mnt/datadisk/./datasets/0/VirusShare_31cd71a4081f4ec65efa4b720b1f2f46,,
VirusShare_416e30075cf5e1d29bd1ab4f95f6e9c6,416e30075cf5e1d29bd1ab4f95f6e9c6,0,/mnt/datadisk/./datasets/0/VirusShare_416e30075cf5e1d29bd1ab4f95f6e9c6,,
VirusShare_0c6710b763dee35f8d8d6c27230a87d1,0c6710b763dee35f8d8d6c27230a87d1,0,/mnt/datadisk/./datasets/0/VirusShare_0c6710b763dee35f8d8d6c27230a87d1,,
VirusShare_2d38da669a4d07dff5feef9faa46a640,2d38da669a4d07dff5feef9faa46a640,0,/mnt/datadisk/./datasets/0/VirusShare_2d38da669a4d07dff5feef9faa46a640,,
VirusShare_b7ef60a3a4569a78306156d0dd0a0d2f,b7ef60a3a4569a78306156d0dd0a0d2f,1,/mnt/datadisk/./datasets/1/VirusShare_b7ef60a3a4569a78306156d0dd0a0d2f,,
VirusShare_a9273d7cc72eab828e0c6e3fce7dbe2b,a9273d7cc72eab828e0c6e3fce7dbe2b,1,/mnt/datadisk/./datasets/1/VirusShare_a9273d7cc72eab828e0c6e3fce7dbe2b,,
VirusShare_0a09b204aabe9a091fc1717cef36acb5,0a09b204aabe9a091fc1717cef36acb5,0,/mnt/datadisk/./datasets/0/VirusShare_0a09b204aabe9a091fc1717cef36acb5,,
VirusShare_6a787a34b097237f3739f08be4b3e39e,6a787a34b097237f3739f08be4b3e39e,1,/mnt/datadisk/./datasets/1/VirusShare_6a787a34b097237f3739f08be4b3e39e,,
VirusShare_ef0c1df06b796b7d7ff5d8184e03c1a4,ef0c1df06b796b7d7ff5d8184e03c1a4,1,/mnt/datadisk/./datasets/1/VirusShare_ef0c1df06b796b7d7ff5d8184e03c1a4,,
VirusShare_de86cdd1eb1a90c811d0fecbd5a1bb6a,de86cdd1eb1a90c811d0fecbd5a1bb6a,0,/mnt/datadisk/./datasets/0/VirusShare_de86cdd1eb1a90c811d0fecbd5a1bb6a,,
VirusShare_8656d5dd1dcb9b4cd1c2f51ee3f56af2,8656d5dd1dcb9b4cd1c2f51ee3f56af2,0,/mnt/datadisk/./datasets/0/VirusShare_8656d5dd1dcb9b4cd1c2f51ee3f56af2,,
VirusShare_83ab0225a65b2d456b7698843d6cd317,83ab0225a65b2d456b7698843d6cd317,1,/mnt/datadisk/./datasets/1/VirusShare_83ab0225a65b2d456b7698843d6cd317,,
VirusShare_c7d0b390567d5933ed58208304b94d13,c7d0b390567d5933ed58208304b94d13,1,/mnt/datadisk/./datasets/1/VirusShare_c7d0b390567d5933ed58208304b94d13,,
VirusShare_b77a974ba091af3704d22872b5cde2a6,b77a974ba091af3704d22872b5cde2a6,0,/mnt/datadisk/./datasets/0/VirusShare_b77a974ba091af3704d22872b5cde2a6,,
VirusShare_0aa5b1923c5be8241403ea02634bc1be,0aa5b1923c5be8241403ea02634bc1be,0,/mnt/datadisk/./datasets/0/VirusShare_0aa5b1923c5be8241403ea02634bc1be,,
VirusShare_d820a3f13816e55d222988a5fe243758,d820a3f13816e55d222988a5fe243758,0,/mnt/datadisk/./datasets/0/VirusShare_d820a3f13816e55d222988a5fe243758,,
VirusShare_d6c863ffe483401895a85299541dd8cc,d6c863ffe483401895a85299541dd8cc,0,/mnt/datadisk/./datasets/0/VirusShare_d6c863ffe483401895a85299541dd8cc,,
VirusShare_480eea280dc4a8100258fe04da0ba86e,480eea280dc4a8100258fe04da0ba86e,0,/mnt/datadisk/./datasets/0/VirusShare_480eea280dc4a8100258fe04da0ba86e,,
VirusShare_6e79270195e2f710153b1bb893c714e0,6e79270195e2f710153b1bb893c714e0,1,/mnt/datadisk/./datasets/1/VirusShare_6e79270195e2f710153b1bb893c714e0,,
VirusShare_ddd7a385eb17e0eb35fda9d27fa3d4c8,ddd7a385eb17e0eb35fda9d27fa3d4c8,1,/mnt/datadisk/./datasets/1/VirusShare_ddd7a385eb17e0eb35fda9d27fa3d4c8,,
VirusShare_a4eb6ea367fd3fc014655d0ff4e8da42,a4eb6ea367fd3fc014655d0ff4e8da42,0,/mnt/datadisk/./datasets/0/VirusShare_a4eb6ea367fd3fc014655d0ff4e8da42,,
VirusShare_6f69cd584f5116af62532a93179fbb3a,6f69cd584f5116af62532a93179fbb3a,0,/mnt/datadisk/./datasets/0/VirusShare_6f69cd584f5116af62532a93179fbb3a,,
VirusShare_96d80e0c204cdfbaf5a8207114bebee8,96d80e0c204cdfbaf5a8207114bebee8,1,/mnt/datadisk/./datasets/1/VirusShare_96d80e0c204cdfbaf5a8207114bebee8,,
VirusShare_348994a8c6e1f114cc60ead02494e03d,348994a8c6e1f114cc60ead02494e03d,0,/mnt/datadisk/./datasets/0/VirusShare_348994a8c6e1f114cc60ead02494e03d,,
VirusShare_aa279437fdc211455f72de4ec41458f5,aa279437fdc211455f72de4ec41458f5,0,/mnt/datadisk/./datasets/0/VirusShare_aa279437fdc211455f72de4ec41458f5,,
VirusShare_a90969ccdd7291e337b56022816e053f,a90969ccdd7291e337b56022816e053f,1,/mnt/datadisk/./datasets/1/VirusShare_a90969ccdd7291e337b56022816e053f,,
VirusShare_de4e7d52020b120b2d4c0d477fb2ee1a,de4e7d52020b120b2d4c0d477fb2ee1a,0,/mnt/datadisk/./datasets/0/VirusShare_de4e7d52020b120b2d4c0d477fb2ee1a,,
VirusShare_90a9a41216961c1b036d4dbdc3046984,90a9a41216961c1b036d4dbdc3046984,1,/mnt/datadisk/./datasets/1/VirusShare_90a9a41216961c1b036d4dbdc3046984,,
VirusShare_21b88296c7f4ef625b4d66c0eab8127d,21b88296c7f4ef625b4d66c0eab8127d,0,/mnt/datadisk/./datasets/0/VirusShare_21b88296c7f4ef625b4d66c0eab8127d,,
VirusShare_6743e3521bb2e738ae850e6d270057b9,6743e3521bb2e738ae850e6d270057b9,1,/mnt/datadisk/./datasets/1/VirusShare_6743e3521bb2e738ae850e6d270057b9,,
VirusShare_9c5c23f132ba548d030550e43c8b7806,9c5c23f132ba548d030550e43c8b7806,0,/mnt/datadisk/./datasets/0/VirusShare_9c5c23f132ba548d030550e43c8b7806,,
VirusShare_c4b288d16464b73ef4dfd128f331906c,c4b288d16464b73ef4dfd128f331906c,1,/mnt/datadisk/./datasets/1/VirusShare_c4b288d16464b73ef4dfd128f331906c,,
VirusShare_fda687e3f7ee2e46c4094d557f137ff8,fda687e3f7ee2e46c4094d557f137ff8,1,/mnt/datadisk/./datasets/1/VirusShare_fda687e3f7ee2e46c4094d557f137ff8,,
VirusShare_825d377d6a315ec15b3f4d8e79d3e732,825d377d6a315ec15b3f4d8e79d3e732,0,/mnt/datadisk/./datasets/0/VirusShare_825d377d6a315ec15b3f4d8e79d3e732,,
VirusShare_35e632513a50e6f0e6b4eb8c8b5cf853,35e632513a50e6f0e6b4eb8c8b5cf853,0,/mnt/datadisk/./datasets/0/VirusShare_35e632513a50e6f0e6b4eb8c8b5cf853,,
VirusShare_1dae69a67d774711b13f93b062c0925b,1dae69a67d774711b13f93b062c0925b,1,/mnt/datadisk/./datasets/1/VirusShare_1dae69a67d774711b13f93b062c0925b,,
VirusShare_70feae742484f123a2d0f09d45590e4f,70feae742484f123a2d0f09d45590e4f,0,/mnt/datadisk/./datasets/0/VirusShare_70feae742484f123a2d0f09d45590e4f,,
VirusShare_aba7c5bf4fc74594bd4b39a98e7b8f45,aba7c5bf4fc74594bd4b39a98e7b8f45,1,/mnt/datadisk/./datasets/1/VirusShare_aba7c5bf4fc74594bd4b39a98e7b8f45,,
VirusShare_9dd3df04c07fad461969cd243c0baed1,9dd3df04c07fad461969cd243c0baed1,0,/mnt/datadisk/./datasets/0/VirusShare_9dd3df04c07fad461969cd243c0baed1,,
VirusShare_9a73d70d350fabb83da0b6492a44f300,9a73d70d350fabb83da0b6492a44f300,1,/mnt/datadisk/./datasets/1/VirusShare_9a73d70d350fabb83da0b6492a44f300,,
VirusShare_47dd2866d64d42ae5f7eaea6abf3a5ab,47dd2866d64d42ae5f7eaea6abf3a5ab,0,/mnt/datadisk/./datasets/0/VirusShare_47dd2866d64d42ae5f7eaea6abf3a5ab,,
VirusShare_7b0106b703b66a0b5306e56583ec58a5,7b0106b703b66a0b5306e56583ec58a5,1,/mnt/datadisk/./datasets/1/VirusShare_7b0106b703b66a0b5306e56583ec58a5,,
VirusShare_c383932886ae5022fe31aefa2cc5ab6f,c383932886ae5022fe31aefa2cc5ab6f,0,/mnt/datadisk/./datasets/0/VirusShare_c383932886ae5022fe31aefa2cc5ab6f,,
VirusShare_781a9b6193697debcb866d7b401216bc,781a9b6193697debcb866d7b401216bc,0,/mnt/datadisk/./datasets/0/VirusShare_781a9b6193697debcb866d7b401216bc,,
VirusShare_067dc1e57fac949b81ddb4f88a028dac,067dc1e57fac949b81ddb4f88a028dac,0,/mnt/datadisk/./datasets/0/VirusShare_067dc1e57fac949b81ddb4f88a028dac,,
VirusShare_aa797d6fa39c3b5e1ee123e0dbec2cbd,aa797d6fa39c3b5e1ee123e0dbec2cbd,1,/mnt/datadisk/./datasets/1/VirusShare_aa797d6fa39c3b5e1ee123e0dbec2cbd,,
VirusShare_168cc7bd4d9add96d411b33b2dcc0ca7,168cc7bd4d9add96d411b33b2dcc0ca7,1,/mnt/datadisk/./datasets/1/VirusShare_168cc7bd4d9add96d411b33b2dcc0ca7,,
VirusShare_e134052a75c2a6f07bac76020667eba4,e134052a75c2a6f07bac76020667eba4,0,/mnt/datadisk/./datasets/0/VirusShare_e134052a75c2a6f07bac76020667eba4,,
VirusShare_ec4edfe94879c76f992f740f69deaa63,ec4edfe94879c76f992f740f69deaa63,0,/mnt/datadisk/./datasets/0/VirusShare_ec4edfe94879c76f992f740f69deaa63,,
VirusShare_12bb606450061595edfdd497dbf9e3a9,12bb606450061595edfdd497dbf9e3a9,1,/mnt/datadisk/./datasets/1/VirusShare_12bb606450061595edfdd497dbf9e3a9,,
VirusShare_c99d3237d3e9466c6e04525a4cd5f997,c99d3237d3e9466c6e04525a4cd5f997,0,/mnt/datadisk/./datasets/0/VirusShare_c99d3237d3e9466c6e04525a4cd5f997,,
VirusShare_4399f364fe1aa3b2cb3a9561edf30706,4399f364fe1aa3b2cb3a9561edf30706,1,/mnt/datadisk/./datasets/1/VirusShare_4399f364fe1aa3b2cb3a9561edf30706,,
VirusShare_f8580c8bd128ac41e6c2761ef7ce06f3,f8580c8bd128ac41e6c2761ef7ce06f3,0,/mnt/datadisk/./datasets/0/VirusShare_f8580c8bd128ac41e6c2761ef7ce06f3,,
VirusShare_8f5e8aa0cacf2378265976beb76449ae,8f5e8aa0cacf2378265976beb76449ae,0,/mnt/datadisk/./datasets/0/VirusShare_8f5e8aa0cacf2378265976beb76449ae,,
VirusShare_1220f08fbf6c73e1a3c7cc36b03b0816,1220f08fbf6c73e1a3c7cc36b03b0816,1,/mnt/datadisk/./datasets/1/VirusShare_1220f08fbf6c73e1a3c7cc36b03b0816,,
VirusShare_04493e41de45d994426eb26666c65a51,04493e41de45d994426eb26666c65a51,1,/mnt/datadisk/./datasets/1/VirusShare_04493e41de45d994426eb26666c65a51,,
VirusShare_45033d03c732567b35288ed2d3198552,45033d03c732567b35288ed2d3198552,0,/mnt/datadisk/./datasets/0/VirusShare_45033d03c732567b35288ed2d3198552,,
VirusShare_7236d4e75af20131468a737ae0305905,7236d4e75af20131468a737ae0305905,1,/mnt/datadisk/./datasets/1/VirusShare_7236d4e75af20131468a737ae0305905,,
VirusShare_6796d5b7eac401f267a07dfd22c05910,6796d5b7eac401f267a07dfd22c05910,1,/mnt/datadisk/./datasets/1/VirusShare_6796d5b7eac401f267a07dfd22c05910,,
VirusShare_f209eba907a51025f1e60e14dac912b9,f209eba907a51025f1e60e14dac912b9,1,/mnt/datadisk/./datasets/1/VirusShare_f209eba907a51025f1e60e14dac912b9,,
VirusShare_fb767e87fa86a405114bc8b723a1d910,fb767e87fa86a405114bc8b723a1d910,0,/mnt/datadisk/./datasets/0/VirusShare_fb767e87fa86a405114bc8b723a1d910,,
VirusShare_f118ab2fce33c69cad2d35b4aec81978,f118ab2fce33c69cad2d35b4aec81978,1,/mnt/datadisk/./datasets/1/VirusShare_f118ab2fce33c69cad2d35b4aec81978,,
VirusShare_c4f378d197710c9cc645737acdbebd61,c4f378d197710c9cc645737acdbebd61,1,/mnt/datadisk/./datasets/1/VirusShare_c4f378d197710c9cc645737acdbebd61,,
VirusShare_5124ccde1e94a1de5493ed13b299bbc1,5124ccde1e94a1de5493ed13b299bbc1,0,/mnt/datadisk/./datasets/0/VirusShare_5124ccde1e94a1de5493ed13b299bbc1,,
VirusShare_d8ca242bc28362c0b57be28ea979a6b1,d8ca242bc28362c0b57be28ea979a6b1,0,/mnt/datadisk/./datasets/0/VirusShare_d8ca242bc28362c0b57be28ea979a6b1,,
VirusShare_90628d81c10bea1907dd01dbb9cb2390,90628d81c10bea1907dd01dbb9cb2390,0,/mnt/datadisk/./datasets/0/VirusShare_90628d81c10bea1907dd01dbb9cb2390,,
VirusShare_fdab2548e37a9b08f0eb1868d29134c8,fdab2548e37a9b08f0eb1868d29134c8,0,/mnt/datadisk/./datasets/0/VirusShare_fdab2548e37a9b08f0eb1868d29134c8,,
VirusShare_9f8d92cddc9a2a55e2c13e9f5450f84e,9f8d92cddc9a2a55e2c13e9f5450f84e,1,/mnt/datadisk/./datasets/1/VirusShare_9f8d92cddc9a2a55e2c13e9f5450f84e,,
VirusShare_61285c988de52b7c067fb2e703f2ab83,61285c988de52b7c067fb2e703f2ab83,0,/mnt/datadisk/./datasets/0/VirusShare_61285c988de52b7c067fb2e703f2ab83,,
VirusShare_07cebf588d68915f032c8331bef36aaf,07cebf588d68915f032c8331bef36aaf,0,/mnt/datadisk/./datasets/0/VirusShare_07cebf588d68915f032c8331bef36aaf,,
VirusShare_8975464d493a1669c83ad02d91f6fe64,8975464d493a1669c83ad02d91f6fe64,1,/mnt/datadisk/./datasets/1/VirusShare_8975464d493a1669c83ad02d91f6fe64,,
VirusShare_d7208522340193103a1811629bfe36f1,d7208522340193103a1811629bfe36f1,0,/mnt/datadisk/./datasets/0/VirusShare_d7208522340193103a1811629bfe36f1,,
VirusShare_541fdb9811efb8ec8e679c9a1622b594,541fdb9811efb8ec8e679c9a1622b594,0,/mnt/datadisk/./datasets/0/VirusShare_541fdb9811efb8ec8e679c9a1622b594,,
VirusShare_28068c13046358672852ab6fc4b98be8,28068c13046358672852ab6fc4b98be8,0,/mnt/datadisk/./datasets/0/VirusShare_28068c13046358672852ab6fc4b98be8,,
VirusShare_9c632bef86e29cef4d79c188f9790aee,9c632bef86e29cef4d79c188f9790aee,1,/mnt/datadisk/./datasets/1/VirusShare_9c632bef86e29cef4d79c188f9790aee,,
VirusShare_3ff507988a0b5aa54755d0d6925be97f,3ff507988a0b5aa54755d0d6925be97f,0,/mnt/datadisk/./datasets/0/VirusShare_3ff507988a0b5aa54755d0d6925be97f,,
VirusShare_43ad9d0a9a06c86c85be25f295fb7dce,43ad9d0a9a06c86c85be25f295fb7dce,0,/mnt/datadisk/./datasets/0/VirusShare_43ad9d0a9a06c86c85be25f295fb7dce,,
VirusShare_6068d5cd23723a84d002cbd356cdbc79,6068d5cd23723a84d002cbd356cdbc79,0,/mnt/datadisk/./datasets/0/VirusShare_6068d5cd23723a84d002cbd356cdbc79,,
VirusShare_d1b6b1c1eb1d8b58295d46e6cb10b5e0,d1b6b1c1eb1d8b58295d46e6cb10b5e0,0,/mnt/datadisk/./datasets/0/VirusShare_d1b6b1c1eb1d8b58295d46e6cb10b5e0,,
VirusShare_20ddd7297c96ab90399bfcade114a4f8,20ddd7297c96ab90399bfcade114a4f8,0,/mnt/datadisk/./datasets/0/VirusShare_20ddd7297c96ab90399bfcade114a4f8,,
VirusShare_259619c1eb4a34761c5541a26c496e4f,259619c1eb4a34761c5541a26c496e4f,0,/mnt/datadisk/./datasets/0/VirusShare_259619c1eb4a34761c5541a26c496e4f,,
VirusShare_a6b3dc3b1bc045a064d38fa123d53b86,a6b3dc3b1bc045a064d38fa123d53b86,1,/mnt/datadisk/./datasets/1/VirusShare_a6b3dc3b1bc045a064d38fa123d53b86,,
VirusShare_cb425366aafb37283ab813f492c6a62d,cb425366aafb37283ab813f492c6a62d,0,/mnt/datadisk/./datasets/0/VirusShare_cb425366aafb37283ab813f492c6a62d,,
VirusShare_ba95de86218ef4fb87322010bb93f3c7,ba95de86218ef4fb87322010bb93f3c7,1,/mnt/datadisk/./datasets/1/VirusShare_ba95de86218ef4fb87322010bb93f3c7,,
VirusShare_5cc85a69a7aa25bd4a37bd0f384c2b08,5cc85a69a7aa25bd4a37bd0f384c2b08,0,/mnt/datadisk/./datasets/0/VirusShare_5cc85a69a7aa25bd4a37bd0f384c2b08,,
VirusShare_bf7733075b871230f397db64e086783a,bf7733075b871230f397db64e086783a,1,/mnt/datadisk/./datasets/1/VirusShare_bf7733075b871230f397db64e086783a,,
VirusShare_a37603545f4cb3b8db75e50ec90726a4,a37603545f4cb3b8db75e50ec90726a4,1,/mnt/datadisk/./datasets/1/VirusShare_a37603545f4cb3b8db75e50ec90726a4,,
VirusShare_97d340c11e311172f85b5d67a4924cbf,97d340c11e311172f85b5d67a4924cbf,0,/mnt/datadisk/./datasets/0/VirusShare_97d340c11e311172f85b5d67a4924cbf,,
VirusShare_577b5fbdcf47f70f4d17d87cc8a20550,577b5fbdcf47f70f4d17d87cc8a20550,1,/mnt/datadisk/./datasets/1/VirusShare_577b5fbdcf47f70f4d17d87cc8a20550,,
VirusShare_c9c95371bc88d44eed5aac086b490718,c9c95371bc88d44eed5aac086b490718,1,/mnt/datadisk/./datasets/1/VirusShare_c9c95371bc88d44eed5aac086b490718,,
VirusShare_8968dd99d529c4f4d3da1a6f3b3c34d2,8968dd99d529c4f4d3da1a6f3b3c34d2,0,/mnt/datadisk/./datasets/0/VirusShare_8968dd99d529c4f4d3da1a6f3b3c34d2,,
VirusShare_aa9a88cf3b1db0f6a5c0880017aa1bb2,aa9a88cf3b1db0f6a5c0880017aa1bb2,0,/mnt/datadisk/./datasets/0/VirusShare_aa9a88cf3b1db0f6a5c0880017aa1bb2,,
VirusShare_5de68136ff33cc731d81c0efc9dc4c4f,5de68136ff33cc731d81c0efc9dc4c4f,0,/mnt/datadisk/./datasets/0/VirusShare_5de68136ff33cc731d81c0efc9dc4c4f,,
VirusShare_e9c6425fc0758bd06d5fee0a15f833e4,e9c6425fc0758bd06d5fee0a15f833e4,1,/mnt/datadisk/./datasets/1/VirusShare_e9c6425fc0758bd06d5fee0a15f833e4,,
VirusShare_13e5f1fce17e2e2744a70a07089b32e9,13e5f1fce17e2e2744a70a07089b32e9,0,/mnt/datadisk/./datasets/0/VirusShare_13e5f1fce17e2e2744a70a07089b32e9,,
VirusShare_86cc11848ff3a679ea0c43a3aeb2fce2,86cc11848ff3a679ea0c43a3aeb2fce2,0,/mnt/datadisk/./datasets/0/VirusShare_86cc11848ff3a679ea0c43a3aeb2fce2,,
VirusShare_ffb6f7fb8e6c4e823d94c5bdd8d03870,ffb6f7fb8e6c4e823d94c5bdd8d03870,0,/mnt/datadisk/./datasets/0/VirusShare_ffb6f7fb8e6c4e823d94c5bdd8d03870,,
VirusShare_7148c6409ebae046634185db81c022c4,7148c6409ebae046634185db81c022c4,1,/mnt/datadisk/./datasets/1/VirusShare_7148c6409ebae046634185db81c022c4,,
VirusShare_ff66af3a9cddce92827a4b88eb1ae684,ff66af3a9cddce92827a4b88eb1ae684,0,/mnt/datadisk/./datasets/0/VirusShare_ff66af3a9cddce92827a4b88eb1ae684,,
VirusShare_4de5dab602778c144acc87412193642c,4de5dab602778c144acc87412193642c,0,/mnt/datadisk/./datasets/0/VirusShare_4de5dab602778c144acc87412193642c,,
VirusShare_2234d013a157851f2574425ae6c72eea,2234d013a157851f2574425ae6c72eea,1,/mnt/datadisk/./datasets/1/VirusShare_2234d013a157851f2574425ae6c72eea,,
VirusShare_72dcee5b3be1400e8b1573bd6d1e0add,72dcee5b3be1400e8b1573bd6d1e0add,0,/mnt/datadisk/./datasets/0/VirusShare_72dcee5b3be1400e8b1573bd6d1e0add,,
VirusShare_b5720a69c5078adc2f1392d6559efe24,b5720a69c5078adc2f1392d6559efe24,0,/mnt/datadisk/./datasets/0/VirusShare_b5720a69c5078adc2f1392d6559efe24,,
VirusShare_98497d8f2d529ccac33cab5763f16343,98497d8f2d529ccac33cab5763f16343,0,/mnt/datadisk/./datasets/0/VirusShare_98497d8f2d529ccac33cab5763f16343,,
VirusShare_136764879457a355f9e37ed8c01cb5b8,136764879457a355f9e37ed8c01cb5b8,1,/mnt/datadisk/./datasets/1/VirusShare_136764879457a355f9e37ed8c01cb5b8,,
VirusShare_5b607f814566590806500daf7c6e42f8,5b607f814566590806500daf7c6e42f8,1,/mnt/datadisk/./datasets/1/VirusShare_5b607f814566590806500daf7c6e42f8,,
VirusShare_6b3ed64ee03d612dc93b85740f98a652,6b3ed64ee03d612dc93b85740f98a652,0,/mnt/datadisk/./datasets/0/VirusShare_6b3ed64ee03d612dc93b85740f98a652,,
VirusShare_4f21e325bfdf761703a643b520732557,4f21e325bfdf761703a643b520732557,0,/mnt/datadisk/./datasets/0/VirusShare_4f21e325bfdf761703a643b520732557,,
VirusShare_5e4ec12a9469bd3a8cb12033baf07d7c,5e4ec12a9469bd3a8cb12033baf07d7c,1,/mnt/datadisk/./datasets/1/VirusShare_5e4ec12a9469bd3a8cb12033baf07d7c,,
VirusShare_005139c756af51d82d474833f5b05325,005139c756af51d82d474833f5b05325,0,/mnt/datadisk/./datasets/0/VirusShare_005139c756af51d82d474833f5b05325,,
VirusShare_7ee019e3e3b1bab331c206c88959bfb8,7ee019e3e3b1bab331c206c88959bfb8,1,/mnt/datadisk/./datasets/1/VirusShare_7ee019e3e3b1bab331c206c88959bfb8,,
VirusShare_428dbc599f42cdffd89cbf5e125a3809,428dbc599f42cdffd89cbf5e125a3809,0,/mnt/datadisk/./datasets/0/VirusShare_428dbc599f42cdffd89cbf5e125a3809,,
VirusShare_f4b7c7fd4a506534cd052fde285714cb,f4b7c7fd4a506534cd052fde285714cb,1,/mnt/datadisk/./datasets/1/VirusShare_f4b7c7fd4a506534cd052fde285714cb,,
VirusShare_454f31e315d44920fdb9c0de5b3ac2aa,454f31e315d44920fdb9c0de5b3ac2aa,1,/mnt/datadisk/./datasets/1/VirusShare_454f31e315d44920fdb9c0de5b3ac2aa,,
VirusShare_32c2cb8517251fb616a1f897b65ae9aa,32c2cb8517251fb616a1f897b65ae9aa,0,/mnt/datadisk/./datasets/0/VirusShare_32c2cb8517251fb616a1f897b65ae9aa,,
VirusShare_6a625a524cd3990f75a7859dcebae884,6a625a524cd3990f75a7859dcebae884,0,/mnt/datadisk/./datasets/0/VirusShare_6a625a524cd3990f75a7859dcebae884,,
VirusShare_627757074e4955390fa9e65a8dc1f9f3,627757074e4955390fa9e65a8dc1f9f3,0,/mnt/datadisk/./datasets/0/VirusShare_627757074e4955390fa9e65a8dc1f9f3,,
VirusShare_0b9154ea5c10fd380db03e80d6167506,0b9154ea5c10fd380db03e80d6167506,0,/mnt/datadisk/./datasets/0/VirusShare_0b9154ea5c10fd380db03e80d6167506,,
VirusShare_ca4648bcb92bcb17be05bb801e10f2bb,ca4648bcb92bcb17be05bb801e10f2bb,0,/mnt/datadisk/./datasets/0/VirusShare_ca4648bcb92bcb17be05bb801e10f2bb,,
VirusShare_b8b1655eb67266f6c2d3c76c2f39f1a9,b8b1655eb67266f6c2d3c76c2f39f1a9,0,/mnt/datadisk/./datasets/0/VirusShare_b8b1655eb67266f6c2d3c76c2f39f1a9,,
VirusShare_7808ca6b60f9649d87638740830956b9,7808ca6b60f9649d87638740830956b9,0,/mnt/datadisk/./datasets/0/VirusShare_7808ca6b60f9649d87638740830956b9,,
VirusShare_73ffeb044020feef6c70d70299006676,73ffeb044020feef6c70d70299006676,0,/mnt/datadisk/./datasets/0/VirusShare_73ffeb044020feef6c70d70299006676,,
VirusShare_523693587f150a3bf8adff0a45e560eb,523693587f150a3bf8adff0a45e560eb,0,/mnt/datadisk/./datasets/0/VirusShare_523693587f150a3bf8adff0a45e560eb,,
VirusShare_ffd7a59595b51c6b457cf1f838ba7bf3,ffd7a59595b51c6b457cf1f838ba7bf3,1,/mnt/datadisk/./datasets/1/VirusShare_ffd7a59595b51c6b457cf1f838ba7bf3,,
VirusShare_f5bcbb4c735c1e8bc4f68e534d8899da,f5bcbb4c735c1e8bc4f68e534d8899da,1,/mnt/datadisk/./datasets/1/VirusShare_f5bcbb4c735c1e8bc4f68e534d8899da,,
VirusShare_ad3c7b1dff5c21c11e242fcc3275869e,ad3c7b1dff5c21c11e242fcc3275869e,0,/mnt/datadisk/./datasets/0/VirusShare_ad3c7b1dff5c21c11e242fcc3275869e,,
VirusShare_dc1dfc120312ade83b92c1df3a486986,dc1dfc120312ade83b92c1df3a486986,0,/mnt/datadisk/./datasets/0/VirusShare_dc1dfc120312ade83b92c1df3a486986,,
VirusShare_de3e28578bead62ae0e27fa911ea311b,de3e28578bead62ae0e27fa911ea311b,1,/mnt/datadisk/./datasets/1/VirusShare_de3e28578bead62ae0e27fa911ea311b,,
VirusShare_7f0d06c7ff872fdc82ecf5fb57e402be,7f0d06c7ff872fdc82ecf5fb57e402be,0,/mnt/datadisk/./datasets/0/VirusShare_7f0d06c7ff872fdc82ecf5fb57e402be,,
VirusShare_124f8ab257b35cb86cf4d393efbe8065,124f8ab257b35cb86cf4d393efbe8065,0,/mnt/datadisk/./datasets/0/VirusShare_124f8ab257b35cb86cf4d393efbe8065,,
VirusShare_d73ad36ce62cf94126ab326d957af878,d73ad36ce62cf94126ab326d957af878,1,/mnt/datadisk/./datasets/1/VirusShare_d73ad36ce62cf94126ab326d957af878,,
VirusShare_664dc85887f75d1c17389e82d88fbfb1,664dc85887f75d1c17389e82d88fbfb1,1,/mnt/datadisk/./datasets/1/VirusShare_664dc85887f75d1c17389e82d88fbfb1,,
VirusShare_5a43716771ab0e46d38dfc9f59a28e06,5a43716771ab0e46d38dfc9f59a28e06,0,/mnt/datadisk/./datasets/0/VirusShare_5a43716771ab0e46d38dfc9f59a28e06,,
VirusShare_86cc7815c5287c3c1eee6fae58db88a7,86cc7815c5287c3c1eee6fae58db88a7,0,/mnt/datadisk/./datasets/0/VirusShare_86cc7815c5287c3c1eee6fae58db88a7,,
VirusShare_ea7ac52e9b4689f0edcbec6a42cc2df4,ea7ac52e9b4689f0edcbec6a42cc2df4,0,/mnt/datadisk/./datasets/0/VirusShare_ea7ac52e9b4689f0edcbec6a42cc2df4,,
VirusShare_cbb013698ac52527115f9a018e044df0,cbb013698ac52527115f9a018e044df0,1,/mnt/datadisk/./datasets/1/VirusShare_cbb013698ac52527115f9a018e044df0,,
VirusShare_0ae120b3084122a958fb0e65f6d1e26d,0ae120b3084122a958fb0e65f6d1e26d,0,/mnt/datadisk/./datasets/0/VirusShare_0ae120b3084122a958fb0e65f6d1e26d,,
VirusShare_2ef854e1b711e50bcfae5fe412c54582,2ef854e1b711e50bcfae5fe412c54582,0,/mnt/datadisk/./datasets/0/VirusShare_2ef854e1b711e50bcfae5fe412c54582,,
VirusShare_ccd85ea6b70ea09b0afd577179fb04b0,ccd85ea6b70ea09b0afd577179fb04b0,0,/mnt/datadisk/./datasets/0/VirusShare_ccd85ea6b70ea09b0afd577179fb04b0,,
VirusShare_92e830433d3a25ba1d2726de1d7b554c,92e830433d3a25ba1d2726de1d7b554c,0,/mnt/datadisk/./datasets/0/VirusShare_92e830433d3a25ba1d2726de1d7b554c,,
VirusShare_d163b13861c200b9355e817e5c471d3e,d163b13861c200b9355e817e5c471d3e,0,/mnt/datadisk/./datasets/0/VirusShare_d163b13861c200b9355e817e5c471d3e,,
VirusShare_3d0fe00bdbcdc38a53b00bf040d79056,3d0fe00bdbcdc38a53b00bf040d79056,1,/mnt/datadisk/./datasets/1/VirusShare_3d0fe00bdbcdc38a53b00bf040d79056,,
VirusShare_b8812904ce915084f0b26d9abc670a42,b8812904ce915084f0b26d9abc670a42,1,/mnt/datadisk/./datasets/1/VirusShare_b8812904ce915084f0b26d9abc670a42,,
VirusShare_004ccf76f594a37e8b0797e68b38d1b9,004ccf76f594a37e8b0797e68b38d1b9,0,/mnt/datadisk/./datasets/0/VirusShare_004ccf76f594a37e8b0797e68b38d1b9,,
VirusShare_a89f4aa2175cbc3744f1289c57dfb60a,a89f4aa2175cbc3744f1289c57dfb60a,0,/mnt/datadisk/./datasets/0/VirusShare_a89f4aa2175cbc3744f1289c57dfb60a,,
VirusShare_43cfb2f0931d1a68ec1dfc8fa48f36ab,43cfb2f0931d1a68ec1dfc8fa48f36ab,1,/mnt/datadisk/./datasets/1/VirusShare_43cfb2f0931d1a68ec1dfc8fa48f36ab,,
VirusShare_794ec31b8374251b2b9fb811ca40aee0,794ec31b8374251b2b9fb811ca40aee0,0,/mnt/datadisk/./datasets/0/VirusShare_794ec31b8374251b2b9fb811ca40aee0,,
VirusShare_3e2d54f74b30eb09d2f1946ad796ac77,3e2d54f74b30eb09d2f1946ad796ac77,0,/mnt/datadisk/./datasets/0/VirusShare_3e2d54f74b30eb09d2f1946ad796ac77,,
VirusShare_cef46908a155cb83e1b8521d668a076e,cef46908a155cb83e1b8521d668a076e,0,/mnt/datadisk/./datasets/0/VirusShare_cef46908a155cb83e1b8521d668a076e,,
VirusShare_0f5fa4e86c48f5288a51264fa8fa66c8,0f5fa4e86c48f5288a51264fa8fa66c8,1,/mnt/datadisk/./datasets/1/VirusShare_0f5fa4e86c48f5288a51264fa8fa66c8,,
VirusShare_759abc6d1147a8d1c9b14c812c6d738a,759abc6d1147a8d1c9b14c812c6d738a,0,/mnt/datadisk/./datasets/0/VirusShare_759abc6d1147a8d1c9b14c812c6d738a,,
VirusShare_f76deec48814f9867aefd39363bcf9e1,f76deec48814f9867aefd39363bcf9e1,1,/mnt/datadisk/./datasets/1/VirusShare_f76deec48814f9867aefd39363bcf9e1,,
VirusShare_d4c553091297c9895c07565ee8aed5b3,d4c553091297c9895c07565ee8aed5b3,0,/mnt/datadisk/./datasets/0/VirusShare_d4c553091297c9895c07565ee8aed5b3,,
VirusShare_77f6b8c481b25e8b855d00785347a59b,77f6b8c481b25e8b855d00785347a59b,0,/mnt/datadisk/./datasets/0/VirusShare_77f6b8c481b25e8b855d00785347a59b,,
VirusShare_359580966aba6fc8b4f0ec5afb062939,359580966aba6fc8b4f0ec5afb062939,0,/mnt/datadisk/./datasets/0/VirusShare_359580966aba6fc8b4f0ec5afb062939,,
VirusShare_9116b33e74cf22319c1d7daf6155a507,9116b33e74cf22319c1d7daf6155a507,1,/mnt/datadisk/./datasets/1/VirusShare_9116b33e74cf22319c1d7daf6155a507,,
VirusShare_c2120d82678758495a3e194a2e0e2eda,c2120d82678758495a3e194a2e0e2eda,0,/mnt/datadisk/./datasets/0/VirusShare_c2120d82678758495a3e194a2e0e2eda,,
VirusShare_eb9c1e590efe43a4e30b614657e68fd0,eb9c1e590efe43a4e30b614657e68fd0,1,/mnt/datadisk/./datasets/1/VirusShare_eb9c1e590efe43a4e30b614657e68fd0,,
VirusShare_f31953d6239f59a03dce6c79290b5ae7,f31953d6239f59a03dce6c79290b5ae7,0,/mnt/datadisk/./datasets/0/VirusShare_f31953d6239f59a03dce6c79290b5ae7,,
VirusShare_9f25e6900011c968c734c21cee0ee777,9f25e6900011c968c734c21cee0ee777,0,/mnt/datadisk/./datasets/0/VirusShare_9f25e6900011c968c734c21cee0ee777,,
VirusShare_0c06128556d7825f35faa448e5613641,0c06128556d7825f35faa448e5613641,1,/mnt/datadisk/./datasets/1/VirusShare_0c06128556d7825f35faa448e5613641,,
VirusShare_2cb0901f83b2a520172c3e8c7100062e,2cb0901f83b2a520172c3e8c7100062e,0,/mnt/datadisk/./datasets/0/VirusShare_2cb0901f83b2a520172c3e8c7100062e,,
VirusShare_b9ddbc6547c4f1e5bffb9f428a94663a,b9ddbc6547c4f1e5bffb9f428a94663a,0,/mnt/datadisk/./datasets/0/VirusShare_b9ddbc6547c4f1e5bffb9f428a94663a,,
VirusShare_c6a4e00c964f8e3585bb1c4b1a22ae05,c6a4e00c964f8e3585bb1c4b1a22ae05,0,/mnt/datadisk/./datasets/0/VirusShare_c6a4e00c964f8e3585bb1c4b1a22ae05,,
VirusShare_117b9ff8146738b0fda11361079e77d3,117b9ff8146738b0fda11361079e77d3,1,/mnt/datadisk/./datasets/1/VirusShare_117b9ff8146738b0fda11361079e77d3,,
VirusShare_21853eadcb064f20caa1626acdc08e60,21853eadcb064f20caa1626acdc08e60,0,/mnt/datadisk/./datasets/0/VirusShare_21853eadcb064f20caa1626acdc08e60,,
VirusShare_31a904c72d26112cb3a1711d783ce444,31a904c72d26112cb3a1711d783ce444,0,/mnt/datadisk/./datasets/0/VirusShare_31a904c72d26112cb3a1711d783ce444,,
VirusShare_f5ab2962733474c9b5d71fa8e02e6137,f5ab2962733474c9b5d71fa8e02e6137,1,/mnt/datadisk/./datasets/1/VirusShare_f5ab2962733474c9b5d71fa8e02e6137,,
VirusShare_ae541ec138894780e6df8537192ba1fb,ae541ec138894780e6df8537192ba1fb,1,/mnt/datadisk/./datasets/1/VirusShare_ae541ec138894780e6df8537192ba1fb,,
VirusShare_d6da10588ace7f6dbb95a31ab9f16156,d6da10588ace7f6dbb95a31ab9f16156,1,/mnt/datadisk/./datasets/1/VirusShare_d6da10588ace7f6dbb95a31ab9f16156,,
VirusShare_eca0c4ba56d51ace312dbeab81851fb8,eca0c4ba56d51ace312dbeab81851fb8,0,/mnt/datadisk/./datasets/0/VirusShare_eca0c4ba56d51ace312dbeab81851fb8,,
VirusShare_68ff55c9dfba0cd81412098b91450d0f,68ff55c9dfba0cd81412098b91450d0f,1,/mnt/datadisk/./datasets/1/VirusShare_68ff55c9dfba0cd81412098b91450d0f,,
VirusShare_cda8771fbd27d82cd1eeba7d24356b97,cda8771fbd27d82cd1eeba7d24356b97,1,/mnt/datadisk/./datasets/1/VirusShare_cda8771fbd27d82cd1eeba7d24356b97,,
VirusShare_e59cbbc01545f047f6ec3ccfe991f656,e59cbbc01545f047f6ec3ccfe991f656,0,/mnt/datadisk/./datasets/0/VirusShare_e59cbbc01545f047f6ec3ccfe991f656,,
VirusShare_43412ef351a72da6b23963e575cc9b4d,43412ef351a72da6b23963e575cc9b4d,0,/mnt/datadisk/./datasets/0/VirusShare_43412ef351a72da6b23963e575cc9b4d,,
VirusShare_b72b5df93c8fb29dfd24bd4138a7ec03,b72b5df93c8fb29dfd24bd4138a7ec03,0,/mnt/datadisk/./datasets/0/VirusShare_b72b5df93c8fb29dfd24bd4138a7ec03,,
VirusShare_daca43763cdda01092efc6719c907bff,daca43763cdda01092efc6719c907bff,0,/mnt/datadisk/./datasets/0/VirusShare_daca43763cdda01092efc6719c907bff,,
VirusShare_b784cea86e39573cd97186b7444a7e60,b784cea86e39573cd97186b7444a7e60,1,/mnt/datadisk/./datasets/1/VirusShare_b784cea86e39573cd97186b7444a7e60,,
VirusShare_96c9a417769b19051954b941168ef837,96c9a417769b19051954b941168ef837,1,/mnt/datadisk/./datasets/1/VirusShare_96c9a417769b19051954b941168ef837,,
VirusShare_bbbdc832fe995e436b6d78b4343ce310,bbbdc832fe995e436b6d78b4343ce310,0,/mnt/datadisk/./datasets/0/VirusShare_bbbdc832fe995e436b6d78b4343ce310,,
VirusShare_81b508a10da663694e3c714ed5801c86,81b508a10da663694e3c714ed5801c86,0,/mnt/datadisk/./datasets/0/VirusShare_81b508a10da663694e3c714ed5801c86,,
VirusShare_196e86b7a7abafbcb9a743099da65446,196e86b7a7abafbcb9a743099da65446,0,/mnt/datadisk/./datasets/0/VirusShare_196e86b7a7abafbcb9a743099da65446,,
VirusShare_04569dec64d21ad2346c02225a041d72,04569dec64d21ad2346c02225a041d72,0,/mnt/datadisk/./datasets/0/VirusShare_04569dec64d21ad2346c02225a041d72,,
VirusShare_c2a6fc81b7db030f6ea0a18af165d4d3,c2a6fc81b7db030f6ea0a18af165d4d3,0,/mnt/datadisk/./datasets/0/VirusShare_c2a6fc81b7db030f6ea0a18af165d4d3,,
VirusShare_b335c9a998fe45b64e21bcfe3d4d03ec,b335c9a998fe45b64e21bcfe3d4d03ec,1,/mnt/datadisk/./datasets/1/VirusShare_b335c9a998fe45b64e21bcfe3d4d03ec,,
VirusShare_7cd03fd7ca6c03a9653561d97acc8239,7cd03fd7ca6c03a9653561d97acc8239,0,/mnt/datadisk/./datasets/0/VirusShare_7cd03fd7ca6c03a9653561d97acc8239,,
VirusShare_2fe548e9364b9ec374cdef7f6aa8dfa2,2fe548e9364b9ec374cdef7f6aa8dfa2,0,/mnt/datadisk/./datasets/0/VirusShare_2fe548e9364b9ec374cdef7f6aa8dfa2,,
VirusShare_1d25aaea3b1383179df563a96283f1b0,1d25aaea3b1383179df563a96283f1b0,0,/mnt/datadisk/./datasets/0/VirusShare_1d25aaea3b1383179df563a96283f1b0,,
VirusShare_95e8296c984666bad7e446f0e4e1dd7d,95e8296c984666bad7e446f0e4e1dd7d,0,/mnt/datadisk/./datasets/0/VirusShare_95e8296c984666bad7e446f0e4e1dd7d,,
VirusShare_1ff373e54159535cfbbbed499a2f302a,1ff373e54159535cfbbbed499a2f302a,1,/mnt/datadisk/./datasets/1/VirusShare_1ff373e54159535cfbbbed499a2f302a,,
VirusShare_f3d67bcfc988e2e09ce3ee7b8759ccd9,f3d67bcfc988e2e09ce3ee7b8759ccd9,1,/mnt/datadisk/./datasets/1/VirusShare_f3d67bcfc988e2e09ce3ee7b8759ccd9,,
VirusShare_3a0b4c23a1e60e4e54f3d11b8a0c87b7,3a0b4c23a1e60e4e54f3d11b8a0c87b7,0,/mnt/datadisk/./datasets/0/VirusShare_3a0b4c23a1e60e4e54f3d11b8a0c87b7,,
VirusShare_113c5a760b77347e3fd1262b40196344,113c5a760b77347e3fd1262b40196344,0,/mnt/datadisk/./datasets/0/VirusShare_113c5a760b77347e3fd1262b40196344,,
VirusShare_1ba2dd294aab4c272fe17528f902b031,1ba2dd294aab4c272fe17528f902b031,0,/mnt/datadisk/./datasets/0/VirusShare_1ba2dd294aab4c272fe17528f902b031,,
VirusShare_0debc5c272420387a81d911d515eb533,0debc5c272420387a81d911d515eb533,1,/mnt/datadisk/./datasets/1/VirusShare_0debc5c272420387a81d911d515eb533,,
VirusShare_e79c0eb23a7f154e18d9ad0c6ebeda3e,e79c0eb23a7f154e18d9ad0c6ebeda3e,1,/mnt/datadisk/./datasets/1/VirusShare_e79c0eb23a7f154e18d9ad0c6ebeda3e,,
VirusShare_309489b76d44b43d883c747cbe7f5215,309489b76d44b43d883c747cbe7f5215,0,/mnt/datadisk/./datasets/0/VirusShare_309489b76d44b43d883c747cbe7f5215,,
VirusShare_0de42f2197cf5728faf682087329f429,0de42f2197cf5728faf682087329f429,0,/mnt/datadisk/./datasets/0/VirusShare_0de42f2197cf5728faf682087329f429,,
VirusShare_60788b1a2645383ad6cfc985f301547c,60788b1a2645383ad6cfc985f301547c,0,/mnt/datadisk/./datasets/0/VirusShare_60788b1a2645383ad6cfc985f301547c,,
VirusShare_2a9b4c78c7759c49afdf5f49eddfc106,2a9b4c78c7759c49afdf5f49eddfc106,0,/mnt/datadisk/./datasets/0/VirusShare_2a9b4c78c7759c49afdf5f49eddfc106,,
VirusShare_3e598a39dd5166d24d872c6d9f74196c,3e598a39dd5166d24d872c6d9f74196c,0,/mnt/datadisk/./datasets/0/VirusShare_3e598a39dd5166d24d872c6d9f74196c,,
VirusShare_d359df696d5860750435fc0998f8203d,d359df696d5860750435fc0998f8203d,1,/mnt/datadisk/./datasets/1/VirusShare_d359df696d5860750435fc0998f8203d,,
VirusShare_b74884ff5bd3f463eddd9c932836e489,b74884ff5bd3f463eddd9c932836e489,1,/mnt/datadisk/./datasets/1/VirusShare_b74884ff5bd3f463eddd9c932836e489,,
VirusShare_28477db32ba7f651b5319037a6900bf9,28477db32ba7f651b5319037a6900bf9,1,/mnt/datadisk/./datasets/1/VirusShare_28477db32ba7f651b5319037a6900bf9,,
VirusShare_a1e6244e419432468c3a96848027dbc7,a1e6244e419432468c3a96848027dbc7,0,/mnt/datadisk/./datasets/0/VirusShare_a1e6244e419432468c3a96848027dbc7,,
VirusShare_d8387c1d88d5c53ed2ee31f29f84fcbe,d8387c1d88d5c53ed2ee31f29f84fcbe,0,/mnt/datadisk/./datasets/0/VirusShare_d8387c1d88d5c53ed2ee31f29f84fcbe,,
VirusShare_e5d21ba87eb3c491c6912882a41a7066,e5d21ba87eb3c491c6912882a41a7066,0,/mnt/datadisk/./datasets/0/VirusShare_e5d21ba87eb3c491c6912882a41a7066,,
VirusShare_11ff8a6436b77c3b8b0f7b1368db730f,11ff8a6436b77c3b8b0f7b1368db730f,0,/mnt/datadisk/./datasets/0/VirusShare_11ff8a6436b77c3b8b0f7b1368db730f,,
VirusShare_c51b0bf0fb0ea326f21c0c2210327295,c51b0bf0fb0ea326f21c0c2210327295,1,/mnt/datadisk/./datasets/1/VirusShare_c51b0bf0fb0ea326f21c0c2210327295,,
VirusShare_a7cd37c21917a75ff90223971f734b4c,a7cd37c21917a75ff90223971f734b4c,0,/mnt/datadisk/./datasets/0/VirusShare_a7cd37c21917a75ff90223971f734b4c,,
VirusShare_0f0ac793d48413e50f4b502b415390ac,0f0ac793d48413e50f4b502b415390ac,0,/mnt/datadisk/./datasets/0/VirusShare_0f0ac793d48413e50f4b502b415390ac,,
VirusShare_76aaa2e71a515b2a66f6a6ccdd17fb6d,76aaa2e71a515b2a66f6a6ccdd17fb6d,0,/mnt/datadisk/./datasets/0/VirusShare_76aaa2e71a515b2a66f6a6ccdd17fb6d,,
VirusShare_32cf231e578f2ed60fdc523e61ad7fbf,32cf231e578f2ed60fdc523e61ad7fbf,0,/mnt/datadisk/./datasets/0/VirusShare_32cf231e578f2ed60fdc523e61ad7fbf,,
VirusShare_5e49a00526f2796a1dc560e575062bc6,5e49a00526f2796a1dc560e575062bc6,0,/mnt/datadisk/./datasets/0/VirusShare_5e49a00526f2796a1dc560e575062bc6,,
VirusShare_c9203b6546ae32a885639c6564918b46,c9203b6546ae32a885639c6564918b46,0,/mnt/datadisk/./datasets/0/VirusShare_c9203b6546ae32a885639c6564918b46,,
VirusShare_2276baf31f5400dbcdfc87a2ff05fd1a,2276baf31f5400dbcdfc87a2ff05fd1a,0,/mnt/datadisk/./datasets/0/VirusShare_2276baf31f5400dbcdfc87a2ff05fd1a,,
VirusShare_91feeb26a71fca63fdc155d38e66bd85,91feeb26a71fca63fdc155d38e66bd85,0,/mnt/datadisk/./datasets/0/VirusShare_91feeb26a71fca63fdc155d38e66bd85,,
VirusShare_1d825f2832b582403e2bb4d4f206a9d9,1d825f2832b582403e2bb4d4f206a9d9,0,/mnt/datadisk/./datasets/0/VirusShare_1d825f2832b582403e2bb4d4f206a9d9,,
VirusShare_458e9024252516e6db4764f748f531c7,458e9024252516e6db4764f748f531c7,0,/mnt/datadisk/./datasets/0/VirusShare_458e9024252516e6db4764f748f531c7,,
VirusShare_f2bf51102467958a381b2bb490b88594,f2bf51102467958a381b2bb490b88594,1,/mnt/datadisk/./datasets/1/VirusShare_f2bf51102467958a381b2bb490b88594,,
VirusShare_7f982bd093b8378a639204e85a417582,7f982bd093b8378a639204e85a417582,1,/mnt/datadisk/./datasets/1/VirusShare_7f982bd093b8378a639204e85a417582,,
VirusShare_bbf0972638eef0c8506122c3ed6ef574,bbf0972638eef0c8506122c3ed6ef574,1,/mnt/datadisk/./datasets/1/VirusShare_bbf0972638eef0c8506122c3ed6ef574,,
VirusShare_1f3c9bbd04356de28f035b3e66c3ab43,1f3c9bbd04356de28f035b3e66c3ab43,1,/mnt/datadisk/./datasets/1/VirusShare_1f3c9bbd04356de28f035b3e66c3ab43,,
VirusShare_914889c9320ce72a4c5230c99de148c3,914889c9320ce72a4c5230c99de148c3,0,/mnt/datadisk/./datasets/0/VirusShare_914889c9320ce72a4c5230c99de148c3,,
VirusShare_561c44d1b15fb8d25bebdcd9a4450176,561c44d1b15fb8d25bebdcd9a4450176,0,/mnt/datadisk/./datasets/0/VirusShare_561c44d1b15fb8d25bebdcd9a4450176,,
VirusShare_daca2472808c52b6d7d5e5a88b9b4c82,daca2472808c52b6d7d5e5a88b9b4c82,0,/mnt/datadisk/./datasets/0/VirusShare_daca2472808c52b6d7d5e5a88b9b4c82,,
VirusShare_e7d1e7e7e03cfa523be47a0098ada02e,e7d1e7e7e03cfa523be47a0098ada02e,0,/mnt/datadisk/./datasets/0/VirusShare_e7d1e7e7e03cfa523be47a0098ada02e,,
VirusShare_709bcd8323bd359f5f6358a2383a0f30,709bcd8323bd359f5f6358a2383a0f30,1,/mnt/datadisk/./datasets/1/VirusShare_709bcd8323bd359f5f6358a2383a0f30,,
VirusShare_3684268525b5029a52f54a549826809d,3684268525b5029a52f54a549826809d,0,/mnt/datadisk/./datasets/0/VirusShare_3684268525b5029a52f54a549826809d,,
VirusShare_d007b364af761b52956ad01bf8f1f2bc,d007b364af761b52956ad01bf8f1f2bc,0,/mnt/datadisk/./datasets/0/VirusShare_d007b364af761b52956ad01bf8f1f2bc,,
VirusShare_816a2c8b42163fe213c8de8bf4f62cb0,816a2c8b42163fe213c8de8bf4f62cb0,1,/mnt/datadisk/./datasets/1/VirusShare_816a2c8b42163fe213c8de8bf4f62cb0,,
VirusShare_3a8dcae536575a79af1a77cd4e282c40,3a8dcae536575a79af1a77cd4e282c40,1,/mnt/datadisk/./datasets/1/VirusShare_3a8dcae536575a79af1a77cd4e282c40,,
VirusShare_c54f695b1a69a6640d65f5cfb6ba2b49,c54f695b1a69a6640d65f5cfb6ba2b49,0,/mnt/datadisk/./datasets/0/VirusShare_c54f695b1a69a6640d65f5cfb6ba2b49,,
VirusShare_8f904d29431a36c35af99552b8f0834c,8f904d29431a36c35af99552b8f0834c,0,/mnt/datadisk/./datasets/0/VirusShare_8f904d29431a36c35af99552b8f0834c,,
VirusShare_477328cb947a9e8e4059f2044bb67887,477328cb947a9e8e4059f2044bb67887,0,/mnt/datadisk/./datasets/0/VirusShare_477328cb947a9e8e4059f2044bb67887,,
VirusShare_e6a191cab9b35162e0ae4f6d2671ea1c,e6a191cab9b35162e0ae4f6d2671ea1c,0,/mnt/datadisk/./datasets/0/VirusShare_e6a191cab9b35162e0ae4f6d2671ea1c,,
VirusShare_28e78aad903186b43a72a95f4172555b,28e78aad903186b43a72a95f4172555b,0,/mnt/datadisk/./datasets/0/VirusShare_28e78aad903186b43a72a95f4172555b,,
VirusShare_a637b1aec7c30e440a7797e47867e5df,a637b1aec7c30e440a7797e47867e5df,0,/mnt/datadisk/./datasets/0/VirusShare_a637b1aec7c30e440a7797e47867e5df,,
VirusShare_8b0f8c97e965175050da42c13c111b7d,8b0f8c97e965175050da42c13c111b7d,1,/mnt/datadisk/./datasets/1/VirusShare_8b0f8c97e965175050da42c13c111b7d,,
VirusShare_a196fbda900eaa5b9b87d6ef1c5eba31,a196fbda900eaa5b9b87d6ef1c5eba31,0,/mnt/datadisk/./datasets/0/VirusShare_a196fbda900eaa5b9b87d6ef1c5eba31,,
VirusShare_6cea9e0a5826e8d65df56b7ff813b6c0,6cea9e0a5826e8d65df56b7ff813b6c0,0,/mnt/datadisk/./datasets/0/VirusShare_6cea9e0a5826e8d65df56b7ff813b6c0,,
VirusShare_9b635b67c154619ff0e8801d44ee69cb,9b635b67c154619ff0e8801d44ee69cb,1,/mnt/datadisk/./datasets/1/VirusShare_9b635b67c154619ff0e8801d44ee69cb,,
VirusShare_1322251ad4904aec6ab58c1012d72430,1322251ad4904aec6ab58c1012d72430,0,/mnt/datadisk/./datasets/0/VirusShare_1322251ad4904aec6ab58c1012d72430,,
VirusShare_90f497224e41d5303158006df1852b89,90f497224e41d5303158006df1852b89,0,/mnt/datadisk/./datasets/0/VirusShare_90f497224e41d5303158006df1852b89,,
VirusShare_d162d00705bbdf9a4e9705de274e5dac,d162d00705bbdf9a4e9705de274e5dac,0,/mnt/datadisk/./datasets/0/VirusShare_d162d00705bbdf9a4e9705de274e5dac,,
VirusShare_bdfce1b986db06d3789ebe9cd2a54d89,bdfce1b986db06d3789ebe9cd2a54d89,0,/mnt/datadisk/./datasets/0/VirusShare_bdfce1b986db06d3789ebe9cd2a54d89,,
VirusShare_676b510267f6770caea123c50e060984,676b510267f6770caea123c50e060984,0,/mnt/datadisk/./datasets/0/VirusShare_676b510267f6770caea123c50e060984,,
VirusShare_db4c04c00693624cefb2e85aa0a336fb,db4c04c00693624cefb2e85aa0a336fb,0,/mnt/datadisk/./datasets/0/VirusShare_db4c04c00693624cefb2e85aa0a336fb,,
VirusShare_3d783752db7d5c611bebe4b666fde00f,3d783752db7d5c611bebe4b666fde00f,1,/mnt/datadisk/./datasets/1/VirusShare_3d783752db7d5c611bebe4b666fde00f,,
VirusShare_6010757baf9d62112c1342392aa9362b,6010757baf9d62112c1342392aa9362b,0,/mnt/datadisk/./datasets/0/VirusShare_6010757baf9d62112c1342392aa9362b,,
VirusShare_5c9a47b5cedf0a99b1fbf6403f377216,5c9a47b5cedf0a99b1fbf6403f377216,1,/mnt/datadisk/./datasets/1/VirusShare_5c9a47b5cedf0a99b1fbf6403f377216,,
VirusShare_ef4b29bf3f5f588b1672ef5f38b5220b,ef4b29bf3f5f588b1672ef5f38b5220b,1,/mnt/datadisk/./datasets/1/VirusShare_ef4b29bf3f5f588b1672ef5f38b5220b,,
VirusShare_4c30aa19ff195f42a11f6eeedc7bd55c,4c30aa19ff195f42a11f6eeedc7bd55c,1,/mnt/datadisk/./datasets/1/VirusShare_4c30aa19ff195f42a11f6eeedc7bd55c,,
VirusShare_d7e77339d19312dd3e3a0c3e367c86a3,d7e77339d19312dd3e3a0c3e367c86a3,0,/mnt/datadisk/./datasets/0/VirusShare_d7e77339d19312dd3e3a0c3e367c86a3,,
VirusShare_97936a898f2ac4987127e7dcfd7234f9,97936a898f2ac4987127e7dcfd7234f9,1,/mnt/datadisk/./datasets/1/VirusShare_97936a898f2ac4987127e7dcfd7234f9,,
VirusShare_740b56f325e02f5af71c811ae092f705,740b56f325e02f5af71c811ae092f705,0,/mnt/datadisk/./datasets/0/VirusShare_740b56f325e02f5af71c811ae092f705,,
VirusShare_9f2a0d8341d0863c73d2d3ea2f99982e,9f2a0d8341d0863c73d2d3ea2f99982e,0,/mnt/datadisk/./datasets/0/VirusShare_9f2a0d8341d0863c73d2d3ea2f99982e,,
VirusShare_262a82e5ead5387c74e189d4bef2fcec,262a82e5ead5387c74e189d4bef2fcec,0,/mnt/datadisk/./datasets/0/VirusShare_262a82e5ead5387c74e189d4bef2fcec,,
VirusShare_7429262fe9edec008f851ddeeb0915d2,7429262fe9edec008f851ddeeb0915d2,0,/mnt/datadisk/./datasets/0/VirusShare_7429262fe9edec008f851ddeeb0915d2,,
VirusShare_9269349a200b618cefe3cd24d2234a2d,9269349a200b618cefe3cd24d2234a2d,1,/mnt/datadisk/./datasets/1/VirusShare_9269349a200b618cefe3cd24d2234a2d,,
VirusShare_ed3e76997bb34dc4868032352b5b4f44,ed3e76997bb34dc4868032352b5b4f44,0,/mnt/datadisk/./datasets/0/VirusShare_ed3e76997bb34dc4868032352b5b4f44,,
VirusShare_65c99ff9aca0f68fb45deba0274b4388,65c99ff9aca0f68fb45deba0274b4388,0,/mnt/datadisk/./datasets/0/VirusShare_65c99ff9aca0f68fb45deba0274b4388,,
VirusShare_ab0096f92f441b2358ee112b5ee8c703,ab0096f92f441b2358ee112b5ee8c703,1,/mnt/datadisk/./datasets/1/VirusShare_ab0096f92f441b2358ee112b5ee8c703,,
VirusShare_98c4909b28702664beb0042443c61807,98c4909b28702664beb0042443c61807,0,/mnt/datadisk/./datasets/0/VirusShare_98c4909b28702664beb0042443c61807,,
VirusShare_e795431b4b16270e70bde25f1e9de48a,e795431b4b16270e70bde25f1e9de48a,0,/mnt/datadisk/./datasets/0/VirusShare_e795431b4b16270e70bde25f1e9de48a,,
VirusShare_40941510d66ca645a7c07ddf443686d0,40941510d66ca645a7c07ddf443686d0,0,/mnt/datadisk/./datasets/0/VirusShare_40941510d66ca645a7c07ddf443686d0,,
VirusShare_db0704c6305d3a1f892483f5d8238862,db0704c6305d3a1f892483f5d8238862,1,/mnt/datadisk/./datasets/1/VirusShare_db0704c6305d3a1f892483f5d8238862,,
VirusShare_ab82875d2f5c6e856d83d80f9b0b2389,ab82875d2f5c6e856d83d80f9b0b2389,1,/mnt/datadisk/./datasets/1/VirusShare_ab82875d2f5c6e856d83d80f9b0b2389,,
VirusShare_5a4015ae16bc116a22e818719c703c39,5a4015ae16bc116a22e818719c703c39,0,/mnt/datadisk/./datasets/0/VirusShare_5a4015ae16bc116a22e818719c703c39,,
VirusShare_86e159a7d056d0627773a45fa6b1eff3,86e159a7d056d0627773a45fa6b1eff3,0,/mnt/datadisk/./datasets/0/VirusShare_86e159a7d056d0627773a45fa6b1eff3,,
VirusShare_fb1d7083c4badeb2d4258f51bdba41ca,fb1d7083c4badeb2d4258f51bdba41ca,1,/mnt/datadisk/./datasets/1/VirusShare_fb1d7083c4badeb2d4258f51bdba41ca,,
VirusShare_1ffeb5cd1dd490690e5b39a024b07763,1ffeb5cd1dd490690e5b39a024b07763,1,/mnt/datadisk/./datasets/1/VirusShare_1ffeb5cd1dd490690e5b39a024b07763,,
VirusShare_ec0cf44d35c098840e856b204caaba4d,ec0cf44d35c098840e856b204caaba4d,0,/mnt/datadisk/./datasets/0/VirusShare_ec0cf44d35c098840e856b204caaba4d,,
VirusShare_c1c07644f9702651cecc0ac34249a23f,c1c07644f9702651cecc0ac34249a23f,1,/mnt/datadisk/./datasets/1/VirusShare_c1c07644f9702651cecc0ac34249a23f,,
VirusShare_4d73ecf971b71d818ee325ddfdee99c3,4d73ecf971b71d818ee325ddfdee99c3,1,/mnt/datadisk/./datasets/1/VirusShare_4d73ecf971b71d818ee325ddfdee99c3,,
VirusShare_66be7a20bc1468fc832d1c610fab4a09,66be7a20bc1468fc832d1c610fab4a09,1,/mnt/datadisk/./datasets/1/VirusShare_66be7a20bc1468fc832d1c610fab4a09,,
VirusShare_0f46044d6b002c76bc1db7528f07fe4d,0f46044d6b002c76bc1db7528f07fe4d,0,/mnt/datadisk/./datasets/0/VirusShare_0f46044d6b002c76bc1db7528f07fe4d,,
VirusShare_a1fe5c0dbaf3a98bd06fef04d5161ddd,a1fe5c0dbaf3a98bd06fef04d5161ddd,0,/mnt/datadisk/./datasets/0/VirusShare_a1fe5c0dbaf3a98bd06fef04d5161ddd,,
VirusShare_89074c389c15999966fdcde81fc08213,89074c389c15999966fdcde81fc08213,1,/mnt/datadisk/./datasets/1/VirusShare_89074c389c15999966fdcde81fc08213,,
VirusShare_df4ec43cd685221599a9936e07c77277,df4ec43cd685221599a9936e07c77277,0,/mnt/datadisk/./datasets/0/VirusShare_df4ec43cd685221599a9936e07c77277,,
VirusShare_01ac7830fd3a1716d91496822bea7eb5,01ac7830fd3a1716d91496822bea7eb5,0,/mnt/datadisk/./datasets/0/VirusShare_01ac7830fd3a1716d91496822bea7eb5,,
VirusShare_bc5a5013d00a628e0cf4db22b54d3ad9,bc5a5013d00a628e0cf4db22b54d3ad9,1,/mnt/datadisk/./datasets/1/VirusShare_bc5a5013d00a628e0cf4db22b54d3ad9,,
VirusShare_ac2234359f725ee3ba6791e21676d3f6,ac2234359f725ee3ba6791e21676d3f6,0,/mnt/datadisk/./datasets/0/VirusShare_ac2234359f725ee3ba6791e21676d3f6,,
VirusShare_3810cde61cb6a2828fe66d2b30bcaa4c,3810cde61cb6a2828fe66d2b30bcaa4c,0,/mnt/datadisk/./datasets/0/VirusShare_3810cde61cb6a2828fe66d2b30bcaa4c,,
VirusShare_a8000c3dd47276da281f685541ed4547,a8000c3dd47276da281f685541ed4547,0,/mnt/datadisk/./datasets/0/VirusShare_a8000c3dd47276da281f685541ed4547,,
VirusShare_50b4f0cb182cb17e9c1dd6833e720183,50b4f0cb182cb17e9c1dd6833e720183,1,/mnt/datadisk/./datasets/1/VirusShare_50b4f0cb182cb17e9c1dd6833e720183,,
VirusShare_9b3fdd98394c221091a20607b4e75e24,9b3fdd98394c221091a20607b4e75e24,1,/mnt/datadisk/./datasets/1/VirusShare_9b3fdd98394c221091a20607b4e75e24,,
VirusShare_8912e1dad6697be4087921b17135e530,8912e1dad6697be4087921b17135e530,0,/mnt/datadisk/./datasets/0/VirusShare_8912e1dad6697be4087921b17135e530,,
VirusShare_1899ac435bd27ec5fb675238a2272ac7,1899ac435bd27ec5fb675238a2272ac7,0,/mnt/datadisk/./datasets/0/VirusShare_1899ac435bd27ec5fb675238a2272ac7,,
VirusShare_0b5f6f888484972931fc16ecae4724de,0b5f6f888484972931fc16ecae4724de,1,/mnt/datadisk/./datasets/1/VirusShare_0b5f6f888484972931fc16ecae4724de,,
VirusShare_fdd52c103b960a16933d9478ce2540d5,fdd52c103b960a16933d9478ce2540d5,1,/mnt/datadisk/./datasets/1/VirusShare_fdd52c103b960a16933d9478ce2540d5,,
VirusShare_db6d5291ac32aecafb5dee5a00e55709,db6d5291ac32aecafb5dee5a00e55709,0,/mnt/datadisk/./datasets/0/VirusShare_db6d5291ac32aecafb5dee5a00e55709,,
VirusShare_b5960ceea0fd06a282aff6d82c241582,b5960ceea0fd06a282aff6d82c241582,0,/mnt/datadisk/./datasets/0/VirusShare_b5960ceea0fd06a282aff6d82c241582,,
VirusShare_5d47812345dbcd1bcc91ff4c51683b0a,5d47812345dbcd1bcc91ff4c51683b0a,0,/mnt/datadisk/./datasets/0/VirusShare_5d47812345dbcd1bcc91ff4c51683b0a,,
VirusShare_efd6469a601d7723824bf6ea9642251c,efd6469a601d7723824bf6ea9642251c,0,/mnt/datadisk/./datasets/0/VirusShare_efd6469a601d7723824bf6ea9642251c,,
VirusShare_e877238a31312feb3c8e6bdb82f400d8,e877238a31312feb3c8e6bdb82f400d8,1,/mnt/datadisk/./datasets/1/VirusShare_e877238a31312feb3c8e6bdb82f400d8,,
VirusShare_029f1c356b18ff95f9375c08e959049f,029f1c356b18ff95f9375c08e959049f,0,/mnt/datadisk/./datasets/0/VirusShare_029f1c356b18ff95f9375c08e959049f,,
VirusShare_d54108e0169a8c59c51ea0dff2f045b6,d54108e0169a8c59c51ea0dff2f045b6,1,/mnt/datadisk/./datasets/1/VirusShare_d54108e0169a8c59c51ea0dff2f045b6,,
VirusShare_a6e66f7a49859c61ae44712f3da36f20,a6e66f7a49859c61ae44712f3da36f20,0,/mnt/datadisk/./datasets/0/VirusShare_a6e66f7a49859c61ae44712f3da36f20,,
VirusShare_e0d2bcd2508f92901a210537e58a54f6,e0d2bcd2508f92901a210537e58a54f6,0,/mnt/datadisk/./datasets/0/VirusShare_e0d2bcd2508f92901a210537e58a54f6,,
VirusShare_71cc4cc8afc2a796827f5cc9125ca04a,71cc4cc8afc2a796827f5cc9125ca04a,1,/mnt/datadisk/./datasets/1/VirusShare_71cc4cc8afc2a796827f5cc9125ca04a,,
VirusShare_5b15cad6bec93f9b5e5c6ce2abf6b19f,5b15cad6bec93f9b5e5c6ce2abf6b19f,1,/mnt/datadisk/./datasets/1/VirusShare_5b15cad6bec93f9b5e5c6ce2abf6b19f,,
VirusShare_b7654f32d329bf18e661a295b11eaab2,b7654f32d329bf18e661a295b11eaab2,0,/mnt/datadisk/./datasets/0/VirusShare_b7654f32d329bf18e661a295b11eaab2,,
VirusShare_4c9f997150e1bb5cd8157f47db8bff2e,4c9f997150e1bb5cd8157f47db8bff2e,1,/mnt/datadisk/./datasets/1/VirusShare_4c9f997150e1bb5cd8157f47db8bff2e,,
VirusShare_4c7dfc7d9a0f58c8079816f504e0a26f,4c7dfc7d9a0f58c8079816f504e0a26f,0,/mnt/datadisk/./datasets/0/VirusShare_4c7dfc7d9a0f58c8079816f504e0a26f,,
VirusShare_25db64c086c5e7824034acd389101cd9,25db64c086c5e7824034acd389101cd9,0,/mnt/datadisk/./datasets/0/VirusShare_25db64c086c5e7824034acd389101cd9,,
VirusShare_bb9576ac4ba78b85c25422f2a7ab7b44,bb9576ac4ba78b85c25422f2a7ab7b44,1,/mnt/datadisk/./datasets/1/VirusShare_bb9576ac4ba78b85c25422f2a7ab7b44,,
VirusShare_de9021299f6019706422ffdb859f636a,de9021299f6019706422ffdb859f636a,0,/mnt/datadisk/./datasets/0/VirusShare_de9021299f6019706422ffdb859f636a,,
VirusShare_d867df368c430a8d58aeec9bbb623e5c,d867df368c430a8d58aeec9bbb623e5c,0,/mnt/datadisk/./datasets/0/VirusShare_d867df368c430a8d58aeec9bbb623e5c,,
VirusShare_cc82fddcabc236b6768b374dc259836b,cc82fddcabc236b6768b374dc259836b,0,/mnt/datadisk/./datasets/0/VirusShare_cc82fddcabc236b6768b374dc259836b,,
VirusShare_1cfd3a83d9cf05e3f35449f9d8d5273a,1cfd3a83d9cf05e3f35449f9d8d5273a,1,/mnt/datadisk/./datasets/1/VirusShare_1cfd3a83d9cf05e3f35449f9d8d5273a,,
VirusShare_3973c208abc70b8581d0e035808cd637,3973c208abc70b8581d0e035808cd637,1,/mnt/datadisk/./datasets/1/VirusShare_3973c208abc70b8581d0e035808cd637,,
VirusShare_a4cfea295e5dc1da48001ec9282574a5,a4cfea295e5dc1da48001ec9282574a5,1,/mnt/datadisk/./datasets/1/VirusShare_a4cfea295e5dc1da48001ec9282574a5,,
VirusShare_4dd02b4f8a06f47f6178196c04a86584,4dd02b4f8a06f47f6178196c04a86584,0,/mnt/datadisk/./datasets/0/VirusShare_4dd02b4f8a06f47f6178196c04a86584,,
VirusShare_c14889197b24dbead57bdb8527a31a76,c14889197b24dbead57bdb8527a31a76,0,/mnt/datadisk/./datasets/0/VirusShare_c14889197b24dbead57bdb8527a31a76,,
VirusShare_350acee6419f8dd7cfa3752a98195628,350acee6419f8dd7cfa3752a98195628,1,/mnt/datadisk/./datasets/1/VirusShare_350acee6419f8dd7cfa3752a98195628,,
VirusShare_ecf178967f0c0570247963336ffd17aa,ecf178967f0c0570247963336ffd17aa,0,/mnt/datadisk/./datasets/0/VirusShare_ecf178967f0c0570247963336ffd17aa,,
VirusShare_bca9f96974f996d6b246209ff0dad9eb,bca9f96974f996d6b246209ff0dad9eb,0,/mnt/datadisk/./datasets/0/VirusShare_bca9f96974f996d6b246209ff0dad9eb,,
VirusShare_fa78e5e1b6f106f79214a42de2e5f0f7,fa78e5e1b6f106f79214a42de2e5f0f7,1,/mnt/datadisk/./datasets/1/VirusShare_fa78e5e1b6f106f79214a42de2e5f0f7,,
VirusShare_a7fdc32c017f812458e0ff1580398add,a7fdc32c017f812458e0ff1580398add,0,/mnt/datadisk/./datasets/0/VirusShare_a7fdc32c017f812458e0ff1580398add,,
VirusShare_b1dbc3b027105d8032541bc0c5e71abb,b1dbc3b027105d8032541bc0c5e71abb,1,/mnt/datadisk/./datasets/1/VirusShare_b1dbc3b027105d8032541bc0c5e71abb,,
VirusShare_da45ce2a9597f9e0faf16487fecbd993,da45ce2a9597f9e0faf16487fecbd993,0,/mnt/datadisk/./datasets/0/VirusShare_da45ce2a9597f9e0faf16487fecbd993,,
VirusShare_a966ef85fc69eb7989ee418214e1c241,a966ef85fc69eb7989ee418214e1c241,0,/mnt/datadisk/./datasets/0/VirusShare_a966ef85fc69eb7989ee418214e1c241,,
VirusShare_4ec8827165bcf961bfc8e07506fbda21,4ec8827165bcf961bfc8e07506fbda21,1,/mnt/datadisk/./datasets/1/VirusShare_4ec8827165bcf961bfc8e07506fbda21,,
VirusShare_ae709cccdd5d94b960891499f62f13ad,ae709cccdd5d94b960891499f62f13ad,0,/mnt/datadisk/./datasets/0/VirusShare_ae709cccdd5d94b960891499f62f13ad,,
VirusShare_4b527ce1792d19eef851a770025028af,4b527ce1792d19eef851a770025028af,0,/mnt/datadisk/./datasets/0/VirusShare_4b527ce1792d19eef851a770025028af,,
VirusShare_8b8bd25f4ae51c193f117f15e9bbb888,8b8bd25f4ae51c193f117f15e9bbb888,1,/mnt/datadisk/./datasets/1/VirusShare_8b8bd25f4ae51c193f117f15e9bbb888,,
VirusShare_835e8cd097d650967722f37ac8775a6b,835e8cd097d650967722f37ac8775a6b,0,/mnt/datadisk/./datasets/0/VirusShare_835e8cd097d650967722f37ac8775a6b,,
VirusShare_ba21d8e2f72988fd984f8cf38b0d2066,ba21d8e2f72988fd984f8cf38b0d2066,0,/mnt/datadisk/./datasets/0/VirusShare_ba21d8e2f72988fd984f8cf38b0d2066,,
VirusShare_33765bf7f84b7150d919f1a55062eb00,33765bf7f84b7150d919f1a55062eb00,0,/mnt/datadisk/./datasets/0/VirusShare_33765bf7f84b7150d919f1a55062eb00,,
VirusShare_0da5cb6e034d8f77823135df5d61d20d,0da5cb6e034d8f77823135df5d61d20d,1,/mnt/datadisk/./datasets/1/VirusShare_0da5cb6e034d8f77823135df5d61d20d,,
VirusShare_837872320e2ec5f8876b26dc9ca76add,837872320e2ec5f8876b26dc9ca76add,0,/mnt/datadisk/./datasets/0/VirusShare_837872320e2ec5f8876b26dc9ca76add,,
VirusShare_e900e6cd547787c0ba378c4b46075d74,e900e6cd547787c0ba378c4b46075d74,1,/mnt/datadisk/./datasets/1/VirusShare_e900e6cd547787c0ba378c4b46075d74,,
VirusShare_08cbf2d4005da4150eaa598a2db2cb9c,08cbf2d4005da4150eaa598a2db2cb9c,1,/mnt/datadisk/./datasets/1/VirusShare_08cbf2d4005da4150eaa598a2db2cb9c,,
VirusShare_552ea162a604a99160c82e09bc02f4cf,552ea162a604a99160c82e09bc02f4cf,1,/mnt/datadisk/./datasets/1/VirusShare_552ea162a604a99160c82e09bc02f4cf,,
VirusShare_c6948d373652315b6c88e483b46700c8,c6948d373652315b6c88e483b46700c8,1,/mnt/datadisk/./datasets/1/VirusShare_c6948d373652315b6c88e483b46700c8,,
VirusShare_b230f86aa21203535ddf51ae5efd14cd,b230f86aa21203535ddf51ae5efd14cd,0,/mnt/datadisk/./datasets/0/VirusShare_b230f86aa21203535ddf51ae5efd14cd,,
VirusShare_f20eb5cba941fcc43e5e9785ac29b49b,f20eb5cba941fcc43e5e9785ac29b49b,1,/mnt/datadisk/./datasets/1/VirusShare_f20eb5cba941fcc43e5e9785ac29b49b,,
VirusShare_b19cf40634b4c963828cc376cedfa59e,b19cf40634b4c963828cc376cedfa59e,0,/mnt/datadisk/./datasets/0/VirusShare_b19cf40634b4c963828cc376cedfa59e,,
VirusShare_77c0df10d2f4192017a0b8b7e30346fc,77c0df10d2f4192017a0b8b7e30346fc,0,/mnt/datadisk/./datasets/0/VirusShare_77c0df10d2f4192017a0b8b7e30346fc,,
VirusShare_83e7034350b32aa510d1fb5cb2f959f7,83e7034350b32aa510d1fb5cb2f959f7,0,/mnt/datadisk/./datasets/0/VirusShare_83e7034350b32aa510d1fb5cb2f959f7,,
VirusShare_3beea914d58bcb87a6f0bdff9d7cf8e2,3beea914d58bcb87a6f0bdff9d7cf8e2,0,/mnt/datadisk/./datasets/0/VirusShare_3beea914d58bcb87a6f0bdff9d7cf8e2,,
VirusShare_a012c0b26098bd01f851c0d43c3e74df,a012c0b26098bd01f851c0d43c3e74df,0,/mnt/datadisk/./datasets/0/VirusShare_a012c0b26098bd01f851c0d43c3e74df,,
VirusShare_7684840da8072b920a2afbcd93a7d697,7684840da8072b920a2afbcd93a7d697,1,/mnt/datadisk/./datasets/1/VirusShare_7684840da8072b920a2afbcd93a7d697,,
VirusShare_43bc2d1c1aab4cf661bdf1587f8d0fb4,43bc2d1c1aab4cf661bdf1587f8d0fb4,0,/mnt/datadisk/./datasets/0/VirusShare_43bc2d1c1aab4cf661bdf1587f8d0fb4,,
VirusShare_b4d9e01204fa66ac0e27aa5361c17003,b4d9e01204fa66ac0e27aa5361c17003,1,/mnt/datadisk/./datasets/1/VirusShare_b4d9e01204fa66ac0e27aa5361c17003,,
VirusShare_012100f67bce8015a954d16d3a3bb2c7,012100f67bce8015a954d16d3a3bb2c7,0,/mnt/datadisk/./datasets/0/VirusShare_012100f67bce8015a954d16d3a3bb2c7,,
VirusShare_36529715f030b1ace102cac4bad286fd,36529715f030b1ace102cac4bad286fd,0,/mnt/datadisk/./datasets/0/VirusShare_36529715f030b1ace102cac4bad286fd,,
VirusShare_a708995caad70346d832507e3b452142,a708995caad70346d832507e3b452142,0,/mnt/datadisk/./datasets/0/VirusShare_a708995caad70346d832507e3b452142,,
VirusShare_1816b3981a69a3e2c699dffa81f78cd3,1816b3981a69a3e2c699dffa81f78cd3,0,/mnt/datadisk/./datasets/0/VirusShare_1816b3981a69a3e2c699dffa81f78cd3,,
VirusShare_e9681c352e859bf082831d69b7c39aac,e9681c352e859bf082831d69b7c39aac,0,/mnt/datadisk/./datasets/0/VirusShare_e9681c352e859bf082831d69b7c39aac,,
VirusShare_90cd43027b812bed7dafc9ade93bed63,90cd43027b812bed7dafc9ade93bed63,1,/mnt/datadisk/./datasets/1/VirusShare_90cd43027b812bed7dafc9ade93bed63,,
VirusShare_5db357db8d6608721805d5a5aba1ec3e,5db357db8d6608721805d5a5aba1ec3e,1,/mnt/datadisk/./datasets/1/VirusShare_5db357db8d6608721805d5a5aba1ec3e,,
VirusShare_80b711b275c9ec03f458778a1283b846,80b711b275c9ec03f458778a1283b846,1,/mnt/datadisk/./datasets/1/VirusShare_80b711b275c9ec03f458778a1283b846,,
VirusShare_9ad7ef55443a2bea33ce7704adac2a9b,9ad7ef55443a2bea33ce7704adac2a9b,0,/mnt/datadisk/./datasets/0/VirusShare_9ad7ef55443a2bea33ce7704adac2a9b,,
VirusShare_17cb8d60b2721f342f22688464bd364a,17cb8d60b2721f342f22688464bd364a,1,/mnt/datadisk/./datasets/1/VirusShare_17cb8d60b2721f342f22688464bd364a,,
VirusShare_d71d2e1404a08d957ea0e8b3da4e017d,d71d2e1404a08d957ea0e8b3da4e017d,0,/mnt/datadisk/./datasets/0/VirusShare_d71d2e1404a08d957ea0e8b3da4e017d,,
VirusShare_3113ccf96549a40986a6c8ed2d0fea78,3113ccf96549a40986a6c8ed2d0fea78,0,/mnt/datadisk/./datasets/0/VirusShare_3113ccf96549a40986a6c8ed2d0fea78,,
VirusShare_9cb7cf5c07b242dfefd236252182289f,9cb7cf5c07b242dfefd236252182289f,0,/mnt/datadisk/./datasets/0/VirusShare_9cb7cf5c07b242dfefd236252182289f,,
VirusShare_737b52fcfa47f503ecb246979e033b2e,737b52fcfa47f503ecb246979e033b2e,1,/mnt/datadisk/./datasets/1/VirusShare_737b52fcfa47f503ecb246979e033b2e,,
VirusShare_761b8bc8c4b25c670adb826e0ee46be0,761b8bc8c4b25c670adb826e0ee46be0,0,/mnt/datadisk/./datasets/0/VirusShare_761b8bc8c4b25c670adb826e0ee46be0,,
VirusShare_ccfe8d16aef2c58ff3431382e8e1a2f4,ccfe8d16aef2c58ff3431382e8e1a2f4,1,/mnt/datadisk/./datasets/1/VirusShare_ccfe8d16aef2c58ff3431382e8e1a2f4,,
VirusShare_80deded602786f3b96ce8ef29bd797f4,80deded602786f3b96ce8ef29bd797f4,1,/mnt/datadisk/./datasets/1/VirusShare_80deded602786f3b96ce8ef29bd797f4,,
VirusShare_66d011332ca0f861dfe6319ca3fe1056,66d011332ca0f861dfe6319ca3fe1056,0,/mnt/datadisk/./datasets/0/VirusShare_66d011332ca0f861dfe6319ca3fe1056,,
VirusShare_628b3f0beb42e73e2095f3d87a3bc7e1,628b3f0beb42e73e2095f3d87a3bc7e1,0,/mnt/datadisk/./datasets/0/VirusShare_628b3f0beb42e73e2095f3d87a3bc7e1,,
VirusShare_8b0f6235ecca70f12b2af9fc99abf208,8b0f6235ecca70f12b2af9fc99abf208,1,/mnt/datadisk/./datasets/1/VirusShare_8b0f6235ecca70f12b2af9fc99abf208,,
VirusShare_ccc1d45c31eeebf5d69ab364bba558b7,ccc1d45c31eeebf5d69ab364bba558b7,1,/mnt/datadisk/./datasets/1/VirusShare_ccc1d45c31eeebf5d69ab364bba558b7,,
VirusShare_a682a7df1173e14f33ed8bd9b93e3c72,a682a7df1173e14f33ed8bd9b93e3c72,0,/mnt/datadisk/./datasets/0/VirusShare_a682a7df1173e14f33ed8bd9b93e3c72,,
VirusShare_d802ff3786dbd732f6ea4ce52e5858e3,d802ff3786dbd732f6ea4ce52e5858e3,1,/mnt/datadisk/./datasets/1/VirusShare_d802ff3786dbd732f6ea4ce52e5858e3,,
VirusShare_ec97ee9209dbbcdd616395ca2622d91d,ec97ee9209dbbcdd616395ca2622d91d,0,/mnt/datadisk/./datasets/0/VirusShare_ec97ee9209dbbcdd616395ca2622d91d,,
VirusShare_e9a4d88653aa997eb3eac6f4baea7701,e9a4d88653aa997eb3eac6f4baea7701,0,/mnt/datadisk/./datasets/0/VirusShare_e9a4d88653aa997eb3eac6f4baea7701,,
VirusShare_15bb59a8b2f615e43c854d6bf21f612a,15bb59a8b2f615e43c854d6bf21f612a,0,/mnt/datadisk/./datasets/0/VirusShare_15bb59a8b2f615e43c854d6bf21f612a,,
VirusShare_4a22973683d9a5310e68219fcdff1678,4a22973683d9a5310e68219fcdff1678,1,/mnt/datadisk/./datasets/1/VirusShare_4a22973683d9a5310e68219fcdff1678,,
VirusShare_e202643787643513d875d7e2fc2010c2,e202643787643513d875d7e2fc2010c2,1,/mnt/datadisk/./datasets/1/VirusShare_e202643787643513d875d7e2fc2010c2,,
VirusShare_76cf1dcb9cb2779e764816a818bb6ecd,76cf1dcb9cb2779e764816a818bb6ecd,1,/mnt/datadisk/./datasets/1/VirusShare_76cf1dcb9cb2779e764816a818bb6ecd,,
VirusShare_e46f3df0382591d200b15a8cd985e2be,e46f3df0382591d200b15a8cd985e2be,0,/mnt/datadisk/./datasets/0/VirusShare_e46f3df0382591d200b15a8cd985e2be,,
VirusShare_ddbc4552b044b39a8090eb9f213a3136,ddbc4552b044b39a8090eb9f213a3136,0,/mnt/datadisk/./datasets/0/VirusShare_ddbc4552b044b39a8090eb9f213a3136,,
VirusShare_20bdb435f24e77d9f184268c8c4490fc,20bdb435f24e77d9f184268c8c4490fc,0,/mnt/datadisk/./datasets/0/VirusShare_20bdb435f24e77d9f184268c8c4490fc,,
VirusShare_43dbaed75c65b8198cbd2ddd040a2d2e,43dbaed75c65b8198cbd2ddd040a2d2e,0,/mnt/datadisk/./datasets/0/VirusShare_43dbaed75c65b8198cbd2ddd040a2d2e,,
VirusShare_bf69340fccfb62311ff89ccf42a717e1,bf69340fccfb62311ff89ccf42a717e1,1,/mnt/datadisk/./datasets/1/VirusShare_bf69340fccfb62311ff89ccf42a717e1,,
VirusShare_5967a781fb14833a6862c1d18a54b617,5967a781fb14833a6862c1d18a54b617,0,/mnt/datadisk/./datasets/0/VirusShare_5967a781fb14833a6862c1d18a54b617,,
VirusShare_9c0d892d63cea993b0c04b5f88c6f259,9c0d892d63cea993b0c04b5f88c6f259,0,/mnt/datadisk/./datasets/0/VirusShare_9c0d892d63cea993b0c04b5f88c6f259,,
VirusShare_6af458cab5ebd8f5ed7a893325bfcc12,6af458cab5ebd8f5ed7a893325bfcc12,0,/mnt/datadisk/./datasets/0/VirusShare_6af458cab5ebd8f5ed7a893325bfcc12,,
VirusShare_ef694101fdd3780e914ffec84b23f150,ef694101fdd3780e914ffec84b23f150,0,/mnt/datadisk/./datasets/0/VirusShare_ef694101fdd3780e914ffec84b23f150,,
VirusShare_0a0a74ad6cd4865bcc4a0f6ff9a3d847,0a0a74ad6cd4865bcc4a0f6ff9a3d847,0,/mnt/datadisk/./datasets/0/VirusShare_0a0a74ad6cd4865bcc4a0f6ff9a3d847,,
VirusShare_80983c47914ee1bf5061b1fd39bb465a,80983c47914ee1bf5061b1fd39bb465a,0,/mnt/datadisk/./datasets/0/VirusShare_80983c47914ee1bf5061b1fd39bb465a,,
VirusShare_709929aa3b4a2c6b044303552a77cc88,709929aa3b4a2c6b044303552a77cc88,1,/mnt/datadisk/./datasets/1/VirusShare_709929aa3b4a2c6b044303552a77cc88,,
VirusShare_1d8cdf761c3c845c7f2cc4199ad345cb,1d8cdf761c3c845c7f2cc4199ad345cb,0,/mnt/datadisk/./datasets/0/VirusShare_1d8cdf761c3c845c7f2cc4199ad345cb,,
VirusShare_7f6875d70fe1379047078e0b70ec7fb1,7f6875d70fe1379047078e0b70ec7fb1,0,/mnt/datadisk/./datasets/0/VirusShare_7f6875d70fe1379047078e0b70ec7fb1,,
VirusShare_c28dd67e2a30f5244d3001be4a7577be,c28dd67e2a30f5244d3001be4a7577be,0,/mnt/datadisk/./datasets/0/VirusShare_c28dd67e2a30f5244d3001be4a7577be,,
VirusShare_c20a1fc8903df478c4c7f44aeb20e2bd,c20a1fc8903df478c4c7f44aeb20e2bd,0,/mnt/datadisk/./datasets/0/VirusShare_c20a1fc8903df478c4c7f44aeb20e2bd,,
VirusShare_855f13cf436771e9e54cdcc3017b3b39,855f13cf436771e9e54cdcc3017b3b39,0,/mnt/datadisk/./datasets/0/VirusShare_855f13cf436771e9e54cdcc3017b3b39,,
VirusShare_ecf8730dc14f67fd30e0512352ce48ec,ecf8730dc14f67fd30e0512352ce48ec,0,/mnt/datadisk/./datasets/0/VirusShare_ecf8730dc14f67fd30e0512352ce48ec,,
VirusShare_c42b183296095a562c796f7fdccdcaba,c42b183296095a562c796f7fdccdcaba,0,/mnt/datadisk/./datasets/0/VirusShare_c42b183296095a562c796f7fdccdcaba,,
VirusShare_999ef680c8471be59233d8dc0739dfff,999ef680c8471be59233d8dc0739dfff,0,/mnt/datadisk/./datasets/0/VirusShare_999ef680c8471be59233d8dc0739dfff,,
VirusShare_98eb8f406496988aa8ab1aec8523fef5,98eb8f406496988aa8ab1aec8523fef5,1,/mnt/datadisk/./datasets/1/VirusShare_98eb8f406496988aa8ab1aec8523fef5,,
VirusShare_d9776a094efef7c5c318509253613366,d9776a094efef7c5c318509253613366,1,/mnt/datadisk/./datasets/1/VirusShare_d9776a094efef7c5c318509253613366,,
VirusShare_11052e9f91d07b1318e74ed8cdfd0ac8,11052e9f91d07b1318e74ed8cdfd0ac8,1,/mnt/datadisk/./datasets/1/VirusShare_11052e9f91d07b1318e74ed8cdfd0ac8,,
VirusShare_49354088c9ae1c8c34753ed879ce9203,49354088c9ae1c8c34753ed879ce9203,0,/mnt/datadisk/./datasets/0/VirusShare_49354088c9ae1c8c34753ed879ce9203,,
VirusShare_26b79bc3bf1a0508ba12684a3560294a,26b79bc3bf1a0508ba12684a3560294a,0,/mnt/datadisk/./datasets/0/VirusShare_26b79bc3bf1a0508ba12684a3560294a,,
VirusShare_ef5e00bff5ff2ef793685e7e6f8ae23c,ef5e00bff5ff2ef793685e7e6f8ae23c,1,/mnt/datadisk/./datasets/1/VirusShare_ef5e00bff5ff2ef793685e7e6f8ae23c,,
VirusShare_96be13f099d02f2691b94917beb476fe,96be13f099d02f2691b94917beb476fe,0,/mnt/datadisk/./datasets/0/VirusShare_96be13f099d02f2691b94917beb476fe,,
VirusShare_1ce21c1dd9e1b18b452520bc41992cfd,1ce21c1dd9e1b18b452520bc41992cfd,1,/mnt/datadisk/./datasets/1/VirusShare_1ce21c1dd9e1b18b452520bc41992cfd,,
VirusShare_7e7831ae6943dbc68b3745340092a189,7e7831ae6943dbc68b3745340092a189,0,/mnt/datadisk/./datasets/0/VirusShare_7e7831ae6943dbc68b3745340092a189,,
VirusShare_e7903dc52286af6088a351e1e80ab403,e7903dc52286af6088a351e1e80ab403,0,/mnt/datadisk/./datasets/0/VirusShare_e7903dc52286af6088a351e1e80ab403,,
VirusShare_c29b1a3bd46627e8067c812850567ad7,c29b1a3bd46627e8067c812850567ad7,0,/mnt/datadisk/./datasets/0/VirusShare_c29b1a3bd46627e8067c812850567ad7,,
VirusShare_d2e89f93c624fcf5ff67ff2d9e96ec21,d2e89f93c624fcf5ff67ff2d9e96ec21,0,/mnt/datadisk/./datasets/0/VirusShare_d2e89f93c624fcf5ff67ff2d9e96ec21,,
VirusShare_325dd7c825006968846e9cd8e5d3ddbe,325dd7c825006968846e9cd8e5d3ddbe,1,/mnt/datadisk/./datasets/1/VirusShare_325dd7c825006968846e9cd8e5d3ddbe,,
VirusShare_d3201593fb97c1b60f844acd8d67942c,d3201593fb97c1b60f844acd8d67942c,1,/mnt/datadisk/./datasets/1/VirusShare_d3201593fb97c1b60f844acd8d67942c,,
VirusShare_6292902a7d33830db00eb2b2680a78f7,6292902a7d33830db00eb2b2680a78f7,0,/mnt/datadisk/./datasets/0/VirusShare_6292902a7d33830db00eb2b2680a78f7,,
VirusShare_c8f3719f09fa3745d000e418825cb947,c8f3719f09fa3745d000e418825cb947,1,/mnt/datadisk/./datasets/1/VirusShare_c8f3719f09fa3745d000e418825cb947,,
VirusShare_fffc7e465b4333ea395ae3658c89d848,fffc7e465b4333ea395ae3658c89d848,1,/mnt/datadisk/./datasets/1/VirusShare_fffc7e465b4333ea395ae3658c89d848,,
VirusShare_7584cf6ed0830a89257e4a49728f031e,7584cf6ed0830a89257e4a49728f031e,1,/mnt/datadisk/./datasets/1/VirusShare_7584cf6ed0830a89257e4a49728f031e,,
VirusShare_402551e16b93e27334ac252e0ed1ba49,402551e16b93e27334ac252e0ed1ba49,0,/mnt/datadisk/./datasets/0/VirusShare_402551e16b93e27334ac252e0ed1ba49,,
VirusShare_6539047abba0cacbcac9c55c0864d704,6539047abba0cacbcac9c55c0864d704,0,/mnt/datadisk/./datasets/0/VirusShare_6539047abba0cacbcac9c55c0864d704,,
VirusShare_b10a8c23f139232d3cbb368c2bec8f4c,b10a8c23f139232d3cbb368c2bec8f4c,1,/mnt/datadisk/./datasets/1/VirusShare_b10a8c23f139232d3cbb368c2bec8f4c,,
VirusShare_fdb5963a4b5cfe7d805084bd4f26589b,fdb5963a4b5cfe7d805084bd4f26589b,0,/mnt/datadisk/./datasets/0/VirusShare_fdb5963a4b5cfe7d805084bd4f26589b,,
VirusShare_d83a47429ff68f786d2f4392fe7b0af6,d83a47429ff68f786d2f4392fe7b0af6,1,/mnt/datadisk/./datasets/1/VirusShare_d83a47429ff68f786d2f4392fe7b0af6,,
VirusShare_78016acba0db90781b83ead7fa4f78f3,78016acba0db90781b83ead7fa4f78f3,1,/mnt/datadisk/./datasets/1/VirusShare_78016acba0db90781b83ead7fa4f78f3,,
VirusShare_e98026641e3a878dee21448a52af24e9,e98026641e3a878dee21448a52af24e9,0,/mnt/datadisk/./datasets/0/VirusShare_e98026641e3a878dee21448a52af24e9,,
VirusShare_65cfa8eb35832fd0a2cd96d44d3ed1d2,65cfa8eb35832fd0a2cd96d44d3ed1d2,0,/mnt/datadisk/./datasets/0/VirusShare_65cfa8eb35832fd0a2cd96d44d3ed1d2,,
VirusShare_4ff150cc2f2add50712bd894c065a45b,4ff150cc2f2add50712bd894c065a45b,0,/mnt/datadisk/./datasets/0/VirusShare_4ff150cc2f2add50712bd894c065a45b,,
VirusShare_ad3081cd9e6d550bcceee6b6d0312eac,ad3081cd9e6d550bcceee6b6d0312eac,1,/mnt/datadisk/./datasets/1/VirusShare_ad3081cd9e6d550bcceee6b6d0312eac,,
VirusShare_683e40a52e667113676ee5210ce51c84,683e40a52e667113676ee5210ce51c84,1,/mnt/datadisk/./datasets/1/VirusShare_683e40a52e667113676ee5210ce51c84,,
VirusShare_5c4185a9faa17b9eb5c02bf9419512c5,5c4185a9faa17b9eb5c02bf9419512c5,0,/mnt/datadisk/./datasets/0/VirusShare_5c4185a9faa17b9eb5c02bf9419512c5,,
VirusShare_2014a416bc86b8e393dc885af3a1b135,2014a416bc86b8e393dc885af3a1b135,0,/mnt/datadisk/./datasets/0/VirusShare_2014a416bc86b8e393dc885af3a1b135,,
VirusShare_bd44b502dc8dcaa5c12d29f54bde7c38,bd44b502dc8dcaa5c12d29f54bde7c38,0,/mnt/datadisk/./datasets/0/VirusShare_bd44b502dc8dcaa5c12d29f54bde7c38,,
VirusShare_97dc4bebd561c99a833c7886ee3f21d1,97dc4bebd561c99a833c7886ee3f21d1,0,/mnt/datadisk/./datasets/0/VirusShare_97dc4bebd561c99a833c7886ee3f21d1,,
VirusShare_8388c431b81e8a26e0b0eedadfc9ee50,8388c431b81e8a26e0b0eedadfc9ee50,1,/mnt/datadisk/./datasets/1/VirusShare_8388c431b81e8a26e0b0eedadfc9ee50,,
VirusShare_992e26120f40d9c34f4e79a2a4472063,992e26120f40d9c34f4e79a2a4472063,0,/mnt/datadisk/./datasets/0/VirusShare_992e26120f40d9c34f4e79a2a4472063,,
VirusShare_200fb53dbdcf06dd442671297cb46aa5,200fb53dbdcf06dd442671297cb46aa5,0,/mnt/datadisk/./datasets/0/VirusShare_200fb53dbdcf06dd442671297cb46aa5,,
VirusShare_5dcaf64fc63b5cc992803c3058621508,5dcaf64fc63b5cc992803c3058621508,0,/mnt/datadisk/./datasets/0/VirusShare_5dcaf64fc63b5cc992803c3058621508,,
VirusShare_13597ee37b0db41f775e8aabc5c33722,13597ee37b0db41f775e8aabc5c33722,0,/mnt/datadisk/./datasets/0/VirusShare_13597ee37b0db41f775e8aabc5c33722,,
VirusShare_047bad573313d7f2c9e206c302bf3535,047bad573313d7f2c9e206c302bf3535,1,/mnt/datadisk/./datasets/1/VirusShare_047bad573313d7f2c9e206c302bf3535,,
VirusShare_b1d92970ab4e492a75e1a008835a1a97,b1d92970ab4e492a75e1a008835a1a97,1,/mnt/datadisk/./datasets/1/VirusShare_b1d92970ab4e492a75e1a008835a1a97,,
VirusShare_7059352c3c99eb72c14a4d81e1cc1a3f,7059352c3c99eb72c14a4d81e1cc1a3f,0,/mnt/datadisk/./datasets/0/VirusShare_7059352c3c99eb72c14a4d81e1cc1a3f,,
VirusShare_b45a313a50d17cc5a4c51685982e37cc,b45a313a50d17cc5a4c51685982e37cc,0,/mnt/datadisk/./datasets/0/VirusShare_b45a313a50d17cc5a4c51685982e37cc,,
VirusShare_9b5b7d6139df43d43595d92c42fb5db5,9b5b7d6139df43d43595d92c42fb5db5,1,/mnt/datadisk/./datasets/1/VirusShare_9b5b7d6139df43d43595d92c42fb5db5,,
VirusShare_98257da8a81ffb159293e3bcd3131889,98257da8a81ffb159293e3bcd3131889,0,/mnt/datadisk/./datasets/0/VirusShare_98257da8a81ffb159293e3bcd3131889,,
VirusShare_34cf933fd6b006dc091c8ce3b04fcb62,34cf933fd6b006dc091c8ce3b04fcb62,0,/mnt/datadisk/./datasets/0/VirusShare_34cf933fd6b006dc091c8ce3b04fcb62,,
VirusShare_f8c72e813f5d289809bee9280f389fa2,f8c72e813f5d289809bee9280f389fa2,0,/mnt/datadisk/./datasets/0/VirusShare_f8c72e813f5d289809bee9280f389fa2,,
VirusShare_6a26a35f43902dccfd814cebf4ed1d62,6a26a35f43902dccfd814cebf4ed1d62,0,/mnt/datadisk/./datasets/0/VirusShare_6a26a35f43902dccfd814cebf4ed1d62,,
VirusShare_8256853bf0f45cc2ac2505719a115794,8256853bf0f45cc2ac2505719a115794,0,/mnt/datadisk/./datasets/0/VirusShare_8256853bf0f45cc2ac2505719a115794,,
VirusShare_6225f881ceb550128568c8a55ba79acc,6225f881ceb550128568c8a55ba79acc,0,/mnt/datadisk/./datasets/0/VirusShare_6225f881ceb550128568c8a55ba79acc,,
VirusShare_1e7f07ee857a975cb3419b4908bb98b0,1e7f07ee857a975cb3419b4908bb98b0,0,/mnt/datadisk/./datasets/0/VirusShare_1e7f07ee857a975cb3419b4908bb98b0,,
VirusShare_5f0e39fe686fb50ee84561cfa9ef79bf,5f0e39fe686fb50ee84561cfa9ef79bf,1,/mnt/datadisk/./datasets/1/VirusShare_5f0e39fe686fb50ee84561cfa9ef79bf,,
VirusShare_a968f0ca4d44716f6e0e46749718753f,a968f0ca4d44716f6e0e46749718753f,0,/mnt/datadisk/./datasets/0/VirusShare_a968f0ca4d44716f6e0e46749718753f,,
VirusShare_78a7c548eca7fc2c5a703ab619dedce4,78a7c548eca7fc2c5a703ab619dedce4,0,/mnt/datadisk/./datasets/0/VirusShare_78a7c548eca7fc2c5a703ab619dedce4,,
VirusShare_fe0e594026784a4a346c0c63b60cab75,fe0e594026784a4a346c0c63b60cab75,1,/mnt/datadisk/./datasets/1/VirusShare_fe0e594026784a4a346c0c63b60cab75,,
VirusShare_a9e8cb784367019134f205269547299b,a9e8cb784367019134f205269547299b,0,/mnt/datadisk/./datasets/0/VirusShare_a9e8cb784367019134f205269547299b,,
VirusShare_fbe6048b7aead2c2fe28933895aaaeaa,fbe6048b7aead2c2fe28933895aaaeaa,0,/mnt/datadisk/./datasets/0/VirusShare_fbe6048b7aead2c2fe28933895aaaeaa,,
VirusShare_d92e779bedfe1127b8b7637920754d4d,d92e779bedfe1127b8b7637920754d4d,0,/mnt/datadisk/./datasets/0/VirusShare_d92e779bedfe1127b8b7637920754d4d,,
VirusShare_97774b9bff2d5f8218ed649a2e7ae81c,97774b9bff2d5f8218ed649a2e7ae81c,0,/mnt/datadisk/./datasets/0/VirusShare_97774b9bff2d5f8218ed649a2e7ae81c,,
VirusShare_0c0ec61d967c0840a7b6f99c439cd90f,0c0ec61d967c0840a7b6f99c439cd90f,1,/mnt/datadisk/./datasets/1/VirusShare_0c0ec61d967c0840a7b6f99c439cd90f,,
VirusShare_bfbf358b7ad649f7e8ed85668fb3d18b,bfbf358b7ad649f7e8ed85668fb3d18b,0,/mnt/datadisk/./datasets/0/VirusShare_bfbf358b7ad649f7e8ed85668fb3d18b,,
VirusShare_080bfa6169148dc92506bcb479dedf19,080bfa6169148dc92506bcb479dedf19,0,/mnt/datadisk/./datasets/0/VirusShare_080bfa6169148dc92506bcb479dedf19,,
VirusShare_e8bf8515b86024d8cbb61d303f2ec7e1,e8bf8515b86024d8cbb61d303f2ec7e1,0,/mnt/datadisk/./datasets/0/VirusShare_e8bf8515b86024d8cbb61d303f2ec7e1,,
VirusShare_35f39104c859ba6e13c853f8a3cffd05,35f39104c859ba6e13c853f8a3cffd05,0,/mnt/datadisk/./datasets/0/VirusShare_35f39104c859ba6e13c853f8a3cffd05,,
VirusShare_2cb014aa5c50339e14d180a6b29103fd,2cb014aa5c50339e14d180a6b29103fd,1,/mnt/datadisk/./datasets/1/VirusShare_2cb014aa5c50339e14d180a6b29103fd,,
VirusShare_d2b7580d40d74302a11feb42394a7fdc,d2b7580d40d74302a11feb42394a7fdc,1,/mnt/datadisk/./datasets/1/VirusShare_d2b7580d40d74302a11feb42394a7fdc,,
VirusShare_9237a1561a3d2b7a3e024cd18e2f1cd2,9237a1561a3d2b7a3e024cd18e2f1cd2,1,/mnt/datadisk/./datasets/1/VirusShare_9237a1561a3d2b7a3e024cd18e2f1cd2,,
VirusShare_d688d2822d61af202629f6d1377b5955,d688d2822d61af202629f6d1377b5955,0,/mnt/datadisk/./datasets/0/VirusShare_d688d2822d61af202629f6d1377b5955,,
VirusShare_3752967342cfa65b7dbc36a05a9881b2,3752967342cfa65b7dbc36a05a9881b2,0,/mnt/datadisk/./datasets/0/VirusShare_3752967342cfa65b7dbc36a05a9881b2,,
VirusShare_27e870280ea8bac6c1f7fe5676b7cb84,27e870280ea8bac6c1f7fe5676b7cb84,0,/mnt/datadisk/./datasets/0/VirusShare_27e870280ea8bac6c1f7fe5676b7cb84,,
VirusShare_0fe8d530d25bd817787cd5a022410cbb,0fe8d530d25bd817787cd5a022410cbb,0,/mnt/datadisk/./datasets/0/VirusShare_0fe8d530d25bd817787cd5a022410cbb,,
VirusShare_6cefea1b85b5f40669fdf178e0bf9df0,6cefea1b85b5f40669fdf178e0bf9df0,1,/mnt/datadisk/./datasets/1/VirusShare_6cefea1b85b5f40669fdf178e0bf9df0,,
VirusShare_a9a2aa4549fb299fda2336d5d4d94502,a9a2aa4549fb299fda2336d5d4d94502,1,/mnt/datadisk/./datasets/1/VirusShare_a9a2aa4549fb299fda2336d5d4d94502,,
VirusShare_0eb1c2900921bea4f6eccd05bb985d75,0eb1c2900921bea4f6eccd05bb985d75,0,/mnt/datadisk/./datasets/0/VirusShare_0eb1c2900921bea4f6eccd05bb985d75,,
VirusShare_a3afebe0a94b39d2a58a061015ba4b56,a3afebe0a94b39d2a58a061015ba4b56,0,/mnt/datadisk/./datasets/0/VirusShare_a3afebe0a94b39d2a58a061015ba4b56,,
VirusShare_288cb6b1b6b58190e299cca6cd51125d,288cb6b1b6b58190e299cca6cd51125d,0,/mnt/datadisk/./datasets/0/VirusShare_288cb6b1b6b58190e299cca6cd51125d,,
VirusShare_1c5e0eb6cf04b73c30ddb5ea9daa3613,1c5e0eb6cf04b73c30ddb5ea9daa3613,0,/mnt/datadisk/./datasets/0/VirusShare_1c5e0eb6cf04b73c30ddb5ea9daa3613,,
VirusShare_c0eb056f4ece858a9b71352865247d1b,c0eb056f4ece858a9b71352865247d1b,0,/mnt/datadisk/./datasets/0/VirusShare_c0eb056f4ece858a9b71352865247d1b,,
VirusShare_781fba39cb08e14a2d8c30276100e8d2,781fba39cb08e14a2d8c30276100e8d2,0,/mnt/datadisk/./datasets/0/VirusShare_781fba39cb08e14a2d8c30276100e8d2,,
VirusShare_3d11020cfdd92e6fc487b49e1e8517fa,3d11020cfdd92e6fc487b49e1e8517fa,0,/mnt/datadisk/./datasets/0/VirusShare_3d11020cfdd92e6fc487b49e1e8517fa,,
VirusShare_c62ce60b79e63641fa6064c31ed90d21,c62ce60b79e63641fa6064c31ed90d21,0,/mnt/datadisk/./datasets/0/VirusShare_c62ce60b79e63641fa6064c31ed90d21,,
VirusShare_37e0cac2be7b500da5123abb8183284a,37e0cac2be7b500da5123abb8183284a,0,/mnt/datadisk/./datasets/0/VirusShare_37e0cac2be7b500da5123abb8183284a,,
VirusShare_8286e2a13b720634b96f5316d20149d3,8286e2a13b720634b96f5316d20149d3,1,/mnt/datadisk/./datasets/1/VirusShare_8286e2a13b720634b96f5316d20149d3,,
VirusShare_f6c064112b4ac90269f95398cc158adf,f6c064112b4ac90269f95398cc158adf,0,/mnt/datadisk/./datasets/0/VirusShare_f6c064112b4ac90269f95398cc158adf,,
VirusShare_7061e8371dcb24cab43de169a095c926,7061e8371dcb24cab43de169a095c926,0,/mnt/datadisk/./datasets/0/VirusShare_7061e8371dcb24cab43de169a095c926,,
VirusShare_ef7f1e87637930759edef22386bfb6cf,ef7f1e87637930759edef22386bfb6cf,0,/mnt/datadisk/./datasets/0/VirusShare_ef7f1e87637930759edef22386bfb6cf,,
VirusShare_e7253dac1ea6246a776364d62c912884,e7253dac1ea6246a776364d62c912884,1,/mnt/datadisk/./datasets/1/VirusShare_e7253dac1ea6246a776364d62c912884,,
VirusShare_3bcfe22029eaffde515012cbde81113e,3bcfe22029eaffde515012cbde81113e,0,/mnt/datadisk/./datasets/0/VirusShare_3bcfe22029eaffde515012cbde81113e,,
VirusShare_6a6a03cb9c336a178d986a44fd19bd99,6a6a03cb9c336a178d986a44fd19bd99,0,/mnt/datadisk/./datasets/0/VirusShare_6a6a03cb9c336a178d986a44fd19bd99,,
VirusShare_d40fab4443e90a4f2fa843583c3f89a1,d40fab4443e90a4f2fa843583c3f89a1,1,/mnt/datadisk/./datasets/1/VirusShare_d40fab4443e90a4f2fa843583c3f89a1,,
VirusShare_26a8d2c05ec786cdc8afff7989f8090e,26a8d2c05ec786cdc8afff7989f8090e,0,/mnt/datadisk/./datasets/0/VirusShare_26a8d2c05ec786cdc8afff7989f8090e,,
VirusShare_450806e46a246062efd8f361b064f6c0,450806e46a246062efd8f361b064f6c0,1,/mnt/datadisk/./datasets/1/VirusShare_450806e46a246062efd8f361b064f6c0,,
VirusShare_c10280ae1e2b1e2897f207e35500b4c7,c10280ae1e2b1e2897f207e35500b4c7,0,/mnt/datadisk/./datasets/0/VirusShare_c10280ae1e2b1e2897f207e35500b4c7,,
VirusShare_e6a39ede3623af3f3217f3b9eaa94415,e6a39ede3623af3f3217f3b9eaa94415,0,/mnt/datadisk/./datasets/0/VirusShare_e6a39ede3623af3f3217f3b9eaa94415,,
VirusShare_9f8129e88209847a1babdcd481bf0610,9f8129e88209847a1babdcd481bf0610,1,/mnt/datadisk/./datasets/1/VirusShare_9f8129e88209847a1babdcd481bf0610,,
VirusShare_c07f8b98e61d202f586fe4cf3b8b6aab,c07f8b98e61d202f586fe4cf3b8b6aab,0,/mnt/datadisk/./datasets/0/VirusShare_c07f8b98e61d202f586fe4cf3b8b6aab,,
VirusShare_39bbc4c01362a37ddbb24459750232e0,39bbc4c01362a37ddbb24459750232e0,0,/mnt/datadisk/./datasets/0/VirusShare_39bbc4c01362a37ddbb24459750232e0,,
VirusShare_cf22d40981bebdde87a3cbfa2e0a9e81,cf22d40981bebdde87a3cbfa2e0a9e81,1,/mnt/datadisk/./datasets/1/VirusShare_cf22d40981bebdde87a3cbfa2e0a9e81,,
VirusShare_a5b8e234c6fc0b387d7b920fc94d7523,a5b8e234c6fc0b387d7b920fc94d7523,0,/mnt/datadisk/./datasets/0/VirusShare_a5b8e234c6fc0b387d7b920fc94d7523,,
VirusShare_e49053e3f3b5acd54d42b2d5b5c69377,e49053e3f3b5acd54d42b2d5b5c69377,0,/mnt/datadisk/./datasets/0/VirusShare_e49053e3f3b5acd54d42b2d5b5c69377,,
VirusShare_9a4333bd89753ff62e0b17ed1e5b52ea,9a4333bd89753ff62e0b17ed1e5b52ea,1,/mnt/datadisk/./datasets/1/VirusShare_9a4333bd89753ff62e0b17ed1e5b52ea,,
VirusShare_bc1d9a30d432851fa3c39346cfd105f3,bc1d9a30d432851fa3c39346cfd105f3,0,/mnt/datadisk/./datasets/0/VirusShare_bc1d9a30d432851fa3c39346cfd105f3,,
VirusShare_25002226ec15a5b6761e00aae57a779e,25002226ec15a5b6761e00aae57a779e,1,/mnt/datadisk/./datasets/1/VirusShare_25002226ec15a5b6761e00aae57a779e,,
VirusShare_3799833548a3e8bdd526ae0ed3398913,3799833548a3e8bdd526ae0ed3398913,0,/mnt/datadisk/./datasets/0/VirusShare_3799833548a3e8bdd526ae0ed3398913,,
VirusShare_cfce579bb57e4dd97380abdca983f52f,cfce579bb57e4dd97380abdca983f52f,1,/mnt/datadisk/./datasets/1/VirusShare_cfce579bb57e4dd97380abdca983f52f,,
VirusShare_bae22d378d8a9f4e13c632402b8236cb,bae22d378d8a9f4e13c632402b8236cb,0,/mnt/datadisk/./datasets/0/VirusShare_bae22d378d8a9f4e13c632402b8236cb,,
VirusShare_97f5ad5d931d369d6f14f523106b7d45,97f5ad5d931d369d6f14f523106b7d45,0,/mnt/datadisk/./datasets/0/VirusShare_97f5ad5d931d369d6f14f523106b7d45,,
VirusShare_e22dcc01c6037301a0b437468f2bbedd,e22dcc01c6037301a0b437468f2bbedd,1,/mnt/datadisk/./datasets/1/VirusShare_e22dcc01c6037301a0b437468f2bbedd,,
VirusShare_978da72ae7d4ab22ae8e82f391794eb1,978da72ae7d4ab22ae8e82f391794eb1,0,/mnt/datadisk/./datasets/0/VirusShare_978da72ae7d4ab22ae8e82f391794eb1,,
VirusShare_63b729ff789484f27f4103f23ce95d92,63b729ff789484f27f4103f23ce95d92,1,/mnt/datadisk/./datasets/1/VirusShare_63b729ff789484f27f4103f23ce95d92,,
VirusShare_40e9ec9360e7697e6d6a4c6e3dfdbbd4,40e9ec9360e7697e6d6a4c6e3dfdbbd4,1,/mnt/datadisk/./datasets/1/VirusShare_40e9ec9360e7697e6d6a4c6e3dfdbbd4,,
VirusShare_23abf90abffdf574ca2484aedc99066d,23abf90abffdf574ca2484aedc99066d,0,/mnt/datadisk/./datasets/0/VirusShare_23abf90abffdf574ca2484aedc99066d,,
VirusShare_b2a8a823403aa4e0d72ff9c338ec8b7b,b2a8a823403aa4e0d72ff9c338ec8b7b,1,/mnt/datadisk/./datasets/1/VirusShare_b2a8a823403aa4e0d72ff9c338ec8b7b,,
VirusShare_e49297233ce8b284f682ef0fff6b74aa,e49297233ce8b284f682ef0fff6b74aa,1,/mnt/datadisk/./datasets/1/VirusShare_e49297233ce8b284f682ef0fff6b74aa,,
VirusShare_0653dab7cebb74da9cac22ba31da3ac8,0653dab7cebb74da9cac22ba31da3ac8,1,/mnt/datadisk/./datasets/1/VirusShare_0653dab7cebb74da9cac22ba31da3ac8,,
VirusShare_cc1a21da858b6509107f1cf7dcfc98a0,cc1a21da858b6509107f1cf7dcfc98a0,1,/mnt/datadisk/./datasets/1/VirusShare_cc1a21da858b6509107f1cf7dcfc98a0,,
VirusShare_6e26f172bbd0a0d2a239484a4c235f92,6e26f172bbd0a0d2a239484a4c235f92,1,/mnt/datadisk/./datasets/1/VirusShare_6e26f172bbd0a0d2a239484a4c235f92,,
VirusShare_97042d554a1b438d4dd13c0b0cfe15b9,97042d554a1b438d4dd13c0b0cfe15b9,0,/mnt/datadisk/./datasets/0/VirusShare_97042d554a1b438d4dd13c0b0cfe15b9,,
VirusShare_de23d833b6c5ea8b120d27790ad1fd3c,de23d833b6c5ea8b120d27790ad1fd3c,1,/mnt/datadisk/./datasets/1/VirusShare_de23d833b6c5ea8b120d27790ad1fd3c,,
VirusShare_d3275c1ee544b82ba6b7a23bae7b14f9,d3275c1ee544b82ba6b7a23bae7b14f9,0,/mnt/datadisk/./datasets/0/VirusShare_d3275c1ee544b82ba6b7a23bae7b14f9,,
VirusShare_40112325e9513f2026de7ab86d611a56,40112325e9513f2026de7ab86d611a56,0,/mnt/datadisk/./datasets/0/VirusShare_40112325e9513f2026de7ab86d611a56,,
VirusShare_1e8c42a543a4f0c1dbcb78850707b512,1e8c42a543a4f0c1dbcb78850707b512,0,/mnt/datadisk/./datasets/0/VirusShare_1e8c42a543a4f0c1dbcb78850707b512,,
VirusShare_4ed928e7f635d8dee12e7412481c583d,4ed928e7f635d8dee12e7412481c583d,0,/mnt/datadisk/./datasets/0/VirusShare_4ed928e7f635d8dee12e7412481c583d,,
VirusShare_6a33bbb9addd4251ff335371fcef8147,6a33bbb9addd4251ff335371fcef8147,0,/mnt/datadisk/./datasets/0/VirusShare_6a33bbb9addd4251ff335371fcef8147,,
VirusShare_e7fdf1e6b5fe272443b305fdde093e9c,e7fdf1e6b5fe272443b305fdde093e9c,0,/mnt/datadisk/./datasets/0/VirusShare_e7fdf1e6b5fe272443b305fdde093e9c,,
VirusShare_941bbd0d73781d38c8bd545e12b88468,941bbd0d73781d38c8bd545e12b88468,0,/mnt/datadisk/./datasets/0/VirusShare_941bbd0d73781d38c8bd545e12b88468,,
VirusShare_a499e7d89eb8738836968fea49b0795d,a499e7d89eb8738836968fea49b0795d,0,/mnt/datadisk/./datasets/0/VirusShare_a499e7d89eb8738836968fea49b0795d,,
VirusShare_6ed87aec021b3fb313ccb925de4985b2,6ed87aec021b3fb313ccb925de4985b2,1,/mnt/datadisk/./datasets/1/VirusShare_6ed87aec021b3fb313ccb925de4985b2,,
VirusShare_85dfa5ee868b20ca184abeca1a3a18c8,85dfa5ee868b20ca184abeca1a3a18c8,0,/mnt/datadisk/./datasets/0/VirusShare_85dfa5ee868b20ca184abeca1a3a18c8,,
VirusShare_7d1bcc2ffe7837570caf0223185506fd,7d1bcc2ffe7837570caf0223185506fd,0,/mnt/datadisk/./datasets/0/VirusShare_7d1bcc2ffe7837570caf0223185506fd,,
VirusShare_93a5ad130f114a998970bfbacfb50b33,93a5ad130f114a998970bfbacfb50b33,0,/mnt/datadisk/./datasets/0/VirusShare_93a5ad130f114a998970bfbacfb50b33,,
VirusShare_873eeaab91c6da5971b066f7b7a50079,873eeaab91c6da5971b066f7b7a50079,1,/mnt/datadisk/./datasets/1/VirusShare_873eeaab91c6da5971b066f7b7a50079,,
VirusShare_f8a6d90b1e91e0ab4f45417783050ece,f8a6d90b1e91e0ab4f45417783050ece,0,/mnt/datadisk/./datasets/0/VirusShare_f8a6d90b1e91e0ab4f45417783050ece,,
VirusShare_2f407de87bbb280c453fbc9125d676b8,2f407de87bbb280c453fbc9125d676b8,1,/mnt/datadisk/./datasets/1/VirusShare_2f407de87bbb280c453fbc9125d676b8,,
VirusShare_1c267baf2a1824be9e7aaa1cdd59f7ee,1c267baf2a1824be9e7aaa1cdd59f7ee,0,/mnt/datadisk/./datasets/0/VirusShare_1c267baf2a1824be9e7aaa1cdd59f7ee,,
VirusShare_88471a86af9c9eb80678e5920cd44b8f,88471a86af9c9eb80678e5920cd44b8f,1,/mnt/datadisk/./datasets/1/VirusShare_88471a86af9c9eb80678e5920cd44b8f,,
VirusShare_8a1995805ad65999ec546a1074ac9887,8a1995805ad65999ec546a1074ac9887,1,/mnt/datadisk/./datasets/1/VirusShare_8a1995805ad65999ec546a1074ac9887,,
VirusShare_e39b9dee2c352dbdc00ca03c14cb8436,e39b9dee2c352dbdc00ca03c14cb8436,0,/mnt/datadisk/./datasets/0/VirusShare_e39b9dee2c352dbdc00ca03c14cb8436,,
VirusShare_2d755184beab51073b482ab1c7db1535,2d755184beab51073b482ab1c7db1535,0,/mnt/datadisk/./datasets/0/VirusShare_2d755184beab51073b482ab1c7db1535,,
VirusShare_f8aefe05d1baba47501a59ce8ae29c23,f8aefe05d1baba47501a59ce8ae29c23,0,/mnt/datadisk/./datasets/0/VirusShare_f8aefe05d1baba47501a59ce8ae29c23,,
VirusShare_338d2b48f9d4845d022ab21fcc9a0c50,338d2b48f9d4845d022ab21fcc9a0c50,0,/mnt/datadisk/./datasets/0/VirusShare_338d2b48f9d4845d022ab21fcc9a0c50,,
VirusShare_41fecc69c6e8d64cb4cf434fef0784ec,41fecc69c6e8d64cb4cf434fef0784ec,0,/mnt/datadisk/./datasets/0/VirusShare_41fecc69c6e8d64cb4cf434fef0784ec,,
VirusShare_d336d7499faf694b07ad0a5c5e4fefd4,d336d7499faf694b07ad0a5c5e4fefd4,1,/mnt/datadisk/./datasets/1/VirusShare_d336d7499faf694b07ad0a5c5e4fefd4,,
VirusShare_a71924192ef5739b2907e321a17d6aeb,a71924192ef5739b2907e321a17d6aeb,1,/mnt/datadisk/./datasets/1/VirusShare_a71924192ef5739b2907e321a17d6aeb,,
VirusShare_ffdb4255d244fd30e510dce5530ae8bb,ffdb4255d244fd30e510dce5530ae8bb,0,/mnt/datadisk/./datasets/0/VirusShare_ffdb4255d244fd30e510dce5530ae8bb,,
VirusShare_126663735f6ddd18702029eac1020dde,126663735f6ddd18702029eac1020dde,1,/mnt/datadisk/./datasets/1/VirusShare_126663735f6ddd18702029eac1020dde,,
VirusShare_f52970e4ef6286ac33dd36e545be06a8,f52970e4ef6286ac33dd36e545be06a8,0,/mnt/datadisk/./datasets/0/VirusShare_f52970e4ef6286ac33dd36e545be06a8,,
VirusShare_c9fd64639141e2f1fb4b5d7541482a21,c9fd64639141e2f1fb4b5d7541482a21,0,/mnt/datadisk/./datasets/0/VirusShare_c9fd64639141e2f1fb4b5d7541482a21,,
VirusShare_41632f3425e548c76e88e5bdea9ed4f6,41632f3425e548c76e88e5bdea9ed4f6,0,/mnt/datadisk/./datasets/0/VirusShare_41632f3425e548c76e88e5bdea9ed4f6,,
VirusShare_78d55b0113b874192039dc02919e58f8,78d55b0113b874192039dc02919e58f8,1,/mnt/datadisk/./datasets/1/VirusShare_78d55b0113b874192039dc02919e58f8,,
VirusShare_9cec541a75e72a7f36d91839bbd25cbf,9cec541a75e72a7f36d91839bbd25cbf,0,/mnt/datadisk/./datasets/0/VirusShare_9cec541a75e72a7f36d91839bbd25cbf,,
VirusShare_4cc25e6e88e16d11d53c879a8a3ff105,4cc25e6e88e16d11d53c879a8a3ff105,0,/mnt/datadisk/./datasets/0/VirusShare_4cc25e6e88e16d11d53c879a8a3ff105,,
VirusShare_4e40a84229d0b190520e4b51de5a9caf,4e40a84229d0b190520e4b51de5a9caf,0,/mnt/datadisk/./datasets/0/VirusShare_4e40a84229d0b190520e4b51de5a9caf,,
VirusShare_ad6ea08113e8284cadbb837056a0f887,ad6ea08113e8284cadbb837056a0f887,0,/mnt/datadisk/./datasets/0/VirusShare_ad6ea08113e8284cadbb837056a0f887,,
VirusShare_ce1ea085430f76965c7876e4876c3e44,ce1ea085430f76965c7876e4876c3e44,0,/mnt/datadisk/./datasets/0/VirusShare_ce1ea085430f76965c7876e4876c3e44,,
VirusShare_a7c734afa412365c90adcfc28827af97,a7c734afa412365c90adcfc28827af97,0,/mnt/datadisk/./datasets/0/VirusShare_a7c734afa412365c90adcfc28827af97,,
VirusShare_82fd6b1ede66f94cd4a061be382621a3,82fd6b1ede66f94cd4a061be382621a3,1,/mnt/datadisk/./datasets/1/VirusShare_82fd6b1ede66f94cd4a061be382621a3,,
VirusShare_ff76811bd84e711c3faed18ed89d7f12,ff76811bd84e711c3faed18ed89d7f12,0,/mnt/datadisk/./datasets/0/VirusShare_ff76811bd84e711c3faed18ed89d7f12,,
VirusShare_5c0d367fab1bd7c499b318e81980b717,5c0d367fab1bd7c499b318e81980b717,1,/mnt/datadisk/./datasets/1/VirusShare_5c0d367fab1bd7c499b318e81980b717,,
VirusShare_aac171c58bd09ea8d8e1a1823799f682,aac171c58bd09ea8d8e1a1823799f682,1,/mnt/datadisk/./datasets/1/VirusShare_aac171c58bd09ea8d8e1a1823799f682,,
VirusShare_e28dc50af15f9dfa7662a265b0228e2e,e28dc50af15f9dfa7662a265b0228e2e,0,/mnt/datadisk/./datasets/0/VirusShare_e28dc50af15f9dfa7662a265b0228e2e,,
VirusShare_289031241a3f222c13f6140241322e4e,289031241a3f222c13f6140241322e4e,0,/mnt/datadisk/./datasets/0/VirusShare_289031241a3f222c13f6140241322e4e,,
VirusShare_4f2093aec19a195812a702d02ac8ae45,4f2093aec19a195812a702d02ac8ae45,0,/mnt/datadisk/./datasets/0/VirusShare_4f2093aec19a195812a702d02ac8ae45,,
VirusShare_e27c05c4244a9f36322794b3754ed46a,e27c05c4244a9f36322794b3754ed46a,0,/mnt/datadisk/./datasets/0/VirusShare_e27c05c4244a9f36322794b3754ed46a,,
VirusShare_557e7f80030b1a06f958422a126c6ad8,557e7f80030b1a06f958422a126c6ad8,0,/mnt/datadisk/./datasets/0/VirusShare_557e7f80030b1a06f958422a126c6ad8,,
VirusShare_5f8fb170b2c45efec5cf77f11416d0b6,5f8fb170b2c45efec5cf77f11416d0b6,1,/mnt/datadisk/./datasets/1/VirusShare_5f8fb170b2c45efec5cf77f11416d0b6,,
VirusShare_49ae67e0e12f6bf7e2efdb5a17972d4b,49ae67e0e12f6bf7e2efdb5a17972d4b,1,/mnt/datadisk/./datasets/1/VirusShare_49ae67e0e12f6bf7e2efdb5a17972d4b,,
VirusShare_462f5dedfa73173751decb130ffe91a7,462f5dedfa73173751decb130ffe91a7,1,/mnt/datadisk/./datasets/1/VirusShare_462f5dedfa73173751decb130ffe91a7,,
VirusShare_6ceebf1948f73e2b9c6bd33a25748643,6ceebf1948f73e2b9c6bd33a25748643,0,/mnt/datadisk/./datasets/0/VirusShare_6ceebf1948f73e2b9c6bd33a25748643,,
VirusShare_e39a5fa4c76264ae7d7343e41675a636,e39a5fa4c76264ae7d7343e41675a636,1,/mnt/datadisk/./datasets/1/VirusShare_e39a5fa4c76264ae7d7343e41675a636,,
VirusShare_d6473a52bef888490328a888e37f7fd4,d6473a52bef888490328a888e37f7fd4,0,/mnt/datadisk/./datasets/0/VirusShare_d6473a52bef888490328a888e37f7fd4,,
VirusShare_8b33f3ea725c3529612be0151a5db71e,8b33f3ea725c3529612be0151a5db71e,0,/mnt/datadisk/./datasets/0/VirusShare_8b33f3ea725c3529612be0151a5db71e,,
VirusShare_d54deee0c97acd64172efe183c5f9397,d54deee0c97acd64172efe183c5f9397,1,/mnt/datadisk/./datasets/1/VirusShare_d54deee0c97acd64172efe183c5f9397,,
VirusShare_bf77f4e4b7d99180cd03145e877c3638,bf77f4e4b7d99180cd03145e877c3638,1,/mnt/datadisk/./datasets/1/VirusShare_bf77f4e4b7d99180cd03145e877c3638,,
VirusShare_affa79884240023d0cfa356ac4b505d4,affa79884240023d0cfa356ac4b505d4,0,/mnt/datadisk/./datasets/0/VirusShare_affa79884240023d0cfa356ac4b505d4,,
VirusShare_6f65ad3782f78d94b450ae21ffa119f0,6f65ad3782f78d94b450ae21ffa119f0,1,/mnt/datadisk/./datasets/1/VirusShare_6f65ad3782f78d94b450ae21ffa119f0,,
VirusShare_eebc9669db596c2a02afc1300fd5ef6a,eebc9669db596c2a02afc1300fd5ef6a,0,/mnt/datadisk/./datasets/0/VirusShare_eebc9669db596c2a02afc1300fd5ef6a,,
VirusShare_ed12000314662839da3b438787042e3a,ed12000314662839da3b438787042e3a,0,/mnt/datadisk/./datasets/0/VirusShare_ed12000314662839da3b438787042e3a,,
VirusShare_2e1c0a76409c649cb1d30d81db42f28b,2e1c0a76409c649cb1d30d81db42f28b,1,/mnt/datadisk/./datasets/1/VirusShare_2e1c0a76409c649cb1d30d81db42f28b,,
VirusShare_348a4b295c068eeee6c15610bf5ccde4,348a4b295c068eeee6c15610bf5ccde4,0,/mnt/datadisk/./datasets/0/VirusShare_348a4b295c068eeee6c15610bf5ccde4,,
VirusShare_4e874358d77c91ef3b882704fabae7ac,4e874358d77c91ef3b882704fabae7ac,0,/mnt/datadisk/./datasets/0/VirusShare_4e874358d77c91ef3b882704fabae7ac,,
VirusShare_550187b8288bd09a0b9a9b63c290e87a,550187b8288bd09a0b9a9b63c290e87a,0,/mnt/datadisk/./datasets/0/VirusShare_550187b8288bd09a0b9a9b63c290e87a,,
VirusShare_bd6fb0dd4209fabb98abdb1efec464ba,bd6fb0dd4209fabb98abdb1efec464ba,1,/mnt/datadisk/./datasets/1/VirusShare_bd6fb0dd4209fabb98abdb1efec464ba,,
VirusShare_e1da09105b16257524b6b681c9c3ca0a,e1da09105b16257524b6b681c9c3ca0a,0,/mnt/datadisk/./datasets/0/VirusShare_e1da09105b16257524b6b681c9c3ca0a,,
VirusShare_cb75519bfd8af4af352f2dfdcc96dd2e,cb75519bfd8af4af352f2dfdcc96dd2e,1,/mnt/datadisk/./datasets/1/VirusShare_cb75519bfd8af4af352f2dfdcc96dd2e,,
VirusShare_799e6a959414823e8c0c3400e48bd783,799e6a959414823e8c0c3400e48bd783,0,/mnt/datadisk/./datasets/0/VirusShare_799e6a959414823e8c0c3400e48bd783,,
VirusShare_c74d689c3b05afcbde9d338f17b27ba9,c74d689c3b05afcbde9d338f17b27ba9,0,/mnt/datadisk/./datasets/0/VirusShare_c74d689c3b05afcbde9d338f17b27ba9,,
VirusShare_f9bc5a031f2b05df8b9c0da0711e3dc3,f9bc5a031f2b05df8b9c0da0711e3dc3,0,/mnt/datadisk/./datasets/0/VirusShare_f9bc5a031f2b05df8b9c0da0711e3dc3,,
VirusShare_c82dfedc5c36718dc3f51bb8bb3109a3,c82dfedc5c36718dc3f51bb8bb3109a3,0,/mnt/datadisk/./datasets/0/VirusShare_c82dfedc5c36718dc3f51bb8bb3109a3,,
VirusShare_bbc1e1ce703884ecdb2b5f1d522096e3,bbc1e1ce703884ecdb2b5f1d522096e3,0,/mnt/datadisk/./datasets/0/VirusShare_bbc1e1ce703884ecdb2b5f1d522096e3,,
VirusShare_6b69b00116cbe67dae2ad37a5ee84835,6b69b00116cbe67dae2ad37a5ee84835,0,/mnt/datadisk/./datasets/0/VirusShare_6b69b00116cbe67dae2ad37a5ee84835,,
VirusShare_651e23827d3812e526c4578ab52bd361,651e23827d3812e526c4578ab52bd361,0,/mnt/datadisk/./datasets/0/VirusShare_651e23827d3812e526c4578ab52bd361,,
VirusShare_fb8d2b136f712058071f189d3b89321f,fb8d2b136f712058071f189d3b89321f,1,/mnt/datadisk/./datasets/1/VirusShare_fb8d2b136f712058071f189d3b89321f,,
VirusShare_9627f5900dfe1c8b710094a3f8dafd56,9627f5900dfe1c8b710094a3f8dafd56,0,/mnt/datadisk/./datasets/0/VirusShare_9627f5900dfe1c8b710094a3f8dafd56,,
VirusShare_7da7f59b5778d762f10efa331b4b3ace,7da7f59b5778d762f10efa331b4b3ace,0,/mnt/datadisk/./datasets/0/VirusShare_7da7f59b5778d762f10efa331b4b3ace,,
VirusShare_b1eed2216845a17dcc4cb645771e51a9,b1eed2216845a17dcc4cb645771e51a9,0,/mnt/datadisk/./datasets/0/VirusShare_b1eed2216845a17dcc4cb645771e51a9,,
VirusShare_570a289223a7e02df1ce464689fbb894,570a289223a7e02df1ce464689fbb894,1,/mnt/datadisk/./datasets/1/VirusShare_570a289223a7e02df1ce464689fbb894,,
VirusShare_b10cb1e0c8875e6479495252bb327699,b10cb1e0c8875e6479495252bb327699,1,/mnt/datadisk/./datasets/1/VirusShare_b10cb1e0c8875e6479495252bb327699,,
VirusShare_a26ab94f0d4ca4bc5b461fc09af73627,a26ab94f0d4ca4bc5b461fc09af73627,1,/mnt/datadisk/./datasets/1/VirusShare_a26ab94f0d4ca4bc5b461fc09af73627,,
VirusShare_2fd25ef8356ef487387a69de836482dd,2fd25ef8356ef487387a69de836482dd,0,/mnt/datadisk/./datasets/0/VirusShare_2fd25ef8356ef487387a69de836482dd,,
VirusShare_714e6f1b51e7988752ff4be9c857df4f,714e6f1b51e7988752ff4be9c857df4f,0,/mnt/datadisk/./datasets/0/VirusShare_714e6f1b51e7988752ff4be9c857df4f,,
VirusShare_1784a38cc11e0a7dd8a99ffe9609eef7,1784a38cc11e0a7dd8a99ffe9609eef7,0,/mnt/datadisk/./datasets/0/VirusShare_1784a38cc11e0a7dd8a99ffe9609eef7,,
VirusShare_b7f8ab627c69a8a2c2c0c963ae83a164,b7f8ab627c69a8a2c2c0c963ae83a164,1,/mnt/datadisk/./datasets/1/VirusShare_b7f8ab627c69a8a2c2c0c963ae83a164,,
VirusShare_4358308d4afbc52dcea285dbcc9ae152,4358308d4afbc52dcea285dbcc9ae152,0,/mnt/datadisk/./datasets/0/VirusShare_4358308d4afbc52dcea285dbcc9ae152,,
VirusShare_bfcd6e7066a663255721c2bf88a397dc,bfcd6e7066a663255721c2bf88a397dc,0,/mnt/datadisk/./datasets/0/VirusShare_bfcd6e7066a663255721c2bf88a397dc,,
VirusShare_b0d689bdd3db8d166d5dcb00d40f1975,b0d689bdd3db8d166d5dcb00d40f1975,0,/mnt/datadisk/./datasets/0/VirusShare_b0d689bdd3db8d166d5dcb00d40f1975,,
VirusShare_642d521886cc7557a51f741c14b02248,642d521886cc7557a51f741c14b02248,1,/mnt/datadisk/./datasets/1/VirusShare_642d521886cc7557a51f741c14b02248,,
VirusShare_46b45a719c29d344b8074a56aa8591e4,46b45a719c29d344b8074a56aa8591e4,1,/mnt/datadisk/./datasets/1/VirusShare_46b45a719c29d344b8074a56aa8591e4,,
VirusShare_5bf81a1b1672a12a791d9c1f516d8a2f,5bf81a1b1672a12a791d9c1f516d8a2f,0,/mnt/datadisk/./datasets/0/VirusShare_5bf81a1b1672a12a791d9c1f516d8a2f,,
VirusShare_71a1f8800da4a01a654396c6149bf08c,71a1f8800da4a01a654396c6149bf08c,1,/mnt/datadisk/./datasets/1/VirusShare_71a1f8800da4a01a654396c6149bf08c,,
VirusShare_c0369ebab3962086133d1af27648a79d,c0369ebab3962086133d1af27648a79d,0,/mnt/datadisk/./datasets/0/VirusShare_c0369ebab3962086133d1af27648a79d,,
VirusShare_0c32458545bb0609ed47a474fd3a0480,0c32458545bb0609ed47a474fd3a0480,0,/mnt/datadisk/./datasets/0/VirusShare_0c32458545bb0609ed47a474fd3a0480,,
VirusShare_ee83e2eb532ce211998039cfb733023c,ee83e2eb532ce211998039cfb733023c,0,/mnt/datadisk/./datasets/0/VirusShare_ee83e2eb532ce211998039cfb733023c,,
VirusShare_b07d900c24458885a40d08fb3f6a83cf,b07d900c24458885a40d08fb3f6a83cf,0,/mnt/datadisk/./datasets/0/VirusShare_b07d900c24458885a40d08fb3f6a83cf,,
VirusShare_6dfb884a52826908cf9d0a4e701deda0,6dfb884a52826908cf9d0a4e701deda0,0,/mnt/datadisk/./datasets/0/VirusShare_6dfb884a52826908cf9d0a4e701deda0,,
VirusShare_2236f3c9375d8e149b74159fafed4f56,2236f3c9375d8e149b74159fafed4f56,0,/mnt/datadisk/./datasets/0/VirusShare_2236f3c9375d8e149b74159fafed4f56,,
VirusShare_0e621ccd028ef0d2ebfbea0a269c898c,0e621ccd028ef0d2ebfbea0a269c898c,0,/mnt/datadisk/./datasets/0/VirusShare_0e621ccd028ef0d2ebfbea0a269c898c,,
VirusShare_b4de455217f7ffc4a3e8eddb46bd37d3,b4de455217f7ffc4a3e8eddb46bd37d3,0,/mnt/datadisk/./datasets/0/VirusShare_b4de455217f7ffc4a3e8eddb46bd37d3,,
VirusShare_a33c2f7e1054e3f3dbc030a8a0fa1c80,a33c2f7e1054e3f3dbc030a8a0fa1c80,0,/mnt/datadisk/./datasets/0/VirusShare_a33c2f7e1054e3f3dbc030a8a0fa1c80,,
VirusShare_ea841523251abca88766c306f0af15cb,ea841523251abca88766c306f0af15cb,1,/mnt/datadisk/./datasets/1/VirusShare_ea841523251abca88766c306f0af15cb,,
VirusShare_af0895a713659692487ed655f7a9920a,af0895a713659692487ed655f7a9920a,1,/mnt/datadisk/./datasets/1/VirusShare_af0895a713659692487ed655f7a9920a,,
VirusShare_f9189338baf0767dc2d8328b0bb97600,f9189338baf0767dc2d8328b0bb97600,0,/mnt/datadisk/./datasets/0/VirusShare_f9189338baf0767dc2d8328b0bb97600,,
VirusShare_b47b11fb0c29c4ae5cbff0f048c7608b,b47b11fb0c29c4ae5cbff0f048c7608b,0,/mnt/datadisk/./datasets/0/VirusShare_b47b11fb0c29c4ae5cbff0f048c7608b,,
VirusShare_39f290aa765e3de89ead54ace25c51e1,39f290aa765e3de89ead54ace25c51e1,1,/mnt/datadisk/./datasets/1/VirusShare_39f290aa765e3de89ead54ace25c51e1,,
VirusShare_2f9f9176d053fb2295beb9329ef76698,2f9f9176d053fb2295beb9329ef76698,0,/mnt/datadisk/./datasets/0/VirusShare_2f9f9176d053fb2295beb9329ef76698,,
VirusShare_5d3d8359023aaa3f138ac58c38c66e1d,5d3d8359023aaa3f138ac58c38c66e1d,0,/mnt/datadisk/./datasets/0/VirusShare_5d3d8359023aaa3f138ac58c38c66e1d,,
VirusShare_3607aba53a6f95b9eb37702894834291,3607aba53a6f95b9eb37702894834291,0,/mnt/datadisk/./datasets/0/VirusShare_3607aba53a6f95b9eb37702894834291,,
VirusShare_ccce9dc38d03071eb39823fcf369487e,ccce9dc38d03071eb39823fcf369487e,0,/mnt/datadisk/./datasets/0/VirusShare_ccce9dc38d03071eb39823fcf369487e,,
VirusShare_34d11dba2e475397591dbb2c7c4b148f,34d11dba2e475397591dbb2c7c4b148f,0,/mnt/datadisk/./datasets/0/VirusShare_34d11dba2e475397591dbb2c7c4b148f,,
VirusShare_1010bec081572dc3bd16e26a1e37d815,1010bec081572dc3bd16e26a1e37d815,0,/mnt/datadisk/./datasets/0/VirusShare_1010bec081572dc3bd16e26a1e37d815,,
VirusShare_60631d381f69464e3d802ac4a2b9f625,60631d381f69464e3d802ac4a2b9f625,0,/mnt/datadisk/./datasets/0/VirusShare_60631d381f69464e3d802ac4a2b9f625,,
VirusShare_0a521a02ab12591d2eef33195396d0e5,0a521a02ab12591d2eef33195396d0e5,1,/mnt/datadisk/./datasets/1/VirusShare_0a521a02ab12591d2eef33195396d0e5,,
VirusShare_6231a62be883aa3050d30148d3e39833,6231a62be883aa3050d30148d3e39833,0,/mnt/datadisk/./datasets/0/VirusShare_6231a62be883aa3050d30148d3e39833,,
VirusShare_e13fc5142078ecdd210abcb858db40ba,e13fc5142078ecdd210abcb858db40ba,1,/mnt/datadisk/./datasets/1/VirusShare_e13fc5142078ecdd210abcb858db40ba,,
VirusShare_8e6c9282161b4a7b04fb0e593a426cd8,8e6c9282161b4a7b04fb0e593a426cd8,0,/mnt/datadisk/./datasets/0/VirusShare_8e6c9282161b4a7b04fb0e593a426cd8,,
VirusShare_12628d9eb15acb005e847256c5dbe71d,12628d9eb15acb005e847256c5dbe71d,0,/mnt/datadisk/./datasets/0/VirusShare_12628d9eb15acb005e847256c5dbe71d,,
VirusShare_6c1b77a44bf111bd853c8b623d2f3334,6c1b77a44bf111bd853c8b623d2f3334,1,/mnt/datadisk/./datasets/1/VirusShare_6c1b77a44bf111bd853c8b623d2f3334,,
VirusShare_d362b408cb668e10f10b950774d1c1c1,d362b408cb668e10f10b950774d1c1c1,0,/mnt/datadisk/./datasets/0/VirusShare_d362b408cb668e10f10b950774d1c1c1,,
VirusShare_f99812657aa9eaac55a77a729ce4fe55,f99812657aa9eaac55a77a729ce4fe55,0,/mnt/datadisk/./datasets/0/VirusShare_f99812657aa9eaac55a77a729ce4fe55,,
VirusShare_307d59e3d876b9591717393cadd53fd3,307d59e3d876b9591717393cadd53fd3,0,/mnt/datadisk/./datasets/0/VirusShare_307d59e3d876b9591717393cadd53fd3,,
VirusShare_536bb209bac73e957e7fc6a7b9259f03,536bb209bac73e957e7fc6a7b9259f03,0,/mnt/datadisk/./datasets/0/VirusShare_536bb209bac73e957e7fc6a7b9259f03,,
VirusShare_52134436ab9e4d5a3abca540674b3f5a,52134436ab9e4d5a3abca540674b3f5a,1,/mnt/datadisk/./datasets/1/VirusShare_52134436ab9e4d5a3abca540674b3f5a,,
VirusShare_1ee0e950e3bb938e780cf562abb0d84c,1ee0e950e3bb938e780cf562abb0d84c,0,/mnt/datadisk/./datasets/0/VirusShare_1ee0e950e3bb938e780cf562abb0d84c,,
VirusShare_1b56ce13b0acbcdf1e373ab133e152e8,1b56ce13b0acbcdf1e373ab133e152e8,1,/mnt/datadisk/./datasets/1/VirusShare_1b56ce13b0acbcdf1e373ab133e152e8,,
VirusShare_df170f1ff577a03b809fbec7c8c267ac,df170f1ff577a03b809fbec7c8c267ac,0,/mnt/datadisk/./datasets/0/VirusShare_df170f1ff577a03b809fbec7c8c267ac,,
VirusShare_560a133ec9ee15770bb55e323c40d5a1,560a133ec9ee15770bb55e323c40d5a1,1,/mnt/datadisk/./datasets/1/VirusShare_560a133ec9ee15770bb55e323c40d5a1,,
VirusShare_9e5a26fd2e34768c7d29bdcb60cb016f,9e5a26fd2e34768c7d29bdcb60cb016f,0,/mnt/datadisk/./datasets/0/VirusShare_9e5a26fd2e34768c7d29bdcb60cb016f,,
VirusShare_c0facaa9561e361afe9d92d38e2793a0,c0facaa9561e361afe9d92d38e2793a0,0,/mnt/datadisk/./datasets/0/VirusShare_c0facaa9561e361afe9d92d38e2793a0,,
VirusShare_d1d0926a351293b8315de1844712ba4d,d1d0926a351293b8315de1844712ba4d,1,/mnt/datadisk/./datasets/1/VirusShare_d1d0926a351293b8315de1844712ba4d,,
VirusShare_ad2c1c6a158fae8c4107ad76de4ca144,ad2c1c6a158fae8c4107ad76de4ca144,0,/mnt/datadisk/./datasets/0/VirusShare_ad2c1c6a158fae8c4107ad76de4ca144,,
VirusShare_509567746584cefbda29149448eb7dbc,509567746584cefbda29149448eb7dbc,1,/mnt/datadisk/./datasets/1/VirusShare_509567746584cefbda29149448eb7dbc,,
VirusShare_cf474d186c9d81aa7d9ba7837754cca0,cf474d186c9d81aa7d9ba7837754cca0,1,/mnt/datadisk/./datasets/1/VirusShare_cf474d186c9d81aa7d9ba7837754cca0,,
VirusShare_d66c485c40d1026cac8b7508346c5142,d66c485c40d1026cac8b7508346c5142,0,/mnt/datadisk/./datasets/0/VirusShare_d66c485c40d1026cac8b7508346c5142,,
VirusShare_549542bc60e388f28e77fc43197ce38b,549542bc60e388f28e77fc43197ce38b,0,/mnt/datadisk/./datasets/0/VirusShare_549542bc60e388f28e77fc43197ce38b,,
VirusShare_48f774f48a3144760e66ec3929bbccd7,48f774f48a3144760e66ec3929bbccd7,1,/mnt/datadisk/./datasets/1/VirusShare_48f774f48a3144760e66ec3929bbccd7,,
VirusShare_55e05a800d17491e43e0d18537824bc5,55e05a800d17491e43e0d18537824bc5,1,/mnt/datadisk/./datasets/1/VirusShare_55e05a800d17491e43e0d18537824bc5,,
VirusShare_46f265a053425782d7ecee28568a7dad,46f265a053425782d7ecee28568a7dad,0,/mnt/datadisk/./datasets/0/VirusShare_46f265a053425782d7ecee28568a7dad,,
VirusShare_f9e0ec9e7c92c45ee8d1777b5ae47a13,f9e0ec9e7c92c45ee8d1777b5ae47a13,0,/mnt/datadisk/./datasets/0/VirusShare_f9e0ec9e7c92c45ee8d1777b5ae47a13,,
VirusShare_2f58c4c82852b4272317322a7bb7febe,2f58c4c82852b4272317322a7bb7febe,0,/mnt/datadisk/./datasets/0/VirusShare_2f58c4c82852b4272317322a7bb7febe,,
VirusShare_d71a81d8e935cf4fd5483e17af675e9b,d71a81d8e935cf4fd5483e17af675e9b,0,/mnt/datadisk/./datasets/0/VirusShare_d71a81d8e935cf4fd5483e17af675e9b,,
VirusShare_e40004654a0292d031113470ad4a05ce,e40004654a0292d031113470ad4a05ce,0,/mnt/datadisk/./datasets/0/VirusShare_e40004654a0292d031113470ad4a05ce,,
VirusShare_a67002a54c94fbe635505e12fa6a04d7,a67002a54c94fbe635505e12fa6a04d7,0,/mnt/datadisk/./datasets/0/VirusShare_a67002a54c94fbe635505e12fa6a04d7,,
VirusShare_f482dd9c6df9a559c91040167ded793f,f482dd9c6df9a559c91040167ded793f,1,/mnt/datadisk/./datasets/1/VirusShare_f482dd9c6df9a559c91040167ded793f,,
VirusShare_6510b6ed112b21dd535756353bc984a8,6510b6ed112b21dd535756353bc984a8,0,/mnt/datadisk/./datasets/0/VirusShare_6510b6ed112b21dd535756353bc984a8,,
VirusShare_e21137ac05beb7e0dc2db9b40316f026,e21137ac05beb7e0dc2db9b40316f026,1,/mnt/datadisk/./datasets/1/VirusShare_e21137ac05beb7e0dc2db9b40316f026,,
VirusShare_49d6b9012bd401e9f49a818cd06e5543,49d6b9012bd401e9f49a818cd06e5543,0,/mnt/datadisk/./datasets/0/VirusShare_49d6b9012bd401e9f49a818cd06e5543,,
VirusShare_acecd4bf504c7910e3d65cea16c63f10,acecd4bf504c7910e3d65cea16c63f10,0,/mnt/datadisk/./datasets/0/VirusShare_acecd4bf504c7910e3d65cea16c63f10,,
VirusShare_fcbe42dcb0bf3444e0e8f3ea82ebee27,fcbe42dcb0bf3444e0e8f3ea82ebee27,0,/mnt/datadisk/./datasets/0/VirusShare_fcbe42dcb0bf3444e0e8f3ea82ebee27,,
VirusShare_e6a5ac1e3a57940b3e4913fc238fa62d,e6a5ac1e3a57940b3e4913fc238fa62d,0,/mnt/datadisk/./datasets/0/VirusShare_e6a5ac1e3a57940b3e4913fc238fa62d,,
VirusShare_f7bbc6ad2d1dbad07c6a9b9746db7bf8,f7bbc6ad2d1dbad07c6a9b9746db7bf8,1,/mnt/datadisk/./datasets/1/VirusShare_f7bbc6ad2d1dbad07c6a9b9746db7bf8,,
VirusShare_60605807abaf5e6d731a4af6971aa548,60605807abaf5e6d731a4af6971aa548,0,/mnt/datadisk/./datasets/0/VirusShare_60605807abaf5e6d731a4af6971aa548,,
VirusShare_183a75e0a281c9365d5822d865dbbfa8,183a75e0a281c9365d5822d865dbbfa8,0,/mnt/datadisk/./datasets/0/VirusShare_183a75e0a281c9365d5822d865dbbfa8,,
VirusShare_9bd1477f533102934da49e16e80a7b05,9bd1477f533102934da49e16e80a7b05,1,/mnt/datadisk/./datasets/1/VirusShare_9bd1477f533102934da49e16e80a7b05,,
VirusShare_37f096c3d4862862ec80c0becbb1dd0e,37f096c3d4862862ec80c0becbb1dd0e,0,/mnt/datadisk/./datasets/0/VirusShare_37f096c3d4862862ec80c0becbb1dd0e,,
VirusShare_4a989fa71396e54cdc7d09844e9a9b1f,4a989fa71396e54cdc7d09844e9a9b1f,0,/mnt/datadisk/./datasets/0/VirusShare_4a989fa71396e54cdc7d09844e9a9b1f,,
VirusShare_fd0bfdb42b6168644d1cb12c67326171,fd0bfdb42b6168644d1cb12c67326171,0,/mnt/datadisk/./datasets/0/VirusShare_fd0bfdb42b6168644d1cb12c67326171,,
VirusShare_c004397250646773e2fa1b54a404a261,c004397250646773e2fa1b54a404a261,0,/mnt/datadisk/./datasets/0/VirusShare_c004397250646773e2fa1b54a404a261,,
VirusShare_75e2402a4894c55d0441a61fadf3128f,75e2402a4894c55d0441a61fadf3128f,0,/mnt/datadisk/./datasets/0/VirusShare_75e2402a4894c55d0441a61fadf3128f,,
VirusShare_e4f211f9539180ce5c59cb86406843f3,e4f211f9539180ce5c59cb86406843f3,1,/mnt/datadisk/./datasets/1/VirusShare_e4f211f9539180ce5c59cb86406843f3,,
VirusShare_e7ee4032f5367d57fcb18ed6e915ceb6,e7ee4032f5367d57fcb18ed6e915ceb6,0,/mnt/datadisk/./datasets/0/VirusShare_e7ee4032f5367d57fcb18ed6e915ceb6,,
VirusShare_5a02b0f2579605159f04b2a6a3d019e0,5a02b0f2579605159f04b2a6a3d019e0,0,/mnt/datadisk/./datasets/0/VirusShare_5a02b0f2579605159f04b2a6a3d019e0,,
VirusShare_d89f1c40931d122339ca8996c8e9090a,d89f1c40931d122339ca8996c8e9090a,0,/mnt/datadisk/./datasets/0/VirusShare_d89f1c40931d122339ca8996c8e9090a,,
VirusShare_749c2079b3f7807f13931f0e2aed3ea2,749c2079b3f7807f13931f0e2aed3ea2,0,/mnt/datadisk/./datasets/0/VirusShare_749c2079b3f7807f13931f0e2aed3ea2,,
VirusShare_9feccfb5358c1fa8791b262b7adc7e64,9feccfb5358c1fa8791b262b7adc7e64,0,/mnt/datadisk/./datasets/0/VirusShare_9feccfb5358c1fa8791b262b7adc7e64,,
VirusShare_40d3ae6227ae29528db5ad5b9ad9d7d9,40d3ae6227ae29528db5ad5b9ad9d7d9,0,/mnt/datadisk/./datasets/0/VirusShare_40d3ae6227ae29528db5ad5b9ad9d7d9,,
VirusShare_c16e74157e50529f0b0b790774ef25f3,c16e74157e50529f0b0b790774ef25f3,1,/mnt/datadisk/./datasets/1/VirusShare_c16e74157e50529f0b0b790774ef25f3,,
VirusShare_5840b28d0e6e88d0bd44803d74faf62b,5840b28d0e6e88d0bd44803d74faf62b,1,/mnt/datadisk/./datasets/1/VirusShare_5840b28d0e6e88d0bd44803d74faf62b,,
VirusShare_c5465eeaf1a2493a6ee3a3dcbacfd0b8,c5465eeaf1a2493a6ee3a3dcbacfd0b8,1,/mnt/datadisk/./datasets/1/VirusShare_c5465eeaf1a2493a6ee3a3dcbacfd0b8,,
VirusShare_0c24ef37ceda809e350735ff133a9c07,0c24ef37ceda809e350735ff133a9c07,0,/mnt/datadisk/./datasets/0/VirusShare_0c24ef37ceda809e350735ff133a9c07,,
VirusShare_b3febe92f1497ff787365bedd1a11c44,b3febe92f1497ff787365bedd1a11c44,1,/mnt/datadisk/./datasets/1/VirusShare_b3febe92f1497ff787365bedd1a11c44,,
VirusShare_cc8271bbee03731c4df165c3d6aadd30,cc8271bbee03731c4df165c3d6aadd30,1,/mnt/datadisk/./datasets/1/VirusShare_cc8271bbee03731c4df165c3d6aadd30,,
VirusShare_c719b9069b4958067810aaa7c947872f,c719b9069b4958067810aaa7c947872f,0,/mnt/datadisk/./datasets/0/VirusShare_c719b9069b4958067810aaa7c947872f,,
VirusShare_ea7765c0147c069a85081e80a6fce6ff,ea7765c0147c069a85081e80a6fce6ff,0,/mnt/datadisk/./datasets/0/VirusShare_ea7765c0147c069a85081e80a6fce6ff,,
VirusShare_d180bb41beec6fa892240ed91d9a72e7,d180bb41beec6fa892240ed91d9a72e7,0,/mnt/datadisk/./datasets/0/VirusShare_d180bb41beec6fa892240ed91d9a72e7,,
VirusShare_eeac7c8b2de240a75ce087bfb97009de,eeac7c8b2de240a75ce087bfb97009de,1,/mnt/datadisk/./datasets/1/VirusShare_eeac7c8b2de240a75ce087bfb97009de,,
VirusShare_83d48ceb05204219598796cf99ade13c,83d48ceb05204219598796cf99ade13c,1,/mnt/datadisk/./datasets/1/VirusShare_83d48ceb05204219598796cf99ade13c,,
VirusShare_734f4ac77ee1e6fe9eb8776b8d058d41,734f4ac77ee1e6fe9eb8776b8d058d41,0,/mnt/datadisk/./datasets/0/VirusShare_734f4ac77ee1e6fe9eb8776b8d058d41,,
VirusShare_55d9516459a859e6c9ab1592d1be9ae0,55d9516459a859e6c9ab1592d1be9ae0,1,/mnt/datadisk/./datasets/1/VirusShare_55d9516459a859e6c9ab1592d1be9ae0,,
VirusShare_80bf29b7d9bb78ca50751ec92d6aa07d,80bf29b7d9bb78ca50751ec92d6aa07d,0,/mnt/datadisk/./datasets/0/VirusShare_80bf29b7d9bb78ca50751ec92d6aa07d,,
VirusShare_3aa79f0957342a5510c727e673a451ef,3aa79f0957342a5510c727e673a451ef,0,/mnt/datadisk/./datasets/0/VirusShare_3aa79f0957342a5510c727e673a451ef,,
VirusShare_b695a3f09f2fe5e67f1249c0a8e447ca,b695a3f09f2fe5e67f1249c0a8e447ca,0,/mnt/datadisk/./datasets/0/VirusShare_b695a3f09f2fe5e67f1249c0a8e447ca,,
VirusShare_477ff638b48a93e8fbef50ccaf975ea1,477ff638b48a93e8fbef50ccaf975ea1,0,/mnt/datadisk/./datasets/0/VirusShare_477ff638b48a93e8fbef50ccaf975ea1,,
VirusShare_f6dd8e844b08b8340a60603c2a24dd40,f6dd8e844b08b8340a60603c2a24dd40,1,/mnt/datadisk/./datasets/1/VirusShare_f6dd8e844b08b8340a60603c2a24dd40,,
VirusShare_ddbd862c27c8fb9b555a81b67db4297c,ddbd862c27c8fb9b555a81b67db4297c,0,/mnt/datadisk/./datasets/0/VirusShare_ddbd862c27c8fb9b555a81b67db4297c,,
VirusShare_43c6fa514a523e6cabd7e721b7871e09,43c6fa514a523e6cabd7e721b7871e09,1,/mnt/datadisk/./datasets/1/VirusShare_43c6fa514a523e6cabd7e721b7871e09,,
VirusShare_832a4316301b9cce59dadca8acab778c,832a4316301b9cce59dadca8acab778c,1,/mnt/datadisk/./datasets/1/VirusShare_832a4316301b9cce59dadca8acab778c,,
VirusShare_ae98beb4eb0c84ac2fd84203528a103e,ae98beb4eb0c84ac2fd84203528a103e,0,/mnt/datadisk/./datasets/0/VirusShare_ae98beb4eb0c84ac2fd84203528a103e,,
VirusShare_97d2f1b1f805a9facfd16baa9c6f05bc,97d2f1b1f805a9facfd16baa9c6f05bc,0,/mnt/datadisk/./datasets/0/VirusShare_97d2f1b1f805a9facfd16baa9c6f05bc,,
VirusShare_1efccb279f2c9d5b266e3c6e6a6a7de7,1efccb279f2c9d5b266e3c6e6a6a7de7,0,/mnt/datadisk/./datasets/0/VirusShare_1efccb279f2c9d5b266e3c6e6a6a7de7,,
VirusShare_9681088670471e60d174748eb02b0fca,9681088670471e60d174748eb02b0fca,0,/mnt/datadisk/./datasets/0/VirusShare_9681088670471e60d174748eb02b0fca,,
VirusShare_618a7969f184049df146e887dc3be4d8,618a7969f184049df146e887dc3be4d8,1,/mnt/datadisk/./datasets/1/VirusShare_618a7969f184049df146e887dc3be4d8,,
VirusShare_1ea06f3296a7feed811e9c94cc6c8fe8,1ea06f3296a7feed811e9c94cc6c8fe8,0,/mnt/datadisk/./datasets/0/VirusShare_1ea06f3296a7feed811e9c94cc6c8fe8,,
VirusShare_8d6ce8aaf7e25eafdcd740ee4c483e9c,8d6ce8aaf7e25eafdcd740ee4c483e9c,0,/mnt/datadisk/./datasets/0/VirusShare_8d6ce8aaf7e25eafdcd740ee4c483e9c,,
VirusShare_c6455576d6798215b1ce846448386d5e,c6455576d6798215b1ce846448386d5e,0,/mnt/datadisk/./datasets/0/VirusShare_c6455576d6798215b1ce846448386d5e,,
VirusShare_6bfeb97ee8e5d8ca57fc1f0798fc87b9,6bfeb97ee8e5d8ca57fc1f0798fc87b9,0,/mnt/datadisk/./datasets/0/VirusShare_6bfeb97ee8e5d8ca57fc1f0798fc87b9,,
VirusShare_fa23b74c4609773a599e2d8e27de46a4,fa23b74c4609773a599e2d8e27de46a4,0,/mnt/datadisk/./datasets/0/VirusShare_fa23b74c4609773a599e2d8e27de46a4,,
VirusShare_2d5746a45d702f070f81b47513f51a5a,2d5746a45d702f070f81b47513f51a5a,0,/mnt/datadisk/./datasets/0/VirusShare_2d5746a45d702f070f81b47513f51a5a,,
VirusShare_86651b3a69759db8e3d605c6180ca4d7,86651b3a69759db8e3d605c6180ca4d7,0,/mnt/datadisk/./datasets/0/VirusShare_86651b3a69759db8e3d605c6180ca4d7,,
VirusShare_7db362ed17d924220d7baa073188df10,7db362ed17d924220d7baa073188df10,0,/mnt/datadisk/./datasets/0/VirusShare_7db362ed17d924220d7baa073188df10,,
VirusShare_d4626aa0d79860578c07ec300c688e52,d4626aa0d79860578c07ec300c688e52,0,/mnt/datadisk/./datasets/0/VirusShare_d4626aa0d79860578c07ec300c688e52,,
VirusShare_fa9d27cf93f96d92ff552b233428f4d9,fa9d27cf93f96d92ff552b233428f4d9,0,/mnt/datadisk/./datasets/0/VirusShare_fa9d27cf93f96d92ff552b233428f4d9,,
VirusShare_c63b5e6305535cdaaaeb11889ddfb097,c63b5e6305535cdaaaeb11889ddfb097,0,/mnt/datadisk/./datasets/0/VirusShare_c63b5e6305535cdaaaeb11889ddfb097,,
VirusShare_851f9eeb2f3ad4968a6edd5dda5ba33b,851f9eeb2f3ad4968a6edd5dda5ba33b,0,/mnt/datadisk/./datasets/0/VirusShare_851f9eeb2f3ad4968a6edd5dda5ba33b,,
VirusShare_6eb74195dccfc4dffa276e30e4926182,6eb74195dccfc4dffa276e30e4926182,1,/mnt/datadisk/./datasets/1/VirusShare_6eb74195dccfc4dffa276e30e4926182,,
VirusShare_8035328548d94af3fd7bf3e013f92f7c,8035328548d94af3fd7bf3e013f92f7c,1,/mnt/datadisk/./datasets/1/VirusShare_8035328548d94af3fd7bf3e013f92f7c,,
VirusShare_06868fe89e39e0e6f2f9bdb1aa92c457,06868fe89e39e0e6f2f9bdb1aa92c457,0,/mnt/datadisk/./datasets/0/VirusShare_06868fe89e39e0e6f2f9bdb1aa92c457,,
VirusShare_57d9fbb28ff6e5cf5c4ffd2d744ba0ea,57d9fbb28ff6e5cf5c4ffd2d744ba0ea,0,/mnt/datadisk/./datasets/0/VirusShare_57d9fbb28ff6e5cf5c4ffd2d744ba0ea,,
VirusShare_efde275d8ff36333198b36d2e2251bd6,efde275d8ff36333198b36d2e2251bd6,0,/mnt/datadisk/./datasets/0/VirusShare_efde275d8ff36333198b36d2e2251bd6,,
VirusShare_a0d0a473c8fe7833ef7f6201e7d8d89b,a0d0a473c8fe7833ef7f6201e7d8d89b,0,/mnt/datadisk/./datasets/0/VirusShare_a0d0a473c8fe7833ef7f6201e7d8d89b,,
VirusShare_21bbffc6f3206d792592e9a0b280da57,21bbffc6f3206d792592e9a0b280da57,0,/mnt/datadisk/./datasets/0/VirusShare_21bbffc6f3206d792592e9a0b280da57,,
VirusShare_50948fb17f46bcca1803c99602bde762,50948fb17f46bcca1803c99602bde762,0,/mnt/datadisk/./datasets/0/VirusShare_50948fb17f46bcca1803c99602bde762,,
VirusShare_928bfd4b217c8f0307387f43c13e2331,928bfd4b217c8f0307387f43c13e2331,0,/mnt/datadisk/./datasets/0/VirusShare_928bfd4b217c8f0307387f43c13e2331,,
VirusShare_9ef3569d007bb89c22f5cc132af1d1f1,9ef3569d007bb89c22f5cc132af1d1f1,1,/mnt/datadisk/./datasets/1/VirusShare_9ef3569d007bb89c22f5cc132af1d1f1,,
VirusShare_0d1fee90c066a91c89f279d1a2c95f0a,0d1fee90c066a91c89f279d1a2c95f0a,0,/mnt/datadisk/./datasets/0/VirusShare_0d1fee90c066a91c89f279d1a2c95f0a,,
VirusShare_b0556afcf9eb38ab9c99d1e085e12ff2,b0556afcf9eb38ab9c99d1e085e12ff2,0,/mnt/datadisk/./datasets/0/VirusShare_b0556afcf9eb38ab9c99d1e085e12ff2,,
VirusShare_49df86cc1c3882421a8455be4a88c13d,49df86cc1c3882421a8455be4a88c13d,0,/mnt/datadisk/./datasets/0/VirusShare_49df86cc1c3882421a8455be4a88c13d,,
VirusShare_9a99ef0f9d9ad6a098ad575cbc67029b,9a99ef0f9d9ad6a098ad575cbc67029b,0,/mnt/datadisk/./datasets/0/VirusShare_9a99ef0f9d9ad6a098ad575cbc67029b,,
VirusShare_6e6f7e8a879d87fe1cdcd3c93f56d8ee,6e6f7e8a879d87fe1cdcd3c93f56d8ee,0,/mnt/datadisk/./datasets/0/VirusShare_6e6f7e8a879d87fe1cdcd3c93f56d8ee,,
VirusShare_3169a6e21f7ef93cd86012a3e9537de9,3169a6e21f7ef93cd86012a3e9537de9,1,/mnt/datadisk/./datasets/1/VirusShare_3169a6e21f7ef93cd86012a3e9537de9,,
VirusShare_072fed98a560f16d7ba57ee134322ce3,072fed98a560f16d7ba57ee134322ce3,1,/mnt/datadisk/./datasets/1/VirusShare_072fed98a560f16d7ba57ee134322ce3,,
VirusShare_2e06724ba9c384400f55cc7de40a0737,2e06724ba9c384400f55cc7de40a0737,1,/mnt/datadisk/./datasets/1/VirusShare_2e06724ba9c384400f55cc7de40a0737,,
VirusShare_248de0e5ec264bbcdc5d5cf89c88c9d5,248de0e5ec264bbcdc5d5cf89c88c9d5,1,/mnt/datadisk/./datasets/1/VirusShare_248de0e5ec264bbcdc5d5cf89c88c9d5,,
VirusShare_c738e4f680b4fcb731c25ac612fd4cd2,c738e4f680b4fcb731c25ac612fd4cd2,0,/mnt/datadisk/./datasets/0/VirusShare_c738e4f680b4fcb731c25ac612fd4cd2,,
VirusShare_7cf69ae411c970a920a1b31ba4b97c2c,7cf69ae411c970a920a1b31ba4b97c2c,1,/mnt/datadisk/./datasets/1/VirusShare_7cf69ae411c970a920a1b31ba4b97c2c,,
VirusShare_34d84f5fddd73a6b32991dc34f6c161c,34d84f5fddd73a6b32991dc34f6c161c,1,/mnt/datadisk/./datasets/1/VirusShare_34d84f5fddd73a6b32991dc34f6c161c,,
VirusShare_7d5fbb10582c250b0b12cff02add6075,7d5fbb10582c250b0b12cff02add6075,0,/mnt/datadisk/./datasets/0/VirusShare_7d5fbb10582c250b0b12cff02add6075,,
VirusShare_19eb8274ae63acfa1be3c2ebe064d134,19eb8274ae63acfa1be3c2ebe064d134,1,/mnt/datadisk/./datasets/1/VirusShare_19eb8274ae63acfa1be3c2ebe064d134,,
VirusShare_1dcd8c851d80158e5028cd6f28aab07e,1dcd8c851d80158e5028cd6f28aab07e,0,/mnt/datadisk/./datasets/0/VirusShare_1dcd8c851d80158e5028cd6f28aab07e,,
VirusShare_7f5331d61329fdf022d735e2937446a5,7f5331d61329fdf022d735e2937446a5,1,/mnt/datadisk/./datasets/1/VirusShare_7f5331d61329fdf022d735e2937446a5,,
VirusShare_2051ec7475ee0578b7ac82f1c9f41709,2051ec7475ee0578b7ac82f1c9f41709,0,/mnt/datadisk/./datasets/0/VirusShare_2051ec7475ee0578b7ac82f1c9f41709,,
VirusShare_c1f8d341dd29a0206746ab766ab8d17e,c1f8d341dd29a0206746ab766ab8d17e,0,/mnt/datadisk/./datasets/0/VirusShare_c1f8d341dd29a0206746ab766ab8d17e,,
VirusShare_a9049d13128ecd6f1f151527984028a7,a9049d13128ecd6f1f151527984028a7,0,/mnt/datadisk/./datasets/0/VirusShare_a9049d13128ecd6f1f151527984028a7,,
VirusShare_6a4da62f25c66c8a59fbdb9347b6be33,6a4da62f25c66c8a59fbdb9347b6be33,0,/mnt/datadisk/./datasets/0/VirusShare_6a4da62f25c66c8a59fbdb9347b6be33,,
VirusShare_2af7209d90ad2e42e0deec16ac9250a4,2af7209d90ad2e42e0deec16ac9250a4,1,/mnt/datadisk/./datasets/1/VirusShare_2af7209d90ad2e42e0deec16ac9250a4,,
VirusShare_478676a94500d6753bab0a764fd79344,478676a94500d6753bab0a764fd79344,0,/mnt/datadisk/./datasets/0/VirusShare_478676a94500d6753bab0a764fd79344,,
VirusShare_ec92e4dd23998daa91d7dda5c8687f6f,ec92e4dd23998daa91d7dda5c8687f6f,0,/mnt/datadisk/./datasets/0/VirusShare_ec92e4dd23998daa91d7dda5c8687f6f,,
VirusShare_cd14ae3ba25f5676af3eabdf6f5fbf21,cd14ae3ba25f5676af3eabdf6f5fbf21,0,/mnt/datadisk/./datasets/0/VirusShare_cd14ae3ba25f5676af3eabdf6f5fbf21,,
VirusShare_d80251df1d869c6927a72859efae6474,d80251df1d869c6927a72859efae6474,1,/mnt/datadisk/./datasets/1/VirusShare_d80251df1d869c6927a72859efae6474,,
VirusShare_7c28aadc867aeb7d588f81a6a1ac43c4,7c28aadc867aeb7d588f81a6a1ac43c4,1,/mnt/datadisk/./datasets/1/VirusShare_7c28aadc867aeb7d588f81a6a1ac43c4,,
VirusShare_431e914e2269a0650a2e741af8b516c6,431e914e2269a0650a2e741af8b516c6,1,/mnt/datadisk/./datasets/1/VirusShare_431e914e2269a0650a2e741af8b516c6,,
VirusShare_3b0617bc3943ed78e5b4321d9803189a,3b0617bc3943ed78e5b4321d9803189a,0,/mnt/datadisk/./datasets/0/VirusShare_3b0617bc3943ed78e5b4321d9803189a,,
VirusShare_9bfb890232a1719985b1eb357f770048,9bfb890232a1719985b1eb357f770048,0,/mnt/datadisk/./datasets/0/VirusShare_9bfb890232a1719985b1eb357f770048,,
VirusShare_e63709eb19cf6d847afb363f310a0003,e63709eb19cf6d847afb363f310a0003,1,/mnt/datadisk/./datasets/1/VirusShare_e63709eb19cf6d847afb363f310a0003,,
VirusShare_b057794ffcd0977d923d49694779b119,b057794ffcd0977d923d49694779b119,1,/mnt/datadisk/./datasets/1/VirusShare_b057794ffcd0977d923d49694779b119,,
VirusShare_9d40e04ff7ba6c4202b5787a3706ae94,9d40e04ff7ba6c4202b5787a3706ae94,0,/mnt/datadisk/./datasets/0/VirusShare_9d40e04ff7ba6c4202b5787a3706ae94,,
VirusShare_dbe1ea9908d7b2eceed79bfe133d7672,dbe1ea9908d7b2eceed79bfe133d7672,1,/mnt/datadisk/./datasets/1/VirusShare_dbe1ea9908d7b2eceed79bfe133d7672,,
VirusShare_52d7cccde88d979a77494e23a758faa2,52d7cccde88d979a77494e23a758faa2,0,/mnt/datadisk/./datasets/0/VirusShare_52d7cccde88d979a77494e23a758faa2,,
VirusShare_e5f154ee0beb295a628774a47c76975b,e5f154ee0beb295a628774a47c76975b,1,/mnt/datadisk/./datasets/1/VirusShare_e5f154ee0beb295a628774a47c76975b,,
VirusShare_358344727052c2b662a8791b4db606fa,358344727052c2b662a8791b4db606fa,1,/mnt/datadisk/./datasets/1/VirusShare_358344727052c2b662a8791b4db606fa,,
VirusShare_cfb12c63dcf84dc41d18fea3f970e03d,cfb12c63dcf84dc41d18fea3f970e03d,0,/mnt/datadisk/./datasets/0/VirusShare_cfb12c63dcf84dc41d18fea3f970e03d,,
VirusShare_9920eec1082fa8239836e0ab68d77827,9920eec1082fa8239836e0ab68d77827,0,/mnt/datadisk/./datasets/0/VirusShare_9920eec1082fa8239836e0ab68d77827,,
VirusShare_75e95a530e5fe926bcca7c2c1a008e18,75e95a530e5fe926bcca7c2c1a008e18,1,/mnt/datadisk/./datasets/1/VirusShare_75e95a530e5fe926bcca7c2c1a008e18,,
VirusShare_42c9540958bee851ac40c35b6d9d7c5d,42c9540958bee851ac40c35b6d9d7c5d,0,/mnt/datadisk/./datasets/0/VirusShare_42c9540958bee851ac40c35b6d9d7c5d,,
VirusShare_76e8a4830b39a557faa58886eb6fd07f,76e8a4830b39a557faa58886eb6fd07f,1,/mnt/datadisk/./datasets/1/VirusShare_76e8a4830b39a557faa58886eb6fd07f,,
VirusShare_beb294e7e3b5ee1d1fb1e3c272d0f8eb,beb294e7e3b5ee1d1fb1e3c272d0f8eb,0,/mnt/datadisk/./datasets/0/VirusShare_beb294e7e3b5ee1d1fb1e3c272d0f8eb,,
VirusShare_dc34bb7ff712f36a1e2fbec0f5d160cf,dc34bb7ff712f36a1e2fbec0f5d160cf,0,/mnt/datadisk/./datasets/0/VirusShare_dc34bb7ff712f36a1e2fbec0f5d160cf,,
VirusShare_52f76630a6043fb589ac18c6766b0a6f,52f76630a6043fb589ac18c6766b0a6f,1,/mnt/datadisk/./datasets/1/VirusShare_52f76630a6043fb589ac18c6766b0a6f,,
VirusShare_34e1830e351944811c9118071fc36131,34e1830e351944811c9118071fc36131,1,/mnt/datadisk/./datasets/1/VirusShare_34e1830e351944811c9118071fc36131,,
VirusShare_946d57e17f85b6556069ab908af48b7e,946d57e17f85b6556069ab908af48b7e,1,/mnt/datadisk/./datasets/1/VirusShare_946d57e17f85b6556069ab908af48b7e,,
VirusShare_55423dd14de3b8fe7aa890fe36f3c0f5,55423dd14de3b8fe7aa890fe36f3c0f5,1,/mnt/datadisk/./datasets/1/VirusShare_55423dd14de3b8fe7aa890fe36f3c0f5,,
VirusShare_3496206059bf088ed96136f470000f21,3496206059bf088ed96136f470000f21,1,/mnt/datadisk/./datasets/1/VirusShare_3496206059bf088ed96136f470000f21,,
VirusShare_0d3a58f414c2263db0986b23a92eb67f,0d3a58f414c2263db0986b23a92eb67f,0,/mnt/datadisk/./datasets/0/VirusShare_0d3a58f414c2263db0986b23a92eb67f,,
VirusShare_0969a6c9733ba25362578e784420c070,0969a6c9733ba25362578e784420c070,0,/mnt/datadisk/./datasets/0/VirusShare_0969a6c9733ba25362578e784420c070,,
VirusShare_db1a14c9ceb3fd7a034a985c361233d6,db1a14c9ceb3fd7a034a985c361233d6,0,/mnt/datadisk/./datasets/0/VirusShare_db1a14c9ceb3fd7a034a985c361233d6,,
VirusShare_aa2581624e5cc66fb8535c1eec1b0893,aa2581624e5cc66fb8535c1eec1b0893,0,/mnt/datadisk/./datasets/0/VirusShare_aa2581624e5cc66fb8535c1eec1b0893,,
VirusShare_7c7e1bad29c0f5db038f1bacd6b7b3d7,7c7e1bad29c0f5db038f1bacd6b7b3d7,1,/mnt/datadisk/./datasets/1/VirusShare_7c7e1bad29c0f5db038f1bacd6b7b3d7,,
VirusShare_c967f1b345dd0c9fe7245c581bda2d07,c967f1b345dd0c9fe7245c581bda2d07,1,/mnt/datadisk/./datasets/1/VirusShare_c967f1b345dd0c9fe7245c581bda2d07,,
VirusShare_5253b6a22231af3af11e4e36391ad68d,5253b6a22231af3af11e4e36391ad68d,1,/mnt/datadisk/./datasets/1/VirusShare_5253b6a22231af3af11e4e36391ad68d,,
VirusShare_01592e1dd2f283bc26fc08935a750fc8,01592e1dd2f283bc26fc08935a750fc8,0,/mnt/datadisk/./datasets/0/VirusShare_01592e1dd2f283bc26fc08935a750fc8,,
VirusShare_c553fba557e7aa0974b59f921ceba201,c553fba557e7aa0974b59f921ceba201,1,/mnt/datadisk/./datasets/1/VirusShare_c553fba557e7aa0974b59f921ceba201,,
VirusShare_aefdd6dceeb5b7467ad4d0ef76856b5c,aefdd6dceeb5b7467ad4d0ef76856b5c,0,/mnt/datadisk/./datasets/0/VirusShare_aefdd6dceeb5b7467ad4d0ef76856b5c,,
VirusShare_a73b123e9329e413e46ee2332dd81926,a73b123e9329e413e46ee2332dd81926,0,/mnt/datadisk/./datasets/0/VirusShare_a73b123e9329e413e46ee2332dd81926,,
VirusShare_d5acf799b268071a471880dbdbd8c0a5,d5acf799b268071a471880dbdbd8c0a5,0,/mnt/datadisk/./datasets/0/VirusShare_d5acf799b268071a471880dbdbd8c0a5,,
VirusShare_42fbf5e55cc1242e640a6dd2c9be4cae,42fbf5e55cc1242e640a6dd2c9be4cae,1,/mnt/datadisk/./datasets/1/VirusShare_42fbf5e55cc1242e640a6dd2c9be4cae,,
VirusShare_c7f0087d2641f8676fccaba50bf3ea65,c7f0087d2641f8676fccaba50bf3ea65,1,/mnt/datadisk/./datasets/1/VirusShare_c7f0087d2641f8676fccaba50bf3ea65,,
VirusShare_b7c50b11ea1fa87a7737c9e6372fbe97,b7c50b11ea1fa87a7737c9e6372fbe97,0,/mnt/datadisk/./datasets/0/VirusShare_b7c50b11ea1fa87a7737c9e6372fbe97,,
VirusShare_084c58fe56ae8d6a494dab0840b0e9c2,084c58fe56ae8d6a494dab0840b0e9c2,1,/mnt/datadisk/./datasets/1/VirusShare_084c58fe56ae8d6a494dab0840b0e9c2,,
VirusShare_8fbfbf492c5c18fc23e288b2c7485cee,8fbfbf492c5c18fc23e288b2c7485cee,0,/mnt/datadisk/./datasets/0/VirusShare_8fbfbf492c5c18fc23e288b2c7485cee,,
VirusShare_7f297f9154cb194b37db1d7fc55669e6,7f297f9154cb194b37db1d7fc55669e6,0,/mnt/datadisk/./datasets/0/VirusShare_7f297f9154cb194b37db1d7fc55669e6,,
VirusShare_38e618b722c9b04858e43bc4cb177d6b,38e618b722c9b04858e43bc4cb177d6b,0,/mnt/datadisk/./datasets/0/VirusShare_38e618b722c9b04858e43bc4cb177d6b,,
VirusShare_4b1f3b71f863a18655b78d8b546829dd,4b1f3b71f863a18655b78d8b546829dd,1,/mnt/datadisk/./datasets/1/VirusShare_4b1f3b71f863a18655b78d8b546829dd,,
VirusShare_b5e606ef0541b5f3705a8f34bf83a8e1,b5e606ef0541b5f3705a8f34bf83a8e1,0,/mnt/datadisk/./datasets/0/VirusShare_b5e606ef0541b5f3705a8f34bf83a8e1,,
VirusShare_cddae32a12e8bedbd370ad12c1e441dc,cddae32a12e8bedbd370ad12c1e441dc,1,/mnt/datadisk/./datasets/1/VirusShare_cddae32a12e8bedbd370ad12c1e441dc,,
VirusShare_a3604de5dde26f6173ec6704f1ca3926,a3604de5dde26f6173ec6704f1ca3926,1,/mnt/datadisk/./datasets/1/VirusShare_a3604de5dde26f6173ec6704f1ca3926,,
VirusShare_6d0964f0935235cb59a167d446d4bdcd,6d0964f0935235cb59a167d446d4bdcd,1,/mnt/datadisk/./datasets/1/VirusShare_6d0964f0935235cb59a167d446d4bdcd,,
VirusShare_c482d1671a2f3f5883931e97b31985e0,c482d1671a2f3f5883931e97b31985e0,0,/mnt/datadisk/./datasets/0/VirusShare_c482d1671a2f3f5883931e97b31985e0,,
VirusShare_b238bd1b8216762cae6267d67bd4289b,b238bd1b8216762cae6267d67bd4289b,1,/mnt/datadisk/./datasets/1/VirusShare_b238bd1b8216762cae6267d67bd4289b,,
VirusShare_6c2f68b62c02dfac2f091825dad03adf,6c2f68b62c02dfac2f091825dad03adf,0,/mnt/datadisk/./datasets/0/VirusShare_6c2f68b62c02dfac2f091825dad03adf,,
VirusShare_d0457978ba4ccb7acc9de302ac977aec,d0457978ba4ccb7acc9de302ac977aec,0,/mnt/datadisk/./datasets/0/VirusShare_d0457978ba4ccb7acc9de302ac977aec,,
VirusShare_10860c06ac2a413f2459aab8f29b88da,10860c06ac2a413f2459aab8f29b88da,1,/mnt/datadisk/./datasets/1/VirusShare_10860c06ac2a413f2459aab8f29b88da,,
VirusShare_f83b84edcf1c7db60756171109930ef8,f83b84edcf1c7db60756171109930ef8,0,/mnt/datadisk/./datasets/0/VirusShare_f83b84edcf1c7db60756171109930ef8,,
VirusShare_a168e0961b5bd11a1ba1418f3d65c645,a168e0961b5bd11a1ba1418f3d65c645,0,/mnt/datadisk/./datasets/0/VirusShare_a168e0961b5bd11a1ba1418f3d65c645,,
VirusShare_ca2b355d4558040f4f66c5f76b447e5f,ca2b355d4558040f4f66c5f76b447e5f,0,/mnt/datadisk/./datasets/0/VirusShare_ca2b355d4558040f4f66c5f76b447e5f,,
VirusShare_1995b0023c950d538750ede62a7c19db,1995b0023c950d538750ede62a7c19db,1,/mnt/datadisk/./datasets/1/VirusShare_1995b0023c950d538750ede62a7c19db,,
VirusShare_2c706de350a3f9454dc448c8d73fed1f,2c706de350a3f9454dc448c8d73fed1f,1,/mnt/datadisk/./datasets/1/VirusShare_2c706de350a3f9454dc448c8d73fed1f,,
VirusShare_8bea7c1109e5d4941247402f6e43020a,8bea7c1109e5d4941247402f6e43020a,1,/mnt/datadisk/./datasets/1/VirusShare_8bea7c1109e5d4941247402f6e43020a,,
VirusShare_d1655f57321b32d042c81018d28cd518,d1655f57321b32d042c81018d28cd518,1,/mnt/datadisk/./datasets/1/VirusShare_d1655f57321b32d042c81018d28cd518,,
VirusShare_e440f8d9c42f7634383b5ccbc3848a5b,e440f8d9c42f7634383b5ccbc3848a5b,0,/mnt/datadisk/./datasets/0/VirusShare_e440f8d9c42f7634383b5ccbc3848a5b,,
VirusShare_6681d3b2f7a2f83c66d5f3244dfa98f4,6681d3b2f7a2f83c66d5f3244dfa98f4,1,/mnt/datadisk/./datasets/1/VirusShare_6681d3b2f7a2f83c66d5f3244dfa98f4,,
VirusShare_bde8a311414d7314ff61ffbc6bcb598f,bde8a311414d7314ff61ffbc6bcb598f,1,/mnt/datadisk/./datasets/1/VirusShare_bde8a311414d7314ff61ffbc6bcb598f,,
VirusShare_43dc75afb4a22452b36c894058073860,43dc75afb4a22452b36c894058073860,0,/mnt/datadisk/./datasets/0/VirusShare_43dc75afb4a22452b36c894058073860,,
VirusShare_612673d56e5559e9dfb7440bab5750a1,612673d56e5559e9dfb7440bab5750a1,0,/mnt/datadisk/./datasets/0/VirusShare_612673d56e5559e9dfb7440bab5750a1,,
VirusShare_957b6cd24e500f265462696893365467,957b6cd24e500f265462696893365467,0,/mnt/datadisk/./datasets/0/VirusShare_957b6cd24e500f265462696893365467,,
VirusShare_dcf861a4858cc95b9d2e9ec60969933e,dcf861a4858cc95b9d2e9ec60969933e,1,/mnt/datadisk/./datasets/1/VirusShare_dcf861a4858cc95b9d2e9ec60969933e,,
VirusShare_57bd38d67600ed3c39bb246c88c36c58,57bd38d67600ed3c39bb246c88c36c58,0,/mnt/datadisk/./datasets/0/VirusShare_57bd38d67600ed3c39bb246c88c36c58,,
VirusShare_81c912d5d3af362978af995acef835b6,81c912d5d3af362978af995acef835b6,0,/mnt/datadisk/./datasets/0/VirusShare_81c912d5d3af362978af995acef835b6,,
VirusShare_430960fce8a916790fefe403df7ee672,430960fce8a916790fefe403df7ee672,0,/mnt/datadisk/./datasets/0/VirusShare_430960fce8a916790fefe403df7ee672,,
VirusShare_36e15f89697588c23b329af28c4bb372,36e15f89697588c23b329af28c4bb372,0,/mnt/datadisk/./datasets/0/VirusShare_36e15f89697588c23b329af28c4bb372,,
VirusShare_a8274851ca11c3e4179dd9622aca3d20,a8274851ca11c3e4179dd9622aca3d20,1,/mnt/datadisk/./datasets/1/VirusShare_a8274851ca11c3e4179dd9622aca3d20,,
VirusShare_087f267a177c35b5d313efa4b9013c14,087f267a177c35b5d313efa4b9013c14,0,/mnt/datadisk/./datasets/0/VirusShare_087f267a177c35b5d313efa4b9013c14,,
VirusShare_aec6fbe5027889e216171016db8741c8,aec6fbe5027889e216171016db8741c8,0,/mnt/datadisk/./datasets/0/VirusShare_aec6fbe5027889e216171016db8741c8,,
VirusShare_1005679e66997f6a9de0dc8518603d86,1005679e66997f6a9de0dc8518603d86,0,/mnt/datadisk/./datasets/0/VirusShare_1005679e66997f6a9de0dc8518603d86,,
VirusShare_297f89bc44e6a91534540275d0898b16,297f89bc44e6a91534540275d0898b16,1,/mnt/datadisk/./datasets/1/VirusShare_297f89bc44e6a91534540275d0898b16,,
VirusShare_b4352182552e1aa6b5705990804ca83a,b4352182552e1aa6b5705990804ca83a,0,/mnt/datadisk/./datasets/0/VirusShare_b4352182552e1aa6b5705990804ca83a,,
VirusShare_55bb235bdbee8158ef54939e2baba45a,55bb235bdbee8158ef54939e2baba45a,0,/mnt/datadisk/./datasets/0/VirusShare_55bb235bdbee8158ef54939e2baba45a,,
VirusShare_c38829a17d5f3b30a689c6da7ee82c70,c38829a17d5f3b30a689c6da7ee82c70,0,/mnt/datadisk/./datasets/0/VirusShare_c38829a17d5f3b30a689c6da7ee82c70,,
VirusShare_341d536d9d8f008a715f66b315a95e5f,341d536d9d8f008a715f66b315a95e5f,1,/mnt/datadisk/./datasets/1/VirusShare_341d536d9d8f008a715f66b315a95e5f,,
VirusShare_c3254c2ac031f0123b989941d4aef4c2,c3254c2ac031f0123b989941d4aef4c2,1,/mnt/datadisk/./datasets/1/VirusShare_c3254c2ac031f0123b989941d4aef4c2,,
VirusShare_e4761a2c99d380ba28e16b51a92aefa1,e4761a2c99d380ba28e16b51a92aefa1,0,/mnt/datadisk/./datasets/0/VirusShare_e4761a2c99d380ba28e16b51a92aefa1,,
VirusShare_3be0926e2ffc6ece7da8dd4d9690cdc6,3be0926e2ffc6ece7da8dd4d9690cdc6,1,/mnt/datadisk/./datasets/1/VirusShare_3be0926e2ffc6ece7da8dd4d9690cdc6,,
VirusShare_7d3a3b5bcf63f287118153ef2be55960,7d3a3b5bcf63f287118153ef2be55960,0,/mnt/datadisk/./datasets/0/VirusShare_7d3a3b5bcf63f287118153ef2be55960,,
VirusShare_44ae1af2c4df61da599164666b32a0e9,44ae1af2c4df61da599164666b32a0e9,0,/mnt/datadisk/./datasets/0/VirusShare_44ae1af2c4df61da599164666b32a0e9,,
VirusShare_f00b6ddc449054b9174e4f56016599a9,f00b6ddc449054b9174e4f56016599a9,1,/mnt/datadisk/./datasets/1/VirusShare_f00b6ddc449054b9174e4f56016599a9,,
VirusShare_fbd1a80389d206f33ade62eed461a83c,fbd1a80389d206f33ade62eed461a83c,0,/mnt/datadisk/./datasets/0/VirusShare_fbd1a80389d206f33ade62eed461a83c,,
VirusShare_4db37eea55319db3b067e896e8d20574,4db37eea55319db3b067e896e8d20574,1,/mnt/datadisk/./datasets/1/VirusShare_4db37eea55319db3b067e896e8d20574,,
VirusShare_db27c3774d8acd9ee962457c5937a51d,db27c3774d8acd9ee962457c5937a51d,1,/mnt/datadisk/./datasets/1/VirusShare_db27c3774d8acd9ee962457c5937a51d,,
VirusShare_9643b905d0364668a6ad0d409f6806be,9643b905d0364668a6ad0d409f6806be,0,/mnt/datadisk/./datasets/0/VirusShare_9643b905d0364668a6ad0d409f6806be,,
VirusShare_4a9cf6d94bdbb5cc8a9aa649d881aa3f,4a9cf6d94bdbb5cc8a9aa649d881aa3f,0,/mnt/datadisk/./datasets/0/VirusShare_4a9cf6d94bdbb5cc8a9aa649d881aa3f,,
VirusShare_58ad72cd16dff858bdde5e7e9dc91386,58ad72cd16dff858bdde5e7e9dc91386,1,/mnt/datadisk/./datasets/1/VirusShare_58ad72cd16dff858bdde5e7e9dc91386,,
VirusShare_913f7f340a65cc33bca1874d3225442d,913f7f340a65cc33bca1874d3225442d,0,/mnt/datadisk/./datasets/0/VirusShare_913f7f340a65cc33bca1874d3225442d,,
VirusShare_c32de2d78bb739833ebcb957a1cfd896,c32de2d78bb739833ebcb957a1cfd896,1,/mnt/datadisk/./datasets/1/VirusShare_c32de2d78bb739833ebcb957a1cfd896,,
VirusShare_0a1ce4abd5248bfe3281930625ac7bd7,0a1ce4abd5248bfe3281930625ac7bd7,0,/mnt/datadisk/./datasets/0/VirusShare_0a1ce4abd5248bfe3281930625ac7bd7,,
VirusShare_4f61c23cd1d2ac20b28846f15005c206,4f61c23cd1d2ac20b28846f15005c206,1,/mnt/datadisk/./datasets/1/VirusShare_4f61c23cd1d2ac20b28846f15005c206,,
VirusShare_e7671ddca513dcc92a62fda6e20f787d,e7671ddca513dcc92a62fda6e20f787d,0,/mnt/datadisk/./datasets/0/VirusShare_e7671ddca513dcc92a62fda6e20f787d,,
VirusShare_8c7d7776e8fee811212b637d659ad2be,8c7d7776e8fee811212b637d659ad2be,0,/mnt/datadisk/./datasets/0/VirusShare_8c7d7776e8fee811212b637d659ad2be,,
VirusShare_a5b44f3f1f7af65d09f3a6c0be6878bb,a5b44f3f1f7af65d09f3a6c0be6878bb,0,/mnt/datadisk/./datasets/0/VirusShare_a5b44f3f1f7af65d09f3a6c0be6878bb,,
VirusShare_fae2663cf3e78105086f8d38fc05116f,fae2663cf3e78105086f8d38fc05116f,0,/mnt/datadisk/./datasets/0/VirusShare_fae2663cf3e78105086f8d38fc05116f,,
VirusShare_eb2d86ee887397c8c2598b7db28af513,eb2d86ee887397c8c2598b7db28af513,0,/mnt/datadisk/./datasets/0/VirusShare_eb2d86ee887397c8c2598b7db28af513,,
VirusShare_8e7a5ea6b6546ff72cde8a8c50856086,8e7a5ea6b6546ff72cde8a8c50856086,0,/mnt/datadisk/./datasets/0/VirusShare_8e7a5ea6b6546ff72cde8a8c50856086,,
VirusShare_e20ef2e85a9a75fca0fe85bc398879b2,e20ef2e85a9a75fca0fe85bc398879b2,0,/mnt/datadisk/./datasets/0/VirusShare_e20ef2e85a9a75fca0fe85bc398879b2,,
VirusShare_20c0b0b68c467a9c6176e75bbfbcab96,20c0b0b68c467a9c6176e75bbfbcab96,1,/mnt/datadisk/./datasets/1/VirusShare_20c0b0b68c467a9c6176e75bbfbcab96,,
VirusShare_0d4312fb63dacaa69b4dff0192916fd7,0d4312fb63dacaa69b4dff0192916fd7,0,/mnt/datadisk/./datasets/0/VirusShare_0d4312fb63dacaa69b4dff0192916fd7,,
VirusShare_605dd65a648247b83a5111d92a4980f6,605dd65a648247b83a5111d92a4980f6,0,/mnt/datadisk/./datasets/0/VirusShare_605dd65a648247b83a5111d92a4980f6,,
VirusShare_071a0c8a104a1fd40c3399455b90b7f8,071a0c8a104a1fd40c3399455b90b7f8,0,/mnt/datadisk/./datasets/0/VirusShare_071a0c8a104a1fd40c3399455b90b7f8,,
VirusShare_4d1bfcbfc08eb1e7455012ea7b29aab1,4d1bfcbfc08eb1e7455012ea7b29aab1,0,/mnt/datadisk/./datasets/0/VirusShare_4d1bfcbfc08eb1e7455012ea7b29aab1,,
VirusShare_815fa35c54e682f00fe8ef7ff337bfa9,815fa35c54e682f00fe8ef7ff337bfa9,0,/mnt/datadisk/./datasets/0/VirusShare_815fa35c54e682f00fe8ef7ff337bfa9,,
VirusShare_d094cc9ff4764708560367fa65d976a4,d094cc9ff4764708560367fa65d976a4,0,/mnt/datadisk/./datasets/0/VirusShare_d094cc9ff4764708560367fa65d976a4,,
VirusShare_168a992ff6a66219eed18d9ca96e2766,168a992ff6a66219eed18d9ca96e2766,1,/mnt/datadisk/./datasets/1/VirusShare_168a992ff6a66219eed18d9ca96e2766,,
VirusShare_88524a22bef73a8a41aa2a3f47bd1ef4,88524a22bef73a8a41aa2a3f47bd1ef4,0,/mnt/datadisk/./datasets/0/VirusShare_88524a22bef73a8a41aa2a3f47bd1ef4,,
VirusShare_ae9644c05abcbe54be803ddd7c5b2cd3,ae9644c05abcbe54be803ddd7c5b2cd3,1,/mnt/datadisk/./datasets/1/VirusShare_ae9644c05abcbe54be803ddd7c5b2cd3,,
VirusShare_830f248c4e2911ac84c45730167fc12d,830f248c4e2911ac84c45730167fc12d,0,/mnt/datadisk/./datasets/0/VirusShare_830f248c4e2911ac84c45730167fc12d,,
VirusShare_8cf710f29b4d252820535a7c99182e10,8cf710f29b4d252820535a7c99182e10,1,/mnt/datadisk/./datasets/1/VirusShare_8cf710f29b4d252820535a7c99182e10,,
VirusShare_7f3acf7755e6f0c0316eefa875c09fa2,7f3acf7755e6f0c0316eefa875c09fa2,1,/mnt/datadisk/./datasets/1/VirusShare_7f3acf7755e6f0c0316eefa875c09fa2,,
VirusShare_b938869c951f96b57e982bf62d88dbe9,b938869c951f96b57e982bf62d88dbe9,0,/mnt/datadisk/./datasets/0/VirusShare_b938869c951f96b57e982bf62d88dbe9,,
VirusShare_fb010f95e7a07ad76a2c0f2ea7c39f4b,fb010f95e7a07ad76a2c0f2ea7c39f4b,1,/mnt/datadisk/./datasets/1/VirusShare_fb010f95e7a07ad76a2c0f2ea7c39f4b,,
VirusShare_f4a3ebfef61f82c0def68d76fdf0c5d5,f4a3ebfef61f82c0def68d76fdf0c5d5,1,/mnt/datadisk/./datasets/1/VirusShare_f4a3ebfef61f82c0def68d76fdf0c5d5,,
VirusShare_a04ab7dcdd78252f331789604acef833,a04ab7dcdd78252f331789604acef833,0,/mnt/datadisk/./datasets/0/VirusShare_a04ab7dcdd78252f331789604acef833,,
VirusShare_c7f417385ad0909471abb17da32f75e9,c7f417385ad0909471abb17da32f75e9,0,/mnt/datadisk/./datasets/0/VirusShare_c7f417385ad0909471abb17da32f75e9,,
VirusShare_3b6d149f30ffa3cbd29dde481d4f05b0,3b6d149f30ffa3cbd29dde481d4f05b0,0,/mnt/datadisk/./datasets/0/VirusShare_3b6d149f30ffa3cbd29dde481d4f05b0,,
VirusShare_acc4073919ccf1e57b495cd6aec95d0c,acc4073919ccf1e57b495cd6aec95d0c,1,/mnt/datadisk/./datasets/1/VirusShare_acc4073919ccf1e57b495cd6aec95d0c,,
VirusShare_443a060acc074a7f961f7cb83367eb74,443a060acc074a7f961f7cb83367eb74,0,/mnt/datadisk/./datasets/0/VirusShare_443a060acc074a7f961f7cb83367eb74,,
VirusShare_3c0e8cd9286280212c671905f8423eeb,3c0e8cd9286280212c671905f8423eeb,0,/mnt/datadisk/./datasets/0/VirusShare_3c0e8cd9286280212c671905f8423eeb,,
VirusShare_7af2b90e87d5cbabae089884dd58360f,7af2b90e87d5cbabae089884dd58360f,0,/mnt/datadisk/./datasets/0/VirusShare_7af2b90e87d5cbabae089884dd58360f,,
VirusShare_652af06296bd490fd190cad77526598b,652af06296bd490fd190cad77526598b,0,/mnt/datadisk/./datasets/0/VirusShare_652af06296bd490fd190cad77526598b,,
VirusShare_1a8c4be44822d9d746104ee2055b4e32,1a8c4be44822d9d746104ee2055b4e32,1,/mnt/datadisk/./datasets/1/VirusShare_1a8c4be44822d9d746104ee2055b4e32,,
VirusShare_bc5d6a11544965b635dfa2a792f4c06f,bc5d6a11544965b635dfa2a792f4c06f,0,/mnt/datadisk/./datasets/0/VirusShare_bc5d6a11544965b635dfa2a792f4c06f,,
VirusShare_8fbe2b2b1e9e329628cffd7d1147f443,8fbe2b2b1e9e329628cffd7d1147f443,0,/mnt/datadisk/./datasets/0/VirusShare_8fbe2b2b1e9e329628cffd7d1147f443,,
VirusShare_d8657f66cdd1a022abc63effbc25d6df,d8657f66cdd1a022abc63effbc25d6df,0,/mnt/datadisk/./datasets/0/VirusShare_d8657f66cdd1a022abc63effbc25d6df,,
VirusShare_f23f09ee1eb7eca91a0d1c7a35fa7728,f23f09ee1eb7eca91a0d1c7a35fa7728,1,/mnt/datadisk/./datasets/1/VirusShare_f23f09ee1eb7eca91a0d1c7a35fa7728,,
VirusShare_89037ee651694417aa95e14020283b8b,89037ee651694417aa95e14020283b8b,1,/mnt/datadisk/./datasets/1/VirusShare_89037ee651694417aa95e14020283b8b,,
VirusShare_d10d6c411a2a0521f7fd18f308f9c77b,d10d6c411a2a0521f7fd18f308f9c77b,0,/mnt/datadisk/./datasets/0/VirusShare_d10d6c411a2a0521f7fd18f308f9c77b,,
VirusShare_66fb288e71fa3fbcd2b49d292f1938f6,66fb288e71fa3fbcd2b49d292f1938f6,1,/mnt/datadisk/./datasets/1/VirusShare_66fb288e71fa3fbcd2b49d292f1938f6,,
VirusShare_76563258085ed5f1878d7f6e08cc3411,76563258085ed5f1878d7f6e08cc3411,0,/mnt/datadisk/./datasets/0/VirusShare_76563258085ed5f1878d7f6e08cc3411,,
VirusShare_0fe65d945d9f773bec35a27ce6999a3f,0fe65d945d9f773bec35a27ce6999a3f,1,/mnt/datadisk/./datasets/1/VirusShare_0fe65d945d9f773bec35a27ce6999a3f,,
VirusShare_d0c74732c04a70bad584570518e22ee0,d0c74732c04a70bad584570518e22ee0,1,/mnt/datadisk/./datasets/1/VirusShare_d0c74732c04a70bad584570518e22ee0,,
VirusShare_fa6ed52964c5352814f9aaa81ba20409,fa6ed52964c5352814f9aaa81ba20409,0,/mnt/datadisk/./datasets/0/VirusShare_fa6ed52964c5352814f9aaa81ba20409,,
VirusShare_d7ef7e58f57b82904172a6807a077f2a,d7ef7e58f57b82904172a6807a077f2a,0,/mnt/datadisk/./datasets/0/VirusShare_d7ef7e58f57b82904172a6807a077f2a,,
VirusShare_ff0ccab526f1001237cbde9470f4ba8f,ff0ccab526f1001237cbde9470f4ba8f,1,/mnt/datadisk/./datasets/1/VirusShare_ff0ccab526f1001237cbde9470f4ba8f,,
VirusShare_eb76a242bfedd911d52a70bbc0110ddc,eb76a242bfedd911d52a70bbc0110ddc,1,/mnt/datadisk/./datasets/1/VirusShare_eb76a242bfedd911d52a70bbc0110ddc,,
VirusShare_1fa1dc192c4c5f4ea1f7bb17dc918dca,1fa1dc192c4c5f4ea1f7bb17dc918dca,0,/mnt/datadisk/./datasets/0/VirusShare_1fa1dc192c4c5f4ea1f7bb17dc918dca,,
VirusShare_ad5dda23f2ab1346a9ec664036500517,ad5dda23f2ab1346a9ec664036500517,1,/mnt/datadisk/./datasets/1/VirusShare_ad5dda23f2ab1346a9ec664036500517,,
VirusShare_e2f9c340a4e923397a4d38d37aad24aa,e2f9c340a4e923397a4d38d37aad24aa,1,/mnt/datadisk/./datasets/1/VirusShare_e2f9c340a4e923397a4d38d37aad24aa,,
VirusShare_cb039beb4722d391d4fec45f4caa9e4a,cb039beb4722d391d4fec45f4caa9e4a,0,/mnt/datadisk/./datasets/0/VirusShare_cb039beb4722d391d4fec45f4caa9e4a,,
VirusShare_711b6ccd3d50d784474ea602706ead97,711b6ccd3d50d784474ea602706ead97,0,/mnt/datadisk/./datasets/0/VirusShare_711b6ccd3d50d784474ea602706ead97,,
VirusShare_297ff00d0c8b87819a613d8c457233b9,297ff00d0c8b87819a613d8c457233b9,0,/mnt/datadisk/./datasets/0/VirusShare_297ff00d0c8b87819a613d8c457233b9,,
VirusShare_1fb84568e902ede396b5eb8aa87d9aef,1fb84568e902ede396b5eb8aa87d9aef,0,/mnt/datadisk/./datasets/0/VirusShare_1fb84568e902ede396b5eb8aa87d9aef,,
VirusShare_1e4518637a34c4eba8197bc186f91abd,1e4518637a34c4eba8197bc186f91abd,0,/mnt/datadisk/./datasets/0/VirusShare_1e4518637a34c4eba8197bc186f91abd,,
VirusShare_16f655b8947f212cf7ecd9735475c0c5,16f655b8947f212cf7ecd9735475c0c5,0,/mnt/datadisk/./datasets/0/VirusShare_16f655b8947f212cf7ecd9735475c0c5,,
VirusShare_2377a153c70421b4e2669e52693e680d,2377a153c70421b4e2669e52693e680d,1,/mnt/datadisk/./datasets/1/VirusShare_2377a153c70421b4e2669e52693e680d,,
VirusShare_575cddd17ff8d7127e66797e14b82213,575cddd17ff8d7127e66797e14b82213,1,/mnt/datadisk/./datasets/1/VirusShare_575cddd17ff8d7127e66797e14b82213,,
VirusShare_bf9277e22e6f6147c2e178332d1e5f73,bf9277e22e6f6147c2e178332d1e5f73,0,/mnt/datadisk/./datasets/0/VirusShare_bf9277e22e6f6147c2e178332d1e5f73,,
VirusShare_e732b38f440c765accca1cf9e2537a75,e732b38f440c765accca1cf9e2537a75,0,/mnt/datadisk/./datasets/0/VirusShare_e732b38f440c765accca1cf9e2537a75,,
VirusShare_a4f502db9a22b1b9730df102e8870bae,a4f502db9a22b1b9730df102e8870bae,0,/mnt/datadisk/./datasets/0/VirusShare_a4f502db9a22b1b9730df102e8870bae,,
VirusShare_c0279981e8b5f65cd0b16eabe84e8623,c0279981e8b5f65cd0b16eabe84e8623,0,/mnt/datadisk/./datasets/0/VirusShare_c0279981e8b5f65cd0b16eabe84e8623,,
VirusShare_7c7e2023495a1e048b51aeaa79258971,7c7e2023495a1e048b51aeaa79258971,0,/mnt/datadisk/./datasets/0/VirusShare_7c7e2023495a1e048b51aeaa79258971,,
VirusShare_91384a8ee9c124562f7b973d0dbff6fe,91384a8ee9c124562f7b973d0dbff6fe,0,/mnt/datadisk/./datasets/0/VirusShare_91384a8ee9c124562f7b973d0dbff6fe,,
VirusShare_595ce6dc118e6774a438b437f1a2b79e,595ce6dc118e6774a438b437f1a2b79e,0,/mnt/datadisk/./datasets/0/VirusShare_595ce6dc118e6774a438b437f1a2b79e,,
VirusShare_de39db8fcfca3ead9f88cdb62ead188c,de39db8fcfca3ead9f88cdb62ead188c,1,/mnt/datadisk/./datasets/1/VirusShare_de39db8fcfca3ead9f88cdb62ead188c,,
VirusShare_39bf3f80d7d685682c39e94c4b41518a,39bf3f80d7d685682c39e94c4b41518a,0,/mnt/datadisk/./datasets/0/VirusShare_39bf3f80d7d685682c39e94c4b41518a,,
VirusShare_e426a950df3aaa96141bbb3423939d93,e426a950df3aaa96141bbb3423939d93,0,/mnt/datadisk/./datasets/0/VirusShare_e426a950df3aaa96141bbb3423939d93,,
VirusShare_3092c44ccaffce9dbeaece81223a9425,3092c44ccaffce9dbeaece81223a9425,1,/mnt/datadisk/./datasets/1/VirusShare_3092c44ccaffce9dbeaece81223a9425,,
VirusShare_4b40bee59f177b1047f26c9f9e2f4eda,4b40bee59f177b1047f26c9f9e2f4eda,0,/mnt/datadisk/./datasets/0/VirusShare_4b40bee59f177b1047f26c9f9e2f4eda,,
VirusShare_3ed811ed39430151abef02c0c28f4879,3ed811ed39430151abef02c0c28f4879,1,/mnt/datadisk/./datasets/1/VirusShare_3ed811ed39430151abef02c0c28f4879,,
VirusShare_3affebd34e53d5c2292bac785b2d9d26,3affebd34e53d5c2292bac785b2d9d26,0,/mnt/datadisk/./datasets/0/VirusShare_3affebd34e53d5c2292bac785b2d9d26,,
VirusShare_f8e0f5df70f28932b15b2824f64aa68f,f8e0f5df70f28932b15b2824f64aa68f,0,/mnt/datadisk/./datasets/0/VirusShare_f8e0f5df70f28932b15b2824f64aa68f,,
VirusShare_f14ee88f101c3a229ec34de4711d5eb7,f14ee88f101c3a229ec34de4711d5eb7,0,/mnt/datadisk/./datasets/0/VirusShare_f14ee88f101c3a229ec34de4711d5eb7,,
VirusShare_c1dcdb247552f7b173bcd80fedb6f7d7,c1dcdb247552f7b173bcd80fedb6f7d7,1,/mnt/datadisk/./datasets/1/VirusShare_c1dcdb247552f7b173bcd80fedb6f7d7,,
VirusShare_c978f8906df71c18f64ba8172e120f0b,c978f8906df71c18f64ba8172e120f0b,0,/mnt/datadisk/./datasets/0/VirusShare_c978f8906df71c18f64ba8172e120f0b,,
VirusShare_e78004c0a0037c43c5b75ef5a9fa9c14,e78004c0a0037c43c5b75ef5a9fa9c14,0,/mnt/datadisk/./datasets/0/VirusShare_e78004c0a0037c43c5b75ef5a9fa9c14,,
VirusShare_a6659ad22401bf2dd4d29456bb3b6c28,a6659ad22401bf2dd4d29456bb3b6c28,1,/mnt/datadisk/./datasets/1/VirusShare_a6659ad22401bf2dd4d29456bb3b6c28,,
VirusShare_09f2a9654edda85f79008b81db837ac9,09f2a9654edda85f79008b81db837ac9,0,/mnt/datadisk/./datasets/0/VirusShare_09f2a9654edda85f79008b81db837ac9,,
VirusShare_958e6b8ee9e8b4b1a4e9c3f5bc25a94b,958e6b8ee9e8b4b1a4e9c3f5bc25a94b,0,/mnt/datadisk/./datasets/0/VirusShare_958e6b8ee9e8b4b1a4e9c3f5bc25a94b,,
VirusShare_d159a44fb5126c6b9ed7d5bf9dd38cda,d159a44fb5126c6b9ed7d5bf9dd38cda,1,/mnt/datadisk/./datasets/1/VirusShare_d159a44fb5126c6b9ed7d5bf9dd38cda,,
VirusShare_0690347a11c9113eec4d7cf87eb9105d,0690347a11c9113eec4d7cf87eb9105d,0,/mnt/datadisk/./datasets/0/VirusShare_0690347a11c9113eec4d7cf87eb9105d,,
VirusShare_e405d5b86872319f78629223568e2210,e405d5b86872319f78629223568e2210,1,/mnt/datadisk/./datasets/1/VirusShare_e405d5b86872319f78629223568e2210,,
VirusShare_bba9390227c54a3a311a2db4632457d6,bba9390227c54a3a311a2db4632457d6,1,/mnt/datadisk/./datasets/1/VirusShare_bba9390227c54a3a311a2db4632457d6,,
VirusShare_53cae10ecfe331a3a401280a7596749f,53cae10ecfe331a3a401280a7596749f,0,/mnt/datadisk/./datasets/0/VirusShare_53cae10ecfe331a3a401280a7596749f,,
VirusShare_ec5aaa96057f3b42b45b0561ee6b8599,ec5aaa96057f3b42b45b0561ee6b8599,0,/mnt/datadisk/./datasets/0/VirusShare_ec5aaa96057f3b42b45b0561ee6b8599,,
VirusShare_00344df967b5b6d9b80442386beae157,00344df967b5b6d9b80442386beae157,0,/mnt/datadisk/./datasets/0/VirusShare_00344df967b5b6d9b80442386beae157,,
VirusShare_6cc03df367f70062885ac734a9458f77,6cc03df367f70062885ac734a9458f77,0,/mnt/datadisk/./datasets/0/VirusShare_6cc03df367f70062885ac734a9458f77,,
VirusShare_fec98218ca0fa01f911caca1d757526a,fec98218ca0fa01f911caca1d757526a,0,/mnt/datadisk/./datasets/0/VirusShare_fec98218ca0fa01f911caca1d757526a,,
VirusShare_679b38d3297913cec51412919546f0fc,679b38d3297913cec51412919546f0fc,1,/mnt/datadisk/./datasets/1/VirusShare_679b38d3297913cec51412919546f0fc,,
VirusShare_97c747c8b1789502767ab6f84875a543,97c747c8b1789502767ab6f84875a543,0,/mnt/datadisk/./datasets/0/VirusShare_97c747c8b1789502767ab6f84875a543,,
VirusShare_c09782ce7aafea08d488b9f3a0087302,c09782ce7aafea08d488b9f3a0087302,1,/mnt/datadisk/./datasets/1/VirusShare_c09782ce7aafea08d488b9f3a0087302,,
VirusShare_97c12d5c50117fd2dd0bf2714389f894,97c12d5c50117fd2dd0bf2714389f894,0,/mnt/datadisk/./datasets/0/VirusShare_97c12d5c50117fd2dd0bf2714389f894,,
VirusShare_b70dbe5eb2cbd1f32c1b235c4735fcbb,b70dbe5eb2cbd1f32c1b235c4735fcbb,0,/mnt/datadisk/./datasets/0/VirusShare_b70dbe5eb2cbd1f32c1b235c4735fcbb,,
VirusShare_bd626f3cab53a5d02afdc0f32b15ccfd,bd626f3cab53a5d02afdc0f32b15ccfd,0,/mnt/datadisk/./datasets/0/VirusShare_bd626f3cab53a5d02afdc0f32b15ccfd,,
VirusShare_b56017fbb664b2288c6d38ae3b8eb287,b56017fbb664b2288c6d38ae3b8eb287,0,/mnt/datadisk/./datasets/0/VirusShare_b56017fbb664b2288c6d38ae3b8eb287,,
VirusShare_7eb56e763cb1d480570660e8921d1fac,7eb56e763cb1d480570660e8921d1fac,1,/mnt/datadisk/./datasets/1/VirusShare_7eb56e763cb1d480570660e8921d1fac,,
VirusShare_a91ecd4b4c8742a87b6535a23a6188cc,a91ecd4b4c8742a87b6535a23a6188cc,0,/mnt/datadisk/./datasets/0/VirusShare_a91ecd4b4c8742a87b6535a23a6188cc,,
VirusShare_7e794389acf6c001285da96bdcc07f1e,7e794389acf6c001285da96bdcc07f1e,0,/mnt/datadisk/./datasets/0/VirusShare_7e794389acf6c001285da96bdcc07f1e,,
VirusShare_205557825691a18de07dd03763714cac,205557825691a18de07dd03763714cac,0,/mnt/datadisk/./datasets/0/VirusShare_205557825691a18de07dd03763714cac,,
VirusShare_dab591b21cb5c11d6b25ec98c6a44271,dab591b21cb5c11d6b25ec98c6a44271,0,/mnt/datadisk/./datasets/0/VirusShare_dab591b21cb5c11d6b25ec98c6a44271,,
VirusShare_f140ea58fc0da4ef9c22f9ed5c83c855,f140ea58fc0da4ef9c22f9ed5c83c855,0,/mnt/datadisk/./datasets/0/VirusShare_f140ea58fc0da4ef9c22f9ed5c83c855,,
VirusShare_234a9557e370d3d750070b64808b0426,234a9557e370d3d750070b64808b0426,0,/mnt/datadisk/./datasets/0/VirusShare_234a9557e370d3d750070b64808b0426,,
VirusShare_cf6d076bec484f4e62a35705514adcc1,cf6d076bec484f4e62a35705514adcc1,0,/mnt/datadisk/./datasets/0/VirusShare_cf6d076bec484f4e62a35705514adcc1,,
VirusShare_b95e233a715efe68a8a7ac7e39538429,b95e233a715efe68a8a7ac7e39538429,0,/mnt/datadisk/./datasets/0/VirusShare_b95e233a715efe68a8a7ac7e39538429,,
VirusShare_15f80222631fc892f5b99ea1ddd4dfca,15f80222631fc892f5b99ea1ddd4dfca,1,/mnt/datadisk/./datasets/1/VirusShare_15f80222631fc892f5b99ea1ddd4dfca,,
VirusShare_9a0b8e2a0007ed6c0d0949f8b7795444,9a0b8e2a0007ed6c0d0949f8b7795444,0,/mnt/datadisk/./datasets/0/VirusShare_9a0b8e2a0007ed6c0d0949f8b7795444,,
VirusShare_aea841182eff933a68d9b813300d29e8,aea841182eff933a68d9b813300d29e8,1,/mnt/datadisk/./datasets/1/VirusShare_aea841182eff933a68d9b813300d29e8,,
VirusShare_098f5c7f8982ba2762a19b1ba50ce010,098f5c7f8982ba2762a19b1ba50ce010,1,/mnt/datadisk/./datasets/1/VirusShare_098f5c7f8982ba2762a19b1ba50ce010,,
VirusShare_49e247cf7002068e1ace5d2c6760fa86,49e247cf7002068e1ace5d2c6760fa86,1,/mnt/datadisk/./datasets/1/VirusShare_49e247cf7002068e1ace5d2c6760fa86,,
VirusShare_edf94199fa1697dacb362b28ebf5970a,edf94199fa1697dacb362b28ebf5970a,0,/mnt/datadisk/./datasets/0/VirusShare_edf94199fa1697dacb362b28ebf5970a,,
VirusShare_55c231eefb9645131d3aa4b1abe0dc65,55c231eefb9645131d3aa4b1abe0dc65,0,/mnt/datadisk/./datasets/0/VirusShare_55c231eefb9645131d3aa4b1abe0dc65,,
VirusShare_f6f66bbd3c810dadb89c5418f15394ee,f6f66bbd3c810dadb89c5418f15394ee,0,/mnt/datadisk/./datasets/0/VirusShare_f6f66bbd3c810dadb89c5418f15394ee,,
VirusShare_71a6e1c06bce830e2d47ebf05827bfbf,71a6e1c06bce830e2d47ebf05827bfbf,0,/mnt/datadisk/./datasets/0/VirusShare_71a6e1c06bce830e2d47ebf05827bfbf,,
VirusShare_8eee083bed7c1c9825d14158a23c31f1,8eee083bed7c1c9825d14158a23c31f1,1,/mnt/datadisk/./datasets/1/VirusShare_8eee083bed7c1c9825d14158a23c31f1,,
VirusShare_b34ea6361ebeb1a3a4889f570eb3de6e,b34ea6361ebeb1a3a4889f570eb3de6e,0,/mnt/datadisk/./datasets/0/VirusShare_b34ea6361ebeb1a3a4889f570eb3de6e,,
VirusShare_2996571c03079f889749071b5e92b825,2996571c03079f889749071b5e92b825,1,/mnt/datadisk/./datasets/1/VirusShare_2996571c03079f889749071b5e92b825,,
VirusShare_59fb7442592a9c032fbabad5a797fbde,59fb7442592a9c032fbabad5a797fbde,1,/mnt/datadisk/./datasets/1/VirusShare_59fb7442592a9c032fbabad5a797fbde,,
VirusShare_a2f9efcc0ea671b82a98b9a94dfb2e36,a2f9efcc0ea671b82a98b9a94dfb2e36,1,/mnt/datadisk/./datasets/1/VirusShare_a2f9efcc0ea671b82a98b9a94dfb2e36,,
VirusShare_9c5984ccb4783b5f7263eea825b8eb01,9c5984ccb4783b5f7263eea825b8eb01,0,/mnt/datadisk/./datasets/0/VirusShare_9c5984ccb4783b5f7263eea825b8eb01,,
VirusShare_7c1d1385f7bab26c1b045342a4ddf017,7c1d1385f7bab26c1b045342a4ddf017,1,/mnt/datadisk/./datasets/1/VirusShare_7c1d1385f7bab26c1b045342a4ddf017,,
VirusShare_c22b362dde33285891dc5ca39252724d,c22b362dde33285891dc5ca39252724d,0,/mnt/datadisk/./datasets/0/VirusShare_c22b362dde33285891dc5ca39252724d,,
VirusShare_bdfb50c4e35530e09a6c0f72b396076a,bdfb50c4e35530e09a6c0f72b396076a,1,/mnt/datadisk/./datasets/1/VirusShare_bdfb50c4e35530e09a6c0f72b396076a,,
VirusShare_5858c5acc08f88268910b3c8b3ea9c24,5858c5acc08f88268910b3c8b3ea9c24,0,/mnt/datadisk/./datasets/0/VirusShare_5858c5acc08f88268910b3c8b3ea9c24,,
VirusShare_ccfb8ebbb0771762e7ec6de139305650,ccfb8ebbb0771762e7ec6de139305650,0,/mnt/datadisk/./datasets/0/VirusShare_ccfb8ebbb0771762e7ec6de139305650,,
VirusShare_1c02d57a2d57ed0a520cb115a4084919,1c02d57a2d57ed0a520cb115a4084919,0,/mnt/datadisk/./datasets/0/VirusShare_1c02d57a2d57ed0a520cb115a4084919,,
VirusShare_0135320cdf1f5087210ad9a41cb53502,0135320cdf1f5087210ad9a41cb53502,0,/mnt/datadisk/./datasets/0/VirusShare_0135320cdf1f5087210ad9a41cb53502,,
VirusShare_feb61f8734a6326d9e906ba63cf73903,feb61f8734a6326d9e906ba63cf73903,0,/mnt/datadisk/./datasets/0/VirusShare_feb61f8734a6326d9e906ba63cf73903,,
VirusShare_7febf1709d5ff5ad05a7cb870b507aea,7febf1709d5ff5ad05a7cb870b507aea,1,/mnt/datadisk/./datasets/1/VirusShare_7febf1709d5ff5ad05a7cb870b507aea,,
VirusShare_49549a9bf186a3a4978d003f6cd128cd,49549a9bf186a3a4978d003f6cd128cd,0,/mnt/datadisk/./datasets/0/VirusShare_49549a9bf186a3a4978d003f6cd128cd,,
VirusShare_f5f86d5aa3ad55c1edc1f7b2d69a0834,f5f86d5aa3ad55c1edc1f7b2d69a0834,0,/mnt/datadisk/./datasets/0/VirusShare_f5f86d5aa3ad55c1edc1f7b2d69a0834,,
VirusShare_c0ab025894b9cd53405f87ebd81ff670,c0ab025894b9cd53405f87ebd81ff670,1,/mnt/datadisk/./datasets/1/VirusShare_c0ab025894b9cd53405f87ebd81ff670,,
VirusShare_68dfd3a73772b942e725ab981a3c7c77,68dfd3a73772b942e725ab981a3c7c77,0,/mnt/datadisk/./datasets/0/VirusShare_68dfd3a73772b942e725ab981a3c7c77,,
VirusShare_a590b7e0909cb99628569da0d7c27b70,a590b7e0909cb99628569da0d7c27b70,0,/mnt/datadisk/./datasets/0/VirusShare_a590b7e0909cb99628569da0d7c27b70,,
VirusShare_f990e61f27aa6b6f21e22ec66da256bc,f990e61f27aa6b6f21e22ec66da256bc,0,/mnt/datadisk/./datasets/0/VirusShare_f990e61f27aa6b6f21e22ec66da256bc,,
VirusShare_da492114e30dd875d2d319ac98ad952b,da492114e30dd875d2d319ac98ad952b,1,/mnt/datadisk/./datasets/1/VirusShare_da492114e30dd875d2d319ac98ad952b,,
VirusShare_5255eaef57984bf4968d31ae58ca7c87,5255eaef57984bf4968d31ae58ca7c87,0,/mnt/datadisk/./datasets/0/VirusShare_5255eaef57984bf4968d31ae58ca7c87,,
VirusShare_a80b23e800d53b2dc80512a1f62fd29a,a80b23e800d53b2dc80512a1f62fd29a,0,/mnt/datadisk/./datasets/0/VirusShare_a80b23e800d53b2dc80512a1f62fd29a,,
VirusShare_117dddfadbff3ee50277b2a022d44b2c,117dddfadbff3ee50277b2a022d44b2c,1,/mnt/datadisk/./datasets/1/VirusShare_117dddfadbff3ee50277b2a022d44b2c,,
VirusShare_95165a8680429d297eb04d142441c72f,95165a8680429d297eb04d142441c72f,0,/mnt/datadisk/./datasets/0/VirusShare_95165a8680429d297eb04d142441c72f,,
VirusShare_e199540169dbbbdcd69499e9d322c1f5,e199540169dbbbdcd69499e9d322c1f5,0,/mnt/datadisk/./datasets/0/VirusShare_e199540169dbbbdcd69499e9d322c1f5,,
VirusShare_ae0eabd615c9206efe6969e8eb683b09,ae0eabd615c9206efe6969e8eb683b09,0,/mnt/datadisk/./datasets/0/VirusShare_ae0eabd615c9206efe6969e8eb683b09,,
VirusShare_f161f59480660e16a704a4c7f693accf,f161f59480660e16a704a4c7f693accf,0,/mnt/datadisk/./datasets/0/VirusShare_f161f59480660e16a704a4c7f693accf,,
VirusShare_d710da2c72712a5234c12cbc19c9ce38,d710da2c72712a5234c12cbc19c9ce38,0,/mnt/datadisk/./datasets/0/VirusShare_d710da2c72712a5234c12cbc19c9ce38,,
VirusShare_e8da3d59a61ac5fe44fd9ccaacfd746c,e8da3d59a61ac5fe44fd9ccaacfd746c,1,/mnt/datadisk/./datasets/1/VirusShare_e8da3d59a61ac5fe44fd9ccaacfd746c,,
VirusShare_91742d89398198901ddb35b4211cb22a,91742d89398198901ddb35b4211cb22a,0,/mnt/datadisk/./datasets/0/VirusShare_91742d89398198901ddb35b4211cb22a,,
VirusShare_a9e7594ac339707e3e7792c8c359abb2,a9e7594ac339707e3e7792c8c359abb2,1,/mnt/datadisk/./datasets/1/VirusShare_a9e7594ac339707e3e7792c8c359abb2,,
VirusShare_2d49f478241841e4664c4c19c195b672,2d49f478241841e4664c4c19c195b672,0,/mnt/datadisk/./datasets/0/VirusShare_2d49f478241841e4664c4c19c195b672,,
VirusShare_713ac487d166eacb2c398af18ed92388,713ac487d166eacb2c398af18ed92388,1,/mnt/datadisk/./datasets/1/VirusShare_713ac487d166eacb2c398af18ed92388,,
VirusShare_13e8d870e7ed9c26e660a2bdc4ea886d,13e8d870e7ed9c26e660a2bdc4ea886d,0,/mnt/datadisk/./datasets/0/VirusShare_13e8d870e7ed9c26e660a2bdc4ea886d,,
VirusShare_f463a36e3f5ff1b3ccbfbf8af5fad2d4,f463a36e3f5ff1b3ccbfbf8af5fad2d4,0,/mnt/datadisk/./datasets/0/VirusShare_f463a36e3f5ff1b3ccbfbf8af5fad2d4,,
VirusShare_c783a622c87c24de90698c919f0f0495,c783a622c87c24de90698c919f0f0495,0,/mnt/datadisk/./datasets/0/VirusShare_c783a622c87c24de90698c919f0f0495,,
VirusShare_ef1659d3dbdf22273953e20281d00f33,ef1659d3dbdf22273953e20281d00f33,0,/mnt/datadisk/./datasets/0/VirusShare_ef1659d3dbdf22273953e20281d00f33,,
VirusShare_65fcceb4e24e9ae305b9015f4a8f04e5,65fcceb4e24e9ae305b9015f4a8f04e5,0,/mnt/datadisk/./datasets/0/VirusShare_65fcceb4e24e9ae305b9015f4a8f04e5,,
VirusShare_a0a25ce0db0b19ee82d023cba21d1388,a0a25ce0db0b19ee82d023cba21d1388,0,/mnt/datadisk/./datasets/0/VirusShare_a0a25ce0db0b19ee82d023cba21d1388,,
VirusShare_e3ad08131708e4f5fadeb1a65020f08e,e3ad08131708e4f5fadeb1a65020f08e,1,/mnt/datadisk/./datasets/1/VirusShare_e3ad08131708e4f5fadeb1a65020f08e,,
VirusShare_34979e8457d48de0e30f71e302919b87,34979e8457d48de0e30f71e302919b87,1,/mnt/datadisk/./datasets/1/VirusShare_34979e8457d48de0e30f71e302919b87,,
VirusShare_c50695cd0b5b19c0094567c7af09bc7b,c50695cd0b5b19c0094567c7af09bc7b,0,/mnt/datadisk/./datasets/0/VirusShare_c50695cd0b5b19c0094567c7af09bc7b,,
VirusShare_877b08d97290c2b472d83251177d512a,877b08d97290c2b472d83251177d512a,0,/mnt/datadisk/./datasets/0/VirusShare_877b08d97290c2b472d83251177d512a,,
VirusShare_c62938dadeb445188770934e57498d92,c62938dadeb445188770934e57498d92,0,/mnt/datadisk/./datasets/0/VirusShare_c62938dadeb445188770934e57498d92,,
VirusShare_c5e15dbba0882bc299b486c6f0b6f501,c5e15dbba0882bc299b486c6f0b6f501,0,/mnt/datadisk/./datasets/0/VirusShare_c5e15dbba0882bc299b486c6f0b6f501,,
VirusShare_83bb5711fb75c75d224e2ee50ea2bf3f,83bb5711fb75c75d224e2ee50ea2bf3f,0,/mnt/datadisk/./datasets/0/VirusShare_83bb5711fb75c75d224e2ee50ea2bf3f,,
VirusShare_fac3e073fb34df0ccbb48d099f4ebe94,fac3e073fb34df0ccbb48d099f4ebe94,0,/mnt/datadisk/./datasets/0/VirusShare_fac3e073fb34df0ccbb48d099f4ebe94,,
VirusShare_2bc40ac530c1de440dda01d9d03f11e7,2bc40ac530c1de440dda01d9d03f11e7,1,/mnt/datadisk/./datasets/1/VirusShare_2bc40ac530c1de440dda01d9d03f11e7,,
VirusShare_7bc69ced4862b389d464fd0c95c53bfa,7bc69ced4862b389d464fd0c95c53bfa,0,/mnt/datadisk/./datasets/0/VirusShare_7bc69ced4862b389d464fd0c95c53bfa,,
VirusShare_13452bf1f16addcead884614d0984c91,13452bf1f16addcead884614d0984c91,1,/mnt/datadisk/./datasets/1/VirusShare_13452bf1f16addcead884614d0984c91,,
VirusShare_9d1bff78c47909cf9d703a96f3a7ec0b,9d1bff78c47909cf9d703a96f3a7ec0b,0,/mnt/datadisk/./datasets/0/VirusShare_9d1bff78c47909cf9d703a96f3a7ec0b,,
VirusShare_58a60f4a066123416b75e690cf206a24,58a60f4a066123416b75e690cf206a24,0,/mnt/datadisk/./datasets/0/VirusShare_58a60f4a066123416b75e690cf206a24,,
VirusShare_f9c2ae6a0465a613aec254f8e0012bbd,f9c2ae6a0465a613aec254f8e0012bbd,0,/mnt/datadisk/./datasets/0/VirusShare_f9c2ae6a0465a613aec254f8e0012bbd,,
VirusShare_20e756b82c441d1a902c4e8ecb431939,20e756b82c441d1a902c4e8ecb431939,0,/mnt/datadisk/./datasets/0/VirusShare_20e756b82c441d1a902c4e8ecb431939,,
VirusShare_b7e3c3c9735d6ba37616d791171fe2db,b7e3c3c9735d6ba37616d791171fe2db,0,/mnt/datadisk/./datasets/0/VirusShare_b7e3c3c9735d6ba37616d791171fe2db,,
VirusShare_b08d36eed72bfcad7b40f4ff6be8d57e,b08d36eed72bfcad7b40f4ff6be8d57e,1,/mnt/datadisk/./datasets/1/VirusShare_b08d36eed72bfcad7b40f4ff6be8d57e,,
VirusShare_9ff9873ab1a33f982e4385a41edefd45,9ff9873ab1a33f982e4385a41edefd45,0,/mnt/datadisk/./datasets/0/VirusShare_9ff9873ab1a33f982e4385a41edefd45,,
VirusShare_e5399ed40f9428a0149b57d996a7b28c,e5399ed40f9428a0149b57d996a7b28c,1,/mnt/datadisk/./datasets/1/VirusShare_e5399ed40f9428a0149b57d996a7b28c,,
VirusShare_39a9aa4f64bddd7e8f968424bf2153e3,39a9aa4f64bddd7e8f968424bf2153e3,1,/mnt/datadisk/./datasets/1/VirusShare_39a9aa4f64bddd7e8f968424bf2153e3,,
VirusShare_15f1bb02ce136666cc8e01c262598d2b,15f1bb02ce136666cc8e01c262598d2b,1,/mnt/datadisk/./datasets/1/VirusShare_15f1bb02ce136666cc8e01c262598d2b,,
VirusShare_7b0c9f89e94b1795946cb3a4e788d046,7b0c9f89e94b1795946cb3a4e788d046,1,/mnt/datadisk/./datasets/1/VirusShare_7b0c9f89e94b1795946cb3a4e788d046,,
VirusShare_4a7b16799930386fb8126b2fc606a81b,4a7b16799930386fb8126b2fc606a81b,0,/mnt/datadisk/./datasets/0/VirusShare_4a7b16799930386fb8126b2fc606a81b,,
VirusShare_f6e00c3caddf32605d350bc4a2974a5b,f6e00c3caddf32605d350bc4a2974a5b,0,/mnt/datadisk/./datasets/0/VirusShare_f6e00c3caddf32605d350bc4a2974a5b,,
VirusShare_ebcdbac52ff1c30caaf8a11fa6a5c059,ebcdbac52ff1c30caaf8a11fa6a5c059,1,/mnt/datadisk/./datasets/1/VirusShare_ebcdbac52ff1c30caaf8a11fa6a5c059,,
VirusShare_29edff726d495307a7ad6de88cc96886,29edff726d495307a7ad6de88cc96886,0,/mnt/datadisk/./datasets/0/VirusShare_29edff726d495307a7ad6de88cc96886,,
VirusShare_787b2d9471ee9e140a54f4864977a848,787b2d9471ee9e140a54f4864977a848,0,/mnt/datadisk/./datasets/0/VirusShare_787b2d9471ee9e140a54f4864977a848,,
VirusShare_f92553939766c0123c273dd1083a0104,f92553939766c0123c273dd1083a0104,0,/mnt/datadisk/./datasets/0/VirusShare_f92553939766c0123c273dd1083a0104,,
VirusShare_7dce11c153178bf1c270ec03e54141d9,7dce11c153178bf1c270ec03e54141d9,0,/mnt/datadisk/./datasets/0/VirusShare_7dce11c153178bf1c270ec03e54141d9,,
VirusShare_ef64c419a813376248fa154b5b633bba,ef64c419a813376248fa154b5b633bba,0,/mnt/datadisk/./datasets/0/VirusShare_ef64c419a813376248fa154b5b633bba,,
VirusShare_f8bd7396c707ee36517e8ee4683ba4b8,f8bd7396c707ee36517e8ee4683ba4b8,0,/mnt/datadisk/./datasets/0/VirusShare_f8bd7396c707ee36517e8ee4683ba4b8,,
VirusShare_b731d680eecdb774ffdc0b262d643972,b731d680eecdb774ffdc0b262d643972,0,/mnt/datadisk/./datasets/0/VirusShare_b731d680eecdb774ffdc0b262d643972,,
VirusShare_dc0be6af2daa9969b148b7b237ed88b0,dc0be6af2daa9969b148b7b237ed88b0,0,/mnt/datadisk/./datasets/0/VirusShare_dc0be6af2daa9969b148b7b237ed88b0,,
VirusShare_4c36e95c6c89bdb893a8f90868172b0f,4c36e95c6c89bdb893a8f90868172b0f,1,/mnt/datadisk/./datasets/1/VirusShare_4c36e95c6c89bdb893a8f90868172b0f,,
VirusShare_5176617ec66a7648e154c15127686723,5176617ec66a7648e154c15127686723,0,/mnt/datadisk/./datasets/0/VirusShare_5176617ec66a7648e154c15127686723,,
VirusShare_ff7556a2f384f792ed4b0e166d57b0c7,ff7556a2f384f792ed4b0e166d57b0c7,0,/mnt/datadisk/./datasets/0/VirusShare_ff7556a2f384f792ed4b0e166d57b0c7,,
VirusShare_b93c34ae273adba134df726f6f845098,b93c34ae273adba134df726f6f845098,0,/mnt/datadisk/./datasets/0/VirusShare_b93c34ae273adba134df726f6f845098,,
VirusShare_eec212cce7ccc1087003f0cdc7d8662d,eec212cce7ccc1087003f0cdc7d8662d,0,/mnt/datadisk/./datasets/0/VirusShare_eec212cce7ccc1087003f0cdc7d8662d,,
VirusShare_e1268e0dc9eaae80006032527fd655fd,e1268e0dc9eaae80006032527fd655fd,0,/mnt/datadisk/./datasets/0/VirusShare_e1268e0dc9eaae80006032527fd655fd,,
VirusShare_6621e555ff85b675d3f6f7212b884657,6621e555ff85b675d3f6f7212b884657,0,/mnt/datadisk/./datasets/0/VirusShare_6621e555ff85b675d3f6f7212b884657,,
VirusShare_b0e88844c7b780f77940adbcdfd77223,b0e88844c7b780f77940adbcdfd77223,0,/mnt/datadisk/./datasets/0/VirusShare_b0e88844c7b780f77940adbcdfd77223,,
VirusShare_dab26a7063ed0e5854d00261bae22b5e,dab26a7063ed0e5854d00261bae22b5e,1,/mnt/datadisk/./datasets/1/VirusShare_dab26a7063ed0e5854d00261bae22b5e,,
VirusShare_8b73af9327de5484863ef86438218c43,8b73af9327de5484863ef86438218c43,0,/mnt/datadisk/./datasets/0/VirusShare_8b73af9327de5484863ef86438218c43,,
VirusShare_91fd4f6a175787e6c9b54d88c2131c1c,91fd4f6a175787e6c9b54d88c2131c1c,0,/mnt/datadisk/./datasets/0/VirusShare_91fd4f6a175787e6c9b54d88c2131c1c,,
VirusShare_1eccdad697e97e84ade2c4f9cee63e3f,1eccdad697e97e84ade2c4f9cee63e3f,0,/mnt/datadisk/./datasets/0/VirusShare_1eccdad697e97e84ade2c4f9cee63e3f,,
VirusShare_a3ad8b6f84ed84abaffc0e24edc90d29,a3ad8b6f84ed84abaffc0e24edc90d29,1,/mnt/datadisk/./datasets/1/VirusShare_a3ad8b6f84ed84abaffc0e24edc90d29,,
VirusShare_3fd1eff48e660332f4d4ce85c152898d,3fd1eff48e660332f4d4ce85c152898d,1,/mnt/datadisk/./datasets/1/VirusShare_3fd1eff48e660332f4d4ce85c152898d,,
VirusShare_cd753d2c1a83327aa57cb17abc51b038,cd753d2c1a83327aa57cb17abc51b038,0,/mnt/datadisk/./datasets/0/VirusShare_cd753d2c1a83327aa57cb17abc51b038,,
VirusShare_a53139634515b29de24b9bae6bdc415e,a53139634515b29de24b9bae6bdc415e,0,/mnt/datadisk/./datasets/0/VirusShare_a53139634515b29de24b9bae6bdc415e,,
VirusShare_19ee5470a91ae604876dcede08b94b79,19ee5470a91ae604876dcede08b94b79,1,/mnt/datadisk/./datasets/1/VirusShare_19ee5470a91ae604876dcede08b94b79,,
VirusShare_1b448fadc544f7d0b94cdcbc61d22ae2,1b448fadc544f7d0b94cdcbc61d22ae2,0,/mnt/datadisk/./datasets/0/VirusShare_1b448fadc544f7d0b94cdcbc61d22ae2,,
VirusShare_e65540fba4a9d93977eeeae059c72df2,e65540fba4a9d93977eeeae059c72df2,0,/mnt/datadisk/./datasets/0/VirusShare_e65540fba4a9d93977eeeae059c72df2,,
VirusShare_35db25d6e876618be545b0e15d3023af,35db25d6e876618be545b0e15d3023af,1,/mnt/datadisk/./datasets/1/VirusShare_35db25d6e876618be545b0e15d3023af,,
VirusShare_6f0d939672dc09e2d6b019e39dcfdf9c,6f0d939672dc09e2d6b019e39dcfdf9c,0,/mnt/datadisk/./datasets/0/VirusShare_6f0d939672dc09e2d6b019e39dcfdf9c,,
VirusShare_baf2c6fc473ce725d873f6d73e059b4a,baf2c6fc473ce725d873f6d73e059b4a,1,/mnt/datadisk/./datasets/1/VirusShare_baf2c6fc473ce725d873f6d73e059b4a,,
VirusShare_d81f58848af9c12f6ef4b96ae2816fe6,d81f58848af9c12f6ef4b96ae2816fe6,0,/mnt/datadisk/./datasets/0/VirusShare_d81f58848af9c12f6ef4b96ae2816fe6,,
VirusShare_64f72f0f6278e9d2e2a078ea781ba82c,64f72f0f6278e9d2e2a078ea781ba82c,0,/mnt/datadisk/./datasets/0/VirusShare_64f72f0f6278e9d2e2a078ea781ba82c,,
VirusShare_b8f9fcbf410a59dd591060912aec3633,b8f9fcbf410a59dd591060912aec3633,1,/mnt/datadisk/./datasets/1/VirusShare_b8f9fcbf410a59dd591060912aec3633,,
VirusShare_806710a7a05cfe86bf4062368cc9f774,806710a7a05cfe86bf4062368cc9f774,0,/mnt/datadisk/./datasets/0/VirusShare_806710a7a05cfe86bf4062368cc9f774,,
VirusShare_24fa361aa54a38cd7381a6a07b9c946b,24fa361aa54a38cd7381a6a07b9c946b,0,/mnt/datadisk/./datasets/0/VirusShare_24fa361aa54a38cd7381a6a07b9c946b,,
VirusShare_a71ea2a048e0f508fe1bed0b413dc8ea,a71ea2a048e0f508fe1bed0b413dc8ea,0,/mnt/datadisk/./datasets/0/VirusShare_a71ea2a048e0f508fe1bed0b413dc8ea,,
VirusShare_cedd5cede4e76246b919b8206b1f0c5a,cedd5cede4e76246b919b8206b1f0c5a,1,/mnt/datadisk/./datasets/1/VirusShare_cedd5cede4e76246b919b8206b1f0c5a,,
VirusShare_e3a52ef296e0a33b54652633d50d55f7,e3a52ef296e0a33b54652633d50d55f7,0,/mnt/datadisk/./datasets/0/VirusShare_e3a52ef296e0a33b54652633d50d55f7,,
VirusShare_7467be2fcc4b0226722c45a0c692194c,7467be2fcc4b0226722c45a0c692194c,0,/mnt/datadisk/./datasets/0/VirusShare_7467be2fcc4b0226722c45a0c692194c,,
VirusShare_00f706c18e6af19f5b734e5aba707d51,00f706c18e6af19f5b734e5aba707d51,0,/mnt/datadisk/./datasets/0/VirusShare_00f706c18e6af19f5b734e5aba707d51,,
VirusShare_2d09ef4be04d7a5a3f7d4897c34cf8f5,2d09ef4be04d7a5a3f7d4897c34cf8f5,0,/mnt/datadisk/./datasets/0/VirusShare_2d09ef4be04d7a5a3f7d4897c34cf8f5,,
VirusShare_8d8beb699933414a83e39bb0d61b5247,8d8beb699933414a83e39bb0d61b5247,0,/mnt/datadisk/./datasets/0/VirusShare_8d8beb699933414a83e39bb0d61b5247,,
VirusShare_10d5c4e6628e6da50bfc3fe6bfddc48c,10d5c4e6628e6da50bfc3fe6bfddc48c,0,/mnt/datadisk/./datasets/0/VirusShare_10d5c4e6628e6da50bfc3fe6bfddc48c,,
VirusShare_77b9700791d459f75889a1a75426a89b,77b9700791d459f75889a1a75426a89b,0,/mnt/datadisk/./datasets/0/VirusShare_77b9700791d459f75889a1a75426a89b,,
VirusShare_284fce77b1d73456fac430a2e9eb76da,284fce77b1d73456fac430a2e9eb76da,0,/mnt/datadisk/./datasets/0/VirusShare_284fce77b1d73456fac430a2e9eb76da,,
VirusShare_7e9ba8a4ef1b339196a3bb1f2b8bacb4,7e9ba8a4ef1b339196a3bb1f2b8bacb4,0,/mnt/datadisk/./datasets/0/VirusShare_7e9ba8a4ef1b339196a3bb1f2b8bacb4,,
VirusShare_a5a99145d4d53594b54bfa3ea2709ac9,a5a99145d4d53594b54bfa3ea2709ac9,0,/mnt/datadisk/./datasets/0/VirusShare_a5a99145d4d53594b54bfa3ea2709ac9,,
VirusShare_b2077333155f326e711eecfb20ce4dbb,b2077333155f326e711eecfb20ce4dbb,1,/mnt/datadisk/./datasets/1/VirusShare_b2077333155f326e711eecfb20ce4dbb,,
VirusShare_982cad1aca0c8271815d0f61ab03eaf9,982cad1aca0c8271815d0f61ab03eaf9,0,/mnt/datadisk/./datasets/0/VirusShare_982cad1aca0c8271815d0f61ab03eaf9,,
VirusShare_e84e40cae527b476b6d9e5d2d45db827,e84e40cae527b476b6d9e5d2d45db827,1,/mnt/datadisk/./datasets/1/VirusShare_e84e40cae527b476b6d9e5d2d45db827,,
VirusShare_5ade18cba7a0721b3ed46f26479e7055,5ade18cba7a0721b3ed46f26479e7055,0,/mnt/datadisk/./datasets/0/VirusShare_5ade18cba7a0721b3ed46f26479e7055,,
VirusShare_3b37a55c85e24ccb510b5ceabc685b87,3b37a55c85e24ccb510b5ceabc685b87,0,/mnt/datadisk/./datasets/0/VirusShare_3b37a55c85e24ccb510b5ceabc685b87,,
VirusShare_632fbbf173078fcf99168e6a5bfbf120,632fbbf173078fcf99168e6a5bfbf120,0,/mnt/datadisk/./datasets/0/VirusShare_632fbbf173078fcf99168e6a5bfbf120,,
VirusShare_bb471b001dada6ae838d792d31e53e27,bb471b001dada6ae838d792d31e53e27,1,/mnt/datadisk/./datasets/1/VirusShare_bb471b001dada6ae838d792d31e53e27,,
VirusShare_6d063a2768053694eb3ca3c449f2c39e,6d063a2768053694eb3ca3c449f2c39e,1,/mnt/datadisk/./datasets/1/VirusShare_6d063a2768053694eb3ca3c449f2c39e,,
VirusShare_64ae29fd9f1ee23705e7779af6975c41,64ae29fd9f1ee23705e7779af6975c41,0,/mnt/datadisk/./datasets/0/VirusShare_64ae29fd9f1ee23705e7779af6975c41,,
VirusShare_95e2332ba52b6152d886ffc639d4db42,95e2332ba52b6152d886ffc639d4db42,0,/mnt/datadisk/./datasets/0/VirusShare_95e2332ba52b6152d886ffc639d4db42,,
VirusShare_006373cbb2fd7c9450e1267487171581,006373cbb2fd7c9450e1267487171581,1,/mnt/datadisk/./datasets/1/VirusShare_006373cbb2fd7c9450e1267487171581,,
VirusShare_3740378a5424413979c8eb490c75aad4,3740378a5424413979c8eb490c75aad4,1,/mnt/datadisk/./datasets/1/VirusShare_3740378a5424413979c8eb490c75aad4,,
VirusShare_7ef3e196bda947b10108b399dbf799d3,7ef3e196bda947b10108b399dbf799d3,0,/mnt/datadisk/./datasets/0/VirusShare_7ef3e196bda947b10108b399dbf799d3,,
VirusShare_06335fa81aacd8a28ff622e1f4bdeff5,06335fa81aacd8a28ff622e1f4bdeff5,1,/mnt/datadisk/./datasets/1/VirusShare_06335fa81aacd8a28ff622e1f4bdeff5,,
VirusShare_b69068c30b5d9fde63046f675457579b,b69068c30b5d9fde63046f675457579b,0,/mnt/datadisk/./datasets/0/VirusShare_b69068c30b5d9fde63046f675457579b,,
VirusShare_e170e3b7d03bbb022465348faa99ad06,e170e3b7d03bbb022465348faa99ad06,0,/mnt/datadisk/./datasets/0/VirusShare_e170e3b7d03bbb022465348faa99ad06,,
VirusShare_6d13204ae1774d77116dc5733f0b245d,6d13204ae1774d77116dc5733f0b245d,0,/mnt/datadisk/./datasets/0/VirusShare_6d13204ae1774d77116dc5733f0b245d,,
VirusShare_8431dac676e78ed9709877ed7ed7dcae,8431dac676e78ed9709877ed7ed7dcae,0,/mnt/datadisk/./datasets/0/VirusShare_8431dac676e78ed9709877ed7ed7dcae,,
VirusShare_13f36223ed813039d3b8f0a017fdddc1,13f36223ed813039d3b8f0a017fdddc1,1,/mnt/datadisk/./datasets/1/VirusShare_13f36223ed813039d3b8f0a017fdddc1,,
VirusShare_38044d0f51ba62027321451b1b0fbe8b,38044d0f51ba62027321451b1b0fbe8b,0,/mnt/datadisk/./datasets/0/VirusShare_38044d0f51ba62027321451b1b0fbe8b,,
VirusShare_bc5e122ddfdceb0d4bf4363b5880552f,bc5e122ddfdceb0d4bf4363b5880552f,1,/mnt/datadisk/./datasets/1/VirusShare_bc5e122ddfdceb0d4bf4363b5880552f,,
VirusShare_8304286f4a43b990ccb626a4579b45d3,8304286f4a43b990ccb626a4579b45d3,1,/mnt/datadisk/./datasets/1/VirusShare_8304286f4a43b990ccb626a4579b45d3,,
VirusShare_87ca9079e307e48fa781b9c39f3e93fb,87ca9079e307e48fa781b9c39f3e93fb,1,/mnt/datadisk/./datasets/1/VirusShare_87ca9079e307e48fa781b9c39f3e93fb,,
VirusShare_81a2639f1125cfa9202f89dd798bdd62,81a2639f1125cfa9202f89dd798bdd62,0,/mnt/datadisk/./datasets/0/VirusShare_81a2639f1125cfa9202f89dd798bdd62,,
VirusShare_39f85d43bc3e115ccb8ebed00c535609,39f85d43bc3e115ccb8ebed00c535609,0,/mnt/datadisk/./datasets/0/VirusShare_39f85d43bc3e115ccb8ebed00c535609,,
VirusShare_97d27cd7f83b4e0e572e1b5b102d171b,97d27cd7f83b4e0e572e1b5b102d171b,0,/mnt/datadisk/./datasets/0/VirusShare_97d27cd7f83b4e0e572e1b5b102d171b,,
VirusShare_0186affc1bbacc7b53397f1b3fdea4de,0186affc1bbacc7b53397f1b3fdea4de,0,/mnt/datadisk/./datasets/0/VirusShare_0186affc1bbacc7b53397f1b3fdea4de,,
VirusShare_666e30579179bdd43772f365409936f1,666e30579179bdd43772f365409936f1,0,/mnt/datadisk/./datasets/0/VirusShare_666e30579179bdd43772f365409936f1,,
VirusShare_e49c2292498a8e45f73f1a5f670c4b87,e49c2292498a8e45f73f1a5f670c4b87,0,/mnt/datadisk/./datasets/0/VirusShare_e49c2292498a8e45f73f1a5f670c4b87,,
VirusShare_04c92c46cfa12a9b85c5cbb3ce649ec5,04c92c46cfa12a9b85c5cbb3ce649ec5,1,/mnt/datadisk/./datasets/1/VirusShare_04c92c46cfa12a9b85c5cbb3ce649ec5,,
VirusShare_905c0db3b5fa57b77fbf7ce8c93d27e5,905c0db3b5fa57b77fbf7ce8c93d27e5,0,/mnt/datadisk/./datasets/0/VirusShare_905c0db3b5fa57b77fbf7ce8c93d27e5,,
VirusShare_00c06879a479bc32fb97ef5f71d45b1d,00c06879a479bc32fb97ef5f71d45b1d,0,/mnt/datadisk/./datasets/0/VirusShare_00c06879a479bc32fb97ef5f71d45b1d,,
VirusShare_2d65ed62cbed2b50a97a206342290dee,2d65ed62cbed2b50a97a206342290dee,0,/mnt/datadisk/./datasets/0/VirusShare_2d65ed62cbed2b50a97a206342290dee,,
VirusShare_ba6d9d8f2cc95f6ab44afa50ea4074fd,ba6d9d8f2cc95f6ab44afa50ea4074fd,0,/mnt/datadisk/./datasets/0/VirusShare_ba6d9d8f2cc95f6ab44afa50ea4074fd,,
VirusShare_680218652de1fb3cf06d4298911eee1c,680218652de1fb3cf06d4298911eee1c,0,/mnt/datadisk/./datasets/0/VirusShare_680218652de1fb3cf06d4298911eee1c,,
VirusShare_a4551f02f9fd28c90951b8b02bba6980,a4551f02f9fd28c90951b8b02bba6980,1,/mnt/datadisk/./datasets/1/VirusShare_a4551f02f9fd28c90951b8b02bba6980,,
VirusShare_f095f2488a4f2a0cc93d8093f8cd8f15,f095f2488a4f2a0cc93d8093f8cd8f15,0,/mnt/datadisk/./datasets/0/VirusShare_f095f2488a4f2a0cc93d8093f8cd8f15,,
VirusShare_e8f972f6e6b85ced446cab722a6a8ff0,e8f972f6e6b85ced446cab722a6a8ff0,0,/mnt/datadisk/./datasets/0/VirusShare_e8f972f6e6b85ced446cab722a6a8ff0,,
VirusShare_c9459eed4d7b0b155c0ae5a64748f5ce,c9459eed4d7b0b155c0ae5a64748f5ce,0,/mnt/datadisk/./datasets/0/VirusShare_c9459eed4d7b0b155c0ae5a64748f5ce,,
VirusShare_0ce7f43aa2f349d5165a158e52003ca7,0ce7f43aa2f349d5165a158e52003ca7,1,/mnt/datadisk/./datasets/1/VirusShare_0ce7f43aa2f349d5165a158e52003ca7,,
VirusShare_561d03bb4669f2288ebd25291e040888,561d03bb4669f2288ebd25291e040888,1,/mnt/datadisk/./datasets/1/VirusShare_561d03bb4669f2288ebd25291e040888,,
VirusShare_e1862f30e1265914efbf5a7d413b6268,e1862f30e1265914efbf5a7d413b6268,1,/mnt/datadisk/./datasets/1/VirusShare_e1862f30e1265914efbf5a7d413b6268,,
VirusShare_24948575bef7314996d0a7b42d9e800b,24948575bef7314996d0a7b42d9e800b,1,/mnt/datadisk/./datasets/1/VirusShare_24948575bef7314996d0a7b42d9e800b,,
VirusShare_918440a507b6126c6c1ec851e86ba6fa,918440a507b6126c6c1ec851e86ba6fa,0,/mnt/datadisk/./datasets/0/VirusShare_918440a507b6126c6c1ec851e86ba6fa,,
VirusShare_efcc22cf9da87d81bd38709ea36fd32f,efcc22cf9da87d81bd38709ea36fd32f,1,/mnt/datadisk/./datasets/1/VirusShare_efcc22cf9da87d81bd38709ea36fd32f,,
VirusShare_ed0036978d1f0d13c67c94edc283e131,ed0036978d1f0d13c67c94edc283e131,1,/mnt/datadisk/./datasets/1/VirusShare_ed0036978d1f0d13c67c94edc283e131,,
VirusShare_5e3a3a3705df7f7d8ea4607bcb94f388,5e3a3a3705df7f7d8ea4607bcb94f388,1,/mnt/datadisk/./datasets/1/VirusShare_5e3a3a3705df7f7d8ea4607bcb94f388,,
VirusShare_20580aca35069049b18c3b99f8b0802b,20580aca35069049b18c3b99f8b0802b,0,/mnt/datadisk/./datasets/0/VirusShare_20580aca35069049b18c3b99f8b0802b,,
VirusShare_4362f3cbfebc96b9bb80a50c3e55bed0,4362f3cbfebc96b9bb80a50c3e55bed0,1,/mnt/datadisk/./datasets/1/VirusShare_4362f3cbfebc96b9bb80a50c3e55bed0,,
VirusShare_c8ceffaeb3baa5a4ac00050816176885,c8ceffaeb3baa5a4ac00050816176885,1,/mnt/datadisk/./datasets/1/VirusShare_c8ceffaeb3baa5a4ac00050816176885,,
VirusShare_00a10874f16bb98901cca17b5f56b14b,00a10874f16bb98901cca17b5f56b14b,0,/mnt/datadisk/./datasets/0/VirusShare_00a10874f16bb98901cca17b5f56b14b,,
VirusShare_930a601dad01beca0d959a46f78e9387,930a601dad01beca0d959a46f78e9387,0,/mnt/datadisk/./datasets/0/VirusShare_930a601dad01beca0d959a46f78e9387,,
VirusShare_d1fd4855b00d0f6ee0a6e266a35aade7,d1fd4855b00d0f6ee0a6e266a35aade7,0,/mnt/datadisk/./datasets/0/VirusShare_d1fd4855b00d0f6ee0a6e266a35aade7,,
VirusShare_55d1c3bd919b4aee6ed1e0520c476cc7,55d1c3bd919b4aee6ed1e0520c476cc7,0,/mnt/datadisk/./datasets/0/VirusShare_55d1c3bd919b4aee6ed1e0520c476cc7,,
VirusShare_a266bf6fa3d7d918031f8c8b34d06761,a266bf6fa3d7d918031f8c8b34d06761,0,/mnt/datadisk/./datasets/0/VirusShare_a266bf6fa3d7d918031f8c8b34d06761,,
VirusShare_d12e0f793229d0750fcc6e583c88b97a,d12e0f793229d0750fcc6e583c88b97a,0,/mnt/datadisk/./datasets/0/VirusShare_d12e0f793229d0750fcc6e583c88b97a,,
VirusShare_48efeb5867e36b7f4c58e587f51b0678,48efeb5867e36b7f4c58e587f51b0678,1,/mnt/datadisk/./datasets/1/VirusShare_48efeb5867e36b7f4c58e587f51b0678,,
VirusShare_df4bd09aa0deea1d4879d014713bf960,df4bd09aa0deea1d4879d014713bf960,0,/mnt/datadisk/./datasets/0/VirusShare_df4bd09aa0deea1d4879d014713bf960,,
VirusShare_d2aed145becbaebc268055f6f2bd0a6b,d2aed145becbaebc268055f6f2bd0a6b,0,/mnt/datadisk/./datasets/0/VirusShare_d2aed145becbaebc268055f6f2bd0a6b,,
VirusShare_411f1bea8d5d8bd34278efd06359e1e6,411f1bea8d5d8bd34278efd06359e1e6,0,/mnt/datadisk/./datasets/0/VirusShare_411f1bea8d5d8bd34278efd06359e1e6,,
VirusShare_cd04be4383def55c0b4005436e4e2363,cd04be4383def55c0b4005436e4e2363,0,/mnt/datadisk/./datasets/0/VirusShare_cd04be4383def55c0b4005436e4e2363,,
VirusShare_58bdc789c70f98842049d17506912cd7,58bdc789c70f98842049d17506912cd7,0,/mnt/datadisk/./datasets/0/VirusShare_58bdc789c70f98842049d17506912cd7,,
VirusShare_b99089dddb5d995ee189bb561b6e3db2,b99089dddb5d995ee189bb561b6e3db2,0,/mnt/datadisk/./datasets/0/VirusShare_b99089dddb5d995ee189bb561b6e3db2,,
VirusShare_90c0af3bf0e097ea03c06e5dd71b65cb,90c0af3bf0e097ea03c06e5dd71b65cb,0,/mnt/datadisk/./datasets/0/VirusShare_90c0af3bf0e097ea03c06e5dd71b65cb,,
VirusShare_e34e896f4e94efaa43fd7a71cfec516d,e34e896f4e94efaa43fd7a71cfec516d,0,/mnt/datadisk/./datasets/0/VirusShare_e34e896f4e94efaa43fd7a71cfec516d,,
VirusShare_7875e82f8d27d931f0750fe6c64fd01a,7875e82f8d27d931f0750fe6c64fd01a,0,/mnt/datadisk/./datasets/0/VirusShare_7875e82f8d27d931f0750fe6c64fd01a,,
VirusShare_5759bcd88f92bc21b96fc82c38e40c2a,5759bcd88f92bc21b96fc82c38e40c2a,0,/mnt/datadisk/./datasets/0/VirusShare_5759bcd88f92bc21b96fc82c38e40c2a,,
VirusShare_5bab7f0a11ca5b6cba6b95dc6ef452d9,5bab7f0a11ca5b6cba6b95dc6ef452d9,0,/mnt/datadisk/./datasets/0/VirusShare_5bab7f0a11ca5b6cba6b95dc6ef452d9,,
VirusShare_5ec700deee858bfc8ae57cf361ed3390,5ec700deee858bfc8ae57cf361ed3390,0,/mnt/datadisk/./datasets/0/VirusShare_5ec700deee858bfc8ae57cf361ed3390,,
VirusShare_681453e7b08df68d87e2389fd46f2fbc,681453e7b08df68d87e2389fd46f2fbc,1,/mnt/datadisk/./datasets/1/VirusShare_681453e7b08df68d87e2389fd46f2fbc,,
VirusShare_c545f476ad97093112a28efac686457d,c545f476ad97093112a28efac686457d,0,/mnt/datadisk/./datasets/0/VirusShare_c545f476ad97093112a28efac686457d,,
VirusShare_c9542cd13ba90795a086eb1328c48d01,c9542cd13ba90795a086eb1328c48d01,0,/mnt/datadisk/./datasets/0/VirusShare_c9542cd13ba90795a086eb1328c48d01,,
VirusShare_4692f2846bec49834f1f7883b3c34f69,4692f2846bec49834f1f7883b3c34f69,1,/mnt/datadisk/./datasets/1/VirusShare_4692f2846bec49834f1f7883b3c34f69,,
VirusShare_3f6c3dfc2f7bc1ad78cf7f73e1bb1ffb,3f6c3dfc2f7bc1ad78cf7f73e1bb1ffb,0,/mnt/datadisk/./datasets/0/VirusShare_3f6c3dfc2f7bc1ad78cf7f73e1bb1ffb,,
VirusShare_1170c0483648f6b6195c29c7e0c0020b,1170c0483648f6b6195c29c7e0c0020b,0,/mnt/datadisk/./datasets/0/VirusShare_1170c0483648f6b6195c29c7e0c0020b,,
VirusShare_a585c514458063020eca85f9aaf9b990,a585c514458063020eca85f9aaf9b990,0,/mnt/datadisk/./datasets/0/VirusShare_a585c514458063020eca85f9aaf9b990,,
VirusShare_821a9123be38962763d02637646d682e,821a9123be38962763d02637646d682e,1,/mnt/datadisk/./datasets/1/VirusShare_821a9123be38962763d02637646d682e,,
VirusShare_7cf0cce669d871f64a441f4389149062,7cf0cce669d871f64a441f4389149062,1,/mnt/datadisk/./datasets/1/VirusShare_7cf0cce669d871f64a441f4389149062,,
VirusShare_6899281aa3afb3a18c8c2a9e0f703798,6899281aa3afb3a18c8c2a9e0f703798,0,/mnt/datadisk/./datasets/0/VirusShare_6899281aa3afb3a18c8c2a9e0f703798,,
VirusShare_405da973b90251a1717b11f4813eaf59,405da973b90251a1717b11f4813eaf59,0,/mnt/datadisk/./datasets/0/VirusShare_405da973b90251a1717b11f4813eaf59,,
VirusShare_c6a8f3d39b2490346ec60813a441e1d6,c6a8f3d39b2490346ec60813a441e1d6,0,/mnt/datadisk/./datasets/0/VirusShare_c6a8f3d39b2490346ec60813a441e1d6,,
VirusShare_867b04e89ebb05a7d4ec32f91054f0fe,867b04e89ebb05a7d4ec32f91054f0fe,1,/mnt/datadisk/./datasets/1/VirusShare_867b04e89ebb05a7d4ec32f91054f0fe,,
VirusShare_fc0686150a642788157e43bb0279c0af,fc0686150a642788157e43bb0279c0af,0,/mnt/datadisk/./datasets/0/VirusShare_fc0686150a642788157e43bb0279c0af,,
VirusShare_bf48cea9dfdc0685b3c938382009abde,bf48cea9dfdc0685b3c938382009abde,0,/mnt/datadisk/./datasets/0/VirusShare_bf48cea9dfdc0685b3c938382009abde,,
VirusShare_ce7b00bfbcc8bc1f839f097af226b193,ce7b00bfbcc8bc1f839f097af226b193,0,/mnt/datadisk/./datasets/0/VirusShare_ce7b00bfbcc8bc1f839f097af226b193,,
VirusShare_e5e1ece8e91a873eb73006d477bcd1c0,e5e1ece8e91a873eb73006d477bcd1c0,1,/mnt/datadisk/./datasets/1/VirusShare_e5e1ece8e91a873eb73006d477bcd1c0,,
VirusShare_1b9608d88eb0199dc55ed563b30ed8b0,1b9608d88eb0199dc55ed563b30ed8b0,0,/mnt/datadisk/./datasets/0/VirusShare_1b9608d88eb0199dc55ed563b30ed8b0,,
VirusShare_25127b19858315a66fe47d6c41d0eeaf,25127b19858315a66fe47d6c41d0eeaf,0,/mnt/datadisk/./datasets/0/VirusShare_25127b19858315a66fe47d6c41d0eeaf,,
VirusShare_adc640fe3f1efcd5d45b7605f0368d86,adc640fe3f1efcd5d45b7605f0368d86,0,/mnt/datadisk/./datasets/0/VirusShare_adc640fe3f1efcd5d45b7605f0368d86,,
VirusShare_e15b5eee5ef61094f531f4ab0ea52bd7,e15b5eee5ef61094f531f4ab0ea52bd7,0,/mnt/datadisk/./datasets/0/VirusShare_e15b5eee5ef61094f531f4ab0ea52bd7,,
VirusShare_5e200eac41abb63a0b05b9ab4531055f,5e200eac41abb63a0b05b9ab4531055f,1,/mnt/datadisk/./datasets/1/VirusShare_5e200eac41abb63a0b05b9ab4531055f,,
VirusShare_46a412a3a5ab708b5eac42d51688e34a,46a412a3a5ab708b5eac42d51688e34a,0,/mnt/datadisk/./datasets/0/VirusShare_46a412a3a5ab708b5eac42d51688e34a,,
VirusShare_bacc0fb54b904235bcd9e758e3b3e5bc,bacc0fb54b904235bcd9e758e3b3e5bc,1,/mnt/datadisk/./datasets/1/VirusShare_bacc0fb54b904235bcd9e758e3b3e5bc,,
VirusShare_423808c1001d03551ceb3f068aa6ce1e,423808c1001d03551ceb3f068aa6ce1e,1,/mnt/datadisk/./datasets/1/VirusShare_423808c1001d03551ceb3f068aa6ce1e,,
VirusShare_e0a1b650dd775a5b4cfb99fa526c5ed3,e0a1b650dd775a5b4cfb99fa526c5ed3,0,/mnt/datadisk/./datasets/0/VirusShare_e0a1b650dd775a5b4cfb99fa526c5ed3,,
VirusShare_a0237d9a9db97e34ec5c6064bb9ede02,a0237d9a9db97e34ec5c6064bb9ede02,0,/mnt/datadisk/./datasets/0/VirusShare_a0237d9a9db97e34ec5c6064bb9ede02,,
VirusShare_906216c4cb874de5d78a54183e1a168e,906216c4cb874de5d78a54183e1a168e,1,/mnt/datadisk/./datasets/1/VirusShare_906216c4cb874de5d78a54183e1a168e,,
VirusShare_d98cbf2050219aaee437babd8bc9d9f9,d98cbf2050219aaee437babd8bc9d9f9,0,/mnt/datadisk/./datasets/0/VirusShare_d98cbf2050219aaee437babd8bc9d9f9,,
VirusShare_ee624424ed6bcc967e76cb734b278305,ee624424ed6bcc967e76cb734b278305,0,/mnt/datadisk/./datasets/0/VirusShare_ee624424ed6bcc967e76cb734b278305,,
VirusShare_f13f55759c52347f534717c888701fc2,f13f55759c52347f534717c888701fc2,1,/mnt/datadisk/./datasets/1/VirusShare_f13f55759c52347f534717c888701fc2,,
VirusShare_3de8c1b1645d3ae12ed677e13895c016,3de8c1b1645d3ae12ed677e13895c016,0,/mnt/datadisk/./datasets/0/VirusShare_3de8c1b1645d3ae12ed677e13895c016,,
VirusShare_b96be9020a099f335317a4b072977106,b96be9020a099f335317a4b072977106,0,/mnt/datadisk/./datasets/0/VirusShare_b96be9020a099f335317a4b072977106,,
VirusShare_7642b6f77fb8ed22135a69eb3e8d31dc,7642b6f77fb8ed22135a69eb3e8d31dc,0,/mnt/datadisk/./datasets/0/VirusShare_7642b6f77fb8ed22135a69eb3e8d31dc,,
VirusShare_8503c4e64db290182f1175c7ba28b8f4,8503c4e64db290182f1175c7ba28b8f4,1,/mnt/datadisk/./datasets/1/VirusShare_8503c4e64db290182f1175c7ba28b8f4,,
VirusShare_ac4a912e172fff1757b9ffbe65961500,ac4a912e172fff1757b9ffbe65961500,1,/mnt/datadisk/./datasets/1/VirusShare_ac4a912e172fff1757b9ffbe65961500,,
VirusShare_e2f1013c5d24a5e2236aa0ff35fa650c,e2f1013c5d24a5e2236aa0ff35fa650c,1,/mnt/datadisk/./datasets/1/VirusShare_e2f1013c5d24a5e2236aa0ff35fa650c,,
VirusShare_b268255e582b9ac14e605abf6193d206,b268255e582b9ac14e605abf6193d206,0,/mnt/datadisk/./datasets/0/VirusShare_b268255e582b9ac14e605abf6193d206,,
VirusShare_d84c3b550b086a5cd1ac748837c8c036,d84c3b550b086a5cd1ac748837c8c036,0,/mnt/datadisk/./datasets/0/VirusShare_d84c3b550b086a5cd1ac748837c8c036,,
VirusShare_9619b5bf2faff88021233edbd3c7cf2a,9619b5bf2faff88021233edbd3c7cf2a,0,/mnt/datadisk/./datasets/0/VirusShare_9619b5bf2faff88021233edbd3c7cf2a,,
VirusShare_dd137b6fe014ac7b2628064fb7c833a4,dd137b6fe014ac7b2628064fb7c833a4,0,/mnt/datadisk/./datasets/0/VirusShare_dd137b6fe014ac7b2628064fb7c833a4,,
VirusShare_51c57265cbf5f196c2b893c1d60baa76,51c57265cbf5f196c2b893c1d60baa76,0,/mnt/datadisk/./datasets/0/VirusShare_51c57265cbf5f196c2b893c1d60baa76,,
VirusShare_964d27f847238a3ff9b11f21d99aff90,964d27f847238a3ff9b11f21d99aff90,1,/mnt/datadisk/./datasets/1/VirusShare_964d27f847238a3ff9b11f21d99aff90,,
VirusShare_8f92f7585496211b6bdfb735ce4e5eb4,8f92f7585496211b6bdfb735ce4e5eb4,0,/mnt/datadisk/./datasets/0/VirusShare_8f92f7585496211b6bdfb735ce4e5eb4,,
VirusShare_d304489d4765abe8e92aa97650855aac,d304489d4765abe8e92aa97650855aac,1,/mnt/datadisk/./datasets/1/VirusShare_d304489d4765abe8e92aa97650855aac,,
VirusShare_b1a16cc070d06d0abf2eefa56d8b252f,b1a16cc070d06d0abf2eefa56d8b252f,1,/mnt/datadisk/./datasets/1/VirusShare_b1a16cc070d06d0abf2eefa56d8b252f,,
VirusShare_892c1b64c4e1e581d75328054ea317f0,892c1b64c4e1e581d75328054ea317f0,0,/mnt/datadisk/./datasets/0/VirusShare_892c1b64c4e1e581d75328054ea317f0,,
VirusShare_7c9e34e3197b734242ccc34882e55e6e,7c9e34e3197b734242ccc34882e55e6e,0,/mnt/datadisk/./datasets/0/VirusShare_7c9e34e3197b734242ccc34882e55e6e,,
VirusShare_21249da295bdd1fc343cf3f4b579d5dc,21249da295bdd1fc343cf3f4b579d5dc,1,/mnt/datadisk/./datasets/1/VirusShare_21249da295bdd1fc343cf3f4b579d5dc,,
VirusShare_2e38074a0a38a56b5689072c474504ae,2e38074a0a38a56b5689072c474504ae,0,/mnt/datadisk/./datasets/0/VirusShare_2e38074a0a38a56b5689072c474504ae,,
VirusShare_e265a117cc25ecabc88b3e955cf03105,e265a117cc25ecabc88b3e955cf03105,0,/mnt/datadisk/./datasets/0/VirusShare_e265a117cc25ecabc88b3e955cf03105,,
VirusShare_a537dbf2e5e1a8df23ccbbb9c52bb233,a537dbf2e5e1a8df23ccbbb9c52bb233,0,/mnt/datadisk/./datasets/0/VirusShare_a537dbf2e5e1a8df23ccbbb9c52bb233,,
VirusShare_137ccef9674aee5380695ec25c72d83e,137ccef9674aee5380695ec25c72d83e,0,/mnt/datadisk/./datasets/0/VirusShare_137ccef9674aee5380695ec25c72d83e,,
VirusShare_5a63406b23ff0dc56eea143b13854c7e,5a63406b23ff0dc56eea143b13854c7e,0,/mnt/datadisk/./datasets/0/VirusShare_5a63406b23ff0dc56eea143b13854c7e,,
VirusShare_684f4d1410efe089ca47249ce97823a4,684f4d1410efe089ca47249ce97823a4,1,/mnt/datadisk/./datasets/1/VirusShare_684f4d1410efe089ca47249ce97823a4,,
VirusShare_9c130742e007dee7c747e9b16242ec63,9c130742e007dee7c747e9b16242ec63,1,/mnt/datadisk/./datasets/1/VirusShare_9c130742e007dee7c747e9b16242ec63,,
VirusShare_ec116e52792a1e0f2f4805994ff8bd86,ec116e52792a1e0f2f4805994ff8bd86,0,/mnt/datadisk/./datasets/0/VirusShare_ec116e52792a1e0f2f4805994ff8bd86,,
VirusShare_966e2d1b7c9990d4752af5755cda4d54,966e2d1b7c9990d4752af5755cda4d54,0,/mnt/datadisk/./datasets/0/VirusShare_966e2d1b7c9990d4752af5755cda4d54,,
VirusShare_b2c6aaa7b3e18534457a178bddbc9f48,b2c6aaa7b3e18534457a178bddbc9f48,1,/mnt/datadisk/./datasets/1/VirusShare_b2c6aaa7b3e18534457a178bddbc9f48,,
VirusShare_63f0d12920d5559ae4fe35e478668247,63f0d12920d5559ae4fe35e478668247,0,/mnt/datadisk/./datasets/0/VirusShare_63f0d12920d5559ae4fe35e478668247,,
VirusShare_15293ed6547d8f785449357d7351a8fd,15293ed6547d8f785449357d7351a8fd,0,/mnt/datadisk/./datasets/0/VirusShare_15293ed6547d8f785449357d7351a8fd,,
VirusShare_eb12fae3965aa41987154f2eff562a79,eb12fae3965aa41987154f2eff562a79,0,/mnt/datadisk/./datasets/0/VirusShare_eb12fae3965aa41987154f2eff562a79,,
VirusShare_9c7cdd49001c3a0adfd584c83add1474,9c7cdd49001c3a0adfd584c83add1474,0,/mnt/datadisk/./datasets/0/VirusShare_9c7cdd49001c3a0adfd584c83add1474,,
VirusShare_dc03fe95903c286516f93f87a05cca42,dc03fe95903c286516f93f87a05cca42,0,/mnt/datadisk/./datasets/0/VirusShare_dc03fe95903c286516f93f87a05cca42,,
VirusShare_ca018126d3a9f98d9e7577ce7a618053,ca018126d3a9f98d9e7577ce7a618053,0,/mnt/datadisk/./datasets/0/VirusShare_ca018126d3a9f98d9e7577ce7a618053,,
VirusShare_7dd0d01757b2a2fd2398fdeaefbf3cef,7dd0d01757b2a2fd2398fdeaefbf3cef,1,/mnt/datadisk/./datasets/1/VirusShare_7dd0d01757b2a2fd2398fdeaefbf3cef,,
VirusShare_67f614e8c72ea0cf97b41a41dd551e74,67f614e8c72ea0cf97b41a41dd551e74,1,/mnt/datadisk/./datasets/1/VirusShare_67f614e8c72ea0cf97b41a41dd551e74,,
VirusShare_c2f4f40a40d8f37cb778069afc786d03,c2f4f40a40d8f37cb778069afc786d03,0,/mnt/datadisk/./datasets/0/VirusShare_c2f4f40a40d8f37cb778069afc786d03,,
VirusShare_6a4d55997d2431b93b6e1f1984a4bc64,6a4d55997d2431b93b6e1f1984a4bc64,1,/mnt/datadisk/./datasets/1/VirusShare_6a4d55997d2431b93b6e1f1984a4bc64,,
VirusShare_54c9f5bb523fc5866a2acca7537f486d,54c9f5bb523fc5866a2acca7537f486d,1,/mnt/datadisk/./datasets/1/VirusShare_54c9f5bb523fc5866a2acca7537f486d,,
VirusShare_c49153ee4b16c80ebd9476d56cfbf8d8,c49153ee4b16c80ebd9476d56cfbf8d8,1,/mnt/datadisk/./datasets/1/VirusShare_c49153ee4b16c80ebd9476d56cfbf8d8,,
VirusShare_9c2502f5a0a3b6224edb98550d37d411,9c2502f5a0a3b6224edb98550d37d411,0,/mnt/datadisk/./datasets/0/VirusShare_9c2502f5a0a3b6224edb98550d37d411,,
VirusShare_99da32fabc030f00e00432932c460880,99da32fabc030f00e00432932c460880,1,/mnt/datadisk/./datasets/1/VirusShare_99da32fabc030f00e00432932c460880,,
VirusShare_c6e6ab4d2be3786650a000442a26d95c,c6e6ab4d2be3786650a000442a26d95c,0,/mnt/datadisk/./datasets/0/VirusShare_c6e6ab4d2be3786650a000442a26d95c,,
VirusShare_476d6e36c54eb257f144a0f5f156ba9e,476d6e36c54eb257f144a0f5f156ba9e,0,/mnt/datadisk/./datasets/0/VirusShare_476d6e36c54eb257f144a0f5f156ba9e,,
VirusShare_c7df9349b8100bcf82268644f1062d26,c7df9349b8100bcf82268644f1062d26,0,/mnt/datadisk/./datasets/0/VirusShare_c7df9349b8100bcf82268644f1062d26,,
VirusShare_d3d2c7ab4e9278f906b9558f208fed5b,d3d2c7ab4e9278f906b9558f208fed5b,0,/mnt/datadisk/./datasets/0/VirusShare_d3d2c7ab4e9278f906b9558f208fed5b,,
VirusShare_bbc7535503831ab2e9bca38d04575478,bbc7535503831ab2e9bca38d04575478,0,/mnt/datadisk/./datasets/0/VirusShare_bbc7535503831ab2e9bca38d04575478,,
VirusShare_3f033f2862105f8893f89d5b16476036,3f033f2862105f8893f89d5b16476036,0,/mnt/datadisk/./datasets/0/VirusShare_3f033f2862105f8893f89d5b16476036,,
VirusShare_c2779b1cc2195614ebfad5af96bf58d3,c2779b1cc2195614ebfad5af96bf58d3,1,/mnt/datadisk/./datasets/1/VirusShare_c2779b1cc2195614ebfad5af96bf58d3,,
VirusShare_ebde6f09ba71f24a6a14baf4c08ddfa8,ebde6f09ba71f24a6a14baf4c08ddfa8,0,/mnt/datadisk/./datasets/0/VirusShare_ebde6f09ba71f24a6a14baf4c08ddfa8,,
VirusShare_6f01cac9641f1e9c1ab326d9422950ee,6f01cac9641f1e9c1ab326d9422950ee,1,/mnt/datadisk/./datasets/1/VirusShare_6f01cac9641f1e9c1ab326d9422950ee,,
VirusShare_be6e85577863d92c1f1bd049f98c3eb9,be6e85577863d92c1f1bd049f98c3eb9,0,/mnt/datadisk/./datasets/0/VirusShare_be6e85577863d92c1f1bd049f98c3eb9,,
VirusShare_077d313ccd70e20869b1f9cdb5f95769,077d313ccd70e20869b1f9cdb5f95769,1,/mnt/datadisk/./datasets/1/VirusShare_077d313ccd70e20869b1f9cdb5f95769,,
VirusShare_7eb0c0fe4130f9e6c89ee974f6561a9e,7eb0c0fe4130f9e6c89ee974f6561a9e,0,/mnt/datadisk/./datasets/0/VirusShare_7eb0c0fe4130f9e6c89ee974f6561a9e,,
VirusShare_cd860b68f0a89f2861e60c1757ae1f4d,cd860b68f0a89f2861e60c1757ae1f4d,0,/mnt/datadisk/./datasets/0/VirusShare_cd860b68f0a89f2861e60c1757ae1f4d,,
VirusShare_8bcfb9320a0570d0f84273d298a268ab,8bcfb9320a0570d0f84273d298a268ab,1,/mnt/datadisk/./datasets/1/VirusShare_8bcfb9320a0570d0f84273d298a268ab,,
VirusShare_001f57a401760a6b1dbcac96ae7d6820,001f57a401760a6b1dbcac96ae7d6820,0,/mnt/datadisk/./datasets/0/VirusShare_001f57a401760a6b1dbcac96ae7d6820,,
VirusShare_00c8ef9f98c5c0ee41799c87c02bcff9,00c8ef9f98c5c0ee41799c87c02bcff9,0,/mnt/datadisk/./datasets/0/VirusShare_00c8ef9f98c5c0ee41799c87c02bcff9,,
VirusShare_e89e203d78f37985b615aef3e1b22bc9,e89e203d78f37985b615aef3e1b22bc9,0,/mnt/datadisk/./datasets/0/VirusShare_e89e203d78f37985b615aef3e1b22bc9,,
VirusShare_9964e8fe49827bd6500af7706f0f77ab,9964e8fe49827bd6500af7706f0f77ab,0,/mnt/datadisk/./datasets/0/VirusShare_9964e8fe49827bd6500af7706f0f77ab,,
VirusShare_97d3e2ba0b06577c648d61f2f359d0dc,97d3e2ba0b06577c648d61f2f359d0dc,1,/mnt/datadisk/./datasets/1/VirusShare_97d3e2ba0b06577c648d61f2f359d0dc,,
VirusShare_87eaab39d1b6a4172e62bcdd6bc7c35f,87eaab39d1b6a4172e62bcdd6bc7c35f,0,/mnt/datadisk/./datasets/0/VirusShare_87eaab39d1b6a4172e62bcdd6bc7c35f,,
VirusShare_9a7030889b560e43605fa99c3b44c470,9a7030889b560e43605fa99c3b44c470,1,/mnt/datadisk/./datasets/1/VirusShare_9a7030889b560e43605fa99c3b44c470,,
VirusShare_080a9a590be55d8efd1e334b7dd7e0e6,080a9a590be55d8efd1e334b7dd7e0e6,0,/mnt/datadisk/./datasets/0/VirusShare_080a9a590be55d8efd1e334b7dd7e0e6,,
VirusShare_6da4dbceef152466f5720f029213e4f1,6da4dbceef152466f5720f029213e4f1,0,/mnt/datadisk/./datasets/0/VirusShare_6da4dbceef152466f5720f029213e4f1,,
VirusShare_5b379cbaf5a1067fb45d918412a6b34d,5b379cbaf5a1067fb45d918412a6b34d,0,/mnt/datadisk/./datasets/0/VirusShare_5b379cbaf5a1067fb45d918412a6b34d,,
VirusShare_9b4cc589670e6843e37d7cc3906b79c9,9b4cc589670e6843e37d7cc3906b79c9,0,/mnt/datadisk/./datasets/0/VirusShare_9b4cc589670e6843e37d7cc3906b79c9,,
VirusShare_99945e32daa6efac9467b31c99fc5b2d,99945e32daa6efac9467b31c99fc5b2d,0,/mnt/datadisk/./datasets/0/VirusShare_99945e32daa6efac9467b31c99fc5b2d,,
VirusShare_87f6f5ab879c7e22325ca49906021d8e,87f6f5ab879c7e22325ca49906021d8e,0,/mnt/datadisk/./datasets/0/VirusShare_87f6f5ab879c7e22325ca49906021d8e,,
VirusShare_88cdc4dc8b2b346331f8c1e98cbbdd0d,88cdc4dc8b2b346331f8c1e98cbbdd0d,0,/mnt/datadisk/./datasets/0/VirusShare_88cdc4dc8b2b346331f8c1e98cbbdd0d,,
VirusShare_6b04904cf03ab5d3ff524b13f6f50186,6b04904cf03ab5d3ff524b13f6f50186,0,/mnt/datadisk/./datasets/0/VirusShare_6b04904cf03ab5d3ff524b13f6f50186,,
VirusShare_a62579f756516ec6fb5a8483a3f3faac,a62579f756516ec6fb5a8483a3f3faac,1,/mnt/datadisk/./datasets/1/VirusShare_a62579f756516ec6fb5a8483a3f3faac,,
VirusShare_6d4cfd715af329612b018f0030917b8b,6d4cfd715af329612b018f0030917b8b,0,/mnt/datadisk/./datasets/0/VirusShare_6d4cfd715af329612b018f0030917b8b,,
VirusShare_218d5d629f4e0128a36aa775c5a62be0,218d5d629f4e0128a36aa775c5a62be0,1,/mnt/datadisk/./datasets/1/VirusShare_218d5d629f4e0128a36aa775c5a62be0,,
VirusShare_d3a56950111e7334d3e91dfe0cb2f896,d3a56950111e7334d3e91dfe0cb2f896,0,/mnt/datadisk/./datasets/0/VirusShare_d3a56950111e7334d3e91dfe0cb2f896,,
VirusShare_929fbb7750086a389c0a56756feab472,929fbb7750086a389c0a56756feab472,0,/mnt/datadisk/./datasets/0/VirusShare_929fbb7750086a389c0a56756feab472,,
VirusShare_8aec72f0923b365d321bbd7228747636,8aec72f0923b365d321bbd7228747636,0,/mnt/datadisk/./datasets/0/VirusShare_8aec72f0923b365d321bbd7228747636,,
VirusShare_2ff9cb721eeeca36c89d15d6e9705f4f,2ff9cb721eeeca36c89d15d6e9705f4f,1,/mnt/datadisk/./datasets/1/VirusShare_2ff9cb721eeeca36c89d15d6e9705f4f,,
VirusShare_11821df0179e7acadb1226ffb045b8cf,11821df0179e7acadb1226ffb045b8cf,1,/mnt/datadisk/./datasets/1/VirusShare_11821df0179e7acadb1226ffb045b8cf,,
VirusShare_49423dfe15fc83479a1714760ae25d1a,49423dfe15fc83479a1714760ae25d1a,1,/mnt/datadisk/./datasets/1/VirusShare_49423dfe15fc83479a1714760ae25d1a,,
VirusShare_c7530656fde761880e8d9f34cf4ab337,c7530656fde761880e8d9f34cf4ab337,0,/mnt/datadisk/./datasets/0/VirusShare_c7530656fde761880e8d9f34cf4ab337,,
VirusShare_b60b35ac314e92d64dfb7eebb8ba0bd9,b60b35ac314e92d64dfb7eebb8ba0bd9,0,/mnt/datadisk/./datasets/0/VirusShare_b60b35ac314e92d64dfb7eebb8ba0bd9,,
VirusShare_df387cd512dc13db14be199cee7f7bad,df387cd512dc13db14be199cee7f7bad,1,/mnt/datadisk/./datasets/1/VirusShare_df387cd512dc13db14be199cee7f7bad,,
VirusShare_160c37f37725640d1fe248ceab3b915b,160c37f37725640d1fe248ceab3b915b,0,/mnt/datadisk/./datasets/0/VirusShare_160c37f37725640d1fe248ceab3b915b,,
VirusShare_81722deacd51b5787fb7a6c0b85c872d,81722deacd51b5787fb7a6c0b85c872d,0,/mnt/datadisk/./datasets/0/VirusShare_81722deacd51b5787fb7a6c0b85c872d,,
VirusShare_ab80459d13bb024c39db71858f22e517,ab80459d13bb024c39db71858f22e517,1,/mnt/datadisk/./datasets/1/VirusShare_ab80459d13bb024c39db71858f22e517,,
VirusShare_822437991b7d24fb8217df93f1a8d64c,822437991b7d24fb8217df93f1a8d64c,0,/mnt/datadisk/./datasets/0/VirusShare_822437991b7d24fb8217df93f1a8d64c,,
VirusShare_fe021c79490ace0a4284095c00567cd4,fe021c79490ace0a4284095c00567cd4,0,/mnt/datadisk/./datasets/0/VirusShare_fe021c79490ace0a4284095c00567cd4,,
VirusShare_09cb75f6c608cd7654d3de7dd769b9cb,09cb75f6c608cd7654d3de7dd769b9cb,1,/mnt/datadisk/./datasets/1/VirusShare_09cb75f6c608cd7654d3de7dd769b9cb,,
VirusShare_d57a47e4f750addd9e703cec987330aa,d57a47e4f750addd9e703cec987330aa,0,/mnt/datadisk/./datasets/0/VirusShare_d57a47e4f750addd9e703cec987330aa,,
VirusShare_c5d82f37fb6eac56e0ae1d498fbe8206,c5d82f37fb6eac56e0ae1d498fbe8206,0,/mnt/datadisk/./datasets/0/VirusShare_c5d82f37fb6eac56e0ae1d498fbe8206,,
VirusShare_12c653e7d964db421b4c7d25c888534d,12c653e7d964db421b4c7d25c888534d,0,/mnt/datadisk/./datasets/0/VirusShare_12c653e7d964db421b4c7d25c888534d,,
VirusShare_b6ff08d9ba3719f53ce0b1faac6e857b,b6ff08d9ba3719f53ce0b1faac6e857b,1,/mnt/datadisk/./datasets/1/VirusShare_b6ff08d9ba3719f53ce0b1faac6e857b,,
VirusShare_a5c0f5e1681772635d3b8156b46a11f3,a5c0f5e1681772635d3b8156b46a11f3,0,/mnt/datadisk/./datasets/0/VirusShare_a5c0f5e1681772635d3b8156b46a11f3,,
VirusShare_cca7131574b4247a9f67e0cad85e17d3,cca7131574b4247a9f67e0cad85e17d3,0,/mnt/datadisk/./datasets/0/VirusShare_cca7131574b4247a9f67e0cad85e17d3,,
VirusShare_e0277a389e474302c526017169c5a84d,e0277a389e474302c526017169c5a84d,0,/mnt/datadisk/./datasets/0/VirusShare_e0277a389e474302c526017169c5a84d,,
VirusShare_9c7d5523a8408114de7f37aa0e45bee2,9c7d5523a8408114de7f37aa0e45bee2,1,/mnt/datadisk/./datasets/1/VirusShare_9c7d5523a8408114de7f37aa0e45bee2,,
VirusShare_131fef31b5a8e294f2ad26c39c4c67d7,131fef31b5a8e294f2ad26c39c4c67d7,1,/mnt/datadisk/./datasets/1/VirusShare_131fef31b5a8e294f2ad26c39c4c67d7,,
VirusShare_5c84532840d78082a31b849b285a6648,5c84532840d78082a31b849b285a6648,0,/mnt/datadisk/./datasets/0/VirusShare_5c84532840d78082a31b849b285a6648,,
VirusShare_fe8c275a5740709d1bb8c9e22f57615c,fe8c275a5740709d1bb8c9e22f57615c,0,/mnt/datadisk/./datasets/0/VirusShare_fe8c275a5740709d1bb8c9e22f57615c,,
VirusShare_47309788d158da4972ee39c47b92dcbc,47309788d158da4972ee39c47b92dcbc,0,/mnt/datadisk/./datasets/0/VirusShare_47309788d158da4972ee39c47b92dcbc,,
VirusShare_c04532d2a45675f5ffe9ed4a8e4c84c6,c04532d2a45675f5ffe9ed4a8e4c84c6,0,/mnt/datadisk/./datasets/0/VirusShare_c04532d2a45675f5ffe9ed4a8e4c84c6,,
VirusShare_20202fee1627757d476cade9fa911556,20202fee1627757d476cade9fa911556,0,/mnt/datadisk/./datasets/0/VirusShare_20202fee1627757d476cade9fa911556,,
VirusShare_38565a317a40207fe5f49c012e35d8fb,38565a317a40207fe5f49c012e35d8fb,1,/mnt/datadisk/./datasets/1/VirusShare_38565a317a40207fe5f49c012e35d8fb,,
VirusShare_1a420d2dbfce67d99531211f4a7c8ea5,1a420d2dbfce67d99531211f4a7c8ea5,1,/mnt/datadisk/./datasets/1/VirusShare_1a420d2dbfce67d99531211f4a7c8ea5,,
VirusShare_1d9de21b8d6f4d9ef2add584a1ab1baa,1d9de21b8d6f4d9ef2add584a1ab1baa,1,/mnt/datadisk/./datasets/1/VirusShare_1d9de21b8d6f4d9ef2add584a1ab1baa,,
VirusShare_4d2e36e66c0a6b7552b97bd5034fdcbb,4d2e36e66c0a6b7552b97bd5034fdcbb,0,/mnt/datadisk/./datasets/0/VirusShare_4d2e36e66c0a6b7552b97bd5034fdcbb,,
VirusShare_0964bf7298b46392573205bd72294518,0964bf7298b46392573205bd72294518,0,/mnt/datadisk/./datasets/0/VirusShare_0964bf7298b46392573205bd72294518,,
VirusShare_ea1842e7a719fd2d44720f21807a8d9f,ea1842e7a719fd2d44720f21807a8d9f,0,/mnt/datadisk/./datasets/0/VirusShare_ea1842e7a719fd2d44720f21807a8d9f,,
VirusShare_0d3e7e7affded3c3e402b87f261e27c3,0d3e7e7affded3c3e402b87f261e27c3,1,/mnt/datadisk/./datasets/1/VirusShare_0d3e7e7affded3c3e402b87f261e27c3,,
VirusShare_ef7c188f2cb857ad2ba2177dfb9e1245,ef7c188f2cb857ad2ba2177dfb9e1245,0,/mnt/datadisk/./datasets/0/VirusShare_ef7c188f2cb857ad2ba2177dfb9e1245,,
VirusShare_a8e5c768c6771ccc7242ba0157ce7cb0,a8e5c768c6771ccc7242ba0157ce7cb0,0,/mnt/datadisk/./datasets/0/VirusShare_a8e5c768c6771ccc7242ba0157ce7cb0,,
VirusShare_1bf2866754b5576e8181b118717a4781,1bf2866754b5576e8181b118717a4781,1,/mnt/datadisk/./datasets/1/VirusShare_1bf2866754b5576e8181b118717a4781,,
VirusShare_bb966e14167695b583d58021eea98a77,bb966e14167695b583d58021eea98a77,0,/mnt/datadisk/./datasets/0/VirusShare_bb966e14167695b583d58021eea98a77,,
VirusShare_2e14d04b067c471af43cf97bbb9f12d0,2e14d04b067c471af43cf97bbb9f12d0,0,/mnt/datadisk/./datasets/0/VirusShare_2e14d04b067c471af43cf97bbb9f12d0,,
VirusShare_313c56260b1830590491fc67b02f3876,313c56260b1830590491fc67b02f3876,1,/mnt/datadisk/./datasets/1/VirusShare_313c56260b1830590491fc67b02f3876,,
VirusShare_206fe30197a6e1be6cacb9951e2d5248,206fe30197a6e1be6cacb9951e2d5248,0,/mnt/datadisk/./datasets/0/VirusShare_206fe30197a6e1be6cacb9951e2d5248,,
VirusShare_d516040571440c1038c6d790d7e08462,d516040571440c1038c6d790d7e08462,0,/mnt/datadisk/./datasets/0/VirusShare_d516040571440c1038c6d790d7e08462,,
VirusShare_634845ae3197d2ed7441b0e5ca5a34b7,634845ae3197d2ed7441b0e5ca5a34b7,0,/mnt/datadisk/./datasets/0/VirusShare_634845ae3197d2ed7441b0e5ca5a34b7,,
VirusShare_901a418c965280fbad9fcd1939887ade,901a418c965280fbad9fcd1939887ade,0,/mnt/datadisk/./datasets/0/VirusShare_901a418c965280fbad9fcd1939887ade,,
VirusShare_b322a84e50d9405fba6e0535e92c2066,b322a84e50d9405fba6e0535e92c2066,1,/mnt/datadisk/./datasets/1/VirusShare_b322a84e50d9405fba6e0535e92c2066,,
VirusShare_64039064c841544f0a508f546a64640d,64039064c841544f0a508f546a64640d,0,/mnt/datadisk/./datasets/0/VirusShare_64039064c841544f0a508f546a64640d,,
VirusShare_748dc79932cf792d9d4f94dcdcc5c477,748dc79932cf792d9d4f94dcdcc5c477,0,/mnt/datadisk/./datasets/0/VirusShare_748dc79932cf792d9d4f94dcdcc5c477,,
VirusShare_26575b77b6a1a0b109ebec6797c5e501,26575b77b6a1a0b109ebec6797c5e501,0,/mnt/datadisk/./datasets/0/VirusShare_26575b77b6a1a0b109ebec6797c5e501,,
VirusShare_dec33498827be1da6e38e32f48a22216,dec33498827be1da6e38e32f48a22216,1,/mnt/datadisk/./datasets/1/VirusShare_dec33498827be1da6e38e32f48a22216,,
VirusShare_4d3831bca8a89fe4205ac5f7b70f351e,4d3831bca8a89fe4205ac5f7b70f351e,0,/mnt/datadisk/./datasets/0/VirusShare_4d3831bca8a89fe4205ac5f7b70f351e,,
VirusShare_b882b1299c6fbc8c86f9023473a5d748,b882b1299c6fbc8c86f9023473a5d748,1,/mnt/datadisk/./datasets/1/VirusShare_b882b1299c6fbc8c86f9023473a5d748,,
VirusShare_df955cbd49b819bc6d4a6c2fa9686201,df955cbd49b819bc6d4a6c2fa9686201,0,/mnt/datadisk/./datasets/0/VirusShare_df955cbd49b819bc6d4a6c2fa9686201,,
VirusShare_d382f9b36ebc8c80f5d8a286956755e8,d382f9b36ebc8c80f5d8a286956755e8,0,/mnt/datadisk/./datasets/0/VirusShare_d382f9b36ebc8c80f5d8a286956755e8,,
VirusShare_8959dea0d09da1a999ddc115fbd1a676,8959dea0d09da1a999ddc115fbd1a676,0,/mnt/datadisk/./datasets/0/VirusShare_8959dea0d09da1a999ddc115fbd1a676,,
VirusShare_1ebc63e8f28a49b76f54eb08c4a68c2b,1ebc63e8f28a49b76f54eb08c4a68c2b,1,/mnt/datadisk/./datasets/1/VirusShare_1ebc63e8f28a49b76f54eb08c4a68c2b,,
VirusShare_a1b40247dbee015ccbd8b4acfbedb05c,a1b40247dbee015ccbd8b4acfbedb05c,1,/mnt/datadisk/./datasets/1/VirusShare_a1b40247dbee015ccbd8b4acfbedb05c,,
VirusShare_53bc106834aebbe59fc16e1a0b02b32a,53bc106834aebbe59fc16e1a0b02b32a,1,/mnt/datadisk/./datasets/1/VirusShare_53bc106834aebbe59fc16e1a0b02b32a,,
VirusShare_6ff7b5e27a0356e41ad6b08efedf152f,6ff7b5e27a0356e41ad6b08efedf152f,1,/mnt/datadisk/./datasets/1/VirusShare_6ff7b5e27a0356e41ad6b08efedf152f,,
VirusShare_c676c815740015ddc6ce8ad97a4000fb,c676c815740015ddc6ce8ad97a4000fb,1,/mnt/datadisk/./datasets/1/VirusShare_c676c815740015ddc6ce8ad97a4000fb,,
VirusShare_eb038bc50a3aa9afda37920d56c16361,eb038bc50a3aa9afda37920d56c16361,0,/mnt/datadisk/./datasets/0/VirusShare_eb038bc50a3aa9afda37920d56c16361,,
VirusShare_4c87430644e55eae3671d8a95170dfb3,4c87430644e55eae3671d8a95170dfb3,0,/mnt/datadisk/./datasets/0/VirusShare_4c87430644e55eae3671d8a95170dfb3,,
VirusShare_204a9aa1ea906ad7f1ee0703c9421811,204a9aa1ea906ad7f1ee0703c9421811,1,/mnt/datadisk/./datasets/1/VirusShare_204a9aa1ea906ad7f1ee0703c9421811,,
VirusShare_63ec6767dd3303142fe2400f00be38f8,63ec6767dd3303142fe2400f00be38f8,1,/mnt/datadisk/./datasets/1/VirusShare_63ec6767dd3303142fe2400f00be38f8,,
VirusShare_4b2636d5375fabaf5210326d7ddf380a,4b2636d5375fabaf5210326d7ddf380a,0,/mnt/datadisk/./datasets/0/VirusShare_4b2636d5375fabaf5210326d7ddf380a,,
VirusShare_b93e5a2e8779157d93c4e483cf5f1e06,b93e5a2e8779157d93c4e483cf5f1e06,1,/mnt/datadisk/./datasets/1/VirusShare_b93e5a2e8779157d93c4e483cf5f1e06,,
VirusShare_822a348a5c6bb6d32f8ce0b2bacd9ee4,822a348a5c6bb6d32f8ce0b2bacd9ee4,0,/mnt/datadisk/./datasets/0/VirusShare_822a348a5c6bb6d32f8ce0b2bacd9ee4,,
VirusShare_8eaab567738a3784356a770b2c540dc6,8eaab567738a3784356a770b2c540dc6,1,/mnt/datadisk/./datasets/1/VirusShare_8eaab567738a3784356a770b2c540dc6,,
VirusShare_ce32331eefc0fd2380cb98027944a0ce,ce32331eefc0fd2380cb98027944a0ce,1,/mnt/datadisk/./datasets/1/VirusShare_ce32331eefc0fd2380cb98027944a0ce,,
VirusShare_3448cdbb28e615e34f3a0d8cece312fe,3448cdbb28e615e34f3a0d8cece312fe,0,/mnt/datadisk/./datasets/0/VirusShare_3448cdbb28e615e34f3a0d8cece312fe,,
VirusShare_0682a9f5123addd86cb7f295c67ab518,0682a9f5123addd86cb7f295c67ab518,1,/mnt/datadisk/./datasets/1/VirusShare_0682a9f5123addd86cb7f295c67ab518,,
VirusShare_688b9b0875043ddfcf38393dd95b984e,688b9b0875043ddfcf38393dd95b984e,0,/mnt/datadisk/./datasets/0/VirusShare_688b9b0875043ddfcf38393dd95b984e,,
VirusShare_b90aa4c6b244b2619d91e40e5b4b8a48,b90aa4c6b244b2619d91e40e5b4b8a48,0,/mnt/datadisk/./datasets/0/VirusShare_b90aa4c6b244b2619d91e40e5b4b8a48,,
VirusShare_4f3e60ef75de67fc2804cc51bb4f5272,4f3e60ef75de67fc2804cc51bb4f5272,0,/mnt/datadisk/./datasets/0/VirusShare_4f3e60ef75de67fc2804cc51bb4f5272,,
VirusShare_810ec5806eac6c27ff7e85ed00b19f30,810ec5806eac6c27ff7e85ed00b19f30,0,/mnt/datadisk/./datasets/0/VirusShare_810ec5806eac6c27ff7e85ed00b19f30,,
VirusShare_71dd0afcc82cd5d7727cfd4e77198b1f,71dd0afcc82cd5d7727cfd4e77198b1f,0,/mnt/datadisk/./datasets/0/VirusShare_71dd0afcc82cd5d7727cfd4e77198b1f,,
VirusShare_3bef096c03adb16e2f303b86af3dc2ea,3bef096c03adb16e2f303b86af3dc2ea,0,/mnt/datadisk/./datasets/0/VirusShare_3bef096c03adb16e2f303b86af3dc2ea,,
VirusShare_95a84f35123fbc4bf54820868d70629d,95a84f35123fbc4bf54820868d70629d,0,/mnt/datadisk/./datasets/0/VirusShare_95a84f35123fbc4bf54820868d70629d,,
VirusShare_f60c9882887751ec3ef1fa3679e49b9c,f60c9882887751ec3ef1fa3679e49b9c,0,/mnt/datadisk/./datasets/0/VirusShare_f60c9882887751ec3ef1fa3679e49b9c,,
VirusShare_bfc364beb90451c5b5ba4b489f43b4f6,bfc364beb90451c5b5ba4b489f43b4f6,1,/mnt/datadisk/./datasets/1/VirusShare_bfc364beb90451c5b5ba4b489f43b4f6,,
VirusShare_944ed7b82a2a7951e5d0d5c5f4b011e0,944ed7b82a2a7951e5d0d5c5f4b011e0,1,/mnt/datadisk/./datasets/1/VirusShare_944ed7b82a2a7951e5d0d5c5f4b011e0,,
VirusShare_e307882feeea63d514d7ba86b5f5a7a2,e307882feeea63d514d7ba86b5f5a7a2,1,/mnt/datadisk/./datasets/1/VirusShare_e307882feeea63d514d7ba86b5f5a7a2,,
VirusShare_3e9af56ede218eb362e02e392f0bcfed,3e9af56ede218eb362e02e392f0bcfed,0,/mnt/datadisk/./datasets/0/VirusShare_3e9af56ede218eb362e02e392f0bcfed,,
VirusShare_ee12890ee9dd4c03228afad1f4d1c02e,ee12890ee9dd4c03228afad1f4d1c02e,0,/mnt/datadisk/./datasets/0/VirusShare_ee12890ee9dd4c03228afad1f4d1c02e,,
VirusShare_36bf1a6083c2cee9a6da0219aec7a66a,36bf1a6083c2cee9a6da0219aec7a66a,0,/mnt/datadisk/./datasets/0/VirusShare_36bf1a6083c2cee9a6da0219aec7a66a,,
VirusShare_773eb86dbf0fd1fd8a1bc2b4e5631875,773eb86dbf0fd1fd8a1bc2b4e5631875,0,/mnt/datadisk/./datasets/0/VirusShare_773eb86dbf0fd1fd8a1bc2b4e5631875,,
VirusShare_77486e9e039c1bbffaf31b569c8f451f,77486e9e039c1bbffaf31b569c8f451f,0,/mnt/datadisk/./datasets/0/VirusShare_77486e9e039c1bbffaf31b569c8f451f,,
VirusShare_c52fb386d8b0152309b2b8e546441059,c52fb386d8b0152309b2b8e546441059,0,/mnt/datadisk/./datasets/0/VirusShare_c52fb386d8b0152309b2b8e546441059,,
VirusShare_d6c14b7965d39f31264dc2306917c4af,d6c14b7965d39f31264dc2306917c4af,0,/mnt/datadisk/./datasets/0/VirusShare_d6c14b7965d39f31264dc2306917c4af,,
VirusShare_b85aa85f18ab167cdbd9d121eca2b0d2,b85aa85f18ab167cdbd9d121eca2b0d2,1,/mnt/datadisk/./datasets/1/VirusShare_b85aa85f18ab167cdbd9d121eca2b0d2,,
VirusShare_093c2a902a7a1afd699ce07bad560910,093c2a902a7a1afd699ce07bad560910,0,/mnt/datadisk/./datasets/0/VirusShare_093c2a902a7a1afd699ce07bad560910,,
VirusShare_880bc897b6a812d59049a22779702d67,880bc897b6a812d59049a22779702d67,0,/mnt/datadisk/./datasets/0/VirusShare_880bc897b6a812d59049a22779702d67,,
VirusShare_026f4996b784e39fa4488cd71ea7b60b,026f4996b784e39fa4488cd71ea7b60b,1,/mnt/datadisk/./datasets/1/VirusShare_026f4996b784e39fa4488cd71ea7b60b,,
VirusShare_b6efbd280413f6f98cfd3847370844d4,b6efbd280413f6f98cfd3847370844d4,0,/mnt/datadisk/./datasets/0/VirusShare_b6efbd280413f6f98cfd3847370844d4,,
VirusShare_3c424a5687702f0064d6881187fab3dc,3c424a5687702f0064d6881187fab3dc,0,/mnt/datadisk/./datasets/0/VirusShare_3c424a5687702f0064d6881187fab3dc,,
VirusShare_b900021b1094b691680095f532dae63f,b900021b1094b691680095f532dae63f,1,/mnt/datadisk/./datasets/1/VirusShare_b900021b1094b691680095f532dae63f,,
VirusShare_5d56e27020d710f00e5effc4ba2beac0,5d56e27020d710f00e5effc4ba2beac0,0,/mnt/datadisk/./datasets/0/VirusShare_5d56e27020d710f00e5effc4ba2beac0,,
VirusShare_d6dc4bfd02b2951161d247eb36b96468,d6dc4bfd02b2951161d247eb36b96468,0,/mnt/datadisk/./datasets/0/VirusShare_d6dc4bfd02b2951161d247eb36b96468,,
VirusShare_e66c2377b5f989541ffcd7fab2431229,e66c2377b5f989541ffcd7fab2431229,0,/mnt/datadisk/./datasets/0/VirusShare_e66c2377b5f989541ffcd7fab2431229,,
VirusShare_a87626467d3b0d695d79da1a212f4215,a87626467d3b0d695d79da1a212f4215,1,/mnt/datadisk/./datasets/1/VirusShare_a87626467d3b0d695d79da1a212f4215,,
VirusShare_38bc09d5d4e9bf62f66dcbf86f0f820a,38bc09d5d4e9bf62f66dcbf86f0f820a,0,/mnt/datadisk/./datasets/0/VirusShare_38bc09d5d4e9bf62f66dcbf86f0f820a,,
VirusShare_18da93c97528052602418ba5520a9aec,18da93c97528052602418ba5520a9aec,0,/mnt/datadisk/./datasets/0/VirusShare_18da93c97528052602418ba5520a9aec,,
VirusShare_3bbdc0c1cc7fef659163b1ada861012b,3bbdc0c1cc7fef659163b1ada861012b,0,/mnt/datadisk/./datasets/0/VirusShare_3bbdc0c1cc7fef659163b1ada861012b,,
VirusShare_45c3221fbab7731cc67fd7e3b67db447,45c3221fbab7731cc67fd7e3b67db447,0,/mnt/datadisk/./datasets/0/VirusShare_45c3221fbab7731cc67fd7e3b67db447,,
VirusShare_c9760e190d9fe9c1a45f9e3863cdb2f6,c9760e190d9fe9c1a45f9e3863cdb2f6,0,/mnt/datadisk/./datasets/0/VirusShare_c9760e190d9fe9c1a45f9e3863cdb2f6,,
VirusShare_2e8263b8511e1fdb3a1a423a489ac33c,2e8263b8511e1fdb3a1a423a489ac33c,0,/mnt/datadisk/./datasets/0/VirusShare_2e8263b8511e1fdb3a1a423a489ac33c,,
VirusShare_1c86e0c94c87fd06cd20e287dd14b67e,1c86e0c94c87fd06cd20e287dd14b67e,0,/mnt/datadisk/./datasets/0/VirusShare_1c86e0c94c87fd06cd20e287dd14b67e,,
VirusShare_2622932c258d39dad7e825d05e93525f,2622932c258d39dad7e825d05e93525f,0,/mnt/datadisk/./datasets/0/VirusShare_2622932c258d39dad7e825d05e93525f,,
VirusShare_43b5a4d8194ec958bbb27a46cb1fd064,43b5a4d8194ec958bbb27a46cb1fd064,0,/mnt/datadisk/./datasets/0/VirusShare_43b5a4d8194ec958bbb27a46cb1fd064,,
VirusShare_1f087215932979f2ee843abc4ba51d10,1f087215932979f2ee843abc4ba51d10,1,/mnt/datadisk/./datasets/1/VirusShare_1f087215932979f2ee843abc4ba51d10,,
VirusShare_52e338f776409a7ad2aad9476f6f0c05,52e338f776409a7ad2aad9476f6f0c05,0,/mnt/datadisk/./datasets/0/VirusShare_52e338f776409a7ad2aad9476f6f0c05,,
VirusShare_a3f6faf0e4cbcabeb2a57d7bf27a67f9,a3f6faf0e4cbcabeb2a57d7bf27a67f9,0,/mnt/datadisk/./datasets/0/VirusShare_a3f6faf0e4cbcabeb2a57d7bf27a67f9,,
VirusShare_63b9aad2c19168b54939b8d9b309da83,63b9aad2c19168b54939b8d9b309da83,0,/mnt/datadisk/./datasets/0/VirusShare_63b9aad2c19168b54939b8d9b309da83,,
VirusShare_6ae70b7546ef05e09c9b75e32ad1caff,6ae70b7546ef05e09c9b75e32ad1caff,0,/mnt/datadisk/./datasets/0/VirusShare_6ae70b7546ef05e09c9b75e32ad1caff,,
VirusShare_1c7e79242eedfd99e7590bb1ff6eeed4,1c7e79242eedfd99e7590bb1ff6eeed4,0,/mnt/datadisk/./datasets/0/VirusShare_1c7e79242eedfd99e7590bb1ff6eeed4,,
VirusShare_7151bcb3ad063d6d1975168fc5a2f0b5,7151bcb3ad063d6d1975168fc5a2f0b5,0,/mnt/datadisk/./datasets/0/VirusShare_7151bcb3ad063d6d1975168fc5a2f0b5,,
VirusShare_6c0c057a1a62357bb23295274892ec2d,6c0c057a1a62357bb23295274892ec2d,0,/mnt/datadisk/./datasets/0/VirusShare_6c0c057a1a62357bb23295274892ec2d,,
VirusShare_5f6f46bfddb92bd0c8ef4a3026453b9d,5f6f46bfddb92bd0c8ef4a3026453b9d,0,/mnt/datadisk/./datasets/0/VirusShare_5f6f46bfddb92bd0c8ef4a3026453b9d,,
VirusShare_f94cc4a8bc7778ad06c46dea2fcae015,f94cc4a8bc7778ad06c46dea2fcae015,1,/mnt/datadisk/./datasets/1/VirusShare_f94cc4a8bc7778ad06c46dea2fcae015,,
VirusShare_35eb4fdc5a75cf2e2f4754aff067d9d3,35eb4fdc5a75cf2e2f4754aff067d9d3,1,/mnt/datadisk/./datasets/1/VirusShare_35eb4fdc5a75cf2e2f4754aff067d9d3,,
VirusShare_213d3b496e6a362e8589d09ecbf01a5d,213d3b496e6a362e8589d09ecbf01a5d,0,/mnt/datadisk/./datasets/0/VirusShare_213d3b496e6a362e8589d09ecbf01a5d,,
VirusShare_43d631813465242b0417fbd2beddc413,43d631813465242b0417fbd2beddc413,0,/mnt/datadisk/./datasets/0/VirusShare_43d631813465242b0417fbd2beddc413,,
VirusShare_de1cf00a6287daaa158f605bdb2f83fc,de1cf00a6287daaa158f605bdb2f83fc,1,/mnt/datadisk/./datasets/1/VirusShare_de1cf00a6287daaa158f605bdb2f83fc,,
VirusShare_a56e32bf0b2b072a77c559d1e14154d3,a56e32bf0b2b072a77c559d1e14154d3,0,/mnt/datadisk/./datasets/0/VirusShare_a56e32bf0b2b072a77c559d1e14154d3,,
VirusShare_1f0f2f1580cdde7565595387809f4fb0,1f0f2f1580cdde7565595387809f4fb0,0,/mnt/datadisk/./datasets/0/VirusShare_1f0f2f1580cdde7565595387809f4fb0,,
VirusShare_146c86dc82f768e495e628246fdc26fb,146c86dc82f768e495e628246fdc26fb,0,/mnt/datadisk/./datasets/0/VirusShare_146c86dc82f768e495e628246fdc26fb,,
VirusShare_df1c58b43e08931ce46ca82deac36486,df1c58b43e08931ce46ca82deac36486,1,/mnt/datadisk/./datasets/1/VirusShare_df1c58b43e08931ce46ca82deac36486,,
VirusShare_bedeca88d30c3b96406308e6c25759a0,bedeca88d30c3b96406308e6c25759a0,0,/mnt/datadisk/./datasets/0/VirusShare_bedeca88d30c3b96406308e6c25759a0,,
VirusShare_fd493b70051749831cb6a7277db20596,fd493b70051749831cb6a7277db20596,0,/mnt/datadisk/./datasets/0/VirusShare_fd493b70051749831cb6a7277db20596,,
VirusShare_2b348961de19fa30069d45a2e02d5527,2b348961de19fa30069d45a2e02d5527,1,/mnt/datadisk/./datasets/1/VirusShare_2b348961de19fa30069d45a2e02d5527,,
VirusShare_ede600e17efa4a39582ebb079560ce33,ede600e17efa4a39582ebb079560ce33,1,/mnt/datadisk/./datasets/1/VirusShare_ede600e17efa4a39582ebb079560ce33,,
VirusShare_73d7258ffb3c1bf482e1fd7f700bcbfe,73d7258ffb3c1bf482e1fd7f700bcbfe,0,/mnt/datadisk/./datasets/0/VirusShare_73d7258ffb3c1bf482e1fd7f700bcbfe,,
VirusShare_6482bde4a57f6f4513fbb8bfa9861294,6482bde4a57f6f4513fbb8bfa9861294,0,/mnt/datadisk/./datasets/0/VirusShare_6482bde4a57f6f4513fbb8bfa9861294,,
VirusShare_ec033d830f59d9d3650e850378615187,ec033d830f59d9d3650e850378615187,0,/mnt/datadisk/./datasets/0/VirusShare_ec033d830f59d9d3650e850378615187,,
VirusShare_ecf8685cbbf46f270904de90a061b707,ecf8685cbbf46f270904de90a061b707,0,/mnt/datadisk/./datasets/0/VirusShare_ecf8685cbbf46f270904de90a061b707,,
VirusShare_02002aeaf2480fc0172192cefd0e5e37,02002aeaf2480fc0172192cefd0e5e37,0,/mnt/datadisk/./datasets/0/VirusShare_02002aeaf2480fc0172192cefd0e5e37,,
VirusShare_d3af0035c263da10d489a27c4e2a06cf,d3af0035c263da10d489a27c4e2a06cf,0,/mnt/datadisk/./datasets/0/VirusShare_d3af0035c263da10d489a27c4e2a06cf,,
VirusShare_cbacfede45047ab3bf3126c87d584365,cbacfede45047ab3bf3126c87d584365,1,/mnt/datadisk/./datasets/1/VirusShare_cbacfede45047ab3bf3126c87d584365,,
VirusShare_b6799d3eb8653effaefe0d1937285b2f,b6799d3eb8653effaefe0d1937285b2f,0,/mnt/datadisk/./datasets/0/VirusShare_b6799d3eb8653effaefe0d1937285b2f,,
VirusShare_1d967b31b8e65f241605d4ff739aad9a,1d967b31b8e65f241605d4ff739aad9a,1,/mnt/datadisk/./datasets/1/VirusShare_1d967b31b8e65f241605d4ff739aad9a,,
VirusShare_da771f8285b5f7014917531be8fc2e70,da771f8285b5f7014917531be8fc2e70,1,/mnt/datadisk/./datasets/1/VirusShare_da771f8285b5f7014917531be8fc2e70,,
VirusShare_3925974399225b2c64764caf65c7cf20,3925974399225b2c64764caf65c7cf20,0,/mnt/datadisk/./datasets/0/VirusShare_3925974399225b2c64764caf65c7cf20,,
VirusShare_bf1d4c98ee0e8f4d7524f63fc48205ff,bf1d4c98ee0e8f4d7524f63fc48205ff,1,/mnt/datadisk/./datasets/1/VirusShare_bf1d4c98ee0e8f4d7524f63fc48205ff,,
VirusShare_75165840510f229c87e212e6a792e33e,75165840510f229c87e212e6a792e33e,1,/mnt/datadisk/./datasets/1/VirusShare_75165840510f229c87e212e6a792e33e,,
VirusShare_17c8ad633d5e569a65a9f56b0d881cb5,17c8ad633d5e569a65a9f56b0d881cb5,1,/mnt/datadisk/./datasets/1/VirusShare_17c8ad633d5e569a65a9f56b0d881cb5,,
VirusShare_6ebc8e0d84277b70584a02f6060d9e36,6ebc8e0d84277b70584a02f6060d9e36,0,/mnt/datadisk/./datasets/0/VirusShare_6ebc8e0d84277b70584a02f6060d9e36,,
VirusShare_84c9b4e659242532474017011afee163,84c9b4e659242532474017011afee163,0,/mnt/datadisk/./datasets/0/VirusShare_84c9b4e659242532474017011afee163,,
VirusShare_c947531dc995cd16380ce128e4c12228,c947531dc995cd16380ce128e4c12228,0,/mnt/datadisk/./datasets/0/VirusShare_c947531dc995cd16380ce128e4c12228,,
VirusShare_ea8b2d7126b64285a69bfc7c4275d1cd,ea8b2d7126b64285a69bfc7c4275d1cd,0,/mnt/datadisk/./datasets/0/VirusShare_ea8b2d7126b64285a69bfc7c4275d1cd,,
VirusShare_9942f5a01c46dbf90ab1bbf0ae4b7861,9942f5a01c46dbf90ab1bbf0ae4b7861,0,/mnt/datadisk/./datasets/0/VirusShare_9942f5a01c46dbf90ab1bbf0ae4b7861,,
VirusShare_e123fe753006854bea426cf7b3d83942,e123fe753006854bea426cf7b3d83942,0,/mnt/datadisk/./datasets/0/VirusShare_e123fe753006854bea426cf7b3d83942,,
VirusShare_36764dfa2e35c8a044970ba6a484d13d,36764dfa2e35c8a044970ba6a484d13d,0,/mnt/datadisk/./datasets/0/VirusShare_36764dfa2e35c8a044970ba6a484d13d,,
VirusShare_00378eaff525b512d1e29d4ad51af6a7,00378eaff525b512d1e29d4ad51af6a7,1,/mnt/datadisk/./datasets/1/VirusShare_00378eaff525b512d1e29d4ad51af6a7,,
VirusShare_c21c4e8321e65cbf84369be479a0948a,c21c4e8321e65cbf84369be479a0948a,0,/mnt/datadisk/./datasets/0/VirusShare_c21c4e8321e65cbf84369be479a0948a,,
VirusShare_40820499fae08157a610e93a3951e4d4,40820499fae08157a610e93a3951e4d4,1,/mnt/datadisk/./datasets/1/VirusShare_40820499fae08157a610e93a3951e4d4,,
VirusShare_788b041dd1a7d19ef988aca2f973b443,788b041dd1a7d19ef988aca2f973b443,1,/mnt/datadisk/./datasets/1/VirusShare_788b041dd1a7d19ef988aca2f973b443,,
VirusShare_68adea1f085dea41ce3b6aa07fd1f2e7,68adea1f085dea41ce3b6aa07fd1f2e7,0,/mnt/datadisk/./datasets/0/VirusShare_68adea1f085dea41ce3b6aa07fd1f2e7,,
VirusShare_6544594e51cfc05770a50aaf232b721b,6544594e51cfc05770a50aaf232b721b,1,/mnt/datadisk/./datasets/1/VirusShare_6544594e51cfc05770a50aaf232b721b,,
VirusShare_7d4e8c245c3b3c90de4abe1bef6ad41a,7d4e8c245c3b3c90de4abe1bef6ad41a,1,/mnt/datadisk/./datasets/1/VirusShare_7d4e8c245c3b3c90de4abe1bef6ad41a,,
VirusShare_7268b9bb7a8cfc17aada8ce822189593,7268b9bb7a8cfc17aada8ce822189593,0,/mnt/datadisk/./datasets/0/VirusShare_7268b9bb7a8cfc17aada8ce822189593,,
VirusShare_b2456061caa305994fcf40f2fe44d6b4,b2456061caa305994fcf40f2fe44d6b4,0,/mnt/datadisk/./datasets/0/VirusShare_b2456061caa305994fcf40f2fe44d6b4,,
VirusShare_85046498abc6cbdd9808c34f47aebb25,85046498abc6cbdd9808c34f47aebb25,0,/mnt/datadisk/./datasets/0/VirusShare_85046498abc6cbdd9808c34f47aebb25,,
VirusShare_6941b638940033186c68a9abb6a55850,6941b638940033186c68a9abb6a55850,1,/mnt/datadisk/./datasets/1/VirusShare_6941b638940033186c68a9abb6a55850,,
VirusShare_727881394626da70fd5a7f9d80e096cf,727881394626da70fd5a7f9d80e096cf,0,/mnt/datadisk/./datasets/0/VirusShare_727881394626da70fd5a7f9d80e096cf,,
VirusShare_91209bfd1bf6fc4afa13fe8b8aef40e0,91209bfd1bf6fc4afa13fe8b8aef40e0,1,/mnt/datadisk/./datasets/1/VirusShare_91209bfd1bf6fc4afa13fe8b8aef40e0,,
VirusShare_cf1caf2af3e5e25a88e3f92acdf333fc,cf1caf2af3e5e25a88e3f92acdf333fc,0,/mnt/datadisk/./datasets/0/VirusShare_cf1caf2af3e5e25a88e3f92acdf333fc,,
VirusShare_8bfe0ea9841610c917e4257571fd16d9,8bfe0ea9841610c917e4257571fd16d9,0,/mnt/datadisk/./datasets/0/VirusShare_8bfe0ea9841610c917e4257571fd16d9,,
VirusShare_d2593b036a3fff02727be775c21e0b69,d2593b036a3fff02727be775c21e0b69,1,/mnt/datadisk/./datasets/1/VirusShare_d2593b036a3fff02727be775c21e0b69,,
VirusShare_57d3cc382e913eb38dfba189fe11d756,57d3cc382e913eb38dfba189fe11d756,0,/mnt/datadisk/./datasets/0/VirusShare_57d3cc382e913eb38dfba189fe11d756,,
VirusShare_663a7171b484d7015fb2f0648d2be0cd,663a7171b484d7015fb2f0648d2be0cd,0,/mnt/datadisk/./datasets/0/VirusShare_663a7171b484d7015fb2f0648d2be0cd,,
VirusShare_fb93137981cf5ba08d4ba71cc4062d6b,fb93137981cf5ba08d4ba71cc4062d6b,1,/mnt/datadisk/./datasets/1/VirusShare_fb93137981cf5ba08d4ba71cc4062d6b,,
VirusShare_b0ff5be2672a2bade3c83144b20c62d1,b0ff5be2672a2bade3c83144b20c62d1,0,/mnt/datadisk/./datasets/0/VirusShare_b0ff5be2672a2bade3c83144b20c62d1,,
VirusShare_646d556988878603555409469310806e,646d556988878603555409469310806e,1,/mnt/datadisk/./datasets/1/VirusShare_646d556988878603555409469310806e,,
VirusShare_f95988c1cb413b6c2a83ba22b4a4c2c7,f95988c1cb413b6c2a83ba22b4a4c2c7,0,/mnt/datadisk/./datasets/0/VirusShare_f95988c1cb413b6c2a83ba22b4a4c2c7,,
VirusShare_53c36996edd92e28847095fcd18d47a4,53c36996edd92e28847095fcd18d47a4,0,/mnt/datadisk/./datasets/0/VirusShare_53c36996edd92e28847095fcd18d47a4,,
VirusShare_a75f5d7ae9c5ae21eea2c228e81e6bca,a75f5d7ae9c5ae21eea2c228e81e6bca,0,/mnt/datadisk/./datasets/0/VirusShare_a75f5d7ae9c5ae21eea2c228e81e6bca,,
VirusShare_a702939ab2a3f6b0cd0c50f33121199f,a702939ab2a3f6b0cd0c50f33121199f,0,/mnt/datadisk/./datasets/0/VirusShare_a702939ab2a3f6b0cd0c50f33121199f,,
VirusShare_892f65fb33581c6c72f152abefbf3e7d,892f65fb33581c6c72f152abefbf3e7d,0,/mnt/datadisk/./datasets/0/VirusShare_892f65fb33581c6c72f152abefbf3e7d,,
VirusShare_9867d59a126b9488eea41127440c8925,9867d59a126b9488eea41127440c8925,0,/mnt/datadisk/./datasets/0/VirusShare_9867d59a126b9488eea41127440c8925,,
VirusShare_9bdfa3add2456a5efccabdad1343fa70,9bdfa3add2456a5efccabdad1343fa70,1,/mnt/datadisk/./datasets/1/VirusShare_9bdfa3add2456a5efccabdad1343fa70,,
VirusShare_5d9966a0e31e34dc656e5dd01882702b,5d9966a0e31e34dc656e5dd01882702b,0,/mnt/datadisk/./datasets/0/VirusShare_5d9966a0e31e34dc656e5dd01882702b,,
VirusShare_943244db3bce1498ee39206c5e0f2bbc,943244db3bce1498ee39206c5e0f2bbc,0,/mnt/datadisk/./datasets/0/VirusShare_943244db3bce1498ee39206c5e0f2bbc,,
VirusShare_1407840317d06f9053f5f21bb22a126c,1407840317d06f9053f5f21bb22a126c,1,/mnt/datadisk/./datasets/1/VirusShare_1407840317d06f9053f5f21bb22a126c,,
VirusShare_32e8c533eb4142a068d52b79d657dc5e,32e8c533eb4142a068d52b79d657dc5e,1,/mnt/datadisk/./datasets/1/VirusShare_32e8c533eb4142a068d52b79d657dc5e,,
VirusShare_feb73606d582c6105cef57eac28519c6,feb73606d582c6105cef57eac28519c6,0,/mnt/datadisk/./datasets/0/VirusShare_feb73606d582c6105cef57eac28519c6,,
VirusShare_d518b530f4a66765407f4fa2a8b98678,d518b530f4a66765407f4fa2a8b98678,0,/mnt/datadisk/./datasets/0/VirusShare_d518b530f4a66765407f4fa2a8b98678,,
VirusShare_a2453ba017ed75197e746fa02cf4754a,a2453ba017ed75197e746fa02cf4754a,0,/mnt/datadisk/./datasets/0/VirusShare_a2453ba017ed75197e746fa02cf4754a,,
VirusShare_bb2ad868f4a986b1d324d3d4e2c650f3,bb2ad868f4a986b1d324d3d4e2c650f3,0,/mnt/datadisk/./datasets/0/VirusShare_bb2ad868f4a986b1d324d3d4e2c650f3,,
VirusShare_f4d024b0940875fe164e707ec8476ea1,f4d024b0940875fe164e707ec8476ea1,1,/mnt/datadisk/./datasets/1/VirusShare_f4d024b0940875fe164e707ec8476ea1,,
VirusShare_23bb11260f931799f6f684797f5f9c00,23bb11260f931799f6f684797f5f9c00,1,/mnt/datadisk/./datasets/1/VirusShare_23bb11260f931799f6f684797f5f9c00,,
VirusShare_651e380b2949ec0a2a0f064e46851a4a,651e380b2949ec0a2a0f064e46851a4a,1,/mnt/datadisk/./datasets/1/VirusShare_651e380b2949ec0a2a0f064e46851a4a,,
VirusShare_4e815b40fe5217fb2a10e42b7378aab1,4e815b40fe5217fb2a10e42b7378aab1,0,/mnt/datadisk/./datasets/0/VirusShare_4e815b40fe5217fb2a10e42b7378aab1,,
VirusShare_25dc473d2c90d6ad2e4a436634aec011,25dc473d2c90d6ad2e4a436634aec011,0,/mnt/datadisk/./datasets/0/VirusShare_25dc473d2c90d6ad2e4a436634aec011,,
VirusShare_2353bb4836ddf987335db05bfa4fb931,2353bb4836ddf987335db05bfa4fb931,0,/mnt/datadisk/./datasets/0/VirusShare_2353bb4836ddf987335db05bfa4fb931,,
VirusShare_bac87d2c142747e99cfc57f9776492af,bac87d2c142747e99cfc57f9776492af,0,/mnt/datadisk/./datasets/0/VirusShare_bac87d2c142747e99cfc57f9776492af,,
VirusShare_51add5e4edae1bd19854b4d719d7e069,51add5e4edae1bd19854b4d719d7e069,1,/mnt/datadisk/./datasets/1/VirusShare_51add5e4edae1bd19854b4d719d7e069,,
VirusShare_98f39e8bb534d7fd57dd83076be4e665,98f39e8bb534d7fd57dd83076be4e665,0,/mnt/datadisk/./datasets/0/VirusShare_98f39e8bb534d7fd57dd83076be4e665,,
VirusShare_e7b1eb3c70f304093953a516a5168399,e7b1eb3c70f304093953a516a5168399,1,/mnt/datadisk/./datasets/1/VirusShare_e7b1eb3c70f304093953a516a5168399,,
VirusShare_716426b7af120661c777b6d9fedbf9ce,716426b7af120661c777b6d9fedbf9ce,0,/mnt/datadisk/./datasets/0/VirusShare_716426b7af120661c777b6d9fedbf9ce,,
VirusShare_1f798ac6aa8a0f29d56f835067dc5ed2,1f798ac6aa8a0f29d56f835067dc5ed2,1,/mnt/datadisk/./datasets/1/VirusShare_1f798ac6aa8a0f29d56f835067dc5ed2,,
VirusShare_0692f31e3ac29f41a290c4f83f845972,0692f31e3ac29f41a290c4f83f845972,1,/mnt/datadisk/./datasets/1/VirusShare_0692f31e3ac29f41a290c4f83f845972,,
VirusShare_c7e19fa601a0aeed0f53ac87ee212ad3,c7e19fa601a0aeed0f53ac87ee212ad3,0,/mnt/datadisk/./datasets/0/VirusShare_c7e19fa601a0aeed0f53ac87ee212ad3,,
VirusShare_fb67a593a388f46e7fc0c7d3e6a142bc,fb67a593a388f46e7fc0c7d3e6a142bc,0,/mnt/datadisk/./datasets/0/VirusShare_fb67a593a388f46e7fc0c7d3e6a142bc,,
VirusShare_a07be23e856c005dd533c7ea4633961f,a07be23e856c005dd533c7ea4633961f,1,/mnt/datadisk/./datasets/1/VirusShare_a07be23e856c005dd533c7ea4633961f,,
VirusShare_9006f4db9e9e4a72c82624cb97fed809,9006f4db9e9e4a72c82624cb97fed809,0,/mnt/datadisk/./datasets/0/VirusShare_9006f4db9e9e4a72c82624cb97fed809,,
VirusShare_26bbac4c14a71ad655095ece919f293d,26bbac4c14a71ad655095ece919f293d,1,/mnt/datadisk/./datasets/1/VirusShare_26bbac4c14a71ad655095ece919f293d,,
VirusShare_36f1fca3a27a3c1afd6cf3aa0c9e21d6,36f1fca3a27a3c1afd6cf3aa0c9e21d6,0,/mnt/datadisk/./datasets/0/VirusShare_36f1fca3a27a3c1afd6cf3aa0c9e21d6,,
VirusShare_287fa07db1a1e5648877e716e0fe36e8,287fa07db1a1e5648877e716e0fe36e8,1,/mnt/datadisk/./datasets/1/VirusShare_287fa07db1a1e5648877e716e0fe36e8,,
VirusShare_3ebd15cc1f828478cf8ba059f814aef0,3ebd15cc1f828478cf8ba059f814aef0,0,/mnt/datadisk/./datasets/0/VirusShare_3ebd15cc1f828478cf8ba059f814aef0,,
VirusShare_a0c156671220fc0215cb0d904013ef97,a0c156671220fc0215cb0d904013ef97,1,/mnt/datadisk/./datasets/1/VirusShare_a0c156671220fc0215cb0d904013ef97,,
VirusShare_97e56de15f14c50b09351767da886699,97e56de15f14c50b09351767da886699,0,/mnt/datadisk/./datasets/0/VirusShare_97e56de15f14c50b09351767da886699,,
VirusShare_db4399c11a938550ab78e8f9964b7d7b,db4399c11a938550ab78e8f9964b7d7b,1,/mnt/datadisk/./datasets/1/VirusShare_db4399c11a938550ab78e8f9964b7d7b,,
VirusShare_2aefcd81bc4d44efe68951ca95b7cf50,2aefcd81bc4d44efe68951ca95b7cf50,0,/mnt/datadisk/./datasets/0/VirusShare_2aefcd81bc4d44efe68951ca95b7cf50,,
VirusShare_6c1fe60bda0ec4fd43fc2a05535e26db,6c1fe60bda0ec4fd43fc2a05535e26db,1,/mnt/datadisk/./datasets/1/VirusShare_6c1fe60bda0ec4fd43fc2a05535e26db,,
VirusShare_b593fc816ed51f92bcfb5da4a6da8c87,b593fc816ed51f92bcfb5da4a6da8c87,0,/mnt/datadisk/./datasets/0/VirusShare_b593fc816ed51f92bcfb5da4a6da8c87,,
VirusShare_7fa59e07465e205a9877a68ce4b1ca6a,7fa59e07465e205a9877a68ce4b1ca6a,0,/mnt/datadisk/./datasets/0/VirusShare_7fa59e07465e205a9877a68ce4b1ca6a,,
VirusShare_43e2bbb74cd312a335150df868b946d2,43e2bbb74cd312a335150df868b946d2,1,/mnt/datadisk/./datasets/1/VirusShare_43e2bbb74cd312a335150df868b946d2,,
VirusShare_5513f13fa9fbf7e1714db2ac8380116a,5513f13fa9fbf7e1714db2ac8380116a,0,/mnt/datadisk/./datasets/0/VirusShare_5513f13fa9fbf7e1714db2ac8380116a,,
VirusShare_d97bee114800b329740901c6b5b90622,d97bee114800b329740901c6b5b90622,0,/mnt/datadisk/./datasets/0/VirusShare_d97bee114800b329740901c6b5b90622,,
VirusShare_ef3c2476bfc6cab0a797ac1eda6b42ce,ef3c2476bfc6cab0a797ac1eda6b42ce,0,/mnt/datadisk/./datasets/0/VirusShare_ef3c2476bfc6cab0a797ac1eda6b42ce,,
VirusShare_9088e71cf2750cfd5d9eb814045119a2,9088e71cf2750cfd5d9eb814045119a2,0,/mnt/datadisk/./datasets/0/VirusShare_9088e71cf2750cfd5d9eb814045119a2,,
VirusShare_600d27a703ac6cb41c9df8335f43a0ed,600d27a703ac6cb41c9df8335f43a0ed,0,/mnt/datadisk/./datasets/0/VirusShare_600d27a703ac6cb41c9df8335f43a0ed,,
VirusShare_5e3d10cbee6e29ec59a17e82fa5571fc,5e3d10cbee6e29ec59a17e82fa5571fc,0,/mnt/datadisk/./datasets/0/VirusShare_5e3d10cbee6e29ec59a17e82fa5571fc,,
VirusShare_f2bd251a9604ac5cbab64c7fb080929f,f2bd251a9604ac5cbab64c7fb080929f,0,/mnt/datadisk/./datasets/0/VirusShare_f2bd251a9604ac5cbab64c7fb080929f,,
VirusShare_9f302772761585c2913f92412e22f689,9f302772761585c2913f92412e22f689,0,/mnt/datadisk/./datasets/0/VirusShare_9f302772761585c2913f92412e22f689,,
VirusShare_ba7daf70020a9c48e9239faa91629196,ba7daf70020a9c48e9239faa91629196,0,/mnt/datadisk/./datasets/0/VirusShare_ba7daf70020a9c48e9239faa91629196,,
VirusShare_837db5e042d1eb09783fd4b1e1a055aa,837db5e042d1eb09783fd4b1e1a055aa,0,/mnt/datadisk/./datasets/0/VirusShare_837db5e042d1eb09783fd4b1e1a055aa,,
VirusShare_a465f29a9267353085927881c9c0559a,a465f29a9267353085927881c9c0559a,0,/mnt/datadisk/./datasets/0/VirusShare_a465f29a9267353085927881c9c0559a,,
VirusShare_1d6e5e624ec25897b6a8e0ede06e4aff,1d6e5e624ec25897b6a8e0ede06e4aff,1,/mnt/datadisk/./datasets/1/VirusShare_1d6e5e624ec25897b6a8e0ede06e4aff,,
VirusShare_46bddd28589265df0fbb65ddf40eb2a0,46bddd28589265df0fbb65ddf40eb2a0,0,/mnt/datadisk/./datasets/0/VirusShare_46bddd28589265df0fbb65ddf40eb2a0,,
VirusShare_ca8374c4c4b510bf3c94bdb2077b66af,ca8374c4c4b510bf3c94bdb2077b66af,0,/mnt/datadisk/./datasets/0/VirusShare_ca8374c4c4b510bf3c94bdb2077b66af,,
VirusShare_0dbfc9a3d0136b6e7f12c4fa018280f3,0dbfc9a3d0136b6e7f12c4fa018280f3,0,/mnt/datadisk/./datasets/0/VirusShare_0dbfc9a3d0136b6e7f12c4fa018280f3,,
VirusShare_06c24685a1acf5807cf57058621de3b0,06c24685a1acf5807cf57058621de3b0,1,/mnt/datadisk/./datasets/1/VirusShare_06c24685a1acf5807cf57058621de3b0,,
VirusShare_a9b207185af91d79cf90e9a8868bee26,a9b207185af91d79cf90e9a8868bee26,0,/mnt/datadisk/./datasets/0/VirusShare_a9b207185af91d79cf90e9a8868bee26,,
VirusShare_4d55ce56afeb2f24c98e7a573fb25f53,4d55ce56afeb2f24c98e7a573fb25f53,0,/mnt/datadisk/./datasets/0/VirusShare_4d55ce56afeb2f24c98e7a573fb25f53,,
VirusShare_8738ebb310adefa70481a04eb46b270d,8738ebb310adefa70481a04eb46b270d,1,/mnt/datadisk/./datasets/1/VirusShare_8738ebb310adefa70481a04eb46b270d,,
VirusShare_abe4c6733572e8317de812d328e5cc78,abe4c6733572e8317de812d328e5cc78,0,/mnt/datadisk/./datasets/0/VirusShare_abe4c6733572e8317de812d328e5cc78,,
VirusShare_e73ff0eb70e9f90c14a4d0d60fc57f91,e73ff0eb70e9f90c14a4d0d60fc57f91,1,/mnt/datadisk/./datasets/1/VirusShare_e73ff0eb70e9f90c14a4d0d60fc57f91,,
VirusShare_1336b2999c48716f0557f8c9f7c9ab6b,1336b2999c48716f0557f8c9f7c9ab6b,1,/mnt/datadisk/./datasets/1/VirusShare_1336b2999c48716f0557f8c9f7c9ab6b,,
VirusShare_edbac6e7f633eeedb87b4531bbe58b57,edbac6e7f633eeedb87b4531bbe58b57,1,/mnt/datadisk/./datasets/1/VirusShare_edbac6e7f633eeedb87b4531bbe58b57,,
VirusShare_9124c65bac49692796820d05efe7d29f,9124c65bac49692796820d05efe7d29f,1,/mnt/datadisk/./datasets/1/VirusShare_9124c65bac49692796820d05efe7d29f,,
VirusShare_2ef0cc6f0f8aa2534e103b829e270e1d,2ef0cc6f0f8aa2534e103b829e270e1d,1,/mnt/datadisk/./datasets/1/VirusShare_2ef0cc6f0f8aa2534e103b829e270e1d,,
VirusShare_10a26cb3b99a12ca7f777f363bddd4e0,10a26cb3b99a12ca7f777f363bddd4e0,1,/mnt/datadisk/./datasets/1/VirusShare_10a26cb3b99a12ca7f777f363bddd4e0,,
VirusShare_2d2b6d657fd1e884e8e19b5f5ec1d27f,2d2b6d657fd1e884e8e19b5f5ec1d27f,1,/mnt/datadisk/./datasets/1/VirusShare_2d2b6d657fd1e884e8e19b5f5ec1d27f,,
VirusShare_acc7ba1bf3c18aaf35d941d96d1e7b4b,acc7ba1bf3c18aaf35d941d96d1e7b4b,0,/mnt/datadisk/./datasets/0/VirusShare_acc7ba1bf3c18aaf35d941d96d1e7b4b,,
VirusShare_99cd7a61906e31b06cfa043bfcdc17c4,99cd7a61906e31b06cfa043bfcdc17c4,0,/mnt/datadisk/./datasets/0/VirusShare_99cd7a61906e31b06cfa043bfcdc17c4,,
VirusShare_e0b7cc29df68ecb257fb1bfb28da3bf0,e0b7cc29df68ecb257fb1bfb28da3bf0,0,/mnt/datadisk/./datasets/0/VirusShare_e0b7cc29df68ecb257fb1bfb28da3bf0,,
VirusShare_bfc145b9875cf82857d410a42f28bad4,bfc145b9875cf82857d410a42f28bad4,0,/mnt/datadisk/./datasets/0/VirusShare_bfc145b9875cf82857d410a42f28bad4,,
VirusShare_ecfd401cd766ca07f2028dffff5bcf7e,ecfd401cd766ca07f2028dffff5bcf7e,0,/mnt/datadisk/./datasets/0/VirusShare_ecfd401cd766ca07f2028dffff5bcf7e,,
VirusShare_5198f6f5910fee56a860f958ab32778e,5198f6f5910fee56a860f958ab32778e,0,/mnt/datadisk/./datasets/0/VirusShare_5198f6f5910fee56a860f958ab32778e,,
VirusShare_c2779c8731cb267ae9857958afbff745,c2779c8731cb267ae9857958afbff745,0,/mnt/datadisk/./datasets/0/VirusShare_c2779c8731cb267ae9857958afbff745,,
VirusShare_87a4e5f37c6ff521792a917786bc3b5e,87a4e5f37c6ff521792a917786bc3b5e,0,/mnt/datadisk/./datasets/0/VirusShare_87a4e5f37c6ff521792a917786bc3b5e,,
VirusShare_2642efe96b443ec2091e6651e832f668,2642efe96b443ec2091e6651e832f668,1,/mnt/datadisk/./datasets/1/VirusShare_2642efe96b443ec2091e6651e832f668,,
VirusShare_dcf68b96fa5d7cf4d4cc8bd57f640e91,dcf68b96fa5d7cf4d4cc8bd57f640e91,0,/mnt/datadisk/./datasets/0/VirusShare_dcf68b96fa5d7cf4d4cc8bd57f640e91,,
VirusShare_e6e9883b5e0dce013797a4f4469c09b8,e6e9883b5e0dce013797a4f4469c09b8,0,/mnt/datadisk/./datasets/0/VirusShare_e6e9883b5e0dce013797a4f4469c09b8,,
VirusShare_0542210341bb336cab8198eaf1b29c83,0542210341bb336cab8198eaf1b29c83,0,/mnt/datadisk/./datasets/0/VirusShare_0542210341bb336cab8198eaf1b29c83,,
VirusShare_ca54b197ad0205058d512e44c20a9ecc,ca54b197ad0205058d512e44c20a9ecc,0,/mnt/datadisk/./datasets/0/VirusShare_ca54b197ad0205058d512e44c20a9ecc,,
VirusShare_3c0bd08a15483a4ea1b4291d0dd4d238,3c0bd08a15483a4ea1b4291d0dd4d238,0,/mnt/datadisk/./datasets/0/VirusShare_3c0bd08a15483a4ea1b4291d0dd4d238,,
VirusShare_790f90529d6f54e0043bf80ac571a39b,790f90529d6f54e0043bf80ac571a39b,1,/mnt/datadisk/./datasets/1/VirusShare_790f90529d6f54e0043bf80ac571a39b,,
VirusShare_98e6170312b4596ba9b7182e09c4a973,98e6170312b4596ba9b7182e09c4a973,0,/mnt/datadisk/./datasets/0/VirusShare_98e6170312b4596ba9b7182e09c4a973,,
VirusShare_056287de0f90a298b7afffcac60f37e0,056287de0f90a298b7afffcac60f37e0,1,/mnt/datadisk/./datasets/1/VirusShare_056287de0f90a298b7afffcac60f37e0,,
VirusShare_b0cdc459012aae2a5210da376f5df3e0,b0cdc459012aae2a5210da376f5df3e0,1,/mnt/datadisk/./datasets/1/VirusShare_b0cdc459012aae2a5210da376f5df3e0,,
VirusShare_19129cc9058fc3bab6f66ce2e4a35631,19129cc9058fc3bab6f66ce2e4a35631,1,/mnt/datadisk/./datasets/1/VirusShare_19129cc9058fc3bab6f66ce2e4a35631,,
VirusShare_483b8125f8aaccec0275ccc5946f7193,483b8125f8aaccec0275ccc5946f7193,1,/mnt/datadisk/./datasets/1/VirusShare_483b8125f8aaccec0275ccc5946f7193,,
VirusShare_4fcd42c38dc5bbbdf67b4aad076650b3,4fcd42c38dc5bbbdf67b4aad076650b3,0,/mnt/datadisk/./datasets/0/VirusShare_4fcd42c38dc5bbbdf67b4aad076650b3,,
VirusShare_6c402c7027f23b12199c9bdd8a3373d4,6c402c7027f23b12199c9bdd8a3373d4,0,/mnt/datadisk/./datasets/0/VirusShare_6c402c7027f23b12199c9bdd8a3373d4,,
VirusShare_9b6acd0813ee5e616ffb184daa4bbac8,9b6acd0813ee5e616ffb184daa4bbac8,1,/mnt/datadisk/./datasets/1/VirusShare_9b6acd0813ee5e616ffb184daa4bbac8,,
VirusShare_0c50697237a4c755c6cffbdadfb749ea,0c50697237a4c755c6cffbdadfb749ea,1,/mnt/datadisk/./datasets/1/VirusShare_0c50697237a4c755c6cffbdadfb749ea,,
VirusShare_4293d343be473966637d5af550dc6636,4293d343be473966637d5af550dc6636,0,/mnt/datadisk/./datasets/0/VirusShare_4293d343be473966637d5af550dc6636,,
VirusShare_0b60f7f9dde3fbc71d7601476a8b2572,0b60f7f9dde3fbc71d7601476a8b2572,0,/mnt/datadisk/./datasets/0/VirusShare_0b60f7f9dde3fbc71d7601476a8b2572,,
VirusShare_469817e48dee734f19f359a48655afcd,469817e48dee734f19f359a48655afcd,0,/mnt/datadisk/./datasets/0/VirusShare_469817e48dee734f19f359a48655afcd,,
VirusShare_0c536397afa0492ad76c43041f504c9a,0c536397afa0492ad76c43041f504c9a,0,/mnt/datadisk/./datasets/0/VirusShare_0c536397afa0492ad76c43041f504c9a,,
VirusShare_c28f4eed56e488b2cc56b2fa28ef9fa8,c28f4eed56e488b2cc56b2fa28ef9fa8,0,/mnt/datadisk/./datasets/0/VirusShare_c28f4eed56e488b2cc56b2fa28ef9fa8,,
VirusShare_7ed4fd116ec9b82366cccf9128bd62fe,7ed4fd116ec9b82366cccf9128bd62fe,0,/mnt/datadisk/./datasets/0/VirusShare_7ed4fd116ec9b82366cccf9128bd62fe,,
VirusShare_f6fbba0ffb4b4f440f620fa493f4cf96,f6fbba0ffb4b4f440f620fa493f4cf96,0,/mnt/datadisk/./datasets/0/VirusShare_f6fbba0ffb4b4f440f620fa493f4cf96,,
VirusShare_e537d9ed05e9fba54bf179aa3ec69208,e537d9ed05e9fba54bf179aa3ec69208,0,/mnt/datadisk/./datasets/0/VirusShare_e537d9ed05e9fba54bf179aa3ec69208,,
VirusShare_6da3034f9b2ef28952a592f4060f9aea,6da3034f9b2ef28952a592f4060f9aea,0,/mnt/datadisk/./datasets/0/VirusShare_6da3034f9b2ef28952a592f4060f9aea,,
VirusShare_0a2fba7aa28b95531bcda8d3e837fae2,0a2fba7aa28b95531bcda8d3e837fae2,0,/mnt/datadisk/./datasets/0/VirusShare_0a2fba7aa28b95531bcda8d3e837fae2,,
VirusShare_1db256cba543f64e03d73681076c53b2,1db256cba543f64e03d73681076c53b2,0,/mnt/datadisk/./datasets/0/VirusShare_1db256cba543f64e03d73681076c53b2,,
VirusShare_0d4b516038168a15de165e96dec22da3,0d4b516038168a15de165e96dec22da3,0,/mnt/datadisk/./datasets/0/VirusShare_0d4b516038168a15de165e96dec22da3,,
VirusShare_61163c06b6071009bc88aa6cc5f89991,61163c06b6071009bc88aa6cc5f89991,0,/mnt/datadisk/./datasets/0/VirusShare_61163c06b6071009bc88aa6cc5f89991,,
VirusShare_2aaca67fe4659750b01a13661dcfd72b,2aaca67fe4659750b01a13661dcfd72b,0,/mnt/datadisk/./datasets/0/VirusShare_2aaca67fe4659750b01a13661dcfd72b,,
VirusShare_10b7ff0cae3a457848296d00e882555f,10b7ff0cae3a457848296d00e882555f,0,/mnt/datadisk/./datasets/0/VirusShare_10b7ff0cae3a457848296d00e882555f,,
VirusShare_f0fdfba8fcb10a679156b654771dda5c,f0fdfba8fcb10a679156b654771dda5c,0,/mnt/datadisk/./datasets/0/VirusShare_f0fdfba8fcb10a679156b654771dda5c,,
VirusShare_f5dbbd448ae03b3258f13962f7d8f49c,f5dbbd448ae03b3258f13962f7d8f49c,0,/mnt/datadisk/./datasets/0/VirusShare_f5dbbd448ae03b3258f13962f7d8f49c,,
VirusShare_766e3f219d78ac8d3635fdbfc5627834,766e3f219d78ac8d3635fdbfc5627834,0,/mnt/datadisk/./datasets/0/VirusShare_766e3f219d78ac8d3635fdbfc5627834,,
VirusShare_25fb68af1f58c36d0fef3e5c4315afff,25fb68af1f58c36d0fef3e5c4315afff,0,/mnt/datadisk/./datasets/0/VirusShare_25fb68af1f58c36d0fef3e5c4315afff,,
VirusShare_ae126936ac26527e6fc423f3ed359ace,ae126936ac26527e6fc423f3ed359ace,0,/mnt/datadisk/./datasets/0/VirusShare_ae126936ac26527e6fc423f3ed359ace,,
VirusShare_0492778b36918dc75d61284f05c05271,0492778b36918dc75d61284f05c05271,0,/mnt/datadisk/./datasets/0/VirusShare_0492778b36918dc75d61284f05c05271,,
VirusShare_9865a974e15f491e21519fac53bb6474,9865a974e15f491e21519fac53bb6474,1,/mnt/datadisk/./datasets/1/VirusShare_9865a974e15f491e21519fac53bb6474,,
VirusShare_3e9d0850897a8e1bff896e959396cee4,3e9d0850897a8e1bff896e959396cee4,1,/mnt/datadisk/./datasets/1/VirusShare_3e9d0850897a8e1bff896e959396cee4,,
VirusShare_12f86a26fae93156a246327c0a413038,12f86a26fae93156a246327c0a413038,0,/mnt/datadisk/./datasets/0/VirusShare_12f86a26fae93156a246327c0a413038,,
VirusShare_c43a3d38dd54d30212aa22ecbc6f39b5,c43a3d38dd54d30212aa22ecbc6f39b5,1,/mnt/datadisk/./datasets/1/VirusShare_c43a3d38dd54d30212aa22ecbc6f39b5,,
VirusShare_043fbd84e0a00c3fbf71b88a3e2739bc,043fbd84e0a00c3fbf71b88a3e2739bc,0,/mnt/datadisk/./datasets/0/VirusShare_043fbd84e0a00c3fbf71b88a3e2739bc,,
VirusShare_c672d315430c27e77663405bb88c53ef,c672d315430c27e77663405bb88c53ef,1,/mnt/datadisk/./datasets/1/VirusShare_c672d315430c27e77663405bb88c53ef,,
VirusShare_23150754599acc0bdafc8b5e2437c833,23150754599acc0bdafc8b5e2437c833,1,/mnt/datadisk/./datasets/1/VirusShare_23150754599acc0bdafc8b5e2437c833,,
VirusShare_94fdf30b6f19e5e2ea0f19766736265c,94fdf30b6f19e5e2ea0f19766736265c,0,/mnt/datadisk/./datasets/0/VirusShare_94fdf30b6f19e5e2ea0f19766736265c,,
VirusShare_488836e455e28e26f39236799d22a046,488836e455e28e26f39236799d22a046,1,/mnt/datadisk/./datasets/1/VirusShare_488836e455e28e26f39236799d22a046,,
VirusShare_a86469ae9d0188bc31e3dea927dca1bf,a86469ae9d0188bc31e3dea927dca1bf,0,/mnt/datadisk/./datasets/0/VirusShare_a86469ae9d0188bc31e3dea927dca1bf,,
VirusShare_698685224274d9b290d3f08a6186dfe3,698685224274d9b290d3f08a6186dfe3,1,/mnt/datadisk/./datasets/1/VirusShare_698685224274d9b290d3f08a6186dfe3,,
VirusShare_8878cca824d4b4ffca5a179ca281b70c,8878cca824d4b4ffca5a179ca281b70c,0,/mnt/datadisk/./datasets/0/VirusShare_8878cca824d4b4ffca5a179ca281b70c,,
VirusShare_e3e257657a6dbfb35cadda7f04e186e9,e3e257657a6dbfb35cadda7f04e186e9,1,/mnt/datadisk/./datasets/1/VirusShare_e3e257657a6dbfb35cadda7f04e186e9,,
VirusShare_653751be4dbed7739de666023d33e4b6,653751be4dbed7739de666023d33e4b6,0,/mnt/datadisk/./datasets/0/VirusShare_653751be4dbed7739de666023d33e4b6,,
VirusShare_2093d467e65e9dbad2a55577d9f8d396,2093d467e65e9dbad2a55577d9f8d396,1,/mnt/datadisk/./datasets/1/VirusShare_2093d467e65e9dbad2a55577d9f8d396,,
VirusShare_020824e5aa9ecb744b1b94bd855a8f3a,020824e5aa9ecb744b1b94bd855a8f3a,0,/mnt/datadisk/./datasets/0/VirusShare_020824e5aa9ecb744b1b94bd855a8f3a,,
VirusShare_33b3ae456e72ab8691595b27655796e2,33b3ae456e72ab8691595b27655796e2,0,/mnt/datadisk/./datasets/0/VirusShare_33b3ae456e72ab8691595b27655796e2,,
VirusShare_84c8234591e64d74d54d799a7f9ec07d,84c8234591e64d74d54d799a7f9ec07d,1,/mnt/datadisk/./datasets/1/VirusShare_84c8234591e64d74d54d799a7f9ec07d,,
VirusShare_689943d6ca3abbb460767e7d39d5a2b1,689943d6ca3abbb460767e7d39d5a2b1,0,/mnt/datadisk/./datasets/0/VirusShare_689943d6ca3abbb460767e7d39d5a2b1,,
VirusShare_7e2b2fd899465476ea1dff3c44123a30,7e2b2fd899465476ea1dff3c44123a30,0,/mnt/datadisk/./datasets/0/VirusShare_7e2b2fd899465476ea1dff3c44123a30,,
VirusShare_eb675def4a42e7a23d310ea49cc17ab3,eb675def4a42e7a23d310ea49cc17ab3,1,/mnt/datadisk/./datasets/1/VirusShare_eb675def4a42e7a23d310ea49cc17ab3,,
VirusShare_d3772b773363b05f17254968b7b72e2d,d3772b773363b05f17254968b7b72e2d,1,/mnt/datadisk/./datasets/1/VirusShare_d3772b773363b05f17254968b7b72e2d,,
VirusShare_e02c3159a5b1f266f4273957594f4a31,e02c3159a5b1f266f4273957594f4a31,0,/mnt/datadisk/./datasets/0/VirusShare_e02c3159a5b1f266f4273957594f4a31,,
VirusShare_65bccef1eeaaaac7883df758b92bb6ad,65bccef1eeaaaac7883df758b92bb6ad,0,/mnt/datadisk/./datasets/0/VirusShare_65bccef1eeaaaac7883df758b92bb6ad,,
VirusShare_9bee9a4dca6bcc21a0d8dd1a902fafcb,9bee9a4dca6bcc21a0d8dd1a902fafcb,0,/mnt/datadisk/./datasets/0/VirusShare_9bee9a4dca6bcc21a0d8dd1a902fafcb,,
VirusShare_819aaba2e464ab24b2e34692bc508330,819aaba2e464ab24b2e34692bc508330,1,/mnt/datadisk/./datasets/1/VirusShare_819aaba2e464ab24b2e34692bc508330,,
VirusShare_ea6621a211e4e7ce0afae92909d63bbd,ea6621a211e4e7ce0afae92909d63bbd,0,/mnt/datadisk/./datasets/0/VirusShare_ea6621a211e4e7ce0afae92909d63bbd,,
VirusShare_30e3adc174f3352a21f126a61e3e53fd,30e3adc174f3352a21f126a61e3e53fd,0,/mnt/datadisk/./datasets/0/VirusShare_30e3adc174f3352a21f126a61e3e53fd,,
VirusShare_097f2ea872e63db1d78b59cea113ff30,097f2ea872e63db1d78b59cea113ff30,0,/mnt/datadisk/./datasets/0/VirusShare_097f2ea872e63db1d78b59cea113ff30,,
VirusShare_90ac38fcfd5dd3861cf5b84886913dfa,90ac38fcfd5dd3861cf5b84886913dfa,1,/mnt/datadisk/./datasets/1/VirusShare_90ac38fcfd5dd3861cf5b84886913dfa,,
VirusShare_06f0419e14e6c8bc01dfdf1bfc71b7b5,06f0419e14e6c8bc01dfdf1bfc71b7b5,1,/mnt/datadisk/./datasets/1/VirusShare_06f0419e14e6c8bc01dfdf1bfc71b7b5,,
VirusShare_6e2fb578697274c6cfb3d25dbf467750,6e2fb578697274c6cfb3d25dbf467750,1,/mnt/datadisk/./datasets/1/VirusShare_6e2fb578697274c6cfb3d25dbf467750,,
VirusShare_3522864efeeaf471a51514894e44994a,3522864efeeaf471a51514894e44994a,0,/mnt/datadisk/./datasets/0/VirusShare_3522864efeeaf471a51514894e44994a,,
VirusShare_9293c6266d6cfe57f78d2737fdebca5e,9293c6266d6cfe57f78d2737fdebca5e,1,/mnt/datadisk/./datasets/1/VirusShare_9293c6266d6cfe57f78d2737fdebca5e,,
VirusShare_cec17734d3f3633dffa7e46cbc2f3ab3,cec17734d3f3633dffa7e46cbc2f3ab3,1,/mnt/datadisk/./datasets/1/VirusShare_cec17734d3f3633dffa7e46cbc2f3ab3,,
VirusShare_db589aca9e677e1dc2b51e984d5254a3,db589aca9e677e1dc2b51e984d5254a3,0,/mnt/datadisk/./datasets/0/VirusShare_db589aca9e677e1dc2b51e984d5254a3,,
VirusShare_5adf87314d2f7fc4a36a82562e5b119d,5adf87314d2f7fc4a36a82562e5b119d,0,/mnt/datadisk/./datasets/0/VirusShare_5adf87314d2f7fc4a36a82562e5b119d,,
VirusShare_6a2d3dd29afa23a8eafb132a0c2c5003,6a2d3dd29afa23a8eafb132a0c2c5003,1,/mnt/datadisk/./datasets/1/VirusShare_6a2d3dd29afa23a8eafb132a0c2c5003,,
VirusShare_e21df63fb536fb7341fe5238085615f8,e21df63fb536fb7341fe5238085615f8,1,/mnt/datadisk/./datasets/1/VirusShare_e21df63fb536fb7341fe5238085615f8,,
VirusShare_3d35be6aa76c0775efad6abf6ce136f5,3d35be6aa76c0775efad6abf6ce136f5,0,/mnt/datadisk/./datasets/0/VirusShare_3d35be6aa76c0775efad6abf6ce136f5,,
VirusShare_fb420b32f8b6eb113a52b01e79aa1038,fb420b32f8b6eb113a52b01e79aa1038,0,/mnt/datadisk/./datasets/0/VirusShare_fb420b32f8b6eb113a52b01e79aa1038,,
VirusShare_3e065274ee1cf33ef0070192e607aaf4,3e065274ee1cf33ef0070192e607aaf4,0,/mnt/datadisk/./datasets/0/VirusShare_3e065274ee1cf33ef0070192e607aaf4,,
VirusShare_cd81ccf6e05e44d20dfce67baf78b0c6,cd81ccf6e05e44d20dfce67baf78b0c6,1,/mnt/datadisk/./datasets/1/VirusShare_cd81ccf6e05e44d20dfce67baf78b0c6,,
VirusShare_92776907c1f535410f5de8dc502304ee,92776907c1f535410f5de8dc502304ee,1,/mnt/datadisk/./datasets/1/VirusShare_92776907c1f535410f5de8dc502304ee,,
VirusShare_574e65a93cc5b01b3631e89071832315,574e65a93cc5b01b3631e89071832315,1,/mnt/datadisk/./datasets/1/VirusShare_574e65a93cc5b01b3631e89071832315,,
VirusShare_e2d90156ab03ca59299b499a70cd598d,e2d90156ab03ca59299b499a70cd598d,1,/mnt/datadisk/./datasets/1/VirusShare_e2d90156ab03ca59299b499a70cd598d,,
VirusShare_e4d00e7e482a26de29252a32b8d36b4c,e4d00e7e482a26de29252a32b8d36b4c,0,/mnt/datadisk/./datasets/0/VirusShare_e4d00e7e482a26de29252a32b8d36b4c,,
VirusShare_6e13662abe30099c415008fd5853d7fc,6e13662abe30099c415008fd5853d7fc,0,/mnt/datadisk/./datasets/0/VirusShare_6e13662abe30099c415008fd5853d7fc,,
VirusShare_f38dd5b05ce3c2c8ad363d1336a3f43c,f38dd5b05ce3c2c8ad363d1336a3f43c,0,/mnt/datadisk/./datasets/0/VirusShare_f38dd5b05ce3c2c8ad363d1336a3f43c,,
VirusShare_c84ae91054b08d593b81076ef69e148f,c84ae91054b08d593b81076ef69e148f,1,/mnt/datadisk/./datasets/1/VirusShare_c84ae91054b08d593b81076ef69e148f,,
VirusShare_8238f3c880ef30b52a1e3e8579b7d520,8238f3c880ef30b52a1e3e8579b7d520,0,/mnt/datadisk/./datasets/0/VirusShare_8238f3c880ef30b52a1e3e8579b7d520,,
VirusShare_11128be8527cac50aafe82b93c173c81,11128be8527cac50aafe82b93c173c81,0,/mnt/datadisk/./datasets/0/VirusShare_11128be8527cac50aafe82b93c173c81,,
VirusShare_f1aafd6366bf52caeb9f2eb26a354461,f1aafd6366bf52caeb9f2eb26a354461,1,/mnt/datadisk/./datasets/1/VirusShare_f1aafd6366bf52caeb9f2eb26a354461,,
VirusShare_b9ab213a200ea1176b92329969fa6314,b9ab213a200ea1176b92329969fa6314,0,/mnt/datadisk/./datasets/0/VirusShare_b9ab213a200ea1176b92329969fa6314,,
VirusShare_56d0b362602febbfd37b1d6f162eb0e0,56d0b362602febbfd37b1d6f162eb0e0,0,/mnt/datadisk/./datasets/0/VirusShare_56d0b362602febbfd37b1d6f162eb0e0,,
VirusShare_38a40d2adddcf09f33475bbdc15c3400,38a40d2adddcf09f33475bbdc15c3400,0,/mnt/datadisk/./datasets/0/VirusShare_38a40d2adddcf09f33475bbdc15c3400,,
VirusShare_bc700ac6fb9d3ae157f248aa42d4c6b1,bc700ac6fb9d3ae157f248aa42d4c6b1,1,/mnt/datadisk/./datasets/1/VirusShare_bc700ac6fb9d3ae157f248aa42d4c6b1,,
VirusShare_5a7d36720e405508b2618e502836affd,5a7d36720e405508b2618e502836affd,1,/mnt/datadisk/./datasets/1/VirusShare_5a7d36720e405508b2618e502836affd,,
VirusShare_7b9a986ec9078addbbf9d2e43fee600b,7b9a986ec9078addbbf9d2e43fee600b,1,/mnt/datadisk/./datasets/1/VirusShare_7b9a986ec9078addbbf9d2e43fee600b,,
VirusShare_a18c0751a012551d999124b1bc0b5bef,a18c0751a012551d999124b1bc0b5bef,1,/mnt/datadisk/./datasets/1/VirusShare_a18c0751a012551d999124b1bc0b5bef,,
VirusShare_edd901b66bebfd5d47eb9b554682f7b0,edd901b66bebfd5d47eb9b554682f7b0,0,/mnt/datadisk/./datasets/0/VirusShare_edd901b66bebfd5d47eb9b554682f7b0,,
VirusShare_2313f43f1b52d6a7ae348bb13b3e1e9e,2313f43f1b52d6a7ae348bb13b3e1e9e,0,/mnt/datadisk/./datasets/0/VirusShare_2313f43f1b52d6a7ae348bb13b3e1e9e,,
VirusShare_dca27a20594772d6c37ed575104878fc,dca27a20594772d6c37ed575104878fc,1,/mnt/datadisk/./datasets/1/VirusShare_dca27a20594772d6c37ed575104878fc,,
VirusShare_5f0c73c28fae5718f3d5d4acf8a5d726,5f0c73c28fae5718f3d5d4acf8a5d726,0,/mnt/datadisk/./datasets/0/VirusShare_5f0c73c28fae5718f3d5d4acf8a5d726,,
VirusShare_0b92bb893418092f9e21b35418d6585c,0b92bb893418092f9e21b35418d6585c,1,/mnt/datadisk/./datasets/1/VirusShare_0b92bb893418092f9e21b35418d6585c,,
VirusShare_721213c1dc804876b85af2be746bdb6c,721213c1dc804876b85af2be746bdb6c,0,/mnt/datadisk/./datasets/0/VirusShare_721213c1dc804876b85af2be746bdb6c,,
VirusShare_aa386116c0e2886a4762386c3e116f34,aa386116c0e2886a4762386c3e116f34,0,/mnt/datadisk/./datasets/0/VirusShare_aa386116c0e2886a4762386c3e116f34,,
VirusShare_1ff479f434960e5a1283a21ce299b4ba,1ff479f434960e5a1283a21ce299b4ba,0,/mnt/datadisk/./datasets/0/VirusShare_1ff479f434960e5a1283a21ce299b4ba,,
VirusShare_1760f288f1ae7b3b18aaac1447142f56,1760f288f1ae7b3b18aaac1447142f56,1,/mnt/datadisk/./datasets/1/VirusShare_1760f288f1ae7b3b18aaac1447142f56,,
VirusShare_2dd89ab4270dce03a718fa747b113c30,2dd89ab4270dce03a718fa747b113c30,1,/mnt/datadisk/./datasets/1/VirusShare_2dd89ab4270dce03a718fa747b113c30,,
VirusShare_31543285f0bf05ecb669bf3fed2af049,31543285f0bf05ecb669bf3fed2af049,0,/mnt/datadisk/./datasets/0/VirusShare_31543285f0bf05ecb669bf3fed2af049,,
VirusShare_cacdfa9cee8c6feed08b2e6ee3cb9de3,cacdfa9cee8c6feed08b2e6ee3cb9de3,0,/mnt/datadisk/./datasets/0/VirusShare_cacdfa9cee8c6feed08b2e6ee3cb9de3,,
VirusShare_79e58299e50d38abbf13f0836c4dcdca,79e58299e50d38abbf13f0836c4dcdca,0,/mnt/datadisk/./datasets/0/VirusShare_79e58299e50d38abbf13f0836c4dcdca,,
VirusShare_5f03268ba1c6e37f83320be1569c2d19,5f03268ba1c6e37f83320be1569c2d19,0,/mnt/datadisk/./datasets/0/VirusShare_5f03268ba1c6e37f83320be1569c2d19,,
VirusShare_51834fcccefcf6654a9614fd67f1524e,51834fcccefcf6654a9614fd67f1524e,0,/mnt/datadisk/./datasets/0/VirusShare_51834fcccefcf6654a9614fd67f1524e,,
VirusShare_d43333c84c6f849fc9806bfbae142d31,d43333c84c6f849fc9806bfbae142d31,0,/mnt/datadisk/./datasets/0/VirusShare_d43333c84c6f849fc9806bfbae142d31,,
VirusShare_f70150c6a775223d7e97710d95920f89,f70150c6a775223d7e97710d95920f89,0,/mnt/datadisk/./datasets/0/VirusShare_f70150c6a775223d7e97710d95920f89,,
VirusShare_5cd9489435ee9be14cd795e87350b3f9,5cd9489435ee9be14cd795e87350b3f9,0,/mnt/datadisk/./datasets/0/VirusShare_5cd9489435ee9be14cd795e87350b3f9,,
VirusShare_1ec290827ab537e933fefdc7512f21dd,1ec290827ab537e933fefdc7512f21dd,0,/mnt/datadisk/./datasets/0/VirusShare_1ec290827ab537e933fefdc7512f21dd,,
VirusShare_e92bf60b6b1c48add2f2ff7c28bfd4b2,e92bf60b6b1c48add2f2ff7c28bfd4b2,0,/mnt/datadisk/./datasets/0/VirusShare_e92bf60b6b1c48add2f2ff7c28bfd4b2,,
VirusShare_c76b926781679ebb65484596328ed82e,c76b926781679ebb65484596328ed82e,0,/mnt/datadisk/./datasets/0/VirusShare_c76b926781679ebb65484596328ed82e,,
VirusShare_72c4b1fdd6a1cea12d5828262a5df5f2,72c4b1fdd6a1cea12d5828262a5df5f2,1,/mnt/datadisk/./datasets/1/VirusShare_72c4b1fdd6a1cea12d5828262a5df5f2,,
VirusShare_a1647b3598cdfc0a0ee4f6a1fa8be113,a1647b3598cdfc0a0ee4f6a1fa8be113,1,/mnt/datadisk/./datasets/1/VirusShare_a1647b3598cdfc0a0ee4f6a1fa8be113,,
VirusShare_1357c65a2198fb38e6008b80a4281191,1357c65a2198fb38e6008b80a4281191,0,/mnt/datadisk/./datasets/0/VirusShare_1357c65a2198fb38e6008b80a4281191,,
VirusShare_6976639e701646e25c0a96c67b9ffe5a,6976639e701646e25c0a96c67b9ffe5a,1,/mnt/datadisk/./datasets/1/VirusShare_6976639e701646e25c0a96c67b9ffe5a,,
VirusShare_f92bffa05a84e76121dca75bccd4dd74,f92bffa05a84e76121dca75bccd4dd74,0,/mnt/datadisk/./datasets/0/VirusShare_f92bffa05a84e76121dca75bccd4dd74,,
VirusShare_e49b51b0b9c6c7e0ba32f793fee55b45,e49b51b0b9c6c7e0ba32f793fee55b45,1,/mnt/datadisk/./datasets/1/VirusShare_e49b51b0b9c6c7e0ba32f793fee55b45,,
VirusShare_da99af585626ac6c934d86804f859c62,da99af585626ac6c934d86804f859c62,0,/mnt/datadisk/./datasets/0/VirusShare_da99af585626ac6c934d86804f859c62,,
VirusShare_085a7c7b0392b9432091f2aad34b1f10,085a7c7b0392b9432091f2aad34b1f10,1,/mnt/datadisk/./datasets/1/VirusShare_085a7c7b0392b9432091f2aad34b1f10,,
VirusShare_7ff9003af89b1cb74f0ce5554154a9a2,7ff9003af89b1cb74f0ce5554154a9a2,0,/mnt/datadisk/./datasets/0/VirusShare_7ff9003af89b1cb74f0ce5554154a9a2,,
VirusShare_a71073b1cd7440cc345f01b1fc2e28fe,a71073b1cd7440cc345f01b1fc2e28fe,0,/mnt/datadisk/./datasets/0/VirusShare_a71073b1cd7440cc345f01b1fc2e28fe,,
VirusShare_36c637280d6d1ed1be05b59dd082d355,36c637280d6d1ed1be05b59dd082d355,0,/mnt/datadisk/./datasets/0/VirusShare_36c637280d6d1ed1be05b59dd082d355,,
VirusShare_668e0b19d63902c3a3f4adebb1847103,668e0b19d63902c3a3f4adebb1847103,1,/mnt/datadisk/./datasets/1/VirusShare_668e0b19d63902c3a3f4adebb1847103,,
VirusShare_dc82252bf84999019a14cec62e512453,dc82252bf84999019a14cec62e512453,0,/mnt/datadisk/./datasets/0/VirusShare_dc82252bf84999019a14cec62e512453,,
VirusShare_17777da8e58b415c2764608996afeba4,17777da8e58b415c2764608996afeba4,1,/mnt/datadisk/./datasets/1/VirusShare_17777da8e58b415c2764608996afeba4,,
VirusShare_eeffadd8d76966dd0adec2adb01a1af8,eeffadd8d76966dd0adec2adb01a1af8,0,/mnt/datadisk/./datasets/0/VirusShare_eeffadd8d76966dd0adec2adb01a1af8,,
VirusShare_f4eb82bb07fd67db3c25be9ed5bd8b32,f4eb82bb07fd67db3c25be9ed5bd8b32,1,/mnt/datadisk/./datasets/1/VirusShare_f4eb82bb07fd67db3c25be9ed5bd8b32,,
VirusShare_84db796d5dcb39ef48b1d498387bdfc9,84db796d5dcb39ef48b1d498387bdfc9,1,/mnt/datadisk/./datasets/1/VirusShare_84db796d5dcb39ef48b1d498387bdfc9,,
VirusShare_16c5e3ca5e219a44a92927bacb6a36d1,16c5e3ca5e219a44a92927bacb6a36d1,1,/mnt/datadisk/./datasets/1/VirusShare_16c5e3ca5e219a44a92927bacb6a36d1,,
VirusShare_b1ab5a75df327bbd9cb249de00e4e67d,b1ab5a75df327bbd9cb249de00e4e67d,0,/mnt/datadisk/./datasets/0/VirusShare_b1ab5a75df327bbd9cb249de00e4e67d,,
VirusShare_fc614c618830f267c8485e3da2b1a1b1,fc614c618830f267c8485e3da2b1a1b1,1,/mnt/datadisk/./datasets/1/VirusShare_fc614c618830f267c8485e3da2b1a1b1,,
VirusShare_a1dda35b409052b5a9be06768c07bd39,a1dda35b409052b5a9be06768c07bd39,0,/mnt/datadisk/./datasets/0/VirusShare_a1dda35b409052b5a9be06768c07bd39,,
VirusShare_5f63bc0d54eef42f51aa2f124b1971b1,5f63bc0d54eef42f51aa2f124b1971b1,1,/mnt/datadisk/./datasets/1/VirusShare_5f63bc0d54eef42f51aa2f124b1971b1,,
VirusShare_6d55081593bb231eaadc852894cfa363,6d55081593bb231eaadc852894cfa363,0,/mnt/datadisk/./datasets/0/VirusShare_6d55081593bb231eaadc852894cfa363,,
VirusShare_a77e52f4ccfc98d0a098d244e38391b3,a77e52f4ccfc98d0a098d244e38391b3,0,/mnt/datadisk/./datasets/0/VirusShare_a77e52f4ccfc98d0a098d244e38391b3,,
VirusShare_fb4bf180ee6595d77b69f7a1140421cd,fb4bf180ee6595d77b69f7a1140421cd,0,/mnt/datadisk/./datasets/0/VirusShare_fb4bf180ee6595d77b69f7a1140421cd,,
VirusShare_eb179fb88361aae6fa1b72b66ebbdfb2,eb179fb88361aae6fa1b72b66ebbdfb2,0,/mnt/datadisk/./datasets/0/VirusShare_eb179fb88361aae6fa1b72b66ebbdfb2,,
VirusShare_94ac710a5d5be625b92d21bd80718630,94ac710a5d5be625b92d21bd80718630,1,/mnt/datadisk/./datasets/1/VirusShare_94ac710a5d5be625b92d21bd80718630,,
VirusShare_f781024d665b077ba5023e5e9ab894a8,f781024d665b077ba5023e5e9ab894a8,0,/mnt/datadisk/./datasets/0/VirusShare_f781024d665b077ba5023e5e9ab894a8,,
VirusShare_3bda0915b078a375d2cb195f1b794eb3,3bda0915b078a375d2cb195f1b794eb3,0,/mnt/datadisk/./datasets/0/VirusShare_3bda0915b078a375d2cb195f1b794eb3,,
VirusShare_a97112ec4abe2da48f45304ddfeec047,a97112ec4abe2da48f45304ddfeec047,0,/mnt/datadisk/./datasets/0/VirusShare_a97112ec4abe2da48f45304ddfeec047,,
VirusShare_2bcbeab859648d012491e38e0c315ec1,2bcbeab859648d012491e38e0c315ec1,0,/mnt/datadisk/./datasets/0/VirusShare_2bcbeab859648d012491e38e0c315ec1,,
VirusShare_1605174d27c500f2af02c175474df7dc,1605174d27c500f2af02c175474df7dc,0,/mnt/datadisk/./datasets/0/VirusShare_1605174d27c500f2af02c175474df7dc,,
VirusShare_b30093d6cebe80dc416e3e16f53b4bc4,b30093d6cebe80dc416e3e16f53b4bc4,0,/mnt/datadisk/./datasets/0/VirusShare_b30093d6cebe80dc416e3e16f53b4bc4,,
VirusShare_78d07cc11bffb06197ec3d3557aade68,78d07cc11bffb06197ec3d3557aade68,0,/mnt/datadisk/./datasets/0/VirusShare_78d07cc11bffb06197ec3d3557aade68,,
VirusShare_47a9666d5fe0d9e640b19f3bcfb9ea14,47a9666d5fe0d9e640b19f3bcfb9ea14,0,/mnt/datadisk/./datasets/0/VirusShare_47a9666d5fe0d9e640b19f3bcfb9ea14,,
VirusShare_d8509d2e74d3cac7a30b9f86add8623c,d8509d2e74d3cac7a30b9f86add8623c,0,/mnt/datadisk/./datasets/0/VirusShare_d8509d2e74d3cac7a30b9f86add8623c,,
VirusShare_62ac107e28c6936adbb2c07c90a39e0d,62ac107e28c6936adbb2c07c90a39e0d,0,/mnt/datadisk/./datasets/0/VirusShare_62ac107e28c6936adbb2c07c90a39e0d,,
VirusShare_f44f6487cdadb019517a1216d7bd6505,f44f6487cdadb019517a1216d7bd6505,1,/mnt/datadisk/./datasets/1/VirusShare_f44f6487cdadb019517a1216d7bd6505,,
VirusShare_739e36388ef3469daba0fce87ef51171,739e36388ef3469daba0fce87ef51171,1,/mnt/datadisk/./datasets/1/VirusShare_739e36388ef3469daba0fce87ef51171,,
VirusShare_852332e87d224a70fa9544efddcb44c7,852332e87d224a70fa9544efddcb44c7,0,/mnt/datadisk/./datasets/0/VirusShare_852332e87d224a70fa9544efddcb44c7,,
VirusShare_d616cedb8a2bf1c1f2cb9a11aa83c8d1,d616cedb8a2bf1c1f2cb9a11aa83c8d1,0,/mnt/datadisk/./datasets/0/VirusShare_d616cedb8a2bf1c1f2cb9a11aa83c8d1,,
VirusShare_b1854fc27e7f11ba6f2c31383d497074,b1854fc27e7f11ba6f2c31383d497074,0,/mnt/datadisk/./datasets/0/VirusShare_b1854fc27e7f11ba6f2c31383d497074,,
VirusShare_48efb99079ac73e9fc3ce9397c983e85,48efb99079ac73e9fc3ce9397c983e85,1,/mnt/datadisk/./datasets/1/VirusShare_48efb99079ac73e9fc3ce9397c983e85,,
VirusShare_c9835b5051654ba12cf3b6268eef56e0,c9835b5051654ba12cf3b6268eef56e0,0,/mnt/datadisk/./datasets/0/VirusShare_c9835b5051654ba12cf3b6268eef56e0,,
VirusShare_c6d0bce11d94247cf9e0505e677fcb1a,c6d0bce11d94247cf9e0505e677fcb1a,0,/mnt/datadisk/./datasets/0/VirusShare_c6d0bce11d94247cf9e0505e677fcb1a,,
VirusShare_69fdf679dc3ce71efed7094b45434058,69fdf679dc3ce71efed7094b45434058,1,/mnt/datadisk/./datasets/1/VirusShare_69fdf679dc3ce71efed7094b45434058,,
VirusShare_cbb0baf2ef90238abf7ad907476278fd,cbb0baf2ef90238abf7ad907476278fd,0,/mnt/datadisk/./datasets/0/VirusShare_cbb0baf2ef90238abf7ad907476278fd,,
VirusShare_2e2fbede9031283a63416898456b2190,2e2fbede9031283a63416898456b2190,1,/mnt/datadisk/./datasets/1/VirusShare_2e2fbede9031283a63416898456b2190,,
VirusShare_a60a38e2a22d9af31e1a040c790b5497,a60a38e2a22d9af31e1a040c790b5497,1,/mnt/datadisk/./datasets/1/VirusShare_a60a38e2a22d9af31e1a040c790b5497,,
VirusShare_7eadd61cd78887829d59ffd77d681621,7eadd61cd78887829d59ffd77d681621,1,/mnt/datadisk/./datasets/1/VirusShare_7eadd61cd78887829d59ffd77d681621,,
VirusShare_a6a71deca8dfce74439081a70d58cd63,a6a71deca8dfce74439081a70d58cd63,0,/mnt/datadisk/./datasets/0/VirusShare_a6a71deca8dfce74439081a70d58cd63,,
VirusShare_b95fd87f3e63328d98cc532402fee24b,b95fd87f3e63328d98cc532402fee24b,0,/mnt/datadisk/./datasets/0/VirusShare_b95fd87f3e63328d98cc532402fee24b,,
VirusShare_860286b5ba062829a93e4912359dbb01,860286b5ba062829a93e4912359dbb01,1,/mnt/datadisk/./datasets/1/VirusShare_860286b5ba062829a93e4912359dbb01,,
VirusShare_acd23553f3fac69e4159014337221a60,acd23553f3fac69e4159014337221a60,1,/mnt/datadisk/./datasets/1/VirusShare_acd23553f3fac69e4159014337221a60,,
VirusShare_6e0f57a734d3879a463e61a22e38af62,6e0f57a734d3879a463e61a22e38af62,0,/mnt/datadisk/./datasets/0/VirusShare_6e0f57a734d3879a463e61a22e38af62,,
VirusShare_ee4ce367424b9e5e50de1cef6c3398ad,ee4ce367424b9e5e50de1cef6c3398ad,0,/mnt/datadisk/./datasets/0/VirusShare_ee4ce367424b9e5e50de1cef6c3398ad,,
VirusShare_417503299e91cee5802063d002b18e28,417503299e91cee5802063d002b18e28,0,/mnt/datadisk/./datasets/0/VirusShare_417503299e91cee5802063d002b18e28,,
VirusShare_d20d37255c5667ba269dcff87ff79c86,d20d37255c5667ba269dcff87ff79c86,0,/mnt/datadisk/./datasets/0/VirusShare_d20d37255c5667ba269dcff87ff79c86,,
VirusShare_51e1b49e528148832c5071496097bbcf,51e1b49e528148832c5071496097bbcf,0,/mnt/datadisk/./datasets/0/VirusShare_51e1b49e528148832c5071496097bbcf,,
VirusShare_dfad5fdd5abd81bc88965caf095e3c23,dfad5fdd5abd81bc88965caf095e3c23,0,/mnt/datadisk/./datasets/0/VirusShare_dfad5fdd5abd81bc88965caf095e3c23,,
VirusShare_d255278f4f7a1c3d59bc4194040abdfd,d255278f4f7a1c3d59bc4194040abdfd,0,/mnt/datadisk/./datasets/0/VirusShare_d255278f4f7a1c3d59bc4194040abdfd,,
VirusShare_2c4ca5594128b7b8b9cb1d9698387548,2c4ca5594128b7b8b9cb1d9698387548,0,/mnt/datadisk/./datasets/0/VirusShare_2c4ca5594128b7b8b9cb1d9698387548,,
VirusShare_f752b9070eb10018f8da6827b5fcd1bf,f752b9070eb10018f8da6827b5fcd1bf,0,/mnt/datadisk/./datasets/0/VirusShare_f752b9070eb10018f8da6827b5fcd1bf,,
VirusShare_7e6a3c51290ba840f567857c3be6894a,7e6a3c51290ba840f567857c3be6894a,0,/mnt/datadisk/./datasets/0/VirusShare_7e6a3c51290ba840f567857c3be6894a,,
VirusShare_9339d9b1b5c43d8828e715b321a5cc5c,9339d9b1b5c43d8828e715b321a5cc5c,1,/mnt/datadisk/./datasets/1/VirusShare_9339d9b1b5c43d8828e715b321a5cc5c,,
VirusShare_45dce586847b9a88a5e803b5c7d1f5f3,45dce586847b9a88a5e803b5c7d1f5f3,0,/mnt/datadisk/./datasets/0/VirusShare_45dce586847b9a88a5e803b5c7d1f5f3,,
VirusShare_054eae4d03f2fa93b8f9f0c750c361eb,054eae4d03f2fa93b8f9f0c750c361eb,1,/mnt/datadisk/./datasets/1/VirusShare_054eae4d03f2fa93b8f9f0c750c361eb,,
VirusShare_1c4a48d15c4d7dd5ff36c1aef7638495,1c4a48d15c4d7dd5ff36c1aef7638495,1,/mnt/datadisk/./datasets/1/VirusShare_1c4a48d15c4d7dd5ff36c1aef7638495,,
VirusShare_be997928592618b9bf89bf353a96a9f9,be997928592618b9bf89bf353a96a9f9,0,/mnt/datadisk/./datasets/0/VirusShare_be997928592618b9bf89bf353a96a9f9,,
VirusShare_4bdf5cf0a2dcf0e86311f1f0896be6f2,4bdf5cf0a2dcf0e86311f1f0896be6f2,0,/mnt/datadisk/./datasets/0/VirusShare_4bdf5cf0a2dcf0e86311f1f0896be6f2,,
VirusShare_10ebef11fae441c9a7cc482f1cd57c50,10ebef11fae441c9a7cc482f1cd57c50,1,/mnt/datadisk/./datasets/1/VirusShare_10ebef11fae441c9a7cc482f1cd57c50,,
VirusShare_f90a38516188944dd9061a890ad525f1,f90a38516188944dd9061a890ad525f1,1,/mnt/datadisk/./datasets/1/VirusShare_f90a38516188944dd9061a890ad525f1,,
VirusShare_03768dfa2b77c3f28480608938e20a75,03768dfa2b77c3f28480608938e20a75,0,/mnt/datadisk/./datasets/0/VirusShare_03768dfa2b77c3f28480608938e20a75,,
VirusShare_e0fb3ae0805893f07729500d4f150b9e,e0fb3ae0805893f07729500d4f150b9e,1,/mnt/datadisk/./datasets/1/VirusShare_e0fb3ae0805893f07729500d4f150b9e,,
VirusShare_ad01a652b6e813ddb402daa99f30958b,ad01a652b6e813ddb402daa99f30958b,1,/mnt/datadisk/./datasets/1/VirusShare_ad01a652b6e813ddb402daa99f30958b,,
VirusShare_08bb1eb577c936aa0a8601dfa333ea0e,08bb1eb577c936aa0a8601dfa333ea0e,0,/mnt/datadisk/./datasets/0/VirusShare_08bb1eb577c936aa0a8601dfa333ea0e,,
VirusShare_76c84aaf1e833d2c9016a37ebf56ee2e,76c84aaf1e833d2c9016a37ebf56ee2e,0,/mnt/datadisk/./datasets/0/VirusShare_76c84aaf1e833d2c9016a37ebf56ee2e,,
VirusShare_12c8ab20fda0665ceb0b410471793f76,12c8ab20fda0665ceb0b410471793f76,0,/mnt/datadisk/./datasets/0/VirusShare_12c8ab20fda0665ceb0b410471793f76,,
VirusShare_44cb9a026d68771741b4cc0cead0c78c,44cb9a026d68771741b4cc0cead0c78c,0,/mnt/datadisk/./datasets/0/VirusShare_44cb9a026d68771741b4cc0cead0c78c,,
VirusShare_64690f35358415f7d1f4ea2d867dfdd4,64690f35358415f7d1f4ea2d867dfdd4,1,/mnt/datadisk/./datasets/1/VirusShare_64690f35358415f7d1f4ea2d867dfdd4,,
VirusShare_1adb332dc97fde5ae37485492cb27981,1adb332dc97fde5ae37485492cb27981,0,/mnt/datadisk/./datasets/0/VirusShare_1adb332dc97fde5ae37485492cb27981,,
VirusShare_a0904a48b08704db4cb4972b8ffaa733,a0904a48b08704db4cb4972b8ffaa733,0,/mnt/datadisk/./datasets/0/VirusShare_a0904a48b08704db4cb4972b8ffaa733,,
VirusShare_f1bbad1080e95b8ea0a9fd7a057e1aec,f1bbad1080e95b8ea0a9fd7a057e1aec,0,/mnt/datadisk/./datasets/0/VirusShare_f1bbad1080e95b8ea0a9fd7a057e1aec,,
VirusShare_cacd270b3701ec0aee4b9eb954f31edb,cacd270b3701ec0aee4b9eb954f31edb,0,/mnt/datadisk/./datasets/0/VirusShare_cacd270b3701ec0aee4b9eb954f31edb,,
VirusShare_80992644a1584b94cf37558283da6f82,80992644a1584b94cf37558283da6f82,1,/mnt/datadisk/./datasets/1/VirusShare_80992644a1584b94cf37558283da6f82,,
VirusShare_6a3139229d0344da90d0108b269c5764,6a3139229d0344da90d0108b269c5764,1,/mnt/datadisk/./datasets/1/VirusShare_6a3139229d0344da90d0108b269c5764,,
VirusShare_e0a5168bf0240ded0584759372586ad5,e0a5168bf0240ded0584759372586ad5,1,/mnt/datadisk/./datasets/1/VirusShare_e0a5168bf0240ded0584759372586ad5,,
VirusShare_0e81ba22574c874c862645d5d2876f7b,0e81ba22574c874c862645d5d2876f7b,1,/mnt/datadisk/./datasets/1/VirusShare_0e81ba22574c874c862645d5d2876f7b,,
VirusShare_dde23991bf8c7157c184816e6af6e019,dde23991bf8c7157c184816e6af6e019,0,/mnt/datadisk/./datasets/0/VirusShare_dde23991bf8c7157c184816e6af6e019,,
VirusShare_19d20f6312b8ddd3127b5f51b13b891a,19d20f6312b8ddd3127b5f51b13b891a,1,/mnt/datadisk/./datasets/1/VirusShare_19d20f6312b8ddd3127b5f51b13b891a,,
VirusShare_39f96886ec02ac949d0a4371ee4d58c7,39f96886ec02ac949d0a4371ee4d58c7,0,/mnt/datadisk/./datasets/0/VirusShare_39f96886ec02ac949d0a4371ee4d58c7,,
VirusShare_514e2771207cd146d0aaacebf15f8cf6,514e2771207cd146d0aaacebf15f8cf6,0,/mnt/datadisk/./datasets/0/VirusShare_514e2771207cd146d0aaacebf15f8cf6,,
VirusShare_823a8b810fbabfa6b10aa3eab8ac2196,823a8b810fbabfa6b10aa3eab8ac2196,0,/mnt/datadisk/./datasets/0/VirusShare_823a8b810fbabfa6b10aa3eab8ac2196,,
VirusShare_772b2c2a8d9b092ea11a5f91e5318e8d,772b2c2a8d9b092ea11a5f91e5318e8d,1,/mnt/datadisk/./datasets/1/VirusShare_772b2c2a8d9b092ea11a5f91e5318e8d,,
VirusShare_ad2ee59a4bf1bfd8a977828fa619aca9,ad2ee59a4bf1bfd8a977828fa619aca9,0,/mnt/datadisk/./datasets/0/VirusShare_ad2ee59a4bf1bfd8a977828fa619aca9,,
VirusShare_978a3ad083a59be05d97c51516616701,978a3ad083a59be05d97c51516616701,1,/mnt/datadisk/./datasets/1/VirusShare_978a3ad083a59be05d97c51516616701,,
VirusShare_4b7702a88b2275969677a702c6ea77f0,4b7702a88b2275969677a702c6ea77f0,0,/mnt/datadisk/./datasets/0/VirusShare_4b7702a88b2275969677a702c6ea77f0,,
VirusShare_c735f3070b1c43d23d559397e740a7e3,c735f3070b1c43d23d559397e740a7e3,0,/mnt/datadisk/./datasets/0/VirusShare_c735f3070b1c43d23d559397e740a7e3,,
VirusShare_c1f5aed3abda3d78bb6dbe0524e049c5,c1f5aed3abda3d78bb6dbe0524e049c5,1,/mnt/datadisk/./datasets/1/VirusShare_c1f5aed3abda3d78bb6dbe0524e049c5,,
VirusShare_a8c32d32b6c010a9a178f7125ff09a8f,a8c32d32b6c010a9a178f7125ff09a8f,1,/mnt/datadisk/./datasets/1/VirusShare_a8c32d32b6c010a9a178f7125ff09a8f,,
VirusShare_19c26db477f159e72ed2facb98071c37,19c26db477f159e72ed2facb98071c37,0,/mnt/datadisk/./datasets/0/VirusShare_19c26db477f159e72ed2facb98071c37,,
VirusShare_3b04eed736dfc2105ad001f455439ccd,3b04eed736dfc2105ad001f455439ccd,0,/mnt/datadisk/./datasets/0/VirusShare_3b04eed736dfc2105ad001f455439ccd,,
VirusShare_402b5b721a2989712b96dc2cd33213e2,402b5b721a2989712b96dc2cd33213e2,1,/mnt/datadisk/./datasets/1/VirusShare_402b5b721a2989712b96dc2cd33213e2,,
VirusShare_9cf123bd421128d4362b03e4dc408865,9cf123bd421128d4362b03e4dc408865,0,/mnt/datadisk/./datasets/0/VirusShare_9cf123bd421128d4362b03e4dc408865,,
VirusShare_2cede5f69e702331c9617621b62d3576,2cede5f69e702331c9617621b62d3576,0,/mnt/datadisk/./datasets/0/VirusShare_2cede5f69e702331c9617621b62d3576,,
VirusShare_04a9bd62d794aba7eee5c7ce7eb768eb,04a9bd62d794aba7eee5c7ce7eb768eb,0,/mnt/datadisk/./datasets/0/VirusShare_04a9bd62d794aba7eee5c7ce7eb768eb,,
VirusShare_802c72d87308502fa83eb505ba3da23b,802c72d87308502fa83eb505ba3da23b,0,/mnt/datadisk/./datasets/0/VirusShare_802c72d87308502fa83eb505ba3da23b,,
VirusShare_efacfaa873412cc88bf0d534aff166be,efacfaa873412cc88bf0d534aff166be,0,/mnt/datadisk/./datasets/0/VirusShare_efacfaa873412cc88bf0d534aff166be,,
VirusShare_a92d671ec409b41a42f2186237cdd891,a92d671ec409b41a42f2186237cdd891,0,/mnt/datadisk/./datasets/0/VirusShare_a92d671ec409b41a42f2186237cdd891,,
VirusShare_33ca23c43736082f44e1c09ff5cf079c,33ca23c43736082f44e1c09ff5cf079c,0,/mnt/datadisk/./datasets/0/VirusShare_33ca23c43736082f44e1c09ff5cf079c,,
VirusShare_35084b6d0ce1b2fe343477d90595e966,35084b6d0ce1b2fe343477d90595e966,0,/mnt/datadisk/./datasets/0/VirusShare_35084b6d0ce1b2fe343477d90595e966,,
VirusShare_54106b1d4b8f55a669a11013f2c92406,54106b1d4b8f55a669a11013f2c92406,0,/mnt/datadisk/./datasets/0/VirusShare_54106b1d4b8f55a669a11013f2c92406,,
VirusShare_cae17ff584c4f3a9508fe0d9ea93be5b,cae17ff584c4f3a9508fe0d9ea93be5b,1,/mnt/datadisk/./datasets/1/VirusShare_cae17ff584c4f3a9508fe0d9ea93be5b,,
VirusShare_eebbbb42750eea48395d3d8e000f2261,eebbbb42750eea48395d3d8e000f2261,0,/mnt/datadisk/./datasets/0/VirusShare_eebbbb42750eea48395d3d8e000f2261,,
VirusShare_932cb9ca236e1e8c6740d9db01410778,932cb9ca236e1e8c6740d9db01410778,0,/mnt/datadisk/./datasets/0/VirusShare_932cb9ca236e1e8c6740d9db01410778,,
VirusShare_cec083836c0f39220396e3d63b9b886e,cec083836c0f39220396e3d63b9b886e,0,/mnt/datadisk/./datasets/0/VirusShare_cec083836c0f39220396e3d63b9b886e,,
VirusShare_5a9c478fdd8023c888ce6706605d09d7,5a9c478fdd8023c888ce6706605d09d7,0,/mnt/datadisk/./datasets/0/VirusShare_5a9c478fdd8023c888ce6706605d09d7,,
VirusShare_1d831df3d1f180bfb4cc7b27be38f382,1d831df3d1f180bfb4cc7b27be38f382,1,/mnt/datadisk/./datasets/1/VirusShare_1d831df3d1f180bfb4cc7b27be38f382,,
VirusShare_dcd2d16482fd7bbde0b97b9502388e51,dcd2d16482fd7bbde0b97b9502388e51,0,/mnt/datadisk/./datasets/0/VirusShare_dcd2d16482fd7bbde0b97b9502388e51,,
VirusShare_095bcc703256868a7b326ac64920e2de,095bcc703256868a7b326ac64920e2de,0,/mnt/datadisk/./datasets/0/VirusShare_095bcc703256868a7b326ac64920e2de,,
VirusShare_6483d3de531d0651f72f71e4d4393837,6483d3de531d0651f72f71e4d4393837,0,/mnt/datadisk/./datasets/0/VirusShare_6483d3de531d0651f72f71e4d4393837,,
VirusShare_b60fac4491fa471640b6395472a24557,b60fac4491fa471640b6395472a24557,0,/mnt/datadisk/./datasets/0/VirusShare_b60fac4491fa471640b6395472a24557,,
VirusShare_2efaa43cfc1a41b896d48aea1c219618,2efaa43cfc1a41b896d48aea1c219618,0,/mnt/datadisk/./datasets/0/VirusShare_2efaa43cfc1a41b896d48aea1c219618,,
VirusShare_a42608e928cfd28602e252d4feb52352,a42608e928cfd28602e252d4feb52352,1,/mnt/datadisk/./datasets/1/VirusShare_a42608e928cfd28602e252d4feb52352,,
VirusShare_a7681453ada7430e2077fad1147334ef,a7681453ada7430e2077fad1147334ef,0,/mnt/datadisk/./datasets/0/VirusShare_a7681453ada7430e2077fad1147334ef,,
VirusShare_92a67e3369a27443e1f36849ccc236ff,92a67e3369a27443e1f36849ccc236ff,0,/mnt/datadisk/./datasets/0/VirusShare_92a67e3369a27443e1f36849ccc236ff,,
VirusShare_12a43b16aace2dd28655b93a18321bad,12a43b16aace2dd28655b93a18321bad,0,/mnt/datadisk/./datasets/0/VirusShare_12a43b16aace2dd28655b93a18321bad,,
VirusShare_86379266b1b75dffccbe0cae3b03945e,86379266b1b75dffccbe0cae3b03945e,0,/mnt/datadisk/./datasets/0/VirusShare_86379266b1b75dffccbe0cae3b03945e,,
VirusShare_57b863f669af4a4537844c446b26e230,57b863f669af4a4537844c446b26e230,0,/mnt/datadisk/./datasets/0/VirusShare_57b863f669af4a4537844c446b26e230,,
VirusShare_a64b81aa18d54d8be984352abf9ae369,a64b81aa18d54d8be984352abf9ae369,1,/mnt/datadisk/./datasets/1/VirusShare_a64b81aa18d54d8be984352abf9ae369,,
VirusShare_26316ca7344451663e333e8feff5fa34,26316ca7344451663e333e8feff5fa34,0,/mnt/datadisk/./datasets/0/VirusShare_26316ca7344451663e333e8feff5fa34,,
VirusShare_dbae16deafaefdcc0df97fb23fc8a8f6,dbae16deafaefdcc0df97fb23fc8a8f6,1,/mnt/datadisk/./datasets/1/VirusShare_dbae16deafaefdcc0df97fb23fc8a8f6,,
VirusShare_50e2e400d006c629a64756ba76859552,50e2e400d006c629a64756ba76859552,1,/mnt/datadisk/./datasets/1/VirusShare_50e2e400d006c629a64756ba76859552,,
VirusShare_75abeeb6de18530f65d26e8115251b8c,75abeeb6de18530f65d26e8115251b8c,1,/mnt/datadisk/./datasets/1/VirusShare_75abeeb6de18530f65d26e8115251b8c,,
VirusShare_46088a42b49d570dcf473415d4e1d7f9,46088a42b49d570dcf473415d4e1d7f9,0,/mnt/datadisk/./datasets/0/VirusShare_46088a42b49d570dcf473415d4e1d7f9,,
VirusShare_862461aa4e50ced3319a1f3a4a7ad39f,862461aa4e50ced3319a1f3a4a7ad39f,1,/mnt/datadisk/./datasets/1/VirusShare_862461aa4e50ced3319a1f3a4a7ad39f,,
VirusShare_91ac6deca3af450226dbf85cfaa439de,91ac6deca3af450226dbf85cfaa439de,1,/mnt/datadisk/./datasets/1/VirusShare_91ac6deca3af450226dbf85cfaa439de,,
VirusShare_f8ac279280317aff159a3ba107ef7200,f8ac279280317aff159a3ba107ef7200,1,/mnt/datadisk/./datasets/1/VirusShare_f8ac279280317aff159a3ba107ef7200,,
VirusShare_09e147224c00abb8898583446d637380,09e147224c00abb8898583446d637380,1,/mnt/datadisk/./datasets/1/VirusShare_09e147224c00abb8898583446d637380,,
VirusShare_3c222716db36c51a5177ef7526e15ee7,3c222716db36c51a5177ef7526e15ee7,1,/mnt/datadisk/./datasets/1/VirusShare_3c222716db36c51a5177ef7526e15ee7,,
VirusShare_7bfad2cfcb47b0efeb8ce59c179e2ba6,7bfad2cfcb47b0efeb8ce59c179e2ba6,0,/mnt/datadisk/./datasets/0/VirusShare_7bfad2cfcb47b0efeb8ce59c179e2ba6,,
VirusShare_74659900ba377fffeea6b555438da991,74659900ba377fffeea6b555438da991,0,/mnt/datadisk/./datasets/0/VirusShare_74659900ba377fffeea6b555438da991,,
VirusShare_f543f22fcd74a14d900d221e5641ec10,f543f22fcd74a14d900d221e5641ec10,0,/mnt/datadisk/./datasets/0/VirusShare_f543f22fcd74a14d900d221e5641ec10,,
VirusShare_37d9e1ebb178375d6c25226b946b1a1d,37d9e1ebb178375d6c25226b946b1a1d,0,/mnt/datadisk/./datasets/0/VirusShare_37d9e1ebb178375d6c25226b946b1a1d,,
VirusShare_94929552e281632188f8dc18322a9b2d,94929552e281632188f8dc18322a9b2d,1,/mnt/datadisk/./datasets/1/VirusShare_94929552e281632188f8dc18322a9b2d,,
VirusShare_17c611f1cb8902062b56dcb8238d0a31,17c611f1cb8902062b56dcb8238d0a31,1,/mnt/datadisk/./datasets/1/VirusShare_17c611f1cb8902062b56dcb8238d0a31,,
VirusShare_18eb4e9b058317294556f4426c987818,18eb4e9b058317294556f4426c987818,1,/mnt/datadisk/./datasets/1/VirusShare_18eb4e9b058317294556f4426c987818,,
VirusShare_40dc480550090d32cdf71b3a3f4f3aed,40dc480550090d32cdf71b3a3f4f3aed,1,/mnt/datadisk/./datasets/1/VirusShare_40dc480550090d32cdf71b3a3f4f3aed,,
VirusShare_29fdc7bbb9fce51e85465a8dabe6e56a,29fdc7bbb9fce51e85465a8dabe6e56a,0,/mnt/datadisk/./datasets/0/VirusShare_29fdc7bbb9fce51e85465a8dabe6e56a,,
VirusShare_63f91dcc9c13b8e841b51322e8dccdfa,63f91dcc9c13b8e841b51322e8dccdfa,0,/mnt/datadisk/./datasets/0/VirusShare_63f91dcc9c13b8e841b51322e8dccdfa,,
VirusShare_4c07a52740a3516f645744f84b0c1f44,4c07a52740a3516f645744f84b0c1f44,1,/mnt/datadisk/./datasets/1/VirusShare_4c07a52740a3516f645744f84b0c1f44,,
VirusShare_0cd01a72a0bcac8da8db06aaec2d72b6,0cd01a72a0bcac8da8db06aaec2d72b6,0,/mnt/datadisk/./datasets/0/VirusShare_0cd01a72a0bcac8da8db06aaec2d72b6,,
VirusShare_2e405d86b72126517944ba2866d11472,2e405d86b72126517944ba2866d11472,0,/mnt/datadisk/./datasets/0/VirusShare_2e405d86b72126517944ba2866d11472,,
VirusShare_de4386ca0f704928b2d87abdef353dc8,de4386ca0f704928b2d87abdef353dc8,1,/mnt/datadisk/./datasets/1/VirusShare_de4386ca0f704928b2d87abdef353dc8,,
VirusShare_05b525cd8e147a13b1803ea8907ffaed,05b525cd8e147a13b1803ea8907ffaed,0,/mnt/datadisk/./datasets/0/VirusShare_05b525cd8e147a13b1803ea8907ffaed,,
VirusShare_31e5f1b3478091112672703ab3c3f618,31e5f1b3478091112672703ab3c3f618,0,/mnt/datadisk/./datasets/0/VirusShare_31e5f1b3478091112672703ab3c3f618,,
VirusShare_6ac3120afb708e2116b712e4e894edb4,6ac3120afb708e2116b712e4e894edb4,0,/mnt/datadisk/./datasets/0/VirusShare_6ac3120afb708e2116b712e4e894edb4,,
VirusShare_b474e55affe2984c7152dfc8ee44426e,b474e55affe2984c7152dfc8ee44426e,0,/mnt/datadisk/./datasets/0/VirusShare_b474e55affe2984c7152dfc8ee44426e,,
VirusShare_eba1572f6b2f3f5a8e0d21e04564fdbc,eba1572f6b2f3f5a8e0d21e04564fdbc,1,/mnt/datadisk/./datasets/1/VirusShare_eba1572f6b2f3f5a8e0d21e04564fdbc,,
VirusShare_11e7146f67145408070990378d6a3a3d,11e7146f67145408070990378d6a3a3d,0,/mnt/datadisk/./datasets/0/VirusShare_11e7146f67145408070990378d6a3a3d,,
VirusShare_38193a039fec507114095ba6f2dd71fa,38193a039fec507114095ba6f2dd71fa,1,/mnt/datadisk/./datasets/1/VirusShare_38193a039fec507114095ba6f2dd71fa,,
VirusShare_3e0305774913b94890a78de8edbf5ae2,3e0305774913b94890a78de8edbf5ae2,0,/mnt/datadisk/./datasets/0/VirusShare_3e0305774913b94890a78de8edbf5ae2,,
VirusShare_ed71c0f2dd9c87b6e0c163b2ae004474,ed71c0f2dd9c87b6e0c163b2ae004474,1,/mnt/datadisk/./datasets/1/VirusShare_ed71c0f2dd9c87b6e0c163b2ae004474,,
VirusShare_2f6317332dcc700e57a3b9a7edd05c27,2f6317332dcc700e57a3b9a7edd05c27,0,/mnt/datadisk/./datasets/0/VirusShare_2f6317332dcc700e57a3b9a7edd05c27,,
VirusShare_86b3d4766829983a3605b25592eb1569,86b3d4766829983a3605b25592eb1569,1,/mnt/datadisk/./datasets/1/VirusShare_86b3d4766829983a3605b25592eb1569,,
VirusShare_1bb21461bf917168a4f4d990b860b2fc,1bb21461bf917168a4f4d990b860b2fc,1,/mnt/datadisk/./datasets/1/VirusShare_1bb21461bf917168a4f4d990b860b2fc,,
VirusShare_248ad3104d6edce7d2f8ff9fb34fb133,248ad3104d6edce7d2f8ff9fb34fb133,1,/mnt/datadisk/./datasets/1/VirusShare_248ad3104d6edce7d2f8ff9fb34fb133,,
VirusShare_2a643fdf22c471ba451735de3a0004f7,2a643fdf22c471ba451735de3a0004f7,1,/mnt/datadisk/./datasets/1/VirusShare_2a643fdf22c471ba451735de3a0004f7,,
VirusShare_1a6ee5bcb2b8408e7413eba9294d0258,1a6ee5bcb2b8408e7413eba9294d0258,0,/mnt/datadisk/./datasets/0/VirusShare_1a6ee5bcb2b8408e7413eba9294d0258,,
VirusShare_1c673eb6959e8562cd7c715f6e9905ff,1c673eb6959e8562cd7c715f6e9905ff,1,/mnt/datadisk/./datasets/1/VirusShare_1c673eb6959e8562cd7c715f6e9905ff,,
VirusShare_6628ce3299ff584afe72bb6370608597,6628ce3299ff584afe72bb6370608597,0,/mnt/datadisk/./datasets/0/VirusShare_6628ce3299ff584afe72bb6370608597,,
VirusShare_94388ef9a6970f32de419628329bb24c,94388ef9a6970f32de419628329bb24c,1,/mnt/datadisk/./datasets/1/VirusShare_94388ef9a6970f32de419628329bb24c,,
VirusShare_34e5f2e2f60bc221c18e481cbb4f7ab5,34e5f2e2f60bc221c18e481cbb4f7ab5,0,/mnt/datadisk/./datasets/0/VirusShare_34e5f2e2f60bc221c18e481cbb4f7ab5,,
VirusShare_6c673b693f8029a07b53ce8acbf73cd1,6c673b693f8029a07b53ce8acbf73cd1,1,/mnt/datadisk/./datasets/1/VirusShare_6c673b693f8029a07b53ce8acbf73cd1,,
VirusShare_760236fd734bf5655628a32fc40ed0fb,760236fd734bf5655628a32fc40ed0fb,1,/mnt/datadisk/./datasets/1/VirusShare_760236fd734bf5655628a32fc40ed0fb,,
VirusShare_69797379048980169df5a5020ae29909,69797379048980169df5a5020ae29909,0,/mnt/datadisk/./datasets/0/VirusShare_69797379048980169df5a5020ae29909,,
VirusShare_073ff9d44c074acc4301ce4cf5f8085b,073ff9d44c074acc4301ce4cf5f8085b,1,/mnt/datadisk/./datasets/1/VirusShare_073ff9d44c074acc4301ce4cf5f8085b,,
VirusShare_1e1b60b3defa3b35a2a94e7fef7adce4,1e1b60b3defa3b35a2a94e7fef7adce4,0,/mnt/datadisk/./datasets/0/VirusShare_1e1b60b3defa3b35a2a94e7fef7adce4,,
VirusShare_e9b01a06614c40221eb6eb240babc243,e9b01a06614c40221eb6eb240babc243,0,/mnt/datadisk/./datasets/0/VirusShare_e9b01a06614c40221eb6eb240babc243,,
VirusShare_5036f77f74ff741f448a2943aa697c7d,5036f77f74ff741f448a2943aa697c7d,1,/mnt/datadisk/./datasets/1/VirusShare_5036f77f74ff741f448a2943aa697c7d,,
VirusShare_4036add1e53ffdef5021491c300b3617,4036add1e53ffdef5021491c300b3617,0,/mnt/datadisk/./datasets/0/VirusShare_4036add1e53ffdef5021491c300b3617,,
VirusShare_c677e322947cf212e7621e5421a00289,c677e322947cf212e7621e5421a00289,0,/mnt/datadisk/./datasets/0/VirusShare_c677e322947cf212e7621e5421a00289,,
VirusShare_5e297af5fd8ce10bb8488bf39acce293,5e297af5fd8ce10bb8488bf39acce293,0,/mnt/datadisk/./datasets/0/VirusShare_5e297af5fd8ce10bb8488bf39acce293,,
VirusShare_01ac902487f826c4edf06241151eb0ed,01ac902487f826c4edf06241151eb0ed,0,/mnt/datadisk/./datasets/0/VirusShare_01ac902487f826c4edf06241151eb0ed,,
VirusShare_2523bc51a434b45d9fa9881a77340fb7,2523bc51a434b45d9fa9881a77340fb7,1,/mnt/datadisk/./datasets/1/VirusShare_2523bc51a434b45d9fa9881a77340fb7,,
VirusShare_b32313644eb0d23f3d5eb3c5d2a9622f,b32313644eb0d23f3d5eb3c5d2a9622f,0,/mnt/datadisk/./datasets/0/VirusShare_b32313644eb0d23f3d5eb3c5d2a9622f,,
VirusShare_2020d4c1802acd7b63bbd635d6a9f439,2020d4c1802acd7b63bbd635d6a9f439,0,/mnt/datadisk/./datasets/0/VirusShare_2020d4c1802acd7b63bbd635d6a9f439,,
VirusShare_c2a4f81208c65d130f5ef3467ca76b35,c2a4f81208c65d130f5ef3467ca76b35,0,/mnt/datadisk/./datasets/0/VirusShare_c2a4f81208c65d130f5ef3467ca76b35,,
VirusShare_44dd47401b94e056b009905fe584806f,44dd47401b94e056b009905fe584806f,1,/mnt/datadisk/./datasets/1/VirusShare_44dd47401b94e056b009905fe584806f,,
VirusShare_194e9a46a6b90d331dc8b4e207ae6834,194e9a46a6b90d331dc8b4e207ae6834,0,/mnt/datadisk/./datasets/0/VirusShare_194e9a46a6b90d331dc8b4e207ae6834,,
VirusShare_5f951d13bc2ae245fd4be9dcee8d975e,5f951d13bc2ae245fd4be9dcee8d975e,0,/mnt/datadisk/./datasets/0/VirusShare_5f951d13bc2ae245fd4be9dcee8d975e,,
VirusShare_b0ea6aa8d5462fa0fe0829672b4dd725,b0ea6aa8d5462fa0fe0829672b4dd725,0,/mnt/datadisk/./datasets/0/VirusShare_b0ea6aa8d5462fa0fe0829672b4dd725,,
VirusShare_0e65e80d09ecbc505bdd10927226c87c,0e65e80d09ecbc505bdd10927226c87c,0,/mnt/datadisk/./datasets/0/VirusShare_0e65e80d09ecbc505bdd10927226c87c,,
VirusShare_4b1cfa1207d89791b682f40c6c9fc01d,4b1cfa1207d89791b682f40c6c9fc01d,1,/mnt/datadisk/./datasets/1/VirusShare_4b1cfa1207d89791b682f40c6c9fc01d,,
VirusShare_a7d6f0f82a1c1e4cf54743fa7dc49a9a,a7d6f0f82a1c1e4cf54743fa7dc49a9a,0,/mnt/datadisk/./datasets/0/VirusShare_a7d6f0f82a1c1e4cf54743fa7dc49a9a,,
VirusShare_968413e19e1fb423c105f3ff8de374b5,968413e19e1fb423c105f3ff8de374b5,1,/mnt/datadisk/./datasets/1/VirusShare_968413e19e1fb423c105f3ff8de374b5,,
VirusShare_247e2ce013cbda5db987f42355048389,247e2ce013cbda5db987f42355048389,1,/mnt/datadisk/./datasets/1/VirusShare_247e2ce013cbda5db987f42355048389,,
VirusShare_fdce18358d597d6df791071d740c425a,fdce18358d597d6df791071d740c425a,0,/mnt/datadisk/./datasets/0/VirusShare_fdce18358d597d6df791071d740c425a,,
VirusShare_56914a7a0ad7a1d9525bfc35a2ef9ea2,56914a7a0ad7a1d9525bfc35a2ef9ea2,0,/mnt/datadisk/./datasets/0/VirusShare_56914a7a0ad7a1d9525bfc35a2ef9ea2,,
VirusShare_29fafca1ff7eebbfddfefcf2562fd259,29fafca1ff7eebbfddfefcf2562fd259,0,/mnt/datadisk/./datasets/0/VirusShare_29fafca1ff7eebbfddfefcf2562fd259,,
VirusShare_4bc4337bafa7659472b1edd39b294c1a,4bc4337bafa7659472b1edd39b294c1a,0,/mnt/datadisk/./datasets/0/VirusShare_4bc4337bafa7659472b1edd39b294c1a,,
VirusShare_58eef3413ce1e59ec6c2a8c101edcd96,58eef3413ce1e59ec6c2a8c101edcd96,0,/mnt/datadisk/./datasets/0/VirusShare_58eef3413ce1e59ec6c2a8c101edcd96,,
VirusShare_0b8b173793732b1e63f9f36ad25aeacb,0b8b173793732b1e63f9f36ad25aeacb,0,/mnt/datadisk/./datasets/0/VirusShare_0b8b173793732b1e63f9f36ad25aeacb,,
VirusShare_1e950bd4b7250d8f58b164626e778e86,1e950bd4b7250d8f58b164626e778e86,0,/mnt/datadisk/./datasets/0/VirusShare_1e950bd4b7250d8f58b164626e778e86,,
VirusShare_bb3b9e77b223d6bdd08f1f1170ea7a8a,bb3b9e77b223d6bdd08f1f1170ea7a8a,0,/mnt/datadisk/./datasets/0/VirusShare_bb3b9e77b223d6bdd08f1f1170ea7a8a,,
VirusShare_d9a9c2f7937ba39961539c0855659bb8,d9a9c2f7937ba39961539c0855659bb8,0,/mnt/datadisk/./datasets/0/VirusShare_d9a9c2f7937ba39961539c0855659bb8,,
VirusShare_5c7932de5f7ed7fe511b38a94bd62ace,5c7932de5f7ed7fe511b38a94bd62ace,0,/mnt/datadisk/./datasets/0/VirusShare_5c7932de5f7ed7fe511b38a94bd62ace,,
VirusShare_8fbfa37934555884e73d5d794979ca9d,8fbfa37934555884e73d5d794979ca9d,0,/mnt/datadisk/./datasets/0/VirusShare_8fbfa37934555884e73d5d794979ca9d,,
VirusShare_6238e1096e679194af810a1f6109a30a,6238e1096e679194af810a1f6109a30a,0,/mnt/datadisk/./datasets/0/VirusShare_6238e1096e679194af810a1f6109a30a,,
VirusShare_9b21efea25316d46021920087cce74e2,9b21efea25316d46021920087cce74e2,0,/mnt/datadisk/./datasets/0/VirusShare_9b21efea25316d46021920087cce74e2,,
VirusShare_1810992703a3b39d1f14c8be78af9d8c,1810992703a3b39d1f14c8be78af9d8c,0,/mnt/datadisk/./datasets/0/VirusShare_1810992703a3b39d1f14c8be78af9d8c,,
VirusShare_c4db465b390f145bad6230a7ce3dc4df,c4db465b390f145bad6230a7ce3dc4df,0,/mnt/datadisk/./datasets/0/VirusShare_c4db465b390f145bad6230a7ce3dc4df,,
VirusShare_58953361580bd6e1a0eb9064aead51d8,58953361580bd6e1a0eb9064aead51d8,0,/mnt/datadisk/./datasets/0/VirusShare_58953361580bd6e1a0eb9064aead51d8,,
VirusShare_1f563d126e328d5f75a96738a3bfdedd,1f563d126e328d5f75a96738a3bfdedd,0,/mnt/datadisk/./datasets/0/VirusShare_1f563d126e328d5f75a96738a3bfdedd,,
VirusShare_cb5aea5edc61a6c864a8ad9cb8bab3fc,cb5aea5edc61a6c864a8ad9cb8bab3fc,0,/mnt/datadisk/./datasets/0/VirusShare_cb5aea5edc61a6c864a8ad9cb8bab3fc,,
VirusShare_b110ec1e2a6e3163719fe85399ca5ea2,b110ec1e2a6e3163719fe85399ca5ea2,0,/mnt/datadisk/./datasets/0/VirusShare_b110ec1e2a6e3163719fe85399ca5ea2,,
VirusShare_d5e671784cf19db322251ebde1223475,d5e671784cf19db322251ebde1223475,0,/mnt/datadisk/./datasets/0/VirusShare_d5e671784cf19db322251ebde1223475,,
VirusShare_451e03f07dc056d2dfc1bedd66c6f7c0,451e03f07dc056d2dfc1bedd66c6f7c0,0,/mnt/datadisk/./datasets/0/VirusShare_451e03f07dc056d2dfc1bedd66c6f7c0,,
VirusShare_c892c5837e41e041095fb9648b1f98e0,c892c5837e41e041095fb9648b1f98e0,1,/mnt/datadisk/./datasets/1/VirusShare_c892c5837e41e041095fb9648b1f98e0,,
VirusShare_0259359ded34c44d92ddfaeb1c17a5dd,0259359ded34c44d92ddfaeb1c17a5dd,0,/mnt/datadisk/./datasets/0/VirusShare_0259359ded34c44d92ddfaeb1c17a5dd,,
VirusShare_ab512e2a70d3d36e09809d64a9a1a2b8,ab512e2a70d3d36e09809d64a9a1a2b8,0,/mnt/datadisk/./datasets/0/VirusShare_ab512e2a70d3d36e09809d64a9a1a2b8,,
VirusShare_7ebe1926661e1d9bc64fe2d278536fd5,7ebe1926661e1d9bc64fe2d278536fd5,0,/mnt/datadisk/./datasets/0/VirusShare_7ebe1926661e1d9bc64fe2d278536fd5,,
VirusShare_4eda4f713ad8f96bfee6da9dd10ea7db,4eda4f713ad8f96bfee6da9dd10ea7db,0,/mnt/datadisk/./datasets/0/VirusShare_4eda4f713ad8f96bfee6da9dd10ea7db,,
VirusShare_517fc059d0175c5b1e81fbf99566ee54,517fc059d0175c5b1e81fbf99566ee54,0,/mnt/datadisk/./datasets/0/VirusShare_517fc059d0175c5b1e81fbf99566ee54,,
VirusShare_00d03a5b578b477f73a846ab117836c6,00d03a5b578b477f73a846ab117836c6,0,/mnt/datadisk/./datasets/0/VirusShare_00d03a5b578b477f73a846ab117836c6,,
VirusShare_2ccb778b0d7709168af8e0f5e3933743,2ccb778b0d7709168af8e0f5e3933743,1,/mnt/datadisk/./datasets/1/VirusShare_2ccb778b0d7709168af8e0f5e3933743,,
VirusShare_d5e59958667efece8f5747d3dfd42038,d5e59958667efece8f5747d3dfd42038,1,/mnt/datadisk/./datasets/1/VirusShare_d5e59958667efece8f5747d3dfd42038,,
VirusShare_3c43ec1cbbea47b3daa6d3392707db89,3c43ec1cbbea47b3daa6d3392707db89,0,/mnt/datadisk/./datasets/0/VirusShare_3c43ec1cbbea47b3daa6d3392707db89,,
VirusShare_2966e69b20a19abfbc80f7da3f45e5da,2966e69b20a19abfbc80f7da3f45e5da,1,/mnt/datadisk/./datasets/1/VirusShare_2966e69b20a19abfbc80f7da3f45e5da,,
VirusShare_89a336ff11371d12f8b28496a4c2d272,89a336ff11371d12f8b28496a4c2d272,0,/mnt/datadisk/./datasets/0/VirusShare_89a336ff11371d12f8b28496a4c2d272,,
VirusShare_6fae5780d94c4f845a483a7acf9b4af5,6fae5780d94c4f845a483a7acf9b4af5,0,/mnt/datadisk/./datasets/0/VirusShare_6fae5780d94c4f845a483a7acf9b4af5,,
VirusShare_f1d60714fd92287e5c357643d6071a7a,f1d60714fd92287e5c357643d6071a7a,1,/mnt/datadisk/./datasets/1/VirusShare_f1d60714fd92287e5c357643d6071a7a,,
VirusShare_c42b639b8f699e6f1de108753f02398f,c42b639b8f699e6f1de108753f02398f,0,/mnt/datadisk/./datasets/0/VirusShare_c42b639b8f699e6f1de108753f02398f,,
VirusShare_ade4d6597f3d1d0d0642b697b7fbd26e,ade4d6597f3d1d0d0642b697b7fbd26e,0,/mnt/datadisk/./datasets/0/VirusShare_ade4d6597f3d1d0d0642b697b7fbd26e,,
VirusShare_2fc08ea4a63d151b83d7154609f0c2aa,2fc08ea4a63d151b83d7154609f0c2aa,1,/mnt/datadisk/./datasets/1/VirusShare_2fc08ea4a63d151b83d7154609f0c2aa,,
VirusShare_4a21f093a3aed2ce67a4cde5bff13bc5,4a21f093a3aed2ce67a4cde5bff13bc5,0,/mnt/datadisk/./datasets/0/VirusShare_4a21f093a3aed2ce67a4cde5bff13bc5,,
VirusShare_efa2128c91490996f6ab6b981847cb63,efa2128c91490996f6ab6b981847cb63,0,/mnt/datadisk/./datasets/0/VirusShare_efa2128c91490996f6ab6b981847cb63,,
VirusShare_4016bc74cec2e649ff2340b7e4aa5644,4016bc74cec2e649ff2340b7e4aa5644,0,/mnt/datadisk/./datasets/0/VirusShare_4016bc74cec2e649ff2340b7e4aa5644,,
VirusShare_e4f55353474def398e86e0b8a44f9169,e4f55353474def398e86e0b8a44f9169,0,/mnt/datadisk/./datasets/0/VirusShare_e4f55353474def398e86e0b8a44f9169,,
VirusShare_505bd97cfe91a807a09a764267fee89a,505bd97cfe91a807a09a764267fee89a,1,/mnt/datadisk/./datasets/1/VirusShare_505bd97cfe91a807a09a764267fee89a,,
VirusShare_fccd3cd42f8a83845e44e08b3e1848c9,fccd3cd42f8a83845e44e08b3e1848c9,0,/mnt/datadisk/./datasets/0/VirusShare_fccd3cd42f8a83845e44e08b3e1848c9,,
VirusShare_3dd6809cbb9fc64db257000dc181e1e3,3dd6809cbb9fc64db257000dc181e1e3,0,/mnt/datadisk/./datasets/0/VirusShare_3dd6809cbb9fc64db257000dc181e1e3,,
VirusShare_ea75201d19090414db470653ef812999,ea75201d19090414db470653ef812999,1,/mnt/datadisk/./datasets/1/VirusShare_ea75201d19090414db470653ef812999,,
VirusShare_8a081daa0cf7a8c7c8a60e6c35e3faa8,8a081daa0cf7a8c7c8a60e6c35e3faa8,0,/mnt/datadisk/./datasets/0/VirusShare_8a081daa0cf7a8c7c8a60e6c35e3faa8,,
VirusShare_242adf1a28929f018977e0add6b2842f,242adf1a28929f018977e0add6b2842f,1,/mnt/datadisk/./datasets/1/VirusShare_242adf1a28929f018977e0add6b2842f,,
VirusShare_2ae0c225386a9fb7e5206f75eafad240,2ae0c225386a9fb7e5206f75eafad240,0,/mnt/datadisk/./datasets/0/VirusShare_2ae0c225386a9fb7e5206f75eafad240,,
VirusShare_15d5dd28a85bf489c31d57299d5c2444,15d5dd28a85bf489c31d57299d5c2444,1,/mnt/datadisk/./datasets/1/VirusShare_15d5dd28a85bf489c31d57299d5c2444,,
VirusShare_3633e51c39a695d00e177b28943a904d,3633e51c39a695d00e177b28943a904d,1,/mnt/datadisk/./datasets/1/VirusShare_3633e51c39a695d00e177b28943a904d,,
VirusShare_af701394ebb75c3cda68a5170bdf72ea,af701394ebb75c3cda68a5170bdf72ea,0,/mnt/datadisk/./datasets/0/VirusShare_af701394ebb75c3cda68a5170bdf72ea,,
VirusShare_338d0c227af671ce92ce4da92c254c71,338d0c227af671ce92ce4da92c254c71,1,/mnt/datadisk/./datasets/1/VirusShare_338d0c227af671ce92ce4da92c254c71,,
VirusShare_4d1e128aa2f2a8f9ac64804aaae43510,4d1e128aa2f2a8f9ac64804aaae43510,0,/mnt/datadisk/./datasets/0/VirusShare_4d1e128aa2f2a8f9ac64804aaae43510,,
VirusShare_6f2555109b48b2df40101ea3ebe478c9,6f2555109b48b2df40101ea3ebe478c9,0,/mnt/datadisk/./datasets/0/VirusShare_6f2555109b48b2df40101ea3ebe478c9,,
VirusShare_2a24e6b8fadd8dc2f9a76643292c32d1,2a24e6b8fadd8dc2f9a76643292c32d1,1,/mnt/datadisk/./datasets/1/VirusShare_2a24e6b8fadd8dc2f9a76643292c32d1,,
VirusShare_477f94b97ac55be58674476fbe0aa62b,477f94b97ac55be58674476fbe0aa62b,1,/mnt/datadisk/./datasets/1/VirusShare_477f94b97ac55be58674476fbe0aa62b,,
VirusShare_f3595a8b03abac0359695613c966819e,f3595a8b03abac0359695613c966819e,1,/mnt/datadisk/./datasets/1/VirusShare_f3595a8b03abac0359695613c966819e,,
VirusShare_727750484416bf033b50d84ea682716d,727750484416bf033b50d84ea682716d,1,/mnt/datadisk/./datasets/1/VirusShare_727750484416bf033b50d84ea682716d,,
VirusShare_a879715f214b424dc29714eb8f7a06b6,a879715f214b424dc29714eb8f7a06b6,0,/mnt/datadisk/./datasets/0/VirusShare_a879715f214b424dc29714eb8f7a06b6,,
VirusShare_b6c2aac66120fc763f4129544253ce5a,b6c2aac66120fc763f4129544253ce5a,0,/mnt/datadisk/./datasets/0/VirusShare_b6c2aac66120fc763f4129544253ce5a,,
VirusShare_06b4248cf4db4818fe69af1f8fec19c3,06b4248cf4db4818fe69af1f8fec19c3,0,/mnt/datadisk/./datasets/0/VirusShare_06b4248cf4db4818fe69af1f8fec19c3,,
VirusShare_5baae920ff131a2491cda874e5dd44c6,5baae920ff131a2491cda874e5dd44c6,0,/mnt/datadisk/./datasets/0/VirusShare_5baae920ff131a2491cda874e5dd44c6,,
VirusShare_39c2ecfd33ee307827108d14ba59f84b,39c2ecfd33ee307827108d14ba59f84b,1,/mnt/datadisk/./datasets/1/VirusShare_39c2ecfd33ee307827108d14ba59f84b,,
VirusShare_9f5301ef6ac6eac11a19d2a8c317994d,9f5301ef6ac6eac11a19d2a8c317994d,1,/mnt/datadisk/./datasets/1/VirusShare_9f5301ef6ac6eac11a19d2a8c317994d,,
VirusShare_99dde3a2520d3157521d3eda3bea7c60,99dde3a2520d3157521d3eda3bea7c60,0,/mnt/datadisk/./datasets/0/VirusShare_99dde3a2520d3157521d3eda3bea7c60,,
VirusShare_3902993c8678b9945d4ded001bab8f3c,3902993c8678b9945d4ded001bab8f3c,0,/mnt/datadisk/./datasets/0/VirusShare_3902993c8678b9945d4ded001bab8f3c,,
VirusShare_12293dc0afe2f9aa482b2d792c9a6de5,12293dc0afe2f9aa482b2d792c9a6de5,0,/mnt/datadisk/./datasets/0/VirusShare_12293dc0afe2f9aa482b2d792c9a6de5,,
VirusShare_42f19b504ddc3c447c1b26ceb742ae8a,42f19b504ddc3c447c1b26ceb742ae8a,0,/mnt/datadisk/./datasets/0/VirusShare_42f19b504ddc3c447c1b26ceb742ae8a,,
VirusShare_b58ebb12106f6e6dac2ec007d53e37d4,b58ebb12106f6e6dac2ec007d53e37d4,1,/mnt/datadisk/./datasets/1/VirusShare_b58ebb12106f6e6dac2ec007d53e37d4,,
VirusShare_cc29750ec9b96bebda1d12ff8953db8c,cc29750ec9b96bebda1d12ff8953db8c,1,/mnt/datadisk/./datasets/1/VirusShare_cc29750ec9b96bebda1d12ff8953db8c,,
VirusShare_4a266af3cc14776f79ab2bb99ce2b719,4a266af3cc14776f79ab2bb99ce2b719,0,/mnt/datadisk/./datasets/0/VirusShare_4a266af3cc14776f79ab2bb99ce2b719,,
VirusShare_5efef6565788a64d0f21950b36e71947,5efef6565788a64d0f21950b36e71947,0,/mnt/datadisk/./datasets/0/VirusShare_5efef6565788a64d0f21950b36e71947,,
VirusShare_91018077c14e448d080aa4c22c536bf1,91018077c14e448d080aa4c22c536bf1,0,/mnt/datadisk/./datasets/0/VirusShare_91018077c14e448d080aa4c22c536bf1,,
VirusShare_84654cbf6d372a2f074bd66c418c4278,84654cbf6d372a2f074bd66c418c4278,1,/mnt/datadisk/./datasets/1/VirusShare_84654cbf6d372a2f074bd66c418c4278,,
VirusShare_a221bd87ee334b688a33de247eb3964f,a221bd87ee334b688a33de247eb3964f,1,/mnt/datadisk/./datasets/1/VirusShare_a221bd87ee334b688a33de247eb3964f,,
VirusShare_5f5dd56ea955e88e88654151643c5811,5f5dd56ea955e88e88654151643c5811,1,/mnt/datadisk/./datasets/1/VirusShare_5f5dd56ea955e88e88654151643c5811,,
VirusShare_97263087e3a9f164a211c9a63f7cda79,97263087e3a9f164a211c9a63f7cda79,1,/mnt/datadisk/./datasets/1/VirusShare_97263087e3a9f164a211c9a63f7cda79,,
VirusShare_43924592e1f9c0776edb140126dfd0a4,43924592e1f9c0776edb140126dfd0a4,1,/mnt/datadisk/./datasets/1/VirusShare_43924592e1f9c0776edb140126dfd0a4,,
VirusShare_e329257bedae2ae159e1199a53c82d25,e329257bedae2ae159e1199a53c82d25,0,/mnt/datadisk/./datasets/0/VirusShare_e329257bedae2ae159e1199a53c82d25,,
VirusShare_7c9b97ee8ce6b2a666321eda144158a1,7c9b97ee8ce6b2a666321eda144158a1,0,/mnt/datadisk/./datasets/0/VirusShare_7c9b97ee8ce6b2a666321eda144158a1,,
VirusShare_213f82871cb2d2a27cc6f543f47e8745,213f82871cb2d2a27cc6f543f47e8745,1,/mnt/datadisk/./datasets/1/VirusShare_213f82871cb2d2a27cc6f543f47e8745,,
VirusShare_1df53b65ef3b3c0eb8e4cbc111274104,1df53b65ef3b3c0eb8e4cbc111274104,0,/mnt/datadisk/./datasets/0/VirusShare_1df53b65ef3b3c0eb8e4cbc111274104,,
VirusShare_f25b1bf9d25bbe329ef81a29d5ce9dd6,f25b1bf9d25bbe329ef81a29d5ce9dd6,0,/mnt/datadisk/./datasets/0/VirusShare_f25b1bf9d25bbe329ef81a29d5ce9dd6,,
VirusShare_9cba5f409ba5481c84c805f33db6ab89,9cba5f409ba5481c84c805f33db6ab89,0,/mnt/datadisk/./datasets/0/VirusShare_9cba5f409ba5481c84c805f33db6ab89,,
VirusShare_d5dc76e8e7b3120e5b50d4ce281b68b7,d5dc76e8e7b3120e5b50d4ce281b68b7,1,/mnt/datadisk/./datasets/1/VirusShare_d5dc76e8e7b3120e5b50d4ce281b68b7,,
VirusShare_05a176ae082ad582a1eae844bc99d312,05a176ae082ad582a1eae844bc99d312,0,/mnt/datadisk/./datasets/0/VirusShare_05a176ae082ad582a1eae844bc99d312,,
VirusShare_7e4c407ab851162452ea36cb58fa0b3a,7e4c407ab851162452ea36cb58fa0b3a,0,/mnt/datadisk/./datasets/0/VirusShare_7e4c407ab851162452ea36cb58fa0b3a,,
VirusShare_f384a600b39a53338a1587a271b7ca16,f384a600b39a53338a1587a271b7ca16,0,/mnt/datadisk/./datasets/0/VirusShare_f384a600b39a53338a1587a271b7ca16,,
VirusShare_d6db8bb26cdfdb925f42413ccb581784,d6db8bb26cdfdb925f42413ccb581784,0,/mnt/datadisk/./datasets/0/VirusShare_d6db8bb26cdfdb925f42413ccb581784,,
VirusShare_e21b30f63268e8e1c2c60e9f7bf75f93,e21b30f63268e8e1c2c60e9f7bf75f93,0,/mnt/datadisk/./datasets/0/VirusShare_e21b30f63268e8e1c2c60e9f7bf75f93,,
VirusShare_72d3fb6a5e154ffcd0e7a616c7fb4757,72d3fb6a5e154ffcd0e7a616c7fb4757,0,/mnt/datadisk/./datasets/0/VirusShare_72d3fb6a5e154ffcd0e7a616c7fb4757,,
VirusShare_5f667073d6d81e8a38d348bd63a31921,5f667073d6d81e8a38d348bd63a31921,0,/mnt/datadisk/./datasets/0/VirusShare_5f667073d6d81e8a38d348bd63a31921,,
VirusShare_181550d83c290484d7c8f49b5e9e8a09,181550d83c290484d7c8f49b5e9e8a09,1,/mnt/datadisk/./datasets/1/VirusShare_181550d83c290484d7c8f49b5e9e8a09,,
VirusShare_d087ae0d84297259484c38a90d666bbc,d087ae0d84297259484c38a90d666bbc,1,/mnt/datadisk/./datasets/1/VirusShare_d087ae0d84297259484c38a90d666bbc,,
VirusShare_efb9f5dd9853623aea9847aa19c9611e,efb9f5dd9853623aea9847aa19c9611e,0,/mnt/datadisk/./datasets/0/VirusShare_efb9f5dd9853623aea9847aa19c9611e,,
VirusShare_8a8475fffb465646c954ddd95ad69665,8a8475fffb465646c954ddd95ad69665,0,/mnt/datadisk/./datasets/0/VirusShare_8a8475fffb465646c954ddd95ad69665,,
VirusShare_ff591a2c81ec824ef416f63065c586ae,ff591a2c81ec824ef416f63065c586ae,1,/mnt/datadisk/./datasets/1/VirusShare_ff591a2c81ec824ef416f63065c586ae,,
VirusShare_829cc255b46ef76ea86ec5fde4785920,829cc255b46ef76ea86ec5fde4785920,0,/mnt/datadisk/./datasets/0/VirusShare_829cc255b46ef76ea86ec5fde4785920,,
VirusShare_deb7503d9d526c10e1f89fa5dcfdc0d7,deb7503d9d526c10e1f89fa5dcfdc0d7,0,/mnt/datadisk/./datasets/0/VirusShare_deb7503d9d526c10e1f89fa5dcfdc0d7,,
VirusShare_826e75a579739a816cd3315dce701156,826e75a579739a816cd3315dce701156,1,/mnt/datadisk/./datasets/1/VirusShare_826e75a579739a816cd3315dce701156,,
VirusShare_6dab8c901eae836b5ed8996fb9265968,6dab8c901eae836b5ed8996fb9265968,0,/mnt/datadisk/./datasets/0/VirusShare_6dab8c901eae836b5ed8996fb9265968,,
VirusShare_9d41623631e963f94733bdfa68fefa51,9d41623631e963f94733bdfa68fefa51,0,/mnt/datadisk/./datasets/0/VirusShare_9d41623631e963f94733bdfa68fefa51,,
VirusShare_91ad203bd28b789a67313299994b2d75,91ad203bd28b789a67313299994b2d75,0,/mnt/datadisk/./datasets/0/VirusShare_91ad203bd28b789a67313299994b2d75,,
VirusShare_f270b2bd4726a15606b8fd0d140d8959,f270b2bd4726a15606b8fd0d140d8959,0,/mnt/datadisk/./datasets/0/VirusShare_f270b2bd4726a15606b8fd0d140d8959,,
VirusShare_308d38354b46cfc4ca5f65fce466a4fe,308d38354b46cfc4ca5f65fce466a4fe,0,/mnt/datadisk/./datasets/0/VirusShare_308d38354b46cfc4ca5f65fce466a4fe,,
VirusShare_bf54e883d7e1fbee025d41764ed8da45,bf54e883d7e1fbee025d41764ed8da45,0,/mnt/datadisk/./datasets/0/VirusShare_bf54e883d7e1fbee025d41764ed8da45,,
VirusShare_5eee8970cfc51bc61521622afec6be57,5eee8970cfc51bc61521622afec6be57,0,/mnt/datadisk/./datasets/0/VirusShare_5eee8970cfc51bc61521622afec6be57,,
VirusShare_d4e6c424c9390fe945b3d240ea6bdeb6,d4e6c424c9390fe945b3d240ea6bdeb6,0,/mnt/datadisk/./datasets/0/VirusShare_d4e6c424c9390fe945b3d240ea6bdeb6,,
VirusShare_1a41b1a1e4ba2985aff75c6b352942ae,1a41b1a1e4ba2985aff75c6b352942ae,0,/mnt/datadisk/./datasets/0/VirusShare_1a41b1a1e4ba2985aff75c6b352942ae,,
VirusShare_ea6b2bf7b01fc90248772ab204d720ae,ea6b2bf7b01fc90248772ab204d720ae,1,/mnt/datadisk/./datasets/1/VirusShare_ea6b2bf7b01fc90248772ab204d720ae,,
VirusShare_9850a146e69faa57ef437bf9cb7a781a,9850a146e69faa57ef437bf9cb7a781a,1,/mnt/datadisk/./datasets/1/VirusShare_9850a146e69faa57ef437bf9cb7a781a,,
VirusShare_c8f1cf0b8cff3863078bb420f16ce4e7,c8f1cf0b8cff3863078bb420f16ce4e7,1,/mnt/datadisk/./datasets/1/VirusShare_c8f1cf0b8cff3863078bb420f16ce4e7,,
VirusShare_e1c7a9eec76d838ee4c0a6d0cba7bc50,e1c7a9eec76d838ee4c0a6d0cba7bc50,0,/mnt/datadisk/./datasets/0/VirusShare_e1c7a9eec76d838ee4c0a6d0cba7bc50,,
VirusShare_50a237b3b977f3c4c26c682323f76511,50a237b3b977f3c4c26c682323f76511,0,/mnt/datadisk/./datasets/0/VirusShare_50a237b3b977f3c4c26c682323f76511,,
VirusShare_1b6e9d3a84cd8a419c21c776b1404e5c,1b6e9d3a84cd8a419c21c776b1404e5c,0,/mnt/datadisk/./datasets/0/VirusShare_1b6e9d3a84cd8a419c21c776b1404e5c,,
VirusShare_df08c6231922e28c97d0c8ef5aa07b79,df08c6231922e28c97d0c8ef5aa07b79,1,/mnt/datadisk/./datasets/1/VirusShare_df08c6231922e28c97d0c8ef5aa07b79,,
VirusShare_553b8d7ef12d957eb701624c3dd5f374,553b8d7ef12d957eb701624c3dd5f374,0,/mnt/datadisk/./datasets/0/VirusShare_553b8d7ef12d957eb701624c3dd5f374,,
VirusShare_c58bc4b49f574d6f941ab0abffdc02d1,c58bc4b49f574d6f941ab0abffdc02d1,1,/mnt/datadisk/./datasets/1/VirusShare_c58bc4b49f574d6f941ab0abffdc02d1,,
VirusShare_ee3138c4fed3710342841bdd5cb9e0f6,ee3138c4fed3710342841bdd5cb9e0f6,0,/mnt/datadisk/./datasets/0/VirusShare_ee3138c4fed3710342841bdd5cb9e0f6,,
VirusShare_43f98f041f4c4a63fedafc0d5b6968ab,43f98f041f4c4a63fedafc0d5b6968ab,1,/mnt/datadisk/./datasets/1/VirusShare_43f98f041f4c4a63fedafc0d5b6968ab,,
VirusShare_8f5aefb441edadccbb395dd5ff1ddd8a,8f5aefb441edadccbb395dd5ff1ddd8a,1,/mnt/datadisk/./datasets/1/VirusShare_8f5aefb441edadccbb395dd5ff1ddd8a,,
VirusShare_dc1343b9cbe802627bc82b7f8bf6a61e,dc1343b9cbe802627bc82b7f8bf6a61e,0,/mnt/datadisk/./datasets/0/VirusShare_dc1343b9cbe802627bc82b7f8bf6a61e,,
VirusShare_cf5b3ec188547ec44e620f2cdba109c9,cf5b3ec188547ec44e620f2cdba109c9,0,/mnt/datadisk/./datasets/0/VirusShare_cf5b3ec188547ec44e620f2cdba109c9,,
VirusShare_c8e4cd2d04708df0d5021270b44ced95,c8e4cd2d04708df0d5021270b44ced95,0,/mnt/datadisk/./datasets/0/VirusShare_c8e4cd2d04708df0d5021270b44ced95,,
VirusShare_fb05824f223c928ba39e91fe17364438,fb05824f223c928ba39e91fe17364438,1,/mnt/datadisk/./datasets/1/VirusShare_fb05824f223c928ba39e91fe17364438,,
VirusShare_138217d3f16c72eef25e97c91e169cd0,138217d3f16c72eef25e97c91e169cd0,0,/mnt/datadisk/./datasets/0/VirusShare_138217d3f16c72eef25e97c91e169cd0,,
VirusShare_1b7b67f6661aecdde6e6aca0b6b9e383,1b7b67f6661aecdde6e6aca0b6b9e383,0,/mnt/datadisk/./datasets/0/VirusShare_1b7b67f6661aecdde6e6aca0b6b9e383,,
VirusShare_7073cc68e67bbf188117c07e92a518c8,7073cc68e67bbf188117c07e92a518c8,1,/mnt/datadisk/./datasets/1/VirusShare_7073cc68e67bbf188117c07e92a518c8,,
VirusShare_df9b48f94f7fae58500b2d5c5eac1ace,df9b48f94f7fae58500b2d5c5eac1ace,0,/mnt/datadisk/./datasets/0/VirusShare_df9b48f94f7fae58500b2d5c5eac1ace,,
VirusShare_9e3ab2e7f5e0800dcd95225fd81209e4,9e3ab2e7f5e0800dcd95225fd81209e4,0,/mnt/datadisk/./datasets/0/VirusShare_9e3ab2e7f5e0800dcd95225fd81209e4,,
VirusShare_aae5d0ffcbe9c8ec6719fab811e637c8,aae5d0ffcbe9c8ec6719fab811e637c8,1,/mnt/datadisk/./datasets/1/VirusShare_aae5d0ffcbe9c8ec6719fab811e637c8,,
VirusShare_43af4204be73adbbbc582ceb0c54f394,43af4204be73adbbbc582ceb0c54f394,0,/mnt/datadisk/./datasets/0/VirusShare_43af4204be73adbbbc582ceb0c54f394,,
VirusShare_8b65a3214f949b3f1996a04891984c0b,8b65a3214f949b3f1996a04891984c0b,0,/mnt/datadisk/./datasets/0/VirusShare_8b65a3214f949b3f1996a04891984c0b,,
VirusShare_a709862d644ea7f94b979515ac31c1f9,a709862d644ea7f94b979515ac31c1f9,0,/mnt/datadisk/./datasets/0/VirusShare_a709862d644ea7f94b979515ac31c1f9,,
VirusShare_0953c9053a182072248eaa35e37ae06e,0953c9053a182072248eaa35e37ae06e,0,/mnt/datadisk/./datasets/0/VirusShare_0953c9053a182072248eaa35e37ae06e,,
VirusShare_3b0563d34d75647f21b08bd41e657289,3b0563d34d75647f21b08bd41e657289,1,/mnt/datadisk/./datasets/1/VirusShare_3b0563d34d75647f21b08bd41e657289,,
VirusShare_ef3b542a070bff84e5c683be06dbd655,ef3b542a070bff84e5c683be06dbd655,0,/mnt/datadisk/./datasets/0/VirusShare_ef3b542a070bff84e5c683be06dbd655,,
VirusShare_e0361254d31d5dc49eb9e26b45737fa1,e0361254d31d5dc49eb9e26b45737fa1,0,/mnt/datadisk/./datasets/0/VirusShare_e0361254d31d5dc49eb9e26b45737fa1,,
VirusShare_b7ccb53499d85d327b44592a1848f734,b7ccb53499d85d327b44592a1848f734,1,/mnt/datadisk/./datasets/1/VirusShare_b7ccb53499d85d327b44592a1848f734,,
VirusShare_c733628c6b857f8bd9c0392684cc3e89,c733628c6b857f8bd9c0392684cc3e89,0,/mnt/datadisk/./datasets/0/VirusShare_c733628c6b857f8bd9c0392684cc3e89,,
VirusShare_1167975fc43824b14c6bc6dcc5034466,1167975fc43824b14c6bc6dcc5034466,0,/mnt/datadisk/./datasets/0/VirusShare_1167975fc43824b14c6bc6dcc5034466,,
VirusShare_0957fbb30556c176bcff7f8b66703c1a,0957fbb30556c176bcff7f8b66703c1a,0,/mnt/datadisk/./datasets/0/VirusShare_0957fbb30556c176bcff7f8b66703c1a,,
VirusShare_0eac1f61833d3d63ca0822163bc8e1b0,0eac1f61833d3d63ca0822163bc8e1b0,1,/mnt/datadisk/./datasets/1/VirusShare_0eac1f61833d3d63ca0822163bc8e1b0,,
VirusShare_adc249bfcbf334a2512dd835d031a1dd,adc249bfcbf334a2512dd835d031a1dd,1,/mnt/datadisk/./datasets/1/VirusShare_adc249bfcbf334a2512dd835d031a1dd,,
VirusShare_74456922b0fd35ba2514da2435580943,74456922b0fd35ba2514da2435580943,0,/mnt/datadisk/./datasets/0/VirusShare_74456922b0fd35ba2514da2435580943,,
VirusShare_099203f92058283809bd9ac7ec936a9d,099203f92058283809bd9ac7ec936a9d,0,/mnt/datadisk/./datasets/0/VirusShare_099203f92058283809bd9ac7ec936a9d,,
VirusShare_d7663811240c70c3ebcb69564c80448f,d7663811240c70c3ebcb69564c80448f,0,/mnt/datadisk/./datasets/0/VirusShare_d7663811240c70c3ebcb69564c80448f,,
VirusShare_d3651f3a162ccbeed8b3f367580055e7,d3651f3a162ccbeed8b3f367580055e7,1,/mnt/datadisk/./datasets/1/VirusShare_d3651f3a162ccbeed8b3f367580055e7,,
VirusShare_eb2ac6622cdad672e839a5d65f52eee1,eb2ac6622cdad672e839a5d65f52eee1,0,/mnt/datadisk/./datasets/0/VirusShare_eb2ac6622cdad672e839a5d65f52eee1,,
VirusShare_789624fb59a507fe723803e5d43693b2,789624fb59a507fe723803e5d43693b2,0,/mnt/datadisk/./datasets/0/VirusShare_789624fb59a507fe723803e5d43693b2,,
VirusShare_8c6e22c71d4589f71ea2333daa84df45,8c6e22c71d4589f71ea2333daa84df45,1,/mnt/datadisk/./datasets/1/VirusShare_8c6e22c71d4589f71ea2333daa84df45,,
VirusShare_d240ef7154d37fa3b9110db85ce21c6a,d240ef7154d37fa3b9110db85ce21c6a,1,/mnt/datadisk/./datasets/1/VirusShare_d240ef7154d37fa3b9110db85ce21c6a,,
VirusShare_80c841dc59541171a95c208b6c9b06bb,80c841dc59541171a95c208b6c9b06bb,1,/mnt/datadisk/./datasets/1/VirusShare_80c841dc59541171a95c208b6c9b06bb,,
VirusShare_57f9e2354a920a0e59e16a9f546d68f4,57f9e2354a920a0e59e16a9f546d68f4,0,/mnt/datadisk/./datasets/0/VirusShare_57f9e2354a920a0e59e16a9f546d68f4,,
VirusShare_23dbae2713e9ccdb1d368faf55dfc295,23dbae2713e9ccdb1d368faf55dfc295,0,/mnt/datadisk/./datasets/0/VirusShare_23dbae2713e9ccdb1d368faf55dfc295,,
VirusShare_49a43e0b8369fd61f99a85aaa4beda31,49a43e0b8369fd61f99a85aaa4beda31,0,/mnt/datadisk/./datasets/0/VirusShare_49a43e0b8369fd61f99a85aaa4beda31,,
VirusShare_f40c2b6e093e029aca40950c710cfe44,f40c2b6e093e029aca40950c710cfe44,0,/mnt/datadisk/./datasets/0/VirusShare_f40c2b6e093e029aca40950c710cfe44,,
VirusShare_94aaef91e42088ec30900adcf6f61eae,94aaef91e42088ec30900adcf6f61eae,0,/mnt/datadisk/./datasets/0/VirusShare_94aaef91e42088ec30900adcf6f61eae,,
VirusShare_7e0f318b80ec267f7bb06aebae320f6a,7e0f318b80ec267f7bb06aebae320f6a,0,/mnt/datadisk/./datasets/0/VirusShare_7e0f318b80ec267f7bb06aebae320f6a,,
VirusShare_0740ebf29c02a6f39536c40cd318e3ba,0740ebf29c02a6f39536c40cd318e3ba,1,/mnt/datadisk/./datasets/1/VirusShare_0740ebf29c02a6f39536c40cd318e3ba,,
VirusShare_526cd38c4f7842d83358ecfd24873f41,526cd38c4f7842d83358ecfd24873f41,1,/mnt/datadisk/./datasets/1/VirusShare_526cd38c4f7842d83358ecfd24873f41,,
VirusShare_14257891da3d67f066b11e092b80f54f,14257891da3d67f066b11e092b80f54f,0,/mnt/datadisk/./datasets/0/VirusShare_14257891da3d67f066b11e092b80f54f,,
VirusShare_380b2b019de5ab81f4c6c5f1ad477e39,380b2b019de5ab81f4c6c5f1ad477e39,1,/mnt/datadisk/./datasets/1/VirusShare_380b2b019de5ab81f4c6c5f1ad477e39,,
VirusShare_de7fc7c348557dbbf7fa7796c3251ec2,de7fc7c348557dbbf7fa7796c3251ec2,0,/mnt/datadisk/./datasets/0/VirusShare_de7fc7c348557dbbf7fa7796c3251ec2,,
VirusShare_ddd787aebc37a2aa7c3b639805471e3e,ddd787aebc37a2aa7c3b639805471e3e,1,/mnt/datadisk/./datasets/1/VirusShare_ddd787aebc37a2aa7c3b639805471e3e,,
VirusShare_cc2bf63697d9e855c0ae7c1e6bbc3f14,cc2bf63697d9e855c0ae7c1e6bbc3f14,0,/mnt/datadisk/./datasets/0/VirusShare_cc2bf63697d9e855c0ae7c1e6bbc3f14,,
VirusShare_29841aed1aed90ce6afd28de98603c3d,29841aed1aed90ce6afd28de98603c3d,0,/mnt/datadisk/./datasets/0/VirusShare_29841aed1aed90ce6afd28de98603c3d,,
VirusShare_ce78e813cdce1f32ba76219bb686595e,ce78e813cdce1f32ba76219bb686595e,0,/mnt/datadisk/./datasets/0/VirusShare_ce78e813cdce1f32ba76219bb686595e,,
VirusShare_de28ae6474ade05e61221ed8352b9e30,de28ae6474ade05e61221ed8352b9e30,0,/mnt/datadisk/./datasets/0/VirusShare_de28ae6474ade05e61221ed8352b9e30,,
VirusShare_04ea1811845bbf04b93058850da020b0,04ea1811845bbf04b93058850da020b0,0,/mnt/datadisk/./datasets/0/VirusShare_04ea1811845bbf04b93058850da020b0,,
VirusShare_4964881d35c7bf9ffc855aac951703ac,4964881d35c7bf9ffc855aac951703ac,0,/mnt/datadisk/./datasets/0/VirusShare_4964881d35c7bf9ffc855aac951703ac,,
VirusShare_744ee6db60223264b9e5bf9cd080be2a,744ee6db60223264b9e5bf9cd080be2a,0,/mnt/datadisk/./datasets/0/VirusShare_744ee6db60223264b9e5bf9cd080be2a,,
VirusShare_3bc78e4f06619d9d21d9234e6de9d1a7,3bc78e4f06619d9d21d9234e6de9d1a7,0,/mnt/datadisk/./datasets/0/VirusShare_3bc78e4f06619d9d21d9234e6de9d1a7,,
VirusShare_b73f0d4fc5d9440ba8fb60f4079039ff,b73f0d4fc5d9440ba8fb60f4079039ff,0,/mnt/datadisk/./datasets/0/VirusShare_b73f0d4fc5d9440ba8fb60f4079039ff,,
VirusShare_1223e8e8e272122e2b1cd9d2aaf752b6,1223e8e8e272122e2b1cd9d2aaf752b6,0,/mnt/datadisk/./datasets/0/VirusShare_1223e8e8e272122e2b1cd9d2aaf752b6,,
VirusShare_b4ed61556f077dc93f30f04cd98eca75,b4ed61556f077dc93f30f04cd98eca75,0,/mnt/datadisk/./datasets/0/VirusShare_b4ed61556f077dc93f30f04cd98eca75,,
VirusShare_31be2d65703b72a4ff2d5ef1ed569149,31be2d65703b72a4ff2d5ef1ed569149,0,/mnt/datadisk/./datasets/0/VirusShare_31be2d65703b72a4ff2d5ef1ed569149,,
VirusShare_785838b15953c4805b8ebbc85be28bfc,785838b15953c4805b8ebbc85be28bfc,1,/mnt/datadisk/./datasets/1/VirusShare_785838b15953c4805b8ebbc85be28bfc,,
VirusShare_d97dad82b90fc2fe62099c3a049f276b,d97dad82b90fc2fe62099c3a049f276b,0,/mnt/datadisk/./datasets/0/VirusShare_d97dad82b90fc2fe62099c3a049f276b,,
VirusShare_2990cf39b34522c7e8ad14fc82e2eb7b,2990cf39b34522c7e8ad14fc82e2eb7b,1,/mnt/datadisk/./datasets/1/VirusShare_2990cf39b34522c7e8ad14fc82e2eb7b,,
VirusShare_aa36ad00069ddfa967b73ea743d5225f,aa36ad00069ddfa967b73ea743d5225f,0,/mnt/datadisk/./datasets/0/VirusShare_aa36ad00069ddfa967b73ea743d5225f,,
VirusShare_54e6737d608a5f8f413615c673e4b6a2,54e6737d608a5f8f413615c673e4b6a2,0,/mnt/datadisk/./datasets/0/VirusShare_54e6737d608a5f8f413615c673e4b6a2,,
VirusShare_8600f0295e1db0748b8952311ae1c536,8600f0295e1db0748b8952311ae1c536,1,/mnt/datadisk/./datasets/1/VirusShare_8600f0295e1db0748b8952311ae1c536,,
VirusShare_ece77257201a4bb7feed1265322b5f63,ece77257201a4bb7feed1265322b5f63,0,/mnt/datadisk/./datasets/0/VirusShare_ece77257201a4bb7feed1265322b5f63,,
VirusShare_db053afafa7077e68e979affbfe5944d,db053afafa7077e68e979affbfe5944d,1,/mnt/datadisk/./datasets/1/VirusShare_db053afafa7077e68e979affbfe5944d,,
VirusShare_256d55bac6fd6b444b1032a1f46547c9,256d55bac6fd6b444b1032a1f46547c9,0,/mnt/datadisk/./datasets/0/VirusShare_256d55bac6fd6b444b1032a1f46547c9,,
VirusShare_6081905aef87642c4a1c62ae97d7bf2a,6081905aef87642c4a1c62ae97d7bf2a,0,/mnt/datadisk/./datasets/0/VirusShare_6081905aef87642c4a1c62ae97d7bf2a,,
VirusShare_abc60f63080e546609e19e2993eba750,abc60f63080e546609e19e2993eba750,0,/mnt/datadisk/./datasets/0/VirusShare_abc60f63080e546609e19e2993eba750,,
VirusShare_40739461598b1bbd16df55e689ea2953,40739461598b1bbd16df55e689ea2953,1,/mnt/datadisk/./datasets/1/VirusShare_40739461598b1bbd16df55e689ea2953,,
VirusShare_225a8d5e2bc03dfd40e108db93135819,225a8d5e2bc03dfd40e108db93135819,1,/mnt/datadisk/./datasets/1/VirusShare_225a8d5e2bc03dfd40e108db93135819,,
VirusShare_864bd9a4a768f2f536e29a58e9a152e8,864bd9a4a768f2f536e29a58e9a152e8,0,/mnt/datadisk/./datasets/0/VirusShare_864bd9a4a768f2f536e29a58e9a152e8,,
VirusShare_c1b707cdbe2f9c5939e1320b389e58f7,c1b707cdbe2f9c5939e1320b389e58f7,0,/mnt/datadisk/./datasets/0/VirusShare_c1b707cdbe2f9c5939e1320b389e58f7,,
VirusShare_aa3fe76e56df94841da2468cd7c21258,aa3fe76e56df94841da2468cd7c21258,0,/mnt/datadisk/./datasets/0/VirusShare_aa3fe76e56df94841da2468cd7c21258,,
VirusShare_1e51cf01311d6a70190d1959c44842a2,1e51cf01311d6a70190d1959c44842a2,1,/mnt/datadisk/./datasets/1/VirusShare_1e51cf01311d6a70190d1959c44842a2,,
VirusShare_b349b74be2bdb82a56bb3f387052d67f,b349b74be2bdb82a56bb3f387052d67f,0,/mnt/datadisk/./datasets/0/VirusShare_b349b74be2bdb82a56bb3f387052d67f,,
VirusShare_e582cdc4366bbeaf5300d39340d951f8,e582cdc4366bbeaf5300d39340d951f8,0,/mnt/datadisk/./datasets/0/VirusShare_e582cdc4366bbeaf5300d39340d951f8,,
VirusShare_e983071afa14415583f90a26c8153c24,e983071afa14415583f90a26c8153c24,0,/mnt/datadisk/./datasets/0/VirusShare_e983071afa14415583f90a26c8153c24,,
VirusShare_d2ae8020b27fec9fb12d8e6ca10aaf29,d2ae8020b27fec9fb12d8e6ca10aaf29,0,/mnt/datadisk/./datasets/0/VirusShare_d2ae8020b27fec9fb12d8e6ca10aaf29,,
VirusShare_6fdab1a13c359cbf9ea837c0d095dbfe,6fdab1a13c359cbf9ea837c0d095dbfe,1,/mnt/datadisk/./datasets/1/VirusShare_6fdab1a13c359cbf9ea837c0d095dbfe,,
VirusShare_9d2a5154e858c79c0c38fe519ff9b346,9d2a5154e858c79c0c38fe519ff9b346,0,/mnt/datadisk/./datasets/0/VirusShare_9d2a5154e858c79c0c38fe519ff9b346,,
VirusShare_1fbff46d0b659b0ddf5af64ce0886a60,1fbff46d0b659b0ddf5af64ce0886a60,0,/mnt/datadisk/./datasets/0/VirusShare_1fbff46d0b659b0ddf5af64ce0886a60,,
VirusShare_750f2b6aa881f5c0d2a31594114ef012,750f2b6aa881f5c0d2a31594114ef012,0,/mnt/datadisk/./datasets/0/VirusShare_750f2b6aa881f5c0d2a31594114ef012,,
VirusShare_28664f0b01c9d97eb2dfebb0af975a5f,28664f0b01c9d97eb2dfebb0af975a5f,1,/mnt/datadisk/./datasets/1/VirusShare_28664f0b01c9d97eb2dfebb0af975a5f,,
VirusShare_7c6400e891d434ece5dc09afd2270309,7c6400e891d434ece5dc09afd2270309,0,/mnt/datadisk/./datasets/0/VirusShare_7c6400e891d434ece5dc09afd2270309,,
VirusShare_d40fde473079df9bfeb2e14c520bb454,d40fde473079df9bfeb2e14c520bb454,0,/mnt/datadisk/./datasets/0/VirusShare_d40fde473079df9bfeb2e14c520bb454,,
VirusShare_5bc53e6f4fed4ecab287d4c9f01db3d1,5bc53e6f4fed4ecab287d4c9f01db3d1,0,/mnt/datadisk/./datasets/0/VirusShare_5bc53e6f4fed4ecab287d4c9f01db3d1,,
VirusShare_5e7ebd1037e20ba0e6f52c83c5da7429,5e7ebd1037e20ba0e6f52c83c5da7429,1,/mnt/datadisk/./datasets/1/VirusShare_5e7ebd1037e20ba0e6f52c83c5da7429,,
VirusShare_33b7bacf7cf0851d779d155f32b60a7b,33b7bacf7cf0851d779d155f32b60a7b,0,/mnt/datadisk/./datasets/0/VirusShare_33b7bacf7cf0851d779d155f32b60a7b,,
VirusShare_5faf5cb8beb80cb7bd8f8f6b441b5d05,5faf5cb8beb80cb7bd8f8f6b441b5d05,0,/mnt/datadisk/./datasets/0/VirusShare_5faf5cb8beb80cb7bd8f8f6b441b5d05,,
VirusShare_e168c4d512cdaff284107db0aebbd8d3,e168c4d512cdaff284107db0aebbd8d3,1,/mnt/datadisk/./datasets/1/VirusShare_e168c4d512cdaff284107db0aebbd8d3,,
VirusShare_615ae6db0ff5bba9aaba28894419f5ce,615ae6db0ff5bba9aaba28894419f5ce,0,/mnt/datadisk/./datasets/0/VirusShare_615ae6db0ff5bba9aaba28894419f5ce,,
VirusShare_49155b920f8bf8cdf7249e7a467bfd44,49155b920f8bf8cdf7249e7a467bfd44,0,/mnt/datadisk/./datasets/0/VirusShare_49155b920f8bf8cdf7249e7a467bfd44,,
VirusShare_e78c22211dce8f31cebf7f1fbe3b8142,e78c22211dce8f31cebf7f1fbe3b8142,0,/mnt/datadisk/./datasets/0/VirusShare_e78c22211dce8f31cebf7f1fbe3b8142,,
VirusShare_30409a62929df9786e0bd78795be7ab7,30409a62929df9786e0bd78795be7ab7,0,/mnt/datadisk/./datasets/0/VirusShare_30409a62929df9786e0bd78795be7ab7,,
VirusShare_0aaa1a4770aac986d0c216e1c6e1fcc6,0aaa1a4770aac986d0c216e1c6e1fcc6,0,/mnt/datadisk/./datasets/0/VirusShare_0aaa1a4770aac986d0c216e1c6e1fcc6,,
VirusShare_fe3ab8606699f49c41cd99a22830dfca,fe3ab8606699f49c41cd99a22830dfca,0,/mnt/datadisk/./datasets/0/VirusShare_fe3ab8606699f49c41cd99a22830dfca,,
VirusShare_eec1e8dfe8fb2d9341a5ff1e8648f10f,eec1e8dfe8fb2d9341a5ff1e8648f10f,0,/mnt/datadisk/./datasets/0/VirusShare_eec1e8dfe8fb2d9341a5ff1e8648f10f,,
VirusShare_e1219db9f7efbf0e7c4160e1a1b0eec6,e1219db9f7efbf0e7c4160e1a1b0eec6,0,/mnt/datadisk/./datasets/0/VirusShare_e1219db9f7efbf0e7c4160e1a1b0eec6,,
VirusShare_f06fd59c6eb4fd2d21b35785210842ab,f06fd59c6eb4fd2d21b35785210842ab,0,/mnt/datadisk/./datasets/0/VirusShare_f06fd59c6eb4fd2d21b35785210842ab,,
VirusShare_9aca84c7d96f761d0159ad14b1e07489,9aca84c7d96f761d0159ad14b1e07489,1,/mnt/datadisk/./datasets/1/VirusShare_9aca84c7d96f761d0159ad14b1e07489,,
VirusShare_802984b9d164120a43fc580b92091c2c,802984b9d164120a43fc580b92091c2c,1,/mnt/datadisk/./datasets/1/VirusShare_802984b9d164120a43fc580b92091c2c,,
VirusShare_cae5e7534f4d815c2da29a9fdec01ced,cae5e7534f4d815c2da29a9fdec01ced,0,/mnt/datadisk/./datasets/0/VirusShare_cae5e7534f4d815c2da29a9fdec01ced,,
VirusShare_88bf7c9aeee8f04ece8b50fe26d5dd2d,88bf7c9aeee8f04ece8b50fe26d5dd2d,0,/mnt/datadisk/./datasets/0/VirusShare_88bf7c9aeee8f04ece8b50fe26d5dd2d,,
VirusShare_cb2d9e9402f08e7f982b67b875e90ab6,cb2d9e9402f08e7f982b67b875e90ab6,0,/mnt/datadisk/./datasets/0/VirusShare_cb2d9e9402f08e7f982b67b875e90ab6,,
VirusShare_77c2542185a933a96af82c7865df2cdd,77c2542185a933a96af82c7865df2cdd,1,/mnt/datadisk/./datasets/1/VirusShare_77c2542185a933a96af82c7865df2cdd,,
VirusShare_3c6260ca1c6edac1d630d3ced1bf3d30,3c6260ca1c6edac1d630d3ced1bf3d30,1,/mnt/datadisk/./datasets/1/VirusShare_3c6260ca1c6edac1d630d3ced1bf3d30,,
VirusShare_d7a561fc900fa4bb562b5525d57b1f23,d7a561fc900fa4bb562b5525d57b1f23,0,/mnt/datadisk/./datasets/0/VirusShare_d7a561fc900fa4bb562b5525d57b1f23,,
VirusShare_7d890e91a8754410439f12987fd43292,7d890e91a8754410439f12987fd43292,0,/mnt/datadisk/./datasets/0/VirusShare_7d890e91a8754410439f12987fd43292,,
VirusShare_d9906e030ff688c608c883b59ca80e7d,d9906e030ff688c608c883b59ca80e7d,0,/mnt/datadisk/./datasets/0/VirusShare_d9906e030ff688c608c883b59ca80e7d,,
VirusShare_da66f2b885a76c11e82763367dc99c7e,da66f2b885a76c11e82763367dc99c7e,1,/mnt/datadisk/./datasets/1/VirusShare_da66f2b885a76c11e82763367dc99c7e,,
VirusShare_1a9982735089c9f32ab1e4e6667eb9d5,1a9982735089c9f32ab1e4e6667eb9d5,1,/mnt/datadisk/./datasets/1/VirusShare_1a9982735089c9f32ab1e4e6667eb9d5,,
VirusShare_26a4ce9dae442ec9094e94eb9c0d2b54,26a4ce9dae442ec9094e94eb9c0d2b54,0,/mnt/datadisk/./datasets/0/VirusShare_26a4ce9dae442ec9094e94eb9c0d2b54,,
VirusShare_a90a2c751be2acb0d56048412cc5b09d,a90a2c751be2acb0d56048412cc5b09d,0,/mnt/datadisk/./datasets/0/VirusShare_a90a2c751be2acb0d56048412cc5b09d,,
VirusShare_8fbe5dfe1b1edc6a93fb7a3854335905,8fbe5dfe1b1edc6a93fb7a3854335905,1,/mnt/datadisk/./datasets/1/VirusShare_8fbe5dfe1b1edc6a93fb7a3854335905,,
VirusShare_c3a6b85422c377969012bd63d7b2ca91,c3a6b85422c377969012bd63d7b2ca91,0,/mnt/datadisk/./datasets/0/VirusShare_c3a6b85422c377969012bd63d7b2ca91,,
VirusShare_5ca9a21ec5a84f1e05f12785a6ea8805,5ca9a21ec5a84f1e05f12785a6ea8805,0,/mnt/datadisk/./datasets/0/VirusShare_5ca9a21ec5a84f1e05f12785a6ea8805,,
VirusShare_3a431ea24fdeec9c497c6ec4af471873,3a431ea24fdeec9c497c6ec4af471873,0,/mnt/datadisk/./datasets/0/VirusShare_3a431ea24fdeec9c497c6ec4af471873,,
VirusShare_2c2808a3ba9cca6aeeb010da8138941d,2c2808a3ba9cca6aeeb010da8138941d,0,/mnt/datadisk/./datasets/0/VirusShare_2c2808a3ba9cca6aeeb010da8138941d,,
VirusShare_5fb3847f7776eee666129caadd5d4e7f,5fb3847f7776eee666129caadd5d4e7f,0,/mnt/datadisk/./datasets/0/VirusShare_5fb3847f7776eee666129caadd5d4e7f,,
VirusShare_06f321e9df889093a2be2cb421121089,06f321e9df889093a2be2cb421121089,0,/mnt/datadisk/./datasets/0/VirusShare_06f321e9df889093a2be2cb421121089,,
VirusShare_b837cb0dc3e8891c1dd3d6602903c65b,b837cb0dc3e8891c1dd3d6602903c65b,0,/mnt/datadisk/./datasets/0/VirusShare_b837cb0dc3e8891c1dd3d6602903c65b,,
VirusShare_a471f5c481ef0ce59ae973c66023ab7e,a471f5c481ef0ce59ae973c66023ab7e,0,/mnt/datadisk/./datasets/0/VirusShare_a471f5c481ef0ce59ae973c66023ab7e,,
VirusShare_0d4cebb51f9b9287c628c701c81ec3f3,0d4cebb51f9b9287c628c701c81ec3f3,0,/mnt/datadisk/./datasets/0/VirusShare_0d4cebb51f9b9287c628c701c81ec3f3,,
VirusShare_f8cda53deb2dc40717f2335fe91ed31e,f8cda53deb2dc40717f2335fe91ed31e,1,/mnt/datadisk/./datasets/1/VirusShare_f8cda53deb2dc40717f2335fe91ed31e,,
VirusShare_6ad64050fa43d17e8f1ebf1b33ff41b1,6ad64050fa43d17e8f1ebf1b33ff41b1,0,/mnt/datadisk/./datasets/0/VirusShare_6ad64050fa43d17e8f1ebf1b33ff41b1,,
VirusShare_14f2664eca423af1836adc6efd21a4bc,14f2664eca423af1836adc6efd21a4bc,1,/mnt/datadisk/./datasets/1/VirusShare_14f2664eca423af1836adc6efd21a4bc,,
VirusShare_5462cfa9e0262128c9e4ad9a9975986e,5462cfa9e0262128c9e4ad9a9975986e,0,/mnt/datadisk/./datasets/0/VirusShare_5462cfa9e0262128c9e4ad9a9975986e,,
VirusShare_4fdbd522e53b9b3df400d71e1b0d270b,4fdbd522e53b9b3df400d71e1b0d270b,1,/mnt/datadisk/./datasets/1/VirusShare_4fdbd522e53b9b3df400d71e1b0d270b,,
VirusShare_e39afd002ea42fb6cdd46f13d6416860,e39afd002ea42fb6cdd46f13d6416860,0,/mnt/datadisk/./datasets/0/VirusShare_e39afd002ea42fb6cdd46f13d6416860,,
VirusShare_f4b81bdc48119b8de33f67f5c39dcefe,f4b81bdc48119b8de33f67f5c39dcefe,0,/mnt/datadisk/./datasets/0/VirusShare_f4b81bdc48119b8de33f67f5c39dcefe,,
VirusShare_b2aba91579a713a5ebf851c7d01b1741,b2aba91579a713a5ebf851c7d01b1741,0,/mnt/datadisk/./datasets/0/VirusShare_b2aba91579a713a5ebf851c7d01b1741,,
VirusShare_f79ca766e552be7c64a38634880d4083,f79ca766e552be7c64a38634880d4083,1,/mnt/datadisk/./datasets/1/VirusShare_f79ca766e552be7c64a38634880d4083,,
VirusShare_76098ea4aede1e714ab960d17924c3a8,76098ea4aede1e714ab960d17924c3a8,0,/mnt/datadisk/./datasets/0/VirusShare_76098ea4aede1e714ab960d17924c3a8,,
VirusShare_ff99980540a3846b3919a2e0c5f299f2,ff99980540a3846b3919a2e0c5f299f2,0,/mnt/datadisk/./datasets/0/VirusShare_ff99980540a3846b3919a2e0c5f299f2,,
VirusShare_7667bffbe9ba7db6f4e4c3c254abf93a,7667bffbe9ba7db6f4e4c3c254abf93a,0,/mnt/datadisk/./datasets/0/VirusShare_7667bffbe9ba7db6f4e4c3c254abf93a,,
VirusShare_522fb7a3bb2c6143c2a2216e449a40aa,522fb7a3bb2c6143c2a2216e449a40aa,0,/mnt/datadisk/./datasets/0/VirusShare_522fb7a3bb2c6143c2a2216e449a40aa,,
VirusShare_4e19a5349758119b514c02408de6dd40,4e19a5349758119b514c02408de6dd40,0,/mnt/datadisk/./datasets/0/VirusShare_4e19a5349758119b514c02408de6dd40,,
VirusShare_22846a301b5c6860244bcbe2223695d7,22846a301b5c6860244bcbe2223695d7,0,/mnt/datadisk/./datasets/0/VirusShare_22846a301b5c6860244bcbe2223695d7,,
VirusShare_b05cba2dbdef68f4c41f71849b9c61ed,b05cba2dbdef68f4c41f71849b9c61ed,0,/mnt/datadisk/./datasets/0/VirusShare_b05cba2dbdef68f4c41f71849b9c61ed,,
VirusShare_69a01b31f7427a00ca421d1c5402bb39,69a01b31f7427a00ca421d1c5402bb39,1,/mnt/datadisk/./datasets/1/VirusShare_69a01b31f7427a00ca421d1c5402bb39,,
VirusShare_50ea3a6b5ebff5b6ac7d2a50ce6fd46a,50ea3a6b5ebff5b6ac7d2a50ce6fd46a,1,/mnt/datadisk/./datasets/1/VirusShare_50ea3a6b5ebff5b6ac7d2a50ce6fd46a,,
VirusShare_4731c59b0bf66248d20a16c8f237f9f5,4731c59b0bf66248d20a16c8f237f9f5,0,/mnt/datadisk/./datasets/0/VirusShare_4731c59b0bf66248d20a16c8f237f9f5,,
VirusShare_e514b47fb710b73b2f581a35dcad2fbf,e514b47fb710b73b2f581a35dcad2fbf,0,/mnt/datadisk/./datasets/0/VirusShare_e514b47fb710b73b2f581a35dcad2fbf,,
VirusShare_b3c6605ce5fefc964b9581125b46b653,b3c6605ce5fefc964b9581125b46b653,0,/mnt/datadisk/./datasets/0/VirusShare_b3c6605ce5fefc964b9581125b46b653,,
VirusShare_1493abbb7b8b5dbbd0b27d4317a123b8,1493abbb7b8b5dbbd0b27d4317a123b8,0,/mnt/datadisk/./datasets/0/VirusShare_1493abbb7b8b5dbbd0b27d4317a123b8,,
VirusShare_31199e1618a3b8ede668281f4f199b9f,31199e1618a3b8ede668281f4f199b9f,1,/mnt/datadisk/./datasets/1/VirusShare_31199e1618a3b8ede668281f4f199b9f,,
VirusShare_e41381ff3a2939ba9db94d9bcbc57888,e41381ff3a2939ba9db94d9bcbc57888,0,/mnt/datadisk/./datasets/0/VirusShare_e41381ff3a2939ba9db94d9bcbc57888,,
VirusShare_c74a54611729be7c00a42b47d4d41e00,c74a54611729be7c00a42b47d4d41e00,0,/mnt/datadisk/./datasets/0/VirusShare_c74a54611729be7c00a42b47d4d41e00,,
VirusShare_a545da0cd50b248cc14171dea04fe6f7,a545da0cd50b248cc14171dea04fe6f7,1,/mnt/datadisk/./datasets/1/VirusShare_a545da0cd50b248cc14171dea04fe6f7,,
VirusShare_559f41cac530570e26ea0b09b4ae1dbc,559f41cac530570e26ea0b09b4ae1dbc,0,/mnt/datadisk/./datasets/0/VirusShare_559f41cac530570e26ea0b09b4ae1dbc,,
VirusShare_ff80e24552feabee97fbd0e0330f1190,ff80e24552feabee97fbd0e0330f1190,0,/mnt/datadisk/./datasets/0/VirusShare_ff80e24552feabee97fbd0e0330f1190,,
VirusShare_52d1dab4a60de18368b14b259824f03f,52d1dab4a60de18368b14b259824f03f,0,/mnt/datadisk/./datasets/0/VirusShare_52d1dab4a60de18368b14b259824f03f,,
VirusShare_ed0e9addfbc9d4085f404fb5ae3d3a0e,ed0e9addfbc9d4085f404fb5ae3d3a0e,0,/mnt/datadisk/./datasets/0/VirusShare_ed0e9addfbc9d4085f404fb5ae3d3a0e,,
VirusShare_7627c29b9923d72f043c8f6ff16b7f16,7627c29b9923d72f043c8f6ff16b7f16,0,/mnt/datadisk/./datasets/0/VirusShare_7627c29b9923d72f043c8f6ff16b7f16,,
VirusShare_536e4abcd95e47970c6dcad2a6a4dec8,536e4abcd95e47970c6dcad2a6a4dec8,1,/mnt/datadisk/./datasets/1/VirusShare_536e4abcd95e47970c6dcad2a6a4dec8,,
VirusShare_82908ee90082b6034d0bcee809addacf,82908ee90082b6034d0bcee809addacf,0,/mnt/datadisk/./datasets/0/VirusShare_82908ee90082b6034d0bcee809addacf,,
VirusShare_e9fefc93bf3f37da63df72fa02e2d48f,e9fefc93bf3f37da63df72fa02e2d48f,0,/mnt/datadisk/./datasets/0/VirusShare_e9fefc93bf3f37da63df72fa02e2d48f,,
VirusShare_a1848db9cc131d2530113afb7c50574e,a1848db9cc131d2530113afb7c50574e,0,/mnt/datadisk/./datasets/0/VirusShare_a1848db9cc131d2530113afb7c50574e,,
VirusShare_d1b3a59ca74ae076d8025a0b0fac33cc,d1b3a59ca74ae076d8025a0b0fac33cc,0,/mnt/datadisk/./datasets/0/VirusShare_d1b3a59ca74ae076d8025a0b0fac33cc,,
VirusShare_1f0cb7639dd502c7502ab4e5f4c2364c,1f0cb7639dd502c7502ab4e5f4c2364c,0,/mnt/datadisk/./datasets/0/VirusShare_1f0cb7639dd502c7502ab4e5f4c2364c,,
VirusShare_ce426f098109b1c0a199b6fdb2e3cbd2,ce426f098109b1c0a199b6fdb2e3cbd2,0,/mnt/datadisk/./datasets/0/VirusShare_ce426f098109b1c0a199b6fdb2e3cbd2,,
VirusShare_99f526127eed26e487b16912148df361,99f526127eed26e487b16912148df361,0,/mnt/datadisk/./datasets/0/VirusShare_99f526127eed26e487b16912148df361,,
VirusShare_80a86ac4ee4137720e56c37189215e51,80a86ac4ee4137720e56c37189215e51,0,/mnt/datadisk/./datasets/0/VirusShare_80a86ac4ee4137720e56c37189215e51,,
VirusShare_375a3d399268e0814888c97d30b9c444,375a3d399268e0814888c97d30b9c444,0,/mnt/datadisk/./datasets/0/VirusShare_375a3d399268e0814888c97d30b9c444,,
VirusShare_5562f387b3a467375f48ba54001f6691,5562f387b3a467375f48ba54001f6691,0,/mnt/datadisk/./datasets/0/VirusShare_5562f387b3a467375f48ba54001f6691,,
VirusShare_b82677045a0251b1ee72f68c70dfcb77,b82677045a0251b1ee72f68c70dfcb77,0,/mnt/datadisk/./datasets/0/VirusShare_b82677045a0251b1ee72f68c70dfcb77,,
VirusShare_d87522046776cfd1891d3e133e6c8a9b,d87522046776cfd1891d3e133e6c8a9b,0,/mnt/datadisk/./datasets/0/VirusShare_d87522046776cfd1891d3e133e6c8a9b,,
VirusShare_50df6792282e3ffb785b557c8fbfc619,50df6792282e3ffb785b557c8fbfc619,1,/mnt/datadisk/./datasets/1/VirusShare_50df6792282e3ffb785b557c8fbfc619,,
VirusShare_a3a84fa45d9987a29c659a8690700e2a,a3a84fa45d9987a29c659a8690700e2a,1,/mnt/datadisk/./datasets/1/VirusShare_a3a84fa45d9987a29c659a8690700e2a,,
VirusShare_97012c3741134c3b09974b6300783638,97012c3741134c3b09974b6300783638,0,/mnt/datadisk/./datasets/0/VirusShare_97012c3741134c3b09974b6300783638,,
VirusShare_abeca9f616ceddf47e83d0356a475384,abeca9f616ceddf47e83d0356a475384,0,/mnt/datadisk/./datasets/0/VirusShare_abeca9f616ceddf47e83d0356a475384,,
VirusShare_6a336f88c45417fc64294f9659a5116b,6a336f88c45417fc64294f9659a5116b,0,/mnt/datadisk/./datasets/0/VirusShare_6a336f88c45417fc64294f9659a5116b,,
VirusShare_b1f0f4dcc26799e0a338af86977bdfff,b1f0f4dcc26799e0a338af86977bdfff,0,/mnt/datadisk/./datasets/0/VirusShare_b1f0f4dcc26799e0a338af86977bdfff,,
VirusShare_d10c078a3cb6e3db2408ff054d84be3d,d10c078a3cb6e3db2408ff054d84be3d,1,/mnt/datadisk/./datasets/1/VirusShare_d10c078a3cb6e3db2408ff054d84be3d,,
VirusShare_e0848d83743ccc73dfea184b96225336,e0848d83743ccc73dfea184b96225336,0,/mnt/datadisk/./datasets/0/VirusShare_e0848d83743ccc73dfea184b96225336,,
VirusShare_6e462c1202c8e6a13693afb14c6c3790,6e462c1202c8e6a13693afb14c6c3790,0,/mnt/datadisk/./datasets/0/VirusShare_6e462c1202c8e6a13693afb14c6c3790,,
VirusShare_1a50869f56948c49c61e394b17c05cec,1a50869f56948c49c61e394b17c05cec,0,/mnt/datadisk/./datasets/0/VirusShare_1a50869f56948c49c61e394b17c05cec,,
VirusShare_82204550488705604a877ed181fd8a00,82204550488705604a877ed181fd8a00,0,/mnt/datadisk/./datasets/0/VirusShare_82204550488705604a877ed181fd8a00,,
VirusShare_0c01007a6177e6adf7288c425004724f,0c01007a6177e6adf7288c425004724f,0,/mnt/datadisk/./datasets/0/VirusShare_0c01007a6177e6adf7288c425004724f,,
VirusShare_3acb5bb9fda51fa3ab0a140557827dfa,3acb5bb9fda51fa3ab0a140557827dfa,0,/mnt/datadisk/./datasets/0/VirusShare_3acb5bb9fda51fa3ab0a140557827dfa,,
VirusShare_2c1dd512b4f355f31510f5c449af4c0f,2c1dd512b4f355f31510f5c449af4c0f,1,/mnt/datadisk/./datasets/1/VirusShare_2c1dd512b4f355f31510f5c449af4c0f,,
VirusShare_5a38dc02e86a7ec910899a1c249f2fb9,5a38dc02e86a7ec910899a1c249f2fb9,0,/mnt/datadisk/./datasets/0/VirusShare_5a38dc02e86a7ec910899a1c249f2fb9,,
VirusShare_5ee299b761ffbaf9992f15b70753af18,5ee299b761ffbaf9992f15b70753af18,0,/mnt/datadisk/./datasets/0/VirusShare_5ee299b761ffbaf9992f15b70753af18,,
VirusShare_f66fb9633a42bbe42e9527d6b05cc760,f66fb9633a42bbe42e9527d6b05cc760,1,/mnt/datadisk/./datasets/1/VirusShare_f66fb9633a42bbe42e9527d6b05cc760,,
VirusShare_2f42b7ae30b45ce7538d86d93a919cc0,2f42b7ae30b45ce7538d86d93a919cc0,0,/mnt/datadisk/./datasets/0/VirusShare_2f42b7ae30b45ce7538d86d93a919cc0,,
VirusShare_5e6053294bd0043099db264a89e717ce,5e6053294bd0043099db264a89e717ce,0,/mnt/datadisk/./datasets/0/VirusShare_5e6053294bd0043099db264a89e717ce,,
VirusShare_3f407bb8cc757d312b0dc46291915711,3f407bb8cc757d312b0dc46291915711,0,/mnt/datadisk/./datasets/0/VirusShare_3f407bb8cc757d312b0dc46291915711,,
VirusShare_5e857571a88dd1cf58f3f4d0669575b2,5e857571a88dd1cf58f3f4d0669575b2,0,/mnt/datadisk/./datasets/0/VirusShare_5e857571a88dd1cf58f3f4d0669575b2,,
VirusShare_66ac70557effed9fb2f68ddc18f2ebfc,66ac70557effed9fb2f68ddc18f2ebfc,0,/mnt/datadisk/./datasets/0/VirusShare_66ac70557effed9fb2f68ddc18f2ebfc,,
VirusShare_81d5c18272cfbacb720e336eaaa67778,81d5c18272cfbacb720e336eaaa67778,0,/mnt/datadisk/./datasets/0/VirusShare_81d5c18272cfbacb720e336eaaa67778,,
VirusShare_a65a53630796c665122bbb7749ef9cf5,a65a53630796c665122bbb7749ef9cf5,0,/mnt/datadisk/./datasets/0/VirusShare_a65a53630796c665122bbb7749ef9cf5,,
VirusShare_d4a4b3fd2db19fef17b6f95cad14de76,d4a4b3fd2db19fef17b6f95cad14de76,0,/mnt/datadisk/./datasets/0/VirusShare_d4a4b3fd2db19fef17b6f95cad14de76,,
VirusShare_7ddc233a7daf31d6f8a4a0e08bea2bae,7ddc233a7daf31d6f8a4a0e08bea2bae,0,/mnt/datadisk/./datasets/0/VirusShare_7ddc233a7daf31d6f8a4a0e08bea2bae,,
VirusShare_063056e6a329574071632b06c0ca36ba,063056e6a329574071632b06c0ca36ba,1,/mnt/datadisk/./datasets/1/VirusShare_063056e6a329574071632b06c0ca36ba,,
VirusShare_a04a5627e7a19f46cbe6092afecd0a58,a04a5627e7a19f46cbe6092afecd0a58,1,/mnt/datadisk/./datasets/1/VirusShare_a04a5627e7a19f46cbe6092afecd0a58,,
VirusShare_b933e0b586da77217d3fbcf32f74b212,b933e0b586da77217d3fbcf32f74b212,1,/mnt/datadisk/./datasets/1/VirusShare_b933e0b586da77217d3fbcf32f74b212,,
VirusShare_fac90b70277949d6abd1982753b761ce,fac90b70277949d6abd1982753b761ce,0,/mnt/datadisk/./datasets/0/VirusShare_fac90b70277949d6abd1982753b761ce,,
VirusShare_6d6396a3fffe2834bee8891aca5644b1,6d6396a3fffe2834bee8891aca5644b1,0,/mnt/datadisk/./datasets/0/VirusShare_6d6396a3fffe2834bee8891aca5644b1,,
VirusShare_d0c36e8f3ca45493fb1dabff9c588d36,d0c36e8f3ca45493fb1dabff9c588d36,0,/mnt/datadisk/./datasets/0/VirusShare_d0c36e8f3ca45493fb1dabff9c588d36,,
VirusShare_3281b413f5ac5a8fee61bdb8c438125c,3281b413f5ac5a8fee61bdb8c438125c,1,/mnt/datadisk/./datasets/1/VirusShare_3281b413f5ac5a8fee61bdb8c438125c,,
VirusShare_bbfc01e933e566ad18f39bb906955d33,bbfc01e933e566ad18f39bb906955d33,0,/mnt/datadisk/./datasets/0/VirusShare_bbfc01e933e566ad18f39bb906955d33,,
VirusShare_36af8e2307498f0297a462615bcd0ee9,36af8e2307498f0297a462615bcd0ee9,0,/mnt/datadisk/./datasets/0/VirusShare_36af8e2307498f0297a462615bcd0ee9,,
VirusShare_4b313be67408c045b413453318e94a87,4b313be67408c045b413453318e94a87,1,/mnt/datadisk/./datasets/1/VirusShare_4b313be67408c045b413453318e94a87,,
VirusShare_ad369b21be015adbbae033b5c3b881e6,ad369b21be015adbbae033b5c3b881e6,1,/mnt/datadisk/./datasets/1/VirusShare_ad369b21be015adbbae033b5c3b881e6,,
VirusShare_b69e287c24de46b6775b7158efa3217c,b69e287c24de46b6775b7158efa3217c,0,/mnt/datadisk/./datasets/0/VirusShare_b69e287c24de46b6775b7158efa3217c,,
VirusShare_43553c087d242404840c8eb1fd302eb6,43553c087d242404840c8eb1fd302eb6,0,/mnt/datadisk/./datasets/0/VirusShare_43553c087d242404840c8eb1fd302eb6,,
VirusShare_bb152c23f48a3d1843cbd6940b8b0030,bb152c23f48a3d1843cbd6940b8b0030,0,/mnt/datadisk/./datasets/0/VirusShare_bb152c23f48a3d1843cbd6940b8b0030,,
VirusShare_106ca8d26255c2578b71e8e85170d825,106ca8d26255c2578b71e8e85170d825,1,/mnt/datadisk/./datasets/1/VirusShare_106ca8d26255c2578b71e8e85170d825,,
VirusShare_91e0879eea4cb74a697760057f10a817,91e0879eea4cb74a697760057f10a817,1,/mnt/datadisk/./datasets/1/VirusShare_91e0879eea4cb74a697760057f10a817,,
VirusShare_055309d1145c4e50759dd0a8a5668038,055309d1145c4e50759dd0a8a5668038,0,/mnt/datadisk/./datasets/0/VirusShare_055309d1145c4e50759dd0a8a5668038,,
VirusShare_c8a0dfe5e60078422f2e30b0bbad4130,c8a0dfe5e60078422f2e30b0bbad4130,0,/mnt/datadisk/./datasets/0/VirusShare_c8a0dfe5e60078422f2e30b0bbad4130,,
VirusShare_6da20de4b6b37da2af73cf774953c236,6da20de4b6b37da2af73cf774953c236,0,/mnt/datadisk/./datasets/0/VirusShare_6da20de4b6b37da2af73cf774953c236,,
VirusShare_9333066b504a9807113578c433bd315f,9333066b504a9807113578c433bd315f,1,/mnt/datadisk/./datasets/1/VirusShare_9333066b504a9807113578c433bd315f,,
VirusShare_620e2301424443dc3c57fea3548cdf52,620e2301424443dc3c57fea3548cdf52,0,/mnt/datadisk/./datasets/0/VirusShare_620e2301424443dc3c57fea3548cdf52,,
VirusShare_fcc2fb9526a9ff8395e9b780ffd3760e,fcc2fb9526a9ff8395e9b780ffd3760e,0,/mnt/datadisk/./datasets/0/VirusShare_fcc2fb9526a9ff8395e9b780ffd3760e,,
VirusShare_c53300684493980cda1f7f51d5762826,c53300684493980cda1f7f51d5762826,0,/mnt/datadisk/./datasets/0/VirusShare_c53300684493980cda1f7f51d5762826,,
VirusShare_67de4948585a33f578cfee9d90901aec,67de4948585a33f578cfee9d90901aec,0,/mnt/datadisk/./datasets/0/VirusShare_67de4948585a33f578cfee9d90901aec,,
VirusShare_a0a3e69081d976ffc2d1ed5243f05145,a0a3e69081d976ffc2d1ed5243f05145,1,/mnt/datadisk/./datasets/1/VirusShare_a0a3e69081d976ffc2d1ed5243f05145,,
VirusShare_b56806a2564bc500a6aca8ea1a768d54,b56806a2564bc500a6aca8ea1a768d54,1,/mnt/datadisk/./datasets/1/VirusShare_b56806a2564bc500a6aca8ea1a768d54,,
VirusShare_02a6d9f2a8ddc0e12270e8b39b2255e3,02a6d9f2a8ddc0e12270e8b39b2255e3,0,/mnt/datadisk/./datasets/0/VirusShare_02a6d9f2a8ddc0e12270e8b39b2255e3,,
VirusShare_2b8e3515393697a1038fc71d7db42a06,2b8e3515393697a1038fc71d7db42a06,1,/mnt/datadisk/./datasets/1/VirusShare_2b8e3515393697a1038fc71d7db42a06,,
VirusShare_9fb0c5b9544b08fde503000e85c5ed62,9fb0c5b9544b08fde503000e85c5ed62,1,/mnt/datadisk/./datasets/1/VirusShare_9fb0c5b9544b08fde503000e85c5ed62,,
VirusShare_15ec835ee1bacba83790b2724991fccc,15ec835ee1bacba83790b2724991fccc,0,/mnt/datadisk/./datasets/0/VirusShare_15ec835ee1bacba83790b2724991fccc,,
VirusShare_ad310ec6a6d2417e26107aad44da6a99,ad310ec6a6d2417e26107aad44da6a99,0,/mnt/datadisk/./datasets/0/VirusShare_ad310ec6a6d2417e26107aad44da6a99,,
VirusShare_91baeb613687bc472e175e098c86d70b,91baeb613687bc472e175e098c86d70b,0,/mnt/datadisk/./datasets/0/VirusShare_91baeb613687bc472e175e098c86d70b,,
VirusShare_ccb06fa4b339cc8ff5ae2331dda084b4,ccb06fa4b339cc8ff5ae2331dda084b4,1,/mnt/datadisk/./datasets/1/VirusShare_ccb06fa4b339cc8ff5ae2331dda084b4,,
VirusShare_f047caf2dfc4101870703ecf2dc176ad,f047caf2dfc4101870703ecf2dc176ad,0,/mnt/datadisk/./datasets/0/VirusShare_f047caf2dfc4101870703ecf2dc176ad,,
VirusShare_064e045117d3dbd7387953637481757f,064e045117d3dbd7387953637481757f,0,/mnt/datadisk/./datasets/0/VirusShare_064e045117d3dbd7387953637481757f,,
VirusShare_a9c640914016f703cfcffd1ee6597177,a9c640914016f703cfcffd1ee6597177,1,/mnt/datadisk/./datasets/1/VirusShare_a9c640914016f703cfcffd1ee6597177,,
VirusShare_c7341d67f8c3d2e1791b87b3ad647d7f,c7341d67f8c3d2e1791b87b3ad647d7f,1,/mnt/datadisk/./datasets/1/VirusShare_c7341d67f8c3d2e1791b87b3ad647d7f,,
VirusShare_816532fb49d1872860d3257f0adfaa3e,816532fb49d1872860d3257f0adfaa3e,1,/mnt/datadisk/./datasets/1/VirusShare_816532fb49d1872860d3257f0adfaa3e,,
VirusShare_c2476cb820491e8bbcb4c210fce0003e,c2476cb820491e8bbcb4c210fce0003e,0,/mnt/datadisk/./datasets/0/VirusShare_c2476cb820491e8bbcb4c210fce0003e,,
VirusShare_53e5f974750acc5c623f073f88d3efa5,53e5f974750acc5c623f073f88d3efa5,0,/mnt/datadisk/./datasets/0/VirusShare_53e5f974750acc5c623f073f88d3efa5,,
VirusShare_78db1264e6da060694ba7ec3ed0dbf3a,78db1264e6da060694ba7ec3ed0dbf3a,0,/mnt/datadisk/./datasets/0/VirusShare_78db1264e6da060694ba7ec3ed0dbf3a,,
VirusShare_d9b8f80844a7e7be158d1a909ab465d2,d9b8f80844a7e7be158d1a909ab465d2,1,/mnt/datadisk/./datasets/1/VirusShare_d9b8f80844a7e7be158d1a909ab465d2,,
VirusShare_69206528301111945b9aab89dca13f3c,69206528301111945b9aab89dca13f3c,0,/mnt/datadisk/./datasets/0/VirusShare_69206528301111945b9aab89dca13f3c,,
VirusShare_7713592c7ed3a2541a11b0f62904aa73,7713592c7ed3a2541a11b0f62904aa73,0,/mnt/datadisk/./datasets/0/VirusShare_7713592c7ed3a2541a11b0f62904aa73,,
VirusShare_20a74d852ba2bebadc60d1efaf0847e8,20a74d852ba2bebadc60d1efaf0847e8,0,/mnt/datadisk/./datasets/0/VirusShare_20a74d852ba2bebadc60d1efaf0847e8,,
VirusShare_cb0c57c929e449ea059708fbfaddd6c5,cb0c57c929e449ea059708fbfaddd6c5,0,/mnt/datadisk/./datasets/0/VirusShare_cb0c57c929e449ea059708fbfaddd6c5,,
VirusShare_65f02521e4d3d357608eb923fa6930f5,65f02521e4d3d357608eb923fa6930f5,1,/mnt/datadisk/./datasets/1/VirusShare_65f02521e4d3d357608eb923fa6930f5,,
VirusShare_56761e664bfecc96cba2943336c3163d,56761e664bfecc96cba2943336c3163d,0,/mnt/datadisk/./datasets/0/VirusShare_56761e664bfecc96cba2943336c3163d,,
VirusShare_39d3fa121c2755cd97cc31ccef902207,39d3fa121c2755cd97cc31ccef902207,0,/mnt/datadisk/./datasets/0/VirusShare_39d3fa121c2755cd97cc31ccef902207,,
VirusShare_3e944fef2cb466e7a6297221f2e64690,3e944fef2cb466e7a6297221f2e64690,1,/mnt/datadisk/./datasets/1/VirusShare_3e944fef2cb466e7a6297221f2e64690,,
VirusShare_68f77ba6883ad94e336ab0f1aa7983e7,68f77ba6883ad94e336ab0f1aa7983e7,0,/mnt/datadisk/./datasets/0/VirusShare_68f77ba6883ad94e336ab0f1aa7983e7,,
VirusShare_44cb10db6847e80d910af9402825bd35,44cb10db6847e80d910af9402825bd35,1,/mnt/datadisk/./datasets/1/VirusShare_44cb10db6847e80d910af9402825bd35,,
VirusShare_033847c58c05613bde17cf9872e056c2,033847c58c05613bde17cf9872e056c2,0,/mnt/datadisk/./datasets/0/VirusShare_033847c58c05613bde17cf9872e056c2,,
VirusShare_d62176da868029728d3125113b658e5a,d62176da868029728d3125113b658e5a,0,/mnt/datadisk/./datasets/0/VirusShare_d62176da868029728d3125113b658e5a,,
VirusShare_c7817a826e0dbdc7eb437141f4ab33ef,c7817a826e0dbdc7eb437141f4ab33ef,1,/mnt/datadisk/./datasets/1/VirusShare_c7817a826e0dbdc7eb437141f4ab33ef,,
VirusShare_692824cf1f9d9a354d979f77e02f09c5,692824cf1f9d9a354d979f77e02f09c5,0,/mnt/datadisk/./datasets/0/VirusShare_692824cf1f9d9a354d979f77e02f09c5,,
VirusShare_deb3b8f5bd75de136cdca260dcc1bfea,deb3b8f5bd75de136cdca260dcc1bfea,0,/mnt/datadisk/./datasets/0/VirusShare_deb3b8f5bd75de136cdca260dcc1bfea,,
VirusShare_da9631544b1c2f5c71b272705875ee60,da9631544b1c2f5c71b272705875ee60,1,/mnt/datadisk/./datasets/1/VirusShare_da9631544b1c2f5c71b272705875ee60,,
VirusShare_1cff0b4e7e05a4cfa0ef0f8b62305b36,1cff0b4e7e05a4cfa0ef0f8b62305b36,0,/mnt/datadisk/./datasets/0/VirusShare_1cff0b4e7e05a4cfa0ef0f8b62305b36,,
VirusShare_fa019f211e8ca61d47f9b2f6db39b382,fa019f211e8ca61d47f9b2f6db39b382,1,/mnt/datadisk/./datasets/1/VirusShare_fa019f211e8ca61d47f9b2f6db39b382,,
VirusShare_b03a3cf583fb852a6b2e7842d204f8b0,b03a3cf583fb852a6b2e7842d204f8b0,0,/mnt/datadisk/./datasets/0/VirusShare_b03a3cf583fb852a6b2e7842d204f8b0,,
VirusShare_1901bb5eea85c8edd40e033ab234aabf,1901bb5eea85c8edd40e033ab234aabf,1,/mnt/datadisk/./datasets/1/VirusShare_1901bb5eea85c8edd40e033ab234aabf,,
VirusShare_e74223a1e86ade18d44add8714167423,e74223a1e86ade18d44add8714167423,0,/mnt/datadisk/./datasets/0/VirusShare_e74223a1e86ade18d44add8714167423,,
VirusShare_62eb1eec1bf46bb6103d938e23b2f8ca,62eb1eec1bf46bb6103d938e23b2f8ca,0,/mnt/datadisk/./datasets/0/VirusShare_62eb1eec1bf46bb6103d938e23b2f8ca,,
VirusShare_178375898e35589eb0e23f936a28dad0,178375898e35589eb0e23f936a28dad0,0,/mnt/datadisk/./datasets/0/VirusShare_178375898e35589eb0e23f936a28dad0,,
VirusShare_fb87a8d964a90ae94c0be5de3d25bb01,fb87a8d964a90ae94c0be5de3d25bb01,1,/mnt/datadisk/./datasets/1/VirusShare_fb87a8d964a90ae94c0be5de3d25bb01,,
VirusShare_13e504a0f253ccae76731a1d1bcc76da,13e504a0f253ccae76731a1d1bcc76da,0,/mnt/datadisk/./datasets/0/VirusShare_13e504a0f253ccae76731a1d1bcc76da,,
VirusShare_468b82434c4f24cf5abf4b39a49b3ef3,468b82434c4f24cf5abf4b39a49b3ef3,0,/mnt/datadisk/./datasets/0/VirusShare_468b82434c4f24cf5abf4b39a49b3ef3,,
VirusShare_74b204412cc71c8491c2413a2e42ca16,74b204412cc71c8491c2413a2e42ca16,0,/mnt/datadisk/./datasets/0/VirusShare_74b204412cc71c8491c2413a2e42ca16,,
VirusShare_b41f763a40295755b820dda2a0adc9e7,b41f763a40295755b820dda2a0adc9e7,0,/mnt/datadisk/./datasets/0/VirusShare_b41f763a40295755b820dda2a0adc9e7,,
VirusShare_506de9e518439c0120583e8598df0298,506de9e518439c0120583e8598df0298,0,/mnt/datadisk/./datasets/0/VirusShare_506de9e518439c0120583e8598df0298,,
VirusShare_9b453d0e4e8c65a01891faff72afe6a4,9b453d0e4e8c65a01891faff72afe6a4,0,/mnt/datadisk/./datasets/0/VirusShare_9b453d0e4e8c65a01891faff72afe6a4,,
VirusShare_ea4d2001773f8161923fa9656bf7f213,ea4d2001773f8161923fa9656bf7f213,0,/mnt/datadisk/./datasets/0/VirusShare_ea4d2001773f8161923fa9656bf7f213,,
VirusShare_d32d06f634e397cd5e3939f31de9b4a4,d32d06f634e397cd5e3939f31de9b4a4,0,/mnt/datadisk/./datasets/0/VirusShare_d32d06f634e397cd5e3939f31de9b4a4,,
VirusShare_d71c44ca178f4309d70cee590d567366,d71c44ca178f4309d70cee590d567366,1,/mnt/datadisk/./datasets/1/VirusShare_d71c44ca178f4309d70cee590d567366,,
VirusShare_8d5e924967380b1db8201c912288122f,8d5e924967380b1db8201c912288122f,1,/mnt/datadisk/./datasets/1/VirusShare_8d5e924967380b1db8201c912288122f,,
VirusShare_465d40d21aaa8461c5680978efb152d1,465d40d21aaa8461c5680978efb152d1,0,/mnt/datadisk/./datasets/0/VirusShare_465d40d21aaa8461c5680978efb152d1,,
VirusShare_c1b72ee5cd95f7880d4319a521a72316,c1b72ee5cd95f7880d4319a521a72316,1,/mnt/datadisk/./datasets/1/VirusShare_c1b72ee5cd95f7880d4319a521a72316,,
VirusShare_e917cb865fedd0d1f444a4911b146bbb,e917cb865fedd0d1f444a4911b146bbb,1,/mnt/datadisk/./datasets/1/VirusShare_e917cb865fedd0d1f444a4911b146bbb,,
VirusShare_45e5496394e7d6a9efe16008c380cf46,45e5496394e7d6a9efe16008c380cf46,0,/mnt/datadisk/./datasets/0/VirusShare_45e5496394e7d6a9efe16008c380cf46,,
VirusShare_26c9f66962743c746d5d28ac8c897241,26c9f66962743c746d5d28ac8c897241,1,/mnt/datadisk/./datasets/1/VirusShare_26c9f66962743c746d5d28ac8c897241,,
VirusShare_ce4e184ed3f78bafa7b36e85b74c4069,ce4e184ed3f78bafa7b36e85b74c4069,1,/mnt/datadisk/./datasets/1/VirusShare_ce4e184ed3f78bafa7b36e85b74c4069,,
VirusShare_a93fb12ab497d391bb9e03611f798181,a93fb12ab497d391bb9e03611f798181,1,/mnt/datadisk/./datasets/1/VirusShare_a93fb12ab497d391bb9e03611f798181,,
VirusShare_e7acb2498d165c67b43c9f0211884763,e7acb2498d165c67b43c9f0211884763,0,/mnt/datadisk/./datasets/0/VirusShare_e7acb2498d165c67b43c9f0211884763,,
VirusShare_f3480dc529a81239167432887f50fa10,f3480dc529a81239167432887f50fa10,0,/mnt/datadisk/./datasets/0/VirusShare_f3480dc529a81239167432887f50fa10,,
VirusShare_cfa550587c04967c0869c880c8f689c2,cfa550587c04967c0869c880c8f689c2,0,/mnt/datadisk/./datasets/0/VirusShare_cfa550587c04967c0869c880c8f689c2,,
VirusShare_b19478da07f45d38e26a6b30059caf50,b19478da07f45d38e26a6b30059caf50,0,/mnt/datadisk/./datasets/0/VirusShare_b19478da07f45d38e26a6b30059caf50,,
VirusShare_86f655f0565cf2825457f424b186831c,86f655f0565cf2825457f424b186831c,0,/mnt/datadisk/./datasets/0/VirusShare_86f655f0565cf2825457f424b186831c,,
VirusShare_a896691b450145b79b7c14286dd223b3,a896691b450145b79b7c14286dd223b3,0,/mnt/datadisk/./datasets/0/VirusShare_a896691b450145b79b7c14286dd223b3,,
VirusShare_235430ee1dcde985724ee7d77970b5fe,235430ee1dcde985724ee7d77970b5fe,0,/mnt/datadisk/./datasets/0/VirusShare_235430ee1dcde985724ee7d77970b5fe,,
VirusShare_753a8a5528556b2988328eef39ad9771,753a8a5528556b2988328eef39ad9771,1,/mnt/datadisk/./datasets/1/VirusShare_753a8a5528556b2988328eef39ad9771,,
VirusShare_06a2ea79b42f987ecf1220977b7ea7b4,06a2ea79b42f987ecf1220977b7ea7b4,0,/mnt/datadisk/./datasets/0/VirusShare_06a2ea79b42f987ecf1220977b7ea7b4,,
VirusShare_66070acd1a897dd29632da3c335e199f,66070acd1a897dd29632da3c335e199f,1,/mnt/datadisk/./datasets/1/VirusShare_66070acd1a897dd29632da3c335e199f,,
VirusShare_b4b3c4eec6688cd63f9c5b876ce851d3,b4b3c4eec6688cd63f9c5b876ce851d3,0,/mnt/datadisk/./datasets/0/VirusShare_b4b3c4eec6688cd63f9c5b876ce851d3,,
VirusShare_5b6fc5332eb52deed909afe747fcd743,5b6fc5332eb52deed909afe747fcd743,0,/mnt/datadisk/./datasets/0/VirusShare_5b6fc5332eb52deed909afe747fcd743,,
VirusShare_d0fe9ba532407bc27c0b74345b9110a8,d0fe9ba532407bc27c0b74345b9110a8,0,/mnt/datadisk/./datasets/0/VirusShare_d0fe9ba532407bc27c0b74345b9110a8,,
VirusShare_ed29dcde8768f1e4c759486140c338cd,ed29dcde8768f1e4c759486140c338cd,0,/mnt/datadisk/./datasets/0/VirusShare_ed29dcde8768f1e4c759486140c338cd,,
VirusShare_f7a5e2a563416a7c2950db32638f171b,f7a5e2a563416a7c2950db32638f171b,1,/mnt/datadisk/./datasets/1/VirusShare_f7a5e2a563416a7c2950db32638f171b,,
VirusShare_18ee0a2a9dbb74066cf25c2c3d1972b1,18ee0a2a9dbb74066cf25c2c3d1972b1,1,/mnt/datadisk/./datasets/1/VirusShare_18ee0a2a9dbb74066cf25c2c3d1972b1,,
VirusShare_44d3945eed22fb9ddf5847003256f78f,44d3945eed22fb9ddf5847003256f78f,1,/mnt/datadisk/./datasets/1/VirusShare_44d3945eed22fb9ddf5847003256f78f,,
VirusShare_84c418346f363b42acef34315e0d320f,84c418346f363b42acef34315e0d320f,0,/mnt/datadisk/./datasets/0/VirusShare_84c418346f363b42acef34315e0d320f,,
VirusShare_582e35960238c40a2a2c84be6e636163,582e35960238c40a2a2c84be6e636163,0,/mnt/datadisk/./datasets/0/VirusShare_582e35960238c40a2a2c84be6e636163,,
VirusShare_e228ed6253c44588a85fe10e250ef0d5,e228ed6253c44588a85fe10e250ef0d5,1,/mnt/datadisk/./datasets/1/VirusShare_e228ed6253c44588a85fe10e250ef0d5,,
VirusShare_6c295c9bad381329657623bc877935ce,6c295c9bad381329657623bc877935ce,0,/mnt/datadisk/./datasets/0/VirusShare_6c295c9bad381329657623bc877935ce,,
VirusShare_646381999a3f978ddd2f75e7932dc7b8,646381999a3f978ddd2f75e7932dc7b8,0,/mnt/datadisk/./datasets/0/VirusShare_646381999a3f978ddd2f75e7932dc7b8,,
VirusShare_af630f586f593c83f70f4d02f03ac724,af630f586f593c83f70f4d02f03ac724,0,/mnt/datadisk/./datasets/0/VirusShare_af630f586f593c83f70f4d02f03ac724,,
VirusShare_d41d4800d49628a6e197bfd9b0f094e0,d41d4800d49628a6e197bfd9b0f094e0,0,/mnt/datadisk/./datasets/0/VirusShare_d41d4800d49628a6e197bfd9b0f094e0,,
VirusShare_52be1846fd49cc47f06dd5e3ab2e407f,52be1846fd49cc47f06dd5e3ab2e407f,0,/mnt/datadisk/./datasets/0/VirusShare_52be1846fd49cc47f06dd5e3ab2e407f,,
VirusShare_247e45a604f8fcb487d9be64eeb5607e,247e45a604f8fcb487d9be64eeb5607e,0,/mnt/datadisk/./datasets/0/VirusShare_247e45a604f8fcb487d9be64eeb5607e,,
VirusShare_501e46ccf415a04907ffc9149831bca5,501e46ccf415a04907ffc9149831bca5,0,/mnt/datadisk/./datasets/0/VirusShare_501e46ccf415a04907ffc9149831bca5,,
VirusShare_6978c6af3a35a54384bfbdb3db15f77a,6978c6af3a35a54384bfbdb3db15f77a,0,/mnt/datadisk/./datasets/0/VirusShare_6978c6af3a35a54384bfbdb3db15f77a,,
VirusShare_0953533a762d91cdfde6023735541ba9,0953533a762d91cdfde6023735541ba9,1,/mnt/datadisk/./datasets/1/VirusShare_0953533a762d91cdfde6023735541ba9,,
VirusShare_488ecbb3015d642ee9641debf6db473e,488ecbb3015d642ee9641debf6db473e,0,/mnt/datadisk/./datasets/0/VirusShare_488ecbb3015d642ee9641debf6db473e,,
VirusShare_4d6f2a24ad3139673ef8b3b065aa6a1a,4d6f2a24ad3139673ef8b3b065aa6a1a,0,/mnt/datadisk/./datasets/0/VirusShare_4d6f2a24ad3139673ef8b3b065aa6a1a,,
VirusShare_95af4263b7597d1688801b8fcf6b1df9,95af4263b7597d1688801b8fcf6b1df9,1,/mnt/datadisk/./datasets/1/VirusShare_95af4263b7597d1688801b8fcf6b1df9,,
VirusShare_245c8cf127c5069f2e291547742f32bf,245c8cf127c5069f2e291547742f32bf,0,/mnt/datadisk/./datasets/0/VirusShare_245c8cf127c5069f2e291547742f32bf,,
VirusShare_aec381fc959382f423e25532559c6092,aec381fc959382f423e25532559c6092,1,/mnt/datadisk/./datasets/1/VirusShare_aec381fc959382f423e25532559c6092,,
VirusShare_5503fa637a525b321ffa97eda7f08524,5503fa637a525b321ffa97eda7f08524,0,/mnt/datadisk/./datasets/0/VirusShare_5503fa637a525b321ffa97eda7f08524,,
VirusShare_f566bfc2d6ee83efb3572b5b1e1dc109,f566bfc2d6ee83efb3572b5b1e1dc109,1,/mnt/datadisk/./datasets/1/VirusShare_f566bfc2d6ee83efb3572b5b1e1dc109,,
VirusShare_cdc3aaa008bb19b2b755f8d76be01fb1,cdc3aaa008bb19b2b755f8d76be01fb1,0,/mnt/datadisk/./datasets/0/VirusShare_cdc3aaa008bb19b2b755f8d76be01fb1,,
VirusShare_ee7fa82ad3517bf40879143dcd51b51a,ee7fa82ad3517bf40879143dcd51b51a,0,/mnt/datadisk/./datasets/0/VirusShare_ee7fa82ad3517bf40879143dcd51b51a,,
VirusShare_fe0f77f78c7d0b9219289ca71f1a5674,fe0f77f78c7d0b9219289ca71f1a5674,0,/mnt/datadisk/./datasets/0/VirusShare_fe0f77f78c7d0b9219289ca71f1a5674,,
VirusShare_09a36354506557d69b58cbc4f27655a9,09a36354506557d69b58cbc4f27655a9,1,/mnt/datadisk/./datasets/1/VirusShare_09a36354506557d69b58cbc4f27655a9,,
VirusShare_e2749eea576b085f331119fd42c7afd5,e2749eea576b085f331119fd42c7afd5,0,/mnt/datadisk/./datasets/0/VirusShare_e2749eea576b085f331119fd42c7afd5,,
VirusShare_ec55dd7c73cb242e2d45c49505335c7e,ec55dd7c73cb242e2d45c49505335c7e,0,/mnt/datadisk/./datasets/0/VirusShare_ec55dd7c73cb242e2d45c49505335c7e,,
VirusShare_6e3cbaa06b433f7d59bc8b2f32ee2524,6e3cbaa06b433f7d59bc8b2f32ee2524,0,/mnt/datadisk/./datasets/0/VirusShare_6e3cbaa06b433f7d59bc8b2f32ee2524,,
VirusShare_5e7eb4fa027e11db6054b70c31022b1f,5e7eb4fa027e11db6054b70c31022b1f,0,/mnt/datadisk/./datasets/0/VirusShare_5e7eb4fa027e11db6054b70c31022b1f,,
VirusShare_13915d863b77ae9962214393fc8de08b,13915d863b77ae9962214393fc8de08b,0,/mnt/datadisk/./datasets/0/VirusShare_13915d863b77ae9962214393fc8de08b,,
VirusShare_637f6419e1852126c8e81dde639ba360,637f6419e1852126c8e81dde639ba360,0,/mnt/datadisk/./datasets/0/VirusShare_637f6419e1852126c8e81dde639ba360,,
VirusShare_a97bc946be4523289bf0c9a1ac361297,a97bc946be4523289bf0c9a1ac361297,0,/mnt/datadisk/./datasets/0/VirusShare_a97bc946be4523289bf0c9a1ac361297,,
VirusShare_1df38d60d9422249af7ad21309d9354e,1df38d60d9422249af7ad21309d9354e,0,/mnt/datadisk/./datasets/0/VirusShare_1df38d60d9422249af7ad21309d9354e,,
VirusShare_f711e90f156e44234e26d027a2070497,f711e90f156e44234e26d027a2070497,0,/mnt/datadisk/./datasets/0/VirusShare_f711e90f156e44234e26d027a2070497,,
VirusShare_9d8862999440909c1cdd139ee7677a03,9d8862999440909c1cdd139ee7677a03,1,/mnt/datadisk/./datasets/1/VirusShare_9d8862999440909c1cdd139ee7677a03,,
VirusShare_874c79bd08ef1a8c13a4d451558628bc,874c79bd08ef1a8c13a4d451558628bc,0,/mnt/datadisk/./datasets/0/VirusShare_874c79bd08ef1a8c13a4d451558628bc,,
VirusShare_1db4b94ebd45ea6b61354ced8dc155f9,1db4b94ebd45ea6b61354ced8dc155f9,0,/mnt/datadisk/./datasets/0/VirusShare_1db4b94ebd45ea6b61354ced8dc155f9,,
VirusShare_0649f50df4aff83ef202d2eb0a8f2c28,0649f50df4aff83ef202d2eb0a8f2c28,0,/mnt/datadisk/./datasets/0/VirusShare_0649f50df4aff83ef202d2eb0a8f2c28,,
VirusShare_07ce170aeea619103797e82c16deceb3,07ce170aeea619103797e82c16deceb3,0,/mnt/datadisk/./datasets/0/VirusShare_07ce170aeea619103797e82c16deceb3,,
VirusShare_92aa27b24862ed8e1f5ededa96f3c58d,92aa27b24862ed8e1f5ededa96f3c58d,0,/mnt/datadisk/./datasets/0/VirusShare_92aa27b24862ed8e1f5ededa96f3c58d,,
VirusShare_e52d2810f6407d8296f588458a357a6e,e52d2810f6407d8296f588458a357a6e,1,/mnt/datadisk/./datasets/1/VirusShare_e52d2810f6407d8296f588458a357a6e,,
VirusShare_59b463957a9b3c3235a81a86828fcb93,59b463957a9b3c3235a81a86828fcb93,0,/mnt/datadisk/./datasets/0/VirusShare_59b463957a9b3c3235a81a86828fcb93,,
VirusShare_7a788caf6150720822e7ce9f94da340c,7a788caf6150720822e7ce9f94da340c,0,/mnt/datadisk/./datasets/0/VirusShare_7a788caf6150720822e7ce9f94da340c,,
VirusShare_24a225beb4fcd78e69de8f4979706e76,24a225beb4fcd78e69de8f4979706e76,0,/mnt/datadisk/./datasets/0/VirusShare_24a225beb4fcd78e69de8f4979706e76,,
VirusShare_0de4dab01651ed75b1bd8fbbddd9f07d,0de4dab01651ed75b1bd8fbbddd9f07d,0,/mnt/datadisk/./datasets/0/VirusShare_0de4dab01651ed75b1bd8fbbddd9f07d,,
VirusShare_616694210a9e3d7c30822331978f04e0,616694210a9e3d7c30822331978f04e0,1,/mnt/datadisk/./datasets/1/VirusShare_616694210a9e3d7c30822331978f04e0,,
VirusShare_2519f8c3f593f8c354f53af6b38e81f6,2519f8c3f593f8c354f53af6b38e81f6,1,/mnt/datadisk/./datasets/1/VirusShare_2519f8c3f593f8c354f53af6b38e81f6,,
VirusShare_508165dc2bee5e9f08f2394e409c2c52,508165dc2bee5e9f08f2394e409c2c52,0,/mnt/datadisk/./datasets/0/VirusShare_508165dc2bee5e9f08f2394e409c2c52,,
VirusShare_72101f43d83819935d2369f0b5f6ed90,72101f43d83819935d2369f0b5f6ed90,0,/mnt/datadisk/./datasets/0/VirusShare_72101f43d83819935d2369f0b5f6ed90,,
VirusShare_decd65be2a38b9f4ebb3f2b71fc31660,decd65be2a38b9f4ebb3f2b71fc31660,0,/mnt/datadisk/./datasets/0/VirusShare_decd65be2a38b9f4ebb3f2b71fc31660,,
VirusShare_70ead0f8f6ec50f76b2b594cae68f70f,70ead0f8f6ec50f76b2b594cae68f70f,0,/mnt/datadisk/./datasets/0/VirusShare_70ead0f8f6ec50f76b2b594cae68f70f,,
VirusShare_3537636c569ca6f228fffd594b2d3ff2,3537636c569ca6f228fffd594b2d3ff2,0,/mnt/datadisk/./datasets/0/VirusShare_3537636c569ca6f228fffd594b2d3ff2,,
VirusShare_7807d22bf7810116f6c68e26b1e882b1,7807d22bf7810116f6c68e26b1e882b1,1,/mnt/datadisk/./datasets/1/VirusShare_7807d22bf7810116f6c68e26b1e882b1,,
VirusShare_f627917a3a86655fda4034d765f2067d,f627917a3a86655fda4034d765f2067d,1,/mnt/datadisk/./datasets/1/VirusShare_f627917a3a86655fda4034d765f2067d,,
VirusShare_6f4937bf0fdd00f106cdd3544686baa0,6f4937bf0fdd00f106cdd3544686baa0,0,/mnt/datadisk/./datasets/0/VirusShare_6f4937bf0fdd00f106cdd3544686baa0,,
VirusShare_703b736155028bdb2760a4593f351dce,703b736155028bdb2760a4593f351dce,1,/mnt/datadisk/./datasets/1/VirusShare_703b736155028bdb2760a4593f351dce,,
VirusShare_dc4b07e4ec3e0ebee102a970ecc39387,dc4b07e4ec3e0ebee102a970ecc39387,0,/mnt/datadisk/./datasets/0/VirusShare_dc4b07e4ec3e0ebee102a970ecc39387,,
VirusShare_f8f8ca85761e800d5e219439858374e3,f8f8ca85761e800d5e219439858374e3,1,/mnt/datadisk/./datasets/1/VirusShare_f8f8ca85761e800d5e219439858374e3,,
VirusShare_df8148fdbea45757019f03995d757ea0,df8148fdbea45757019f03995d757ea0,0,/mnt/datadisk/./datasets/0/VirusShare_df8148fdbea45757019f03995d757ea0,,
VirusShare_d4c01d14d914c732d142e888547e229c,d4c01d14d914c732d142e888547e229c,0,/mnt/datadisk/./datasets/0/VirusShare_d4c01d14d914c732d142e888547e229c,,
VirusShare_b07e02d24609a53aad28150ed57ba447,b07e02d24609a53aad28150ed57ba447,0,/mnt/datadisk/./datasets/0/VirusShare_b07e02d24609a53aad28150ed57ba447,,
VirusShare_9ff98ba510f9e45ff7c3206e1d45454a,9ff98ba510f9e45ff7c3206e1d45454a,0,/mnt/datadisk/./datasets/0/VirusShare_9ff98ba510f9e45ff7c3206e1d45454a,,
VirusShare_e0f8303a4c6971ed15bf9fd0a53e66ac,e0f8303a4c6971ed15bf9fd0a53e66ac,0,/mnt/datadisk/./datasets/0/VirusShare_e0f8303a4c6971ed15bf9fd0a53e66ac,,
VirusShare_53c9cb16c8a184da54814d8181ecd520,53c9cb16c8a184da54814d8181ecd520,1,/mnt/datadisk/./datasets/1/VirusShare_53c9cb16c8a184da54814d8181ecd520,,
VirusShare_8b64ae4b6f1b9f93fdcb0f09b86a5536,8b64ae4b6f1b9f93fdcb0f09b86a5536,0,/mnt/datadisk/./datasets/0/VirusShare_8b64ae4b6f1b9f93fdcb0f09b86a5536,,
VirusShare_b7c9cdda0042a84a160855c9f2f9400c,b7c9cdda0042a84a160855c9f2f9400c,0,/mnt/datadisk/./datasets/0/VirusShare_b7c9cdda0042a84a160855c9f2f9400c,,
VirusShare_fca56cb46c6befff0b988c428f34d45f,fca56cb46c6befff0b988c428f34d45f,1,/mnt/datadisk/./datasets/1/VirusShare_fca56cb46c6befff0b988c428f34d45f,,
VirusShare_7161f37e4d9436602c91fcfe9ada032b,7161f37e4d9436602c91fcfe9ada032b,1,/mnt/datadisk/./datasets/1/VirusShare_7161f37e4d9436602c91fcfe9ada032b,,
VirusShare_505dd8171832b0eb7de408a59bdf3706,505dd8171832b0eb7de408a59bdf3706,0,/mnt/datadisk/./datasets/0/VirusShare_505dd8171832b0eb7de408a59bdf3706,,
VirusShare_929034c4b0c84a8c030d78ab45e4cf6b,929034c4b0c84a8c030d78ab45e4cf6b,0,/mnt/datadisk/./datasets/0/VirusShare_929034c4b0c84a8c030d78ab45e4cf6b,,
VirusShare_4ccc302ebe77d0854824eaa806f2b5d7,4ccc302ebe77d0854824eaa806f2b5d7,0,/mnt/datadisk/./datasets/0/VirusShare_4ccc302ebe77d0854824eaa806f2b5d7,,
VirusShare_90c67cdd6e3d41a9d17a0ddcb0880c33,90c67cdd6e3d41a9d17a0ddcb0880c33,0,/mnt/datadisk/./datasets/0/VirusShare_90c67cdd6e3d41a9d17a0ddcb0880c33,,
VirusShare_f1f15cba3d6bf6be0bd8643320f0dd3a,f1f15cba3d6bf6be0bd8643320f0dd3a,1,/mnt/datadisk/./datasets/1/VirusShare_f1f15cba3d6bf6be0bd8643320f0dd3a,,
VirusShare_308667495b1c6889016751dabac6f1fb,308667495b1c6889016751dabac6f1fb,0,/mnt/datadisk/./datasets/0/VirusShare_308667495b1c6889016751dabac6f1fb,,
VirusShare_4737c06ec36981b3c5c0b3621eb6c765,4737c06ec36981b3c5c0b3621eb6c765,0,/mnt/datadisk/./datasets/0/VirusShare_4737c06ec36981b3c5c0b3621eb6c765,,
VirusShare_065f858a44b78a6399a9038a3e4f2931,065f858a44b78a6399a9038a3e4f2931,0,/mnt/datadisk/./datasets/0/VirusShare_065f858a44b78a6399a9038a3e4f2931,,
VirusShare_99937fdee5ba53272100846cde5e12bc,99937fdee5ba53272100846cde5e12bc,0,/mnt/datadisk/./datasets/0/VirusShare_99937fdee5ba53272100846cde5e12bc,,
VirusShare_c7f5efbf3ea2421379db02054ea4d373,c7f5efbf3ea2421379db02054ea4d373,1,/mnt/datadisk/./datasets/1/VirusShare_c7f5efbf3ea2421379db02054ea4d373,,
VirusShare_51e27a453ddac54a06d672f61e67976e,51e27a453ddac54a06d672f61e67976e,0,/mnt/datadisk/./datasets/0/VirusShare_51e27a453ddac54a06d672f61e67976e,,
VirusShare_97080b1178e3b86e650a063526b9c5d7,97080b1178e3b86e650a063526b9c5d7,0,/mnt/datadisk/./datasets/0/VirusShare_97080b1178e3b86e650a063526b9c5d7,,
VirusShare_c99e4779546fcbb1602c37512d299ec1,c99e4779546fcbb1602c37512d299ec1,0,/mnt/datadisk/./datasets/0/VirusShare_c99e4779546fcbb1602c37512d299ec1,,
VirusShare_40d4a2556e43eac71a9e7ce1d4a76fe6,40d4a2556e43eac71a9e7ce1d4a76fe6,0,/mnt/datadisk/./datasets/0/VirusShare_40d4a2556e43eac71a9e7ce1d4a76fe6,,
VirusShare_9725a70d48f22bb99b19464995d87f79,9725a70d48f22bb99b19464995d87f79,0,/mnt/datadisk/./datasets/0/VirusShare_9725a70d48f22bb99b19464995d87f79,,
VirusShare_8f1658f4b3e898e99056e2c8fa04aa32,8f1658f4b3e898e99056e2c8fa04aa32,1,/mnt/datadisk/./datasets/1/VirusShare_8f1658f4b3e898e99056e2c8fa04aa32,,
VirusShare_c957404949b3579db487e37b5b6ad363,c957404949b3579db487e37b5b6ad363,1,/mnt/datadisk/./datasets/1/VirusShare_c957404949b3579db487e37b5b6ad363,,
VirusShare_85b0d56ee17f4d8300bfbe2be323f385,85b0d56ee17f4d8300bfbe2be323f385,0,/mnt/datadisk/./datasets/0/VirusShare_85b0d56ee17f4d8300bfbe2be323f385,,
VirusShare_61eb8bba75c38ba963540a4181e5deea,61eb8bba75c38ba963540a4181e5deea,0,/mnt/datadisk/./datasets/0/VirusShare_61eb8bba75c38ba963540a4181e5deea,,
VirusShare_a7a3699f8cbe04d50de49904a3fc2fc0,a7a3699f8cbe04d50de49904a3fc2fc0,0,/mnt/datadisk/./datasets/0/VirusShare_a7a3699f8cbe04d50de49904a3fc2fc0,,
VirusShare_02e961371bcb4ed9ac9425e2a67751ce,02e961371bcb4ed9ac9425e2a67751ce,0,/mnt/datadisk/./datasets/0/VirusShare_02e961371bcb4ed9ac9425e2a67751ce,,
VirusShare_3299b3a4eba274b1940c60603b424cb1,3299b3a4eba274b1940c60603b424cb1,0,/mnt/datadisk/./datasets/0/VirusShare_3299b3a4eba274b1940c60603b424cb1,,
VirusShare_c7a355ea3c1ca8b5ace3258ce4c21f9b,c7a355ea3c1ca8b5ace3258ce4c21f9b,0,/mnt/datadisk/./datasets/0/VirusShare_c7a355ea3c1ca8b5ace3258ce4c21f9b,,
VirusShare_5f3d0aef05c1bef8561e1ba3463a4618,5f3d0aef05c1bef8561e1ba3463a4618,0,/mnt/datadisk/./datasets/0/VirusShare_5f3d0aef05c1bef8561e1ba3463a4618,,
VirusShare_5b9dd8a1c07e937e352211fe88ada951,5b9dd8a1c07e937e352211fe88ada951,0,/mnt/datadisk/./datasets/0/VirusShare_5b9dd8a1c07e937e352211fe88ada951,,
VirusShare_e6e9b0f91c0c57dad1bcbfc97940759d,e6e9b0f91c0c57dad1bcbfc97940759d,0,/mnt/datadisk/./datasets/0/VirusShare_e6e9b0f91c0c57dad1bcbfc97940759d,,
VirusShare_b7373b3990955631c29a76abd1fb5a8b,b7373b3990955631c29a76abd1fb5a8b,1,/mnt/datadisk/./datasets/1/VirusShare_b7373b3990955631c29a76abd1fb5a8b,,
VirusShare_abd4d0191384fc1c67f15a004345a741,abd4d0191384fc1c67f15a004345a741,0,/mnt/datadisk/./datasets/0/VirusShare_abd4d0191384fc1c67f15a004345a741,,
VirusShare_89de02c0c8266ede6a02ff3d2250abfa,89de02c0c8266ede6a02ff3d2250abfa,0,/mnt/datadisk/./datasets/0/VirusShare_89de02c0c8266ede6a02ff3d2250abfa,,
VirusShare_bcb22454fbe767cf284170eb90c19f47,bcb22454fbe767cf284170eb90c19f47,0,/mnt/datadisk/./datasets/0/VirusShare_bcb22454fbe767cf284170eb90c19f47,,
VirusShare_58ced59e63a60386df2e0e6258f17b19,58ced59e63a60386df2e0e6258f17b19,0,/mnt/datadisk/./datasets/0/VirusShare_58ced59e63a60386df2e0e6258f17b19,,
VirusShare_8517cb3c6d7c25dfbdac1779a1119485,8517cb3c6d7c25dfbdac1779a1119485,1,/mnt/datadisk/./datasets/1/VirusShare_8517cb3c6d7c25dfbdac1779a1119485,,
VirusShare_7469e501137a1819e01aaaa84564d6b6,7469e501137a1819e01aaaa84564d6b6,0,/mnt/datadisk/./datasets/0/VirusShare_7469e501137a1819e01aaaa84564d6b6,,
VirusShare_d7d2e88f44bb83eda24da9fe63ac6c36,d7d2e88f44bb83eda24da9fe63ac6c36,1,/mnt/datadisk/./datasets/1/VirusShare_d7d2e88f44bb83eda24da9fe63ac6c36,,
VirusShare_97c48fd5e3dc3ec20cbb55b6f929ad8a,97c48fd5e3dc3ec20cbb55b6f929ad8a,0,/mnt/datadisk/./datasets/0/VirusShare_97c48fd5e3dc3ec20cbb55b6f929ad8a,,
VirusShare_4ac56b4f6fb64c47a17ec531028ff542,4ac56b4f6fb64c47a17ec531028ff542,0,/mnt/datadisk/./datasets/0/VirusShare_4ac56b4f6fb64c47a17ec531028ff542,,
VirusShare_f4dc74a0f0deb5afb28ce2364167dff3,f4dc74a0f0deb5afb28ce2364167dff3,0,/mnt/datadisk/./datasets/0/VirusShare_f4dc74a0f0deb5afb28ce2364167dff3,,
VirusShare_0fcea37a82f9afd8d45abe153d5c1cb9,0fcea37a82f9afd8d45abe153d5c1cb9,0,/mnt/datadisk/./datasets/0/VirusShare_0fcea37a82f9afd8d45abe153d5c1cb9,,
VirusShare_05383874c71d3eb5a151e5c1145a7274,05383874c71d3eb5a151e5c1145a7274,0,/mnt/datadisk/./datasets/0/VirusShare_05383874c71d3eb5a151e5c1145a7274,,
VirusShare_d9cd0a5aebec41957cec4768da17bf58,d9cd0a5aebec41957cec4768da17bf58,0,/mnt/datadisk/./datasets/0/VirusShare_d9cd0a5aebec41957cec4768da17bf58,,
VirusShare_a8f5f9140f18cbbb3dcf6410f2c728b1,a8f5f9140f18cbbb3dcf6410f2c728b1,1,/mnt/datadisk/./datasets/1/VirusShare_a8f5f9140f18cbbb3dcf6410f2c728b1,,
VirusShare_cef9682f5c0eb765d6876b0043ad6b8f,cef9682f5c0eb765d6876b0043ad6b8f,0,/mnt/datadisk/./datasets/0/VirusShare_cef9682f5c0eb765d6876b0043ad6b8f,,
VirusShare_0b7edbd51f6148edf704988e911e2b9e,0b7edbd51f6148edf704988e911e2b9e,0,/mnt/datadisk/./datasets/0/VirusShare_0b7edbd51f6148edf704988e911e2b9e,,
VirusShare_2174014b9b46daa86c9557b65360d634,2174014b9b46daa86c9557b65360d634,1,/mnt/datadisk/./datasets/1/VirusShare_2174014b9b46daa86c9557b65360d634,,
VirusShare_1cd8a33f5f39e8eecb909ecdc4c99f69,1cd8a33f5f39e8eecb909ecdc4c99f69,1,/mnt/datadisk/./datasets/1/VirusShare_1cd8a33f5f39e8eecb909ecdc4c99f69,,
VirusShare_b7a480d936cb2db23c6c09fbf91c0e83,b7a480d936cb2db23c6c09fbf91c0e83,0,/mnt/datadisk/./datasets/0/VirusShare_b7a480d936cb2db23c6c09fbf91c0e83,,
VirusShare_65ccf6f787f52aedbfb3ce1342b82b14,65ccf6f787f52aedbfb3ce1342b82b14,1,/mnt/datadisk/./datasets/1/VirusShare_65ccf6f787f52aedbfb3ce1342b82b14,,
VirusShare_3d7c1e81a72ef80df79c7b76363a35f4,3d7c1e81a72ef80df79c7b76363a35f4,0,/mnt/datadisk/./datasets/0/VirusShare_3d7c1e81a72ef80df79c7b76363a35f4,,
VirusShare_dc7044f273b0a161279ddce8c5dff0a7,dc7044f273b0a161279ddce8c5dff0a7,1,/mnt/datadisk/./datasets/1/VirusShare_dc7044f273b0a161279ddce8c5dff0a7,,
VirusShare_a718b7f663c70acdda46f65f2fceba56,a718b7f663c70acdda46f65f2fceba56,1,/mnt/datadisk/./datasets/1/VirusShare_a718b7f663c70acdda46f65f2fceba56,,
VirusShare_0a3a43c545b504fca1908688bbe661a4,0a3a43c545b504fca1908688bbe661a4,1,/mnt/datadisk/./datasets/1/VirusShare_0a3a43c545b504fca1908688bbe661a4,,
VirusShare_33cea55356017e702c442ce58da6ad72,33cea55356017e702c442ce58da6ad72,1,/mnt/datadisk/./datasets/1/VirusShare_33cea55356017e702c442ce58da6ad72,,
VirusShare_939962c34e821866f5f0659ee3afddfd,939962c34e821866f5f0659ee3afddfd,0,/mnt/datadisk/./datasets/0/VirusShare_939962c34e821866f5f0659ee3afddfd,,
VirusShare_4ef8f2fa98ad099763d48f375abed503,4ef8f2fa98ad099763d48f375abed503,1,/mnt/datadisk/./datasets/1/VirusShare_4ef8f2fa98ad099763d48f375abed503,,
VirusShare_c98f0f85e16352f1eef3ed0cd41b5f34,c98f0f85e16352f1eef3ed0cd41b5f34,0,/mnt/datadisk/./datasets/0/VirusShare_c98f0f85e16352f1eef3ed0cd41b5f34,,
VirusShare_72595a85b26af149529e59295cd4488d,72595a85b26af149529e59295cd4488d,1,/mnt/datadisk/./datasets/1/VirusShare_72595a85b26af149529e59295cd4488d,,
VirusShare_47f99bf853da1f6ab21fe17406604392,47f99bf853da1f6ab21fe17406604392,0,/mnt/datadisk/./datasets/0/VirusShare_47f99bf853da1f6ab21fe17406604392,,
VirusShare_ba0825073de79d94a70f507533d3a962,ba0825073de79d94a70f507533d3a962,1,/mnt/datadisk/./datasets/1/VirusShare_ba0825073de79d94a70f507533d3a962,,
VirusShare_c5b8a1ba94e7b62d7dc25bc8c1d318d5,c5b8a1ba94e7b62d7dc25bc8c1d318d5,1,/mnt/datadisk/./datasets/1/VirusShare_c5b8a1ba94e7b62d7dc25bc8c1d318d5,,
VirusShare_c34fb27b0df76b99e1ad101525ed6171,c34fb27b0df76b99e1ad101525ed6171,0,/mnt/datadisk/./datasets/0/VirusShare_c34fb27b0df76b99e1ad101525ed6171,,
VirusShare_0067326556f9ffa38998657719d5fb26,0067326556f9ffa38998657719d5fb26,0,/mnt/datadisk/./datasets/0/VirusShare_0067326556f9ffa38998657719d5fb26,,
VirusShare_2228c33cd7b78059b502779d475472b1,2228c33cd7b78059b502779d475472b1,1,/mnt/datadisk/./datasets/1/VirusShare_2228c33cd7b78059b502779d475472b1,,
VirusShare_929954f12752db2cd228d2dd097dee38,929954f12752db2cd228d2dd097dee38,1,/mnt/datadisk/./datasets/1/VirusShare_929954f12752db2cd228d2dd097dee38,,
VirusShare_c1a13ecb533f5f43b9f6f39c22e597a6,c1a13ecb533f5f43b9f6f39c22e597a6,1,/mnt/datadisk/./datasets/1/VirusShare_c1a13ecb533f5f43b9f6f39c22e597a6,,
VirusShare_cbf8d3ca939ab057b645e60cb138a9b7,cbf8d3ca939ab057b645e60cb138a9b7,0,/mnt/datadisk/./datasets/0/VirusShare_cbf8d3ca939ab057b645e60cb138a9b7,,
VirusShare_eaeba77d54354ffbfbe9396eb0876eb4,eaeba77d54354ffbfbe9396eb0876eb4,0,/mnt/datadisk/./datasets/0/VirusShare_eaeba77d54354ffbfbe9396eb0876eb4,,
VirusShare_a7f490cfe033cb22a3fa979b5c68921c,a7f490cfe033cb22a3fa979b5c68921c,0,/mnt/datadisk/./datasets/0/VirusShare_a7f490cfe033cb22a3fa979b5c68921c,,
VirusShare_8265e2cb1c7f2a0917e098d7c9c8d452,8265e2cb1c7f2a0917e098d7c9c8d452,1,/mnt/datadisk/./datasets/1/VirusShare_8265e2cb1c7f2a0917e098d7c9c8d452,,
VirusShare_d7cdee2ee4b4abf3b0ef7280b326cdd2,d7cdee2ee4b4abf3b0ef7280b326cdd2,0,/mnt/datadisk/./datasets/0/VirusShare_d7cdee2ee4b4abf3b0ef7280b326cdd2,,
VirusShare_c843b938929512bc6e3d5af40dd21ebe,c843b938929512bc6e3d5af40dd21ebe,0,/mnt/datadisk/./datasets/0/VirusShare_c843b938929512bc6e3d5af40dd21ebe,,
VirusShare_d53de47076860e0f9a4bc14b9d2fed9a,d53de47076860e0f9a4bc14b9d2fed9a,1,/mnt/datadisk/./datasets/1/VirusShare_d53de47076860e0f9a4bc14b9d2fed9a,,
VirusShare_a1fe0ac2c9f974cfe19563b24a06bee7,a1fe0ac2c9f974cfe19563b24a06bee7,0,/mnt/datadisk/./datasets/0/VirusShare_a1fe0ac2c9f974cfe19563b24a06bee7,,
VirusShare_f54094bd7d75588ed7800df383e5423b,f54094bd7d75588ed7800df383e5423b,0,/mnt/datadisk/./datasets/0/VirusShare_f54094bd7d75588ed7800df383e5423b,,
VirusShare_e2fa2adc9733b3604488cb843f0a3835,e2fa2adc9733b3604488cb843f0a3835,0,/mnt/datadisk/./datasets/0/VirusShare_e2fa2adc9733b3604488cb843f0a3835,,
VirusShare_40e23bb233b3b31645c0c735b923fab3,40e23bb233b3b31645c0c735b923fab3,0,/mnt/datadisk/./datasets/0/VirusShare_40e23bb233b3b31645c0c735b923fab3,,
VirusShare_321568e87be6d873259943921e9b1440,321568e87be6d873259943921e9b1440,1,/mnt/datadisk/./datasets/1/VirusShare_321568e87be6d873259943921e9b1440,,
VirusShare_04d18e97e06e2280ee3ed42a3a5651bf,04d18e97e06e2280ee3ed42a3a5651bf,0,/mnt/datadisk/./datasets/0/VirusShare_04d18e97e06e2280ee3ed42a3a5651bf,,
VirusShare_3d235ec73a59048934de5d70785a4a2a,3d235ec73a59048934de5d70785a4a2a,1,/mnt/datadisk/./datasets/1/VirusShare_3d235ec73a59048934de5d70785a4a2a,,
VirusShare_6457bc180670201185c5f6410579209b,6457bc180670201185c5f6410579209b,0,/mnt/datadisk/./datasets/0/VirusShare_6457bc180670201185c5f6410579209b,,
VirusShare_e3f3a412a809efef58b0e517bd8c75ca,e3f3a412a809efef58b0e517bd8c75ca,0,/mnt/datadisk/./datasets/0/VirusShare_e3f3a412a809efef58b0e517bd8c75ca,,
VirusShare_a87c3a00c39ed5aa4caa20b15aeb07c4,a87c3a00c39ed5aa4caa20b15aeb07c4,0,/mnt/datadisk/./datasets/0/VirusShare_a87c3a00c39ed5aa4caa20b15aeb07c4,,
VirusShare_db56df706e91ef21842df4421ce73da0,db56df706e91ef21842df4421ce73da0,1,/mnt/datadisk/./datasets/1/VirusShare_db56df706e91ef21842df4421ce73da0,,
VirusShare_01163a062a726ec28d33d8d135d736d6,01163a062a726ec28d33d8d135d736d6,0,/mnt/datadisk/./datasets/0/VirusShare_01163a062a726ec28d33d8d135d736d6,,
VirusShare_a6cac081da76ae411e47a2be36e97366,a6cac081da76ae411e47a2be36e97366,0,/mnt/datadisk/./datasets/0/VirusShare_a6cac081da76ae411e47a2be36e97366,,
VirusShare_87b5cf9853b48d405292facce3fc4da0,87b5cf9853b48d405292facce3fc4da0,1,/mnt/datadisk/./datasets/1/VirusShare_87b5cf9853b48d405292facce3fc4da0,,
VirusShare_cee6b666fb44b846ce61fe0ab039e5e5,cee6b666fb44b846ce61fe0ab039e5e5,1,/mnt/datadisk/./datasets/1/VirusShare_cee6b666fb44b846ce61fe0ab039e5e5,,
VirusShare_cab6676b1cca978f808c587ec2549644,cab6676b1cca978f808c587ec2549644,0,/mnt/datadisk/./datasets/0/VirusShare_cab6676b1cca978f808c587ec2549644,,
VirusShare_98eb889a33ad246995895242555adb8e,98eb889a33ad246995895242555adb8e,0,/mnt/datadisk/./datasets/0/VirusShare_98eb889a33ad246995895242555adb8e,,
VirusShare_b03d8bdda2030253244e5365717e0e66,b03d8bdda2030253244e5365717e0e66,0,/mnt/datadisk/./datasets/0/VirusShare_b03d8bdda2030253244e5365717e0e66,,
VirusShare_dd7387ea334a4a2a68fe0ae6fd8dd3d4,dd7387ea334a4a2a68fe0ae6fd8dd3d4,1,/mnt/datadisk/./datasets/1/VirusShare_dd7387ea334a4a2a68fe0ae6fd8dd3d4,,
VirusShare_576f33c2c49049deb792d0fa06fa5e9c,576f33c2c49049deb792d0fa06fa5e9c,0,/mnt/datadisk/./datasets/0/VirusShare_576f33c2c49049deb792d0fa06fa5e9c,,
VirusShare_5bb68b7c6d973d32a07666e070ea7ba1,5bb68b7c6d973d32a07666e070ea7ba1,0,/mnt/datadisk/./datasets/0/VirusShare_5bb68b7c6d973d32a07666e070ea7ba1,,
VirusShare_94caa9202892f70f39fc3b38126c6185,94caa9202892f70f39fc3b38126c6185,0,/mnt/datadisk/./datasets/0/VirusShare_94caa9202892f70f39fc3b38126c6185,,
VirusShare_af6a152f73fd1f7f84f049290f65c1f4,af6a152f73fd1f7f84f049290f65c1f4,1,/mnt/datadisk/./datasets/1/VirusShare_af6a152f73fd1f7f84f049290f65c1f4,,
VirusShare_793e6e3fcead4d3548aa884c2863ea50,793e6e3fcead4d3548aa884c2863ea50,0,/mnt/datadisk/./datasets/0/VirusShare_793e6e3fcead4d3548aa884c2863ea50,,
VirusShare_63728455a3a65f65eea69004c9ac174b,63728455a3a65f65eea69004c9ac174b,1,/mnt/datadisk/./datasets/1/VirusShare_63728455a3a65f65eea69004c9ac174b,,
VirusShare_de46050bb18245ae0591d5814de5e847,de46050bb18245ae0591d5814de5e847,0,/mnt/datadisk/./datasets/0/VirusShare_de46050bb18245ae0591d5814de5e847,,
VirusShare_bdfec9453026b28af0db72d7ad630792,bdfec9453026b28af0db72d7ad630792,1,/mnt/datadisk/./datasets/1/VirusShare_bdfec9453026b28af0db72d7ad630792,,
VirusShare_2f27722decd0d9219050b90016339c43,2f27722decd0d9219050b90016339c43,0,/mnt/datadisk/./datasets/0/VirusShare_2f27722decd0d9219050b90016339c43,,
VirusShare_2cef208d03ae2f434c85229428c66724,2cef208d03ae2f434c85229428c66724,1,/mnt/datadisk/./datasets/1/VirusShare_2cef208d03ae2f434c85229428c66724,,
VirusShare_aedd5668a64100bcadb414e9d7674abc,aedd5668a64100bcadb414e9d7674abc,0,/mnt/datadisk/./datasets/0/VirusShare_aedd5668a64100bcadb414e9d7674abc,,
VirusShare_601910b756f3b11ca957f36483ba2b5e,601910b756f3b11ca957f36483ba2b5e,0,/mnt/datadisk/./datasets/0/VirusShare_601910b756f3b11ca957f36483ba2b5e,,
VirusShare_bf9775471c4ac7edc9d0eb6ee76752e2,bf9775471c4ac7edc9d0eb6ee76752e2,0,/mnt/datadisk/./datasets/0/VirusShare_bf9775471c4ac7edc9d0eb6ee76752e2,,
VirusShare_68bd30acb99de39342038d45503c8234,68bd30acb99de39342038d45503c8234,0,/mnt/datadisk/./datasets/0/VirusShare_68bd30acb99de39342038d45503c8234,,
VirusShare_659a67c0650fe5558a7b018af4daa9a6,659a67c0650fe5558a7b018af4daa9a6,0,/mnt/datadisk/./datasets/0/VirusShare_659a67c0650fe5558a7b018af4daa9a6,,
VirusShare_d2975b772607416e9d071e204d056ef6,d2975b772607416e9d071e204d056ef6,0,/mnt/datadisk/./datasets/0/VirusShare_d2975b772607416e9d071e204d056ef6,,
VirusShare_7788c22cdecbc74d150427159607bc8e,7788c22cdecbc74d150427159607bc8e,0,/mnt/datadisk/./datasets/0/VirusShare_7788c22cdecbc74d150427159607bc8e,,
VirusShare_74ec501d9a7139f93d33aa4046ceb2ee,74ec501d9a7139f93d33aa4046ceb2ee,0,/mnt/datadisk/./datasets/0/VirusShare_74ec501d9a7139f93d33aa4046ceb2ee,,
VirusShare_a1b2fc45ab38f0baca06b041923452a7,a1b2fc45ab38f0baca06b041923452a7,0,/mnt/datadisk/./datasets/0/VirusShare_a1b2fc45ab38f0baca06b041923452a7,,
VirusShare_ec2e55e29b1b4aaf588c4fa6f6b62300,ec2e55e29b1b4aaf588c4fa6f6b62300,1,/mnt/datadisk/./datasets/1/VirusShare_ec2e55e29b1b4aaf588c4fa6f6b62300,,
VirusShare_27a964e8d28107ff16041ef930041311,27a964e8d28107ff16041ef930041311,0,/mnt/datadisk/./datasets/0/VirusShare_27a964e8d28107ff16041ef930041311,,
VirusShare_0bed5952ec48b4ca7d266d6b51c643bd,0bed5952ec48b4ca7d266d6b51c643bd,1,/mnt/datadisk/./datasets/1/VirusShare_0bed5952ec48b4ca7d266d6b51c643bd,,
VirusShare_e70ec52713cda55fa94c5bca844abeab,e70ec52713cda55fa94c5bca844abeab,1,/mnt/datadisk/./datasets/1/VirusShare_e70ec52713cda55fa94c5bca844abeab,,
VirusShare_c28b870195526e35c05a912525302151,c28b870195526e35c05a912525302151,0,/mnt/datadisk/./datasets/0/VirusShare_c28b870195526e35c05a912525302151,,
VirusShare_2631721ddfaaaf4a6d1e6c14d2ae2f43,2631721ddfaaaf4a6d1e6c14d2ae2f43,1,/mnt/datadisk/./datasets/1/VirusShare_2631721ddfaaaf4a6d1e6c14d2ae2f43,,
VirusShare_c14bec8cd272e8126fae86aff4833ceb,c14bec8cd272e8126fae86aff4833ceb,0,/mnt/datadisk/./datasets/0/VirusShare_c14bec8cd272e8126fae86aff4833ceb,,
VirusShare_9f82eef715f73ac43cda2d2be75cc1b2,9f82eef715f73ac43cda2d2be75cc1b2,1,/mnt/datadisk/./datasets/1/VirusShare_9f82eef715f73ac43cda2d2be75cc1b2,,
VirusShare_f3f9d20c1727bea325f45f9fbb73079a,f3f9d20c1727bea325f45f9fbb73079a,0,/mnt/datadisk/./datasets/0/VirusShare_f3f9d20c1727bea325f45f9fbb73079a,,
VirusShare_b075399e00cc84272331fe61c7853310,b075399e00cc84272331fe61c7853310,0,/mnt/datadisk/./datasets/0/VirusShare_b075399e00cc84272331fe61c7853310,,
VirusShare_527cc4d93cc2ccf21c53cec0d5e66a90,527cc4d93cc2ccf21c53cec0d5e66a90,0,/mnt/datadisk/./datasets/0/VirusShare_527cc4d93cc2ccf21c53cec0d5e66a90,,
VirusShare_50941e4a6f6129d5ee4efb21c8b1b3d6,50941e4a6f6129d5ee4efb21c8b1b3d6,1,/mnt/datadisk/./datasets/1/VirusShare_50941e4a6f6129d5ee4efb21c8b1b3d6,,
VirusShare_6a67ce2ec0835a820e52a3bb875a286f,6a67ce2ec0835a820e52a3bb875a286f,0,/mnt/datadisk/./datasets/0/VirusShare_6a67ce2ec0835a820e52a3bb875a286f,,
VirusShare_37eb02adad5ff8e5ca288558cf915f75,37eb02adad5ff8e5ca288558cf915f75,0,/mnt/datadisk/./datasets/0/VirusShare_37eb02adad5ff8e5ca288558cf915f75,,
VirusShare_cb828f233d71b355c50f6aa6cdf7a70f,cb828f233d71b355c50f6aa6cdf7a70f,0,/mnt/datadisk/./datasets/0/VirusShare_cb828f233d71b355c50f6aa6cdf7a70f,,
VirusShare_93a64681a9d44fa02841c55dee88594c,93a64681a9d44fa02841c55dee88594c,1,/mnt/datadisk/./datasets/1/VirusShare_93a64681a9d44fa02841c55dee88594c,,
VirusShare_ad4c626434074a1eb4e2f0a7b735f0e3,ad4c626434074a1eb4e2f0a7b735f0e3,1,/mnt/datadisk/./datasets/1/VirusShare_ad4c626434074a1eb4e2f0a7b735f0e3,,
VirusShare_399e6201f69335c5f6dcb878c393018c,399e6201f69335c5f6dcb878c393018c,1,/mnt/datadisk/./datasets/1/VirusShare_399e6201f69335c5f6dcb878c393018c,,
VirusShare_7415211753e06a6b22b82ed2ad50cec0,7415211753e06a6b22b82ed2ad50cec0,0,/mnt/datadisk/./datasets/0/VirusShare_7415211753e06a6b22b82ed2ad50cec0,,
VirusShare_01372081f4d15c56b17500625b4876fe,01372081f4d15c56b17500625b4876fe,0,/mnt/datadisk/./datasets/0/VirusShare_01372081f4d15c56b17500625b4876fe,,
VirusShare_0db2fa36ad0c3b144c74a0994e74ea17,0db2fa36ad0c3b144c74a0994e74ea17,0,/mnt/datadisk/./datasets/0/VirusShare_0db2fa36ad0c3b144c74a0994e74ea17,,
VirusShare_3e0f6b635e406b13b6146554642a0d7c,3e0f6b635e406b13b6146554642a0d7c,0,/mnt/datadisk/./datasets/0/VirusShare_3e0f6b635e406b13b6146554642a0d7c,,
VirusShare_3fcce8b9e2b2659fa46aaaa5e007082d,3fcce8b9e2b2659fa46aaaa5e007082d,1,/mnt/datadisk/./datasets/1/VirusShare_3fcce8b9e2b2659fa46aaaa5e007082d,,
VirusShare_bd15747a1186741995f6e96e5e376c0b,bd15747a1186741995f6e96e5e376c0b,0,/mnt/datadisk/./datasets/0/VirusShare_bd15747a1186741995f6e96e5e376c0b,,
VirusShare_e5da1fe6fe1dc3770dfceca2988903a0,e5da1fe6fe1dc3770dfceca2988903a0,0,/mnt/datadisk/./datasets/0/VirusShare_e5da1fe6fe1dc3770dfceca2988903a0,,
VirusShare_a23af4d5a0c2b60dbfbfd72eba784d52,a23af4d5a0c2b60dbfbfd72eba784d52,0,/mnt/datadisk/./datasets/0/VirusShare_a23af4d5a0c2b60dbfbfd72eba784d52,,
VirusShare_f0b68ddc0bef98205b22b8bccec05436,f0b68ddc0bef98205b22b8bccec05436,1,/mnt/datadisk/./datasets/1/VirusShare_f0b68ddc0bef98205b22b8bccec05436,,
VirusShare_ffaef0d9aed6d9f15e1e642f84f5c99f,ffaef0d9aed6d9f15e1e642f84f5c99f,0,/mnt/datadisk/./datasets/0/VirusShare_ffaef0d9aed6d9f15e1e642f84f5c99f,,
VirusShare_d944d6e776ae07366470c667c9f24cd6,d944d6e776ae07366470c667c9f24cd6,0,/mnt/datadisk/./datasets/0/VirusShare_d944d6e776ae07366470c667c9f24cd6,,
VirusShare_dedbedb38fa12fd46a1d15c72113b7c1,dedbedb38fa12fd46a1d15c72113b7c1,1,/mnt/datadisk/./datasets/1/VirusShare_dedbedb38fa12fd46a1d15c72113b7c1,,
VirusShare_766005454f7149bdc49c0278c587e1d3,766005454f7149bdc49c0278c587e1d3,0,/mnt/datadisk/./datasets/0/VirusShare_766005454f7149bdc49c0278c587e1d3,,
VirusShare_3f49771172c3225d687bf1db9f98614e,3f49771172c3225d687bf1db9f98614e,0,/mnt/datadisk/./datasets/0/VirusShare_3f49771172c3225d687bf1db9f98614e,,
VirusShare_199148e16c8981f818f518b3b7347945,199148e16c8981f818f518b3b7347945,0,/mnt/datadisk/./datasets/0/VirusShare_199148e16c8981f818f518b3b7347945,,
VirusShare_8e4b34ed97ad7b61a2eef9f7d58780b4,8e4b34ed97ad7b61a2eef9f7d58780b4,0,/mnt/datadisk/./datasets/0/VirusShare_8e4b34ed97ad7b61a2eef9f7d58780b4,,
VirusShare_78952c70326fa63185ad80ad01da253d,78952c70326fa63185ad80ad01da253d,0,/mnt/datadisk/./datasets/0/VirusShare_78952c70326fa63185ad80ad01da253d,,
VirusShare_a8fa79bc0942b875991e894770da08b2,a8fa79bc0942b875991e894770da08b2,0,/mnt/datadisk/./datasets/0/VirusShare_a8fa79bc0942b875991e894770da08b2,,
VirusShare_7ae73be01b7298cb600acd155df5a234,7ae73be01b7298cb600acd155df5a234,0,/mnt/datadisk/./datasets/0/VirusShare_7ae73be01b7298cb600acd155df5a234,,
VirusShare_d720f492f25712f55a3df4927fb53056,d720f492f25712f55a3df4927fb53056,0,/mnt/datadisk/./datasets/0/VirusShare_d720f492f25712f55a3df4927fb53056,,
VirusShare_ebcb00aaa3ffa6fd108769bff7e5dbea,ebcb00aaa3ffa6fd108769bff7e5dbea,0,/mnt/datadisk/./datasets/0/VirusShare_ebcb00aaa3ffa6fd108769bff7e5dbea,,
VirusShare_ea2cd4f297bc4f48c4de44defac93583,ea2cd4f297bc4f48c4de44defac93583,1,/mnt/datadisk/./datasets/1/VirusShare_ea2cd4f297bc4f48c4de44defac93583,,
VirusShare_494b2049e1391a20bc666d0892e67bbd,494b2049e1391a20bc666d0892e67bbd,0,/mnt/datadisk/./datasets/0/VirusShare_494b2049e1391a20bc666d0892e67bbd,,
VirusShare_fafae99d00562e0fb0c68f917a68f474,fafae99d00562e0fb0c68f917a68f474,0,/mnt/datadisk/./datasets/0/VirusShare_fafae99d00562e0fb0c68f917a68f474,,
VirusShare_f3b3dc27e2aa45d66ac7dce0eeb791eb,f3b3dc27e2aa45d66ac7dce0eeb791eb,1,/mnt/datadisk/./datasets/1/VirusShare_f3b3dc27e2aa45d66ac7dce0eeb791eb,,
VirusShare_19294ce83d0d03cdbd71b56142f6d1b1,19294ce83d0d03cdbd71b56142f6d1b1,1,/mnt/datadisk/./datasets/1/VirusShare_19294ce83d0d03cdbd71b56142f6d1b1,,
VirusShare_6cb2093ff330ed7f16519d46706c60a9,6cb2093ff330ed7f16519d46706c60a9,0,/mnt/datadisk/./datasets/0/VirusShare_6cb2093ff330ed7f16519d46706c60a9,,
VirusShare_3adbfbbd1c09615c82a79db56da48ec0,3adbfbbd1c09615c82a79db56da48ec0,0,/mnt/datadisk/./datasets/0/VirusShare_3adbfbbd1c09615c82a79db56da48ec0,,
VirusShare_513b28f06442fdcca470b1b44d18cc0d,513b28f06442fdcca470b1b44d18cc0d,0,/mnt/datadisk/./datasets/0/VirusShare_513b28f06442fdcca470b1b44d18cc0d,,
VirusShare_01a1f1b2bb73e6d28f2ff9564fae406a,01a1f1b2bb73e6d28f2ff9564fae406a,0,/mnt/datadisk/./datasets/0/VirusShare_01a1f1b2bb73e6d28f2ff9564fae406a,,
VirusShare_ab6886d5ba817cae23b348db8098d1e1,ab6886d5ba817cae23b348db8098d1e1,0,/mnt/datadisk/./datasets/0/VirusShare_ab6886d5ba817cae23b348db8098d1e1,,
VirusShare_8c7f03aec42e0af336c8135879fb75b5,8c7f03aec42e0af336c8135879fb75b5,1,/mnt/datadisk/./datasets/1/VirusShare_8c7f03aec42e0af336c8135879fb75b5,,
VirusShare_45323022c734585feca8744a6ea87d91,45323022c734585feca8744a6ea87d91,0,/mnt/datadisk/./datasets/0/VirusShare_45323022c734585feca8744a6ea87d91,,
VirusShare_2d6eb7b87e5c4c0d205b2b1327c4e5fd,2d6eb7b87e5c4c0d205b2b1327c4e5fd,0,/mnt/datadisk/./datasets/0/VirusShare_2d6eb7b87e5c4c0d205b2b1327c4e5fd,,
VirusShare_ce6185fc48c6768286215a6456adb94a,ce6185fc48c6768286215a6456adb94a,1,/mnt/datadisk/./datasets/1/VirusShare_ce6185fc48c6768286215a6456adb94a,,
VirusShare_10a9016e9014ff33374bf8b0a673e109,10a9016e9014ff33374bf8b0a673e109,0,/mnt/datadisk/./datasets/0/VirusShare_10a9016e9014ff33374bf8b0a673e109,,
VirusShare_1d8704234556dc5fbc94fafc8c230bc2,1d8704234556dc5fbc94fafc8c230bc2,0,/mnt/datadisk/./datasets/0/VirusShare_1d8704234556dc5fbc94fafc8c230bc2,,
VirusShare_338fa49453b35948be7245ae946cdb3c,338fa49453b35948be7245ae946cdb3c,1,/mnt/datadisk/./datasets/1/VirusShare_338fa49453b35948be7245ae946cdb3c,,
VirusShare_5bf2a0e6d7416b1c2fddc172ed27f700,5bf2a0e6d7416b1c2fddc172ed27f700,1,/mnt/datadisk/./datasets/1/VirusShare_5bf2a0e6d7416b1c2fddc172ed27f700,,
VirusShare_aa811cd14b34cc0d86623e85e3242958,aa811cd14b34cc0d86623e85e3242958,0,/mnt/datadisk/./datasets/0/VirusShare_aa811cd14b34cc0d86623e85e3242958,,
VirusShare_dd3ecf89422d54b9a06674bb1a508daf,dd3ecf89422d54b9a06674bb1a508daf,0,/mnt/datadisk/./datasets/0/VirusShare_dd3ecf89422d54b9a06674bb1a508daf,,
VirusShare_456168fe09bf6f3da9c3d5252da7a151,456168fe09bf6f3da9c3d5252da7a151,0,/mnt/datadisk/./datasets/0/VirusShare_456168fe09bf6f3da9c3d5252da7a151,,
VirusShare_f2e0213f317ae638960c650d9731745c,f2e0213f317ae638960c650d9731745c,0,/mnt/datadisk/./datasets/0/VirusShare_f2e0213f317ae638960c650d9731745c,,
VirusShare_e762e8e1019cc1455666142430ea9003,e762e8e1019cc1455666142430ea9003,0,/mnt/datadisk/./datasets/0/VirusShare_e762e8e1019cc1455666142430ea9003,,
VirusShare_006bf1cbad376957214330f8019eda78,006bf1cbad376957214330f8019eda78,0,/mnt/datadisk/./datasets/0/VirusShare_006bf1cbad376957214330f8019eda78,,
VirusShare_fd18b11a21218bccd14474cc94fc90b6,fd18b11a21218bccd14474cc94fc90b6,0,/mnt/datadisk/./datasets/0/VirusShare_fd18b11a21218bccd14474cc94fc90b6,,
VirusShare_b5e52872a84e29e5eb25b7bee52035da,b5e52872a84e29e5eb25b7bee52035da,0,/mnt/datadisk/./datasets/0/VirusShare_b5e52872a84e29e5eb25b7bee52035da,,
VirusShare_d47c00ae5e99347bbac2126aa8111f22,d47c00ae5e99347bbac2126aa8111f22,0,/mnt/datadisk/./datasets/0/VirusShare_d47c00ae5e99347bbac2126aa8111f22,,
VirusShare_c7cb10bcd5d3afb193863fd403b0a9e4,c7cb10bcd5d3afb193863fd403b0a9e4,0,/mnt/datadisk/./datasets/0/VirusShare_c7cb10bcd5d3afb193863fd403b0a9e4,,
VirusShare_ef6893aeb2ceecd0631d5aaa127e1b5f,ef6893aeb2ceecd0631d5aaa127e1b5f,0,/mnt/datadisk/./datasets/0/VirusShare_ef6893aeb2ceecd0631d5aaa127e1b5f,,
VirusShare_e6726615250b6402990606cb9c2209b5,e6726615250b6402990606cb9c2209b5,0,/mnt/datadisk/./datasets/0/VirusShare_e6726615250b6402990606cb9c2209b5,,
VirusShare_3da1b1c0d5fc9cec058e7c74013b4fcc,3da1b1c0d5fc9cec058e7c74013b4fcc,1,/mnt/datadisk/./datasets/1/VirusShare_3da1b1c0d5fc9cec058e7c74013b4fcc,,
VirusShare_d257108a969f1183b34cdadf9c5bfad1,d257108a969f1183b34cdadf9c5bfad1,0,/mnt/datadisk/./datasets/0/VirusShare_d257108a969f1183b34cdadf9c5bfad1,,
VirusShare_fce837623f5184a71022ae71638c84f7,fce837623f5184a71022ae71638c84f7,0,/mnt/datadisk/./datasets/0/VirusShare_fce837623f5184a71022ae71638c84f7,,
VirusShare_81512f1bb1e36f306790ac84c2e7eb25,81512f1bb1e36f306790ac84c2e7eb25,0,/mnt/datadisk/./datasets/0/VirusShare_81512f1bb1e36f306790ac84c2e7eb25,,
VirusShare_1a41d468539d2b67ecfd5092cd1dca6f,1a41d468539d2b67ecfd5092cd1dca6f,0,/mnt/datadisk/./datasets/0/VirusShare_1a41d468539d2b67ecfd5092cd1dca6f,,
VirusShare_0e28231bbef4d48ca0feb3e93ff8bbe0,0e28231bbef4d48ca0feb3e93ff8bbe0,1,/mnt/datadisk/./datasets/1/VirusShare_0e28231bbef4d48ca0feb3e93ff8bbe0,,
VirusShare_5f36aaf4ce578c64ce962ca1591bb2c1,5f36aaf4ce578c64ce962ca1591bb2c1,0,/mnt/datadisk/./datasets/0/VirusShare_5f36aaf4ce578c64ce962ca1591bb2c1,,
VirusShare_5b15313b0e0f834938bd8b89911b1a0d,5b15313b0e0f834938bd8b89911b1a0d,0,/mnt/datadisk/./datasets/0/VirusShare_5b15313b0e0f834938bd8b89911b1a0d,,
VirusShare_8252086b22d6a93e827fed9f7f97b45c,8252086b22d6a93e827fed9f7f97b45c,1,/mnt/datadisk/./datasets/1/VirusShare_8252086b22d6a93e827fed9f7f97b45c,,
VirusShare_5916e7113cb55606867fca737af15eff,5916e7113cb55606867fca737af15eff,0,/mnt/datadisk/./datasets/0/VirusShare_5916e7113cb55606867fca737af15eff,,
VirusShare_c77969921764299cf7ccc79db022e8ec,c77969921764299cf7ccc79db022e8ec,0,/mnt/datadisk/./datasets/0/VirusShare_c77969921764299cf7ccc79db022e8ec,,
VirusShare_11e25596e457fff9eb54dbd595b0bc6f,11e25596e457fff9eb54dbd595b0bc6f,1,/mnt/datadisk/./datasets/1/VirusShare_11e25596e457fff9eb54dbd595b0bc6f,,
VirusShare_f9cd9504a35ed02093ca5e89a56969a7,f9cd9504a35ed02093ca5e89a56969a7,1,/mnt/datadisk/./datasets/1/VirusShare_f9cd9504a35ed02093ca5e89a56969a7,,
VirusShare_9275cda493d7f7219421813d216322a6,9275cda493d7f7219421813d216322a6,0,/mnt/datadisk/./datasets/0/VirusShare_9275cda493d7f7219421813d216322a6,,
VirusShare_34ec028b9df733fa80f8b94f1d5b0240,34ec028b9df733fa80f8b94f1d5b0240,0,/mnt/datadisk/./datasets/0/VirusShare_34ec028b9df733fa80f8b94f1d5b0240,,
VirusShare_489584e5f037662c2bd5c8a3ed91760c,489584e5f037662c2bd5c8a3ed91760c,0,/mnt/datadisk/./datasets/0/VirusShare_489584e5f037662c2bd5c8a3ed91760c,,
VirusShare_20fe0ac4418e18cc53763fc7f85c43d4,20fe0ac4418e18cc53763fc7f85c43d4,0,/mnt/datadisk/./datasets/0/VirusShare_20fe0ac4418e18cc53763fc7f85c43d4,,
VirusShare_ab2cf1b9879333c6a27b1482508cdca3,ab2cf1b9879333c6a27b1482508cdca3,0,/mnt/datadisk/./datasets/0/VirusShare_ab2cf1b9879333c6a27b1482508cdca3,,
VirusShare_612573b52e295ad8712af2a901d7f43c,612573b52e295ad8712af2a901d7f43c,0,/mnt/datadisk/./datasets/0/VirusShare_612573b52e295ad8712af2a901d7f43c,,
VirusShare_97fcc9a8e35600680da1d975dc32f9ec,97fcc9a8e35600680da1d975dc32f9ec,0,/mnt/datadisk/./datasets/0/VirusShare_97fcc9a8e35600680da1d975dc32f9ec,,
VirusShare_e989af5f527a2599ae7e95fe9f059a6c,e989af5f527a2599ae7e95fe9f059a6c,0,/mnt/datadisk/./datasets/0/VirusShare_e989af5f527a2599ae7e95fe9f059a6c,,
VirusShare_e72ca79e652740a19a1ce8ee70a3b954,e72ca79e652740a19a1ce8ee70a3b954,0,/mnt/datadisk/./datasets/0/VirusShare_e72ca79e652740a19a1ce8ee70a3b954,,
VirusShare_d320c32fcd73c21aa21672fd346f56e0,d320c32fcd73c21aa21672fd346f56e0,0,/mnt/datadisk/./datasets/0/VirusShare_d320c32fcd73c21aa21672fd346f56e0,,
VirusShare_2af7552c80aede55741b23190c753ca9,2af7552c80aede55741b23190c753ca9,1,/mnt/datadisk/./datasets/1/VirusShare_2af7552c80aede55741b23190c753ca9,,
VirusShare_f19ab169c2be141e7e28317a275aa944,f19ab169c2be141e7e28317a275aa944,0,/mnt/datadisk/./datasets/0/VirusShare_f19ab169c2be141e7e28317a275aa944,,
VirusShare_d8105581df1372d46164bf7172678ea5,d8105581df1372d46164bf7172678ea5,0,/mnt/datadisk/./datasets/0/VirusShare_d8105581df1372d46164bf7172678ea5,,
VirusShare_1137b225fcd8dd7409858d64ccf97fbf,1137b225fcd8dd7409858d64ccf97fbf,0,/mnt/datadisk/./datasets/0/VirusShare_1137b225fcd8dd7409858d64ccf97fbf,,
VirusShare_c4d74c330a1b3164b1ea4ed54f3e49a3,c4d74c330a1b3164b1ea4ed54f3e49a3,0,/mnt/datadisk/./datasets/0/VirusShare_c4d74c330a1b3164b1ea4ed54f3e49a3,,
VirusShare_40c093209eee171bad79a025cbe83c28,40c093209eee171bad79a025cbe83c28,1,/mnt/datadisk/./datasets/1/VirusShare_40c093209eee171bad79a025cbe83c28,,
VirusShare_88ad5d62543903fb15a8c99605cd6e25,88ad5d62543903fb15a8c99605cd6e25,1,/mnt/datadisk/./datasets/1/VirusShare_88ad5d62543903fb15a8c99605cd6e25,,
VirusShare_590741c0b56fb36b8605391a9364670c,590741c0b56fb36b8605391a9364670c,0,/mnt/datadisk/./datasets/0/VirusShare_590741c0b56fb36b8605391a9364670c,,
VirusShare_4b3ddbc423e7cde91261bafa96a82adc,4b3ddbc423e7cde91261bafa96a82adc,1,/mnt/datadisk/./datasets/1/VirusShare_4b3ddbc423e7cde91261bafa96a82adc,,
VirusShare_c4e3646c176d8c816ce23ca30c287a57,c4e3646c176d8c816ce23ca30c287a57,0,/mnt/datadisk/./datasets/0/VirusShare_c4e3646c176d8c816ce23ca30c287a57,,
VirusShare_5ade194020c95036b45acfbcd51cd599,5ade194020c95036b45acfbcd51cd599,0,/mnt/datadisk/./datasets/0/VirusShare_5ade194020c95036b45acfbcd51cd599,,
VirusShare_933d5a41f7928ad396ad216c07214e45,933d5a41f7928ad396ad216c07214e45,0,/mnt/datadisk/./datasets/0/VirusShare_933d5a41f7928ad396ad216c07214e45,,
VirusShare_df619542f6df449d949f91b6f85665f6,df619542f6df449d949f91b6f85665f6,0,/mnt/datadisk/./datasets/0/VirusShare_df619542f6df449d949f91b6f85665f6,,
VirusShare_5b0285500c82361ae169e28a9c3c235f,5b0285500c82361ae169e28a9c3c235f,1,/mnt/datadisk/./datasets/1/VirusShare_5b0285500c82361ae169e28a9c3c235f,,
VirusShare_8eff036d96207322029f9964fabfc87f,8eff036d96207322029f9964fabfc87f,1,/mnt/datadisk/./datasets/1/VirusShare_8eff036d96207322029f9964fabfc87f,,
VirusShare_a801c8cab460714404de8446d9d7375b,a801c8cab460714404de8446d9d7375b,0,/mnt/datadisk/./datasets/0/VirusShare_a801c8cab460714404de8446d9d7375b,,
VirusShare_8e24ab73a19bd782136f76bf3ed786cd,8e24ab73a19bd782136f76bf3ed786cd,0,/mnt/datadisk/./datasets/0/VirusShare_8e24ab73a19bd782136f76bf3ed786cd,,
VirusShare_1fc4dabeaeac6daa137343567a14799a,1fc4dabeaeac6daa137343567a14799a,1,/mnt/datadisk/./datasets/1/VirusShare_1fc4dabeaeac6daa137343567a14799a,,
VirusShare_ba5b0d316bf3244dd6c532cdfb10ce0b,ba5b0d316bf3244dd6c532cdfb10ce0b,0,/mnt/datadisk/./datasets/0/VirusShare_ba5b0d316bf3244dd6c532cdfb10ce0b,,
VirusShare_ede69250b557c3f3faa7b8d252f8b615,ede69250b557c3f3faa7b8d252f8b615,0,/mnt/datadisk/./datasets/0/VirusShare_ede69250b557c3f3faa7b8d252f8b615,,
VirusShare_e959a1a2f39336ac21440ede910b3cc1,e959a1a2f39336ac21440ede910b3cc1,0,/mnt/datadisk/./datasets/0/VirusShare_e959a1a2f39336ac21440ede910b3cc1,,
VirusShare_57a85b8d55057bd37dc5283c77eb8129,57a85b8d55057bd37dc5283c77eb8129,1,/mnt/datadisk/./datasets/1/VirusShare_57a85b8d55057bd37dc5283c77eb8129,,
VirusShare_bbf8a980f5b8a8b87130f9f8d72bc8d8,bbf8a980f5b8a8b87130f9f8d72bc8d8,1,/mnt/datadisk/./datasets/1/VirusShare_bbf8a980f5b8a8b87130f9f8d72bc8d8,,
VirusShare_ef1aac515f9eb4eb725eb9a72f23f00a,ef1aac515f9eb4eb725eb9a72f23f00a,1,/mnt/datadisk/./datasets/1/VirusShare_ef1aac515f9eb4eb725eb9a72f23f00a,,
VirusShare_e0297f7c97b983c196c70ab1302870ee,e0297f7c97b983c196c70ab1302870ee,0,/mnt/datadisk/./datasets/0/VirusShare_e0297f7c97b983c196c70ab1302870ee,,
VirusShare_b7ee10249b580671cd8ac2294e6b5406,b7ee10249b580671cd8ac2294e6b5406,0,/mnt/datadisk/./datasets/0/VirusShare_b7ee10249b580671cd8ac2294e6b5406,,
VirusShare_b8854e6b6d48825221736f0ebd1f9471,b8854e6b6d48825221736f0ebd1f9471,0,/mnt/datadisk/./datasets/0/VirusShare_b8854e6b6d48825221736f0ebd1f9471,,
VirusShare_498bf5a7a476371df802563ea6aa4a23,498bf5a7a476371df802563ea6aa4a23,0,/mnt/datadisk/./datasets/0/VirusShare_498bf5a7a476371df802563ea6aa4a23,,
VirusShare_12fcdbf6c4bff3e1ab9e4ed01b8f4665,12fcdbf6c4bff3e1ab9e4ed01b8f4665,0,/mnt/datadisk/./datasets/0/VirusShare_12fcdbf6c4bff3e1ab9e4ed01b8f4665,,
VirusShare_8cefd641462ec2b6058d912907966a60,8cefd641462ec2b6058d912907966a60,1,/mnt/datadisk/./datasets/1/VirusShare_8cefd641462ec2b6058d912907966a60,,
VirusShare_00648797bdc486f8f0607630380f10b7,00648797bdc486f8f0607630380f10b7,0,/mnt/datadisk/./datasets/0/VirusShare_00648797bdc486f8f0607630380f10b7,,
VirusShare_2aaccefafe9ede1aa6582cf8fab5770d,2aaccefafe9ede1aa6582cf8fab5770d,1,/mnt/datadisk/./datasets/1/VirusShare_2aaccefafe9ede1aa6582cf8fab5770d,,
VirusShare_250a5f8df1e6ede5f3853add72080308,250a5f8df1e6ede5f3853add72080308,1,/mnt/datadisk/./datasets/1/VirusShare_250a5f8df1e6ede5f3853add72080308,,
VirusShare_15a21cd3ff30080877f2ec390e292092,15a21cd3ff30080877f2ec390e292092,0,/mnt/datadisk/./datasets/0/VirusShare_15a21cd3ff30080877f2ec390e292092,,
VirusShare_22cc1b87cb68eb838e0cbdc9e16d61f9,22cc1b87cb68eb838e0cbdc9e16d61f9,0,/mnt/datadisk/./datasets/0/VirusShare_22cc1b87cb68eb838e0cbdc9e16d61f9,,
VirusShare_ed2f590cc5dbb6938ae3a84207f067e0,ed2f590cc5dbb6938ae3a84207f067e0,0,/mnt/datadisk/./datasets/0/VirusShare_ed2f590cc5dbb6938ae3a84207f067e0,,
VirusShare_75e884b21c5563a46f54de592c75f935,75e884b21c5563a46f54de592c75f935,0,/mnt/datadisk/./datasets/0/VirusShare_75e884b21c5563a46f54de592c75f935,,
VirusShare_9954c7eddff6c9e05db7f0567e6e1d57,9954c7eddff6c9e05db7f0567e6e1d57,1,/mnt/datadisk/./datasets/1/VirusShare_9954c7eddff6c9e05db7f0567e6e1d57,,
VirusShare_04e0ad52b0ba3e88e4cb6a7be0af66f4,04e0ad52b0ba3e88e4cb6a7be0af66f4,1,/mnt/datadisk/./datasets/1/VirusShare_04e0ad52b0ba3e88e4cb6a7be0af66f4,,
VirusShare_c2d998718f83b47794cbd35780c72834,c2d998718f83b47794cbd35780c72834,1,/mnt/datadisk/./datasets/1/VirusShare_c2d998718f83b47794cbd35780c72834,,
VirusShare_92284f4db4616bcd1235662715b82f32,92284f4db4616bcd1235662715b82f32,1,/mnt/datadisk/./datasets/1/VirusShare_92284f4db4616bcd1235662715b82f32,,
VirusShare_edd45b81562def9b899ad5bb4f0931d5,edd45b81562def9b899ad5bb4f0931d5,0,/mnt/datadisk/./datasets/0/VirusShare_edd45b81562def9b899ad5bb4f0931d5,,
VirusShare_36afc6cc568de8932c16882f110df2e4,36afc6cc568de8932c16882f110df2e4,1,/mnt/datadisk/./datasets/1/VirusShare_36afc6cc568de8932c16882f110df2e4,,
VirusShare_000333df14faf4f85abff630bdc3a032,000333df14faf4f85abff630bdc3a032,1,/mnt/datadisk/./datasets/1/VirusShare_000333df14faf4f85abff630bdc3a032,,
VirusShare_634e6399c396afd3c97d017af69a6adf,634e6399c396afd3c97d017af69a6adf,0,/mnt/datadisk/./datasets/0/VirusShare_634e6399c396afd3c97d017af69a6adf,,
VirusShare_ed86d5a04757d91988fa8799d53a4a49,ed86d5a04757d91988fa8799d53a4a49,0,/mnt/datadisk/./datasets/0/VirusShare_ed86d5a04757d91988fa8799d53a4a49,,
VirusShare_23f9f91a134cf1d9005391105faa3c29,23f9f91a134cf1d9005391105faa3c29,0,/mnt/datadisk/./datasets/0/VirusShare_23f9f91a134cf1d9005391105faa3c29,,
VirusShare_f8883a0265eea6371a19e79ad852c430,f8883a0265eea6371a19e79ad852c430,0,/mnt/datadisk/./datasets/0/VirusShare_f8883a0265eea6371a19e79ad852c430,,
VirusShare_699d02a90166743b18428ab067b9add5,699d02a90166743b18428ab067b9add5,0,/mnt/datadisk/./datasets/0/VirusShare_699d02a90166743b18428ab067b9add5,,
VirusShare_9be246c14684983a38224452dd79e1f8,9be246c14684983a38224452dd79e1f8,0,/mnt/datadisk/./datasets/0/VirusShare_9be246c14684983a38224452dd79e1f8,,
VirusShare_804dbcd3d7563083b52efdbcd08e7080,804dbcd3d7563083b52efdbcd08e7080,0,/mnt/datadisk/./datasets/0/VirusShare_804dbcd3d7563083b52efdbcd08e7080,,
VirusShare_0594393153a5b3521ef935d0e13e9468,0594393153a5b3521ef935d0e13e9468,0,/mnt/datadisk/./datasets/0/VirusShare_0594393153a5b3521ef935d0e13e9468,,
VirusShare_79a9fd80fdff764bf217df4b9d72ad2b,79a9fd80fdff764bf217df4b9d72ad2b,1,/mnt/datadisk/./datasets/1/VirusShare_79a9fd80fdff764bf217df4b9d72ad2b,,
VirusShare_caf5f3f4be7cf1af47ba6ceb68d360e9,caf5f3f4be7cf1af47ba6ceb68d360e9,0,/mnt/datadisk/./datasets/0/VirusShare_caf5f3f4be7cf1af47ba6ceb68d360e9,,
VirusShare_939053a02a5ac0fa62fbed698d3872c1,939053a02a5ac0fa62fbed698d3872c1,0,/mnt/datadisk/./datasets/0/VirusShare_939053a02a5ac0fa62fbed698d3872c1,,
VirusShare_00243e6f62fef79dfc52e6624c350e16,00243e6f62fef79dfc52e6624c350e16,0,/mnt/datadisk/./datasets/0/VirusShare_00243e6f62fef79dfc52e6624c350e16,,
VirusShare_a2505771bff64c29c18bedf76057a991,a2505771bff64c29c18bedf76057a991,0,/mnt/datadisk/./datasets/0/VirusShare_a2505771bff64c29c18bedf76057a991,,
VirusShare_8576c8038ad577b13ee2994ad3f96b91,8576c8038ad577b13ee2994ad3f96b91,0,/mnt/datadisk/./datasets/0/VirusShare_8576c8038ad577b13ee2994ad3f96b91,,
VirusShare_3aaa411360934012e1651ecd7cc7b848,3aaa411360934012e1651ecd7cc7b848,0,/mnt/datadisk/./datasets/0/VirusShare_3aaa411360934012e1651ecd7cc7b848,,
VirusShare_e66e2db4276988214069380a2f39865b,e66e2db4276988214069380a2f39865b,0,/mnt/datadisk/./datasets/0/VirusShare_e66e2db4276988214069380a2f39865b,,
VirusShare_9123ab0d7fce02bde19cf64142d84396,9123ab0d7fce02bde19cf64142d84396,0,/mnt/datadisk/./datasets/0/VirusShare_9123ab0d7fce02bde19cf64142d84396,,
VirusShare_566fdb4d2a868ad6ab1ceda392ae58f6,566fdb4d2a868ad6ab1ceda392ae58f6,1,/mnt/datadisk/./datasets/1/VirusShare_566fdb4d2a868ad6ab1ceda392ae58f6,,
VirusShare_69e53d6f823c25ce5c677e4fa62fb1cc,69e53d6f823c25ce5c677e4fa62fb1cc,0,/mnt/datadisk/./datasets/0/VirusShare_69e53d6f823c25ce5c677e4fa62fb1cc,,
VirusShare_fbc39efae01a84057dd26a5a23324ec9,fbc39efae01a84057dd26a5a23324ec9,1,/mnt/datadisk/./datasets/1/VirusShare_fbc39efae01a84057dd26a5a23324ec9,,
VirusShare_8aa8eae796104d4990dd8a6889682140,8aa8eae796104d4990dd8a6889682140,0,/mnt/datadisk/./datasets/0/VirusShare_8aa8eae796104d4990dd8a6889682140,,
VirusShare_113b0a5ec517eea621d3be371b652824,113b0a5ec517eea621d3be371b652824,0,/mnt/datadisk/./datasets/0/VirusShare_113b0a5ec517eea621d3be371b652824,,
VirusShare_b544839f96c2c4a4a7a31aba860013dd,b544839f96c2c4a4a7a31aba860013dd,0,/mnt/datadisk/./datasets/0/VirusShare_b544839f96c2c4a4a7a31aba860013dd,,
VirusShare_954b80dd42ea2cb190dd4d90af6b4f01,954b80dd42ea2cb190dd4d90af6b4f01,0,/mnt/datadisk/./datasets/0/VirusShare_954b80dd42ea2cb190dd4d90af6b4f01,,
VirusShare_221c51d0471ec1788b52da53190f33c9,221c51d0471ec1788b52da53190f33c9,1,/mnt/datadisk/./datasets/1/VirusShare_221c51d0471ec1788b52da53190f33c9,,
VirusShare_86b85af1db1464e1db70694e7e968375,86b85af1db1464e1db70694e7e968375,0,/mnt/datadisk/./datasets/0/VirusShare_86b85af1db1464e1db70694e7e968375,,
VirusShare_bf29dd695749ac02856bd0a5a1ab9208,bf29dd695749ac02856bd0a5a1ab9208,0,/mnt/datadisk/./datasets/0/VirusShare_bf29dd695749ac02856bd0a5a1ab9208,,
VirusShare_543b82d5f2812b85993bd13c2ac0d21d,543b82d5f2812b85993bd13c2ac0d21d,0,/mnt/datadisk/./datasets/0/VirusShare_543b82d5f2812b85993bd13c2ac0d21d,,
VirusShare_71b505a25015f33b313b3ab81d304437,71b505a25015f33b313b3ab81d304437,0,/mnt/datadisk/./datasets/0/VirusShare_71b505a25015f33b313b3ab81d304437,,
VirusShare_6ba1dad8fdec2ec58fd6ab79708dbc2d,6ba1dad8fdec2ec58fd6ab79708dbc2d,0,/mnt/datadisk/./datasets/0/VirusShare_6ba1dad8fdec2ec58fd6ab79708dbc2d,,
VirusShare_f570555d9084acab5204376903855f30,f570555d9084acab5204376903855f30,0,/mnt/datadisk/./datasets/0/VirusShare_f570555d9084acab5204376903855f30,,
VirusShare_eeddfad5a2cf4c01804fa9074e50560e,eeddfad5a2cf4c01804fa9074e50560e,0,/mnt/datadisk/./datasets/0/VirusShare_eeddfad5a2cf4c01804fa9074e50560e,,
VirusShare_54b19b8734c48863576cc97f9ae98e39,54b19b8734c48863576cc97f9ae98e39,1,/mnt/datadisk/./datasets/1/VirusShare_54b19b8734c48863576cc97f9ae98e39,,
VirusShare_815e225f7daa728091f0c341db150767,815e225f7daa728091f0c341db150767,0,/mnt/datadisk/./datasets/0/VirusShare_815e225f7daa728091f0c341db150767,,
VirusShare_8f5184378aa78ae410cce03b807bf653,8f5184378aa78ae410cce03b807bf653,0,/mnt/datadisk/./datasets/0/VirusShare_8f5184378aa78ae410cce03b807bf653,,
VirusShare_3a7da416e0ed02e02fa874f3ae09e9a2,3a7da416e0ed02e02fa874f3ae09e9a2,1,/mnt/datadisk/./datasets/1/VirusShare_3a7da416e0ed02e02fa874f3ae09e9a2,,
VirusShare_9a4f8b548ceb28259b7e4dde11848dee,9a4f8b548ceb28259b7e4dde11848dee,0,/mnt/datadisk/./datasets/0/VirusShare_9a4f8b548ceb28259b7e4dde11848dee,,
VirusShare_70048fb9354fc4eb4974e9106c4bc57d,70048fb9354fc4eb4974e9106c4bc57d,0,/mnt/datadisk/./datasets/0/VirusShare_70048fb9354fc4eb4974e9106c4bc57d,,
VirusShare_edb147f9cf7ef37763ee09dd00c64408,edb147f9cf7ef37763ee09dd00c64408,0,/mnt/datadisk/./datasets/0/VirusShare_edb147f9cf7ef37763ee09dd00c64408,,
VirusShare_e5f4d0122e8f9bd43cedeed6187dee04,e5f4d0122e8f9bd43cedeed6187dee04,1,/mnt/datadisk/./datasets/1/VirusShare_e5f4d0122e8f9bd43cedeed6187dee04,,
VirusShare_c67fa99dd497dfcf0e0a84ec86b0467e,c67fa99dd497dfcf0e0a84ec86b0467e,0,/mnt/datadisk/./datasets/0/VirusShare_c67fa99dd497dfcf0e0a84ec86b0467e,,
VirusShare_7965c790aa9ed50ec3f6a94cece9334f,7965c790aa9ed50ec3f6a94cece9334f,0,/mnt/datadisk/./datasets/0/VirusShare_7965c790aa9ed50ec3f6a94cece9334f,,
VirusShare_f9b5ba9485547e564af57929fa9c56f9,f9b5ba9485547e564af57929fa9c56f9,1,/mnt/datadisk/./datasets/1/VirusShare_f9b5ba9485547e564af57929fa9c56f9,,
VirusShare_cb37ef543bf8d58539c0ec614f36e9ff,cb37ef543bf8d58539c0ec614f36e9ff,0,/mnt/datadisk/./datasets/0/VirusShare_cb37ef543bf8d58539c0ec614f36e9ff,,
VirusShare_bba6a30905d6a92c1d0dc73abba1810f,bba6a30905d6a92c1d0dc73abba1810f,0,/mnt/datadisk/./datasets/0/VirusShare_bba6a30905d6a92c1d0dc73abba1810f,,
VirusShare_055b48cf76c7800678341b8b210ef124,055b48cf76c7800678341b8b210ef124,1,/mnt/datadisk/./datasets/1/VirusShare_055b48cf76c7800678341b8b210ef124,,
VirusShare_1b2950e73aa50681a5ad7b3f0c9068fc,1b2950e73aa50681a5ad7b3f0c9068fc,0,/mnt/datadisk/./datasets/0/VirusShare_1b2950e73aa50681a5ad7b3f0c9068fc,,
VirusShare_0d25086a04f3ed8a5e3f3725fe9cb7c4,0d25086a04f3ed8a5e3f3725fe9cb7c4,0,/mnt/datadisk/./datasets/0/VirusShare_0d25086a04f3ed8a5e3f3725fe9cb7c4,,
VirusShare_34173afeb6edd39f544d42fc43b817a1,34173afeb6edd39f544d42fc43b817a1,0,/mnt/datadisk/./datasets/0/VirusShare_34173afeb6edd39f544d42fc43b817a1,,
VirusShare_e8753bb5ff9f4a81ee5ec8120d9eb017,e8753bb5ff9f4a81ee5ec8120d9eb017,1,/mnt/datadisk/./datasets/1/VirusShare_e8753bb5ff9f4a81ee5ec8120d9eb017,,
VirusShare_1795aa8d37dd076da9a83130d7f17b0b,1795aa8d37dd076da9a83130d7f17b0b,0,/mnt/datadisk/./datasets/0/VirusShare_1795aa8d37dd076da9a83130d7f17b0b,,
VirusShare_26dcc5f1576df30e38c03efac2c08596,26dcc5f1576df30e38c03efac2c08596,0,/mnt/datadisk/./datasets/0/VirusShare_26dcc5f1576df30e38c03efac2c08596,,
VirusShare_d270cfed3fbb7a57a6dae16412ab99ca,d270cfed3fbb7a57a6dae16412ab99ca,1,/mnt/datadisk/./datasets/1/VirusShare_d270cfed3fbb7a57a6dae16412ab99ca,,
VirusShare_0afb31c3e6018c85df11d2a25a581079,0afb31c3e6018c85df11d2a25a581079,1,/mnt/datadisk/./datasets/1/VirusShare_0afb31c3e6018c85df11d2a25a581079,,
VirusShare_2ab84d7a57b755c0fe6b96532a145d8d,2ab84d7a57b755c0fe6b96532a145d8d,1,/mnt/datadisk/./datasets/1/VirusShare_2ab84d7a57b755c0fe6b96532a145d8d,,
VirusShare_043a89156c1b72127d468d509487b66f,043a89156c1b72127d468d509487b66f,0,/mnt/datadisk/./datasets/0/VirusShare_043a89156c1b72127d468d509487b66f,,
VirusShare_889ff69a0296f171c93b9f2c1b5b452f,889ff69a0296f171c93b9f2c1b5b452f,0,/mnt/datadisk/./datasets/0/VirusShare_889ff69a0296f171c93b9f2c1b5b452f,,
VirusShare_22f6ed489b2f22ff470b5f4c5abc1322,22f6ed489b2f22ff470b5f4c5abc1322,1,/mnt/datadisk/./datasets/1/VirusShare_22f6ed489b2f22ff470b5f4c5abc1322,,
VirusShare_935e7e4078ce4ecc072d31a7e8667feb,935e7e4078ce4ecc072d31a7e8667feb,1,/mnt/datadisk/./datasets/1/VirusShare_935e7e4078ce4ecc072d31a7e8667feb,,
VirusShare_a6a4383ccba54e046a20f2e04dabd2fa,a6a4383ccba54e046a20f2e04dabd2fa,0,/mnt/datadisk/./datasets/0/VirusShare_a6a4383ccba54e046a20f2e04dabd2fa,,
VirusShare_2be335fc456fffac288ca4f09b8907eb,2be335fc456fffac288ca4f09b8907eb,0,/mnt/datadisk/./datasets/0/VirusShare_2be335fc456fffac288ca4f09b8907eb,,
VirusShare_598b6b2e51f0cc063d4e7ae8ee99ada7,598b6b2e51f0cc063d4e7ae8ee99ada7,1,/mnt/datadisk/./datasets/1/VirusShare_598b6b2e51f0cc063d4e7ae8ee99ada7,,
VirusShare_75c4dcd97d040f814f56c6b945b804b3,75c4dcd97d040f814f56c6b945b804b3,0,/mnt/datadisk/./datasets/0/VirusShare_75c4dcd97d040f814f56c6b945b804b3,,
VirusShare_ae1db82786c6b2290dfec7184d4a7807,ae1db82786c6b2290dfec7184d4a7807,1,/mnt/datadisk/./datasets/1/VirusShare_ae1db82786c6b2290dfec7184d4a7807,,
VirusShare_c94fcdb866e1e3a9af205bd27664d492,c94fcdb866e1e3a9af205bd27664d492,1,/mnt/datadisk/./datasets/1/VirusShare_c94fcdb866e1e3a9af205bd27664d492,,
VirusShare_70a2751468a260dae8b0306263f0e98d,70a2751468a260dae8b0306263f0e98d,0,/mnt/datadisk/./datasets/0/VirusShare_70a2751468a260dae8b0306263f0e98d,,
VirusShare_b7ba1954a970c0e56cacbc9d2e6fbe1b,b7ba1954a970c0e56cacbc9d2e6fbe1b,1,/mnt/datadisk/./datasets/1/VirusShare_b7ba1954a970c0e56cacbc9d2e6fbe1b,,
VirusShare_2e2399a2882ecd4412d34aa40550f78c,2e2399a2882ecd4412d34aa40550f78c,0,/mnt/datadisk/./datasets/0/VirusShare_2e2399a2882ecd4412d34aa40550f78c,,
VirusShare_f990e2a9ae328e93b7501fd948a01843,f990e2a9ae328e93b7501fd948a01843,0,/mnt/datadisk/./datasets/0/VirusShare_f990e2a9ae328e93b7501fd948a01843,,
VirusShare_0d2e9adbe4a0007697d4c54a5c67bb9a,0d2e9adbe4a0007697d4c54a5c67bb9a,0,/mnt/datadisk/./datasets/0/VirusShare_0d2e9adbe4a0007697d4c54a5c67bb9a,,
VirusShare_93656511620e87281c3214e9b890efb1,93656511620e87281c3214e9b890efb1,1,/mnt/datadisk/./datasets/1/VirusShare_93656511620e87281c3214e9b890efb1,,
VirusShare_8f0b9dadc7516fd6b0af6c9d29e7632a,8f0b9dadc7516fd6b0af6c9d29e7632a,1,/mnt/datadisk/./datasets/1/VirusShare_8f0b9dadc7516fd6b0af6c9d29e7632a,,
VirusShare_7dfd2de11209ea4c46c9f9871d5ac644,7dfd2de11209ea4c46c9f9871d5ac644,0,/mnt/datadisk/./datasets/0/VirusShare_7dfd2de11209ea4c46c9f9871d5ac644,,
VirusShare_665c05427386a9dc85c273548d6fcf11,665c05427386a9dc85c273548d6fcf11,0,/mnt/datadisk/./datasets/0/VirusShare_665c05427386a9dc85c273548d6fcf11,,
VirusShare_973dcbca5203b3cd32f0d61195a57956,973dcbca5203b3cd32f0d61195a57956,1,/mnt/datadisk/./datasets/1/VirusShare_973dcbca5203b3cd32f0d61195a57956,,
VirusShare_549c0cb49fd7703b65875900c5755665,549c0cb49fd7703b65875900c5755665,1,/mnt/datadisk/./datasets/1/VirusShare_549c0cb49fd7703b65875900c5755665,,
VirusShare_d4200049ec0e593aebd19102b3dc586c,d4200049ec0e593aebd19102b3dc586c,1,/mnt/datadisk/./datasets/1/VirusShare_d4200049ec0e593aebd19102b3dc586c,,
VirusShare_9db202c72086e9de091bf547d06f277b,9db202c72086e9de091bf547d06f277b,0,/mnt/datadisk/./datasets/0/VirusShare_9db202c72086e9de091bf547d06f277b,,
VirusShare_7872061303914db0c8670845c3aa80f0,7872061303914db0c8670845c3aa80f0,0,/mnt/datadisk/./datasets/0/VirusShare_7872061303914db0c8670845c3aa80f0,,
VirusShare_20f2bb9ca69ee6922cb0c14b5b97179d,20f2bb9ca69ee6922cb0c14b5b97179d,0,/mnt/datadisk/./datasets/0/VirusShare_20f2bb9ca69ee6922cb0c14b5b97179d,,
VirusShare_7d5bf19e0e5309298441b7eabf88d30c,7d5bf19e0e5309298441b7eabf88d30c,1,/mnt/datadisk/./datasets/1/VirusShare_7d5bf19e0e5309298441b7eabf88d30c,,
VirusShare_01a6f8fc4510841be3101adcb2e983d2,01a6f8fc4510841be3101adcb2e983d2,0,/mnt/datadisk/./datasets/0/VirusShare_01a6f8fc4510841be3101adcb2e983d2,,
VirusShare_22b6f76a597ad35948e7076efd563fce,22b6f76a597ad35948e7076efd563fce,0,/mnt/datadisk/./datasets/0/VirusShare_22b6f76a597ad35948e7076efd563fce,,
VirusShare_c2345ce10b321cf59734673024e51965,c2345ce10b321cf59734673024e51965,1,/mnt/datadisk/./datasets/1/VirusShare_c2345ce10b321cf59734673024e51965,,
VirusShare_e1a26f34d76977fb7605b98fa0e1106e,e1a26f34d76977fb7605b98fa0e1106e,1,/mnt/datadisk/./datasets/1/VirusShare_e1a26f34d76977fb7605b98fa0e1106e,,
VirusShare_35370892bea49137ac3c08f8998bb9ff,35370892bea49137ac3c08f8998bb9ff,1,/mnt/datadisk/./datasets/1/VirusShare_35370892bea49137ac3c08f8998bb9ff,,
VirusShare_293f9200b883b8f9f51b35a0a5933153,293f9200b883b8f9f51b35a0a5933153,1,/mnt/datadisk/./datasets/1/VirusShare_293f9200b883b8f9f51b35a0a5933153,,
VirusShare_f49fb211ecbaaaa6679caa24d924d500,f49fb211ecbaaaa6679caa24d924d500,1,/mnt/datadisk/./datasets/1/VirusShare_f49fb211ecbaaaa6679caa24d924d500,,
VirusShare_63ef7dcbb429b2b0a3d99eb5d0afa939,63ef7dcbb429b2b0a3d99eb5d0afa939,0,/mnt/datadisk/./datasets/0/VirusShare_63ef7dcbb429b2b0a3d99eb5d0afa939,,
VirusShare_adf2b0eb8ee70ef30655c56313195db0,adf2b0eb8ee70ef30655c56313195db0,1,/mnt/datadisk/./datasets/1/VirusShare_adf2b0eb8ee70ef30655c56313195db0,,
VirusShare_501e94842ffc94f676183d8d54846e9c,501e94842ffc94f676183d8d54846e9c,0,/mnt/datadisk/./datasets/0/VirusShare_501e94842ffc94f676183d8d54846e9c,,
VirusShare_97c20303ea4df2c269d2c0f3b92e7554,97c20303ea4df2c269d2c0f3b92e7554,1,/mnt/datadisk/./datasets/1/VirusShare_97c20303ea4df2c269d2c0f3b92e7554,,
VirusShare_36c8331e327d1f77fc9e1f23b038e656,36c8331e327d1f77fc9e1f23b038e656,1,/mnt/datadisk/./datasets/1/VirusShare_36c8331e327d1f77fc9e1f23b038e656,,
VirusShare_5a285031bf2cbfc8f3d232faae58258d,5a285031bf2cbfc8f3d232faae58258d,0,/mnt/datadisk/./datasets/0/VirusShare_5a285031bf2cbfc8f3d232faae58258d,,
VirusShare_0ede966c1770ee3b1f75073f5f4ae022,0ede966c1770ee3b1f75073f5f4ae022,0,/mnt/datadisk/./datasets/0/VirusShare_0ede966c1770ee3b1f75073f5f4ae022,,
VirusShare_0408d267cbb6ecdac2c9ce06d6cddcc1,0408d267cbb6ecdac2c9ce06d6cddcc1,0,/mnt/datadisk/./datasets/0/VirusShare_0408d267cbb6ecdac2c9ce06d6cddcc1,,
VirusShare_4321c3d9bd1b5949d052eaefa2de69dc,4321c3d9bd1b5949d052eaefa2de69dc,1,/mnt/datadisk/./datasets/1/VirusShare_4321c3d9bd1b5949d052eaefa2de69dc,,
VirusShare_59cff440afe05b0a84a7ab3697e6440d,59cff440afe05b0a84a7ab3697e6440d,0,/mnt/datadisk/./datasets/0/VirusShare_59cff440afe05b0a84a7ab3697e6440d,,
VirusShare_8e2489bf65b43f711ac1f01752872418,8e2489bf65b43f711ac1f01752872418,1,/mnt/datadisk/./datasets/1/VirusShare_8e2489bf65b43f711ac1f01752872418,,
VirusShare_db566ad4ee4595f9da51c5df7393c179,db566ad4ee4595f9da51c5df7393c179,0,/mnt/datadisk/./datasets/0/VirusShare_db566ad4ee4595f9da51c5df7393c179,,
VirusShare_87c2e9f5576ec97fe793b2d2a12bfb44,87c2e9f5576ec97fe793b2d2a12bfb44,0,/mnt/datadisk/./datasets/0/VirusShare_87c2e9f5576ec97fe793b2d2a12bfb44,,
VirusShare_b2226e45e83c989ffa3cce07aa72ffa3,b2226e45e83c989ffa3cce07aa72ffa3,1,/mnt/datadisk/./datasets/1/VirusShare_b2226e45e83c989ffa3cce07aa72ffa3,,
VirusShare_6eb5231c1b8d168824739679360f8ee6,6eb5231c1b8d168824739679360f8ee6,0,/mnt/datadisk/./datasets/0/VirusShare_6eb5231c1b8d168824739679360f8ee6,,
VirusShare_c106958e5fba3a3eb8c94656bc6dedf6,c106958e5fba3a3eb8c94656bc6dedf6,1,/mnt/datadisk/./datasets/1/VirusShare_c106958e5fba3a3eb8c94656bc6dedf6,,
VirusShare_da134e910f12ccf8f26ffe4c49244962,da134e910f12ccf8f26ffe4c49244962,0,/mnt/datadisk/./datasets/0/VirusShare_da134e910f12ccf8f26ffe4c49244962,,
VirusShare_fd2ad313084ec1632ae587dd7ab61ed3,fd2ad313084ec1632ae587dd7ab61ed3,0,/mnt/datadisk/./datasets/0/VirusShare_fd2ad313084ec1632ae587dd7ab61ed3,,
VirusShare_2d1b897e57d9456f7dc2e36bb45310ea,2d1b897e57d9456f7dc2e36bb45310ea,1,/mnt/datadisk/./datasets/1/VirusShare_2d1b897e57d9456f7dc2e36bb45310ea,,
VirusShare_1b66f1e06b75bc548b61919cfdde8c36,1b66f1e06b75bc548b61919cfdde8c36,0,/mnt/datadisk/./datasets/0/VirusShare_1b66f1e06b75bc548b61919cfdde8c36,,
VirusShare_606c0d3c8c95cc5c7cac335a7f0d6d39,606c0d3c8c95cc5c7cac335a7f0d6d39,0,/mnt/datadisk/./datasets/0/VirusShare_606c0d3c8c95cc5c7cac335a7f0d6d39,,
VirusShare_a3287c4a406df8c58dca6963fbdb0a4a,a3287c4a406df8c58dca6963fbdb0a4a,0,/mnt/datadisk/./datasets/0/VirusShare_a3287c4a406df8c58dca6963fbdb0a4a,,
VirusShare_32e2dd905e1a74b7ee7430d534fec0a6,32e2dd905e1a74b7ee7430d534fec0a6,0,/mnt/datadisk/./datasets/0/VirusShare_32e2dd905e1a74b7ee7430d534fec0a6,,
VirusShare_b652103955d5aaf7e7ec0948bbf2a898,b652103955d5aaf7e7ec0948bbf2a898,0,/mnt/datadisk/./datasets/0/VirusShare_b652103955d5aaf7e7ec0948bbf2a898,,
VirusShare_c64d822d1f5c598868fd589be19fd283,c64d822d1f5c598868fd589be19fd283,0,/mnt/datadisk/./datasets/0/VirusShare_c64d822d1f5c598868fd589be19fd283,,
VirusShare_2eeb6bf9ce9af702e165d9de21120cfe,2eeb6bf9ce9af702e165d9de21120cfe,1,/mnt/datadisk/./datasets/1/VirusShare_2eeb6bf9ce9af702e165d9de21120cfe,,
VirusShare_e5da67568f061684e42d88f595f8cb50,e5da67568f061684e42d88f595f8cb50,0,/mnt/datadisk/./datasets/0/VirusShare_e5da67568f061684e42d88f595f8cb50,,
VirusShare_5ae71a995a83d557371498b590e19f20,5ae71a995a83d557371498b590e19f20,0,/mnt/datadisk/./datasets/0/VirusShare_5ae71a995a83d557371498b590e19f20,,
VirusShare_b9e2c4f457c84124fce2ad6cd4905c7b,b9e2c4f457c84124fce2ad6cd4905c7b,1,/mnt/datadisk/./datasets/1/VirusShare_b9e2c4f457c84124fce2ad6cd4905c7b,,
VirusShare_eee4db00edb4207fdd8f903b5ba84e90,eee4db00edb4207fdd8f903b5ba84e90,1,/mnt/datadisk/./datasets/1/VirusShare_eee4db00edb4207fdd8f903b5ba84e90,,
VirusShare_a5d2e86c8376b55db5da06c4c41ccacd,a5d2e86c8376b55db5da06c4c41ccacd,1,/mnt/datadisk/./datasets/1/VirusShare_a5d2e86c8376b55db5da06c4c41ccacd,,
VirusShare_5f6431811698c8d9640a15327265cfed,5f6431811698c8d9640a15327265cfed,1,/mnt/datadisk/./datasets/1/VirusShare_5f6431811698c8d9640a15327265cfed,,
VirusShare_069ac50947ada4a8062e982259309d5e,069ac50947ada4a8062e982259309d5e,0,/mnt/datadisk/./datasets/0/VirusShare_069ac50947ada4a8062e982259309d5e,,
VirusShare_f0c92316dc2d7cf53037c3f587ab5893,f0c92316dc2d7cf53037c3f587ab5893,0,/mnt/datadisk/./datasets/0/VirusShare_f0c92316dc2d7cf53037c3f587ab5893,,
VirusShare_f5936934ff667f9ea50c08187c00d194,f5936934ff667f9ea50c08187c00d194,0,/mnt/datadisk/./datasets/0/VirusShare_f5936934ff667f9ea50c08187c00d194,,
VirusShare_36202407db993f1666e66f934c89ca31,36202407db993f1666e66f934c89ca31,0,/mnt/datadisk/./datasets/0/VirusShare_36202407db993f1666e66f934c89ca31,,
VirusShare_2be4d89828b02133ae663ea105cad99f,2be4d89828b02133ae663ea105cad99f,0,/mnt/datadisk/./datasets/0/VirusShare_2be4d89828b02133ae663ea105cad99f,,
VirusShare_d23e7e1543fbbf0636ccb0bdeea33929,d23e7e1543fbbf0636ccb0bdeea33929,0,/mnt/datadisk/./datasets/0/VirusShare_d23e7e1543fbbf0636ccb0bdeea33929,,
VirusShare_fbcc05c7f4a02e691ab7efcd66cf3918,fbcc05c7f4a02e691ab7efcd66cf3918,0,/mnt/datadisk/./datasets/0/VirusShare_fbcc05c7f4a02e691ab7efcd66cf3918,,
VirusShare_01ec040c8ae2e750cea7770cbe9c4c4a,01ec040c8ae2e750cea7770cbe9c4c4a,0,/mnt/datadisk/./datasets/0/VirusShare_01ec040c8ae2e750cea7770cbe9c4c4a,,
VirusShare_f8512f6dd51cf128a61a4a17a0f92b60,f8512f6dd51cf128a61a4a17a0f92b60,1,/mnt/datadisk/./datasets/1/VirusShare_f8512f6dd51cf128a61a4a17a0f92b60,,
VirusShare_4e2f846871f4657ad6f6f18c41921baa,4e2f846871f4657ad6f6f18c41921baa,0,/mnt/datadisk/./datasets/0/VirusShare_4e2f846871f4657ad6f6f18c41921baa,,
VirusShare_36dcf63ea2308bb1d0a19f5b5845df0a,36dcf63ea2308bb1d0a19f5b5845df0a,0,/mnt/datadisk/./datasets/0/VirusShare_36dcf63ea2308bb1d0a19f5b5845df0a,,
VirusShare_15338183d74b2316bd3fa4af7469d79a,15338183d74b2316bd3fa4af7469d79a,0,/mnt/datadisk/./datasets/0/VirusShare_15338183d74b2316bd3fa4af7469d79a,,
VirusShare_5dbef2ebc830ad5f704eba9dec351f5e,5dbef2ebc830ad5f704eba9dec351f5e,0,/mnt/datadisk/./datasets/0/VirusShare_5dbef2ebc830ad5f704eba9dec351f5e,,
VirusShare_2bb72b0e8e263ad43e98ff8c70717324,2bb72b0e8e263ad43e98ff8c70717324,1,/mnt/datadisk/./datasets/1/VirusShare_2bb72b0e8e263ad43e98ff8c70717324,,
VirusShare_cf57041b0b0781c7ac0c1e4b4c666d59,cf57041b0b0781c7ac0c1e4b4c666d59,0,/mnt/datadisk/./datasets/0/VirusShare_cf57041b0b0781c7ac0c1e4b4c666d59,,
VirusShare_e508c80e28d0ad6705f82c762580ec0d,e508c80e28d0ad6705f82c762580ec0d,0,/mnt/datadisk/./datasets/0/VirusShare_e508c80e28d0ad6705f82c762580ec0d,,
VirusShare_347683d0bd393fb9f0facade3153b050,347683d0bd393fb9f0facade3153b050,0,/mnt/datadisk/./datasets/0/VirusShare_347683d0bd393fb9f0facade3153b050,,
VirusShare_d313fc0b83aa6ec51bb0a46efaf4eb29,d313fc0b83aa6ec51bb0a46efaf4eb29,0,/mnt/datadisk/./datasets/0/VirusShare_d313fc0b83aa6ec51bb0a46efaf4eb29,,
VirusShare_65a67cf4c5308cd5ea18e83d23af7e39,65a67cf4c5308cd5ea18e83d23af7e39,0,/mnt/datadisk/./datasets/0/VirusShare_65a67cf4c5308cd5ea18e83d23af7e39,,
VirusShare_baeff1e6835a84ba4e42adfda4c962d4,baeff1e6835a84ba4e42adfda4c962d4,0,/mnt/datadisk/./datasets/0/VirusShare_baeff1e6835a84ba4e42adfda4c962d4,,
VirusShare_ea51c817f52e5a7526122a10a8c8c5ef,ea51c817f52e5a7526122a10a8c8c5ef,1,/mnt/datadisk/./datasets/1/VirusShare_ea51c817f52e5a7526122a10a8c8c5ef,,
VirusShare_bdba53120546f61e645b080de0f3bf97,bdba53120546f61e645b080de0f3bf97,0,/mnt/datadisk/./datasets/0/VirusShare_bdba53120546f61e645b080de0f3bf97,,
VirusShare_11b12415906c7fd9a85d832a31a768cc,11b12415906c7fd9a85d832a31a768cc,0,/mnt/datadisk/./datasets/0/VirusShare_11b12415906c7fd9a85d832a31a768cc,,
VirusShare_f7a2e5eca6b5afea91f95ac9ef79df5d,f7a2e5eca6b5afea91f95ac9ef79df5d,1,/mnt/datadisk/./datasets/1/VirusShare_f7a2e5eca6b5afea91f95ac9ef79df5d,,
VirusShare_c43875ddc579e89d710c0adebdbf1dac,c43875ddc579e89d710c0adebdbf1dac,0,/mnt/datadisk/./datasets/0/VirusShare_c43875ddc579e89d710c0adebdbf1dac,,
VirusShare_21a6941db373898c094b93031a06d20b,21a6941db373898c094b93031a06d20b,0,/mnt/datadisk/./datasets/0/VirusShare_21a6941db373898c094b93031a06d20b,,
VirusShare_44855797ed91df168a7302259eba547d,44855797ed91df168a7302259eba547d,0,/mnt/datadisk/./datasets/0/VirusShare_44855797ed91df168a7302259eba547d,,
VirusShare_12aa9b6b7a4ce2cef9fddd61b979da53,12aa9b6b7a4ce2cef9fddd61b979da53,0,/mnt/datadisk/./datasets/0/VirusShare_12aa9b6b7a4ce2cef9fddd61b979da53,,
VirusShare_6f4dc270e3e300576091d14280223a91,6f4dc270e3e300576091d14280223a91,1,/mnt/datadisk/./datasets/1/VirusShare_6f4dc270e3e300576091d14280223a91,,
VirusShare_335efdeb5b3c70ccfb6aeef0e2aa3257,335efdeb5b3c70ccfb6aeef0e2aa3257,1,/mnt/datadisk/./datasets/1/VirusShare_335efdeb5b3c70ccfb6aeef0e2aa3257,,
VirusShare_dacf6825e0dbd022d9fe0781dbf28735,dacf6825e0dbd022d9fe0781dbf28735,1,/mnt/datadisk/./datasets/1/VirusShare_dacf6825e0dbd022d9fe0781dbf28735,,
VirusShare_e7127d34c5a7a2f9201fd65d533e44d3,e7127d34c5a7a2f9201fd65d533e44d3,0,/mnt/datadisk/./datasets/0/VirusShare_e7127d34c5a7a2f9201fd65d533e44d3,,
VirusShare_fdd7f38611ef06672d2775c5ba7a1832,fdd7f38611ef06672d2775c5ba7a1832,1,/mnt/datadisk/./datasets/1/VirusShare_fdd7f38611ef06672d2775c5ba7a1832,,
VirusShare_b4ff7bf3ec2e5d527264a3577c1cbbfe,b4ff7bf3ec2e5d527264a3577c1cbbfe,0,/mnt/datadisk/./datasets/0/VirusShare_b4ff7bf3ec2e5d527264a3577c1cbbfe,,
VirusShare_fe4377773a93bd8fc4ae196bdb9ca281,fe4377773a93bd8fc4ae196bdb9ca281,1,/mnt/datadisk/./datasets/1/VirusShare_fe4377773a93bd8fc4ae196bdb9ca281,,
VirusShare_38bf94955c0a9c3f67aabb94128e7c7b,38bf94955c0a9c3f67aabb94128e7c7b,1,/mnt/datadisk/./datasets/1/VirusShare_38bf94955c0a9c3f67aabb94128e7c7b,,
VirusShare_52a53b78bed1636d09e744dd1179be56,52a53b78bed1636d09e744dd1179be56,0,/mnt/datadisk/./datasets/0/VirusShare_52a53b78bed1636d09e744dd1179be56,,
VirusShare_89804ed515e2e464fa429883f3556e7c,89804ed515e2e464fa429883f3556e7c,0,/mnt/datadisk/./datasets/0/VirusShare_89804ed515e2e464fa429883f3556e7c,,
VirusShare_6ee098f36f0a0191480df2103f813aec,6ee098f36f0a0191480df2103f813aec,0,/mnt/datadisk/./datasets/0/VirusShare_6ee098f36f0a0191480df2103f813aec,,
VirusShare_462036a297402f8dcc31431ab43484ad,462036a297402f8dcc31431ab43484ad,0,/mnt/datadisk/./datasets/0/VirusShare_462036a297402f8dcc31431ab43484ad,,
VirusShare_167149396b4f09af5961fd72f2fecce2,167149396b4f09af5961fd72f2fecce2,0,/mnt/datadisk/./datasets/0/VirusShare_167149396b4f09af5961fd72f2fecce2,,
VirusShare_b4613fceef9f2bee1488bcc31af31c4f,b4613fceef9f2bee1488bcc31af31c4f,1,/mnt/datadisk/./datasets/1/VirusShare_b4613fceef9f2bee1488bcc31af31c4f,,
VirusShare_4b6b4740cd341832ed82ce0291dae067,4b6b4740cd341832ed82ce0291dae067,1,/mnt/datadisk/./datasets/1/VirusShare_4b6b4740cd341832ed82ce0291dae067,,
VirusShare_c6a3246870e383841656fd40c3af3212,c6a3246870e383841656fd40c3af3212,0,/mnt/datadisk/./datasets/0/VirusShare_c6a3246870e383841656fd40c3af3212,,
VirusShare_d6d0ec88c1b96c68f2fc1b918d71733b,d6d0ec88c1b96c68f2fc1b918d71733b,0,/mnt/datadisk/./datasets/0/VirusShare_d6d0ec88c1b96c68f2fc1b918d71733b,,
VirusShare_f9242084bb0748bb93d4cb0ff8bad734,f9242084bb0748bb93d4cb0ff8bad734,0,/mnt/datadisk/./datasets/0/VirusShare_f9242084bb0748bb93d4cb0ff8bad734,,
VirusShare_bed33342084cb44a447d56a6ff1681b0,bed33342084cb44a447d56a6ff1681b0,1,/mnt/datadisk/./datasets/1/VirusShare_bed33342084cb44a447d56a6ff1681b0,,
VirusShare_f3575bddc1206acb4ed25176b1e15d71,f3575bddc1206acb4ed25176b1e15d71,0,/mnt/datadisk/./datasets/0/VirusShare_f3575bddc1206acb4ed25176b1e15d71,,
VirusShare_a8460572c8824208530e5d1529d287d0,a8460572c8824208530e5d1529d287d0,1,/mnt/datadisk/./datasets/1/VirusShare_a8460572c8824208530e5d1529d287d0,,
VirusShare_6431ef4a8d184a09c98ee6d658d11a4d,6431ef4a8d184a09c98ee6d658d11a4d,0,/mnt/datadisk/./datasets/0/VirusShare_6431ef4a8d184a09c98ee6d658d11a4d,,
VirusShare_e5f36fb351e8861eee27829fd1c17dd3,e5f36fb351e8861eee27829fd1c17dd3,0,/mnt/datadisk/./datasets/0/VirusShare_e5f36fb351e8861eee27829fd1c17dd3,,
VirusShare_397745483283aecb6e0687bb0f4922b7,397745483283aecb6e0687bb0f4922b7,0,/mnt/datadisk/./datasets/0/VirusShare_397745483283aecb6e0687bb0f4922b7,,
VirusShare_45ddc5b353f6d4d604320f784be96d33,45ddc5b353f6d4d604320f784be96d33,1,/mnt/datadisk/./datasets/1/VirusShare_45ddc5b353f6d4d604320f784be96d33,,
VirusShare_a52a1cd5cf75697d9ff71f6a12fa2f0b,a52a1cd5cf75697d9ff71f6a12fa2f0b,0,/mnt/datadisk/./datasets/0/VirusShare_a52a1cd5cf75697d9ff71f6a12fa2f0b,,
VirusShare_b780e20362f830e50e78b384c5c973ab,b780e20362f830e50e78b384c5c973ab,1,/mnt/datadisk/./datasets/1/VirusShare_b780e20362f830e50e78b384c5c973ab,,
VirusShare_ccf873657a7d0b3ebb528a3e3d30baf8,ccf873657a7d0b3ebb528a3e3d30baf8,1,/mnt/datadisk/./datasets/1/VirusShare_ccf873657a7d0b3ebb528a3e3d30baf8,,
VirusShare_6cc1e6a5cf86413211f6cb8202a26b21,6cc1e6a5cf86413211f6cb8202a26b21,1,/mnt/datadisk/./datasets/1/VirusShare_6cc1e6a5cf86413211f6cb8202a26b21,,
VirusShare_9426fc850a62a8c668645ff60fb64ff7,9426fc850a62a8c668645ff60fb64ff7,1,/mnt/datadisk/./datasets/1/VirusShare_9426fc850a62a8c668645ff60fb64ff7,,
VirusShare_af558c92f7023510ddf13982f9a50f38,af558c92f7023510ddf13982f9a50f38,0,/mnt/datadisk/./datasets/0/VirusShare_af558c92f7023510ddf13982f9a50f38,,
VirusShare_2964279f69b02a4adbd5caa612fe4442,2964279f69b02a4adbd5caa612fe4442,0,/mnt/datadisk/./datasets/0/VirusShare_2964279f69b02a4adbd5caa612fe4442,,
VirusShare_fb4735cde844979d5c6135209e0af5c6,fb4735cde844979d5c6135209e0af5c6,1,/mnt/datadisk/./datasets/1/VirusShare_fb4735cde844979d5c6135209e0af5c6,,
VirusShare_2d3e5a2a2243d788901fb182156f4031,2d3e5a2a2243d788901fb182156f4031,0,/mnt/datadisk/./datasets/0/VirusShare_2d3e5a2a2243d788901fb182156f4031,,
VirusShare_f13c57d6930f271b2793364bad111ac3,f13c57d6930f271b2793364bad111ac3,0,/mnt/datadisk/./datasets/0/VirusShare_f13c57d6930f271b2793364bad111ac3,,
VirusShare_c5573edcdf2d47d8563d90b802abdb15,c5573edcdf2d47d8563d90b802abdb15,0,/mnt/datadisk/./datasets/0/VirusShare_c5573edcdf2d47d8563d90b802abdb15,,
VirusShare_dc75ce76bc2c230651733d16aa371687,dc75ce76bc2c230651733d16aa371687,0,/mnt/datadisk/./datasets/0/VirusShare_dc75ce76bc2c230651733d16aa371687,,
VirusShare_de0543b63a88fc1316f66a6319486b3d,de0543b63a88fc1316f66a6319486b3d,0,/mnt/datadisk/./datasets/0/VirusShare_de0543b63a88fc1316f66a6319486b3d,,
VirusShare_7c93f7b6309b3fb543050113c9063175,7c93f7b6309b3fb543050113c9063175,1,/mnt/datadisk/./datasets/1/VirusShare_7c93f7b6309b3fb543050113c9063175,,
VirusShare_fabab477a6e10cea86bc448c20e0d522,fabab477a6e10cea86bc448c20e0d522,0,/mnt/datadisk/./datasets/0/VirusShare_fabab477a6e10cea86bc448c20e0d522,,
VirusShare_de7199907385d837e01aed81a9f4321c,de7199907385d837e01aed81a9f4321c,0,/mnt/datadisk/./datasets/0/VirusShare_de7199907385d837e01aed81a9f4321c,,
VirusShare_2872878f08957d03a51ad1768178b701,2872878f08957d03a51ad1768178b701,0,/mnt/datadisk/./datasets/0/VirusShare_2872878f08957d03a51ad1768178b701,,
VirusShare_ae154f486b7c7346c6ebf6f07442a3be,ae154f486b7c7346c6ebf6f07442a3be,0,/mnt/datadisk/./datasets/0/VirusShare_ae154f486b7c7346c6ebf6f07442a3be,,
VirusShare_cc99ea5b166d7b6bab9605fb5e2d2ecb,cc99ea5b166d7b6bab9605fb5e2d2ecb,1,/mnt/datadisk/./datasets/1/VirusShare_cc99ea5b166d7b6bab9605fb5e2d2ecb,,
VirusShare_1e6e3247b0ca280d6c7055d7775a7e40,1e6e3247b0ca280d6c7055d7775a7e40,1,/mnt/datadisk/./datasets/1/VirusShare_1e6e3247b0ca280d6c7055d7775a7e40,,
VirusShare_68481872800b45ee7bb25c13fac5da78,68481872800b45ee7bb25c13fac5da78,0,/mnt/datadisk/./datasets/0/VirusShare_68481872800b45ee7bb25c13fac5da78,,
VirusShare_b44499ce94ebfe9a71c72754a364f231,b44499ce94ebfe9a71c72754a364f231,1,/mnt/datadisk/./datasets/1/VirusShare_b44499ce94ebfe9a71c72754a364f231,,
VirusShare_568463c637ddb8a8c04660b8d92fd2a0,568463c637ddb8a8c04660b8d92fd2a0,0,/mnt/datadisk/./datasets/0/VirusShare_568463c637ddb8a8c04660b8d92fd2a0,,
VirusShare_1f8043d1ef35d4bbe0f570f8509ddead,1f8043d1ef35d4bbe0f570f8509ddead,1,/mnt/datadisk/./datasets/1/VirusShare_1f8043d1ef35d4bbe0f570f8509ddead,,
VirusShare_b2d1377291650cf0a2ddf89d1ed956bf,b2d1377291650cf0a2ddf89d1ed956bf,0,/mnt/datadisk/./datasets/0/VirusShare_b2d1377291650cf0a2ddf89d1ed956bf,,
VirusShare_74f0a558023ce9f1abd783e5607a855e,74f0a558023ce9f1abd783e5607a855e,0,/mnt/datadisk/./datasets/0/VirusShare_74f0a558023ce9f1abd783e5607a855e,,
VirusShare_b30f72da84a4ed9575e0dc32f693687a,b30f72da84a4ed9575e0dc32f693687a,1,/mnt/datadisk/./datasets/1/VirusShare_b30f72da84a4ed9575e0dc32f693687a,,
VirusShare_d19a6123245899c8df0d2439d4745be6,d19a6123245899c8df0d2439d4745be6,0,/mnt/datadisk/./datasets/0/VirusShare_d19a6123245899c8df0d2439d4745be6,,
VirusShare_75bf277d1856d9525157f86de4256f74,75bf277d1856d9525157f86de4256f74,0,/mnt/datadisk/./datasets/0/VirusShare_75bf277d1856d9525157f86de4256f74,,
VirusShare_7c554f1e5091c27a91ae27c4d6b43591,7c554f1e5091c27a91ae27c4d6b43591,0,/mnt/datadisk/./datasets/0/VirusShare_7c554f1e5091c27a91ae27c4d6b43591,,
VirusShare_cf44fc53b78e45918dcd061cf3297d3b,cf44fc53b78e45918dcd061cf3297d3b,0,/mnt/datadisk/./datasets/0/VirusShare_cf44fc53b78e45918dcd061cf3297d3b,,
VirusShare_40db46ba5157fc61bc6f74ee0281ce1f,40db46ba5157fc61bc6f74ee0281ce1f,0,/mnt/datadisk/./datasets/0/VirusShare_40db46ba5157fc61bc6f74ee0281ce1f,,
VirusShare_177c439daa70367c552144808045a684,177c439daa70367c552144808045a684,1,/mnt/datadisk/./datasets/1/VirusShare_177c439daa70367c552144808045a684,,
VirusShare_637c9c3125a719e1d33012dd742e7fde,637c9c3125a719e1d33012dd742e7fde,1,/mnt/datadisk/./datasets/1/VirusShare_637c9c3125a719e1d33012dd742e7fde,,
VirusShare_2d7c8b1f32421672fbb910a5ae396cd9,2d7c8b1f32421672fbb910a5ae396cd9,0,/mnt/datadisk/./datasets/0/VirusShare_2d7c8b1f32421672fbb910a5ae396cd9,,
VirusShare_37adaa4ac1d2ba76bc09cb1d01e7d7cf,37adaa4ac1d2ba76bc09cb1d01e7d7cf,0,/mnt/datadisk/./datasets/0/VirusShare_37adaa4ac1d2ba76bc09cb1d01e7d7cf,,
VirusShare_059865a7b20e7a31f43937599c389dfa,059865a7b20e7a31f43937599c389dfa,1,/mnt/datadisk/./datasets/1/VirusShare_059865a7b20e7a31f43937599c389dfa,,
VirusShare_1e855e761b9f0900aa849a1cddf6a2aa,1e855e761b9f0900aa849a1cddf6a2aa,0,/mnt/datadisk/./datasets/0/VirusShare_1e855e761b9f0900aa849a1cddf6a2aa,,
VirusShare_5d7455637c1ba0bdc6a7345a382e35a0,5d7455637c1ba0bdc6a7345a382e35a0,1,/mnt/datadisk/./datasets/1/VirusShare_5d7455637c1ba0bdc6a7345a382e35a0,,
VirusShare_a8a4d7c00723e9dd5ca4ce31370e0ab7,a8a4d7c00723e9dd5ca4ce31370e0ab7,0,/mnt/datadisk/./datasets/0/VirusShare_a8a4d7c00723e9dd5ca4ce31370e0ab7,,
VirusShare_451bf0e1724f25639c6bba732bcb8aad,451bf0e1724f25639c6bba732bcb8aad,1,/mnt/datadisk/./datasets/1/VirusShare_451bf0e1724f25639c6bba732bcb8aad,,
VirusShare_9d318ca2cdf55363c556833b34bd5631,9d318ca2cdf55363c556833b34bd5631,1,/mnt/datadisk/./datasets/1/VirusShare_9d318ca2cdf55363c556833b34bd5631,,
VirusShare_4bf7995fe677b951e8df614e331b2b16,4bf7995fe677b951e8df614e331b2b16,0,/mnt/datadisk/./datasets/0/VirusShare_4bf7995fe677b951e8df614e331b2b16,,
VirusShare_ea48ee45da1f5a95f28d78f1d1138b40,ea48ee45da1f5a95f28d78f1d1138b40,1,/mnt/datadisk/./datasets/1/VirusShare_ea48ee45da1f5a95f28d78f1d1138b40,,
VirusShare_c08a239aad55d698903ab13265220179,c08a239aad55d698903ab13265220179,1,/mnt/datadisk/./datasets/1/VirusShare_c08a239aad55d698903ab13265220179,,
VirusShare_dbb4e21bc4e709c4651dd99447481865,dbb4e21bc4e709c4651dd99447481865,1,/mnt/datadisk/./datasets/1/VirusShare_dbb4e21bc4e709c4651dd99447481865,,
VirusShare_999f3765cd39a7bb92de3ea9a064e100,999f3765cd39a7bb92de3ea9a064e100,0,/mnt/datadisk/./datasets/0/VirusShare_999f3765cd39a7bb92de3ea9a064e100,,
VirusShare_23c1d38f2251693e2664fecb2bf4adb0,23c1d38f2251693e2664fecb2bf4adb0,0,/mnt/datadisk/./datasets/0/VirusShare_23c1d38f2251693e2664fecb2bf4adb0,,
VirusShare_112925730a5f6cb15cee1b0e3934bf8f,112925730a5f6cb15cee1b0e3934bf8f,0,/mnt/datadisk/./datasets/0/VirusShare_112925730a5f6cb15cee1b0e3934bf8f,,
VirusShare_a839e498000a47871123aa1c1f92b41f,a839e498000a47871123aa1c1f92b41f,0,/mnt/datadisk/./datasets/0/VirusShare_a839e498000a47871123aa1c1f92b41f,,
VirusShare_c2f714ff08dd9649607b00d447240807,c2f714ff08dd9649607b00d447240807,1,/mnt/datadisk/./datasets/1/VirusShare_c2f714ff08dd9649607b00d447240807,,
VirusShare_dab722cc690e43e2cb19b3fb3213c5bd,dab722cc690e43e2cb19b3fb3213c5bd,0,/mnt/datadisk/./datasets/0/VirusShare_dab722cc690e43e2cb19b3fb3213c5bd,,
VirusShare_3d1e91875247744ff3578d71a38f621d,3d1e91875247744ff3578d71a38f621d,0,/mnt/datadisk/./datasets/0/VirusShare_3d1e91875247744ff3578d71a38f621d,,
VirusShare_a771725f2153ccebf1d029ec087a6cfa,a771725f2153ccebf1d029ec087a6cfa,0,/mnt/datadisk/./datasets/0/VirusShare_a771725f2153ccebf1d029ec087a6cfa,,
VirusShare_69b1533de94becc861382c19f492400d,69b1533de94becc861382c19f492400d,0,/mnt/datadisk/./datasets/0/VirusShare_69b1533de94becc861382c19f492400d,,
VirusShare_9d4fd21b8525492a6d9dd718aecbf3f4,9d4fd21b8525492a6d9dd718aecbf3f4,0,/mnt/datadisk/./datasets/0/VirusShare_9d4fd21b8525492a6d9dd718aecbf3f4,,
VirusShare_c2378dae3e23b4f0aa4f0d501e9c7571,c2378dae3e23b4f0aa4f0d501e9c7571,1,/mnt/datadisk/./datasets/1/VirusShare_c2378dae3e23b4f0aa4f0d501e9c7571,,
VirusShare_687ac49b07a801f6734e4ae7908cc5a7,687ac49b07a801f6734e4ae7908cc5a7,1,/mnt/datadisk/./datasets/1/VirusShare_687ac49b07a801f6734e4ae7908cc5a7,,
VirusShare_bbdb50e58e8b6b13c09b01e0c77f816f,bbdb50e58e8b6b13c09b01e0c77f816f,0,/mnt/datadisk/./datasets/0/VirusShare_bbdb50e58e8b6b13c09b01e0c77f816f,,
VirusShare_c1460f34da8f13219f24b86c51f26343,c1460f34da8f13219f24b86c51f26343,0,/mnt/datadisk/./datasets/0/VirusShare_c1460f34da8f13219f24b86c51f26343,,
VirusShare_66d10707e4d4176ba4187f40232b4968,66d10707e4d4176ba4187f40232b4968,0,/mnt/datadisk/./datasets/0/VirusShare_66d10707e4d4176ba4187f40232b4968,,
VirusShare_7372fe66ac5962c5822a0fa83007457b,7372fe66ac5962c5822a0fa83007457b,0,/mnt/datadisk/./datasets/0/VirusShare_7372fe66ac5962c5822a0fa83007457b,,
VirusShare_23ae54b56184538321b775b1d9d12bd7,23ae54b56184538321b775b1d9d12bd7,0,/mnt/datadisk/./datasets/0/VirusShare_23ae54b56184538321b775b1d9d12bd7,,
VirusShare_b15da1427c81791e068fb73df1be4a59,b15da1427c81791e068fb73df1be4a59,0,/mnt/datadisk/./datasets/0/VirusShare_b15da1427c81791e068fb73df1be4a59,,
VirusShare_8e2b8024d488aa1a21c8df6cd38a8a61,8e2b8024d488aa1a21c8df6cd38a8a61,1,/mnt/datadisk/./datasets/1/VirusShare_8e2b8024d488aa1a21c8df6cd38a8a61,,
VirusShare_67a6ae9185924d38b14277f4206a6d6d,67a6ae9185924d38b14277f4206a6d6d,1,/mnt/datadisk/./datasets/1/VirusShare_67a6ae9185924d38b14277f4206a6d6d,,
VirusShare_9c1e56dcbf2726c86bcda09a4fc3c459,9c1e56dcbf2726c86bcda09a4fc3c459,1,/mnt/datadisk/./datasets/1/VirusShare_9c1e56dcbf2726c86bcda09a4fc3c459,,
VirusShare_ea47877f5cc0bd4440b8987a5b16e13c,ea47877f5cc0bd4440b8987a5b16e13c,0,/mnt/datadisk/./datasets/0/VirusShare_ea47877f5cc0bd4440b8987a5b16e13c,,
VirusShare_c922041b69d35a08c16829ccafeeaa22,c922041b69d35a08c16829ccafeeaa22,1,/mnt/datadisk/./datasets/1/VirusShare_c922041b69d35a08c16829ccafeeaa22,,
VirusShare_c406d168c1a803e93c7b11defef60db6,c406d168c1a803e93c7b11defef60db6,0,/mnt/datadisk/./datasets/0/VirusShare_c406d168c1a803e93c7b11defef60db6,,
VirusShare_eedb81b56bc370a9fc6858d2530dfff9,eedb81b56bc370a9fc6858d2530dfff9,1,/mnt/datadisk/./datasets/1/VirusShare_eedb81b56bc370a9fc6858d2530dfff9,,
VirusShare_36a97c2b3a0e5fa22125092e92177bbb,36a97c2b3a0e5fa22125092e92177bbb,1,/mnt/datadisk/./datasets/1/VirusShare_36a97c2b3a0e5fa22125092e92177bbb,,
VirusShare_c4c96f39bf326638a0ebb306d928a6bf,c4c96f39bf326638a0ebb306d928a6bf,0,/mnt/datadisk/./datasets/0/VirusShare_c4c96f39bf326638a0ebb306d928a6bf,,
VirusShare_e3d34da9fdb32c9f9309b7ffca5ba16f,e3d34da9fdb32c9f9309b7ffca5ba16f,0,/mnt/datadisk/./datasets/0/VirusShare_e3d34da9fdb32c9f9309b7ffca5ba16f,,
VirusShare_a3de23947a6b99739ef452e875bbfb38,a3de23947a6b99739ef452e875bbfb38,1,/mnt/datadisk/./datasets/1/VirusShare_a3de23947a6b99739ef452e875bbfb38,,
VirusShare_671796e47785ee83a589e04729bba0b1,671796e47785ee83a589e04729bba0b1,1,/mnt/datadisk/./datasets/1/VirusShare_671796e47785ee83a589e04729bba0b1,,
VirusShare_121b5a5b3629c9c546e82184cffc65ee,121b5a5b3629c9c546e82184cffc65ee,0,/mnt/datadisk/./datasets/0/VirusShare_121b5a5b3629c9c546e82184cffc65ee,,
VirusShare_f38396702ce23707943669a847be558c,f38396702ce23707943669a847be558c,0,/mnt/datadisk/./datasets/0/VirusShare_f38396702ce23707943669a847be558c,,
VirusShare_134d8d64ec1764832be1b811f0a2e4f7,134d8d64ec1764832be1b811f0a2e4f7,1,/mnt/datadisk/./datasets/1/VirusShare_134d8d64ec1764832be1b811f0a2e4f7,,
VirusShare_ce9ffd4406e9e5bf6caaee752341c9db,ce9ffd4406e9e5bf6caaee752341c9db,1,/mnt/datadisk/./datasets/1/VirusShare_ce9ffd4406e9e5bf6caaee752341c9db,,
VirusShare_5ca981d1ea8734120df9534d00037ada,5ca981d1ea8734120df9534d00037ada,1,/mnt/datadisk/./datasets/1/VirusShare_5ca981d1ea8734120df9534d00037ada,,
VirusShare_834e05af27bfe0fcdb045a226d37196d,834e05af27bfe0fcdb045a226d37196d,0,/mnt/datadisk/./datasets/0/VirusShare_834e05af27bfe0fcdb045a226d37196d,,
VirusShare_a544ae86a4d1c26ac73768d82254e846,a544ae86a4d1c26ac73768d82254e846,0,/mnt/datadisk/./datasets/0/VirusShare_a544ae86a4d1c26ac73768d82254e846,,
VirusShare_604d38de28b46f8d295f959112722961,604d38de28b46f8d295f959112722961,0,/mnt/datadisk/./datasets/0/VirusShare_604d38de28b46f8d295f959112722961,,
VirusShare_ab4330a902cc9dc1506f85b8e785a040,ab4330a902cc9dc1506f85b8e785a040,0,/mnt/datadisk/./datasets/0/VirusShare_ab4330a902cc9dc1506f85b8e785a040,,
VirusShare_0ad64de0cd451463d8ed4cda4d12ab35,0ad64de0cd451463d8ed4cda4d12ab35,0,/mnt/datadisk/./datasets/0/VirusShare_0ad64de0cd451463d8ed4cda4d12ab35,,
VirusShare_2d0e3b7c478efc129346ef64c58848a8,2d0e3b7c478efc129346ef64c58848a8,0,/mnt/datadisk/./datasets/0/VirusShare_2d0e3b7c478efc129346ef64c58848a8,,
VirusShare_08ebf62926ada432a9153fb149cf2600,08ebf62926ada432a9153fb149cf2600,1,/mnt/datadisk/./datasets/1/VirusShare_08ebf62926ada432a9153fb149cf2600,,
VirusShare_1ab42de12a10cb3ef2be88ab2ef1a9b4,1ab42de12a10cb3ef2be88ab2ef1a9b4,1,/mnt/datadisk/./datasets/1/VirusShare_1ab42de12a10cb3ef2be88ab2ef1a9b4,,
VirusShare_bd3bac7cbb7fc6f6ef7854717a9f1979,bd3bac7cbb7fc6f6ef7854717a9f1979,0,/mnt/datadisk/./datasets/0/VirusShare_bd3bac7cbb7fc6f6ef7854717a9f1979,,
VirusShare_7aecf5ef76cce9539b3a1f708384a783,7aecf5ef76cce9539b3a1f708384a783,1,/mnt/datadisk/./datasets/1/VirusShare_7aecf5ef76cce9539b3a1f708384a783,,
VirusShare_1b47f2fc92e43eca8354614ff83f373d,1b47f2fc92e43eca8354614ff83f373d,1,/mnt/datadisk/./datasets/1/VirusShare_1b47f2fc92e43eca8354614ff83f373d,,
VirusShare_613a4649a004b3f592c71001740e48e9,613a4649a004b3f592c71001740e48e9,1,/mnt/datadisk/./datasets/1/VirusShare_613a4649a004b3f592c71001740e48e9,,
VirusShare_b73300b34cb2f980298c6737568d850e,b73300b34cb2f980298c6737568d850e,1,/mnt/datadisk/./datasets/1/VirusShare_b73300b34cb2f980298c6737568d850e,,
VirusShare_29a0ff2441d2087409cb65657e8c32ed,29a0ff2441d2087409cb65657e8c32ed,0,/mnt/datadisk/./datasets/0/VirusShare_29a0ff2441d2087409cb65657e8c32ed,,
VirusShare_166adf935e191ff2f086b2a12e0c5455,166adf935e191ff2f086b2a12e0c5455,0,/mnt/datadisk/./datasets/0/VirusShare_166adf935e191ff2f086b2a12e0c5455,,
VirusShare_ba624f44b60507a12b59858e6f780232,ba624f44b60507a12b59858e6f780232,0,/mnt/datadisk/./datasets/0/VirusShare_ba624f44b60507a12b59858e6f780232,,
VirusShare_95197a96207b21b72ea9c833877d65db,95197a96207b21b72ea9c833877d65db,0,/mnt/datadisk/./datasets/0/VirusShare_95197a96207b21b72ea9c833877d65db,,
VirusShare_be4e698ba53ca61e27fbf6be905c76de,be4e698ba53ca61e27fbf6be905c76de,0,/mnt/datadisk/./datasets/0/VirusShare_be4e698ba53ca61e27fbf6be905c76de,,
VirusShare_ba5a15fbef0e281e3dc7d5974574eb84,ba5a15fbef0e281e3dc7d5974574eb84,0,/mnt/datadisk/./datasets/0/VirusShare_ba5a15fbef0e281e3dc7d5974574eb84,,
VirusShare_ea79552bdb9f1eb0b28922e7ff5ae59c,ea79552bdb9f1eb0b28922e7ff5ae59c,1,/mnt/datadisk/./datasets/1/VirusShare_ea79552bdb9f1eb0b28922e7ff5ae59c,,
VirusShare_03af914320161e532af7b08a922c84ce,03af914320161e532af7b08a922c84ce,0,/mnt/datadisk/./datasets/0/VirusShare_03af914320161e532af7b08a922c84ce,,
VirusShare_a9c73c1086f0656ccca83ef966ba44ab,a9c73c1086f0656ccca83ef966ba44ab,1,/mnt/datadisk/./datasets/1/VirusShare_a9c73c1086f0656ccca83ef966ba44ab,,
VirusShare_c124044a1b1bd8b439ffcece3155add7,c124044a1b1bd8b439ffcece3155add7,0,/mnt/datadisk/./datasets/0/VirusShare_c124044a1b1bd8b439ffcece3155add7,,
VirusShare_5f68514e453dcb5268eed46cabc70f35,5f68514e453dcb5268eed46cabc70f35,0,/mnt/datadisk/./datasets/0/VirusShare_5f68514e453dcb5268eed46cabc70f35,,
VirusShare_bd8e1229858caf1f68a3ae57b05341ce,bd8e1229858caf1f68a3ae57b05341ce,1,/mnt/datadisk/./datasets/1/VirusShare_bd8e1229858caf1f68a3ae57b05341ce,,
VirusShare_c1f0796efffc88b8758e9b2ba5559918,c1f0796efffc88b8758e9b2ba5559918,0,/mnt/datadisk/./datasets/0/VirusShare_c1f0796efffc88b8758e9b2ba5559918,,
VirusShare_8fb22c59398b952a2ab406e3f4304013,8fb22c59398b952a2ab406e3f4304013,0,/mnt/datadisk/./datasets/0/VirusShare_8fb22c59398b952a2ab406e3f4304013,,
VirusShare_ae31f59f3384d9988602219352ac9d6a,ae31f59f3384d9988602219352ac9d6a,0,/mnt/datadisk/./datasets/0/VirusShare_ae31f59f3384d9988602219352ac9d6a,,
VirusShare_4066cdf4fd6c449bb3d322b05b950712,4066cdf4fd6c449bb3d322b05b950712,0,/mnt/datadisk/./datasets/0/VirusShare_4066cdf4fd6c449bb3d322b05b950712,,
VirusShare_db16ce67e282d3e13abbaca7e1f341df,db16ce67e282d3e13abbaca7e1f341df,1,/mnt/datadisk/./datasets/1/VirusShare_db16ce67e282d3e13abbaca7e1f341df,,
VirusShare_812511e33bf95184932cd822d70a425b,812511e33bf95184932cd822d70a425b,0,/mnt/datadisk/./datasets/0/VirusShare_812511e33bf95184932cd822d70a425b,,
VirusShare_7d90c2f4b21be2bfd4ab341b9ebc22d7,7d90c2f4b21be2bfd4ab341b9ebc22d7,0,/mnt/datadisk/./datasets/0/VirusShare_7d90c2f4b21be2bfd4ab341b9ebc22d7,,
VirusShare_f8e06cead44db4efa3005867c18049f7,f8e06cead44db4efa3005867c18049f7,0,/mnt/datadisk/./datasets/0/VirusShare_f8e06cead44db4efa3005867c18049f7,,
VirusShare_3167cbc8ee1f2d8ed2f37653de572c99,3167cbc8ee1f2d8ed2f37653de572c99,0,/mnt/datadisk/./datasets/0/VirusShare_3167cbc8ee1f2d8ed2f37653de572c99,,
VirusShare_9a1dc77d16dfe77e0665aa098fb82259,9a1dc77d16dfe77e0665aa098fb82259,0,/mnt/datadisk/./datasets/0/VirusShare_9a1dc77d16dfe77e0665aa098fb82259,,
VirusShare_39300915741b61b60f90148ac77f8e67,39300915741b61b60f90148ac77f8e67,0,/mnt/datadisk/./datasets/0/VirusShare_39300915741b61b60f90148ac77f8e67,,
VirusShare_7f60cf8d6362c02748b0f294928d2d59,7f60cf8d6362c02748b0f294928d2d59,1,/mnt/datadisk/./datasets/1/VirusShare_7f60cf8d6362c02748b0f294928d2d59,,
VirusShare_44f8e8dad422f293fe8b66c500aa5c18,44f8e8dad422f293fe8b66c500aa5c18,0,/mnt/datadisk/./datasets/0/VirusShare_44f8e8dad422f293fe8b66c500aa5c18,,
VirusShare_a10487572494dfd3904429878e0445ad,a10487572494dfd3904429878e0445ad,0,/mnt/datadisk/./datasets/0/VirusShare_a10487572494dfd3904429878e0445ad,,
VirusShare_1646800bf2636d9657dd18c2ff6c14c3,1646800bf2636d9657dd18c2ff6c14c3,0,/mnt/datadisk/./datasets/0/VirusShare_1646800bf2636d9657dd18c2ff6c14c3,,
VirusShare_fe6da89f800e17d62df98ce2298e8b5b,fe6da89f800e17d62df98ce2298e8b5b,1,/mnt/datadisk/./datasets/1/VirusShare_fe6da89f800e17d62df98ce2298e8b5b,,
VirusShare_638b7b5c029405a05e4ac740058ff30f,638b7b5c029405a05e4ac740058ff30f,0,/mnt/datadisk/./datasets/0/VirusShare_638b7b5c029405a05e4ac740058ff30f,,
VirusShare_16d561d3655d7f32a80c5bcc6c1975c1,16d561d3655d7f32a80c5bcc6c1975c1,1,/mnt/datadisk/./datasets/1/VirusShare_16d561d3655d7f32a80c5bcc6c1975c1,,
VirusShare_ecbfa8953c4e37bb4033e9c14425a310,ecbfa8953c4e37bb4033e9c14425a310,0,/mnt/datadisk/./datasets/0/VirusShare_ecbfa8953c4e37bb4033e9c14425a310,,
VirusShare_e204c787d483498253e8289b6568048c,e204c787d483498253e8289b6568048c,0,/mnt/datadisk/./datasets/0/VirusShare_e204c787d483498253e8289b6568048c,,
VirusShare_03f6e596a5a8e7c44cd51e4de23b5dc9,03f6e596a5a8e7c44cd51e4de23b5dc9,1,/mnt/datadisk/./datasets/1/VirusShare_03f6e596a5a8e7c44cd51e4de23b5dc9,,
VirusShare_40b7fd74f56258a845275f8e58194e04,40b7fd74f56258a845275f8e58194e04,0,/mnt/datadisk/./datasets/0/VirusShare_40b7fd74f56258a845275f8e58194e04,,
VirusShare_1cc3f37d095d196d1cb6979b8dfc4e83,1cc3f37d095d196d1cb6979b8dfc4e83,0,/mnt/datadisk/./datasets/0/VirusShare_1cc3f37d095d196d1cb6979b8dfc4e83,,
VirusShare_d3b82693b74a4f34179d420f2758561c,d3b82693b74a4f34179d420f2758561c,0,/mnt/datadisk/./datasets/0/VirusShare_d3b82693b74a4f34179d420f2758561c,,
VirusShare_0ccbc1f1c5bd3f97653072aad1d56305,0ccbc1f1c5bd3f97653072aad1d56305,0,/mnt/datadisk/./datasets/0/VirusShare_0ccbc1f1c5bd3f97653072aad1d56305,,
VirusShare_aec08c84f6d56510e965bd55ce2469ca,aec08c84f6d56510e965bd55ce2469ca,0,/mnt/datadisk/./datasets/0/VirusShare_aec08c84f6d56510e965bd55ce2469ca,,
VirusShare_f2a3f641be45c023bb6fd29e3d2c4b0a,f2a3f641be45c023bb6fd29e3d2c4b0a,0,/mnt/datadisk/./datasets/0/VirusShare_f2a3f641be45c023bb6fd29e3d2c4b0a,,
VirusShare_61b1d125dd65850b7195cdc2edc1f3c8,61b1d125dd65850b7195cdc2edc1f3c8,0,/mnt/datadisk/./datasets/0/VirusShare_61b1d125dd65850b7195cdc2edc1f3c8,,
VirusShare_bf701d542de18ee3b762b70caeed0b9f,bf701d542de18ee3b762b70caeed0b9f,0,/mnt/datadisk/./datasets/0/VirusShare_bf701d542de18ee3b762b70caeed0b9f,,
VirusShare_c4946b5aae3a23649b9972d2158b0f46,c4946b5aae3a23649b9972d2158b0f46,0,/mnt/datadisk/./datasets/0/VirusShare_c4946b5aae3a23649b9972d2158b0f46,,
VirusShare_d4f047d53fee38160cca298411811cbc,d4f047d53fee38160cca298411811cbc,0,/mnt/datadisk/./datasets/0/VirusShare_d4f047d53fee38160cca298411811cbc,,
VirusShare_f996e06df7968f726d7eb755819e4226,f996e06df7968f726d7eb755819e4226,1,/mnt/datadisk/./datasets/1/VirusShare_f996e06df7968f726d7eb755819e4226,,
VirusShare_a508fab290cc3cd24db6cc604c6415bf,a508fab290cc3cd24db6cc604c6415bf,0,/mnt/datadisk/./datasets/0/VirusShare_a508fab290cc3cd24db6cc604c6415bf,,
VirusShare_86e035ba3dbf2661b96bc98e8f9dc44d,86e035ba3dbf2661b96bc98e8f9dc44d,0,/mnt/datadisk/./datasets/0/VirusShare_86e035ba3dbf2661b96bc98e8f9dc44d,,
VirusShare_665d21893d1c5965bda02bfc43ea6871,665d21893d1c5965bda02bfc43ea6871,0,/mnt/datadisk/./datasets/0/VirusShare_665d21893d1c5965bda02bfc43ea6871,,
VirusShare_e2d0224cbc9076efa907e70395919c8c,e2d0224cbc9076efa907e70395919c8c,0,/mnt/datadisk/./datasets/0/VirusShare_e2d0224cbc9076efa907e70395919c8c,,
VirusShare_f48c7817f6c96bc24d0cc5ce16828e1f,f48c7817f6c96bc24d0cc5ce16828e1f,1,/mnt/datadisk/./datasets/1/VirusShare_f48c7817f6c96bc24d0cc5ce16828e1f,,
VirusShare_cc02075dc552c0b191297da25aefbc95,cc02075dc552c0b191297da25aefbc95,0,/mnt/datadisk/./datasets/0/VirusShare_cc02075dc552c0b191297da25aefbc95,,
VirusShare_59566246fe8092504d81b2338ed2199f,59566246fe8092504d81b2338ed2199f,0,/mnt/datadisk/./datasets/0/VirusShare_59566246fe8092504d81b2338ed2199f,,
VirusShare_0b0aaa49dbf0fb4b66bfad33e704bd46,0b0aaa49dbf0fb4b66bfad33e704bd46,0,/mnt/datadisk/./datasets/0/VirusShare_0b0aaa49dbf0fb4b66bfad33e704bd46,,
VirusShare_6eae4033fcf6e7b9bf510ddd176e7ae2,6eae4033fcf6e7b9bf510ddd176e7ae2,0,/mnt/datadisk/./datasets/0/VirusShare_6eae4033fcf6e7b9bf510ddd176e7ae2,,
VirusShare_a5de2fa61adbbb7c487b788c5b2cc97d,a5de2fa61adbbb7c487b788c5b2cc97d,1,/mnt/datadisk/./datasets/1/VirusShare_a5de2fa61adbbb7c487b788c5b2cc97d,,
VirusShare_879db45d072432ee5e6c823246a4b7e8,879db45d072432ee5e6c823246a4b7e8,0,/mnt/datadisk/./datasets/0/VirusShare_879db45d072432ee5e6c823246a4b7e8,,
VirusShare_7b1ad881708336e5b8153c12cc70de8f,7b1ad881708336e5b8153c12cc70de8f,1,/mnt/datadisk/./datasets/1/VirusShare_7b1ad881708336e5b8153c12cc70de8f,,
VirusShare_793d6d21f9ae80758063480e03f9fabf,793d6d21f9ae80758063480e03f9fabf,0,/mnt/datadisk/./datasets/0/VirusShare_793d6d21f9ae80758063480e03f9fabf,,
VirusShare_4d2881108d102f5bdc0fc292f0d123c0,4d2881108d102f5bdc0fc292f0d123c0,1,/mnt/datadisk/./datasets/1/VirusShare_4d2881108d102f5bdc0fc292f0d123c0,,
VirusShare_362e27030490ad0046e99d06ba05bc69,362e27030490ad0046e99d06ba05bc69,1,/mnt/datadisk/./datasets/1/VirusShare_362e27030490ad0046e99d06ba05bc69,,
VirusShare_a39abadac0c1efadf32853a68352b595,a39abadac0c1efadf32853a68352b595,1,/mnt/datadisk/./datasets/1/VirusShare_a39abadac0c1efadf32853a68352b595,,
VirusShare_fb3f9b239d59001f5e2fdd679ca5fb52,fb3f9b239d59001f5e2fdd679ca5fb52,1,/mnt/datadisk/./datasets/1/VirusShare_fb3f9b239d59001f5e2fdd679ca5fb52,,
VirusShare_00b971d443106183dbe2308cff654e3c,00b971d443106183dbe2308cff654e3c,1,/mnt/datadisk/./datasets/1/VirusShare_00b971d443106183dbe2308cff654e3c,,
VirusShare_d78e6fa2f3e8cc5ddfe71c20509135e9,d78e6fa2f3e8cc5ddfe71c20509135e9,0,/mnt/datadisk/./datasets/0/VirusShare_d78e6fa2f3e8cc5ddfe71c20509135e9,,
VirusShare_bbd1ca9ac8db2ec812d6680ba3077600,bbd1ca9ac8db2ec812d6680ba3077600,1,/mnt/datadisk/./datasets/1/VirusShare_bbd1ca9ac8db2ec812d6680ba3077600,,
VirusShare_557736f7779f5a0240956502fa95c41f,557736f7779f5a0240956502fa95c41f,0,/mnt/datadisk/./datasets/0/VirusShare_557736f7779f5a0240956502fa95c41f,,
VirusShare_99726582fc0e576e36039e40a3a95a9c,99726582fc0e576e36039e40a3a95a9c,0,/mnt/datadisk/./datasets/0/VirusShare_99726582fc0e576e36039e40a3a95a9c,,
VirusShare_6ec8b69ebf2a74e695eb4f033f2ccb9f,6ec8b69ebf2a74e695eb4f033f2ccb9f,0,/mnt/datadisk/./datasets/0/VirusShare_6ec8b69ebf2a74e695eb4f033f2ccb9f,,
VirusShare_19f613282c4a697d3c7fcdd550fbb255,19f613282c4a697d3c7fcdd550fbb255,0,/mnt/datadisk/./datasets/0/VirusShare_19f613282c4a697d3c7fcdd550fbb255,,
VirusShare_2fe3cea5e3878d412f71b01b42348bb5,2fe3cea5e3878d412f71b01b42348bb5,0,/mnt/datadisk/./datasets/0/VirusShare_2fe3cea5e3878d412f71b01b42348bb5,,
VirusShare_b7467ad228baadcf52024e87e376d015,b7467ad228baadcf52024e87e376d015,1,/mnt/datadisk/./datasets/1/VirusShare_b7467ad228baadcf52024e87e376d015,,
VirusShare_a33156a007d83a874f756bf9ef4233d6,a33156a007d83a874f756bf9ef4233d6,0,/mnt/datadisk/./datasets/0/VirusShare_a33156a007d83a874f756bf9ef4233d6,,
VirusShare_067918420b357a5df9520da803e10db9,067918420b357a5df9520da803e10db9,1,/mnt/datadisk/./datasets/1/VirusShare_067918420b357a5df9520da803e10db9,,
VirusShare_4fad4a8bb1c96dacd1c27c561d0fb14d,4fad4a8bb1c96dacd1c27c561d0fb14d,0,/mnt/datadisk/./datasets/0/VirusShare_4fad4a8bb1c96dacd1c27c561d0fb14d,,
VirusShare_ddb918c897e01fe028798ed3fa0c06c9,ddb918c897e01fe028798ed3fa0c06c9,0,/mnt/datadisk/./datasets/0/VirusShare_ddb918c897e01fe028798ed3fa0c06c9,,
VirusShare_1ac6e8a67f5bafcdb22f1e36b3ff4b51,1ac6e8a67f5bafcdb22f1e36b3ff4b51,0,/mnt/datadisk/./datasets/0/VirusShare_1ac6e8a67f5bafcdb22f1e36b3ff4b51,,
VirusShare_6fdae295ebe3257a9cdd5ed1dc9a7831,6fdae295ebe3257a9cdd5ed1dc9a7831,0,/mnt/datadisk/./datasets/0/VirusShare_6fdae295ebe3257a9cdd5ed1dc9a7831,,
VirusShare_2aba80a866b1acb1be889e4bcccddacb,2aba80a866b1acb1be889e4bcccddacb,1,/mnt/datadisk/./datasets/1/VirusShare_2aba80a866b1acb1be889e4bcccddacb,,
VirusShare_1fbbddf7b56492927889d05c985963da,1fbbddf7b56492927889d05c985963da,0,/mnt/datadisk/./datasets/0/VirusShare_1fbbddf7b56492927889d05c985963da,,
VirusShare_a4118db763f38f44c6869f3d46442aa0,a4118db763f38f44c6869f3d46442aa0,1,/mnt/datadisk/./datasets/1/VirusShare_a4118db763f38f44c6869f3d46442aa0,,
VirusShare_a31727e86c292e8353b8887fc19aac02,a31727e86c292e8353b8887fc19aac02,1,/mnt/datadisk/./datasets/1/VirusShare_a31727e86c292e8353b8887fc19aac02,,
VirusShare_92832ac2a4a56686e2f65ec61f4f30c6,92832ac2a4a56686e2f65ec61f4f30c6,0,/mnt/datadisk/./datasets/0/VirusShare_92832ac2a4a56686e2f65ec61f4f30c6,,
VirusShare_59bfbfe91b99c6246f7c152513a85fc8,59bfbfe91b99c6246f7c152513a85fc8,1,/mnt/datadisk/./datasets/1/VirusShare_59bfbfe91b99c6246f7c152513a85fc8,,
VirusShare_32c4598909aae6223e438cfd5e22b5d9,32c4598909aae6223e438cfd5e22b5d9,0,/mnt/datadisk/./datasets/0/VirusShare_32c4598909aae6223e438cfd5e22b5d9,,
VirusShare_6ea31c8ff3182167094152e037185a07,6ea31c8ff3182167094152e037185a07,0,/mnt/datadisk/./datasets/0/VirusShare_6ea31c8ff3182167094152e037185a07,,
VirusShare_12179235fe98910a7c2ea71d756f6117,12179235fe98910a7c2ea71d756f6117,0,/mnt/datadisk/./datasets/0/VirusShare_12179235fe98910a7c2ea71d756f6117,,
VirusShare_5b46c32541a589115391c5c5258215d2,5b46c32541a589115391c5c5258215d2,0,/mnt/datadisk/./datasets/0/VirusShare_5b46c32541a589115391c5c5258215d2,,
VirusShare_a8d02fc5560d7d6aeb6b48dcbb6dee32,a8d02fc5560d7d6aeb6b48dcbb6dee32,0,/mnt/datadisk/./datasets/0/VirusShare_a8d02fc5560d7d6aeb6b48dcbb6dee32,,
VirusShare_375fdb4ca63005b3996331ce5dda0638,375fdb4ca63005b3996331ce5dda0638,0,/mnt/datadisk/./datasets/0/VirusShare_375fdb4ca63005b3996331ce5dda0638,,
VirusShare_5193bfdb36d398a7f71c1145c969060a,5193bfdb36d398a7f71c1145c969060a,1,/mnt/datadisk/./datasets/1/VirusShare_5193bfdb36d398a7f71c1145c969060a,,
VirusShare_fc13da1931cb4019556e85181fcde81a,fc13da1931cb4019556e85181fcde81a,0,/mnt/datadisk/./datasets/0/VirusShare_fc13da1931cb4019556e85181fcde81a,,
VirusShare_31a5b9f7b8330500f0b4a291f0bce193,31a5b9f7b8330500f0b4a291f0bce193,0,/mnt/datadisk/./datasets/0/VirusShare_31a5b9f7b8330500f0b4a291f0bce193,,
VirusShare_eed58826edd5d2a35e0b6ac4c52215d9,eed58826edd5d2a35e0b6ac4c52215d9,0,/mnt/datadisk/./datasets/0/VirusShare_eed58826edd5d2a35e0b6ac4c52215d9,,
VirusShare_b4be1ab59dfc8fb15e8fac550a0c5fa9,b4be1ab59dfc8fb15e8fac550a0c5fa9,0,/mnt/datadisk/./datasets/0/VirusShare_b4be1ab59dfc8fb15e8fac550a0c5fa9,,
VirusShare_29b569652b67f415ae7000c9df7a4a1a,29b569652b67f415ae7000c9df7a4a1a,0,/mnt/datadisk/./datasets/0/VirusShare_29b569652b67f415ae7000c9df7a4a1a,,
VirusShare_9d4b248b9355f43d726b08dbd4d5d34e,9d4b248b9355f43d726b08dbd4d5d34e,1,/mnt/datadisk/./datasets/1/VirusShare_9d4b248b9355f43d726b08dbd4d5d34e,,
VirusShare_d76e579cfb617b7398100a4073ba5063,d76e579cfb617b7398100a4073ba5063,0,/mnt/datadisk/./datasets/0/VirusShare_d76e579cfb617b7398100a4073ba5063,,
VirusShare_be560b37b5862c245f51d132ac16bb59,be560b37b5862c245f51d132ac16bb59,0,/mnt/datadisk/./datasets/0/VirusShare_be560b37b5862c245f51d132ac16bb59,,
VirusShare_acdadc6459baa83a45fa113ec981c6d7,acdadc6459baa83a45fa113ec981c6d7,0,/mnt/datadisk/./datasets/0/VirusShare_acdadc6459baa83a45fa113ec981c6d7,,
VirusShare_bd4b15d59a092096fe26478a1a798762,bd4b15d59a092096fe26478a1a798762,0,/mnt/datadisk/./datasets/0/VirusShare_bd4b15d59a092096fe26478a1a798762,,
VirusShare_d0068646a2dbb58e4467c08bbdc76499,d0068646a2dbb58e4467c08bbdc76499,1,/mnt/datadisk/./datasets/1/VirusShare_d0068646a2dbb58e4467c08bbdc76499,,
VirusShare_7f8c45e63a5603e71788b665f5979846,7f8c45e63a5603e71788b665f5979846,1,/mnt/datadisk/./datasets/1/VirusShare_7f8c45e63a5603e71788b665f5979846,,
VirusShare_faef0d9b3560bc75a0bb3d6b5b8e7415,faef0d9b3560bc75a0bb3d6b5b8e7415,1,/mnt/datadisk/./datasets/1/VirusShare_faef0d9b3560bc75a0bb3d6b5b8e7415,,
VirusShare_44629efb76ce5ad566faa044e74699f0,44629efb76ce5ad566faa044e74699f0,0,/mnt/datadisk/./datasets/0/VirusShare_44629efb76ce5ad566faa044e74699f0,,
VirusShare_157b23151314101628aa26911d019799,157b23151314101628aa26911d019799,1,/mnt/datadisk/./datasets/1/VirusShare_157b23151314101628aa26911d019799,,
VirusShare_05a92dc9ccc22f0188151d7cd06397ff,05a92dc9ccc22f0188151d7cd06397ff,1,/mnt/datadisk/./datasets/1/VirusShare_05a92dc9ccc22f0188151d7cd06397ff,,
VirusShare_2b26fb332ceca5db7983d7734d26db2d,2b26fb332ceca5db7983d7734d26db2d,1,/mnt/datadisk/./datasets/1/VirusShare_2b26fb332ceca5db7983d7734d26db2d,,
VirusShare_c103affc5c8da80c548843056f2c6b6c,c103affc5c8da80c548843056f2c6b6c,1,/mnt/datadisk/./datasets/1/VirusShare_c103affc5c8da80c548843056f2c6b6c,,
VirusShare_30f750bf280e44a3c276ee4bfd2c218c,30f750bf280e44a3c276ee4bfd2c218c,0,/mnt/datadisk/./datasets/0/VirusShare_30f750bf280e44a3c276ee4bfd2c218c,,
VirusShare_98c9a91f2600e978af3f563bb373589a,98c9a91f2600e978af3f563bb373589a,1,/mnt/datadisk/./datasets/1/VirusShare_98c9a91f2600e978af3f563bb373589a,,
VirusShare_c19dcc4a7009930684caebb657f3a1d2,c19dcc4a7009930684caebb657f3a1d2,0,/mnt/datadisk/./datasets/0/VirusShare_c19dcc4a7009930684caebb657f3a1d2,,
VirusShare_655d8ba314dbcdc1f4ac4cc19a104d91,655d8ba314dbcdc1f4ac4cc19a104d91,0,/mnt/datadisk/./datasets/0/VirusShare_655d8ba314dbcdc1f4ac4cc19a104d91,,
VirusShare_e66d517a592d12f21996e0c090330208,e66d517a592d12f21996e0c090330208,1,/mnt/datadisk/./datasets/1/VirusShare_e66d517a592d12f21996e0c090330208,,
VirusShare_42261263eb8f1a255abc83b82d6fe279,42261263eb8f1a255abc83b82d6fe279,0,/mnt/datadisk/./datasets/0/VirusShare_42261263eb8f1a255abc83b82d6fe279,,
VirusShare_7f29a23e6c7603b28b5aa8e809a65869,7f29a23e6c7603b28b5aa8e809a65869,0,/mnt/datadisk/./datasets/0/VirusShare_7f29a23e6c7603b28b5aa8e809a65869,,
VirusShare_a3c947aa6771530d60aa866adddc8135,a3c947aa6771530d60aa866adddc8135,1,/mnt/datadisk/./datasets/1/VirusShare_a3c947aa6771530d60aa866adddc8135,,
VirusShare_8c9c36e5d5db69e8104b4161a4972e7c,8c9c36e5d5db69e8104b4161a4972e7c,0,/mnt/datadisk/./datasets/0/VirusShare_8c9c36e5d5db69e8104b4161a4972e7c,,
VirusShare_d87e98ed8d311ac66d53ab29a89f984e,d87e98ed8d311ac66d53ab29a89f984e,1,/mnt/datadisk/./datasets/1/VirusShare_d87e98ed8d311ac66d53ab29a89f984e,,
VirusShare_3ed705117666c46dffb45dbb5e1c8f7d,3ed705117666c46dffb45dbb5e1c8f7d,1,/mnt/datadisk/./datasets/1/VirusShare_3ed705117666c46dffb45dbb5e1c8f7d,,
VirusShare_a7171ec764bd9bfd2b44088e84d22341,a7171ec764bd9bfd2b44088e84d22341,1,/mnt/datadisk/./datasets/1/VirusShare_a7171ec764bd9bfd2b44088e84d22341,,
VirusShare_61efd397f4a9b8bda0056a65d00b92f2,61efd397f4a9b8bda0056a65d00b92f2,0,/mnt/datadisk/./datasets/0/VirusShare_61efd397f4a9b8bda0056a65d00b92f2,,
VirusShare_f02d4b137551d4907433398c13567904,f02d4b137551d4907433398c13567904,0,/mnt/datadisk/./datasets/0/VirusShare_f02d4b137551d4907433398c13567904,,
VirusShare_1f808d56ccf6c1949976538e5c82d63a,1f808d56ccf6c1949976538e5c82d63a,1,/mnt/datadisk/./datasets/1/VirusShare_1f808d56ccf6c1949976538e5c82d63a,,
VirusShare_b7e23e1b78373254f936d5dec75fdf00,b7e23e1b78373254f936d5dec75fdf00,0,/mnt/datadisk/./datasets/0/VirusShare_b7e23e1b78373254f936d5dec75fdf00,,
VirusShare_18f19f0bd17ae9c6462802e5dc9218b8,18f19f0bd17ae9c6462802e5dc9218b8,0,/mnt/datadisk/./datasets/0/VirusShare_18f19f0bd17ae9c6462802e5dc9218b8,,
VirusShare_8299c260bda82a0560f56414c86dd369,8299c260bda82a0560f56414c86dd369,0,/mnt/datadisk/./datasets/0/VirusShare_8299c260bda82a0560f56414c86dd369,,
VirusShare_420ed511278a374a5a87bd3d10f80650,420ed511278a374a5a87bd3d10f80650,1,/mnt/datadisk/./datasets/1/VirusShare_420ed511278a374a5a87bd3d10f80650,,
VirusShare_102ed3cdc8ee32a44e9d8eab78eb45b6,102ed3cdc8ee32a44e9d8eab78eb45b6,0,/mnt/datadisk/./datasets/0/VirusShare_102ed3cdc8ee32a44e9d8eab78eb45b6,,
VirusShare_6efb9a616d9680c984ea9710ef653371,6efb9a616d9680c984ea9710ef653371,0,/mnt/datadisk/./datasets/0/VirusShare_6efb9a616d9680c984ea9710ef653371,,
VirusShare_68dc95576f1ac1bd38ab1b658d66b1d0,68dc95576f1ac1bd38ab1b658d66b1d0,1,/mnt/datadisk/./datasets/1/VirusShare_68dc95576f1ac1bd38ab1b658d66b1d0,,
VirusShare_8fb5f41fbfb980df9007d726d474af80,8fb5f41fbfb980df9007d726d474af80,1,/mnt/datadisk/./datasets/1/VirusShare_8fb5f41fbfb980df9007d726d474af80,,
VirusShare_d33033ec873845cafcb481a280ec2821,d33033ec873845cafcb481a280ec2821,0,/mnt/datadisk/./datasets/0/VirusShare_d33033ec873845cafcb481a280ec2821,,
VirusShare_71e70ee982b147acbf2deb25c06fb58d,71e70ee982b147acbf2deb25c06fb58d,1,/mnt/datadisk/./datasets/1/VirusShare_71e70ee982b147acbf2deb25c06fb58d,,
VirusShare_72f69f921faecb75627737a22eddb6f9,72f69f921faecb75627737a22eddb6f9,0,/mnt/datadisk/./datasets/0/VirusShare_72f69f921faecb75627737a22eddb6f9,,
VirusShare_057cdfbcf8a2ff92a8245e3d8de9fabf,057cdfbcf8a2ff92a8245e3d8de9fabf,0,/mnt/datadisk/./datasets/0/VirusShare_057cdfbcf8a2ff92a8245e3d8de9fabf,,
VirusShare_f1350fd776297655500455bc6dc086c5,f1350fd776297655500455bc6dc086c5,0,/mnt/datadisk/./datasets/0/VirusShare_f1350fd776297655500455bc6dc086c5,,
VirusShare_c6ece5f750cc4d2a58b7ef63c2ce5233,c6ece5f750cc4d2a58b7ef63c2ce5233,1,/mnt/datadisk/./datasets/1/VirusShare_c6ece5f750cc4d2a58b7ef63c2ce5233,,
VirusShare_575dcbcf8832ad1afd34b8bbe46d43b9,575dcbcf8832ad1afd34b8bbe46d43b9,1,/mnt/datadisk/./datasets/1/VirusShare_575dcbcf8832ad1afd34b8bbe46d43b9,,
VirusShare_ee09c0cafe16690c505602552d93c363,ee09c0cafe16690c505602552d93c363,0,/mnt/datadisk/./datasets/0/VirusShare_ee09c0cafe16690c505602552d93c363,,
VirusShare_66da4f45cbae5079197f8dc2861bb6bb,66da4f45cbae5079197f8dc2861bb6bb,1,/mnt/datadisk/./datasets/1/VirusShare_66da4f45cbae5079197f8dc2861bb6bb,,
VirusShare_bc14d1439d32ab37d98dcf56593f0646,bc14d1439d32ab37d98dcf56593f0646,1,/mnt/datadisk/./datasets/1/VirusShare_bc14d1439d32ab37d98dcf56593f0646,,
VirusShare_774e3776b5358bc7a598d12c1a15a624,774e3776b5358bc7a598d12c1a15a624,0,/mnt/datadisk/./datasets/0/VirusShare_774e3776b5358bc7a598d12c1a15a624,,
VirusShare_0644dbb4286fc5ac63284ebbf25c44d6,0644dbb4286fc5ac63284ebbf25c44d6,0,/mnt/datadisk/./datasets/0/VirusShare_0644dbb4286fc5ac63284ebbf25c44d6,,
VirusShare_b720a1b3938066aaf124f80ec90d4814,b720a1b3938066aaf124f80ec90d4814,0,/mnt/datadisk/./datasets/0/VirusShare_b720a1b3938066aaf124f80ec90d4814,,
VirusShare_9e35622a0775a09cc45eebf71e527cc0,9e35622a0775a09cc45eebf71e527cc0,1,/mnt/datadisk/./datasets/1/VirusShare_9e35622a0775a09cc45eebf71e527cc0,,
VirusShare_df23f2ee20fe4d3c636f88a6d112078b,df23f2ee20fe4d3c636f88a6d112078b,0,/mnt/datadisk/./datasets/0/VirusShare_df23f2ee20fe4d3c636f88a6d112078b,,
VirusShare_51561e400c0cc8bbf34e31dc8fa4a26d,51561e400c0cc8bbf34e31dc8fa4a26d,0,/mnt/datadisk/./datasets/0/VirusShare_51561e400c0cc8bbf34e31dc8fa4a26d,,
VirusShare_c1e6b19ca37b52ee140b8a4e185397e7,c1e6b19ca37b52ee140b8a4e185397e7,1,/mnt/datadisk/./datasets/1/VirusShare_c1e6b19ca37b52ee140b8a4e185397e7,,
VirusShare_9cbc85a93cee1f16ecaf25188169628a,9cbc85a93cee1f16ecaf25188169628a,0,/mnt/datadisk/./datasets/0/VirusShare_9cbc85a93cee1f16ecaf25188169628a,,
VirusShare_4ae36c56070f6b87d319cf92db5330e0,4ae36c56070f6b87d319cf92db5330e0,0,/mnt/datadisk/./datasets/0/VirusShare_4ae36c56070f6b87d319cf92db5330e0,,
VirusShare_8b5977362dfde75c96f23c43eb1d8fee,8b5977362dfde75c96f23c43eb1d8fee,0,/mnt/datadisk/./datasets/0/VirusShare_8b5977362dfde75c96f23c43eb1d8fee,,
VirusShare_ec33ddc242a3382de9d54c94941fcfdb,ec33ddc242a3382de9d54c94941fcfdb,0,/mnt/datadisk/./datasets/0/VirusShare_ec33ddc242a3382de9d54c94941fcfdb,,
VirusShare_34ee39dee8461a049ccc35645042b258,34ee39dee8461a049ccc35645042b258,0,/mnt/datadisk/./datasets/0/VirusShare_34ee39dee8461a049ccc35645042b258,,
VirusShare_4fdbe7365e631c81fd9f2216fb5103f3,4fdbe7365e631c81fd9f2216fb5103f3,0,/mnt/datadisk/./datasets/0/VirusShare_4fdbe7365e631c81fd9f2216fb5103f3,,
VirusShare_fa238c8eecbcf391bcd23cd89710c1e3,fa238c8eecbcf391bcd23cd89710c1e3,0,/mnt/datadisk/./datasets/0/VirusShare_fa238c8eecbcf391bcd23cd89710c1e3,,
VirusShare_fc07d962e4921eb8d872047fe2f7f49e,fc07d962e4921eb8d872047fe2f7f49e,1,/mnt/datadisk/./datasets/1/VirusShare_fc07d962e4921eb8d872047fe2f7f49e,,
VirusShare_f51d485031a36fed531ca2a251271b5f,f51d485031a36fed531ca2a251271b5f,0,/mnt/datadisk/./datasets/0/VirusShare_f51d485031a36fed531ca2a251271b5f,,
VirusShare_62197ff0f1a6ff89599afa496673da0a,62197ff0f1a6ff89599afa496673da0a,0,/mnt/datadisk/./datasets/0/VirusShare_62197ff0f1a6ff89599afa496673da0a,,
VirusShare_ba130effe72ed300ddaf14e45bc03e85,ba130effe72ed300ddaf14e45bc03e85,0,/mnt/datadisk/./datasets/0/VirusShare_ba130effe72ed300ddaf14e45bc03e85,,
VirusShare_454f7f8cd2a67aa0799921465c83201a,454f7f8cd2a67aa0799921465c83201a,1,/mnt/datadisk/./datasets/1/VirusShare_454f7f8cd2a67aa0799921465c83201a,,
VirusShare_dd627a84098de56d35062f5f09630d0e,dd627a84098de56d35062f5f09630d0e,1,/mnt/datadisk/./datasets/1/VirusShare_dd627a84098de56d35062f5f09630d0e,,
VirusShare_bbf863ccd6826ad6200378a047e61e67,bbf863ccd6826ad6200378a047e61e67,0,/mnt/datadisk/./datasets/0/VirusShare_bbf863ccd6826ad6200378a047e61e67,,
VirusShare_0c702edfe504026467869debbd2b1a86,0c702edfe504026467869debbd2b1a86,0,/mnt/datadisk/./datasets/0/VirusShare_0c702edfe504026467869debbd2b1a86,,
VirusShare_319787b5d6e02b948da70e0216e9a628,319787b5d6e02b948da70e0216e9a628,1,/mnt/datadisk/./datasets/1/VirusShare_319787b5d6e02b948da70e0216e9a628,,
VirusShare_b1ff4eca088ecc6f6218cd28f4cf5a1d,b1ff4eca088ecc6f6218cd28f4cf5a1d,0,/mnt/datadisk/./datasets/0/VirusShare_b1ff4eca088ecc6f6218cd28f4cf5a1d,,
VirusShare_73ba58006d8f91f8c08744420f17af82,73ba58006d8f91f8c08744420f17af82,0,/mnt/datadisk/./datasets/0/VirusShare_73ba58006d8f91f8c08744420f17af82,,
VirusShare_653cb767902f29f13c7cc7cd3b5c1794,653cb767902f29f13c7cc7cd3b5c1794,0,/mnt/datadisk/./datasets/0/VirusShare_653cb767902f29f13c7cc7cd3b5c1794,,
VirusShare_491ff3cda8d2ae48105e6a314eaa7e41,491ff3cda8d2ae48105e6a314eaa7e41,1,/mnt/datadisk/./datasets/1/VirusShare_491ff3cda8d2ae48105e6a314eaa7e41,,
VirusShare_b9950d55b49c8348f4bddcc8c6be77df,b9950d55b49c8348f4bddcc8c6be77df,0,/mnt/datadisk/./datasets/0/VirusShare_b9950d55b49c8348f4bddcc8c6be77df,,
VirusShare_f99189c038e950dba060b5cd367a67bb,f99189c038e950dba060b5cd367a67bb,0,/mnt/datadisk/./datasets/0/VirusShare_f99189c038e950dba060b5cd367a67bb,,
VirusShare_7f45d610e5fd88fa9b74c9c10f5a8618,7f45d610e5fd88fa9b74c9c10f5a8618,0,/mnt/datadisk/./datasets/0/VirusShare_7f45d610e5fd88fa9b74c9c10f5a8618,,
VirusShare_6769a37c112feeee43ed99cfc7acbf62,6769a37c112feeee43ed99cfc7acbf62,1,/mnt/datadisk/./datasets/1/VirusShare_6769a37c112feeee43ed99cfc7acbf62,,
VirusShare_aa9d00977ca3348a73cbd6a18507d643,aa9d00977ca3348a73cbd6a18507d643,0,/mnt/datadisk/./datasets/0/VirusShare_aa9d00977ca3348a73cbd6a18507d643,,
VirusShare_7365fe55e79a828d01880916fcb8bfbf,7365fe55e79a828d01880916fcb8bfbf,0,/mnt/datadisk/./datasets/0/VirusShare_7365fe55e79a828d01880916fcb8bfbf,,
VirusShare_9b2efc699636e7f77334f9df74fef46e,9b2efc699636e7f77334f9df74fef46e,0,/mnt/datadisk/./datasets/0/VirusShare_9b2efc699636e7f77334f9df74fef46e,,
VirusShare_87818101d48672825a30d8d1b2cbe3d7,87818101d48672825a30d8d1b2cbe3d7,0,/mnt/datadisk/./datasets/0/VirusShare_87818101d48672825a30d8d1b2cbe3d7,,
VirusShare_efd5232f8afc1db68f140fd6e515a527,efd5232f8afc1db68f140fd6e515a527,0,/mnt/datadisk/./datasets/0/VirusShare_efd5232f8afc1db68f140fd6e515a527,,
VirusShare_379294e8bcd2900ec596c1e072a16910,379294e8bcd2900ec596c1e072a16910,0,/mnt/datadisk/./datasets/0/VirusShare_379294e8bcd2900ec596c1e072a16910,,
VirusShare_ce85b87ee81ccf5aa904e331808176ee,ce85b87ee81ccf5aa904e331808176ee,0,/mnt/datadisk/./datasets/0/VirusShare_ce85b87ee81ccf5aa904e331808176ee,,
VirusShare_337c67cbb2f55644c02ede3788d166a9,337c67cbb2f55644c02ede3788d166a9,1,/mnt/datadisk/./datasets/1/VirusShare_337c67cbb2f55644c02ede3788d166a9,,
VirusShare_0b840e7b40bd2e08b45bd82cc6ccab03,0b840e7b40bd2e08b45bd82cc6ccab03,0,/mnt/datadisk/./datasets/0/VirusShare_0b840e7b40bd2e08b45bd82cc6ccab03,,
VirusShare_74028e9d9b9a3ebc24c358f5a1d90563,74028e9d9b9a3ebc24c358f5a1d90563,0,/mnt/datadisk/./datasets/0/VirusShare_74028e9d9b9a3ebc24c358f5a1d90563,,
VirusShare_eff9e94ff9bc664a9b8f8f243e281282,eff9e94ff9bc664a9b8f8f243e281282,1,/mnt/datadisk/./datasets/1/VirusShare_eff9e94ff9bc664a9b8f8f243e281282,,
VirusShare_5b02b5cb18a7b83475972b845da5c347,5b02b5cb18a7b83475972b845da5c347,1,/mnt/datadisk/./datasets/1/VirusShare_5b02b5cb18a7b83475972b845da5c347,,
VirusShare_81bf4a617fd92a78dcf41d1127a6c3bc,81bf4a617fd92a78dcf41d1127a6c3bc,0,/mnt/datadisk/./datasets/0/VirusShare_81bf4a617fd92a78dcf41d1127a6c3bc,,
VirusShare_7651fd7df87c7c872a42405fae4a8f3b,7651fd7df87c7c872a42405fae4a8f3b,0,/mnt/datadisk/./datasets/0/VirusShare_7651fd7df87c7c872a42405fae4a8f3b,,
VirusShare_45a9f929c32764f9a007a738e47b89d6,45a9f929c32764f9a007a738e47b89d6,1,/mnt/datadisk/./datasets/1/VirusShare_45a9f929c32764f9a007a738e47b89d6,,
VirusShare_c4e5974e135abb99b9592c9b2fef10fc,c4e5974e135abb99b9592c9b2fef10fc,0,/mnt/datadisk/./datasets/0/VirusShare_c4e5974e135abb99b9592c9b2fef10fc,,
VirusShare_3a5184dd88f857812229ab69bbd1839b,3a5184dd88f857812229ab69bbd1839b,0,/mnt/datadisk/./datasets/0/VirusShare_3a5184dd88f857812229ab69bbd1839b,,
VirusShare_a51ddf35933597cb64399f7741254b4b,a51ddf35933597cb64399f7741254b4b,0,/mnt/datadisk/./datasets/0/VirusShare_a51ddf35933597cb64399f7741254b4b,,
VirusShare_d6fdd60a53c8e6ecee2d883b762322cf,d6fdd60a53c8e6ecee2d883b762322cf,0,/mnt/datadisk/./datasets/0/VirusShare_d6fdd60a53c8e6ecee2d883b762322cf,,
VirusShare_bd3c7e83dc5c8db8c398f50faf69824e,bd3c7e83dc5c8db8c398f50faf69824e,1,/mnt/datadisk/./datasets/1/VirusShare_bd3c7e83dc5c8db8c398f50faf69824e,,
VirusShare_96d013151ba6ef3bdfa731fb5ca828cb,96d013151ba6ef3bdfa731fb5ca828cb,0,/mnt/datadisk/./datasets/0/VirusShare_96d013151ba6ef3bdfa731fb5ca828cb,,
VirusShare_96613eec069258b206424665e4e5031a,96613eec069258b206424665e4e5031a,0,/mnt/datadisk/./datasets/0/VirusShare_96613eec069258b206424665e4e5031a,,
VirusShare_30a0e8e37491a4480c672dc504eb7dca,30a0e8e37491a4480c672dc504eb7dca,0,/mnt/datadisk/./datasets/0/VirusShare_30a0e8e37491a4480c672dc504eb7dca,,
VirusShare_4678c2ca55557021c0bcc607ef03db87,4678c2ca55557021c0bcc607ef03db87,1,/mnt/datadisk/./datasets/1/VirusShare_4678c2ca55557021c0bcc607ef03db87,,
VirusShare_8b7d8e283caa3da57247ce747c0385f6,8b7d8e283caa3da57247ce747c0385f6,0,/mnt/datadisk/./datasets/0/VirusShare_8b7d8e283caa3da57247ce747c0385f6,,
VirusShare_b8abe8ed870d63b74fc6c62e38b0527c,b8abe8ed870d63b74fc6c62e38b0527c,0,/mnt/datadisk/./datasets/0/VirusShare_b8abe8ed870d63b74fc6c62e38b0527c,,
VirusShare_96501d60083cf25f3d87fbeedbcc4237,96501d60083cf25f3d87fbeedbcc4237,0,/mnt/datadisk/./datasets/0/VirusShare_96501d60083cf25f3d87fbeedbcc4237,,
VirusShare_b54a96e40b86f3af78bad24e9e3cf579,b54a96e40b86f3af78bad24e9e3cf579,1,/mnt/datadisk/./datasets/1/VirusShare_b54a96e40b86f3af78bad24e9e3cf579,,
VirusShare_9a145b9bb9b86939ec09dc68131f7516,9a145b9bb9b86939ec09dc68131f7516,0,/mnt/datadisk/./datasets/0/VirusShare_9a145b9bb9b86939ec09dc68131f7516,,
VirusShare_abbb0a906e8a5be819f152e8425226ce,abbb0a906e8a5be819f152e8425226ce,0,/mnt/datadisk/./datasets/0/VirusShare_abbb0a906e8a5be819f152e8425226ce,,
VirusShare_55849b1a92e36930482683dc5aa3f2c0,55849b1a92e36930482683dc5aa3f2c0,1,/mnt/datadisk/./datasets/1/VirusShare_55849b1a92e36930482683dc5aa3f2c0,,
VirusShare_32a874458874ae321781d7f8a91d033a,32a874458874ae321781d7f8a91d033a,1,/mnt/datadisk/./datasets/1/VirusShare_32a874458874ae321781d7f8a91d033a,,
VirusShare_7185212141e9b914e23170801943d14e,7185212141e9b914e23170801943d14e,0,/mnt/datadisk/./datasets/0/VirusShare_7185212141e9b914e23170801943d14e,,
VirusShare_92f7d089a45779898e9e2fb3fb540d51,92f7d089a45779898e9e2fb3fb540d51,0,/mnt/datadisk/./datasets/0/VirusShare_92f7d089a45779898e9e2fb3fb540d51,,
VirusShare_fe3adf1c5cd7fbfef78cb6cdd2447dbf,fe3adf1c5cd7fbfef78cb6cdd2447dbf,0,/mnt/datadisk/./datasets/0/VirusShare_fe3adf1c5cd7fbfef78cb6cdd2447dbf,,
VirusShare_07afb01541a8a0ae289de89ef48375fe,07afb01541a8a0ae289de89ef48375fe,0,/mnt/datadisk/./datasets/0/VirusShare_07afb01541a8a0ae289de89ef48375fe,,
VirusShare_5efc20834a211a1559e4d704fe4a5758,5efc20834a211a1559e4d704fe4a5758,1,/mnt/datadisk/./datasets/1/VirusShare_5efc20834a211a1559e4d704fe4a5758,,
VirusShare_51f7021af0d8238d9cec8126ea77f88e,51f7021af0d8238d9cec8126ea77f88e,1,/mnt/datadisk/./datasets/1/VirusShare_51f7021af0d8238d9cec8126ea77f88e,,
VirusShare_8598129890cf54665870cab9bfb0fe1a,8598129890cf54665870cab9bfb0fe1a,0,/mnt/datadisk/./datasets/0/VirusShare_8598129890cf54665870cab9bfb0fe1a,,
VirusShare_7e6b448af95d40d4f65a98218196b300,7e6b448af95d40d4f65a98218196b300,0,/mnt/datadisk/./datasets/0/VirusShare_7e6b448af95d40d4f65a98218196b300,,
VirusShare_49351ddf1e1a9934024986a6ef5cb465,49351ddf1e1a9934024986a6ef5cb465,0,/mnt/datadisk/./datasets/0/VirusShare_49351ddf1e1a9934024986a6ef5cb465,,
VirusShare_77f99337f64f8fd3a4f28f6823714855,77f99337f64f8fd3a4f28f6823714855,0,/mnt/datadisk/./datasets/0/VirusShare_77f99337f64f8fd3a4f28f6823714855,,
VirusShare_78df62ebf8b929d0ad91255c54f8ec20,78df62ebf8b929d0ad91255c54f8ec20,0,/mnt/datadisk/./datasets/0/VirusShare_78df62ebf8b929d0ad91255c54f8ec20,,
VirusShare_25fcc05fbe57e854dbe834fcdc0fba61,25fcc05fbe57e854dbe834fcdc0fba61,0,/mnt/datadisk/./datasets/0/VirusShare_25fcc05fbe57e854dbe834fcdc0fba61,,
VirusShare_3ac132883497dd1b051e23cea5f96bb8,3ac132883497dd1b051e23cea5f96bb8,0,/mnt/datadisk/./datasets/0/VirusShare_3ac132883497dd1b051e23cea5f96bb8,,
VirusShare_2fd074587b3a20be27ffae3a7e5d04fb,2fd074587b3a20be27ffae3a7e5d04fb,0,/mnt/datadisk/./datasets/0/VirusShare_2fd074587b3a20be27ffae3a7e5d04fb,,
VirusShare_822591641c9d6d7cd6a12037c6b418d6,822591641c9d6d7cd6a12037c6b418d6,1,/mnt/datadisk/./datasets/1/VirusShare_822591641c9d6d7cd6a12037c6b418d6,,
VirusShare_e3fa5f91f037ec7771cf84083dacb937,e3fa5f91f037ec7771cf84083dacb937,1,/mnt/datadisk/./datasets/1/VirusShare_e3fa5f91f037ec7771cf84083dacb937,,
VirusShare_f4a7aa643afa1e929690d39a9c1bfbeb,f4a7aa643afa1e929690d39a9c1bfbeb,0,/mnt/datadisk/./datasets/0/VirusShare_f4a7aa643afa1e929690d39a9c1bfbeb,,
VirusShare_2b40763ffefd0c953d638767e2ba6f79,2b40763ffefd0c953d638767e2ba6f79,0,/mnt/datadisk/./datasets/0/VirusShare_2b40763ffefd0c953d638767e2ba6f79,,
VirusShare_c2637b2ad4d436f4efda952b1e8db2b8,c2637b2ad4d436f4efda952b1e8db2b8,0,/mnt/datadisk/./datasets/0/VirusShare_c2637b2ad4d436f4efda952b1e8db2b8,,
VirusShare_c9047f8f9fa69377c60b45b57df19f7e,c9047f8f9fa69377c60b45b57df19f7e,1,/mnt/datadisk/./datasets/1/VirusShare_c9047f8f9fa69377c60b45b57df19f7e,,
VirusShare_5cec76e52858e449fd6a446b1a38b366,5cec76e52858e449fd6a446b1a38b366,1,/mnt/datadisk/./datasets/1/VirusShare_5cec76e52858e449fd6a446b1a38b366,,
VirusShare_e3b9f58497daa4345aa23a8cf378711b,e3b9f58497daa4345aa23a8cf378711b,0,/mnt/datadisk/./datasets/0/VirusShare_e3b9f58497daa4345aa23a8cf378711b,,
VirusShare_b32565761c3b26bd5512e920b70624be,b32565761c3b26bd5512e920b70624be,0,/mnt/datadisk/./datasets/0/VirusShare_b32565761c3b26bd5512e920b70624be,,
VirusShare_24dee89d5a4c28a97d1611a00040c069,24dee89d5a4c28a97d1611a00040c069,0,/mnt/datadisk/./datasets/0/VirusShare_24dee89d5a4c28a97d1611a00040c069,,
VirusShare_2d9c0917204def2030804b5ef5319ea8,2d9c0917204def2030804b5ef5319ea8,0,/mnt/datadisk/./datasets/0/VirusShare_2d9c0917204def2030804b5ef5319ea8,,
VirusShare_316a91202cdcbfe434288765a841b879,316a91202cdcbfe434288765a841b879,0,/mnt/datadisk/./datasets/0/VirusShare_316a91202cdcbfe434288765a841b879,,
VirusShare_c2648a9c5b3206cd9916395707b0f920,c2648a9c5b3206cd9916395707b0f920,0,/mnt/datadisk/./datasets/0/VirusShare_c2648a9c5b3206cd9916395707b0f920,,
VirusShare_bcf9678f8860ece9d8ccce90fff511fd,bcf9678f8860ece9d8ccce90fff511fd,0,/mnt/datadisk/./datasets/0/VirusShare_bcf9678f8860ece9d8ccce90fff511fd,,
VirusShare_2851e6ee6a2ec13ec05e79190b0713cf,2851e6ee6a2ec13ec05e79190b0713cf,1,/mnt/datadisk/./datasets/1/VirusShare_2851e6ee6a2ec13ec05e79190b0713cf,,
VirusShare_19d569e7b710825ccb6e0aebea358ac5,19d569e7b710825ccb6e0aebea358ac5,0,/mnt/datadisk/./datasets/0/VirusShare_19d569e7b710825ccb6e0aebea358ac5,,
VirusShare_5edd8dd1084fe15844564ac85d7fe533,5edd8dd1084fe15844564ac85d7fe533,0,/mnt/datadisk/./datasets/0/VirusShare_5edd8dd1084fe15844564ac85d7fe533,,
VirusShare_9bedd35b6a9df6a3665f3a0f6f07febd,9bedd35b6a9df6a3665f3a0f6f07febd,1,/mnt/datadisk/./datasets/1/VirusShare_9bedd35b6a9df6a3665f3a0f6f07febd,,
VirusShare_dffd3b096c51703ba0507a6205927073,dffd3b096c51703ba0507a6205927073,1,/mnt/datadisk/./datasets/1/VirusShare_dffd3b096c51703ba0507a6205927073,,
VirusShare_2d0e24946223b72a9c3008fcdbf11afe,2d0e24946223b72a9c3008fcdbf11afe,0,/mnt/datadisk/./datasets/0/VirusShare_2d0e24946223b72a9c3008fcdbf11afe,,
VirusShare_aa0e83cfb115cf98d24affcb780eac05,aa0e83cfb115cf98d24affcb780eac05,0,/mnt/datadisk/./datasets/0/VirusShare_aa0e83cfb115cf98d24affcb780eac05,,
VirusShare_67e0071a67e7a0c996e38d345b495044,67e0071a67e7a0c996e38d345b495044,0,/mnt/datadisk/./datasets/0/VirusShare_67e0071a67e7a0c996e38d345b495044,,
VirusShare_b4eba6cd6a8e2abccb9af78c8f5819bb,b4eba6cd6a8e2abccb9af78c8f5819bb,0,/mnt/datadisk/./datasets/0/VirusShare_b4eba6cd6a8e2abccb9af78c8f5819bb,,
VirusShare_8fdd23c8f91343a43a78a2be870859fb,8fdd23c8f91343a43a78a2be870859fb,1,/mnt/datadisk/./datasets/1/VirusShare_8fdd23c8f91343a43a78a2be870859fb,,
VirusShare_2264ada61405b71a4463920c1a421f30,2264ada61405b71a4463920c1a421f30,1,/mnt/datadisk/./datasets/1/VirusShare_2264ada61405b71a4463920c1a421f30,,
VirusShare_204680ebb902c03fc8ac63e1e8db35e6,204680ebb902c03fc8ac63e1e8db35e6,0,/mnt/datadisk/./datasets/0/VirusShare_204680ebb902c03fc8ac63e1e8db35e6,,
VirusShare_72b8969d8cab0e8563cd4eba7a343f7a,72b8969d8cab0e8563cd4eba7a343f7a,1,/mnt/datadisk/./datasets/1/VirusShare_72b8969d8cab0e8563cd4eba7a343f7a,,
VirusShare_27cd3d2e37aec32c2b2b1722c5f4d49a,27cd3d2e37aec32c2b2b1722c5f4d49a,0,/mnt/datadisk/./datasets/0/VirusShare_27cd3d2e37aec32c2b2b1722c5f4d49a,,
VirusShare_24a2d085010cb5137a51f5669c3fddfc,24a2d085010cb5137a51f5669c3fddfc,0,/mnt/datadisk/./datasets/0/VirusShare_24a2d085010cb5137a51f5669c3fddfc,,
VirusShare_8ce504655a0c3e3576d63378be9afd42,8ce504655a0c3e3576d63378be9afd42,1,/mnt/datadisk/./datasets/1/VirusShare_8ce504655a0c3e3576d63378be9afd42,,
VirusShare_b2388b60e2f1731abf93a5cd26a84f5b,b2388b60e2f1731abf93a5cd26a84f5b,0,/mnt/datadisk/./datasets/0/VirusShare_b2388b60e2f1731abf93a5cd26a84f5b,,
VirusShare_da2dfaa4eba8dc52107152c2782731f2,da2dfaa4eba8dc52107152c2782731f2,1,/mnt/datadisk/./datasets/1/VirusShare_da2dfaa4eba8dc52107152c2782731f2,,
VirusShare_920e6c30ad786494a271a754db96a703,920e6c30ad786494a271a754db96a703,0,/mnt/datadisk/./datasets/0/VirusShare_920e6c30ad786494a271a754db96a703,,
VirusShare_bd599398aaa7a4ef4592200194fdd74f,bd599398aaa7a4ef4592200194fdd74f,1,/mnt/datadisk/./datasets/1/VirusShare_bd599398aaa7a4ef4592200194fdd74f,,
VirusShare_ff246fdda35f7605583bd6fdfd439b08,ff246fdda35f7605583bd6fdfd439b08,1,/mnt/datadisk/./datasets/1/VirusShare_ff246fdda35f7605583bd6fdfd439b08,,
VirusShare_675fb432ad6ae11c0efc0ba03e733fc4,675fb432ad6ae11c0efc0ba03e733fc4,0,/mnt/datadisk/./datasets/0/VirusShare_675fb432ad6ae11c0efc0ba03e733fc4,,
VirusShare_3753c70d97fe1fd3e143d312e6c35b6a,3753c70d97fe1fd3e143d312e6c35b6a,0,/mnt/datadisk/./datasets/0/VirusShare_3753c70d97fe1fd3e143d312e6c35b6a,,
VirusShare_bbf1dee4c40b2a91a887069b39b61f31,bbf1dee4c40b2a91a887069b39b61f31,1,/mnt/datadisk/./datasets/1/VirusShare_bbf1dee4c40b2a91a887069b39b61f31,,
VirusShare_5738d596be68071de7786712b5410024,5738d596be68071de7786712b5410024,1,/mnt/datadisk/./datasets/1/VirusShare_5738d596be68071de7786712b5410024,,
VirusShare_e7b7c124694ad000a90ed525843b3177,e7b7c124694ad000a90ed525843b3177,1,/mnt/datadisk/./datasets/1/VirusShare_e7b7c124694ad000a90ed525843b3177,,
VirusShare_2eb272167edd81e7b3158e91545b4086,2eb272167edd81e7b3158e91545b4086,1,/mnt/datadisk/./datasets/1/VirusShare_2eb272167edd81e7b3158e91545b4086,,
VirusShare_afcf42e43d1798041a7769340dbe2d5a,afcf42e43d1798041a7769340dbe2d5a,1,/mnt/datadisk/./datasets/1/VirusShare_afcf42e43d1798041a7769340dbe2d5a,,
VirusShare_a332725df42314a2dfc0fca3c61b9195,a332725df42314a2dfc0fca3c61b9195,0,/mnt/datadisk/./datasets/0/VirusShare_a332725df42314a2dfc0fca3c61b9195,,
VirusShare_62df35c319e0a539ec16489638b4d702,62df35c319e0a539ec16489638b4d702,1,/mnt/datadisk/./datasets/1/VirusShare_62df35c319e0a539ec16489638b4d702,,
VirusShare_31a8be240e156d0ed6a9eb3de3625aec,31a8be240e156d0ed6a9eb3de3625aec,0,/mnt/datadisk/./datasets/0/VirusShare_31a8be240e156d0ed6a9eb3de3625aec,,
VirusShare_8ed6e3544737f23f34de6e4abeeb3968,8ed6e3544737f23f34de6e4abeeb3968,0,/mnt/datadisk/./datasets/0/VirusShare_8ed6e3544737f23f34de6e4abeeb3968,,
VirusShare_b683ccf8c4760ce6f16fdde13b1ca1da,b683ccf8c4760ce6f16fdde13b1ca1da,0,/mnt/datadisk/./datasets/0/VirusShare_b683ccf8c4760ce6f16fdde13b1ca1da,,
VirusShare_ae4f840f9dde0493d5df819c825b5941,ae4f840f9dde0493d5df819c825b5941,0,/mnt/datadisk/./datasets/0/VirusShare_ae4f840f9dde0493d5df819c825b5941,,
VirusShare_994d383c39a3f2343bcacdf65c4418da,994d383c39a3f2343bcacdf65c4418da,0,/mnt/datadisk/./datasets/0/VirusShare_994d383c39a3f2343bcacdf65c4418da,,
VirusShare_b1f43593be1b8db0330bdda15cc57ea2,b1f43593be1b8db0330bdda15cc57ea2,0,/mnt/datadisk/./datasets/0/VirusShare_b1f43593be1b8db0330bdda15cc57ea2,,
VirusShare_400d1ba0b27fc180a18878848fda713b,400d1ba0b27fc180a18878848fda713b,0,/mnt/datadisk/./datasets/0/VirusShare_400d1ba0b27fc180a18878848fda713b,,
VirusShare_9ee002a32b54bc8a1991c30f5466bd45,9ee002a32b54bc8a1991c30f5466bd45,0,/mnt/datadisk/./datasets/0/VirusShare_9ee002a32b54bc8a1991c30f5466bd45,,
VirusShare_473e10903e3efa1b0ca30365f984ec9a,473e10903e3efa1b0ca30365f984ec9a,1,/mnt/datadisk/./datasets/1/VirusShare_473e10903e3efa1b0ca30365f984ec9a,,
VirusShare_b317bb280a9b1b06f9f3fe4e2d97b7bb,b317bb280a9b1b06f9f3fe4e2d97b7bb,1,/mnt/datadisk/./datasets/1/VirusShare_b317bb280a9b1b06f9f3fe4e2d97b7bb,,
VirusShare_594aeb12fb4221d9d76e2ac7d3a012f3,594aeb12fb4221d9d76e2ac7d3a012f3,1,/mnt/datadisk/./datasets/1/VirusShare_594aeb12fb4221d9d76e2ac7d3a012f3,,
VirusShare_4941c438c6325fcbfee0e56698cd3818,4941c438c6325fcbfee0e56698cd3818,0,/mnt/datadisk/./datasets/0/VirusShare_4941c438c6325fcbfee0e56698cd3818,,
VirusShare_679d42e6df546f58cdc5c60f58592920,679d42e6df546f58cdc5c60f58592920,0,/mnt/datadisk/./datasets/0/VirusShare_679d42e6df546f58cdc5c60f58592920,,
VirusShare_a0f1d8a2cf12006e5e513fcbfda143cb,a0f1d8a2cf12006e5e513fcbfda143cb,0,/mnt/datadisk/./datasets/0/VirusShare_a0f1d8a2cf12006e5e513fcbfda143cb,,
VirusShare_b5f2049cce55c465bb3c4ed1ea424960,b5f2049cce55c465bb3c4ed1ea424960,1,/mnt/datadisk/./datasets/1/VirusShare_b5f2049cce55c465bb3c4ed1ea424960,,
VirusShare_be8c3f3a34802369d239a4e492a2b147,be8c3f3a34802369d239a4e492a2b147,0,/mnt/datadisk/./datasets/0/VirusShare_be8c3f3a34802369d239a4e492a2b147,,
VirusShare_422da6ec9ebe7dbad56bcfbc78164e3d,422da6ec9ebe7dbad56bcfbc78164e3d,1,/mnt/datadisk/./datasets/1/VirusShare_422da6ec9ebe7dbad56bcfbc78164e3d,,
VirusShare_f91b809418deabf5412255309ab31e82,f91b809418deabf5412255309ab31e82,0,/mnt/datadisk/./datasets/0/VirusShare_f91b809418deabf5412255309ab31e82,,
VirusShare_ce75fe79edace19e9de62720a53656d5,ce75fe79edace19e9de62720a53656d5,0,/mnt/datadisk/./datasets/0/VirusShare_ce75fe79edace19e9de62720a53656d5,,
VirusShare_e4d3d5b8a55d8347354ebcd3d99adbec,e4d3d5b8a55d8347354ebcd3d99adbec,0,/mnt/datadisk/./datasets/0/VirusShare_e4d3d5b8a55d8347354ebcd3d99adbec,,
VirusShare_254c1753c53f9cb00bb2750af525832e,254c1753c53f9cb00bb2750af525832e,0,/mnt/datadisk/./datasets/0/VirusShare_254c1753c53f9cb00bb2750af525832e,,
VirusShare_027ecfa8596f5e75654dd0aedb5eff95,027ecfa8596f5e75654dd0aedb5eff95,0,/mnt/datadisk/./datasets/0/VirusShare_027ecfa8596f5e75654dd0aedb5eff95,,
VirusShare_ed2e63c76a45c893308a5f691dcb912a,ed2e63c76a45c893308a5f691dcb912a,0,/mnt/datadisk/./datasets/0/VirusShare_ed2e63c76a45c893308a5f691dcb912a,,
VirusShare_8aa270e3d1e9656b2c35b300695ed73c,8aa270e3d1e9656b2c35b300695ed73c,0,/mnt/datadisk/./datasets/0/VirusShare_8aa270e3d1e9656b2c35b300695ed73c,,
VirusShare_b13018fd791ec24be8709813e9babe98,b13018fd791ec24be8709813e9babe98,0,/mnt/datadisk/./datasets/0/VirusShare_b13018fd791ec24be8709813e9babe98,,
VirusShare_216112c3782d545d7bca5a0b463fe9b8,216112c3782d545d7bca5a0b463fe9b8,0,/mnt/datadisk/./datasets/0/VirusShare_216112c3782d545d7bca5a0b463fe9b8,,
VirusShare_6fde838f47b7043b7c6ac89fbef7607f,6fde838f47b7043b7c6ac89fbef7607f,0,/mnt/datadisk/./datasets/0/VirusShare_6fde838f47b7043b7c6ac89fbef7607f,,
VirusShare_41ab297330af5a646c568a97ce967ae3,41ab297330af5a646c568a97ce967ae3,0,/mnt/datadisk/./datasets/0/VirusShare_41ab297330af5a646c568a97ce967ae3,,
VirusShare_68cd1a4632393cf85b72ca0b57009cba,68cd1a4632393cf85b72ca0b57009cba,1,/mnt/datadisk/./datasets/1/VirusShare_68cd1a4632393cf85b72ca0b57009cba,,
VirusShare_ed17e17245027a7f0809857afffd550b,ed17e17245027a7f0809857afffd550b,1,/mnt/datadisk/./datasets/1/VirusShare_ed17e17245027a7f0809857afffd550b,,
VirusShare_9f11a2723e14e099d96976751d83a9ba,9f11a2723e14e099d96976751d83a9ba,1,/mnt/datadisk/./datasets/1/VirusShare_9f11a2723e14e099d96976751d83a9ba,,
VirusShare_b450780cc9cf6685b72f3bbf2e03997c,b450780cc9cf6685b72f3bbf2e03997c,0,/mnt/datadisk/./datasets/0/VirusShare_b450780cc9cf6685b72f3bbf2e03997c,,
VirusShare_cab129bebe44a8b9c3af7a546601e2fd,cab129bebe44a8b9c3af7a546601e2fd,0,/mnt/datadisk/./datasets/0/VirusShare_cab129bebe44a8b9c3af7a546601e2fd,,
VirusShare_58a99bff65bd9ef445307c89943da0e0,58a99bff65bd9ef445307c89943da0e0,0,/mnt/datadisk/./datasets/0/VirusShare_58a99bff65bd9ef445307c89943da0e0,,
VirusShare_548f8e3813bc80bdda06c09b25180246,548f8e3813bc80bdda06c09b25180246,0,/mnt/datadisk/./datasets/0/VirusShare_548f8e3813bc80bdda06c09b25180246,,
VirusShare_632aec5a6653ad70a11a4f08ff491cd9,632aec5a6653ad70a11a4f08ff491cd9,0,/mnt/datadisk/./datasets/0/VirusShare_632aec5a6653ad70a11a4f08ff491cd9,,
VirusShare_3edc5f61b275527d3685436e58c0084a,3edc5f61b275527d3685436e58c0084a,1,/mnt/datadisk/./datasets/1/VirusShare_3edc5f61b275527d3685436e58c0084a,,
VirusShare_2f2ec1875387eefdd2fd02d83115d152,2f2ec1875387eefdd2fd02d83115d152,0,/mnt/datadisk/./datasets/0/VirusShare_2f2ec1875387eefdd2fd02d83115d152,,
VirusShare_244d2a211240d0f3a085449cfcee3459,244d2a211240d0f3a085449cfcee3459,0,/mnt/datadisk/./datasets/0/VirusShare_244d2a211240d0f3a085449cfcee3459,,
VirusShare_52638d07eb85e0b8b14ddd044a35d800,52638d07eb85e0b8b14ddd044a35d800,0,/mnt/datadisk/./datasets/0/VirusShare_52638d07eb85e0b8b14ddd044a35d800,,
VirusShare_2341c3319aa221a1af23f6b45d8d982b,2341c3319aa221a1af23f6b45d8d982b,1,/mnt/datadisk/./datasets/1/VirusShare_2341c3319aa221a1af23f6b45d8d982b,,
VirusShare_a4ef09bdc38aa4e4ac53270985abb7e7,a4ef09bdc38aa4e4ac53270985abb7e7,1,/mnt/datadisk/./datasets/1/VirusShare_a4ef09bdc38aa4e4ac53270985abb7e7,,
VirusShare_cebec2ee85c64998946331bafc7a8d70,cebec2ee85c64998946331bafc7a8d70,0,/mnt/datadisk/./datasets/0/VirusShare_cebec2ee85c64998946331bafc7a8d70,,
VirusShare_c22c65123759fa5c09d1fe61d05d8206,c22c65123759fa5c09d1fe61d05d8206,1,/mnt/datadisk/./datasets/1/VirusShare_c22c65123759fa5c09d1fe61d05d8206,,
VirusShare_a1cd9e7458564b1177a53d9ae929685c,a1cd9e7458564b1177a53d9ae929685c,1,/mnt/datadisk/./datasets/1/VirusShare_a1cd9e7458564b1177a53d9ae929685c,,
VirusShare_3ad8e4b4dddee0496e81e5362b9507af,3ad8e4b4dddee0496e81e5362b9507af,0,/mnt/datadisk/./datasets/0/VirusShare_3ad8e4b4dddee0496e81e5362b9507af,,
VirusShare_ba8b8331cd6048f8a62ad5fd944c1780,ba8b8331cd6048f8a62ad5fd944c1780,1,/mnt/datadisk/./datasets/1/VirusShare_ba8b8331cd6048f8a62ad5fd944c1780,,
VirusShare_7d1fcd8d90474e3dd07cc13071d8b3d4,7d1fcd8d90474e3dd07cc13071d8b3d4,1,/mnt/datadisk/./datasets/1/VirusShare_7d1fcd8d90474e3dd07cc13071d8b3d4,,
VirusShare_1e450af039393a8994bda0120e51eb88,1e450af039393a8994bda0120e51eb88,1,/mnt/datadisk/./datasets/1/VirusShare_1e450af039393a8994bda0120e51eb88,,
VirusShare_d51ce3867cd86e3b14f93e86a7952593,d51ce3867cd86e3b14f93e86a7952593,0,/mnt/datadisk/./datasets/0/VirusShare_d51ce3867cd86e3b14f93e86a7952593,,
VirusShare_652a1d55f317d14d478c06eff5679502,652a1d55f317d14d478c06eff5679502,1,/mnt/datadisk/./datasets/1/VirusShare_652a1d55f317d14d478c06eff5679502,,
VirusShare_2a46d1af38c45cef9d221d4eec347163,2a46d1af38c45cef9d221d4eec347163,0,/mnt/datadisk/./datasets/0/VirusShare_2a46d1af38c45cef9d221d4eec347163,,
VirusShare_ae20e4ef2d6b4eb807bf5c9b76a00d73,ae20e4ef2d6b4eb807bf5c9b76a00d73,0,/mnt/datadisk/./datasets/0/VirusShare_ae20e4ef2d6b4eb807bf5c9b76a00d73,,
VirusShare_7f870577144e05691306f8074880fc1c,7f870577144e05691306f8074880fc1c,0,/mnt/datadisk/./datasets/0/VirusShare_7f870577144e05691306f8074880fc1c,,
VirusShare_16ac2eddeeacc44e1fd1af16a304d25a,16ac2eddeeacc44e1fd1af16a304d25a,1,/mnt/datadisk/./datasets/1/VirusShare_16ac2eddeeacc44e1fd1af16a304d25a,,
VirusShare_d94f4822562f26b33e3f2f6322222224,d94f4822562f26b33e3f2f6322222224,0,/mnt/datadisk/./datasets/0/VirusShare_d94f4822562f26b33e3f2f6322222224,,
VirusShare_91c6b41c926d501e2121bca2f2172239,91c6b41c926d501e2121bca2f2172239,0,/mnt/datadisk/./datasets/0/VirusShare_91c6b41c926d501e2121bca2f2172239,,
VirusShare_812f6de2b34fd31d7d460707b6824ad9,812f6de2b34fd31d7d460707b6824ad9,0,/mnt/datadisk/./datasets/0/VirusShare_812f6de2b34fd31d7d460707b6824ad9,,
VirusShare_3f2e291ade6326ea94dfce3043b45980,3f2e291ade6326ea94dfce3043b45980,0,/mnt/datadisk/./datasets/0/VirusShare_3f2e291ade6326ea94dfce3043b45980,,
VirusShare_717ea571ba78b9abfb86f507babf5efe,717ea571ba78b9abfb86f507babf5efe,0,/mnt/datadisk/./datasets/0/VirusShare_717ea571ba78b9abfb86f507babf5efe,,
VirusShare_eeb255dd0067da308aaabf8b056d427e,eeb255dd0067da308aaabf8b056d427e,1,/mnt/datadisk/./datasets/1/VirusShare_eeb255dd0067da308aaabf8b056d427e,,
VirusShare_e2c21a5e639ad8e163a04e5078c7f218,e2c21a5e639ad8e163a04e5078c7f218,0,/mnt/datadisk/./datasets/0/VirusShare_e2c21a5e639ad8e163a04e5078c7f218,,
VirusShare_5f308763b2f002210cce1ec5b636b3e7,5f308763b2f002210cce1ec5b636b3e7,0,/mnt/datadisk/./datasets/0/VirusShare_5f308763b2f002210cce1ec5b636b3e7,,
VirusShare_71322ed7cb30a2d84b5594707892c18b,71322ed7cb30a2d84b5594707892c18b,1,/mnt/datadisk/./datasets/1/VirusShare_71322ed7cb30a2d84b5594707892c18b,,
VirusShare_cf96bdda8f2cbcc1413b0b351863be62,cf96bdda8f2cbcc1413b0b351863be62,0,/mnt/datadisk/./datasets/0/VirusShare_cf96bdda8f2cbcc1413b0b351863be62,,
VirusShare_4e3a08054c1d3fa7738fd7e3b01044e0,4e3a08054c1d3fa7738fd7e3b01044e0,0,/mnt/datadisk/./datasets/0/VirusShare_4e3a08054c1d3fa7738fd7e3b01044e0,,
VirusShare_6470a3e270e32a9b1b58dcb8e7214557,6470a3e270e32a9b1b58dcb8e7214557,1,/mnt/datadisk/./datasets/1/VirusShare_6470a3e270e32a9b1b58dcb8e7214557,,
VirusShare_6fc3d58d5ef82a5bc65979f4f7989264,6fc3d58d5ef82a5bc65979f4f7989264,0,/mnt/datadisk/./datasets/0/VirusShare_6fc3d58d5ef82a5bc65979f4f7989264,,
VirusShare_093e926d9be9ac9c255d6ee1945d1fd3,093e926d9be9ac9c255d6ee1945d1fd3,1,/mnt/datadisk/./datasets/1/VirusShare_093e926d9be9ac9c255d6ee1945d1fd3,,
VirusShare_ce74db8b379920f0ef9cb03169177de8,ce74db8b379920f0ef9cb03169177de8,0,/mnt/datadisk/./datasets/0/VirusShare_ce74db8b379920f0ef9cb03169177de8,,
VirusShare_2cc10bd707872d139b56005d306e1dfa,2cc10bd707872d139b56005d306e1dfa,1,/mnt/datadisk/./datasets/1/VirusShare_2cc10bd707872d139b56005d306e1dfa,,
VirusShare_e9cecbd738383f0643f5c13fe970d4a9,e9cecbd738383f0643f5c13fe970d4a9,0,/mnt/datadisk/./datasets/0/VirusShare_e9cecbd738383f0643f5c13fe970d4a9,,
VirusShare_980c73ef940a48ea6045975b7f51b148,980c73ef940a48ea6045975b7f51b148,0,/mnt/datadisk/./datasets/0/VirusShare_980c73ef940a48ea6045975b7f51b148,,
VirusShare_30d75d7d5fe9cea029423a625f4e7802,30d75d7d5fe9cea029423a625f4e7802,1,/mnt/datadisk/./datasets/1/VirusShare_30d75d7d5fe9cea029423a625f4e7802,,
VirusShare_778949b08cc9727a99692a5fcfe449bb,778949b08cc9727a99692a5fcfe449bb,1,/mnt/datadisk/./datasets/1/VirusShare_778949b08cc9727a99692a5fcfe449bb,,
VirusShare_fb630d284aeef44398c73b721c5ed9f7,fb630d284aeef44398c73b721c5ed9f7,1,/mnt/datadisk/./datasets/1/VirusShare_fb630d284aeef44398c73b721c5ed9f7,,
VirusShare_8d5813933af82f24636c5ff87cb8eb7c,8d5813933af82f24636c5ff87cb8eb7c,0,/mnt/datadisk/./datasets/0/VirusShare_8d5813933af82f24636c5ff87cb8eb7c,,
VirusShare_a90e0a9abad0e89d67a5c851c46411a0,a90e0a9abad0e89d67a5c851c46411a0,1,/mnt/datadisk/./datasets/1/VirusShare_a90e0a9abad0e89d67a5c851c46411a0,,
VirusShare_3025bb9d05c134f05ae82b2bc31f2d90,3025bb9d05c134f05ae82b2bc31f2d90,0,/mnt/datadisk/./datasets/0/VirusShare_3025bb9d05c134f05ae82b2bc31f2d90,,
VirusShare_d686e8b0844b28d5a282e1ed5a9a46a2,d686e8b0844b28d5a282e1ed5a9a46a2,1,/mnt/datadisk/./datasets/1/VirusShare_d686e8b0844b28d5a282e1ed5a9a46a2,,
VirusShare_71f3cdbef432250c498abf0956d70da6,71f3cdbef432250c498abf0956d70da6,0,/mnt/datadisk/./datasets/0/VirusShare_71f3cdbef432250c498abf0956d70da6,,
VirusShare_54d2f877586e5d2506fbd5fa59bb790f,54d2f877586e5d2506fbd5fa59bb790f,1,/mnt/datadisk/./datasets/1/VirusShare_54d2f877586e5d2506fbd5fa59bb790f,,
VirusShare_04e870007f887378cc789ddb72d03e01,04e870007f887378cc789ddb72d03e01,0,/mnt/datadisk/./datasets/0/VirusShare_04e870007f887378cc789ddb72d03e01,,
VirusShare_5f64f2c583d889b525cec674f5c7bd43,5f64f2c583d889b525cec674f5c7bd43,0,/mnt/datadisk/./datasets/0/VirusShare_5f64f2c583d889b525cec674f5c7bd43,,
VirusShare_c23fc69eb1835bb26bd726554c815e74,c23fc69eb1835bb26bd726554c815e74,0,/mnt/datadisk/./datasets/0/VirusShare_c23fc69eb1835bb26bd726554c815e74,,
VirusShare_99a1548932db018e23430c7682cb0ecb,99a1548932db018e23430c7682cb0ecb,1,/mnt/datadisk/./datasets/1/VirusShare_99a1548932db018e23430c7682cb0ecb,,
VirusShare_9c31c6ac9ebfd2a74f68b5cef28ecaee,9c31c6ac9ebfd2a74f68b5cef28ecaee,1,/mnt/datadisk/./datasets/1/VirusShare_9c31c6ac9ebfd2a74f68b5cef28ecaee,,
VirusShare_2514283242a2a0caba7e5d8f6c5300bc,2514283242a2a0caba7e5d8f6c5300bc,0,/mnt/datadisk/./datasets/0/VirusShare_2514283242a2a0caba7e5d8f6c5300bc,,
VirusShare_800f47454230a1f51c30a0f0b028c43f,800f47454230a1f51c30a0f0b028c43f,1,/mnt/datadisk/./datasets/1/VirusShare_800f47454230a1f51c30a0f0b028c43f,,
VirusShare_5d7f8611a0c58b42ed9e7ff11a1dffaf,5d7f8611a0c58b42ed9e7ff11a1dffaf,0,/mnt/datadisk/./datasets/0/VirusShare_5d7f8611a0c58b42ed9e7ff11a1dffaf,,
VirusShare_7f6182dc902e9bf851681f9984f79c77,7f6182dc902e9bf851681f9984f79c77,0,/mnt/datadisk/./datasets/0/VirusShare_7f6182dc902e9bf851681f9984f79c77,,
VirusShare_65e0e5391f3c2dc56a309c8e9e5b8f1f,65e0e5391f3c2dc56a309c8e9e5b8f1f,1,/mnt/datadisk/./datasets/1/VirusShare_65e0e5391f3c2dc56a309c8e9e5b8f1f,,
VirusShare_b69c9d8453a5cf2fe24baf17a15bc13f,b69c9d8453a5cf2fe24baf17a15bc13f,0,/mnt/datadisk/./datasets/0/VirusShare_b69c9d8453a5cf2fe24baf17a15bc13f,,
VirusShare_31f36ab988ef044102f7ae49815dcad5,31f36ab988ef044102f7ae49815dcad5,0,/mnt/datadisk/./datasets/0/VirusShare_31f36ab988ef044102f7ae49815dcad5,,
VirusShare_cb64dddceb29c15b7c0b1c346b0c81ed,cb64dddceb29c15b7c0b1c346b0c81ed,1,/mnt/datadisk/./datasets/1/VirusShare_cb64dddceb29c15b7c0b1c346b0c81ed,,
VirusShare_6bb8c205e9c370d5119e21708b3f304b,6bb8c205e9c370d5119e21708b3f304b,0,/mnt/datadisk/./datasets/0/VirusShare_6bb8c205e9c370d5119e21708b3f304b,,
VirusShare_bf9e7cc1e852a0c821485d62ecc3d2dd,bf9e7cc1e852a0c821485d62ecc3d2dd,0,/mnt/datadisk/./datasets/0/VirusShare_bf9e7cc1e852a0c821485d62ecc3d2dd,,
VirusShare_2df4da0aca8f59e9d8c3f99f81d69543,2df4da0aca8f59e9d8c3f99f81d69543,1,/mnt/datadisk/./datasets/1/VirusShare_2df4da0aca8f59e9d8c3f99f81d69543,,
VirusShare_313b9ba1c2acf03eed72ca8575054f2f,313b9ba1c2acf03eed72ca8575054f2f,0,/mnt/datadisk/./datasets/0/VirusShare_313b9ba1c2acf03eed72ca8575054f2f,,
VirusShare_517db59364156c54e5c9b6469952d44e,517db59364156c54e5c9b6469952d44e,1,/mnt/datadisk/./datasets/1/VirusShare_517db59364156c54e5c9b6469952d44e,,
VirusShare_0c692bde0c0bf2cef3a72702504ab687,0c692bde0c0bf2cef3a72702504ab687,0,/mnt/datadisk/./datasets/0/VirusShare_0c692bde0c0bf2cef3a72702504ab687,,
VirusShare_3a24a3fe834b1de33477416ecd8ded4a,3a24a3fe834b1de33477416ecd8ded4a,0,/mnt/datadisk/./datasets/0/VirusShare_3a24a3fe834b1de33477416ecd8ded4a,,
VirusShare_3aaf71f1b881d8ae27feddcc5a1d49ff,3aaf71f1b881d8ae27feddcc5a1d49ff,1,/mnt/datadisk/./datasets/1/VirusShare_3aaf71f1b881d8ae27feddcc5a1d49ff,,
VirusShare_c32d0a7f6e0751adb7b7051abb0be27e,c32d0a7f6e0751adb7b7051abb0be27e,0,/mnt/datadisk/./datasets/0/VirusShare_c32d0a7f6e0751adb7b7051abb0be27e,,
VirusShare_ca85cc2e71428219740e05fab892067e,ca85cc2e71428219740e05fab892067e,0,/mnt/datadisk/./datasets/0/VirusShare_ca85cc2e71428219740e05fab892067e,,
VirusShare_b42014527a42b309ea77ca4144a01ae8,b42014527a42b309ea77ca4144a01ae8,0,/mnt/datadisk/./datasets/0/VirusShare_b42014527a42b309ea77ca4144a01ae8,,
VirusShare_0d1c7ad394bc92c433cb8c5927807561,0d1c7ad394bc92c433cb8c5927807561,0,/mnt/datadisk/./datasets/0/VirusShare_0d1c7ad394bc92c433cb8c5927807561,,
VirusShare_2b73ec426300d52b5426f12a79adffb0,2b73ec426300d52b5426f12a79adffb0,0,/mnt/datadisk/./datasets/0/VirusShare_2b73ec426300d52b5426f12a79adffb0,,
VirusShare_6b80fbcc45190922bfcd039d6604ad14,6b80fbcc45190922bfcd039d6604ad14,1,/mnt/datadisk/./datasets/1/VirusShare_6b80fbcc45190922bfcd039d6604ad14,,
VirusShare_00bb28d1f3fa5e5f6911e3ad63fabd14,00bb28d1f3fa5e5f6911e3ad63fabd14,0,/mnt/datadisk/./datasets/0/VirusShare_00bb28d1f3fa5e5f6911e3ad63fabd14,,
VirusShare_6ffd3712f45cd87db30b06d03424ced8,6ffd3712f45cd87db30b06d03424ced8,0,/mnt/datadisk/./datasets/0/VirusShare_6ffd3712f45cd87db30b06d03424ced8,,
VirusShare_4cc2560de1b2a15d3c8b8580154154af,4cc2560de1b2a15d3c8b8580154154af,1,/mnt/datadisk/./datasets/1/VirusShare_4cc2560de1b2a15d3c8b8580154154af,,
VirusShare_1c451ae9e13fcc4fd348dcaa1ebe165e,1c451ae9e13fcc4fd348dcaa1ebe165e,1,/mnt/datadisk/./datasets/1/VirusShare_1c451ae9e13fcc4fd348dcaa1ebe165e,,
VirusShare_db9a024b6429474666d728954fbc6794,db9a024b6429474666d728954fbc6794,0,/mnt/datadisk/./datasets/0/VirusShare_db9a024b6429474666d728954fbc6794,,
VirusShare_db4a3e7d88a6f37986dd8cee0c3694d4,db4a3e7d88a6f37986dd8cee0c3694d4,0,/mnt/datadisk/./datasets/0/VirusShare_db4a3e7d88a6f37986dd8cee0c3694d4,,
VirusShare_13c3811763bb8f7dd785460f576b3bf6,13c3811763bb8f7dd785460f576b3bf6,0,/mnt/datadisk/./datasets/0/VirusShare_13c3811763bb8f7dd785460f576b3bf6,,
VirusShare_d2f780c08769d160e38f00373c0babd1,d2f780c08769d160e38f00373c0babd1,0,/mnt/datadisk/./datasets/0/VirusShare_d2f780c08769d160e38f00373c0babd1,,
VirusShare_1a249735f72d200b45ce26591b99b612,1a249735f72d200b45ce26591b99b612,0,/mnt/datadisk/./datasets/0/VirusShare_1a249735f72d200b45ce26591b99b612,,
VirusShare_96571058bb1f6c00f33f32493b040fb8,96571058bb1f6c00f33f32493b040fb8,0,/mnt/datadisk/./datasets/0/VirusShare_96571058bb1f6c00f33f32493b040fb8,,
VirusShare_af3510bcd04715ce4d88e4508695f5fc,af3510bcd04715ce4d88e4508695f5fc,0,/mnt/datadisk/./datasets/0/VirusShare_af3510bcd04715ce4d88e4508695f5fc,,
VirusShare_1abc3780d41e3f0b52d5bfeebc8edbdf,1abc3780d41e3f0b52d5bfeebc8edbdf,0,/mnt/datadisk/./datasets/0/VirusShare_1abc3780d41e3f0b52d5bfeebc8edbdf,,
VirusShare_956b6cc36153a39b847e0c9031854f41,956b6cc36153a39b847e0c9031854f41,0,/mnt/datadisk/./datasets/0/VirusShare_956b6cc36153a39b847e0c9031854f41,,
VirusShare_f4276414e26c5aae089c33b461f216d3,f4276414e26c5aae089c33b461f216d3,1,/mnt/datadisk/./datasets/1/VirusShare_f4276414e26c5aae089c33b461f216d3,,
VirusShare_77521cd1f25cc77c0025b921708022ae,77521cd1f25cc77c0025b921708022ae,0,/mnt/datadisk/./datasets/0/VirusShare_77521cd1f25cc77c0025b921708022ae,,
VirusShare_d201bb534eee0969cf14677bf27f8196,d201bb534eee0969cf14677bf27f8196,1,/mnt/datadisk/./datasets/1/VirusShare_d201bb534eee0969cf14677bf27f8196,,
VirusShare_03ce834d332309e2e1de20fd660e3736,03ce834d332309e2e1de20fd660e3736,0,/mnt/datadisk/./datasets/0/VirusShare_03ce834d332309e2e1de20fd660e3736,,
VirusShare_42e73e5f68e47335609d2777495d49ef,42e73e5f68e47335609d2777495d49ef,0,/mnt/datadisk/./datasets/0/VirusShare_42e73e5f68e47335609d2777495d49ef,,
VirusShare_d5a69a6fefa1b281e888ed0c55a1fc2a,d5a69a6fefa1b281e888ed0c55a1fc2a,0,/mnt/datadisk/./datasets/0/VirusShare_d5a69a6fefa1b281e888ed0c55a1fc2a,,
VirusShare_b6d6b5cb714b8e5fabadf5ba6deab957,b6d6b5cb714b8e5fabadf5ba6deab957,0,/mnt/datadisk/./datasets/0/VirusShare_b6d6b5cb714b8e5fabadf5ba6deab957,,
VirusShare_ed933568b9ed194072333c9448fbb5e4,ed933568b9ed194072333c9448fbb5e4,1,/mnt/datadisk/./datasets/1/VirusShare_ed933568b9ed194072333c9448fbb5e4,,
VirusShare_493b065a82831e28d0475b2002a7552f,493b065a82831e28d0475b2002a7552f,0,/mnt/datadisk/./datasets/0/VirusShare_493b065a82831e28d0475b2002a7552f,,
VirusShare_8fc0f2df156cd9a19b3b4e696b0f5338,8fc0f2df156cd9a19b3b4e696b0f5338,1,/mnt/datadisk/./datasets/1/VirusShare_8fc0f2df156cd9a19b3b4e696b0f5338,,
VirusShare_45a374344465e4e060daf8d0c39eb552,45a374344465e4e060daf8d0c39eb552,0,/mnt/datadisk/./datasets/0/VirusShare_45a374344465e4e060daf8d0c39eb552,,
VirusShare_2e1da78e3d75e4c0f86e2483b3bec717,2e1da78e3d75e4c0f86e2483b3bec717,1,/mnt/datadisk/./datasets/1/VirusShare_2e1da78e3d75e4c0f86e2483b3bec717,,
VirusShare_df35e6334e7034df4641cbfcb2e510cf,df35e6334e7034df4641cbfcb2e510cf,0,/mnt/datadisk/./datasets/0/VirusShare_df35e6334e7034df4641cbfcb2e510cf,,
VirusShare_bdb88ced846189e268f271cbd6a38713,bdb88ced846189e268f271cbd6a38713,0,/mnt/datadisk/./datasets/0/VirusShare_bdb88ced846189e268f271cbd6a38713,,
VirusShare_5ba4f567a77c7d7672b690b1cff10dd9,5ba4f567a77c7d7672b690b1cff10dd9,0,/mnt/datadisk/./datasets/0/VirusShare_5ba4f567a77c7d7672b690b1cff10dd9,,
VirusShare_88f4c9855d55590095ff7a32e60c057a,88f4c9855d55590095ff7a32e60c057a,0,/mnt/datadisk/./datasets/0/VirusShare_88f4c9855d55590095ff7a32e60c057a,,
VirusShare_e046a6f94b632f15ca229b41348e6f42,e046a6f94b632f15ca229b41348e6f42,0,/mnt/datadisk/./datasets/0/VirusShare_e046a6f94b632f15ca229b41348e6f42,,
VirusShare_b2cf0d7be6216f27e6179585dd022c49,b2cf0d7be6216f27e6179585dd022c49,1,/mnt/datadisk/./datasets/1/VirusShare_b2cf0d7be6216f27e6179585dd022c49,,
VirusShare_be3c664449e0b3c801b495b592b774a9,be3c664449e0b3c801b495b592b774a9,0,/mnt/datadisk/./datasets/0/VirusShare_be3c664449e0b3c801b495b592b774a9,,
VirusShare_c979d63c65792c78a3a16b894470f901,c979d63c65792c78a3a16b894470f901,0,/mnt/datadisk/./datasets/0/VirusShare_c979d63c65792c78a3a16b894470f901,,
VirusShare_2fdbbb9a045948d19b16ed92d9e01558,2fdbbb9a045948d19b16ed92d9e01558,0,/mnt/datadisk/./datasets/0/VirusShare_2fdbbb9a045948d19b16ed92d9e01558,,
VirusShare_d92a906d0e12ca30947d5bc9dbf4f002,d92a906d0e12ca30947d5bc9dbf4f002,0,/mnt/datadisk/./datasets/0/VirusShare_d92a906d0e12ca30947d5bc9dbf4f002,,
VirusShare_ba39bc3e301f8dd31f7e84ff230738bf,ba39bc3e301f8dd31f7e84ff230738bf,1,/mnt/datadisk/./datasets/1/VirusShare_ba39bc3e301f8dd31f7e84ff230738bf,,
VirusShare_0a5436a0b32eec5c3b0c1e4f1ada9f00,0a5436a0b32eec5c3b0c1e4f1ada9f00,0,/mnt/datadisk/./datasets/0/VirusShare_0a5436a0b32eec5c3b0c1e4f1ada9f00,,
VirusShare_bb3067f7e3501dfc843cd11aaf078e3e,bb3067f7e3501dfc843cd11aaf078e3e,1,/mnt/datadisk/./datasets/1/VirusShare_bb3067f7e3501dfc843cd11aaf078e3e,,
VirusShare_3ab33fcafec471cb3e83e4c9eabf9a81,3ab33fcafec471cb3e83e4c9eabf9a81,0,/mnt/datadisk/./datasets/0/VirusShare_3ab33fcafec471cb3e83e4c9eabf9a81,,
VirusShare_1bf6181a527fb5fdf48762585f46495a,1bf6181a527fb5fdf48762585f46495a,1,/mnt/datadisk/./datasets/1/VirusShare_1bf6181a527fb5fdf48762585f46495a,,
VirusShare_e47f91d4322633329763192c28141b99,e47f91d4322633329763192c28141b99,0,/mnt/datadisk/./datasets/0/VirusShare_e47f91d4322633329763192c28141b99,,
VirusShare_e46215ddf406983ececf888a0f225d39,e46215ddf406983ececf888a0f225d39,1,/mnt/datadisk/./datasets/1/VirusShare_e46215ddf406983ececf888a0f225d39,,
VirusShare_0760c91be141c3ef4169c79ce978c750,0760c91be141c3ef4169c79ce978c750,1,/mnt/datadisk/./datasets/1/VirusShare_0760c91be141c3ef4169c79ce978c750,,
VirusShare_aaf2c7700032fa676bd26020907d1326,aaf2c7700032fa676bd26020907d1326,1,/mnt/datadisk/./datasets/1/VirusShare_aaf2c7700032fa676bd26020907d1326,,
VirusShare_c225005150b14ea8b26c3847fd9e35ab,c225005150b14ea8b26c3847fd9e35ab,0,/mnt/datadisk/./datasets/0/VirusShare_c225005150b14ea8b26c3847fd9e35ab,,
VirusShare_53740b5e22325039fb36edebef2e3abf,53740b5e22325039fb36edebef2e3abf,0,/mnt/datadisk/./datasets/0/VirusShare_53740b5e22325039fb36edebef2e3abf,,
VirusShare_049ac1151a0b98d5dcf7bde8ebb66591,049ac1151a0b98d5dcf7bde8ebb66591,1,/mnt/datadisk/./datasets/1/VirusShare_049ac1151a0b98d5dcf7bde8ebb66591,,
VirusShare_9d2679b09701ab04707c45d6ba064bbf,9d2679b09701ab04707c45d6ba064bbf,0,/mnt/datadisk/./datasets/0/VirusShare_9d2679b09701ab04707c45d6ba064bbf,,
VirusShare_0cdb8daf31bb172eef1ae60acbc9e176,0cdb8daf31bb172eef1ae60acbc9e176,1,/mnt/datadisk/./datasets/1/VirusShare_0cdb8daf31bb172eef1ae60acbc9e176,,
VirusShare_b16ca7eeb9c0a4bd80ac9f9a79ae6d2a,b16ca7eeb9c0a4bd80ac9f9a79ae6d2a,1,/mnt/datadisk/./datasets/1/VirusShare_b16ca7eeb9c0a4bd80ac9f9a79ae6d2a,,
VirusShare_e3037581f7e727986d277567d64582ef,e3037581f7e727986d277567d64582ef,0,/mnt/datadisk/./datasets/0/VirusShare_e3037581f7e727986d277567d64582ef,,
VirusShare_2dce3288ac7c6a38cb64f30f27332330,2dce3288ac7c6a38cb64f30f27332330,0,/mnt/datadisk/./datasets/0/VirusShare_2dce3288ac7c6a38cb64f30f27332330,,
VirusShare_46fb9f3e69259b9ba59d5987df27bc46,46fb9f3e69259b9ba59d5987df27bc46,0,/mnt/datadisk/./datasets/0/VirusShare_46fb9f3e69259b9ba59d5987df27bc46,,
VirusShare_ff9601a8ce794092331d5f2a6e385e6b,ff9601a8ce794092331d5f2a6e385e6b,0,/mnt/datadisk/./datasets/0/VirusShare_ff9601a8ce794092331d5f2a6e385e6b,,
VirusShare_cee7b7f18c969ecdcccc7b9f4b14b3ed,cee7b7f18c969ecdcccc7b9f4b14b3ed,1,/mnt/datadisk/./datasets/1/VirusShare_cee7b7f18c969ecdcccc7b9f4b14b3ed,,
VirusShare_32326b8b4b64f3d1ed502c88cb9a4272,32326b8b4b64f3d1ed502c88cb9a4272,0,/mnt/datadisk/./datasets/0/VirusShare_32326b8b4b64f3d1ed502c88cb9a4272,,
VirusShare_14d3c33fc5d0700267f350892c1c0ece,14d3c33fc5d0700267f350892c1c0ece,1,/mnt/datadisk/./datasets/1/VirusShare_14d3c33fc5d0700267f350892c1c0ece,,
VirusShare_ece85234c9cdcd6c3a4f4c729109cc53,ece85234c9cdcd6c3a4f4c729109cc53,0,/mnt/datadisk/./datasets/0/VirusShare_ece85234c9cdcd6c3a4f4c729109cc53,,
VirusShare_d79250309cc3f9dbe97642dc05744acf,d79250309cc3f9dbe97642dc05744acf,0,/mnt/datadisk/./datasets/0/VirusShare_d79250309cc3f9dbe97642dc05744acf,,
VirusShare_d022360dfb391d3254e733e065cb815f,d022360dfb391d3254e733e065cb815f,1,/mnt/datadisk/./datasets/1/VirusShare_d022360dfb391d3254e733e065cb815f,,
VirusShare_302d5bf97f481096506cba70d1e9399b,302d5bf97f481096506cba70d1e9399b,0,/mnt/datadisk/./datasets/0/VirusShare_302d5bf97f481096506cba70d1e9399b,,
VirusShare_bea50370fefd3a957c68c87de0429eba,bea50370fefd3a957c68c87de0429eba,1,/mnt/datadisk/./datasets/1/VirusShare_bea50370fefd3a957c68c87de0429eba,,
VirusShare_eb56ccb2dcb91eeca4ad3381fa88205c,eb56ccb2dcb91eeca4ad3381fa88205c,0,/mnt/datadisk/./datasets/0/VirusShare_eb56ccb2dcb91eeca4ad3381fa88205c,,
VirusShare_89c8f128c2f965f61055e85a52112070,89c8f128c2f965f61055e85a52112070,1,/mnt/datadisk/./datasets/1/VirusShare_89c8f128c2f965f61055e85a52112070,,
VirusShare_b121e59fd376536b92d2e25ff60df3d4,b121e59fd376536b92d2e25ff60df3d4,0,/mnt/datadisk/./datasets/0/VirusShare_b121e59fd376536b92d2e25ff60df3d4,,
VirusShare_03b38a5b3978ae17bd53d46b21664bf8,03b38a5b3978ae17bd53d46b21664bf8,0,/mnt/datadisk/./datasets/0/VirusShare_03b38a5b3978ae17bd53d46b21664bf8,,
VirusShare_6621c0e6b6a64c9244b3fea0fd8e662d,6621c0e6b6a64c9244b3fea0fd8e662d,1,/mnt/datadisk/./datasets/1/VirusShare_6621c0e6b6a64c9244b3fea0fd8e662d,,
VirusShare_4f114e7858a39bcb7a61f9ee210546df,4f114e7858a39bcb7a61f9ee210546df,0,/mnt/datadisk/./datasets/0/VirusShare_4f114e7858a39bcb7a61f9ee210546df,,
VirusShare_a2f6122bb72582feff854e4fc2f08fa2,a2f6122bb72582feff854e4fc2f08fa2,1,/mnt/datadisk/./datasets/1/VirusShare_a2f6122bb72582feff854e4fc2f08fa2,,
VirusShare_35ca2ad2f04a88da06917dfa584b6c43,35ca2ad2f04a88da06917dfa584b6c43,1,/mnt/datadisk/./datasets/1/VirusShare_35ca2ad2f04a88da06917dfa584b6c43,,
VirusShare_cbe8c281d15c17d28600dae6dcf9a611,cbe8c281d15c17d28600dae6dcf9a611,0,/mnt/datadisk/./datasets/0/VirusShare_cbe8c281d15c17d28600dae6dcf9a611,,
VirusShare_2fc12d2bad2f9f46de9bf70c93e4eb8e,2fc12d2bad2f9f46de9bf70c93e4eb8e,1,/mnt/datadisk/./datasets/1/VirusShare_2fc12d2bad2f9f46de9bf70c93e4eb8e,,
VirusShare_a417cfa9464265d2621e6fe8c0a63b5a,a417cfa9464265d2621e6fe8c0a63b5a,1,/mnt/datadisk/./datasets/1/VirusShare_a417cfa9464265d2621e6fe8c0a63b5a,,
VirusShare_11b6e67a694300001dd6a6cc0ecb140c,11b6e67a694300001dd6a6cc0ecb140c,0,/mnt/datadisk/./datasets/0/VirusShare_11b6e67a694300001dd6a6cc0ecb140c,,
VirusShare_652e6e262d692b22ef17a0bca422e41b,652e6e262d692b22ef17a0bca422e41b,0,/mnt/datadisk/./datasets/0/VirusShare_652e6e262d692b22ef17a0bca422e41b,,
VirusShare_54cecee0868e914e207f565c5076917e,54cecee0868e914e207f565c5076917e,1,/mnt/datadisk/./datasets/1/VirusShare_54cecee0868e914e207f565c5076917e,,
VirusShare_874ce9668697e8bb6085e9bc13ea6bcf,874ce9668697e8bb6085e9bc13ea6bcf,0,/mnt/datadisk/./datasets/0/VirusShare_874ce9668697e8bb6085e9bc13ea6bcf,,
VirusShare_0aa3e61aad979d056543ca3c268df3a2,0aa3e61aad979d056543ca3c268df3a2,0,/mnt/datadisk/./datasets/0/VirusShare_0aa3e61aad979d056543ca3c268df3a2,,
VirusShare_01087d4e1550c17ba648f0e76b656356,01087d4e1550c17ba648f0e76b656356,0,/mnt/datadisk/./datasets/0/VirusShare_01087d4e1550c17ba648f0e76b656356,,
VirusShare_fa40b1b9c4fe3d0265d7c1b4c37f1b9d,fa40b1b9c4fe3d0265d7c1b4c37f1b9d,0,/mnt/datadisk/./datasets/0/VirusShare_fa40b1b9c4fe3d0265d7c1b4c37f1b9d,,
VirusShare_2e60d04f6c92ce581fdfb366b6ea419c,2e60d04f6c92ce581fdfb366b6ea419c,0,/mnt/datadisk/./datasets/0/VirusShare_2e60d04f6c92ce581fdfb366b6ea419c,,
VirusShare_4e931f605f73820debce5609c695e6a5,4e931f605f73820debce5609c695e6a5,1,/mnt/datadisk/./datasets/1/VirusShare_4e931f605f73820debce5609c695e6a5,,
VirusShare_7e36dbf1bdb7328060955aa2bcfcc81d,7e36dbf1bdb7328060955aa2bcfcc81d,0,/mnt/datadisk/./datasets/0/VirusShare_7e36dbf1bdb7328060955aa2bcfcc81d,,
VirusShare_3b27081d5574079997e32e16ddc41dfa,3b27081d5574079997e32e16ddc41dfa,1,/mnt/datadisk/./datasets/1/VirusShare_3b27081d5574079997e32e16ddc41dfa,,
VirusShare_b400ba5d7d60656b120005eddb1bc946,b400ba5d7d60656b120005eddb1bc946,0,/mnt/datadisk/./datasets/0/VirusShare_b400ba5d7d60656b120005eddb1bc946,,
VirusShare_1862a4b5ddc241e46d11bac2043dd76e,1862a4b5ddc241e46d11bac2043dd76e,0,/mnt/datadisk/./datasets/0/VirusShare_1862a4b5ddc241e46d11bac2043dd76e,,
VirusShare_e2e851a70f6161c115f327d2a5b8296e,e2e851a70f6161c115f327d2a5b8296e,0,/mnt/datadisk/./datasets/0/VirusShare_e2e851a70f6161c115f327d2a5b8296e,,
VirusShare_a4d7a37e14036feb3290e34d2f237dca,a4d7a37e14036feb3290e34d2f237dca,0,/mnt/datadisk/./datasets/0/VirusShare_a4d7a37e14036feb3290e34d2f237dca,,
VirusShare_74085c53032f646177a0fcd39e6319bb,74085c53032f646177a0fcd39e6319bb,1,/mnt/datadisk/./datasets/1/VirusShare_74085c53032f646177a0fcd39e6319bb,,
VirusShare_f9265216078c6f2edf4b0822086ffc6e,f9265216078c6f2edf4b0822086ffc6e,0,/mnt/datadisk/./datasets/0/VirusShare_f9265216078c6f2edf4b0822086ffc6e,,
VirusShare_daea85eb1f64d2a47809416bb38c96a7,daea85eb1f64d2a47809416bb38c96a7,0,/mnt/datadisk/./datasets/0/VirusShare_daea85eb1f64d2a47809416bb38c96a7,,
VirusShare_706219a930353b0e6561c2fb4b65c413,706219a930353b0e6561c2fb4b65c413,0,/mnt/datadisk/./datasets/0/VirusShare_706219a930353b0e6561c2fb4b65c413,,
VirusShare_ea52d2c201a933b73f5873528af607b3,ea52d2c201a933b73f5873528af607b3,0,/mnt/datadisk/./datasets/0/VirusShare_ea52d2c201a933b73f5873528af607b3,,
VirusShare_f3998e135f5e6bbbc07644ca7a0f0c5a,f3998e135f5e6bbbc07644ca7a0f0c5a,0,/mnt/datadisk/./datasets/0/VirusShare_f3998e135f5e6bbbc07644ca7a0f0c5a,,
VirusShare_a5cf7e055a8cad12d683c7dd90a49a00,a5cf7e055a8cad12d683c7dd90a49a00,1,/mnt/datadisk/./datasets/1/VirusShare_a5cf7e055a8cad12d683c7dd90a49a00,,
VirusShare_f27a278f050939f1efbef3cde4ec9fda,f27a278f050939f1efbef3cde4ec9fda,0,/mnt/datadisk/./datasets/0/VirusShare_f27a278f050939f1efbef3cde4ec9fda,,
VirusShare_e901d2ea0fe1c2aa4403d1f437a944d0,e901d2ea0fe1c2aa4403d1f437a944d0,0,/mnt/datadisk/./datasets/0/VirusShare_e901d2ea0fe1c2aa4403d1f437a944d0,,
VirusShare_84caf4311b115eaff9adc55fdee26bde,84caf4311b115eaff9adc55fdee26bde,0,/mnt/datadisk/./datasets/0/VirusShare_84caf4311b115eaff9adc55fdee26bde,,
VirusShare_9f69af6db087f1855874e6e68f4884b3,9f69af6db087f1855874e6e68f4884b3,0,/mnt/datadisk/./datasets/0/VirusShare_9f69af6db087f1855874e6e68f4884b3,,
VirusShare_121a6914b86cfc9ca8d12864cba4da75,121a6914b86cfc9ca8d12864cba4da75,0,/mnt/datadisk/./datasets/0/VirusShare_121a6914b86cfc9ca8d12864cba4da75,,
VirusShare_9daff1bbb18190c9db19e0694edf3e41,9daff1bbb18190c9db19e0694edf3e41,0,/mnt/datadisk/./datasets/0/VirusShare_9daff1bbb18190c9db19e0694edf3e41,,
VirusShare_3b13229762f2379e7e32695faa0bd246,3b13229762f2379e7e32695faa0bd246,0,/mnt/datadisk/./datasets/0/VirusShare_3b13229762f2379e7e32695faa0bd246,,
VirusShare_f4fa48e0e03aa9ef78652c1a2a435684,f4fa48e0e03aa9ef78652c1a2a435684,1,/mnt/datadisk/./datasets/1/VirusShare_f4fa48e0e03aa9ef78652c1a2a435684,,
VirusShare_ebad34aa19a0e45b7169173bb9e07a58,ebad34aa19a0e45b7169173bb9e07a58,0,/mnt/datadisk/./datasets/0/VirusShare_ebad34aa19a0e45b7169173bb9e07a58,,
VirusShare_a791c235a0f3087b71215dc29c5ea91a,a791c235a0f3087b71215dc29c5ea91a,1,/mnt/datadisk/./datasets/1/VirusShare_a791c235a0f3087b71215dc29c5ea91a,,
VirusShare_894db650c32ec75935dcf17a677904de,894db650c32ec75935dcf17a677904de,0,/mnt/datadisk/./datasets/0/VirusShare_894db650c32ec75935dcf17a677904de,,
VirusShare_d8b8643134b513fe66e4c3153fbd5406,d8b8643134b513fe66e4c3153fbd5406,1,/mnt/datadisk/./datasets/1/VirusShare_d8b8643134b513fe66e4c3153fbd5406,,
VirusShare_17d228bfd29d0ca5291e8b25bba002b2,17d228bfd29d0ca5291e8b25bba002b2,0,/mnt/datadisk/./datasets/0/VirusShare_17d228bfd29d0ca5291e8b25bba002b2,,
VirusShare_ace484638168f0e69290d3eaed453ad7,ace484638168f0e69290d3eaed453ad7,1,/mnt/datadisk/./datasets/1/VirusShare_ace484638168f0e69290d3eaed453ad7,,
VirusShare_e3041b7c580e93653fe01932450e1794,e3041b7c580e93653fe01932450e1794,1,/mnt/datadisk/./datasets/1/VirusShare_e3041b7c580e93653fe01932450e1794,,
VirusShare_f5a791e174a872ea3bed88bd4b64c91a,f5a791e174a872ea3bed88bd4b64c91a,1,/mnt/datadisk/./datasets/1/VirusShare_f5a791e174a872ea3bed88bd4b64c91a,,
VirusShare_133bb1d1eb7118a83686278364a91bf3,133bb1d1eb7118a83686278364a91bf3,0,/mnt/datadisk/./datasets/0/VirusShare_133bb1d1eb7118a83686278364a91bf3,,
VirusShare_fbe4bbfc10eaf8a32435a1affc24c527,fbe4bbfc10eaf8a32435a1affc24c527,1,/mnt/datadisk/./datasets/1/VirusShare_fbe4bbfc10eaf8a32435a1affc24c527,,
VirusShare_bb99721c602a13bf0c4216e92b873275,bb99721c602a13bf0c4216e92b873275,1,/mnt/datadisk/./datasets/1/VirusShare_bb99721c602a13bf0c4216e92b873275,,
VirusShare_9d95a9fcdc190d9975ca473258c9e9a1,9d95a9fcdc190d9975ca473258c9e9a1,0,/mnt/datadisk/./datasets/0/VirusShare_9d95a9fcdc190d9975ca473258c9e9a1,,
VirusShare_2cf48f96bd69a977d81f8b83b2c549a3,2cf48f96bd69a977d81f8b83b2c549a3,0,/mnt/datadisk/./datasets/0/VirusShare_2cf48f96bd69a977d81f8b83b2c549a3,,
VirusShare_3706118882e7356babb5e8d6fb1a44a7,3706118882e7356babb5e8d6fb1a44a7,1,/mnt/datadisk/./datasets/1/VirusShare_3706118882e7356babb5e8d6fb1a44a7,,
VirusShare_f7d1cabbe5151b37f091da075209a685,f7d1cabbe5151b37f091da075209a685,1,/mnt/datadisk/./datasets/1/VirusShare_f7d1cabbe5151b37f091da075209a685,,
VirusShare_dfa686b3414ad31a91bb0dc150c05126,dfa686b3414ad31a91bb0dc150c05126,0,/mnt/datadisk/./datasets/0/VirusShare_dfa686b3414ad31a91bb0dc150c05126,,
VirusShare_57fea7de50ed43f58a8e1a71c1f128c7,57fea7de50ed43f58a8e1a71c1f128c7,0,/mnt/datadisk/./datasets/0/VirusShare_57fea7de50ed43f58a8e1a71c1f128c7,,
VirusShare_38fa59bf77b7dee9461dde6372db497c,38fa59bf77b7dee9461dde6372db497c,1,/mnt/datadisk/./datasets/1/VirusShare_38fa59bf77b7dee9461dde6372db497c,,
VirusShare_fe4e7e5c099606f46fdc6b59fb746d38,fe4e7e5c099606f46fdc6b59fb746d38,0,/mnt/datadisk/./datasets/0/VirusShare_fe4e7e5c099606f46fdc6b59fb746d38,,
VirusShare_8a281c1c9f37d295c6862306e7ea41c9,8a281c1c9f37d295c6862306e7ea41c9,0,/mnt/datadisk/./datasets/0/VirusShare_8a281c1c9f37d295c6862306e7ea41c9,,
VirusShare_3825deaa5e275c536b385c57b8a3fbb3,3825deaa5e275c536b385c57b8a3fbb3,1,/mnt/datadisk/./datasets/1/VirusShare_3825deaa5e275c536b385c57b8a3fbb3,,
VirusShare_70b6a4a39ad13e3cce7034ce1e054a6e,70b6a4a39ad13e3cce7034ce1e054a6e,0,/mnt/datadisk/./datasets/0/VirusShare_70b6a4a39ad13e3cce7034ce1e054a6e,,
VirusShare_b39640b7369396c9b26a4db6cf835163,b39640b7369396c9b26a4db6cf835163,1,/mnt/datadisk/./datasets/1/VirusShare_b39640b7369396c9b26a4db6cf835163,,
VirusShare_5211307f3778c69a539883160b5364c2,5211307f3778c69a539883160b5364c2,1,/mnt/datadisk/./datasets/1/VirusShare_5211307f3778c69a539883160b5364c2,,
VirusShare_24d95591872ecbe546994c1b82149bad,24d95591872ecbe546994c1b82149bad,0,/mnt/datadisk/./datasets/0/VirusShare_24d95591872ecbe546994c1b82149bad,,
VirusShare_30016fba86f0fc5d99662b2430f59b66,30016fba86f0fc5d99662b2430f59b66,1,/mnt/datadisk/./datasets/1/VirusShare_30016fba86f0fc5d99662b2430f59b66,,
VirusShare_afdc943511f1bfd47d8b9d334bd9a7a6,afdc943511f1bfd47d8b9d334bd9a7a6,0,/mnt/datadisk/./datasets/0/VirusShare_afdc943511f1bfd47d8b9d334bd9a7a6,,
VirusShare_f7cdc30860309ba5604ec08e6f048dac,f7cdc30860309ba5604ec08e6f048dac,1,/mnt/datadisk/./datasets/1/VirusShare_f7cdc30860309ba5604ec08e6f048dac,,
VirusShare_b0c371125a026c18252ee58e19f402e6,b0c371125a026c18252ee58e19f402e6,0,/mnt/datadisk/./datasets/0/VirusShare_b0c371125a026c18252ee58e19f402e6,,
VirusShare_c88b44778a3d04b1c5ea318f4b17516e,c88b44778a3d04b1c5ea318f4b17516e,0,/mnt/datadisk/./datasets/0/VirusShare_c88b44778a3d04b1c5ea318f4b17516e,,
VirusShare_4553b8cd3e1cdf2254a40a03e045ea9d,4553b8cd3e1cdf2254a40a03e045ea9d,1,/mnt/datadisk/./datasets/1/VirusShare_4553b8cd3e1cdf2254a40a03e045ea9d,,
VirusShare_4696a5a0877dd1d84a0caef09e460b25,4696a5a0877dd1d84a0caef09e460b25,0,/mnt/datadisk/./datasets/0/VirusShare_4696a5a0877dd1d84a0caef09e460b25,,
VirusShare_cdf3d4f64c2e38cc4237b77573e0f41f,cdf3d4f64c2e38cc4237b77573e0f41f,0,/mnt/datadisk/./datasets/0/VirusShare_cdf3d4f64c2e38cc4237b77573e0f41f,,
VirusShare_d2b3515132ba4af14ec626341b998958,d2b3515132ba4af14ec626341b998958,1,/mnt/datadisk/./datasets/1/VirusShare_d2b3515132ba4af14ec626341b998958,,
VirusShare_c9273c2101c05b46ee65ed4da6038c83,c9273c2101c05b46ee65ed4da6038c83,0,/mnt/datadisk/./datasets/0/VirusShare_c9273c2101c05b46ee65ed4da6038c83,,
VirusShare_a6b82a17827c45f46a3dfbf5cb377794,a6b82a17827c45f46a3dfbf5cb377794,1,/mnt/datadisk/./datasets/1/VirusShare_a6b82a17827c45f46a3dfbf5cb377794,,
VirusShare_d35709ecbdca495899c11676b1776e79,d35709ecbdca495899c11676b1776e79,0,/mnt/datadisk/./datasets/0/VirusShare_d35709ecbdca495899c11676b1776e79,,
VirusShare_080e0c42f6c8e6398cab3015d167d64b,080e0c42f6c8e6398cab3015d167d64b,0,/mnt/datadisk/./datasets/0/VirusShare_080e0c42f6c8e6398cab3015d167d64b,,
VirusShare_80693af227dd0f0b75a690624df4b872,80693af227dd0f0b75a690624df4b872,1,/mnt/datadisk/./datasets/1/VirusShare_80693af227dd0f0b75a690624df4b872,,
VirusShare_951d7037043e1ae3a90e13b632719d4b,951d7037043e1ae3a90e13b632719d4b,1,/mnt/datadisk/./datasets/1/VirusShare_951d7037043e1ae3a90e13b632719d4b,,
VirusShare_0ee181276f952e9acf8439d0bfb97f21,0ee181276f952e9acf8439d0bfb97f21,0,/mnt/datadisk/./datasets/0/VirusShare_0ee181276f952e9acf8439d0bfb97f21,,
VirusShare_8cdd7f15270fe8305ec32f250b83b68b,8cdd7f15270fe8305ec32f250b83b68b,1,/mnt/datadisk/./datasets/1/VirusShare_8cdd7f15270fe8305ec32f250b83b68b,,
VirusShare_b75d5492909b32a21f1680cac5efacc1,b75d5492909b32a21f1680cac5efacc1,0,/mnt/datadisk/./datasets/0/VirusShare_b75d5492909b32a21f1680cac5efacc1,,
VirusShare_e7c20b752fb934983cdc320ac4e22e9f,e7c20b752fb934983cdc320ac4e22e9f,0,/mnt/datadisk/./datasets/0/VirusShare_e7c20b752fb934983cdc320ac4e22e9f,,
VirusShare_7e1b95a06861ccaffa328453d0c80d0e,7e1b95a06861ccaffa328453d0c80d0e,1,/mnt/datadisk/./datasets/1/VirusShare_7e1b95a06861ccaffa328453d0c80d0e,,
VirusShare_acd1b83aebba16c6d1e40f462c92e4e4,acd1b83aebba16c6d1e40f462c92e4e4,1,/mnt/datadisk/./datasets/1/VirusShare_acd1b83aebba16c6d1e40f462c92e4e4,,
VirusShare_b217b96d515c10b7b92c314306b95314,b217b96d515c10b7b92c314306b95314,0,/mnt/datadisk/./datasets/0/VirusShare_b217b96d515c10b7b92c314306b95314,,
VirusShare_e2b1e8afbacff1108a6fac8d02daa8ed,e2b1e8afbacff1108a6fac8d02daa8ed,0,/mnt/datadisk/./datasets/0/VirusShare_e2b1e8afbacff1108a6fac8d02daa8ed,,
VirusShare_86e9c27d1fe37a5aadddc82f6bd2a67d,86e9c27d1fe37a5aadddc82f6bd2a67d,0,/mnt/datadisk/./datasets/0/VirusShare_86e9c27d1fe37a5aadddc82f6bd2a67d,,
VirusShare_808fbfa48820df56ec030faca33affbd,808fbfa48820df56ec030faca33affbd,0,/mnt/datadisk/./datasets/0/VirusShare_808fbfa48820df56ec030faca33affbd,,
VirusShare_0c59450b4381e67594b7d4d142918521,0c59450b4381e67594b7d4d142918521,1,/mnt/datadisk/./datasets/1/VirusShare_0c59450b4381e67594b7d4d142918521,,
VirusShare_41cb4d7361e6e91e9e9b50f4eee09ed7,41cb4d7361e6e91e9e9b50f4eee09ed7,0,/mnt/datadisk/./datasets/0/VirusShare_41cb4d7361e6e91e9e9b50f4eee09ed7,,
VirusShare_4ea72eb8d1857f471afd0e8806d5f612,4ea72eb8d1857f471afd0e8806d5f612,1,/mnt/datadisk/./datasets/1/VirusShare_4ea72eb8d1857f471afd0e8806d5f612,,
VirusShare_74fcfb5452172b5224111b667d497381,74fcfb5452172b5224111b667d497381,0,/mnt/datadisk/./datasets/0/VirusShare_74fcfb5452172b5224111b667d497381,,
VirusShare_91ec5f7f539d09cf4798daf06a73152a,91ec5f7f539d09cf4798daf06a73152a,1,/mnt/datadisk/./datasets/1/VirusShare_91ec5f7f539d09cf4798daf06a73152a,,
VirusShare_5ecc8efa9cb48686f1aee9376112ec69,5ecc8efa9cb48686f1aee9376112ec69,0,/mnt/datadisk/./datasets/0/VirusShare_5ecc8efa9cb48686f1aee9376112ec69,,
