hash,confidence,prediction,true_label
VirusShare_40e9a2dc68c3b08807d0a92439422c00,0.6542649,1,1.0
VirusShare_e5a851e11a9c532835d082756f08b2da,0.65086174,1,1.0
VirusShare_f6a6652ef981825ff3de7845e8d2cee0,0.6551195,1,1.0
VirusShare_5704cd46ad544901029ab99f85581cb0,0.65584666,1,1.0
VirusShare_f2ee0801ddb31337b9a0b20a8bb1cee2,0.67017084,1,1.0
VirusShare_97b59ddd3d67ee96a27bbc7ab84e95f1,0.6507223,1,1.0
VirusShare_76b4fcd2a58a2eb727a3f927137e7bf7,0.66141355,1,1.0
VirusShare_b5ac5f684c848c02ef555467110f574e,0.6588292,1,1.0
VirusShare_206a4e679b321e7a1ec06d29da3418e4,0.5387498,1,1.0
VirusShare_70b4f8de1f8ce58622abf3f98254a95d,0.64860904,1,1.0
VirusShare_1681b74d1b3391367fe268fbab6dc6c4,0.6603897,1,1.0
VirusShare_7f3015a8cbb4bfe46e88295f47ee908c,0.6551652,1,1.0
VirusShare_b8f180086941621ec9a3a0accb5e0fd2,0.63178,1,1.0
VirusShare_4fa1d87d18981f3a28a0f236764b73ef,0.65756994,1,1.0
VirusShare_4f8161f12a14193bbe13e8372eb4d599,0.6537279,1,1.0
VirusShare_03edf8ae92fb4e8fe8fde222083481e1,0.6579534,1,1.0
VirusShare_a5a3a14d7a577448b64bbc3ce01072c0,0.5894993,1,1.0
VirusShare_ba3131e35b379c592392f165b616713e,0.6495611,1,1.0
VirusShare_74e2344d7d814e7127001905b224bf62,0.6706566,1,1.0
VirusShare_01533dfa317cceac9148261db0e5afb4,0.65377325,1,1.0
VirusShare_4c25f00998ca31997683a333c21b8d86,0.66628295,1,1.0
VirusShare_196bd95c897095d12965e27cc14ee6ed,0.65221894,1,1.0
VirusShare_a539f1884ece0c58164adf2331311661,0.65604097,1,1.0
VirusShare_8706d70b5637df65e929042cb30befb4,0.6543913,1,1.0
VirusShare_7c3d5621e7ae4fef5085666798ec05a8,0.6544115,1,1.0
VirusShare_28f6fe9a116d3fb9f7a580e41c6d7ffd,0.6566761,1,1.0
VirusShare_16970ae3dce858eeaa849646cda4b6c1,0.6601462,1,1.0
VirusShare_1b99e137412cbd15e457f9bcec5801b7,0.6602105,1,1.0
VirusShare_a99149e92a7998119b6c0e8d726537d9,0.6622368,1,1.0
VirusShare_485c8bea4d83b9de47fc4ad75059e7c6,0.6575093,1,1.0
VirusShare_e89ae02c07f0854779497c4a92393f9c,0.66062236,1,1.0
VirusShare_9179e854a1edb8d06ef6f8d4bc1aa377,0.65688586,1,1.0
VirusShare_499ba40374c0ed10e6ce426da9a8c3c3,0.65688586,1,1.0
VirusShare_b844847564ed9f9e3c2e0c840a3cd958,0.5894993,1,1.0
VirusShare_8a25cc9c85b273073b17961718d5c997,0.6525154,1,1.0
VirusShare_7dd564a5fcf85e4b7dd14a437390ffca,0.65251917,1,1.0
VirusShare_fc0b5ea61f578ac22f748b7cd590203c,0.2797284,0,1.0
VirusShare_dae194c9dcb6221f5bc1f127df4a7899,0.6420484,1,1.0
VirusShare_d9c8e2be60d18af2c8de39091d7b5d85,0.7258099,1,1.0
VirusShare_d33a1c52323f804ad1b55e567e707dd6,0.30617175,0,1.0
VirusShare_bcd3e420575492db9ee58c42b2032094,0.30617175,0,1.0
VirusShare_85f0d9ba254ed976fd22f191f52aa7fd,0.6606611,1,1.0
VirusShare_c5bd947208f6bfbf079cf3af09fcc859,0.65551174,1,1.0
VirusShare_1a9c22786ee07ea2b233afcbc7ce2860,0.65056586,1,1.0
VirusShare_292916360ec52e19ca5cf651257338e1,0.30617175,0,1.0
VirusShare_101c0fbd15cef2bd384853992bf49b03,0.660332,1,1.0
VirusShare_73a6781b24d9f399df240a1b1515d8d3,0.5894993,1,1.0
VirusShare_43614121d1a5593b477c5fc5c7f18f3c,0.6605934,1,1.0
VirusShare_6b76f9055286f8d48ec25303c2247366,0.6631594,1,1.0
VirusShare_87b109e8a7ab993b791035ba63eab756,0.65303844,1,1.0
VirusShare_54ecc785bebc9a5f57d88bd3163b3af9,0.6594922,1,1.0
VirusShare_406a3eb8736bfc95702ca9a16c6086df,0.6532359,1,1.0
VirusShare_3beae74752e98020e5f011d9cffae829,0.71824723,1,1.0
VirusShare_fe2129c18fa9320c4b0bdf496d95da13,0.6420484,1,1.0
VirusShare_6fc55a52c65710d459baad1bb4bf9f67,0.6567478,1,1.0
VirusShare_c32ddc384df59996c813bb2ed5d93d54,0.6552006,1,1.0
VirusShare_77652ac9f44de74d066ed4062fc33252,0.6546262,1,1.0
VirusShare_8585ff49e95daf25416d08ac3f24ffcb,0.6479688,1,1.0
VirusShare_51e9ae4378cb38ff331ad95f35cba605,0.5387498,1,1.0
VirusShare_9281f5154ca596a4abd4b2743f80f1bd,0.7244876,1,1.0
VirusShare_ef845fe1ff4db32be6636d5a97f2199e,0.4524702,0,1.0
VirusShare_2ff0e03664d6ada3708f59bc93c1c54c,0.4524702,0,1.0
VirusShare_114dde7c47475c1f050785b7f55d0694,0.4524702,0,1.0
VirusShare_a1377cd4ce5ce56d3823fdb57c140b17,0.6587275,1,1.0
VirusShare_4aac0422c5518e1f8c3b52ba6b06ad6d,0.6473755,1,1.0
VirusShare_f44635a9133488bdcba2afdbb9c6fe1e,0.65586025,1,1.0
VirusShare_4e3b07acdb84bf4d1e174128059f2d1a,0.654866,1,1.0
VirusShare_28bde079fb4a3cabf6e6e08b52219368,0.6530641,1,1.0
VirusShare_6e10554c97cb0e6f510e741ab69f2d10,0.6423079,1,1.0
VirusShare_a5ba209511db76048a0479993d3e00f5,0.65622276,1,1.0
VirusShare_90aab22337cb7af02357fa5ef3db4db8,0.65278786,1,1.0
VirusShare_3a125937599a7bcbae0ed941a1bc1766,0.65290433,1,1.0
VirusShare_52c91bd33734d17d2f644bddbb330752,0.6539884,1,1.0
VirusShare_010ae0f5eea490b84472e8ec1c4e5030,0.64650327,1,1.0
VirusShare_1c583747478811bdaeebe9be3175b03d,0.4524702,0,1.0
VirusShare_81a16d84203875aa91003da39c68ab88,0.6545283,1,1.0
VirusShare_4b12298188dcfa37aac88c44f6877eb2,0.64774567,1,1.0
VirusShare_ee61d44f5bd43402fa97ee8ec96f02ee,0.65499616,1,1.0
VirusShare_762ff5ce5b9c01d3c71848ec510cb385,0.8530377,1,1.0
VirusShare_171b3bc3f7d6531b216e22f918f9e493,0.6469275,1,1.0
VirusShare_d87b319c3275728ec9081ec06d79e941,0.6512401,1,1.0
VirusShare_c9844a36e5410664b3219f27a419d518,0.652579,1,1.0
VirusShare_2362f4dcb524e195f0357cf5012ddb5b,0.6566149,1,1.0
VirusShare_4f15ea5384cc9e578ff586967b3d369d,0.6505167,1,1.0
VirusShare_0c5d8fb776a0daee0b208dca06b42282,0.64672345,1,1.0
VirusShare_195523a7e8f64f8c8e0fee45ae777ca5,0.6529777,1,1.0
VirusShare_39ab60ef2e6c544bb17597c256a819b3,0.6567482,1,1.0
VirusShare_88a6e32dbf3311a5961b7b4710a29acc,0.65464467,1,1.0
VirusShare_778e576ebd1ee55eab086aafcbc090ac,0.6527392,1,1.0
VirusShare_da5026e6b78fade5fc1aa82a22108d13,0.64650327,1,1.0
VirusShare_2a0d71506f86014b1d8dfc0190c8298f,0.6598037,1,1.0
VirusShare_4d179d62a9341e8422935b39c16444a2,0.64927006,1,1.0
VirusShare_3252dbfedbb6dab5344138b356f44dda,0.6548174,1,1.0
VirusShare_a1c30a5b24adfc0efcc1436c0240622f,0.649995,1,1.0
VirusShare_115a489dd20168f41d8dbce263bbcce3,0.6606214,1,1.0
VirusShare_640bf95b4305b4acf82ad0e4cdb534db,0.70924586,1,1.0
VirusShare_af8ab793ae7eb080a273708c595601b5,0.5931102,1,1.0
VirusShare_b630d6b0290da7e29869edae81d137e5,0.6577444,1,1.0
VirusShare_1ac26ed348e71aa3c50364192a2a373f,0.8530377,1,1.0
VirusShare_071076ca890d3ca9a3f0b5ba7c83636c,0.6634258,1,1.0
VirusShare_1134e1127487fe92f5dfd9fcce39d4e7,0.5876668,1,1.0
VirusShare_56d05aafedd27d480d9e50d8171ac0b2,0.6533677,1,1.0
VirusShare_1e280851a538a3d83b6cde447ab67d4c,0.66003835,1,1.0
VirusShare_33e91de8fcd19de7a652a96b8c66cd31,0.6554591,1,1.0
VirusShare_0163d47b2dc5924632e2cc3506ad6e07,0.65158767,1,1.0
VirusShare_45b2e9f2cce57540b546ace439d751d4,0.66031027,1,1.0
VirusShare_63bbcede340bfb15b4c5d27021be20fc,0.6573741,1,1.0
VirusShare_54b1d53769d8c323798cb616f5e53e99,0.4524702,0,1.0
VirusShare_bcdeaa0d704dff82cdfe804fb5e49d19,0.72766405,1,1.0
VirusShare_7c389695b58af049675fd6170fc7f799,0.65916127,1,1.0
VirusShare_41019392d1001e20a7327aafc1d4d41c,0.65745866,1,1.0
VirusShare_b69278116bf2e1217292fad57e4f275e,0.65191776,1,1.0
VirusShare_5fb3dd1f68863f85ed08a595b71b309a,0.646135,1,1.0
VirusShare_82821fb3ea1155b24907b42b90c169be,0.648935,1,1.0
VirusShare_bfb18b27214f3581935e307eaa069257,0.65221417,1,1.0
VirusShare_693c8143e0655b4023b59015d4600f5c,0.70924586,1,1.0
VirusShare_0bf60c0396e9624ffaf766ebc4e44f62,0.6540117,1,1.0
VirusShare_20f6b148658500058b82a0cd6bb1f3fb,0.64988244,1,1.0
VirusShare_81462e74c615e2d0a75bee2245828cb3,0.65581286,1,1.0
VirusShare_5f4881394c145c188d4c3118941edc95,0.65564394,1,1.0
VirusShare_fb41240d63179ff65f441d53e69fd464,0.64968157,1,1.0
VirusShare_4d3fb20a4452e55015840b35e547bce9,0.6479526,1,1.0
VirusShare_b607fa7f3348eb01e46d21f8a67a2ae8,0.6531504,1,1.0
VirusShare_00eb3181d1c574123a9fb3130b0517de,0.8530377,1,1.0
VirusShare_bd623f6b99525b56c64a0910e9ad0fdf,0.43744373,0,1.0
VirusShare_a874c313bf734a3b1a4f57bd7ef2cb32,0.6521704,1,1.0
VirusShare_cf24192668638ed78fdfb8e43a99c052,0.6568093,1,1.0
VirusShare_c03a6e8607c3ff9c1a569a06c275d4e0,0.65581536,1,1.0
VirusShare_664512489111eea870e673e0827a04e7,0.65146464,1,1.0
VirusShare_656b0688f6e37c1b6b966966204909f2,0.6548491,1,1.0
VirusShare_4b95424102c17c2137733130d67d7f11,0.6525338,1,1.0
VirusShare_34befa90752f1a50ec811ae648446941,0.65804315,1,1.0
VirusShare_937a52eed1df503c58bfaaefc4b3ebde,0.6602643,1,1.0
VirusShare_297a694d8902c88bae94cd941d80ad5c,0.64781857,1,1.0
VirusShare_7dcb53d83c46f16083a71d6a25f30220,0.6443467,1,1.0
VirusShare_182052ec48e72ed7959f36405c69aa93,0.6586317,1,1.0
VirusShare_6353e14c6c985abda3c2070543f47f44,0.65522563,1,1.0
VirusShare_2006bbdcb6069fd5f8c184299f8c7af8,0.62558097,1,1.0
VirusShare_6533e0398d6c4234c10b0a1c421bcdc1,0.6522034,1,1.0
VirusShare_2dcbf5d4b9ea822ea106e0e0cd19f728,0.65310115,1,1.0
VirusShare_a8c144f642a260be7d6533706d547446,0.64579386,1,1.0
VirusShare_23c2e16ebdc435ae03bd54bb6d412482,0.5387498,1,1.0
VirusShare_037d14309db789c55105f732ab4521f6,0.6612313,1,1.0
VirusShare_f8a819ebe864d3e08a496bf89ca77ace,0.65538204,1,1.0
VirusShare_e00b602e88e64fd0f9de63b363b32353,0.6432975,1,1.0
VirusShare_083e7a86de815d70f7cf610e753164dc,0.66255486,1,1.0
VirusShare_77488637454f64a7cad17cf8e6dc74e1,0.64672863,1,1.0
VirusShare_dea4ab4d3aa429aa56b3566cdd843ec1,0.66308427,1,1.0
VirusShare_57bf19df49d5f2dc9a4c6acf51162ccf,0.6499959,1,1.0
VirusShare_c10b3a1eff3a14cc8a4d4b599c98f30e,0.6502892,1,1.0
VirusShare_b543045de8e670873a5dfa762aef0b41,0.6588459,1,1.0
VirusShare_34191bb94d5cb6c4a8a23bb9e1f66398,0.6665686,1,1.0
VirusShare_d93f6e1a06fa04230d69791a71285c5e,0.646706,1,1.0
VirusShare_7542805c42f4b8da18ce7b719fb646ac,0.65323967,1,1.0
VirusShare_538d7309997a4d3c77851113cbaa259c,0.6548127,1,1.0
VirusShare_80ae425e818bfebf3b928bbbfc48647f,0.6519102,1,1.0
VirusShare_f7d69f99f068437232d646734d2b9a42,0.656046,1,1.0
VirusShare_e28615936781987d1ba2f921a47d5cea,0.8530377,1,1.0
VirusShare_b99998e0cb5e66edede5b1582c651c85,0.6588459,1,1.0
VirusShare_0f86b84c33e9edd5f1ca215fda8bdd51,0.65695727,1,1.0
VirusShare_b9436c5ff4afe899a72e264bd1896bce,0.65706664,1,1.0
VirusShare_25a0bb9e59ee6b7ed579a566fcf91976,0.65502137,1,1.0
VirusShare_65249b12e05e4fdac97f096f752162aa,0.6535387,1,1.0
VirusShare_34fe973cbcbf7b920fcdde25788cd5d8,0.65857947,1,1.0
VirusShare_7186d530601fc782db745c855e91ff3c,0.6529482,1,1.0
VirusShare_58a8bbdce758b170bd9ae3e1a9ad070e,0.65294534,1,1.0
VirusShare_a57266451998f5e35704810e14822cd0,0.65482527,1,1.0
VirusShare_21d6b0b5356751ad940fe771c4d90ac6,0.4524702,0,1.0
VirusShare_9c1590df7efce05a35d64ebdc19f0bed,0.66062117,1,1.0
VirusShare_59178944f9235ddebee70e8e77b2951a,0.65558416,1,1.0
VirusShare_c81c03c9e9da5eb997edfb031153fee8,0.6590381,1,1.0
VirusShare_2f9aad1ffb1ebc75ebab8013d89d50eb,0.64783466,1,1.0
VirusShare_6e24307149cb8344b08eaf6853dd6866,0.8530377,1,1.0
VirusShare_e7babbab3485d780071b111057043818,0.6638414,1,1.0
VirusShare_1066da952597f8c7df5dce4f936e1f52,0.66091317,1,1.0
VirusShare_c30c575545d5a193f327ac0219b985e3,0.6572019,1,1.0
VirusShare_7f8ed48836aa043c4b1e4ce2e05b8fb3,0.6581542,1,1.0
VirusShare_5384089f284686114e6892e2d6f1358a,0.6559884,1,1.0
VirusShare_e68dd15f4e4658d5b193520257392c76,0.65569,1,1.0
VirusShare_9dfdd0c985150f6c4daaeb2b44409e1d,0.65031105,1,1.0
VirusShare_06797f9c5767f82e48917b558eb439d8,0.6571477,1,1.0
VirusShare_bb066c0e32a1bb03a170d310c0b3f84c,0.6645578,1,1.0
VirusShare_492e78942c2120d87560b99cb3a44e5b,0.651687,1,1.0
VirusShare_0f525aaf8c2d16eda05c89d8b8a2bf4c,0.6483053,1,1.0
VirusShare_b74cfda044341ceaaac1d800d0c1a517,0.6516879,1,1.0
VirusShare_94ebc79f55dca095e87fe46f9283a873,0.6590535,1,1.0
VirusShare_a9871da2ce54de1398df42c5b0e05c9a,0.6531429,1,1.0
VirusShare_fe7b15ed13233cccc16451dc7f15ca1b,0.6639234,1,1.0
VirusShare_484848b9b0f1cd16799b15c4c7bd88e8,0.654866,1,1.0
VirusShare_3efba3fb6a86e628bfb9545120f00da2,0.6536516,1,1.0
VirusShare_8f9d9ba3a6840a3e718b4e3305a553ad,0.6479688,1,1.0
VirusShare_2fe0be26d1ccb62c8aa23c8a96ffc03f,0.64880335,1,1.0
VirusShare_98459bc637e21f955a241c86e4bddac0,0.661817,1,1.0
VirusShare_8eca416f8e1decf1a2b16054b602819f,0.654002,1,1.0
VirusShare_37661cf237c4e62109b3fd64e39c26ad,0.31088006,0,1.0
VirusShare_d9acadb395137bd955eb058e2f928bc6,0.6611025,1,1.0
VirusShare_c7717472b8ea6891f48bdcf5a2f8b5c5,0.655194,1,1.0
VirusShare_dd11c5b9c7a6a80442aa19ffc965c0f4,0.6579477,1,1.0
VirusShare_642d4799b46693101209b6d23bf7db54,0.6583904,1,1.0
VirusShare_44ac6a51e9b0a5cabcbf412a55386140,0.6570536,1,1.0
VirusShare_75394dcba4406dc426ad559be3d3d143,0.63986266,1,1.0
VirusShare_a11e28bb54c6e02c1dd15939663f4fa6,0.6567417,1,1.0
VirusShare_0815f2dc3813b6324fa69b9a55a725bc,0.65652436,1,1.0
VirusShare_e3b1750e0728ec1597e6878be71eb19a,0.6547432,1,1.0
VirusShare_fb2862ccb4282a3f88893ae5b8e9ada6,0.65622276,1,1.0
VirusShare_3a6f3b1f6e934a0e133362905013dea8,0.65613043,1,1.0
VirusShare_7f2f0d308ae5fedc10196989d4bd3d17,0.6496946,1,1.0
VirusShare_9986f82d2019bc52ad5b9e9b19be8526,0.64911926,1,1.0
VirusShare_32aae15b5b9979b461a3a619871cac30,0.6516394,1,1.0
VirusShare_39dc9ad769d1be292efd2f3400c49669,0.6562613,1,1.0
VirusShare_41751b602b54e87957f3c76c938ca7b3,0.66091317,1,1.0
VirusShare_510fcab0fefc79a27d6a31e92207da8c,0.656734,1,1.0
VirusShare_4c6605429f76858c840bc00c2aa4e3a0,0.6627687,1,1.0
VirusShare_a6834abd1f01dd7a95091c5279c4136c,0.6609999,1,1.0
VirusShare_d3d272216555f8317b497ce0d7c12cc3,0.6577799,1,1.0
VirusShare_f9ffd562970ec4e8ad6f48e354539002,0.26114002,0,1.0
VirusShare_bc379daeab28e6adec8010a61e58fb4a,0.6602669,1,1.0
VirusShare_27b6472d92855c2fe6452e1f5a85bb4d,0.6390607,1,1.0
VirusShare_9eb9f704dc15859c30612e7e9ab16e11,0.6536886,1,1.0
VirusShare_0b27461ca634d4d0829cda88f946725c,0.48791003,0,1.0
VirusShare_c3b1a1ee8d107f322bf008afba7e5a60,0.45546278,0,1.0
VirusShare_1748ebd44c96b6ab8542dd8613568708,0.65372574,1,1.0
VirusShare_4c84659a9a3253aaade58f737c64c6e8,0.6532301,1,1.0
VirusShare_466acf45d0c15bb0ef10c19e52bc0538,0.6577694,1,1.0
VirusShare_ee311c380257727afdf7cb9407e8be97,0.65490687,1,1.0
VirusShare_7d48bdd91cbf234e6fd58e57cf69d98b,0.65857947,1,1.0
VirusShare_828d9b48e26d5f9aafbef4cb73546ad9,0.6542126,1,1.0
VirusShare_980d17dcb276d1a30b5b9c009489baea,0.6412349,1,1.0
VirusShare_f9f8efc3c2595d1b9014198e61b44904,0.6461288,1,1.0
VirusShare_a3a6b7f297a61a8410703df4d4a010df,0.6608943,1,1.0
VirusShare_8b372639cd66c61f9a1fa71b0cccb097,0.64894724,1,1.0
VirusShare_18464c997daf6794e4e3d33f247f6d82,0.6587169,1,1.0
VirusShare_015377f8258e4d0965b6a35d2150992d,0.6570836,1,1.0
VirusShare_23b65b0417acaaca43ace1c0bc689a99,0.6569315,1,1.0
VirusShare_87965cbbd71fe904b0a5694b6c9863e0,0.6432942,1,1.0
VirusShare_13761d515270269fa61cbeafa027472e,0.6603966,1,1.0
VirusShare_2dd5c894db49ce12401bf421e7911f1a,0.6577799,1,1.0
VirusShare_f48bf19f4b8ce988f58ceb4b7f79c930,0.42011523,0,1.0
VirusShare_2d9ab14c17036ad9ab2968a1d20b4678,0.38577,0,1.0
VirusShare_ee3fac730c18b4ce3d7b4b6e94fec91a,0.6602617,1,1.0
VirusShare_f1f1fda5a64369f2d3c44c69bba750ab,0.65308315,1,1.0
VirusShare_068185ad5c65ae230148bd8a21a39b89,0.6532981,1,1.0
VirusShare_3cd892660d14995e3378636104687418,0.6551508,1,1.0
VirusShare_8a13827ea95f0e38aa9b755e03351522,0.50223106,1,1.0
VirusShare_084491c08e3893ae9d8fac6bba02f920,0.65067434,1,1.0
VirusShare_713b58c9d7e678b7e5217d6a60128795,0.65491074,1,1.0
VirusShare_34882a0f85b0054ccbd41d01d510b0a1,0.6570629,1,1.0
VirusShare_9628c372fd29b203729cd6f950f9c40b,0.6585701,1,1.0
VirusShare_03269994e7dc10da324f2265e3c204d1,0.65617305,1,1.0
VirusShare_16d1ab95ebdda0aea58c4dbd6a26442e,0.65251386,1,1.0
VirusShare_75bd26dc0758b0cc2f7bd53ce4d3b963,0.64777696,1,1.0
VirusShare_971e7174af90cb5befd8c46702d332c7,0.6639182,1,1.0
VirusShare_775fa86cae448cd1555de74f2b9de605,0.6546749,1,1.0
VirusShare_f6233c65d1fbd800eb81511ca274d3f3,0.6527349,1,1.0
VirusShare_01d3860a9a1f3501c2907fb38ee15a76,0.654866,1,1.0
VirusShare_d26a2a1223434fc35391d3bf1b5f6e55,0.6554921,1,1.0
VirusShare_38f9ed638dff7b6fa7cd5b191175f956,0.6474506,1,1.0
VirusShare_2817a3b709ebb31aa2b087fa4d2854d9,0.6564156,1,1.0
VirusShare_84bec5ad25ef99e7181de0a6c3c87ba3,0.65614575,1,1.0
VirusShare_f4a12755e6b696174558a10a8df0f44e,0.66416997,1,1.0
VirusShare_c626ea84a9247dfee72dd69dd8c85140,0.65973127,1,1.0
VirusShare_6f9ca9296752b43368690fb1e6833ef5,0.65074587,1,1.0
VirusShare_050f45b3f1d929c5abcebbee8931ea0a,0.64969885,1,1.0
VirusShare_1fd803986f1989bc89beb3f1191c0a49,0.6573507,1,1.0
VirusShare_9d9621e6929dcf8bf5d647e3308a23c1,0.20412004,0,1.0
VirusShare_892a301184bc916fd52e8e9cadb92ed1,0.65819985,1,1.0
VirusShare_99c4374f67e41cb1f807b504813015ac,0.65491015,1,1.0
VirusShare_3ae10967448c641bd82ec4562c80db43,0.65472174,1,1.0
VirusShare_d7d26e52666b2a4633daf1255b15f967,0.5387498,1,1.0
VirusShare_160f5fff4350be18835403b89c1747b5,0.6578822,1,1.0
VirusShare_7f549ff63ea8c9fec2c485ffe99a65ba,0.64750683,1,1.0
VirusShare_23397e61276de579063c55062b909278,0.65652287,1,1.0
VirusShare_92cdb079a14242a2476d004a2e9c0f53,0.65708625,1,1.0
VirusShare_298c01cca0229049de2ef3f9ad2d9ded,0.65323967,1,1.0
VirusShare_86205aae6199f372d8baa41389a942e4,0.6489479,1,1.0
VirusShare_7b4befe3f4fbe6abc57aea08c3e83602,0.66087264,1,1.0
VirusShare_5d281d7538aa1b4f067ebe78c9ba990b,0.20412004,0,1.0
VirusShare_f730e53894b5db856725f56b7f97dea3,0.6599329,1,1.0
VirusShare_02f9d510db8b5a276aff53bbf90ab3bc,0.66014063,1,1.0
VirusShare_c491bc38c6c12591082c9a00ed1dbf91,0.65580845,1,1.0
VirusShare_695c36de8b39e6cc72bc65f0a3d1a059,0.65650964,1,1.0
VirusShare_c6b891d31bd0e95d4e031c8962997515,0.64909905,1,1.0
VirusShare_e0ef35a1c0534c5bee171c88bcd4ad99,0.6572019,1,1.0
VirusShare_61c1a43dd4bb745383cee868234e5c70,0.6562613,1,1.0
VirusShare_89f7b400d3cbf9b3e2ee4c1792446612,0.6546819,1,1.0
VirusShare_cdc94159a025995e867bfa6af3348dc0,0.65849453,1,1.0
VirusShare_ba5bdda3c51bcd84e1a1b9816a0f1d7e,0.6546521,1,1.0
VirusShare_14794350a3a737e04ee9093722f50e8e,0.20075369,0,1.0
VirusShare_c0acbfca673fa02feb92cdf417595503,0.6672574,1,1.0
VirusShare_3611e5be33dc62d48d28843e747ffd90,0.64252675,1,1.0
VirusShare_8391b58f9ed6978e470ff066abbd97c0,0.6483686,1,1.0
VirusShare_30990cdc38c14c3df185bf99c8607ac3,0.47280997,0,1.0
VirusShare_7cf8432e03e56a49d057cc631d9df975,0.6540495,1,1.0
VirusShare_9d46c393312361dcd05b9b0288c5e6da,0.6523536,1,1.0
VirusShare_7aca24ddb57edba468519d9ffd74026d,0.6578099,1,1.0
VirusShare_3c68e0b7eaa4610621cbef1ccdbdc653,0.65836716,1,1.0
VirusShare_b84c0bb57d5b9c24f515265178725907,0.6540891,1,1.0
VirusShare_7eeecb5bc53b568ac2b7a828d367af15,0.6552882,1,1.0
VirusShare_e8ab04e139b25a225c35c904127c8639,0.8530377,1,1.0
VirusShare_0b00a1f1657761cf26ee6f83ced1cadb,0.8530377,1,1.0
VirusShare_4dc48440618935e7a284b9bb1a162b06,0.8530377,1,1.0
VirusShare_057d1f46b99ce62620afb1bba2ed4969,0.8530377,1,1.0
VirusShare_2148fd84a7414def07b2543e031d5501,0.8530377,1,1.0
VirusShare_3937f11e2411d55ee977cdcb94d4f1b5,0.651505,1,1.0
VirusShare_b79fbf5e931d1e0cd4cc72f7a8662694,0.20075369,0,1.0
VirusShare_60827de87dd22fcc3469d05936874903,0.654866,1,1.0
VirusShare_492a5aab4405e997941c42598a66e21b,0.6503202,1,1.0
VirusShare_0e2d4dc0bd9aa01092d019dbef77f579,0.652485,1,1.0
VirusShare_f54061db8d0c6f0fafc6537f8d5eb5af,0.6674961,1,1.0
VirusShare_8ac2ea3fd9004e047ff5d761961ef29d,0.65635884,1,1.0
VirusShare_9c765b53b732415425bfaeae93f448a9,0.6528846,1,1.0
VirusShare_3495ffb69d66e8c8ad28657bc2def2bf,0.65819025,1,1.0
VirusShare_1ede048b2677187d7afadfee5c5868cf,0.65761703,1,1.0
VirusShare_28a819307ffe92b5be56b7f8a1bb2ef7,0.6637777,1,1.0
VirusShare_cc6ff6a47227b0647a7da2be9b5ab5d2,0.6479688,1,1.0
VirusShare_c6b01858b3b168e5ae3a9d329d8b067f,0.5920764,1,1.0
VirusShare_66edd7c524799d74f7dba3e99d9d4d62,0.66152793,1,1.0
VirusShare_32c64a30408052cd02813774dd889825,0.65485173,1,1.0
VirusShare_0de6518dd14ed43965e8d01833e982d5,0.65857947,1,1.0
VirusShare_6bbc65f4d2c7e4a99f67fb716200b3f8,0.65662515,1,1.0
VirusShare_dda09b8a6ab135f8c93125d88ab5726c,0.66131705,1,1.0
VirusShare_bbfa73f5dc7f0d888a0d731842789bc6,0.38577,0,1.0
VirusShare_1a2ffd2c92d266a06496d28a6f779235,0.64995897,1,1.0
VirusShare_4692c5eb9f420dd8c357ae2d0cc96746,0.40585262,0,1.0
VirusShare_f938a343c088cdd625f0690c40ab5d2b,0.39754024,0,1.0
VirusShare_cbd048c73a35e87cfb809dde3a2d5874,0.65384954,1,1.0
VirusShare_74d0478ee9220c99ade2370fcd8893cd,0.63004506,1,1.0
VirusShare_112b471933ea3cf868a02f33a4b3bdfe,0.64246595,1,1.0
VirusShare_9739892da52b36b2c4f0b961ca9ba8e8,0.6543164,1,1.0
VirusShare_129b015e2cf9b19352d8c40f68da9831,0.61469346,1,1.0
VirusShare_e4f1e9db03bc91ff67a24f76c308bec7,0.6542032,1,1.0
VirusShare_4b2a800b589d31ce9ef16dd039c1899a,0.65799725,1,1.0
VirusShare_690b968e4fcf3cfc652b2a9ef9ca09e9,0.6507195,1,1.0
VirusShare_99c959ae940ff4a20360edc97a53e162,0.65699375,1,1.0
VirusShare_48499b3292323f26496843ff09171c74,0.65507233,1,1.0
VirusShare_eec932078d5b04b9f010510009f4dbbd,0.65648687,1,1.0
VirusShare_d7be82fefa4429db912057194fdcf0b4,0.6535866,1,1.0
VirusShare_4173863eda134b6fe0cdfc95f13e3ce1,0.65864885,1,1.0
VirusShare_6ee1bc746cdd046e5d5c84114e286212,0.6458243,1,1.0
VirusShare_92bd96aab4bf6dba8dbbcd64a7c2aad4,0.65648687,1,1.0
VirusShare_14f79c481be7e6710f3a762edb5c4bd8,0.20412004,0,1.0
VirusShare_953c4259cd58a1c3743f4f528ec4dd66,0.65583265,1,1.0
VirusShare_78e3ef10f58c154093629127b5afbfea,0.64738023,1,1.0
VirusShare_0a08771aac1bc5b6fa0b61f63e3f28eb,0.65676546,1,1.0
VirusShare_bd8a78ffa2164c9a5fa7484a99675ee3,0.65878934,1,1.0
VirusShare_6446c7a2b2e163ff4faba173d5533e93,0.6568538,1,1.0
VirusShare_388a3b7d033bb142927d8a4369750572,0.8530377,1,1.0
VirusShare_150be080d808f5275845b4226dc9125c,0.657326,1,1.0
VirusShare_00508ba14e614e43c6cf348c71705cd1,0.6589541,1,1.0
VirusShare_f4fa35d88f04ff4b618245750ed44a23,0.6694573,1,1.0
VirusShare_67f2f2bc9f6c7ffcb4059ef22eeace7a,0.6525154,1,1.0
VirusShare_48ee27884d03823239852688851ac2fe,0.6608943,1,1.0
VirusShare_5b4894ede3e5feac3fd4cb89c13e6bd5,0.6589915,1,1.0
VirusShare_df714cec0032da9097faa8c53baaef17,0.6512351,1,1.0
VirusShare_1c8a5b209f13e25d2ad65857192c1b28,0.20412004,0,1.0
VirusShare_94cc7acc5b95427826f1e87eccff2189,0.6557377,1,1.0
VirusShare_4349978d241a830eff1021d52397bcf3,0.6592989,1,1.0
VirusShare_458f78c4a22fcfce04e16b6836c90fda,0.45354658,0,1.0
VirusShare_c4c4e20fd75e00640e91b82c277ff953,0.39754024,0,1.0
VirusShare_702664e310a96568d7f6bfeaead66efd,0.6592989,1,1.0
VirusShare_77e67f876fe8be972025f194760449b0,0.6546012,1,1.0
VirusShare_1f51788301216bb30f9cbed0883e714b,0.65722835,1,1.0
VirusShare_10b91a31ed82700e35d100478c308bd9,0.6542932,1,1.0
VirusShare_1bcbcc53843ed76d8e8dc624dc75a721,0.20412004,0,1.0
VirusShare_3eff56eb0a3fe75025f2094d6e6a8efe,0.34789094,0,1.0
VirusShare_b1c010099bc40d48f74cbced8a6f4f02,0.6588194,1,1.0
VirusShare_6feb8b079ca70df174646e787b60b786,0.6608943,1,1.0
VirusShare_d249df0971f087295a6f7a216fa479cb,0.65467346,1,1.0
VirusShare_6f5d7b1441c78f51b032a931595f5e5e,0.38577,0,1.0
VirusShare_03eb9de184dda25ef55a3ffb19f8126f,0.6426511,1,1.0
VirusShare_51081b17dffbed2e34bb9c8d32b57f36,0.65926963,1,1.0
VirusShare_8b587f4ceb4d92a2aad8e68a089ef2e2,0.6592989,1,1.0
VirusShare_394de6dc7f4476f1980473ae35dc3d22,0.66118664,1,1.0
VirusShare_2235fe3eef11192c37ba65a852db605a,0.66011333,1,1.0
VirusShare_41d6b2fe1712b7bc4d146435ee51fc81,0.65511787,1,1.0
VirusShare_ae3ff03e9b118c612909e4efbe6285ea,0.66120225,1,1.0
VirusShare_167af0ddf8fa5c8a922b3cc2d1fbc5a3,0.40585262,0,1.0
VirusShare_a686220b9811aa95fb24ce9d853001e4,0.6563112,1,1.0
VirusShare_4edcafd90730ed953fbe2ee072a60e12,0.65617305,1,1.0
VirusShare_4381ed48f8b0430015795865a27b9d8b,0.65033543,1,1.0
VirusShare_4853163ea0f1189edebfab945a9fcd2d,0.65944767,1,1.0
VirusShare_162f2411c4261135170e9676cac98afd,0.65617305,1,1.0
VirusShare_7ef2d731b18e7ff5cfe84ec1c3e1d370,0.6541628,1,1.0
VirusShare_87d0701202a45eaa07310a8553c05bca,0.5387498,1,1.0
VirusShare_a7faf2b603cb62c5501cd03375d2eb00,0.65155184,1,1.0
VirusShare_89c6aa416ef7548f580062c64d7f7f12,0.65370905,1,1.0
VirusShare_3d58b5be841021bc38c629f2dd621aea,0.6517413,1,1.0
VirusShare_b9d220fa633d6c14af409afe9285b84b,0.5387498,1,1.0
VirusShare_40e6b6f79f8f203f485a79cd9e1c6e29,0.65474397,1,1.0
VirusShare_d0853947bf27084121d2e2f4cd1c8223,0.42011523,0,1.0
VirusShare_d08776f1cd351cbdc5b9e965ef2db34a,0.6597505,1,1.0
VirusShare_96af3e5351f5bcfc5f839fff46fe52e3,0.65572715,1,1.0
VirusShare_5f09961ea07115c31321e3e5cef6c1b7,0.71824723,1,1.0
VirusShare_729415ef206c77acb264cfb25f927026,0.3756327,0,1.0
VirusShare_8108d41b8675c0775528528c80f62c5c,0.66176814,1,1.0
VirusShare_d183ade710db16f2c511e215136bf94b,0.661817,1,1.0
VirusShare_b3f35cb7ce189a5196f44f7ffbbf6548,0.6575378,1,1.0
VirusShare_f3b9f1a3d887e7280d24d77b1c3d1d89,0.6436799,1,1.0
VirusShare_c759b364936daec297c2a41b9b4e0dd8,0.65527403,1,1.0
VirusShare_3b96fdce453888087d62ed17bd131221,0.655998,1,1.0
VirusShare_5eeb772f731a8d8bf66b0db94b361b58,0.6588048,1,1.0
VirusShare_5b5c409934e81b84a3c209f10588811a,0.64650327,1,1.0
VirusShare_64848784bbbb32121efdbcd2acf4b071,0.38577,0,1.0
VirusShare_9ddcda560b513b04c8c1486c54f2a142,0.65425926,1,1.0
VirusShare_d3eea9b3a238745f8b227124e819e08c,0.64955086,1,1.0
VirusShare_527cbc7e24523b17f079cb928f82a005,0.63719094,1,1.0
VirusShare_70182fa174cb0e8c28ea4b9168fb3df4,0.65808326,1,1.0
VirusShare_dc26399f1fbf62b69caf7f03d3223f0d,0.42011523,0,1.0
VirusShare_3ff6c1f958e4966e3b3a8855c4445a6c,0.6572414,1,1.0
VirusShare_14000098ecf6fb6f46461b248cf17b6f,0.6531429,1,1.0
VirusShare_6c6cf770d0f43d41d3878fcac272b504,0.6536516,1,1.0
VirusShare_91b5d8ed44f2a88509ef0931b7634bfc,0.64995897,1,1.0
VirusShare_0a4625b0c11d714e51dc3a75a56ec7b9,0.6010395,1,1.0
VirusShare_7fd39a18885539b7c1bcc7025b2d20dc,0.6506877,1,1.0
VirusShare_a0af7fc305b04aa3feafa0b0d24bfcc8,0.6557849,1,1.0
VirusShare_9894d5e71f11e0e6380344084b723bec,0.6541628,1,1.0
VirusShare_9d48bddbcd609f5cbe51dd13a062b2d3,0.64970845,1,1.0
VirusShare_c95395bdadef0ead411f40596244ac51,0.3403843,0,1.0
VirusShare_b5a47226ea7210f3a24e30a9b68caebe,0.6605892,1,1.0
VirusShare_469938cab414261b5ddc000cc8eaa0d1,0.65568644,1,1.0
VirusShare_514cbbc6060963c7570d9ac468f2c0d8,0.65308315,1,1.0
VirusShare_db6d2f14925e0d26329186d7a4d0c6a3,0.25305155,0,1.0
VirusShare_b07779f80dbc4556eb0c7b238e6b012f,0.6564886,1,1.0
VirusShare_2c967176c7b8d504100609676c25a009,0.66152793,1,1.0
VirusShare_fc9a6c6444c4a0e2a171e4b4c18e92e5,0.65845877,1,1.0
VirusShare_0b40c5e2f3f659230621dfd83a602f4f,0.20412004,0,1.0
VirusShare_2f23760657c14114e563e77a9dd06d85,0.3756327,0,1.0
VirusShare_187ae3ee1786dbaafaf4bf9c4609f50b,0.65310645,1,1.0
VirusShare_684f3eaf811a58d9032311ab77561ecb,0.6559475,1,1.0
VirusShare_cbfedc43f718fa811669ade61aab7ab0,0.6485563,1,1.0
VirusShare_ac077ea56a7d0f71b75356b9d700d6c1,0.65901345,1,1.0
VirusShare_a09276cce7f11364a263321b94dca7bb,0.3756327,0,1.0
VirusShare_29c55f9f5c610759dcc215d2da9b0088,0.70924586,1,1.0
VirusShare_6f35cee990e7bfdd9d2bfb9bb9d3c55d,0.38843736,0,1.0
VirusShare_1ef01050016f9725016f69fa6d86d63d,0.65290654,1,1.0
VirusShare_230340ff9daefba2d4876a53bdbaf632,0.38843736,0,1.0
VirusShare_78e5edebcf754ddf50f9da104fed5ef6,0.6501541,1,1.0
VirusShare_9318e5cf71ad9673b85ee4f916aab022,0.38843736,0,1.0
VirusShare_3ab79548e8a8a40442c9a275303fc9f8,0.65423673,1,1.0
VirusShare_59a0698166f2c267f2d10259d3b355f2,0.38843736,0,1.0
VirusShare_9ee2b7e9b7d7ed1399c737b7ad16aad2,0.38843736,0,1.0
VirusShare_1017e2a79053f888bc9793fedf1db812,0.65870315,1,1.0
VirusShare_9dae778a61e29e66d64a920baef2743c,0.6557107,1,1.0
VirusShare_9131cd268f63997cdc575daece28fbb6,0.7244876,1,1.0
VirusShare_186e76f5a589353f221d012a9d353c13,0.64697266,1,1.0
VirusShare_ec336edd8cf03c2f36b82074517d2a17,0.38577,0,1.0
VirusShare_f54e40a7f38796e8afc83f92dbc99012,0.8530377,1,1.0
VirusShare_1f8637c1388585ce8f3e9b2ea27721bd,0.6481153,1,1.0
VirusShare_6d7f0fa31a36870f6576ebdafc3ecf4f,0.65574586,1,1.0
VirusShare_357ccb261195ef6b8c87e511ab2ffe83,0.6324053,1,1.0
VirusShare_fc49c92da3fc16b658884f95ab561dfe,0.71232,1,1.0
VirusShare_2dfd26b62aed469c649521c77e2272d7,0.38843736,0,1.0
VirusShare_5eb1fa7b7ee51c18dacb23db4bf48534,0.38843736,0,1.0
VirusShare_03903dd6bc470a44ed1cb27e4e965854,0.38843736,0,1.0
VirusShare_e4a5518cc0a4d3112d057ae1840d307b,0.38843736,0,1.0
VirusShare_6547a182fe24d852371c85b0815f718a,0.6480316,1,1.0
VirusShare_f0e6be0e3b6da3f6c5e6cbbeef636d6d,0.65607643,1,1.0
VirusShare_2d9182d1442bb5eb07db3212ea96a93f,0.38843736,0,1.0
VirusShare_bc14c9f87fa5a90c72ad832fa8ba14b3,0.6579198,1,1.0
VirusShare_06bfe7629dc010a70e6834349553bcde,0.6579564,1,1.0
VirusShare_65c2f1f7147eb062a96e3c0107570894,0.6528927,1,1.0
VirusShare_3d5611b3d3286a310ada9fc5df52fc08,0.6533635,1,1.0
VirusShare_b150f24117c407bfe4ce13dbb456b3a0,0.38843736,0,1.0
VirusShare_f3db47578fc94a5ffafe87dd70dbd130,0.6583002,1,1.0
VirusShare_ee602953a810de272fa92cd04e5f67f3,0.6570902,1,1.0
VirusShare_369ed95e8e86dadbccfacde57d55cf8b,0.5387498,1,1.0
VirusShare_e31538f7fb5747242bf6cea7574e7170,0.65199363,1,1.0
VirusShare_c4cfd5300fef3f2dd6857d34734a6fd6,0.38843736,0,1.0
VirusShare_2fdcc4fa3f0b6a939bb8577eb8d96cf5,0.5387498,1,1.0
VirusShare_c34cc8aeed27d7632f4da148be74975c,0.8530377,1,1.0
VirusShare_59633f43d350088c38d3722abae57faa,0.6469275,1,1.0
VirusShare_7502f3e13fd9416229f24c7f956bc21f,0.3756327,0,1.0
VirusShare_1f5426921693c210948bf578aef57a85,0.38843736,0,1.0
VirusShare_05b37dab863ab7d7d9bd5cd3533800a9,0.6592961,1,1.0
VirusShare_0b02afd829be4ccd4acc54332d0617d6,0.6601458,1,1.0
VirusShare_4419d56af8a3844d602f7356d3926083,0.6668106,1,1.0
VirusShare_5598408f79ca73453037e85c527de9b0,0.65566796,1,1.0
VirusShare_a03ffc1b4523ad180a2debc40eba5b2c,0.8530377,1,1.0
VirusShare_96eb2a0e0b984a2620132158566d3604,0.6532123,1,1.0
VirusShare_fe7fbb44301802187df3a2826b372aed,0.8530377,1,1.0
VirusShare_09f4888641d1ac15d3699e47ca4e1398,0.72159266,1,1.0
VirusShare_38f411ae70ddbf2cc24640d4ca73245c,0.65311563,1,1.0
VirusShare_ac5c2cde3d5ff10d957e5498a7154e20,0.6558596,1,1.0
VirusShare_0073cdfcc816651eeeabc936ad125151,0.71824723,1,1.0
VirusShare_8301d7c4ab7f5589a78ba731f4f25775,0.6580902,1,1.0
VirusShare_f9abcd2d9d65694eb9f1b8f9b6d086ca,0.64927006,1,1.0
VirusShare_162d2ddb2e35f178e3e6f5d409a64935,0.65312546,1,1.0
VirusShare_196d40cb3a7c9e7d577dba492746ac5a,0.65719706,1,1.0
VirusShare_cb7539c4b28691e2d6c67cb95f8d0dc8,0.38843736,0,1.0
VirusShare_00cfe31c06e789c536fd01345063c421,0.6573637,1,1.0
VirusShare_3cb6e236e8919bee75b2d98f7452b15b,0.66002357,1,1.0
VirusShare_be113a0e474d9600bf44a930b13e8cd7,0.65885496,1,1.0
VirusShare_023f30159ad0a68c54e77c28ee4f14ae,0.6489201,1,1.0
VirusShare_a4c7348870f5652c4c19c2d4a95cf43c,0.38843736,0,1.0
VirusShare_925600baf6bb304c39d9aed576e14402,0.6526401,1,1.0
VirusShare_075a35fdc4508362138fa75e05c13315,0.6547432,1,1.0
VirusShare_f3f7a63318bd7b90bd241be7d6c29cb6,0.6476272,1,1.0
VirusShare_c7d111e2ba50d9c9ee6fbbdf97befe8c,0.6506463,1,1.0
VirusShare_9ef25ede8909fcf969c8d8e973377690,0.71824723,1,1.0
VirusShare_9d6f87f95e68fab02721b3c85304789c,0.64709365,1,1.0
VirusShare_2516cd41cf33c90f70d3e2810bad211f,0.1761427,0,1.0
VirusShare_2e7371a2d64680dc048e6c9ff8a0b464,0.6490072,1,1.0
VirusShare_27f943a4c3a68c4606ddc3aa9e14c56c,0.38577,0,1.0
VirusShare_067f1ceb9db39e3675aa496d6f24d27c,0.6514003,1,1.0
VirusShare_392ec0c5a999235cb1bd3dfc77b2a0e6,0.72766405,1,1.0
VirusShare_6c1ede49648bfd0d0c3ef5a6390322b6,0.6567644,1,1.0
VirusShare_e37adc4034859f0ee35ea50a9c08c5c1,0.65464467,1,1.0
VirusShare_3728442d60d1d47aa49d3c143025a114,0.37733498,0,1.0
VirusShare_1660f847a75476cd7b2f5653f7de9124,0.6580661,1,1.0
VirusShare_c83e6bdd77e7eb9a50b3636eaba01d6b,0.6587677,1,1.0
VirusShare_80feef1c4c267bb473611520528f49b7,0.6588483,1,1.0
VirusShare_40bc6220c738710cc16308aed6c308f5,0.6447368,1,1.0
VirusShare_00469a53379e446f6fe764f38b3aca0c,0.6519102,1,1.0
VirusShare_2c843baf7cf55a2a6b7fc6b671b3e258,0.71824723,1,1.0
VirusShare_90df6d3d11afa9895982d70b263ad55f,0.6585372,1,1.0
VirusShare_2c82551a60cab1e2df10d4478a4c0dbc,0.65664566,1,1.0
VirusShare_a4d5316528b745663c16a7d7769af299,0.6634156,1,1.0
VirusShare_30ce8c6252a144591a666decc27fc6a5,0.6599053,1,1.0
VirusShare_e63d663321cc06cee22fce9d7282c698,0.65320075,1,1.0
VirusShare_84d78ba0001b91a7dc99dd204649d3a5,0.6554551,1,1.0
VirusShare_1da3f1195289911cc2787a9125bca3f8,0.6487969,1,1.0
VirusShare_7692ec2c32f61a8be238045d39d23dcf,0.65709114,1,1.0
VirusShare_bd998ab3d86ea7779bb1f091ce7f4dae,0.64913195,1,1.0
VirusShare_8c31e103cfbf8ac57efc197ed0208846,0.6454257,1,1.0
VirusShare_0112f8bf2e1dc8d5ec1d5190c7c35b3c,0.65695727,1,1.0
VirusShare_21a3fda3267fc5e77ad2470bae546067,0.66485137,1,1.0
VirusShare_b7712b728435bf8e48d1f783e5bcecbf,0.38843736,0,1.0
VirusShare_e4757f4b67d67ced6683f86d6b864124,0.6479688,1,1.0
VirusShare_d38263b5c2e49e2a7e96453a2afe1ea6,0.65871716,1,1.0
VirusShare_f01851ea050f82906d3b3c97fb7e3b6b,0.37733498,0,1.0
VirusShare_af7a57542e8d95faf0b2c66908a85d73,0.65930647,1,1.0
VirusShare_228a5335d126e6480fb3106fa04f3483,0.38843736,0,1.0
VirusShare_da3c36223567432fc17f3fe1f2cc6e95,0.37733498,0,1.0
VirusShare_3204b67e8038e9ce23dcd273a4bafc7a,0.37733498,0,1.0
VirusShare_4fde5496bc06e055df52b93f304b2bf1,0.37733498,0,1.0
VirusShare_02019338931889e5009ee494b22f997e,0.6507455,1,1.0
VirusShare_0c1ce5bb75adf6805f619b20ba573d48,0.37733498,0,1.0
VirusShare_5fab316b665f8b05fe892d560c7ac49a,0.37733498,0,1.0
VirusShare_86bcdfa605349d0f0bf37b03182293a7,0.37733498,0,1.0
VirusShare_fd4caa69414d5404c91c7e9186b95952,0.65385914,1,1.0
VirusShare_dbe0a5fb18aeb5bbcc801848d56802a5,0.38843736,0,1.0
VirusShare_9eb190ad9c24e57e8ce8d6fd042067c7,0.37733498,0,1.0
VirusShare_8a8470632db10c3b2e4d35b47506a68d,0.38843736,0,1.0
VirusShare_811504f05e5eecf67f1aa1611e0e4d47,0.6571651,1,1.0
VirusShare_7f1b4fba562fba77b198feda04ceb3f1,0.64234674,1,1.0
VirusShare_98ba8fb05516b61af081246881eb302f,0.65424734,1,1.0
VirusShare_8cb0f2aa741379f22b16e013f336917d,0.6590281,1,1.0
VirusShare_7271e0c61da71a8f5272bca5c184f945,0.6593919,1,1.0
VirusShare_06c5d3d3cbf9087aa379f0fac2d891ca,0.651902,1,1.0
VirusShare_7f7d322e72163c4e620f8ce21b686f25,0.6554688,1,1.0
VirusShare_e68c9ab1e33cdd359db792ffd8ea81c6,0.37733498,0,1.0
VirusShare_2109ae96c536fdc8a45d1452a7f9d634,0.65357786,1,1.0
VirusShare_566aea538eab367ce53b7b729c710348,0.66070735,1,1.0
VirusShare_e3ae1351fc629b92d0dccb59a0cd6629,0.65382314,1,1.0
VirusShare_0fcb566b2276c5c0785ef12732ccd8d2,0.65698034,1,1.0
VirusShare_0c89f5b0c42f35507441a3bcea7e6aa5,0.6503206,1,1.0
VirusShare_a16cd6b3cbb5ce35985983be02dd8b9e,0.6495734,1,1.0
VirusShare_0d449a8d368d0ba74c15cb48ad0a5952,0.6518768,1,1.0
VirusShare_42f5415bc69a47f38c87ec95a6895f69,0.3756327,0,1.0
VirusShare_4e0af8ca656a0eb710ec076010b5d44b,0.6592411,1,1.0
VirusShare_d70cc709d5d282b43ef1499d10e8b1c3,0.6510456,1,1.0
VirusShare_026d211207833678d6b9a591b0341cda,0.65118754,1,1.0
VirusShare_b2f84736918654fd3673461ad5ae5d7e,0.6675406,1,1.0
VirusShare_b3d5ef923c5141b3d2f764293126b3db,0.6579511,1,1.0
VirusShare_e44762459a8c42cced868aecc9b82880,0.65564,1,1.0
VirusShare_7aded383a4d3a475bbfac0f8b3001395,0.65787864,1,1.0
VirusShare_9d1eae252e1b07c6fb4858b961120527,0.65840375,1,1.0
VirusShare_13740d728cb4bbca1e12945e28f1c0b0,0.65969056,1,1.0
VirusShare_1a272765d74a9186d6ab3ff2d1592042,0.66260046,1,1.0
VirusShare_6a51f0b1e32f7fa2ec21c10b74402681,0.6511536,1,1.0
VirusShare_37975100c35d2cb5ea134a2d746219a8,0.6574385,1,1.0
VirusShare_a9f90ba3553e2b903c4dbe12370f1c4b,0.6469673,1,1.0
VirusShare_1af8521f88940e116412200d9f61c3b5,0.42011523,0,1.0
VirusShare_9226d935482adb58ab35ca277dd8a59b,0.6573186,1,1.0
VirusShare_22ee1f922377867783777becf23b9ca3,0.6534215,1,1.0
VirusShare_4b42ce09516beb6e7aa11eaaefa10235,0.65437937,1,1.0
VirusShare_d2e562a5acf0c1a3be5ff2bb139f6c97,0.65645903,1,1.0
VirusShare_2f88a3fc83115b79dc45a5c6f9abdb32,0.6392803,1,1.0
VirusShare_9521ba90c5fef0a7ee28bac58ca09cef,0.65959495,1,1.0
VirusShare_e4b96770125bfeba3faf3e5459ceef70,0.65392435,1,1.0
VirusShare_b28a5f0e33a4116610641c6907561d8a,0.6529482,1,1.0
VirusShare_8418d01ff8d377616fa0601f70f1d9f0,0.6405083,1,1.0
VirusShare_3902789ab23f3f57157716cf2a39b93e,0.6499959,1,1.0
VirusShare_e0ea5a3e7827d9edba57258af7f73437,0.6592989,1,1.0
VirusShare_f5bf4ac648eb70a9b45d1d9b05ec393e,0.65491015,1,1.0
VirusShare_611e8b3a780caa91ecdf1b524f8a4bc5,0.65698975,1,1.0
VirusShare_39c2d869d5e1e9c7d9a8f76c1a97806f,0.6524235,1,1.0
VirusShare_775ecfc69f427305f72de9006cf3931f,0.6477994,1,1.0
VirusShare_680bc5c94d63f3cac60242ffb731911b,0.81309557,1,1.0
VirusShare_4d53df3adcb0798d09440136b1635f5e,0.6586749,1,1.0
VirusShare_44d49b2c9ecb3afcd8141e49170d0aee,0.6600822,1,1.0
VirusShare_cfa3d1631a7ec123fbf812f26f909424,0.6563293,1,1.0
VirusShare_4aa36f426e276d18ae2caf74b5758b15,0.66917294,1,1.0
VirusShare_c836243cfa644043f419ad255ecd736c,0.66308427,1,1.0
VirusShare_712bfb389f0a054d89bfe87aba890c54,0.6484139,1,1.0
VirusShare_780a2db57a97b8022fe49aec23c72cfa,0.6618165,1,1.0
VirusShare_a514cee248e9874229fdec4b11cadb1a,0.6570025,1,1.0
VirusShare_2329c3a975902ac6fba2567d46b5a062,0.65702933,1,1.0
VirusShare_bbfbcc0844056ed414111f1e0a03e8ec,0.65645903,1,1.0
VirusShare_f1f0172f9ade363620ff4119354b03c3,0.6525148,1,1.0
VirusShare_fd285ee02da7229748f44b52ddc1cc9b,0.6573128,1,1.0
VirusShare_a58dda1c5ba257950a46e939202e954e,0.6479688,1,1.0
VirusShare_261c771460a5a67fb3e0e2e84013cca3,0.65446955,1,1.0
VirusShare_663c9bc2ca01325685ee198297732efe,0.66088974,1,1.0
VirusShare_765b4f4c403b25bce4a8778a465cf2e6,0.65894735,1,1.0
VirusShare_f496da4d3f7f76d75ea1d9bda697fcf8,0.6517413,1,1.0
VirusShare_eed5e656ec41be9356d3a7e4596065f0,0.65001154,1,1.0
VirusShare_de6b46d86d773ad0ea18e3d7762a0279,0.5387498,1,1.0
VirusShare_2d689bda55bd985a1cd08ea60ef37815,0.6542126,1,1.0
VirusShare_bda386aaaf8dc61af3d2ed4e34d14b63,0.6522268,1,1.0
VirusShare_1814254e3811acff9844c6ebb0e277e7,0.38843736,0,1.0
VirusShare_41f0dd1e16ebe21255b6e8c59cfce703,0.64870375,1,1.0
VirusShare_5af58dd831eb754fc32a7963d1985eec,0.6507232,1,1.0
VirusShare_61269f535af4870b414a5446bc59f76d,0.5975403,1,1.0
VirusShare_7c2674483a379d4f5bcd7eded48e2631,0.6519606,1,1.0
VirusShare_d935619ccbd6ef9914c3609a1eb51729,0.6589026,1,1.0
VirusShare_9b9e6db38bcc88f34a3fa1f9f95bf006,0.6542126,1,1.0
VirusShare_be8adea794ef7f98f072c017bd7f5dbf,0.6475811,1,1.0
VirusShare_8a3b02355129d7b7a14bf9adebafa0ce,0.65549976,1,1.0
VirusShare_9382196ba7330f04a34b38f322038350,0.6540891,1,1.0
VirusShare_68394d69f8c5e25418beeca54a0f32c7,0.656073,1,1.0
VirusShare_0ec0af38dec3eda70dc3742787cae340,0.6568883,1,1.0
VirusShare_4111e9660f0de4ac9d851834d23d4313,0.6514702,1,1.0
VirusShare_e9de4b57198287b5c8079673571a8a0c,0.65556014,1,1.0
VirusShare_ce2b8d257ad4beefbb58b58856311221,0.35157138,0,1.0
VirusShare_ac05e91cf5f66e67b3be3d53aeb4e5c9,0.65798044,1,1.0
VirusShare_7cefbc21944dfff6455c1d8e5fa438e7,0.6426511,1,1.0
VirusShare_a9b676baa5c470eac834912e381c1c69,0.6525154,1,1.0
VirusShare_ff872e40dd94a65d2b22c1422587894d,0.651918,1,1.0
VirusShare_30adfedec270b97f6b80054c7a3efca2,0.6578099,1,1.0
VirusShare_52bdd96a221fe82cbc977383ed9da36b,0.656541,1,1.0
VirusShare_f1867de24de89ed3fba43926aae45ce6,0.6514702,1,1.0
VirusShare_a4bd316bead76def96d6eb58a24b2b7d,0.6540117,1,1.0
VirusShare_449d331f2fd2f745af97115c098330ca,0.65392435,1,1.0
VirusShare_7021af4de102e9de62b47900a31c4007,0.6572019,1,1.0
VirusShare_567843b263a2f40c8c4d53d40118a3eb,0.65377367,1,1.0
VirusShare_595db66348adccfa55a2aa50fedc47ea,0.6603359,1,1.0
VirusShare_0df3cec842d8b50fd86583fa0460b3d8,0.6557849,1,1.0
VirusShare_76949b0af40fbd303cd9f52efbbf4ee1,0.64650327,1,1.0
VirusShare_9c0919a2cf5fda73e76921a7ac90f5ac,0.6608943,1,1.0
VirusShare_8bd4e52228856174ec52949375460f03,0.6516601,1,1.0
VirusShare_9a848e5f240f2f155b5c69d7705d6cab,0.6605076,1,1.0
VirusShare_37f246a6102613d99429c4e41896afd4,0.65761703,1,1.0
VirusShare_51a9a75f25908da04e103544853a31b9,0.64980775,1,1.0
VirusShare_b82c88abbe1ff64d966abd560571a9c3,0.6543964,1,1.0
VirusShare_8b62507bad7b43fa143478bf21faf03b,0.6514539,1,1.0
VirusShare_30814820f75df1e325554340f3fc0420,0.65463436,1,1.0
VirusShare_42d4236858528bae06a22b3937ab293f,0.6568488,1,1.0
VirusShare_30d446db4b29034f4b1d057cfb132fb5,0.66040355,1,1.0
VirusShare_4e8d0260db8adc6f998649dd1a8d5196,0.66275007,1,1.0
VirusShare_9f628c0c0e6efb477cc763533efc90e0,0.6501087,1,1.0
VirusShare_71d8d4875c79ba9db960b0a277d3a6cb,0.6525966,1,1.0
VirusShare_f218ca891bb6da9076231d53ec3d9f21,0.65726316,1,1.0
VirusShare_82f9d49103200a24e67e4472954a71e2,0.6481639,1,1.0
VirusShare_387aa56293b6d1b955ed91b7e24ab0ad,0.6530987,1,1.0
VirusShare_60a2580313a09589ff9818c3ee8d0706,0.6412749,1,1.0
VirusShare_e8deb56091e713dc712123930de848f1,0.6540891,1,1.0
VirusShare_5db106e9d05ffa5907d433612d9b8477,0.65808934,1,1.0
VirusShare_348bbce017baf27ec0bf398d91c5c1b8,0.64834356,1,1.0
VirusShare_ff23bdbd78a6d0dcc4bd2d9b2a589275,0.6519606,1,1.0
VirusShare_73a994c4c63dfe5b9a77167771730a21,0.6548174,1,1.0
VirusShare_9d313b1c7debcbbd1f0b71fef0b6437a,0.6556339,1,1.0
VirusShare_7705debbd790dd45fbd3d4d9121c32cd,0.6558176,1,1.0
VirusShare_48d7cafe70172353b4035898ae0c8d2f,0.64650327,1,1.0
VirusShare_94aabdd8d096386da6042dea77b23c7e,0.65569085,1,1.0
VirusShare_2189f14cbddfbb78dcaf7abc7f6d325d,0.37733498,0,1.0
VirusShare_3584051e526cd1e681f4f9540d1cb4ec,0.5387498,1,1.0
VirusShare_8385316d85ffe41f6c5c988e9692e054,0.659015,1,1.0
VirusShare_1f608c98dc1bbd566227600c19c6f397,0.6568108,1,1.0
VirusShare_00087eb31594d804129106a67910b6f4,0.65669316,1,1.0
VirusShare_4c8c36b2518c895b07e0f6ee4c2d8929,0.64429796,1,1.0
VirusShare_fa21bd5160b6d847c2900cbb11fce6ff,0.65695626,1,1.0
VirusShare_32c8836e762618f9a454e117d0d578ac,0.6577799,1,1.0
VirusShare_ece41618f0f2bc8928ebbf99657024bf,0.6572414,1,1.0
VirusShare_c52e274cc14ed534b433b352d27d154b,0.6505651,1,1.0
VirusShare_6bfa3d9205bd9628ffbba22b1b78a542,0.654866,1,1.0
VirusShare_9a61be34fc48180eb48d3f3813cd1c9f,0.654866,1,1.0
VirusShare_7f7826b62c2146eeee5bdac86d839a29,0.64995897,1,1.0
VirusShare_a514031aa257deee485a708d8646c131,0.64626014,1,1.0
VirusShare_2abe28138050ce63c50ca10b2ab41d72,0.66128635,1,1.0
VirusShare_162273c6895fe94b6a10396cf3db08b0,0.6537076,1,1.0
VirusShare_b24b17aff47f20d58a66b3b8dd630297,0.66098773,1,1.0
VirusShare_b816bc67ac74e51e6ba996304e4f4d82,0.65635216,1,1.0
VirusShare_80f48570b652c880666e1c5f0d176aca,0.6560708,1,1.0
VirusShare_a6f34367f4426fae7e09ebddc66a00f1,0.65807885,1,1.0
VirusShare_f7af145d64ff6d86915941d7cc756f57,0.65488833,1,1.0
VirusShare_f9dffd887b33aed7d1745074b6b7c6f2,0.65391064,1,1.0
VirusShare_44c7996a6fabdfa563a929706d22c69d,0.65801495,1,1.0
VirusShare_85fe8c2b673a0c1113ece7b5854d2484,0.6507602,1,1.0
VirusShare_80b310cc5733da6db2e4cfe34e1e6472,0.65398204,1,1.0
VirusShare_0b1974354c41afde4a05d0dc01b0236d,0.65443724,1,1.0
VirusShare_c81862c68b77086d32f1c957b6ec0008,0.65463436,1,1.0
VirusShare_f09f661f3d11456b6de77cfc4e235147,0.65821594,1,1.0
VirusShare_0d0cb0d01a7c290c7c500c4f76d619c3,0.6603642,1,1.0
VirusShare_8f0ae785aac63355204f383ed106003f,0.6580452,1,1.0
VirusShare_14393064cae2b569c092b1eb7fd440fc,0.65507233,1,1.0
VirusShare_a96c9af93257d03930f231f89ce1b1ab,0.6520158,1,1.0
VirusShare_6dc927303b0f5eee4d1114172c10273a,0.6555438,1,1.0
VirusShare_98a962ab0c5d6a055cfce07774dbb63d,0.65559494,1,1.0
VirusShare_a652c9199c1527214bb76707b77b7e86,0.6518768,1,1.0
VirusShare_02a7052834594f7ef033120be6b10e3f,0.65158,1,1.0
VirusShare_e81a7956aa480dcbf628fad5d4208113,0.6552074,1,1.0
VirusShare_5c491029ce8031aa4d0bdb7531862f6b,0.65640056,1,1.0
VirusShare_2ae3f5cb6e42dc9d8e632abb52a297f2,0.6592247,1,1.0
VirusShare_09a2d1601d1f739927d2b642dd8a2e67,0.6564156,1,1.0
VirusShare_1b6d06070e596c4b6cf107335ca23bac,0.659015,1,1.0
VirusShare_48462a2fceba4761f021550bea416791,0.65418833,1,1.0
VirusShare_6b7c6d313a9b0e2eef5b133e7f2fe8c9,0.665322,1,1.0
VirusShare_a9308010e77034d34514976a8047e352,0.65608084,1,1.0
VirusShare_5280000395bac0e5bc2eda0d346c4503,0.64927006,1,1.0
VirusShare_9e2ef7ae5087dbe27b3e23a5043dc93b,0.6519606,1,1.0
VirusShare_2e51c927a1c8b2a8cd34112a1203f791,0.6559781,1,1.0
VirusShare_d3b96bd8860fea764d8b5901ce9e626d,0.6578099,1,1.0
VirusShare_545d5185f122ab6e84e38a596eac78e7,0.66049874,1,1.0
VirusShare_a3544a747ec5c6dfee3b25402305eb37,0.6626272,1,1.0
VirusShare_d315175bad47bf65bb0c2eb78b14ae35,0.6470421,1,1.0
VirusShare_0b52f8f145b16725f57131e8a96c6e82,0.6512109,1,1.0
VirusShare_591ef62717b05ebb785dcf22e39a743d,0.66350955,1,1.0
VirusShare_84788cb87bfe487956c34392a70e68b2,0.6592597,1,1.0
VirusShare_12a8561469f92eebe356f624607ddd85,0.6571165,1,1.0
VirusShare_1dab513a945baf25e768a9bb3f08436a,0.6578331,1,1.0
VirusShare_0fcd94b3e38dde53132eb9abe307e5c1,0.65926963,1,1.0
VirusShare_2b62d437a71aadb277448565c4d858cb,0.66019064,1,1.0
VirusShare_75233361f8d5a0995275105cb989100c,0.6506529,1,1.0
VirusShare_3ffe1c3daca6ab7fc020f6206f5f61bb,0.6405083,1,1.0
VirusShare_6391955dc417fb0c86d5b39f5140daf9,0.66337335,1,1.0
VirusShare_aac434e9fcb8d9474dea5767198f7106,0.6598448,1,1.0
VirusShare_61413e132c190184fb35ddf15c77d008,0.6513194,1,1.0
VirusShare_fd51d7a9dc0522cad8a9d744f1b3a79f,0.65308315,1,1.0
VirusShare_70de212ab9425d7db6b326ca6af4364d,0.6590828,1,1.0
VirusShare_db8cf113a6cb26b2b83d4c9a0c08806f,0.65513617,1,1.0
VirusShare_094572fd577a826a5a1639a8e3a58971,0.6499664,1,1.0
VirusShare_9692e5f135573a8d732f123550659558,0.65773207,1,1.0
VirusShare_e94d0afbf7cde24b92d2eac43586d6eb,0.6489297,1,1.0
VirusShare_daaf3392478e5bd2e9bbb2effce1155a,0.65308315,1,1.0
VirusShare_b6c7411fa7973e0a2b3c6459177d9022,0.65670604,1,1.0
VirusShare_b5792ed8635c6178fc8f504aa908fee7,0.65463436,1,1.0
VirusShare_0251723ee5ab557809f6290f47836d9d,0.6553986,1,1.0
VirusShare_86b64627eb8a92ed5bfd385708bc8767,0.37733498,0,1.0
VirusShare_ae14bb4cc785c31d99e5a1267d9ec11b,0.65894735,1,1.0
VirusShare_5873ba686300dcb8a74ef752fbea9b20,0.6589503,1,1.0
VirusShare_1c3aa56717b4c58d56e1cfff34610c6d,0.6589899,1,1.0
VirusShare_81e87a0cb03a60c91df39435ff994e71,0.65569,1,1.0
VirusShare_ea8c45cf059a8e7b785c8bcd28219d45,0.65257996,1,1.0
VirusShare_1d90579aff43969f875bdbba3c958e6a,0.64927006,1,1.0
VirusShare_4acb93a41eb9e3930c1ce60d615951b7,0.66130084,1,1.0
VirusShare_dcae9b374909039193b83da044dfeabb,0.65028346,1,1.0
VirusShare_0ebb6cad9610a2512f236b0dd5f666e6,0.6517939,1,1.0
VirusShare_e72cc9f30064ee242f39a8c140a46fac,0.6570612,1,1.0
VirusShare_cb91009dd66c58a513c0fdbe3d8151fb,0.65350115,1,1.0
VirusShare_69a2a59ccf21aca486f8845ef3c42e10,0.66345483,1,1.0
VirusShare_579873996b63fb1ce7c58ddfd06a3551,0.65372574,1,1.0
VirusShare_484f03f534367f25fc3e5664f0f87e1d,0.66015834,1,1.0
VirusShare_4c52e39479ea1f5337a174c0655eb656,0.6542697,1,1.0
VirusShare_b9f293e99f533160ab01f14c245a20e4,0.6592851,1,1.0
VirusShare_a9f29233da1b269e710b8cd4fc3a2e09,0.64962757,1,1.0
VirusShare_c0731524986138617652fa84c8afe5bc,0.6531881,1,1.0
VirusShare_506da37f1e58a8d2736ba26758719a98,0.64984864,1,1.0
VirusShare_ab5597e03d433d9850fe13f3c48725b0,0.6573204,1,1.0
VirusShare_0b52eb8af92c1f9259759005918de10a,0.65495616,1,1.0
VirusShare_eb0d52b2e9189af2a78178e20a132bc2,0.6560098,1,1.0
VirusShare_c810c3bcf4224f4bc7ca14b89afc9018,0.6519906,1,1.0
VirusShare_3d89bab12c39892d2363cf3788cc6515,0.6564947,1,1.0
VirusShare_966d757e7b65537d706cbd047a631d8b,0.64767325,1,1.0
VirusShare_e39658c36f1d8b2d2977f52ca27d46e5,0.6616875,1,1.0
VirusShare_759a8ea930f1a1dc4802827312b284c7,0.65662485,1,1.0
VirusShare_d00c3cc5140000b4ead34f203c03ae31,0.65371776,1,1.0
VirusShare_9b1faf948844f0a0690e28d110d37071,0.65052474,1,1.0
VirusShare_bba8fce6edea54829621e6ec0d62ad3e,0.6614299,1,1.0
VirusShare_484c505fb1c206794217aef775e645ed,0.6532131,1,1.0
VirusShare_1986c381aa62399f7e9d0b78e220d251,0.37733498,0,1.0
VirusShare_b7bef392c93fa8af849834ec94289211,0.6595085,1,1.0
VirusShare_27ca28ff9e5dc62948363df4ce2f9475,0.65603644,1,1.0
VirusShare_8e3f04a2b6fbe7a98125e454d9426cd6,0.6598582,1,1.0
VirusShare_29615f9e9b6208ab156b2e4009a8e0cd,0.8530377,1,1.0
VirusShare_2bd7de91299fc66b7cf08e534d504356,0.6634178,1,1.0
VirusShare_0e024796dc5a4ae55ff539b480718bed,0.65295684,1,1.0
VirusShare_e82769d88c49889f2036784c4e60798f,0.65175927,1,1.0
VirusShare_14f02a8a0b198f9c08387e229f9c41de,0.652519,1,1.0
VirusShare_278e41640a68c2b5fe1db14430f2bf24,0.6663209,1,1.0
VirusShare_adada580ae531db9a96c34a76a7cfe77,0.65058327,1,1.0
VirusShare_abbe5f4563c9e8b09515ed87ef7f25fe,0.6500446,1,1.0
VirusShare_e5c46ecfd38af7e778b26d42172e8442,0.65780294,1,1.0
VirusShare_8b15d9007dfd65c57b4e67f6f6d8b039,0.8530377,1,1.0
VirusShare_666d68b316b3640ee72ea90eed49c87a,0.6568899,1,1.0
VirusShare_4753087c99b93a8452cc0502beb349a8,0.8530377,1,1.0
VirusShare_e29edd669f837089ae6d681dd4e227a6,0.8530377,1,1.0
VirusShare_05db0b0c369f907641fc43fd4543b38f,0.65862304,1,1.0
VirusShare_40de691a4dc80383eed0791b86170fc2,0.42466822,0,1.0
VirusShare_9a324747b46a4f7bc521dc86eb3aaff4,0.6611746,1,1.0
VirusShare_e002b6b03e47be9a622655316654a539,0.8530377,1,1.0
VirusShare_ae72adf00c4b269622ab574b785afa28,0.6544712,1,1.0
VirusShare_33c1e7434395134b3e8fef481ea9568b,0.654951,1,1.0
VirusShare_6c73628ac9b67d7f431974083311aa54,0.6536762,1,1.0
VirusShare_2a21009e2ec33a21b342e44263a267a2,0.65645045,1,1.0
VirusShare_5a0b159eb76faf39d2a6f49eb1d3fd62,0.6634178,1,1.0
VirusShare_5a6ced1ca992a3e9e150b4eb1dec5c25,0.6568507,1,1.0
VirusShare_553fd5422bb2f232fbff5ce173748f80,0.6561265,1,1.0
VirusShare_94a786b5d2a710dbf63b4b570d97b26e,0.65680575,1,1.0
VirusShare_2d3a69ccdf85d6644552f2d4200949f7,0.65965384,1,1.0
VirusShare_a81dc51372209f21aecb2912ca27f66a,0.8530377,1,1.0
VirusShare_9df7c9fd28c66d02e56667b46b966be9,0.6581383,1,1.0
VirusShare_17909d00cd4d0a5f29a44c9258f9fc80,0.6465206,1,1.0
VirusShare_915315e7ee533454681635c5f8586c4a,0.64938104,1,1.0
VirusShare_694730e96eae96a14d7bf1dd42925397,0.6570354,1,1.0
VirusShare_bda0b62df01362d75d37bf69c3fc1578,0.65311563,1,1.0
VirusShare_12586cd5c51275caf90906af496d3fe7,0.65735215,1,1.0
VirusShare_5b1d0899e7a26c82747299a83d93aeed,0.65435237,1,1.0
VirusShare_a8a2365fa877a5b8585fccecda2e8374,0.8530377,1,1.0
VirusShare_2b1378af64bacf624c3e1946c9d3202e,0.66149235,1,1.0
VirusShare_a9eb51727ba9441768c51bceeb427b0a,0.649133,1,1.0
VirusShare_44537db375c351a134e9253f5d37e9f2,0.6532632,1,1.0
VirusShare_876ad724282a55467033fe5d0957caa9,0.659735,1,1.0
VirusShare_947dd6f63089231ad4691b1c6b3d036b,0.6537503,1,1.0
VirusShare_04b51ac5581fed563d060bbd19de5f1b,0.8530377,1,1.0
VirusShare_73012f2e11494e01fa3e2319c3ddc445,0.6643941,1,1.0
VirusShare_1dd58c5ca0e183822a2c3a4a812858de,0.6600837,1,1.0
VirusShare_b27edebe379fa61df5e6dd28c848779d,0.6448557,1,1.0
VirusShare_fd212aeaf2a519e24276516eeb1dedef,0.5387498,1,1.0
VirusShare_608ee83ec109642fef79cf68e1456674,0.8530377,1,1.0
VirusShare_c595728fc636bc9d562cdc875a73935c,0.6518852,1,1.0
VirusShare_37d0e469ec47710a2dc0046c4626a3c7,0.6524623,1,1.0
VirusShare_5135a62a167a74f48f012683bb98c12a,0.6582526,1,1.0
VirusShare_c36c3af41b4eb20c005740c994139e9a,0.65762436,1,1.0
VirusShare_a5e982fcddc1a029ff64ba5f3db1015e,0.5894993,1,1.0
VirusShare_5e5b57c1f3df7d7626d2921ef37521ca,0.65371406,1,1.0
VirusShare_5c649c504a7d5da5a1baa5e7438e5001,0.8530377,1,1.0
VirusShare_36703be614f2409379400e314d0c2c75,0.65823424,1,1.0
VirusShare_066e4536eed84532b2ec62ae437c9cb2,0.66089475,1,1.0
VirusShare_4f3cf313def51cbc583b90b098f4bda4,0.65894777,1,1.0
VirusShare_4cbf0605f2dcb0d3e8bf82871c339bf8,0.8530377,1,1.0
VirusShare_4efe2d05ac83ca404bdda01eaf81bb7a,0.6545776,1,1.0
VirusShare_4d232e2b58382e5a15693b298aa3a7c7,0.6532606,1,1.0
VirusShare_6c88be5263c1d82b7582aea489b9b2a3,0.65564,1,1.0
VirusShare_01187afbc9f5c88463c020d98ad69ee5,0.6550695,1,1.0
VirusShare_68bde0304e648675b8f39173d059ce09,0.65371776,1,1.0
VirusShare_ae31a37514353a5b50aa5736b2a58c25,0.8530377,1,1.0
VirusShare_0b800d738b20d77e479b928654ce4ed0,0.65644825,1,1.0
VirusShare_6b2c88a6ad038f6a922c824a766d7e30,0.6610743,1,1.0
VirusShare_9898ce1481f6bd9ca96adaf402e7314a,0.6585661,1,1.0
VirusShare_2d9cfe5c8a2568dcd26d2d00b83d9b4e,0.6476657,1,1.0
VirusShare_5fe02d97eddfb4d2545c7ba9107d98ed,0.653108,1,1.0
VirusShare_f673a85fe64aaa5300fafada63f65874,0.6514003,1,1.0
VirusShare_770854c8a5a634dee44c790a12799c29,0.6624838,1,1.0
VirusShare_5b143dc3d107fb9c14a27271be604329,0.8530377,1,1.0
VirusShare_2235c0fb16813213b2cd2a4593b868c7,0.5894993,1,1.0
VirusShare_1cde623ed6e73585ce86bd4cf7b1e451,0.65849584,1,1.0
VirusShare_71956d4d274ca5bb021da1ae17c8ac4f,0.6581532,1,1.0
VirusShare_361ec1f4a00f4e46daccde1c7c7b8fba,0.8530377,1,1.0
VirusShare_0e69984aaa04d70febee10e2036121f6,0.6547445,1,1.0
VirusShare_72f23ebe1b4b999bf345f14cbe986ee1,0.8530377,1,1.0
VirusShare_147d806f71024d95c8e65e63738d5bef,0.6519349,1,1.0
VirusShare_69572781ec96ffe3af84ed7b730166de,0.8530377,1,1.0
VirusShare_006dca9c85e289405fd4ce5daccea708,0.6560173,1,1.0
VirusShare_247362f5bf750a1c2a46f75bc4dc56fe,0.6554259,1,1.0
VirusShare_d9c962b472d85fcbb7c8ca2ba8537f44,0.6555621,1,1.0
VirusShare_7d3305671703fcb7212b8361594938a6,0.654866,1,1.0
VirusShare_b9c6c2b28667366be671c7584af212ae,0.64728755,1,1.0
VirusShare_a20d965f627f6dd469c5cf962ae786e7,0.6574385,1,1.0
VirusShare_11eb0a9df6043b3a755f14f349b61ff6,0.6536728,1,1.0
VirusShare_2e732a94243b6c2e6a41bebbe05a76ce,0.66224086,1,1.0
VirusShare_fae793631ca375bd14eca9e5a5384545,0.65321034,1,1.0
VirusShare_c613ce5078c2716b0499e16c375ae494,0.66860664,1,1.0
VirusShare_48554566d0fd4313f953388c83fdb69b,0.6524856,1,1.0
VirusShare_f728d8752311a79c98f577ea922215ea,0.65622026,1,1.0
VirusShare_03ce34efb646249202912741c89bf9fc,0.6523593,1,1.0
VirusShare_a56558c7cfa564b7b874fd01a0f72072,0.66372776,1,1.0
VirusShare_c869c2fce2b0c869e22c70e4ff1c2523,0.6529046,1,1.0
VirusShare_b2ad0a9cef6cf7c21dcb44fbc4c40ba3,0.6567134,1,1.0
VirusShare_c3400bf6388b9b013470fcd4d5d70609,0.65371156,1,1.0
VirusShare_1dff9c0fe2fa8dccb65fc873f2789278,0.65047127,1,1.0
VirusShare_124b9ed30d5da7f621ff31f14f1b16e1,0.65179586,1,1.0
VirusShare_57156287342933077dc6334953295903,0.65257853,1,1.0
VirusShare_e64310f9812e0e5d68834b52ae7f4b70,0.64744884,1,1.0
VirusShare_69b80882039e18ed8e3430d925a5a0f6,0.65310645,1,1.0
VirusShare_8b4e6f823fa4a458dfc046ffb1188ebb,0.6506023,1,1.0
VirusShare_ef346275c0deaae7e993235b670d2d64,0.6597823,1,1.0
VirusShare_41515831deeb27300ad2fbac504e375a,0.64995897,1,1.0
VirusShare_6a82c68baa22c28ec73ade8e14e092e2,0.6546262,1,1.0
VirusShare_331ca8f5abb4d89dbf8c6a1f2ab77ee4,0.64847136,1,1.0
VirusShare_c89cc0886f37a7212cf4e78f28e4178b,0.6511725,1,1.0
VirusShare_b60b9a658abe9ce83d11934dbad1a8a3,0.6712929,1,1.0
VirusShare_91529d81aa9d4df194f54afb3c771c0b,0.6503206,1,1.0
VirusShare_27594fd4a9b3b10aadac0e6bbcaa75e4,0.24574801,0,1.0
VirusShare_4f5778e456fa773fc40810b655d3a7f3,0.6536268,1,1.0
VirusShare_3433215679203c139663a3f1e5c01d30,0.6611379,1,1.0
VirusShare_2fdbe28446f4b9315b40d5f55cb95844,0.39685953,0,1.0
VirusShare_29e589ff087e253a5be8d6643555b694,0.6519906,1,1.0
VirusShare_7403f7b065785de88d5b5e5b90ea857c,0.6538579,1,1.0
VirusShare_146e110f1284b5b3bc6ba4f14693a6ae,0.39685953,0,1.0
VirusShare_f9208561cb1f0c9dfe996d671b0f6306,0.6492127,1,1.0
VirusShare_cabd266c345cd966452dfc66412e0207,0.6579511,1,1.0
VirusShare_0d21a96f7a9ed732dcef5673009a5c50,0.39685953,0,1.0
VirusShare_33a9487bf4db11f99d81cf72ed572972,0.6536516,1,1.0
VirusShare_74660e011065ca6216f408d59cadf33e,0.39685953,0,1.0
VirusShare_26e7705f00e34c6878493f7e2eee5c5a,0.39685953,0,1.0
VirusShare_c024ae0c58884da83c4176b3f6fe5062,0.39685953,0,1.0
VirusShare_3c20fcccd623a4d5df3ea97a29002844,0.65817034,1,1.0
VirusShare_84075e95eeeb4742d23785fe352ff226,0.6586708,1,1.0
VirusShare_9517064c6a988bd43052e612fdea948f,0.65607846,1,1.0
VirusShare_ebd2bd92dc171f0acd408ed98f8c808e,0.65992516,1,1.0
VirusShare_14ede11999a6e585a5c02f6fcfc55cf9,0.65964353,1,1.0
VirusShare_a83d98ddb7d95bc10656857e861b3319,0.39685953,0,1.0
VirusShare_e13cf72b419efb8bf095cd1c28b8bba7,0.6464283,1,1.0
VirusShare_29e9f5a142da61b648c5ceacf66e674b,0.4300158,0,1.0
VirusShare_7241a5453e77ab561972ed7f6b212ba4,0.39685953,0,1.0
VirusShare_63d368e7ff9d1c4841168b8aa6f4da8c,0.39685953,0,1.0
VirusShare_ddebaeba8f246513659f3d27497bf539,0.39685953,0,1.0
VirusShare_6205b7e79af5a4a25f5719c911c7258f,0.6537497,1,1.0
VirusShare_409ead5f89c2b5e29950b7f2d2193739,0.6602066,1,1.0
VirusShare_80c62d9c6554f622ab5a8c2aaf7f6462,0.6522403,1,1.0
VirusShare_d0109f9b2e087548d69d26fd6a4d8bf0,0.36170816,0,1.0
VirusShare_e60636091d1f31fb9e019f98e7b705c2,0.39685953,0,1.0
VirusShare_7a58d6a4be873c41ad342d59fe1233e6,0.39545617,0,1.0
VirusShare_f5aa77c1329d7d630663fe8aae8a0fe8,0.6429664,1,1.0
VirusShare_87360f0d82d79bc712f90361d69776a8,0.39545617,0,1.0
VirusShare_4ce37d71eb1a88349aa1973916b06074,0.39685953,0,1.0
VirusShare_c1875cd0cfc95796dd4427fcd71f46d7,0.39545617,0,1.0
VirusShare_efdb61309fcb462ccaba58e20bee576f,0.39545617,0,1.0
VirusShare_a91777023e5bc1cc550f6dea7e73fa9c,0.66350955,1,1.0
VirusShare_316fbdb8c2cbfb2b650d424a0bbbdd33,0.64898396,1,1.0
VirusShare_ea94df96074fdeb9875e8906865350d1,0.65538603,1,1.0
VirusShare_dcb5a89d5725efae597bbc119ab5bb90,0.65438956,1,1.0
VirusShare_bbd4adb206b87e88e534107728bc83b1,0.64933646,1,1.0
VirusShare_5308d1e75211592537867a6da16505c9,0.39685953,0,1.0
VirusShare_b909f4ecdbf6ceacb14478cd53b9d973,0.6568283,1,1.0
VirusShare_c4f88f65d8a8b5665d0876cd83342e2e,0.6585368,1,1.0
VirusShare_c11b5fd89281f0bf21e8aaa29ccec6e2,0.6614722,1,1.0
VirusShare_fa5a9617c6cd221930e25387784b9407,0.6555923,1,1.0
VirusShare_d247462bb75d1180033b165cc1a02026,0.39545617,0,1.0
VirusShare_fd86ad3ec87e3e106b6305124f2f284b,0.39545617,0,1.0
VirusShare_44b8db26efdb1f2d5185351d50e27607,0.6512788,1,1.0
VirusShare_fba00e3bf31bd7f81142b8059478bd03,0.65878356,1,1.0
VirusShare_a883c31b0f331a8b13a859991549a599,0.6537076,1,1.0
VirusShare_07f60b9c26e4902fc5093ac6ee6f093d,0.656755,1,1.0
VirusShare_f1a293bad6f6e56dde50b0b695c5a5ff,0.6574567,1,1.0
VirusShare_57b10105a6def31c74e6b5bd1182de81,0.39545617,0,1.0
VirusShare_48205b1252f9093f39b3fb54001d2e51,0.65095043,1,1.0
VirusShare_aaca02f34be71d64537481bd810c7432,0.39545617,0,1.0
VirusShare_10faf30cf028756917174d3c48236914,0.66053474,1,1.0
VirusShare_8062d40ba4a39a194f8f7a25d1a313ab,0.658672,1,1.0
VirusShare_10031b207202cea751ae29e2bdba03c6,0.64806944,1,1.0
VirusShare_c0a1a180472cc0f7f517cf92b3716229,0.6564329,1,1.0
VirusShare_84d4f42700e25257dd5180c30af9daec,0.39685953,0,1.0
VirusShare_6f3fb6e3ac3138c8b1ee4235a8abf115,0.39685953,0,1.0
VirusShare_f3aac059e524fec0d0ee9e0ff9a196c4,0.39685953,0,1.0
VirusShare_b6cdc09cdc1a685ec1fa1c2adc19cf8c,0.39545617,0,1.0
VirusShare_4d4b2261d0e7181b2186b99d9e0bc007,0.39685953,0,1.0
VirusShare_d53fa1adb914e045b64527926887d601,0.36170816,0,1.0
VirusShare_365c38721d9c2574dccff00af94de113,0.6586469,1,1.0
VirusShare_3195d0d86ee8c1c9b35995917c6ddb89,0.36170816,0,1.0
VirusShare_75423645cfd6a7c8759026d06562d3b5,0.6584336,1,1.0
VirusShare_51dd454d9c8f5d0799a3c5db86883235,0.35810885,0,1.0
VirusShare_53209bf7f02aca9c6f3ae3764f94bc3b,0.6593603,1,1.0
VirusShare_c2dfaca47ff91a9df549b738d15674f3,0.6511962,1,1.0
VirusShare_6eed4bd479dfb91e2366a8b3769d111a,0.49270606,0,1.0
VirusShare_4337015c8c2ce8943696e8a5adb1b481,0.6570149,1,1.0
VirusShare_9649024447baae657ee77ec43d07c71a,0.6652726,1,1.0
VirusShare_a36469f9043c585b089091d5d9de731c,0.6506877,1,1.0
VirusShare_ddd7ded088e3a61e247299071de5a5e2,0.65784085,1,1.0
VirusShare_a43091627e279cb2972329e352b8d68b,0.6557833,1,1.0
VirusShare_f1bed22c7528c51b7b0dcf5848a070d5,0.39545617,0,1.0
VirusShare_b4cb5eb98270ef6b44936a978e37e0a1,0.65622854,1,1.0
VirusShare_50f92f54fa688a579c1dc5c9640ebd4d,0.65990037,1,1.0
VirusShare_14f8adaa4c88b4b33201c76bffb3c94c,0.42559248,0,1.0
VirusShare_6fd9d52463f7b9444ae84fccccc96a3b,0.42559248,0,1.0
VirusShare_03c1d62f0aac5565670c2779f0b7a8e2,0.65805393,1,1.0
VirusShare_48c17e0dafcdaaf34eeab4dfebc95850,0.6540818,1,1.0
VirusShare_391c5b9de577a7a856bab4c4d81b6b00,0.63528097,1,1.0
VirusShare_9f4470168e22ecbae524aa9eb449738c,0.6587082,1,1.0
VirusShare_53e075c3fe2c8805267c30d15c5ef181,0.6453979,1,1.0
VirusShare_e4b2b52049f13e25563c61ecb14e9e9b,0.6480114,1,1.0
VirusShare_b3ce0148ea0da43702029215007d172e,0.6560236,1,1.0
VirusShare_aa940e7b09719b7ac003ae8d8c757a68,0.65012974,1,1.0
VirusShare_68f9acc3150d8cd183948ea3c284e0f7,0.65692925,1,1.0
VirusShare_2593ed9ac48ac7708cab51d1a054212b,0.6537555,1,1.0
VirusShare_231f98f0d8f5c7d905cf50c7119a9ffb,0.65802413,1,1.0
VirusShare_3058f07dcfdb62d42795acfedcf476a5,0.6611514,1,1.0
VirusShare_3e64ec402e69a05ef2f61498d29854e8,0.6519769,1,1.0
VirusShare_97d2f0b4dad0f4c55becbcf89b40a5a8,0.65889466,1,1.0
VirusShare_b950edff800ea9851b73ce04c5ce622d,0.65786725,1,1.0
VirusShare_41c2e870e2fce331fa72dd1c246acc41,0.646586,1,1.0
VirusShare_571efa672474ea96cd79db0a9c35fe81,0.65633404,1,1.0
VirusShare_da7201e83ef34921deb4577d847aa2d5,0.6470373,1,1.0
VirusShare_4d4d8a25cb56e929e61e2dabd60335a5,0.42559248,0,1.0
VirusShare_5af9ce85e67b9088c41ab37bc9082b74,0.6522268,1,1.0
VirusShare_bee7ed86375757cbee1572286fa8df67,0.65580845,1,1.0
VirusShare_9934199425ee916a450ee65e1ed16a17,0.6464929,1,1.0
VirusShare_44e8d0a69abd4d000e669997f5e4901a,0.6588913,1,1.0
VirusShare_711c90daf9d6a0d18cb09a10e4e0f923,0.65744036,1,1.0
VirusShare_82001fa1d5876c897b6b3d1b8c128f9e,0.65817034,1,1.0
VirusShare_cddaa6a6cbe285119673cef50f24cb65,0.6564156,1,1.0
VirusShare_9a41c0b5d188b3a06dbc0abad4106ddb,0.65425074,1,1.0
VirusShare_a426ecc550b7fcb1d9f6854014f8838a,0.639111,1,1.0
VirusShare_f69ee7ffe8ea8fbbe759b9aa77db569e,0.42559248,0,1.0
VirusShare_d054432e74a1747393b2d000262c8652,0.42559248,0,1.0
VirusShare_05d0ff85e4bc02aed7f0d3472b0e46bc,0.42623383,0,1.0
VirusShare_2adf8ab189b9a8cdfdd7b368e6fa29d0,0.39545617,0,1.0
VirusShare_c1c9c9d66e76c6cc7f7b305dc0ca8a6a,0.39545617,0,1.0
VirusShare_b7378735dd0577b65c7d250fbd62d12a,0.6556197,1,1.0
VirusShare_26f670ee1fe145be80590d18b881c511,0.6548491,1,1.0
VirusShare_6e886629081c3cb6e7c6679ec00fd28b,0.66098773,1,1.0
VirusShare_31a29e24b6524df910a65d1af59aad1d,0.6506926,1,1.0
VirusShare_2f0875349bf2268d21de0ef6d1ca0424,0.6416794,1,1.0
VirusShare_9d2685407bf2bb8937c7eb26219d98e2,0.6555537,1,1.0
VirusShare_2dea900164589e579d0e7cbd5af2e565,0.6633998,1,1.0
VirusShare_cb74abcf18503c5ac2c9796ba08a5007,0.6621812,1,1.0
VirusShare_b558256dbf7b629c6e7abebc69a54deb,0.6716014,1,1.0
VirusShare_d054dbcdb32adbf2033470e1f73a0aea,0.6506013,1,1.0
VirusShare_bcf1b8379a7a85594dd2a06e0e92b638,0.6532016,1,1.0
VirusShare_fa020bd49e8c342485b1468d880bdeba,0.65146345,1,1.0
VirusShare_b52744b58341eccd5846d7f627bf5f65,0.39545617,0,1.0
VirusShare_e9d91c6ebe458863b322b188178a55ec,0.42623383,0,1.0
VirusShare_95697ea4f56ff60fb4d50d6f63cad6d8,0.656046,1,1.0
VirusShare_7a559a01ce5c5bf148729895415b5d40,0.65344334,1,1.0
VirusShare_7485abab4fa382126f82abce7ce807d0,0.66459024,1,1.0
VirusShare_3ab21105ad953ff02e0fba4c09daf98e,0.42623383,0,1.0
VirusShare_45983a0c4415139eaddefbf065b2dfe4,0.654277,1,1.0
VirusShare_071a56231a23291212c9e246867b0219,0.65371776,1,1.0
VirusShare_6e651e6bc3b59a1f81791fab24e19459,0.65603644,1,1.0
VirusShare_16fb6fb784a21afbb8bacec7552bd929,0.42623383,0,1.0
VirusShare_df1fc900d4570fba5291140d6360e5bd,0.65748614,1,1.0
VirusShare_57b0db0a1fcfb6afa6e9397fd7793cff,0.6631594,1,1.0
VirusShare_67a724067571a1a716ebc5e9a14a4243,0.6491524,1,1.0
VirusShare_2b18e848913549f52ef1b3c99411ef5c,0.42623383,0,1.0
VirusShare_20ebb900d939109c2c237f8be5b28e06,0.6334094,1,1.0
VirusShare_4527af26c3adbe2862095955fe21c654,0.6374566,1,1.0
VirusShare_8f0ab89ecbecbedfaf2fba0dd79ce59a,0.65491074,1,1.0
VirusShare_edf9cced71ca2f9407bc1952aabd6e83,0.65934354,1,1.0
VirusShare_c790f8552ab0c9ed86085a6f0120dc1d,0.64927006,1,1.0
VirusShare_a17a49cdcfcae18c5f683dcefec3fe9b,0.65489674,1,1.0
VirusShare_b897f836e2564b76c060d390e331812b,0.42623383,0,1.0
VirusShare_c7be4d164128fa1d1135f77e10589175,0.654866,1,1.0
VirusShare_34575bc23c48ad00021a4d4204801aac,0.65864664,1,1.0
VirusShare_f8ad0578fddb767757b10171e79b7714,0.42696732,0,1.0
VirusShare_43faf768ed05d0a63389ea1979197a38,0.6537472,1,1.0
VirusShare_eff8e4553d8e1f73489335b3c562a38a,0.42623383,0,1.0
VirusShare_7e4986ccf5d935f11e63baa0d8a4fbd4,0.65196764,1,1.0
VirusShare_373de9ead3edef1851337e7bf44b960d,0.6501409,1,1.0
VirusShare_031f5bab9d0527300cc9f32baa134d73,0.6508616,1,1.0
VirusShare_36667106e827beee5dc7e15d1d9a73f9,0.65603644,1,1.0
VirusShare_2836983163c6efda2b9d09d1cb09c029,0.66196936,1,1.0
VirusShare_d9f7419fb718492e3f911c346aafc769,0.6499664,1,1.0
VirusShare_7c102c5f538433afdfbf0cb74e53a1b8,0.66271245,1,1.0
VirusShare_8103e170165425941805c8ecf02622ac,0.42696732,0,1.0
VirusShare_573bc9bb0f24ff5046e164f2139777f6,0.42696732,0,1.0
VirusShare_24b6d2b71d1f2b1451879964168bfc76,0.42696732,0,1.0
VirusShare_3043b217c1c252a3143cb47bf7892741,0.5920567,1,1.0
VirusShare_8477f4152a6947a09326d1eedbbad0cd,0.6541628,1,1.0
VirusShare_b454b5c3df1c693f5df4ba9b05a4f318,0.65830153,1,1.0
VirusShare_5901b807f1300478b79906f79f13e3dc,0.6584013,1,1.0
VirusShare_69736dba9642d616ec3a39b4b8abfffa,0.64859974,1,1.0
VirusShare_bec666257e17ad4ad44fd431c6fdcf0c,0.36170816,0,1.0
VirusShare_ca1ec56e66495bad7b3e3c117469eb83,0.42623383,0,1.0
VirusShare_d7c3cf4bb3023c2c05fee8e7730568c9,0.32235876,0,1.0
VirusShare_1b3a95fa254f2e92a2b84e9ca17d968c,0.37530357,0,1.0
VirusShare_efdde3c69211f96da1ad34bd1e63d0f3,0.6523961,1,1.0
VirusShare_cb19ca9f10543c0d05b31b80530ae1bc,0.67365324,1,1.0
VirusShare_cd3fa992d7818eb6314c8496edd78d7c,0.64962757,1,1.0
VirusShare_d0b6a38e179551f376f618fea518b8a8,0.42696732,0,1.0
VirusShare_5b0e056cc4170183afafb9bd8c2e7764,0.42696732,0,1.0
VirusShare_0e4b26e61e2c4192412860cd3c13ff7f,0.65167415,1,1.0
VirusShare_3e145002bba119ea12b9cf72f033b570,0.65180194,1,1.0
VirusShare_446799a18fbd1c234adcdc2a548af70b,0.65645903,1,1.0
VirusShare_01f54b8148912e81471f878482d5fd24,0.66685724,1,1.0
VirusShare_029c2566aaffdddeee1b48daaeca75be,0.6581027,1,1.0
VirusShare_5d354766e63a4db4a83dc61436723c63,0.6520814,1,1.0
VirusShare_94f53cdf8b29381aae1b0ce158bdc8a0,0.42696732,0,1.0
VirusShare_d9849cf49660ccb07d7a2066b9bddbc9,0.37530357,0,1.0
VirusShare_7b950587527ad4013faf0b058d685565,0.65691966,1,1.0
VirusShare_f38965a081f2f1aed3c7bf1f0e6e8cdd,0.6549567,1,1.0
VirusShare_afeac44439931298ab3e0fe9dacc30d7,0.65958995,1,1.0
VirusShare_31d73fd72abb695139b002321614eef0,0.648399,1,1.0
VirusShare_2196c348efd4b64be7a710dcd972c701,0.6581769,1,1.0
VirusShare_8a3f506a108be81d74d47d319200c7ce,0.8530377,1,1.0
VirusShare_7aa69f495338e6a00110bb2592accab8,0.37530357,0,1.0
VirusShare_19b6d08e079830c241b79b1f9739d24c,0.37530357,0,1.0
VirusShare_ccf75cad3d750a00129c29006ad5471f,0.6576476,1,1.0
VirusShare_9a911e6a0dfeeaf8a0278ba28abd8ff2,0.8530377,1,1.0
VirusShare_175c75dd6493331c2a5fcfc70dc960d4,0.8530377,1,1.0
VirusShare_f553c18181d10a2581a8f7c1a89626da,0.66473424,1,1.0
VirusShare_6a026d60bf7e25eae336d4639c3dd7ce,0.6556252,1,1.0
VirusShare_4c0015f3067caa1ab9b972176f50d741,0.8530377,1,1.0
VirusShare_896161a303e08176bacacd7fee405f0f,0.65087813,1,1.0
VirusShare_ffc113fa980688d4dca3a9cff2ef52a5,0.6488244,1,1.0
VirusShare_10ad53473c605ee66146649b40bea771,0.6522919,1,1.0
VirusShare_9832f99478c585a4bfafe0fc4212937e,0.6533864,1,1.0
VirusShare_2e49e68a19fc2ef4b2bf26d82e41ba98,0.6558469,1,1.0
VirusShare_3bab47bc278e96f0c3e82d1751134a9c,0.65848255,1,1.0
VirusShare_c1b0ea9ce458a633482d0132d8a109bd,0.8530377,1,1.0
VirusShare_77310118883f599d291adcb328d2ea0e,0.65862685,1,1.0
VirusShare_4732afeb77b67511c1b8b18785db7d78,0.6569348,1,1.0
VirusShare_9cc0418e9f96619ce4e03486704d0363,0.8530377,1,1.0
VirusShare_2674b7a7a1bb68e4dead3a1829d9ee27,0.65967286,1,1.0
VirusShare_9f5ff0b8ec5a0b80e1721797aff9a737,0.6597526,1,1.0
VirusShare_54d4a5a59ff67f5053a2875fe42f9237,0.6565309,1,1.0
VirusShare_7891fdabda42b5015819758516a89559,0.649202,1,1.0
VirusShare_580ed08abc5c32166ecc75acfb36dc51,0.65082186,1,1.0
VirusShare_3b8b063d888a0286557125adbf7081a7,0.6593582,1,1.0
VirusShare_36bc42d94f96eaf5c4aaa84d4ccdd489,0.6594287,1,1.0
VirusShare_c7346ed350cbb130f7ba7e654673579c,0.8530377,1,1.0
VirusShare_63e1329ce80e75fc982dbb6e000907cf,0.8530377,1,1.0
VirusShare_f00b3c07103175cb504029e353a98026,0.6550305,1,1.0
VirusShare_011cd801ec3a74b0a0e2a586a2889332,0.65474606,1,1.0
VirusShare_af8cf6bda17012bfd20c6d3ba899b2d8,0.6532335,1,1.0
VirusShare_b34a4789c66c76eb9e5dbc1e5f78cdbc,0.6547843,1,1.0
VirusShare_0a949bd6d3954a5c3cfb66b9137151d4,0.65737164,1,1.0
VirusShare_27e31ac81436c84e0e40d0740b029ce4,0.65806854,1,1.0
VirusShare_635d09b5c9f9ce1bf4fd8ccb54af42a4,0.6539898,1,1.0
VirusShare_381098863f3ba46fda1c06cd466274e8,0.65412855,1,1.0
VirusShare_3bae7ddd3feddc0b7f9a5a9525935aff,0.8530377,1,1.0
VirusShare_69876cf8cf312071b0a0ca801302ad71,0.65663546,1,1.0
VirusShare_48458c83989c1d80ea90f1ed7975df57,0.4002366,0,1.0
VirusShare_620e196c06283c6aa67e0f8c0d3c4639,0.6653527,1,1.0
VirusShare_566201b47ceeb0eb2149370f51346fb2,0.65550923,1,1.0
VirusShare_8192caa5645c01e48cce7f0d3062eac5,0.651883,1,1.0
VirusShare_06a6e6cbb43ff9e121bcf5895b399f33,0.4002366,0,1.0
VirusShare_c9039de637dcaef6684cf32dc35a8e2d,0.6555326,1,1.0
VirusShare_5c9a606330a372051881c294adc25d2c,0.65443724,1,1.0
VirusShare_b83b9a8dea1ef04a38297d60628a795c,0.66434926,1,1.0
VirusShare_9f23a92a40e603f453e88390d7de291f,0.6474506,1,1.0
VirusShare_c7e1a4690695d6bd0c035142f6872444,0.6605958,1,1.0
VirusShare_33c489ca20051dcb5d96a506d8612257,0.65252817,1,1.0
VirusShare_ba929515f80d4362c942b6442999df57,0.6537279,1,1.0
VirusShare_cc86839a095a4fb14b1441701a7f9085,0.65645903,1,1.0
VirusShare_c208cab91b042f46796b3cc78c351fd8,0.458212,0,1.0
VirusShare_8b95e1a8a4a905033eed7673f0d0604e,0.6544275,1,1.0
VirusShare_eaa33c2c08da3289f20c41d55c1f9e2f,0.6612463,1,1.0
VirusShare_4549df254d8b011a20a3b2b8431c9f07,0.6567689,1,1.0
VirusShare_65d2ec34b3cd94a496ff25c6df1d190f,0.6602617,1,1.0
VirusShare_e7ded965c27c19bb9c7eb68cc6efcf5c,0.654909,1,1.0
VirusShare_d509df3feb22a3d5488f16c55fbc54e1,0.6563994,1,1.0
VirusShare_57543e944fe40bc505ec091ba00b6d8f,0.64791214,1,1.0
VirusShare_9103192584edd2993dcc6171374e0a9f,0.6618606,1,1.0
VirusShare_632cb5de855b670e10e14d9f446b8e74,0.665322,1,1.0
VirusShare_a8b9f51454cf1e19d617d3892572922b,0.3950389,0,1.0
VirusShare_efb2add073257e2dccaaef4181d5ee29,0.65690804,1,1.0
VirusShare_c7d449c25ae493c659fc9d4f34959fa7,0.66485137,1,1.0
VirusShare_97889bd873813f5e8ae0c1b04d7bd4b5,0.4002366,0,1.0
VirusShare_18d005389f8136b9773be042a6df4c33,0.6542013,1,1.0
VirusShare_33ea71060a9b754d810f55d1468b429d,0.6527039,1,1.0
VirusShare_3c844441d40ebf65bccc1373f6be8cd4,0.6517929,1,1.0
VirusShare_6ecad80d7b27da1d5afc34f25740ead4,0.4002366,0,1.0
VirusShare_cecef3ea15bdf4be83f7aca34b1aafe9,0.65853006,1,1.0
VirusShare_5befd7507d0ba646e3309ae871da1ba7,0.6488718,1,1.0
VirusShare_330ed87436c76bbfe3dc734eb042227b,0.653636,1,1.0
VirusShare_29a45ed21fbedf1f83242f867cd39fb7,0.6570565,1,1.0
VirusShare_bde7af4fabc5c644dc878b6ed218f58b,0.6602669,1,1.0
VirusShare_2c71e5755dff75ee594ca5f3d6edb7bb,0.3682553,0,1.0
VirusShare_20f8196b6f36e4551d1254d3f8bcd829,0.32424107,0,1.0
VirusShare_ba1683937dbce99571bb180b1ce6c438,0.8530377,1,1.0
VirusShare_0f42c3b9abb26702ae6a9abb8ba5787d,0.65208864,1,1.0
VirusShare_9cb27d12193242422b4b1f286cdb2c42,0.65701354,1,1.0
VirusShare_249ab5deb8066a10ec32863535ffe833,0.655371,1,1.0
VirusShare_bf812676275686ad1a7f396b307df699,0.6674961,1,1.0
VirusShare_d80a409f33321a292e1e8eeabe332be9,0.654866,1,1.0
VirusShare_dc1492d3f45d32d1d96a253cc50453da,0.6495332,1,1.0
VirusShare_8dec3722fe7734689c5f5e69db17bc49,0.65698034,1,1.0
VirusShare_e2eb5d92576654c7122dafa37ffa8fe4,0.65490687,1,1.0
VirusShare_4e5af7c360fdb776acdd16bb941aa7ee,0.65480256,1,1.0
VirusShare_9e7e6a5879717144aece92ea202d4f6a,0.66172236,1,1.0
VirusShare_0b904b14e8773eef82ddd3d5fdc12dbd,0.6551508,1,1.0
VirusShare_7ba08b961ab844722f3a5a5e591d4f23,0.65507233,1,1.0
VirusShare_6811eb34a7697faf15da18ab1498eed3,0.64772695,1,1.0
VirusShare_7bad4b35b81154932810331ab78a3ea5,0.65521,1,1.0
VirusShare_c3ff395c16cbc29e9565c6f4641632b4,0.65822685,1,1.0
VirusShare_805b5e830bc37f2097f386fe0d500f33,0.65265036,1,1.0
VirusShare_89dac1423e1281902dfa3501fed124b1,0.30589652,0,1.0
VirusShare_6fbbec9d0d4bb7c5d7f2ace62440e292,0.6570025,1,1.0
VirusShare_f4ec047be7663120072932cd3a8e2e6f,0.65902746,1,1.0
VirusShare_ccc277ac2278b4643a66853f603aeddd,0.64082223,1,1.0
VirusShare_ad94718f3c79dfd377e0ba720f097861,0.6556448,1,1.0
VirusShare_dfdadb26cfab4fbe8cbf4d1334afccd6,0.651505,1,1.0
VirusShare_82f49fa514768336900247b89eb25392,0.6609999,1,1.0
VirusShare_89d7f076b5444eac25343f276dd601bc,0.65808934,1,1.0
VirusShare_bc9c322bb4a89e7f1ac7d58af49242c3,0.65894735,1,1.0
VirusShare_e45bd8fe513fea5d85a077cd2af448ff,0.6462062,1,1.0
VirusShare_5448e0e134e0b92dc47a7a6a60a0e2c8,0.65784425,1,1.0
VirusShare_f297087ab50bfa69452fe1868b7f463e,0.65580845,1,1.0
VirusShare_a90ea24d7289d2bc020d65482e12a792,0.65878356,1,1.0
VirusShare_9ca1b07a4231bc20d792135d47857456,0.6627893,1,1.0
VirusShare_2e1f03608af2ff11b5ce173fff314092,0.65722543,1,1.0
VirusShare_934d7b59f2effe7e55711c4047ddf25a,0.6573058,1,1.0
VirusShare_fc658a2d76f86223f000710c4650987b,0.6535566,1,1.0
VirusShare_ddd48160a64e2ebfe740b054e0c0adc4,0.66093737,1,1.0
VirusShare_03cf0cb99fa30d8715f7a0cf4d44a3f4,0.6548174,1,1.0
VirusShare_d967cbdc8339e1194c9995605682fd88,0.64082223,1,1.0
VirusShare_ba131fdc7b3c0887268995b27d707699,0.6509582,1,1.0
VirusShare_d2cd2a4dd8345f7db5457c08c4d8fdf3,0.6496891,1,1.0
VirusShare_511630253c36734edcbb1b02d88d7743,0.6503202,1,1.0
VirusShare_cebe12f1244259508ea8db9928f0952f,0.6530905,1,1.0
VirusShare_dd3487edda9793fabfc4b2ce1b71b50f,0.65220046,1,1.0
VirusShare_903d31042e887b56a8881918c00212db,0.6535466,1,1.0
VirusShare_946fe4ec276bae186fca9f14f7b50cd5,0.6522403,1,1.0
VirusShare_026bdcd409b4717b1247abdf26cb4742,0.6608943,1,1.0
VirusShare_ab7f1a1e98404ba588a66f9b602a7a5a,0.65274423,1,1.0
VirusShare_b6a7ff95479504eb8fdaa7115c3ad381,0.6629011,1,1.0
VirusShare_84eb31472951f252366963196ab7994e,0.6551508,1,1.0
VirusShare_d6a0b80686d69fbbf6d9b21b38f47fe1,0.65323967,1,1.0
VirusShare_67b3fe1f754f1dd0a9dfd3176feeb9aa,0.6532359,1,1.0
VirusShare_f5f1df160d1c619aa06b40d12d756a62,0.6587422,1,1.0
VirusShare_78e148fd6efae3919fc954919217d3cc,0.6558002,1,1.0
VirusShare_8e9a055e88be7af8b7b5b895deb446aa,0.6587422,1,1.0
VirusShare_840083b883270f074d0be9cfaba68a86,0.6579477,1,1.0
VirusShare_cef801783d6fa8ac162bddbedf4eeea3,0.66207033,1,1.0
VirusShare_59280c4510c4634d99ad06a7ebe35083,0.66308427,1,1.0
VirusShare_2184f7f9cd5495dcb91a5c9a758bcb86,0.65808934,1,1.0
VirusShare_8a4c269fdb969021a774e1d31270878f,0.65821594,1,1.0
VirusShare_4e2e59b65cdcc2d3d83cfc2b07ed4507,0.65823686,1,1.0
VirusShare_36a0dfc7344091e15c1f32449cfd24bb,0.64991176,1,1.0
VirusShare_736002fc4060b54f9f5336a8a036f9c7,0.6577729,1,1.0
VirusShare_a72a4c33a0b43f8998dc529bd3d67429,0.6475811,1,1.0
VirusShare_afcae06c94dddaa3783fca7c620828aa,0.6560322,1,1.0
VirusShare_73556bd83be300b29d0543d0bee21f5c,0.6555438,1,1.0
VirusShare_2e54aec9dbe9e71240cdef6f19892eca,0.6552678,1,1.0
VirusShare_8373966e2d2122b6e84a432eb9584a4b,0.65463436,1,1.0
VirusShare_3e13ebcb05cc07cad0dcc3d38b37d933,0.65823543,1,1.0
VirusShare_8075ceaf77a217dd37e063daa2cd3a00,0.6475811,1,1.0
VirusShare_150d5a47753f311166b6287400fe58e6,0.6507455,1,1.0
VirusShare_80c694f98f6c01e3eaf1a6d9cad60539,0.65471524,1,1.0
VirusShare_cc6a3d001dddb23311a004100837ffa5,0.6518768,1,1.0
VirusShare_cf190ee4d5911715a153251b41eb70e4,0.6572913,1,1.0
VirusShare_a7170e35440cc8532bd2415e381a98b9,0.6549293,1,1.0
VirusShare_a91d1a8ec4ebbbc42fdf354c49c27ee0,0.6470742,1,1.0
VirusShare_e8b6f319940fff600a18e686ad0fee0e,0.65808934,1,1.0
VirusShare_5c6327ffdb88086fad176e9c0c543ddd,0.65314674,1,1.0
VirusShare_1ec6b9abe2d4f0fa05f82e2c3dedc723,0.6536886,1,1.0
VirusShare_bc45180f53f228ba5e3206752b9863ff,0.65652287,1,1.0
VirusShare_75fe30518ee2e0ac5ae823583bfacb8b,0.6516601,1,1.0
VirusShare_79ba4359efad48a35a04e4a28d36f8d6,0.654866,1,1.0
VirusShare_dbb5ac7e347eb1b716c2ceac4f59860b,0.6559207,1,1.0
VirusShare_7c075628ba65df05a2d3d575f0349fd6,0.6578099,1,1.0
VirusShare_ee2b2dc9b1ad75b698baa6495a35a6bf,0.6497852,1,1.0
VirusShare_6f4ba6ed19d6773d0de88f639815f6e2,0.6555537,1,1.0
VirusShare_ff03bf9c94cd8038babbd06928bb10ee,0.6562613,1,1.0
VirusShare_db2c760dbd26cc1f4c1e84b54a40ad7d,0.65871716,1,1.0
VirusShare_b4eedc4993cbd9940459efd95e293eac,0.65370905,1,1.0
VirusShare_6d25e7fc08b9b526e9504967bc20cd03,0.65230674,1,1.0
VirusShare_7892835b05e51d413fde8ca5afe85441,0.6564418,1,1.0
VirusShare_71d66cb95967f4aaceab051118f7cf8b,0.66093737,1,1.0
VirusShare_9b7d616369f308c147fa3aa93695519a,0.6524078,1,1.0
VirusShare_c62ba21866d61c7c4ca3daca3ea342a6,0.66350955,1,1.0
VirusShare_526b6eded10ccbae36ac4ed64fbd0c9f,0.652275,1,1.0
VirusShare_e572d500b879af5001c30a5dc19475d1,0.6536483,1,1.0
VirusShare_953bd2be542f8bca97000312a7f77d83,0.6536886,1,1.0
VirusShare_099a811c2ad7fcfb746009c561f57377,0.6510946,1,1.0
VirusShare_38a5b7e348d49548a0f48854f48b2317,0.66260046,1,1.0
VirusShare_b65edc62ff85c6198d9ac831ec7a2be2,0.6494031,1,1.0
VirusShare_2164fc6b054af0b6be1e4d1380cc123a,0.6539282,1,1.0
VirusShare_33fb9709dd629610eb1238a421208141,0.65463436,1,1.0
VirusShare_52dc1f9a09e4c7a7f5526212ad7bea30,0.6561208,1,1.0
VirusShare_98fef18b48ab205d5ab403d4bd945f94,0.6595303,1,1.0
VirusShare_7f24fa0503b55310d39c025a5200bf6e,0.65224755,1,1.0
VirusShare_73055ae0d6b262643af8809692dde2ca,0.647004,1,1.0
VirusShare_62a92320040d13b42cd37f6addaf7b09,0.66083825,1,1.0
VirusShare_a0f2d094e49e39271dc8015b58213e71,0.6508548,1,1.0
VirusShare_26383a86c7d7f36e8bd2610bd51a6292,0.656175,1,1.0
VirusShare_cee3605c5d52ab16d2eb9f2945bbfc26,0.650561,1,1.0
VirusShare_8a98ac9a54a9c5b94bb892b2f3f11af0,0.66049874,1,1.0
VirusShare_a9ce1594c7eeb4ec7862e2c9c456a956,0.64713573,1,1.0
VirusShare_1b1ea370afdaae1246fd8fa064ed0dea,0.71824723,1,1.0
VirusShare_eabb3ccb50bcc7c7b19ce27cc5eb942c,0.6545283,1,1.0
VirusShare_1ccef4b1d719b46ce641843e59579ef2,0.65443724,1,1.0
VirusShare_979f9e249bfb71faad993cdb5c3a1077,0.65913475,1,1.0
VirusShare_473a3aa22dbd8b3c463d5dedf4c1f7cc,0.64991176,1,1.0
VirusShare_8ee31076e08909b26d27af6c932cb97c,0.65985394,1,1.0
VirusShare_3297e485d5cbae9001b0dd0ea3e44973,0.6525782,1,1.0
VirusShare_ff07c862238c821ca9d1f79d2952aaff,0.6603359,1,1.0
VirusShare_5ceeaa6e690c7fcfba2adc498014d5a5,0.6532234,1,1.0
VirusShare_25162a989b3b1307a8b18fa661e385ec,0.6531308,1,1.0
VirusShare_447ddb67b81d87351fe15e3795671eb3,0.6452363,1,1.0
VirusShare_61713130d77d8b0b1b5203559121412c,0.6580902,1,1.0
VirusShare_158b23b43a37153a39d962470e725b34,0.65622276,1,1.0
VirusShare_c3dd92311a6c30be416754e2b6da41cb,0.66372293,1,1.0
VirusShare_8d4b79af463a91977b2b4ef54a26805a,0.65196115,1,1.0
VirusShare_ab5f60f45605ce9c208868707ce5bfc4,0.65662795,1,1.0
VirusShare_0fa43c2811486255c977a77411b02aa7,0.6474216,1,1.0
VirusShare_d323392db3967eea4de707c9233f1c41,0.8530377,1,1.0
VirusShare_cacb971aaa0eb728ba9ab5789653c416,0.8530377,1,1.0
VirusShare_07e7e923473ece1edb76d5f186420d43,0.64622957,1,1.0
VirusShare_f1cb329bc5baf4839f72f321eddcd1fb,0.649295,1,1.0
VirusShare_3b99a69223413505a92c45e1e5b80e02,0.6583243,1,1.0
VirusShare_960d6153f9e7aa94eb04569af400fd11,0.6567634,1,1.0
VirusShare_38481060b1c2842a0040650fea430a8f,0.6524203,1,1.0
VirusShare_dd88ed8515f4c362c44c748b680ce461,0.8530377,1,1.0
VirusShare_ee2c605563f3315fb2fd5fc8f94a17a7,0.65310824,1,1.0
VirusShare_aeb6404d90a32851b490dc34c13ff8ea,0.8530377,1,1.0
VirusShare_f72e58d8dfdd7bd327516422a4deb7aa,0.6582526,1,1.0
VirusShare_2f9f0fdc7bd8adfb34f228111d024eb7,0.6565309,1,1.0
VirusShare_f6fa2eef04dd27f4b654869f127156cd,0.8530377,1,1.0
VirusShare_863b5b8186fd3a81829820c53aac7dd7,0.6524467,1,1.0
VirusShare_ea60184ae51263c45777a5f5f5af6b3c,0.6481153,1,1.0
VirusShare_7d810a7e2fe947281f0b8ae500dfa5c6,0.6581098,1,1.0
VirusShare_cc57352858b6d8fd7f96f09b2266366f,0.6520869,1,1.0
VirusShare_0930d6147f7eb732329aecadd87f9567,0.65486157,1,1.0
VirusShare_0be46aeae522067c2ccbb408fb431886,0.8530377,1,1.0
VirusShare_82c994106afda0f673dcc9b3a8516b53,0.6554078,1,1.0
VirusShare_41a14c7a7ab2466ea404c3f0a2a916b1,0.65324515,1,1.0
VirusShare_8fd44e361443bdb2ed53472ff8ded256,0.4106896,0,1.0
VirusShare_74669051cfa55673b795468c041ecf8c,0.658105,1,1.0
VirusShare_4a65370b3b060b3b64503d7e866eb23a,0.65345615,1,1.0
VirusShare_87cb7ccf43f8ecb52e4a530f4116b055,0.65699446,1,1.0
VirusShare_d48b212fedfc0e99a13215d523a2a405,0.65699446,1,1.0
VirusShare_ce5e721d21514255627c5866d8885a09,0.32424107,0,1.0
VirusShare_1a27f5405e5f8f5cc92b1de1292dbb39,0.6496915,1,1.0
VirusShare_11bb4e35a79aee40f87254e41743d561,0.6555537,1,1.0
VirusShare_eabb11bf371f17ebdc09007eddf0b60b,0.65825874,1,1.0
VirusShare_5458035a39008a9151111797fb98eabd,0.6575576,1,1.0
VirusShare_82f9e2a8d936e625912190e7e530da48,0.39177316,0,1.0
VirusShare_d1fac21b8391b6eaa5997e676e5583d6,0.6548174,1,1.0
VirusShare_22a033c45bbe427c3e31410f0b04d406,0.39177316,0,1.0
VirusShare_080109683786638c6c1264cc62c37708,0.66268283,1,1.0
VirusShare_613944dc3cc01df3aed793bf87741346,0.651505,1,1.0
VirusShare_9d3d02752cca7d124527470dd79960f8,0.6496914,1,1.0
VirusShare_3815b71cac4f9b2d84554ed5c1fd17e8,0.65301394,1,1.0
VirusShare_6e7dd786cc86b6ce517ec5dc17e1aea4,0.6580913,1,1.0
VirusShare_8703b8902c14bf8882b4e873ad8284df,0.39177316,0,1.0
VirusShare_12a0fcb0862d0eea9619a906a25ea33f,0.655194,1,1.0
VirusShare_71ba44c45cda86bafeb8dcaa19d43811,0.6644018,1,1.0
VirusShare_948824fab048b929751d7d938a78cc46,0.6556197,1,1.0
VirusShare_f99dbd5c46e242527dee3af118b62c45,0.65257996,1,1.0
VirusShare_b453a090b51a07a1f2a8a28295b767a4,0.39177316,0,1.0
VirusShare_d63dc0e1c87a79056f36b72d8b907465,0.6631594,1,1.0
VirusShare_44d37c9388b94993bc0925284e83bcfa,0.39177316,0,1.0
VirusShare_bed6a6c7f1edf086bab4e2bc04980a7d,0.65540266,1,1.0
VirusShare_dc78e06858b7229e71f5ce29f4f8cfb9,0.6519606,1,1.0
VirusShare_b516c32339651952d4ec60160e96025f,0.6580913,1,1.0
VirusShare_7f8f205d5c4f24d941aa7b99e6cb1b7c,0.71824723,1,1.0
VirusShare_3b7502dd7bb57e99bb4536c89b046765,0.65580714,1,1.0
VirusShare_37d92de23da94a546821a53b78ff736a,0.65357786,1,1.0
VirusShare_852c3c0f92d097901b23a36f6649ac8c,0.6554921,1,1.0
VirusShare_75dd27bd8e6e1e6bccedd62b85032d85,0.6512109,1,1.0
VirusShare_dd887717779d5bfd4f78471908ee887d,0.39177316,0,1.0
VirusShare_40c5462a270dd7d3ea12f80903f244ea,0.6563994,1,1.0
VirusShare_dc6c4631961c7e1c8b952eca2331199e,0.39177316,0,1.0
VirusShare_29d15a961a410bfc0d77f1eb52aaa5e5,0.66308427,1,1.0
VirusShare_2fd3f49ccea5e51faa59f490e4e4f2d7,0.6496914,1,1.0
VirusShare_c5c1687e25dc2ccb7e4d9cb0df3c4a08,0.6621533,1,1.0
VirusShare_483c1c4900ba5e325b42a9b01e391961,0.659052,1,1.0
VirusShare_027372b50db108ee87228f794edd915b,0.65262336,1,1.0
VirusShare_ac655a95d6c7cc7d00d0c8f223465ade,0.6579616,1,1.0
VirusShare_294f9d41c23f397aa6424437b5110b8c,0.66148585,1,1.0
VirusShare_efaeee349b077f639a147b84c18661f7,0.39177316,0,1.0
VirusShare_b0bce807769e0db119ec56a2666d82ae,0.65480256,1,1.0
VirusShare_43b8908bd12befaeebf2fdf4cc2e3dc5,0.39177316,0,1.0
VirusShare_4a1fcd4f78ecb73c0ba1971041e5d15c,0.6552326,1,1.0
VirusShare_9a18886d87ea8a855a4b97c1903951c9,0.66049874,1,1.0
VirusShare_52f8f6b43310ec1e5331cb5d4f120c19,0.65612316,1,1.0
VirusShare_dbea6c2a5a0029ba56edf652ae000782,0.6574105,1,1.0
VirusShare_75f3c254435c5d5c756a43596efac024,0.6536886,1,1.0
VirusShare_5621213b34e11786d2a82756f6125a71,0.39177316,0,1.0
VirusShare_72e7c39c1be42ae6de7fd0f1f5d76567,0.3950389,0,1.0
VirusShare_fd08eeb866e164b25d4982e4f6688b67,0.42696732,0,1.0
VirusShare_1b43abb98536a1786f52929f9644ed91,0.39177316,0,1.0
VirusShare_0631f073700989b50ea9c7b323d47dd4,0.659015,1,1.0
VirusShare_104c820d44ce3ac110072433e4cdb1d3,0.39177316,0,1.0
VirusShare_3744b678db8062f801341a32571e6b07,0.659015,1,1.0
VirusShare_72e871111d56df6d8b2e472427fb3222,0.65443724,1,1.0
VirusShare_71133b60e8eb02d8222de380474e2f2a,0.651505,1,1.0
VirusShare_1869546076ed8a3aca31f42d6e86c15e,0.6577799,1,1.0
VirusShare_0349e677896547acda784bdc6fcb6d3f,0.657381,1,1.0
VirusShare_f5b9f216033bfdaad92101c38c2da859,0.6622673,1,1.0
VirusShare_fe16a896ffd3a5f9f6b154e70666d29e,0.65297896,1,1.0
VirusShare_c90e07926890d1238bf5797ac4d8bf09,0.6472265,1,1.0
VirusShare_93b0152c2e7ef3c181806bbf65a79f50,0.6603581,1,1.0
VirusShare_94105c87a7f1f840b7ba4f483d98afd0,0.6560918,1,1.0
VirusShare_4532aecdeeac92a63ed827f0f04a2fa9,0.6599184,1,1.0
VirusShare_a98ec0253594d14cada3f9c0b0347720,0.39177316,0,1.0
VirusShare_3e0c6c6a320d13edcea0e051a9d6a706,0.6563046,1,1.0
VirusShare_9f8250661cfe0adf7e5eda98122dc72b,0.6621812,1,1.0
VirusShare_eda4d38ba04acf5ad6a19fd5513a5067,0.6608943,1,1.0
VirusShare_4d74a8b7041946da70e469fe62d2fd1e,0.64650327,1,1.0
VirusShare_e3bf6d17db40ba1a967df90bc3ba3e4f,0.39121166,0,1.0
VirusShare_d4a4f75ab46f964e023604a5b82b3a63,0.654866,1,1.0
VirusShare_d2f27d3929e006f74f63003f0aacafb0,0.6489272,1,1.0
VirusShare_bab42cb9e26f034ddbc76cd1c8e4fc2d,0.66053474,1,1.0
VirusShare_4023c1f7385cee3b9fcf0b752706ddd1,0.39146534,0,1.0
VirusShare_89ab6edec95344d2e0339c9899d37a06,0.6551929,1,1.0
VirusShare_fe51615a760c8037933689015ccec51a,0.65708625,1,1.0
VirusShare_c9f7b805bfa43d8cd47c1ab657b37f8c,0.656722,1,1.0
VirusShare_2881bfe8a194bd8362fa5b5ec92a33fe,0.6672574,1,1.0
VirusShare_b0922ebd527b43d297fc68ccd361d376,0.6464535,1,1.0
VirusShare_092482069b0ddb2d83a73282f97f7955,0.6548675,1,1.0
VirusShare_0a1a9ffa0d803c3663cc06528df5012b,0.65698975,1,1.0
VirusShare_07636f85898d3f5cd4f07e3e76edf7f7,0.65085584,1,1.0
VirusShare_3da82cb972c14e4733ff90171b4c8367,0.657766,1,1.0
VirusShare_cbb035484863a7e00892fbfa2689ea2c,0.6539644,1,1.0
VirusShare_32be1a6f95db7f38597c1ea4afcc983d,0.66350955,1,1.0
VirusShare_98c027c20c8c0a11b28db6f0d5471ea5,0.652485,1,1.0
VirusShare_64d1ab88e55fcc12045a86460edc91c9,0.6618606,1,1.0
VirusShare_ae7a6c77f72f432cc2972335bf57328a,0.65691024,1,1.0
VirusShare_0f3ec4a010ed1666bc645f173cc8b8fa,0.6501829,1,1.0
VirusShare_4b94c9863f50c51c99834099299c72ef,0.6463393,1,1.0
VirusShare_dc97f9b4a8588f671ad3f8b62071f4fb,0.6548994,1,1.0
VirusShare_977dc3ae190b97496b6c3c224715771a,0.6535352,1,1.0
VirusShare_83449309580c7d123368d455749af7eb,0.6542326,1,1.0
VirusShare_8b3167b1d4e77311a4e0a9f508fc4016,0.4002366,0,1.0
VirusShare_9baf5602710fedc6d45fbd7bc1ae7688,0.65480256,1,1.0
VirusShare_222c42da1db2e96d298cff4ad59cdca4,0.65540266,1,1.0
VirusShare_90352d6d67a04a4f7795f036c9b1f239,0.6560322,1,1.0
VirusShare_40561995d957e688478f6c223752de81,0.64650327,1,1.0
VirusShare_dd7d1a802a127e1549e0e11d049089f5,0.66014063,1,1.0
VirusShare_a1a12c9e85b6d245635e5c1c1562557f,0.6628846,1,1.0
VirusShare_ecb9b68178a6f901443433e0d9966a5d,0.65652287,1,1.0
VirusShare_878c4f963a3058eb22e7ba51b1b09e8e,0.640793,1,1.0
VirusShare_e5b52d96caebbe72cea835efc30b046e,0.6519606,1,1.0
VirusShare_d09cddce5311d78de391243e138589f1,0.65607965,1,1.0
VirusShare_cba433288cb3bc60e20cdef9a1b1b8a6,0.64764494,1,1.0
VirusShare_737d2eb2c74eafddebdb6eac2d360e24,0.651687,1,1.0
VirusShare_9e0067980e9d5bcb468fbd26c32aa626,0.6609713,1,1.0
VirusShare_581af3f0d6edd7d80b3b657c60965750,0.6461288,1,1.0
VirusShare_28a9184a98566f85e91edaf24b4a0ce5,0.6531504,1,1.0
VirusShare_79f6eb1d8a2fee7cbf8505dfe60b1cc3,0.6538142,1,1.0
VirusShare_a7055d39cd590f63e9e93ad5095810c9,0.6618265,1,1.0
VirusShare_6330736d6862dd0cf1a3c15007104c2a,0.66124403,1,1.0
VirusShare_cdab4bc4fe9592a2191db3937bbb2b1b,0.6542126,1,1.0
VirusShare_d2e5997e0409435613b593a5b1e68b07,0.65274423,1,1.0
VirusShare_4729338459b964f126321ebd8aec1e1d,0.64927006,1,1.0
VirusShare_15d03d1f6be000bcd2591a6f4c6a85d5,0.6576624,1,1.0
VirusShare_fcf5e01f9adc2d5b9a5ffe87cb9ce7e1,0.652485,1,1.0
VirusShare_8a007e91a41f06796727c95191523975,0.6532034,1,1.0
VirusShare_101ac279d17c99a4562fa91fec1c1ec2,0.6546521,1,1.0
VirusShare_3074bbb41052763458c5308bfba8d40d,0.65098417,1,1.0
VirusShare_187fa89f120749147e86a8063b7b8e23,0.6532034,1,1.0
VirusShare_52ee7f1c07e068e043542f9bf8dcb654,0.6572968,1,1.0
VirusShare_e846a9c0509ed2da2ed6466119ba985f,0.64767325,1,1.0
VirusShare_986ae8da2ef6fb82e630c3bd1351b955,0.6534215,1,1.0
VirusShare_dd220b6d2da2d7b94d29bbee560c5bdf,0.66334,1,1.0
VirusShare_eedb634152bcfaece6bb46a7226618fd,0.66134894,1,1.0
VirusShare_b8e594acc789f087776cbcfdc97ebe90,0.6566073,1,1.0
VirusShare_2a0d0f9517b8af31d9d5f8c3b3c15aa8,0.6559201,1,1.0
VirusShare_9b511b322382e94cae2587c858ad5b36,0.6542767,1,1.0
VirusShare_d63edb414a47e03640e11d00b9f771f9,0.6605978,1,1.0
VirusShare_eaaa79d0c77fdadb5ee3eaa5f3fea3b2,0.6564187,1,1.0
VirusShare_004073126112d86b7a93c96ea78385fe,0.65521,1,1.0
VirusShare_ba6c000ff4cb119343ca00794b95909d,0.65411633,1,1.0
VirusShare_fa430c3f04a4be5282d32c7b914ee51e,0.6531146,1,1.0
VirusShare_49956142b9a2013887791f4552467083,0.66049874,1,1.0
VirusShare_fe6e68d196dc960b3fe4a2fa5d23212e,0.66167814,1,1.0
VirusShare_b65dc93ea8ecc728627e6234558e7a80,0.6546652,1,1.0
VirusShare_c6fcea0fa4b8300059592840c96afecb,0.6574461,1,1.0
VirusShare_c4b86b93e3b3413ddc2e76212c883da0,0.640793,1,1.0
VirusShare_36e4af1b7e732e30a10fb82a8d1fb237,0.66350955,1,1.0
VirusShare_a05cf2dcaf7330761b90a3bc1f8abb83,0.65087986,1,1.0
VirusShare_b2e55883c7582c7c7c00d8e109697ccb,0.6027255,1,1.0
VirusShare_e99d67b59d61d0269edd8bb01ca268c5,0.6602617,1,1.0
VirusShare_c9b70a797816a2a999dd91383ede9476,0.36818108,0,1.0
VirusShare_b76c0cd17c99429160bb0da7bd3cd81c,0.6573507,1,1.0
VirusShare_9039fe571a68fb3f18ba24bcfa5c3789,0.6567999,1,1.0
VirusShare_8f3efe97d8a4446c03f78831f4e8199f,0.65262336,1,1.0
VirusShare_0070bb9c01b4e11e3cee0d5cf4a7da2a,0.65925187,1,1.0
VirusShare_70d8cda85224f11dcdf55c5ecdc6becd,0.66152257,1,1.0
VirusShare_dce4af5bf7ef3ed0932be3dbba2a5578,0.6653527,1,1.0
VirusShare_29eb817f44fc731fd23459fcdd70e405,0.6507455,1,1.0
VirusShare_d9bcbbcb5ba3f52d86bb5791f1e01af3,0.36818108,0,1.0
VirusShare_a0c6d81a0744de68981c50c0549bf59e,0.36818108,0,1.0
VirusShare_46185a9e962bd0c9f2607cc239a7527d,0.64865005,1,1.0
VirusShare_a9210da6089eaf1938ed36e83aed99e1,0.652485,1,1.0
VirusShare_4dc9c0462b557e3a8ffabd66f42585c3,0.6546749,1,1.0
VirusShare_c06c540dc33b055e258e671d46977ee1,0.6449436,1,1.0
VirusShare_bc54c178b64349c35eabbb65d77fb0cc,0.65808976,1,1.0
VirusShare_0e889f8dc4867605901bb80b9e858e6b,0.652352,1,1.0
VirusShare_c4bf1699bf76abfff730571df3addfc2,0.6536573,1,1.0
VirusShare_8e7635e40592dbcf765127fdfb13cf48,0.6594131,1,1.0
VirusShare_bdefb0acf4ffeb353b27fbe664e4c177,0.65672636,1,1.0
VirusShare_a404436dcaa8272800937d1e2689055f,0.65455544,1,1.0
VirusShare_c0ebe8fc20965e1cc3132daac4231869,0.6557945,1,1.0
VirusShare_4defbfef0f5349a9b885a1188651424c,0.6575418,1,1.0
VirusShare_afc63c84027fe5bfd33267fe657c57df,0.6577729,1,1.0
VirusShare_d1e73a7d710d1b4da466ce153ff63a2a,0.65784794,1,1.0
VirusShare_e0111cf85c1b7cec84937eb04955558a,0.39754024,0,1.0
VirusShare_798e1d0a2d5fe0df8303efa125a17e6f,0.65580547,1,1.0
VirusShare_5881e390d60ee7162769e17d392c1cac,0.6608823,1,1.0
VirusShare_de97a687019ff788e4b032eed2dd6d3a,0.64656556,1,1.0
VirusShare_70be38374ba302a66ab2708718a97d48,0.6540891,1,1.0
VirusShare_d618c3036fc9f721d1bcf5160f7d94c1,0.647251,1,1.0
VirusShare_91996e76f1a740f8f2432f4fdc45b8ce,0.64082223,1,1.0
VirusShare_66ad8375ca63a4310ab8f77203c0ff2a,0.6548675,1,1.0
VirusShare_67d017bec86fcab09898499d3d5790b0,0.65690553,1,1.0
VirusShare_b405c76ea7b75e063da6e019f3527fae,0.65100044,1,1.0
VirusShare_6dea8e1fa3f076aeb6c06c53cfc2ac87,0.660344,1,1.0
VirusShare_daf43d3db153f5dc096e6985b1ac1350,0.6518768,1,1.0
VirusShare_e6c556247bf0106df296f8da881b79da,0.6541531,1,1.0
VirusShare_00e1b4ec8855e084107c33d750cdf6df,0.65982544,1,1.0
VirusShare_b67cfbc47557e5d40eb0974b312c497a,0.63672954,1,1.0
VirusShare_570090a065948e6d439e2b99f999f0a4,0.39866978,0,1.0
VirusShare_181c40cf7552b21ec6ffaf13057f6382,0.65251917,1,1.0
VirusShare_735465d8b00cabaa4205cf07092746d0,0.64664495,1,1.0
VirusShare_7d6c276bd5122e29f56d488349a780c7,0.657249,1,1.0
VirusShare_ed3497944a042655996fc2dd0391417b,0.65480256,1,1.0
VirusShare_8ae3f5ec7e076373c78ba4b1e7e4aff9,0.65098464,1,1.0
VirusShare_1780b3ac436f825a7f0240bb4e56c837,0.39866978,0,1.0
VirusShare_8adc5d57a26fc6ad44338a47a1a45dcb,0.30589652,0,1.0
VirusShare_4215d8a4ea5fdbd1cc249ec27a736ee9,0.33543548,0,1.0
VirusShare_b1195d368c36e47bc4391e91c6ec5800,0.6712929,1,1.0
VirusShare_bb75c8671f70c57df5bd2818c769100d,0.6569263,1,1.0
VirusShare_4833eb23482ca80ddb8b34495d9f339d,0.33543548,0,1.0
VirusShare_6785c2e68f9e2e54f405312046a10688,0.66302645,1,1.0
VirusShare_ddd7ee44c08b32324c81d430c473ba2b,0.6567011,1,1.0
VirusShare_180f8e5ae739b2115031a077ce7d44b9,0.6544494,1,1.0
VirusShare_388f32a8744c314205b495ea66a3b74e,0.6488117,1,1.0
VirusShare_32c034537c71451a17f309689fcd4f78,0.6538949,1,1.0
VirusShare_8e4785756ce6823b33725a041b16f384,0.6483121,1,1.0
VirusShare_b15257850e3b4dae95f2b49794253594,0.8530377,1,1.0
VirusShare_1c7cb32c75ebcdc81a04d611d33d1b4e,0.6565243,1,1.0
VirusShare_103485282aeaa8939bcfd11acd9c64ca,0.65892255,1,1.0
VirusShare_d34d5daa4592962b7f5d6f30a63391c5,0.6529649,1,1.0
VirusShare_f3462b06a419250a5813e632a9e4508b,0.65721,1,1.0
VirusShare_2f78beb74a6ef86c6f6ddec83cd04b61,0.656634,1,1.0
VirusShare_2bedaca989421eb4b9e56ce06bfb7217,0.65622073,1,1.0
VirusShare_2435e4d004e3d5fbe0f3aa141c2864e1,0.64866924,1,1.0
VirusShare_bdc3e4d06fa0899c7274a0484f456860,0.65131974,1,1.0
VirusShare_9dd169a2965218335c844f8fb0d9d687,0.653715,1,1.0
VirusShare_2b804b87ffca66c00151ac4a88efc5ae,0.66041577,1,1.0
VirusShare_8ff8852260de3d1e5c29243fe69c0674,0.6596295,1,1.0
VirusShare_ed47c5f388f563faacd84f0b0cf1e4dd,0.39866978,0,1.0
VirusShare_0363b5c6d14da9ef30dc642674650ec9,0.39177316,0,1.0
VirusShare_f0e66c59e64ef99f2166714f5d1701a3,0.65275156,1,1.0
VirusShare_1066e7c3e3ecef848c81cd8f4b349106,0.6596607,1,1.0
VirusShare_a458ca75e6b811c9157489ade877f26f,0.7244876,1,1.0
VirusShare_139e2d5159fdbdec5850b66bca37b3e9,0.5387498,1,1.0
VirusShare_7704cc7f444d9af57c5be1f3cd19da28,0.6430461,1,1.0
VirusShare_9954c8187bcb9e068b2d1e901cdfb376,0.36688092,0,1.0
VirusShare_2a877a19bc7eb59c34f55591f5613359,0.8530377,1,1.0
VirusShare_a50bbd26a64b2b87a49b901019458794,0.6501457,1,1.0
VirusShare_3949541ccb55f6d3667bd8f1f5722ea0,0.6515611,1,1.0
VirusShare_01ce4aaaa089c884e6633fdfa35f4a12,0.6529046,1,1.0
VirusShare_d0ff7c8d46f1c2e07b9f554f2d2dcbc4,0.65625983,1,1.0
VirusShare_80ac5ab5e59eb23e369769b236deeec3,0.33543548,0,1.0
VirusShare_142fba91f55022094339d4da30fd1b76,0.65823764,1,1.0
VirusShare_6957db22c06b31634c4d52e8463d6614,0.8530377,1,1.0
VirusShare_2ac02111f3515d512acab06b860ffe9c,0.65624493,1,1.0
VirusShare_10a08aae5dc1f82d1a3baca3332055ae,0.33543548,0,1.0
VirusShare_013dcc852680da4a58d8964474a4c4b6,0.66725487,1,1.0
VirusShare_31036d0cd23187a5199d3e7f2500a9b2,0.6564311,1,1.0
VirusShare_28611e8d7ac5693b28004fa745648b86,0.65758544,1,1.0
VirusShare_192fb3ebe7d4582ecebbf51894a4084c,0.654302,1,1.0
VirusShare_16e578f947cbe54c979b5faa5d2ee479,0.6474293,1,1.0
VirusShare_5fce144519f3717b92889b4a27b210c6,0.65367043,1,1.0
VirusShare_cff5efe13f78dd6a4653ed6e0ea347b1,0.657322,1,1.0
VirusShare_3ba0541f0bb790dcadff186d0e64d546,0.65645045,1,1.0
VirusShare_435b14729fcaa67140af52c1ced3dfa6,0.65313566,1,1.0
VirusShare_18edbcf4e42cf6a5e56b077be965d38b,0.39146534,0,1.0
VirusShare_fa40e92ae97dcfbed1bad0919ea71f3d,0.65733063,1,1.0
VirusShare_3df8b5d01ae8aa0500849efcddde2b14,0.6550837,1,1.0
VirusShare_2cf0653278dd02384c39906bd4eb426a,0.65955603,1,1.0
VirusShare_4da047a09893f62d1bd8930a978c51b6,0.6492817,1,1.0
VirusShare_5a016f223ec52343111ef1ffb5804cb8,0.65395373,1,1.0
VirusShare_c49a720e4684ab2b1f9a03f3e0f89e1e,0.6559161,1,1.0
VirusShare_1982c964128c8180d02c2133a6e12dc0,0.65967244,1,1.0
VirusShare_2b740ebf7854f67752c1331d5b3b91f7,0.6513163,1,1.0
VirusShare_ce58b5781410951f093f2477f4ee31d4,0.64661014,1,1.0
VirusShare_3b5a24ad3873a2370a6cdcec19e38bf5,0.65604943,1,1.0
VirusShare_3e0a16e1fdf8072e911f0c589f8ba5a7,0.6588413,1,1.0
VirusShare_6be9b1d8f611b7323b5632d95db53f48,0.6595297,1,1.0
VirusShare_acf4c713f1620f9fba3a0358758c606e,0.6432583,1,1.0
VirusShare_bf09efb2a091c73af0bdc27ffad0196d,0.6566888,1,1.0
VirusShare_6d26777b13509ba16158896ad29fc29c,0.54032934,1,1.0
VirusShare_2cc94701eb7bfa785f09308db90b6a70,0.8530377,1,1.0
VirusShare_256023351cb00a7aa83da311204fc9a2,0.33543548,0,1.0
VirusShare_e09762d1be4261a0e6077442048e868f,0.6533884,1,1.0
VirusShare_2e0406fe2adcbcb44ad99cfb20c7f639,0.6566163,1,1.0
VirusShare_434da0d15ad90d0394d7ee7558f63d70,0.6634178,1,1.0
VirusShare_ee14334da8e61e8118bf1a9a46c3d4e8,0.65787894,1,1.0
VirusShare_8bc64f06a1c93083f1d1b12a9fc46f03,0.6566891,1,1.0
VirusShare_58fa9020aa1b7c205ed523ef2a216596,0.65671986,1,1.0
VirusShare_0fdfb8964e41fecbfdbe8954452ac079,0.6535861,1,1.0
VirusShare_269aa5ba1d87552d99b7f6394b0bb3fe,0.6514805,1,1.0
VirusShare_1faaf0875a69432f496f28b3247df59b,0.65875804,1,1.0
VirusShare_1f586f25d543f20483edf6fde4ccd146,0.33543548,0,1.0
VirusShare_ce2328dfe8cdacd43216f91b61fec631,0.33543548,0,1.0
VirusShare_b733113bb83a06a284ad068e277d6fc2,0.33543548,0,1.0
VirusShare_a01a6d1ef08f8f7e75dc931897e2206a,0.6554078,1,1.0
VirusShare_b357db90c70759cf080c1c42d40d65fa,0.6625056,1,1.0
VirusShare_3091682c3809dfba8c5abed23e278db7,0.6640121,1,1.0
VirusShare_84693972ab8f399ccd5a04eca0617851,0.5513829,1,1.0
VirusShare_03902d3bb772ba0daf042342f9e844ea,0.65411305,1,1.0
VirusShare_911c7867b6a0c07f752e1cf8ec780f6e,0.65809333,1,1.0
VirusShare_38f0b713a2d6709fad624d67abc94a54,0.6610743,1,1.0
VirusShare_b80f139eb646c88c380cf2504050a4f1,0.65861255,1,1.0
VirusShare_2b7137e3a42741e1145a65ad43a7f764,0.8530377,1,1.0
VirusShare_d67fb294caa349cb02f5de4bbc3904df,0.6660261,1,1.0
VirusShare_4fae6bff8759cd6af21406360590d986,0.6559912,1,1.0
VirusShare_38c9771b6c6e50ea48bf3fab43bbc684,0.65274084,1,1.0
VirusShare_8340e64a8879251781676c1247b9e527,0.5745956,1,1.0
VirusShare_132ad66647754c6872e2bd0717f13d4b,0.6618004,1,1.0
VirusShare_36774d55b3d4f68fbac093c7dfb2ec8b,0.505836,1,1.0
VirusShare_4532aa08cf7517075d71b0e69ea74b2d,0.5632785,1,1.0
VirusShare_dc36515664acde0e7fd952617a93c642,0.33543548,0,1.0
VirusShare_00a3a3d1be610bbccb9ee2e0ee6fecb0,0.33543548,0,1.0
VirusShare_78c5ffc4c5994728f673ebbdb593b652,0.5335862,1,1.0
VirusShare_d3391769ab9c907742e5efb39a786966,0.6579,1,1.0
VirusShare_3c05f694f01cfb46b6c250f88215aab4,0.6522886,1,1.0
VirusShare_de03ca49f22eec02f319e06e43ce36a4,0.7258099,1,1.0
VirusShare_e5db5e5bbb825242b0d75f1bc8697d8f,0.33357048,0,1.0
VirusShare_121f3b7a1ff1aca8159f5200a32909cc,0.33357048,0,1.0
VirusShare_09f3b84062af2d5fb5969b9e75210ebb,0.33357048,0,1.0
VirusShare_5b9805d7b48c07d06c115c68f6453126,0.33357048,0,1.0
VirusShare_00e6037d9b72cf61806c316c3b3cc04c,0.66066325,1,1.0
VirusShare_0fad47023f69958fd54f40e582933add,0.33543548,0,1.0
VirusShare_2a6bd8248c77c755443ff72beb8d7caf,0.65471524,1,1.0
VirusShare_fa8efb7d72e7d7a59ea4ea9c2144622a,0.65491015,1,1.0
VirusShare_285ba9484241711aa88415c31fadf5ff,0.3545655,0,1.0
VirusShare_6e6f8725a5de43a161e7fefc67f1011f,0.65989465,1,1.0
VirusShare_be30680b3e0654be16cbf3f88392ae97,0.6474226,1,1.0
VirusShare_6ba2221fbe1fe37629df4b6c7d150f1d,0.65975094,1,1.0
VirusShare_d09ef653d0d75d69291c01ee053adf69,0.39866978,0,1.0
VirusShare_5143db3f69543acd378cafbaa5785479,0.65801495,1,1.0
VirusShare_14f003431e38f55ca1f4d707bc487c46,0.65293866,1,1.0
VirusShare_4da0a4f64933ed7831bc5ebb1ef8e368,0.651505,1,1.0
VirusShare_b9810dd2e95b0d897e297bcb753370de,0.65505743,1,1.0
VirusShare_b3990a199222836cb9c372daf6c60a21,0.6512109,1,1.0
VirusShare_299b031b1157364f94ba758912c61c6b,0.651687,1,1.0
VirusShare_e7ff5b5ac60cd71c8a8ac4cefcc13dbc,0.654002,1,1.0
VirusShare_74ce7a94435710eb4e0447658f0c6eb5,0.65648687,1,1.0
VirusShare_71f060f2ee231827f7b95b240ca6e485,0.65108484,1,1.0
VirusShare_4493c7a1f4e044ceccce1962768e8b30,0.33357048,0,1.0
VirusShare_85b269f8fdf2887d98c5d398b2602f89,0.33357048,0,1.0
VirusShare_e3b8ef4954d8322511c94d2a63cae00e,0.33357048,0,1.0
VirusShare_4ace52067451935ebab5e0826ae22a85,0.33357048,0,1.0
VirusShare_4513e532f7701afe1cbcbff5506d07cf,0.33357048,0,1.0
VirusShare_e99afcbb149ba6dfbdd90c034b88fe73,0.33357048,0,1.0
VirusShare_53fc471291d39f619ab0a8742188ad78,0.33357048,0,1.0
VirusShare_4eb7a2a20d23c031017cc057941a30e2,0.6560322,1,1.0
VirusShare_9e81b098a2fb0de2870992b7c1565ed2,0.6507455,1,1.0
VirusShare_fc941bdd8fbc709a179cc442539152ae,0.654866,1,1.0
VirusShare_546b9c1a969a5ffef64ebcb6d3a463d3,0.33357048,0,1.0
VirusShare_88d7e4d97668f06068ec238fabc59d82,0.33357048,0,1.0
VirusShare_8057adb8189b063c0dbe1c261fda0b30,0.6566206,1,1.0
VirusShare_2f40f151ffcd176258c2e895eb6396e5,0.6612262,1,1.0
VirusShare_72e45b833ad8e1d8e3a6246b0af89bd2,0.64082223,1,1.0
VirusShare_e32c0864f0aa5d24b8e130d72faeb126,0.66187453,1,1.0
VirusShare_68adecaebe1dc18fd3ac2e0c7eea7198,0.33357048,0,1.0
VirusShare_677547f248102b6ca8fc667ba423e196,0.65372574,1,1.0
VirusShare_aad496a73eb39ab5ea3718f0c5ecb6cd,0.65699375,1,1.0
VirusShare_bb15a0584c58b9f78f4fc1a79e97bba6,0.6574253,1,1.0
VirusShare_26e09c3bf02fd24a2fc1fba03d3e6e81,0.65098464,1,1.0
VirusShare_665e744ec6c9007d8d5a14d9f746c172,0.6496914,1,1.0
VirusShare_203721fb52bc79d6631b81220a603db8,0.6533138,1,1.0
VirusShare_34f74a3dea9103a061d6e7ef69618eb2,0.6608943,1,1.0
VirusShare_00a69515e06d8e5f009567032396855d,0.65833527,1,1.0
VirusShare_d8456eda0ed1df356dd5d690fca11b3e,0.6553619,1,1.0
VirusShare_8a4d6c5f8d085a9091337b7fa9cf9059,0.66074836,1,1.0
VirusShare_6b0afe2aa6052a85e0a4176a9c15cb23,0.6532899,1,1.0
VirusShare_8fdc7f04668359719f238b1b06087975,0.6554921,1,1.0
VirusShare_97897f3e60f4dea4daf0835231d506dd,0.6539186,1,1.0
VirusShare_01568d0363a76ac549637827727ff337,0.6603788,1,1.0
VirusShare_b6b214f5e84990bf62d30b11508b656e,0.6502978,1,1.0
VirusShare_6f7bbfe6b37836d93357aeaca91f4547,0.6537279,1,1.0
VirusShare_968e2e3df77138323078f5377bf8fcb5,0.33357048,0,1.0
VirusShare_b2439166fdbaba24d2b8ac6878e46d81,0.65319633,1,1.0
VirusShare_0f7c89328db86655b4fa765f6007d26e,0.6572414,1,1.0
VirusShare_74dc8ff3e1818e4438e33a687901c0f9,0.33357048,0,1.0
VirusShare_6cb090d497e639138ab8e0a64acd6e45,0.6618718,1,1.0
VirusShare_a32e23a49e9c652a3278c88f9137664b,0.65716374,1,1.0
VirusShare_ec879c91065c57d573a65eb9817792ee,0.6529392,1,1.0
VirusShare_692da7c27c36212276d82def6f24a528,0.6561369,1,1.0
VirusShare_9ac1f1fb42eb5ece224e373b880fbf83,0.6566671,1,1.0
VirusShare_03a7ea4647bc87415d59116ea668d2ac,0.65090543,1,1.0
VirusShare_0d36d4a76af112acff27945fed5d239a,0.5671184,1,1.0
VirusShare_1406cde66e3bd809cbcd3aae62801532,0.65125364,1,1.0
VirusShare_970eaf25ff95e0b5723257606ae71244,0.65450305,1,1.0
VirusShare_413839d51aef205b1cfdc49ef0f8a2c7,0.654039,1,1.0
VirusShare_fed0198ab8ecbeb02da47b0065bb043b,0.6556239,1,1.0
VirusShare_ed0e75b6404cf33c6fc8153bbaeeb84b,0.6515497,1,1.0
VirusShare_4e5ba3b09db75b1f20a73d2553de62c5,0.6447368,1,1.0
VirusShare_174d721420e2a041bcee7e4a23388387,0.6497852,1,1.0
VirusShare_ba707e497c8e1f75cfbf14f1daead754,0.6580852,1,1.0
VirusShare_c11783ce39746d8b6dd69315809c5f9a,0.33357048,0,1.0
VirusShare_c7f80490fb31359ad9b3e1845eac8d09,0.33703274,0,1.0
VirusShare_5007f800fe6624e29552861b9b134d57,0.6585442,1,1.0
VirusShare_21889472081c6ff4601a61eaef052be9,0.33357048,0,1.0
VirusShare_dd301934a4e285bc341cf0db4ca5ab39,0.33357048,0,1.0
VirusShare_9516d985355718ad571b4c1e44ad340c,0.33703274,0,1.0
VirusShare_b6bc146e7e2f88afc9b81dc6cb4e4c54,0.39177316,0,1.0
VirusShare_41798fbcaae2ad0fca61c62f027aa522,0.63652503,1,1.0
VirusShare_e44afe6e4f04072fd8dcad393c553d75,0.6461741,1,1.0
VirusShare_512196f6d8f1a7b0468970b7f79d7582,0.33543548,0,1.0
VirusShare_0c742e19e9eacc21150dc156f6d001bd,0.6560092,1,1.0
VirusShare_f88c0216f408beebd9e1b748f1b6865f,0.658821,1,1.0
VirusShare_7e3972e83ae160b34c56d12e0a28f8bf,0.33066258,0,1.0
VirusShare_5330c7dd26ba3699958876dacc392839,0.6027255,1,1.0
VirusShare_603e94e9a4713fb4d8effb7652851161,0.65204364,1,1.0
VirusShare_b995c19a3357af152bf19754aeb879b2,0.6511681,1,1.0
VirusShare_0ab4acd64825a2b5740731197d9830c0,0.65462005,1,1.0
VirusShare_2346d7837e381cc745421213f5859a5e,0.64082223,1,1.0
VirusShare_345447348288998ade4edd9e6efb8aec,0.65636575,1,1.0
VirusShare_11e0c3ee5a5f98b305d8e5af7924da5f,0.6540117,1,1.0
VirusShare_7c10173091e9798fb16039e66b96f8d0,0.65218747,1,1.0
VirusShare_efe9ea059add50c80f3482f90111aa19,0.6574385,1,1.0
VirusShare_95bd0a42798e8199fce3321866e5976c,0.652485,1,1.0
VirusShare_e0e9ce4760c1156aac299b82b50c23a6,0.65370274,1,1.0
VirusShare_82fe62562fa25b9b7ccb2d3e17314b06,0.6571507,1,1.0
VirusShare_c927863b88a9d452908694f1e3f9e496,0.66816086,1,1.0
VirusShare_046725694a9803cf2ee3f27f8038f37b,0.65866804,1,1.0
VirusShare_c934165014109759630007ab6b760911,0.33066258,0,1.0
VirusShare_da6cf806d4edd0c42c0992085e1b0db4,0.65635216,1,1.0
VirusShare_441c098f9c2903f105fc8ca84c3fe422,0.651505,1,1.0
VirusShare_dec206d43a2f53691e0f337b8833484c,0.66350955,1,1.0
VirusShare_43d902cd2b5002930a2f2f3c0b9eef7f,0.6622673,1,1.0
VirusShare_eda7af242f73ac558197f6563732128b,0.655194,1,1.0
VirusShare_a00d90019e8a5ce3374f4e7d8b072d15,0.6623432,1,1.0
VirusShare_2d59a1c69d8aa5dc7f51004f85704377,0.65463436,1,1.0
VirusShare_4d08571832ea2a7765e4a8d688ac074d,0.65185016,1,1.0
VirusShare_6022b203353828b5cffa261afb90de57,0.65491015,1,1.0
VirusShare_c7b5730878ce3ce177d838b47d58afeb,0.64579386,1,1.0
VirusShare_e8dfd0d51ff4662da647466d687c232c,0.65700614,1,1.0
VirusShare_695a4902d5151baa4a8424f43c622f8b,0.6568488,1,1.0
VirusShare_5e0cfeb75461172895ac2435640781a3,0.65435946,1,1.0
VirusShare_38f6bfdc6741ddbf9f071dbc75a8ab78,0.33081684,0,1.0
VirusShare_23bbb16b7368550fc10522cd77fecada,0.33081684,0,1.0
VirusShare_f3d3d8a28af0de3ac83ccab1e80e7bc7,0.33066258,0,1.0
VirusShare_a321faa906868cd24bdf15c5784b4577,0.3833621,0,1.0
VirusShare_ca9c105162045856eda50f7fcbb7cc55,0.33081684,0,1.0
VirusShare_2053102ffb18c971ebe3e63d29c65323,0.33081684,0,1.0
VirusShare_6ecb9148ddc78390f6c6179014a2c9a0,0.29795727,0,1.0
VirusShare_4b85c125bf57a69bedad979a5469b29c,0.65909827,1,1.0
VirusShare_818c7715e068d8e4bb8f3847eff4dd6d,0.6355299,1,1.0
VirusShare_3ea5276bf4bf1a887d52698190954df1,0.6479973,1,1.0
VirusShare_b4d85a5cb7190b2cd755a5f3bedcec0a,0.65102935,1,1.0
VirusShare_5dea8dab584a49ca21e01359ba86821e,0.65674984,1,1.0
VirusShare_9594b21bd55393b3fa01bb5638ac6f52,0.66287905,1,1.0
VirusShare_de3bbd738ca44ea682095b799de0ecf5,0.6429664,1,1.0
VirusShare_279ac5802e54f4b5c571575f13b39861,0.6559586,1,1.0
VirusShare_4365b1440430ce8e8c78868333ef802a,0.6543953,1,1.0
VirusShare_9591b0818923aff98d4ac4e85d9a2b56,0.649556,1,1.0
VirusShare_14297a1e218fa73c5e83796fe231c352,0.65101254,1,1.0
VirusShare_7fd4a874587f0e8858c74beae3a47d82,0.65196115,1,1.0
VirusShare_599a6f3f66aa1d07f8175333ad80a39d,0.65176,1,1.0
VirusShare_2541f83f442a2eb55716002d4622d10d,0.64738023,1,1.0
VirusShare_531ff2f8650bc5ca2c17d2bdf5aa9db8,0.65780616,1,1.0
VirusShare_deebbd944c59fb2edc88bce8a174977d,0.3087419,0,1.0
VirusShare_984ca9fdbab86a442fcce7973824bb47,0.6279151,1,1.0
VirusShare_0a876f989c1ef0d1ab5316acabaaeb4b,0.66019523,1,1.0
VirusShare_445010c5775fcde74fcb5f3813e6f3a9,0.3087419,0,1.0
VirusShare_2aaef4bdf6b3a79ea36befa9d41a080d,0.6588019,1,1.0
VirusShare_6a0e26947ee8f853cef359f4aa236599,0.66463464,1,1.0
VirusShare_ffa13704a66750bcf4644e08b559257e,0.6579,1,1.0
VirusShare_d600beac1e021639e589dd8cc6e428eb,0.3087419,0,1.0
VirusShare_a506a41eb41c464f88486630f9abf0ae,0.8530377,1,1.0
VirusShare_aa9e8280fa5a9c959b1921ac1f4c4571,0.8530377,1,1.0
VirusShare_02a00ff898c76e82e9e1578ed54dcc71,0.66260046,1,1.0
VirusShare_2e5a89d9489c5cf152a989e12a4c494c,0.6546651,1,1.0
VirusShare_7136149af6b5c48097434c128e93dbf0,0.6573507,1,1.0
VirusShare_7af00ea546d9fba48d099ab2e9b1c901,0.6590828,1,1.0
VirusShare_a0539491f33bfc006cdc82f2b8c0ee5f,0.33357048,0,1.0
VirusShare_1d7f78c8c41e76ee547addf6a36d69bc,0.65353423,1,1.0
VirusShare_3ff30348208dde422717c106d857758c,0.6552006,1,1.0
VirusShare_23dd65974cf798b54fe5ecf80a9d4c39,0.3087419,0,1.0
VirusShare_583e175f28bc94a98ba68cd0f15e83ae,0.33357048,0,1.0
VirusShare_83bfa757dd58c7354fb162b53f663f0a,0.3087419,0,1.0
VirusShare_7a191548ffd117be5c0fcbf6edf2aa23,0.6555487,1,1.0
VirusShare_2f6e27ad42911ba0c2ca185c2ce3535c,0.8530377,1,1.0
VirusShare_2bcaa152ab4c4f39af5541fc541d177c,0.65722543,1,1.0
VirusShare_4048636f5030875ee1851545d86a1bf0,0.3087419,0,1.0
VirusShare_474f0295453659b5939bc851322edf20,0.65647805,1,1.0
VirusShare_723dbebda05f18a44db779e1bfdb5db6,0.3087419,0,1.0
VirusShare_11d7025c91c79c4070e6d198a1f201b7,0.65913,1,1.0
VirusShare_7a59debdabf88d67201909a748524e0c,0.659052,1,1.0
VirusShare_b723987766f695f58b3c97585b3f9889,0.66308427,1,1.0
VirusShare_159a2f7464f60cf5cd322b74b1907b7d,0.6390607,1,1.0
VirusShare_95c7f398b06a58516a3ee25cde58a038,0.65521896,1,1.0
VirusShare_9bd50dbc6cd7a57d09b7ec11134f7f5b,0.6542013,1,1.0
VirusShare_5044ded98d628e238d1e1ca859b7a861,0.6532858,1,1.0
VirusShare_3aa1889243b29dbcca02ac64237ef5df,0.65682197,1,1.0
VirusShare_f68d57b64cc79ae722adc5809e06461f,0.6608988,1,1.0
VirusShare_5956fe871351bb0abb356c5841ae0d3b,0.65316534,1,1.0
VirusShare_eac612a9d1cbfb963243a39e62b1c02d,0.62506354,1,1.0
VirusShare_3c1af2a80d80a9151c5868f0599296e0,0.65700907,1,1.0
VirusShare_60ecd3d3bff4413485614145ed4b2e8c,0.65194523,1,1.0
VirusShare_af711316afd3a6b35619b6250979360b,0.6506997,1,1.0
VirusShare_92c8e39e9a6bb729007060212a35f26f,0.64522254,1,1.0
VirusShare_a8f4e75b5cad95c85e392d0bcb5b7216,0.65466505,1,1.0
VirusShare_db9428297d55effd92c308fe35d7446c,0.66152793,1,1.0
VirusShare_94e7b76735fe248cfeecf61487bc51a4,0.6414914,1,1.0
VirusShare_6b976fa9af5d1df129d07a7c2d87e27c,0.65746254,1,1.0
VirusShare_386d348d3e31e7bbdff3aee59771c8d1,0.65521,1,1.0
VirusShare_b6b2595e2fcaf1ac2a6dadde608d2fe2,0.6544622,1,1.0
VirusShare_1706a56944f985c0a6957193cfd56ae2,0.3087419,0,1.0
VirusShare_ef7a87e5e19c621e141bde5eb4ab8e7f,0.33357048,0,1.0
VirusShare_89e3c2f8356295b60460eff9511785df,0.6338403,1,1.0
VirusShare_3bbda893f961c8d32fa22b2e58ab2a7b,0.33357048,0,1.0
VirusShare_d13638e70c500d13fe0c4998505e20f7,0.3087419,0,1.0
VirusShare_da3929f7d2011bb706b360f120b6cea0,0.3087419,0,1.0
VirusShare_ab8bd5cb64a8bffdc2a4d770ad9dda58,0.65599453,1,1.0
VirusShare_547d1972849c35d7d2bdbb6082abcc3d,0.6570854,1,1.0
VirusShare_88e7c822fa1051b6f1b438954f8734a7,0.65397424,1,1.0
VirusShare_5d4e0b492c07b5a34856c3e39bd91bde,0.6539823,1,1.0
VirusShare_26622874259ef76f8efe1b6fadcbc237,0.63931644,1,1.0
VirusShare_079547c9b19a8048cb71b7535acb16a8,0.65390795,1,1.0
VirusShare_07cd03c458035787bf50189fb38f43a8,0.6481639,1,1.0
VirusShare_90e98385c1f38ac6f98c8e366708456b,0.64750767,1,1.0
VirusShare_1a795d20dc49624e72ca227e462ba965,0.65941745,1,1.0
VirusShare_c1f4c2114f72faf4cf006897ed1f51e1,0.6540117,1,1.0
VirusShare_c8f85fb9874d618e0f13c6f4bea63e04,0.33543548,0,1.0
VirusShare_1b4536abf90379fa8d634d58d8e81e3a,0.6570902,1,1.0
VirusShare_0cb10394e89df13dd397e2c9cc468f99,0.6517731,1,1.0
VirusShare_22bfb9f769492315598b9766c786a9db,0.6501631,1,1.0
VirusShare_f9e6f0266f414b799d2aa76a9ebe27d2,0.6571597,1,1.0
VirusShare_3ed4164903f94ed4905e7396a17ef371,0.6502486,1,1.0
VirusShare_105a51c8478c812b60a7734932e951c2,0.3087419,0,1.0
VirusShare_e8cb4b36ef333730e4637e6a3e7dfe26,0.65357786,1,1.0
VirusShare_0fb2503313df47571048c9ed0f7cae5d,0.6599134,1,1.0
VirusShare_779b8b79300285069ec0b83244cfd957,0.6528381,1,1.0
VirusShare_acd53ede7fa369984fa54f897bb754d2,0.6540117,1,1.0
VirusShare_1c8f004091b13f8bbeac317db9e54279,0.66353154,1,1.0
VirusShare_54f006e47ce4a35de5bb50d5fa5ee7b7,0.6580852,1,1.0
VirusShare_26bb5502a2a937515ad8cb09280043b3,0.65594023,1,1.0
VirusShare_6ba9bc85f1b0f136985aa33880d469d5,0.34789094,0,1.0
VirusShare_14d150843722630bc9222108a89db87f,0.3087419,0,1.0
VirusShare_823384eeb305a317fd8d362a9204d4af,0.3087419,0,1.0
VirusShare_f7a683f3e5742422e1515437e2e81c2d,0.3087419,0,1.0
VirusShare_e1d6b0c8afe286b925fd471cffdc78fb,0.66053563,1,1.0
VirusShare_6a0100ce740410d699d783d3f754cb76,0.656046,1,1.0
VirusShare_e5b765417b87680f0be5ae7c3c380024,0.6524279,1,1.0
VirusShare_3ee3893303e44033c9d377bcfba6473d,0.6453825,1,1.0
VirusShare_b3846e1c942c61aa03afeaa31e0819c2,0.6542462,1,1.0
VirusShare_87e9a376a2a3e01b6a87f3ed169df616,0.65554875,1,1.0
VirusShare_3bbb72edf251a771f53c202d5e39f81e,0.33357048,0,1.0
VirusShare_63b480e95997a1175da8ae68ea2dd1a3,0.667225,1,1.0
VirusShare_0ef63c5d3b023568811480b20ed07f78,0.6580658,1,1.0
VirusShare_58c8b9e8d891ee5527394759dc0f33f5,0.33357048,0,1.0
VirusShare_566285f0bda34708c0f19e42f6d23929,0.33357048,0,1.0
VirusShare_4761fb6bddda54259ad0712055ba2814,0.33357048,0,1.0
VirusShare_7dbb03010a7864ed3afc90d860ab47a0,0.33357048,0,1.0
VirusShare_186faad12e3db64846a38a7a3cff0db9,0.65688586,1,1.0
VirusShare_576fd636a67620f659178c5fce823c75,0.65262735,1,1.0
VirusShare_46b4032b0e92970d95485b970466dc1b,0.65427315,1,1.0
VirusShare_4282f52d997d8e9a6a900d838fe1d4db,0.5876668,1,1.0
VirusShare_ffd03439c7a0f0e75498cfca3bda641b,0.6593547,1,1.0
VirusShare_dab095d469cb50190709e2b2451bba57,0.6516658,1,1.0
VirusShare_427f295328220f53e8822be7add84c56,0.26422915,0,1.0
VirusShare_3e26aacee336253cc1ad7744bf5c6dd0,0.64478576,1,1.0
VirusShare_4fffbf193922790599ac9a6a4fbd54ee,0.6558146,1,1.0
VirusShare_7bd101acb8b74acb577d55b253d3e3ca,0.3087419,0,1.0
VirusShare_2de3b0a51994ede1a0fe12d9d7a98ab1,0.65695626,1,1.0
VirusShare_9ed097c39c7cc6e82f5dc72d45952175,0.66227186,1,1.0
VirusShare_d5ccbb6457d72b35dd4d279aab9fad6d,0.64792526,1,1.0
VirusShare_084710fe343bc5c234a540c8488f63d2,0.3087419,0,1.0
VirusShare_d1536a3610f9fcaff434154e76acf2be,0.26422915,0,1.0
VirusShare_beeeb87dd7ec241210dcd79927301f3a,0.3087419,0,1.0
VirusShare_067afc987ab0d8f5b72edd1f6360c35b,0.64853317,1,1.0
VirusShare_1235dfd18d0f6df36733b1143d1cc330,0.6491524,1,1.0
VirusShare_6d4177d16c9ab7dad39ee62eb44ae099,0.6392424,1,1.0
VirusShare_77b5cd224a2029183eb557eb972b9946,0.65337723,1,1.0
VirusShare_5a64651f661902933129ef2ea6a8ad8f,0.65702325,1,1.0
VirusShare_641a12da7c59af06ada3e65aa906946d,0.64654607,1,1.0
VirusShare_db597791854959a1a1668cd5e9b7b156,0.6617868,1,1.0
VirusShare_516efec6e9412817ed5632f7c08a538c,0.65483654,1,1.0
VirusShare_33b49a77a7fdbacd2c1560b7be38af4e,0.6590828,1,1.0
VirusShare_55097d530ba4078c953341905e8078f5,0.65293676,1,1.0
VirusShare_014ca0eae0fdf83ffb6c21bb44ffbba6,0.6549462,1,1.0
VirusShare_eb1fc916c2bc6c93d8f8ba9558546f18,0.64988244,1,1.0
VirusShare_f30e5b73b3bc78648e6045c3e7f11341,0.65472174,1,1.0
VirusShare_b42378e854dcfd7b645a1ac6c845d315,0.6574385,1,1.0
VirusShare_389be25f98232c1d793ad9cab610adc7,0.650561,1,1.0
VirusShare_bf8f02a4c47c793000b217ed9a941c7f,0.64664495,1,1.0
VirusShare_11d3c84460b6d5ed98003b4d986843f3,0.66208833,1,1.0
VirusShare_09a73191cb32bd97de2f4da44e78342c,0.6628208,1,1.0
VirusShare_3a3390fceb92594bbeaf80e87499f81c,0.6490348,1,1.0
VirusShare_18f4e0571f0e9146dad62aaf35dc931c,0.26422915,0,1.0
VirusShare_2bc020a7dec3247c9bd5c5edb767ec36,0.64898396,1,1.0
VirusShare_3f3cd74fe365557b4a289b106f16f130,0.66186595,1,1.0
VirusShare_7152624a72f18aaa54b9685f8a34d54f,0.6483865,1,1.0
VirusShare_460f63363730acaaee2057572747262a,0.6572414,1,1.0
VirusShare_81abb5c5ed024e726346688e1fcce870,0.3087419,0,1.0
VirusShare_c164ad770c6552c8d2e68ecf4bf1ef85,0.3087419,0,1.0
VirusShare_d20e6930957cd6294e8d600ae7f9f45d,0.6586317,1,1.0
VirusShare_3a6157444c0ef08793b1950d2d7b6d2c,0.33357048,0,1.0
VirusShare_3d0aa9dbb08c327b3fe58a61a32a75a9,0.65903986,1,1.0
VirusShare_3e6ab0cac685b6243ca3c788790f5a34,0.65924996,1,1.0
VirusShare_6c2fb4af9abb9280b536af68f542d2b8,0.6533711,1,1.0
VirusShare_b4c83f483c7b32aba6ad2d60d53c8387,0.6572915,1,1.0
VirusShare_574c812b88ad54d95a8346f8771e7010,0.6543579,1,1.0
VirusShare_5380087a991f725083d306a6cc373bd8,0.6623101,1,1.0
VirusShare_1c19c7a4098cb1d6c4d1a5f4713c3d35,0.6561254,1,1.0
VirusShare_6f0b353375930383690b48d0a6f44b8a,0.65711445,1,1.0
VirusShare_c723351cbfee861c2051aba9d1ab0a9d,0.65944874,1,1.0
VirusShare_9747388fd0201ffefe124c383146b75a,0.6560098,1,1.0
VirusShare_31bd608590841907e253e4d2cb8eac96,0.6475676,1,1.0
VirusShare_6873201ca57e0128da5b5401410a3196,0.43868494,0,1.0
VirusShare_9c43092dc80a1bf6b6ce9b6c16dbb551,0.65475935,1,1.0
VirusShare_e34b53cdf329b33e28a67871e6d3f656,0.3087419,0,1.0
VirusShare_e20a504be1c816ab449d2ee72104ffdc,0.458212,0,1.0
VirusShare_53f64736433e8d132dcf0c39351c018b,0.6541628,1,1.0
VirusShare_9c84cd8b3fe765bc4b5ab8e0a7887e34,0.6546141,1,1.0
VirusShare_63ce8c99e751fdfc47832b5cf00867f1,0.6541628,1,1.0
VirusShare_569a87e9e5b7a5072ea47457eae53da9,0.6608943,1,1.0
VirusShare_cbae0752a2fd7645457290e1a0995430,0.6597505,1,1.0
VirusShare_c49fa13ef707247fbb3628a264631257,0.66008645,1,1.0
VirusShare_f106dbcc4eabe0e37ae0a8023e4eaa04,0.6536516,1,1.0
VirusShare_18a8ea6d0ef4db0286c2806542a79705,0.6626331,1,1.0
VirusShare_9103c44aa06a9d3d86a63e4733d70b4d,0.6486915,1,1.0
VirusShare_1e8b6db7fe01d3c6536dc85f3a1f7f7e,0.64147484,1,1.0
VirusShare_10794aa6fe75c7a1ffc19771b90780ba,0.65459883,1,1.0
VirusShare_71a405f80b94353b19123d0fa7369e1d,0.26422915,0,1.0
VirusShare_f9f3833155f3453d927e80aed5e7c903,0.66434926,1,1.0
VirusShare_018d2ca855e0d471fc605c39e4612605,0.65480256,1,1.0
VirusShare_40615426abea0a5eaea06c21c8774141,0.6476513,1,1.0
VirusShare_8831ede0739742ecf8e7cec8d21e9269,0.65594035,1,1.0
VirusShare_ff3c9128819f6781453ebf11addd0a52,0.6557849,1,1.0
VirusShare_5b86fcaf5ab130c47731cc168a2ca852,0.4150618,0,1.0
VirusShare_88d2bdf5cfaa08a0ba1013937bec828d,0.4410432,0,1.0
VirusShare_8a357646914df95fc52940a046e4012d,0.41583118,0,1.0
VirusShare_523645946b76317e6da022db39e2878f,0.65118754,1,1.0
VirusShare_010d825ab9b1b5d7e5bbe63f1649c891,0.6561316,1,1.0
VirusShare_a0da142b7db7d100ebfb7fc23cc4e46b,0.65900534,1,1.0
VirusShare_40b8e1460536283a6765179c4894e129,0.3682553,0,1.0
VirusShare_fdb015cf956f9d1c7885556069def94a,0.6557849,1,1.0
VirusShare_a7bb182c97ed91012fade27e2d05b3ec,0.6238779,1,1.0
VirusShare_04d211625088ef6fd911ab9ab697c1f4,0.65041256,1,1.0
VirusShare_c46a22e6f48fd54633c5e5da749c0019,0.66419774,1,1.0
VirusShare_1a2ad0b873c3027d34c4593dd00bf716,0.6592989,1,1.0
VirusShare_3fd403f2354dd6775dabb1309cd2e247,0.6499959,1,1.0
VirusShare_f35d6dd058233e9e504e52500dbe94e3,0.41584578,0,1.0
VirusShare_ae76b4da378139230a31705dbfec1d30,0.6543579,1,1.0
VirusShare_d7e29453b56946c5645933bd22f2bed8,0.65845037,1,1.0
VirusShare_4dfe0264fef6df7449000083b64bfa8c,0.64507943,1,1.0
VirusShare_a23e4732f6b0150e48629553af6190f9,0.6456681,1,1.0
VirusShare_35c83d5222bdb8fb5dd4519bac429373,0.661561,1,1.0
VirusShare_38b9464cf2285a3e0035762599bb333f,0.65805465,1,1.0
VirusShare_9e8ffac7cca8de319a995d14ffc13c94,0.6485711,1,1.0
VirusShare_31afb64ef45b5ee35faad770764b5424,0.65024406,1,1.0
VirusShare_d1916ca12807b770ca7c0c95ca4e4451,0.6531215,1,1.0
VirusShare_17527a27ac01ff27431650d623daa275,0.65879035,1,1.0
VirusShare_457665ff06909567211041ceebed5f85,0.6540891,1,1.0
VirusShare_beaa63f1e3e869e00ceeade1e380ee35,0.6560992,1,1.0
VirusShare_fa1d0f5b1954676613d7bb2ec23d1773,0.657196,1,1.0
VirusShare_ee07375527a1776d705d7d3b556a455d,0.658069,1,1.0
VirusShare_92706819e8234240c3dab0e4ffe5f14e,0.6540233,1,1.0
VirusShare_1abbd84b18b08321fbca2968c43c46f4,0.654305,1,1.0
VirusShare_4e4975b963deb59e6d6b535d0928f84e,0.6530641,1,1.0
VirusShare_1a655be5ebc080fe6752cd1b342884e6,0.65618604,1,1.0
VirusShare_7fdd4fa3aeef0fa5dccd0a03e89ea3d6,0.65222657,1,1.0
VirusShare_132b4b52d9f09821a61a5f2fddbcb379,0.6499638,1,1.0
VirusShare_49d9b740fb6fa1c2efe84976f274fcc2,0.657326,1,1.0
VirusShare_ddc0c4af5d5f17ba965b99cf7d6cc4b6,0.65722835,1,1.0
VirusShare_1745db6a5624b9e2d19df5edb2d5c5b2,0.65624493,1,1.0
VirusShare_09e571be3195c8f8819dcb8a41104923,0.7244876,1,1.0
VirusShare_6115839524a6c3a7f0026317474965dd,0.6521421,1,1.0
VirusShare_c74360ab09cdbf9009f416860a15f9e5,0.66027844,1,1.0
VirusShare_f49f7ec64f05babfa4d31908909b69a8,0.65832675,1,1.0
VirusShare_0836861644a3d937a880582c32611ad6,0.6560014,1,1.0
VirusShare_92fe9816ce2e1c7abf1c84dd6e1771d5,0.65618604,1,1.0
VirusShare_8945215bf8e684a72401c68619e7e910,0.65819985,1,1.0
VirusShare_fe95a9b8c42e568ccdb35f21d81b6742,0.6476859,1,1.0
VirusShare_8e4bbc367cfbe0130b1f1cffb9015fa3,0.6511725,1,1.0
VirusShare_dbb885c1e5af93aba6ec1f78f1caaad9,0.65208864,1,1.0
VirusShare_91eddc0dec922b7351a85ff43444b8f1,0.6474226,1,1.0
VirusShare_9eb46d6b44943171f0e1242f1512a498,0.6552074,1,1.0
VirusShare_7a9f668f0145a03fbf4d8b87f6288c4e,0.65472174,1,1.0
VirusShare_846119ca1f8dc71f54c900dea2486f40,0.65521,1,1.0
VirusShare_0b111f9a8bec2a04ffebdbd02e3accc3,0.65491074,1,1.0
VirusShare_945de24af0250e784c603691aeb316f2,0.6461288,1,1.0
VirusShare_d4dd84b07d018cab28a41c552a60755f,0.6507374,1,1.0
VirusShare_6c5e1a265347b0ac5f8271e6237e2fa4,0.65926963,1,1.0
VirusShare_9aba4e659ba26e85de30d4e33c8fabc1,0.6536305,1,1.0
VirusShare_ca008c9a57b89bb13616d682bfb8a87c,0.6572968,1,1.0
VirusShare_cbc9396e7d58c885f391b0a6a6acd4b4,0.6646012,1,1.0
VirusShare_231e1940ef2dfd7aff846764b0019e3b,0.6540117,1,1.0
VirusShare_884d9c98ba791fce01a73dd274473baf,0.6631594,1,1.0
VirusShare_12dc371966cbc6719c8e9acdf56b61ec,0.6443846,1,1.0
VirusShare_a557ac6097b94688362420cf0bd737f1,0.43839064,0,1.0
VirusShare_24ba94ac30428b051fd47e86aa3dd1d0,0.66321695,1,1.0
VirusShare_a6a5e7122a3f33d83ef620b8a7f822e0,0.65746254,1,1.0
VirusShare_d72bb0cf0668bbee1c1e413a4ac6d501,0.6598919,1,1.0
VirusShare_f12306d2d21f77e1491927e514936c87,0.66011536,1,1.0
VirusShare_496f8856913d3c28fc6b1827c8838d57,0.65275294,1,1.0
VirusShare_ec18b2d405ed557303064545bb890ce2,0.6576017,1,1.0
VirusShare_bc56141016c42267b9507b8d38fb12be,0.65958995,1,1.0
VirusShare_ceb632019a01346af0a5bce506c9316f,0.6499959,1,1.0
VirusShare_26d9969da568dea0ea6d9d6092dc9f85,0.8530377,1,1.0
VirusShare_a4572db24931f2539bfb7558fa5c970e,0.6554004,1,1.0
VirusShare_e4e08b549780c87bef29fc217018c5de,0.65637034,1,1.0
VirusShare_dd89e2d9e0738b491a0aa4c5f04bf677,0.65218747,1,1.0
VirusShare_6cf662c8f32f0aa2e36e17435bb5e610,0.6543953,1,1.0
VirusShare_64d559a1963a306b4be51a5c74c65875,0.65476334,1,1.0
VirusShare_5caeb89833fc84e822233e2f6a7a30b5,0.654866,1,1.0
VirusShare_ad38c350bdfe75d1f8778b9242569863,0.6516601,1,1.0
VirusShare_5bc5e6aeccadac353b88aee68de138f6,0.65864885,1,1.0
VirusShare_55d1a5e1e49b7b98a2b7e80c205f57a9,0.6521295,1,1.0
VirusShare_403a3f095167ba34ddd177f99db0b1b5,0.6521505,1,1.0
VirusShare_b67bedb56ac087cd91f750cd3883ba3b,0.6570629,1,1.0
VirusShare_83ff7dea2a9a27583eefe870377d0d86,0.6480316,1,1.0
VirusShare_0df83163806a79137a75cb6adef4557b,0.6668066,1,1.0
VirusShare_17d5efb426f02b884f5c6b425aaf3e30,0.66002566,1,1.0
VirusShare_d18bf5acfe94cc7bb6c0826a2c61a909,0.6516689,1,1.0
VirusShare_fe8fcdcca862816fd7444785ed47da55,0.6590828,1,1.0
VirusShare_078dc605c5eb5df44d1105f51060ea9f,0.65695727,1,1.0
VirusShare_4cb380f10d27e9b5ba3c8cc7b121cfc9,0.18364629,0,1.0
VirusShare_e20b3b22077834a1873014cffa23ed9f,0.6552758,1,1.0
VirusShare_3d379ba6cb13fe26332c4c96529159fb,0.6521019,1,1.0
VirusShare_0a433af5e8c9615fdc2c5ea3072b745a,0.65940994,1,1.0
VirusShare_688f2bd1b964032241a4ba0d1615b1b9,0.18248579,0,1.0
VirusShare_4b9403ced9d3186c8bbdfb99150d0e49,0.6536035,1,1.0
VirusShare_08570db546052079ecfbd633e0370474,0.65435946,1,1.0
VirusShare_aa127d093991fd121acda58770f65cd8,0.655649,1,1.0
VirusShare_a5c6ba153a2f4870c55448a21df1b84e,0.65853006,1,1.0
VirusShare_afa5bb46c4638a64213e2d9320bc4355,0.6550749,1,1.0
VirusShare_6932175ddc07b804d2a7ff1448a8e7f0,0.65822685,1,1.0
VirusShare_286bbf470c2575d73540ef8a341837af,0.65792876,1,1.0
VirusShare_0e7071fea54698f22de28bf334280050,0.65722,1,1.0
VirusShare_5513a3c50d3c77bb8bfd3d0e402dbebb,0.6583146,1,1.0
VirusShare_4b3df686b36279c3d110585ce8a4927b,0.6595138,1,1.0
VirusShare_65a28e1fb8d0aca49a53d7f5c6febfb6,0.6635129,1,1.0
VirusShare_047c1aa32c52768511d6e73e69b32442,0.6652517,1,1.0
VirusShare_693ed8b94f18128491e0d9d005cb9ab1,0.65095615,1,1.0
VirusShare_1727929585238c7d00d401e3311f1360,0.65993804,1,1.0
VirusShare_e69d8fec9c3935272aae958709857553,0.6563994,1,1.0
VirusShare_308d1e211c4942f5238d6ae9de471c1c,0.645275,1,1.0
VirusShare_31d68feae6cb650d5f7657a8575d870e,0.6583093,1,1.0
VirusShare_1d61790bf5130b905abcad46308956ef,0.18364629,0,1.0
VirusShare_5f33edaf459b9ac3ec48b73f7cc6ae2f,0.6573507,1,1.0
VirusShare_bfd56cf2a5826938869428acfc6cc86d,0.6546012,1,1.0
VirusShare_8ddef028cf4442af6e5c36b3ae3a990c,0.6531521,1,1.0
VirusShare_7ddf1254ffefddc6535bd20a7b8dd66b,0.6599766,1,1.0
VirusShare_0b3ac75ab9a42d3a320551c2943eae08,0.6581571,1,1.0
VirusShare_0a0ca854ffbfaf579dff8a218ddf3dbb,0.64906245,1,1.0
VirusShare_d812a0dbcbc15afaad085eb9e11323b0,0.65485007,1,1.0
VirusShare_619b125fc00a15f767343c4203c4c3d6,0.6496914,1,1.0
VirusShare_80fa6560762e8add84d5db3d66b4d78b,0.6665417,1,1.0
VirusShare_7fdd7bfa40c33f187706044d9b879640,0.6507455,1,1.0
VirusShare_27a912fff97bba268e2b38031b1ffa38,0.65958995,1,1.0
VirusShare_58945e889e3f288cd7380eb81783de74,0.6527938,1,1.0
VirusShare_e167e5355fe290f027ae8de0a7cb27e8,0.6575576,1,1.0
VirusShare_d1bde05c2eb61ead2836598e09e5b5cf,0.65222394,1,1.0
VirusShare_64952c91dd61e3e38788a604fcadd96d,0.3537224,0,1.0
VirusShare_4a65fadb2dbf69aa6e4a34bf773efa47,0.66341496,1,1.0
VirusShare_ea306451bb2de0f475733d61b4ab9edb,0.6597248,1,1.0
VirusShare_44861b79aaebe1e3674f5164294aaa46,0.655908,1,1.0
VirusShare_b263fa0769dba0c8ab5d0200dd0aff97,0.6484386,1,1.0
VirusShare_c3f249742c358bea3e45d5755a8ca7d1,0.65527403,1,1.0
VirusShare_4ba8051159a1a6f7b2417fcc646e495f,0.64650327,1,1.0
VirusShare_f3fd7092c552f91daf64b43e7dc828b5,0.6605498,1,1.0
VirusShare_fe4ea628e440d3c4b7b5c9f263b9ccef,0.6519543,1,1.0
VirusShare_ab8fe3046d27dc48d79f318bd8698845,0.66350955,1,1.0
VirusShare_62940ba22b8548f6953a24d23072f653,0.6580312,1,1.0
VirusShare_34f9d512909b10e8dd513a444f8545f8,0.65505743,1,1.0
VirusShare_91aac261cf653ae4cc76ea5548d3fd6e,0.65653104,1,1.0
VirusShare_693c49d0d58ea98ba26a31d5a1158d0c,0.6571728,1,1.0
VirusShare_4205cc39ecb0c6e09c83d73045ba7813,0.6472191,1,1.0
VirusShare_12930c135e94e957bfcb8ea8a770af46,0.66188526,1,1.0
VirusShare_4d290abad26c7469b3d0b2a0da2f6bb0,0.6403049,1,1.0
VirusShare_1740a043f9217d570e8094a1ef12099f,0.65536684,1,1.0
VirusShare_5e6b2f5403dee83c170c3607c90f4308,0.6521224,1,1.0
VirusShare_b8e06e21aa5c96726255eb776da8c3b9,0.26971513,0,1.0
VirusShare_5e1590c3b77079690ec64edc20c42efc,0.6489069,1,1.0
VirusShare_76349ecd45c74aefae295cdea9a30b8e,0.6501404,1,1.0
VirusShare_ac910d0eddf65c7d393d31ca04aabc82,0.65721005,1,1.0
VirusShare_a5d86fb8311a3a3e9a3a4de37c87256d,0.42757425,0,1.0
VirusShare_9ac31901a605d498cf954a99b13aaed1,0.6578099,1,1.0
VirusShare_be38e84a9770c2ead7ea003d5794cdf1,0.6542919,1,1.0
VirusShare_2ffa65bd1f9f356da12e0ae3c6764026,0.6537279,1,1.0
VirusShare_2fad18307ebfd622cb2f3f5231a05a0d,0.6531471,1,1.0
VirusShare_6e53941032a0ce82eae1939e5759c0af,0.26971513,0,1.0
VirusShare_2f5abc43ef57c6d50fcf75113f77550c,0.6546043,1,1.0
VirusShare_0371acf7bb489a09ade430954b2b8511,0.6563638,1,1.0
VirusShare_effafb4dfc74944408864b88bf99ffcd,0.65382314,1,1.0
VirusShare_c1898477b83a527c36f9a76a2d3afa59,0.65315956,1,1.0
VirusShare_603fb81e4a7cd3499e945416a139674f,0.71824723,1,1.0
VirusShare_15f3a27a0fcad288719c6b47b1ac00a0,0.6543964,1,1.0
VirusShare_74361f26d4f9fe1261de912e0af9759a,0.6552074,1,1.0
VirusShare_cca976f7463c4e40e6e640bf4c4aff3a,0.65098464,1,1.0
VirusShare_e7eb2bfd4072c841dfed9cc52435b520,0.6578099,1,1.0
VirusShare_222866c859c1cff9cb4ddaa1ac17e435,0.6574567,1,1.0
VirusShare_2c101650ab8f5118c2bb181e8aac119b,0.6612345,1,1.0
VirusShare_6b0fc9b5af7d46c2451f88ac3f46ca48,0.65371776,1,1.0
VirusShare_0ccd5c4866db63c81309c3222a389925,0.6558405,1,1.0
VirusShare_8eea701f1035fbdd25a7a35da2fbfefd,0.6564156,1,1.0
VirusShare_0743572830e85e387a3472c256bc6fbf,0.6504971,1,1.0
VirusShare_fc0c5e2ae76dd6ff0221c4d9ec7bf01f,0.6489297,1,1.0
VirusShare_eb34cbebccab71125c5b17ae25640c78,0.6503202,1,1.0
VirusShare_d84997792e4527f285b1efd904c9b846,0.6507455,1,1.0
VirusShare_573cafffed63d009c5ffff4875cd8038,0.65320367,1,1.0
VirusShare_b79340989384aaa575160f7c591e4379,0.6573547,1,1.0
VirusShare_68c5801a648c472f797ccc63f2539a28,0.26971513,0,1.0
VirusShare_c8f10009c78c6378d43d1878372d41e5,0.26971513,0,1.0
VirusShare_71f5840c06814d1a7e2a698c162f955a,0.18364629,0,1.0
VirusShare_847ed5e7c9f220c2c672cde488b1199d,0.6420484,1,1.0
VirusShare_dc59b3db1004366448d895f670a9f0b2,0.26971513,0,1.0
VirusShare_d4caf61154b1d784bc954e88d05a613c,0.65495104,1,1.0
VirusShare_023ba631fbbb8e83ea5708c0111878bd,0.26971513,0,1.0
VirusShare_70b8b7b464f127f8a9e359421e06595f,0.6503202,1,1.0
VirusShare_5d943381958add40b549d6a3c22299d8,0.6549567,1,1.0
VirusShare_60bb19e1286f7f84f05d56921c70a613,0.65490687,1,1.0
VirusShare_40283d547a8a11f3a646c7ebd1ee4965,0.6522111,1,1.0
VirusShare_0a62340c400a541cff772fb9efabb39b,0.6533587,1,1.0
VirusShare_ee7bf9375e464c7f6772efb32cc61754,0.65617305,1,1.0
VirusShare_8b4308ce7febe6774bd83790d114c5e4,0.64927006,1,1.0
VirusShare_8fb2fe2dfdd333325595e7e774ffdec2,0.6537076,1,1.0
VirusShare_d8b41e449582db8cbf9ad40b2887d739,0.6534363,1,1.0
VirusShare_b11c5b1e7446dd3f2675612b2d956357,0.26971513,0,1.0
VirusShare_6c63df31f5d1bac10b443b6b98ed6d09,0.6566118,1,1.0
VirusShare_047276c84cb5571f29f9fd0889cf2cd2,0.6579,1,1.0
VirusShare_c658232e8ad610e5b4de9f806fbc5ad9,0.6579511,1,1.0
VirusShare_0e17d30301c548bdb49b4528c6bc49e1,0.6557849,1,1.0
VirusShare_b0e88ac9e900a1fffa3bf9932ac8ece4,0.65738374,1,1.0
VirusShare_56efd409ada0b90260c288c62b66f2ca,0.6572461,1,1.0
VirusShare_32e9d14b1f67e6c0279a8ace361537ed,0.65695375,1,1.0
VirusShare_386c16b1ba743a8dbd48bc745e81cef1,0.6587422,1,1.0
VirusShare_b1cfae8ca0a230d72fc591b2fd3acf89,0.6599983,1,1.0
VirusShare_ad8b9e239440e0a315d8d5fa8ed2bf09,0.65538603,1,1.0
VirusShare_8f926173924c1bb888f156ca35efcd82,0.6608943,1,1.0
VirusShare_4ef5a8b3489d0fb612f55276b6f557e4,0.6589677,1,1.0
VirusShare_e8f08ea3c3a857df09a193931b0ea513,0.65023005,1,1.0
VirusShare_0b88160b6410db3c81be9918e11d504a,0.6533858,1,1.0
VirusShare_158da35414394d54aab7c687aff0dc32,0.6499638,1,1.0
VirusShare_39ba8f2ce6702d8dc9f15ec9a1a0ae41,0.6592496,1,1.0
VirusShare_f42f8b691dc788e110c96a5b59293c1b,0.66087264,1,1.0
VirusShare_ffee8880908c81283e5f799ad3e22ec3,0.656734,1,1.0
VirusShare_14b953e6215b2043842b1c926d4bc035,0.6566992,1,1.0
VirusShare_0e1efd7f192b215bef9ef804ec04d6be,0.65008515,1,1.0
VirusShare_b1f8643c6223097f9c37081d44fd84bf,0.6523837,1,1.0
VirusShare_c634c8e9eed61bc3e1dc7ec0435d5cff,0.65636545,1,1.0
VirusShare_19cd53772f6c691c270b46544f0724f7,0.65134144,1,1.0
VirusShare_ed5ae1f1cc50fc95426943f516ff2a7a,0.6517413,1,1.0
VirusShare_d88e46b4e989965ae588ca9ccd58bd31,0.65580094,1,1.0
VirusShare_a218cf9d7466949348a59eaa128f3b1a,0.65372574,1,1.0
VirusShare_83b9cda303bd68d559953ebeb8c6e627,0.65299636,1,1.0
VirusShare_f1bc15dc0e10ce04bba4ff833a771b0e,0.65446955,1,1.0
VirusShare_2a916d6a73aa447ec4545ac70c1f53f8,0.6544139,1,1.0
VirusShare_a08c876942afae48bb4c125fd821be76,0.6567644,1,1.0
VirusShare_bb93b4cfdad7c18ebf4b9416849ee2eb,0.6488789,1,1.0
VirusShare_1c7c972d9e9e0ae8f1e73b96c03ff95e,0.39229673,0,1.0
VirusShare_01e6ab8539f42558d332a1ba07f8cf69,0.6536762,1,1.0
VirusShare_ef27e3b6beba2f6c61cb92537c484822,0.6524769,1,1.0
VirusShare_0beee0e0225ceb278c0c04ee21a3e7ac,0.35470083,0,1.0
VirusShare_29cf80cd516f532e47869811572bb320,0.6545404,1,1.0
VirusShare_1389025dbceca48d8bf7900a062682e3,0.64073175,1,1.0
VirusShare_a6fa1006034c6d802c8ab0dafb484ab7,0.6549567,1,1.0
VirusShare_ecf1af1991d3fe637d6abfc45cf50105,0.65255594,1,1.0
VirusShare_f7d85edf75f02759df37e5906bda4db9,0.65327495,1,1.0
VirusShare_ae3e3fa20f85f976f1d103eb9ca5264e,0.6475373,1,1.0
VirusShare_8b64949d3409f838e7fd215a0efbd49d,0.6554448,1,1.0
VirusShare_5329605f214b33f410e1d0ede2f32e03,0.655712,1,1.0
VirusShare_40bac22fa9e4bb29442a4d598d9fc27d,0.6537073,1,1.0
VirusShare_306b68c2cabbf4a3572d4bb843c8761b,0.6486348,1,1.0
VirusShare_0133b0d675839f26689b6fa6173be0fc,0.6579482,1,1.0
VirusShare_ee7ac627c6ce1f97ca14a2e93333238f,0.65581566,1,1.0
VirusShare_b0e80346e63ce9cac5765ed2351af09e,0.65471524,1,1.0
VirusShare_0a93184ca0301a2ead27948197332d72,0.60611916,1,1.0
VirusShare_69afb40945706d637cfe96b5f611daf2,0.6585105,1,1.0
VirusShare_3abcaefe04d9d6f7545855d9cef5bca7,0.6507455,1,1.0
VirusShare_2fbb387439b81fc199b49c6ef9788119,0.6554259,1,1.0
VirusShare_e2c6b50990d7879fee3a76fde5c8d957,0.65857947,1,1.0
VirusShare_12dbdb822faa7eaeb5c9c1a4173fbcc5,0.6565312,1,1.0
VirusShare_f645881dc73da5e22fd0941a8387163d,0.65731275,1,1.0
VirusShare_46530ebe6f26ffa9df045351a50101b3,0.6474425,1,1.0
VirusShare_9473e20e91875485bc3bb0a1f8267e8f,0.63448346,1,1.0
VirusShare_a27f7ce69c0adaf4b0de470ab47a9ed8,0.6518768,1,1.0
VirusShare_7228cfd7a9ce2b6f2ec1fe7b411a9df1,0.6536084,1,1.0
VirusShare_68e57f6153b1dbe55b5ca5bb5994b053,0.66490424,1,1.0
VirusShare_9d32961a51e54ca21006417d57f7fa3a,0.65991056,1,1.0
VirusShare_9a0eb0a0b183b524ee3b8ad90cc91653,0.6512641,1,1.0
VirusShare_60a16f128d5a24ef87b7751775f8eff7,0.6578802,1,1.0
VirusShare_8135970d48229d5c1a725c77a979e95c,0.6614429,1,1.0
VirusShare_87c31189f5b5f77a2cd8d65f9899f331,0.6500882,1,1.0
VirusShare_a2bb8e4b28d2999172c2a10f694d21f8,0.4106896,0,1.0
VirusShare_82d5ac9a33c317425fb64f408029a3da,0.5932288,1,1.0
VirusShare_b649beb88b953d5bbf95fdfeb6df7332,0.6529594,1,1.0
VirusShare_cc401f7150182df81dc7a6614bd6a7a9,0.6432583,1,1.0
VirusShare_bdb2ae63f8bc2b8b9261a7af2c280342,0.6532359,1,1.0
VirusShare_9b7c637ea0d1cce09d807ce61a9b2e8f,0.65580845,1,1.0
VirusShare_3e1eafc20ff18ee25e8a6b2ca0c6276c,0.6570629,1,1.0
VirusShare_d504cad5bcba47048c388333885f9f13,0.35470083,0,1.0
VirusShare_8e84ca810ea4d32e3973a15a3213343f,0.6550153,1,1.0
VirusShare_c7500384705474dbc7a0b2736935b56c,0.6588483,1,1.0
VirusShare_67f6493ad017dda7ca5a5486aee995e4,0.6505167,1,1.0
VirusShare_cece2ed0721abb9ade858e250e3d9212,0.8530377,1,1.0
VirusShare_2685a5a2594df95a832685a3e4a17ce0,0.6554217,1,1.0
VirusShare_b23a97b4c06ad3f5e5f24138b156dd3a,0.4106896,0,1.0
VirusShare_85d0742a5c63c62eb426653628361855,0.66194665,1,1.0
VirusShare_36148c151428522ac6088cd4c804a679,0.6610743,1,1.0
VirusShare_67a374e5383af335993fc575ca1d3881,0.6532301,1,1.0
VirusShare_09dba7752aee8c3f4e18d6991587f101,0.6532437,1,1.0
VirusShare_8f6acdbb95ca6ab90d0559233f9eacd8,0.6501635,1,1.0
VirusShare_71cb15782b5fff40ae14e16591dc15d2,0.65864885,1,1.0
VirusShare_ac69320a4b7d2b1ea408ba3d590348a4,0.659015,1,1.0
VirusShare_956a2ccfba10b06c553f03c1b38d2b06,0.6712929,1,1.0
VirusShare_d504834d0ca107161579fc49ddb41484,0.6535219,1,1.0
VirusShare_fef3caab43f82331ad3b10666b0c0de5,0.65301573,1,1.0
VirusShare_ddde2cbe8aecf74740d651d7fcc0bad4,0.6672944,1,1.0
VirusShare_3c35ee4c0fe29cc0a0f165a34c248f84,0.6554921,1,1.0
VirusShare_34d8544376ab45955065c349053d4d86,0.65443724,1,1.0
VirusShare_551b9c8a3540cebb4137c8039070c225,0.6027255,1,1.0
VirusShare_c32d1d14fb691f5c9912c35303760050,0.6586601,1,1.0
VirusShare_13fae0ae10be4f0bacd17149814852ac,0.66134346,1,1.0
VirusShare_a1623d7b9a3c5b76d618c19ab41119df,0.65316063,1,1.0
VirusShare_34c58d47c5ae7e9c459091076c102080,0.65443724,1,1.0
VirusShare_bd46e497927178c0418622d781789dc5,0.65398204,1,1.0
VirusShare_f255fe4959c89cacf1fb286b701988c1,0.6570238,1,1.0
VirusShare_4edf0cdae071f4f194c4a4430aa69990,0.66152793,1,1.0
VirusShare_abde4b90c9fb4fd364ae56dc9384d43a,0.65443724,1,1.0
VirusShare_3e03307db53b393c19b131b4969a76ef,0.65569,1,1.0
VirusShare_d077a09ee7024815c35123f3bc6ba596,0.6591614,1,1.0
VirusShare_0a32c360c56b3676bb86f97111945c36,0.6547893,1,1.0
VirusShare_0b6d514a0bfd4f040585f11c474be3c7,0.6570629,1,1.0
VirusShare_47c72dc48145caefdf45981a5087c622,0.6712929,1,1.0
VirusShare_f9f8b782e018e9a314154e6c48c10dcc,0.65745336,1,1.0
VirusShare_f6322303153a8d7a988c25ca0824484e,0.6586197,1,1.0
VirusShare_99886f1ec6bc590ebab382bfe8acf91e,0.65078366,1,1.0
VirusShare_2b333412b752c51d5390dac16e3545ad,0.6565268,1,1.0
VirusShare_19d759e12b4a0e94561d1a4b091b959e,0.6552758,1,1.0
VirusShare_2d9ba2dc2dcac903d0c51b3980b3ba60,0.6575378,1,1.0
VirusShare_d8b427c02d9491ad3207410389d09679,0.64927006,1,1.0
VirusShare_97cc471e96ba558dc02c4ade447dc4d1,0.6595405,1,1.0
VirusShare_acdcbc107c4afcac28d826c20ae45258,0.6651513,1,1.0
VirusShare_edcf8348014f6aa8094a07c7375dd84e,0.6712929,1,1.0
VirusShare_05873c8329d04f1259a82f9aab7a3cba,0.65662485,1,1.0
VirusShare_4e414735e4d81bad3bb92bb452200e62,0.6554921,1,1.0
VirusShare_1b11880ce4029d981a3ae4b48b0a73ad,0.6027255,1,1.0
VirusShare_044a72df27ca273f3d21ce172cab680a,0.65205705,1,1.0
VirusShare_327c1e24b005b4e2a6d236fdff1f5038,0.65821594,1,1.0
VirusShare_bbb1e81d917e1621bcc6320a6684f77c,0.64912,1,1.0
VirusShare_43261eb9ac6950b7186b197e58f0516e,0.65845585,1,1.0
VirusShare_4f4d54826aa086d3261485641fa505c5,0.6555735,1,1.0
VirusShare_c5586063f004179bdfd5beb62f728e76,0.65695626,1,1.0
VirusShare_21fd6c6fb6ba777596659a3193713b28,0.6566978,1,1.0
VirusShare_f60b757d7991845f6a791a7181af6e25,0.6552471,1,1.0
VirusShare_31e42c03309f34345da8cf2e5d884666,0.6634258,1,1.0
VirusShare_5ce901f87837a4f2410d0ff45c40474e,0.6556339,1,1.0
VirusShare_2ccba270f04bf6bbf96cba8b646176f2,0.6572414,1,1.0
VirusShare_2f9e9fa4bb9a9eb312ef8aeab89cbc76,0.66034776,1,1.0
VirusShare_03deea29161f5aac922c7b5490206365,0.6557958,1,1.0
VirusShare_819c6222a90bd4d4afa11cf0e0689521,0.65314674,1,1.0
VirusShare_c70602a849b87f980f32d887847965c1,0.6458498,1,1.0
VirusShare_f54110d4a620ba0d9a5241bd140afa39,0.6528846,1,1.0
VirusShare_6035f5dcc361295c38a81a411997bdcc,0.6547676,1,1.0
VirusShare_8b4d15bcc88638ba1bf1e3c6a5b02feb,0.6554235,1,1.0
VirusShare_489012777ad1f0e4476ba849c06a409a,0.65727174,1,1.0
VirusShare_e2fc8de4efe13d6729075b13ad4d6dcf,0.6577586,1,1.0
VirusShare_98367304f4126adef170a06b643c9b56,0.6429664,1,1.0
VirusShare_1567c0e8b28e9d59084928138f0b471a,0.6532359,1,1.0
VirusShare_978cdfaaf7656fc7822e07398475b090,0.6496915,1,1.0
VirusShare_e090324232874d80ac63bb6a332e863d,0.6646012,1,1.0
VirusShare_e8c5fbf26e2f589454251e34cd7398a9,0.6507455,1,1.0
VirusShare_e4ac7cc7b20c41852868f0d73822f233,0.65801495,1,1.0
VirusShare_ca4c81638222246f44119cdf14be4705,0.6533962,1,1.0
VirusShare_8cd0f81c77a962a30e98a31fbaa29d7a,0.65026355,1,1.0
VirusShare_bbf9f4d2613db98e0ea8df94329946e1,0.6552326,1,1.0
VirusShare_4d3c5b12fe8367e8a7ab35c122b9e958,0.6570629,1,1.0
VirusShare_c7640c978e7aaa39f0c42c4c678703aa,0.64905435,1,1.0
VirusShare_a7832d56ffd31d5d972565a2ff1f4ce4,0.6669959,1,1.0
VirusShare_4ca80a572c3c4723f197522296ddfcac,0.6566602,1,1.0
VirusShare_1e974caf7d6f9581c5198d892bee485a,0.65685505,1,1.0
VirusShare_3b34db90797528b407cffb505d4ee22b,0.6546097,1,1.0
VirusShare_c78ddd53902044755406bd48d63ed7cf,0.6571971,1,1.0
VirusShare_39518e797b923025cd2d6650b0827a2a,0.65930647,1,1.0
VirusShare_40562ce8442abec1c90b7b10d800a799,0.6626272,1,1.0
VirusShare_6f74f4c3caf79704737481c47d042579,0.65852106,1,1.0
VirusShare_a62ff5a6ce75232b2859bd22389057b2,0.65297407,1,1.0
VirusShare_e58f256248225bf28b4a9ac67b1d4127,0.6573507,1,1.0
VirusShare_91d6ca00d2eed81b4ab465b09ca92c90,0.6530703,1,1.0
VirusShare_9b4b79c827a4a65ae82cbe0687e08f48,0.64927006,1,1.0
VirusShare_97163d84dbe910e76bfc46dfe3ec986a,0.65446955,1,1.0
VirusShare_848d98b49180c45adfcf47862f80559b,0.64685184,1,1.0
VirusShare_97bd55a5acc3151e20d4c969e625180c,0.654866,1,1.0
VirusShare_675090296acc12319a28ef4b9faf4e44,0.59507716,1,1.0
VirusShare_6a745441840613c47094d5d5638b0bfd,0.6507455,1,1.0
VirusShare_2982ba8c6d80cfd233e39116ba9a9760,0.65967405,1,1.0
VirusShare_e0caedaa90c2d21ad5aca7af3bfe5b6e,0.65736896,1,1.0
VirusShare_641ad3b9fed42e67399b93231f9b3cfd,0.6624468,1,1.0
VirusShare_a9a4ef232a3238c20d7e392ca286c265,0.26971513,0,1.0
VirusShare_b7ecec437e6322bf7852502cb520f467,0.65472174,1,1.0
VirusShare_29380c2cb6083945bd2df29dc24cc5ac,0.64574933,1,1.0
VirusShare_fc5fe907175631d6d11f6d060c805200,0.6534819,1,1.0
VirusShare_2534accf7b3cc5a771462bbc1ca2f0b7,0.65146345,1,1.0
VirusShare_9215b6539c403af78eb4c26d9e6ad630,0.6496915,1,1.0
VirusShare_b65bb17050c95f0e8fd40594793b5a66,0.66584396,1,1.0
VirusShare_ccb41960e7c5186a34b2a39ac56db3e4,0.65564954,1,1.0
VirusShare_04cb9e2c74db153edd3bff107b67f91c,0.65830046,1,1.0
VirusShare_d1cae16ed1defb7c8655a9f6f1c01cd5,0.70056784,1,1.0
VirusShare_7aadaf0c3a1b1091a53c1a2e57019ebe,0.6479973,1,1.0
VirusShare_8e9b737308d972d50d8ebaaf2523f7d2,0.6522735,1,1.0
VirusShare_b4efb0ab0b902da63c77a8a72847afc3,0.6618151,1,1.0
VirusShare_e5e7e40cd900a1dda5ce763888d1a1e2,0.65280163,1,1.0
VirusShare_847cb40bb99ab0fff5bb5e325165baea,0.6532359,1,1.0
VirusShare_644e8e8e6ad41a273356cf99df310391,0.6552326,1,1.0
VirusShare_78af1acb42c4c013bd658f379ee47d21,0.6574461,1,1.0
VirusShare_6c5902ecc2e2654affb43692da0d0323,0.6573576,1,1.0
VirusShare_86d3b5048da7dafb179fd1c87e78d5ab,0.66485137,1,1.0
VirusShare_fbaa3adbbb4f84757a40b237eb56c6c7,0.65469587,1,1.0
VirusShare_b7dbdf0802a1acd1747c88c674cc5c84,0.65770394,1,1.0
VirusShare_08e2fee06e227451ef2eb228fabba828,0.6617868,1,1.0
VirusShare_0a2abb1cb5f100aa5a1c0375119ff9e8,0.659015,1,1.0
VirusShare_07524722c64f19164cfd03c120bb44b0,0.656654,1,1.0
VirusShare_cd8caffee82710e49cad7b1dd16c25c8,0.65473527,1,1.0
VirusShare_6e66134a539920a3a36c7763fbd8a7d4,0.66208833,1,1.0
VirusShare_71586c4dd3fbdfddb4abed0bbf137a3e,0.6530532,1,1.0
VirusShare_6dc795057f333fd501b8f285738db308,0.65370905,1,1.0
VirusShare_fbc3db74d5ebfb9ce2e8e6f0f806988f,0.6572922,1,1.0
VirusShare_c84906a84e9aa6e7a6c8bbf3e90057f0,0.6585702,1,1.0
VirusShare_1182035a414491e4214865f83adadb02,0.6572768,1,1.0
VirusShare_669dfdf0c8cc527429c092d0dc71a4d5,0.6574461,1,1.0
VirusShare_916fcc44b21a6c39d08c060b92835370,0.64912,1,1.0
VirusShare_75777f6b81c2e195d196459d6e714a73,0.6552478,1,1.0
VirusShare_f8a577ecbefeed5e55ef32778945ac17,0.6498526,1,1.0
VirusShare_271b21a5176a78e2d380b2b3734e5950,0.65398204,1,1.0
VirusShare_880b272de32233a085920b335cfcf712,0.65222394,1,1.0
VirusShare_a0ece69b953e5503b1a3dcec92f22124,0.65512174,1,1.0
VirusShare_3c1cedcf9594eb489ac3aeabbe28eddf,0.6552074,1,1.0
VirusShare_952e01d0c46cafc8461bf811a5a42a21,0.6595408,1,1.0
VirusShare_e741b32fcedf86c1d67e3375e1bcca6f,0.6537279,1,1.0
VirusShare_18a46c881825fe5056ffad97c5132595,0.647777,1,1.0
VirusShare_e40ccfa17d3bc46eeada83bdd5d6be37,0.665322,1,1.0
VirusShare_ebcd65a69a66508ada00987b827c0894,0.6587422,1,1.0
VirusShare_72433b837836504af545602b6b8ff539,0.6586504,1,1.0
VirusShare_29d7e570bf4db982c488f9a1fa192788,0.65662485,1,1.0
VirusShare_85ffff6442f3d9e72c4d0c49851be593,0.6580354,1,1.0
VirusShare_7e73dc2f98efaa584c04cc719c46f3ea,0.65746397,1,1.0
VirusShare_c8a7d013251e2cd1d80219af9b557997,0.65485173,1,1.0
VirusShare_3a52c985b3b31461fba85466d107783a,0.65109247,1,1.0
VirusShare_04db140e90f37db96a96787120fb6293,0.6522463,1,1.0
VirusShare_66b62cef3447e7b11b5145b4903d0f5d,0.65819985,1,1.0
VirusShare_20ee067c69a9fd0b25ea1716e0c110e3,0.66350955,1,1.0
VirusShare_9d406452e245961df7a1751bceb8519c,0.66152793,1,1.0
VirusShare_f05315a5c7fce6392cb262135990c747,0.65836203,1,1.0
VirusShare_0d24eb7a6a36a1c3d4250fb5df071f31,0.6573507,1,1.0
VirusShare_2bdc59626f4344fa4a2058fae7333fd3,0.6674961,1,1.0
VirusShare_89b97aaa27b2ddcd24de777bdd11c9f0,0.6575576,1,1.0
VirusShare_fc7fbfea87201e4ad7b653184d697b9e,0.6532034,1,1.0
VirusShare_91b989d39a1c891539d0dce1a4ecbdcf,0.65808934,1,1.0
VirusShare_eae1acb0e1d494bdc189210851bd540b,0.6577799,1,1.0
VirusShare_82c6ff3646ad2c2744bae63adf5a18b4,0.65328777,1,1.0
VirusShare_39e76c7723b8a867d78f96d2305375b2,0.65964514,1,1.0
VirusShare_bd9c15cd49faafe2f803efd53f431dbd,0.65158767,1,1.0
VirusShare_e1cbc4cfd607714b1bfb956b81df6209,0.6580913,1,1.0
VirusShare_a010fcd87b9a99938c81be52a0238017,0.6552074,1,1.0
VirusShare_a8c93bcf58df0666ccdf7d7fd61d22c3,0.65698975,1,1.0
VirusShare_3af6384b5e4b37aaa6f6216c55b784e4,0.6644018,1,1.0
VirusShare_99586ca15615695a625618df93921f11,0.65222394,1,1.0
VirusShare_214fc6899f6ba9e0f6d6bb7922a3f8bd,0.6556392,1,1.0
VirusShare_1aa19e5342c7062785eaeb5a08e3bc92,0.65853006,1,1.0
VirusShare_3730062d3ed2bf6057fda839c6933943,0.6615344,1,1.0
VirusShare_51395ba6ce2466634e4038e2e43866db,0.6525966,1,1.0
VirusShare_1efa180bee49758ff78ee496bb612a57,0.6558176,1,1.0
VirusShare_4bc753c35d2bb426ea7903a7dd92138a,0.65695083,1,1.0
VirusShare_dca27a5eba5596291c36ff124d8b44dd,0.65191776,1,1.0
VirusShare_df38f68916ba98df59abaffad882f6c5,0.6534592,1,1.0
VirusShare_006e0ebcb1e50a2efeca16bc607846bd,0.6624487,1,1.0
VirusShare_d1ab882dec8a25552c2083b8de2c3614,0.65683043,1,1.0
VirusShare_9e324216646b2b1ce7748f07903a2c5e,0.6496914,1,1.0
VirusShare_b1661e59a02b97fab39f5a7c25d1d586,0.6674961,1,1.0
VirusShare_e0cbacfe30a08761ef16a1660b411a0d,0.65709114,1,1.0
VirusShare_a95e3d8dedb83d382bc43126f705dbfa,0.65625554,1,1.0
VirusShare_482a01d18399b01321d6aee1657a0451,0.65315956,1,1.0
VirusShare_c82f3d8314e202d20294277a3e3e2d31,0.6521295,1,1.0
VirusShare_8ed0caeb43893880ca7de63702538e3c,0.6633356,1,1.0
VirusShare_ffcc9a90547abf812723dfb0f8bad396,0.647004,1,1.0
VirusShare_013eb27099c9dac3249dc32290ef8580,0.649492,1,1.0
VirusShare_ca3f57c374e95db9eac45bd650b9edf7,0.65191776,1,1.0
VirusShare_a380ddc1ef64b51994122fdf462e2d4b,0.6498305,1,1.0
VirusShare_36f54a67c05d54e31af23d3303f0306b,0.65825874,1,1.0
VirusShare_1653d293275c9f0a0e61262e07be3764,0.6531308,1,1.0
VirusShare_9a49f199c447bd83ff6b8b96c3ab9063,0.6556292,1,1.0
VirusShare_7e9957d375a8bc883a662879f2134740,0.6602045,1,1.0
VirusShare_2e182e0db4cbd43cd4c4f1fed7b379eb,0.66053474,1,1.0
VirusShare_3bca26a7c1af4bf3301c81ab25a0f8ea,0.6599766,1,1.0
VirusShare_0a6d6e27ce65c42287c30508f016de66,0.6552074,1,1.0
VirusShare_e76b5c823c237d25f42b2652e8a78828,0.6533945,1,1.0
VirusShare_5a5d2d666fdc8f9a46d6c9745ecd8f35,0.65603244,1,1.0
VirusShare_918d10584d3529f4a151229f841a8198,0.6571689,1,1.0
VirusShare_ddc753b7335def0e38104fa7ec55fa7d,0.6529736,1,1.0
VirusShare_7e7aa0f2ff3bfb4e164ae4838bb973fc,0.6558245,1,1.0
VirusShare_c188e154891c8bce8e9617aae2752ffb,0.66434926,1,1.0
VirusShare_8ddb345bc1bd6ef932cacd4d85647a9d,0.6594922,1,1.0
VirusShare_9e6d46e54da0eb7e2e1ffbc975add204,0.6532034,1,1.0
VirusShare_19726a342969d29de1572833f8ec660a,0.655817,1,1.0
VirusShare_d5daa9d14f2e3c7107298cc1c58007f5,0.65971714,1,1.0
VirusShare_671832c4052a0a1a23afb54cb09fe5cc,0.6461288,1,1.0
VirusShare_64d966deda280cfbf1dfa82af0418aad,0.64906245,1,1.0
VirusShare_bf4069d1451a4fef470125f3984cd32a,0.6585105,1,1.0
VirusShare_eb55a448966f2537412a0646b14688bf,0.65505743,1,1.0
VirusShare_76c091e325a884e86e056111df3ef612,0.6525782,1,1.0
VirusShare_4f86b8b08a6b854b153f799464d20661,0.6557065,1,1.0
VirusShare_44e481c799567e30052d0a86a9db0649,0.6579477,1,1.0
VirusShare_fac7ecbd316a3a7be06ec12e1f2e5534,0.6626272,1,1.0
VirusShare_7b0b5d4f46f3b8b6cde3e6c336d2a4b9,0.6503202,1,1.0
VirusShare_501e6e4ad3f48e5a1fde874660bbbb11,0.65337723,1,1.0
VirusShare_36be6409886282aa1a0e3747f252766d,0.65455085,1,1.0
VirusShare_043a51e10686ba6518f13a31137ba7c4,0.6484386,1,1.0
VirusShare_57aacbe7dabad48ca6181883b3b812bb,0.6558176,1,1.0
VirusShare_1d5e2a1a39e2cb8b54858050328c9132,0.64871204,1,1.0
VirusShare_b5ad9c70fac6f4d6f1623e0f527527f5,0.49324495,0,1.0
VirusShare_06e19fec8ae6b37bb92e3c6896fed80d,0.6519606,1,1.0
VirusShare_641559792a9c7b28ab63ba55ba84b1bb,0.6532008,1,1.0
VirusShare_1532ad4a2615659c4f3a38810337303c,0.6521471,1,1.0
VirusShare_a136c7f936bb00b7c9794ba13f4c31a8,0.637483,1,1.0
VirusShare_46db4cafc9229819ad1a4b6cd4ec5fd8,0.65366215,1,1.0
VirusShare_01b210320422d9bf04f2bba90a1726d6,0.6511725,1,1.0
VirusShare_2756b0853fbde7e3fe887d1615bc59fd,0.64877737,1,1.0
VirusShare_67f042421c26a0a210cc44e132598dd6,0.65058863,1,1.0
VirusShare_917f23fda2991e68281db167860503c2,0.6568488,1,1.0
VirusShare_196a1c67414ba1fd8a8435d78a635567,0.6468424,1,1.0
VirusShare_147d561d9dee787847e8cb997812b593,0.6575968,1,1.0
VirusShare_0602fc1b2e8f73b64907b3bfd0d4bdc9,0.6562122,1,1.0
VirusShare_169213186a5673e511b7205b11d66580,0.6587987,1,1.0
VirusShare_2aee81b18272404555b309cfc5872855,0.65337723,1,1.0
VirusShare_eff00de06037882197495b64c8964759,0.65853006,1,1.0
VirusShare_471c3bd1a5d74c04064a848ad7dae235,0.65635884,1,1.0
VirusShare_c78b56676ccd79622f09de342b89ba43,0.6481313,1,1.0
VirusShare_2dc194a28d93f1f6b8f6c2a10a621d55,0.6476905,1,1.0
VirusShare_9234552a1e6208a5288e066127bb74af,0.6594142,1,1.0
VirusShare_d79ace26363e056c25d94bc0a9b7be86,0.6528425,1,1.0
VirusShare_63fc82ce3482ef8feef88358b15273ba,0.65901244,1,1.0
VirusShare_a5a6627ffbf3366af5ab6bebfc2b30f7,0.6541097,1,1.0
VirusShare_7f42661047bf7549d7281150ae3dea42,0.6550943,1,1.0
VirusShare_b7bba849325cf73fa65ea0f8c5673c66,0.65756166,1,1.0
VirusShare_2effda0c89651678ae2576cf83777461,0.6614429,1,1.0
VirusShare_f9061bd8a3bfecf5d624786f641c9d54,0.085661426,0,1.0
VirusShare_599b3147d07d7e3fd4c4206fa1d64cfa,0.65853006,1,1.0
VirusShare_209f308c73a2e2a96d0b946dee2629cd,0.65670884,1,1.0
VirusShare_c6947403747d22ff309cf4ac347dfdb2,0.6532858,1,1.0
VirusShare_eae12c3df2304b5e4e34009cd22a06bd,0.65659714,1,1.0
VirusShare_c6f9610d5fd0f626c2a27e53294193ca,0.65804446,1,1.0
VirusShare_64f66969efd9d59bd23bd1d83d6c6b13,0.6552074,1,1.0
VirusShare_28f4ba2d762d914ea9e82dc588a84afc,0.6574621,1,1.0
VirusShare_2550b0086204d2fb091b845c7f999a40,0.650561,1,1.0
VirusShare_e9aa11460962387ea79d0ca1cc62549f,0.66416997,1,1.0
VirusShare_4178fba31b771eb8306c838e75e25fe0,0.6617613,1,1.0
VirusShare_5586c8f937344a7f1869300c59d2cb3f,0.6497845,1,1.0
VirusShare_3f54b396e3b6d700971bd3fe8369f6bc,0.3340081,0,1.0
VirusShare_e12df8575bb9020132168fff43ef944c,0.6575576,1,1.0
VirusShare_0d5ba816421311cf113b6725f765557d,0.6521421,1,1.0
VirusShare_ae3519d9cd47b9a1d77b46770e47311d,0.6600343,1,1.0
VirusShare_ed85b202df77df12f367e5aaadbceb21,0.65808934,1,1.0
VirusShare_408d22d8ec5d80fe8c1f9c9557ba54ab,0.6461288,1,1.0
VirusShare_9d781e042cf87119639b82decb4c4107,0.6521369,1,1.0
VirusShare_fe607b012fc911372b6423d556a62b3f,0.65830153,1,1.0
VirusShare_01c4667b650b6534d36704bc5289ae3d,0.6537167,1,1.0
VirusShare_d1b93e20f895921f5652904f9bcb5146,0.65895224,1,1.0
VirusShare_60f73fb6c8bb4183e4615e2e1a60309b,0.6631594,1,1.0
VirusShare_5d7874758c68853c511a71bb0758ad3f,0.5876668,1,1.0
VirusShare_d5e800ea6beec12b70772f81b6af2c5a,0.6472265,1,1.0
VirusShare_b7b88e7c233ee317c357b23514bfe0b6,0.6564202,1,1.0
VirusShare_259f492261d5d7b130fc7fea35ebe455,0.66485137,1,1.0
VirusShare_f664c17de0e4e6d8b7c2d37260c3ace3,0.6464535,1,1.0
VirusShare_640118cf91f106e0cab2100709626941,0.65446955,1,1.0
VirusShare_0b1d08f73922452bd7af3fbc3d42f115,0.65146345,1,1.0
VirusShare_356d60226392d146c78ae6788b3cab38,0.64767325,1,1.0
VirusShare_20cd458e9578e2fc659ee0f6c01a66df,0.64141333,1,1.0
VirusShare_961928044fedba91c17e5a3ce368cd30,0.6496361,1,1.0
VirusShare_822e5a07b8c66b4f91c86f7398fd1e7c,0.6584402,1,1.0
VirusShare_0998f30bd4ffaa23c3e80f8e54cf8431,0.6547544,1,1.0
VirusShare_3c68e12a5095c082cf5026fa90450c65,0.6526555,1,1.0
VirusShare_d38b308c4af1f14a915af6607965fee1,0.6578373,1,1.0
VirusShare_bec6fb9b40527b4fa0d0d09f5cafb423,0.65336996,1,1.0
VirusShare_c88843af4dfbf399fe7c72dfe9ff0dd8,0.66019523,1,1.0
VirusShare_9fdb86ea0b51036369035aa8e6a90311,0.66019523,1,1.0
VirusShare_5a8b5abaeb1167097f6f3625107c905f,0.6554594,1,1.0
VirusShare_0468e03ea16eb18cb7fc81dc852434e4,0.6608943,1,1.0
VirusShare_13b52a00ae75d5caca642d267d19f19a,0.657831,1,1.0
VirusShare_f37bc830e90401da9429b255e0ef7840,0.6579477,1,1.0
VirusShare_84dec3eed28239f6fbc6b659cfa3adcd,0.64261127,1,1.0
VirusShare_1c5044267f3aa83eb0604da73b114b47,0.655149,1,1.0
VirusShare_43b79c133e6bb082309b413698a390a8,0.6634549,1,1.0
VirusShare_79a092299d19b78e3836e5e1aef8223c,0.64424276,1,1.0
VirusShare_931f01849c251f67c53918add758f669,0.6475728,1,1.0
VirusShare_bac1272b07d8628792ac151687e01854,0.65586853,1,1.0
VirusShare_0313fdce52f2c4fee644e9d649fbf497,0.6596851,1,1.0
VirusShare_d3fb0d4c418b496863718a6d316b500f,0.6536308,1,1.0
VirusShare_24d1fe701b958f23921ab4d9a95e9b09,0.65587455,1,1.0
VirusShare_60c3f98b54af5dfdb43f3a2179abb38f,0.65698034,1,1.0
VirusShare_022c9006fd15c8b2b428bc72b3fdc4f3,0.6577729,1,1.0
VirusShare_876da5a8d1feba32b7d6bad0a4c43b27,0.65821594,1,1.0
VirusShare_971e01e01879c60fea4b83195718deac,0.65971714,1,1.0
VirusShare_f54845c8d2e26d768d1f3d5a7c92f311,0.6527349,1,1.0
VirusShare_8453d5412907ce32303f1ef21fc5e646,0.62243146,1,1.0
VirusShare_411994cfa43db00ee581d6491ca742d7,0.6550461,1,1.0
VirusShare_86b5562fb6e5f9e9018658cef08843e5,0.65711445,1,1.0
VirusShare_2401585e0147d8c8fad30a117bbe5b06,0.6567417,1,1.0
VirusShare_db3b87d304b78fedc414d7e07e387727,0.6674961,1,1.0
VirusShare_2cb42dad855685b8f63532e0d0ea6bd5,0.6528893,1,1.0
VirusShare_69d8861360504f1fb9c0c03dceaae7ab,0.65680003,1,1.0
VirusShare_4a8b9464ca4128d91be3a710132d1fbf,0.65341055,1,1.0
VirusShare_5f46645aab5e6cb4721a309cef39641b,0.6585949,1,1.0
VirusShare_71c115efb0cdd6e814b2ee7e505362a9,0.6579884,1,1.0
VirusShare_f542eab67bea947bde2f86d3d1df927f,0.6615344,1,1.0
VirusShare_f2f161040e38091cb18fb2a2041885a8,0.6499959,1,1.0
VirusShare_d6fd7b7e7cbcee6792f602a7017d350a,0.6501168,1,1.0
VirusShare_af05e79c0345c0cf979c5f8ccbd9a240,0.66019064,1,1.0
VirusShare_694d6848d770bd28406265cc00ee6698,0.6557849,1,1.0
VirusShare_193d4ce25d239daf0adc8db2b8e78aaf,0.6542126,1,1.0
VirusShare_3d6ca90f3fcad63d0c766ac794ea2417,0.6576344,1,1.0
VirusShare_ea0dc4045b05e3af7fc2b39d74908bba,0.6532034,1,1.0
VirusShare_ca167848fe9e30ea174c8ffdb68d6ff0,0.66485137,1,1.0
VirusShare_6de10568b97612644e6aef16d271fcc3,0.6612003,1,1.0
VirusShare_17b93bf9483c95029bdf97c41506612b,0.6532858,1,1.0
VirusShare_8aa93d172be3182fcb2ef274434e00e2,0.65958476,1,1.0
VirusShare_6910201d01fb6ef35ab8d135ffdd9111,0.65118754,1,1.0
VirusShare_24f6cc280b4afcb01736b82fdaf84359,0.65196115,1,1.0
VirusShare_3063b18fb395d234ebbb46f24c3fb53f,0.65968245,1,1.0
VirusShare_3195db48d28bb17678723c9ff254ac94,0.6523536,1,1.0
VirusShare_6ec866fbc44d7edb15bc871cda994aa7,0.6502971,1,1.0
VirusShare_08f0c50f2f5817cc481485db08d7031d,0.6573724,1,1.0
VirusShare_61ea54075fffddd1d4ffe3ca5702431c,0.6556105,1,1.0
VirusShare_18fbef31c71cc0d3715cbea8a4d3447b,0.66416997,1,1.0
VirusShare_9cea00dcba8c8e388c94660e65fc4cd3,0.6589915,1,1.0
VirusShare_501c2539ace75c52323fc8d4607d3b85,0.65872765,1,1.0
VirusShare_4d8c28e2811ee920c65dd90f7013c976,0.66157025,1,1.0
VirusShare_657d7a2c1d0cbb30e60a6d13caefe23a,0.6580354,1,1.0
VirusShare_4f20244e50ffd95ffd3bf5b15e0839a4,0.6532359,1,1.0
VirusShare_498eed200e92df30c25752ecfcd0287a,0.66485137,1,1.0
VirusShare_c0f3a6bd1dcb60050d1823f8a2ec1b71,0.6572968,1,1.0
VirusShare_757598243a50c0a83b79d0315c1ab311,0.6490348,1,1.0
VirusShare_29e12bfb0e9998696289b862185e5ae6,0.65319186,1,1.0
VirusShare_49046b7dd8d88b8c8f4ba67275457d8f,0.6575576,1,1.0
VirusShare_53cc57b08ce798c8e517be904b9eeedd,0.6598402,1,1.0
VirusShare_12e1728f19410f8a1823bff16d3a59c8,0.66186523,1,1.0
VirusShare_545c49fd9f90e52fe4aadb429b2133e9,0.6589603,1,1.0
VirusShare_26780f41389ecd626fe4416fbb58c12a,0.6600343,1,1.0
VirusShare_afa1f9439b22ccced427328a4f98c977,0.65837353,1,1.0
VirusShare_5662cfd3ccfec515364db1725dc6ae3a,0.6490129,1,1.0
VirusShare_f32b48dd1ffb55759f3243571b6c1c00,0.6528381,1,1.0
VirusShare_f9fe90a92cd1c72022b559a323ea562e,0.65351605,1,1.0
VirusShare_f6a61351868b17a4a646b108c986137e,0.65695626,1,1.0
VirusShare_e58e1a70386c9ccfbc576839510c12c8,0.66416997,1,1.0
VirusShare_115552aff50b37ec5202ad94f548a549,0.6519906,1,1.0
VirusShare_cf3123dea08a7a8f39944b12f2d218bb,0.6621533,1,1.0
VirusShare_90df446b670bd2f6dc3565a3eb2df0af,0.6567435,1,1.0
VirusShare_7a1165eced9e572f7a76ae6bc91adbd4,0.64936954,1,1.0
VirusShare_17e184cb5849520d309dd3d3a98c22b5,0.6501087,1,1.0
VirusShare_95d0e13e62d10a990e490690ac735a13,0.6552326,1,1.0
VirusShare_13b649e02689fd786db6a2ddaaf983e0,0.65417075,1,1.0
VirusShare_cfd86343140dbb6b8b27d8aa0e16301a,0.6530063,1,1.0
VirusShare_f4a3dc66899ff02ccc2bd9dd8d5c6d3a,0.64927006,1,1.0
VirusShare_cf3ff686dc02d9d4889e40bdbdf69246,0.65594035,1,1.0
VirusShare_072ebb90b0356bc6bfe0ce80a4431824,0.6579694,1,1.0
VirusShare_f6fc419963a423919cb4248bea75ec60,0.6552326,1,1.0
VirusShare_cb2ce12c02a3c21df749b2d0e76d458b,0.6603343,1,1.0
VirusShare_b54fe71702bb3bbac76a5328a8504d02,0.6371337,1,1.0
VirusShare_355535b7885df39ea3c73dfe4bdc76ad,0.6485563,1,1.0
VirusShare_fd1c6b429d27d3184d93ed4e476c46e5,0.6480412,1,1.0
VirusShare_683429404581c1a4be35a334fcd5c7c2,0.6572414,1,1.0
VirusShare_c22fbbdaa4f432dd581f3b2cc9e86ad0,0.6558359,1,1.0
VirusShare_79cec07615d640a6b4f801742af34eaa,0.6574461,1,1.0
VirusShare_26bc54110f05251c8d0c2b3a27efceb2,0.6564182,1,1.0
VirusShare_cb29d082c8b77e6d74bbea20ee48b977,0.654866,1,1.0
VirusShare_a849e6872080bdfde47ec70309ccf80e,0.6563994,1,1.0
VirusShare_33fe3819f183a6e0111a5bf2e24ecb90,0.6521618,1,1.0
VirusShare_f34034740fb83728673351b658fc79ec,0.65494186,1,1.0
VirusShare_25c04e44e590ab127642234729bf43ed,0.65118754,1,1.0
VirusShare_5dab6307ecbe4d7c56aa149785c10de2,0.6548675,1,1.0
VirusShare_67ec714a376a402031004999d9ee7449,0.6554493,1,1.0
VirusShare_ce28ec691bda5aaedc570aa984087938,0.6552326,1,1.0
VirusShare_b199948231000586e2807bec0742c281,0.65708673,1,1.0
VirusShare_a729487bfc8450d5a3d248126b73b9ad,0.6499638,1,1.0
VirusShare_31802bc018dcf8b1fab8ddf61d01fc7b,0.6552464,1,1.0
VirusShare_c3ceb864456cf50e3d0d30183edee620,0.64882106,1,1.0
VirusShare_330cb9936b3294aaf383942da48a14c6,0.65467465,1,1.0
VirusShare_afd4417b70ae623b9aca8df9bc28c794,0.6599766,1,1.0
VirusShare_50147c24cc496f3b37da513431ebe1c3,0.6553451,1,1.0
VirusShare_d216f94f53dee83679fcd76533a7c75b,0.65845585,1,1.0
VirusShare_9532553e18960094b079931e4ec72049,0.655194,1,1.0
VirusShare_2e8ae3b9c294798620b754393a713b16,0.6518768,1,1.0
VirusShare_7eb17087b30e2e5ddb6dfd36ee812d0f,0.6618056,1,1.0
VirusShare_69fa2960b3b5326a30e4a158bc8fd1f7,0.65683043,1,1.0
VirusShare_df1f5d0f5a8d02df3d70863cf212f816,0.6567885,1,1.0
VirusShare_aec542f69d0cf2d89245ee0b565f79a3,0.659053,1,1.0
VirusShare_e4b3c20c7c5b6c8891515999bf47b86a,0.64858437,1,1.0
VirusShare_c8af0da3d401a0caac7345f706d2af1f,0.6589192,1,1.0
VirusShare_bcd98b36bb36944e0deec6272c716f6c,0.65821594,1,1.0
VirusShare_daba53bf30a36dd10c136d5d898922e3,0.6560303,1,1.0
VirusShare_284b30ed7b87e4bfd2892359bd7e314c,0.65919197,1,1.0
VirusShare_25e477b3825257e91619b493780023a2,0.6349325,1,1.0
VirusShare_62cfce601570c6a5235d677c3b4b160b,0.65695626,1,1.0
VirusShare_a4d7c5e394d8b7a5e39b2f1c770cb6f6,0.6579477,1,1.0
VirusShare_814b891c8ebf2f763ff9e4c8411adfd7,0.6554278,1,1.0
VirusShare_804c68c12f039a22d7d917bf81818234,0.65854186,1,1.0
VirusShare_08bd9acafb073ec6ac46997d0d5e1200,0.644915,1,1.0
VirusShare_166114aaee7b089ec1f9207a575e9e0f,0.6637913,1,1.0
VirusShare_1149ef37168cb510c114dafb7d64e097,0.65674794,1,1.0
VirusShare_4070fa876eab867313efbbeae4d9a0d6,0.6544279,1,1.0
VirusShare_3ef8985f100ab092e71aac6ae9f2d5c3,0.6603295,1,1.0
VirusShare_0750d61b4dc64b466397b869c52dc1e9,0.6506856,1,1.0
VirusShare_845e7e5f0c584640db91bf0306c2ddfe,0.6519165,1,1.0
VirusShare_12df28c999e64c22383d4059d38ded92,0.65480256,1,1.0
VirusShare_4c791d6b1b36466de9fd3ee304026be1,0.65709114,1,1.0
VirusShare_1a1015fd6b35da39283f0ff1e0c6210f,0.6539898,1,1.0
VirusShare_e8c0bf26c830a816ce8f1466d378be57,0.6585339,1,1.0
VirusShare_89fa2ebff093b2941fe56570a8183810,0.65088624,1,1.0
VirusShare_c7addcea4d63ae675ed08e988fb79fd5,0.6529482,1,1.0
VirusShare_023847e163c11c1fc55e678c50dab8fa,0.65305895,1,1.0
VirusShare_7595492ba0d4e2307832ac1114a001a0,0.6622673,1,1.0
VirusShare_46e9db5831e8a6cfcf0b1f8cf65aac7e,0.65314674,1,1.0
VirusShare_4c759d1f016c274a270799ae95979008,0.6570087,1,1.0
VirusShare_14c92176d34dbb3fa34456543bd3859b,0.6532034,1,1.0
VirusShare_238b15e720251a485dc57697a35cdc85,0.6623727,1,1.0
VirusShare_981adf0fe49c648320ec2a5cd3b9313e,0.64773667,1,1.0
VirusShare_1e1e5a124028b374e74aaa317a7ee016,0.6479973,1,1.0
VirusShare_10741eec8af1ed6b9aee791823332567,0.66387284,1,1.0
VirusShare_ae2cac482be1c0d6b0fe859c13b1fd71,0.65869117,1,1.0
VirusShare_6696b10de50bcd1f0887c62f9a4623bd,0.6518595,1,1.0
VirusShare_0f88329256f19cd996272f6eb2d996cc,0.6546749,1,1.0
VirusShare_762479e709ffb0af024c2228867cd9c1,0.65540826,1,1.0
VirusShare_80a8eb9f223d4eace504c84849b99d4e,0.6618718,1,1.0
VirusShare_e083ddeb9c486fd0bd102579f716d8ba,0.659052,1,1.0
VirusShare_a5f026a3ea5ff4f00b28f4991f291e1b,0.66248363,1,1.0
VirusShare_11109604a57abebb025d4421ea659cea,0.65280825,1,1.0
VirusShare_98efca589bb398693f7e1d227fe2326c,0.6526216,1,1.0
VirusShare_4c94b21e248771b4394ee8ff80931c79,0.6531814,1,1.0
VirusShare_532e948b4294ae573fa9d718edfbe347,0.6597249,1,1.0
VirusShare_41cf1f82859641365a0dff58e986df3c,0.6542932,1,1.0
VirusShare_fcaa5d5ca3c04a05cd63eefc9ec3c6b2,0.65234643,1,1.0
VirusShare_2a3493a2e2db97dc39a4709570d0badc,0.651106,1,1.0
VirusShare_8c3c8617cbdb75245fd3c9192741894c,0.6546652,1,1.0
VirusShare_b6c0ddbda43ddc964aefb5213ee37f20,0.659052,1,1.0
VirusShare_2f92f47f9cdf5555e399e44af21228b9,0.6527455,1,1.0
VirusShare_cc88ead916727a0360981a80abab1d93,0.65472174,1,1.0
VirusShare_87bf881014ae32872c8843c306ec09d4,0.6552006,1,1.0
VirusShare_0431602bd2cadad458cf3ddb0de8cdcb,0.65430915,1,1.0
VirusShare_bf23e60ead2bad9afe9706fd1d9ac690,0.6533146,1,1.0
VirusShare_2f1239845648d435e034bff1dfc6d2c9,0.64962757,1,1.0
VirusShare_23ec3a50369a20b0c4858adeaaa71d50,0.65910244,1,1.0
VirusShare_53d3226f0a90c4a3b03e37d1539b403e,0.65412086,1,1.0
VirusShare_6974ec22a8d583498be1f86ff9ac3605,0.5876668,1,1.0
VirusShare_a6cc5c42ca42d8db27f2b1c9553fba17,0.6611379,1,1.0
VirusShare_5183e784b759d48b40fd3b2d385079ff,0.6580902,1,1.0
VirusShare_867411f39db6d66b0df38a58e7cbdf78,0.65522337,1,1.0
VirusShare_6b7885686114f3d3f28ce259378d2fbc,0.6621812,1,1.0
VirusShare_c4173ba0ecd821da37d0892e1de0f374,0.64850175,1,1.0
VirusShare_6330c5659a555d79a22bf51ee8f447e5,0.6556339,1,1.0
VirusShare_c392c0703bcc97cc508db5b212fdc02c,0.65682447,1,1.0
VirusShare_10e0c02e02ae76260d230577713ebfed,0.6646012,1,1.0
VirusShare_48d0cced6e8608db7573b5ca2fb7ff22,0.6536495,1,1.0
VirusShare_0881b9d3f892aa6ef9a76f31048e2563,0.66167855,1,1.0
VirusShare_837b84cc608eb7ec451e4b8ca4f53759,0.6585399,1,1.0
VirusShare_6a224c6e02e5a45493a3f93544a70932,0.39229673,0,1.0
VirusShare_6f26b4860aea7a95135646d656b253b1,0.6489272,1,1.0
VirusShare_2bfd3df72f5a1312921c3d8b9baf4ecd,0.6573301,1,1.0
VirusShare_a73bde8120c4b33d136e10af73fcd577,0.66485137,1,1.0
VirusShare_831730b788f0c1bafcdfbedcf4d62351,0.6665686,1,1.0
VirusShare_9ddb14122d7305554763d015ad992f6d,0.65808934,1,1.0
VirusShare_befcdd1927daea49ee31eb8ac57287a3,0.6712929,1,1.0
VirusShare_40bfdfb55901b823ced8b9600871d53a,0.6547574,1,1.0
VirusShare_f4f8f9c2a97b23a9dd91682c3fc5a2e1,0.6547333,1,1.0
VirusShare_fa2803d541c9b78b6f916af452c60acb,0.6525966,1,1.0
VirusShare_97537414ed39f75cea78ef0cb3908955,0.65808934,1,1.0
VirusShare_8c1a376da4d2e6f4abf41e7edcd50af1,0.6586317,1,1.0
VirusShare_230d636c1e384f8eb4660fc3d4746d77,0.6549982,1,1.0
VirusShare_a351423ae1876ab257376366e3068507,0.6567014,1,1.0
VirusShare_d0cf9061ac715b8fb96eb72122cd873d,0.6508548,1,1.0
VirusShare_7a5f784c683ea2675b68ffc13dc2c36c,0.65699625,1,1.0
VirusShare_14b1d886e89100d5fb650bb74c3d82bb,0.6567885,1,1.0
VirusShare_df3b4584d365425412d9cf0cbaa188b2,0.6646012,1,1.0
VirusShare_2452cf0f24934664dbb65c0b3b3fb929,0.6578471,1,1.0
VirusShare_60bebe581eb7cabc6da805d5f2ee9ff5,0.6626028,1,1.0
VirusShare_0b2de8495a4e9295c476233ec99b6b46,0.65319633,1,1.0
VirusShare_14e29640b47e99cfc3c07ae2b631397a,0.65899044,1,1.0
VirusShare_394b486d6a1024dfe187be1c1a0db76e,0.65368235,1,1.0
VirusShare_b170a7f00d98f90c255ae559819a57b8,0.6558176,1,1.0
VirusShare_9763107ac8985b2bf1d4c28e1759a071,0.6588392,1,1.0
VirusShare_bffb0972efbe7e566bc456ac7d0879c2,0.6555438,1,1.0
VirusShare_06ddb1f4fbf74a9262338ca1e5d195e3,0.651687,1,1.0
VirusShare_d285dd11ea90390348854602abe5a863,0.6463258,1,1.0
VirusShare_e0fa8a927ec929d52f9d0b5036f5a95d,0.6621812,1,1.0
VirusShare_4172ab9f4cce6caf2ed87678c03b4cda,0.65645903,1,1.0
VirusShare_7b449fa3516eadcf53970294af666cce,0.6554921,1,1.0
VirusShare_22c9a3ad39956c615db2e3d93ebe169f,0.65662503,1,1.0
VirusShare_ab13e51dee96e3093869db4ccffd22b7,0.65494186,1,1.0
VirusShare_86c9ea9614b3e4ed43b3e32077b6fe8e,0.6507602,1,1.0
VirusShare_c4b2685a8e95ecf5b5eda4e26800ea75,0.64596593,1,1.0
VirusShare_7b1ff8de236bb363318867cfa83b86eb,0.66485137,1,1.0
VirusShare_42fc34a58619b136d3f8f42a508ffef1,0.6483414,1,1.0
VirusShare_3700d41659b802e7fc60f220f908a80f,0.65398204,1,1.0
VirusShare_801ac029d6d3d562407d2fed4e27e22a,0.6533945,1,1.0
VirusShare_0d9e1f9e50706f072dee65941be7d7dc,0.6445037,1,1.0
VirusShare_0baaae1fc8484bb49e0fede1a0e843b2,0.6527382,1,1.0
VirusShare_3d3242f75e0810f3ddda5243cc5eefde,0.6603966,1,1.0
VirusShare_64b0c369ef4741b3d56d7f881f5c315f,0.65443724,1,1.0
VirusShare_12c8aba923adb4bf147eb41873ee02a5,0.65538603,1,1.0
VirusShare_7738238bf263fa3ba9da89a93db89437,0.6636466,1,1.0
VirusShare_ed57b2bae3c8d51cb27baf034d417b0b,0.65512717,1,1.0
VirusShare_5c872de2fba3ebe2d263a13265673505,0.6528237,1,1.0
VirusShare_9a35146d81fece7528efeb5a0b3ea860,0.65443724,1,1.0
VirusShare_e7bce188e1b3a2fe5211282406ad5e77,0.65488833,1,1.0
VirusShare_7ec130975d27ef77613d54fd48818817,0.66124403,1,1.0
VirusShare_fb3c71fbc4767b199df0bbb0ecee31dd,0.6566932,1,1.0
VirusShare_56bbc04e969c7bd82ec9877f043eb8cb,0.66207033,1,1.0
VirusShare_11deca5fa323ac6a3257408f36298f67,0.6549462,1,1.0
VirusShare_89279b57889db42f06541babdcd98fb7,0.65095615,1,1.0
VirusShare_18ad66b76e142396aea99998bb2ede3d,0.65166104,1,1.0
VirusShare_0781e5edfa60608e787045c5a24f4920,0.6521421,1,1.0
VirusShare_fe2ff0e6dad4cfc099e6fdb79169c35b,0.6580385,1,1.0
VirusShare_c8c83ba1d5b85a38b6afb4888c1e46e2,0.65274423,1,1.0
VirusShare_ae8d1ffa5babc94fc0067f6eb000ea31,0.6546012,1,1.0
VirusShare_4995faf20ef313eeb460ffc7c2fb9972,0.6492811,1,1.0
VirusShare_f085647c97f5951f702b4142f397c207,0.6527486,1,1.0
VirusShare_8847963e9a863e96e502f3d64f276fff,0.65310645,1,1.0
VirusShare_41a6f9413dccc57a95574b2b13e78c6e,0.65653104,1,1.0
VirusShare_c93a6bcc4091571a0c747ea409bdf550,0.6546521,1,1.0
VirusShare_f43f999bcae8eb4e362801d61f16785e,0.65278244,1,1.0
VirusShare_60f71e0065f85a6c7cd738c6f1905c0a,0.65686554,1,1.0
VirusShare_34d2aa19998ebf081a13e110d831df69,0.6580902,1,1.0
VirusShare_91d1e5bb0bef70021de6f8ece7f672b3,0.6521421,1,1.0
VirusShare_753cef881bc66e06f793fdd28f1bc7b4,0.6490348,1,1.0
VirusShare_34e30d2dc8a0731254a42f6f8e573af7,0.65323967,1,1.0
VirusShare_032370c5cb9afd40c9e52bdaedcf5054,0.6627716,1,1.0
VirusShare_e3d5361a20cbecb7d1eda0f1dc8ec863,0.655194,1,1.0
VirusShare_7d3de021decf7343f3c4d4091d30fb66,0.6551929,1,1.0
VirusShare_4d817e5c68e9519d5514d506746318db,0.6674961,1,1.0
VirusShare_b8f6932954417dced73eea7f73ccc3e5,0.6506175,1,1.0
VirusShare_cdf45bd42c376eadca9800496e2089bb,0.6665686,1,1.0
VirusShare_c2e8eb683201c44d589272d7bc2e15ec,0.6485563,1,1.0
VirusShare_1e16a04a7084e61ad444510f1dd7acf3,0.654909,1,1.0
VirusShare_78b17a79bae78bf9e00b6570f9b38178,0.65872765,1,1.0
VirusShare_1f2e946df113605a896a24cd66acbacf,0.6666088,1,1.0
VirusShare_57fdb17bd473aad2f8f3b0c65b80b938,0.6590828,1,1.0
VirusShare_cf4fa484ea84d643c250ffa1b09487d8,0.6554688,1,1.0
VirusShare_c713e87e1a09011c893d5ed7b9bdb338,0.65566754,1,1.0
VirusShare_185a5554ad667ad738bf951bd40c7fa3,0.6564886,1,1.0
VirusShare_34b87653c39e8e1975b23a76ce989861,0.6596898,1,1.0
VirusShare_0f38600c38caa45f054b55a62c2c1ecd,0.6472665,1,1.0
VirusShare_8b82e120a717540548006fa371b7b1a1,0.6532182,1,1.0
VirusShare_fe5bffc2e41a869d436a778ccee06099,0.65069926,1,1.0
VirusShare_63f323247ed604919c268bdeda1b88b8,0.6578542,1,1.0
VirusShare_b76f26d7f0374fdfe692447cf296c1a7,0.6518768,1,1.0
VirusShare_02db1c7b1c580c2e49be12198fdc79f3,0.65638226,1,1.0
VirusShare_bd2b7be56d3ab5ab853a8972014f037f,0.6554594,1,1.0
VirusShare_bb7a87dcaabf682217125a0e124b0906,0.65662485,1,1.0
VirusShare_1cbf110ef18dc8d815a3433ad47123aa,0.64995897,1,1.0
VirusShare_624c4b3c898d43565fda3e0a643f1e15,0.6572915,1,1.0
VirusShare_1a913d47c88e6666a468ff34df81d323,0.6555438,1,1.0
VirusShare_4bb373d0f7047e91aefcef5cb67ef9b1,0.6436965,1,1.0
VirusShare_53ab295130fd8e7faee355196a2431af,0.65337723,1,1.0
VirusShare_54ddef21c651993a76150543ef041605,0.65596306,1,1.0
VirusShare_711a0bca36338a380d3cff3b209c62d3,0.64964646,1,1.0
VirusShare_71ac9681ad75954629e524ef1399a44a,0.64927876,1,1.0
VirusShare_61f064cad1798a5217af46460211a03a,0.6474922,1,1.0
VirusShare_07bb231a41d8574102a33dcdd39f8266,0.65407914,1,1.0
VirusShare_6cb69c4399835c8bb27eb04e9c8429b3,0.6631252,1,1.0
VirusShare_74aa214ea0c99a22277a6a4acf48b381,0.6501087,1,1.0
VirusShare_1faf044e6e009b1af1bfc31aa75d0a82,0.6510456,1,1.0
VirusShare_4ec190b7d2d4876c7e6f6e2d72ea81ee,0.65894586,1,1.0
VirusShare_055845dfd194aecf80673073cdc98964,0.66086423,1,1.0
VirusShare_a06a571909d4b21f54342d74f27f116b,0.65382314,1,1.0
VirusShare_989c8b6b433562491d77dadfe59b3c8e,0.6559598,1,1.0
VirusShare_ff61ab7c08694ba42edd0fb44173c8ad,0.64685816,1,1.0
VirusShare_4ae976e6e2528debe40c17d6bcebf92a,0.66131705,1,1.0
VirusShare_12c9fb53d674ba9198ee613e78108a29,0.6590828,1,1.0
VirusShare_d3869d1c2b8410fa43c09ba3df937e5b,0.65819985,1,1.0
VirusShare_333e4f82d7d32fff37f712ab609047fb,0.65618604,1,1.0
VirusShare_b81f45d4152e98ea5fc91142ddfeaa95,0.6572414,1,1.0
VirusShare_419abd35753365b4db88ce3b30bcf598,0.6537285,1,1.0
VirusShare_01d339047d8e109432a6f851128797df,0.6501571,1,1.0
VirusShare_7c8ac76e6d742de7969ff81a9d8b7956,0.65600264,1,1.0
VirusShare_6e74aafb9c8e916e323a39e9c7ded7fb,0.65146345,1,1.0
VirusShare_e87174de1f9469b7c2ca893081c6b9a2,0.65825874,1,1.0
VirusShare_96734698b78803f459b59cdb314b09e2,0.6509024,1,1.0
VirusShare_dfc88977ea8b42d8578fba8b9fe06ab7,0.655279,1,1.0
VirusShare_4ffc5e309767289a044d37b1a8398527,0.65746254,1,1.0
VirusShare_b4c85cb6746c5229851f6449ac7b927a,0.65699375,1,1.0
VirusShare_e17f8dad86101a6d678bbf536824da40,0.65015393,1,1.0
VirusShare_8b2cea11e9edc0b1cdb4dcc3a6c2d30a,0.6451626,1,1.0
VirusShare_863251c548f68b7b22bef6f4c912bb55,0.65592873,1,1.0
VirusShare_0e154cdc89802c5d039215c14bb974cc,0.6585941,1,1.0
VirusShare_2e97fcc492394e5b378e1d15a770873f,0.6625641,1,1.0
VirusShare_04c3ba5d614e715d779945b85a070ce4,0.6531308,1,1.0
VirusShare_e3181f812a24982e80c5aa433256b738,0.6631594,1,1.0
VirusShare_c42f5ac27931e2936fe150c97c8b99da,0.65879035,1,1.0
VirusShare_33fc057f0a09c5002578def807f7aed8,0.6499638,1,1.0
VirusShare_8e1424c1266b3c063b5714ed03b19f9f,0.65618604,1,1.0
VirusShare_8dcaf7bcb3af2542d75aae4186a7d61d,0.65819985,1,1.0
VirusShare_075dfde3c19a92959ce578cceb723282,0.65691024,1,1.0
VirusShare_355a1485944a383f359cd6024a35d90d,0.65385914,1,1.0
VirusShare_0d2d940bcf966cb6de60a7e8c262c6e7,0.64385605,1,1.0
VirusShare_7dad82c13143571caa2c25e45f5847b5,0.64912,1,1.0
VirusShare_0ef52213eabbb961ab936a8318bf6fa6,0.63859785,1,1.0
VirusShare_dd3451b2164431b5a9ba1184671290f2,0.6579,1,1.0
VirusShare_07700d0573a286d8544d554a26afd775,0.6580852,1,1.0
VirusShare_5268a6c128779c9afb19894c6deaeb16,0.65695727,1,1.0
VirusShare_2cabcdd7ec2047edd86c9d783f55cf1d,0.6530641,1,1.0
VirusShare_d790acb822729c901f38266bb5a7c52f,0.65314907,1,1.0
VirusShare_49c35f86ebfe449aea6a6f0ba71e8c6f,0.6436024,1,1.0
VirusShare_f2ddf80f11cf6909cb731d27a21db7ec,0.6556197,1,1.0
VirusShare_a2c895f95d9204986e919f6fe7edec8b,0.65411633,1,1.0
VirusShare_50a48d27fd51d163d9533447767f298e,0.6463258,1,1.0
VirusShare_51e7321f855f2fbfd0bd96207fc090cb,0.65819985,1,1.0
VirusShare_870a7cc7df2083cc0b2ae519c7c4a5c4,0.6587677,1,1.0
VirusShare_b47bfb83e80b2cb41df49520ea375b6a,0.6517929,1,1.0
VirusShare_993cea332274c551047b17ebf8f0bb93,0.6238025,1,1.0
VirusShare_e01d5534c52194e7f04f38e5a77b049f,0.6578264,1,1.0
VirusShare_0d205b2f04c3d04e2464095ab782d4a2,0.65274125,1,1.0
VirusShare_6933ac14ff5108e7a1f5be42f5594c43,0.6647762,1,1.0
VirusShare_18b35a371e827a22dd60ae4399acffdd,0.6503202,1,1.0
VirusShare_3219816cedb9be3d2fd7e3e8e8486bb7,0.6461288,1,1.0
VirusShare_629a0029f623f58bec1c5972fe6d1fc7,0.6561254,1,1.0
VirusShare_8ee8ee02a622dc07ce6458034803d2eb,0.64674807,1,1.0
VirusShare_556851e58b05166a5e7b36bd9c582204,0.65964353,1,1.0
VirusShare_51e6628d627fe17e771e59b1b93b4041,0.66330266,1,1.0
VirusShare_ee7b2d1a8bf7df8f1226da2d5497afea,0.6566619,1,1.0
VirusShare_258e9ade2002dae5e4e72f97d0c16565,0.565334,1,1.0
VirusShare_be88509fa11fba53614eff253fcff795,0.6581542,1,1.0
VirusShare_03bd32339c434d60df78f2d3af19525c,0.65447736,1,1.0
VirusShare_abe53fc423612b6efb60f8c3cae4326b,0.66350955,1,1.0
VirusShare_f7613aa8d314d915db4ce2682985c1ce,0.6530641,1,1.0
VirusShare_7d1944ca8f6437c7fdff0a782c6c8665,0.6626331,1,1.0
VirusShare_d326402aeb7181b10cc945a661cf54c0,0.6497095,1,1.0
VirusShare_a95484aca613795c3c410118717acf28,0.47285253,0,1.0
VirusShare_ae7b168731fa45cb6eb0f7f36e52c302,0.6602045,1,1.0
VirusShare_51cfcc56ec9afdf4663a262d500de655,0.6560918,1,1.0
VirusShare_0d2d85a362a5d952485c94ec32eb8990,0.6568749,1,1.0
VirusShare_c278dfea45682956c7edcc1ec537dbad,0.6554984,1,1.0
VirusShare_9c9cf10d7bbfd037300deccbe5171a6e,0.6634307,1,1.0
VirusShare_b5335a8970cf4b7548d1dd47de7f6825,0.65924996,1,1.0
VirusShare_a3dd17c0891d970f578cf2d4883af70c,0.6580974,1,1.0
VirusShare_c8ae34a43924630db2fda3b959cbb3c0,0.60709774,1,1.0
VirusShare_c9680fa86fb8b2d60ba2739e381c2cf6,0.6458498,1,1.0
VirusShare_95703c61ce0ddf299b5f652693c0db26,0.64650327,1,1.0
VirusShare_3d34f7dcfda9fc62374386db6ba4fc06,0.65485173,1,1.0
VirusShare_c0bbec275663b6e27f2080440cdd7bcf,0.65191776,1,1.0
VirusShare_525053337a33b167aa5ec2d1441771ef,0.6534215,1,1.0
VirusShare_7866dd3c37fa706a9084fee5d0e4b6e8,0.26971513,0,1.0
VirusShare_f2724b762587a89c1048ed8f8ea3620f,0.65851516,1,1.0
VirusShare_4e4f47b399a1e29306e66d8df53e3619,0.65392435,1,1.0
VirusShare_a70809ea4e7226fe72fa644b15667b40,0.6586781,1,1.0
VirusShare_362c3cc2bf9fa68b55efb5b152297181,0.6552002,1,1.0
VirusShare_4b36253202fda462a9245ba665f81a8b,0.65662485,1,1.0
VirusShare_8a1266395c294b765f1a7ecdc6daaa3a,0.6441117,1,1.0
VirusShare_014fc7ab3c40ff0022297260970db243,0.649365,1,1.0
VirusShare_713da5f0aeb8de7647b7e121ec993703,0.66098773,1,1.0
VirusShare_a2690a48f28ce980024b415b16c66c5f,0.66253155,1,1.0
VirusShare_4d6ac4c77049896fcb973540015618a7,0.65718836,1,1.0
VirusShare_8433969e1ad379893e0579b543d90206,0.65226257,1,1.0
VirusShare_418e8c9fdc04bd724cfa31d5eca9ebea,0.6530848,1,1.0
VirusShare_40eff19125ea892defd6a03409454848,0.6422921,1,1.0
VirusShare_045f92516cb8293aac38b727d20acae9,0.65463436,1,1.0
VirusShare_7078f15b9a6d5fb691b962c83a18d04c,0.6551264,1,1.0
VirusShare_0709f10d373bdf3c3ddc3279c8e16c41,0.661759,1,1.0
VirusShare_188435317cd75a97e8a7c2fb7895d8ed,0.65705454,1,1.0
VirusShare_45cebefbc7367d73d3f1016c2885463b,0.6559074,1,1.0
VirusShare_9d37409b0d6ecd065dc20f177b37a8c6,0.6487263,1,1.0
VirusShare_e09edc69ac0cbc75d42e1db2f13ecd5a,0.8530377,1,1.0
VirusShare_16ad7728f6d829e762f3e368fe5fb1db,0.6536516,1,1.0
VirusShare_76d4e1998371ae834de4b06bfe82b605,0.65474606,1,1.0
VirusShare_7a9e5faed97eb9932fd763c207e48975,0.655653,1,1.0
VirusShare_c85967c870895eedc6bf1d693d49473f,0.8530377,1,1.0
VirusShare_06993adcb7a0c7d2bd49ecb0a0fc5360,0.6622036,1,1.0
VirusShare_8fe87ed705eeb850c059b86c665a3ef7,0.8530377,1,1.0
VirusShare_1636855e579a0a26c220d7f4e1af8ef7,0.65018374,1,1.0
VirusShare_1f0872540079fce6cbe331d47196e088,0.6630118,1,1.0
VirusShare_008d6edef60e9e6460d8b78663995033,0.66080654,1,1.0
VirusShare_1c743352b5dec5e76f2ee58739432a5e,0.5199224,1,1.0
VirusShare_11e18cb85ede0a1b31bf15dee069522e,0.66258794,1,1.0
VirusShare_6a91b91a0d49d71829fb4f6e9374cc28,0.65442854,1,1.0
VirusShare_1c238a3bba1b34c9fdb6be911d2bec50,0.8530377,1,1.0
VirusShare_3951f39e088901d2a1fbfa1504ced682,0.6474539,1,1.0
VirusShare_8c921ba6ebd4bafb77d286a5fe87634d,0.650688,1,1.0
VirusShare_de57f60b7b4d3e18e03a266b38c27fce,0.8530377,1,1.0
VirusShare_0596049d17025937bfbcdaab05a7a621,0.65886724,1,1.0
VirusShare_41f4019aa39814136c647d59def4a4f7,0.65868425,1,1.0
VirusShare_69819184b8f13f3290c284c18fd6779c,0.6532632,1,1.0
VirusShare_095f46b2005c5304d499bc0a17c9b7ef,0.6564703,1,1.0
VirusShare_4461747e7aa58994978c549c812f9512,0.6583002,1,1.0
VirusShare_1199d2c34f953e48d89c0a06e4947dc3,0.65366334,1,1.0
VirusShare_bea775053516b64c5cc9439290eeb05e,0.6595944,1,1.0
VirusShare_e33f98a1cdec6e4d06656bfff737e271,0.65464145,1,1.0
VirusShare_721997d13ee2501dfd07dcee98657d5f,0.65735006,1,1.0
VirusShare_e82831823f35a55762df8935be5ef653,0.8530377,1,1.0
VirusShare_bed4d420eac0c501b7a3da9459d09652,0.65537256,1,1.0
VirusShare_496f6ef968480f8bc93204763ce421a6,0.6622036,1,1.0
VirusShare_8491ee627cf421eab540ef5e922810f3,0.8530377,1,1.0
VirusShare_c03826897629bfaad34abf1c95b93049,0.6468507,1,1.0
VirusShare_80a125ad9cdb7708ceb12c5435988acf,0.6540257,1,1.0
VirusShare_a8fc8e9490f393deb1b00d8aaf59d41a,0.65547913,1,1.0
VirusShare_a477ca3a86f4597d999978de16bdc8e9,0.67230344,1,1.0
VirusShare_d5b281b7678af609314c0065d20e0e45,0.65224636,1,1.0
VirusShare_97b3d346e949ffd49085de34de3cb566,0.6566857,1,1.0
VirusShare_dda7b023cb9fc259c5974d4cc1f4f9a0,0.8530377,1,1.0
VirusShare_3d9f22c7c8b5c61602cbebe5b174e866,0.66045475,1,1.0
VirusShare_a544d49cb4906e1bc70ed3e17a6c8cf5,0.65014225,1,1.0
VirusShare_dee43b19f065fc9341bb7f93694a6881,0.6582153,1,1.0
VirusShare_353e7d7a3e4ef1ab49528fa99a42254f,0.65262115,1,1.0
VirusShare_cdaaf1f72d1f9e8b19ec0180a74afce9,0.8530377,1,1.0
VirusShare_49886299cddfa1005e051b15a97b4667,0.6637288,1,1.0
VirusShare_150aa788f6d5476e9932f1179feec065,0.6524509,1,1.0
VirusShare_081e70ace7a5135d5c81874fe51be8e9,0.6600622,1,1.0
VirusShare_ee9f27c9f52e46b02e4fae64bf32769a,0.6492194,1,1.0
VirusShare_bc5bf8f1b628a7a66b77b585b176457f,0.6462066,1,1.0
VirusShare_f98cb3bd1a290964e2893082e14ca336,0.6542649,1,1.0
VirusShare_dc6ce6aa8597888e60221d8d3a7cb2a5,0.6467267,1,1.0
VirusShare_d720e82db72db87bbb3eb7add5ef318d,0.8530377,1,1.0
VirusShare_355cfe4f8dd3dcee65e34c673f1b13e6,0.8530377,1,1.0
VirusShare_34cb81fff292fac8c1a6b1335bbf8d2c,0.8530377,1,1.0
VirusShare_8a494aaaac221e6e4313509c35f052ec,0.6535598,1,1.0
VirusShare_3e6520de6e3af83954166380ccae7b3e,0.60691285,1,1.0
VirusShare_ba18b78503832818eeedfc12f1e2ec93,0.8530377,1,1.0
VirusShare_14dafe1e4906dea951a68367b7084517,0.6602295,1,1.0
VirusShare_763b0d3fbaee2b4b7a65492ef4b8c585,0.65030545,1,1.0
VirusShare_f73c46391f559199ceef6170a67cbe39,0.6523519,1,1.0
VirusShare_c7405b713da9941bf65113669c123d0a,0.6532606,1,1.0
VirusShare_181409d5b5008051e9a9f195185e3a7b,0.8530377,1,1.0
VirusShare_0b12b75faef0acb23d44428d13273cc3,0.8530377,1,1.0
VirusShare_37233a06a304e3dc4cca69a234786abc,0.6535999,1,1.0
VirusShare_100e01062cce996a45af938b19d8c5c0,0.6578778,1,1.0
VirusShare_4357630dcac349b366cbe002eb7a618b,0.6532359,1,1.0
VirusShare_4078be5ae739486b3a93088f6591964f,0.65864015,1,1.0
VirusShare_48accdaf28b40acb0504776e9d61f128,0.8530377,1,1.0
VirusShare_d177e8d8b368a6753be940969108c616,0.8530377,1,1.0
VirusShare_9a1d083d3db98e72c83d6d8672a92376,0.6509801,1,1.0
VirusShare_fbeaeae8173c1ce1b8dce45a5d2a3ef4,0.6024507,1,1.0
VirusShare_457e6111fb004c17aca65a2dcdc1cf8b,0.64922744,1,1.0
VirusShare_f536b91ced00a357d55674e24205297c,0.65837574,1,1.0
VirusShare_6307107031fa722ca4c6d6364059791d,0.646888,1,1.0
VirusShare_ec4ab56241a780ed6fca0f396a96ed58,0.6576189,1,1.0
VirusShare_104db9d8fdcaf36421442c131e8a1aa1,0.6543775,1,1.0
VirusShare_5a408366cc56f19384d6800f892fb26c,0.6558464,1,1.0
VirusShare_8220b32cd2378bda435172f2d556b970,0.65677583,1,1.0
VirusShare_1bd7a91adbb9d845d73cf7908e5828d9,0.6578802,1,1.0
VirusShare_100b8744f5de90bb918da678a10083e1,0.65817344,1,1.0
VirusShare_3b393adaa000f566c0fc76f843a0ff5f,0.6507232,1,1.0
VirusShare_f799658bd7502c35c883197b5c681cc5,0.64567095,1,1.0
VirusShare_12edcf24de4b6bbac56a6188f8d55492,0.65353423,1,1.0
VirusShare_47fcf523ece4f8c602195392f89cea84,0.65923965,1,1.0
VirusShare_b1285358ed0e484cabff3822fcc50b17,0.64604414,1,1.0
VirusShare_3fbf7d85d83c15e33fde052b0c543be0,0.6604665,1,1.0
VirusShare_3281dcef60d55d004b65904d5aa2ac1e,0.65350956,1,1.0
VirusShare_8211827107fc2849994029a2600db24f,0.6487347,1,1.0
VirusShare_bd08c764a55cbfaa8830666d1e4ffcb7,0.66000926,1,1.0
VirusShare_95a91665aea2be17cbc74d12bcba1777,0.65683573,1,1.0
VirusShare_56887e5eb70df54d2297de10a7a5a3da,0.65792876,1,1.0
VirusShare_561d9ca6567129373f1043da61d3c567,0.6543613,1,1.0
VirusShare_42acbc074f3583c38fd8e22d090ffca2,0.6577136,1,1.0
VirusShare_f23f792898343a603e959cb6e2980838,0.6560364,1,1.0
VirusShare_5450e64c0a05e4034e0a0f8b51490a43,0.6564418,1,1.0
VirusShare_a3fd6ab3b274c8d4816a2c10b3fed17a,0.6504923,1,1.0
VirusShare_1c56899df31d868b0a8528f85b3b0ced,0.5184522,1,1.0
VirusShare_447b0279e192ae22a83b25cd6cccf0f1,0.6706298,1,1.0
VirusShare_1a89f27a55df97187f0d8376c8098bba,0.6504904,1,1.0
VirusShare_86609603e8d64065c59d83c2b640cb57,0.6552397,1,1.0
VirusShare_da60d939802fa44642d7463ff43ef8c1,0.6536308,1,1.0
VirusShare_814f1321a6f20ca5133b3ff6b5631e0b,0.6525445,1,1.0
VirusShare_7ed005c134094db709f74162df5fadf6,0.64936954,1,1.0
VirusShare_7643910e78445aa2e3ffe2660d3825ad,0.64234674,1,1.0
VirusShare_62337e9299d627131c02ab819cef4aed,0.6536886,1,1.0
VirusShare_18d5fea08ea9d9e25d9fa3e9a60459c0,0.49784905,0,1.0
VirusShare_b75d392c286054bc99c10ede2bb9d295,0.6599249,1,1.0
VirusShare_887f907ceee6dd13624ebffbe10d75db,0.65119857,1,1.0
VirusShare_74483553ccdeb2ed641adcedf70ddc69,0.6646012,1,1.0
VirusShare_51919ee753f08271b992e268f5bb7e71,0.65238094,1,1.0
VirusShare_fc8bc226cf83db0a4201ea339f470c16,0.33522367,0,1.0
VirusShare_282212bdeda4a87f1de38119e02e4974,0.65699446,1,1.0
VirusShare_2d9cf00c70166605a6e7d8c477ae9029,0.65701634,1,1.0
VirusShare_7bcf1177d10c7cdcb0b16f87d7a9fafc,0.6631249,1,1.0
VirusShare_a97f61a2b770f7ba6e28c780ed99c630,0.650561,1,1.0
VirusShare_6184b4f907321d3e4c8e055b456af158,0.6603213,1,1.0
VirusShare_66384cef9bdedb061fb7e5e4af5c1c7a,0.6599184,1,1.0
VirusShare_25175b77017b3799b360499bf4c9f6c2,0.6467792,1,1.0
VirusShare_4113f83119bb0490e9c58c379964d631,0.6570629,1,1.0
VirusShare_11aaf7ad7f6890941bab0aad6b05c1d6,0.65722543,1,1.0
VirusShare_acf1c83753fc59e450c753703aae39a6,0.39177316,0,1.0
VirusShare_b0f8754e503fa0b558d2ffa849711ab0,0.66239893,1,1.0
VirusShare_2e7793444861ac811f747a97783d7b07,0.65769005,1,1.0
VirusShare_d047d39feefd68a23b627704cc7b59b4,0.65370905,1,1.0
VirusShare_6593c8f9281f874981851e80136ed756,0.6609056,1,1.0
VirusShare_6a56e66912840a78db2b2307d87432d1,0.6564692,1,1.0
VirusShare_0fa1dadcb3cf8fb063e72339042eb28c,0.6560918,1,1.0
VirusShare_23c970b4bc736368eae945ba9fcbbb4d,0.6496914,1,1.0
VirusShare_4402575f327eb2cc9fdbbb6dc5a36eeb,0.6587057,1,1.0
VirusShare_75ced3b546802771d63657a6f1896b82,0.6562613,1,1.0
VirusShare_b967ee7fe37bef5492b1f6a58ebdfeb3,0.65118754,1,1.0
VirusShare_875b0b47ad4a3df374364dd3c276c89c,0.6602976,1,1.0
VirusShare_79b49303fa0b17554287a801f2c8941c,0.65967906,1,1.0
VirusShare_ef016983cc8a6661b0f1bdaf8a4e23ee,0.65975094,1,1.0
VirusShare_df14fbde2615dc0a3df34ee75faf88fb,0.65472174,1,1.0
VirusShare_6509b328a9d25ed8a2532641f627bea9,0.6531308,1,1.0
VirusShare_1c584bf467589a4d731daa1913818d7a,0.65392435,1,1.0
VirusShare_b3a3da350c5e623a55d09e9102346ced,0.6423565,1,1.0
VirusShare_04416b64505de678d59277b73e5204bd,0.6474506,1,1.0
VirusShare_43ea6d4bdb6f692cf712c69707ea47a2,0.65562236,1,1.0
VirusShare_79b7cb433bddc7f3edc57c702b157f79,0.65398204,1,1.0
VirusShare_711ded04c2bef015131c870720135ba7,0.65462697,1,1.0
VirusShare_96a291255f0406c41550dd654c8c7aec,0.64858437,1,1.0
VirusShare_a9f5313e229b00e6a843d25e875b6169,0.64699,1,1.0
VirusShare_aa6a9e4041a8515305de820d57c81e81,0.65134084,1,1.0
VirusShare_535cbb5f479f6d62763c61f03f6a7f18,0.6518768,1,1.0
VirusShare_f25ab91ff64cd3ceddc9ba7024b011f0,0.65821594,1,1.0
VirusShare_89fbe2d2e216eb67836c8bb7be32b4a3,0.65663844,1,1.0
VirusShare_0c2ef49833aaefb7a76fd6817a8e1e4f,0.6552326,1,1.0
VirusShare_bb96666f0acd4c5167e974aecdb069b3,0.6531471,1,1.0
VirusShare_8d47b6463711a6b5725d3dd69fb10ea9,0.65052307,1,1.0
VirusShare_3c36334f710b72238ac51c90149bc021,0.64755,1,1.0
VirusShare_88fdad0f798e2341284fc9b45b536e97,0.647004,1,1.0
VirusShare_a3f2865f1ade9cf284084bae81e453dd,0.6506227,1,1.0
VirusShare_d5b42d9f83652fcd8b398fa1650869d3,0.6564703,1,1.0
VirusShare_0169fbb23e2f3548641bb58dfffbfcb2,0.6674961,1,1.0
VirusShare_3b759d598804714979209160a4d0a164,0.6542082,1,1.0
VirusShare_f707fd94658020173bbc6ca8779e287d,0.65686446,1,1.0
VirusShare_923e206ce226a4e4e8c7cb28d01c7249,0.65617305,1,1.0
VirusShare_a01500ddea0a9e7b21e08cec0bb5e632,0.6578826,1,1.0
VirusShare_510bc54947ef528656113b5e5b18ed37,0.5660785,1,1.0
VirusShare_9cf15295a3a2cddcbc8fc17576347f88,0.65929735,1,1.0
VirusShare_22d28861d2d39d7103428fef8f71df39,0.6579477,1,1.0
VirusShare_e8ca2fc2c7bb1f145a851540b6fb1cd5,0.635448,1,1.0
VirusShare_2e4a1ad218f4771f8a8a163388fafdfb,0.6555537,1,1.0
VirusShare_6c08b311e316430cd44787c7c18357be,0.65823543,1,1.0
VirusShare_b7990b3c6a41bda9f62aab81546cf9ff,0.65344334,1,1.0
VirusShare_d66301d2053e3b84acf8a38e5b831ca2,0.6547462,1,1.0
VirusShare_a9b5b3db3332b912793b402cc92bc2da,0.6456128,1,1.0
VirusShare_534d7e5afdb392b29302c7a6a16e0d7b,0.5876668,1,1.0
VirusShare_2b22ff30545d74ea31018e5bee3e619b,0.65169203,1,1.0
VirusShare_b1b32e6cd2971de077af0ab80207c994,0.6441117,1,1.0
VirusShare_c4a4c747ffabd65a13869d594436461c,0.654866,1,1.0
VirusShare_cdac656eb59a7a54533d59589569ba46,0.6566426,1,1.0
VirusShare_c8e00b7355964601edae11beeb1ba51f,0.6506227,1,1.0
VirusShare_a829e51b1bc6882708cebd8c8fcbb5c4,0.64213085,1,1.0
VirusShare_e899a4ba41fa693cf3549ea86012380c,0.6474506,1,1.0
VirusShare_42c95da513133599c1a7421cd5b3e53e,0.6603247,1,1.0
VirusShare_3b97889257d0f9342d21e068f1b4a19a,0.66027844,1,1.0
VirusShare_a1e6fbf729f699f061fc93c72ba9f794,0.6594074,1,1.0
VirusShare_3de8ff7c69cbec304b1193bd73eab44a,0.6536736,1,1.0
VirusShare_46d5448c16521d4929c0c039269870a9,0.6605214,1,1.0
VirusShare_0a3f7e5eb113f768dbcba51d00495e3b,0.657979,1,1.0
VirusShare_b213fdf2b170e1093c246fc37f61fc9c,0.6572414,1,1.0
VirusShare_9f9646b1b41878e7cc0336e34b7f9551,0.659053,1,1.0
VirusShare_27f9c3dbdf9ce706fe857433d8a52ff7,0.6474506,1,1.0
VirusShare_6377243b36414237c3ad834b7fcc0b12,0.65218747,1,1.0
VirusShare_a29877caa8c27265c1745aee2f0b2b0b,0.6585735,1,1.0
VirusShare_7f8f6a1d57c82849ab769e6c1099f3be,0.65766656,1,1.0
VirusShare_a6fac301558a4a6599a9b95d5a0f27b9,0.649918,1,1.0
VirusShare_f5b26fbeba96a7246006fa6252e4b4f6,0.6433022,1,1.0
VirusShare_6322275484be77409f626780cf0bf63e,0.65443724,1,1.0
VirusShare_002ec0bd37d0bf36f6641ec7a428c49b,0.8530377,1,1.0
VirusShare_a4065f46c029a0fd16f0deabeb0fc1fe,0.6027255,1,1.0
VirusShare_a0558d7e0f6a2d7e275bdd9b0474aade,0.6547698,1,1.0
VirusShare_7b8a11f17ac140e6256804a26e0b5741,0.6577798,1,1.0
VirusShare_cdb5eb531f66d572715f24af37b6d93f,0.65690553,1,1.0
VirusShare_01235b4414e5193190d87281f98ae5f8,0.648249,1,1.0
VirusShare_1dad58cb07b4407bfa32a6875bd4a1b0,0.6043114,1,1.0
VirusShare_f52b7a8b95685043fdecc949a776a4b6,0.64798677,1,1.0
VirusShare_b9df67226f278b30241466ca5ef76515,0.6568488,1,1.0
VirusShare_b16468f05d46817b21067ec5f82bfc5f,0.6532359,1,1.0
VirusShare_9828a50347873e70dca25d4eb56aa526,0.6596972,1,1.0
VirusShare_593ed3f252eab4c5002005ad61bcc4c8,0.6583878,1,1.0
VirusShare_130921a931b5534c56f3a86b349140ea,0.65378463,1,1.0
VirusShare_c7258d3d517c129e1786b818b3d0861d,0.6576257,1,1.0
VirusShare_74960b89d0bfac0049d4a6e53cf39c61,0.65126437,1,1.0
VirusShare_5d8528f3bed605938c93dccbccb3ace0,0.65848184,1,1.0
VirusShare_66ceaf196486b7539f5487b8723b2150,0.6535451,1,1.0
VirusShare_092e2ac7faea827f278c3b6f9e17cbb0,0.662411,1,1.0
VirusShare_0094c610563ab72fc41f86aacd548704,0.651898,1,1.0
VirusShare_2343ab71f5fdfdbdb579ab69ee9d8d89,0.6547011,1,1.0
VirusShare_ab58e3422e4096e67077ae5317fc7a74,0.65777034,1,1.0
VirusShare_70437eb99659d3e2ae46504218d86b9d,0.65823543,1,1.0
VirusShare_021ffeb5094f5058ca27a2494973b1a3,0.6634258,1,1.0
VirusShare_c4c6b0dc4ab0afc86171d28444372067,0.66015184,1,1.0
VirusShare_4344cfe0b3f47d2ebce7c1d5b3293175,0.641686,1,1.0
VirusShare_e469c26da922497658cc0e0852397b34,0.65938735,1,1.0
VirusShare_31d36153e5559df72bac585f0281f3a0,0.65686196,1,1.0
VirusShare_5e4de123387931f4eb31d4d1928d0e98,0.66149294,1,1.0
VirusShare_2d10a0e1e1791aecb2f0c2cc596e14e8,0.6577606,1,1.0
VirusShare_c70e1e421887b2e317de7c6932c69d83,0.6407677,1,1.0
VirusShare_255d6c82f6109f1fa7cd91c21af9a1d1,0.65647495,1,1.0
VirusShare_035a14d83dc0dc4623ed4166074a1a23,0.6507455,1,1.0
VirusShare_81c2248801a476aab3ab8932a6db2278,0.656734,1,1.0
VirusShare_9d4feda2fc67f2c12a076663b0b3c729,0.659233,1,1.0
VirusShare_703101c4524b767134e663d960c8761a,0.6528806,1,1.0
VirusShare_c2df346ad6ebcdc9a8e89a073359b755,0.655649,1,1.0
VirusShare_b1d0e4f015c248c65281f7a120fb6aaf,0.6573248,1,1.0
VirusShare_75e5be6f9e147af282c244eee14937ec,0.6596851,1,1.0
VirusShare_a85ed78260be9b7389eae3118a55cf21,0.6543444,1,1.0
VirusShare_722d0e3fbe457a4df48b6773bd451307,0.6447368,1,1.0
VirusShare_4da72c9649f8ad030727899896f2f76f,0.6580312,1,1.0
VirusShare_021b2a431a4a9eac8391caae91e8a95d,0.65319633,1,1.0
VirusShare_10163be231a9a88ffd4f53470b1752ea,0.64987564,1,1.0
VirusShare_22adce50c45639f18c11faf5ee123af3,0.6544639,1,1.0
VirusShare_dc97b01d6fc6a683571e09f21183b64e,0.65415084,1,1.0
VirusShare_31f735d1c8873594e3f29f57319ca11f,0.6592597,1,1.0
VirusShare_41408d96d32de4d9f400c34357c69850,0.65527403,1,1.0
VirusShare_56663611114a853a44b3136e73d40086,0.6574461,1,1.0
VirusShare_42b147f37f77f5eced759240d27836a7,0.4805326,0,1.0
VirusShare_a1d1dcb07a3fd6fcbe4a222ccf1532fe,0.6614589,1,1.0
VirusShare_ebf61f0e61ed6de0c12a2963ff623bc0,0.6532916,1,1.0
VirusShare_e49efca001ed16b973821401e98e9424,0.662843,1,1.0
VirusShare_fa27adda31a0e0e7cd21f3473a7dccca,0.65262336,1,1.0
VirusShare_20d73bbc35898acb077c8c16204ae714,0.6597291,1,1.0
VirusShare_719072ff38fecaddd76030d9cae41b32,0.66037244,1,1.0
VirusShare_307e2414831f291839e1e7d4607e6c5f,0.65905106,1,1.0
VirusShare_382bf93ab058bb724322ef6b98466a1c,0.63672954,1,1.0
VirusShare_e3ba15eefb46c24d6d34aeab161d1053,0.6552221,1,1.0
VirusShare_b0980d45d27f3463e9809f563e43d131,0.65720356,1,1.0
VirusShare_b9c050ba1d496540939dd6648571e86c,0.65462697,1,1.0
VirusShare_fc89251879c47e84d9d4d2de08dbd014,0.6583496,1,1.0
VirusShare_d2c9ffb3f538399fb406f03f1004098b,0.65837497,1,1.0
VirusShare_e01ca7bc4cf99c220b534a140d185be1,0.65496224,1,1.0
VirusShare_1472324154369675c7de0d354abbce8a,0.65859365,1,1.0
VirusShare_f74bf2e7789f7de622034265ab4cd873,0.6516601,1,1.0
VirusShare_defcc0335deb23b6847cc81ee87590b2,0.6510234,1,1.0
VirusShare_f74e3545970904752cd373804bcf4029,0.66386265,1,1.0
VirusShare_fafc9313429d7461d7259e37fbdec14b,0.6562007,1,1.0
VirusShare_acbf06550a88f31a90014c434c8d99f4,0.6579477,1,1.0
VirusShare_68e5154e41da2ec087be404eee70520d,0.6507455,1,1.0
VirusShare_00a79065dd2feacd1a104355c8475539,0.6529482,1,1.0
VirusShare_f9443f5b85ee93b0366e40fcad2b5409,0.66624486,1,1.0
VirusShare_38fadc478a9727af9a5a512922c7a7ce,0.652324,1,1.0
VirusShare_049b4a71aa0e28b29e19627f8742deb9,0.6505651,1,1.0
VirusShare_fde4eba477805e0a42a52f875844d1d4,0.6548994,1,1.0
VirusShare_6b08830772f6f4cef6ae64d2965b7fcb,0.64962924,1,1.0
VirusShare_4ec2c3b63a4c67730b323860d554babb,0.65745187,1,1.0
VirusShare_d0f2985a93b858018637634b351f78a0,0.65612316,1,1.0
VirusShare_76359f51b041172ba550536fe976725e,0.65677273,1,1.0
VirusShare_be856be9a630bf4cca54d67ec7c67dca,0.6541711,1,1.0
VirusShare_d25b4489c0f02e8096a8ce0ff7ddc25b,0.6497852,1,1.0
VirusShare_d6138083a25785a17d63375a50d8b418,0.65733206,1,1.0
VirusShare_26d9260b6f0203e5e298e4b5e5ef7ea0,0.6553364,1,1.0
VirusShare_66f5f65978b54c1aea83c1485d6d8e46,0.6575805,1,1.0
VirusShare_ca2f1a3c35ef256b37d1a4994b3e13b6,0.6573507,1,1.0
VirusShare_7c1f057c5ed631139e62df45d5188a32,0.6560303,1,1.0
VirusShare_66021242c5f39fbde65fdf3040d0acf1,0.65370905,1,1.0
VirusShare_33dee0a7d8de7c52ee62e25c279c6169,0.6488518,1,1.0
VirusShare_37b7d41a430faecf1f45dea3c0c486cc,0.6422372,1,1.0
VirusShare_c959d4454997ed0ad3e8e0a22e1f33c1,0.6544712,1,1.0
VirusShare_a0a57e369e5e0c4026c0ea0cd3fb05f4,0.64672863,1,1.0
VirusShare_33d256a375a8985ddeff955f156013ba,0.6555939,1,1.0
VirusShare_5d3c64b1c0bbaa648c6834a3b64fa2c6,0.36529255,0,1.0
VirusShare_fc06703a414e7f0e744bab48c5cca617,0.5687001,1,1.0
VirusShare_f3739175fafd5bf6b3dc3441b6c0fc1f,0.7244876,1,1.0
VirusShare_952392092309ece7e99f88916317551c,0.6554448,1,1.0
VirusShare_9cd8b32cf2848c4d5c3165d18ca087bb,0.65339273,1,1.0
VirusShare_3831504855915fd956d6ddd2a2a19313,0.6505372,1,1.0
VirusShare_c4aae78f636cf383f3022d5efae14008,0.6558849,1,1.0
VirusShare_bc8ae8510002f4f1208d825c8def6f38,0.63866425,1,1.0
VirusShare_ea96033cc88afae330a736b6cb5cab88,0.6551929,1,1.0
VirusShare_1019a1897ef1d9d3c03884d274ce7fb8,0.65370905,1,1.0
VirusShare_1a672229f02c6a1b243d1e121af20203,0.6576775,1,1.0
VirusShare_b1ebd7547fc32d69ba1ac13b90909016,0.6464535,1,1.0
VirusShare_908ae9703b9678b163f3d6bbe2a33bc0,0.65796566,1,1.0
VirusShare_65e52ad991c29321e4e1fa87e154d8e0,0.66917294,1,1.0
VirusShare_414205f86cce40db34c94fb9b7434305,0.65472174,1,1.0
VirusShare_f2c5b06c82a1379a717436a789379d67,0.65251917,1,1.0
VirusShare_45d88e5780352bbf6ab738aeb993aec2,0.6579511,1,1.0
VirusShare_de05cac2a447419d04fbad3d6773483b,0.65899926,1,1.0
VirusShare_55e4e51a752a839e60126331df007fe7,0.670287,1,1.0
VirusShare_c4318af92b56b7d1d519cabdafa470df,0.66308427,1,1.0
VirusShare_595171ef0f2d438f948bf773f35803d1,0.64698964,1,1.0
VirusShare_fd7d3668ff81e0d44818ec64858bed05,0.6545283,1,1.0
VirusShare_6f67ad75a6a66b987cb3d7246b94fd1c,0.64214265,1,1.0
VirusShare_dbbfeff19b17d3de356743a0c19fb2f9,0.65198004,1,1.0
VirusShare_e7c784d7f63b0e4850141eacd2c73574,0.65482295,1,1.0
VirusShare_eab1a40de2b1ce7df7e731c3f1c25564,0.6573019,1,1.0
VirusShare_67b610b04856619e8a5e49eb799be929,0.66128266,1,1.0
VirusShare_0a57f3243f06a6779e2cb7192336242e,0.65148365,1,1.0
VirusShare_3deeda4776ae388e45308ce991f6fce9,0.6567923,1,1.0
VirusShare_6c918e3ad7f105ca4b2a8f697d4e88be,0.65416735,1,1.0
VirusShare_ad6d290e6a6d51af9d26432e2b0eec61,0.65714574,1,1.0
VirusShare_163f9ce05c43b80588076bcdfa1ab640,0.66014606,1,1.0
VirusShare_7585bfa53322c05fec7dbeb703036bc8,0.6441761,1,1.0
VirusShare_a3b5e77af8d006c1a15a8f9cd3975f7f,0.6474216,1,1.0
VirusShare_1487133df380c4363eefe2573522debf,0.6522107,1,1.0
VirusShare_c5784bfe5240be6283b85f0266a16ce2,0.65736234,1,1.0
VirusShare_22cdef4509fdd6d6bbd236fecc7846e1,0.65335774,1,1.0
VirusShare_6d3b26f375041a577c8961e260706b83,0.6462617,1,1.0
VirusShare_3a65981e5d2d56553a0620cafa311ccb,0.6606539,1,1.0
VirusShare_4afc166877c4f608bbcadb30b76754b0,0.65774685,1,1.0
VirusShare_4586f775b7062ffcd52849e532390654,0.6527301,1,1.0
VirusShare_5235c0cb56f9929a7b55a99e80af2af3,0.65375376,1,1.0
VirusShare_3769bce546c62f2f74e90adfebdaad99,0.6603897,1,1.0
VirusShare_7331c3cc28f0c552f90208a73127b079,0.65495616,1,1.0
VirusShare_724b483e25d37476b04accd303b8972b,0.6461288,1,1.0
VirusShare_69cd17b077aee34a86f66f5b0cf5bdee,0.66152686,1,1.0
VirusShare_23c20050f74c106e49099aa626dfa2e0,0.6507728,1,1.0
VirusShare_80a847e61e2e48d4e8817575d1ffd8e1,0.6579,1,1.0
VirusShare_1d5017983465a3e3b57c49ada6cbec2e,0.65727836,1,1.0
VirusShare_823112ca171a970df086c35a243ff2f6,0.6602105,1,1.0
VirusShare_00756b42e3a0e7661c1b447f017abf35,0.65787745,1,1.0
VirusShare_1cad2f1947ceb5453774c600a078c390,0.66014427,1,1.0
VirusShare_0900e1698852397de7212ec79d11e173,0.6597505,1,1.0
VirusShare_5293b6e35765d37f770ea95c5764565e,0.6489456,1,1.0
VirusShare_7010def8070468ece4beefe61743be2b,0.66116655,1,1.0
VirusShare_a8bc5788b8705e15a9a8d8021064ed0d,0.65089476,1,1.0
VirusShare_b9cd31023107218553173b24905dabc7,0.6532606,1,1.0
VirusShare_590e7724cf908b3c45f6df58de25dd5f,0.65289104,1,1.0
VirusShare_7c0d419eee3326e725bd6305a59a4f84,0.6576613,1,1.0
VirusShare_75bd420174a53cba88d5a3300c2d38f6,0.6588745,1,1.0
VirusShare_90dfad532d897266a0542969858c6b6f,0.66451734,1,1.0
VirusShare_6bae5a1a2044e6ebf5ad6499cad62c6b,0.65227497,1,1.0
VirusShare_82da559ab1d5b0b08ed23955a77a6f26,0.65969896,1,1.0
VirusShare_25315c2a17f9fd7d82e53e57a3ac6485,0.6613227,1,1.0
VirusShare_a7ac264b16463bfd92de2b6bb6a36f18,0.6557346,1,1.0
VirusShare_636acc20fbd4e55ad1d99ec4ced36b60,0.6567481,1,1.0
VirusShare_0753e82d162d9e20f96ab51eae4cd20c,0.6613821,1,1.0
VirusShare_2504449a40655fc41032dd2e8bdfa414,0.6499193,1,1.0
VirusShare_4ce1d33a76b39c68aa7ee2a12e3b9988,0.65358067,1,1.0
VirusShare_1d5aa6682914729f11282d3c3d5312b1,0.6558439,1,1.0
VirusShare_1d7bed6d9d1ccab7941c15655426c15c,0.6486534,1,1.0
VirusShare_526fdf19920ebe28befae3e4c21055af,0.6513815,1,1.0
VirusShare_7d28605b43a7c934cac6c0397cb3c227,0.8530377,1,1.0
VirusShare_05b880985d695a1915090475adf6b472,0.65774554,1,1.0
VirusShare_b6407078701434f528178ee0e22247e5,0.6613029,1,1.0
VirusShare_0c0c7e583fa3cb70aebb185a6e19f016,0.65585583,1,1.0
VirusShare_a87346b1e4ad6c212f11b5851603f755,0.65314424,1,1.0
VirusShare_888be668895c287f203dbe978e3af7c8,0.6470231,1,1.0
VirusShare_80d5b77b3f3bc0cd5952bccc73a15f6c,0.65250725,1,1.0
VirusShare_779258bfd94b692219f9319daecb1777,0.654474,1,1.0
VirusShare_3cdeedea46148750152cbcb091d97d0e,0.65518856,1,1.0
VirusShare_356001153dd11c6621efff0ea32dc1bb,0.65698034,1,1.0
VirusShare_4d7c14824f5ecad2b76fdd7fbc29ec96,0.65631664,1,1.0
VirusShare_31b0afaaf626dcaffd92bd11270c7ac7,0.8530377,1,1.0
VirusShare_2744b2e9757999254e3dda44452390bb,0.6603897,1,1.0
VirusShare_8ee3a6d7c42bbd9fdac9daf8709fc523,0.6515575,1,1.0
VirusShare_173e5a464f88fbdd74e9f3fe767b1b62,0.6625904,1,1.0
VirusShare_5d8be5f064546f54f62a3402a19bd807,0.6552326,1,1.0
VirusShare_3d97557cf65419fe91523f4b82c91d06,0.6535903,1,1.0
VirusShare_15ad4c1e99221b918ceaa1dc3fa2384a,0.6532031,1,1.0
VirusShare_5152a30886aea88fe603f8458ad26722,0.65734035,1,1.0
VirusShare_089575fca1f3a5f8c509762cf6e245fd,0.657575,1,1.0
VirusShare_998200460cb6f509b3b3d17b925137b4,0.65005004,1,1.0
VirusShare_2fb8ea01b9df84d0c429ec8e343d400a,0.65360206,1,1.0
VirusShare_4378eb8909e58bb0ade84b24cdef5d19,0.6518669,1,1.0
VirusShare_187e22223fca625adb9b4bd8045ca213,0.64768815,1,1.0
VirusShare_5c8e8b62ac1a5305e42fe482a2f23380,0.6528912,1,1.0
VirusShare_f40ca138899c7968eacd7510bd7edac6,0.6536696,1,1.0
VirusShare_edc748568bed78c66ee98e492c5b2fcd,0.65314674,1,1.0
VirusShare_db50be097ce220f4f00e9794af5e67a1,0.65463835,1,1.0
VirusShare_1bc2bf1b1d166686d117ee97ce9df7db,0.6580607,1,1.0
VirusShare_640ca9c8dfaf76029b0eff5106ea4323,0.6547311,1,1.0
VirusShare_30c92826eaa13952ae4ec3963524db77,0.65506935,1,1.0
VirusShare_4dfefa8f4e681b45f4b429a3a99b2486,0.6537187,1,1.0
VirusShare_81cfabc5d4e59b96fd2fa362929cee1b,0.6612207,1,1.0
VirusShare_c8f1e637f6ba841becca8421fe66b0eb,0.14951618,0,1.0
VirusShare_0167ab906b6f0d56a94d157f5c10c2de,0.64782417,1,1.0
VirusShare_233c89fb3a897d0474ad042c54d84fda,0.6560014,1,1.0
VirusShare_3bd0b0fc7f32da8a91949273889c2791,0.6611678,1,1.0
VirusShare_2c45a4f308ba1fefd35bc6ef035ac3ed,0.6530651,1,1.0
VirusShare_dddf738b0344c35bdde36a53fc5e7b49,0.6539513,1,1.0
VirusShare_32905cd5da6a5a3a64e2bfaa54978e09,0.65837276,1,1.0
VirusShare_6f9e1fdbdd6683edbcf782cd94689426,0.65651023,1,1.0
VirusShare_740566c472c66fef9d00058d5eba1c90,0.65443724,1,1.0
VirusShare_782bfcdb1f462322a6afcf264e2c82a2,0.62459373,1,1.0
VirusShare_32fa531f9028e0b064c26ce09173ce8f,0.38576812,0,1.0
VirusShare_5c269013071ecc11de56ca8538d29906,0.6556943,1,1.0
VirusShare_1788d6dd2b327e9ddaae200449e80a32,0.64955366,1,1.0
VirusShare_f28d669341c2a80370b97a65ea09bd2d,0.65048915,1,1.0
VirusShare_11e6b244dff6f5e59b134aa867871721,0.7816379,1,1.0
VirusShare_292ae7102ec2a9a3bd2149f63b53e6ad,0.6560708,1,1.0
VirusShare_4331b223335eab7c1fe25a900c580529,0.6546749,1,1.0
VirusShare_d6c71d05488929f43bba5ed3053c34b5,0.65040195,1,1.0
VirusShare_fd0c598981fc8662f68bdb4ded985c4c,0.5876668,1,1.0
VirusShare_953361481d26cd732f29346b2a21c5aa,0.65540266,1,1.0
VirusShare_2b53cf7616208c3c65f7a8b9e1d92bb0,0.6562239,1,1.0
VirusShare_9a16ee58065867b9e36937f158a8f3ff,0.65635884,1,1.0
VirusShare_fef21676d6e6232753947abd48f6a9ca,0.65823543,1,1.0
VirusShare_18f983b5538785eb4c3db77fc9e07efe,0.6580312,1,1.0
VirusShare_7833585b8e0c9aa9d8fd2c22cc2650c6,0.6617613,1,1.0
VirusShare_b95cadacbe8f9b6e4732aeb194bd1fe2,0.65098417,1,1.0
VirusShare_562d1c41d4e8dc9e946620d1ad41046f,0.66350955,1,1.0
VirusShare_1113f5ff75152b03d4aa41085898d23a,0.6570854,1,1.0
VirusShare_6dc145750fc4829fa007c4095b0b5df5,0.6474506,1,1.0
VirusShare_2bf7c4bd940228d7907873ae77f4020d,0.6530063,1,1.0
VirusShare_4fee69e87eb31fd8a7e094d47e1c9d44,0.6488518,1,1.0
VirusShare_9523085f26bbba9636f69f36710e40eb,0.63192767,1,1.0
VirusShare_bf334fa3b220e93146697110ff006e41,0.6540891,1,1.0
VirusShare_a59ffadc644c47850733d62019255032,0.6576437,1,1.0
VirusShare_07d131b55efb1c08c9d554051b7954e9,0.6547462,1,1.0
VirusShare_a33940c9f1df7768fc9b45126faafde2,0.65008515,1,1.0
VirusShare_a5313b2c832268bf5f79759dde863f61,0.6524106,1,1.0
VirusShare_04b8c67e14cb74d205c34263d2ccfd56,0.6605938,1,1.0
VirusShare_ae2910faa8ed33607ea917c000bef5ef,0.6532359,1,1.0
VirusShare_1d3f754c036cdfb729c933cf38f76ac4,0.6580486,1,1.0
VirusShare_6d1852656b1f423fbaf0056abf45d135,0.65575194,1,1.0
VirusShare_437a62f46bbb70cd56a05c40f64aaea6,0.65158767,1,1.0
VirusShare_08990d8da99a6cc623825a369a5e63b3,0.6615344,1,1.0
VirusShare_33b99a42865a42374cf45b53e7bb755c,0.6496581,1,1.0
VirusShare_e5af8270739ef58ba8249d6aa2621eb3,0.65819985,1,1.0
VirusShare_63b49aebf3ca38b3a731acc71eba0891,0.657849,1,1.0
VirusShare_27467aa7518a3bb3f1c529a183050104,0.6564156,1,1.0
VirusShare_72c3d9690d474b9539ddcd88eec7f586,0.65527403,1,1.0
VirusShare_86fdff4baeb26ab6c7b042cbb5958398,0.65788335,1,1.0
VirusShare_4c3a7a4d7c4a8cdc241c7e87ca5dbbe9,0.6561775,1,1.0
VirusShare_bdeaff7dfb9e2e5ba690e57b928951a5,0.6569526,1,1.0
VirusShare_f629c43b11a0addcd6547dca820cca90,0.65900534,1,1.0
VirusShare_cdbbd033531dd78a8e24a532fae1fc3b,0.65943843,1,1.0
VirusShare_495f72eb0072ab7904dbaf20cbe98433,0.6539062,1,1.0
VirusShare_6d79e4b1a2d588d84ef879fe0c211ad0,0.65303624,1,1.0
VirusShare_0af6ddc71e82780375eb523a06392321,0.6525154,1,1.0
VirusShare_936228a78e418dae59af5a74499de109,0.38576812,0,1.0
VirusShare_894399fe829f42234a5de7a4da82f405,0.65443724,1,1.0
VirusShare_2a8f8d3ca30243f29ce38d70ffdaa3f9,0.6617705,1,1.0
VirusShare_16d09ce5e18c788ad15848fa87741e3d,0.6614959,1,1.0
VirusShare_3a295a3f13064b7f80e17699fbfb01ce,0.6528846,1,1.0
VirusShare_7a679503e2b3d2ce54e3e5839e615d7b,0.6558176,1,1.0
VirusShare_5728cfa6e3c5e7802119c09542eecc1e,0.63846534,1,1.0
VirusShare_6e2bba6f2a2469ef3df1d73461e2fb27,0.65569,1,1.0
VirusShare_de455b61e117fb3cac06d4a62fdc9d8e,0.66141987,1,1.0
VirusShare_5e990c5457707f41c3b72acefa304932,0.38576812,0,1.0
VirusShare_9757e263e7c9878372f635e29de4c341,0.6565268,1,1.0
VirusShare_538fa7e094f456383ee1827beca52f61,0.65467465,1,1.0
VirusShare_9ade849aa624a899f37d2970f5ead1a8,0.6521618,1,1.0
VirusShare_aa5b66e0b1682853f0809e9a78ccffe6,0.6429664,1,1.0
VirusShare_72eea7c8316ce1c1f30b510d9aae0ceb,0.6122961,1,1.0
VirusShare_6a733b341dd044dc1a19b15554b206ca,0.6482372,1,1.0
VirusShare_843fa020a3504957e2e313d9bfdef235,0.6539898,1,1.0
VirusShare_794f5db6840d322358ca328f9366d874,0.65218747,1,1.0
VirusShare_f55def7f7ff7602570976da6565094c3,0.6529482,1,1.0
VirusShare_023efa51de04f3d039afc37dd190cf31,0.6472265,1,1.0
VirusShare_375fece2e25cc441df8b89595a21271b,0.657249,1,1.0
VirusShare_4df0cfe9fcdf8c9fb535cf2d87c6e99d,0.65705353,1,1.0
VirusShare_6d75905a5b1e5b1c473619509ce575b7,0.65485173,1,1.0
VirusShare_d050e7056034c7dbcfe30c1e66ec0c8f,0.65540147,1,1.0
VirusShare_61af3b28454dbab18aa73de574482544,0.6608943,1,1.0
VirusShare_048ba9c56e430b58f984a4e40a4745e5,0.6560322,1,1.0
VirusShare_9bda26af23c7ce7f9beb0150061f2d5c,0.6588159,1,1.0
VirusShare_3e92c1c86129bdfc92db4092a29efd11,0.6573057,1,1.0
VirusShare_d582ccb63b26afa029edb6d87bfd9c1f,0.6625149,1,1.0
VirusShare_3307eb80460665fbb087b1b7a4395f16,0.6556576,1,1.0
VirusShare_784ccf907b6c48e86f9dc9cc4dbfaed5,0.66350955,1,1.0
VirusShare_874ec76fc55f366a6754bced3288fb3b,0.64906245,1,1.0
VirusShare_674a166dc277dc2d761fe8e1d299cab7,0.38576812,0,1.0
VirusShare_e07b2932a1f4d8b4f9d2fce600607918,0.6558009,1,1.0
VirusShare_f125652e3db9967ec6a485a3819771fb,0.6530703,1,1.0
VirusShare_62c234bdf2565caf70ca964b40895d50,0.65524197,1,1.0
VirusShare_bbae7c90287b5295bca5d2e21f65cca6,0.65722543,1,1.0
VirusShare_ddbde1896575d07afc40f73bdf6b765e,0.6653863,1,1.0
VirusShare_a9c3992162cac921edf3ed00aae47d94,0.38576812,0,1.0
VirusShare_03cff10162937c4c67c99aa6b81f9912,0.6645652,1,1.0
VirusShare_b0f693b1769d1fb6ee9f781d886864b9,0.6497429,1,1.0
VirusShare_d0313a670ce6da82b1b5edc52af8ecf7,0.64650327,1,1.0
VirusShare_3007b112c66efe16058db08eea2c8c18,0.6534215,1,1.0
VirusShare_c2f8a9a87af0a0fbc6043ffffce43963,0.6531504,1,1.0
VirusShare_9895d4b6819b1f8e6e490b45f3a8d05f,0.37433696,0,1.0
VirusShare_84b58df2620bbe3fbec67651adaa90f0,0.6537542,1,1.0
VirusShare_bfa282c2e5043e3d5c75462358db9d3c,0.65042216,1,1.0
VirusShare_20e9bb2a51591abb0e54e82e082ac2f4,0.65368235,1,1.0
VirusShare_ba131e2e10dbaf7ac9a5f6ad00441d54,0.6572461,1,1.0
VirusShare_14c9fb4d45f9f977d3d96b0c44f01e56,0.6518768,1,1.0
VirusShare_659efb29a5fa157a0a1300dbdba48974,0.6574461,1,1.0
VirusShare_c7d4efa3c1553ea170621f5ccf331235,0.37433696,0,1.0
VirusShare_0619cfb4a9e738ab8cc54085957772e5,0.53021175,1,1.0
VirusShare_dc990eb47e166235a09b022ad31023ff,0.66008645,1,1.0
VirusShare_5c422e58d8c2198473181fc2d7ebe148,0.64650327,1,1.0
VirusShare_b01dad4aa00f0ca3c5adab758d819efa,0.6570025,1,1.0
VirusShare_ea3b7fd9e9d3a6468fe3a4b87064eb87,0.65521,1,1.0
VirusShare_5c59d525275099f10857f277cc88e0e6,0.6508925,1,1.0
VirusShare_13635992714a48d5c9b1cd2b7b4edd3d,0.19931981,0,1.0
VirusShare_5c62a52034ce60c640ea64b6b31ef103,0.646605,1,1.0
VirusShare_533573aefc3286dafa54211e31072760,0.6502382,1,1.0
VirusShare_79c3fd24eac87b95da3c0435ca58d086,0.64897484,1,1.0
VirusShare_b802993201cbda50191f87ac04509d21,0.6491738,1,1.0
VirusShare_65886b1284f225d71d58d728c9ba1f0b,0.6634258,1,1.0
VirusShare_2289ecb26167aa1f5d06baf02be65dce,0.655908,1,1.0
VirusShare_4b3c9168a1b19fb910631c8389510e62,0.6590121,1,1.0
VirusShare_b37747911e0a3ab30e02c6405bbdad07,0.6544712,1,1.0
VirusShare_530fabf5390692e5ec1f5e9e2ae832dd,0.6554594,1,1.0
VirusShare_03220ee3e4ea642484ec889f9293cc6a,0.6509135,1,1.0
VirusShare_68cdbf3f138cafe70c48adbd9a49ad3f,0.6552326,1,1.0
VirusShare_e4bc8a471ef5242cc30aac995b8d8c2c,0.37433696,0,1.0
VirusShare_b70c2e6fd8b32e1989dfe7a0aa8be77d,0.65660715,1,1.0
VirusShare_f268f5077863f4ee9fb9b788ed9bf8ac,0.6545283,1,1.0
VirusShare_427e624111ea8fb5a528060d7f5d7df9,0.65890014,1,1.0
VirusShare_bc7f8460088b78d850a3422bd501b405,0.6552326,1,1.0
VirusShare_7e538fde6ae30ceb2cae45a65645c388,0.6510456,1,1.0
VirusShare_8831f82120e280a6ee23e5c879547f80,0.6477121,1,1.0
VirusShare_314f56385835ead199ae85fc65f23343,0.65938294,1,1.0
VirusShare_eb1bb35b80c7331017b1b56784017a61,0.6566316,1,1.0
VirusShare_86f355032d1a1e56b0badc1cc71be3eb,0.65096796,1,1.0
VirusShare_3d970bd83370aeb4ce8b2628ccfb89af,0.6488718,1,1.0
VirusShare_cf47319632e0b1d4a4ed457c5862b642,0.6473384,1,1.0
VirusShare_dc3beacdc5da98b26b86c79f3181dd73,0.6436965,1,1.0
VirusShare_5256986e494ab9c53a8be416f57bc1d7,0.65576273,1,1.0
VirusShare_31583a68c6122fc2caf37675c016a166,0.37433696,0,1.0
VirusShare_2310e2f5cd5ba555525609b713cebce3,0.65849453,1,1.0
VirusShare_28cdfbc70b2186213cb15fd811d1471d,0.65808934,1,1.0
VirusShare_ddaee96583132661c8bb60935d8c08cc,0.65218747,1,1.0
VirusShare_d4ea3d6ca5e96576b05c4f59818e8583,0.65600264,1,1.0
VirusShare_0924a6619882f0bd822b558a7b2d7caa,0.6467288,1,1.0
VirusShare_b4404b8f783c89fb57a7ad8dd20b44f2,0.6551929,1,1.0
VirusShare_19c948739ad217bf79d77e007d3d2cf5,0.65257996,1,1.0
VirusShare_aa1018bdb940ab777211d10e97dea0a4,0.65274423,1,1.0
VirusShare_48d1936ff01c261228ebea7024829302,0.6611234,1,1.0
VirusShare_c2f7beba96bd149d31aafa29c8379968,0.65467465,1,1.0
VirusShare_22173ac074cbcb7f5f6bfa8a024ee566,0.6651513,1,1.0
VirusShare_5b000d6a7af908e38498e65ed94e04a4,0.6561228,1,1.0
VirusShare_64e211ce9a1e85c2f75c235a2181fc1b,0.65483665,1,1.0
VirusShare_bc41322c38dc509170a7e1141171662c,0.64650327,1,1.0
VirusShare_f16681552f8ef4d9d6df588178d780ba,0.65222394,1,1.0
VirusShare_4d0f2942b347c0a8936f8d8b9db93aaa,0.6626272,1,1.0
VirusShare_cd3137b61fd6f0e79a359d652e9e0e02,0.63946855,1,1.0
VirusShare_8a3f6881add7b264515a7551580e12ff,0.6449962,1,1.0
VirusShare_fe1a8b831ae2bfa7a49846b4608f916f,0.6550943,1,1.0
VirusShare_45a5e794d93c32c3ce995613c0e5c64e,0.66350955,1,1.0
VirusShare_b8f29694cb464e53f16854fa1344844b,0.37433696,0,1.0
VirusShare_124095422709a2db46a3fbf48829cd1a,0.65699375,1,1.0
VirusShare_c81e7e7e66eef699f1eb325688e739e0,0.63984287,1,1.0
VirusShare_02884c991cdac63c3561c064c50b7ff1,0.6521618,1,1.0
VirusShare_9f3a6fd4462198836cfafc88252b9d7f,0.65853006,1,1.0
VirusShare_4d72a91af9b0791956a60441a770f6ad,0.65370905,1,1.0
VirusShare_64ade6ff10f9aaa0862d7971190c4ef7,0.6545545,1,1.0
VirusShare_0d6bdbd5dfa3b6f31c6a8c040385dc40,0.6615615,1,1.0
VirusShare_1676be75e7a8016a38bd91f9fd8ee30a,0.646605,1,1.0
VirusShare_513f040bb406148b34c9fff34f0bb54c,0.37757552,0,1.0
VirusShare_64ae180dda30a2b5e0d6d644e5615b73,0.65584344,1,1.0
VirusShare_7318e2df5bbd6977ace5c4c14d2d050c,0.66123116,1,1.0
VirusShare_fe440d84144062f8353818e43fdcab5b,0.6483673,1,1.0
VirusShare_dc7eb28f7e8520648db6700e31f55cb5,0.6579,1,1.0
VirusShare_f3e45f00b14b27a28c0ac04b5475a4a3,0.37433696,0,1.0
VirusShare_75ee9ac1462516592107536bf9bd48cb,0.66321695,1,1.0
VirusShare_59f887a1edea35aab86341731a556b90,0.6555537,1,1.0
VirusShare_386d22518e054b3e5c7eb9e974e3fd17,0.6390607,1,1.0
VirusShare_a58f26fd0ebe8bd93fc4f385665761d8,0.65370905,1,1.0
VirusShare_41cb593c8ff31a1b0d57cf11b1e11de0,0.65627027,1,1.0
VirusShare_9828daa3ec6a65daebf9402fda45d6fa,0.6552326,1,1.0
VirusShare_1652f4f98bbcd842685e84e15b6e5679,0.19931981,0,1.0
VirusShare_8e0d4df4e6f714404ef3de73b3ac23ed,0.65640056,1,1.0
VirusShare_8f7b86fdc86fae48aef072cb80367231,0.65370905,1,1.0
VirusShare_9abcd1c103171f416739575ada636bc5,0.656662,1,1.0
VirusShare_355ffee57d5a77066dbd1192ffa70442,0.651505,1,1.0
VirusShare_573342cbf7f57ec736ffeeee9be7a78c,0.6591614,1,1.0
VirusShare_c24d569ff34ba5a16e58732f9597c954,0.6572414,1,1.0
VirusShare_46325de08bdfded908ab9234931e726d,0.65319103,1,1.0
VirusShare_94de6ab4e1b8880d03eb2717abe6e138,0.647004,1,1.0
VirusShare_f061a6d35693a91a0915522f885a47a8,0.65631485,1,1.0
VirusShare_747ffd863fdf134f412e4392b5e458b1,0.4110856,0,1.0
VirusShare_852ea34e37fa245f4fc300b25affa1c5,0.4110856,0,1.0
VirusShare_dde6303a66ca0a09bd7767acb5fd9872,0.65849453,1,1.0
VirusShare_e3ab7053ac4b12fde07f881b8632fbe5,0.6612237,1,1.0
VirusShare_841010ac25944de4e5b062f83ab52bdc,0.6507455,1,1.0
VirusShare_5d6fc19a01aa6df2e7ffa9a40a375aca,0.65191776,1,1.0
VirusShare_38c69b38ae85e1d8a8c7e64180b93924,0.65223634,1,1.0
VirusShare_5e5eaa636faae85a7dce98b7e0235fcb,0.65690553,1,1.0
VirusShare_19c85fb576384f43020ec787fd389e21,0.4110856,0,1.0
VirusShare_914e84bcf9a1f569ee440ac3b8c7cf5b,0.6436024,1,1.0
VirusShare_97e066b8e272fd81f936a9e172028313,0.65118754,1,1.0
VirusShare_183e258abdc0195b1f92bb0326d8d370,0.6634258,1,1.0
VirusShare_2eb207af4a7bda19a37eff78c8eefb82,0.6573531,1,1.0
VirusShare_38cb1f585f75628a939efc4acee12449,0.6551929,1,1.0
VirusShare_dadaa4d5cd6a7a062c390cee0eb8fe8c,0.6517227,1,1.0
VirusShare_b6f7ae48d11ae008d3a4276d4c1033f9,0.6567999,1,1.0
VirusShare_f2d98c1ec216f8a8cc39582626d3898a,0.6609713,1,1.0
VirusShare_88f72397a2adafcf6e1009f118fa50e2,0.65153164,1,1.0
VirusShare_bf5655ab33ba4b26231edaf35481242c,0.65823543,1,1.0
VirusShare_ee248842f62b464600cb95983a20d3ab,0.65863526,1,1.0
VirusShare_a44da05743bce2cb5b206f112f0dc276,0.64478457,1,1.0
VirusShare_93c0493fc193e4d7e9da355096aabc48,0.65554065,1,1.0
VirusShare_72a93b0ab70b8a35468d41f17981d1c0,0.6544057,1,1.0
VirusShare_607321ed7322a4744ef0e966ae7235c3,0.6595079,1,1.0
VirusShare_f03c630d13f453a3ad6c51a3f1198027,0.6507455,1,1.0
VirusShare_6c413bb56bcc6dcfce474a92ee9d52ad,0.6474506,1,1.0
VirusShare_b305770ae8621c8521e41eef218e7848,0.6436965,1,1.0
VirusShare_c0ea1e6bdd5434cd320dbb88de42875c,0.6532858,1,1.0
VirusShare_77ee2d6fb5e7397a47b71201de0ff2ab,0.66131705,1,1.0
VirusShare_8974840fcf6895337cb1511593be0fdc,0.656055,1,1.0
VirusShare_e2698fcd1af94a02e6dd495548af90cc,0.6501252,1,1.0
VirusShare_fa5016c7899a50bcb89bc9cccc155033,0.4110856,0,1.0
VirusShare_dc80272fa4e3fa13201bdf13e938edf3,0.8530377,1,1.0
VirusShare_5d4819f90a4cbfc10f7505b61ae1109c,0.4110856,0,1.0
VirusShare_85866c3e1e3214a09e8ec6c3e540abf0,0.4110856,0,1.0
VirusShare_0266d4e34bfc0e32b3ff5bf954b86a8f,0.26971513,0,1.0
VirusShare_f38f2f119671e92140f08ae9f6739c15,0.6626817,1,1.0
VirusShare_5d8343b0cc4ffd27d31e567550d8be1b,0.662602,1,1.0
VirusShare_ad851ab04df8af4cc7c77e7659f30474,0.6576468,1,1.0
VirusShare_09742081940486be45a25ea4b9957fbe,0.65245306,1,1.0
VirusShare_8d171fddcab2701212a4c00f906b6bc7,0.48196188,0,1.0
VirusShare_7a4dc981c668417a7f70b7d0f5db1014,0.6466497,1,1.0
VirusShare_e440690028ee4b6aea913e62090bfec0,0.6506227,1,1.0
VirusShare_d0cfeb4c5955a8495c3d589b29416b4b,0.6576437,1,1.0
VirusShare_23b26004ee1463f13d2951d0e880d4a0,0.65382314,1,1.0
VirusShare_f5e90fdd0bf9e96de367667b9f0676b4,0.64213085,1,1.0
VirusShare_d6a6ed5009256e62b7d68de1d3792d7a,0.65480256,1,1.0
VirusShare_4c4b1a83f61fce6e573da8d5552ee0f8,0.6546262,1,1.0
VirusShare_6f17de1c2b4e4f907b37a2fc327a1a9b,0.4110856,0,1.0
VirusShare_cf88f09d06e7ee2e6f74939c42b3aff7,0.48196188,0,1.0
VirusShare_3dface1abdc7a0c864a9b0f308e00935,0.66008645,1,1.0
VirusShare_4bcaf42c3f459f4ad800123ce52b4126,0.48196188,0,1.0
VirusShare_fbcb3da7ae810e69b7324fa915e6844a,0.6576107,1,1.0
VirusShare_40ac091647a1ed96722a4740d03446b1,0.6560918,1,1.0
VirusShare_b2ee4be32e821e43740b761c9af6f2b3,0.48196188,0,1.0
VirusShare_220ce5dd5d976044c766621e31bf3527,0.48196188,0,1.0
VirusShare_7adedefc4da2a15fad8ee72e0d662c86,0.66008645,1,1.0
VirusShare_c9a95167442d593b09945f3fc1441bc0,0.65452284,1,1.0
VirusShare_eeeb478e6db34388e571c5564cc4714a,0.48196188,0,1.0
VirusShare_cfbdc0ef637a08366dc0c26b7170acbb,0.65118754,1,1.0
VirusShare_766ae1aa919cd76f089e3d0ae112b013,0.48196188,0,1.0
VirusShare_b2bb60c683433031458ebab59a0f5938,0.6610919,1,1.0
VirusShare_e5ba5dc6b006ac8e0a69a3b1a1add195,0.64713573,1,1.0
VirusShare_e5e30a3779b81c64153c2a60805d79ed,0.65870756,1,1.0
VirusShare_8cdbb33fad5419cfa8c35afb3319ed7c,0.65648687,1,1.0
VirusShare_e19e7a295d4682742552280931857b43,0.6469368,1,1.0
VirusShare_845e27c1b9c85259e43364ffe45b9f44,0.3125236,0,1.0
VirusShare_97e8df5400c99f49121660e3c3c56662,0.48196188,0,1.0
VirusShare_6db29ce8a80bec771d39234331fe3297,0.66119254,1,1.0
VirusShare_0ad8635f4400f8b2cc26bf8f7054cc7f,0.48196188,0,1.0
VirusShare_8eeb43cd1498c17b43d55c9cf4eed715,0.48196188,0,1.0
VirusShare_b86f64a18c9b98be4e2333fc078b1d64,0.8530377,1,1.0
VirusShare_a01420124efe0f05b70b3c038586f15f,0.65868425,1,1.0
VirusShare_4beaad00c342d69324f5d406d4e772f6,0.65870506,1,1.0
VirusShare_a4f6797e98bf4de44bf39594b0fe0595,0.6530651,1,1.0
VirusShare_43e66910c94a7b0785998f35512eeabe,0.8530377,1,1.0
VirusShare_eeb8fc175d684670591441d0be52a374,0.6529332,1,1.0
VirusShare_8d29da420616c25bde972e636c9865f1,0.6476672,1,1.0
VirusShare_b2894fdbb602e98bb51e832c12065d16,0.65326846,1,1.0
VirusShare_49ae45d93245615c7b3d92672938c48b,0.6387147,1,1.0
VirusShare_a08fb3ec6dbefb73e0887c7ddcd8a993,0.6489868,1,1.0
VirusShare_f4df9802cf21a03d32c36e80efbe7135,0.6542018,1,1.0
VirusShare_29a6791300462c2488964acac33e2c5f,0.6574932,1,1.0
VirusShare_c8d44070669f1573f41d42c67c940305,0.6567907,1,1.0
VirusShare_5a8c76222d9e522cb3ac42834acf2575,0.6584074,1,1.0
VirusShare_ab59a58a2d5db4c0bbb6f8d094bd8ee7,0.8530377,1,1.0
VirusShare_fda7487c5baadcf6c1f424efedb36d74,0.6530651,1,1.0
VirusShare_7b3f9434313954e876ecaa7df71fc277,0.6558571,1,1.0
VirusShare_3737b8bf2d95c124b66d6175ff0317ff,0.8530377,1,1.0
VirusShare_3f305f11684f3ceb64d6cbcc361bb98d,0.648101,1,1.0
VirusShare_4f6fafbabe94fabe1a182999dfaa4b24,0.8530377,1,1.0
VirusShare_00be062cc1311ef9598e5014c7a70550,0.66116655,1,1.0
VirusShare_149745d88ec44fbac17c4f7a5f42ecc9,0.65885645,1,1.0
VirusShare_905b734fe535e3fc8de1439bc00062ce,0.653885,1,1.0
VirusShare_3517c5507ee7e4f7b477c7d63b72a318,0.6572546,1,1.0
VirusShare_ec3bf095efaea57c3472f2e7528ab401,0.6535967,1,1.0
VirusShare_95fdb76ee2c7db758eabe1ca44c82980,0.6505206,1,1.0
VirusShare_302e250b710770918e435e30414a0b22,0.8530377,1,1.0
VirusShare_27898442a36980e9948d6085c81bedaa,0.8530377,1,1.0
VirusShare_ed627f6beebbd81f80b8bd325c7b2f35,0.6568624,1,1.0
VirusShare_657c86009551453e5beef8ac0e8056ea,0.8530377,1,1.0
VirusShare_537c2ae387ca540e15eee09b251a036c,0.6514003,1,1.0
VirusShare_3abc7d18f29747e223ecd100a2c06c03,0.6541254,1,1.0
VirusShare_0ab0d6bee7030f5a73ce9b9460c3f6de,0.8530377,1,1.0
VirusShare_842add1176450c3cf800518625cd3acc,0.6468442,1,1.0
VirusShare_2e4a8d10de3a731219c849dd58b28127,0.6579772,1,1.0
VirusShare_8bcd8cef9d032eeda98f8e9d646efef2,0.37433696,0,1.0
VirusShare_31d2631f74dbc1d93a9084c675b27e52,0.6527396,1,1.0
VirusShare_1ba125e5cb69cb895fa3ceb52d621e7c,0.8530377,1,1.0
VirusShare_c5f3db9e192dd6ea0bb9680aa2f2ce6c,0.65412855,1,1.0
VirusShare_5caf7deece3b7def5b88d57f05515ff6,0.8530377,1,1.0
VirusShare_e4e59849831bf066ff2ffefd4494c0e0,0.6541098,1,1.0
VirusShare_5b400f024ba11a2b96a493178a3785f0,0.8530377,1,1.0
VirusShare_d4b1c6dddc9117e4dcaf3bd169d9124c,0.6564267,1,1.0
VirusShare_34d8bda29d961c5757f3a8a0ef971205,0.48196188,0,1.0
VirusShare_be2e130f09a8a95541a975107bea7c1a,0.64213085,1,1.0
VirusShare_171943ef8248e6b444cad4d87618f0bf,0.6572968,1,1.0
VirusShare_4b02995f223eb7c37ecb4a13104fd094,0.6552564,1,1.0
VirusShare_06647f5bd3095a6fb53bd86b82d1da96,0.65220153,1,1.0
VirusShare_86702973a895c7e3eca711b3899608cd,0.63946855,1,1.0
VirusShare_ef8854d445cff933d6ed5fc87e3a6eca,0.13955322,0,1.0
VirusShare_7fb03076e7ddbcb629f10d5b97ea4f9e,0.6607016,1,1.0
VirusShare_74051fa7c63fa096bb1e0aaef3e74d25,0.65784615,1,1.0
VirusShare_82ee4f26e651a73ea12303b203daf2c1,0.66485137,1,1.0
VirusShare_f52de23c7818000491867b69460358c0,0.6523814,1,1.0
VirusShare_22c92c657732acd30dd669c0956a0f18,0.65118754,1,1.0
VirusShare_688964c0a6a4ae2e804e117adf6e45e7,0.6574461,1,1.0
VirusShare_d9c7458d5a5868b0e6525ba19d1c49ae,0.65755343,1,1.0
VirusShare_c625b2e419c4229341ea592d3a623be8,0.6567254,1,1.0
VirusShare_dcdc9c0d270edb99e877c0123afc26c8,0.6499959,1,1.0
VirusShare_e428207141b7a6523c9912fc3689ab3e,0.6557563,1,1.0
VirusShare_eb60e2fb5909d68efae3306118dbf9c8,0.6556392,1,1.0
VirusShare_a1313b43c766cd732f2d0d90a1126b0f,0.65376407,1,1.0
VirusShare_904a5f8bc1a9dffda854d6f210f5763e,0.64858437,1,1.0
VirusShare_a21774879425511d5b58a19ab9a89546,0.65337723,1,1.0
VirusShare_ad9f2085ee2335378a8c7b09201ac1a5,0.66268283,1,1.0
VirusShare_a62a66dc3372ef5bf35595f2676edf7c,0.65488833,1,1.0
VirusShare_ce754e615edd21ef080eb7036f6e550d,0.6539186,1,1.0
VirusShare_4e120e201ef1e0c75a923215aa66e07b,0.4110856,0,1.0
VirusShare_6ff94b985b6386699a06e4a582fb962a,0.65333223,1,1.0
VirusShare_33c223ca603f4132c1a328306c143489,0.65604675,1,1.0
VirusShare_fbbc229939777f361be8a92b5933310a,0.6531721,1,1.0
VirusShare_9920e5ba4e906446abc528aa05a799fc,0.6521295,1,1.0
VirusShare_ea493f5e8880470167bca90b13e09edf,0.6521295,1,1.0
VirusShare_d34e7dfb4003f853b6f6c493cc708c43,0.6463258,1,1.0
VirusShare_d6051f7433fea7b080dd46d5381451b9,0.6532947,1,1.0
VirusShare_9f77eab0d5b8ab7bdc93d6745663bcaf,0.659052,1,1.0
VirusShare_d7bbf2e0e7589d3748f8de7f8d28441f,0.6551508,1,1.0
VirusShare_0c36125aa9694f2a914b620ce6fe997e,0.64767325,1,1.0
VirusShare_ec401c33c197930a3e79930ffe25d62d,0.61469346,1,1.0
VirusShare_425edaec6b35b3a12852e136409d42b2,0.6591614,1,1.0
VirusShare_e7861965b7938a6c0e7a50cfa0c0acf4,0.65357786,1,1.0
VirusShare_a6bd12cbe786508dc7208a4b11bb656e,0.6539186,1,1.0
VirusShare_0a57e226953136ecc4588d77cf175f7e,0.6585105,1,1.0
VirusShare_5112122997b00cea0420f2cb7e5ad1de,0.6525527,1,1.0
VirusShare_e7fc63ff90a4e14b1c2485a128d5cd36,0.65467465,1,1.0
VirusShare_9bc268302fe83cfe97f809f6a1af0aeb,0.65508103,1,1.0
VirusShare_08167deda8cea0b8a7c220127cd38499,0.6651513,1,1.0
VirusShare_f799e4ff215855b403178dd4c7c57261,0.6599766,1,1.0
VirusShare_001965eaa8eab4e761ac99c31c26d3e7,0.6542126,1,1.0
VirusShare_8aa3d68e11eecea93193577fcbfd08f6,0.64082223,1,1.0
VirusShare_8c2920166a61764ca4dea497e1f32bdb,0.65191776,1,1.0
VirusShare_ec18ed35d7a0c2ff24a520f1bd266a9e,0.6618718,1,1.0
VirusShare_cd45dd80a962cf8db1ba126acc0a1cc7,0.65158767,1,1.0
VirusShare_a9614777ca635f1a6127c365fa758775,0.6555537,1,1.0
VirusShare_2a12147433e1ed732750e3c249c16314,0.6443467,1,1.0
VirusShare_02bd26259ac0b3341e81d7b60107f5b6,0.6537279,1,1.0
VirusShare_be9fe8bff43aa1309779b260c2b01988,0.65722543,1,1.0
VirusShare_03bec39f80b1f3ebd091b30dcff0e298,0.656145,1,1.0
VirusShare_a25c16a45cff4aa494b30c6d3a1bc162,0.6572414,1,1.0
VirusShare_62b46fabd608c9c6c0c1d7eeebb6810e,0.6562613,1,1.0
VirusShare_0a992494af9b5fac6921a8ae90e7cfd7,0.6480316,1,1.0
VirusShare_7b6093c802a4e3d73b32271bcb88b4e6,0.66152793,1,1.0
VirusShare_d88f4768692cb52b2d7d6676c4b8a373,0.66253155,1,1.0
VirusShare_8859b59926b349b4944c849a7eaa27d2,0.6574461,1,1.0
VirusShare_ac6b7ab1a9bfc1f6110b77f84d9813bc,0.6525966,1,1.0
VirusShare_e4cc68b047f19cef1e4b5c16c18ccaef,0.6575576,1,1.0
VirusShare_2d1fa820ba56c176b78704ff44e69291,0.6544057,1,1.0
VirusShare_46a8852a96208fb50a3e9873def7729b,0.65118754,1,1.0
VirusShare_5347756551ad8fdb13469228f89d5470,0.6592411,1,1.0
VirusShare_dab103b441b9cb2f74576fc3289ee4d4,0.32449642,0,1.0
VirusShare_952690726a66fd42fc4a5fbd4ece0c5d,0.6542126,1,1.0
VirusShare_284a0d9f549bd05a5bcd42c98d0e6e07,0.65103436,1,1.0
VirusShare_8d0ca4cd2304e6ebb1bf9811565312f4,0.65698975,1,1.0
VirusShare_3b66b11f3c6fc5666c9d71e5f5862f32,0.6515575,1,1.0
VirusShare_b05814fb61d92441f482bb73d2654a13,0.37433696,0,1.0
VirusShare_ece41a99f55e98ea26fadc5de0366d0c,0.65934354,1,1.0
VirusShare_e040d45796390932fac7315ffbc6b968,0.6552758,1,1.0
VirusShare_38bcff23f1e2c2edf894077d7d1eca53,0.6521019,1,1.0
VirusShare_050d6395e9d0dd0655a01668662062fa,0.66087264,1,1.0
VirusShare_ee356f8c7dafb1ff569285ba0ba34e0f,0.65900534,1,1.0
VirusShare_4a3722b03319c5ebd1c0b698985e7cb0,0.65319633,1,1.0
VirusShare_96fbe9c42ac8744896db11cb63263d6b,0.65357786,1,1.0
VirusShare_fbcec1d89e58ff8a9a321ca6dd558643,0.6535592,1,1.0
VirusShare_6aabc5d9887fb70eaf05503a7d965db2,0.65400386,1,1.0
VirusShare_eea5878700acc7567ddc503c90ac572a,0.65485173,1,1.0
VirusShare_483edb6dca7b39ccd8fe8043a2654958,0.659015,1,1.0
VirusShare_26e7116649bed18a5f9df63319cacce3,0.6572414,1,1.0
VirusShare_0a97c81b690054204a89053f18118e35,0.6468258,1,1.0
VirusShare_cc0f1611d8e1ca7e1525751cab168762,0.6560049,1,1.0
VirusShare_75206e7dddfbd0380a246fa714e8c6d3,0.66416997,1,1.0
VirusShare_90db2ecf2443761e4475e357c1e596dc,0.6567885,1,1.0
VirusShare_20f167fdd879972ebb07066cc07e5952,0.65607387,1,1.0
VirusShare_84b21d6ef5265ddf5b4b8c8e59ece9de,0.6593215,1,1.0
VirusShare_f7ec52589a55712900afdd5ab077b66e,0.6585399,1,1.0
VirusShare_b8b9d353adfc664f81d25e31a2414222,0.651873,1,1.0
VirusShare_6344582d3a195bb40690ebf312e3130b,0.6609056,1,1.0
VirusShare_20c5209c71b6b67549d84bec5477659e,0.65020615,1,1.0
VirusShare_e3af37613b9115060ee2d17fe4e7b201,0.6458498,1,1.0
VirusShare_4efe0ca47dcb7b531dd72b023930ee4d,0.6627458,1,1.0
VirusShare_560d64dbfcf949fa9334589df3789e1c,0.6539844,1,1.0
VirusShare_f45fa24e7ac028700332279de43605b4,0.66091585,1,1.0
VirusShare_093fa1f45b15b1860a1a541632bed815,0.64980775,1,1.0
VirusShare_e68cbd77210526ad5c684254977a7ca8,0.6503202,1,1.0
VirusShare_6e33cafe0893fd17f47dab64847e52b9,0.6567828,1,1.0
VirusShare_9479066a30a616ef466d0beb3e8f3442,0.66308427,1,1.0
VirusShare_26c366d9c15a68c12b68e6490883297f,0.6551508,1,1.0
VirusShare_021d969291dcf19aea568e6e34803425,0.6600323,1,1.0
VirusShare_71392096333ab384b0621dbc3c4a379b,0.6609999,1,1.0
VirusShare_0fd607d2c64169d977c6fc960c1d53a4,0.6646012,1,1.0
VirusShare_b2de8b9738479e503020ee13601092bf,0.14716479,0,1.0
VirusShare_c1e3471fc3d9400b2c2000d23445d93a,0.657249,1,1.0
VirusShare_0e52c3ddce0ed4c41cb55c1afedc3796,0.6507455,1,1.0
VirusShare_7c6439ce866025ac2235700b01892302,0.65699375,1,1.0
VirusShare_893aa29f463ab5ce26b83b8d64c5338f,0.65722543,1,1.0
VirusShare_1205f90be43af6943251eec5b51a1597,0.64704114,1,1.0
VirusShare_b376e206e09ecac0cd5e169f253c052e,0.6564182,1,1.0
VirusShare_a2e21b45515270c40a8ded79e26c286a,0.6504802,1,1.0
VirusShare_566677c5244037687176ca6f7ee6f64f,0.6546749,1,1.0
VirusShare_f532ac17c59db9e1ec7d4dd3c274f357,0.6518515,1,1.0
VirusShare_c3eb48239b405972e7de93fe90c94859,0.6615615,1,1.0
VirusShare_52d8addedb4c0bc3a361d81452f7514f,0.64120877,1,1.0
VirusShare_6b2390677a7212e9dcc4b11dba8f35ab,0.66049874,1,1.0
VirusShare_308a832c135aeb79144079c55d861df3,0.6447368,1,1.0
VirusShare_7b4e04dfd3fef1e5bbe7bfac710f7fbe,0.6547561,1,1.0
VirusShare_1b9ecf844d86abc8c761a857cc16c6ca,0.6606089,1,1.0
VirusShare_a3ee9ab4f1376cb849e825ff3764309a,0.6521618,1,1.0
VirusShare_72e8f5e4cb748e25a00d5df349065223,0.6405083,1,1.0
VirusShare_a13b73a88bf297a1d933a8c4af3a70b0,0.66274714,1,1.0
VirusShare_7b6d5862312f06f527c57c3e6c5d5a46,0.6628771,1,1.0
VirusShare_2f0e1abf77fd3601314d0d8db620dc36,0.6623432,1,1.0
VirusShare_14d0271898e8c008e45c59b610b82a32,0.66049874,1,1.0
VirusShare_dc8202be39afa9b12d7d5e6c3b68d008,0.65020615,1,1.0
VirusShare_6236c18c84200b27dc91703f922ddc03,0.65669316,1,1.0
VirusShare_c8071f9ea64de49dd79dc4e1ca7452b5,0.66268283,1,1.0
VirusShare_7636d8f2893b407ec2e945298e231b34,0.6609999,1,1.0
VirusShare_de46a72f699b96a519ac7baac6b25607,0.6499638,1,1.0
VirusShare_7ac21648d2c5cbeee9e4964ee028f31b,0.6543206,1,1.0
VirusShare_e3b7c33e7fb4c653a7772728453551b3,0.65857947,1,1.0
VirusShare_5c6b89e45d8fd73a8acc63655a4071b2,0.65733206,1,1.0
VirusShare_664dd4914c88ec3ece601d154ab5706c,0.65794176,1,1.0
VirusShare_08aa3f7167a4af6f0a0c34cab538889a,0.6533059,1,1.0
VirusShare_dd80c59c031778daec4186cb269a11d5,0.658286,1,1.0
VirusShare_17256684972d5679ae506b0d5041216a,0.6556561,1,1.0
VirusShare_800ce4efc2f6a9aeaa2c01c7d05112f2,0.6533209,1,1.0
VirusShare_3b8eae2b448ce40c71ee963c898ebe59,0.654909,1,1.0
VirusShare_dd8a4b98d7208e11491d80106d89e42d,0.6649477,1,1.0
VirusShare_b09a890b9f453dc4eba47cdc749213ca,0.6531639,1,1.0
VirusShare_16c41f89f972c0bce00ac4ab4167629d,0.65792876,1,1.0
VirusShare_ab57000079e1647a40b918f77fbe2a4c,0.6496914,1,1.0
VirusShare_6a64166cc2c2aa3d3476c747d68509e2,0.6490348,1,1.0
VirusShare_6e41aab3ecf2dc22ea9b0b41db9c36d0,0.66093737,1,1.0
VirusShare_171c94def3576ca6023a24da64d3f9ff,0.6596851,1,1.0
VirusShare_404015039bc49d0594af7a198205ba32,0.64989483,1,1.0
VirusShare_093cbd261c3181c32c4bc0ba49cc5f89,0.65669787,1,1.0
VirusShare_aa8c363e694d7320ce6922827c5bb095,0.6516986,1,1.0
VirusShare_26db39b1a6c46ab752d9ae0b031058f0,0.65257996,1,1.0
VirusShare_2b93003ce7bc5673c85c3b2caa5fdaa5,0.6613329,1,1.0
VirusShare_7e0308ddf9b692e8a5da69c23dff617b,0.6581315,1,1.0
VirusShare_1e3ca9ae3b5319446512cc9517d13e5b,0.6539186,1,1.0
VirusShare_9736bb6c5ce47dd8e644046ef17c41a0,0.65020615,1,1.0
VirusShare_78379388dfdaccea6b5500dea8726e2f,0.6532359,1,1.0
VirusShare_5e30bb83d120c21396e13a4df6fd5e43,0.65498394,1,1.0
VirusShare_45109cedbe096c9c65483ca7bfa324db,0.6674961,1,1.0
VirusShare_ca4d265873e524b1ac68809f2e9a26e8,0.65303624,1,1.0
VirusShare_9c5fa6c8f43dbe9105cf068582969cb9,0.65492594,1,1.0
VirusShare_9e6c82e38676f6422e7f3415583ac818,0.6480316,1,1.0
VirusShare_1dbdc700644c53dd79f7347ff78a9b2e,0.65191776,1,1.0
VirusShare_569dcb07a2f742541a3948d1f4d3a021,0.65853006,1,1.0
VirusShare_5c6682f18cd477e58351b5825207d10a,0.6548675,1,1.0
VirusShare_e355ece8194e5678d78d33e04c233f1a,0.64650327,1,1.0
VirusShare_d533cd611138ff6cdaa48fc017e9583c,0.6507455,1,1.0
VirusShare_55deef67346f5881898ddae86a340a71,0.66268283,1,1.0
VirusShare_b9c2b4e4d0a0c6806ade8c61fce08efa,0.6662423,1,1.0
VirusShare_fb6f028a11a4f438e81219bbb7288edd,0.6595174,1,1.0
VirusShare_1b706f01cf28db700b6ca8f233c31475,0.65560913,1,1.0
VirusShare_492ff7840cb777c62693f30eaf73b561,0.51054513,1,1.0
VirusShare_822e67bf0ff73efb8f1825ad2a4cc8eb,0.654866,1,1.0
VirusShare_00795bcc703c27ae96143401088c9874,0.6447368,1,1.0
VirusShare_e2d054e0744233c2fb9263bd425e92a5,0.6542126,1,1.0
VirusShare_05f140a8c7a2dfba0783aaeff7c89db4,0.6593696,1,1.0
VirusShare_6484ef167fdaa5016317a069a7077155,0.8530377,1,1.0
VirusShare_d89c90a5fd1711fafbaf611501352e2b,0.8530377,1,1.0
VirusShare_7eb1c58d3eed31eb631f3ccc73c313b1,0.8530377,1,1.0
VirusShare_ce1a814eb26ae7349551c05cd275aa0a,0.8530377,1,1.0
VirusShare_c73a74ee80761bfb92649430daf46dd6,0.8530377,1,1.0
VirusShare_2c724219bc0e52083c2eda9a7eb64339,0.8530377,1,1.0
VirusShare_1aa0f7ec79ff30e70a257956834fd1bb,0.64663154,1,1.0
VirusShare_48293f859db09ea7465da70421fe8f25,0.65460604,1,1.0
VirusShare_4b0fe707db679723eb5d4a6750454efd,0.8530377,1,1.0
VirusShare_f0f4683a48bcfb72e37b9b7b785a6c64,0.8530377,1,1.0
VirusShare_215d48922a2c747e39e6719ce231ac5d,0.6577424,1,1.0
VirusShare_3bb37bfb11f947b428f4cd14bb9d489a,0.8530377,1,1.0
VirusShare_91229495c475d87b4d6b9bbde52a3a2f,0.8530377,1,1.0
VirusShare_dfd65c7e014b1f2967e10b796508d4d8,0.6307089,1,1.0
VirusShare_0dad96e3309e4d510b36030f2c2f0675,0.6554762,1,1.0
VirusShare_fa1d586bddac3d021b42dccd59eb4458,0.65719706,1,1.0
VirusShare_5dab00bb736422c6775d8ea58c928f58,0.65729165,1,1.0
VirusShare_eb2e88b86c8667ac84072efb41a2c278,0.6550923,1,1.0
VirusShare_c74a0c804bc74079be7bd43731751c67,0.8530377,1,1.0
VirusShare_12a09da083979b1255043889e5d51a96,0.8530377,1,1.0
VirusShare_ad7691fb7e2063ee36cd3f46eb4411f5,0.653687,1,1.0
VirusShare_2ee81e7de26322379569e1d04d04b628,0.65920657,1,1.0
VirusShare_6d27fcbfedc8341a1c348b0d2b2561d6,0.8530377,1,1.0
VirusShare_aaa1e8199ee19439eb4b16f0478bce3e,0.6567644,1,1.0
VirusShare_50cd18021cd033403716e9b2df3fa04b,0.8530377,1,1.0
VirusShare_6d193828833b6933276e36da8469866b,0.8530377,1,1.0
VirusShare_6cbd254cbaf5b515f0e0a173d8a78204,0.8530377,1,1.0
VirusShare_5c220859c7383125b1af4242b9570e97,0.6599345,1,1.0
VirusShare_98139ac2b19d774de89dc8bc709271ab,0.6569562,1,1.0
VirusShare_1b5ba30039625731f63849f059d97ad4,0.8530377,1,1.0
VirusShare_cd761aa5ffc445de1e8d2c8851d5f654,0.8530377,1,1.0
VirusShare_24eadc1a34c0600cef801e53d55401b9,0.65704405,1,1.0
VirusShare_ba4f8c2bd493526faf222acebcd06503,0.8530377,1,1.0
VirusShare_db4569042d84cfe3e57cc9c06200c652,0.65347934,1,1.0
VirusShare_8948d047893d1bef8791fc588b3fc0ed,0.8530377,1,1.0
VirusShare_987b5f3e272067c2b4016b6fdbf5fac2,0.6565309,1,1.0
VirusShare_0458ee247a0eb4cef24181425256080e,0.65909636,1,1.0
VirusShare_3def0607257eeb3c95c54b55c7a780d3,0.8530377,1,1.0
VirusShare_cc911c9f0600a73485445b7392055be4,0.8530377,1,1.0
VirusShare_41b41fb9a8eef77edd28751ab0d8c950,0.8530377,1,1.0
VirusShare_0b608bf77e34f08909d0f5311a773a00,0.8530377,1,1.0
VirusShare_e50559adbe7ab59c8db6c141506751a7,0.8530377,1,1.0
VirusShare_39d13e139b57575b500aff09ddcfd335,0.6603187,1,1.0
VirusShare_555a9d04d50e2a86f392270bd489d23e,0.8530377,1,1.0
VirusShare_51acde1a3553aca5110d8c06cb2d2f26,0.8530377,1,1.0
VirusShare_d5a2e875287caad3806e0727f880911c,0.8530377,1,1.0
VirusShare_4fad24b6248fcd01c45191c567c377be,0.8530377,1,1.0
VirusShare_ec34e43b2f0c2fd66371db44f3539b2c,0.8530377,1,1.0
VirusShare_45aa0568563431896e80ca88a0773634,0.6504367,1,1.0
VirusShare_f7c30b5ff9555f75e7383ceb3ada195d,0.6545776,1,1.0
VirusShare_fe79d903254d5fef8dccc79b55d51271,0.65243655,1,1.0
VirusShare_15bb3a1931a8a8c8f36608729dca33b9,0.65253705,1,1.0
VirusShare_dcfacb6a163a4cc700c660b0017abcb9,0.6550695,1,1.0
VirusShare_4151f6bface3aab891a54d6627c6b1a4,0.6604479,1,1.0
VirusShare_fc270463213072156f6e6550e99ff206,0.8530377,1,1.0
VirusShare_15b8ee58b7db8c8f85c1aa59753c18f9,0.6534031,1,1.0
VirusShare_328db5cf9a158070ee756ba3912fa8c2,0.8530377,1,1.0
VirusShare_157a83a2d185fa4431eef0bdf56507bb,0.65109944,1,1.0
VirusShare_ecb935c3213f05f7f385c644c73c86d8,0.8530377,1,1.0
VirusShare_c9655133fb5af3182142666c17430908,0.6474216,1,1.0
VirusShare_8e21643b02d8c920a36b04e1b050e744,0.6611025,1,1.0
VirusShare_39afcef2ff9c4ce5a2ffdf701317c05d,0.6549567,1,1.0
VirusShare_3b86a064fc8d141d16917ddc3d8392a5,0.651505,1,1.0
VirusShare_b6f4dd8933627926695022f443cdab53,0.65747046,1,1.0
VirusShare_1d5eaeb070d51ab396fd267ccfb015d4,0.28777915,0,1.0
VirusShare_1906d0716332ca1a92069c77918585d9,0.65443724,1,1.0
VirusShare_395a8ff650b79a389ccd05536eeeca7f,0.6571377,1,1.0
VirusShare_f5f256da48bec7c40a23817e1b938074,0.626526,1,1.0
VirusShare_daebe12ce691a49ea50fa273b3080eb2,0.626526,1,1.0
VirusShare_db69f87a10131928152fb9e23b73142d,0.626526,1,1.0
VirusShare_b095422903637f5422cf90f2a7e04411,0.6554594,1,1.0
VirusShare_b209191e0dee172943e3e0c1f7c11dbe,0.3499187,0,1.0
VirusShare_081c323a1c39dc1d9f0cd55e972971ba,0.6539594,1,1.0
VirusShare_49429808432ddeb4bc2b1dc89216a3db,0.65446746,1,1.0
VirusShare_a6314dffba29e6331bd9921fa08a6c58,0.65744036,1,1.0
VirusShare_f2ac73c33f46a6a6e55881531259573b,0.65222394,1,1.0
VirusShare_8cce0f9afa920130f77a9afdfe8013bd,0.65315956,1,1.0
VirusShare_d9e42135df88b004f5070e92068afc58,0.650229,1,1.0
VirusShare_daa2df9a97a7a2631dd06b9bb5a1d62a,0.6548675,1,1.0
VirusShare_b0d1ed099d4c297ba240452aa0790d17,0.6525154,1,1.0
VirusShare_0b9e961fbfb290c1c2872cdc65aefbd6,0.458212,0,1.0
VirusShare_e77dd03d6a3975ffe2f99a567b2a8a46,0.6554591,1,1.0
VirusShare_9e1fc6994d16d6b8e99a181edee70ef0,0.65333223,1,1.0
VirusShare_f344679e822e09060ff41ef8b943d90b,0.6467922,1,1.0
VirusShare_80cd8df756d0026c76d0d58103afde90,0.6572461,1,1.0
VirusShare_0865d1520fc11ca7990b3237b412b066,0.65709114,1,1.0
VirusShare_63584f0d077e36e7c966facdc55d53f3,0.64061207,1,1.0
VirusShare_daf8362c567f700b989e43568c06ac99,0.626526,1,1.0
VirusShare_476626464dda4f309e41a490cf5ca435,0.66268283,1,1.0
VirusShare_4a5c6180c144fe9f3dab04494ddefa06,0.6558176,1,1.0
VirusShare_86590438df0d77155b4135a2d2def7d2,0.6515575,1,1.0
VirusShare_eed6cb802f7dd1f6ed14e9057caa349f,0.656517,1,1.0
VirusShare_0ec07ff063a3e0a5af1f3bc17f1ffa8b,0.65308315,1,1.0
VirusShare_1284208966cca3cb2d74d461686b12f8,0.65617305,1,1.0
VirusShare_09aeabe9fe90acac827d6e16e8113bab,0.20015967,0,1.0
VirusShare_6ad218a72957310025decc37a25f6a67,0.66031027,1,1.0
VirusShare_98e151c09f867ac7c16a895aeada9613,0.6580902,1,1.0
VirusShare_5f1a4128cec179b098fbe46096e2c800,0.6615344,1,1.0
VirusShare_1425e5db6dacf7e20c07658501dee125,0.6502615,1,1.0
VirusShare_3e09277540e71fea77e0827dcfc5fe9e,0.6585105,1,1.0
VirusShare_21ea38129ff083fbda126a422046f1fc,0.6575007,1,1.0
VirusShare_8a041f9007f981aa3ed39a7b62fd9ab2,0.626526,1,1.0
VirusShare_7f10d1810247cca522734529639d545d,0.66093737,1,1.0
VirusShare_342fd78f206b6e6d040ec17f96a92be7,0.65118754,1,1.0
VirusShare_e6b8afecac2c0eedd26fdd9a6e375830,0.65540266,1,1.0
VirusShare_9036c9c060cce42f3dbd6ab297c54d56,0.626526,1,1.0
VirusShare_6803376bacf0a1b39788ca243e07be97,0.6609999,1,1.0
VirusShare_36f5f048bb0f11660322a774d838ca15,0.65703607,1,1.0
VirusShare_c660472161675ce6afff3ad1f31b6ff6,0.6549982,1,1.0
VirusShare_8fa376fb22be8c84fd7eb016de6cdff8,0.66019064,1,1.0
VirusShare_3ebfd45892a08d162549087414db1e68,0.65446955,1,1.0
VirusShare_fb26bd87523b1a1c3ddd7d492cf256b0,0.6443666,1,1.0
VirusShare_d5fb23e91fa567b8e5546d06856f05f9,0.6528501,1,1.0
VirusShare_dd2ae1b790e248f8a803a97494bf93be,0.6535592,1,1.0
VirusShare_09aca84ef096ae7410f34f19c47ef339,0.66434926,1,1.0
VirusShare_c4bc7b9c40b0a859bff9583c66693ff8,0.6532858,1,1.0
VirusShare_1b46ea07118f18140ff27eef72fa786a,0.65522295,1,1.0
VirusShare_93567feff36233afdbff1a4c768f5d3e,0.6572414,1,1.0
VirusShare_ca3f25473c6fb5b5a25f6cee1fb383e5,0.6587422,1,1.0
VirusShare_4d51e79cbdb89f77071a42dace858069,0.6591614,1,1.0
VirusShare_090a55a465bc5229ec964efecc6d3cad,0.65400386,1,1.0
VirusShare_b77375f6707b04ce0acdf3f1a594f6a4,0.659015,1,1.0
VirusShare_5d92dd7caf5cd7eeb2c99e39032da22d,0.65818775,1,1.0
VirusShare_ad1eeae425e859dd3b22c7e0ce285cc4,0.64767325,1,1.0
VirusShare_6204b7d858d40c85db15f328b7a1f283,0.6559182,1,1.0
VirusShare_4c48fd3f9ac004bab6b7a50b1133399d,0.6547561,1,1.0
VirusShare_d7cf108fb9498f362ba20c9be5c28477,0.6536035,1,1.0
VirusShare_2e63f7d122f3fe1b1423a825ab1b770a,0.6609999,1,1.0
VirusShare_a8f4b0d17e213305a3c2e100025a6945,0.65536004,1,1.0
VirusShare_c94f39da06be3325953f8ee11e2c15df,0.42627907,0,1.0
VirusShare_dd3fc4c699e8f2ccd252dc32b7729957,0.64637387,1,1.0
VirusShare_3cd1a6d4fd9b1b971a170528aa126ae4,0.6531504,1,1.0
VirusShare_ec8d305b67082a7beaa474223cdbebc4,0.6599184,1,1.0
VirusShare_572b58d1c1dd2275dbb9f8cd0e7db4c2,0.6545283,1,1.0
VirusShare_feee62a857112672c206e990e35edb9a,0.6570629,1,1.0
VirusShare_dce26baf3140d63d60bc5720af01a2a1,0.6617613,1,1.0
VirusShare_bfe69a256bcf5841e86476c1358ddec1,0.6570087,1,1.0
VirusShare_c783be75049e616c5b976bf91d8870fb,0.6536483,1,1.0
VirusShare_37d1aaff1db0ae7e4cee5c8c516fa473,0.653236,1,1.0
VirusShare_b2699fa30d12654699d330f324dcb4b2,0.65695626,1,1.0
VirusShare_f3a8b5660a017aa1b8d0de7a44680dc8,0.65903986,1,1.0
VirusShare_74f032309f78c230c748e543d1ff7f52,0.65397424,1,1.0
VirusShare_f07a0d3cc3592e52d4d77ad67791d531,0.6527349,1,1.0
VirusShare_fdefc065612fe1a94e793e88c6b31bf6,0.66391027,1,1.0
VirusShare_f5df971e354a18935b8a8b6cb64b240d,0.6537279,1,1.0
VirusShare_d5ad1c0808d1dc7f242dffb09783ec39,0.626526,1,1.0
VirusShare_9afc8bbe113e38b562eb4bf72cd262a6,0.6555537,1,1.0
VirusShare_9a38769ddb3308d0c874d2c03c2b97a7,0.6568883,1,1.0
VirusShare_b3731391acb1033a5607304c95896b0e,0.65559864,1,1.0
VirusShare_2b2624df664fddf044845cf41e830671,0.6579477,1,1.0
VirusShare_b8688e1c33bacf62a741b68fa0aec5d2,0.65618604,1,1.0
VirusShare_728ce6fd0d276ce751d295f72c62c0d7,0.6447895,1,1.0
VirusShare_e99f80ed13d9d57ba03683cae563aad8,0.65152013,1,1.0
VirusShare_0e6c5d1b0b4b953662732ecdaded44ab,0.6487999,1,1.0
VirusShare_c8e81a9493500cd20667ea4e543b67dc,0.6507455,1,1.0
VirusShare_fb9333d0b486a067403cbe3352a64f27,0.656734,1,1.0
VirusShare_c5f3d557b86ee4034b5fbece1cb645aa,0.6474506,1,1.0
VirusShare_fe8a5b0c24c193bc7d5eb9ebd0556a17,0.64650327,1,1.0
VirusShare_590f215877881a4a48a03113df8f5b2e,0.6580852,1,1.0
VirusShare_3fe209d609470fbb5d9dcccd70ba8378,0.65467465,1,1.0
VirusShare_0258c607344e132f0d305f04695389a5,0.6571081,1,1.0
VirusShare_5524fcbbb006f1d622a7cf86300b81e4,0.66243494,1,1.0
VirusShare_e11e4ae0ed2725d3afe87dccefaee8cb,0.6573349,1,1.0
VirusShare_cc105239c77336560cc899c2bcc403f6,0.6579062,1,1.0
VirusShare_c777b987193cc9d16eeeb75e73d270b9,0.66049874,1,1.0
VirusShare_54a03508a230da3bb322f9b39c47c2c5,0.6547896,1,1.0
VirusShare_c157469cee9e81745af86928f901ccfe,0.6580852,1,1.0
VirusShare_f967b55a2377b4ba8d6b04a7ceb5e1d6,0.6474226,1,1.0
VirusShare_66c2cc59869b22aca83a489faa8e453a,0.6552758,1,1.0
VirusShare_2f9321c7cd1b42048a715a46ed451a31,0.64980775,1,1.0
VirusShare_9b4940c31bd4158f626f300d5d007b82,0.65894735,1,1.0
VirusShare_4148948c173241e00f6d1bf7dd5b8604,0.64082223,1,1.0
VirusShare_07faf9a3ef48979ef315702cccdb47f9,0.651505,1,1.0
VirusShare_93879abb51b0639b3b1a0e56335701bb,0.6489297,1,1.0
VirusShare_aa36849b2084d380e3873eb6d844081e,0.6574461,1,1.0
VirusShare_44eca5dcc45d894144fa56c67df2d155,0.6572414,1,1.0
VirusShare_542e55656d33054df906fe52c3700c55,0.6595429,1,1.0
VirusShare_39445eea1267ce72bdfccb95cbe766ab,0.64905554,1,1.0
VirusShare_97f356cf42738d5a69c7f2580ee4ece2,0.65852106,1,1.0
VirusShare_9389cf4fa35df46ba838682db623ce7e,0.6531308,1,1.0
VirusShare_607fcc4fc097268ec74dca76e075178b,0.65761703,1,1.0
VirusShare_519aea422c93bb0a5ffe3bcd50662d9a,0.65722543,1,1.0
VirusShare_7e4b675c5deeff8d28b29df82cd3fa79,0.6574253,1,1.0
VirusShare_b665a1a4eb79d965ed61031cb531142c,0.65208864,1,1.0
VirusShare_1ff966fb973e93e985392dded73dcbf1,0.66110927,1,1.0
VirusShare_626c3f6cde3c31e515a2fd86df015ab5,0.65779215,1,1.0
VirusShare_f57b29aa5e9f8124218569e6443322fc,0.626526,1,1.0
VirusShare_b4ca4a33d9d2cc8ca90d012bde6fd839,0.626526,1,1.0
VirusShare_49ae2dc3e24d2cb0891fc49241954318,0.626526,1,1.0
VirusShare_ee9a49b0fd326ef88fc5cb6f199f00fc,0.65333223,1,1.0
VirusShare_3c98c294f7c32bc2281c315e1d163f62,0.6585867,1,1.0
VirusShare_b34f4bcfbc1b8bc8aa1b2cf19d5d573e,0.6587422,1,1.0
VirusShare_47bce90bc081c3fc80916410488bc440,0.64637387,1,1.0
VirusShare_235a624a5e0cf1ac9c9087d1829cd404,0.626526,1,1.0
VirusShare_037ee8662ad9b8f0025aa0ea469132a1,0.65734595,1,1.0
VirusShare_476121886499bb984c743455bcf54253,0.65501773,1,1.0
VirusShare_627b9922c12fa0d1158a61b52a807028,0.626526,1,1.0
VirusShare_1028a06f3b52c2d49b8dd108d2a2ead2,0.6572414,1,1.0
VirusShare_8947626d369f0a7216ec0e058fea9666,0.6027255,1,1.0
VirusShare_93a93d3ab02667738c9b7e06263830ea,0.6542126,1,1.0
VirusShare_ef4994d2fd66dd30accc644d01b248bd,0.655908,1,1.0
VirusShare_2c6b98d54fb1e45b426530540918df07,0.6646012,1,1.0
VirusShare_2fcf655569414574493b8bf39a3f86d7,0.66043633,1,1.0
VirusShare_93d55284d5e22f9e9b92e2ebf10367e8,0.65491074,1,1.0
VirusShare_15089e22563e484b4905333cfff3367d,0.6551929,1,1.0
VirusShare_c165c1244baaba7e52084152f8d3e4d4,0.6619193,1,1.0
VirusShare_cb2be9b44b5ccb320e6e6eabfbe3123f,0.626526,1,1.0
VirusShare_8c0137f6a43b6ebf26ae205b5631f926,0.6673551,1,1.0
VirusShare_b774a969f3318238b32076eed1e0d73d,0.6523961,1,1.0
VirusShare_76e442e7786293c59add1086ea749c54,0.66599625,1,1.0
VirusShare_fa212b97f410b5c2a4242476d64f9457,0.651154,1,1.0
VirusShare_6a831b53e59f44ab1f50085e41175767,0.64685184,1,1.0
VirusShare_a0e0c8e90a48cbf497f081b3dd3e45c3,0.6580052,1,1.0
VirusShare_81faf62c9f70cebbc344010e296eca7a,0.6546652,1,1.0
VirusShare_13eaab138bccfba08d173ef395481a91,0.65878356,1,1.0
VirusShare_95fcf2da9ab723d21b7b46f8643114fb,0.64652306,1,1.0
VirusShare_11178c582dd823608dae62af7498b520,0.64713573,1,1.0
VirusShare_291318c7ee93c75720482f279a7f2eb0,0.6579477,1,1.0
VirusShare_ce09f0ecebefe5fcf9956d455da862e2,0.659015,1,1.0
VirusShare_07d7c9dbccc7e75d27dfe4435214469d,0.6541544,1,1.0
VirusShare_32f7af3d69e29197cb61dd2a5c3d0a8a,0.66050553,1,1.0
VirusShare_fa3d1d9a223fd080e8f1db5f2a14fee6,0.65319186,1,1.0
VirusShare_8210f166468a6a1517131a531699ccce,0.54438716,1,1.0
VirusShare_ecc5ff5ec4263a4df13ff7cc23dfaec0,0.62953746,1,1.0
VirusShare_09ef1317fa4ef4c6ea7b4eb2a549a508,0.65635884,1,1.0
VirusShare_022f5cda498ea1feb7af640fb3331703,0.65819985,1,1.0
VirusShare_0ec71072c5b5e32a93f3c5a08a75036e,0.6532359,1,1.0
VirusShare_2c19cbf5b05fc4cf6cb5f3a195e73c2f,0.626526,1,1.0
VirusShare_04d91cdca738b83bf771c34465b128fc,0.65308315,1,1.0
VirusShare_1f02a715b0604a4029696183624f3a0a,0.66416913,1,1.0
VirusShare_08c8d7aedaae07e9c04554e342a8401a,0.6475811,1,1.0
VirusShare_b93b494b0babf94c7a931d52dea0aea3,0.6489297,1,1.0
VirusShare_d29970acb75260dd557ab90c5d454b4c,0.66048086,1,1.0
VirusShare_090d84136cf31e3da02fcc166bf1ee83,0.65648687,1,1.0
VirusShare_7109c9edf489437adc1e9d8070d3559e,0.6522403,1,1.0
VirusShare_9be3fb7b06e86cd6ca2fd90b748dd05e,0.6615615,1,1.0
VirusShare_de3f381b0c0ed9ca499eaa4b32322e91,0.6597886,1,1.0
VirusShare_afb9e865ee87dc1f61c8920daea2bf12,0.65690553,1,1.0
VirusShare_ab4e8cb0cabd782de480f09ab2efc691,0.6522463,1,1.0
VirusShare_56f0c3a7b6f373f81b1d5fda80a015ec,0.6536483,1,1.0
VirusShare_88830736b8d3cc7f078af2f2e2cc1b64,0.65323967,1,1.0
VirusShare_4d15c0fde7acd7de4924fc90f325a2e3,0.64744884,1,1.0
VirusShare_ba7a81bae8a44e230502ac1393b352e7,0.75935614,1,1.0
VirusShare_e96436ba092abfce8efad2f474ae78bd,0.65467465,1,1.0
VirusShare_7a61797b42a520b52b66c8ac85e433f6,0.65222657,1,1.0
VirusShare_073b2a971b984d804408f8fe7ee40292,0.6608943,1,1.0
VirusShare_5754c10f581e6f7584e9514b9a258df4,0.65958995,1,1.0
VirusShare_bd87269d88c9657fe5bcf60dd7a9d4b8,0.6580852,1,1.0
VirusShare_cbaa08806e1973273cffce2be80c83ec,0.6574461,1,1.0
VirusShare_e2e0053a5b62007c9a7acb7a6f3a8531,0.6586601,1,1.0
VirusShare_a9e537f3c2834d76c15b82b6f077c5f5,0.6591981,1,1.0
VirusShare_eb28c3bce78c4e6442848d88f70c3d85,0.65118754,1,1.0
VirusShare_2d0c0388e245d45ecbbaa46e3a8ec005,0.66308427,1,1.0
VirusShare_838adc584e7d3055a1ee1abcec680d8d,0.65384185,1,1.0
VirusShare_f8cc06a6b72b0752fc68608f8311b0e2,0.6574461,1,1.0
VirusShare_c4229d227f1f0afa63fec4c2908fe237,0.66049874,1,1.0
VirusShare_ce74cc3d597cb6b83232213851ca355c,0.6536205,1,1.0
VirusShare_0bf3eefec3b92b8961927c26b3d8494c,0.6558176,1,1.0
VirusShare_4acfbba2104d4a2ea5a3a9680b143fa6,0.6515374,1,1.0
VirusShare_092007b0f3ae8741643edbd6593e0614,0.65392554,1,1.0
VirusShare_b6f2df379e64c275b3fcd27ede80cc79,0.6439389,1,1.0
VirusShare_8bd2a595660df1ddffa620686d50f20c,0.6502481,1,1.0
VirusShare_d067f4f5fa377b64cf739990fbaf31a2,0.65803117,1,1.0
VirusShare_c891a6232501c508eef3b2f0d405dd2c,0.6571288,1,1.0
VirusShare_49532231b1f05b034426f4519346fee1,0.6463853,1,1.0
VirusShare_8ae7e34678179db6c0c58fd57af9e643,0.6548057,1,1.0
VirusShare_3e570ee4f13508e5122aa2eae8c4ccb0,0.654107,1,1.0
VirusShare_7ee03ea4c519a091f3cbec814cf3eb17,0.66659623,1,1.0
VirusShare_f2860df8299ccf674f238b30ad576d6d,0.6527234,1,1.0
VirusShare_7fcf9bd5374911a303fba1d9cddb1bf9,0.75935614,1,1.0
VirusShare_d1dd2794f7a5c5e44daf054d765fac08,0.6528237,1,1.0
VirusShare_d0237d8ae4d59122609d2f026658c704,0.6619207,1,1.0
VirusShare_e5e88887155056a6af487a3c7a1e5e6b,0.6619193,1,1.0
VirusShare_826a9dc17282ed5767bbc2b8ed278641,0.6441117,1,1.0
VirusShare_b1b328a1801c10014c6cd4a5e8da1cba,0.65191483,1,1.0
VirusShare_ec81f3929c9979a2043159c1fd7f7587,0.660416,1,1.0
VirusShare_f54bfb6c371faed2053c9d79734fa0cb,0.66098773,1,1.0
VirusShare_6dd2249a5b48139f155979a311eba235,0.65174425,1,1.0
VirusShare_778c69ed7182d828b2a78b98a25ad888,0.65540266,1,1.0
VirusShare_def58a76a5aac0997b2c979f151836f0,0.6595429,1,1.0
VirusShare_c031012ef01a95842fd538a1ed895773,0.65052307,1,1.0
VirusShare_0a66801916aa3010cd39b5a148351102,0.6522403,1,1.0
VirusShare_606626cf9ded38246af1399dddb3ab8f,0.6473384,1,1.0
VirusShare_272b3cd01e1678b81c90f7bc5b0dda2b,0.6622673,1,1.0
VirusShare_cb66a15c0737169456dee89c8ef5ac9d,0.6546819,1,1.0
VirusShare_6efc2bb76a191916f73e251ac795e501,0.6597041,1,1.0
VirusShare_2b75ea169363945d990dbbd797ac4079,0.6527349,1,1.0
VirusShare_35eafffcb4f0d736890f5228dd2fefd0,0.66416913,1,1.0
VirusShare_9d5ce161d7819a661560f9b885efa8dc,0.6537279,1,1.0
VirusShare_e8199c3f03a897b833720083b27b7254,0.62661505,1,1.0
VirusShare_fe48062d93afca593efd918d2f327a89,0.6588159,1,1.0
VirusShare_b7af10691d6db5c11f954fae81039945,0.65370905,1,1.0
VirusShare_2ecf0a87a8c8b33aa7c5344bbe34a31a,0.75935614,1,1.0
VirusShare_9f8d33e31ba4fd77c60b1b6eb6def78d,0.6551264,1,1.0
VirusShare_fb539308eafa7074289f77dc202e6c6a,0.6576437,1,1.0
VirusShare_49fa9d375f26a81061c3b27e03b61184,0.65761703,1,1.0
VirusShare_7d4a7923a75d11962292d15f3daba652,0.6605197,1,1.0
VirusShare_b44f59fd8566bd5f717d6ce9525fb9e6,0.6585702,1,1.0
VirusShare_ae6c51dc809244729cdbabe2894f1714,0.6552326,1,1.0
VirusShare_c29704111b78373e2b0432f040d8af4d,0.65627366,1,1.0
VirusShare_697204877138e51b5d453bcabeb61dba,0.659052,1,1.0
VirusShare_7ef39773b04b28a40f8e01b2221a91b5,0.65020615,1,1.0
VirusShare_0f885e85c6168d6026ca4c903a242a87,0.75935614,1,1.0
VirusShare_c94468ae6d79122b9e68727bddb7da09,0.75935614,1,1.0
VirusShare_a27da545278e43f70fbadd3263037e54,0.75935614,1,1.0
VirusShare_6ca5b1b327cb782005a2bd81f1fb1ebd,0.6613329,1,1.0
VirusShare_b580b8887371c752062cf7d0b0906acb,0.6525966,1,1.0
VirusShare_2eccbeca47107f172460d2eb54d8c76b,0.65624046,1,1.0
VirusShare_c90d015cad4053d7d22f98e7ccec3e73,0.75955373,1,1.0
VirusShare_6da0370835d68a8974fcb588fecb3fbf,0.75955373,1,1.0
VirusShare_7f1aad484fde49d8e8c3a8ac055670e4,0.626526,1,1.0
VirusShare_868446204ed0626e39b0aadc05cc0ef6,0.75955373,1,1.0
VirusShare_43c91ec9ea1198c2aa4820b28e3231e1,0.75935614,1,1.0
VirusShare_2f1768956d1255db518c4bfb3703e63a,0.65808934,1,1.0
VirusShare_c7321c92f229e734490ad72d0988f8b5,0.75955373,1,1.0
VirusShare_5e816582322ab175d654df0fc349836b,0.626526,1,1.0
VirusShare_1894ee69f339fa7d43ebc2a997ffcfb5,0.75955373,1,1.0
VirusShare_ec89779585028f41ba0783315251caa6,0.75955373,1,1.0
VirusShare_1ac21f8954d5683dc2e1a095e8ac8089,0.75955373,1,1.0
VirusShare_d749601aa69d773d4c3066b749fec862,0.09804162,0,1.0
VirusShare_e9ec55fa475e462a1ebe69ad039f91b7,0.626526,1,1.0
VirusShare_964cb1618a4f205a8ae19616dc9e1474,0.6581515,1,1.0
VirusShare_fb4fc45bad7a3c07a7f914564463917e,0.75955373,1,1.0
VirusShare_722f80be3e3718bacd7d7904119cc26b,0.76075935,1,1.0
VirusShare_9b8f8631a0080ee4487f462366d70959,0.6620957,1,1.0
VirusShare_b0fb36171cbc06d97f83d747cdc39ae8,0.626526,1,1.0
VirusShare_3452b7848a432ef4a9b0be42439d3e6c,0.6526004,1,1.0
VirusShare_00ee344177ce1d78fc3385cb4aac3201,0.655753,1,1.0
VirusShare_748acbd2afd6cba4dbd8b7f0a05bb43b,0.65199363,1,1.0
VirusShare_988a1ff640e0fdc656ac39f8aef8291a,0.626526,1,1.0
VirusShare_4dd7a5aa43af35455c1e845faa071ff9,0.57069474,1,1.0
VirusShare_b1fd190c947a33bf83bf7549924e8f6b,0.8530377,1,1.0
VirusShare_31841070e7b2c892d9e6be70b35cf626,0.6593546,1,1.0
VirusShare_d1885b097b6dca52ab46abd37a9ed71e,0.65142643,1,1.0
VirusShare_82f9d3f0d1a5af9f42656d469e1caf5b,0.6561974,1,1.0
VirusShare_621b1a81b81f3b0a9272d94e20d968dc,0.6569701,1,1.0
VirusShare_b1b414d98ef8157a343d78d3b830c3b5,0.8530377,1,1.0
VirusShare_732dea59ca8029f642baaf1a592dfc91,0.8530377,1,1.0
VirusShare_a597e03b4fac6b19d12ad37f109c7e87,0.6569562,1,1.0
VirusShare_04f16c6e7e2eb27b571fc6301185cd96,0.6514003,1,1.0
VirusShare_a2cfcf0286290415ec56782b2b575a47,0.6571067,1,1.0
VirusShare_e126c2f728012439729a4b204551613b,0.8530377,1,1.0
VirusShare_d77bb2c8ec3a85c874894577591eb24d,0.6579173,1,1.0
VirusShare_0bc80fe59e1f6435540b3d8a29db5cd7,0.8530377,1,1.0
VirusShare_a60917e90f5877565cf046b73bc1cd71,0.626526,1,1.0
VirusShare_09381162e4fee9724568c221ad96e965,0.6558571,1,1.0
VirusShare_3bcb53c4aa40f237adcdf76146e72913,0.66133726,1,1.0
VirusShare_999ae7a74294a8fc233c4a93a21456d0,0.6603545,1,1.0
VirusShare_dc55e5107ccbad8f5c5bba344b8c94ee,0.6560014,1,1.0
VirusShare_769652a67ed25aadcd200d5de0a65ff9,0.6528462,1,1.0
VirusShare_c186d1e07babbbefcdcd8da74777bd84,0.65599865,1,1.0
VirusShare_050fa57336522a77e4214f8b49901c60,0.6529046,1,1.0
VirusShare_08ab7d7c662accaa79b9aee2f35acb91,0.6564924,1,1.0
VirusShare_6b47de2ff5770409ec684649ae43c7f7,0.6568471,1,1.0
VirusShare_165a0a58e06bce292e4ff30ef6e8b233,0.6580394,1,1.0
VirusShare_2cf1ff78e286add8a02dbb61ff861089,0.657395,1,1.0
VirusShare_b64db44433ad04ba3a9b49dc71e47b34,0.8530377,1,1.0
VirusShare_d6f69b914eba7a606b97168190b078b0,0.64643306,1,1.0
VirusShare_31b960f7a2f88742904b63b3f6a2e16a,0.6546647,1,1.0
VirusShare_b9e728443cf55304e765a012f1a1ceee,0.65941465,1,1.0
VirusShare_f9df44f13809d5e7a55a5a72939e6ede,0.8530377,1,1.0
VirusShare_08e6423064367375bd69cd917edee2b0,0.65506935,1,1.0
VirusShare_881a76f4c93dacb104fab54b96d8bfed,0.626526,1,1.0
VirusShare_24c8f731d6ad797362dd03f14f0764f0,0.6594134,1,1.0
VirusShare_3c71c3c6e8c2377a46065714c8377f7e,0.6551722,1,1.0
VirusShare_309c39eacb39a9c529f014a7306af71e,0.65861124,1,1.0
VirusShare_70543835d4c242e4b1104749317c6b9d,0.65735495,1,1.0
VirusShare_42daaccc81f965bf5ac69dad2d0ce0a5,0.6542649,1,1.0
VirusShare_b3be13deadb6850e5d30ac943071b283,0.65971774,1,1.0
VirusShare_8515556376e2b14b226dabe36d07b126,0.6665095,1,1.0
VirusShare_c57ef860d954472d42f096bcd79133e1,0.6559161,1,1.0
VirusShare_7aacb9cb85a65e07bb11ad96f6a1c76e,0.626526,1,1.0
VirusShare_45eca3992d1ee76224f09d78f730f3cd,0.64580476,1,1.0
VirusShare_975531c0ea1472463453202eff3edebf,0.626526,1,1.0
VirusShare_446f745b6bf9fcec80eef16224c65604,0.66464347,1,1.0
VirusShare_1b96953cc63d0adcc4d1fee0fe9c0dd6,0.65839237,1,1.0
VirusShare_c3bad3986c70bda209ee78c49a346d55,0.64084065,1,1.0
VirusShare_907af1e8eda9991a0d60199398a15b0c,0.6527398,1,1.0
VirusShare_eff51bf6103d0fd12e4eab7a14098604,0.18305251,0,1.0
VirusShare_c878cb9e8bfd41799ce07f395c608291,0.6546298,1,1.0
VirusShare_900183bac2e949308f9d1a5d85ff95a6,0.66434926,1,1.0
VirusShare_566b0fa9cd9eccff39bb975cb184cc37,0.654909,1,1.0
VirusShare_e1849ad8cfa16abb062a7f574fac9c50,0.6539186,1,1.0
VirusShare_7a948254a502b8a4ed9e97afecbfaa5e,0.6602669,1,1.0
VirusShare_c9afc239991bd4f7e234a834f9cc61f2,0.64713573,1,1.0
VirusShare_2814bdfcb2ec67410184495f83d6f69e,0.65645903,1,1.0
VirusShare_3b266f6eaf814418c407ae6e54794670,0.64637387,1,1.0
VirusShare_db81d1486bc9ad73222dbf1a4d83bbb6,0.6441117,1,1.0
VirusShare_3728f64bf31efb0cf8a129d6fed45927,0.6560918,1,1.0
VirusShare_0904f932987b7f4141394a6754a3ff4b,0.76935923,1,1.0
VirusShare_c8c2cd2f504141cfd91aedbfaed92359,0.6436024,1,1.0
VirusShare_bcb0e2d551adcdf9c8a4fc9f31f3ec45,0.6541097,1,1.0
VirusShare_e6d7d2940b4143b768d715a96e9c05c4,0.6540891,1,1.0
VirusShare_6778487e4e3084aafb898050cd16d133,0.65808934,1,1.0
VirusShare_7446dc82ad62887310c8b691fe82a62f,0.6460233,1,1.0
VirusShare_2f8bc26e9c92fbfe9147a941f3e6b002,0.76075935,1,1.0
VirusShare_dcd6dea217e3b5e26b9ce1a254378bb0,0.65911424,1,1.0
VirusShare_bbc35a1252630f439f8c16d1d79f6519,0.6532599,1,1.0
VirusShare_b6ad2640f31a879a3c0d3e52c2e03243,0.6557314,1,1.0
VirusShare_2bca9f2cd955b5996fccd6bb61806d9d,0.666543,1,1.0
VirusShare_6b9539d5d51248b47e1820498cdc8f46,0.6577729,1,1.0
VirusShare_111edc287e7efdee96a862cf0b70430a,0.76935923,1,1.0
VirusShare_31043009cb9020b2881ab50729c41a92,0.76935923,1,1.0
VirusShare_529abe2edd066dadf5d0538292b11f2d,0.6554004,1,1.0
VirusShare_dcbc231d9d1a7acfce26643097a14d49,0.76935923,1,1.0
VirusShare_ddd7d8386f69a7ab6f59f013161b8fa9,0.648249,1,1.0
VirusShare_aaf56d8df1e6b047760ef94fa5691e8b,0.65540266,1,1.0
VirusShare_2f183a83f36b37f048fc4bccbce23b38,0.6541628,1,1.0
VirusShare_3bbde03c956e9fc60dcdc0e0bc6a5dc2,0.65020615,1,1.0
VirusShare_8035183efc4adc3879f4f9538a25f68a,0.6585663,1,1.0
VirusShare_18d3be546509171db05ae5da575ab11a,0.6573173,1,1.0
VirusShare_5cc326a3003498da9c3f03cf3ce681e9,0.659015,1,1.0
VirusShare_fee8c6f1f471d3aa11cc4bc840af120a,0.6634258,1,1.0
VirusShare_6d0cd1401e91f5d05162c5a1a89aae65,0.6541336,1,1.0
VirusShare_f3ba4d2c46faa0d5466aead054357f03,0.64980775,1,1.0
VirusShare_a1cc29b6d2a374643d61bafc32d6fdb2,0.6532234,1,1.0
VirusShare_929367ef793cd14a1da5b5908f518c60,0.6651107,1,1.0
VirusShare_28b730d0d3eba55269058f6ece219910,0.6585399,1,1.0
VirusShare_49846fa81772636c4cb86ed05f17785e,0.65971714,1,1.0
VirusShare_f0eb4ebec7bbf39f2fd47c8c4f6ba60d,0.65485173,1,1.0
VirusShare_2a451ae33b09f0f8b30183b2ca7d4adc,0.65020615,1,1.0
VirusShare_c39bff1a146531adfd47fef28faff851,0.65222394,1,1.0
VirusShare_6a14a941140734fda617490b692912ee,0.65020615,1,1.0
VirusShare_37c5e31c726a40a83680692b51dbc84a,0.6027255,1,1.0
VirusShare_a844d8c7c32a6c47c3b1a9cdad054b72,0.6554123,1,1.0
VirusShare_8f3e52f80fd1a7b6289019e64b655d60,0.66308427,1,1.0
VirusShare_2dea1a067f64580624ffdf7d1f8f28c8,0.65042216,1,1.0
VirusShare_c5028d681b7bb27943eb7089f63bb310,0.6531146,1,1.0
VirusShare_436329353594cda052cf1a345f2d565b,0.6601692,1,1.0
VirusShare_a8b990983f3d0070087dcb96617da16f,0.66434926,1,1.0
VirusShare_4a9094794e931742cc2bf3888844bb4f,0.6513069,1,1.0
VirusShare_12ce9a12da189bbc45f2042a48e2c9fc,0.6527382,1,1.0
VirusShare_690265eec10a14a61ab07cc1300ac5ef,0.66091985,1,1.0
VirusShare_64243c654cb1a97f863e1566879c9304,0.65218747,1,1.0
VirusShare_ea1e75e99c65f807ab07f490d69a4668,0.6560918,1,1.0
VirusShare_79858b8546467da08acae640792c4ea0,0.65158767,1,1.0
VirusShare_73d946c7434398ec5c549bf0d6fb3226,0.6542126,1,1.0
VirusShare_a1b4bebe3fe923d3fa51bf2e814d4b5b,0.6475811,1,1.0
VirusShare_a4ae09ed4b3627fa3f42becd21c9f8a3,0.66350955,1,1.0
VirusShare_f89ab60e454d6b708793c375c648a875,0.656054,1,1.0
VirusShare_27aecb57dc044e42a7bd3a82c1d60d24,0.65357506,1,1.0
VirusShare_fea471ea22f86ac8ac0c547881b51d17,0.65808934,1,1.0
VirusShare_41ce9b7a0ef0af0615ff79b32f5766f4,0.6554964,1,1.0
VirusShare_852ed10ebd6cfe80dd53f64f8b348340,0.6562613,1,1.0
VirusShare_a6c20119a1e0bb61586eb63ad7d9b29b,0.6497852,1,1.0
VirusShare_d5e974aec8de48702b0bcbf7bda7cec0,0.65222394,1,1.0
VirusShare_2eb2388cbdbf3fd77c8a5bdd73b33643,0.665322,1,1.0
VirusShare_2bb84dcb854b75db46466b659961f1d8,0.6599184,1,1.0
VirusShare_f1aee78a629c1a6c0c763f86a73df4ff,0.65512174,1,1.0
VirusShare_a5c4422b4ed9f91d4056c2dec118d065,0.6352428,1,1.0
VirusShare_2ed7b94eda6f61e468f6edab24190beb,0.6420484,1,1.0
VirusShare_d5e933d8ff19eb3f56f6e2145846b662,0.6574461,1,1.0
VirusShare_b16694246df729860ffbed685a4534d0,0.6611816,1,1.0
VirusShare_77cfddbb1d5979dca82cf00fa1d4726e,0.65923655,1,1.0
VirusShare_5af8412e166d7f5521064c4466aa037b,0.66225636,1,1.0
VirusShare_0a897f4f8fdbb32d91510ba8aa2468b4,0.65337723,1,1.0
VirusShare_f28927e466f8f5d2ad5fc67187fe07e6,0.6529482,1,1.0
VirusShare_11e3666f024a6c3b78db4ccfc426916e,0.650344,1,1.0
VirusShare_669a1a9f684828894b60618e1c50ce71,0.6475811,1,1.0
VirusShare_f7170e00eb37259be94d70a4965c04be,0.66049874,1,1.0
VirusShare_e3891a98fdb005d951c8bc62ec929b39,0.65391064,1,1.0
VirusShare_907580ea1d95697a511b5f4bf62ff021,0.66268283,1,1.0
VirusShare_7c0159c0c978a6a514afb64f33265916,0.6555379,1,1.0
VirusShare_0df317af597f2abcc2724f18056d9909,0.6441117,1,1.0
VirusShare_d78f6d26b87c165e1e4585ff466d1d77,0.64767325,1,1.0
VirusShare_f8193f459d67c22deaeb016c4c9709f2,0.65648687,1,1.0
VirusShare_7829565071fef50430f5b60b153f4a62,0.44764668,0,1.0
VirusShare_2ed06ac59f7f1854727949cc13942004,0.6495517,1,1.0
VirusShare_376ee934cb113e4c4428e3a0e804ff7f,0.65837276,1,1.0
VirusShare_95f5086114f5d201a3e20da73eadc997,0.6572461,1,1.0
VirusShare_ee3f9b5d621d5238ed25056e35c4737b,0.5843049,1,1.0
VirusShare_717555b42a3539d7ccb43ba9611096bd,0.6530063,1,1.0
VirusShare_5ab54f7a92fbd1f2b992cdc256052c77,0.6558176,1,1.0
VirusShare_4b1642985f2caa383d16cd284ccdaaa1,0.6595429,1,1.0
VirusShare_82db49226652bcb14784c8267d213183,0.6570629,1,1.0
VirusShare_9e274a61ed445328a3992c4f70275db9,0.66253155,1,1.0
VirusShare_3186ae1822d36a4c3b3546df93ce4815,0.65104645,1,1.0
VirusShare_92e74392dc82f8192e473f4189921667,0.6564812,1,1.0
VirusShare_3a35906179f1ad868024d8f56421c278,0.6591614,1,1.0
VirusShare_6dbf632281fd2aeecc295b485be5cecb,0.65989465,1,1.0
VirusShare_9e7b3dcc4f79ba8c894c2350aefc95d3,0.6507374,1,1.0
VirusShare_a1cc16318c4524db31d4c3e8003e2ee8,0.6564182,1,1.0
VirusShare_4a0c3c51b5487465ff4ac880cf01d22c,0.6546749,1,1.0
VirusShare_5d7913df173012822b2ac4d3572b20ad,0.65576273,1,1.0
VirusShare_648f605aac498ff3030427bef99e8ddd,0.6541628,1,1.0
VirusShare_426fd69b7ff13e249fe44b27f65ba67f,0.65648687,1,1.0
VirusShare_bb3033cafd94f69962a59ebb1088c5ec,0.65808934,1,1.0
VirusShare_e48bca7a364818bea91b3f563e28c7cb,0.6506301,1,1.0
VirusShare_82906e636dc57d71757cddaad776676c,0.6496914,1,1.0
VirusShare_62d44e495be18471a3b7510f171c1709,0.64942324,1,1.0
VirusShare_55a2d1d31b8935385abe4045400a94dd,0.6567417,1,1.0
VirusShare_3867c8ac58704d7eca604adbf25cb0f8,0.6540891,1,1.0
VirusShare_43198adde240d9d9cb305d35e173cb2f,0.64824957,1,1.0
VirusShare_d0672d160a6f78d06061e01ef3722078,0.6510719,1,1.0
VirusShare_853c81f625f444a737e1980e7ce5bef4,0.6572968,1,1.0
VirusShare_7293da95206a33971b14791349eb310c,0.6532359,1,1.0
VirusShare_d4cd5d6ca7ee43d1e1e32cef1e1a8ad4,0.65808934,1,1.0
VirusShare_9c334b097d06a2fba7781f658eacb5c2,0.6524235,1,1.0
VirusShare_5c244b41a2b82b5ffc4aece789ea3e27,0.6542126,1,1.0
VirusShare_8bc75932d149532ea684d3f14f1e23de,0.64650327,1,1.0
VirusShare_70328f0b07f793d22e15b832f767a053,0.659015,1,1.0
VirusShare_520030a8a0138f5123815736b8a0590b,0.65785015,1,1.0
VirusShare_51a6323a7c2981a4ffd2690e886eee2d,0.6619207,1,1.0
VirusShare_6cb3db7374afe7a00cc19d603cefac3f,0.6489297,1,1.0
VirusShare_01d598df31942dba6db9bc3254d8ae7a,0.6608943,1,1.0
VirusShare_722452de06ce9ebc3826d112953566c9,0.6551473,1,1.0
VirusShare_9c456bcf6988fc8add7b20284be5d316,0.66434926,1,1.0
VirusShare_16859a00d77172fc9b12ba059fe4ae41,0.6059063,1,1.0
VirusShare_56df505bb5609559cac99a3052437602,0.5816177,1,1.0
VirusShare_684a09c062742f6032ea7f8b4a642d3d,0.6479973,1,1.0
VirusShare_721391cacc929da51684312384002e76,0.6636616,1,1.0
VirusShare_a0962f429604c5a83906eb4d805ad69d,0.65488833,1,1.0
VirusShare_a723ec0e4d9d847ade0ba2bb9ae01c38,0.6522463,1,1.0
VirusShare_e6644131666d5d094cbfe14a36bb5614,0.65695626,1,1.0
VirusShare_bd8a66022931024318d80fe8330a697f,0.65283304,1,1.0
VirusShare_6aca234e76374fdb1fada192754277ee,0.6541544,1,1.0
VirusShare_b8f6d51298a80a3c611129a77ce634d2,0.65746254,1,1.0
VirusShare_e41c783c728c8f6f9261b9543adaac1a,0.6503202,1,1.0
VirusShare_fb54e26638a056cb4065dc23cef3ba05,0.6528237,1,1.0
VirusShare_55c86ebb97284e735d2281672011e47d,0.6575731,1,1.0
VirusShare_477434eaf6c6133f5a4d553bbbb63410,0.651505,1,1.0
VirusShare_93946eb822c97a808c8db66cd970a4c8,0.65746254,1,1.0
VirusShare_9faf92b78bcd7c9791626d470696adee,0.7849776,1,1.0
VirusShare_6ae36bc77f06c778f688e3c7da02e823,0.65362823,1,1.0
VirusShare_9f17071836b8b9d58cf9c75b71a0fb57,0.7849776,1,1.0
VirusShare_505aee439e17b81259c3272558f85e7a,0.6539898,1,1.0
VirusShare_00b55c875b33bd2260fd26d115896e11,0.6530703,1,1.0
VirusShare_d1c7f982e89a0fc55da9050f0cb0fc5e,0.65337723,1,1.0
VirusShare_225125c167818d6071c7f37fca10320e,0.6613247,1,1.0
VirusShare_d1fb581e81864c41939003c057b95aa9,0.6464535,1,1.0
VirusShare_2a476895efe0f43947ba738631efe118,0.65378463,1,1.0
VirusShare_ade01747afd2a4bde6e57b9efeb0e847,0.6592411,1,1.0
VirusShare_7b72e2ec82a7b9671c56839d0fd42337,0.6609999,1,1.0
VirusShare_0e2a50c8114c19553572fea8571c5e82,0.6527281,1,1.0
VirusShare_3f18e4d28ea7604d77a034488c7a9649,0.6522403,1,1.0
VirusShare_87ff050111d98fb87e8cda31abf21af9,0.6551264,1,1.0
VirusShare_c115748902ee1b5a50f52e14d520595b,0.6612345,1,1.0
VirusShare_db6cd8060b3295d35b1ff0d78b3f62df,0.654909,1,1.0
VirusShare_3766aa728fef518fb04beac379d4a6b4,0.65746254,1,1.0
VirusShare_eb3ddaaced9a1a85dfa00beae9093fc9,0.6536829,1,1.0
VirusShare_bea093dd8f60bc7deb9c95228838abc3,0.39754024,0,1.0
VirusShare_121a2c3c1b69606a0dbe69037cd6a88e,0.65222394,1,1.0
VirusShare_73817b3880e82cd1e43716b77bac53ac,0.641686,1,1.0
VirusShare_a31ec3b5d086b87bd2cb1bd2d14f3f8b,0.65002644,1,1.0
VirusShare_38beda56cdb049591174c82670c7c35f,0.7849776,1,1.0
VirusShare_9697b3c652f07d36f5015c288a1fc159,0.65357786,1,1.0
VirusShare_04980596d66951166fa2ebfd96c84d22,0.4135955,0,1.0
VirusShare_d5baa04aa9dfd9c48622623a9e18f032,0.6497852,1,1.0
VirusShare_5d0023c60b7923abe52193a62c3de8df,0.65251917,1,1.0
VirusShare_7272377c2312a65f82f139576a9bf518,0.6536483,1,1.0
VirusShare_1990ef763322527ba925b3eaa03e2cd6,0.6579,1,1.0
VirusShare_92edf091de288db2345f0af251aa477e,0.65223694,1,1.0
VirusShare_e0f37337720a337617c361e8e4bd73ec,0.65699375,1,1.0
VirusShare_d84437b53c38983aa96064ea211e707a,0.65462255,1,1.0
VirusShare_0ed3638d8ee3c448ed1acbc13b60567e,0.65637034,1,1.0
VirusShare_daa3a1ba70f2ae204a38298b22ca58dc,0.65096796,1,1.0
VirusShare_0eec2043afeec8dfef1eaa51f25f9b50,0.6542126,1,1.0
VirusShare_f5a6701c5163efaef19a8ec03b10d299,0.65923744,1,1.0
VirusShare_a825c8672da80f17465c0b9134560fac,0.6646012,1,1.0
VirusShare_11656484a74f43f0c4a14cc25ac2ef00,0.66255486,1,1.0
VirusShare_80844b2680db59cb646fd1aad53ff660,0.07896158,0,1.0
VirusShare_0b0d0c9ba297988f8e4f08722bd05e2c,0.6609056,1,1.0
VirusShare_c67ef9afe3070f2d825596fb8246c591,0.65540826,1,1.0
VirusShare_577e1c073b51e1caf4bec5300ebf1927,0.6593444,1,1.0
VirusShare_5d1de9b3f9e3fb29c07fa05e51773796,0.65645903,1,1.0
VirusShare_b5f7f1fd4c5e6092853603a3aebcdb94,0.665322,1,1.0
VirusShare_27558b3d378e0ee9416cff8d4cf830de,0.6573183,1,1.0
VirusShare_e926d2bcac4f279315efa96cad848279,0.6507602,1,1.0
VirusShare_137781c5051a9a9cc0ab3b7dd0e47189,0.65607387,1,1.0
VirusShare_7734ea9cc0109d22dcfda2ce7cf3920d,0.65308315,1,1.0
VirusShare_58e9418d1b8dfde1f31d2d5c051538c4,0.665322,1,1.0
VirusShare_cd3b4141c7b5d999b1b697570b9701f0,0.6461288,1,1.0
VirusShare_e8e1a8f6888ab993e344f0dcd7c39e8a,0.65553397,1,1.0
VirusShare_55df2ccf8bbae3a85b633f5ccc7cfcbf,0.6554904,1,1.0
VirusShare_a364f2e2164a780e33cb36db6a4c89ac,0.54438716,1,1.0
VirusShare_7436bb93e72c0b2c9c2666870034ae68,0.65308315,1,1.0
VirusShare_34fa97564bdf384790de896aea1944da,0.6646266,1,1.0
VirusShare_34d64ea11eec3785c6b45ab3372908e7,0.5700542,1,1.0
VirusShare_72663ee79f542e24abfd33a667bfe3af,0.39754024,0,1.0
VirusShare_39b08daea4f9fc27022dbad181866b31,0.6646012,1,1.0
VirusShare_c38a37538c4ed577dcf0c934957b3492,0.6571651,1,1.0
VirusShare_a8e37e3ac3f4ed46c166709b3a0ed447,0.6575576,1,1.0
VirusShare_121dca8cce2f864f76d874e0f2e26776,0.64989483,1,1.0
VirusShare_ddbcbc844d0152463f416798beef84b2,0.6574461,1,1.0
VirusShare_e72da4ee17bdb72e824970640a363490,0.66053474,1,1.0
VirusShare_114db0775592ad5b6f570c3925e95a4c,0.64637387,1,1.0
VirusShare_af46c5c54c69c7410538fb90eb4f59eb,0.6548325,1,1.0
VirusShare_e7874eb5e9828df9a87aaa6d1d22c136,0.6555438,1,1.0
VirusShare_78ec2f7a7476bfdc9f2e685afd78dd68,0.6579477,1,1.0
VirusShare_504bf8dc70bf7dafdbf208c9be4b57d0,0.6567999,1,1.0
VirusShare_5fcc81dfe0ad446bd7d7656d7c1555f7,0.65666384,1,1.0
VirusShare_5db50e55e83eaa22bcb40c776e31cf86,0.65527403,1,1.0
VirusShare_9b7fc359a6c20aa1f350894240d37374,0.6436965,1,1.0
VirusShare_6915691136030a6e5614b42c8b85b6a2,0.6560303,1,1.0
VirusShare_9d25cffdcc5c2c0e14e3cb1755cf646f,0.6386227,1,1.0
VirusShare_a4c7861742f5f7ec32c080a4680b6410,0.6608943,1,1.0
VirusShare_3f48bae3a2f75934a990fd56fe3ccc96,0.65299636,1,1.0
VirusShare_07f281552aa5238684113de3b50d45df,0.6550709,1,1.0
VirusShare_7628e07611c5c58cffdd55264bb36035,0.649456,1,1.0
VirusShare_8e3509773cd658350b0dd6fdd082df5d,0.65485173,1,1.0
VirusShare_4f12d864a903c9b2ad1eaf9c8c6ea881,0.6488718,1,1.0
VirusShare_a53eeac0c64ba493528bcfc1b21ff123,0.6603031,1,1.0
VirusShare_586cc0e3ea7f5e35f9f0edb8f93272ed,0.6421751,1,1.0
VirusShare_65a0c44aca4c41ae62f9373da2aa876b,0.6436965,1,1.0
VirusShare_a489f5684e13ceed14b131b2f2c3b50a,0.6454624,1,1.0
VirusShare_b787b4d2e7212fe93029ee6527670b69,0.64989483,1,1.0
VirusShare_822691a1832a82e504ca6c515a1c1d9a,0.6618718,1,1.0
VirusShare_11ee70abf634d04fcc1d7d3a9643e33f,0.8042904,1,1.0
VirusShare_5f01eb363ef42a542918c9d7b893b348,0.64507943,1,1.0
VirusShare_9b2ba5c32226f03904699e860690e065,0.66341496,1,1.0
VirusShare_1d9d7311e3930a3f42c97cb38048893c,0.64507943,1,1.0
VirusShare_2e6f1242080fbafa9bd11653da266e2f,0.662586,1,1.0
VirusShare_fc645c0bc839eacea79d6177338848bd,0.62601864,1,1.0
VirusShare_fa43acf24421ef19fdea1e85fa4d5030,0.8042904,1,1.0
VirusShare_28426f15a4426f7915d6987eebe2069b,0.65698427,1,1.0
VirusShare_5b531714c9a6b7b7d2ea434a9351534a,0.6534527,1,1.0
VirusShare_bd0b22ce41319bf4522ab7465b46f92d,0.6558747,1,1.0
VirusShare_343163222ad678afd2ed54679c438709,0.657807,1,1.0
VirusShare_2eb0f45d845bb8fbdc639acf119bef66,0.65194523,1,1.0
VirusShare_6fc9c79a4f58f59b7d8499464e2bab91,0.64507943,1,1.0
VirusShare_8190b43bb12f846e30b31be27371025c,0.6536654,1,1.0
VirusShare_4e3e6e6900a03277908343428912a8ca,0.65217984,1,1.0
VirusShare_12d62db206604e9157221af63d8a755f,0.65322083,1,1.0
VirusShare_6784c6fb834f4721831b4fa5f53e5887,0.6596607,1,1.0
VirusShare_515ceb7aa3104ff944a3f05b91e3c443,0.13765797,0,1.0
VirusShare_6eaa83915417fc369d4e8a326d8675e0,0.8530377,1,1.0
VirusShare_bc835d53eec9df6ade2b43b626311bed,0.16521323,0,1.0
VirusShare_d20219f01e395acd76718a1180fd4e1f,0.13765797,0,1.0
VirusShare_3aa1bb78500d9833650440c05c5ef34b,0.7849776,1,1.0
VirusShare_10a791e712b726d376d6fe152880e028,0.8042904,1,1.0
VirusShare_b3a5e369480ad2676c5e89dd4d6b91db,0.6554136,1,1.0
VirusShare_00d1ffacb9c062ad3a9a502e5ef40dac,0.7927681,1,1.0
VirusShare_14b0893678b57ac6e0ac77b6b1f0e0d5,0.6498121,1,1.0
VirusShare_4d2562eae6f08ab7a26b95ec0e73ecdb,0.65464467,1,1.0
VirusShare_3f780d64d95b3b51bf9b18e368c68b9b,0.65977466,1,1.0
VirusShare_98185b6d3b4048acdd0906a01cc9b3d3,0.8530377,1,1.0
VirusShare_798fcbff6360b658dfb1c86eedc10cde,0.8530377,1,1.0
VirusShare_3c0b05b3b5642a6817fed28ecdf70e76,0.6488439,1,1.0
VirusShare_77dd61d9cf1be9397b73c17d6e935c51,0.7849776,1,1.0
VirusShare_932cf071416f455c0cb507344075a8eb,0.80211306,1,1.0
VirusShare_5947ea545e481a5f1ea9d05d182e6275,0.6547843,1,1.0
VirusShare_edf22c7f41ae83160ffad70d8ecb5897,0.76075935,1,1.0
VirusShare_f1b073d410c15f604c0fdf6a8abfad2a,0.6566163,1,1.0
VirusShare_c1be34ddec3846d7bc0cf633bccfa66a,0.7849776,1,1.0
VirusShare_a9bbb2a8ea439690a594a3c4fe547118,0.65688765,1,1.0
VirusShare_5887a77b3a9b53b3134175f04eb6f2d9,0.6026289,1,1.0
VirusShare_44feee381dad36c0c00dcdc92d08ca09,0.7927681,1,1.0
VirusShare_a066fd34afc01caa06780f05b6a811ab,0.6592846,1,1.0
VirusShare_986fad29628fc62fe12a3a93b3003383,0.65540266,1,1.0
VirusShare_54d84eb5f0584b394e5f846543cc581f,0.6568657,1,1.0
VirusShare_226c61c5040cc65a2c09e250d9055399,0.80211306,1,1.0
VirusShare_167d75910cb9aaa69bb341a600fac095,0.6557172,1,1.0
VirusShare_b853ac21c7f6fb8f27545949837753af,0.6579414,1,1.0
VirusShare_ad1a7fcc3506a4f53f0a407af2e93c31,0.6529046,1,1.0
VirusShare_492bb97d595c73b481b6cabf17fc7daf,0.65748477,1,1.0
VirusShare_6cc38647212ac342910f1d2bd37d36d3,0.8530377,1,1.0
VirusShare_eb027d233cd923c4c4344b5b9c794da3,0.8042904,1,1.0
VirusShare_1940878b986858494e35ba35167a4bed,0.6534285,1,1.0
VirusShare_ea5d704b91da88f6742d1e47e3af207b,0.8530377,1,1.0
VirusShare_9feec5effbd01098584a8ae4e5b9e6f9,0.6582526,1,1.0
VirusShare_b35541761981f557e1f682e2b4f7e816,0.8530377,1,1.0
VirusShare_6c42516fb12d9c75360cda30c49c7c7d,0.6540257,1,1.0
VirusShare_8c8dbe5455aa4b9699f2df18106e7357,0.6447811,1,1.0
VirusShare_9579c58285b9cfd3cc4ef4a742bd9060,0.66098773,1,1.0
VirusShare_16e6379e3e1bb98fd66cd27a79c00e1d,0.65371406,1,1.0
VirusShare_cf9e8312eb8f8b2179fdf0cb72cf6847,0.8530377,1,1.0
VirusShare_cae0bf4e2d65f0dc06b210a1e3996a59,0.659302,1,1.0
VirusShare_42c75aae12b2dfa2474ca1d3e86718be,0.65704405,1,1.0
VirusShare_3be300624740b86ed4da98160062c1d2,0.4841434,0,1.0
VirusShare_31a6fdae25f858814ce924d9b6a8d784,0.62772954,1,1.0
VirusShare_2d8a7633706bba4e4e9b4631e0889e06,0.6554868,1,1.0
VirusShare_458d4502675a326444630f6d69236c1a,0.6571986,1,1.0
VirusShare_fe32ba89e7971538b6d437f6dc30e239,0.08669382,0,1.0
VirusShare_21a76688f759e05a0268da33a38d5899,0.6521295,1,1.0
VirusShare_243524b4cf3d2546a5ffb9d9681bf9fa,0.6357101,1,1.0
VirusShare_931b43db4511eb1117f84a6524d9e732,0.6568514,1,1.0
VirusShare_0fe1abdd101da6d1dc45d613ec339bf8,0.64579666,1,1.0
VirusShare_7bbe20069681167aceb4af63c6c50a61,0.6420484,1,1.0
VirusShare_16c6f5f00d672d2edb04668836538078,0.65652287,1,1.0
VirusShare_7382725bcbec36eb92a7a5b4456d5d80,0.16606906,0,1.0
VirusShare_483715033eb4f12ab5c3d9a7e2953221,0.80401576,1,1.0
VirusShare_10b698997907e34cb3aeafeb2be1b03b,0.65400386,1,1.0
VirusShare_83676193e8105ce2fd15ed2a682ea5be,0.6503389,1,1.0
VirusShare_4faca108a11d6a7fcec6686a911b6f6d,0.6601254,1,1.0
VirusShare_bde6f80eeed5370bf43bb6ac77b5241b,0.5009093,1,1.0
VirusShare_0f691332feeed0596078d6fe52d412ef,0.65482473,1,1.0
VirusShare_b0f62ab2c4de0fa05eb98db27bce35dd,0.6451105,1,1.0
VirusShare_935adaea999dc3ad0672636dced6011e,0.2897172,0,1.0
VirusShare_9bf7feae409cf0f13a226f48f440d18a,0.27993473,0,1.0
VirusShare_d5fcef4c81bb397443d4d123ac58dc2c,0.3913202,0,1.0
VirusShare_a445bb9e7a5b793b3092b3e3d7f9b48f,0.6537676,1,1.0
VirusShare_5a4c40abd44a0177022b440e56888921,0.6566978,1,1.0
VirusShare_d3dde791918fe1938b4c4f758e15cc28,0.65003157,1,1.0
VirusShare_b072831f6ba8517ebb17b6333757e2b5,0.6553157,1,1.0
VirusShare_a704adda680cab4d05625671ba2a0836,0.6523083,1,1.0
VirusShare_cdb56ab2d1743f143a60a8c2d2b6e4d1,0.65732825,1,1.0
VirusShare_543f39229a984fe815ef6f2c946aa1d8,0.2612984,0,1.0
VirusShare_006021dd34da642eee8fba81e5369d49,0.6575959,1,1.0
VirusShare_f29bd5d31e27ced50cee63591a32bd8b,0.29595596,0,1.0
VirusShare_b621bfead0b390dd04f73e605e6f5053,0.6477994,1,1.0
VirusShare_26c76cb5b7712916358dc59cdbdef774,0.65312517,1,1.0
VirusShare_495afa43c8c127e6e4a8e12c372d5def,0.65395844,1,1.0
VirusShare_ca94ca13bfbb83a23296b8b1bdeb6f7e,0.65511054,1,1.0
VirusShare_b2f5b384d26edd5100c418b76eca5652,0.6541296,1,1.0
VirusShare_deaa3dfe9808e2d736df5700c7f6d361,0.6556884,1,1.0
VirusShare_06edee2f59f8ccec08ac41008fe96e14,0.6596782,1,1.0
VirusShare_7b576c1b414162e535c8fe15056c25ec,0.6543261,1,1.0
VirusShare_814b1f235ba6de801e86c4196f548250,0.64927006,1,1.0
VirusShare_0bafbf11bf78e66bafc4a28b91f610f6,0.65274125,1,1.0
VirusShare_d0e95292340c885a4fe5d005a44901ac,0.6712929,1,1.0
VirusShare_6f83ed095509f15f4f3f981497ac9dff,0.64501876,1,1.0
VirusShare_bbc82a083547efd7d7dcc6b0d6820da4,0.6566859,1,1.0
VirusShare_ce1da62c5e1d73440418e26fa1b04115,0.65183896,1,1.0
VirusShare_a85699c87a308e318e566a2989fca86b,0.65625536,1,1.0
VirusShare_d3416c916440080b01ecb6757f1aaac2,0.6528677,1,1.0
VirusShare_2988a57b96d3acc20dcc25c945b14c47,0.66040844,1,1.0
VirusShare_5da1e218a865c1e61e446788d80cc145,0.64951783,1,1.0
VirusShare_1b5636ae321c1001653adfa55c686514,0.65718484,1,1.0
VirusShare_8678f9a16d80167f1a3513bfcc1b8e92,0.66115266,1,1.0
VirusShare_012115c6eb62e342446baf9af0ee6640,0.6603389,1,1.0
VirusShare_8c9bf6c67367b051778bbde821caf2a7,0.2832233,0,1.0
VirusShare_e8e91e54d170a6530ae1be4246eaeadf,0.2832233,0,1.0
VirusShare_565adbb2247f474b7f228c2f5e1a6520,0.2832233,0,1.0
VirusShare_29dfa7d27cf06a84715e2cfca98cdacc,0.6543206,1,1.0
VirusShare_ab39c60d9c9006e424ce30b5cc2dd1cd,0.6554906,1,1.0
VirusShare_5d60e4f5435807e298eff8cff91a3c6a,0.6572602,1,1.0
VirusShare_bdc0e5266ceb7907de89cbe1ae15d33b,0.65735716,1,1.0
VirusShare_ddbc819f5b33c7fbf51bad10109b9d06,0.6553731,1,1.0
VirusShare_470e2182edc0860c8214679f32bde57d,0.34526628,0,1.0
VirusShare_78d5f35e8d2f37af285368408fa78ab4,0.652935,1,1.0
VirusShare_d3c39aa6f64cdd64899ab99804ee2a6e,0.65422547,1,1.0
VirusShare_293aba48f49511cf1aa9e28902164da2,0.59781957,1,1.0
VirusShare_b90f4af17cc26e1a78d489dad8912f61,0.65460557,1,1.0
VirusShare_8f18396a9af09ada4c2add96d078b371,0.64871943,1,1.0
VirusShare_7ef62c2eb6b29179a98beae1ad14bf9f,0.64818734,1,1.0
VirusShare_966b49db1ba7b20c52345ead04e0e95a,0.64890903,1,1.0
VirusShare_dc4bd97f9ea95b6957df2057a6cc78e9,0.6552818,1,1.0
VirusShare_0d5b1ada8acdb428e8951e885a59b8d4,0.6506131,1,1.0
VirusShare_db2bcef02e927634d3aea2575798d8f9,0.65779954,1,1.0
VirusShare_f796eea3152df8353e041e7355de0b78,0.6590319,1,1.0
VirusShare_541b7ba7edcd4c388a2dd03e8d1a4440,0.6538604,1,1.0
VirusShare_8a0bb88aae8abbd39f0a7f1a0c50ba9f,0.6579919,1,1.0
VirusShare_8a7ef685a44ad06e15ac177743dafd4b,0.6531089,1,1.0
VirusShare_11ebc4b68a4af63565d6e280e90459bf,0.65849453,1,1.0
VirusShare_38461237dc6f4cd365f5e279f92d4eed,0.65314746,1,1.0
VirusShare_e828aaf32e2425884b603911a443ed10,0.65463436,1,1.0
VirusShare_116f5d9a43e2f806913cbcfc351f524d,0.6549567,1,1.0
VirusShare_8d832d2580108aa3689859d25450ce8a,0.65290654,1,1.0
VirusShare_34f038d4ba964710b690cd3861fb630a,0.6557263,1,1.0
VirusShare_3b966c365d834e5f0746f2d0425dd819,0.2529144,0,1.0
VirusShare_177d53675a60b0338ae97d88d28e5836,0.65024924,1,1.0
VirusShare_640b535db1de48d4459ae943b05775ec,0.7977221,1,1.0
VirusShare_c979bd3e2ab1ef94cd8a21db27174e92,0.6507232,1,1.0
VirusShare_1ba6b96cb6ce910f9e540abed3a4c620,0.65290654,1,1.0
VirusShare_9a585ade0a1a1d4624573d5a65f34187,0.65037763,1,1.0
VirusShare_f9d7e55a2f0e0b3d9955eb87cf7fc124,0.6551712,1,1.0
VirusShare_29117febb0bda0e0bc1a031c95cf4f62,0.65627027,1,1.0
VirusShare_fb77ce266accef2240d996a3e2c578f8,0.65718484,1,1.0
VirusShare_8e7cf23fb2fa5ae47ea6d9704ac89c3b,0.6477994,1,1.0
VirusShare_091a8a7f78e45c6a5972660372e54901,0.6521487,1,1.0
VirusShare_c03cf37c771b3ce0fb8b91713b2e44b7,0.6531615,1,1.0
VirusShare_49147750cd098e224cc9bdedcc081886,0.65309846,1,1.0
VirusShare_aca8e260049db0f0f5f55ccfe8a96dfe,0.6617868,1,1.0
VirusShare_2b070ee9caab261081b9353be19f23d3,0.6477994,1,1.0
VirusShare_d3fc81dff895c72b427d89f413e77e22,0.6551712,1,1.0
VirusShare_b1cc2978f0c070024096ccdc6621654b,0.65434915,1,1.0
VirusShare_1eea8879dfb19cffb2e6ece3ae9dec9b,0.6573545,1,1.0
VirusShare_9ac78220a7f2d457e3565ced9685f7b8,0.65037763,1,1.0
VirusShare_9c8c958398e30a4bc4d62713b783de89,0.6539532,1,1.0
VirusShare_e85fcc12a803347a562362bef87d1009,0.6551712,1,1.0
VirusShare_dbcae0ba7584f46a35ad9bd00d6277bc,0.6611025,1,1.0
VirusShare_bf0e02e49320ae5d9bd19029c80fa40a,0.65566236,1,1.0
VirusShare_47a9a1e940fdc759133b7dc0fccf0ce1,0.65627027,1,1.0
VirusShare_2996fd6968a0f7faacf62da5e54126c9,0.6549982,1,1.0
VirusShare_031d9f9f533f7502956ffb776f550312,0.6543444,1,1.0
VirusShare_71eec93b0049051c7a985b65518eb493,0.6513029,1,1.0
VirusShare_b3b992034b7a07476c861bccf0f98e24,0.6513915,1,1.0
VirusShare_3f23f14d840803907c1572b3a1d7e6e5,0.6654724,1,1.0
VirusShare_472ccf328dba05c225fbad31898109b7,0.62184626,1,1.0
VirusShare_53f2e602c5fe57ae02e20b79ce1988de,0.65354186,1,1.0
VirusShare_be4d2399bf6446bc4a19adabb59302cb,0.65906405,1,1.0
VirusShare_4a959c9ffa57a2012fcb04b0c1ce2fa0,0.65627027,1,1.0
VirusShare_ea47b8f73d0d8d7562144fc04fb38fae,0.66038543,1,1.0
VirusShare_ec1c96f568fe7296290996d820cef30e,0.6332344,1,1.0
VirusShare_4c5da15d54bd62ea6e92314facf38f71,0.6507232,1,1.0
VirusShare_58d63bb9ba5b08cbceec95e44b3662b1,0.63672954,1,1.0
VirusShare_4dcb84f373132390f24f61389523e765,0.6543444,1,1.0
VirusShare_5cd46c8a8fec0cf0cc2cf0b79fad2a2d,0.6587987,1,1.0
VirusShare_ba887f400b57763f2ee0344930a6e350,0.6507232,1,1.0
VirusShare_4a7c14b9194e142ca5d0e2edbbd14027,0.6549982,1,1.0
VirusShare_c1bc85893a9abe205900a2ccc8e2bc18,0.6507232,1,1.0
VirusShare_e639d7b9c17d9b88bec179238308c992,0.6507232,1,1.0
VirusShare_c195ea9896f7b1dcee23c889bd93c6c1,0.6522976,1,1.0
VirusShare_bc888b4be0e02d047a6c20f4d0e5891b,0.6420484,1,1.0
VirusShare_798eb1cdb25f9eb1033b1fd0a03fb0cd,0.65178955,1,1.0
VirusShare_5e7fb5f933d9f6985b4d12ba93c4f459,0.65906405,1,1.0
VirusShare_7398cc1d288e18168cce44880c1944e1,0.6551712,1,1.0
VirusShare_85e14c96f650e8fde7811bae27b37491,0.65579224,1,1.0
VirusShare_1dbb418d9fc1261b4fd2f05c2fb18553,0.65257853,1,1.0
VirusShare_ad51a710e4b72284d863db7a21dbcb61,0.6592144,1,1.0
VirusShare_73af196a9868db5800a55289226b41a8,0.6569088,1,1.0
VirusShare_74e8ebb6c53f00a0dfc2cd29faa02d41,0.6528386,1,1.0
VirusShare_e19df15863198b5dc223cf375cecf4f7,0.6611025,1,1.0
VirusShare_ca385022d52901a1b5383711b9847aac,0.6493906,1,1.0
VirusShare_5a0bf885b6e943a5c723a9380c0f2445,0.6426511,1,1.0
VirusShare_bd1e6e14447d10c5c4b702a734ec39c9,0.6507232,1,1.0
VirusShare_bed747adbcd9be771c6c1c14433da09a,0.65037763,1,1.0
VirusShare_161ed7768fd2fe4df3e806b50171e3af,0.65037763,1,1.0
VirusShare_75450d81b63df35bb2532c9f595ae9d4,0.6500536,1,1.0
VirusShare_ea046a23520509816330fdf62546408b,0.44764668,0,1.0
VirusShare_4183f7084c73397c836d4397ce73a68a,0.2974084,0,1.0
VirusShare_26f724f50b81f723673bbdafacac78f1,0.2974084,0,1.0
VirusShare_c985c29d7bfd7db2bce454e3d53b310c,0.2974084,0,1.0
VirusShare_4071f05340355ef99874a22b584f833e,0.6507232,1,1.0
VirusShare_ac9f42d81a63c51d908f496af2b8f6bf,0.33013147,0,1.0
VirusShare_a9d2873830343fb5b6a01b9552e28d9b,0.2974084,0,1.0
VirusShare_b0ba0018991b67811c956b9aa80f8e8a,0.2974084,0,1.0
VirusShare_d3a0204aa6bb354df17dc5f6bac6c1c9,0.65718484,1,1.0
VirusShare_fed5ab2527c2024a4e6a5dedaf2a1908,0.6592144,1,1.0
VirusShare_611f8e2bebda77092d9038981666af65,0.66064394,1,1.0
VirusShare_efd92c069c3da43b20df823e10d48b86,0.6507232,1,1.0
VirusShare_bf5614212a1e943ef45058b0037f5c39,0.63672954,1,1.0
VirusShare_5e119d37640ae35ddf137b20743cd427,0.6551712,1,1.0
VirusShare_a5bf5ef4e0924e30ec86a9e64546279d,0.6426511,1,1.0
VirusShare_6b6e767ce1d57aa4b9136cbb0398e1fa,0.6507232,1,1.0
VirusShare_1739716612892feee17bcbc89196f250,0.66242725,1,1.0
VirusShare_98918d1d5442ae702bb0bab67ad671b0,0.63672954,1,1.0
VirusShare_722178f201e9c4c0dcf3dba89611990b,0.2217371,0,1.0
VirusShare_5c2c0cd5c435f8c2a29fa0b604001a6b,0.36573988,0,1.0
VirusShare_e6a81a8e7ddaeaf253ce30dab72b508a,0.6570603,1,1.0
VirusShare_1af9b4f64aa2aa9f0ce3c2acae9591cd,0.63672954,1,1.0
VirusShare_4fe09d3b83d90cfd1706b7e5b80f74fd,0.41971445,0,1.0
VirusShare_4d233c8f0d077270f15653247e6235cd,0.6572414,1,1.0
VirusShare_2bf29790b77eca82370618ea825cb3f1,0.6558422,1,1.0
VirusShare_773f241d471192cf0b4f8ba2b3224407,0.6507232,1,1.0
VirusShare_03e61fcebff9fbc37093ddee4b524d7f,0.2897172,0,1.0
VirusShare_e408f76af2ec14ca595f176673a3849a,0.66153514,1,1.0
VirusShare_6156edbc628b02376c1571dfc941a19e,0.6490072,1,1.0
VirusShare_1e7ae7fdee826d1d4cb8cc3a7439fc4d,0.6483414,1,1.0
VirusShare_bed99420d0eb1b77c2bebcb956d13811,0.6586197,1,1.0
VirusShare_bc59284d84c8dae043d3f888385fe5b0,0.6589931,1,1.0
VirusShare_64b5eff8b4278795a3e114b3906a9200,0.66493267,1,1.0
VirusShare_0f209dd69a797b0622acf170acd3fbb1,0.65087986,1,1.0
VirusShare_e2ac113987b3e96e518bd4e1047ac572,0.6584402,1,1.0
VirusShare_a9319aa1f106704064b7462631aa0c37,0.64907885,1,1.0
VirusShare_558fb4bd4a9a42b671bc4a366d099481,0.6543799,1,1.0
VirusShare_b371985134ef7ad40fa8434ccd9dd7c8,0.65155184,1,1.0
VirusShare_954c706d647721db1adff172cba97bcf,0.6567885,1,1.0
VirusShare_b2262a7799907fdc89c020a2c8adcdd1,0.65372574,1,1.0
VirusShare_e63eedbc7685f7b3ee36c04eead75a8e,0.6555791,1,1.0
VirusShare_f82a52b81d5c5cbc8e8af1591a5fb5c3,0.65480256,1,1.0
VirusShare_5e67dd42f2fbf93b7defb441c95860aa,0.6494149,1,1.0
VirusShare_361cf07acdeb9398e1da1db2e678aacd,0.65653104,1,1.0
VirusShare_86a7c23887de8f1ac5c756eaccefcd70,0.65894735,1,1.0
VirusShare_babd15d6e7f2be6a2d355488fab0fe7d,0.6580385,1,1.0
VirusShare_72aff962c920b7a4ae44082de779e0a4,0.6506028,1,1.0
VirusShare_48a07624414a09182e7310997cb69ece,0.6526345,1,1.0
VirusShare_ce4d3df089cca1a2cc3e66ce7916e056,0.65322447,1,1.0
VirusShare_c546c5bbf71e3129a9e3ee8bd04a6202,0.6576432,1,1.0
VirusShare_ec6e053995edb6b08057727e24d63d70,0.66152793,1,1.0
VirusShare_b39d4a552cba13d67cfe444353010e54,0.6506227,1,1.0
VirusShare_737a9cf72d14a2e225de615c38f44568,0.6529668,1,1.0
VirusShare_0a52273abeec148d0e30d344b04f36b9,0.6543187,1,1.0
VirusShare_efc9684c64d42035165ad6d20a80a86f,0.6530703,1,1.0
VirusShare_338b176dcfbd7d20a10f8a05f214ab8a,0.6557849,1,1.0
VirusShare_ea6e9f18d741e380947efba393ab992d,0.65222394,1,1.0
VirusShare_63969a8376e96821f885bb284b2a2c5b,0.6532016,1,1.0
VirusShare_01b053f8c50ad83e6595702fa5d7291c,0.6608702,1,1.0
VirusShare_a7308acf728d14a24a36983dba19c39f,0.6502971,1,1.0
VirusShare_6807c4551cc2a40250d9e3784b92b027,0.65020615,1,1.0
VirusShare_1d3acad60c106be6ae4b22352cd6ff63,0.6575284,1,1.0
VirusShare_2d77befaaca1e91c6da204b32b8e5a0d,0.6542439,1,1.0
VirusShare_26a94c4cd5367ecc6c133e9efa1ac05a,0.65625536,1,1.0
VirusShare_9c33d93333d9e18861b2049db6c6cd31,0.6440585,1,1.0
VirusShare_77f6635a1ac2c01d670b02ad0a02dd5c,0.65562236,1,1.0
VirusShare_442cdaa97da6e389a8da2cac1677437a,0.6618718,1,1.0
VirusShare_9b2abab4e0b45f32e47fdea27f678dd9,0.6575378,1,1.0
VirusShare_9272f08a11d9397e0178d120354f0362,0.6560112,1,1.0
VirusShare_c5cdc91b7d6a7f0b0fa8774f6f4980cc,0.6451641,1,1.0
VirusShare_ec2b47c0d2f3930bdb5e0df442dbc251,0.65020615,1,1.0
VirusShare_3bdf4440aab60294090ea4ff88382163,0.6552882,1,1.0
VirusShare_494577564b413fff37775688847bed7a,0.6606668,1,1.0
VirusShare_0ae3da3acf7404dcbf0d0f3bf180241a,0.6458498,1,1.0
VirusShare_885b9324910c4a950fb8c3d9b6d42134,0.6597505,1,1.0
VirusShare_c41bdb7309b9ad516e77ed703c8a9e57,0.6544279,1,1.0
VirusShare_bb93a87416c48b2e090f4aefecf9c410,0.6542439,1,1.0
VirusShare_9969d596c15ee5dc2dfda07b1b5a9ed7,0.65312546,1,1.0
VirusShare_2da92f4075437c420c9594f8ff82e41b,0.65308315,1,1.0
VirusShare_7242b93666305d4327ab04e668b11ec5,0.65274423,1,1.0
VirusShare_65c96cdb91337d1a324a037238e7659b,0.65585244,1,1.0
VirusShare_b8f18cb2ef5ee08a61a6745264b0c6ee,0.65222394,1,1.0
VirusShare_371ea1f36b245972aa91e3981c57a5ac,0.65380734,1,1.0
VirusShare_05657a9cb7ba71567f9dc71d4425e3cd,0.64955086,1,1.0
VirusShare_308e15d6c83b84cb1c3fb1d0100d6a8b,0.6573507,1,1.0
VirusShare_1eb69bd74ee100f9a5db2323b78ee389,0.6464969,1,1.0
VirusShare_8ed8a49f9031980f08ff78afc1152f96,0.66053474,1,1.0
VirusShare_f83d02e226e88c3b2ad7da293ebcaf44,0.65378416,1,1.0
VirusShare_05001e821840812c863a826c60ab95a5,0.6530703,1,1.0
VirusShare_864cfeba889d953e1f2328b306dc46bb,0.65785015,1,1.0
VirusShare_aaa6a73642d7727b758315f9d887354d,0.65020615,1,1.0
VirusShare_36f38f94c77985baf36d582f2e5fa6fc,0.65699375,1,1.0
VirusShare_22c580312257348360c13d4772ee1670,0.6540233,1,1.0
VirusShare_f42d172d0ed8d2a3563cb77840d78427,0.65736103,1,1.0
VirusShare_2fad17e7154718937bdbbdd87d716532,0.6653527,1,1.0
VirusShare_e572312035eb9cc5e5ba2904c479d9a3,0.65411186,1,1.0
VirusShare_8a87d8fcd76e43d1e85f24099a0ea010,0.65655947,1,1.0
VirusShare_b0ea3f661feeecb279f82708094e126c,0.6613329,1,1.0
VirusShare_936f29a516193dc9f60937e9298b114c,0.6634307,1,1.0
VirusShare_5b4e21830aa6d2b9ade0ddaf6643d0e8,0.6532359,1,1.0
VirusShare_28891218bf074398dee4b4ce984ef0fd,0.6463092,1,1.0
VirusShare_36c0160b60d8e50eebfe9c7913fbb91d,0.65463436,1,1.0
VirusShare_5c202269957f3cb089ad59acf27e504a,0.42627907,0,1.0
VirusShare_2b3dac85fb5aa23092812029b51602be,0.65849465,1,1.0
VirusShare_f71dca69a9962e3a8e17bff4737b986d,0.6589041,1,1.0
VirusShare_94823445123b58e646714540896cf318,0.65823543,1,1.0
VirusShare_acc28729b23268e69031b3f6ae3ee555,0.64767325,1,1.0
VirusShare_2939c7968281a981de9866e8bd95f4b9,0.6594922,1,1.0
VirusShare_7c6cb416725f9dcd7453219086bdda0b,0.42627907,0,1.0
VirusShare_438963972257b4f3a9588e2bc0752585,0.6559182,1,1.0
VirusShare_c1aff8c1c28119f9b6cf8559e301a028,0.66053474,1,1.0
VirusShare_289af8513fbb078bf59ec9d157cff8c3,0.31208453,0,1.0
VirusShare_b02d4c731c068aad971b0675ddffc158,0.6587987,1,1.0
VirusShare_6a7ac01c8b7468c20697920234886556,0.6629261,1,1.0
VirusShare_874b4a39d45c47f0fd5a70b9157d9c52,0.6538461,1,1.0
VirusShare_19b26e10e91d6f3ffb42d423ab7d6d95,0.6543182,1,1.0
VirusShare_2b044813512dedc04cc5e92b92006c22,0.5988382,1,1.0
VirusShare_50e8cc178cacc13f8f7b1dfcdcd5a173,0.6542124,1,1.0
VirusShare_13818479f313fd2e8e101b2dbf5c9182,0.65817034,1,1.0
VirusShare_85036deaff41965e667c2a7b9e0e310e,0.65824145,1,1.0
VirusShare_fca3ed84bedd0686a902628810dc631f,0.6575576,1,1.0
VirusShare_1fcd9189204f5fccb9007e60956ca857,0.65204823,1,1.0
VirusShare_385e80a269ed09701751d4468ca5a9ca,0.6588019,1,1.0
VirusShare_d2508d0cafd76bd822682de25f01306e,0.6556025,1,1.0
VirusShare_32703b7adc640080011bf059d981c687,0.65822685,1,1.0
VirusShare_7ab966e5438bb0088e5262abbdf7fd7c,0.6525408,1,1.0
VirusShare_d82d87d0c8dbfbbf5e9abfd1e6c99f62,0.65220386,1,1.0
VirusShare_3aec7e54d05c7a3d89a9f45bb812b870,0.6564945,1,1.0
VirusShare_8f0cacc838f66ceba9fc9ca4fddd0237,0.6592989,1,1.0
VirusShare_ff47a2a157396774f56a82dca6f9c1dd,0.6555724,1,1.0
VirusShare_5f46d56b800fa049c160103431a9cb88,0.65158,1,1.0
VirusShare_f94bdb1fcc376f8d3dfd78b024a33e5c,0.646891,1,1.0
VirusShare_667a583a1b7d657d45c3619e0c16e99a,0.65296257,1,1.0
VirusShare_421f922dea9922bc45fa70db8bfd8e11,0.6503202,1,1.0
VirusShare_09482b05a329b457a043113de1e40d8f,0.66098773,1,1.0
VirusShare_9e8eb5086b04fa44233f52f30a66a6c7,0.458212,0,1.0
VirusShare_4ba56e9150aad2d2e74ef1c5b45a8b71,0.66049874,1,1.0
VirusShare_14275a9715a2da2c0df11dee4c8ecf29,0.6552478,1,1.0
VirusShare_b45e1df176f253139045cc02100377a4,0.64904803,1,1.0
VirusShare_08b6c1cda483ef3cdcd2580b790c7c99,0.6426511,1,1.0
VirusShare_f6c47e459ee74db6496c3af4854eeb87,0.6525154,1,1.0
VirusShare_27dca4eb58f94191a96ca4c11860448b,0.647544,1,1.0
VirusShare_78c6c398c09d53160ab599b07d04d332,0.64643526,1,1.0
VirusShare_ad3deb4895f745c4868916c4831cb9ce,0.65574884,1,1.0
VirusShare_8a8e7472175d25c12142431f95488647,0.6543444,1,1.0
VirusShare_a684e701c9fc9aa6a8814a0a80133c8e,0.65953904,1,1.0
VirusShare_0afd57b0fa675ad2a78d689818435c0e,0.6506817,1,1.0
VirusShare_ebaba62cdb43fd79e73c9e53045c0d18,0.65568095,1,1.0
VirusShare_3597d5ee387da4e4916ab525e6cfffc5,0.670287,1,1.0
VirusShare_e57da980a10fe24507f3a6e20e102c01,0.65627027,1,1.0
VirusShare_998f07e0a134ebd49a0b2599457eced2,0.6569403,1,1.0
VirusShare_3983f992d3c286c84c33cdc40dbbb95c,0.6552326,1,1.0
VirusShare_f933172d7da018cab6c4a4d0ebcff1af,0.65852106,1,1.0
VirusShare_6a5cfb4ae342ce4c879762ca954265d7,0.66509956,1,1.0
VirusShare_473dfc826558a54e73f429c7435424b9,0.64969885,1,1.0
VirusShare_0a83dd8fe03100cb40e23f75a3ac83ba,0.6601566,1,1.0
VirusShare_6739bd692518306537ec2125718018db,0.65853006,1,1.0
VirusShare_eac57fa160f0273912b95ec7fde35923,0.6665417,1,1.0
VirusShare_d6979f5955b093621e0afa0e85a2c5b9,0.6608943,1,1.0
VirusShare_d271e67a57082843980d309ce1506816,0.6535866,1,1.0
VirusShare_69324d63bc640e9912b9ae07e1a6b794,0.6597505,1,1.0
VirusShare_73f8504b18cc7d3cf4125107e2103070,0.6567478,1,1.0
VirusShare_0e3293e941ce138d1904661f27d366e5,0.6574567,1,1.0
VirusShare_de8caef9e00f8c4be92b6be489de4819,0.65465534,1,1.0
VirusShare_8546dfd497bf172c510801ffcc390093,0.6463258,1,1.0
VirusShare_5e3d9dad88f4268b4a0ff25285fb42a9,0.6522403,1,1.0
VirusShare_38680e096ef4f9e36e0e5b9f34d4d541,0.65594035,1,1.0
VirusShare_50a37f6872f4ab69a40d59b0187eeae4,0.3913202,0,1.0
VirusShare_99f554c4487ff6290ff61dd3e4250896,0.6611025,1,1.0
VirusShare_281020830e67ce27477c27c3c6f35fc1,0.3913202,0,1.0
VirusShare_7d4afd3fed6efbf8a300497fadfbd80b,0.6576773,1,1.0
VirusShare_0fd4f08d859debb5cc65da0220efb945,0.6426511,1,1.0
VirusShare_6e729b9b16af6c46ff81bfb8d82c3e1e,0.65522695,1,1.0
VirusShare_43b7fe00c0eee4a3ed874b35b84faedf,0.65222394,1,1.0
VirusShare_60b611522e4a1a4da9d821d7c64bda61,0.66308427,1,1.0
VirusShare_7e2319e4ca82603483d45f320d40dafa,0.66350955,1,1.0
VirusShare_d546cfeb96fb29c978566516bb2675d1,0.6522268,1,1.0
VirusShare_f4b9923c1f4a2a2de065a42f4bb453f9,0.6501087,1,1.0
VirusShare_6844d76b795160ab68b17eba6a59b797,0.6550461,1,1.0
VirusShare_c293e96e752981707eec72354ce101d8,0.66131705,1,1.0
VirusShare_c4b31814f8e22bf31f1e9016c4056e00,0.6582426,1,1.0
VirusShare_0ba8495d8c2443f17fac9ee2001a2a98,0.65885574,1,1.0
VirusShare_22be86fb5baa7027eb3af91d7736ea1c,0.65662485,1,1.0
VirusShare_49b2af2c3b16501db09332dd8aa9563a,0.6502971,1,1.0
VirusShare_ce34f3bf15d2ddd24f82f9ea1b652d22,0.6712929,1,1.0
VirusShare_7807e4da6cd5fef38d8c5e2744eba601,0.65617,1,1.0
VirusShare_0657ba1642135146907e2e031e2ba6c6,0.6543444,1,1.0
VirusShare_1f2ece2fd3cc2688f24f55d7f19d7e73,0.65275896,1,1.0
VirusShare_d878a15f020df0514dcc6bc790ab02ec,0.6521019,1,1.0
VirusShare_87cf2814bcc40db58ffc83ee2a0a429f,0.65655947,1,1.0
VirusShare_8c0bc26f43e31e82303fc19d44f6b622,0.649492,1,1.0
VirusShare_c733f8e48f11fd2d11fa113df3c6ed31,0.6500912,1,1.0
VirusShare_7c915472ec1b6f3904a43dfb4f118cf2,0.6599184,1,1.0
VirusShare_956c4377af3dbcbe888cbafecaa44169,0.66334,1,1.0
VirusShare_b5fdcd3445c94004c27718d3eaab92cb,0.6603295,1,1.0
VirusShare_65af4e41c49b9240f6c83f2603022d2e,0.6549462,1,1.0
VirusShare_43f20fc39cc55d7bccf0c962d0e8d044,0.6580913,1,1.0
VirusShare_abdab559963eded1cbd5778fc872b9ef,0.66146815,1,1.0
VirusShare_7b22bed3d44978a00f12003a7e78d30e,0.6599766,1,1.0
VirusShare_56d375efa1502e1263f6df305ffe2c08,0.6569403,1,1.0
VirusShare_3430d1612e4ea3d452f399050c9641df,0.64882106,1,1.0
VirusShare_5289c22536943a8c1974b112524532dc,0.654866,1,1.0
VirusShare_d6db2bdda8a73df811db5e7700f57851,0.6565268,1,1.0
VirusShare_dfe2bdee87568def08df856296175a96,0.6527675,1,1.0
VirusShare_b019d26e509a0ff9a946ff4d2c4a0965,0.6504971,1,1.0
VirusShare_bab263d83e7328a5c6e39b4d98132de2,0.659053,1,1.0
VirusShare_ea961898f47fa5fc88e8c751d628765b,0.6533414,1,1.0
VirusShare_0ead0a8e7b7c4e07eabb2fae62dfda52,0.65208864,1,1.0
VirusShare_e4d9cae79ef854525e13f9514b2d789f,0.66087264,1,1.0
VirusShare_ebb684e08d9e2f50f796782150078021,0.6631594,1,1.0
VirusShare_635a6d88a2a004633890981edd0167f3,0.65389615,1,1.0
VirusShare_6a3a0c6043987942affc729cc6cad334,0.6712929,1,1.0
VirusShare_060acc0460c2e6648a1d5945b4a8a46c,0.6574743,1,1.0
VirusShare_9bf374fceb2935fecb9d72a2df9ec4da,0.6426511,1,1.0
VirusShare_e6b6687108da0b6beccd09ac0fb328cf,0.6554836,1,1.0
VirusShare_c0b22e8975cd079467e6b41578016a50,0.65709114,1,1.0
VirusShare_e1ec51590ec05638844e26df6477c1ab,0.6553861,1,1.0
VirusShare_dc12c4fc26b7c5a82061ad022ecb1c30,0.6491984,1,1.0
VirusShare_ae64d27dfd173f43898f5c2d79238396,0.6539567,1,1.0
VirusShare_88522a92c114c292b7287693acf4c13a,0.6597886,1,1.0
VirusShare_0db7cfe2e597e4448b885503edca9bf9,0.65650666,1,1.0
VirusShare_3f6cc939abb98794fab961002e9f5b38,0.66390723,1,1.0
VirusShare_7bf2a5b41bc4059e0b7f83b335af0eea,0.65708625,1,1.0
VirusShare_1326389bf689be86832063f71d7a0f9d,0.6552203,1,1.0
VirusShare_1af9d0b24c413e2db721e88e1cdefabc,0.6550749,1,1.0
VirusShare_e4d90482e5dfdbacdab8d89b03fa59bb,0.65736103,1,1.0
VirusShare_0327bde8f5b85f4b8d0d574bee8f7aca,0.6603242,1,1.0
VirusShare_9428143818f06afa376e04d0e3e61779,0.8530377,1,1.0
VirusShare_26ec9e57dcd7d8b67d157fe7caea34da,0.8530377,1,1.0
VirusShare_455ac5018a9d5cd6817761618796006f,0.6554906,1,1.0
VirusShare_0bb0e0e59cb131e6271a4be149e99596,0.66098773,1,1.0
VirusShare_e949ef0ed41a448a009bb68191643308,0.6508925,1,1.0
VirusShare_9dd054e5a9c016630353c856e421b475,0.6303711,1,1.0
VirusShare_903163370159d41e15d28f9ac722da14,0.6489297,1,1.0
VirusShare_15ece240e644c6c18f5b4a46a7fac3af,0.6556291,1,1.0
VirusShare_3fc539ffc047085d61ddfab471a167a7,0.64664495,1,1.0
VirusShare_fd78b1eb3b5fe027b567fb55430c3bf9,0.6552253,1,1.0
VirusShare_11b29767f62dcbb96b6b7bf0adae8017,0.657326,1,1.0
VirusShare_d7f16a944026e0577c0a7e67e5758ba2,0.66463464,1,1.0
VirusShare_28bde56e2fc0242723bede28df5fad6b,0.6474226,1,1.0
VirusShare_80de3dc066131e52cc14114a4d306700,0.6555559,1,1.0
VirusShare_d9e9f8e169cf163769e0938b5e119b4b,0.66208833,1,1.0
VirusShare_1be81641a8e7bd039593bc82a419b0e8,0.65411633,1,1.0
VirusShare_cca1d008e16922154146be0f26ec44ca,0.65722543,1,1.0
VirusShare_0519c790d2de1133ea76258e6356355e,0.65746254,1,1.0
VirusShare_a1dc23b2598c202c447a7dfb7dd3a63f,0.6634258,1,1.0
VirusShare_f02f2570d14da7b302abab13d81e31c7,0.65446746,1,1.0
VirusShare_5c41c7b032e73120acf17e1009662da9,0.65494186,1,1.0
VirusShare_7372447790c2334202bbd016a17efaa9,0.6499399,1,1.0
VirusShare_fef18b39c42c18974fe4306a25a51047,0.65274423,1,1.0
VirusShare_8188d8fede7821c603fef82bc2f9adcc,0.65878356,1,1.0
VirusShare_117cce1168119724b29aab9fc411e73e,0.65655947,1,1.0
VirusShare_af829865452b2c59c826d04bf50fa6b6,0.65600264,1,1.0
VirusShare_37cd17473418eda8b9f2ed3732c5e6f2,0.65737635,1,1.0
VirusShare_b6642056e5fdbd45c31f85eb93eb4913,0.6576165,1,1.0
VirusShare_0a566ad302e49b6805bdf4f3382ed8eb,0.6521019,1,1.0
VirusShare_06956b74ccf2398a0feb3967e205d96f,0.6630683,1,1.0
VirusShare_726d61665b1ef7c6dc8ead02699f9fa2,0.6578455,1,1.0
VirusShare_6087a0f9d183c04d2430d2a0c1678a17,0.6573507,1,1.0
VirusShare_817e6e3ef66b063f2fabdcecc0d87fe6,0.6567885,1,1.0
VirusShare_5515bd67099277be64864fbb4b213cf4,0.64942324,1,1.0
VirusShare_890cf45fe00e40c9094ff0e4f32c0f02,0.660332,1,1.0
VirusShare_4cf9e2e13a160217866dd15829944c3f,0.65494186,1,1.0
VirusShare_60b012b3b0156ae0ef0b212456a72c6e,0.6569387,1,1.0
VirusShare_4a5a54903ab61ea062dc0a52a0f9c1ad,0.65185195,1,1.0
VirusShare_38b24d01b7dd2f600e79636a4c113e21,0.65652287,1,1.0
VirusShare_e7bfb052ef4a08b608f83212ffb8923d,0.65372574,1,1.0
VirusShare_3c3c8c218b03f299f20675a945249cd8,0.65456694,1,1.0
VirusShare_882b2d856d5c466b9feb59a5b95c695f,0.645275,1,1.0
VirusShare_c4ddb06bc11ca414d70278820073590a,0.6545319,1,1.0
VirusShare_354ac2d039be01f29e8d547440304ea5,0.6556339,1,1.0
VirusShare_0dc71bdde7e0d64a2c37a52be1734444,0.6542646,1,1.0
VirusShare_034d2e90f407d2c88ca4a1889aa9905d,0.6507232,1,1.0
VirusShare_8d7ec907afb9e8c66551b24d3649b309,0.65625435,1,1.0
VirusShare_c0d82e66d0dfb0fd2c2e8600a78cc9b5,0.6503389,1,1.0
VirusShare_0c0f8a8a708caa74938cc09929a337a4,0.6624618,1,1.0
VirusShare_d3af20a70f79172757ababd32ded9f01,0.6568488,1,1.0
VirusShare_e2a03367b55007da4aaec9631b838aa8,0.6562208,1,1.0
VirusShare_40962578baacf91b699a4c42e2bc6126,0.6522952,1,1.0
VirusShare_58601a66fa25867d65a9ab113483d002,0.8530377,1,1.0
VirusShare_a58d3956d65ede0f2ac66db3f310c285,0.6556405,1,1.0
VirusShare_fdc590bf686c93a00abae52ab898c2a4,0.6665417,1,1.0
VirusShare_68fb0619bdf1470fa9e6b11360310211,0.6539567,1,1.0
VirusShare_452352cffd20f50c12c24b3248dfd5b7,0.6576165,1,1.0
VirusShare_9215a9b2dcdb23e8538bf1f3319097dd,0.6550126,1,1.0
VirusShare_d5359b2c4d258ef75363e0ec0643d1d5,0.6523739,1,1.0
VirusShare_f559e7c6c9c44c8823b19feeb36f77ba,0.6564418,1,1.0
VirusShare_bb95c27fd6ac474bba3fc92f59285333,0.654866,1,1.0
VirusShare_86693d9447b2dfb7f79f4916fbcd1043,0.6552478,1,1.0
VirusShare_063b1955a7d573f98a56d0dc49c45ac6,0.6645652,1,1.0
VirusShare_21f1312f3bda3213ae30683fc90f5fe5,0.65864325,1,1.0
VirusShare_417f2f829276bb0b4d5cf4eb2ba570e0,0.65899926,1,1.0
VirusShare_c08e33f058161612647804356eb058e8,0.65837276,1,1.0
VirusShare_4879419e319b00b2bc079b96d06fe655,0.65385914,1,1.0
VirusShare_fb8276834acf33b15d303a3e179892ce,0.65988576,1,1.0
VirusShare_3116dde4a7cacd4bd5cfca7ac5a19e2f,0.64699,1,1.0
VirusShare_a50ae942d2d7480e3b5837f3f3e05086,0.6636616,1,1.0
VirusShare_15b3c4a11d6fdc2122da9f3ab89e4bef,0.085880205,0,1.0
VirusShare_69f9dc48578005d1669ec55223bc5f2e,0.8530377,1,1.0
VirusShare_91395dc978f4dd9188811910d183094c,0.65728515,1,1.0
VirusShare_b03ac1ad22a8eb6e0439a176d80eed54,0.6502971,1,1.0
VirusShare_7574b01af5d5e11826682175671d116d,0.66086423,1,1.0
VirusShare_d63438ae0e192895af34aa3673c44f2b,0.65647495,1,1.0
VirusShare_71e1b3e842ec3c4da1e4acd5d0159900,0.6571315,1,1.0
VirusShare_3d25ce261268d031a8ca8d9e308b731b,0.6496428,1,1.0
VirusShare_c940e0bdb6cdcb5d5fd1acdd7408d8b4,0.656662,1,1.0
VirusShare_a7ddb9c19c466ea55f1211558b382a0c,0.6543187,1,1.0
VirusShare_75368f0383bc6586eecb744dab040bd4,0.65207434,1,1.0
VirusShare_e0ea79077cdeba330f98b2f7b940224e,0.65657157,1,1.0
VirusShare_1adf280277a416da620606d23f4dfad4,0.65446746,1,1.0
VirusShare_c4c1a75a79e919a2449b2ea5f4296170,0.65067434,1,1.0
VirusShare_0c8e7eee6e9a13e0eb50cdf737e0c8b4,0.6545807,1,1.0
VirusShare_f7a128b12d0578d4d3c2a35ee0e0ddd6,0.6606049,1,1.0
VirusShare_ba128c6f9dd8976e1c52b3e61fbac8ec,0.64507943,1,1.0
VirusShare_f9b2851087ded7eca999b42feaa877f1,0.65024406,1,1.0
VirusShare_8aad8c005bb030ede34669a913f9451d,0.6555735,1,1.0
VirusShare_35fd35ffe088c528887dca1a99e806dd,0.6543444,1,1.0
VirusShare_a2cd26d46fe83831c910843d6fb78704,0.6653527,1,1.0
VirusShare_c7e66cba480b90560ba492a3f913faf9,0.6552758,1,1.0
VirusShare_82cbc05260521dfb6f7262e808c80706,0.651973,1,1.0
VirusShare_2cf9f06f3e9ab3ec9917114c35e67d6b,0.65986764,1,1.0
VirusShare_0fae70ebf59b2a350e61302bbb0da06c,0.65706813,1,1.0
VirusShare_87b55c77cdf864fa1217355436060c7c,0.6552074,1,1.0
VirusShare_da6f32fee91672e740836c2137d65692,0.64713573,1,1.0
VirusShare_acca8cdbf2c11290805838e15caf2e29,0.6499664,1,1.0
VirusShare_bc9362c16b1f8fb20b55d49653bf7345,0.6574577,1,1.0
VirusShare_4d56c03fe326337d2300dec8f132fb8b,0.6475433,1,1.0
VirusShare_48a23b100e2d1aae754e6ad5dbd758ee,0.6478254,1,1.0
VirusShare_3a075b29f5bc773e33af8214b448aadb,0.6651813,1,1.0
VirusShare_ae41d6953c11a626e4f91ddd7ff4078e,0.6610111,1,1.0
VirusShare_4481cab8af16b941b6095b5c3558c479,0.27067655,0,1.0
VirusShare_3ae9760e36ba424f723af2d16390714d,0.61877745,1,1.0
VirusShare_6bf9ea915e1fc7eb701c1e03facd9d9a,0.65452284,1,1.0
VirusShare_f3a9c0ed22a25e4aea8d3a70a3d16424,0.645275,1,1.0
VirusShare_e941a1b9969c4079d0c21f3a4616b961,0.65958995,1,1.0
VirusShare_7fcaab3b504bb65e1a03c696e6ad4d61,0.65958995,1,1.0
VirusShare_9d384209fc4f9e2a66950c85a3dfdb8f,0.6603295,1,1.0
VirusShare_5cbea91d7e45a687bab410752a6df88f,0.65603644,1,1.0
VirusShare_3528cfa9f122b32eeed10849e016ac52,0.6549982,1,1.0
VirusShare_24f9dbd8249c80af9228f0aa0fbc3b82,0.6613329,1,1.0
VirusShare_796c0098908ea878c1eaa9e9a8633988,0.65890014,1,1.0
VirusShare_3cc78be887fdf76946124bba88e168c3,0.6609526,1,1.0
VirusShare_b199110c30a86ce46ca112f6ef496ab6,0.6623416,1,1.0
VirusShare_c57b0c85ad65ec1918a287c89e991c54,0.6534819,1,1.0
VirusShare_3f4fc71896aac224a450f3d686e26feb,0.6572414,1,1.0
VirusShare_013fe58fde95b085bc2a085966872ce3,0.6506809,1,1.0
VirusShare_9f52b697c2f18f1ec2f1d5a4eb7b0910,0.6564418,1,1.0
VirusShare_08835233dcdb212740c9187834b36b9f,0.6468223,1,1.0
VirusShare_1c709957bf02efa9345d242be83a2bf9,0.6529668,1,1.0
VirusShare_182315f097b047ec5dc7e554d613b0f6,0.65837276,1,1.0
VirusShare_72a91f73fac7b008e62901dfd2d80e9c,0.65332097,1,1.0
VirusShare_124537dc5915672a8d6586751baa530c,0.65453696,1,1.0
VirusShare_32b4f8406eca001ebbac45c0adb49453,0.65290165,1,1.0
VirusShare_2d31770803e8cb1ab46e0fb424c38f86,0.65975094,1,1.0
VirusShare_07764914966a08272233b74ec02b14c1,0.6508925,1,1.0
VirusShare_c28e266d6a8858b03d162fd5b2f20dda,0.64114505,1,1.0
VirusShare_8c88bfc779e3e2bc5d84f19c11b31367,0.6665686,1,1.0
VirusShare_d3283198edef505bea12cde4859400d3,0.65494186,1,1.0
VirusShare_2b62025858a34f7f2e0d3620b3e651e5,0.65024406,1,1.0
VirusShare_684ca2382b359c191fb837441e1d6141,0.64917606,1,1.0
VirusShare_aae23f838140a4ad7592b4f5dd3d043b,0.6556392,1,1.0
VirusShare_a3d0dbd9f8b0389212ae816e3b4c23e2,0.65853006,1,1.0
VirusShare_9f44185d54a2613ebe989d6118d3e83c,0.6652517,1,1.0
VirusShare_cc8d3398342ef6f63a05175c10ddccf9,0.64626014,1,1.0
VirusShare_cbf9557b0596495c75696990e5340146,0.65369356,1,1.0
VirusShare_4acb51e5dec7d08af9c5377473ae6d02,0.6552006,1,1.0
VirusShare_58238c9b639217e364b6f2522e1ecf5b,0.65371776,1,1.0
VirusShare_ef6e5eb88efeec5a38414ca03b7e1c21,0.6522145,1,1.0
VirusShare_6de8cdd749ef52e485b8921d440e54e3,0.64927006,1,1.0
VirusShare_864bfd0d7240d690708a916670699101,0.650572,1,1.0
VirusShare_8d8121f2109a30b28c270dbee9f675f3,0.8530377,1,1.0
VirusShare_c1e5cc8ec8de142a9e5da68a86a37f69,0.65538603,1,1.0
VirusShare_eed6f5089b343fa6c594f5798b5f41a4,0.64912,1,1.0
VirusShare_f965e4aa9d0e7e85774568feefe58a32,0.6577694,1,1.0
VirusShare_146ff0cc008fd67af13a47cb579753f4,0.6594997,1,1.0
VirusShare_e4682b8df9e6eb9a5e4eab9289e5b4b6,0.64877886,1,1.0
VirusShare_f3b5e14bd7ed240775c2008f35cdc358,0.6506227,1,1.0
VirusShare_985fb13c91e2c7f0aaf95c8b3b2713f2,0.65323967,1,1.0
VirusShare_f82458b6202ff2550ba7e19abf374d3a,0.6545901,1,1.0
VirusShare_f6c9c2786ccce15cee44e2534fd782fc,0.6611025,1,1.0
VirusShare_12e5c3eaa39e42ec3c1f0cb9028e968d,0.65631485,1,1.0
VirusShare_4c7a1f0cf5d95a022d1d4e19683eafbf,0.6563475,1,1.0
VirusShare_6c844df60e143c0e3173126552f40483,0.65821636,1,1.0
VirusShare_e9930b10b4e05b63d266f748b300d92c,0.65819025,1,1.0
VirusShare_fe231b33e08362a238a162de239d87d6,0.6549884,1,1.0
VirusShare_e0ff61102ad0bdd1e69f8a53d27b697f,0.6580199,1,1.0
VirusShare_64ba7282376c88ee7388675684a76b4e,0.66027844,1,1.0
VirusShare_9a43416da3737284dc93cef574b84f20,0.6562613,1,1.0
VirusShare_f8bee1961bcf1e849a9d51c2d703bedb,0.66014063,1,1.0
VirusShare_2d7645ebf84f6dc532a42a617a88f4fa,0.5007533,1,1.0
VirusShare_8a048ffd936bf9112cab86afba7fa248,0.6574446,1,1.0
VirusShare_a85999132099ed9c3139ba92235bf363,0.65080464,1,1.0
VirusShare_7e8af3d62ddea371680aa4a1cddff8ff,0.65388143,1,1.0
VirusShare_fa0051807dc4b4256e88413caadd8cf8,0.6592989,1,1.0
VirusShare_f9e3fb365028bd866d1cbf82c7215756,0.6547341,1,1.0
VirusShare_ef9664becb06bda99780dbf02d304195,0.65899926,1,1.0
VirusShare_b8da2ae9674227a726e82f4a91fcdf49,0.6575518,1,1.0
VirusShare_a1ec52888be69aaed6d8ba5e0306d28b,0.6547561,1,1.0
VirusShare_1f8c099a24f7397ff6893bcd5b06919c,0.39487237,0,1.0
VirusShare_e23112fdef04adf8e242967e6caf0b96,0.6577799,1,1.0
VirusShare_be5d8ba7dd4a0e24dd2c1bed0f95ca7b,0.2832233,0,1.0
VirusShare_2b4e05ea26b156463bcb75960de8047d,0.39806944,0,1.0
VirusShare_72f6e1b568c14e5bc8ef82ed690e6acf,0.65849465,1,1.0
VirusShare_7500539fd8edb5decac57aebf57fa939,0.6614204,1,1.0
VirusShare_0d190ca0775bc2da1571924906bef64a,0.6611025,1,1.0
VirusShare_cba6bc8c3184667ea84f5a107ce5dcab,0.65698487,1,1.0
VirusShare_994fda04edbd495444b6db24a3c42f4f,0.6580974,1,1.0
VirusShare_3543c1c25e78d7b0ee07af5219f5317f,0.65411633,1,1.0
VirusShare_2f9d98112299e13bdd2b4ac36d420e00,0.6552758,1,1.0
VirusShare_c86add2860b52ff6c69bedba350a8046,0.654277,1,1.0
VirusShare_e027e956b252166dac60a9d12ac8e9bf,0.6502382,1,1.0
VirusShare_6af12235fd684b6dfa975cea80514d19,0.65620184,1,1.0
VirusShare_41be9d130cf1424cd9566ec7282f14a8,0.646605,1,1.0
VirusShare_5df273bb283d5aa87f12cfea113d032d,0.6621812,1,1.0
VirusShare_6b07403c328a0f8362f0c01304c13397,0.64625627,1,1.0
VirusShare_5639ccce9f24216f7ba2a866a70d4416,0.66027844,1,1.0
VirusShare_f7da2a6686d494613095286d4f1f59cd,0.65746397,1,1.0
VirusShare_8883c3a11c0cf21aa85d1d0ff43fbcb5,0.6515575,1,1.0
VirusShare_c4c29f88da8dc56300ddc31eb431b87a,0.65996325,1,1.0
VirusShare_e1ddccee9bda0f4282d647bfa45d36c1,0.6599184,1,1.0
VirusShare_ca0bc77f6be44ebebd5f343b2c340798,0.6514572,1,1.0
VirusShare_e710a05bbfac64b17ef7cc28e6356fd2,0.66325474,1,1.0
VirusShare_f1b7508a07db4d0425ae7a2c0551a62d,0.6575516,1,1.0
VirusShare_5df7d2ab76b9fe8cc1b2021a1687e8ca,0.7244876,1,1.0
VirusShare_22993ee60f747c44312e16fe49dc7bf8,0.6597823,1,1.0
VirusShare_9fa627b7cacc9647c3ae6be97e76d515,0.6573724,1,1.0
VirusShare_0532d4fdfba54b2347e5ea8bb6c7a6c8,0.66168225,1,1.0
VirusShare_dc9cef9f95d24b38c241cd5ccff9276e,0.65314674,1,1.0
VirusShare_4b1a99a531e3880fba92aae31345ba8c,0.42627907,0,1.0
VirusShare_520421a9216743e48b854447b21247e2,0.36858818,0,1.0
VirusShare_12e204de22cce31c231ffd31b0491b2f,0.6563377,1,1.0
VirusShare_adcbc8fd2deae8797c4d0d2faece4518,0.66131705,1,1.0
VirusShare_e34449c498df2105b1896c7dd3731f5e,0.65801495,1,1.0
VirusShare_b13e71be464be40562d6ec6e85506a41,0.65067434,1,1.0
VirusShare_3e195c114e76e0bf835c7704a3e22edd,0.66279024,1,1.0
VirusShare_a56d3c189a762c00399c9c56c2145b57,0.6589249,1,1.0
VirusShare_3ab1c5f20da15f1e24390ed295331004,0.66156495,1,1.0
VirusShare_cd20de6a771351a1d671540cd5097e15,0.64993405,1,1.0
VirusShare_9852b2d331f053cf11c58e746f95186d,0.65522695,1,1.0
VirusShare_0f2caa5f37c1e96934b127f301e15264,0.64858437,1,1.0
VirusShare_7ec654f5ee5d53b7b95df97c26f38bc6,0.65107125,1,1.0
VirusShare_6a2d6a223a1559a8800ad8a8aab68f1d,0.66027844,1,1.0
VirusShare_bd99e1b0fdf7ee68b0ab7dcacc5cdd27,0.6568842,1,1.0
VirusShare_accf71dce6df91ecbea95b3b5f00eb38,0.652846,1,1.0
VirusShare_ac5573854f9e93af389faac5dbae817d,0.66027844,1,1.0
VirusShare_f1319a2dee1dc92b84af7a560aaa4133,0.65391064,1,1.0
VirusShare_f2a653d7d5ecdcb0e298cd4c5d83219a,0.656677,1,1.0
VirusShare_c7f33433da9d17041fd86c2a676cc437,0.65616906,1,1.0
VirusShare_806f02e29892bc5e783848afa8dd5068,0.6426382,1,1.0
VirusShare_4849ca563bad8c334dc0e2bbd19d34ca,0.64989334,1,1.0
VirusShare_29e94a0e5bd39ef041b6d53bad4f7926,0.65791005,1,1.0
VirusShare_52b3aea4fbfa8432ac99a7335d32ad20,0.6474226,1,1.0
VirusShare_4cae5b4cb63585f03aebe012aeca5aab,0.6566645,1,1.0
VirusShare_e8f6775e88018ce2def3efcd5994b61b,0.6634258,1,1.0
VirusShare_fa2e77fc1034d890cc6646b6dbb50744,0.6458498,1,1.0
VirusShare_d94663ad15d21db7b3bd8e94da4d8df7,0.64738023,1,1.0
VirusShare_fdc0e72fdff9da916f2e8791be80c790,0.6506301,1,1.0
VirusShare_d452a04f1f32c87cc15f32c9b4937351,0.6501087,1,1.0
VirusShare_4f2e0965083cc2b43f3c00ab93d7ab43,0.65899926,1,1.0
VirusShare_b0aef66460aa1c4cd72be5b448285ec3,0.6468258,1,1.0
VirusShare_54766594c260597dd1d4471eba584299,0.65880775,1,1.0
VirusShare_e9ebc920ea256c92f62cc0e888df2b46,0.65953624,1,1.0
VirusShare_40a3f78071fa8b4a7fa3065af1a41ea0,0.6527915,1,1.0
VirusShare_2069e2b3ce434c2e608d33ba31379e80,0.6572399,1,1.0
VirusShare_ed1a1e95cc77e5a0c3447fea2b979c96,0.66672945,1,1.0
VirusShare_d2780f753be55f7102b8d84cf7a933b1,0.6504637,1,1.0
VirusShare_0b80c7537ba279796ea05128ebbd6241,0.6565691,1,1.0
VirusShare_f0b51e581f5d9e4f7bdd8dd937cd3aef,0.6559298,1,1.0
VirusShare_77d7229380dd31b28a0287865f8e9413,0.08571844,0,0.0
VirusShare_710f06950d4bc4e842d286339752f58f,0.66041577,1,0.0
VirusShare_3d103ffa5a6b36cfd1ed814405efea79,0.655653,1,0.0
VirusShare_877cbcf4fb2329bd9bb68777fa6276e6,0.27135032,0,0.0
VirusShare_f680bf451a39fe48f6a025a62b6e3c15,0.059607722,0,0.0
VirusShare_b2e9ce69f6d2a363bdad704d30387bcb,0.062049918,0,0.0
VirusShare_d8c1d49a0db41359549b74d868b16fce,0.059607722,0,0.0
VirusShare_b5e830d2efe79b66799a8b9a872044e5,0.6582526,1,0.0
VirusShare_1625a9177b00e9a30e6963b4d58c2c66,0.28594604,0,0.0
VirusShare_dc4e7773ee83214de3903bda5ba9cbec,0.6510213,1,0.0
VirusShare_7d35ae0f6810bc3cf517f9738042b418,0.49753016,0,0.0
VirusShare_90fa7c45906b884223b7b7b7eead2888,0.04018457,0,0.0
VirusShare_6480085c3f70b5db8dea19e826e19692,0.07918432,0,0.0
VirusShare_33df62751b55d7c6868a36898649c3de,0.6630118,1,0.0
VirusShare_3e5aabef936121542a3d6ee817ff3224,0.048743032,0,0.0
VirusShare_0965f61a2072df7381de18a57c1b5170,0.23205593,0,0.0
VirusShare_75e9a86af53c5d63a1d7be5728b719f0,0.08029219,0,0.0
VirusShare_9a2b670fbf6cd8c1a6ccb5951c9099e1,0.057157844,0,0.0
VirusShare_66b61c9272d478929a8a4b17a97ba7c7,0.29452747,0,0.0
VirusShare_6e3b9c0a250d6b4c9c760a63b3c8e371,0.074820794,0,0.0
VirusShare_6b7ca1bfceb3610f72f6ebe48bf02871,0.059607722,0,0.0
VirusShare_5992fff34f44e47ee4413130268dfc55,0.6485035,1,0.0
VirusShare_620a0e3c61d999fd8e38df715251f638,0.04018457,0,0.0
VirusShare_4f466d4bf833b4f71681872ef5667433,0.65957344,1,0.0
VirusShare_0d7a62b1c02339c596ddc3e3e547cae1,0.37996665,0,0.0
VirusShare_263d3e74948bc3cdd5ee7ae6b02d8e34,0.3461962,0,0.0
VirusShare_97247439313dce249c9b4e12cc69bd81,0.081083395,0,0.0
VirusShare_75d05d9ede29d4fb79f2b4ea1e3a7c8a,0.26747447,0,0.0
VirusShare_2877402e235519f39f0934c91b396c11,0.04018457,0,0.0
VirusShare_68e3927f74cf83ebd9d2d2a6fd5e4d26,0.34147292,0,0.0
VirusShare_f2725950f9df1a23b453de55a72fdc66,0.08498528,0,0.0
VirusShare_70e5bd0ff19c36219cbc9c907116f1bf,0.36183175,0,0.0
VirusShare_b43a7fbc8ba243525d4e455e0893d567,0.050002895,0,0.0
VirusShare_641d91a08935ca2bfef4c14dc3aff16d,0.16892257,0,0.0
VirusShare_4e1de89883be4edd2f31051d46b18ed4,0.6541848,1,0.0
VirusShare_1ab7cd004938c84e39f4899aa8cfe4bc,0.3461962,0,0.0
VirusShare_e359bdde19eb9e5e955a12fa915c27a9,0.34526628,0,0.0
VirusShare_3d601520258b7867cc7300b2055a3add,0.6183306,1,0.0
VirusShare_583620e3fe995566661d264e537f6276,0.059607722,0,0.0
VirusShare_ae8d96e68254bde2850d4394ab6bc86b,0.34789094,0,0.0
VirusShare_5875eaa2d8d70c5d5b2f603552e2b5f3,0.49753016,0,0.0
VirusShare_aa06cee1a046eeaf94d1d461c58d244f,0.17948504,0,0.0
VirusShare_d1daf94a9fed94b2513eb0ba47517d71,0.059607722,0,0.0
VirusShare_4bcaf231e59c95a9ea588d0dd2296da9,0.23205593,0,0.0
VirusShare_84f8a10ccd870e9e94fecb3f3f01c939,0.15134723,0,0.0
VirusShare_3662c8998f592f3afed8299d40a114d8,0.39171514,0,0.0
VirusShare_0bd0491308244a2ac7ad8d72c5b2db47,0.18712005,0,0.0
VirusShare_d8c12641bedea37582c1d20b4494feda,0.2948833,0,0.0
VirusShare_067676e8349571c6cebf5306ff98a832,0.33519214,0,0.0
VirusShare_be54401328a6872f8d3c041a9f9f424c,0.65572786,1,0.0
VirusShare_a021f87f90dfd841be3287cd9b133176,0.2280517,0,0.0
VirusShare_3d22e8e60645c84532b7368c154aee19,0.58776474,1,0.0
VirusShare_5f0b103fafdccc98899d51f80c278b4d,0.18712005,0,0.0
VirusShare_4119b6404d3ebf6e9e5b59b9a98e6500,0.055964608,0,0.0
VirusShare_496c97566234b855816fa73f0bd4985c,0.35389715,0,0.0
VirusShare_dd280481efcf0a9aa2fd0abc4ac39b8d,0.23060575,0,0.0
VirusShare_5f2250c553cc575a727d6aa6ec49ae01,0.1402441,0,0.0
VirusShare_a66add18177c73098741c014624cf203,0.059607722,0,0.0
VirusShare_ee21deb46c0a9bd8b7f12aba48083236,0.04018457,0,0.0
VirusShare_cf36f5b9c62060418163f91177aea2b9,0.086334206,0,0.0
VirusShare_205cb359e3556b98a6c9b6c1951139d6,0.12137191,0,0.0
VirusShare_4e7562f7276e6719791410611e78f999,0.124047495,0,0.0
VirusShare_9cab63ccf7726c05ae11e7e513b4f65f,0.1611937,0,0.0
VirusShare_1a41b8a63e5e42bd745b2ae169dbff48,0.19086622,0,0.0
VirusShare_09e269e999d5ef5c984692178d2c7405,0.04018457,0,0.0
VirusShare_2e71b674a67e2952ae68d1af83643e9d,0.65846443,1,0.0
VirusShare_61a96f3898458c59690eb6968ce07f54,0.09253673,0,0.0
VirusShare_5a810705382ce2b56128baa8b273fe9f,0.36665076,0,0.0
VirusShare_3aa482d70378cdf23e444d8d9ffdbcbe,0.059607722,0,0.0
VirusShare_caf9b50664a75c6f8c0a1b82533d2c3d,0.07237418,0,0.0
VirusShare_0695a3d335cc9cbb6c69f0b80faa94b6,0.18712005,0,0.0
VirusShare_a49f5ded17211b4715d7ef96c50093ec,0.6594467,1,0.0
VirusShare_1464f52c9cb37fd1cf8ef1cc113b74aa,0.07093558,0,0.0
VirusShare_527874c69169316ce9da80be3c7a1b50,0.24555592,0,0.0
VirusShare_8a94edd2000f7eb692d15b961b351a14,0.3438413,0,0.0
VirusShare_f4a71c9d1474ef9d02ba9624e7d58e0f,0.65683573,1,0.0
VirusShare_d427c5c6e9c95577155af20d021dfac6,0.09119268,0,0.0
VirusShare_bda719b3526ebb022ab4ebe1736b870c,0.1773514,0,0.0
VirusShare_48ee3699940e59bd90fd859ca9010b1f,0.37996665,0,0.0
VirusShare_f5cf21a4e1d97d9fb83d10d3c7f5497a,0.34526628,0,0.0
VirusShare_4f5566f220d052a47414dcc34ba5e717,0.03775345,0,0.0
VirusShare_3218af83261fe7da32179794f0097d8e,0.059607722,0,0.0
VirusShare_e3f9ef50d73f578e4344d7dd930bb2b0,0.20244011,0,0.0
VirusShare_0e58d0e11af68376da73876adf5399ce,0.18712005,0,0.0
VirusShare_6f0c62f73a6ef4d2b83bcefd8f1e8823,0.08770515,0,0.0
VirusShare_08c624f7097255b3bbb26971e1370057,0.16247746,0,0.0
VirusShare_38889e9057e56290fa14ebc9345fb416,0.059607722,0,0.0
VirusShare_584c19ceeeb10fe95c11ddf28295fdcb,0.6542852,1,0.0
VirusShare_a568edd993ddfe25bf6764d7e87f5517,0.07231678,0,0.0
VirusShare_5ed0493567c791ce442f8c3353af7e6b,0.059607722,0,0.0
VirusShare_19ed60a835cb8e4577932de388ed9eb6,0.055320602,0,0.0
VirusShare_8c8fb36240e992046cea7f89a3b6cee8,0.30387726,0,0.0
VirusShare_5325a8637cef63aaeb118a72c6b2ccbe,0.2047972,0,0.0
VirusShare_b7fa8f0b0fbfa22b01b1cf69b798318c,0.14950678,0,0.0
VirusShare_c109bac1e91460e06ce95dbe791fecb5,0.08249053,0,0.0
VirusShare_83c7e2db408479bd40d1df79039a414c,0.24562606,0,0.0
VirusShare_14804398110e1d56967e931e56376fb5,0.066903435,0,0.0
VirusShare_b439576a8ed3fc41216b02b6ca0885b5,0.059607722,0,0.0
VirusShare_03a42a27a6a9a5d277f0cadb5674e11f,0.059607722,0,0.0
VirusShare_26d11454609b01311fb3e707d40366c2,0.6561265,1,0.0
VirusShare_b13d41e22cd1bfa2de66f91879fd96ed,0.21477738,0,0.0
VirusShare_54f646b16369fbbd338215327b7be573,0.39988422,0,0.0
VirusShare_43303c568608ab92933c3e18f596e45d,0.3461962,0,0.0
VirusShare_43bd55fa7208d31daab2260a707e21ea,0.16892257,0,0.0
VirusShare_8327e74da1741f0270732e479a358bb1,0.059607722,0,0.0
VirusShare_0cb9bcdc2d4a840dfd2a4cad67a758d1,0.06333619,0,0.0
VirusShare_a95e610b8239c3fe526adca35d2c0c9b,0.19933334,0,0.0
VirusShare_18c47adee8e8b6297d76cd5f249e2693,0.057157844,0,0.0
VirusShare_896ab454393040da70b01d7fdd7588e2,0.04869067,0,0.0
VirusShare_b3d457b84015dc1ec05abe974ed5fa61,0.111646175,0,0.0
VirusShare_e00d61cced153eb6eef5cda3fca94f90,0.12936746,0,0.0
VirusShare_b3c120628fae27533f0cf9b352dba6c8,0.31448174,0,0.0
VirusShare_040026c9c18e8dc7ffc73f3790dbdf3b,0.22202215,0,0.0
VirusShare_55b0aa7c42a4209f7fbd193b64ed4372,0.27279395,0,0.0
VirusShare_300a19bc9fdfdb926ab6d666f379707c,0.3180057,0,0.0
VirusShare_3999d1ec036c5e02a779304b3f9d6045,0.081083395,0,0.0
VirusShare_5a521fa4581f43e7ea9618690ad5526f,0.6547333,1,0.0
VirusShare_7719da074fa13e20a0d9fccec12e4b77,0.24444588,0,0.0
VirusShare_074f2f216357098eef762ac2892b07b1,0.24362335,0,0.0
VirusShare_b6f5a5b177c97ec3abf01b3894c64066,0.3922923,0,0.0
VirusShare_6ee2aad416eeecc8321cc0926080ac11,0.6558215,1,0.0
VirusShare_031450ef672fbb1671e7d75076d709ef,0.6557623,1,0.0
VirusShare_cfd9918a3b131768900ce44901c9c523,0.04018457,0,0.0
VirusShare_f410aa20278033a2158bc670a4d341a8,0.46390796,0,0.0
VirusShare_92403a287a5e457aed52efac4bb22684,0.33603188,0,0.0
VirusShare_f7ddfa369aae506819474be3d5ce34ae,0.1949965,0,0.0
VirusShare_8fd56f461e0542052de2d84197587508,0.34526628,0,0.0
VirusShare_8d883d66570955cc4b468022f5fc8a1a,0.65382636,1,0.0
VirusShare_5bad86659e1cf0a4b9c631a5f346e16f,0.057157844,0,0.0
VirusShare_39e2e3f96589b6dedd8661588cd6be87,0.25949156,0,0.0
VirusShare_62f369243f94218a975f985ac3129abd,0.081083395,0,0.0
VirusShare_d030d92d5b9a2a57606d7b1829f3ee97,0.6586023,1,0.0
VirusShare_e01b1b846b1339d5c8d5a9d6f146b8a4,0.2817155,0,0.0
VirusShare_099fbdde70429be7f0b2dfbf8e8fa9b4,0.24403481,0,0.0
VirusShare_8b715024dac8de9d95fbfc4b6ae9dbc2,0.4581676,0,0.0
VirusShare_0476c9097886e519ae8229720b637985,0.04018457,0,0.0
VirusShare_79bf6ac439de6c9a8e2dcad65a2be1ba,0.24441962,0,0.0
VirusShare_118868e330b84fa7157974a76302e20c,0.32348794,0,0.0
VirusShare_a1c69757e09c370c3593accaa8507c79,0.059607722,0,0.0
VirusShare_4abb78e4eab4ebbd259ffd27a9b1d28c,0.33984557,0,0.0
VirusShare_0c43b3b35c876ab93e768301bc9b8db5,0.16395518,0,0.0
VirusShare_3e8b94a9ea49d9047593ac888948595f,0.24444588,0,0.0
VirusShare_8f1608a7f2dba48a9e0bd047f76cfca8,0.111646175,0,0.0
VirusShare_aff69bc8db3125e7e9f36f1409591871,0.341274,0,0.0
VirusShare_adbb5a147bde0113b89dc1fa278b6f24,0.35389715,0,0.0
VirusShare_11238f3ba1aa825542ed9beba5fac17a,0.021378309,0,0.0
VirusShare_01b995a93a469f1b37ffc5c24c5f3ce3,0.25239468,0,0.0
VirusShare_8fb31c4c47737d28cbb7ab12aacb78e2,0.19814682,0,0.0
VirusShare_87da408c18f5626f99c828bb4fcdeb92,0.19033524,0,0.0
VirusShare_f153fe348a4f4552c0e954be1b1522ef,0.3075819,0,0.0
VirusShare_479b987dbc0f64a12aed6ee36c3a4127,0.48235577,0,0.0
VirusShare_25e1c5f2b198d83d8ed04d73c3170fb2,0.34526628,0,0.0
VirusShare_b2e3a6c66dd2397630964e089df2f2b3,0.19777489,0,0.0
VirusShare_b633dec92919c0eef7e56c7a701c0963,0.31476578,0,0.0
VirusShare_3176a9e835cc7bc05227443036f2a512,0.19933334,0,0.0
VirusShare_0c3b6c3e3176674efc025e5ff28c7868,0.081083395,0,0.0
VirusShare_9c0cc4da4699356e849a0874979d0577,0.34789094,0,0.0
VirusShare_e939ab9c6a57a83f625733be4723395d,0.059607722,0,0.0
VirusShare_ed2075bae826f2d77ca50b2e511029c7,0.23784406,0,0.0
VirusShare_f80e497083113a559d2d8d7c099d579c,0.081083395,0,0.0
VirusShare_5960f3f6ca66ee289a70d16f578ebe3e,0.34789094,0,0.0
VirusShare_cfd3af99d843bfadb1535bf47f915f16,0.16827384,0,0.0
VirusShare_37c00a568eef6447fdd49dd5d1cf31b4,0.2946878,0,0.0
VirusShare_1afcec04af9f3a87678fb72b3ca4ee24,0.3388932,0,0.0
VirusShare_af93c6b29531289459db2cbe41a0cb1c,0.19933334,0,0.0
VirusShare_1bb46d010fd869a796396cbe7c520715,0.26189238,0,0.0
VirusShare_f38fcbfd91367c505aa1a8a3e44c5a55,0.6525737,1,0.0
VirusShare_611fc00c37cbe4f587a0d144c1d6e91b,0.5332919,1,0.0
VirusShare_8e14bb50cb7e82a7db7de163ba7bba39,0.081083395,0,0.0
VirusShare_e1e3d2699626bfd3707729d9a7d8a75c,0.26260257,0,0.0
VirusShare_863a26c0f976290a9e2b575387a27fe4,0.059607722,0,0.0
VirusShare_93ee5e52290327afd98cf39de4f3dc5a,0.19933334,0,0.0
VirusShare_539338d64461a4e03a9161c6faa48bf8,0.3176892,0,0.0
VirusShare_cb200d858e5ca8dcd21281d91e0278e3,0.24403481,0,0.0
VirusShare_c16bdb97e0098544ebba4151523a3ebd,0.34526628,0,0.0
VirusShare_c20e42c2f1599cd69b83798e13d084b4,0.5413941,1,0.0
VirusShare_f6458baf635f34e4eb81f9e7eeeda006,0.13341518,0,0.0
VirusShare_012dc7a9772612267948c79ab8f52c94,0.1724199,0,0.0
VirusShare_cf568bacb2dab1f8f9318f2eaa6fd74c,0.111646175,0,0.0
VirusShare_fa09b8720ae16e461d9dce8f403d6825,0.24403481,0,0.0
VirusShare_f24489a9127ff0968498c7d6c4190575,0.19165036,0,0.0
VirusShare_eb749e44a75448c807d0af28f8b83e66,0.1724199,0,0.0
VirusShare_8bb5387af2a021babb90180264a9fc13,0.5332919,1,0.0
VirusShare_19c830ce983fd2594bcf457c5d3f0ccb,0.341274,0,0.0
VirusShare_70dcce0d0c03f18e490fdf8bbb693376,0.15185823,0,0.0
VirusShare_96440f806fb2740b8f3f5a617e9d30c4,0.24444588,0,0.0
VirusShare_2b5f12198afdcf3952a55326aef4ed34,0.111646175,0,0.0
VirusShare_d0e7a16baabf650ff60d026b4c72b281,0.04018457,0,0.0
VirusShare_8ab1ec45ebb923807eab32d681f41731,0.059607722,0,0.0
VirusShare_a67266b308664a9bfb7adb0ed7fb31de,0.22202215,0,0.0
VirusShare_7c86146d13f84fcf66221d53e47492aa,0.2769131,0,0.0
VirusShare_a12f7dc68ed57d876d6fd456adf9aecf,0.27021796,0,0.0
VirusShare_4c457881363bf30b8dde92152be29346,0.341274,0,0.0
VirusShare_67e99708f33e4a5dd442b8dae9d30257,0.6535994,1,0.0
VirusShare_e633008baf8a087ffec2275a7415ae69,0.059607722,0,0.0
VirusShare_61971dc4f763a1e290c41ea573ba14d0,0.25371948,0,0.0
VirusShare_bf96e6712e73fbfaed7487f8cc5f0d72,0.5841978,1,0.0
VirusShare_47288c33b3cd85a53f833997b2f20a39,0.34789094,0,0.0
VirusShare_0c1957a475345fb78cb5e0dc99067c3d,0.057157844,0,0.0
VirusShare_ecae003d350f6b7381c4392cd71200e1,0.04018457,0,0.0
VirusShare_51412be9e9d7723d234d6c94c5b46e66,0.16950276,0,0.0
VirusShare_cfb8dd80f6933b8ee91974626cc711d8,0.081083395,0,0.0
VirusShare_0f0eba725fe9ffc2daa39ff5d7994e04,0.11194523,0,0.0
VirusShare_515451733f6e4c73c1ed0a35e922ac3d,0.341274,0,0.0
VirusShare_90cc45148c01d5703b880cae8be26c69,0.09851198,0,0.0
VirusShare_fda552e1837b5c0df713295b2d915609,0.61092937,1,0.0
VirusShare_bbff83858171384d50167e286169e30e,0.111646175,0,0.0
VirusShare_9680636105cc35ea79271e57b93e25b7,0.2736451,0,0.0
VirusShare_446de21a5f660aa00eb5cb60f83535db,0.3532079,0,0.0
VirusShare_44c7627f91f08b8e52283f6f6b955825,0.057157844,0,0.0
VirusShare_ad18f3aaaa3921f0c26016f8d004e914,0.3912322,0,0.0
VirusShare_9a4bc3413e0a0bef248c2fb37a8bfa61,0.5867855,1,0.0
VirusShare_16af1a774a5f4d251c6bb4a1ab43eb7a,0.041524313,0,0.0
VirusShare_96158476233510e7fcccc87a682b328b,0.081083395,0,0.0
VirusShare_a7abc7d0c4bdacbe60b906d1147848eb,0.41648048,0,0.0
VirusShare_308772391109dd40d1f5176481c84ea6,0.081083395,0,0.0
VirusShare_e5ee86de9a791172e47c3c992ed7bf41,0.5811342,1,0.0
VirusShare_aedd36138c429412465857b0ba2cb560,0.07498666,0,0.0
VirusShare_fe3ed7479a5aa704361999175c03f5b0,0.5691434,1,0.0
VirusShare_f2aace031b780d47ae165ada58ef7fbf,0.3176892,0,0.0
VirusShare_6a420739cc9cd74e5bbd56df6881b364,0.3176892,0,0.0
VirusShare_7b43a75a4d49814cfc7b247ff63bb6b4,0.04735202,0,0.0
VirusShare_5cfc8818a6a0c1c682d4878a3ce688fa,0.3208007,0,0.0
VirusShare_ab7041e8ca0282b7d8abe5aa90475d28,0.6484386,1,0.0
VirusShare_55785e319ef8390c2416c8da1dd6bed8,0.6553938,1,0.0
VirusShare_cbc9a283cf982f3eba71d83123b4d456,0.2645908,0,0.0
VirusShare_df363903dff4aadee5ac1151b1caf8fe,0.2736451,0,0.0
VirusShare_7e72d96e4f19437dc2cae9b094c8cc98,0.34526628,0,0.0
VirusShare_1001ae6d11aebdd54bcfa52197a5c1c4,0.35634452,0,0.0
VirusShare_6e67e1880ca7f5d17b3f993fd6a76693,0.06808339,0,0.0
VirusShare_35991387e2cbfe0da202d7d8f8683de1,0.059607722,0,0.0
VirusShare_20865f52e3873cdcd3e220d502aa304f,0.26908106,0,0.0
VirusShare_8c00dd2c07310a8869718d3716375bd0,0.24444588,0,0.0
VirusShare_75a6d7097f3730940ecbeda495348bd1,0.36139408,0,0.0
VirusShare_8729fcf8b1a382be27b4d6abb98f0f76,0.33252278,0,0.0
VirusShare_878a09f02db4f7e10b4ab6ef3cba1510,0.64907885,1,0.0
VirusShare_a3cf3f2c96208b3fdd58386a08e71ea4,0.34789094,0,0.0
VirusShare_07ca57fc0123245603d3f4b94a17621e,0.021378309,0,0.0
VirusShare_70ed4eb21284e9359cf11d375724f299,0.33487135,0,0.0
VirusShare_ec0b9874971c586da033a736f87049e9,0.3223818,0,0.0
VirusShare_3a0872546e9e83b0c049f3c57d003e4d,0.4772007,0,0.0
VirusShare_ee7791c1aa45e08befdaa4ca9109d3ee,0.66239053,1,0.0
VirusShare_72101952c2a76868a8f093659477cc6f,0.09119268,0,0.0
VirusShare_b014921bb1a7348261e3477b4531c889,0.09682153,0,0.0
VirusShare_14de931c67f70b76cae744558848626e,0.66038543,1,0.0
VirusShare_ee70f1d967d3bfffe8e0fcd769e8d6b1,0.6490348,1,0.0
VirusShare_ca807aaffa74f68dfca258ca57ab5fef,0.6540233,1,0.0
VirusShare_a9ac76cb0eafc42a7fc08268415d0c4a,0.16130742,0,0.0
VirusShare_0e39758f919ac54534125ae6fd458b90,0.3208007,0,0.0
VirusShare_561b62914a155464083d12734fbff15d,0.04018457,0,0.0
VirusShare_d69456827f5da033738e62cd359b2d5d,0.17167829,0,0.0
VirusShare_ffb29fc51d6ccdded93f04e34b5c96c5,0.10383425,0,0.0
VirusShare_b5926afe1c61a6805466d833cfa1b9ca,0.65934354,1,0.0
VirusShare_34e491739ea7d288df8e3e9c26551ce2,0.15206403,0,0.0
VirusShare_f67ae130e1fc54772256480a9efa1b48,0.23683763,0,0.0
VirusShare_d042c35f1da4c70607a732b015b075d5,0.6633998,1,0.0
VirusShare_e2e127f60007fda98d911da23ba3bd80,0.081083395,0,0.0
VirusShare_5413d18abb00848c28922134015c987e,0.6600837,1,0.0
VirusShare_a084c6024dd78d381e25560b16dfa915,0.20744674,0,0.0
VirusShare_415343da46f59dd5de915367721db31b,0.3959979,0,0.0
VirusShare_90e76c51f98468c8fa69517e1c576904,0.6502615,1,0.0
VirusShare_70d06b067d6e7bf9697713f73a7cdb4c,0.24444588,0,0.0
VirusShare_188a8fe6de37ba2261407cf7ff560392,0.23423322,0,0.0
VirusShare_2eb3314435b3ad46859e89b18d2a2174,0.33487135,0,0.0
VirusShare_b4fb8ed14526f09a3b69532290ce5e57,0.34526628,0,0.0
VirusShare_19628ffb2828e9f4fa252e6eafb6153f,0.6594181,1,0.0
VirusShare_b2ecb2b9c7b23fd13d153e38564abc9d,0.47183004,0,0.0
VirusShare_08e8069299c7bd74957af1210537f1ef,0.6478249,1,0.0
VirusShare_1393295339e7118ca1163a63e60c4edc,0.111646175,0,0.0
VirusShare_42c06d0099eb04735bf5229e526092b0,0.25553355,0,0.0
VirusShare_ea33022709c503df639489d609127c21,0.5888923,1,0.0
VirusShare_e326d1eac6386e9c4b427f8d321d5740,0.5332919,1,0.0
VirusShare_fdadf821c8cbdfe648656b5ef44c803b,0.041524313,0,0.0
VirusShare_1d03cee2f9330fc11d7477aeb554b297,0.057157844,0,0.0
VirusShare_a6fcc7222a81d7177797dc0edc3b07e1,0.49753016,0,0.0
VirusShare_b5c0df70c67f31fe29353e429ab96828,0.34526628,0,0.0
VirusShare_3b4348d187f24c82370836531f3fa94e,0.55805016,1,0.0
VirusShare_ab8b77119439daf598b0f6b0801af58b,0.4766961,0,0.0
VirusShare_06921fd2c7ad34e76f3c6eed69fbd03c,0.26189238,0,0.0
VirusShare_8b0defec718429f5e98ed45ec32263bb,0.65838355,1,0.0
VirusShare_754283122f24b826177b87d89ee6ff5d,0.04018457,0,0.0
VirusShare_0ffcaeae637dee8ec83a565b7819e3d6,0.34526628,0,0.0
VirusShare_c9a68e60d0089531bf9964a90647af92,0.4581676,0,0.0
VirusShare_4b05a948f9640833f1286519d4e81609,0.34517017,0,0.0
VirusShare_ef91a695fc5aef7d5c6630fd4e6b5a4f,0.55503315,1,0.0
VirusShare_4f52e5e2358315adce0349e67669e66c,0.24473128,0,0.0
VirusShare_9d6c3ae0b22204311ae107941c3ddfcf,0.24916832,0,0.0
VirusShare_177e4455f86e469aa3c3b74f1e156198,0.20955925,0,0.0
VirusShare_5126e32692406ab1930682d8bd7fb73e,0.19933334,0,0.0
VirusShare_0a0e2793271e642c78fad7b8c3febdbc,0.13233076,0,0.0
VirusShare_f019ae8e405667d2607781a36b821155,0.65484446,1,0.0
VirusShare_64bf454caaf2455c3c7cf15a4bcf4dd4,0.057157844,0,0.0
VirusShare_7c57aa8d0a54af21d56e039df1e1d0da,0.15658295,0,0.0
VirusShare_c4691b6cb777917d9d12d4870f625194,0.04018457,0,0.0
VirusShare_31c6988b2bb0247ab7894dbb9bf6f213,0.6566968,1,0.0
VirusShare_b7a89852880a44fcb07d604e16fa8ac3,0.23541053,0,0.0
VirusShare_eac29e03735f2fea2acad44a87776b45,0.20955925,0,0.0
VirusShare_04958d373d62e4ce33b570c2bb3a7e50,0.25371948,0,0.0
VirusShare_85992982a46f449b2c9dca37e0fedc80,0.059607722,0,0.0
VirusShare_ea797e6de15d8d0de98723badec52e1e,0.2948833,0,0.0
VirusShare_a8561d540256ab2d73eaaf2e88caa699,0.22633311,0,0.0
VirusShare_88c7b83411fd9dd9e2dc9b8b969402e3,0.30387726,0,0.0
VirusShare_d728482ffbb35252511edc95a184e703,0.115372196,0,0.0
VirusShare_eff547ba78708b03b48734df100ba8cd,0.6530651,1,0.0
VirusShare_5d850c16691a36cf7fb17bd27f85dd8d,0.6489693,1,0.0
VirusShare_9f804ab8b351dca46ebd554c4ff814bd,0.059607722,0,0.0
VirusShare_5a7df0b1986d30114cd93fd87bfae7a9,0.05164513,0,0.0
VirusShare_16f3f52b301b6498d42a2b50d560aa32,0.66293424,1,0.0
VirusShare_9d447cf44c44a63d220efef070fa178f,0.12374991,0,0.0
VirusShare_59858fd68c8d429f890b29a5520dac01,0.6501457,1,0.0
VirusShare_bc09cf028f2f0ed06601e98d32048940,0.66139853,1,0.0
VirusShare_bec3c2dc647b232e3f3e48985a8c737f,0.04018457,0,0.0
VirusShare_5bc4382a298cb169d1550fd27bc1ea6f,0.09119268,0,0.0
VirusShare_7c1db6a9c6e800a185604c849e00ff6c,0.041524313,0,0.0
VirusShare_a8cba0b247b06b516670f2b935b7fdb8,0.6624838,1,0.0
VirusShare_0f81b3469ea901f1adcd62bf2cfa196e,0.6630831,1,0.0
VirusShare_eaa6cbd3adfddbd2c34f6dd419a92d4c,0.30387726,0,0.0
VirusShare_a23bb16144104483a7521b34833f8490,0.64149296,1,0.0
VirusShare_70b8ede1c970547213430ffc929950b7,0.21477738,0,0.0
VirusShare_adbd1ae32a2a3ef697aa702cc4a3f3d3,0.6524623,1,0.0
VirusShare_c20d44a609fe287a416fc1102a3b2360,0.65886086,1,0.0
VirusShare_f4eba392fa45dda83f1cc177b5e5e780,0.20955925,0,0.0
VirusShare_ca213ddda6dbbc7007221a4b98d0a5eb,0.6566891,1,0.0
VirusShare_c2f02414a97fa6c081a65d9605045ceb,0.32545215,0,0.0
VirusShare_a8cfddccea447a0cf8232ac81f442f9e,0.18431978,0,0.0
VirusShare_26ba357c75025928a3eaa547f9401bc6,0.04018457,0,0.0
VirusShare_c2f2aef8c381f513d9abee2450aee859,0.6553221,1,0.0
VirusShare_ea32fd04b22b7a01c1bc482f27ee5731,0.19700474,0,0.0
VirusShare_ef80796db5a7b9ab70c685d1cbbf01b8,0.059607722,0,0.0
VirusShare_2e2c841594e4aa13b591edaa27f1769a,0.26819092,0,0.0
VirusShare_7acc9f6ede3e4ead4e2e95a369b6accc,0.6515721,1,0.0
VirusShare_c910d04bebfccdcb72a38e0b9c0df5a7,0.6564926,1,0.0
VirusShare_4a2940a967d6e38f800459f8d65dc2b3,0.04018457,0,0.0
VirusShare_08c3bf65a91626730493bf79bf55be65,0.39171514,0,0.0
VirusShare_4fc192e63c33cf3e66ef9f272e347598,0.65144306,1,0.0
VirusShare_cf21e1c1a69ca1a102011528673b6ea8,0.34526628,0,0.0
VirusShare_67ff253fc96f1cf4c439ddd207f0362f,0.053744905,0,0.0
VirusShare_d22441008bf2e1c15dc4d1c2f22fd507,0.04018457,0,0.0
VirusShare_39f177bf59916f20a896aac429de0105,0.16892257,0,0.0
VirusShare_98f844e3a1f58046d732bdce9533776f,0.66208833,1,0.0
VirusShare_78a207ef811af9ed5911f7d96e14c52b,0.6547829,1,0.0
VirusShare_51dc14f0ebac12a92f6155296ae9a788,0.65345615,1,0.0
VirusShare_d64b4b35a74104d970db0ce197f491f9,0.49753016,0,0.0
VirusShare_f4dac99f51e42368171187f2dfe9d0c6,0.16164939,0,0.0
VirusShare_3749e05d9e30fc7bef46bbe1eb680cad,0.059607722,0,0.0
VirusShare_8d2c7d86e6fe6a2942002c8479cf6677,0.6517939,1,0.0
VirusShare_8672fe57bc4c4bcbf61e6f90536bd6df,0.24473128,0,0.0
VirusShare_82abd6dcff7c65d1c17ecacdfbecf974,0.24403481,0,0.0
VirusShare_b4d4f8f69774ec127beb387779ebf73c,0.6570629,1,0.0
VirusShare_d3e1b8f2aaf0c927dec50e2ea017c5be,0.22862005,0,0.0
VirusShare_469acb0253dcb9296c1c130d00d23a35,0.059607722,0,0.0
VirusShare_94972a2a09d9fdf808ddc4c6049a9d3b,0.2113069,0,0.0
VirusShare_888752500a3712c8e9f426afd78d0bcf,0.2736451,0,0.0
VirusShare_84855ff3e632b6c4df86097de8d34417,0.24403481,0,0.0
VirusShare_a016f023e6352760b983a75b16fc8dc3,0.04018457,0,0.0
VirusShare_91cb39ed8bb16c80cfbb7461cc5812ce,0.061673768,0,0.0
VirusShare_8843774b35f167c91d178b77488bff3e,0.31701404,0,0.0
VirusShare_5cf271727eb67a32d3d7e96931c13ca7,0.04018457,0,0.0
VirusShare_0f9bbc252ed521aab181c3fb80b528b7,0.34526628,0,0.0
VirusShare_d1e4a21d7e1e6f74ad25336d2d5e970b,0.2044681,0,0.0
VirusShare_6204fcd0031c89b104a2ffe92de73780,0.1982024,0,0.0
VirusShare_15c9360e4f2e659d915b53800b5684d9,0.655149,1,0.0
VirusShare_2bbb8c585bb33bea1c05beb7d0eac216,0.6596898,1,0.0
VirusShare_79b01b02b258780e3c2b609addbaac83,0.24473128,0,0.0
VirusShare_98a658f81cfcb522e45b33f50e52e84e,0.22862005,0,0.0
VirusShare_d896ddf5e89ae6c65d52c7e82435158a,0.046455666,0,0.0
VirusShare_21c981ff3630c4fb25583a2631b1d859,0.6447047,1,0.0
VirusShare_1489de3faa65eedc8f9366a417b76e53,0.6576425,1,0.0
VirusShare_abb67a8bea7b2ae8a9de24bdb84c4a5a,0.49753016,0,0.0
VirusShare_5e57773f9187a3956068040977a669dc,0.059607722,0,0.0
VirusShare_ecb71efbaa7374e82fbb7e17e2728054,0.08854662,0,0.0
VirusShare_8fe153309677adde676ab545df56d36c,0.06572078,0,0.0
VirusShare_6e5c97ff7eba49e6d5c8d5fbabf64a62,0.04018457,0,0.0
VirusShare_e8542bb10bec2d732b7aebb5d0680f1c,0.3461962,0,0.0
VirusShare_5aa9ef2b086c42d87ce7ec973fc13272,0.6510759,1,0.0
VirusShare_d8af986b7b8eeb67d9aa31325d8ecf54,0.34147292,0,0.0
VirusShare_a76e37c8e3050a1b1fda4feafafc85e3,0.65242296,1,0.0
VirusShare_37f01bf108b105317e58dbc5658e9da4,0.1773514,0,0.0
VirusShare_3d42a83bb3abd979ac6292a40ecb6312,0.26819092,0,0.0
VirusShare_53020537babbd24276440091fdad9ffc,0.030426618,0,0.0
VirusShare_2b0494b1314e0f0ab2e19373849fdc51,0.65722764,1,0.0
VirusShare_f0d037e44300423fb6b5049aeb297229,0.054071408,0,0.0
VirusShare_f3610ea241b3f58093663aeeaff7aa4a,0.24403481,0,0.0
VirusShare_c5b0f4eea006398a884c7dc54c422c74,0.6545847,1,0.0
VirusShare_74b9fbf5001e48aea12f6036981b5755,0.39988422,0,0.0
VirusShare_9277015f7a6182257dc7e36ec2e09248,0.04018457,0,0.0
VirusShare_15a1779d4333389bff7c16167e20443c,0.059607722,0,0.0
VirusShare_dd4541db73e6736b3945c99fa93e2b84,0.65607166,1,0.0
VirusShare_11d25785f0bb50ec78ecfff9f95a6da1,0.1773514,0,0.0
VirusShare_3408899cdda85c205aba79c87a9178a6,0.24473128,0,0.0
VirusShare_bf983a9eb00e253a3a6487c243d6345e,0.04018457,0,0.0
VirusShare_6f6b2aef3b795f5cfbd8faaf20727124,0.1283874,0,0.0
VirusShare_116b72cec9132c965958d07bb62ad1ba,0.6594097,1,0.0
VirusShare_e54b9fb49146679a0e36391d002bb594,0.12137191,0,0.0
VirusShare_badcde0215b5756e9a6646c42873eab2,0.06459431,0,0.0
VirusShare_47d13142f748b53f39948a543aa1abbc,0.23541053,0,0.0
VirusShare_ff7d54338f7afb80ee5d3ab143300293,0.3176892,0,0.0
VirusShare_789904c131bd5839f7e8e86f7884243b,0.3176892,0,0.0
VirusShare_79099eedbed07074c72798a88200d6d6,0.3176892,0,0.0
VirusShare_40929c48615a0290b3a60d069c5be9c9,0.3176892,0,0.0
VirusShare_7ede78734be0d801edb81ae4e525389c,0.3176892,0,0.0
VirusShare_c1709c8db54311e63372ccadcd84b950,0.3176892,0,0.0
VirusShare_d6bd24f5f6bf7ab2e96dc1c2ccf364a1,0.3176892,0,0.0
VirusShare_21f49cd8403ce628c57404ac91ec15df,0.3176892,0,0.0
VirusShare_ebf1d9987f6b68474dc8e89ff54c5305,0.3176892,0,0.0
VirusShare_3b3963782f955fa96a6eef57ea8b8e38,0.3176892,0,0.0
VirusShare_bdfdc6a5fc0eed4bad6f893b7b39a689,0.3176892,0,0.0
VirusShare_2ae9587c0e18d3019d1ef5cb67bdd604,0.3176892,0,0.0
VirusShare_1fbcca119a16395ba8830f225efbb391,0.3176892,0,0.0
VirusShare_8620ffd3ca802f1b207e346685d3d31b,0.3176892,0,0.0
VirusShare_e801e7b2621aa69188b69ad80b51481d,0.3176892,0,0.0
VirusShare_73892530769602e3012e8c9ca7697939,0.3176892,0,0.0
VirusShare_78165f393fc6e0c32b3d855a0062480c,0.3176892,0,0.0
VirusShare_628d95116c2adf67039a71bf5b9b98ac,0.3176892,0,0.0
VirusShare_caeb4c2bb0522bed8724daa44e28ff4e,0.3176892,0,0.0
VirusShare_6c7449ede4740a4bfd3853527447babe,0.3176892,0,0.0
VirusShare_61781d9d2092ff893869cc3f083670a5,0.3176892,0,0.0
VirusShare_6bc659d3b83325068c1ae3af947fbf1f,0.3176892,0,0.0
VirusShare_be9e94b3ff8035b529c4188e98e85138,0.3176892,0,0.0
VirusShare_dafc5eaec509ab725115ae147b501fed,0.3176892,0,0.0
VirusShare_f0f1a91b2827d4deba0c2d4d391c0dba,0.14855151,0,0.0
VirusShare_687ad0ac3a426c557ecb0c153b22561b,0.059607722,0,0.0
VirusShare_711d2134feee9cf1a7dc00f636d7ef88,0.059607722,0,0.0
VirusShare_d1415eba027146d49ab0aff19e821e44,0.08420765,0,0.0
VirusShare_4b31b3858f9df44e37be9ad9123ab993,0.2948833,0,0.0
VirusShare_e3e273a1fc142011b803ca3beaedd684,0.6561099,1,0.0
VirusShare_1d7e1103884b27d146f284d68e542b21,0.25371948,0,0.0
VirusShare_33219e7dc6f533ae430f41331610f33a,0.25371948,0,0.0
VirusShare_24fbf2c94a2d4e2d4849f224a99d73cf,0.25553355,0,0.0
VirusShare_72cda97a66cc4748fb39316d515f2321,0.65419155,1,0.0
VirusShare_f0cfae826ecf9fa8292497f1f1331dbe,0.059607722,0,0.0
VirusShare_20e9c8745228ccd42a5da94cb87256bd,0.18712005,0,0.0
VirusShare_ea8a2007f119daa4b43d1229a143bdd0,0.29452747,0,0.0
VirusShare_3fa2855c5befba44880759762eaf0597,0.18151745,0,0.0
VirusShare_b9f458dcc3c4b1bd88e2081cd13de340,0.072728716,0,0.0
VirusShare_1538964071e1c87491e1fcaf4efea340,0.30387726,0,0.0
VirusShare_6090dfa9e460fd1f179c1c6b2ba90f74,0.6566149,1,0.0
VirusShare_5af8d9285019ef131663ee7a53d0a957,0.18919757,0,0.0
VirusShare_247150f9b2f2c1e7d15df735481ef600,0.20955925,0,0.0
VirusShare_b8327a0b9b00e57d5df92ac1c99e0214,0.16892257,0,0.0
VirusShare_b2dbfa416c47f686d18df8e98d3dc7b5,0.090137966,0,0.0
VirusShare_dfcc917e850895c84b702fcb26b0e1a9,0.34526628,0,0.0
VirusShare_3cf88470df0bbd68962a0c599188525b,0.31535307,0,0.0
VirusShare_176a80e2f21f83132b7534844868699d,0.04018457,0,0.0
VirusShare_3d2e44f1b12525206f74805cb4ee7000,0.6487263,1,0.0
VirusShare_1aeef1c1e5a1413a0506dce1f55b8780,0.40276217,0,0.0
VirusShare_3b11baf94a73848f4555da0e4c2f9bb6,0.059607722,0,0.0
VirusShare_4f5b5257a45293eed9793484ba5553d4,0.24444588,0,0.0
VirusShare_2a659a3d30ac1ede91b07eb89653b916,0.15658295,0,0.0
VirusShare_10cff02f86030446677dddacbf64f096,0.24493274,0,0.0
VirusShare_480682de1374b2e1113f8311de1f8992,0.20244011,0,0.0
VirusShare_cf74d66f2d26cd1c5b4d51b522db0e55,0.059607722,0,0.0
VirusShare_f8aa736a5ab15944a642de5051a9617d,0.2769131,0,0.0
VirusShare_740783d5b2bca6b2b50e1e7af5d93103,0.6534215,1,0.0
VirusShare_1eb8e619f9dbbb0b67f74868d99bec78,0.6537073,1,0.0
VirusShare_194500565e3daca7dfaf5291d3df4822,0.65589535,1,0.0
VirusShare_fe936c460fadc4eae0368a9e9f8210d9,0.059607722,0,0.0
VirusShare_7ebf94a14183497bda7fc5b6c1a2b062,0.3343077,0,0.0
VirusShare_453e56d76f5e477e42d05f3f4f16ce7e,0.069823146,0,0.0
VirusShare_070a5807e47bc7ffa91f22a1ab45a3ad,0.18712005,0,0.0
VirusShare_d37ddab6f62e54c898b4819d9c56353b,0.077542,0,0.0
VirusShare_6716ad6133384a1b9095c411a923a28b,0.12137191,0,0.0
VirusShare_852c0cf08d4dd287c5b771cbf359564c,0.6611482,1,0.0
VirusShare_adf6f2b2c606863b9e662c2783a6510d,0.66045475,1,0.0
VirusShare_4a3236341a725746c4de1a7e98715494,0.28594604,0,0.0
VirusShare_ac314745df913b7c1e01d981187574df,0.059607722,0,0.0
VirusShare_6519f07562759bc72ac480272d715158,0.6566602,1,0.0
VirusShare_b9686d3d166837cd450c3c14578132ab,0.49753016,0,0.0
VirusShare_5b305c615044525988a27b61fcacc777,0.25553355,0,0.0
VirusShare_580aad3c7d99edcb3d9dc7f56b2cb1e9,0.24444588,0,0.0
VirusShare_d778bdf16d910bd18ee6d8e27e5c807a,0.13755049,0,0.0
VirusShare_35ce690efa2db045446a1c69f1c177f8,0.6559598,1,0.0
VirusShare_2ca28bc1ffc05cef15a59ae73a3382c6,0.19589126,0,0.0
VirusShare_d5d1d86778d3e1cca9e5ff828a6d00c6,0.46218482,0,0.0
VirusShare_b747c68dc17464826eca0e611e4a6035,0.057053156,0,0.0
VirusShare_9db5421ebed5194921d277529aeb59a9,0.054119874,0,0.0
VirusShare_6da0d2ab3f3e25dd412426797219571b,0.178324,0,0.0
VirusShare_ad5f8c83ed8d8dc0653a8a67ac9fc68a,0.25371948,0,0.0
VirusShare_03ffea64e22801e8e3a6ae6099096cb0,0.23328188,0,0.0
VirusShare_f46be80caf380c267983cf043505b80e,0.21141498,0,0.0
VirusShare_da3e93f87b57454f5cd28cf9f79c6f70,0.34526628,0,0.0
VirusShare_d7e708bd8312cf3dd5946fdeb9f083a6,0.059607722,0,0.0
VirusShare_752a2cae3b82f2ff091b1a831dd2f539,0.65362316,1,0.0
VirusShare_e18fb1abdf199fbec2234a19bad3ae47,0.057350077,0,0.0
VirusShare_3576a534368d76cc9013663229e901a1,0.33736664,0,0.0
VirusShare_626c5af2669ab67655e337665977ba0b,0.6575773,1,0.0
VirusShare_10710e2cba6014d64cdf7f4332322662,0.0651259,0,0.0
VirusShare_f15d0ea0891d870ef9ac16531aaf5ea3,0.21483114,0,0.0
VirusShare_9bf78a301cae4fcce8c0d97da33dcc43,0.6637511,1,0.0
VirusShare_4b957df7b5884975025ab4314e67ba5d,0.054425232,0,0.0
VirusShare_e0631e026588b753f26398b246399508,0.3176892,0,0.0
VirusShare_fd50534f234dfeb8d13077c81746f0ea,0.066903435,0,0.0
VirusShare_8031c8f235e415516b82dd8903dca6fa,0.65624493,1,0.0
VirusShare_674ee6266375648ef3dbed68402ad21f,0.24473128,0,0.0
VirusShare_49b0d888e217f8b200bf84c5d30d0526,0.051160734,0,0.0
VirusShare_b8a2bffac0a1660a9b6a528c972a9c81,0.6538949,1,0.0
VirusShare_3de5453354455a78f4e8f94fa145f287,0.2280517,0,0.0
VirusShare_ea64d17de23d675db648266cdace3c72,0.06466671,0,0.0
VirusShare_c04775beb0c8ebfbf598eca1b634dede,0.019159742,0,0.0
VirusShare_2946a1fcc53a23694c47c8c275aedc2a,0.27135032,0,0.0
VirusShare_084772cb6836e3b352b3b18d79f8bde4,0.059607722,0,0.0
VirusShare_cb96dd64182105a61033276e9a9795fd,0.054610867,0,0.0
VirusShare_143238a125c9174dd7f4ccf3cabd50ee,0.07608383,0,0.0
VirusShare_39af954568ed702c6b4b94706b3394c9,0.6625004,1,0.0
VirusShare_c3ab45e789a736d1e1f3e73521914adf,0.02006776,0,0.0
VirusShare_768aefd03648024a3fdc57cc6b09a79b,0.34526628,0,0.0
VirusShare_62b3b563f767f0d769615302bcb4aa6b,0.20513365,0,0.0
VirusShare_87eb48e1fb421fc44f40d7440872d464,0.059607722,0,0.0
VirusShare_aa2aa84f73200c8663580a68bc864341,0.064411595,0,0.0
VirusShare_f1bd39d51649f4d2845388221f497d16,0.16892257,0,0.0
VirusShare_b6869d1cb29f9f4f0c372b80f461c344,0.06540148,0,0.0
VirusShare_566bbcf244bd1050e110e8706a278393,0.059607722,0,0.0
VirusShare_000ef26dcc4b03c3b667fa6d85602725,0.32400194,0,0.0
VirusShare_a7ec990dcbbd93176b5a433c069b7e7a,0.04018457,0,0.0
VirusShare_e9f94563f7858fe04b449f61e8831235,0.30387726,0,0.0
VirusShare_26a2d3b508107f2b8fa266ca5102d7d5,0.6602105,1,0.0
VirusShare_0a528c853523e4d266b0d774573d1958,0.30387726,0,0.0
VirusShare_4c3efb299d85eb781d42fe980551fdfd,0.09119268,0,0.0
VirusShare_3f5cc17d1baa278de9e484ab27766457,0.059607722,0,0.0
VirusShare_e781e88f463d735d5cfff1af32a9ec35,0.048183955,0,0.0
VirusShare_8e5547c30525f21dd2bc024a087fc1ba,0.13877735,0,0.0
VirusShare_a4c434c37d517f42107e813aa61482a5,0.6457984,1,0.0
VirusShare_7770c9d1d38df8d2e2e7937a4c8a5cd9,0.43773946,0,0.0
VirusShare_e18745259c9728682a3ddacff11ccc0d,0.654474,1,0.0
VirusShare_7f500f75c6484790ede36c089ea31884,0.39988422,0,0.0
VirusShare_60595c2431caba93f7fe71f73dc2316e,0.34147292,0,0.0
VirusShare_c6ba6f92865019074e7e407d39021406,0.25371948,0,0.0
VirusShare_df0f7fd68b30b6d2e5b2fdb7c4c8cd70,0.03902319,0,0.0
VirusShare_22c100a445183b89a669d140a96903a1,0.059607722,0,0.0
VirusShare_14621af6f3c2622ea88de8c3bf5a2b09,0.042248942,0,0.0
VirusShare_46b22b6dc8866a2b6ec6c853b1c64700,0.1438596,0,0.0
VirusShare_cfea43e24fd37086517c14b03a08e1f8,0.655931,1,0.0
VirusShare_1796ea3f1abed56a080ac16b25167ae2,0.04018457,0,0.0
VirusShare_23fe8f4ecdaf0ed4e6fd8c95d26100ce,0.6584336,1,0.0
VirusShare_96e83499ef5f2273dfef6da7344d83e3,0.07500435,0,0.0
VirusShare_3f05666ac3d9882c871344ebcc53666a,0.2769131,0,0.0
VirusShare_c27742bbbccb9c0293722f1ffa6bb4b7,0.25371948,0,0.0
VirusShare_ebfc79f0bfe845793d5e9f89493f7ea8,0.059607722,0,0.0
VirusShare_42b60049293b78d4a45670b3150c288e,0.13452283,0,0.0
VirusShare_6198e435f2d42ead2a458b7cfee4807a,0.0857624,0,0.0
VirusShare_d89be2c6f4f22a32278cf6e01699fb95,0.65629464,1,0.0
VirusShare_29038212324ec0bd00657f16f612dfc4,0.30387726,0,0.0
VirusShare_b68e514f523cb17a8ae98feaef8871f3,0.24444588,0,0.0
VirusShare_868cc843d41a50ffacdaa2f3d08fd8f9,0.059607722,0,0.0
VirusShare_b31f9b8e9ae3625b4a375ad5aecc6f64,0.059607722,0,0.0
VirusShare_0f99d429eb26b02259857bf3e97a7a1e,0.059607722,0,0.0
VirusShare_b214df4ce5d025024bac1ca48cdb1112,0.111646175,0,0.0
VirusShare_89988f9ec6459194e066ed9d4aee7596,0.6576051,1,0.0
VirusShare_5610f892266109b68469d610c9b261df,0.21530835,0,0.0
VirusShare_3c1fae9dc9e91aef82c9da8e8ea8867f,0.09851198,0,0.0
VirusShare_d2c66cb9d4bf8fab69b2596cf1b84403,0.21794648,0,0.0
VirusShare_a6cda82648cfad0947ae953b057121a9,0.34526628,0,0.0
VirusShare_43ee2a29fd2ad0c070b9c205ac950768,0.65644825,1,0.0
VirusShare_7daa40442537da56d6617526bcbaaaa8,0.6576189,1,0.0
VirusShare_7c8820eefaa86865c352e87d909e9f73,0.047745932,0,0.0
VirusShare_df32e629cf8d09b6add5ae6154015c6d,0.24198909,0,0.0
VirusShare_f42d0dbf7bea848e24bf393f8abd819b,0.15237431,0,0.0
VirusShare_69759234b90a3c1c38070374e81d2184,0.09062159,0,0.0
VirusShare_ec96fdaacb95dafa5ae4cb852964733f,0.081083395,0,0.0
VirusShare_74af53e053397a3acd8315b1889aa3d2,0.653849,1,0.0
VirusShare_2df6de6d80bca2015c6a298630b20945,0.6592989,1,0.0
VirusShare_b640830aed2cd18b80035fe3b66dbe55,0.3176892,0,0.0
VirusShare_98d27b4e417ddb65c9609c7ac4f1e3e0,0.24473128,0,0.0
VirusShare_4a44b71233fea9e5296018f50509a513,0.093619145,0,0.0
VirusShare_266b210b6a87afb3c2d7c6fa12f4321a,0.033511408,0,0.0
VirusShare_09defb6a0d7ebab88cf36f7b53405fd0,0.16549642,0,0.0
VirusShare_012c9b7c9bd2f16c4bf4277ca85cf83e,0.38843384,0,0.0
VirusShare_224ecd3a13b3af691fd6678767d45a4f,0.0632126,0,0.0
VirusShare_ae9958e2c6f36489cd1cac6f5cde5b6c,0.21094961,0,0.0
VirusShare_10bfb3226c6dc5c5d3e22006ac257cbe,0.3180057,0,0.0
VirusShare_dcca286d32d392e3183fa019b6422967,0.059607722,0,0.0
VirusShare_94676d26c3a8064362d8535e2d90a978,0.24444588,0,0.0
VirusShare_bd418a808a1cd38bbaf27f9886b0854a,0.66040844,1,0.0
VirusShare_fd2307bb1dc001cc2f57c6e8456830e4,0.42061877,0,0.0
VirusShare_451c753cffe11089de8389ac34bd872f,0.6532031,1,0.0
VirusShare_37dc61c3902da8d71a103beb1211c2c2,0.059607722,0,0.0
VirusShare_6f8be275b849f8995f69dab67a4d0134,0.30522352,0,0.0
VirusShare_3a646a19f020c3033cc55fcf37efbf10,0.65768087,1,0.0
VirusShare_8fba7ed726437177eb072ff9722357f1,0.24444588,0,0.0
VirusShare_f62cabd5ab6cbc428729c2f4a7d05dae,0.34526628,0,0.0
VirusShare_d855d4055b633b2fd8b7ab3180c1b16e,0.30561906,0,0.0
VirusShare_b9e4dceb70338b51db9982d8298cc676,0.36724526,0,0.0
VirusShare_2cbf08bb85c297d476dbc089dbb066e8,0.27018845,0,0.0
VirusShare_263dc730f49f882950d9771c28059bec,0.6547462,1,0.0
VirusShare_456a6152397fd0cd736c3ebd1806a61b,0.6569403,1,0.0
VirusShare_4d3528f0a2d5b8c96194318a2db8ac0f,0.32321373,0,0.0
VirusShare_bdad2bc7106547121e45a54aeb47d83a,0.65774757,1,0.0
VirusShare_d0f2ce927f7d1cf763b52bfdd9e7fdbb,0.4581676,0,0.0
VirusShare_fdc009dcb407d0cac94c0154e96a9c01,0.20421319,0,0.0
VirusShare_c5ea13a4390813eaaaadb35b7e397bed,0.09119268,0,0.0
VirusShare_51dfc50bfc6a63edf6f2aa7bbcc6bfb2,0.041524313,0,0.0
VirusShare_b2dbd5efc2f62ed27b2b9ae71d14fdec,0.045220874,0,0.0
VirusShare_b0b676978e19a876412eb5953c0c9b6d,0.24536137,0,0.0
VirusShare_8739128c2c4d3248181a4f1b5bc98570,0.6518849,1,0.0
VirusShare_8e0a2b0c182143723c9e77f05e42fe9c,0.05206445,0,0.0
VirusShare_72933ab0dd42fc17c409dceae6a5342f,0.33736664,0,0.0
VirusShare_d9f7a6e1c336d210d55010a34213ac7d,0.057157844,0,0.0
VirusShare_dd46058fed5b6bffe4f9cdc8961a5528,0.057157844,0,0.0
VirusShare_c9904ff229bafd81629bfe26f58a73ad,0.3050024,0,0.0
VirusShare_3250c2d4af021834340f33f9a1066b6a,0.34526628,0,0.0
VirusShare_e9f3b1156042521274b3db82a051cdaa,0.34526628,0,0.0
VirusShare_cd245702141b4f11f83af18a3a7f0824,0.04018457,0,0.0
VirusShare_a7777372717137d9eb25351f5aa10bd1,0.04161884,0,0.0
VirusShare_bd0c44aee3737e568e51f108450bb0de,0.42011523,0,0.0
VirusShare_bdba01dc0173502533a121369e1c6e9f,0.24444588,0,0.0
VirusShare_ee9bb6713647c2fd7e64a12c76b578e0,0.09119268,0,0.0
VirusShare_ed0ea2cdcdc4100f3f95c623d8c7dc2b,0.07634405,0,0.0
VirusShare_db6ed126898d4badf358079502dbdab7,0.21184936,0,0.0
VirusShare_cd8b6b7f53d8b8c9247860b0cad6d244,0.0852844,0,0.0
VirusShare_77d37207c0e222ce34f0ad3a414ef902,0.059607722,0,0.0
VirusShare_443158c29730821236aefa2af0195596,0.34526628,0,0.0
VirusShare_9538c6ac64facc36a8c07d4637034dbe,0.24444588,0,0.0
VirusShare_106b468f85046c791c8254ba534d142f,0.09143479,0,0.0
VirusShare_138f8e6100e6bee1e6ac8323eaed4b9b,0.38859943,0,0.0
VirusShare_924f03bf73e375bb6c6c8bd9da8197e4,0.3854918,0,0.0
VirusShare_bc278fe191043de61637f1ac8c02c1d5,0.18369088,0,0.0
VirusShare_2c94c0e0b1800aadac3e29047d65e408,0.1503476,0,0.0
VirusShare_30ae4432ca2ba602fb9d5c705ab304fd,0.23750298,0,0.0
VirusShare_985aa50a606e2b5b62188a9f6e7237fb,0.059607722,0,0.0
VirusShare_78b46a3f518f7253a28a9bdbf77c3209,0.33063823,0,0.0
VirusShare_ffcc5b706b0b93377f48dddcdf313f58,0.3208007,0,0.0
VirusShare_7a3354ce141de2e68d2fbdb249b7da76,0.164498,0,0.0
VirusShare_b9a9f1e25e17872df4dfb70d3692b4ca,0.3176892,0,0.0
VirusShare_5d4b3308c3bc27d3906e757af17a7b92,0.04018457,0,0.0
VirusShare_26fc71d98bb57394c5ffb920705fb0fb,0.35683897,0,0.0
VirusShare_f1e5690481130abfed2c0e063da5c017,0.6587987,1,0.0
VirusShare_32bf9caaceac298320e0322a49421f31,0.6577749,1,0.0
VirusShare_189ac0835b0f9371dcb54312666a1892,0.04018457,0,0.0
VirusShare_0abf87ca70932dbb9579ad719c85ade1,0.24444588,0,0.0
VirusShare_dd430de88a7798860eeae09568e20807,0.059607722,0,0.0
VirusShare_d3554171eab6f561ee8e13324d4a1527,0.057157844,0,0.0
VirusShare_c9626ce54f97b0bc2270eb091952ea53,0.5913172,1,0.0
VirusShare_c4ee18d4a484321620bef6ddd00fc620,0.4947546,0,0.0
VirusShare_c82528b8a7642c9f68cbe6d9b84e5fa2,0.42011523,0,0.0
VirusShare_b5e9d5afbd7803463dee4eb91a1124ae,0.111646175,0,0.0
VirusShare_f6e786d20fd479ef052f9b6796c01424,0.059607722,0,0.0
VirusShare_0b44b1cd908cf1f589947608448c111a,0.12448275,0,0.0
VirusShare_c983c87bed9e8cf27c7895f5c1d2ad13,0.66352344,1,0.0
VirusShare_6844e68f44b57c6c14d5631415320a42,0.12137191,0,0.0
VirusShare_b2d598224f3ab1ef87d65e86840bfa83,0.3176892,0,0.0
VirusShare_a6f9ad21dc6b875e8ee68c3be7a9f387,0.09281675,0,0.0
VirusShare_c2fe373bd4f86ef7d69e3fa016c1412a,0.045682717,0,0.0
VirusShare_b25bd2e6b357fa268fd0610ac694fa37,0.16950276,0,0.0
VirusShare_f5b7843d97cd353744168642f44035d5,0.6558245,1,0.0
VirusShare_b3af4d4da4069eb85c68737010c103aa,0.13486142,0,0.0
VirusShare_44fe2b4085d81954ecc848e4e6345d33,0.23918585,0,0.0
VirusShare_7171243a07108e63279559693e8d1f4e,0.081083395,0,0.0
VirusShare_cf01d477196a7af869fd5970edf5c0bc,0.081083395,0,0.0
VirusShare_6c45c615e38b20624937a64b9ac98b03,0.6491524,1,0.0
VirusShare_ca33ac2e7de68d930f61d938ea00a5da,0.0922129,0,0.0
VirusShare_67fac0999b6e783498a8e745563cfc7c,0.657979,1,0.0
VirusShare_85bd3366dcec630877a353e1d03c0126,0.059607722,0,0.0
VirusShare_d803731f3ea8c4a0ccd7b78193a730b8,0.327951,0,0.0
VirusShare_8fce4e6373dadfb33133391a99b6e563,0.42011523,0,0.0
VirusShare_6fbc1c9d739e6d2a2a129d8db15f870c,0.05687658,0,0.0
VirusShare_8b2176092d16ec194b1c7f45880708d6,0.06965249,0,0.0
VirusShare_55faaa79518d15113fbd53808668e2c8,0.14699818,0,0.0
VirusShare_8bf54b5eb20c188f2eef8c7a523d70cf,0.15567055,0,0.0
VirusShare_f35415e78bbb39d94e729bae3aaeb24d,0.6581542,1,0.0
VirusShare_9b01b2076d4ee194811fc633461897a9,0.05116375,0,0.0
VirusShare_22969623be1f678d39ab1df708469407,0.42011523,0,0.0
VirusShare_3d874abf413cf5fc0920f0ca09da4298,0.12762778,0,0.0
VirusShare_25390347b76af239fd1016a2b090ca89,0.42011523,0,0.0
VirusShare_9dae0abe94113f3f855e16012c1f1bcb,0.036442857,0,0.0
VirusShare_47e7eb1413dde79d6704a49ca36d81f3,0.14047582,0,0.0
VirusShare_311617923298b0632c79f917bf18a262,0.19257812,0,0.0
VirusShare_4eae4e0f7939e791f64613315b5110e9,0.111646175,0,0.0
VirusShare_5977bc245df5adb83d40c0adf9dd0ffc,0.30387726,0,0.0
VirusShare_7a7974f5cb89305817eb9ea7dc118437,0.059607722,0,0.0
VirusShare_e7af0c99c8f088187870432994a5ff5a,0.35588297,0,0.0
VirusShare_3b9e7337b4c1eda2edad9425e6305a28,0.17278779,0,0.0
VirusShare_9639af2aa4d423a0fdfbce8b62a72ccd,0.059607722,0,0.0
VirusShare_43fad465af3b3ea191e148a623e80f84,0.36183175,0,0.0
VirusShare_0904a7dbdfd19397e12b3e6a0ce5ca77,0.30801168,0,0.0
VirusShare_bbe3b5be82078348d36bc22b5378e7cc,0.22541137,0,0.0
VirusShare_641c0b26f46d72cea96e9990021919a0,0.34531173,0,0.0
VirusShare_d8850c90ac6f552b6df275a0070938b5,0.22413607,0,0.0
VirusShare_8626c59e0883c4ea5ed0d0725ecb9723,0.2769131,0,0.0
VirusShare_5f0f38b5fcadda8d695795667dbfdfd3,0.059607722,0,0.0
VirusShare_d66b578530e21d16aa45c4bf04987c3b,0.21292755,0,0.0
VirusShare_e608303714e3ca1d307a11e815545d6e,0.38189274,0,0.0
VirusShare_610a3273f1d52407c1b9461a19e24c76,0.34526628,0,0.0
VirusShare_b3cc4b096831c110d9eded3cad68971f,0.3176892,0,0.0
VirusShare_2206a02bd45183dc9ae58b42f8030cbc,0.3176892,0,0.0
VirusShare_df438c96fe62785db53a798ef353d844,0.3176892,0,0.0
VirusShare_16a6b09b8000c78dc7cca8aa6bfad365,0.3176892,0,0.0
VirusShare_9216833d6204511cace90e583622ab7d,0.3176892,0,0.0
VirusShare_adaf7c5b6f6f7b01ae9bf1ac4481b5c4,0.2645908,0,0.0
VirusShare_da2d041e73b6ac1fb0ed275a03dd83a3,0.40552083,0,0.0
VirusShare_fc360e9e291e85f06b7b290d776f8796,0.1333349,0,0.0
VirusShare_a1c11e0d3297d2e2534eda4f59951b29,0.09119268,0,0.0
VirusShare_0d06e0e1893c542ef2aa9be23a634dbe,0.65480256,1,0.0
VirusShare_72142e09149f96986dfce79ad1d3a079,0.34279245,0,0.0
VirusShare_267fcfb38be7a9b5edcdd679f91f755a,0.05921849,0,0.0
VirusShare_0885a250b1fa6182fdbf47e42246cb00,0.09909218,0,0.0
VirusShare_10f942d435bcbb01f9f8598e42ebbd20,0.25100708,0,0.0
VirusShare_0bf18c03e25c493f8156dee926a6639d,0.24444588,0,0.0
VirusShare_980de5d0befa8f49a4e41bf033633bad,0.42011523,0,0.0
VirusShare_d63f7fa16a1c90e967d28d5b7beb84d6,0.15169463,0,0.0
VirusShare_b3812149f503e0f72fc91b1d713daabc,0.31802982,0,0.0
VirusShare_d639395b0f8897c2bd218efcf2a3e533,0.34526628,0,0.0
VirusShare_b938720acefc3ef5a653331e33da32f9,0.34526628,0,0.0
VirusShare_0eec136010b09f6b62df4ce2e22da4ca,0.17195436,0,0.0
VirusShare_cd08241524b16c7a534ef525ea17d485,0.15138833,0,0.0
VirusShare_866382248a5d466d08b2f840ec3b4cbd,0.13877735,0,0.0
VirusShare_ac469c517b415990df6ef6fbd31a53b6,0.06781796,0,0.0
VirusShare_bdf6054ecb4d5bea4c20430cb120eb99,0.13585338,0,0.0
VirusShare_169cdb6fb057be79cf65291469d35e88,0.11430992,0,0.0
VirusShare_cb028b207116c41986dfce20a2e84f14,0.111646175,0,0.0
VirusShare_ba8509c79a0cf0f2dc1b6a613f3610e7,0.16950276,0,0.0
VirusShare_ad0c2b14e5d776ea168dda50ceffed4b,0.088910654,0,0.0
VirusShare_c24a9b0e55de8c14d44cfa70f1775e78,0.6527486,1,0.0
VirusShare_4e871b4c39d0b224dfd3a587765e4689,0.33670837,0,0.0
VirusShare_f098e98f49be57b92dd248adbf54c735,0.057157844,0,0.0
VirusShare_7be1dee81f950adaaac7aac5d793067b,0.04018457,0,0.0
VirusShare_cc4e0af56822d8e0ba02435bd268a5e2,0.15920992,0,0.0
VirusShare_916b37786e09ff05d7c0dc173721bcf1,0.33125392,0,0.0
VirusShare_7ed42ba337d1cb153fb2470c0938fef0,0.3008059,0,0.0
VirusShare_8c308fb84d7fed62277d0ec882d34ef9,0.10278187,0,0.0
VirusShare_3ecaccfe63a52acac6641155fdcfe147,0.42011523,0,0.0
VirusShare_027285639eb566604093237a1d742bfd,0.38577,0,0.0
VirusShare_66c11669a18cfc9da169db5d37365c11,0.059607722,0,0.0
VirusShare_0c006f37f959540e880bf379359b3084,0.24403481,0,0.0
VirusShare_3e95d24fe23fe3d272742cd145c69f30,0.1615298,0,0.0
VirusShare_d579105423611e15159cd2abfd3d6ea5,0.081083395,0,0.0
VirusShare_c02fc6af8e77979d47c25231475296a8,0.17361678,0,0.0
VirusShare_c36a1ea7bf7f623410d35ae44d591978,0.2828658,0,0.0
VirusShare_a97f3c44e0a105cda5ce729e43c3c300,0.1261375,0,0.0
VirusShare_d44abec8a98505ef7968ab929365cce9,0.04018457,0,0.0
VirusShare_dc0d17e8c6473454821bdda58cb820b6,0.081083395,0,0.0
VirusShare_c52ee867c53a781a89a2840c413a11f4,0.04018457,0,0.0
VirusShare_1125affa1b6019121459177922270303,0.33487135,0,0.0
VirusShare_a6bf0674a92d6156d8eaa52bfd3f7e48,0.41855818,0,0.0
VirusShare_2453c1593a74fd87a31104951dd4c769,0.30315542,0,0.0
VirusShare_55a8cb124fe4553573f3e4dfc6c037c5,0.059607722,0,0.0
VirusShare_0fc6cd6075828f79c32ee5cc1379ebb9,0.059607722,0,0.0
VirusShare_295d3b8b4a81c492d5bd1ae0eec029df,0.04018457,0,0.0
VirusShare_2ca4d564629045133fc98b235f74755c,0.067865595,0,0.0
VirusShare_103e9cf0fd35b1b04c9c6b56e5f7af3c,0.6555029,1,0.0
VirusShare_7fc7e3cdc16d387b571bc0e9f1222aac,0.22325607,0,0.0
VirusShare_a3546649b8698546e0ff33419f766272,0.04018457,0,0.0
VirusShare_af8c23552e9c86ff163c68fbd0919690,0.04018457,0,0.0
VirusShare_ef0d1e98f12bee1330e99c0f48df1f5d,0.04018457,0,0.0
VirusShare_89611cc7c52e70ddb7435f64a0ce3920,0.1615298,0,0.0
VirusShare_6c7820ae8b0515001a2fd95300364e8e,0.34526628,0,0.0
VirusShare_0af123f2db5fb928e59d8cb895b87a5b,0.081083395,0,0.0
VirusShare_859960e331b0c156d7e66598764b7af3,0.059607722,0,0.0
VirusShare_5e8f78d8513248ec3a0d3e6ada6f314e,0.04018457,0,0.0
VirusShare_b503d31bd86e8454979c8b4c47830e1a,0.34526628,0,0.0
VirusShare_409c05596a76c66031eff38b76f1156f,0.059607722,0,0.0
VirusShare_94baaad37bafc62131b16b3ec7a0f5d6,0.16111779,0,0.0
VirusShare_2c308ec85d9bb84136c7003e536feeef,0.14905801,0,0.0
VirusShare_c3f6afb9740bf00aa304585f66110902,0.3176892,0,0.0
VirusShare_30394511c332a395ef52d2e842c75a1f,0.3176892,0,0.0
VirusShare_2b0b22bb7998d81813a31068ee904297,0.3176892,0,0.0
VirusShare_385a570ab6de0463079fc52320740a8e,0.3176892,0,0.0
VirusShare_7e6f680da0a39657449b98b56b7d6f66,0.3176892,0,0.0
VirusShare_0d14187a41d08940bd702b2205d0059e,0.3176892,0,0.0
VirusShare_2445c313d706a3b50bf3f6830ba1fc9c,0.3176892,0,0.0
VirusShare_c4f661c91cf356f3e130be21a9fdae43,0.3176892,0,0.0
VirusShare_f67344a1929f2c57eb183418c8ea38ce,0.3176892,0,0.0
VirusShare_a6b032d00623ea62a43a237b24ce875d,0.3176892,0,0.0
VirusShare_c899adc390a8cba11f4b651239749cb2,0.3176892,0,0.0
VirusShare_5a83ebf5680ad8586f37759b2ca96691,0.3175821,0,0.0
VirusShare_50148a858e805e884b6a1edce9008ea5,0.3176892,0,0.0
VirusShare_eee83473740db1ec07eab728df83ee47,0.3176892,0,0.0
VirusShare_02d52753332cf9e79bb17a4bfefcd9c4,0.3176892,0,0.0
VirusShare_1f620f0ff8093768e066ba44c18dcee9,0.3176892,0,0.0
VirusShare_df6d155930b058b2e8962d6e1b814637,0.3176892,0,0.0
VirusShare_055d2353aeea454f57cbe43f9d90b118,0.3176892,0,0.0
VirusShare_255d9d412a27255e26abef0193ec25af,0.3176892,0,0.0
VirusShare_4aab3fad5a46acf5127f4852a4751b87,0.3176892,0,0.0
VirusShare_6fa61eb1acb06f76654582055f85539f,0.3176892,0,0.0
VirusShare_6bba8f523f53da7bbc9b22a0436b5ef5,0.3176892,0,0.0
VirusShare_cdede7cf58c46cf6d726042dce6431bd,0.3176892,0,0.0
VirusShare_22b4493799302d882550cd5b40aab2de,0.3176892,0,0.0
VirusShare_91312fa28145bd8c692a98384a741887,0.3176892,0,0.0
VirusShare_28ad2462fde2041ecea35e9dfa5be687,0.3176892,0,0.0
VirusShare_2ae5fc6edd39a81b23f9c4798d809074,0.3176892,0,0.0
VirusShare_ef5695c4a6db687e7b595d7e481bd8f5,0.3176892,0,0.0
VirusShare_2dd515b211b592ec1354a5809ff5acc6,0.111646175,0,0.0
VirusShare_ad69c1de8be1739956c7928639f34e89,0.04018457,0,0.0
VirusShare_e18b840a2f078edae4e3ad6a72f1d694,0.35389715,0,0.0
VirusShare_1219c3cb2cf4d4bbd7ec02a7dc6ad00d,0.26189238,0,0.0
VirusShare_1388c24cb567a6350afecf30fa27cbc5,0.31970078,0,0.0
VirusShare_60e65a3ee4bfbf7cc383e1ddb1224b14,0.31970078,0,0.0
VirusShare_de5041c4e4a1a89b90cdf1c6d30c9937,0.31970078,0,0.0
VirusShare_bbeba520b73f57a4638cf821daf7e6b9,0.31970078,0,0.0
VirusShare_bcbc2770cb9ff0c4d49e8308d61145cd,0.31970078,0,0.0
VirusShare_c8246f65d54c144ded21e3db1872024b,0.31970078,0,0.0
VirusShare_fff7ec0c9f4f732b25620c8683a93402,0.31970078,0,0.0
VirusShare_57ee5e969e1d4402e3ef6dd4cafaa476,0.31970078,0,0.0
VirusShare_d7b900c5b96606f3c5e6e3574a41c57e,0.31970078,0,0.0
VirusShare_98beaaf38e3eea1f30516137b46fe433,0.31970078,0,0.0
VirusShare_14a05b9e47571a572ad2c228a3224ff9,0.31970078,0,0.0
VirusShare_6b460bf9efabd32c365605a1ed1d8b69,0.31970078,0,0.0
VirusShare_a37b02b9ef9912c7b9651a24884b306f,0.31970078,0,0.0
VirusShare_0dbf270f89b922d3dfa394242bc43841,0.31785792,0,0.0
VirusShare_2b441afa27abfdb79ac6bdee1f5739bd,0.31970078,0,0.0
VirusShare_390f08fcb0a88fd32e5add57e59dc119,0.31970078,0,0.0
VirusShare_84cb0ee4d4b68988e2e320a93095b10c,0.31970078,0,0.0
VirusShare_96b26eec37423988b83820b815ef78b0,0.31785792,0,0.0
VirusShare_0a5fa39d662912e3ccc43c4b04e45536,0.31970078,0,0.0
VirusShare_57e0272e912f4d20662dd17a9bff6b79,0.31970078,0,0.0
VirusShare_1387eb9515e92a257b401acd520c675f,0.31970078,0,0.0
VirusShare_5d6dd97af255e2f6050d3612a318ebfd,0.31970078,0,0.0
VirusShare_9fc1be664fedbe3b0e7ab4aa74dd60b5,0.31970078,0,0.0
VirusShare_7538887da12cf2588f59673ef34d2468,0.31970078,0,0.0
VirusShare_bffe16e3135f9039f3cd7db6e7c6d986,0.31970078,0,0.0
VirusShare_e24f5ff24f1897807c541a2597140f40,0.31970078,0,0.0
VirusShare_85b9b3e384987ac14bee517baaef4f9a,0.31970078,0,0.0
VirusShare_8cc51abc7a4479d2ba17ac73e3bb2d7b,0.31970078,0,0.0
VirusShare_ce911b4585dd2089a607c85e49f3428d,0.31970078,0,0.0
VirusShare_99a46a8ca2aad70fb6b2776f23b9826e,0.33119363,0,0.0
VirusShare_9cc6c50fe8181506047cb82b7410901f,0.059607722,0,0.0
VirusShare_82eda861bee6e71c7bb317756024406f,0.1398577,0,0.0
VirusShare_9d70da5b84a83de9c1bf5cea05ac6137,0.14418453,0,0.0
VirusShare_58c1e0cad7316654fb615ebd4d9827cf,0.04018457,0,0.0
VirusShare_b11cb891e37c89352d3098f97da8993d,0.34227604,0,0.0
VirusShare_2b11b3c7bece3da7a01f629ce8f183f6,0.057157844,0,0.0
VirusShare_2c2c12c00304f30ab1890aadcac46c76,0.059320122,0,0.0
VirusShare_1ae3c253b79a008d2882aa66f62a3754,0.081083395,0,0.0
VirusShare_e46d43be5e102def479445eb1d5acece,0.31802982,0,0.0
VirusShare_505688ea497279ef517bf0c871ac3b82,0.31802982,0,0.0
VirusShare_d10217bc5bf718647a4c15ddd8ade809,0.31802982,0,0.0
VirusShare_340745574692910a5d12a3f92da5581f,0.31802982,0,0.0
VirusShare_084f5c4c79e2681da960d1fc39fc21a4,0.31802982,0,0.0
VirusShare_1307381167ebfe810e18684cc9e4b9c8,0.31802982,0,0.0
VirusShare_8579bcf48aa69f09f30ff91a28d6ce00,0.31802982,0,0.0
VirusShare_bb957db481f368eec765f9ce48dad63d,0.19421557,0,0.0
VirusShare_b491a8abb9217c8a3b87f1f8543647b2,0.34526628,0,0.0
VirusShare_479f0b1755e7220df1c793701da1d980,0.4581676,0,0.0
VirusShare_292f0225ad93e278211ce448339b46f6,0.07337473,0,0.0
VirusShare_025698e745fd9bb0e5671831353814a7,0.27018845,0,0.0
VirusShare_8ef64ad8e4027924d502fe8bb5bc4bc8,0.34526628,0,0.0
VirusShare_729ecb62414b1d0f1b2856982fa6efd2,0.31773943,0,0.0
VirusShare_bc4fab2118a68fe40bd45f4de9e5d1e4,0.3176892,0,0.0
VirusShare_f2f7f24ac71d6ca63e61f90c436ac66a,0.3176892,0,0.0
VirusShare_1637d3ec1e0277e4e409afd49becf204,0.3176892,0,0.0
VirusShare_a479a1f62428225be90bc758b99eff68,0.3176892,0,0.0
VirusShare_badc559a7771dc91b3541ca40ce657fb,0.3176892,0,0.0
VirusShare_e889d2a7e183f4ece007e26d744f3594,0.3176892,0,0.0
VirusShare_2b69c2eafd235eb0a081b83bdbd3de9b,0.3176892,0,0.0
VirusShare_f0bb934563ac0df0d4e609f28fb580e3,0.31773943,0,0.0
VirusShare_00427f212cf6572e3597638b1e19e0fd,0.3176892,0,0.0
VirusShare_caf96ce85effe5c42b1a4b16b307f4e5,0.31773943,0,0.0
VirusShare_cc88600cef4ec5c8b4f3881899661abc,0.3176892,0,0.0
VirusShare_1c9f07004723b34cae86bd822f4e9f0f,0.3176892,0,0.0
VirusShare_4f495b0b4bda5ae38d0aa12f339d6ff2,0.3176892,0,0.0
VirusShare_1d8aed1c77e5fcc17872bb0a7c799126,0.3176892,0,0.0
VirusShare_1cca32cdb23d4a44a799801644a16f8c,0.3176892,0,0.0
VirusShare_150422bbfc1d78d7ffab8c47904af521,0.3176892,0,0.0
VirusShare_76b906ceb50b22da3c0f00382534f68c,0.31448174,0,0.0
VirusShare_8f3a26b1b2dd8d8381197fb61cae280c,0.04018457,0,0.0
VirusShare_c633b1e68dcffdae991c3f2d2d4fffa5,0.38577,0,0.0
VirusShare_8a8fd73af19dd1bba3021ac987d6ab13,0.18549374,0,0.0
VirusShare_110a14b54a5949b10b79f1edfd8489b1,0.42973137,0,0.0
VirusShare_a2ccce455c4a2c2b8f94a57080681536,0.09119268,0,0.0
VirusShare_b6e6b8cac2cf7417c1b3dc2cab525e78,0.059607722,0,0.0
VirusShare_69f52f6f556d883f4f643e8b9238008a,0.6487661,1,0.0
VirusShare_39b131b07bdcfe1276e961df538b689b,0.29847386,0,0.0
VirusShare_62d6b01029e0a5783b30cd5e771c4b44,0.04018457,0,0.0
VirusShare_baf53025bc03ff9e9e40bc65fa074758,0.16892257,0,0.0
VirusShare_3b0ba302a888abec4542f98fd4873ce2,0.04018457,0,0.0
VirusShare_bd7e707e1d6f43a0c0092e903405ba51,0.38577,0,0.0
VirusShare_15e447cd7bc9924e4dbbafb07a12731f,0.037232384,0,0.0
VirusShare_b56b50421aaa57b9a9625b05d593a972,0.15086606,0,0.0
VirusShare_66208d8abb2b4261a7ecccfb2e5cdeb0,0.30387726,0,0.0
VirusShare_649f2cd651a32f2e1b1bcf0b6bfcf38d,0.64652306,1,0.0
VirusShare_f1ddea403480c6330c2e3974492ed8d6,0.059607722,0,0.0
VirusShare_2a83466e24633e6ac173d7f7e0f1bf57,0.081083395,0,0.0
VirusShare_55da9f36579fbb54c17b7bf2674f984b,0.081083395,0,0.0
VirusShare_3eba10dfa9e6e619768c13e2c478bc28,0.65212715,1,0.0
VirusShare_11abefb29ad984d8f6c07a98203109a0,0.38577,0,0.0
VirusShare_45237e1b80f9e760433f062ac5f817d2,0.04018457,0,0.0
VirusShare_267b75a5a857ecd7cb594d1e491cca02,0.04018457,0,0.0
VirusShare_84d80c2dfedcbf50b9f7e5bcd58cbc6e,0.34526628,0,0.0
VirusShare_1a5dee7e4e4de6bafbfa4ae8dbfc63d2,0.04018457,0,0.0
VirusShare_0c15ce6400d1a3327395ce4d3aa32467,0.078010544,0,0.0
VirusShare_785081294d11dedffa3cefa7a8d38852,0.08739478,0,0.0
VirusShare_feabce36c1de01471aa307e65f2cb45d,0.4524702,0,0.0
VirusShare_cf778e442a32a77e93c3305973d10465,0.081083395,0,0.0
VirusShare_1e55eed5e787a0ea779724aa35c3dfd3,0.66077757,1,0.0
VirusShare_7998165d0db2acc29c72e4ea081a1f2a,0.20412004,0,0.0
VirusShare_d329413641e10dbe45c057f79679d1dc,0.081083395,0,0.0
VirusShare_1b6b7d1a699690914db86d0f86fe6b62,0.057157844,0,0.0
VirusShare_c9c8a324876f018e00512c326153da9e,0.1773514,0,0.0
VirusShare_1e530f9130357fd79ded9ace4ce286ad,0.09119268,0,0.0
VirusShare_7d7e0148ec7c0ed9199bc7906712f640,0.04018457,0,0.0
VirusShare_a0879abff119366275752af4f6c454ef,0.3176892,0,0.0
VirusShare_31293ed09cbe6e4eb22380d1f407df0a,0.38577,0,0.0
VirusShare_389fd99a9c234d12e872fef766185b3f,0.65067434,1,0.0
VirusShare_bf2484cc063d4e1483c5823dc5d1d3fe,0.34526628,0,0.0
VirusShare_cf797a1c82b55e09706df7d42832d8a8,0.24473128,0,0.0
VirusShare_e39448751592c7a436df04047000c720,0.24473128,0,0.0
VirusShare_d2a6f0841d88f1ea570b8d6b44987483,0.084051594,0,0.0
VirusShare_c85fa36b0434714f10e16d5097a15f89,0.49753016,0,0.0
VirusShare_ed241cd171d28a16e1b3a45592eab9fb,0.15748166,0,0.0
VirusShare_3f93aca5cf6acfbb28aeded32fb7d026,0.04018457,0,0.0
VirusShare_53667267bb7a5afbb0450900823924f4,0.32971543,0,0.0
VirusShare_92b7ed7834e516983ac32e81ce7151f3,0.31448174,0,0.0
VirusShare_d0a1ff913c3281ef79aa5060b15a695d,0.31448174,0,0.0
VirusShare_f741a0df9204bbd14906c281434d5463,0.31448174,0,0.0
VirusShare_3a6af08d9752182010a2024d9da6237e,0.31448174,0,0.0
VirusShare_a540ef96630c54288e00366f398f8539,0.31448174,0,0.0
VirusShare_e0d1f62620ef1fa409032fd028ef1ea8,0.31448174,0,0.0
VirusShare_2fa4a7b0608c77af90acc57b16bb0cc1,0.31448174,0,0.0
VirusShare_df40852be37c16d897c774a99cbdec26,0.31448174,0,0.0
VirusShare_007714f966ec404ce118da3a46d0d9ab,0.31448174,0,0.0
VirusShare_30fe90fb0f530dfdbe7910f873be685a,0.31448174,0,0.0
VirusShare_3678a8bab0a2c87ccc867ee9afb9ce7f,0.31448174,0,0.0
VirusShare_d349c25999632cf83c082948a99c7230,0.31448174,0,0.0
VirusShare_7be2b63349810c286c9acfc46b6a2d59,0.081083395,0,0.0
VirusShare_438ffdd8dbbb6614a8c0a6632a5349fb,0.31448174,0,0.0
VirusShare_7caa6041c018980ca47de0c6a3f6c874,0.66334,1,0.0
VirusShare_53c47b39b9ec0e29e0b1ad62d2884c10,0.65314424,1,0.0
VirusShare_d88d80d2975e51db59eb7cc67075e98a,0.6497203,1,0.0
VirusShare_444ff5258081d51036df9223014eda6e,0.32166207,0,0.0
VirusShare_090b2b3ecb1c3443183d76f310691987,0.081083395,0,0.0
VirusShare_21bf70dcff1e37f201618564ac8830dd,0.17902789,0,0.0
VirusShare_a384eec0acaf747a36d754f417499cb7,0.33957642,0,0.0
VirusShare_7919bd56267cf95ae335ef45a02e5e1c,0.20412004,0,0.0
VirusShare_6a0380783cc45662a515d7cf77565c20,0.28160548,0,0.0
VirusShare_0d1cdf731d7e4ad7d156f1e1e72151aa,0.36801773,0,0.0
VirusShare_a1b4a1b88bfb366d9e50db90b4e1538f,0.1495804,0,0.0
VirusShare_05915b1f2272a15a1326664567c00863,0.35162753,0,0.0
VirusShare_523ad9c5cd87333e76a814ffa7c88689,0.09119268,0,0.0
VirusShare_48328a9c9db8e54e03d10c18e3857126,0.20412004,0,0.0
VirusShare_9e3dec32b2299386d35ac24c036abe4a,0.09281675,0,0.0
VirusShare_0cbb921494e72dd84d590c9288570f99,0.16985346,0,0.0
VirusShare_7c9a5e4c75e4ae26d94c6fd6cf482025,0.081083395,0,0.0
VirusShare_263bc891f1bbc6c40b48dd836e132fcb,0.09119268,0,0.0
VirusShare_65fe3e59daaa108f50e67671836dc81a,0.04018457,0,0.0
VirusShare_2d6f8348001ba5d66fb67d1a0a7f296c,0.12779443,0,0.0
VirusShare_59ea77b7a12d76c10936c563f1025afa,0.04018457,0,0.0
VirusShare_ac0ed44ed605e698a0ec3e65ef26f0b3,0.16950276,0,0.0
VirusShare_a30230d48ebd69d91adda474884d74dc,0.04018457,0,0.0
VirusShare_b77f75a859fbceb07e4c5aac915837c6,0.24444588,0,0.0
VirusShare_7022dfc5ca8dd00638a3b711e4245fca,0.059607722,0,0.0
VirusShare_e3757e8ba47c31a18875a424edca47ae,0.1773514,0,0.0
VirusShare_f7e8deaebd3bb7356ebfec9a87375dfa,0.09119268,0,0.0
VirusShare_4a8b287eb2eebfbd1760621d5d22c216,0.20412004,0,0.0
VirusShare_96a4c9b2617f98a0ba2cb6838e7b8101,0.16892816,0,0.0
VirusShare_d5e29183d63b40b5304532d2673a71f2,0.1335809,0,0.0
VirusShare_aac598e7af2355ae830ca5167a3bd58f,0.08807726,0,0.0
VirusShare_5a87856757825f724127b7a517568833,0.08714632,0,0.0
VirusShare_8e5d1564c74b663a088a14a43534cfbc,0.34526628,0,0.0
VirusShare_e35e3bd2a194d40374d81a0ed9d3a6dd,0.09119268,0,0.0
VirusShare_4d65f0cacd42e37500ca887e55de2013,0.4524702,0,0.0
VirusShare_ea7646e654a7247d500329e4bca3753b,0.04018457,0,0.0
VirusShare_00b2e561ca6ef337d003e731f6222e37,0.04018457,0,0.0
VirusShare_859aec239a136d42f83ee01825222483,0.3176892,0,0.0
VirusShare_f7c0602adae1e008d7a5e5a86a1ecabb,0.3176892,0,0.0
VirusShare_017bbcfe11016f038127628a6bd5a0c8,0.05182315,0,0.0
VirusShare_8f1d3c4b3db477e67f21fa2d90b18885,0.49753016,0,0.0
VirusShare_a642330e8c3d462dfb0b833716fb207e,0.20412004,0,0.0
VirusShare_c139b53a5267eee951fe409681306417,0.09119268,0,0.0
VirusShare_50b3297065c0b29f38220ec291fc39ac,0.15303032,0,0.0
VirusShare_2b5ad3e500b71881a41c2b3a9c09e818,0.20412004,0,0.0
VirusShare_114f355d636a71ec798c59ec3caad1c6,0.6492716,1,0.0
VirusShare_9f8e62d1ff9ac74ce3ca1acba315b395,0.081083395,0,0.0
VirusShare_9020c9037fd375a4a5ae273619eb80c2,0.12930562,0,0.0
VirusShare_948afe82fcb785a167adecbf11b2282a,0.2769131,0,0.0
VirusShare_ac96b708b3265cd84883196f2cdb53f3,0.047346286,0,0.0
VirusShare_53f10bc3b516fd6b6fa3472b75ca8982,0.6577606,1,0.0
VirusShare_8fc0a947c8bca8cd4312eeacbb3deac9,0.6531838,1,0.0
VirusShare_50cafcb8418b1a392a1b9726085c3f1d,0.3060597,0,0.0
VirusShare_0a90979cf8ae6839e67cd55cf30a703d,0.32616144,0,0.0
VirusShare_ee9a9ca8ca95a39448ee8e9eb64182af,0.081083395,0,0.0
VirusShare_01cd52695ed37063a53059decf139ba2,0.114296496,0,0.0
VirusShare_7355d93c1bd340176619c8cf28395b71,0.40638238,0,0.0
VirusShare_4588d86d571af5f15e5bf7657e7fe852,0.115548,0,0.0
VirusShare_5e049db20f67050f40c22d308969eb0d,0.6476905,1,0.0
VirusShare_48d0d5ca6c5c5d53f4025525ec154e78,0.059607722,0,0.0
VirusShare_51e0dc33582fcb374dceefab93d13666,0.37633914,0,0.0
VirusShare_1168eebc95e0bb0859aa8aa078140ca6,0.04018457,0,0.0
VirusShare_96d83359715813b257b10471207a3419,0.34007296,0,0.0
VirusShare_88abd991cdc0b80d80de714bd6c9b68a,0.059607722,0,0.0
VirusShare_dad288462a316ae68c5c4ef9c889f1e0,0.65287894,1,0.0
VirusShare_dda5aa39812331e927fe2ecbdc4b42ae,0.20412004,0,0.0
VirusShare_9ef4e0f2ee00f17614f4eb5d39686051,0.20412004,0,0.0
VirusShare_d045c778166a4768b74525146813d47d,0.35004455,0,0.0
VirusShare_d48fbec5c6a2edf4893023951dd6c021,0.5001255,1,0.0
VirusShare_6c7cc828d5c3ca1cddea03776efdc2fd,0.6578099,1,0.0
VirusShare_544fde1ef2110e30e1f6acf482ce3288,0.6567478,1,0.0
VirusShare_7d99ad79260811c4ced0cb5ac3d25136,0.111646175,0,0.0
VirusShare_e780f7204e34226c3229fe6cca7b364d,0.6429664,1,0.0
VirusShare_04c52c7b6307f2bea9cd567f049f0ea1,0.6546881,1,0.0
VirusShare_5fd2a5a0d9f87e01d6d0206f3cb2fa74,0.35454053,0,0.0
VirusShare_ccc8a65d24b48b980ccb86482d5e364f,0.15185823,0,0.0
VirusShare_645c193c125471814157fa217447b71e,0.16917433,0,0.0
VirusShare_9b35e1a7b497265bbc9783cf7179c334,0.115760624,0,0.0
VirusShare_cca5b7a5e71443de65dc541b6ab60baf,0.11383338,0,0.0
VirusShare_244e91ad904f365a67c1e960ed9bf393,0.12502451,0,0.0
VirusShare_09b73b5e8ef2fd95dd5ed4421b780638,0.24444588,0,0.0
VirusShare_1bbd1298156f197cc71f4c5c72341447,0.6516674,1,0.0
VirusShare_2e0fcf4ffbf9be7d9ecb5e289ae2bdb4,0.059607722,0,0.0
VirusShare_3ad7c178f756232428e778e1289fc7ef,0.16399252,0,0.0
VirusShare_40c05a8ef279605719d194d37cf70a4a,0.40585262,0,0.0
VirusShare_cc8b916e6dc47b1974efb25886bbbf9a,0.08956147,0,0.0
VirusShare_6a80243b01e560399e154e6e5395e97f,0.34911728,0,0.0
VirusShare_5b5f1e38f6efe8144ac30e05dc15f72c,0.04018457,0,0.0
VirusShare_5b1ba4ddaa86f8a76b15aa5c757d1530,0.4282948,0,0.0
VirusShare_802b8c2651a38020d4ef0662e677b8f3,0.14476843,0,0.0
VirusShare_273b5745b1bf8a05c3b2a6b17e147fca,0.12680367,0,0.0
VirusShare_d2058d035167875fc02cede14d2b67a2,0.09119268,0,0.0
VirusShare_79cd535faa0478334d1d2a679e7a75c5,0.19068022,0,0.0
VirusShare_64f08731f00d0a75b1352ce8e2a04b4c,0.059607722,0,0.0
VirusShare_6c09bcf0894e0b0069ed4cb05f781793,0.10558081,0,0.0
VirusShare_8905c96d588cd083bc46fae8fd019049,0.3756327,0,0.0
VirusShare_1f2e4f9ce84c5c54c6d61226ce4ef243,0.32642096,0,0.0
VirusShare_92b4eb5019b4999ca784a015a00b21b9,0.04001294,0,0.0
VirusShare_9a7faaa18e83e7844a645d9a292a3875,0.07493006,0,0.0
VirusShare_d50d8a5a723d1a80bcaed77f00d18532,0.24444588,0,0.0
VirusShare_00c04886805c5fecaaa734979b4c21cb,0.2660417,0,0.0
VirusShare_52d3e614720d93b9fd5dc05e6e45ff9b,0.6436965,1,0.0
VirusShare_99c82a87a39a8f5ef530c060e28e24ea,0.2848975,0,0.0
VirusShare_906a3d9658d62d0b955ae1cf21cc2410,0.12296997,0,0.0
VirusShare_af4b34f58d5ddfa72d77036a70d4ae8f,0.18360509,0,0.0
VirusShare_9da69c2ef933e93a9c5f26a7fd47aad2,0.07588057,0,0.0
VirusShare_58c30b425cd9f92a163400e95dc9220a,0.3229604,0,0.0
VirusShare_0e03317e9ae55fbb8d4527ce45a0f0f8,0.22306249,0,0.0
VirusShare_8da94b29987552228af927b3e2a5b5af,0.6577947,1,0.0
VirusShare_cc7eb1316d43947c5de8c2ed36b5e66f,0.03616621,0,0.0
VirusShare_6b9da5087b2404e65343c8f0ad1c7fee,0.2228857,0,0.0
VirusShare_2737ceec2d8238fd223e1799d77e4cea,0.10759971,0,0.0
VirusShare_6550df8ae0ddddd0ed0310d462d1b28c,0.059607722,0,0.0
VirusShare_7a36144c1095d652fd3b1ee37a444572,0.14679042,0,0.0
VirusShare_c2d3acdda7fc80dff2a1bb7891949c80,0.1831857,0,0.0
VirusShare_ab5cd33793b96d8a858068f46320b39e,0.34526628,0,0.0
VirusShare_a3f3f772a1df63b55f109cc00a46f0bc,0.21882908,0,0.0
VirusShare_d5c90fd899df07108cdff6d9a4b25218,0.20437685,0,0.0
VirusShare_26ba2a8843971c75655fa8bc46b285eb,0.22678086,0,0.0
VirusShare_65501bfaed8bd57a4050e75e28a0b842,0.4581676,0,0.0
VirusShare_9e58b890bd41f0bc581fd2036d0dc2a6,0.048721753,0,0.0
VirusShare_8d5385f55cc0ceea8b8fdbd0c93ba9f2,0.10318242,0,0.0
VirusShare_d2a73f2412fc61e54682c47c0ad50134,0.1435675,0,0.0
VirusShare_de069850c1f3a9781055a89106a171eb,0.33010644,0,0.0
VirusShare_eeae117b4c825432342fcc33e0496a77,0.10250865,0,0.0
VirusShare_b91941fa0561b6854293d2247a14f104,0.059607722,0,0.0
VirusShare_b260a3a3ea9cbf9d108013bcaa8ac629,0.11776221,0,0.0
VirusShare_1a2bfaa81a481d3a2ef3ba3a1415988f,0.34789094,0,0.0
VirusShare_e8551580ca6af30efdfef5b2d7b2ae1a,0.016541064,0,0.0
VirusShare_daf4d42f529a0e858b7a827b6f367635,0.081083395,0,0.0
VirusShare_eea0962b98951918e5d364c7ab550cdf,0.081083395,0,0.0
VirusShare_9b498c552ea5d5a415e22bfa311b2763,0.14509161,0,0.0
VirusShare_e7526bd717d188367dad5647fbb0e20e,0.34526628,0,0.0
VirusShare_02e0689d417dd8d364daf5f262ca04d5,0.18586498,0,0.0
VirusShare_7a72354a51bfa8cf3fd562fbcec947ee,0.6581769,1,0.0
VirusShare_c2570566369b35462aa9cb5f5b85f859,0.24444588,0,0.0
VirusShare_a9b3fefd20ac54b1fe3638a4939ce26e,0.33898303,0,0.0
VirusShare_0f9ed47f1ffe3b1cd242b7872f4ce341,0.33957642,0,0.0
VirusShare_9cc4b13e8e7db531bf52345f818d1314,0.081083395,0,0.0
VirusShare_7577f5521e014f8874480919601338ce,0.09119268,0,0.0
VirusShare_8b7e45e0535b2632ecd0c8adc61b6270,0.65963477,1,0.0
VirusShare_9f4174e5c1c43fc80e79d31532337e96,0.081083395,0,0.0
VirusShare_3c57d936176ab94fa1539ed3079f8ac6,0.09119268,0,0.0
VirusShare_9d68f0c3d6dbdd7a795cb9b4258abc10,0.07656578,0,0.0
VirusShare_4b3ec94734c6ee6f65d8a2b06ffb31e0,0.12646034,0,0.0
VirusShare_6139307d20c0448628a5e5b1182e6652,0.18136688,0,0.0
VirusShare_6b99371f45164368a67506bea4ab866b,0.09714204,0,0.0
VirusShare_0e022ab1714a2e1646a17122bc2dd61a,0.13347225,0,0.0
VirusShare_12fd31950cf641b109db4f02fa2a069b,0.64425546,1,0.0
VirusShare_a911bac53e09e1034a9437249eccee2a,0.18340755,0,0.0
VirusShare_f301e85281e5cc307cfad7b5ea83d465,0.15761629,0,0.0
VirusShare_9256e627803ecdd0a8a04a788fa09ec9,0.023556013,0,0.0
VirusShare_05a5d878c779ee120a80dff4ac20e9e6,0.30362725,0,0.0
VirusShare_d7cac9f5de96296e732c4aaf5342f308,0.10474615,0,0.0
VirusShare_0ef7df539d222998ce5bb2d5a699a94d,0.6570612,1,0.0
VirusShare_fd0db4540e50bf2f4a931c8b64d1115c,0.10410305,0,0.0
VirusShare_8badaeb82d41ba9ff765af171183ba07,0.04144402,0,0.0
VirusShare_4320f1d48cc152d0b049ac4508b8298b,0.65372574,1,0.0
VirusShare_6486226def465b9fcf8a54400356631e,0.219206,0,0.0
VirusShare_231871298cc5d5fe7445dfad16f2dbf9,0.3756327,0,0.0
VirusShare_b242e00d7cabdc0b1d3362d199ed90ee,0.32616144,0,0.0
VirusShare_8bd944453f883d0ef17a330375b6ecbf,0.65118754,1,0.0
VirusShare_5bcd09d5d1694ad8c12e585301935480,0.15138833,0,0.0
VirusShare_7b6627b5df05c7764e6ecdce30ba9bd7,0.059607722,0,0.0
VirusShare_80fbb7fd80e3d39e764714d7ffbffba6,0.6576599,1,0.0
VirusShare_4772e567bba27d7641e238b20fa0d044,0.04018457,0,0.0
VirusShare_c96e20a9c8c98a97fa40d8bc01b84791,0.20412004,0,0.0
VirusShare_b4c14de626a00d5172605c306a799a9f,0.043871455,0,0.0
VirusShare_e6418d393bc2b70912c35b668d9911de,0.33957642,0,0.0
VirusShare_d78ffab927848218d84e3e78df61af2a,0.33809307,0,0.0
VirusShare_ea671e154b1fdfb167ecf7a51f1aba08,0.111646175,0,0.0
VirusShare_fccef8e1341465a587a80534eb7cb238,0.6536847,1,0.0
VirusShare_9a3c0cfcdd90395d89a781402904f4e3,0.37923247,0,0.0
VirusShare_2f0a2f7580b9259b6e8c7fdc84c53315,0.341274,0,0.0
VirusShare_e099dcd017c470fd0264e8e099813483,0.6530048,1,0.0
VirusShare_23065e72950980245ddc2608de94cfed,0.65010417,1,0.0
VirusShare_406198fdc94ea21d27fcb63defde9ba3,0.09119268,0,0.0
VirusShare_0fe519ff2509d0410ec7ef1e99ebb398,0.1843538,0,0.0
VirusShare_a4017eb9e51883beacc285eaf00f7949,0.30387726,0,0.0
VirusShare_edf4baab2aa3690c400a9aeac06e8d02,0.3334231,0,0.0
VirusShare_8a8ad32beda566f859eccff12fef3fb4,0.33236352,0,0.0
VirusShare_175af8dbd729cee18044776eed3c9ef3,0.22283463,0,0.0
VirusShare_af2a80498fa4dfcb67a113b92d0c97d2,0.066769086,0,0.0
VirusShare_d58e7ab2ab58a83445dbe0ccf0cd6792,0.05351729,0,0.0
VirusShare_2b5912a6b1105db123a84e08c14ebb72,0.65759456,1,0.0
VirusShare_fa4f107de2a7cfb18ef14d0362f0077d,0.64806616,1,0.0
VirusShare_48c1abd02522e1b1997140e21cf0ccec,0.34526628,0,0.0
VirusShare_7a70149e5c072e31aa57bbf627b3d7a3,0.5180722,1,0.0
VirusShare_1176fdf42fae671f4e81dbd9e070c8d9,0.043037556,0,0.0
VirusShare_a8f9dd16db7e58d6d1fe075eaf2cb69f,0.65850526,1,0.0
VirusShare_a902432a411b3e6151d49c87a7259e76,0.34526628,0,0.0
VirusShare_242113673910444be7083ae8c9715ea8,0.6543361,1,0.0
VirusShare_ba6e640aa358bbde9d655cdf310da2dc,0.059607722,0,0.0
VirusShare_65ace95d7f6adbdac3762f47771b6d9e,0.3208007,0,0.0
VirusShare_45fb3cdc98c0bed89d3da02005be92f0,0.081083395,0,0.0
VirusShare_013d863d784064af8c4a0d4e75f2ea62,0.34863767,0,0.0
VirusShare_246acba6a3db5c835af7d2d3f1f7c381,0.24444588,0,0.0
VirusShare_b04117388292a4e7df4c1ebb1e6dcf56,0.35201088,0,0.0
VirusShare_02a1962c1a541cf31362d48378ebb10e,0.04018457,0,0.0
VirusShare_92f2a684a319b4505edad9842d06b61e,0.059607722,0,0.0
VirusShare_50a744c923cfb4208a5e0d1c49a2061e,0.09119268,0,0.0
VirusShare_ccd3f7135802bf1d7dc8695f7f9cb638,0.6512138,1,0.0
VirusShare_3b3abe1169ab4945f47de83a7b3e0197,0.111646175,0,0.0
VirusShare_eb6db30e23d77e2740d98a5c23fe0920,0.24370754,0,0.0
VirusShare_fa2daac20b773281c652a8f301bec1cd,0.18360509,0,0.0
VirusShare_8d5168b4ab28e28045c55f10f7a839f0,0.059607722,0,0.0
VirusShare_c675b7f3ef62d7ef787ad26dc04b1f05,0.18360509,0,0.0
VirusShare_d7c0b677bfea49b3a53d66f74b412abd,0.24444588,0,0.0
VirusShare_6ef1a95f2d397f88bd9d286e427a6c4e,0.31448174,0,0.0
VirusShare_970b08c8cb2cc3121dccd19c5a30ef4d,0.31448174,0,0.0
VirusShare_4976b989afe826b0df0643d28d32e370,0.32144102,0,0.0
VirusShare_466e6617e626a9f10b85263dcdbcb7cf,0.31448174,0,0.0
VirusShare_c9160682bfdc7b92b368a6c80212e348,0.31448174,0,0.0
VirusShare_de55a5eaa8ca8684a6c744e2407fd9bf,0.31448174,0,0.0
VirusShare_eb41d227c8179196e603983f5ef8a038,0.32144102,0,0.0
VirusShare_28e4ffc9bb1702cb8222c66fcb21cd30,0.31448174,0,0.0
VirusShare_c3bfdb37d214484542d5693d0facba4d,0.31448174,0,0.0
VirusShare_c50d9e13c62b818494eb21363283a777,0.31448174,0,0.0
VirusShare_56dfae0a674fec446bdd8581a8f72781,0.31448174,0,0.0
VirusShare_201838a2ca386bf6951eb5855c13c01a,0.32144102,0,0.0
VirusShare_7d89a114e4d18258fa84124c9c66f753,0.32144102,0,0.0
VirusShare_a06cff85c3898a3381fb52890065be3a,0.31448174,0,0.0
VirusShare_e7c24ba6c0ec87029356f31c54050c18,0.31448174,0,0.0
VirusShare_ba58eca89b47300d84500a717df5f059,0.31448174,0,0.0
VirusShare_1f87f99b703b5b58a7be183644559e95,0.31448174,0,0.0
VirusShare_6d450e281d5d4afd1160d6462b675df6,0.31448174,0,0.0
VirusShare_aafd2b61c8a7801410fe19645bc8851c,0.32144102,0,0.0
VirusShare_be7cfe15033e9c4b10470b105389b8f5,0.31448174,0,0.0
VirusShare_700112e380b03d8779411b7ca04647db,0.32144102,0,0.0
VirusShare_b6e5c0f4e8aadbf709eb971c81660b3c,0.31448174,0,0.0
VirusShare_06c42bf166971a8c387fb30065f306f1,0.31448174,0,0.0
VirusShare_9de64220694779fd61cffda1a91a2d66,0.31448174,0,0.0
VirusShare_62f3b116acc6fbcc705b394a5ac035d3,0.31448174,0,0.0
VirusShare_bcef788b28bb0fdc45ad2034e5380c03,0.31703058,0,0.0
VirusShare_8fc062a671357ffa82b787d39c99c4bc,0.32144102,0,0.0
VirusShare_48896496f048f1cb238f06fa469c5ca7,0.31448174,0,0.0
VirusShare_7457613b290253f1bc064369969e852e,0.32144102,0,0.0
VirusShare_fb681290c976a9357299dfa5c21c6369,0.31448174,0,0.0
VirusShare_5eb16e0edfd9a6c95a0d1871e412847d,0.13877735,0,0.0
VirusShare_0b30b6862e9f7ba5a68357710a960b70,0.24444588,0,0.0
VirusShare_5c7315b73be964e4391dd280479b7cc9,0.4581676,0,0.0
VirusShare_2909602d93082decd87153c4548c74dd,0.16473848,0,0.0
VirusShare_f208f8dbf508eb6318ae3ddf973b6de8,0.25371948,0,0.0
VirusShare_bf1c0a02dfefbe413cd97e2cd5dfe919,0.059607722,0,0.0
VirusShare_e5c3ee346ee0632945911f5d95d5f21d,0.081083395,0,0.0
VirusShare_841afa7a0a0aff34436f36c4a9c78251,0.6556467,1,0.0
VirusShare_69bba436fc01bbf84ac861c875ba92d3,0.09119268,0,0.0
VirusShare_f048e67cc8bab2caf9435c2b90d50e98,0.40889382,0,0.0
VirusShare_1e412f70a1416861ba0f7511ada0703b,0.04018457,0,0.0
VirusShare_24f1c12fb48f43dfa733e0ad38c7c4c9,0.23340063,0,0.0
VirusShare_f9498f5fe8f412424a85ef0fcae54cf7,0.27135032,0,0.0
VirusShare_05b1092b3d7ff80a88d52e2332628d13,0.64768815,1,0.0
VirusShare_0578af302de6d3379416fc126d813df5,0.18712005,0,0.0
VirusShare_927a605a2987a459bd7472d41501cc3d,0.34526628,0,0.0
VirusShare_e9e030e44dba5d090d022cb7cfc3a67a,0.23205593,0,0.0
VirusShare_d7f6a7e64abca0e6581ee0907c14e2f8,0.6450233,1,0.0
VirusShare_9ebb2718db396072d4cedd6997e91fdd,0.049086597,0,0.0
VirusShare_7074a9c628311b27b8a737445acaba6d,0.6524467,1,0.0
VirusShare_17d6c714aab51574632545233154e360,0.2280517,0,0.0
VirusShare_0f8c25824f17aa8f0e4b82091a30daf3,0.059607722,0,0.0
VirusShare_3f04a1e07266d820204c37986663bfdb,0.18712005,0,0.0
VirusShare_f35e7e747bb75d0fa292aa24f5dc2993,0.084621415,0,0.0
VirusShare_765aa7826319183043073b1271e10635,0.21477738,0,0.0
VirusShare_e452b511ceff1292cc56d3aad5f0d594,0.39171514,0,0.0
VirusShare_58bafdc14a6c5bbbd752084e0959e3df,0.15658295,0,0.0
VirusShare_b6cedeef95f754c5d51cbd16508c1765,0.15185823,0,0.0
VirusShare_e6fe3422a7fa94d40c85fe5e4eaece99,0.23557377,0,0.0
VirusShare_bf7a70188a915ca87c58c5d34f613765,0.049440622,0,0.0
VirusShare_4f25252833f447d25841d511f067f0e2,0.52936393,1,0.0
VirusShare_8e9b85183cc145aa8e493592ef15b0a3,0.65286577,1,0.0
VirusShare_3d7c54d6b8e81e945ff1fd38f722664a,0.6441761,1,0.0
VirusShare_c2e942e51d4a83defadbb4a439fe3c1f,0.33344978,0,0.0
VirusShare_691a5979cad4fe0e3f4e1671816c1d5c,0.3176892,0,0.0
VirusShare_795911827d6b762142a309cfeddcbde3,0.3176892,0,0.0
VirusShare_d4edbc3cd05c35427c08d4ac0af1ec79,0.23011859,0,0.0
VirusShare_5816d1f93b7d979a91cdb9729d1dbeb6,0.041524313,0,0.0
VirusShare_9fc95e1ea008cc8d99cd3aeb24d55482,0.34526628,0,0.0
VirusShare_ed9cfc003911d7fe0d5a23d42cef9d2c,0.2971696,0,0.0
VirusShare_326f576a836ec8c256e251e03ebb8afc,0.04974766,0,0.0
VirusShare_bbf9fdd5f7faf9b197a7ea5596bd4743,0.24403481,0,0.0
VirusShare_7447959cb23f4a75678fc2630da211b5,0.18212548,0,0.0
VirusShare_153a19a7e7315138f17a7375f0d13441,0.65613973,1,0.0
VirusShare_03f0c5d0248945896729809842da671b,0.18712005,0,0.0
VirusShare_64965b63927473b3ae15990c43876a03,0.34147292,0,0.0
VirusShare_d96e7e0737620feaf456950232ccb721,0.50317204,1,0.0
VirusShare_bd18108b735765fe54d23d02f5b47585,0.081083395,0,0.0
VirusShare_0591e93fc7efc628a47e222f38bc37d2,0.34526628,0,0.0
VirusShare_fbfbf8141bf5342327a8024313f13842,0.6564924,1,0.0
VirusShare_2f21b3c9a2be65a0916d20841e13baf4,0.045886118,0,0.0
VirusShare_2e3bf2415653033cdaeaf19e18f26867,0.081083395,0,0.0
VirusShare_27992a43000a0d3917be29a5d2db1d34,0.6561489,1,0.0
VirusShare_9e9f63609e3a77cd404047160287ceb4,0.6507648,1,0.0
VirusShare_e5478013c15e08afa5754e460e2a8b1f,0.25371948,0,0.0
VirusShare_5b509a5842b487c887ae056e17b8bc63,0.08000663,0,0.0
VirusShare_6adb969ebc9a823bdb95cff2fbb80d72,0.17320828,0,0.0
VirusShare_c02c9c7941f684b029b9eb5208c18da1,0.3461962,0,0.0
VirusShare_bce513877d736c3a5c69c05e2a57336a,0.34526628,0,0.0
VirusShare_a7e0776e6ca95d7702521caf193f2265,0.15658295,0,0.0
VirusShare_d5568123fd517b7a84a8ca5254fad461,0.65943825,1,0.0
VirusShare_11ed8df0e7be4e6dbe8ed8bf98f7bf6a,0.064552374,0,0.0
VirusShare_3d9fc541b892f2e138697f1d0982ff91,0.06761889,0,0.0
VirusShare_7f3459118391133759fa27a02e1fd2a1,0.13877735,0,0.0
VirusShare_db61c4c7fee57d911b6bc9ec3dd6f198,0.056038786,0,0.0
VirusShare_6e592d997da80423cc2b8f54692685d7,0.15658295,0,0.0
VirusShare_2e22e3cfe034543102b8625c7fd359af,0.35059556,0,0.0
VirusShare_72c52d03551d675edc1d023c4269f482,0.21915185,0,0.0
VirusShare_340d84c5a8646849fe485236a50b742f,0.6660261,1,0.0
VirusShare_6e4514770d7565d926b2744ad59b7453,0.27432364,0,0.0
VirusShare_271dc6de8f1c60ac1b67f054aca911ff,0.34526628,0,0.0
VirusShare_24d513394ee068f066ccbd604f4f718a,0.28186938,0,0.0
VirusShare_5e952be8f9e4ab495b3221bb65a56993,0.66224086,1,0.0
VirusShare_fec5e9db567442bd8f6a75f64bdf5640,0.24473128,0,0.0
VirusShare_4a33988a6f79a7ca924fc727383e8df1,0.65634143,1,0.0
VirusShare_2e6e0c49d12284e7d438ca2004e3ccbe,0.6584207,1,0.0
VirusShare_5b8c043f9cd746f38848653e3db2194d,0.037499063,0,0.0
VirusShare_548ddcd6ddb6bfec194092fcf2638e36,0.32979184,0,0.0
VirusShare_cc87f30eea9b45beeaff6559b46b9e57,0.16892257,0,0.0
VirusShare_d9d46f5be124b5c732ea6b1042157e12,0.3151396,0,0.0
VirusShare_79c556fefec1425bef57d4680bda9cef,0.064556934,0,0.0
VirusShare_71bc760e1b390085a24118f580f440c3,0.04018457,0,0.0
VirusShare_7ebc746271d61ef922e9409c4b22dc33,0.1129241,0,0.0
VirusShare_c4914b51861620b1be3b59c5e1798738,0.16892257,0,0.0
VirusShare_3b632e72c2c1af84bd7158b3f4cb331e,0.022043578,0,0.0
VirusShare_1b72984918b4ab828140a10836f41601,0.6547843,1,0.0
VirusShare_f965972b8169a67b721eef261c1d7916,0.35389715,0,0.0
VirusShare_b9d758ab4d9bba47439327c48b244ad2,0.1773514,0,0.0
VirusShare_c3649040247c9472b0160d9047f54284,0.10590489,0,0.0
VirusShare_f5f93530e7046c9eb89a559dd7e3ddb9,0.21400838,0,0.0
VirusShare_20b272fef77b3ba9fd49f59f4f16e9b7,0.27684194,0,0.0
VirusShare_1edf21d2d4de524ef6d9acfe0b1c0d74,0.16886473,0,0.0
VirusShare_edd74bf39722cdd1b40a800014d0bc5a,0.65119684,1,0.0
VirusShare_43d5cdca243539edf3e0ffa7033c842f,0.26819092,0,0.0
VirusShare_2b65949e957701ea501aa41c8ff2b094,0.3692488,0,0.0
VirusShare_0a6cd5afb33a5d5480e7df319cc08d11,0.2948833,0,0.0
VirusShare_95fbd045a72094ab82ea92345d5ac862,0.06403263,0,0.0
VirusShare_dbbe77bdcc43e4de4f029743bcac2fe1,0.20955925,0,0.0
VirusShare_600b056c13e3085e7deef21751f71090,0.34526628,0,0.0
VirusShare_c55b0b154958c43f416b2c44093b2b5f,0.6532894,1,0.0
VirusShare_cb2f30253b8ad97803ca2cfaaa712766,0.049384087,0,0.0
VirusShare_1f0a89360bb9471af8b2b1136eafd65f,0.46096164,0,0.0
VirusShare_8007c8d225a1e0779616e6aacec31315,0.6598037,1,0.0
VirusShare_7b8fa46b72e383ad837d382bbfedcfcb,0.19015409,0,0.0
VirusShare_a54c422458e8ad6296833e3b0598765f,0.33993736,0,0.0
VirusShare_b5d204c4820202b270fe4edb46ba6ed4,0.07179984,0,0.0
VirusShare_78e451f918af1f0758e802076574b80c,0.34526628,0,0.0
VirusShare_357d6e935be01c9fcba2cf96a2ceb13e,0.08253692,0,0.0
VirusShare_f2940d0cd86c72241e8be69345fc675c,0.6587939,1,0.0
VirusShare_3fdd2f9309c12044245354eb66368730,0.34526628,0,0.0
VirusShare_6c51400bec4ff48384dd7af82d4476dd,0.3419022,0,0.0
VirusShare_0f538a1266d09bb61ddfcb772b70d2a9,0.059607722,0,0.0
VirusShare_f5993266fd97035f574fad790d8938b0,0.23845306,0,0.0
VirusShare_433564f6af7c9f01a0ae3c1e47438b96,0.6536084,1,0.0
VirusShare_67dda26168dad54777b0a9267d2472c9,0.081083395,0,0.0
VirusShare_d9048da13118598214c7b040736bf098,0.20955925,0,0.0
VirusShare_ba8797d0db4ea5def1a17cf835db4efc,0.24147265,0,0.0
VirusShare_8aed8c6342c9c7f1d0b79eb972034ac0,0.24444588,0,0.0
VirusShare_152522eaa9e13e973d220c491bcb0aad,0.35021737,0,0.0
VirusShare_327a2fb15413f30e2b98d380ceae1b26,0.34526628,0,0.0
VirusShare_91c6ae17cc9a61fe9e5184fefbffd8e8,0.46556234,0,0.0
VirusShare_59c75c2ddc1e38919476121de72fc57e,0.30387726,0,0.0
VirusShare_b516363e73c40eab17c834659404b005,0.059607722,0,0.0
VirusShare_33ceb3a9f2685520e7b7298859384f7e,0.21477738,0,0.0
VirusShare_ce73901093cfd6c3a3e0e5cdf9d73c29,0.6506463,1,0.0
VirusShare_324bd2a15674e30864246c251b39c2a7,0.04018457,0,0.0
VirusShare_61a9061d8275b1738350e5fc0e31aa3c,0.24218965,0,0.0
VirusShare_dd0c96e030d7f293bead30f2766aac1e,0.07822463,0,0.0
VirusShare_5e8a2195f75e6876bb6f7d63ee1d913d,0.6513794,1,0.0
VirusShare_8a14ff3ce7c92306e7ecb6ef74715da0,0.29452747,0,0.0
VirusShare_61f3835ad7ee3ba41a41b89b014386c9,0.04018457,0,0.0
VirusShare_82ea47ad28d20f93c4e8ae3620b7cf2a,0.09437414,0,0.0
VirusShare_25e158bcffc0561530c7445974db8199,0.25371948,0,0.0
VirusShare_36f99f46eaaf6a55584cb16497c2af34,0.66119254,1,0.0
VirusShare_7203543d5dbd2a2ab20c0fca7cad70c8,0.042839117,0,0.0
VirusShare_3bea6a89c53bddfc5e9e7987fff677e1,0.12860097,0,0.0
VirusShare_cebdd03a6e29d15624844e84dea3b620,0.6535895,1,0.0
VirusShare_67d269361113f66bb3e6c64b0548d3fa,0.5659469,1,0.0
VirusShare_485cf7533bb2d031d9a5343f6d379e00,0.44868883,0,0.0
VirusShare_093811f2d5147b88c14cd29f4542d86d,0.103564695,0,0.0
VirusShare_bda9b4454b6a5d5a1521a371cdd514a3,0.04974766,0,0.0
VirusShare_c83eff79012e320a133c50743f64d15e,0.14102551,0,0.0
VirusShare_f8c57656cdf670dcb8c1daa511bf9afc,0.65787894,1,0.0
VirusShare_ddcc6ad3af63d7e85a5e06eb2cd1540c,0.3343077,0,0.0
VirusShare_5a8cefa5917fd331e4072aa6bd1e189d,0.04018457,0,0.0
VirusShare_24d09ff19529969a747b8f9dec9debd3,0.29452747,0,0.0
VirusShare_5cfb0760d46168f597602d96ec4874d1,0.4340067,0,0.0
VirusShare_0bf8bb9f2b061c5462a6de08943f2560,0.059607722,0,0.0
VirusShare_f7789b2dbb7e8b818ed50fcd183242ff,0.44044223,0,0.0
VirusShare_9c5e27f7bbca17e7e767c969f4415eec,0.341972,0,0.0
VirusShare_277816d9b7d3614b53c621159def04e1,0.6511725,1,0.0
VirusShare_d83f93e75b6369efad6e4e99c24102c0,0.2948772,0,0.0
VirusShare_6655339d5a72d29cb23a1a449e42520d,0.35847315,0,0.0
VirusShare_90558b0ee9cb6e9cb12a86bfa10f49a4,0.15658295,0,0.0
VirusShare_d25fe2d31b69929d060ec8cf306619c5,0.07237418,0,0.0
VirusShare_a6214c3e6a02e2ff54d6378a1af936a5,0.04018457,0,0.0
VirusShare_79940d3cd61e78e88defbdef6a347eb9,0.059607722,0,0.0
VirusShare_109c52dea7b7a89407044a154d266994,0.6447627,1,0.0
VirusShare_143683cdcac1c82307882b0e196574df,0.65957177,1,0.0
VirusShare_3796abd86e443e74ed786574275a844b,0.6579198,1,0.0
VirusShare_481d385a6d6a718c93094d2a2aa796c3,0.059607722,0,0.0
VirusShare_6df3472ebc1d0327bdb28fe538defe86,0.053685717,0,0.0
VirusShare_6ca25e0aa078017e506314301a7d251f,0.24403481,0,0.0
VirusShare_20529f6902587c3c8053388d34a21fea,0.36184853,0,0.0
VirusShare_1501fd0cd968b435d21b765968e94e05,0.1095286,0,0.0
VirusShare_3b8d5a9ab945151fe31dea3641262f49,0.07170629,0,0.0
VirusShare_c15d78447cf9fcbdb16df364ae5445bc,0.15367967,0,0.0
VirusShare_cdabacb300c97c7c20d6cb3124b00b5c,0.28594604,0,0.0
VirusShare_2c3aa911791403cb7f769ebbf3f55a30,0.37996665,0,0.0
VirusShare_aaec40d7a8282991eeb14d94c3430067,0.6609189,1,0.0
VirusShare_ae967b64bdf510974461a9849c11b299,0.6506079,1,0.0
VirusShare_a6db10ca0e8152e6795fd215b3a99329,0.04018457,0,0.0
VirusShare_92f1ef6b10b4db994ee30ba89dfc1894,0.25371948,0,0.0
VirusShare_96339b5227c85affbd3827037aa42002,0.059607722,0,0.0
VirusShare_8f0cd1c335cb7fca7c834ccd2139a64d,0.23205593,0,0.0
VirusShare_8a4386c35da715f9ff4b670e1201192b,0.6581515,1,0.0
VirusShare_433fb1c4f50f46b2b2aec8b6f24c5845,0.24444588,0,0.0
VirusShare_a2c29c2042ff7aa347d1481451c076af,0.64932984,1,0.0
VirusShare_6c8bbfa33f3e22d4810bccb6df45666c,0.6587681,1,0.0
VirusShare_97c81ea21fc5d167d5f3c71feed6d38f,0.24403481,0,0.0
VirusShare_16ece5332e2c759f9b614c96552d6fec,0.24473128,0,0.0
VirusShare_51f4345bc55eaa5f616bd4cc4bdb9ec7,0.04018457,0,0.0
VirusShare_2bdcb7742f89039b59e6e2092f754571,0.13224415,0,0.0
VirusShare_01e9720b02c8e2565749cef9ccbce1f6,0.26189238,0,0.0
VirusShare_1bebadfff0e83818df753c56cd700f38,0.6586154,1,0.0
VirusShare_bf284c1a038cec73b5915bbbe4c4afee,0.65509903,1,0.0
VirusShare_bf1faa5b4eb7372d87cee742d6c16f1d,0.24444588,0,0.0
VirusShare_e5ad6ce2b50327b04ca306c1dfd82d8a,0.65805453,1,0.0
VirusShare_7e60c3d223c93f8788b8e5a66c0e27d3,0.27135032,0,0.0
VirusShare_b82d98780385f36b1a32c40d1aeb557d,0.13843326,0,0.0
VirusShare_19412eab36b5f0936b395371f02afafd,0.042707425,0,0.0
VirusShare_a21e7fb3747947c0295af43da764eeea,0.041524313,0,0.0
VirusShare_386e7ca39f466f910b26c75077f42299,0.34526628,0,0.0
VirusShare_4c671ce55effbec1f5f534896c250a0e,0.16351314,0,0.0
VirusShare_3f427de4bd92614039d1ab09dc921881,0.04018457,0,0.0
VirusShare_3aa920f035f008fa877a3fd75b8c8a84,0.65058625,1,0.0
VirusShare_10f2d80deed581253579ccfb0e5ed215,0.30387726,0,0.0
VirusShare_b3535c85cd8772e4fdafdbcc04a6664c,0.24403481,0,0.0
VirusShare_30aed767caaf80777494c1296206b34d,0.27581018,0,0.0
VirusShare_a82db9208053b27ba4909c8ac400831d,0.0911065,0,0.0
VirusShare_427ad334c6cca8a65eab65cfc6e30ff0,0.33905357,0,0.0
VirusShare_b4b21bf1a7c175bb0a83b62920c947bd,0.057501983,0,0.0
VirusShare_e6ef1b8750afd0d0bdae4eb6585af6f1,0.081083395,0,0.0
VirusShare_e845aa1abc0515ac485609f2736c1391,0.07656578,0,0.0
VirusShare_745a2b0e4923d25fdebeee0ec8a4b010,0.18712005,0,0.0
VirusShare_81890ad4c3709e456bc7a4bfa8447376,0.41873083,0,0.0
VirusShare_5cfd3f0a1f08d5cc789730600aafc8e9,0.081083395,0,0.0
VirusShare_59e2df2a57a479969e04a26b89ed87d1,0.18712005,0,0.0
VirusShare_41e48006245547fcab424976f2cee150,0.6558439,1,0.0
VirusShare_213e5b7a11411aae114ec1fa52a4250d,0.24403481,0,0.0
VirusShare_49d062523ab180924ab1aa07c5f0e649,0.059607722,0,0.0
VirusShare_578a8f24ce713d58d706ee65ba6fdb19,0.15169463,0,0.0
VirusShare_e2d4861a09cbf966a8b4dc929acb3152,0.23165636,0,0.0
VirusShare_2580bf5158abedca09ec52131b6e0f33,0.6619871,1,0.0
VirusShare_5a8822221551fabd7fd9421c9c274e90,0.6552682,1,0.0
VirusShare_26cddaf17a357d82994c1c8a35d9860a,0.6480402,1,0.0
VirusShare_898705c7f9c2221d48ed1f2b2299b2f1,0.055095356,0,0.0
VirusShare_2f749a96365d5fd2000a6bbf4fc5e8b1,0.65366596,1,0.0
VirusShare_b30371a5bcea7de4339ef58809af9e7b,0.24444588,0,0.0
VirusShare_78094690a537ac8756dcdb1c411c57f5,0.3176892,0,0.0
VirusShare_a5eb1f20e5633861bffd64dd73cc5e87,0.3176892,0,0.0
VirusShare_2401733b08de598f1243f0bb65d63735,0.3176892,0,0.0
VirusShare_9dea88bfc67bbaa9c9e5919020c2e496,0.3176892,0,0.0
VirusShare_7e631199d915e59314ccfc3734f0544e,0.3176892,0,0.0
VirusShare_a9862fc195d08f5750220334fd4da153,0.3176892,0,0.0
VirusShare_6b8c1398fbed318cafe16dd213357af3,0.3176892,0,0.0
VirusShare_304e81cf2999f0722c7e3a3c0ac1b788,0.3176892,0,0.0
VirusShare_45248fe997bb3edc084dd1aa746ebdeb,0.3176892,0,0.0
VirusShare_dd10eddc1a5936d4cb6f10116026d20c,0.3176892,0,0.0
VirusShare_0e532be10398ac2e8c3c7e73266cbb6d,0.3176892,0,0.0
VirusShare_762ab56fe5582eaefca2a6001c3defad,0.059607722,0,0.0
VirusShare_93d40b6d57b48315f135fd4bd44e103f,0.3176892,0,0.0
VirusShare_2f6d09973359b35845aa596da73ee3ad,0.3176892,0,0.0
VirusShare_06ec3cbd24b425853ed0af2a3c1d21f0,0.3176892,0,0.0
VirusShare_3fd09993f4e62b55063a3d20517b05e3,0.3176892,0,0.0
VirusShare_9a234ae8d6d48d09288d30c8c3432f55,0.3176892,0,0.0
VirusShare_0809815600ca8a07a244f7e3f571f76e,0.32761925,0,0.0
VirusShare_30f0119fe253f5fcff64c6234596643e,0.3176892,0,0.0
VirusShare_d5bf1e981d1c2787e3fd2ddb0285dddd,0.3176892,0,0.0
VirusShare_6394360271f291a1f7f1becd5cf55d51,0.3176892,0,0.0
VirusShare_046d98bf42bea2931277c9774ecad18b,0.3176892,0,0.0
VirusShare_abd6585ad8a481926c4c2befef3b5bc4,0.3176892,0,0.0
VirusShare_d74813e27887521fc994949531457c13,0.3176892,0,0.0
VirusShare_3823e478cd277ccce55949f92443e20e,0.3176892,0,0.0
VirusShare_8c2079d98fec4ea6267e55c6ec992de2,0.3176892,0,0.0
VirusShare_b8e26bac2af5b0103da8d21d92f9724e,0.3176892,0,0.0
VirusShare_991bdae578406842b8d421d5ebfa3694,0.3176892,0,0.0
VirusShare_eed65bcdcd7722a874fda8cc7a7e869e,0.3176892,0,0.0
VirusShare_6693b3ed4c0fd068d872156be4d20366,0.3176892,0,0.0
VirusShare_7f6ac4c5d4eef63a1f5e4b104c2debea,0.3176892,0,0.0
VirusShare_3de7ef1959dfcaca7d8a2b46a8e0a353,0.3176892,0,0.0
VirusShare_3fe2759eb1f4c3f0cb10a1d705ba8791,0.3176892,0,0.0
VirusShare_8689a391a8f4916a87c1416c06fe5b53,0.3176892,0,0.0
VirusShare_12ecf2d23d5a954939a377e106aba252,0.3176892,0,0.0
VirusShare_5e59b3171611dc9db4fac55bd89c03b5,0.3176892,0,0.0
VirusShare_a6530691f60995e2edd1dd5bc6e26a71,0.3176892,0,0.0
VirusShare_f15e7ce7c6882951d52f5b8b0743c862,0.3176892,0,0.0
VirusShare_a7a144811a3482cc4fe5b54ac0a0585f,0.3176892,0,0.0
VirusShare_b77e0d1ca5ea1dcaf9e1f96c4ec56f80,0.3176892,0,0.0
VirusShare_89b9475039b1941ee4e9818d3dd5b0bd,0.3176892,0,0.0
VirusShare_8a6cdfa1298f7a2d6f7c07210ff179a0,0.3176892,0,0.0
VirusShare_17e1439fb0f8c164f1ecb390fc0108ae,0.3176892,0,0.0
VirusShare_4f1c3e9c3cb4b755302f3014750cd0c1,0.3176892,0,0.0
VirusShare_629743c9597f34e276b2e9583c04c732,0.13651447,0,0.0
VirusShare_60b337ca337a2401ced33a67426148ab,0.64927876,1,0.0
VirusShare_c6709249929428a7687871dcbf0157a0,0.18961996,0,0.0
VirusShare_0f8476ac92e88fce75f5a2c9e132c4c4,0.114896774,0,0.0
VirusShare_6301c94971158a4dbb2e8a069c766e25,0.14774318,0,0.0
VirusShare_77e4c1089fdc15905645dfec55675269,0.06386879,0,0.0
VirusShare_b2c1d9045f0c1d5746a1e2e78dc63e67,0.3176892,0,0.0
VirusShare_8c10f1cd3cec485fef3bf33df25dc24f,0.6532031,1,0.0
VirusShare_11ba0cf0c88be04f3ffdee3e66db840c,0.111646175,0,0.0
VirusShare_23a6fe196106b467d3efa0ee2ab6ecdc,0.36184853,0,0.0
VirusShare_ad4dabd046bcac54b3e53c91d6b740c2,0.06041368,0,0.0
VirusShare_087ae7fc0a7de63cab3bb10eef3c3400,0.6522735,1,0.0
VirusShare_97ec41332df871776d351dfa9d42bfba,0.22450109,0,0.0
VirusShare_868f8f939c9a521fea4b429db7f845f4,0.059607722,0,0.0
VirusShare_07d13d27c6c5892d92d831dee1ead823,0.062590905,0,0.0
VirusShare_b03d8064fe25b720f24e9d686b445815,0.65272886,1,0.0
VirusShare_0bc6a326e374e5653cb5c3c8186fe299,0.066528276,0,0.0
VirusShare_69feb62dfea3df41a20ffa83efc1d076,0.6656626,1,0.0
VirusShare_bf1ae307cc3000426761e0f1e71e9a64,0.081083395,0,0.0
VirusShare_16987cdcb0109b745bc8a3e6f2a3dd55,0.055169217,0,0.0
VirusShare_286be341d922c943e8f8b8fcccb2c87a,0.65081435,1,0.0
VirusShare_be77812b96fc4a66278294725e2c3b02,0.26179606,0,0.0
VirusShare_131aae1ef8b479655d613dee9253d3a7,0.6414914,1,0.0
VirusShare_55be75e757c49a990900d5a8baedfe1a,0.64672863,1,0.0
VirusShare_cfdd98af15431202295d0461773fb647,0.20259948,0,0.0
VirusShare_42975b3830e78ebde753116f5d14f0c5,0.6588788,1,0.0
VirusShare_36b844cafcf7cc32cdc37bdbc3f53662,0.059607722,0,0.0
VirusShare_853330a826fb0268d0f88ff951f8e65c,0.6542082,1,0.0
VirusShare_431cdb98051d2a0f3ff99a78d7f14182,0.6542806,1,0.0
VirusShare_7f6f82c3f9b78ed94d3e4dc35b40460a,0.64687824,1,0.0
VirusShare_f3419d293c847e3848eea501365d0bc7,0.6518768,1,0.0
VirusShare_71b701a5d3236bed956d0fcafd4e68bc,0.65760136,1,0.0
VirusShare_af0d6a33873c6ce65a24ed6340947651,0.059607722,0,0.0
VirusShare_05b2a63cd847def644571a5a6c199819,0.65486825,1,0.0
VirusShare_fc57e1ebe2ede44fea53ce5307f4943e,0.13593277,0,0.0
VirusShare_525e8e93879800f52388ecded3ed997b,0.34560847,0,0.0
VirusShare_4bc29630f5771dfd9ef3f250d5380f1f,0.652608,1,0.0
VirusShare_c6596b77f071049916d61aa1d8055e46,0.66464573,1,0.0
VirusShare_ee2361318a92f9db0a36510663498841,0.18199694,0,0.0
VirusShare_238ebe9275e8b838d896d6720abcef85,0.14478973,0,0.0
VirusShare_b6e22ab1bc766b0b073951ac230ee408,0.3176892,0,0.0
VirusShare_6102703bd24a20a23a773c0ca8765fd7,0.27174282,0,0.0
VirusShare_1c385d7a750c564abe3765ef6e622fa4,0.16447432,0,0.0
VirusShare_0fb709d5e94c92639d8d5a15295d6144,0.65312624,1,0.0
VirusShare_771916aa0994d4be90e687444d39fd9e,0.081083395,0,0.0
VirusShare_17d821c1b6a705b8ae6b37c3898bb697,0.33787748,0,0.0
VirusShare_23d50c522288f7b1d18562aba6e4d530,0.6557038,1,0.0
VirusShare_e5d38f7baae3415e68e89ef3cecad776,0.081083395,0,0.0
VirusShare_243e235dc135d638b79b6843256034d3,0.042628877,0,0.0
VirusShare_3b3aeef0fb9a412fa69d2f730e433d88,0.37733498,0,0.0
VirusShare_c101a28880d7a8a41bb50269349b8705,0.07322601,0,0.0
VirusShare_87657df20011a7d7c29db3e0944a7d7c,0.071816914,0,0.0
VirusShare_ab9fef34fc1e0b18bbda76b6e188adcc,0.661561,1,0.0
VirusShare_6c7d444f7ace8ade9f37a8b785a9189e,0.1541802,0,0.0
VirusShare_80d61d57d9ae228f157aa6ec7c20fab5,0.25094628,0,0.0
VirusShare_dc6649a3f9faa79be9bd4912bc365914,0.12790963,0,0.0
VirusShare_aa09cd948fc595fbcb210ce519673692,0.26819092,0,0.0
VirusShare_75cd50770417a9b2f23bf14a39972f6d,0.20610857,0,0.0
VirusShare_fc5416311f5e64294d3033abef2ae5d7,0.2587691,0,0.0
VirusShare_2f2341542049870ec256319320ff2503,0.65524197,1,0.0
VirusShare_45594e631602fe1059468f94f2001649,0.6559602,1,0.0
VirusShare_e4cc4855f3c3bd7d89ba86b7c33c1e82,0.061075248,0,0.0
VirusShare_ef2b67ba3c7465ae2f9f4a46620293e0,0.07685818,0,0.0
VirusShare_8b38e806c164b9904277cd92fbec1827,0.23499377,0,0.0
VirusShare_0a7482c5276a4081c0064df0b024ea78,0.16529071,0,0.0
VirusShare_4641e42c91ffbca63e73f3461251a482,0.059607722,0,0.0
VirusShare_3d31a8fed43e5f1ac3de303a6ac0e316,0.05921849,0,0.0
VirusShare_2c228b22a24cfd3604d7ef611ac2d1fd,0.242129,0,0.0
VirusShare_dd1f73db4014539e23d4b209454dd8ce,0.24559554,0,0.0
VirusShare_f06ddaca160f5e8c763bbc18b9166b39,0.65527403,1,0.0
VirusShare_45dc5d5b193f5158252f86f3dd0d0429,0.16950276,0,0.0
VirusShare_7e17c9edab3bbae68a3d9feaba80062d,0.38843736,0,0.0
VirusShare_6084116256a366c76876a115d5f60266,0.65565443,1,0.0
VirusShare_48a27c6c20ef30770bef1432a8ff4a10,0.1448091,0,0.0
VirusShare_242d0698ef33388693f50525be87902f,0.6597475,1,0.0
VirusShare_14cff3b646ac3025afda60f9e00e68e0,0.14508983,0,0.0
VirusShare_b1412cb23b0b4cb873ce820ed5f36b70,0.35631782,0,0.0
VirusShare_ab98abd77bb0aadc8026b6f076f9331d,0.059607722,0,0.0
VirusShare_53149e1474d4352e5560450825b73bd8,0.13784508,0,0.0
VirusShare_a862f94a9141906f863494b348bc3d58,0.059607722,0,0.0
VirusShare_7ee5deb8a0c3d25f49b5ecfee0854559,0.059607722,0,0.0
VirusShare_2b93399f0f4e03bd6fcbb7c13f2f613a,0.111646175,0,0.0
VirusShare_bc98f91e756dda96d630ece5318e341f,0.059607722,0,0.0
VirusShare_26631b257344e32937a0242d485b94aa,0.65562236,1,0.0
VirusShare_c4ed00d141a8b8932663a3d943dccb6f,0.2121927,0,0.0
VirusShare_4930269281b9432663437414a811179e,0.04018457,0,0.0
VirusShare_24c26cea2bf8b833555bb916a67ebb90,0.24444588,0,0.0
VirusShare_bc6bb033a247e3d6fd411adceea72c46,0.0889497,0,0.0
VirusShare_583a4adc38760b9f6120992402bd7282,0.035705782,0,0.0
VirusShare_2def7f8dce76d67cb01b93625f9be636,0.09681674,0,0.0
VirusShare_8aa8fe5887d85801d29d54b4c80dc909,0.1773514,0,0.0
VirusShare_3454008659d4c59da1f2742e7a6ceb7e,0.09398727,0,0.0
VirusShare_725bd8b220b7b588badb538558f2af3f,0.65990037,1,0.0
VirusShare_766f434a7fe6c2919a4239182e1d4a58,0.08958008,0,0.0
VirusShare_5efdf53ca56b4a4722c1c2ab889270ca,0.049400058,0,0.0
VirusShare_82839ac3bf07021d07acd438b0730e38,0.059168298,0,0.0
VirusShare_91d15364772f7d0572cd1336048144c1,0.6477147,1,0.0
VirusShare_e8a467bfcd515c8fcc276f40fa66acd8,0.03895598,0,0.0
VirusShare_33aef6e2d5092e1ed84a7a5bcf785658,0.14978956,0,0.0
VirusShare_f79c01cf97df5df2fb3071777ee0aa43,0.46937388,0,0.0
VirusShare_d9572f18abf774362f58499ef86eb9a6,0.24444588,0,0.0
VirusShare_122e948a00cc8813aad6de4d7f62f537,0.6479105,1,0.0
VirusShare_1d363a801239a9c82f77b891b5a9277d,0.6560098,1,0.0
VirusShare_baf0879359c4dd32ac5a72ee1062d334,0.6562482,1,0.0
VirusShare_068463e02ef1f67eb324e52058eb2bf3,0.31997186,0,0.0
VirusShare_fcc6d6cd2a8ae51f359fbb5d388db436,0.26189238,0,0.0
VirusShare_ba9360338f0e12bd89528f1d43e71362,0.66172236,1,0.0
VirusShare_7ad10d85674b3dec29c9a26d1f17ef01,0.06862289,0,0.0
VirusShare_cd01917364e399c0b17436df4f017c16,0.24444588,0,0.0
VirusShare_bd0c3c642c16be0c2768652c25211376,0.07705512,0,0.0
VirusShare_07f8033cc5fa6b4965c7582fce944261,0.05427601,0,0.0
VirusShare_4ba3454e8f3904620efd69fdbbb5d1e1,0.38843736,0,0.0
VirusShare_eee0ebee20ffe1823b030534b65af28f,0.16777557,0,0.0
VirusShare_93d0bf1982f0491d20205b91069313a6,0.041524313,0,0.0
VirusShare_5c4238201556972175eb510d59262858,0.059607722,0,0.0
VirusShare_de14686cce694fed369347197b5ba6cb,0.1758306,0,0.0
VirusShare_04d9ec1502f270a156ca7d98794778dc,0.021378309,0,0.0
VirusShare_0a8773a5cb3009a0d2ddfb350c4c20e5,0.33060193,0,0.0
VirusShare_43736fa1054a46dc663fb172b0a928ca,0.04018457,0,0.0
VirusShare_fe0d049c4d6667761b6122b07aff7f81,0.22245693,0,0.0
VirusShare_df56f29202be97a68571d5a368dccc08,0.24444588,0,0.0
VirusShare_c2896f0b6e1f20139fe66bba462974e0,0.13423944,0,0.0
VirusShare_df3f7515ba95a49717a2c88bdabfa025,0.059607722,0,0.0
VirusShare_8838cd47a32f15b85a97c2ec877ba24a,0.15560292,0,0.0
VirusShare_4454c7289d987de37962ad2aaac4336a,0.34789094,0,0.0
VirusShare_6f0393b97dc0f81b96cb003aea3afa02,0.37733498,0,0.0
VirusShare_273a7c27d0083751a61455206d0a562e,0.25553355,0,0.0
VirusShare_b53bf9dec71e6c4c1be024ca4c5189f0,0.019715946,0,0.0
VirusShare_bf1336f26ed7df9c1d72126e43f558a8,0.25553355,0,0.0
VirusShare_1b6a39938da8d20691afef624853877e,0.112917304,0,0.0
VirusShare_4c31ab04e3388e400535e1c8ed00017f,0.6566026,1,0.0
VirusShare_7b5c3a1b5822f205ab1648f35390284b,0.34236488,0,0.0
VirusShare_8261eb9f04de75451246001c59d30bb8,0.24444588,0,0.0
VirusShare_b30436d4ce4e256cd521ea6b44483032,0.24444588,0,0.0
VirusShare_a915504d22da1a73e096d3755cb66b7c,0.2037565,0,0.0
VirusShare_4bbfb721f9423e9f10763b6d46ba380c,0.21995275,0,0.0
VirusShare_fa992153e27bd90580192539bac91dd0,0.0436126,0,0.0
VirusShare_06ceb2eb8e5a367b77ba6c9e8328e0e7,0.18533663,0,0.0
VirusShare_da7016b8f855bcc0b7eeb6bfe4793512,0.6594922,1,0.0
VirusShare_ce76d242a069f5e59342015697b02fb0,0.34220558,0,0.0
VirusShare_0f58c1c933ff0f94d6846e418ca39ed2,0.059607722,0,0.0
VirusShare_e675f56cd20321e7a3b5e50d97d42d81,0.05508719,0,0.0
VirusShare_cafafb355ac94c5c9441b3f83f7eaa07,0.649918,1,0.0
VirusShare_a474ead92cc4f5d343f5fceea4aa58c4,0.6553174,1,0.0
VirusShare_6911021a21f4fc36bfab418bc63c8f44,0.65423524,1,0.0
VirusShare_b2b9a92a04163982665d89071f08ca48,0.65805465,1,0.0
VirusShare_f2fa50a44003834a7f9fb5fd30287e2c,0.24444588,0,0.0
VirusShare_4de3d9722e36d43474628fed8f1081ca,0.24444588,0,0.0
VirusShare_cc3aa85ba043bd4896c8c3880b97faa9,0.33957642,0,0.0
VirusShare_04df888a01d30e44c4428d42bd4ecb41,0.659035,1,0.0
VirusShare_07a2068a82a0bf857d76476a714722fb,0.07531482,0,0.0
VirusShare_d12dda04ec0dfc10f1886df83a5b5faf,0.66151226,1,0.0
VirusShare_8c14f0315734ff02c47cd264396e57a7,0.30589652,0,0.0
VirusShare_465c4181f2f46e5d23d81c986ed11e46,0.34128898,0,0.0
VirusShare_78cd06ddff66907e08ceb518dfea8b3c,0.038166996,0,0.0
VirusShare_04f5a99e4a579dd7d8277758840b7ef2,0.16654818,0,0.0
VirusShare_f7423a1f0093c8fa0d4d2fd39726aec3,0.12066988,0,0.0
VirusShare_133ed3114464da03ec43f85a4e8ea808,0.059607722,0,0.0
VirusShare_9fa637818c41286539c792c671363e3e,0.25553355,0,0.0
VirusShare_ff833eb5ad5e23f0c926391d332221eb,0.6436024,1,0.0
VirusShare_32d45bc9dc49a2f3eed4308c23ebb4d1,0.6572232,1,0.0
VirusShare_bf2e365ae98c928173c49c6705f31bc8,0.043507703,0,0.0
VirusShare_c67234be9d781865bd4f8b4fde2cf31c,0.34005493,0,0.0
VirusShare_44fe6f2e6b400ed8d6b72f7b9baa1d60,0.20401652,0,0.0
VirusShare_be06c55e97d82e1ef72531feb46adbe2,0.24444588,0,0.0
VirusShare_08d9802fd5cb3ad79b159aabb0de9888,0.24444588,0,0.0
VirusShare_fc06524a54bbb7fc888acd550a664bed,0.66319287,1,0.0
VirusShare_b7f76ae94e8c6583284f49308fe0512f,0.31448174,0,0.0
VirusShare_b2273cd59f251b9e36d21444298d599b,0.069553874,0,0.0
VirusShare_1d4108ce9a738136b792f591d6f56b3a,0.6560303,1,0.0
VirusShare_7259c80812014adc02378a61e2ad2f7e,0.6499638,1,0.0
VirusShare_cec958acd4e15886c0bc09f310a2517c,0.6586193,1,0.0
VirusShare_a2b6d12d065da69527c0a2f556d46589,0.1109459,0,0.0
VirusShare_6b2764578759c63a8890ea89603e5a94,0.24444588,0,0.0
VirusShare_2cd9b367f79eccc7e6d870596e18623e,0.34789094,0,0.0
VirusShare_61b61d04a9a8e42b157ce01244ca3f6c,0.17918065,0,0.0
VirusShare_f27e01b1c1110ea4b30d5c8228899575,0.059607722,0,0.0
VirusShare_1c9d2185123f54ca59cd2cf5ca5c7d0a,0.65465146,1,0.0
VirusShare_866a1b0dfde6f7173eff6acddd429913,0.1604146,0,0.0
VirusShare_911c860787e8e161c2ca50b207d5eccc,0.36499983,0,0.0
VirusShare_98ecb848cca8ebf45d327bdfd2e0440d,0.65316236,1,0.0
VirusShare_133936f9255fa37eb50d0a7bbce64af0,0.17908414,0,0.0
VirusShare_8e633fac863fd6ee78681458e6959601,0.25553355,0,0.0
VirusShare_82ccf810b7d4db12b7589ef1f2a25a0b,0.34818023,0,0.0
VirusShare_abf31682f039d67eab0bb4f939daa478,0.65274423,1,0.0
VirusShare_030972bb57f4254ca4be76f9cafd1a14,0.059607722,0,0.0
VirusShare_88ae4d1e943f50351ddb5e02a1716286,0.25553355,0,0.0
VirusShare_d906cd296ab79cd07fd39050928413d1,0.16892257,0,0.0
VirusShare_9e1849bcef1954eb93ebe0809167b5eb,0.16892257,0,0.0
VirusShare_cab6d52bb0b45770c7f533cec8c05612,0.16892257,0,0.0
VirusShare_7397fe12455f47bd9d9286f310b47ad6,0.24444588,0,0.0
VirusShare_1a18667b74b3eba739b14103df05b985,0.65691024,1,0.0
VirusShare_42fb4e66490808dce2c773e3d10a2f21,0.09130712,0,0.0
VirusShare_9e819e35d788a291bcccae29717dee03,0.34220558,0,0.0
VirusShare_861a8ea080b124e702c735c6e9f9fc70,0.16741012,0,0.0
VirusShare_fc8adfdeaa1a9eff3f50390f6ad056d4,0.14281867,0,0.0
VirusShare_dd8a560ba9a3449cac01f1726667a5ba,0.6547834,1,0.0
VirusShare_5cba66c3f757c3b96ef11bb1a9177e02,0.059607722,0,0.0
VirusShare_0a0b219b88d82cc04578ecfbc034a01c,0.25553355,0,0.0
VirusShare_a5ddb3088a8b338da9d172c500567fad,0.33781865,0,0.0
VirusShare_3e1f4490ab7bd1c181f9698e170a0d5a,0.081083395,0,0.0
VirusShare_1218693dce69029d19d32928de64fc5a,0.26819092,0,0.0
VirusShare_4ef4c32759c7d8cdec67d49933b4a779,0.26819092,0,0.0
VirusShare_a922d2f18ccca51fdd3f34f81a8f4791,0.34220558,0,0.0
VirusShare_53b37541e29dd4be1d54ce4b99811e16,0.33736664,0,0.0
VirusShare_e99125652ab06b9d8cb1a50be63d3ea2,0.33357772,0,0.0
VirusShare_404abb18441873b3d3c99c773621658f,0.25371948,0,0.0
VirusShare_4a9f5cd2d8b9a22678fcbcc175294e9b,0.25553355,0,0.0
VirusShare_304ffe2d1e77aa7546cfd9ca3ddbb07b,0.15658295,0,0.0
VirusShare_fd8d2cab2de90c6dc817f8f9d411b16f,0.054193646,0,0.0
VirusShare_0787d89f9d5f0f2224d843c06457b1b0,0.09851198,0,0.0
VirusShare_39acb9624eb23bc6bd4cfadf33d920de,0.65029484,1,0.0
VirusShare_81ae3278253d322f5eb0c494df7f31d4,0.15438965,0,0.0
VirusShare_f1a735f6924288979e6e8d6d926c5aff,0.45756802,0,0.0
VirusShare_bfd602e24d6f6b64eccf45013fac6e23,0.6506087,1,0.0
VirusShare_bec66054ebe35d5c736273b2994ab1f5,0.34220558,0,0.0
VirusShare_6a82ded210f4fe173da53c5f0841f3af,0.6492243,1,0.0
VirusShare_6ea7d1f25a238b9737d63d7dd1178dab,0.34220558,0,0.0
VirusShare_2b47fc7aac5b10c9f012ac0d573b3ff2,0.32008567,0,0.0
VirusShare_9e4c6b7d4773864181ee6b0ab3c28baa,0.08554956,0,0.0
VirusShare_bdcda3efcfea456b62d69cc10a3c0add,0.24444588,0,0.0
VirusShare_58511b57583b58f925abb34c01bcea65,0.09851198,0,0.0
VirusShare_f6ef5db50650c44934d5c7fd6581faf1,0.1283874,0,0.0
VirusShare_e30d62a184da7d8ba7d236aae0fdf807,0.66434914,1,0.0
VirusShare_ce5b945e7f593c24d1a5ae34590ccac7,0.09511627,0,0.0
VirusShare_5eb1a778fd2c74d689bb71046d027e71,0.2065367,0,0.0
VirusShare_1c5a7b0159fd0517113be3f9f5d7049a,0.16892257,0,0.0
VirusShare_110b9b0fbd35c2bcd5adea652cabe3c2,0.04018457,0,0.0
VirusShare_b06a1c621ffe7ef5c52f8d027d645066,0.16892257,0,0.0
VirusShare_dc1f381e86ea04481efa7090a37dc683,0.23915644,0,0.0
VirusShare_d623a9e8cf2aeffb5f7f68cd1b9ec129,0.20582786,0,0.0
VirusShare_7dabe478c100fd862ede18c88e64bd8c,0.24403481,0,0.0
VirusShare_4af7bafae6ebe8c2b8cb062bf3a88cab,0.6442888,1,0.0
VirusShare_798a7e806e253ad1511618bc2f725b48,0.26854733,0,0.0
VirusShare_fcb0ff80da998b607d5a1a72fb9f6e62,0.24444588,0,0.0
VirusShare_1b6d74eea2fc6faeb54db2d8adc779c5,0.25087303,0,0.0
VirusShare_9c52ab2ae4022abed930db800ade8547,0.66624486,1,0.0
VirusShare_d7ed51f991b290df327320d3b390d729,0.24046704,0,0.0
VirusShare_0601e42ba3bb7326be92f6434802ad33,0.6594696,1,0.0
VirusShare_2277a9f9f7dcac82c2b17136a212ec5e,0.6633803,1,0.0
VirusShare_777f622e5439a522a9aa2b1fa9d07a7c,0.24046704,0,0.0
VirusShare_89d39db06cd9858ff44740b7c16047f2,0.07137115,0,0.0
VirusShare_28f2ec2a7e8ccc1e0429227499c15644,0.2055951,0,0.0
VirusShare_a7456244f9b886525b9b3ba47e520312,0.25553355,0,0.0
VirusShare_7219c1bf3a08ffbcd1f6f0975d2a56d8,0.24444588,0,0.0
VirusShare_e73b6f1d994f6ea75783606dde38f476,0.65400684,1,0.0
VirusShare_ad9b251b3d3d8a38fb99d90964109e65,0.26262885,0,0.0
VirusShare_8959c3165317d74026215b58aba25bdc,0.081083395,0,0.0
VirusShare_62840195101deab536df6a0a639f45e4,0.24403481,0,0.0
VirusShare_8d1e1c668273a4ec7dad051755ecb8d2,0.081083395,0,0.0
VirusShare_5dbbcd69f1f348af27b93c329329eb44,0.24046704,0,0.0
VirusShare_a9e7e384bb208d21a27fef5726306709,0.24473128,0,0.0
VirusShare_d760bb0953df048b418102a3342d680b,0.25371948,0,0.0
VirusShare_c906b75921fc7aa2df0c699112b4cd41,0.31448174,0,0.0
VirusShare_107cf58e824565cd8f4d83a966cb641a,0.3176892,0,0.0
VirusShare_8761ed9907f2d874492ab1fbeaaa6116,0.3176892,0,0.0
VirusShare_461d7fbb57378535d53e3300cae9ce47,0.31448174,0,0.0
VirusShare_b3a08f5e272c9d233ddbb43c315a9936,0.059607722,0,0.0
VirusShare_4827fe2c3ada25929cbd47a18af38bae,0.33357772,0,0.0
VirusShare_60c4a95713087b0fa54fb268a960823c,0.06463571,0,0.0
VirusShare_08134b9ce8fa7497944b1c8216964ab7,0.3176892,0,0.0
VirusShare_993f846e9e3b2b241032f5792481a3b9,0.65370905,1,0.0
VirusShare_4c25f92c909b50c8978a44c354ed95b0,0.66053474,1,0.0
VirusShare_b2949e1bd1090d8e1db730f3e3015892,0.09119268,0,0.0
VirusShare_add4f530808012aed58026839e6da5c5,0.19089538,0,0.0
VirusShare_af74cc370affa728268ff31db598afe3,0.65257853,1,0.0
VirusShare_1aeee27c9e4c8f9e50f7221434cb18d7,0.059456844,0,0.0
VirusShare_4bc66b5dd86c55d6402fe9050589c282,0.34526628,0,0.0
VirusShare_caa5f3d5d0174f7bb2aa4da093d66674,0.24046704,0,0.0
VirusShare_04d499c1f579e0890692cec1f67d6fdb,0.09281675,0,0.0
VirusShare_6322b8f4ccdb9556fd68e7229d200560,0.19069071,0,0.0
VirusShare_279a8060f05db992ba70bb6e1ac932af,0.3250846,0,0.0
VirusShare_a2d5c23e6cf71d90ce8c063adc8ef77b,0.081083395,0,0.0
VirusShare_4319d3e2bf6089e2a65a118b52eb48f4,0.38952392,0,0.0
VirusShare_c0f3a8d80a0c67f0cfe2a3fbb893d413,0.09119268,0,0.0
VirusShare_ba92a60a1bf1ff490fecf34538f1415a,0.06681885,0,0.0
VirusShare_bb874cb4d90e2708e614bd89ca7df3fd,0.24046704,0,0.0
VirusShare_8f9299089e803c1609efa17a1077c38c,0.33236477,0,0.0
VirusShare_4009c843addac396d9c820b5f47bfd0c,0.65538603,1,0.0
VirusShare_58038c9f51881a2bbfe3c1fd6df3060e,0.24046704,0,0.0
VirusShare_5181662370391556f0456ec3ae7796d5,0.16830494,0,0.0
VirusShare_ea73a0fa081c65cb8d983b68ba25c03d,0.656755,1,0.0
VirusShare_53bd101ff485086f55a4ba023feeb741,0.059607722,0,0.0
VirusShare_54e1159de19bc3cada096203078a9fb8,0.65653104,1,0.0
VirusShare_bb409b303654499cacac5987a59445e8,0.30854902,0,0.0
VirusShare_b26947e0c02b2af6fe33200c600097c8,0.65978825,1,0.0
VirusShare_c22194f8c9d2356851b2b481f07bc971,0.46864843,0,0.0
VirusShare_28be71352ed20761033f3d63deb89dea,0.6512474,1,0.0
VirusShare_1c7c52a62ac49fa3bbd015663c2b33a9,0.11311348,0,0.0
VirusShare_0b9f7fa851f7a6cfb0423959832e250c,0.3176892,0,0.0
VirusShare_f332f0571290d65a4b41b2f5fb478cb9,0.31768852,0,0.0
VirusShare_94527e1adb791308eb3087fd39f1dac2,0.31768852,0,0.0
VirusShare_6ef6744c95d28520852e493d70673441,0.31768852,0,0.0
VirusShare_adecd95c2e5c79d830efd47a177e1429,0.3176892,0,0.0
VirusShare_c903103c84c57539e97e993aa61119be,0.3176892,0,0.0
VirusShare_36d129994ef2595d667f8c653ff4594c,0.3176892,0,0.0
VirusShare_9f3c667465e2b965900a3134fddd701f,0.3176892,0,0.0
VirusShare_bdc0df02d099bfd2386be53ce406df3a,0.3176892,0,0.0
VirusShare_118b1853977e1f29521dfe83297aac22,0.3176892,0,0.0
VirusShare_19c5d06eede989a40adf0c2678d4d751,0.3176892,0,0.0
VirusShare_b93ad0c06253006496fcd9e55513158b,0.3176892,0,0.0
VirusShare_16fac89677fbb7cd05ac9bf21370cede,0.3176892,0,0.0
VirusShare_e17296bf98161bcd5169a5439aeab86c,0.111646175,0,0.0
VirusShare_30562c6abb82f0a788b256f69c415838,0.057157844,0,0.0
VirusShare_29001ce65afc02606c29a7ebf171c86f,0.65543395,1,0.0
VirusShare_25b01b6f282806ad99486c3d072e5bfd,0.33984557,0,0.0
VirusShare_20d35cd0364f81b70ee4e6b5b21f64d0,0.039725777,0,0.0
VirusShare_a502abd9b3675df6f1322f1382a5bbd9,0.31448174,0,0.0
VirusShare_83011fc0d807397b9bf7c1bfe15351b9,0.31448174,0,0.0
VirusShare_9af9708c1744eef61207a69c0f19c237,0.31448174,0,0.0
VirusShare_5fc5fdac4c56fd05a644625870647cc2,0.31448174,0,0.0
VirusShare_ca11bcd2558048bce33767e8583cb5ad,0.31448174,0,0.0
VirusShare_fe0923cec0c0ff8796ac31b9838cd588,0.31448174,0,0.0
VirusShare_b73db704eebe04958ffa6255ed2c8b98,0.31448174,0,0.0
VirusShare_0f4cbd05876d5d3217d86b1a2cf1e7ef,0.31448174,0,0.0
VirusShare_e4cf38a31c15d6395385f81aa6ce6e37,0.31448174,0,0.0
VirusShare_5388499556fae52c9119c655e58b9924,0.31448174,0,0.0
VirusShare_4c378cb6c37314dc91e69f1c3e515d5f,0.31448174,0,0.0
VirusShare_e2c028cac4e503923c4fd5b115b1ebd3,0.16950276,0,0.0
VirusShare_12d47ff9508e2e5dddad324f758598d7,0.058188487,0,0.0
VirusShare_b2a06b4fb1811354110a6ff29195744f,0.41644663,0,0.0
VirusShare_102aa45f6e1fdf9bd98279e001fbe3b4,0.659015,1,0.0
VirusShare_00f20300b506da05b753d04cd3b21006,0.081083395,0,0.0
VirusShare_6df8f382dd3bbaf5a78d3e8f966fd362,0.15493453,0,0.0
VirusShare_74837201ef08fc98cce27f38d9dbb2bd,0.050745882,0,0.0
VirusShare_62ec90bc98b4da98ea0a22e65120f3f4,0.1604146,0,0.0
VirusShare_dff8ded848bd8b68097d13dccd0123c5,0.31701404,0,0.0
VirusShare_e252ebed27ca18304e55feb1e9931d54,0.6545319,1,0.0
VirusShare_c78e16623e76bb75e0f917c5f360ebc3,0.26803085,0,0.0
VirusShare_19b54ef94f187d70bc7806b27ba7f467,0.35389715,0,0.0
VirusShare_ce2246ce77f85aa0a6439e028c4f7407,0.09296513,0,0.0
VirusShare_bfefbca4d598a7b5fdfbc3f392bdcd68,0.07497152,0,0.0
VirusShare_a1de5c8117292d05207cb8badc6d42b1,0.15977947,0,0.0
VirusShare_9cc0b5a2e6ec9a40f1eaf52812350049,0.16594103,0,0.0
VirusShare_47fef0ea239e34df2f6a005e5938d5c4,0.6588941,1,0.0
VirusShare_56e466844e67daf743e4892eb66ec92d,0.0908338,0,0.0
VirusShare_85738f2d13a51ce00aeb2ad17d848dcc,0.6508925,1,0.0
VirusShare_12595513b0c3d8403bdd292a17f7dfdf,0.1487726,0,0.0
VirusShare_c343c0fbbce29bd07108864cce9e4419,0.20406418,0,0.0
VirusShare_a279c1c502b06a4b429a85c00c7b5150,0.17186068,0,0.0
VirusShare_443739fdeabee5a4fbda424126d026cf,0.28943133,0,0.0
VirusShare_4562c1ca377aa3050d293b87d39db231,0.6545901,1,0.0
VirusShare_9df85815e7c49a4be77fbcd3863dd969,0.6475811,1,0.0
VirusShare_5af51ef5f9f929f6721dcfb981670018,0.20184886,0,0.0
VirusShare_00d5013bd4c39d24f5989cbf5c2d6f3b,0.50029206,1,0.0
VirusShare_289bc64fbbfda125328aa73ae1f23c8a,0.31448174,0,0.0
VirusShare_76dcb45146e044902b28e571a33f38f8,0.31448174,0,0.0
VirusShare_658b8f382a1059aed4abd460fc880989,0.3203364,0,0.0
VirusShare_b1992ae2216e6cf590617b03ba7f7f38,0.31448174,0,0.0
VirusShare_57f651280da280e0c1a78afb5721a18b,0.31448174,0,0.0
VirusShare_6e394478b20ffe54397ed41e747a9bd7,0.31448174,0,0.0
VirusShare_e46a1c88f1986321a6068c5d6c48462e,0.31448174,0,0.0
VirusShare_f5990358c9e2952a68b3ab22c188c1af,0.31448174,0,0.0
VirusShare_6212bf0cd13552b3c0390cdf9d3250f2,0.31448174,0,0.0
VirusShare_b26d469da27e0a4acf1be7f2f9101d8d,0.31448174,0,0.0
VirusShare_86247f9d56b254b6944d7d1f883153f9,0.31448174,0,0.0
VirusShare_ba438ab7133f46174fb445428dc9f526,0.31448174,0,0.0
VirusShare_30384c8a900adc1b8ce1193d10d6e806,0.47708368,0,0.0
VirusShare_cc40449c2c37c010f5eaa9b1eca01c6f,0.19933334,0,0.0
VirusShare_dda90fcf095d873e79e9a68075d6658d,0.28544313,0,0.0
VirusShare_2bc9de8ba75029daec977e8957e2d180,0.12137191,0,0.0
VirusShare_d286b3c7d0b49357ef6c4f5da2a57913,0.65591085,1,0.0
VirusShare_42c8a0363de550ab12a72249c37b00a9,0.30387726,0,0.0
VirusShare_34060d245a9ae95572345acdbd711382,0.47418013,0,0.0
VirusShare_456acfe2741ec31b6324962a0a66cc9f,0.26590693,0,0.0
VirusShare_0aeb57e249b1d8c7d99eba4f4848ff99,0.057157844,0,0.0
VirusShare_a5c1048f003a6f2ff028385ec67ab474,0.30387726,0,0.0
VirusShare_d55b70b4ab9831f7aa277fe604bd8d80,0.31227127,0,0.0
VirusShare_65b3c1b65fd1cbe0e05f1cc2a8569d8d,0.4581676,0,0.0
VirusShare_41813601ed539965772fa0355ae60319,0.4581676,0,0.0
VirusShare_ca88937ce11c573e5b1d352b2b84ca6e,0.4581676,0,0.0
VirusShare_e271c484347468ff3ac5be654dd13946,0.124100365,0,0.0
VirusShare_93c534cd7cac597347574df4a39e4e57,0.26249343,0,0.0
VirusShare_d59fc7d17dd1aa3bebb15e2c1ed5f8d5,0.19280097,0,0.0
VirusShare_189045eb129a2e6da470ee1b6178f577,0.6612207,1,0.0
VirusShare_14f1eb06ec55a3bcf2cb7020409a9c29,0.6549206,1,0.0
VirusShare_e166afd1041754076a35d22e657dc5be,0.6568922,1,0.0
VirusShare_9d701595f410077064c6b4fc7f425d16,0.14592943,0,0.0
VirusShare_a4bfcce2d7c79ca8dd9386a0ac94498d,0.25371948,0,0.0
VirusShare_6041bd8004233b2c9564d3ec1f52ab50,0.089148864,0,0.0
VirusShare_6380e686ae834a6f502f6e5882fe328f,0.653885,1,0.0
VirusShare_b1b85ac692a2c6d9111c917e19ecb1d1,0.10041966,0,0.0
VirusShare_c0e6ca0af2e006c5785fdddeffdd331e,0.6557578,1,0.0
VirusShare_e3085fe3f47cfba261c4ffae4f111c20,0.66225564,1,0.0
VirusShare_aff5e347b4ac78d2d35a713894c7dfc7,0.65140265,1,0.0
VirusShare_d4e2e60d3ef957f56d8b3ea4dc3fe941,0.10075183,0,0.0
VirusShare_6811bb664ea73efaaf4733c709354bf3,0.16892257,0,0.0
VirusShare_b6acc76039fd3650240148d7755a94d2,0.30387726,0,0.0
VirusShare_6710a323b2042823a36005f27d44da86,0.16892257,0,0.0
VirusShare_dc8e62094cb57f461ebe63b0de112220,0.16892257,0,0.0
VirusShare_74abddef6ad2027e456914da94b617c9,0.2388707,0,0.0
VirusShare_eff612d064cc4605862e1eea75ae5403,0.1598664,0,0.0
VirusShare_a2a3911d449369efdb113aa89394c08d,0.015633743,0,0.0
VirusShare_8ad2d1ccb6e32ad444827cbc43ef7448,0.08044328,0,0.0
VirusShare_7fa3bb630baf9575c86db105ba9c5005,0.37733498,0,0.0
VirusShare_4df9e3855ca1801eb229828a0c3857c1,0.16892257,0,0.0
VirusShare_238e9f9b2562f528049c1dfb87053093,0.6588483,1,0.0
VirusShare_2c2be964096a6120286e3fff6b88eb8b,0.34526628,0,0.0
VirusShare_ab56f1cac20be5c958684b2e3a93a6b5,0.64465463,1,0.0
VirusShare_0e5e190f208496cfdfc31ea9a23c5fda,0.110942505,0,0.0
VirusShare_6169ca3545c306a73dd1040801ace233,0.34526628,0,0.0
VirusShare_c9652641da9d7f53db55f291e187b948,0.07829007,0,0.0
VirusShare_cb02aba93921eaf9b35f86249eec2b99,0.24403481,0,0.0
VirusShare_b804ae0e2d9efc53031dc1df980a56ac,0.081083395,0,0.0
VirusShare_4901f684eafc3490d20dc0175b334a4e,0.23950675,0,0.0
VirusShare_0faedcef526beb9abfe92e303b79c8f2,0.65688455,1,0.0
VirusShare_2f61fe73b4d9fea8f5449e6beb4e6d3e,0.6570987,1,0.0
VirusShare_46e6193988dda6f234400e82fb0f991c,0.657575,1,0.0
VirusShare_eb7338b552e4c8b29969f499db7ad137,0.041524313,0,0.0
VirusShare_1956e96d8d6948a7198f0c61347f9672,0.24046704,0,0.0
VirusShare_df71f57f9ff768c98215cee90474b1e5,0.33236352,0,0.0
VirusShare_2210a3b5d9aef776658d53e57a432924,0.059607722,0,0.0
VirusShare_cca00515acd91bfa036ca247747cdeb5,0.33961788,0,0.0
VirusShare_21862183003cc3b7e1372b2d4c745d77,0.25371948,0,0.0
VirusShare_8de294e2be900eb13996de50df0ce807,0.11628858,0,0.0
VirusShare_99b79bb2a7d021f000951a832d5f8ab4,0.25371948,0,0.0
VirusShare_afb6ea98afab9897c3f0fcd2fbbeb5a1,0.65391815,1,0.0
VirusShare_b8fee1230e96f8701fac328a51e902ac,0.26925024,0,0.0
VirusShare_fd0efa6ea440b31a9a86be56509764f1,0.35268816,0,0.0
VirusShare_c5af30d45cd96f63df95216a7bfe2098,0.6466703,1,0.0
VirusShare_d8f10e2bf4ca8256230ea9cdb4a9fa3f,0.6555174,1,0.0
VirusShare_9465720aca82e58c620d1e73b416ae64,0.104419425,0,0.0
VirusShare_022e2c17f2e846fed51283d1bb6d52fa,0.6515864,1,0.0
VirusShare_86edaa6d082061983286def7664454ae,0.64661014,1,0.0
VirusShare_503155fa717ae78fa14cd82b950aae51,0.073826164,0,0.0
VirusShare_2a4c86a29586c880f8250d0246c0909c,0.25371948,0,0.0
VirusShare_4a45d72208d0e9dd8b5f4babf3ce7581,0.07692726,0,0.0
VirusShare_c8fbd324d2553c7794100bd7b5d9fadb,0.65690726,1,0.0
VirusShare_40ed4b1c018f4f959c5669049bf78d16,0.08605857,0,0.0
VirusShare_28d6fa521015bed506ae78afe8721187,0.059607722,0,0.0
VirusShare_43117bc70efbd0b1143b939ad7eec93c,0.27581018,0,0.0
VirusShare_a661c6ea75b42eaa64fb772d48b077fa,0.34526628,0,0.0
VirusShare_070aa6626ee3ebb873e769430a70c267,0.66116655,1,0.0
VirusShare_79d3ef2323d2a358c3d50d5e74b3baf3,0.2948833,0,0.0
VirusShare_403e5e2114e47bbeec6c4497b8f39395,0.65585583,1,0.0
VirusShare_731d30e91f862f8c650f5bc457897ff4,0.10078804,0,0.0
VirusShare_3c071a54636113044fdb62d83ea5ad22,0.25371948,0,0.0
VirusShare_cd658ec42096e6cfaaf0b5e0108dbf7f,0.23205593,0,0.0
VirusShare_95b4acaf3919a32a48a4738f8defeb03,0.16892257,0,0.0
VirusShare_82f5f2ed55ebc82e42a354afc13cd79c,0.25371948,0,0.0
VirusShare_46be5a06270b4cc74b05e39c24efd4ab,0.09851198,0,0.0
VirusShare_9863efb71218ffeaafae323e1713475f,0.35798243,0,0.0
VirusShare_140d6c2d15a761f32ce4b692f21b291b,0.16892257,0,0.0
VirusShare_08c41d572a1ee136eb5903d107af9fe3,0.08797799,0,0.0
VirusShare_0d251e295b0cba0239fa45828295c93b,0.35021737,0,0.0
VirusShare_e3a3d1273127e4550aea9749df0ca74c,0.6533779,1,0.0
VirusShare_f3bb72625dc3f2d1105ff67c56831313,0.081083395,0,0.0
VirusShare_b499fadcbbe96f7995f0be8cd416a100,0.49753016,0,0.0
VirusShare_5618bf5692c5998a04e39d6c8a322ac9,0.081083395,0,0.0
VirusShare_80d2a1c075425ba254abbbcc40ec8769,0.16892257,0,0.0
VirusShare_49f41cc91b7edcb10cc5721c9ac0979b,0.15416744,0,0.0
VirusShare_0f506ceb5691a5a389299444ea2b9f93,0.27135032,0,0.0
VirusShare_38969f654f563235674655e0f8b41564,0.65837276,1,0.0
VirusShare_e6d72fe0c60afa67a81a4c8cea73fe69,0.34147292,0,0.0
VirusShare_429548f25113bbb23dcd11260c7caeec,0.08928195,0,0.0
VirusShare_c0b5dded7e69be2e15bb42e204bcd3df,0.23541053,0,0.0
VirusShare_fa02ee3fef5ec8b8d7ef84c54930637d,0.059607722,0,0.0
VirusShare_8956d91ea1ddc18ce092f1e6cff38b5b,0.3269624,0,0.0
VirusShare_8994b1cf063649fc302f366e30dc62f4,0.6563792,1,0.0
VirusShare_d85b51aa55c2f3197428371c1982fdd0,0.09851198,0,0.0
VirusShare_2b62294e51d7c9f5ef16c1318c5d4917,0.06572978,0,0.0
VirusShare_81c526b505fbb6759b9389c28ee57f7f,0.11210038,0,0.0
VirusShare_c5d9787d78204d6d962dd7813e4f0490,0.059607722,0,0.0
VirusShare_f97bb0d720f5940c092794aecdbc5932,0.06406756,0,0.0
VirusShare_74c49a5f3239168081965f1a01273d1e,0.04418809,0,0.0
VirusShare_eb9eb138b6cbe9293747d137330059aa,0.18919757,0,0.0
VirusShare_ca4d4a3b95038db0943026034a386577,0.23541053,0,0.0
VirusShare_eb8c2b0636e8e5cbb337466bc60110e9,0.068084225,0,0.0
VirusShare_f112ac52b593ee907f95d110eeea671a,0.081083395,0,0.0
VirusShare_9bff16544f73845e90891254833b27ac,0.041524313,0,0.0
VirusShare_e7f452c67ac040c886f9a172ed795707,0.25371948,0,0.0
VirusShare_d7df6294ddc27bc481c4d30edab8f802,0.12589891,0,0.0
VirusShare_c94e78201ce4c83180d515251f918a5b,0.032642104,0,0.0
VirusShare_c2613228ef6874176c7645472a9c4606,0.24046704,0,0.0
VirusShare_1e7a2e6efa06dcafa0991ac683c77b97,0.6585372,1,0.0
VirusShare_03f7a1c80438bceddf91732847d3d174,0.27135032,0,0.0
VirusShare_d3e98a72037b6e083d6ccf1dd2d5c469,0.65804315,1,0.0
VirusShare_b1e14f362ebc0d0ff34d04a9ee8709ed,0.37134418,0,0.0
VirusShare_b09dcbddcf8ff335e272c5a6141292eb,0.3756327,0,0.0
VirusShare_f61fc13f4df2565a58071afc8e5b326c,0.25371948,0,0.0
VirusShare_0f74410013cbddb5f890ee8442c19295,0.65374374,1,0.0
VirusShare_4f6160f4cbd3b44f0322111d254e79b9,0.06272368,0,0.0
VirusShare_b79dc4e3211a9f8ab5d842ca651a31a9,0.6567644,1,0.0
VirusShare_867faddace6986e8c591e18f3c42e95a,0.65760934,1,0.0
VirusShare_9e51ca461d3cbed85fc1daae6e7c88ba,0.07245955,0,0.0
VirusShare_7220d41ff1a235ea6aba0dcf105565a9,0.054653477,0,0.0
VirusShare_21c0afda16bb9934d7f2106898700aeb,0.655712,1,0.0
VirusShare_3b81499f31c7ead880d1f886ac165fed,0.10374924,0,0.0
VirusShare_a1e5712ba8c7f73c5c4406ddd87c2fe6,0.18712005,0,0.0
VirusShare_6de742b205fab942a9e8fd6a597680b1,0.05793836,0,0.0
VirusShare_612a9dc7930058bdb16687f5f328b0a1,0.28116322,0,0.0
VirusShare_49c6ee12f4427b74cc65321af936d8ae,0.2449154,0,0.0
VirusShare_c803597c931b47fe861acd84045eff73,0.242069,0,0.0
VirusShare_b60dc72656a643272cfc4ed81438f309,0.111646175,0,0.0
VirusShare_1a7506f59c8c90d5dd37d41ec7aa326b,0.21530835,0,0.0
VirusShare_cdede73dc488b252c984ebaae3c5cbe2,0.03979085,0,0.0
VirusShare_cdc1abc3777fbe144f877d6d33f2137c,0.059607722,0,0.0
VirusShare_7154bbc1967a666915ada76c385188a9,0.03802066,0,0.0
VirusShare_01faabac4f81c3b3de4d2180cb3cf003,0.25371948,0,0.0
VirusShare_a71f71cec505dd86e04a5567c80caeeb,0.078752354,0,0.0
VirusShare_5091b9c75934ac2b6cdd36dea4ce19c5,0.25371948,0,0.0
VirusShare_683b8c545b70e85dbfe4d519e83143d2,0.22688946,0,0.0
VirusShare_3bb26fe8007bf11ee1ee8f086abdfb19,0.34147292,0,0.0
VirusShare_cefed1a0a6a9d72ec007aae3b40ba533,0.04018457,0,0.0
VirusShare_35ed7ef40e01260e16c710abd6301545,0.081083395,0,0.0
VirusShare_c151d21c8966c78dc9711f79f7dd51dd,0.26273987,0,0.0
VirusShare_2544e03206f8f30673ab74582064d2a2,0.039699323,0,0.0
VirusShare_7a0353113c36b783c0ec89a3b008474b,0.16263145,0,0.0
VirusShare_cce0f7e53e21890b21e8755bba832b21,0.15781839,0,0.0
VirusShare_610b4a8aa2afe2f0f08e6d73652dad8a,0.34526628,0,0.0
VirusShare_a42109bdf82e635dd71923d58b2c5368,0.34526628,0,0.0
VirusShare_0b18e713b958f20ca330721ae1d30105,0.16692974,0,0.0
VirusShare_3300f98de8ccee0f7b69c3a5e5edfb3e,0.25371948,0,0.0
VirusShare_6aace89232f6ded2ee29f44428cdc5e1,0.25371948,0,0.0
VirusShare_d774e4a77335e38469ab9950927bad6f,0.12697431,0,0.0
VirusShare_18ce90c443beb47ed4226aa24edd841f,0.10855901,0,0.0
VirusShare_db7ee34460d9911e119357cb2b29be4d,0.65892255,1,0.0
VirusShare_ceacedef3c95095584243e0cddd589ec,0.16892257,0,0.0
VirusShare_0e018a065d26080362c215d74d843dad,0.24403481,0,0.0
VirusShare_aad917d04580bbd62b8a497a0ea23334,0.6541409,1,0.0
VirusShare_347a9151d3331dec206f4b554d13a211,0.65118545,1,0.0
VirusShare_ad4551f021400ba54fd2393f7d204aba,0.046289187,0,0.0
VirusShare_659cc14c045004548da07f0deb89d2e1,0.64663154,1,0.0
VirusShare_61ab907413f35697a111db0c925c7148,0.24095468,0,0.0
VirusShare_73b3616cf8c39e6a34192ffe40c3a288,0.16892257,0,0.0
VirusShare_4a32f620fb246325d78fc9b11c94321b,0.059607722,0,0.0
VirusShare_2ed52f5e34f077c9e8d8e17c847a71ba,0.081083395,0,0.0
VirusShare_0118ec40ff2231ebeee9c02c073d2e89,0.6551143,1,0.0
VirusShare_043b07797daf838f211bcf3ce1b245ca,0.24444588,0,0.0
VirusShare_9c32dde5f04c938ef131ebc64d6538bb,0.6558778,1,0.0
VirusShare_c0c68807d307c9dd790e2a50f4bb89d9,0.66293603,1,0.0
VirusShare_7d19b701cd3683324eb41e7c38df3982,0.24403481,0,0.0
VirusShare_ebc7c5c0f4cac257e98ba45f393e0415,0.25371948,0,0.0
VirusShare_48d79819784f4af62cc11158e6c03a2a,0.24403481,0,0.0
VirusShare_7f24da21d06857fbe10bc6e48a35e6cc,0.657498,1,0.0
VirusShare_21e71e86a4334147b51e776e9880b184,0.061932225,0,0.0
VirusShare_9c11bc27ca23515db99aa552bdd9c2b1,0.043699242,0,0.0
VirusShare_543ecc02524bb7cbccadebd48fd59a42,0.34526628,0,0.0
VirusShare_8f6ad221d9f64f0cc3189b55025fce89,0.648101,1,0.0
VirusShare_1468d0db47de3ad979ff61bd3e2ce4f6,0.18712005,0,0.0
VirusShare_315bf24c35e8f5d5cd519865de1b321f,0.0902323,0,0.0
VirusShare_89efa583e1d681ac2adcda0f858fc7ab,0.0460076,0,0.0
VirusShare_681fec1a9d356fbe844293e2f9ca552e,0.4922474,0,0.0
VirusShare_443ede6d8e998463b9b6d3b6a726fc00,0.07258679,0,0.0
VirusShare_2194d942f33bd3bb35588de5f8a88490,0.65961945,1,0.0
VirusShare_0367b08d1b72bd3d0fdca7de187b9dc6,0.24046704,0,0.0
VirusShare_cb2365764f91fe6a72ca36c9447c2d02,0.341274,0,0.0
VirusShare_c82ed34f2d6f63c6a389cde7115faeab,0.13333377,0,0.0
VirusShare_5adee425f390f6b645dff42fbb41ea48,0.16948432,0,0.0
VirusShare_da4f78329c18e3dd162ad8a8419a564c,0.39988422,0,0.0
VirusShare_1cac53798cd6b249b766690101ad8545,0.6579476,1,0.0
VirusShare_32726a41c04dc3133ed14648eb06d2d9,0.09411134,0,0.0
VirusShare_9728497bf079f0d56949bd82f226f62e,0.66110927,1,0.0
VirusShare_cd0983b455038fe7233193ad36d61c15,0.37343615,0,0.0
VirusShare_a4a03c881d24b6fe60c21266d7bcdfe0,0.33156976,0,0.0
VirusShare_b1722f6209f9323e68171053b8b40497,0.6515171,1,0.0
VirusShare_1d1cf8589bbc38e2f2d9ec55c58c969f,0.25371948,0,0.0
VirusShare_c76d4d5715cb0b576c9e23d1d0558d59,0.6554448,1,0.0
VirusShare_d4089270b3597d2278e73aad06d61505,0.14903887,0,0.0
VirusShare_cea0e7c208190fbdc330a7cab5cd198c,0.66101766,1,0.0
VirusShare_5ca47b1ffad10859cfd9bc0d1a701078,0.081083395,0,0.0
VirusShare_b4df5f911f70383e5147e36c88058e6a,0.25371948,0,0.0
VirusShare_3ab2f8c8ce756b11b6d8b1ba4c22555c,0.046235204,0,0.0
VirusShare_8faf15fe6e495aff067f3a9b7c89d3a4,0.08420765,0,0.0
VirusShare_ecbad5b7db10eadad379f5f8362e5fb1,0.6556448,1,0.0
VirusShare_bdc78aa357a899ea0d9886261269b83f,0.08160711,0,0.0
VirusShare_41349b2e2745c0a5027586a41c0a81b9,0.2026207,0,0.0
VirusShare_2fc769f920888a2c10c5521865585733,0.6611638,1,0.0
VirusShare_c93a5cdae728b3750e9ad01ce2542b25,0.021378309,0,0.0
VirusShare_dbc82365235878ce5f73f9fc71c61d18,0.079272285,0,0.0
VirusShare_9300cdcb0131a84e70c25c99fcd8aafe,0.29452747,0,0.0
VirusShare_6cf31b87cfb0881ab4dbf170152aa07a,0.3461962,0,0.0
VirusShare_81c06511bc226417ba2ac6c5ad8e7a83,0.07170629,0,0.0
VirusShare_4f655c1bb227ee5d39acf14f060bf11a,0.39171514,0,0.0
VirusShare_b113f1ced078f881b98e734becc3a3a5,0.6494658,1,0.0
VirusShare_c1af976e15b3c0f4afdaf12ba85bad46,0.65834415,1,0.0
VirusShare_64d88951933f33ea3dfd3b6f90ec1332,0.6599053,1,0.0
VirusShare_2fe86f023d69c9792476659f1e544e06,0.24444588,0,0.0
VirusShare_f4f2f548a2d04823d849b21ce1414a60,0.50317204,1,0.0
VirusShare_7b410258ff287f20a4b16a4ec886ed48,0.657468,1,0.0
VirusShare_a64df726c9b78a6ca1d33ca730b48933,0.25371948,0,0.0
VirusShare_69636e3186dd2e4aa2c98feed4442511,0.64925647,1,0.0
VirusShare_4c9dc64380ea2511ed4282fa0acb31f8,0.051699024,0,0.0
VirusShare_cb6f45995c690dd88d58cc4fa97191d0,0.059607722,0,0.0
VirusShare_02492e46f21d2aef1c9fafcfb325438e,0.08756388,0,0.0
VirusShare_1ed1aa77a9821bc3102a2dd72ca17974,0.11515851,0,0.0
VirusShare_3b0e423afe4bf83f94efa459d7010c66,0.05393132,0,0.0
VirusShare_75a0438c7794a7f23dfa643ecf1bc37a,0.66302645,1,0.0
VirusShare_47c43d814899033b37075904000e0243,0.6543824,1,0.0
VirusShare_654476e8166703853fc0a2d5f68eb566,0.34526628,0,0.0
VirusShare_071dcab2a3133759554eef85be5d68d8,0.1283874,0,0.0
VirusShare_7b940465d321c592fa16d177f66d0f84,0.6592988,1,0.0
VirusShare_28735461ec6fb675bb6fe6894047859d,0.65653104,1,0.0
VirusShare_75597ff9787c02e8d4193912dc5fb8d5,0.04018457,0,0.0
VirusShare_78d5b4844a951bbd2b2fbcd0f0d930d6,0.50317204,1,0.0
VirusShare_53926b4457ddfadb6c6eaaa95d24658d,0.66302645,1,0.0
VirusShare_4aad35b2233b97481f2d8b2f230cc4dd,0.059607722,0,0.0
VirusShare_d97925fed3d5dfe2bc83e555a7f1fa09,0.073430024,0,0.0
VirusShare_c86b733d08ec6c7d20b61d372c6c956a,0.26819092,0,0.0
VirusShare_a6fd3a7382dd56955c78fe529c22d29c,0.059607722,0,0.0
VirusShare_89cd31f56b49ac635fe274d9316c0fb8,0.04018457,0,0.0
VirusShare_b76491f39ee2b1b9740e99fa43c91674,0.65916204,1,0.0
VirusShare_2576497f23c0421087c233adbe68c6c6,0.059607722,0,0.0
VirusShare_b4d923bc34bdac7a376068b187bfdab1,0.6634156,1,0.0
VirusShare_da2b731a495d275e7a5fca1fcc8a5923,0.20353393,0,0.0
VirusShare_878f7d021773cb207f12681452011fa6,0.65490043,1,0.0
VirusShare_9df3c33ac535fea411a57b40a6624832,0.03435216,0,0.0
VirusShare_88c9878f1ce1d3b5794622b4b0e4b3ce,0.43773946,0,0.0
VirusShare_1e6b6daa51f424bd6d064d88443c85e0,0.6536134,1,0.0
VirusShare_20299fc1fac677bcf47cda29e93002d5,0.24738877,0,0.0
VirusShare_a747df5e6d498dfeebb919985c6f6f0e,0.08044328,0,0.0
VirusShare_05df919663b7b0656bde1443905ed1db,0.076139644,0,0.0
VirusShare_f92766d8447b3811c9656f8fa6669269,0.2280517,0,0.0
VirusShare_48ec8da652dfd85e29ebad46e87bd659,0.24493274,0,0.0
VirusShare_8d27f966b8475e0f08d3ec0f31666d0e,0.06860306,0,0.0
VirusShare_450636055f617fb6021a064c627cdec7,0.03815422,0,0.0
VirusShare_6854fedd815911d9e737672264404c34,0.1773514,0,0.0
VirusShare_f69e273413c2e1da19d04e120de3fdd9,0.07334478,0,0.0
VirusShare_41eeee25be57e767048024ce5eab1ca4,0.081083395,0,0.0
VirusShare_83f9e8bc60d447b2a3ac4822f1cf4ff9,0.24444588,0,0.0
VirusShare_7e05713cb251fab0b4e3553188ffb1f2,0.2063603,0,0.0
VirusShare_2420b76b14a1e2e9d84fff854db45ce9,0.059607722,0,0.0
VirusShare_38f1e5cdeb261c6cdb9883585bf679d3,0.081083395,0,0.0
VirusShare_f1670b9b2ba5f77959368660c1456f15,0.2948833,0,0.0
VirusShare_a9312b923f32cce66627bafe96cfa2d9,0.25371948,0,0.0
VirusShare_5032814793c1a066cdba6f9ce1cc1103,0.059607722,0,0.0
VirusShare_01d26154cd8a6b9ed8b0f0139c7d6296,0.18874803,0,0.0
VirusShare_81d5988ee859e52078e9af9d54dccf6f,0.6551593,1,0.0
VirusShare_01df6f04a58324572c53ed8cb5056962,0.14950678,0,0.0
VirusShare_e978fe80b950aa23ae15a8350cfef059,0.62421644,1,0.0
VirusShare_577ad1ae2d5114c18a701de210a2d5ad,0.25371948,0,0.0
VirusShare_9476022551a2b71587dc30c609a968e2,0.18071918,0,0.0
VirusShare_5de4a0dc9a1c46fe587d6efd434c14b2,0.06349902,0,0.0
VirusShare_acac71329353c0312ef0c17ed65c536f,0.34526628,0,0.0
VirusShare_e15f507f03f1a975d7fa8da19900da06,0.055488594,0,0.0
VirusShare_ac14b9b97ee8f9b6413cae633b233e59,0.17563628,0,0.0
VirusShare_06cddcb4e508f93d20ef3ade8bede58f,0.26819092,0,0.0
VirusShare_a332b0f979119ce97deb3d104a00780a,0.069671,0,0.0
VirusShare_cee5a10ea48308a559d1df13f8fea4cc,0.06618582,0,0.0
VirusShare_0a57e09a88e26c2a7f4673d440c85208,0.059607722,0,0.0
VirusShare_321a659a2cf9b5a77aaf835e796ad254,0.111646175,0,0.0
VirusShare_0619b9a3379ea016dce780aa14dddcac,0.6543187,1,0.0
VirusShare_2c460b221ab19772d84742f2343a066d,0.65251917,1,0.0
VirusShare_f40d9577377c25ef776d248147909404,0.16892257,0,0.0
VirusShare_3270f1d5de0e87e10d04336fc57c0fc6,0.12651534,0,0.0
VirusShare_b08c99a22a62387d94120baf61562157,0.41605377,0,0.0
VirusShare_2d9efdd99d9744934858f1702b16c9ab,0.19609419,0,0.0
VirusShare_f76a24662aa648727230675c8640dc7e,0.09119268,0,0.0
VirusShare_cd8b4d0206832d6f561acacc4190575e,0.04018457,0,0.0
VirusShare_712e0632ff268bae06d24d7d010cb7a8,0.111646175,0,0.0
VirusShare_7deaac20a3df3dddff9f8bab774815e1,0.41203195,0,0.0
VirusShare_8e217e067ac4818449d02f7d197ab3e8,0.0974731,0,0.0
VirusShare_4bb3d8df051f5da99deceaacfbd6b0b4,0.081083395,0,0.0
VirusShare_d186a7843efa587f6d82866135b4aa83,0.22767416,0,0.0
VirusShare_18cda1978de2846695cb6751e6981ceb,0.45386592,0,0.0
VirusShare_1e32ecbfac0766ef8be2049454e2f32a,0.110443875,0,0.0
VirusShare_3636badb1a9e3f34d70c81ff8f4f27af,0.057157844,0,0.0
VirusShare_1021d106974990b7e1d19e831d3a804c,0.20103124,0,0.0
VirusShare_344bc893ed0c2508da654909472ebce2,0.35635576,0,0.0
VirusShare_5b98beea4ea0226ce3095b54bf307322,0.46958214,0,0.0
VirusShare_37cd12eb0a05c50008933d1554d1f56d,0.067025706,0,0.0
VirusShare_6596f0385eae5ba448881b1a84ed9986,0.11181843,0,0.0
VirusShare_960f073ca38a5118e63329aae533da62,0.08611854,0,0.0
VirusShare_af9957cabe10f1acec0674b4b9c736a3,0.0573676,0,0.0
VirusShare_44bdf0bd1d0c38239cbdbd1fa58d8b92,0.09119268,0,0.0
VirusShare_8aec3e39d7221708dfb0097ee6b65ae6,0.41953874,0,0.0
VirusShare_0ab9a888d5864a13bd13830840d340a0,0.19609419,0,0.0
VirusShare_bdb2906a0805a070afbb4186162a83f9,0.24444588,0,0.0
VirusShare_70a7b66b5f43fcc26d7d3968b807aa02,0.36183175,0,0.0
VirusShare_556637fb5aac7b602aa5911c6c38e6e4,0.31997186,0,0.0
VirusShare_51365a15826cd2124f168c5a943430d1,0.05921849,0,0.0
VirusShare_05756aa5eb8a589cf8fefb6cf9f60618,0.24700148,0,0.0
VirusShare_dcb04825243e57917c4a2f4d3f9239ec,0.057157844,0,0.0
VirusShare_804a0638c8c326b9140452bc89095843,0.44764668,0,0.0
VirusShare_842124b4ed12ad2f1bddb4360d69fdbb,0.26913023,0,0.0
VirusShare_220ab7eb8fbb637bd6ac902ad5f2aea6,0.34827533,0,0.0
VirusShare_3e5f764e423d7f4d4da22ea0a62ed8c4,0.06888143,0,0.0
VirusShare_d25662155b06206e645847b818c34594,0.081083395,0,0.0
VirusShare_d46852d2b96326ff39e35a5c767971f9,0.10453354,0,0.0
VirusShare_cf274a9ff707d4816b743ac5b549080c,0.24444588,0,0.0
VirusShare_08d46cb98aab81b2a71cf2b8026c022d,0.4581676,0,0.0
VirusShare_59a7c3da0ec17a8cf0a7b4f9a51e3fc8,0.081083395,0,0.0
VirusShare_7abe7c256b201aad3a1799095cff962a,0.22375727,0,0.0
VirusShare_276b81485a46b9c83184461fb0ed5ac7,0.057157844,0,0.0
VirusShare_a9a892ddf4b4110e58971db2fb8b4bea,0.15009663,0,0.0
VirusShare_951870b7cc04369793468e97aeafdce0,0.6580996,1,0.0
VirusShare_35dc7a861119e32b2cfe0a4a4327e908,0.65299636,1,0.0
VirusShare_132c1769b04fc8aa72658ee31265ffc4,0.04018457,0,0.0
VirusShare_a2d11b7968d93d8ca60dd208f6d20723,0.11763493,0,0.0
VirusShare_f2cf905b247469fa170d763bc0d1a301,0.24444588,0,0.0
VirusShare_76acc5adfab956f986940e952d10b48d,0.081083395,0,0.0
VirusShare_fdc6222d64fbb8d3772dd2be64d94e65,0.22034864,0,0.0
VirusShare_9fca145c75c19021f1cde6fe98c82177,0.42903423,0,0.0
VirusShare_5d286e3a674f2dfc7cb012e9a007e68c,0.24444588,0,0.0
VirusShare_832ef8a3b8e7499f3ae5f8c0f1c2067b,0.66104984,1,0.0
VirusShare_75b15c232c21be9a5bacff6e23356159,0.20226255,0,0.0
VirusShare_5ebfafedc3c54cc2640661c21501ad6f,0.04018457,0,0.0
VirusShare_0a63d6c01f5042634255187c17c05fb9,0.65741503,1,0.0
VirusShare_cd2010fc3a26067d83f7dddb67900e65,0.24444588,0,0.0
VirusShare_b6f4de2f222177b12271c3f0ec5d7aec,0.40638238,0,0.0
VirusShare_5b45d51796b8de959cb22a4a401c77a2,0.04354757,0,0.0
VirusShare_cd66217232277588fab3d2dd9dfb167e,0.020143095,0,0.0
VirusShare_5bd8e32b3f735342296fae43f115aaf2,0.081083395,0,0.0
VirusShare_8f205384ea5929059ecba8ca3dbf2027,0.12793484,0,0.0
VirusShare_f180ea81e44e4200e138ac26270f4245,0.081083395,0,0.0
VirusShare_2016208c32800aede9c4274ab5e8f6b1,0.65240973,1,0.0
VirusShare_5e03b7c816f606e17e0e0d68ce6bb0a8,0.09119268,0,0.0
VirusShare_881de4b29d4e3a8f85dd5acc6410716c,0.39685953,0,0.0
VirusShare_fb242ee9217df012dc1d6c361aa712aa,0.65792227,1,0.0
VirusShare_a93ff3fac0319620d4423f90ba5cfe1a,0.6507602,1,0.0
VirusShare_e36a43a79bc3b65287474dc2a0371e93,0.081083395,0,0.0
VirusShare_a77cf258284cf97d03edc348c4cfd383,0.06157758,0,0.0
VirusShare_10afdebd57ef5bd072bde1836e3b3aea,0.39685953,0,0.0
VirusShare_ae6808c9ebf1a47d2e9856a658939a1f,0.3176892,0,0.0
VirusShare_0b75cf0a34e1341011f3fff7fe07c509,0.081083395,0,0.0
VirusShare_0a9fa4ddf530565d434969eb9d6a5a4e,0.18703088,0,0.0
VirusShare_6d1bdc96c6919f89b6116a3df5b8b118,0.059607722,0,0.0
VirusShare_867da75adee740f9152c6f69243d341c,0.048023097,0,0.0
VirusShare_01b8f50b28618f77ab9c48bae08b9228,0.27388197,0,0.0
VirusShare_9cb7bb63de41672dfe9162d2a47f42f0,0.06252999,0,0.0
VirusShare_71ca3609560c71b9e9db1cf651200c1d,0.43639523,0,0.0
VirusShare_b0a725614793c4454e843536c071e78c,0.31448174,0,0.0
VirusShare_2008f82806ee029ca070eb259ca6eca8,0.11084153,0,0.0
VirusShare_95482345eeda2c177b5199a89202242d,0.39685953,0,0.0
VirusShare_c4bb2c5f17d5cc02a9b50efaf089cd3e,0.06808339,0,0.0
VirusShare_dd560ade08ae91ab0a6bb131adc9873f,0.059607722,0,0.0
VirusShare_a815b2c80082b45c5338ae3ffad3b616,0.04018457,0,0.0
VirusShare_41c19f0235380cbcf9eb4001b3d861a8,0.15591538,0,0.0
VirusShare_d703117df34163012133f3d9f520c808,0.6515864,1,0.0
VirusShare_ad7ea88193ce6c7e374bc5f059eb16ce,0.24444588,0,0.0
VirusShare_74fe0669b8e9a917d9743014c83ace70,0.24444588,0,0.0
VirusShare_c784e542ab68b90fcfea57045af496a6,0.16892257,0,0.0
VirusShare_b7a59ec107b99fdcfe592959e8984ae9,0.24444588,0,0.0
VirusShare_c4c76e8917f95c24868f28bb314d3746,0.18021956,0,0.0
VirusShare_bb4401b5e30127c3de4b4056e832eb35,0.65627366,1,0.0
VirusShare_fdd7d0dd222dd65cf293b6888f63e490,0.4581676,0,0.0
VirusShare_9df273a8738d3ffa3744fc863f3f50c9,0.34037492,0,0.0
VirusShare_abb609f4ac87d31b4ad0e713790c155e,0.18021956,0,0.0
VirusShare_886083ce2f864e73b6ceded901f41b92,0.14869003,0,0.0
VirusShare_1b4aa5dfac3d5a233d195bd9fae7ec92,0.39685953,0,0.0
VirusShare_070e09d4a34c425c904e44cabfff4eac,0.057157844,0,0.0
VirusShare_3000af6857ed0c185777e401175c40b6,0.34789094,0,0.0
VirusShare_499ff539e786d3296e5ac8d54d16f442,0.6574567,1,0.0
VirusShare_0827bceddf5a350e268e13409a3f8ff8,0.24384573,0,0.0
VirusShare_4da4c199bda6921fef907d4af4d5cbab,0.6502971,1,0.0
VirusShare_224100f640cc0a7375ae43f185587f2e,0.111646175,0,0.0
VirusShare_eb05eb24f36c37912f71843ba0598c6d,0.06967845,0,0.0
VirusShare_5dbe3a5d86b278a7a0f0460ff7131225,0.057157844,0,0.0
VirusShare_2fa5c7bb6baf616ca27e788b69ac0fe9,0.6586197,1,0.0
VirusShare_871462bf8959185f4bdd424e04670ad9,0.24444588,0,0.0
VirusShare_c4d30ac616bb89a41f8081e4baa12daa,0.24444588,0,0.0
VirusShare_b3b32f2cfd917099a22dff280d5192d9,0.3176892,0,0.0
VirusShare_8ee0336fd0a213ae6da31bf39b8e04b1,0.34526628,0,0.0
VirusShare_3ac27befe16f7fb8525e0bf836288042,0.09119268,0,0.0
VirusShare_ce9ed0fb29f9c82820847cc50466ba3a,0.25371948,0,0.0
VirusShare_72a673800fa60df6c2cbce0c8645c80b,0.77857625,1,0.0
VirusShare_fc4ffcfc33780f57a8d8a8569076a60e,0.24444588,0,0.0
VirusShare_5eae23f76301f9972c68dc9c42be4b31,0.30315542,0,0.0
VirusShare_2f044176c53f8982e75ca4406dee7c1a,0.18021956,0,0.0
VirusShare_9f131b2c9238dec27437d330d4b2b872,0.56179833,1,0.0
VirusShare_35f7d13eb704690e8eb0eeb7a2d73b2d,0.13020296,0,0.0
VirusShare_5cfe92094d42c83eae5b7ccadad4aa73,0.04018457,0,0.0
VirusShare_7f99e713dd46e95521c9dbaf26677e3f,0.3277251,0,0.0
VirusShare_c1c56423dd629c2259a1ed6406d41842,0.24444588,0,0.0
VirusShare_b8e07af4546eaa164a7fffd34da24608,0.18021956,0,0.0
VirusShare_6b74d8cc7578e1e1bc77d7995792faa2,0.04018457,0,0.0
VirusShare_5253541cc53606c8f27a9d55da4537de,0.18021956,0,0.0
VirusShare_005080b3c7e3ea968a84e36424fa852f,0.6496467,1,0.0
VirusShare_920cbf97966402a7d01ea99060825de0,0.18021956,0,0.0
VirusShare_56e60aaf0fefcb5273983da086e0950d,0.65100855,1,0.0
VirusShare_723efbf664d43a6db848cc8a179e6e47,0.081083395,0,0.0
VirusShare_b341a3b94b3b9e3c1a8658a0069314f6,0.39545617,0,0.0
VirusShare_64bebcc9e867615c8319de2f0ee8a01b,0.04018457,0,0.0
VirusShare_2ffe85292a5334cff06e195dba431632,0.37733498,0,0.0
VirusShare_f07d3dc610356904d6b6e506385579d3,0.34544018,0,0.0
VirusShare_632a464951bc7fc6d57ca53cdee95146,0.12168769,0,0.0
VirusShare_098aac95d25d0a2f2c555706495856aa,0.044385683,0,0.0
VirusShare_ef3e6c7821b213119cce13014e8c95c4,0.20471337,0,0.0
VirusShare_9c836cf7a89abe5e5edae299a6f8ae7b,0.14347199,0,0.0
VirusShare_91a5b6ab35a975c4788e66e74d2937d9,0.24522409,0,0.0
VirusShare_40a0f912f9d1992ea4232826f7ae807e,0.19191283,0,0.0
VirusShare_1d929eecdb22d9cef5cb18cac4501450,0.059607722,0,0.0
VirusShare_9652676001a5bb6b54adea51a3cacdb4,0.045845054,0,0.0
VirusShare_9139ebddfbb1df5d96cc1c148b12c12c,0.21761866,0,0.0
VirusShare_7236e58334236bea9d532da9ca552e24,0.041524313,0,0.0
VirusShare_5c994a798ca935942e98d1a97f99feb2,0.081083395,0,0.0
VirusShare_a4d9fdf325828f4787af86e2a918aa39,0.081083395,0,0.0
VirusShare_a7574bbf7345d950cc5d422b6a1816b7,0.067421794,0,0.0
VirusShare_37409781b40f380ed54156a3a528896b,0.081083395,0,0.0
VirusShare_685f655cae0739ff9be8e8fd91cc9541,0.21347368,0,0.0
VirusShare_d0c3c859bbe0840cdcd62ca4856ac42d,0.24444588,0,0.0
VirusShare_b8c0e55fd25faeda9d4c3aea06946b05,0.14897189,0,0.0
VirusShare_91323215296089c063716cbe772282db,0.15010151,0,0.0
VirusShare_8d02b7758bbe58e7c9403d814eaff8d3,0.07730682,0,0.0
VirusShare_336e5036c8d3baebcb09a2e9641ebb13,0.16206919,0,0.0
VirusShare_8f0436fde5d2e5848bfa14a3f4928e03,0.39545617,0,0.0
VirusShare_6108a95e50db1fa3a44f8bf63673e8db,0.19609419,0,0.0
VirusShare_fcd56e0e74f73fe0d8b534799efdadcc,0.20580173,0,0.0
VirusShare_7a12a2bbac62c80495e22248f22191d1,0.24046704,0,0.0
VirusShare_2d1f8a63ba5f216cf4c8262b133d0413,0.09119268,0,0.0
VirusShare_cea306d82c6631660f108dbc476b1738,0.24916832,0,0.0
VirusShare_76b03035813550e4e67c83d3659c9b55,0.39545617,0,0.0
VirusShare_894c1830355847b470340ffd898d0c94,0.26819092,0,0.0
VirusShare_ed4f9b8f13f1c1b796a6a50cc799f622,0.081083395,0,0.0
VirusShare_d1e89c9564a765474c7ef282d61835de,0.24473128,0,0.0
VirusShare_c361e118d42a7f7c03994f192aecd427,0.054999005,0,0.0
VirusShare_319fc3f8d96091dde4c3599f7e3b16a5,0.095025964,0,0.0
VirusShare_0b0c0e3054fd3d06d857e845a87ff54f,0.6546262,1,0.0
VirusShare_ea83125444f0793b4a4f111ac8579037,0.1863633,0,0.0
VirusShare_3fe8ba5e1e869dd5ec0d1885dcb5f7cc,0.057851784,0,0.0
VirusShare_63c9d5ae749214bc7a76a71f84bc5b0a,0.28734362,0,0.0
VirusShare_6441257755f349ffb79dc9be39d477d1,0.071001716,0,0.0
VirusShare_4e26d5cad0cca66b947db81e72dd8f9f,0.09119268,0,0.0
VirusShare_2839552af0239f311dd533af4b3ab41c,0.24046704,0,0.0
VirusShare_ceeff50f7b8e9066f99e59e6583c5bf6,0.24046704,0,0.0
VirusShare_2d7eb9dbcf529c7e2b91f770f68e57c8,0.13877735,0,0.0
VirusShare_7209b490ada75804f1b7829a6d287d9a,0.18993984,0,0.0
VirusShare_4e20441799e1b5e1348ed697eea36076,0.1256996,0,0.0
VirusShare_82eba36dfd956e18d296656ef49ef819,0.12466582,0,0.0
VirusShare_9056ebd6860e17e4adbcbbe236540a79,0.21100752,0,0.0
VirusShare_b15ed21f4e4a642c770c14bd292752be,0.3927098,0,0.0
VirusShare_dfb744165dda07bc1b0ffa125e5125d6,0.19015409,0,0.0
VirusShare_9e188649641ac8e8816978b92d9973da,0.36183175,0,0.0
VirusShare_9e9416b72fd3401ca5a269ae74cc22e1,0.14910814,0,0.0
VirusShare_6c6d29383c64e64cf8a498f2e70d93bf,0.080936454,0,0.0
VirusShare_5b9b709a30156e4ebd3c009ea32f8d6a,0.13078992,0,0.0
VirusShare_6f3f0ff4e211ee85fc1dd496eff5017f,0.34526628,0,0.0
VirusShare_dcc721c22499db30bae362214af10168,0.34789094,0,0.0
VirusShare_1604105e3ed82ce5da4dbaa06ffab8d8,0.6617868,1,0.0
VirusShare_2970ced0380b8340726f919e11320b94,0.38302407,0,0.0
VirusShare_878a44fa1afdae445f5fa9869c4ccb76,0.64969885,1,0.0
VirusShare_b42121515b199b1fed7e8235984ec784,0.65624046,1,0.0
VirusShare_b5a335d2e25c620ef196d037317dcd59,0.09084886,0,0.0
VirusShare_a9a4a90c418165da173dc987906a5866,0.04018457,0,0.0
VirusShare_e262a20756f27afd0fc67ce0d745b0c4,0.111646175,0,0.0
VirusShare_5421694bcc80ac61a590e6f41872bcd3,0.09119268,0,0.0
VirusShare_575346501becba98450bc82c95c274e4,0.6532725,1,0.0
VirusShare_66b96e279ffa50e89df6cd00810a8d43,0.16892257,0,0.0
VirusShare_f141d62776637252f9d9fc8e3011e637,0.65146345,1,0.0
VirusShare_86086d4ddf0ae716c89a7038e5f378f1,0.1744044,0,0.0
VirusShare_25a53427308b38b1df14509469520716,0.1643104,0,0.0
VirusShare_c5fddf824c70ed9919af9709a714d2b8,0.34517017,0,0.0
VirusShare_b6d4037d3b9beba17f258ec51c18b2c6,0.08180837,0,0.0
VirusShare_2f549aa608320e2265249c360b1575d3,0.075893775,0,0.0
VirusShare_6658dcb03730e6164f05ec91aad7163c,0.33870307,0,0.0
VirusShare_873eb819bb85370f564ffebe30a4eae7,0.32974,0,0.0
VirusShare_02996eef64a032f31b7df7b504cb7cc6,0.31448174,0,0.0
VirusShare_03934a6d8ec3b14eabb911958b9ff46c,0.31448174,0,0.0
VirusShare_dafb79464e544c73f5c323bcea83ba7a,0.31448174,0,0.0
VirusShare_02e7b48b96b262e915d1d27577f5cd8b,0.31448174,0,0.0
VirusShare_37a7bcad6c3a774a2458dc995cabbdb7,0.32974,0,0.0
VirusShare_ffd32da69d35964e58a64269c8b428b4,0.31448174,0,0.0
VirusShare_f3f3449e2c37c067a7f630d319969adc,0.31970078,0,0.0
VirusShare_83db1707790d26ecf9eac564d0e6fe37,0.31448174,0,0.0
VirusShare_8af2a529199f6ce65ce94c00fbd6a83a,0.31448174,0,0.0
VirusShare_752286944275317b5c70e042c139a571,0.32144102,0,0.0
VirusShare_b35cf2c8ced8642d30ec14f5b8717254,0.31970078,0,0.0
VirusShare_231892842e022456647d2a88b2b28545,0.31448174,0,0.0
VirusShare_c423a908f94266992dc614119da1ec41,0.32974,0,0.0
VirusShare_cf395ef8d1b3339c4a14f2af9533a3c3,0.31448174,0,0.0
VirusShare_512d7f8601d01dbb6f9725bff7118641,0.31448174,0,0.0
VirusShare_5ce1fee227cc141058dc1f6a87dc98b7,0.6570612,1,0.0
VirusShare_1594001b82a280f783313ae47f1e4a5a,0.059607722,0,0.0
VirusShare_c33634781c9a41a250b5e8af19f578b4,0.09062159,0,0.0
VirusShare_344489fd6bbc273c14232cb7e4cd0b9d,0.08781587,0,0.0
VirusShare_adad2317c446ccfab5b073cf4f830889,0.082714856,0,0.0
VirusShare_dc52d795372b629bf90baddc58ee571d,0.04018457,0,0.0
VirusShare_1dc34679c49f255905a698578bcaecee,0.6515883,1,0.0
VirusShare_70fc20079b9cc450b8ad1d73ab115c1d,0.16892257,0,0.0
VirusShare_ff1c8b79c23576ae30f651ce23a6138d,0.16892257,0,0.0
VirusShare_d167112f5ff055969c64ceac8aff08fb,0.09037521,0,0.0
VirusShare_9cc0e524bd53af92e3586f885fffb7a4,0.07371669,0,0.0
VirusShare_abc66e6365901f5c81a7d5cb1d2f1b69,0.111646175,0,0.0
VirusShare_4b0f9663a622654de07d067b868aedc8,0.19618604,0,0.0
VirusShare_3a3c9bd9d9277a6e727f6b38458cce3c,0.14950678,0,0.0
VirusShare_88907d0024cd853821958b6ffe8f25d0,0.34526628,0,0.0
VirusShare_e067d89b11a0a55b468c847dc233d001,0.66282344,1,0.0
VirusShare_2d5890be2ebd25503d75ca42bfce8da9,0.2769131,0,0.0
VirusShare_74a985879f0972a515c4becf4e103c15,0.13917181,0,0.0
VirusShare_a6a8b3d3b0259ed47e6b3ed5303cc500,0.34526628,0,0.0
VirusShare_39a1053727cc3229ae4c0321045681a1,0.34526628,0,0.0
VirusShare_96a91ee6a2ca8526c6d19a7236158c66,0.38751426,0,0.0
VirusShare_e73e794212272baf2837184d208df7f6,0.1256944,0,0.0
VirusShare_b74e7db4566f6aec6e3b19f0a510432c,0.24444588,0,0.0
VirusShare_9b245d8162b7814365449d95c146a85f,0.24444588,0,0.0
VirusShare_50cc8cb0d418907cea3b618039da7b44,0.33243462,0,0.0
VirusShare_fbd727e20f20bcf83d4c8ae9b783dc01,0.317689,0,0.0
VirusShare_d0a1f0006cc770cb86066028a90c4651,0.317689,0,0.0
VirusShare_21652f65078909517893abb0417af7b1,0.22648673,0,0.0
VirusShare_df0e30b646c7139048422c045a15fb78,0.082746916,0,0.0
VirusShare_a36208138e6aa912eba02737379a2553,0.651674,1,0.0
VirusShare_d39cb78d8369960928732d61c4894313,0.36183175,0,0.0
VirusShare_92ecfce69b6a3e99f19dd22178f0f7b6,0.111646175,0,0.0
VirusShare_319e4487fa21224c86109b2b1391d95e,0.111646175,0,0.0
VirusShare_99ba75f3ac8d3db20200a2defad52586,0.48267975,0,0.0
VirusShare_2f1feef9b2722346a5f3969ca695b57a,0.65572715,1,0.0
VirusShare_16cf14062d049873be7cde0bb41e92e2,0.09931015,0,0.0
VirusShare_2d851bfb80a24349dff270fff6e1d30c,0.11657612,0,0.0
VirusShare_998579279e15d5dc24545c99c63c87ba,0.26819092,0,0.0
VirusShare_3a82b1ba2764c02ec299323818b37ad0,0.3060597,0,0.0
VirusShare_cd79a93c43f28daff3853767645bc8d6,0.18222861,0,0.0
VirusShare_36ee0e6caffac0e32220a3f949a8caba,0.057157844,0,0.0
VirusShare_660fd7a1825862522675ccdb3db49ba2,0.10410305,0,0.0
VirusShare_c803ec99b7167a0968e22f6ca762cd1f,0.12815481,0,0.0
VirusShare_24e2d0b8e0baeaec0f8bbedd718f6ec8,0.32784435,0,0.0
VirusShare_4f9967759e834041b366e69ac39d07b7,0.09119268,0,0.0
VirusShare_f2202fce9d4aa952c14797e5e0936d9f,0.121727526,0,0.0
VirusShare_bcac3da90628f82d85b87878f02e4a98,0.22894438,0,0.0
VirusShare_f8a36ecd92d4049cbb08460885769c3d,0.19257812,0,0.0
VirusShare_3888a50f809cd64a8f9e5f772204fa46,0.067500606,0,0.0
VirusShare_de42dda780e0f7ebe7baf0efe824a6a5,0.09119268,0,0.0
VirusShare_842f101c46b1c42805089713315551fd,0.050456084,0,0.0
VirusShare_d029c58f215f0bb9bb7b7d5c96d775b7,0.6507455,1,0.0
VirusShare_5a54c096f68efe7b2dfe2e3510baace8,0.20139,0,0.0
VirusShare_739724c57b551ef361bd02a2f406ceca,0.057157844,0,0.0
VirusShare_6835b2dc0cba5f055dbbd1bad5006b2d,0.059607722,0,0.0
VirusShare_92793c0e8dbc4931ee98e85bed2f52e4,0.15658295,0,0.0
VirusShare_26ac4ba73f1995bedbf1741fdbb03f7b,0.32570887,0,0.0
VirusShare_bd07feeab4b84748ba11888f262ba4ba,0.18369088,0,0.0
VirusShare_e7eb1387e9c51644bdcc7410a9ae1a0d,0.059607722,0,0.0
VirusShare_877d8a3d79e263368af8c20128b1ca6b,0.657979,1,0.0
VirusShare_46748e2f104a20b875d719be39451910,0.22627485,0,0.0
VirusShare_b1e55cb5c57b016f6d69f2dca029266b,0.04018457,0,0.0
VirusShare_60357e3eea112f470cf60fbb93950976,0.04018457,0,0.0
VirusShare_955e45a998501e380da76f6c2befcaa4,0.42623383,0,0.0
VirusShare_63be79215503169455257882665a3aaf,0.04018457,0,0.0
VirusShare_87345e0925378dff776369077e3ea114,0.48267975,0,0.0
VirusShare_eb111c01d9fbd54299730c7b7c6e7da8,0.06884164,0,0.0
VirusShare_0b9f7c53e8b8e4deca3158be2d19d252,0.24444588,0,0.0
VirusShare_22436bd4a9306bb67af8fb16da5ccd93,0.5636184,1,0.0
VirusShare_3d00aaa1af460c26b2eb4129a7d327ed,0.65146357,1,0.0
VirusShare_b45e34aecf9c73c7fb54edab05973e42,0.48267975,0,0.0
VirusShare_4ad1f41366e83864034a061de5f39d9f,0.03164568,0,0.0
VirusShare_62333be97e12bd4e8ca2e836ff26f231,0.64784306,1,0.0
VirusShare_43a4f0d40b4142c7574e68909e25ab87,0.24444588,0,0.0
VirusShare_0d61a6a8dd6cd86d3c152b5d8452bdd2,0.33763176,0,0.0
VirusShare_24d5be92c4ec7c5e34c39d16938e714a,0.13877735,0,0.0
VirusShare_02036a7607167ccef1fb576eb4467c35,0.09119268,0,0.0
VirusShare_69bab29aa32fdf39f5903459bbe581c4,0.057157844,0,0.0
VirusShare_ceb3e69f46593e87fd3954a60af2cb98,0.32367378,0,0.0
VirusShare_60bb4b68f2691ac2f41b09cc50298f3c,0.3176892,0,0.0
VirusShare_83d5ec72339af2945e64e1c171edf291,0.3176892,0,0.0
VirusShare_cdf430f9322e7658a0da44e67ba7cc52,0.3176892,0,0.0
VirusShare_d2024f70c9fc155d97b618e9dbfb0c0f,0.3176892,0,0.0
VirusShare_db3b371e5a786a6db9e7605d1fe99971,0.09119268,0,0.0
VirusShare_36b6205bc5ab18b15ccc01c652f9703e,0.04018457,0,0.0
VirusShare_b7999c13a3a1ceb50c0b108d42599a7d,0.6598881,1,0.0
VirusShare_baf9fdd15a106c55569d207aed6c3a0c,0.35634452,0,0.0
VirusShare_59db423279939fe74fb0eab0f5971e93,0.09098892,0,0.0
VirusShare_1efd95965960bf90c7bbce86b8d06f18,0.34526628,0,0.0
VirusShare_23757e3fce050d11d6463270ad9264c4,0.21050668,0,0.0
VirusShare_06308739bb51ce71f532c7095d099f76,0.05921849,0,0.0
VirusShare_68e0784df02970301ec2ee3c0e2d44f9,0.1424913,0,0.0
VirusShare_39258cbb1329551e5370d9621c24d140,0.5205337,1,0.0
VirusShare_eb0e902f088970f95d20c4c233bccdc4,0.40021753,0,0.0
VirusShare_8758fbced89dec9d3021d097bbfd7089,0.0542685,0,0.0
VirusShare_4c1f6405649fb6ef03c2110b44329790,0.34526628,0,0.0
VirusShare_aaf3242632fa20ec78cf91ba2fd28cf6,0.18195286,0,0.0
VirusShare_88fc9137670a55462a66cb78c0f6adad,0.24444588,0,0.0
VirusShare_0744d35addc70d26f488849dbf873c35,0.04018457,0,0.0
VirusShare_633bce4e4d7055f4fc14308198a1bed4,0.1773977,0,0.0
VirusShare_f2714cba233ff5cd525451005db0ba1f,0.1843538,0,0.0
VirusShare_c27202623b232a6eded756e55d998283,0.053128082,0,0.0
VirusShare_0b5c1c395a80ff9d6e15b67752a852b7,0.6511908,1,0.0
VirusShare_0232c45c6aefc893ff26545736180a69,0.19033524,0,0.0
VirusShare_82bd96a1dbe9e7a355ad3f580ef3af1c,0.09119268,0,0.0
VirusShare_8b5daa008804c3925d6426d16df4f138,0.24444588,0,0.0
VirusShare_da7e9ae234c75bc825966a5ce85ef4c3,0.12070668,0,0.0
VirusShare_fe069ea99c64e346b372375ed645ae4f,0.059607722,0,0.0
VirusShare_9baf676db10f640cb8482cb7f693fec9,0.058528878,0,0.0
VirusShare_c5ee9cf68ac6c6fb4d1e663a96901347,0.061237156,0,0.0
VirusShare_b935323139bb4355c8a623e421deeb7c,0.081083395,0,0.0
VirusShare_8babec57102cc85c710e55b9a942b65b,0.3176892,0,0.0
VirusShare_844bb87d1a6e48ee2d8cb415edfaf1a7,0.32459158,0,0.0
VirusShare_d00aa73f7a9904d405f363e8c7064c10,0.3176892,0,0.0
VirusShare_533bb907154d8eb6689b358f8777ae3b,0.3176892,0,0.0
VirusShare_f6f9362d28635d6b7414fe9ad0dbbecb,0.3176892,0,0.0
VirusShare_c3c167ffe39ecd7f7371eb89310920eb,0.3176892,0,0.0
VirusShare_3d23901bacc240fcf0cf6cdef5a95ac7,0.3176892,0,0.0
VirusShare_4106dbfba91b29123da286a02eedb3bc,0.3176892,0,0.0
VirusShare_28e01b9fe3eb155b746ae54b45567d40,0.3176892,0,0.0
VirusShare_f5cc43a0227df9164b43507b6c5bd9a2,0.3176892,0,0.0
VirusShare_fa99cf261ccfe92bbd856651507d1941,0.3176892,0,0.0
VirusShare_279fda981fe54af14faa17debb94abd8,0.3176892,0,0.0
VirusShare_41f734d742d424ff659c40ed43f0a0c7,0.3176892,0,0.0
VirusShare_7abb5d2a3b79647f4d7b35f6b6e5ec1e,0.3176892,0,0.0
VirusShare_b403b9ff5efd7b87d52f84c583eec08a,0.31802982,0,0.0
VirusShare_73037576f88cf2fb87d159ec84605b48,0.34789094,0,0.0
VirusShare_d57289c750d869ce06e2dea406c2dcbe,0.081083395,0,0.0
VirusShare_273f2d613bb42e5f6044a6ae7be3af74,0.25371948,0,0.0
VirusShare_ad575347599ca4075e97dd6f2f512062,0.1554713,0,0.0
VirusShare_a6762497acf6d35d8122a9990832ce0b,0.3697145,0,0.0
VirusShare_4cfc6312407486a08f53d10c7dc04583,0.14503887,0,0.0
VirusShare_fb797e54b47fe4f549d87f1cc5ae8aec,0.09119268,0,0.0
VirusShare_aab57be89131aad18c04d77080a75031,0.2769131,0,0.0
VirusShare_516d80107c35f12d01567fed2d4cf46b,0.2769131,0,0.0
VirusShare_bb28e1b8cc6c335f3d632808d03ba494,0.66094756,1,0.0
VirusShare_06aa63049b2da2e202f0e1dee88e34d1,0.31227127,0,0.0
VirusShare_d0886e54ac6286625a57f57f8e81c708,0.6590121,1,0.0
VirusShare_74c8557da041aa1640fa7ffb2dcf4703,0.08893936,0,0.0
VirusShare_8f35b1acb64663f5f7aab8fd63a9c69a,0.11783358,0,0.0
VirusShare_c92645b93b06cc965e6670933370340b,0.12792823,0,0.0
VirusShare_eb55b2981b4b2b236b1bc3a11c82007d,0.04018457,0,0.0
VirusShare_0c44f3f62b2ced09a8c3c4993efa7ee8,0.27146423,0,0.0
VirusShare_816c6ec09fc8a521cf275e2e0933742f,0.111646175,0,0.0
VirusShare_5df9d022eeafd07cf681a2e52e617c28,0.04018457,0,0.0
VirusShare_0eae752cbdadd6b8029328a7bce676fa,0.2769131,0,0.0
VirusShare_8084429582cf6636940d4a2f86172c1c,0.6570854,1,0.0
VirusShare_b14fe498ae5612aacd7ec43bd502d173,0.6555292,1,0.0
VirusShare_a4938668001be0db39079feb6de90bee,0.059607722,0,0.0
VirusShare_7dd1f956258b695782f31fe702f29470,0.07124,0,0.0
VirusShare_2f1e80575c65b53dca9e95d629f54610,0.078545675,0,0.0
VirusShare_3185daddcf7c07b22b9d59c6edf7d62a,0.341274,0,0.0
VirusShare_34271c791ae1647b85f51c8130c0ebd4,0.34577498,0,0.0
VirusShare_340b4c1f6c1cad60186c01e6ef8eb92a,0.060865812,0,0.0
VirusShare_4a2617f39c4333797f19959fd497e479,0.17042921,0,0.0
VirusShare_25c2ea3c32ee75fc20ea8cd99f44425d,0.041524313,0,0.0
VirusShare_5e264118324e76a4ee0ca93d79bf4768,0.2346317,0,0.0
VirusShare_be8fba1fa1536254d7aeab7b52344a2c,0.37530357,0,0.0
VirusShare_2e2e13abe9cecfb015fd8f278bf260a1,0.16892257,0,0.0
VirusShare_50ea8a0b0acf3a18eb4cf2db7bd869f6,0.059607722,0,0.0
VirusShare_9da99cdaf741ece4d5acec0885fcebae,0.076502606,0,0.0
VirusShare_2b4bf06b58612708f49f8d67c0b6927f,0.04018457,0,0.0
VirusShare_7597aecee61b16e06d756cdd5a5df943,0.29452747,0,0.0
VirusShare_856e7193d8950ba5bd518dcc62624ae5,0.24473128,0,0.0
VirusShare_bb7d7ee8a82cc986305bfab20b7d5c91,0.24311128,0,0.0
VirusShare_6aab4f19f55de476dbb56bcd96320855,0.25371948,0,0.0
VirusShare_e2b7bfb64959df30102a33c80b5a9b55,0.65425956,1,0.0
VirusShare_f6f48761d3b2148882484d5c22bbb282,0.18243258,0,0.0
VirusShare_ad23a41a942f2b387fe46f721f5becec,0.016225958,0,0.0
VirusShare_71a494fc21bda9182a407be34069aa8d,0.08078698,0,0.0
VirusShare_add5965429fe945610a6f6687e1efa41,0.23205593,0,0.0
VirusShare_35c4f6809f432b35290c937a22a776c1,0.24473128,0,0.0
VirusShare_8c853faec5e85cd411c79d7b98d0600d,0.65332896,1,0.0
VirusShare_ec68093d763bb593fd8f7098d76a19e9,0.34526628,0,0.0
VirusShare_559720ee2e2d9dde883d2b87b1e82691,0.0854879,0,0.0
VirusShare_b5949b7fc9157fcd4fe59fd9e4436b17,0.39171514,0,0.0
VirusShare_09d94704024bd11c3e7f492998aad8eb,0.16892257,0,0.0
VirusShare_c4e088aa1d0173ab466bd1c9beec1f49,0.65057194,1,0.0
VirusShare_a8759512123f6d0d76266eb404288b46,0.15658295,0,0.0
VirusShare_05b1dd9919672418677eb18ae81f4764,0.37996665,0,0.0
VirusShare_646b4d6b0fb04bbb7af4e572d649130f,0.07457201,0,0.0
VirusShare_85715264b74225271468fd65555db807,0.081083395,0,0.0
VirusShare_2bf42f69cf086bd4048c80630ffa26c8,0.110122696,0,0.0
VirusShare_0242f2deb23374392311e17c96903024,0.65265816,1,0.0
VirusShare_663086bd4c53a5f926e1b75d16e22e99,0.16487317,0,0.0
VirusShare_22824058b5023f76565eea3d03455b93,0.04024965,0,0.0
VirusShare_322c3d4b4fd71c1a7368acd8c64807d4,0.110122696,0,0.0
VirusShare_b5c813ef172156aa864b8e0366c2badc,0.111646175,0,0.0
VirusShare_e0147d66e8eaad514feddddcba8cdeb7,0.08930872,0,0.0
VirusShare_e055bf5bf902ce005143cbd201f8d2c6,0.1773514,0,0.0
VirusShare_11eacd554d648c35f2586672f1f2cc0f,0.64993805,1,0.0
VirusShare_de17d33dfa74cd46ad037d64f072f6cb,0.6574932,1,0.0
VirusShare_8bedfed914e967db1634d68f14d1a3f3,0.23205593,0,0.0
VirusShare_acc6a0ec48aa723b6a6ced49960ac0bb,0.3178422,0,0.0
VirusShare_856a9d89f3e4cc76f66082b4a685a0bd,0.34789094,0,0.0
VirusShare_fecad52794d500919b2feff730eb6d26,0.4991781,0,0.0
VirusShare_91f5755383cadb81327955369bcb30fe,0.3343077,0,0.0
VirusShare_34e4eb195535e3d23f866f6a853bc0c9,0.16445634,0,0.0
VirusShare_942068d07ab9abb79714397492f10271,0.65407336,1,0.0
VirusShare_7cb5028b0f9410dea996b767845b71cb,0.07536847,0,0.0
VirusShare_b6d27b5814e3c1fd1290ef8c83a62b65,0.0812586,0,0.0
VirusShare_ce9b4b96e8d8ea4edb5a7dd971962eeb,0.34526628,0,0.0
VirusShare_187ab2b256591a3a99d7cfb0ed1244ad,0.39171514,0,0.0
VirusShare_8917fa3cf5f198f62a905e4468d7fd0e,0.055084012,0,0.0
VirusShare_053139495d3994c9b391d58cd0058e61,0.13877735,0,0.0
VirusShare_78e63ed7882a45da84c961844a5d0099,0.07891907,0,0.0
VirusShare_b4d297d75d97f7a96755956e07a49a9e,0.05058114,0,0.0
VirusShare_8eeaf95de4c672875243e868698ad14f,0.081083395,0,0.0
VirusShare_c15b4f80b3e9473df49801ad99898ef2,0.065159656,0,0.0
VirusShare_e24724d100ba5710f19a61f642216050,0.059607722,0,0.0
VirusShare_27c4d3306476cb3aa00b7a2530f74668,0.083103955,0,0.0
VirusShare_607bb09f24548782ea4b2bb75f3d7c6e,0.078888446,0,0.0
VirusShare_de93cc8e8c65e35066f11e6460006a23,0.073594965,0,0.0
VirusShare_313e6c600e919fdbb8a22745d39175c7,0.073102824,0,0.0
VirusShare_ab4b4cd03050b14891b65746e90ca38a,0.30387726,0,0.0
VirusShare_add5aaedd1dc1e105d9887c4408f1655,0.04018457,0,0.0
VirusShare_5687b05d936556ced187f16bcde94535,0.25635013,0,0.0
VirusShare_f21e909270196232638df884f4e84771,0.2402147,0,0.0
VirusShare_2c32e6bc69d3caed346d5f70b1353a49,0.12646689,0,0.0
VirusShare_8e0da7fbd6ac287bcc527cdaf17f3787,0.65890014,1,0.0
VirusShare_6e9aa01991cacf6910fe5ff83d40432a,0.26189238,0,0.0
VirusShare_ab7b662b07960db3f402abb36f2a8245,0.66308427,1,0.0
VirusShare_1309c515284c43f439619c531ecb4199,0.37996665,0,0.0
VirusShare_bfaf297bff0620593239b0eeaf43184a,0.08011989,0,0.0
VirusShare_63ac65257f5cf60b93dc0e815ef41fd5,0.16166295,0,0.0
VirusShare_fe94537a33df6f2b438f7b7e885cfe2f,0.24493274,0,0.0
VirusShare_b891b29f74c14eb3fea5044c9e470557,0.13598125,0,0.0
VirusShare_fa1c23c97fb32d0a73882c3135937608,0.041524313,0,0.0
VirusShare_af82c881ffefda0111f7645b245e8158,0.18712005,0,0.0
VirusShare_c6324f8b7676e07edeeda4d1a2e007fc,0.6551949,1,0.0
VirusShare_c94b723fd75f7af11c2690ee7a9f2aeb,0.24493274,0,0.0
VirusShare_8076ad1a09ec666efcd815a2ac9d9043,0.04018457,0,0.0
VirusShare_a2940ffd4f9d40338d56fff055f3ff87,0.069823146,0,0.0
VirusShare_7b9c9cf03e3512c011633325ccd89076,0.6585024,1,0.0
VirusShare_5507fa7c4481f298da8588f1ad0be02d,0.20955522,0,0.0
VirusShare_b91c642d3fa674ec212761bfb3051a95,0.04485308,0,0.0
VirusShare_be5df27b193eaa98c48ee62a3b5d6454,0.12137191,0,0.0
VirusShare_0516de5a7f9c8521758dc117538a13a7,0.25371948,0,0.0
VirusShare_1905719bb2e88e9942fc8e8aac72bd4d,0.041524313,0,0.0
VirusShare_dc1aee67d19dda7a67bd31f4f5bda47f,0.27135032,0,0.0
VirusShare_13159aa722c103297dc7a5791cb5f68c,0.6541098,1,0.0
VirusShare_4c7762fae364991e2a6602c2c3982230,0.041524313,0,0.0
VirusShare_7703c905f00266749a8ced98ea6375dc,0.15141973,0,0.0
VirusShare_dcae8acd65610d61c7561296e94ed3e7,0.34147292,0,0.0
VirusShare_ed6279d33f46443db37c2c5d4c7bef6c,0.6466611,1,0.0
VirusShare_57841c17091eb73fce9a4d39ce44461f,0.24890158,0,0.0
VirusShare_06ee00a516798218ac85f5093b6c3de3,0.27135032,0,0.0
VirusShare_f7572a88d8f155dac4a86864c5c858cf,0.6474216,1,0.0
VirusShare_2695bc1e5adf3b84e74faeb0373e4cca,0.076346576,0,0.0
VirusShare_a1af15bb4638193745f5b93b200ef576,0.059607722,0,0.0
VirusShare_aadd5d6de022d1124a67ee89b23cd083,0.10520689,0,0.0
VirusShare_896f0b61e2410ba7e9e3c040ac95c435,0.34526628,0,0.0
VirusShare_7104b45556325adaf9a351a69688227a,0.059607722,0,0.0
VirusShare_6548396a884c853a1ceb1fa62e63cfd9,0.65218085,1,0.0
VirusShare_0b55f16a4c239e8069c07176e1a707d7,0.33857724,0,0.0
VirusShare_c707bc40e2578aea3ee6b00b4c091492,0.65222657,1,0.0
VirusShare_8346b2653645fb89d1e39547e00f74ce,0.4002366,0,0.0
VirusShare_b665b1ef5e6a04739de8a2bbc3ca9236,0.086715914,0,0.0
VirusShare_f89d517806133bc57d542c9d2d2e181c,0.1283874,0,0.0
VirusShare_6ebc1d7bb83274be0b7a825c76aaaa04,0.6594024,1,0.0
VirusShare_3988fb0bc304c7c9ce3180ac49771319,0.12276846,0,0.0
VirusShare_4f68a23401cbb53a6c8dc5c8d2b18b6d,0.43103784,0,0.0
VirusShare_0cf7796524682ddc4800ab9b824b0b30,0.13819128,0,0.0
VirusShare_e8bd6b37072a041186de613e1c0e0bf4,0.09119268,0,0.0
VirusShare_0a89a66026e8790243de3f2c727ce638,0.057157844,0,0.0
VirusShare_746066b419333ea8d53e905bfcac6282,0.18772843,0,0.0
VirusShare_823d9e1e56412deec7ad94c92af82a11,0.6613329,1,0.0
VirusShare_60d38ea2676dd4fb342c126232554e2c,0.059607722,0,0.0
VirusShare_36b3c1d4e0e3c2619570c0fc3780b87b,0.6527775,1,0.0
VirusShare_2541c7879a90a352e4c3915d49eeb5cc,0.6506535,1,0.0
VirusShare_ad89349070700a57982554508e69d43b,0.11095084,0,0.0
VirusShare_40cb4cecad3e64f0f099d4dc888534b1,0.66485137,1,0.0
VirusShare_f7e984a604ce845a1d9ace80d5fb7133,0.341274,0,0.0
VirusShare_ec93ebcb038357795fd337c77c4a5ab3,0.09119268,0,0.0
VirusShare_d5fd31f544ca1b4418305ad589737157,0.20493197,0,0.0
VirusShare_fd7375128ba0dbe87f70f8e8298dc7d3,0.057157844,0,0.0
VirusShare_e9905343aab5bdc5ee2b27cd7e53ada4,0.09119268,0,0.0
VirusShare_d865f6ef7dcb0521df18722c72d5843b,0.111646175,0,0.0
VirusShare_527956d9d8f1b6910b1aa849c4517bd3,0.6580913,1,0.0
VirusShare_103c47a009bdc51129c0fb17c1063592,0.11478615,0,0.0
VirusShare_12d8221e2788424e5c82d14d6f840cf7,0.656755,1,0.0
VirusShare_7c32c78af125e4e486e99c60ba8545b2,0.66350955,1,0.0
VirusShare_1d204e87778aa4f2bc6ea57ec7e572bc,0.057157844,0,0.0
VirusShare_1894fbdaf7380aab3512a6be77e612d4,0.057971388,0,0.0
VirusShare_621c30b757c3a8a3bedfe080404d3bbf,0.65086013,1,0.0
VirusShare_2acbebc4ee135bf50d671d28121188cb,0.6463258,1,0.0
VirusShare_f31d487022ad695b123a163cfcd2954e,0.33491543,0,0.0
VirusShare_2fe89d3f8208b2ffad46a070bba1e4d3,0.09119268,0,0.0
VirusShare_4211c19441732587fd183c6aca77000e,0.19018053,0,0.0
VirusShare_1a5f5cf5a686705984cba9b3454eb49f,0.6538259,1,0.0
VirusShare_15c0bf7d79d405e3f3c46de6cc11f65c,0.057157844,0,0.0
VirusShare_9bb82b581ad8b0a6f20dc57415f733d1,0.65604484,1,0.0
VirusShare_cb46759f4e12877c48cd0ebcb958895a,0.29227385,0,0.0
VirusShare_8fcefb3837608df6c931ba58c829a4bf,0.65737003,1,0.0
VirusShare_6522f081217ad9d0fbc50e9d392a3a81,0.08420765,0,0.0
VirusShare_c6a1d0e47f4842791726c3d41ff78bc2,0.34526628,0,0.0
VirusShare_7bcaad5b04b5a99d9eae726db713c6b0,0.03302183,0,0.0
VirusShare_758cc07d3d1f7945d39a82352ea010a9,0.4002366,0,0.0
VirusShare_672cf5578d50a77af3cf04448c948a0d,0.21610613,0,0.0
VirusShare_1bfe4a21e7eab33aa8a0719e41fc1ff0,0.659053,1,0.0
VirusShare_2211f1eb8fc0c874cf59b7b1fb5fc24a,0.15259162,0,0.0
VirusShare_f7ab49c4e4d5d82091f8d185b606d9c0,0.09119268,0,0.0
VirusShare_6e63128e71f7619a09909b647611a43a,0.65625346,1,0.0
VirusShare_c9401520754144c4eb1205ce0e81ce8a,0.131228,0,0.0
VirusShare_9ff7bc284bc474cd69ed46e89e05e11e,0.111646175,0,0.0
VirusShare_d8c098a5232cc2e01df16f96759000d9,0.03478833,0,0.0
VirusShare_9c15f9e82a937e020b7ac145c2d9a205,0.15470898,0,0.0
VirusShare_f0130e72b42b20e4c43110d73a7143ea,0.65480167,1,0.0
VirusShare_0fbd44c0822387461816967898b57865,0.3889822,0,0.0
VirusShare_82d18ddbe271a8fce79e8ce0a4a9a896,0.091708355,0,0.0
VirusShare_5192b358bcfe58f8385ceb66a04e6c66,0.059607722,0,0.0
VirusShare_d9169397675b7764d5571f348f711eac,0.25192234,0,0.0
VirusShare_ef1786c9a080f37bdc564b0052a9f436,0.057157844,0,0.0
VirusShare_936d78d6dc177c395bf4fd2f022280c0,0.04018457,0,0.0
VirusShare_70aa82955651b607f07488e29af23564,0.32626456,0,0.0
VirusShare_05c641394f39b223d978a4e65290463e,0.05903251,0,0.0
VirusShare_ef9eb5fb8e56caa9aa6e72a8391a3697,0.66011333,1,0.0
VirusShare_46d469e4148e4e72ee96655adb06dc0b,0.09119268,0,0.0
VirusShare_650c84e2c259708afbfcfa086dd880ee,0.16950276,0,0.0
VirusShare_6324611625e44cff0f6634fb076d4ab1,0.09119268,0,0.0
VirusShare_1cfd4c2f7c615807967253a6cbec261d,0.09119268,0,0.0
VirusShare_3707fc2d7cd8736adbfed53812015383,0.09389646,0,0.0
VirusShare_43d0ae43cb13e6b07b044bc067f3bead,0.049874805,0,0.0
VirusShare_8130ee768ae48a538bd42f8a9e8b8fd5,0.057157844,0,0.0
VirusShare_fe55dd2ec99ca05ab27eff7ff1d9f14d,0.27328706,0,0.0
VirusShare_34f4c310bcac512f31bfa55b7894cbc8,0.09119268,0,0.0
VirusShare_b6bcfa2fa2e317bc236d0ef083373fff,0.3176892,0,0.0
VirusShare_58813d3db8d684d1f17bc2313a0e53a8,0.65953904,1,0.0
VirusShare_99e699707a772ba3184876edf5a695b4,0.6598582,1,0.0
VirusShare_cd92fed727b2c455b97be1cbdc78d2da,0.5236257,1,0.0
VirusShare_26a9510ee7383c9a3ae6d393f8f83130,0.65586174,1,0.0
VirusShare_da015eab1bef946c3a8feeef87779713,0.043451317,0,0.0
VirusShare_02ce08839428d9a37b80d5b9de4d1c1f,0.34789094,0,0.0
VirusShare_6c671f879aa83b807bc25e1de2da4b2c,0.36183175,0,0.0
VirusShare_34d8b127a827f1524587a7852bb4bcd4,0.6560364,1,0.0
VirusShare_6bca9bc6158a5ac22028988eeb343d8a,0.31448174,0,0.0
VirusShare_619868f60c5b8cdab0d755afdc3ceb5a,0.32360896,0,0.0
VirusShare_050abdbaa3e1a9ea4e79b66131ae1689,0.31448174,0,0.0
VirusShare_c10b381ebbc74ee32f6da5573ed7a722,0.45207706,0,0.0
VirusShare_c4401fbf79b747e2d45d04bace66c9ee,0.13877735,0,0.0
VirusShare_006739acb1360c5366e60a7ece03cae0,0.111646175,0,0.0
VirusShare_8d5db4049171bbc82864435fc44cd702,0.059285693,0,0.0
VirusShare_66b2b94fc304a194de9808eed590fed3,0.2660417,0,0.0
VirusShare_b91030267d86ec3aca171b97f1510c9c,0.041440867,0,0.0
VirusShare_e988c208b4b0628d9955c04d7ce7a7e4,0.057157844,0,0.0
VirusShare_aa0a86394a5dbd65cf0f1da6108a6d3d,0.057157844,0,0.0
VirusShare_1c117d91a5335bd69127e987bd6a186c,0.3075819,0,0.0
VirusShare_919d022ce94bbe14e2b77dbd52a0ae11,0.17735973,0,0.0
VirusShare_ce1302c8b191f3226018a49d00101108,0.016083341,0,0.0
VirusShare_691132fd9fe387cdb570edfe18b84e19,0.44821978,0,0.0
VirusShare_2c95cef7532f791fb78edc805f93040e,0.1629202,0,0.0
VirusShare_22e842c5c8899c984d994a966e2a3493,0.6555923,1,0.0
VirusShare_edb8eb184fdc90adb979dccf5b72512a,0.33110315,0,0.0
VirusShare_1677c8801d83c623b0a615c4fc791749,0.09119268,0,0.0
VirusShare_88ddc59420eefaf7f7fd58ef74dca1c2,0.33988282,0,0.0
VirusShare_10177a0b1f7cfa5f3069cc15353b32f9,0.053995054,0,0.0
VirusShare_eb847438f988c2a2d52bcf0f0b439980,0.21910413,0,0.0
VirusShare_2b5790f364faa63eee99b506d2df96d6,0.13383654,0,0.0
VirusShare_9c6e5a402909ec838356727e6ff90ac0,0.09119268,0,0.0
VirusShare_fa85e493ca3222db7fefd1d4ab3406e6,0.6554371,1,0.0
VirusShare_77b58fcd3a0a40967dc86533fa3e9ceb,0.23423858,0,0.0
VirusShare_39b821ebd7bf1b148734c06896870f9c,0.38302407,0,0.0
VirusShare_e556688c99736f7e07f8101149e91b36,0.09119268,0,0.0
VirusShare_2cbeb9cc5f96adebc69291e8a4891461,0.09119268,0,0.0
VirusShare_01116fd3e5ea491aca39176308e62bc4,0.33553514,0,0.0
VirusShare_75d4ab371ca574c8eadbabfe52275bff,0.046416394,0,0.0
VirusShare_dd84d7c30fce0d8bcc06f08483ba231a,0.04018457,0,0.0
VirusShare_e02890e12d342b5f58953ebd160e352f,0.09119268,0,0.0
VirusShare_77fcf1de5de92c814beafdb8dfa19303,0.04952664,0,0.0
VirusShare_496b7c5cfeef3fdc62dd9ad168c09e4e,0.16950276,0,0.0
VirusShare_7142370a64b71cb1bdd7558758cb6bba,0.42973137,0,0.0
VirusShare_9dfcb05d29041aa67e2630b3386a5433,0.2753819,0,0.0
VirusShare_289eb428d422edea295a00ba750576c1,0.42973137,0,0.0
VirusShare_d808ee6e9e8c77dd47da9885f875c51c,0.06390907,0,0.0
VirusShare_b2d3fa443df0cfa3fd13ebe62478d4ca,0.04018457,0,0.0
VirusShare_89f80f349f100d644c5214bfd75eeed1,0.15658295,0,0.0
VirusShare_608b5960dd89cd1c8d902102eb3dcc90,0.33357772,0,0.0
VirusShare_37035aa02a65b1b869898cb611d37686,0.2595631,0,0.0
VirusShare_9090d27d27cc2764aceadd82adcb8c65,0.04018457,0,0.0
VirusShare_3db2c49da22219add8174ea55522faec,0.6552326,1,0.0
VirusShare_7f2bca852814411867e5e29dc6fc6686,0.29702297,0,0.0
VirusShare_b93a81917ed4daca0e1aad48a2bf0271,0.34526628,0,0.0
VirusShare_7e9acb5b9dd42cebd1bc1fd896730da3,0.24370754,0,0.0
VirusShare_238bd7fcf218a7bfb0af28bda170bce9,0.4581676,0,0.0
VirusShare_7ba994095113e60da6cefe0d7b4c9fb3,0.65662515,1,0.0
VirusShare_aeac1891a913f67a50c1a77e7f426423,0.111646175,0,0.0
VirusShare_ed80a162ae20bc28f4191c801d26fcfd,0.09119268,0,0.0
VirusShare_3381f61c355897d24af7af6d003212fe,0.18387984,0,0.0
VirusShare_9f94717b43f8b7a0b96fbb674bc9ae18,0.34789094,0,0.0
VirusShare_0446070449da4f5d306eed78ac6e6631,0.081083395,0,0.0
VirusShare_4793724aa393e35f8cf54797453a25d6,0.2753819,0,0.0
VirusShare_0b654d5df6eef635523b7dc4e757cfc7,0.12807593,0,0.0
VirusShare_e06859abf122ee52727d1173c48b3159,0.04018457,0,0.0
VirusShare_0502fa6e5d493b5e30707cf090c9509a,0.19609419,0,0.0
VirusShare_17e6bf8513a53ec6a0208164d03c4ab1,0.04018457,0,0.0
VirusShare_57c8406481001d76476d1cebc10fa656,0.04018457,0,0.0
VirusShare_8f42db3998c863e786bee086985a1703,0.1405863,0,0.0
VirusShare_adfbe644dc62fbfefa22786e6bc8ba6e,0.09119268,0,0.0
VirusShare_933243647044b5c0bf8463105e7f89c5,0.44764668,0,0.0
VirusShare_d3c8c341ebe986061c104ab5861feb8e,0.26819092,0,0.0
VirusShare_c929f36864ee94b8683cfc581c399a48,0.31448174,0,0.0
VirusShare_5abe9b4cf6c215256337ba2665d61833,0.31448174,0,0.0
VirusShare_c80b46b99c733679739ca6fa32c901da,0.04693466,0,0.0
VirusShare_3229ba46e5ed92226f62f507e04107a4,0.057157844,0,0.0
VirusShare_56a545bd388adb09a795b19493c986b1,0.04018457,0,0.0
VirusShare_21702668e0de0592920ac2dd6335f73b,0.06183828,0,0.0
VirusShare_92d469fbde30eeb536e5cb28e40ab2cd,0.111646175,0,0.0
VirusShare_775b106c3192293575afe89b73015f89,0.33048645,0,0.0
VirusShare_44999fd5419834db6c9a9dbf3392e8e8,0.056864053,0,0.0
VirusShare_df232dfaa6010d389a2c406e3eb87029,0.05866281,0,0.0
VirusShare_f63ac707d6efba043d5f91e72cfe0829,0.23093645,0,0.0
VirusShare_039be9eefb9ecb63bda4de59989b2599,0.6601443,1,0.0
VirusShare_3ebe9a5f89e02a785ad607b7b86e86e1,0.13877735,0,0.0
VirusShare_070f4842277bc3c1136f6cd5b9de5469,0.14229229,0,0.0
VirusShare_47c11fa720bd94ef51c3874cd2e78f42,0.04018457,0,0.0
VirusShare_df3d5f76da60f5c25db4834d4e1f67c0,0.15215445,0,0.0
VirusShare_148679b61a4ab3c16e7d9309604c1f85,0.24403481,0,0.0
VirusShare_eeb0c51f061fff619abd6b6aabf0edff,0.33877015,0,0.0
VirusShare_3386d5a0f73a89381890ec92ddf842c8,0.057157844,0,0.0
VirusShare_0187c1001b0963f409027ed4463908ab,0.058247745,0,0.0
VirusShare_d46abb692241f1735574b02ddcc4d325,0.06701562,0,0.0
VirusShare_9c09d46ea5f8e3f3db127d40eebb9f10,0.35212144,0,0.0
VirusShare_7801a4f7431ddad31d85b436db318e05,0.46556234,0,0.0
VirusShare_06208b85292860d61de953740d279525,0.16892257,0,0.0
VirusShare_239b567cf90ec6fe3cf180f19613c239,0.33987063,0,0.0
VirusShare_a066e6c1d69ec0feaeb451340d793f11,0.656084,1,0.0
VirusShare_8b91a883af9eb58c41363fb9b7214c78,0.3176892,0,0.0
VirusShare_32ae3a729ae523a3753b4be796ee54f8,0.65691024,1,0.0
VirusShare_d8e452efdfc7ebd22ae8eef53e775b05,0.050745882,0,0.0
VirusShare_7a9cf63d76a9013b241c538061e457e3,0.40114093,0,0.0
VirusShare_0103a7212ca00ae0d434de5373388928,0.2769131,0,0.0
VirusShare_87d4095c2ce46d773b95f606ffacd1af,0.3144967,0,0.0
VirusShare_96b7f8aa3e6e492bed6e1e99f6b4f8bd,0.3144967,0,0.0
VirusShare_783cabf4a002d9731555ffd639593e8e,0.6501409,1,0.0
VirusShare_27a9124bef7fe491b759a0127b10ed97,0.058237374,0,0.0
VirusShare_99806f18a7b10a16c078b8f53d03f171,0.09119268,0,0.0
VirusShare_aa280b734fa2f0f5ff185957850bf7ce,0.24444588,0,0.0
VirusShare_d92fe49e35c2c986a62126e5f4898442,0.111646175,0,0.0
VirusShare_c0815832b63cde505b0f95938e97b58a,0.54612017,1,0.0
VirusShare_8de8e9bbd171ec8a3ff11192a243840a,0.057157844,0,0.0
VirusShare_1b45d75a46b27801c6e97dd2818952f7,0.53546745,1,0.0
VirusShare_d19a9b87326fa48226c83eea213103b9,0.09119268,0,0.0
VirusShare_798d034c63f617560828a64a588dcc99,0.3187364,0,0.0
VirusShare_4781c721b1305c690f80ee7657abfe6c,0.31802982,0,0.0
VirusShare_5771c1c1e8d0ed83a9b85a31b6510de1,0.057157844,0,0.0
VirusShare_d892694ddc6a496bc438550e41fec268,0.057157844,0,0.0
VirusShare_922769e77d2e3f446bf5fa9e2067fe17,0.3323565,0,0.0
VirusShare_bc3ecdbf84b96d76fa53012c9e1326d3,0.057157844,0,0.0
VirusShare_3509761091a0c04409891df992fb6779,0.04018457,0,0.0
VirusShare_e65a38f18002a0b95eba4485d416680c,0.31970078,0,0.0
VirusShare_f3a2f5dbf058b65ff1be999e2d77770c,0.31448174,0,0.0
VirusShare_bddf04802f03718ff093a4f5249d10bd,0.31448174,0,0.0
VirusShare_73692e7a9da53fb0fd3dce9e847b2521,0.06271059,0,0.0
VirusShare_a1763d59a2cdf1cb95130c62034a8088,0.042850357,0,0.0
VirusShare_82205dc19b7410dd32348aa029a8997d,0.34481928,0,0.0
VirusShare_4d4efaf353a8a885559b889bd275c963,0.124969006,0,0.0
VirusShare_a880da75f55cee11f30d535c4ede2ae0,0.3176892,0,0.0
VirusShare_d60c19aa73d0922f098e701a896ba661,0.3176892,0,0.0
VirusShare_b4b03ff8a316f9e6867f729155de26cc,0.3176892,0,0.0
VirusShare_0eed4b5dcd9e68dd4b029a2bc59364c2,0.3176892,0,0.0
VirusShare_5c736ea360df521f5a72e43387aeff00,0.3176892,0,0.0
VirusShare_79179c9349a297c8851cc1b28ee6f46a,0.3176892,0,0.0
VirusShare_ffb7b135a138787d82eb27e5a4c24f0f,0.06685674,0,0.0
VirusShare_932143f3c2d79bca2670b7dde0a04ddb,0.029380614,0,0.0
VirusShare_bbb38cace95a2818cbd5cbd8f001e7c4,0.051879704,0,0.0
VirusShare_f7b97491d0f4e62f94f4a7afc602d283,0.37352696,0,0.0
VirusShare_319323188b9e8f7f09516b1ad569ece6,0.068786524,0,0.0
VirusShare_ae35cbc6f5399be3c7f30d17b7d39028,0.04018457,0,0.0
VirusShare_e0636e9aa94a6710621fd27f43679592,0.3176892,0,0.0
VirusShare_6059713049b4b8c37e9997368d296e3c,0.31948572,0,0.0
VirusShare_b9d9ca1f1bb14180d4bc6cb9e8c80372,0.044692326,0,0.0
VirusShare_30caa6e92097ca9550e8d070da5006e5,0.111646175,0,0.0
VirusShare_4e91ee741e4fb94d618c9e85e70d0b2d,0.66023916,1,0.0
VirusShare_0d5cc91890c411599e994ab4d927350b,0.34378922,0,0.0
VirusShare_c70340fc6edf9645a565b74b24e5295d,0.081083395,0,0.0
VirusShare_1ea57ee675964bf48fc6771d0ec1e7dc,0.04018457,0,0.0
VirusShare_a21e08d4718e4c906421d61148e33f5a,0.6564703,1,0.0
VirusShare_2cfb29f7d191320d22b663851eb0c48a,0.32948294,0,0.0
VirusShare_74d1c3718031b81d2489ba60a19545c0,0.3176892,0,0.0
VirusShare_6d194cd1afe17899b8cb30d9fdc921f4,0.3176892,0,0.0
VirusShare_34f790d66b24f011704d45db4d939bd9,0.3176892,0,0.0
VirusShare_30104385393d6a2002f89157a0ca0f02,0.34789094,0,0.0
VirusShare_e2c0cb1e87e26fc30a67916baaa869c5,0.24444588,0,0.0
VirusShare_e1dcd132d19ba1ffb24dff337b4947d3,0.111646175,0,0.0
VirusShare_e1ec253c5d0273f63fd4480914d634f2,0.24461003,0,0.0
VirusShare_c4dc7cc81ac50da8cb4e08fc27293593,0.31802982,0,0.0
VirusShare_16eab7ae41934ea086020836874e7a40,0.31802982,0,0.0
VirusShare_f4a49c6484ffec10e29db1033d8b8803,0.2062403,0,0.0
VirusShare_215212cc078d78de45faa8e0949f746b,0.30842477,0,0.0
VirusShare_1afd69e1e1eee4116cde458ffe7c39e4,0.09119268,0,0.0
VirusShare_1b5bf25cee117b41842199d144f5db4b,0.049565934,0,0.0
VirusShare_301b62761a145a4e60a9fd1605b78391,0.26854733,0,0.0
VirusShare_3f12dbf8de3b68065b216ad769037378,0.24461003,0,0.0
VirusShare_536ebfd99cde129ed96075413f68dae2,0.24403481,0,0.0
VirusShare_aa4dcf74a66d189ad92c69a7cbaf80e1,0.34114817,0,0.0
VirusShare_f397252c2e19fcc63bf75881003cc6c8,0.2769131,0,0.0
VirusShare_3aaeb2652f351f1acfe3d0bbd5c14066,0.20605949,0,0.0
VirusShare_1356075b1cef500ee3f3e4108c5f3f2e,0.09119268,0,0.0
VirusShare_edb6c4708aae71a54269946a2905e133,0.33299294,0,0.0
VirusShare_d997dd1017189443778b8c2911280592,0.31802982,0,0.0
VirusShare_24a4cae94dc9b04f1d0c0f094b384773,0.31802982,0,0.0
VirusShare_53d5dd9f004a88d348d437d1191e1796,0.3176892,0,0.0
VirusShare_9e4d2b3f083a57ad6a94be08ed196640,0.3176892,0,0.0
VirusShare_0f4d58c478ccfcd6bc268bd2272be569,0.3176892,0,0.0
VirusShare_8f49825416eca1c32e07ba5941976e84,0.3176892,0,0.0
VirusShare_75a14349e9f6db87e34137fd2df1a876,0.3176892,0,0.0
VirusShare_647a7aa399e9c13823226f4f9dfb7374,0.3176892,0,0.0
VirusShare_334bf95dd43d7e97592f55c695b5f3c2,0.3176892,0,0.0
VirusShare_71b23d3d32a06f5cc4bb120179118463,0.3176892,0,0.0
VirusShare_cc554c681fa860aadfe57d80d7c62b81,0.3176892,0,0.0
VirusShare_5edacf3739ac88b42d6c0708b7bb7757,0.3176892,0,0.0
VirusShare_9674c74e57ca8bcc4dc40045b96b8227,0.21803065,0,0.0
VirusShare_7dbdd84f770b3cc14938110eccd0d9c2,0.20396951,0,0.0
VirusShare_d71f491288c6eceb46c92467c83f3758,0.2753819,0,0.0
VirusShare_bc03bc14e84cded1df4f72a9da9cd379,0.65924007,1,0.0
VirusShare_bef48cf5beab90df25cff45e6b91c424,0.09119268,0,0.0
VirusShare_d3b4ddb1726a71c80f63c62744b630db,0.26452407,0,0.0
VirusShare_bcbbc8709838360c4bbae5909c3938a9,0.364594,0,0.0
VirusShare_b87bd7b5352d159c7ae2ecfc00c7b0a0,0.16664374,0,0.0
VirusShare_7b4ca8f80c3a2258208a83b180f513f2,0.16664374,0,0.0
VirusShare_dcfa0efc98cd48a8f54a5992a8d36156,0.111646175,0,0.0
VirusShare_f3d0dbc072b9ad9c9a7f8f771df0e1ff,0.31448174,0,0.0
VirusShare_7a0d985da32eebc55cae569a213f4575,0.31448174,0,0.0
VirusShare_fb210e497574a5ece0d3ce496186becb,0.31448174,0,0.0
VirusShare_58c8cdab47f2f991afe36f2c0907a5a7,0.31448174,0,0.0
VirusShare_4145a4ff3f290480c1c88ba8782e54b0,0.31448174,0,0.0
VirusShare_ba9842e475d664bdb53f703726dd1fa0,0.31448174,0,0.0
VirusShare_53172d0e825320fde4d0cb9fd9ef27b2,0.3198162,0,0.0
VirusShare_3b9e8f68479f6319a29c56daab208749,0.31448174,0,0.0
VirusShare_ea2c9d3c64fa78b3cac102a4c8dc6a74,0.11013062,0,0.0
VirusShare_1e79cb410ad8f249409c951cf1b1ae75,0.031389404,0,0.0
VirusShare_cabcc5da72547d8de9e9cbb7eec02f46,0.2769131,0,0.0
VirusShare_107f893e48380b5f52bdd170e343da09,0.3375716,0,0.0
VirusShare_08ab9bb8c2254802f48c6019bb2cbb11,0.12971422,0,0.0
VirusShare_c560d75c9e71e4c4d451e6b184bbfeac,0.09119268,0,0.0
VirusShare_35d250939724219bf1a42c39977ce278,0.09119268,0,0.0
VirusShare_58a192c56eff7d48740607232cea9d49,0.28831732,0,0.0
VirusShare_f52efd67cfc3de6385aa69c892da1a18,0.04018457,0,0.0
VirusShare_90bb9d0beb801d749545e69997f911d9,0.04018457,0,0.0
VirusShare_635936124fd3bb0e4a879c0ba8372992,0.04018457,0,0.0
VirusShare_e029be003b7f380ddb81748cd164fb2b,0.31701404,0,0.0
VirusShare_fe35c1c4349ce42eb5bf5bf9ea6d44e3,0.18404517,0,0.0
VirusShare_3bd5d127ba962d0f6ed044020ddb7fd0,0.03164568,0,0.0
VirusShare_010e3e10edfcadc55059a9daebe25474,0.04018457,0,0.0
VirusShare_d4d47dd8fb27d73b8a4eecd6c25d49e2,0.09119268,0,0.0
VirusShare_353a347d8b7cbb24cf1087f0903337ec,0.45872235,0,0.0
VirusShare_a790758f701b095f5b48584525db4fc3,0.09119268,0,0.0
VirusShare_2cce8f575a43dbdb85f28689a40ecb2d,0.20512314,0,0.0
VirusShare_eaf38c481625d535a5fc125ffdeacfa7,0.04018457,0,0.0
VirusShare_8b77251f930fdf421bef43338fb37eda,0.19978245,0,0.0
VirusShare_885aafd82ae11759f0673ad165fed90a,0.6593188,1,0.0
VirusShare_1c9f2fdea122bc8390e0c95482f295dd,0.048178814,0,0.0
VirusShare_6c738d256e4b7bd125bfbd0a1d64547b,0.24403481,0,0.0
VirusShare_da49fcb5cb8427985dde22d4e4efd082,0.036866553,0,0.0
VirusShare_640d693f30305d8a0a28620cce6c33b4,0.29452747,0,0.0
VirusShare_8fba97f85f918801c1138917cfab35b5,0.12306976,0,0.0
VirusShare_0ee265ddc24b8346a64f6ea6f696cca9,0.3419737,0,0.0
VirusShare_384fa781c03c889c4500dfe3e2b4d975,0.6513163,1,0.0
VirusShare_dd3ee78ab687def0e5d7977accb705e3,0.27581018,0,0.0
VirusShare_c76abfb56c33379ffbe4e1e67f331980,0.3461962,0,0.0
VirusShare_09257247aefa5685edb1198d677c8fc6,0.081083395,0,0.0
VirusShare_ae6a163e2ea3eb23a9609390767154fb,0.06471368,0,0.0
VirusShare_fa3bc6af683f58a029cb6c11352ab59c,0.65821576,1,0.0
VirusShare_070fb1bfb712c264018ed5c4ef4cef91,0.19978245,0,0.0
VirusShare_03c0cf5307964659a7b10138228b6797,0.04018457,0,0.0
VirusShare_3ef9859559e6d0ad9086021fe2311154,0.65678877,1,0.0
VirusShare_56f9a7abd4ad9c1f7cb83792cbc833ef,0.06176715,0,0.0
VirusShare_064d4f941291fb9ac583be6a57d506e2,0.059607722,0,0.0
VirusShare_6f9fa5d4ac70bb8a654ca4be607ddd31,0.059607722,0,0.0
VirusShare_ca2eb4ecc3f9473bd1bbe0fdde08096a,0.05745529,0,0.0
VirusShare_82eb21133d3fa7a7d25e8fbab24b59a1,0.23205593,0,0.0
VirusShare_b59751d1108061032ab4943af803cdb2,0.22933619,0,0.0
VirusShare_17105841c3ec9c7f243bb8aac56318eb,0.062162686,0,0.0
VirusShare_0ea71fddeeb48875a49b2250432ff1b1,0.04018457,0,0.0
VirusShare_49b0a9c7a90b66dc243af4c08b9a9e64,0.65311563,1,0.0
VirusShare_90a7480d2a90eae82dd5e0c85ffccc61,0.2280517,0,0.0
VirusShare_0c03df02a5da920f307dcfc532b47d68,0.6588562,1,0.0
VirusShare_a23c2e1a216442f444ddff91e37846a9,0.09891324,0,0.0
VirusShare_a869b26c389ebaf4c94c26109dd7476a,0.14764194,0,0.0
VirusShare_348884942698ac0212becac8eb41e82c,0.11727848,0,0.0
VirusShare_c9f8e0c9d9f01b70f9127c4f87169cb1,0.0908338,0,0.0
VirusShare_8eb4ce4066a203023a17b31d22ebef7c,0.059607722,0,0.0
VirusShare_87543a79e332e3561d024bc966acb812,0.25371948,0,0.0
VirusShare_1347ad0dd707cd40aeecee7e7a4e89ef,0.19978245,0,0.0
VirusShare_43fbca18186f440b6f1fb0993c0fb60e,0.65428084,1,0.0
VirusShare_2b2930acc4cabd91a6a1c8b30ef481a5,0.09119268,0,0.0
VirusShare_ce0ef3062fe6efa05fc1789f3dc1f030,0.2062403,0,0.0
VirusShare_0b4277532f4673b530bab67c8e382aa4,0.115649916,0,0.0
VirusShare_c01e689297fb4ea79614da8fefaff104,0.34526628,0,0.0
VirusShare_82fda2f5fef71fe8d0c7dbc4e1e2f75e,0.24833122,0,0.0
VirusShare_78371c8a3e618eb0e7b9b09fb446b6c1,0.65412855,1,0.0
VirusShare_9787f3d565a9362a1010657e9259ac75,0.25371948,0,0.0
VirusShare_109cb0f053f97e77077abcd078d19951,0.2062403,0,0.0
VirusShare_5ec5c20a4b02d9a10736ec6e81e877d4,0.07391674,0,0.0
VirusShare_7e2b590a4943fa701bf865cd37017588,0.059607722,0,0.0
VirusShare_bbbe41b6a2641ed9cfd647e04688406f,0.33657664,0,0.0
VirusShare_850959d0a9d7520cd1b672e20ec28197,0.2764054,0,0.0
VirusShare_4d8a462546a41619247cbbf0b3d89f8c,0.059607722,0,0.0
VirusShare_62bdbc27a64689641004e0b9c9c6ffab,0.24403481,0,0.0
VirusShare_073ef67f0694d1d0ea95cb57ad470ebd,0.122433625,0,0.0
VirusShare_0e074ce54255d4dc7e79595067b8731b,0.25371948,0,0.0
VirusShare_5764cede298642111b74cc6e04507501,0.26819092,0,0.0
VirusShare_0dfc75aea3a868cf579b4072e78f739e,0.20310676,0,0.0
VirusShare_45e23231f39a577e529c1793da8b728a,0.3420763,0,0.0
VirusShare_e48e950680170c56465362073c0bd30a,0.04018457,0,0.0
VirusShare_0400deb0385271fe8dfa6f3e04634e35,0.19978245,0,0.0
VirusShare_57923f43dd48444645db0b67eb2aa9d5,0.111646175,0,0.0
VirusShare_e66538925c5f1fdfd0e117b46829872f,0.09119268,0,0.0
VirusShare_f9c6012777ebc2279c6a6d6637f78a6b,0.081083395,0,0.0
VirusShare_54320b494712a4621261237253afde2f,0.08909185,0,0.0
VirusShare_e1af56521b3d88bf0ecdb32e3a92c736,0.111646175,0,0.0
VirusShare_bd9cb2d4eaab045269a55376f51e7c80,0.33680815,0,0.0
VirusShare_0a64aeba3831090941ec8bdc233b8f5f,0.19978245,0,0.0
VirusShare_0da9e38292d8f7335433944d4860c31c,0.16280313,0,0.0
VirusShare_6276bab0208fe882d2674810a34590ce,0.12096578,0,0.0
VirusShare_7cbc2e1d027d822c7f699e323808b20a,0.2777156,0,0.0
VirusShare_261088b51d1017d896eaa57bdfd84e99,0.19978245,0,0.0
VirusShare_f094adef4c73c7a3945e0105d0b178b5,0.09119268,0,0.0
VirusShare_bdb78c36ee09c29a8535c2777d66e2f2,0.11106883,0,0.0
VirusShare_abeb5166f9d592e08bd44a099e4a7fdd,0.20564866,0,0.0
VirusShare_8a6d7161e22670f2bf2d9c8f5c510b3d,0.081083395,0,0.0
VirusShare_fcbe859e56a79d694c2d6e5fe592d299,0.09119268,0,0.0
VirusShare_99c7f4debd32b90d70d01dd4731381e7,0.31768075,0,0.0
VirusShare_2d7b466bb8238c8be0d517b27d0bdbe1,0.31768075,0,0.0
VirusShare_e688d7d56670cb1274adbf184fc5da03,0.31773108,0,0.0
VirusShare_6a4db4e1b257c21352b299f89020dd67,0.31768075,0,0.0
VirusShare_7516655f9a83a003f195f8c50b0c9aa1,0.66058445,1,0.0
VirusShare_bd911ac8f4e26ce5346e68f8bbdd5b95,0.02224358,0,0.0
VirusShare_df90b2d70cc7f713470523c1f159ca1b,0.04018457,0,0.0
VirusShare_99131eb67044f90513c23a2593c705ae,0.04018457,0,0.0
VirusShare_4e558cce11a52b3f3d99e49512e675a8,0.30387726,0,0.0
VirusShare_87063deb1c803497242896e047932d0f,0.19978245,0,0.0
VirusShare_0207be3b4adbcde8798dbeb6cb450063,0.16213484,0,0.0
VirusShare_71e1b6eef2b908dda4fadff39575da45,0.059607722,0,0.0
VirusShare_686c4a31f9ad5e28c0b2fe7fe5606284,0.3406468,0,0.0
VirusShare_592c516538486ac99aea17d855e9a1ad,0.3176892,0,0.0
VirusShare_a5b1e7776806c0c0a246937b55159460,0.3176892,0,0.0
VirusShare_bf2f48567ec71d55b427bf59312e3b50,0.3176892,0,0.0
VirusShare_19ef1faeff407b6aeb2aeacf92ae0ad9,0.3176892,0,0.0
VirusShare_69ec3902d7a3733cb7c925160c002ea2,0.3176892,0,0.0
VirusShare_e608bc0b7faa409b36d9661bf0ce7187,0.3176892,0,0.0
VirusShare_69ac79ddf0ffb812130e7d30b2876ff7,0.3176892,0,0.0
VirusShare_8a74a28451095009bb8e22d2d50bfc50,0.3176892,0,0.0
VirusShare_f9226511b9485e6ab3770f8045fe9055,0.3176892,0,0.0
VirusShare_2461815df908be50396d96d974bcd731,0.3176892,0,0.0
VirusShare_ab3ef7ba74c13b0f115f8258070b5e03,0.3176892,0,0.0
VirusShare_a14a8ca5a18f4b90b6c4136e6f71f3ba,0.3176892,0,0.0
VirusShare_e9be8869464dc6d6eed42b9accc80278,0.3176892,0,0.0
VirusShare_133419fb1dc18d815bf1a7c3731355a0,0.3176892,0,0.0
VirusShare_1536b7498174c0ac02f7344d42ce9189,0.3176892,0,0.0
VirusShare_d751e9199ca419ee39584818c6e95ad2,0.3176892,0,0.0
VirusShare_deabe30cdb5ce79fed53515d5fdd25ca,0.3176892,0,0.0
VirusShare_674549fa815e8c0be961d1e658082d8c,0.3176892,0,0.0
VirusShare_10e5bc92238070bd9c306e3fb599d8d6,0.3176892,0,0.0
VirusShare_8668ce08541dc64e6c59058d4845ddca,0.3176892,0,0.0
VirusShare_d417b482f1482d1fba643623e593f126,0.3176892,0,0.0
VirusShare_d0355e0cd4cc07bff34f0e5a2c185ae6,0.3176892,0,0.0
VirusShare_da1a250aea694932136f1357aed6bf42,0.3176892,0,0.0
VirusShare_140522d8bc8b1ee581a9afa8978734e8,0.3176892,0,0.0
VirusShare_12016d92bbc2c57a85d17aaee448d27c,0.3176892,0,0.0
VirusShare_536292972e949350533e71be6a537f64,0.3176892,0,0.0
VirusShare_8fc184c7ab21c66248b4811b081b7d78,0.3176892,0,0.0
VirusShare_ad815455ed34f4f8479bc3ed7d45805d,0.3176892,0,0.0
VirusShare_dbfaa3bcfb86b2f5e4c386507705ffb3,0.3176892,0,0.0
VirusShare_f0167d7ed886c0c0c05c23368fe52510,0.3176892,0,0.0
VirusShare_f5040722c78ccf93d0a2945ef4aade82,0.3176892,0,0.0
VirusShare_3102ab06437b9f16d824cfd764894a55,0.3176892,0,0.0
VirusShare_6a856970b78def214b6953a59a23ef51,0.3176892,0,0.0
VirusShare_8b804d5039ab792a8626ca766ee01dae,0.3176892,0,0.0
VirusShare_e2144b0a0e7d36f9c62e486e18ef9857,0.3176892,0,0.0
VirusShare_3c05f73f91396dcbe0532c89a4a00c4d,0.3176892,0,0.0
VirusShare_cc9e3dcd9644c326ff5094a0a1330e10,0.3176892,0,0.0
VirusShare_abb6a6a9759d30704eea7b4ee63b394d,0.17533538,0,0.0
VirusShare_26dd621781f024941a844c0f04a5e1b7,0.081083395,0,0.0
VirusShare_60d0cf88e0469caa18e4a5e84a160e7a,0.15540767,0,0.0
VirusShare_2dbbd6ac3420812c8c713d9e8a875050,0.31802982,0,0.0
VirusShare_07f455e7882f2011bc0e71ddf03187cb,0.31802982,0,0.0
VirusShare_b7500a40ecc6c20f4c5211ae7db33bf1,0.31802982,0,0.0
VirusShare_c52ebe3b4f5b338243167b3f8254efb7,0.31802982,0,0.0
VirusShare_e68180ff8ff8616f8053e11332c92499,0.31802982,0,0.0
VirusShare_85e349472f2a52256295bc4715e5b486,0.31802982,0,0.0
VirusShare_622b72bdf3208df754385fda551c5f7a,0.31802982,0,0.0
VirusShare_2cd1323eefd63e3997f25be00a7de12a,0.31802982,0,0.0
VirusShare_3b817984a21f673e8cbde2fe97f71f7d,0.31802982,0,0.0
VirusShare_c2f5034b90857373db5a240661f790cc,0.31802982,0,0.0
VirusShare_ff25a19c8e9cebe7f67e5191664d79dd,0.31802982,0,0.0
VirusShare_32da959d1599b9a244fe17073b240729,0.3144967,0,0.0
VirusShare_1b1faa55dd8fe1b2f95f015264975aff,0.3144967,0,0.0
VirusShare_2bc7261c31042d27f94a4f5a9ce453e5,0.3144967,0,0.0
VirusShare_14dc202edb60d9fc9d4459f8c06c56ec,0.3144967,0,0.0
VirusShare_16c70c1eac09725c6943b1e4313e98ac,0.3144967,0,0.0
VirusShare_c6ba26af6ce3a7e61eda9285289db8cb,0.3144967,0,0.0
VirusShare_33458275e0aa741c9bc55331909a4561,0.3144967,0,0.0
VirusShare_3f65e87c412ae8192fbc814e159a1019,0.3144967,0,0.0
VirusShare_5c4c98cf29a3fcc9e689c95823ce8674,0.3144967,0,0.0
VirusShare_13d3df811270d839cc35b158520b541d,0.3144967,0,0.0
VirusShare_3e13b8e2e743a5a928e0e104f5ed506f,0.3144967,0,0.0
VirusShare_3637635156a704dedda2e188fae5bac1,0.3144967,0,0.0
VirusShare_129f994feff8a45e70a004e366575aeb,0.3144967,0,0.0
VirusShare_2416503998caf3a11e85db10da5c7d86,0.3144967,0,0.0
VirusShare_5bed42c6854a255dc3bac60ecb0c5d16,0.31802982,0,0.0
VirusShare_397c41efd3821048922311161e3fa2b1,0.31802982,0,0.0
VirusShare_47961313c527bc972c85501da556dfb8,0.24461003,0,0.0
VirusShare_5a9a472ae6b1e5581a6f9b7252a6be85,0.15489604,0,0.0
VirusShare_b6ca8c36cfc5968191c2a37b86871188,0.31448174,0,0.0
VirusShare_d670857467f1a5045642d692fba84620,0.26189238,0,0.0
VirusShare_e11797cb0bd9562765710d3b05713545,0.14950678,0,0.0
VirusShare_b2f4be1211c20fe036f5ef53fadb061d,0.081083395,0,0.0
VirusShare_ba6d56c3cea1e310ec1c2b4d2bab6bfb,0.65837306,1,0.0
VirusShare_bb60fff19dc335fd5a5bce5cc746277f,0.3176892,0,0.0
VirusShare_d96da4030beadd4db627583776986028,0.3176892,0,0.0
VirusShare_ac8b270d4846007c78af4b6b70f5e3a5,0.3176892,0,0.0
VirusShare_72f12109dfa20cbad1d5775ae97a3332,0.3176892,0,0.0
VirusShare_7ad90521a1ad1a86d903085230db1fb6,0.3176892,0,0.0
VirusShare_dc04cdcc97e8ca5b5582154c4434372d,0.38446033,0,0.0
VirusShare_37280e42b4106a41daff3117e7da1bae,0.11084153,0,0.0
VirusShare_7b059969b3577accdbebdf4ed06db61e,0.18830462,0,0.0
VirusShare_2d311c8c2f48a12aae57610c5bcea80a,0.15699053,0,0.0
VirusShare_246e57490c32608ee18ecfc4c8c4eb32,0.18190208,0,0.0
VirusShare_a78d9869416335b3d6714008bdaa400c,0.34526628,0,0.0
VirusShare_1576791dc9f725eebc005576a8ce2658,0.15421459,0,0.0
VirusShare_55b4f35e490aaa9c37d30bd17df75b13,0.3180057,0,0.0
VirusShare_ab593ff328622e7fabe836c1dd8c2c3e,0.081083395,0,0.0
VirusShare_b393aea7a1801c004f1119fa90ca5bad,0.3176892,0,0.0
VirusShare_eca175132b0dba4e800d4f75c08c35a2,0.3176892,0,0.0
VirusShare_f6bb80f7f3bdb6ee560dbafd1ccb337b,0.31970078,0,0.0
VirusShare_62d75992ed51ecf69f017578456cf1fb,0.3176892,0,0.0
VirusShare_7f430fae3ca97f9e8bc115d90069dfd3,0.32367378,0,0.0
VirusShare_ea3a0c15e514cdc4174abb1775f58f44,0.3176892,0,0.0
VirusShare_37fddb5535d0b82798f4a266929071da,0.3176892,0,0.0
VirusShare_7b2d2d52e6ed3aeb4ae477790c05e6b0,0.3176892,0,0.0
VirusShare_dea6585872b00314de03a96f51d4c098,0.32367378,0,0.0
VirusShare_fae2c61f6672c4ffafb44b32fcebdd33,0.3176892,0,0.0
VirusShare_0a05f9579caf834ee9651135feef0143,0.31970078,0,0.0
VirusShare_63e5bc93a796e5e608a49b45920d142e,0.32367378,0,0.0
VirusShare_a608588ebc2ed98d2df4bc93e03ef428,0.3176892,0,0.0
VirusShare_ca328cb8a626ff029030ceb63e582b5e,0.3176892,0,0.0
VirusShare_85291df822e7aa75fe17a7eb522a0bd3,0.31970078,0,0.0
VirusShare_7f897f7933ecd02b0c2fd7b8bde1a3ee,0.3176892,0,0.0
VirusShare_0c33ee481642d0e6eb61d7c4211791a2,0.3176892,0,0.0
VirusShare_fc4199de54564e5178e87d0c5e53069b,0.32367378,0,0.0
VirusShare_05e7ac9f22fb13c6b115a6cbe0c4c089,0.3176892,0,0.0
VirusShare_1a051a36b610129d5ba4722b83f0a9c4,0.3176892,0,0.0
VirusShare_43a788fe8274cca6322cd60618609195,0.3176892,0,0.0
VirusShare_bb8b13936239926e9d8ca2497b55b876,0.3176892,0,0.0
VirusShare_4b10f0484c4ae274464c89c8456ea26d,0.3176892,0,0.0
VirusShare_53fb5090ab20854f77beb6d37bc9e326,0.3176892,0,0.0
VirusShare_5ffdf22d2b0058c914fde296c1910690,0.3176892,0,0.0
VirusShare_c3f7767fdf973c2d5b6046089e01e6d3,0.3176892,0,0.0
VirusShare_09771c08967e68ccea7481868deb4389,0.3176892,0,0.0
VirusShare_80075a4ac08978a4fc59e306258cc05b,0.3176892,0,0.0
VirusShare_0baa580b33e2e5252e36ebba5cb9cad9,0.3176892,0,0.0
VirusShare_196f447e984a843826f2a0a61683ad43,0.3176892,0,0.0
VirusShare_423b8a566b6fb764ae48125ff5c77167,0.3176892,0,0.0
VirusShare_7ff4f2672161c9714685e8687b70c2a1,0.3176892,0,0.0
VirusShare_8f8fbbbce74dfd334d06ab3ae25ec217,0.3176892,0,0.0
VirusShare_a2722f88ef958c62a675626520d5dd1f,0.3176892,0,0.0
VirusShare_0f7045dc156e1ad1f4edff5c2f38671f,0.3176892,0,0.0
VirusShare_67e31e7a88d4ce18894d14af127bf522,0.3176892,0,0.0
VirusShare_b4953691a3a23fbe1d2e6aa6fbbad7b5,0.3176892,0,0.0
VirusShare_36b0cd878fc73e1284561a8f0eef4129,0.3176892,0,0.0
VirusShare_016818094dab91c4a47e7c8834e99ea7,0.3176892,0,0.0
VirusShare_6f1dd6aa3bbf55e99bd82210d5a6f50c,0.3176892,0,0.0
VirusShare_8da672c3683bf4f0b6c71275ae713ede,0.3176892,0,0.0
VirusShare_d26851f3050c2fe8ae5f21e4ffe49651,0.3176892,0,0.0
VirusShare_e28de171cc79dec889c643584ed65f22,0.3176892,0,0.0
VirusShare_7260aff0ac63a5c00cc3c0e61e1222bd,0.3176892,0,0.0
VirusShare_e2673079f1818a34f5ab796282be60ab,0.3176892,0,0.0
VirusShare_394ae19de0df7477001e91145c3ab220,0.3176892,0,0.0
VirusShare_95a47ca93c59b8bd702d8c48bcd871d2,0.3176892,0,0.0
VirusShare_4e55e41eb8f182c48be2c9f13e6e89e4,0.3176892,0,0.0
VirusShare_77812ab6a13fd79b5894360e8acc8ef2,0.3176892,0,0.0
VirusShare_7a3035ea3b264662fc08453413fb66a9,0.3176892,0,0.0
VirusShare_90d61427a4cbeb8a401b9e843c646745,0.14950678,0,0.0
VirusShare_a7a5d8352bbe6030c830a3ee2574851e,0.37753642,0,0.0
VirusShare_6463c91feace2445b7448f4204713a1e,0.31769687,0,0.0
VirusShare_89aa092462775cd77efb340663b4883b,0.31769687,0,0.0
VirusShare_48c8da66db1ba19747ec2819911bf892,0.31769687,0,0.0
VirusShare_b2b87136e7a84894ee952ad09235beb3,0.31769687,0,0.0
VirusShare_64fcb0dd5d9a39e5be897c7f463885bc,0.31683296,0,0.0
VirusShare_1adefee070e6bfa7768f5c56e953ad3e,0.31683296,0,0.0
VirusShare_13d7067ed1ca7dbaf010486e8fe714e1,0.30387726,0,0.0
VirusShare_5bf94038e3fc716c74993a0df8ee1f23,0.36664158,0,0.0
VirusShare_d2fe5b4753f74e4997de915a8c7cbb1e,0.34526628,0,0.0
VirusShare_c6f8599f64387804ccab9bf270bfaac5,0.24403481,0,0.0
VirusShare_4f9a4a12277374f3c44eb622bd9e3d9e,0.50571316,1,0.0
VirusShare_1811388a6934841ce4eea4f4f73da82a,0.6525351,1,0.0
VirusShare_118f8548ed2a0b6bb12871fe409639d6,0.023312498,0,0.0
VirusShare_52ef1bacda01c1696a616261b23eb957,0.059607722,0,0.0
VirusShare_8c3c21aaffd7db11bb186d0669789169,0.059607722,0,0.0
VirusShare_d740fd5e5c3e6069dc64732b51d0ff89,0.24869303,0,0.0
VirusShare_18af58692d67fb4f25b1f23963759fed,0.16892257,0,0.0
VirusShare_b0125fd40d4146b6c334e9dde6967598,0.48684254,0,0.0
VirusShare_010d99623d2a768b0ba2d418adfff92e,0.25371948,0,0.0
VirusShare_20866412f94f422d59064e95c3bc4649,0.13183293,0,0.0
VirusShare_f30c45f6e44c165c32ebb63f723d3a28,0.33422914,0,0.0
VirusShare_09ddacc4bdb6b31358e250bdcddc2db2,0.116622195,0,0.0
VirusShare_96e544a60148e1ecd202a6bcbb7dd6fa,0.21995275,0,0.0
VirusShare_fa49366ccb0e9a4a4130b8408f33243c,0.111646175,0,0.0
VirusShare_8dc8da36d8d5ae82d30b522fcd111823,0.65691024,1,0.0
VirusShare_6e1c0db7ff675b626b69f43deaf92094,0.22376184,0,0.0
VirusShare_c2f06d9740fd029b75a5a6ee1af9c5f9,0.35632205,0,0.0
VirusShare_4d560df5a5fd310864abe3eda64d03e8,0.35632205,0,0.0
VirusShare_85fa38712f6616d8ee69e541e91ee49c,0.41855818,0,0.0
VirusShare_128dba941343a22375fa769e6d63cba5,0.427121,0,0.0
VirusShare_b7d8c88a6a40895be519a2c10cb94483,0.3178422,0,0.0
VirusShare_419a2cce06b5f02e96266df6a91f6846,0.12663452,0,0.0
VirusShare_733b248998cd6a41058e299f9a8894b9,0.081083395,0,0.0
VirusShare_d25479cbfd1fa86191f01a435ae3f508,0.15298246,0,0.0
VirusShare_6109c629a8fdd8b8960b21c7cbb61273,0.4581676,0,0.0
VirusShare_0750be41de58396273ef258731b5d596,0.3178422,0,0.0
VirusShare_295ace6f52a261b8fbee88fc97b29c98,0.3178422,0,0.0
VirusShare_820d7cdf9b3cb9164f40d33d41a7209d,0.3178422,0,0.0
VirusShare_a50eab1ecc0f89c9d81e378857c51a74,0.3178422,0,0.0
VirusShare_72218ef439999dfb8ba3bd4391434b79,0.3178422,0,0.0
VirusShare_25151a7f3886fa4d575c67862b9639df,0.3178422,0,0.0
VirusShare_22b407091a94ba8fa41df8c97aea0552,0.3178422,0,0.0
VirusShare_4ba8f5ad32d35ed843fca6e1b8bf92f2,0.3178422,0,0.0
VirusShare_e6c5f5f43372c38c6ccb12517847441c,0.32001582,0,0.0
VirusShare_de646eb86d6100db7e54e005b446e371,0.3178422,0,0.0
VirusShare_19cf920c74ba76c17ddcb7b56e536916,0.3178422,0,0.0
VirusShare_ab79c35e7fdbd497c42bd84cb2b42727,0.3178422,0,0.0
VirusShare_6df9f48adabee7269b51d1052b1f14a6,0.3178422,0,0.0
VirusShare_c61dd5472c5569bb2990704e48f9c80d,0.32171294,0,0.0
VirusShare_a067da66776f189bd00dd69d23c42d8a,0.32001582,0,0.0
VirusShare_a5cb42e23895af92ac5a10da85197ea1,0.3178422,0,0.0
VirusShare_891af14c06441e1cc590dad8f289c76b,0.3178422,0,0.0
VirusShare_6bd68885739da81b45e0040c7ba24591,0.3178422,0,0.0
VirusShare_81a76eb3882779d45ce8812174e1ce3a,0.3178422,0,0.0
VirusShare_ce5cf31b6c9556591e979d5f8672906e,0.32001582,0,0.0
VirusShare_f393e26234d7905bc2611ab3a3a7934d,0.081083395,0,0.0
VirusShare_2f373a20cd85a0bdbc5f0061a21b74ba,0.30561906,0,0.0
VirusShare_e33938ccaffa46b02f1dcee44e1ad755,0.018646985,0,0.0
VirusShare_7d0861be862dfba2cb324c5bb6f5e603,0.31448174,0,0.0
VirusShare_e653c9f510bc1ffe8ca6b35f03dff403,0.31448174,0,0.0
VirusShare_2bd5a7684e0f77e7b1a98560d9bf0fff,0.16839103,0,0.0
VirusShare_1a63f01ab5eaf9212df0086fc00bce9c,0.31448174,0,0.0
VirusShare_aca036dc10f572ffab24da7d695991e9,0.31448752,0,0.0
VirusShare_52184d94455037ae482fca0fbb976535,0.31448752,0,0.0
VirusShare_d3a60bdf8331c5147033e65b160f2714,0.31448174,0,0.0
VirusShare_7aa74f9e300146571d67553bf8e81ecf,0.31448174,0,0.0
VirusShare_a03c75702e0fd818c6ffecb4e184308d,0.31448752,0,0.0
VirusShare_f93d1113ee727225e19e55314d1b7c3f,0.31448752,0,0.0
VirusShare_c55f83f045f9e9495a4a9dd5826a6151,0.31448752,0,0.0
VirusShare_c90d24c1a5220c1be357e93a1a4b2f32,0.31448174,0,0.0
VirusShare_0f223b06b3e6ce1fc373f367df7ed5ee,0.31448174,0,0.0
VirusShare_5805b3bf486faf8fa7ddf45ad21ac96f,0.31448174,0,0.0
VirusShare_852470fb29aaf87a50550a63277cdac6,0.31448174,0,0.0
VirusShare_97b1e341507dbccff14a7f20f07857a9,0.31448174,0,0.0
VirusShare_1d9c3c02199e56c7675463814dfc100b,0.31448174,0,0.0
VirusShare_236cb58a7c9129dfdfeb48f2d2a72e4c,0.31448174,0,0.0
VirusShare_6d7ac8c9a00ad71c4dfc42a89cf1b57f,0.31448752,0,0.0
VirusShare_5bdaba335d7ce98003381ae24a865ee7,0.31448174,0,0.0
VirusShare_9de94df45849b42545be4d85ab31f295,0.31448174,0,0.0
VirusShare_21f8f0298b6343bbacec74442c348b07,0.31448174,0,0.0
VirusShare_5b36c438b7b023147a34c95b07c6b7ed,0.31448174,0,0.0
VirusShare_e013b831c8f1455ebef4b611961bc19b,0.31448174,0,0.0
VirusShare_ba27ccadc1720187365a91225125f536,0.31448174,0,0.0
VirusShare_fc5e8c71d32900cd3a97e10052fdbd5c,0.31448174,0,0.0
VirusShare_712e032f8063ffe114b8454f8d6cf3e2,0.31448174,0,0.0
VirusShare_8de33472b03cccbc7dcda6b063a33497,0.31448174,0,0.0
VirusShare_d941b34f6ae944f72f9eb6414ec65a10,0.31448174,0,0.0
VirusShare_15607b1eafc625785ad9729dbe262104,0.31448174,0,0.0
VirusShare_002366c66434abcfe3ab63b46c392507,0.31448174,0,0.0
VirusShare_880e20a8fb04e77df6a839f142d1f868,0.31448174,0,0.0
VirusShare_3f722cb8b60fddb1c96d4e804481a503,0.31448174,0,0.0
VirusShare_f8f69f881fb5ca4619938ff498e62604,0.16827384,0,0.0
VirusShare_a2c13bb6ebc905dc5420880e7b488c02,0.0638453,0,0.0
VirusShare_01a2fd978c70340c68062339c9e4e67e,0.31448174,0,0.0
VirusShare_0f67b623edd08f7327338fd76489f47f,0.31448174,0,0.0
VirusShare_45e7f5419ce9e2d100902c38e067491a,0.31448174,0,0.0
VirusShare_ca81217686f22908828334d87ca68d8a,0.31448174,0,0.0
VirusShare_7caed1c1593180e661c67f1af7b5d978,0.31448174,0,0.0
VirusShare_a0ca7e757af2d19d725f69b56a71975a,0.31448174,0,0.0
VirusShare_48a25bc03da57cb8aff53128aa86c951,0.31448174,0,0.0
VirusShare_f2d12a047470e0f4bd32d05e4d230b3b,0.31448174,0,0.0
VirusShare_3488c4b5391b5485de7add8685c3309a,0.31448174,0,0.0
VirusShare_f8f319fe4a5f83d2d4a2de29b84ad49c,0.31448174,0,0.0
VirusShare_328e45992ed83edb8facad1e4d7fe13e,0.31448174,0,0.0
VirusShare_817f129117bea14820b0fcb90a8da7b4,0.31448174,0,0.0
VirusShare_5ca84b7da9fd944ee9847bf02f7f80c7,0.31448174,0,0.0
VirusShare_e338e2d6086c09306ce8739f3efc690a,0.31448174,0,0.0
VirusShare_af260988d2d65dd79039c19136ed9ea7,0.31448174,0,0.0
VirusShare_3ee88f2ebbecb9584d51302e33b74855,0.31448174,0,0.0
VirusShare_bbd57235a9b3806c348d159fefb8134b,0.31448174,0,0.0
VirusShare_c272cf56ddfe3214ab684849aadf72cb,0.31448174,0,0.0
VirusShare_54debbd72254019d0df16ffc99608fe0,0.31448174,0,0.0
VirusShare_055988769d4e7cdcb74ee5d6f8056d4c,0.31448174,0,0.0
VirusShare_45d1c873ba9dec4f3e9b49754cc5c924,0.31448174,0,0.0
VirusShare_8ce2d356216e06068a41688a588b327c,0.31448174,0,0.0
VirusShare_fe233f6f325896c138c8ec0b4e778702,0.25371948,0,0.0
VirusShare_b29e34e699d8eddea91495f8d46c0b6f,0.37530357,0,0.0
VirusShare_ba85e6688dc992c0d770d8ca182f82e1,0.19138268,0,0.0
VirusShare_c0e689269e72363ab2ec35399987705c,0.04018457,0,0.0
VirusShare_ae75180cf655f89c2b345628394403d3,0.2769131,0,0.0
VirusShare_798f0d13789f1d4d46463b3ba2e47737,0.081083395,0,0.0
VirusShare_fd1530c08f4b80b94d9279dd5bff18d5,0.081083395,0,0.0
VirusShare_52a787c0c6a6de5585df86b2ba4312f6,0.118440464,0,0.0
VirusShare_64514f130ff726dfe1c212a76ec39096,0.20527351,0,0.0
VirusShare_0305fc543c6f8ddd04cd2709c16581cf,0.29965347,0,0.0
VirusShare_56746dcc481ba2c02db506a1319096e3,0.32367378,0,0.0
VirusShare_2f11405f7888fd37c6307495d000c754,0.3176892,0,0.0
VirusShare_de0d52e578dff03c2933031443f5139a,0.3176892,0,0.0
VirusShare_ef7f13941f2f61b9fe90c4b89124bbb6,0.3176892,0,0.0
VirusShare_254ee325aaa466f1659de153ccfdfe1c,0.3176892,0,0.0
VirusShare_7fc18bf628ab8a9eece1922dd479156c,0.3176892,0,0.0
VirusShare_783f8ad4be88068f229a4295ea8f6213,0.3176892,0,0.0
VirusShare_df0c8ee0b5cea2021af6e0b7c09571b8,0.3176892,0,0.0
VirusShare_4993865c4dc0d0aea439272ababafa7d,0.3176892,0,0.0
VirusShare_853385f0c09435a0a71a78ce1651fa4e,0.3176892,0,0.0
VirusShare_d6b979b694e761688da2375f1e0e08de,0.3176892,0,0.0
VirusShare_3ddf6cf00a385a0b23823ef9ec05c015,0.3176892,0,0.0
VirusShare_99cbc293344cb095dc7bac62457442fb,0.3176892,0,0.0
VirusShare_39b7d807f09027e46002b2d343c1e98f,0.3176892,0,0.0
VirusShare_81f5a0126d7874cf5ba8c3439e2405f1,0.3176892,0,0.0
VirusShare_e765dc3c14df0c51882d8b6738312cd2,0.081083395,0,0.0
VirusShare_0a9498ab5f72ce77602471654d2bcb11,0.09119268,0,0.0
VirusShare_d7ee1ef141c414902220dbfc9fe7a285,0.650469,1,0.0
VirusShare_8d3520770e32b430e758d2aea15e8f36,0.10747279,0,0.0
VirusShare_10d41952242b8dd551932a9abc99420b,0.3176892,0,0.0
VirusShare_401992309a4abbfd4f54ef9ac93b5a6e,0.3176892,0,0.0
VirusShare_00fa7993e6f52e1a0735f5422a4350fa,0.3176892,0,0.0
VirusShare_156d21195f51dd479e49b9a050169bef,0.3176892,0,0.0
VirusShare_17926beaf94ac70e0326223b20838771,0.26819092,0,0.0
VirusShare_c3abd349d1cb4c46c18f748a0d668ae0,0.3176892,0,0.0
VirusShare_64c876cdc597a8021370c7c88afcde3b,0.3176892,0,0.0
VirusShare_6a1978aed1f01837558d3b2294ff8716,0.3176892,0,0.0
VirusShare_cc250ec56711fc381e43ae2f65721af9,0.3176892,0,0.0
VirusShare_dc6f9ec7fe8768047742c8e08e3584f8,0.3176892,0,0.0
VirusShare_ff87eacc6fe00b8cbd0865e3f07b29a2,0.3176892,0,0.0
VirusShare_102508530ab814a4a507098dd387774b,0.64859974,1,0.0
VirusShare_d9b6108176bf6a0d9af2d6b80134bd72,0.2213958,0,0.0
VirusShare_cba457669495098c6b2bd2461a0d0a3c,0.1417056,0,0.0
VirusShare_ca41a57f51a14403d77cc44878225b0d,0.31769687,0,0.0
VirusShare_d9207f6e3c38797f5b2a69c778a35fc9,0.66352344,1,0.0
VirusShare_20bc3c0751a17c2c16127bab6eb55ecc,0.21600834,0,0.0
VirusShare_6d18500efa840d9f200dc1718f2412c4,0.081083395,0,0.0
VirusShare_98c91545c98b17a940879d819af31255,0.04018457,0,0.0
VirusShare_aabbcb2b681044bd5b0b52614220dec2,0.34526628,0,0.0
VirusShare_65a84db3e3c43447536ba87249f13afd,0.11871681,0,0.0
VirusShare_f436f83d6eeccce87aef378d8c72d17a,0.20471337,0,0.0
VirusShare_0efebc2e8c89534522e84989f37c008b,0.33364978,0,0.0
VirusShare_b2adc8eefb229c312e65cac323a8fd96,0.65698886,1,0.0
VirusShare_5bf8d5c3b7d804f610460597d8e9ae56,0.1622458,0,0.0
VirusShare_bcacefe7166422aa321a36f36e0a4dc4,0.20511802,0,0.0
VirusShare_9b995aa30bd99d302a068d487e6b3593,0.10327692,0,0.0
VirusShare_f492edbf6f0a97b87f5dec39c6c8f3a3,0.081083395,0,0.0
VirusShare_656412437275c688d5cfa77bc7db2f00,0.1888689,0,0.0
VirusShare_f417b8ee47d11d2ed3e44f93e54cf120,0.13764063,0,0.0
VirusShare_50a37dd03a94a0b4cc24f528748aa60f,0.041524313,0,0.0
VirusShare_bfa6d17cd7b7cce14df438a0afc51e24,0.2839258,0,0.0
VirusShare_99f12408a7a1a9b69efb4f4a472ec97c,0.1222584,0,0.0
VirusShare_a316a822a150610c801b10ad5eb9d386,0.6611225,1,0.0
VirusShare_bc5a0cf16bb74cb0875903331d946c5b,0.13877735,0,0.0
VirusShare_7e939b385f6b866314dad6d83cbcc7e3,0.09119268,0,0.0
VirusShare_a747afe6b5be79f9a20ca29a0cf88949,0.081083395,0,0.0
VirusShare_7f3f6b2394c948be8cae2bea33925a6c,0.15206058,0,0.0
VirusShare_1fabd92a8d6992b8533b1df1b57a2c80,0.34526628,0,0.0
VirusShare_cc58983595502219ca92a4dbc95204f1,0.44764668,0,0.0
VirusShare_25fca998a06c4bf9c840d2680922cf42,0.09119268,0,0.0
VirusShare_c9ad2f1c88470bbc0508c5fcb0ffad95,0.059607722,0,0.0
VirusShare_4e5a85dcb14f7a5bceb4d12dad333d84,0.18404517,0,0.0
VirusShare_170dfa6fa431c114a96d9e4733711fd1,0.09507258,0,0.0
VirusShare_ba8b459eecbf4f2cb3a0d2db59ea59ea,0.21418309,0,0.0
VirusShare_3afd789214a5bf05d714f48acc0c7a41,0.31769687,0,0.0
VirusShare_0c973e9004bde09f4b25da2c42a56cc1,0.1424748,0,0.0
VirusShare_4baf948b924dc141914543d87c5fd30b,0.1431531,0,0.0
VirusShare_59841f591d12032e053502b5aa382743,0.31448174,0,0.0
VirusShare_899d36ae31b325241dd8a83db29b4f9d,0.31448174,0,0.0
VirusShare_45c246db99462c87376ce8ecfef39018,0.31448174,0,0.0
VirusShare_48c2bcb57379640e6b8bb8a1c50a3f1b,0.31448174,0,0.0
VirusShare_d08c8fb0e494179348b6ec0bbc828798,0.31448174,0,0.0
VirusShare_7729de97351da6b286fae1cc657e0c24,0.31448174,0,0.0
VirusShare_2a2e5985d5f0f7c6b5e35921ea793026,0.31448174,0,0.0
VirusShare_3482d92726cb801fc2ec5052bf1bfd52,0.31448174,0,0.0
VirusShare_e11f4a85c99137577a51fd8e7467cd52,0.31448174,0,0.0
VirusShare_031cd411386bf5d782bd6525cd6e9a3f,0.31448174,0,0.0
VirusShare_1037ba3bb2af94beb85a8dfadc70fb32,0.31448174,0,0.0
VirusShare_3b8d731d547778fe1b6d552b2af6e7dc,0.31448174,0,0.0
VirusShare_41fe958941e51562faa64da85720edf8,0.31448174,0,0.0
VirusShare_2def12eecae935147a7ea9dde9b8050e,0.31448174,0,0.0
VirusShare_7c69d1e9cf8c179c926035b2cc356498,0.31448174,0,0.0
VirusShare_d4534b1e09d59ea07935ff290b5a8f33,0.31448174,0,0.0
VirusShare_73fa355f8ade0628456f20837d0d4cf7,0.31448174,0,0.0
VirusShare_f1b76b44f1303473a7e4c0c63c1815a7,0.31448174,0,0.0
VirusShare_095a7c977f7daf823ae4418b332d8f77,0.31448174,0,0.0
VirusShare_94606793d8246d594bed51abbea93977,0.31448174,0,0.0
VirusShare_cccde7e98dd4d7409818cde92efb52cc,0.31448174,0,0.0
VirusShare_3e7e9e711ba2c45d74cde8673502b192,0.31448174,0,0.0
VirusShare_0a0f41da464e7e3bb7d78ff333f35198,0.31448174,0,0.0
VirusShare_a3c3f950db1c6ad5ae37fb55ca015c03,0.31448174,0,0.0
VirusShare_67f49fc15780810480d838e27dada613,0.1843538,0,0.0
VirusShare_fb85f0376233b1df00f4a8086fd38fae,0.23266101,0,0.0
VirusShare_b3817a4673c0a0d4731293c50d279755,0.15298246,0,0.0
VirusShare_2cb963789cd78f968988a6bec88eb24a,0.14179794,0,0.0
VirusShare_94a59667a70df3e57818c86bda962330,0.19162981,0,0.0
VirusShare_a39c73edad05e855ebc5864a27dfdebc,0.07882385,0,0.0
VirusShare_cdaba0593535d7c7ce35f46f3fe54dff,0.3176892,0,0.0
VirusShare_fd6375723c0ffcc8b78969af83ea0903,0.3176892,0,0.0
VirusShare_e7f9888e9a282315ce50c7adfa013e39,0.3176892,0,0.0
VirusShare_d14b2cd1799cbb58ee7102cdc44e45b0,0.3176892,0,0.0
VirusShare_bed946738d230ff3fd2fcbcaaf8f4486,0.3176892,0,0.0
VirusShare_116e6c22cd44dff4786d7d5bef9eb276,0.2139382,0,0.0
VirusShare_f4aa191e1060e8b10fe60260148c52e9,0.28684697,0,0.0
VirusShare_204bad16e99cfe4b8682d87c924e0b44,0.36183175,0,0.0
VirusShare_41bd05912072667914ab8ffeca5d5fba,0.107181475,0,0.0
VirusShare_4ea7c0db8e1bd4e04613798fe4fb9090,0.16741012,0,0.0
VirusShare_4ba0db6c31f44d785d8c277b387080f7,0.081083395,0,0.0
VirusShare_cd3dc249bbd93eb86261800c6f554235,0.081083395,0,0.0
VirusShare_2414eb5f8e4caf3571ec2af2e687211f,0.081083395,0,0.0
VirusShare_61bd0c1ad8f4e2fb0e68cb7d451d634c,0.14812182,0,0.0
VirusShare_16ecabbea06139113ecba2fb92a79a3a,0.04018457,0,0.0
VirusShare_124151ccf650a9e2605034b4876a5de8,0.26819092,0,0.0
VirusShare_65065d84dfc3b4b49b4f656c3c088f68,0.26819092,0,0.0
VirusShare_ff953ec002eaac8c57df919222a1e0b7,0.099610694,0,0.0
VirusShare_d5e309bccf3adf1a45768f6b2f9f0af4,0.16399252,0,0.0
VirusShare_5cc61bd14b963a21c2bdd6dbfe5e59cf,0.39866978,0,0.0
VirusShare_13e2025d75d076245786cc4306d1ad09,0.09119268,0,0.0
VirusShare_61ed372e749496ecbb31e17bc90a0422,0.40385872,0,0.0
VirusShare_18d2698f0d4c53f515b72b34328b16a5,0.2030029,0,0.0
VirusShare_ae8cdfb0c08411d807ef86cde5da7bdb,0.023175357,0,0.0
VirusShare_8e54df47ca66864c1e382d0379790a97,0.11704169,0,0.0
VirusShare_4c208b9634bd7fa91c7a9806b0f3aa3e,0.21448712,0,0.0
VirusShare_7bd82e0fff81f00d9d386e37b244d844,0.12082547,0,0.0
VirusShare_91a4757561edd871d16611740878ac8e,0.17406751,0,0.0
VirusShare_429128c1f671ac445a77c7fe038f992d,0.19661513,0,0.0
VirusShare_6fcde361297e220523df4535bc91f89d,0.20778184,0,0.0
VirusShare_128ce0b2d161abd278bc1264253712bc,0.17564702,0,0.0
VirusShare_db0132cc2eea5e9c10c332d069561ad4,0.18511093,0,0.0
VirusShare_caf7ab9f87ebcba83b34aaf3c3c4f1ea,0.17130665,0,0.0
VirusShare_10c3ed2fd0d4fd839ab5933b54f76224,0.04018457,0,0.0
VirusShare_ffefc4dcb74b663bac0f2a4314861017,0.26819092,0,0.0
VirusShare_c474cc70d5e8983e6f1ba7947ad40867,0.23574133,0,0.0
VirusShare_fb96fc17fc906500544b66cbfa342a73,0.34526628,0,0.0
VirusShare_7f7717dd2229fa50705e9263e031f7be,0.081083395,0,0.0
VirusShare_2acff62a4747a5bedfd5e917a9e5c68b,0.27908286,0,0.0
VirusShare_1a0eafed464276c2228e4504bf9fbb00,0.33422914,0,0.0
VirusShare_eed1ea53d5e58978a9632679d9c4ff2c,0.17058282,0,0.0
VirusShare_11839f22fe69c8f4ac427b8f8f9663dc,0.27908286,0,0.0
VirusShare_0c7adaf8f2495d1db7cbab02517fac91,0.19364285,0,0.0
VirusShare_edc6fc03fcae70ce049633e7462df1f4,0.22003207,0,0.0
VirusShare_5c8086ccd334755c0e89db7c58cb68c5,0.12329894,0,0.0
VirusShare_6c4f748439510bed5925f30f44052234,0.081083395,0,0.0
VirusShare_4097f828b39f93aafbf9f033273be74b,0.31802982,0,0.0
VirusShare_b6e31c5039c9ec83881e807a191321d4,0.31802982,0,0.0
VirusShare_929aa0803fb2bb735e5ace795196d39d,0.31802982,0,0.0
VirusShare_62d2bcfe85478fe6ce9d66f9c78fb60e,0.31802982,0,0.0
VirusShare_c9090793f3d89a5a42e408c661442121,0.31802982,0,0.0
VirusShare_4337df89136d522cf8d98b1b4764adb3,0.1387593,0,0.0
VirusShare_cb64b468b845bb1314b0411a1af177d4,0.30814025,0,0.0
VirusShare_3923da0a33176b95e3ecef8d11d0d093,0.09119268,0,0.0
VirusShare_5f727d0764a6efb6aa770a9ae349e93f,0.08781587,0,0.0
VirusShare_93158e25eaaa555a7ff87f323864b768,0.3278864,0,0.0
VirusShare_1942efa5289265fa089fdd71aa7e592b,0.3278864,0,0.0
VirusShare_51f6b1a289d4b680a53ab5221be19906,0.3278864,0,0.0
VirusShare_7c8c6e35299b88b2a0cf1302ef9a0ffc,0.3278864,0,0.0
VirusShare_f06a8a11a6127f3fc9102dfd2146f742,0.3278864,0,0.0
VirusShare_633446a3ee2e19f5714705e704bfcb8c,0.3278864,0,0.0
VirusShare_93154deaf366059decc58ab433bc2b1a,0.3278864,0,0.0
VirusShare_2b7d316760a71e3aae1149c0098379ce,0.3278864,0,0.0
VirusShare_29023033dc94fabea2f7c525bcf11335,0.3278864,0,0.0
VirusShare_02211d2efe8e4901c2cdb1e6f5c123e7,0.3278864,0,0.0
VirusShare_14b0f6ea9ee9202555b0ce84e84a9eaa,0.3278864,0,0.0
VirusShare_75678e8a48bb441511d75f651f24cd95,0.3278864,0,0.0
VirusShare_7b61422f8aacbbecdfe527e958844883,0.3278864,0,0.0
VirusShare_a6bdad7eb78200fcb00d4ec69bf7e82b,0.3278864,0,0.0
VirusShare_aa00354377055d5facf9401d9acc8832,0.3278864,0,0.0
VirusShare_553a939e54cf70cacdfb3c20199f9f53,0.059761543,0,0.0
VirusShare_a3ae43706ae1a3bfa0e7101a63d50677,0.081083395,0,0.0
VirusShare_321364688eefdc73ab805e5696a420b8,0.4581676,0,0.0
VirusShare_aa22234e5672f21bb06dcae2fdd4a1a5,0.17189837,0,0.0
VirusShare_ce800e071547a0e9a60c57c0c538c70b,0.041524313,0,0.0
VirusShare_9bad5270384268a5bd146c287992d8d4,0.4581676,0,0.0
VirusShare_f0798a51a4943792e04641fe973f6387,0.34267813,0,0.0
VirusShare_7309ea08f9869ac37475479c5258433d,0.16043459,0,0.0
VirusShare_e4b5c2f11f8bac3bf553156536ec529a,0.05818204,0,0.0
VirusShare_03d33090521a8dd4ebdaafa6f8724d73,0.6543101,1,0.0
VirusShare_413518da5fd3ded66ad623477d32c95c,0.2216821,0,0.0
VirusShare_eeb9f26678f7e3e5c0779c6c76c10274,0.6462582,1,0.0
VirusShare_9473da8574fe85b3eb946712ef7cc7e7,0.0674006,0,0.0
VirusShare_8f291db650ca5383b518cbc5ae701619,0.22690436,0,0.0
VirusShare_1d8bfa986cbfa6f5f5d318bbeb0ef245,0.21477738,0,0.0
VirusShare_38687190767c1f959af7c4c225bf3ace,0.6479526,1,0.0
VirusShare_ae6e1bb2a2a83d44b86cdb7e9e9763e3,0.65555817,1,0.0
VirusShare_3bc8feab4dc6cfac407ac1893a9825a3,0.06750361,0,0.0
VirusShare_35d18e6920aad9459ca4e2e5bf6dbdc1,0.24403481,0,0.0
VirusShare_2dc694a4fbd9bc282aa61adfa410618c,0.059607722,0,0.0
VirusShare_f08a07981f8ddf149657a3364029c8cd,0.08029219,0,0.0
VirusShare_0a5ca5567a0680907d675ad06764066c,0.041524313,0,0.0
VirusShare_f7c094948bb744f1339471ef26262edb,0.081083395,0,0.0
VirusShare_8ea631869988affaec4fb313e881c54f,0.24444588,0,0.0
VirusShare_a7fdeb9cababc3370288102e02a3321a,0.08420765,0,0.0
VirusShare_dddc9a088a5396fcda5c3f7597763e05,0.24403481,0,0.0
VirusShare_99a2be08c150544a8120197bf42405ec,0.060866755,0,0.0
VirusShare_e7f0d8542d7001e6fdce395bccb624c8,0.13674626,0,0.0
VirusShare_92315004f144c08163f6c046fbdf97da,0.05449637,0,0.0
VirusShare_200d4ff637e000af920589c9b04dcfaa,0.30387726,0,0.0
VirusShare_3d8dd22d774a00fadac6a65aff4d9d20,0.2948833,0,0.0
VirusShare_2694b58ce40dac03bac7db1040442829,0.65482295,1,0.0
VirusShare_e01dc910d4ac979894a51b35472900ba,0.65564,1,0.0
VirusShare_3e2de799d3dbdda48abe4817846aeb3e,0.049440622,0,0.0
VirusShare_f1713cf3fa008ef8fbff6237f1338e9d,0.27135032,0,0.0
VirusShare_5a1c0a70ba8589fed2adef6b41a20c02,0.25371948,0,0.0
VirusShare_3d512ddc8a3cb771961c934b22ef8e0a,0.1929578,0,0.0
VirusShare_93676feda6c3f16861d9ab4d79eb5500,0.09946308,0,0.0
VirusShare_5b671b14ce9b19d810183c68d7344aaf,0.116370276,0,0.0
VirusShare_bce5b845e417d95363fa52f853e099ad,0.65766954,1,0.0
VirusShare_9becd1dd178297b570b82f6dde4deddc,0.058516406,0,0.0
VirusShare_3505e748672a85eef6188ce08d437501,0.16892257,0,0.0
VirusShare_7540c4c167372a0a95f420e63d81b851,0.66302645,1,0.0
VirusShare_a3aa051fc44a7c19387efbd478e5117a,0.6568612,1,0.0
VirusShare_e4da830b73efe13388e936389fdb6381,0.052681275,0,0.0
VirusShare_bb7ac2893988caf3349fda57ca28aa20,0.655504,1,0.0
VirusShare_0d865431ecabe80ad699b586f23c5dbf,0.66256523,1,0.0
VirusShare_b810ece6e1bd0875822377cf7d332dfd,0.25371948,0,0.0
VirusShare_1da6a3201e1a22ea966fac83482032d3,0.6530848,1,0.0
VirusShare_74f26af295520df03001fb94103d19ba,0.14311388,0,0.0
VirusShare_348e2ca4f7d42cffa8ad65293607bde2,0.021378309,0,0.0
VirusShare_dab4af24fe15411a4a7e5aa742d83f43,0.24403481,0,0.0
VirusShare_ac9344455b9e240c7b0648c0028ad0ee,0.6553511,1,0.0
VirusShare_b01a0ec37cf3069ca38e7fbb251ffd49,0.6611562,1,0.0
VirusShare_f39eb15a0bb93622292f492ebd27a1ef,0.053707145,0,0.0
VirusShare_96522cd4413869202c60c9a343a699a0,0.64781857,1,0.0
VirusShare_7909ffc2e1c32c0d40f1b45ceb449fc7,0.19609419,0,0.0
VirusShare_54e9cee543af6cbb99f66c24373909f1,0.021378309,0,0.0
VirusShare_993fe5dbd4a5c58cfe1de851a2a22848,0.16892257,0,0.0
VirusShare_3aad10556be0be5d1010d422b0fb328c,0.08120894,0,0.0
VirusShare_0c8f6b39dc0bcc5976585c3d4a769695,0.03195285,0,0.0
VirusShare_1f86ca19c924a10ec91babbec506ec2c,0.05393132,0,0.0
VirusShare_9a7d2b21165555e4dcf5f56618bfceb2,0.39988422,0,0.0
VirusShare_6f231c134a93612d0919ec653fe10751,0.09790124,0,0.0
VirusShare_1ab583dc1e69a13a124f36eaf0919f59,0.031463947,0,0.0
VirusShare_440a5a7357aff270bc81bf164c619e86,0.17470604,0,0.0
VirusShare_9e564ab2be0df2413e94c0f700ae53b2,0.24473128,0,0.0
VirusShare_05d1289df2d3274968904e7a17c28075,0.4957026,0,0.0
VirusShare_00ee306ae2cb5f16ff79c3736cd44e65,0.111646175,0,0.0
VirusShare_c9b1eb97b9ca15bc167a220af27aa291,0.059607722,0,0.0
VirusShare_e78f560d5b02379a3d5e207a1b1c071a,0.65336066,1,0.0
VirusShare_4dcd85cb6fea479c05eaa21f0088ce28,0.6514254,1,0.0
VirusShare_50cfb20314af6fedd3d6eb763ef95da5,0.65634143,1,0.0
VirusShare_dd0b0c92c48686c9e1985ffd16542483,0.23541053,0,0.0
VirusShare_9c5fe14d4af2aaafe3553622c182cf7e,0.1283874,0,0.0
VirusShare_2356ee1a0380a77bc1355ed76d0a1878,0.24403481,0,0.0
VirusShare_b47597723a2ccaabaf0621e027c6e1c2,0.3461962,0,0.0
VirusShare_2273070edf2aeb2a3ec48cad5befc1eb,0.059232146,0,0.0
VirusShare_6125d99d49dd2ffbc4986789e8250706,0.39171514,0,0.0
VirusShare_cd61f51e01f0d3292d074fbbae4d09c2,0.34526628,0,0.0
VirusShare_8954e364ee87dd9190dc4dafa4062290,0.22236864,0,0.0
VirusShare_83db7dcfd495b4b84a329f7726ab7d27,0.24309102,0,0.0
VirusShare_f8e22b7891447f0b8be619b4fd29e94f,0.23205593,0,0.0
VirusShare_9bfa451c764c4e8fb85fe4ee18175c52,0.046138383,0,0.0
VirusShare_2ca825027cd4f7c126ff54bd9e82dcc7,0.39171514,0,0.0
VirusShare_39c7c7bfc96f382eda0169be06f34914,0.16892816,0,0.0
VirusShare_2bb5670da0e84bd61d778340eafe8c8e,0.05164513,0,0.0
VirusShare_efb80ba67dad8db7b6e359d722af74b8,0.06331958,0,0.0
VirusShare_198eccce2fac954241b39d62ddd33ac4,0.34526628,0,0.0
VirusShare_0ee82dcde11b960bddce9beba2d6e6f4,0.11910971,0,0.0
VirusShare_3358ef1af0d08b35d236dc50fcdbd453,0.081083395,0,0.0
VirusShare_2ebbacd1d0e3f1230c0d4762a6309fed,0.041524313,0,0.0
VirusShare_07f22105c56a2f6ac879baff999108b5,0.6536084,1,0.0
VirusShare_06d489a652e1e96aa3554419a951bfbb,0.6581298,1,0.0
VirusShare_a16c6b927e3d696ab81af981c73d03fd,0.15276162,0,0.0
VirusShare_f96453ed61e1da830208355a462cd9ee,0.657697,1,0.0
VirusShare_2b11f325e42b68a9a3e18b22e9d5259a,0.25371948,0,0.0
VirusShare_6371dee76476301dd178baa44f4143dc,0.18733004,0,0.0
VirusShare_517f8fd181935da55191d46f9d094a6c,0.16892257,0,0.0
VirusShare_56991f905987297e06680f71ef6e6ba7,0.16892816,0,0.0
VirusShare_bd95105bc68af216e86765a97a3be957,0.24473128,0,0.0
VirusShare_b5a2e1ed66b1b3593c83c71920114e34,0.057107557,0,0.0
VirusShare_73622ce081c3550ccfa52234997b70ce,0.077542,0,0.0
VirusShare_b3b4a62f155a544d21bcd155de2fa06b,0.089913905,0,0.0
VirusShare_fb5a15d28b937b551fa84b86f46d7461,0.37996665,0,0.0
VirusShare_89252433bc40e565b2ae68321a201be4,0.34526628,0,0.0
VirusShare_49f8143c438dbdd2f9d287dc02962909,0.26854733,0,0.0
VirusShare_2cba4b1cf138bfdeb0a56ed2f01dcdb9,0.29452747,0,0.0
VirusShare_f82ed514f7663d3b398469e1cb80b78a,0.24473128,0,0.0
VirusShare_04a4c6afce528b5acc1ba2bb7b447b61,0.052255683,0,0.0
VirusShare_1c35fc79b0afa5d22de843480adcd1e7,0.24473128,0,0.0
VirusShare_62fb7561ce2dea879feac8095f518ddc,0.2948833,0,0.0
VirusShare_cb1cb6ceed4f76643ec212e0e9a02db4,0.048686318,0,0.0
VirusShare_b2585ec87bce2062228a4e098657829b,0.15239067,0,0.0
VirusShare_9b329ddb0a6a3270910e07828948aacc,0.081083395,0,0.0
VirusShare_13bb71a0e6832ccb54b79f1ab2857760,0.12159389,0,0.0
VirusShare_9094f43787d07bbdfbaeee3ef5c2d97c,0.27305973,0,0.0
VirusShare_1e3dfa7f3f9a1e62ec70f1f6071ec4ea,0.24403481,0,0.0
VirusShare_5daa165aef2b2dea605b3ff49ea1a737,0.6469673,1,0.0
VirusShare_32df45e750c47141cec23472cbdc1b90,0.24403481,0,0.0
VirusShare_3125881c32f84040eb81e708d6b64f9b,0.6530527,1,0.0
VirusShare_af016dd3c2df8443d26a30b1c657a92e,0.15873839,0,0.0
VirusShare_8b7993f5d4b324f45d09ea1b852c56b2,0.06163947,0,0.0
VirusShare_1b3a710b8032f2f86902e4876ba82456,0.3438413,0,0.0
VirusShare_e7e1ec14cca70f08068ff364d5121733,0.6571741,1,0.0
VirusShare_6f10275acfda5e9cc756487893578494,0.04018457,0,0.0
VirusShare_8ebe37cd6d20ab4183f4d1c9fed46842,0.26189238,0,0.0
VirusShare_d05f4936162c66a4ec236d20bad63e50,0.16892816,0,0.0
VirusShare_53d53a2dd0af3296791577e2a34253b8,0.6415061,1,0.0
VirusShare_58978e5205a3d53164b2ca3e6cc70f0f,0.24444588,0,0.0
VirusShare_8d1e32d1eeb75e0b5d8a1d5a92dbc9dc,0.37996665,0,0.0
VirusShare_0c0c29d9447e9bdfbfb4bb73cc736746,0.06043724,0,0.0
VirusShare_3a2f59f677060c04277d0c7c3d6eacd7,0.30387726,0,0.0
VirusShare_db5d1dd4841c3da532814e5656a8081e,0.079112396,0,0.0
VirusShare_2244da7c8226124629d4f8d04be62880,0.6573665,1,0.0
VirusShare_ca821f34d3ce7c0485b153dce92959f3,0.3461962,0,0.0
VirusShare_bb43d817d247a08fec9340fe28f03431,0.6558343,1,0.0
VirusShare_010bcf5312985e02538a50d6f1af0279,0.08783786,0,0.0
VirusShare_49ec4e4da6455a4212b850d35235f20c,0.657395,1,0.0
VirusShare_fa52e7571bcd1f7f63db1b852c228352,0.058430057,0,0.0
VirusShare_c8d3ee351757c452378f94410a50d634,0.1618659,0,0.0
VirusShare_d71c30350b9b220b5098d20e73f6a9c8,0.0902323,0,0.0
VirusShare_feb06ed7e3c3e12cce352e00215a42d2,0.042137157,0,0.0
VirusShare_c9fb9eba28ed21eacbabd0d025f62c64,0.07212442,0,0.0
VirusShare_16cfb579017f66e6bea91f5049a192c2,0.30387726,0,0.0
VirusShare_cb1a8f56ab8aba8936bddf68f04b4e23,0.16487317,0,0.0
VirusShare_8eeb5c445b4438f78262bbace9383d01,0.059607722,0,0.0
VirusShare_f56dfb778d4eac4ccb64b70c2e9fcca1,0.66602385,1,0.0
VirusShare_f728faef1d8f9ea371905da66d732c2c,0.16892257,0,0.0
VirusShare_c5f0ffdd4a53f6ddabd7626cf7f1c4f0,0.6587573,1,0.0
VirusShare_dab2d2d0ce3da490220a56c50239476c,0.34526628,0,0.0
VirusShare_35ac435642876879c79b30aee8fad602,0.6515354,1,0.0
VirusShare_8915ebb6b5ffa572dce295fe519976a0,0.6565309,1,0.0
VirusShare_c6705dfd2b3c11ee37625a64c2aeeb4a,0.28433567,0,0.0
VirusShare_07d0c5578bdf4cfbda4b719d8bf82173,0.20759983,0,0.0
VirusShare_6a5f472f8e4c1591ebc91cd04d1e53f2,0.6418774,1,0.0
VirusShare_8a0f11a1363f69ea79e1c9e48973d09e,0.25371948,0,0.0
VirusShare_8c064e399f974d11a7864106ce9e5a15,0.111646175,0,0.0
VirusShare_77df29f479a36168ab50a61f6bcbad00,0.28284794,0,0.0
VirusShare_d749735e5a480cc03e08d46b4535ce63,0.075168565,0,0.0
VirusShare_505de4a9d3e9decdd678306f63f489ec,0.3176892,0,0.0
VirusShare_717dce278e68db251fdc3cd3a0761870,0.3176892,0,0.0
VirusShare_92d17eba0797b058d724f0d2b9907fd4,0.3176892,0,0.0
VirusShare_1c00efafa5f86cf86fa5916ac7078e89,0.3176892,0,0.0
VirusShare_d4bfbc4feebc86aebd42b3b64ff05c03,0.3176892,0,0.0
VirusShare_17fb804a2e729d5e478a5ac36bcedbc9,0.3176892,0,0.0
VirusShare_6cab63266f746449292c394ace7d76a7,0.3176892,0,0.0
VirusShare_25b68b7b128495703e60ff5e4d88872f,0.3176892,0,0.0
VirusShare_4965cd9873efc8552f7e3e1e1fafde24,0.3176892,0,0.0
VirusShare_b398f56132862258e099c70a5893dc0c,0.3176892,0,0.0
VirusShare_9001c397773bd90e7e370633a42ee564,0.3176892,0,0.0
VirusShare_46db589c9423f6430834d11c021ba42c,0.3176892,0,0.0
VirusShare_8205dab123f252b73e1db59ff5a6e9eb,0.3176892,0,0.0
VirusShare_721347fd2aedaa6f464a20bd3d552f16,0.3176892,0,0.0
VirusShare_6ee213c329595d1ef3932f06baf8bf70,0.3176892,0,0.0
VirusShare_52d226d5138f81d238c432dd9b8a03c1,0.3176892,0,0.0
VirusShare_56432182bb9db711992dfa9287aad766,0.3176892,0,0.0
VirusShare_2daa72fe6d82637806b727481cd8b4e5,0.3176892,0,0.0
VirusShare_4fe465f07c504d7871595b686305d9b5,0.3176892,0,0.0
VirusShare_35c58d34f531ff5506ac543ff3aeebcf,0.3176892,0,0.0
VirusShare_d27f7049fc77e2a10655d0070aa0a9a0,0.3176892,0,0.0
VirusShare_6e5ba7d3b085ce356313934c93a22c05,0.3176892,0,0.0
VirusShare_9dc5e28944c57c0f5f2c52af7915463a,0.3176892,0,0.0
VirusShare_0b835d2271e55936aeda35a20ea0449f,0.31764466,0,0.0
VirusShare_880cf4350a84c3b33242008a4bb6f658,0.31764466,0,0.0
VirusShare_568c8a89f88f09e50896d4b011a63524,0.3176892,0,0.0
VirusShare_35e11571bebf93346b5c448124ac55d9,0.3176892,0,0.0
VirusShare_cf93d09ec982794f76a903b522fb70a9,0.3176892,0,0.0
VirusShare_7ea0c888bfb4a725b039136afeb2bf59,0.6503147,1,0.0
VirusShare_3cb9c3fa90a9d44272c848e63d2eed01,0.04509964,0,0.0
VirusShare_6cb3ceb1ba0091bcf3962aecb2930e40,0.33770147,0,0.0
VirusShare_0b00a8b84cc782f8c473d5c41e2521c8,0.34526628,0,0.0
VirusShare_ee59e965070e1c27f0d7e1b05ed2ae2d,0.20513979,0,0.0
VirusShare_96484b0407f4b95de911b471a7c98247,0.059607722,0,0.0
VirusShare_d2f581fbd8c12266305f0f0b3712cf31,0.65719706,1,0.0
VirusShare_28aac6f137211519923cbaa8307c0b65,0.39988422,0,0.0
VirusShare_2e986c3eb1e7eb442fa22cd03119696b,0.18712005,0,0.0
VirusShare_86762c38afc9b61ec9ad4c5ee248e22f,0.65119684,1,0.0
VirusShare_202d6aafeb884988294c8ef263277e43,0.111646175,0,0.0
VirusShare_4b5c7b63929245aed8ebcfa400603f0e,0.65276396,1,0.0
VirusShare_a4b7b8bbf97b5b54495b41aa27eb03a0,0.65701675,1,0.0
VirusShare_9fb1cdf79a1000e78d68f3e0f1d13615,0.065771595,0,0.0
VirusShare_f9b3d58dc3d18b5790aa4810df6b4fd2,0.16892257,0,0.0
VirusShare_4c13320123e4614e9f89573a8d0604a5,0.23525465,0,0.0
VirusShare_7bafe5071f2d54b3b8c3a826e46512ab,0.37996665,0,0.0
VirusShare_1031d98d289b86bcb822e1524153af0a,0.28446966,0,0.0
VirusShare_245e41ae80cd5d662e575ad2e9052ed7,0.081083395,0,0.0
VirusShare_1624c36518c3191a179a6fff7209b195,0.18712005,0,0.0
VirusShare_45b90d4e6e1e36108bb60c1ca36e3e18,0.23205593,0,0.0
VirusShare_c04a0e40a295cccfde8d5231c40b293e,0.16745599,0,0.0
VirusShare_b167f4b4f6494f842629a367551bf46d,0.076254055,0,0.0
VirusShare_08c11affe423e4853414160ecc5fcb6c,0.047825377,0,0.0
VirusShare_6316b28ebe5fbced43e477957bf530d2,0.066903435,0,0.0
VirusShare_6b542ba2b9cb2b34665b184e4c6410cf,0.3699837,0,0.0
VirusShare_87c0e1ce8e82768e8fc5256ebd1c9fe2,0.28594604,0,0.0
VirusShare_1baa9bb54c908bee5b32858f8f6aa75e,0.65321034,1,0.0
VirusShare_5db22b4aed302e5ab84ec202eee91139,0.058779597,0,0.0
VirusShare_a56ba690e854700731e42186438016a3,0.2948833,0,0.0
VirusShare_d5ef5c5d9d4961ff2e1290090c9a2207,0.3461962,0,0.0
VirusShare_f574b91b2dcc0dc29614fa32bad60bd3,0.09101857,0,0.0
VirusShare_0cc60070c0ee4e41963878717a23f637,0.30402407,0,0.0
VirusShare_49b4c2086910d6b32ada11e671640497,0.071096875,0,0.0
VirusShare_f50a9f88f648b8c8747bd2467d402686,0.66000926,1,0.0
VirusShare_ab4f7f7336aec2cf83d1c5d3bd6f7e88,0.0922129,0,0.0
VirusShare_fd004d7163bb90588c80d66e33bdc2f9,0.30390927,0,0.0
VirusShare_09d85d7a3abb5b2dca637c95b339530d,0.025223475,0,0.0
VirusShare_1c3b2db318737a2a4d51680eabfb512b,0.25371948,0,0.0
VirusShare_c3a3c6e3e14d3921b211bdf59effd2dc,0.09170671,0,0.0
VirusShare_2c4e922e6edec46e6437ecf93a948bb8,0.046579912,0,0.0
VirusShare_c1be9b18f94681b6aaa1839d535eea3f,0.043076705,0,0.0
VirusShare_98b654963cd8a70d8cc6cda8ca0368a6,0.25371948,0,0.0
VirusShare_3a6906a434dc00c4bbc8e68c72722c17,0.25371948,0,0.0
VirusShare_c3020f8c6834361ea51d152b09e6ebce,0.30387726,0,0.0
VirusShare_492e8a00347d31a5c580b61eb46861a8,0.031463947,0,0.0
VirusShare_661de9a4386bd47c49c4df2802bcaf24,0.059607722,0,0.0
VirusShare_7119e1b03e1636e7bb08774e77a1ac68,0.14950678,0,0.0
VirusShare_356222ae7b85f8511c1d896f01e523b9,0.04946687,0,0.0
VirusShare_75fd1f689bdec2742592d64b42c13d90,0.39171514,0,0.0
VirusShare_1b419c650b6731e4da7ac970a3f05bf8,0.18712005,0,0.0
VirusShare_609497ddcf24d9bd80ae101caa5b5a24,0.14108965,0,0.0
VirusShare_4770979ad1e56826b1744f86bb73ca8e,0.18752155,0,0.0
VirusShare_0ce055a82aa29c0fea31c1870fd485a4,0.15112305,0,0.0
VirusShare_5b6916612fed4245e0151225a603ad4b,0.13037239,0,0.0
VirusShare_fca80a63402a98405511980d5a7648bc,0.10030748,0,0.0
VirusShare_8da56509456ee86177a7393901ef5e37,0.12971422,0,0.0
VirusShare_2542ef4c41da9b37167ef29de8f3b262,0.12971422,0,0.0
VirusShare_c88347ad165dfc084fa59a39c05af559,0.30365342,0,0.0
VirusShare_cd4311b16376eb122de989523af27839,0.15627234,0,0.0
VirusShare_4adcad9e53974dc837d60c31f1a7004e,0.039941907,0,0.0
VirusShare_551c88f87fc92853ae27566262602ef4,0.2549953,0,0.0
VirusShare_8a78ba1d9f391275631713cef9dfade8,0.29021263,0,0.0
VirusShare_712c9c8da15d60d3f05cd7d954e576f2,0.4919539,0,0.0
VirusShare_090f12468d8af5c2db55887d06c4de0f,0.05921849,0,0.0
VirusShare_9cef44493bf2d196aaebbad0e34ef0b5,0.24461003,0,0.0
VirusShare_6d41078fc6798a5834e018a2e63be0cc,0.30589652,0,0.0
VirusShare_7e6088490c5e94fa09a09bea717bafed,0.2736451,0,0.0
VirusShare_f1c89e8224db361bc46ce3fdab84608a,0.24370754,0,0.0
VirusShare_4bbebd3b98014436bc7145adddc3a692,0.6041852,1,0.0
VirusShare_af298bc81572f2d890ba3ca25ed5abe1,0.664748,1,0.0
VirusShare_36a1c1337237d0a87aa053628ae6f2ab,0.31364095,0,0.0
VirusShare_003e691923293c72dca0b670e9ff9390,0.10083078,0,0.0
VirusShare_e77245b3ce054df192cf14cd47ce4b83,0.10119116,0,0.0
VirusShare_2e2194d06874e620f7a1a7f58d2269ef,0.09119268,0,0.0
VirusShare_aa8280c9aceaf12aa0f41bcce25fc915,0.65645903,1,0.0
VirusShare_cc78525e4f1327b1bfcd18c62443792a,0.4945271,0,0.0
VirusShare_a702ea4d44b0cd2e341503175f84b0d2,0.24370754,0,0.0
VirusShare_314daa3d5ca1f57f794f63be3dcf1a9c,0.641869,1,0.0
VirusShare_5f07844afb467c78d2ef81397761d94e,0.50317204,1,0.0
VirusShare_07d184eb8a1794ee22aa1e5d587efb0f,0.6564703,1,0.0
VirusShare_9a1d290df1a2c68baf0847d820102b96,0.063059136,0,0.0
VirusShare_0698cd7621ed4238422411dd3024e498,0.37239426,0,0.0
VirusShare_3852384b048f58a2a5eb40bf10e459b6,0.37753642,0,0.0
VirusShare_09b12484cf63074c959822e5ae1d6dff,0.1912238,0,0.0
VirusShare_8e742683098c994bda604f1f6d9ab565,0.16752918,0,0.0
VirusShare_8cb3298b98805cd203e9c39ec1322cf3,0.31448174,0,0.0
VirusShare_31d0a84afbc2426516181621e209fb63,0.6506981,1,0.0
VirusShare_27e2b69941133dcff310cb6726b57724,0.34526628,0,0.0
VirusShare_2c02fa23d483a94aa8881c564c205a39,0.29795727,0,0.0
VirusShare_4af0275c3a74c08cffbc2f8602762d04,0.10911713,0,0.0
VirusShare_510ed1754e4a7d1ed80d4d51221682ab,0.06927698,0,0.0
VirusShare_e8f110ddea2ab02796200cf38d81d5bd,0.07225216,0,0.0
VirusShare_a81cb989783eeb1b419ab103166eacc4,0.65695727,1,0.0
VirusShare_63a87f3d8a90c87da4488667eb710c96,0.0710933,0,0.0
VirusShare_720ac82bbf6ae7c41ea0630be8a40710,0.30589652,0,0.0
VirusShare_3addee1e396acc6e548aec7bb2454b9e,0.12508526,0,0.0
VirusShare_13408ea9d0383ca96605883998ec237f,0.66334,1,0.0
VirusShare_101b852e1df9b85b38ccb45a905f84e9,0.6523536,1,0.0
VirusShare_4c17436982fc74d35b012f4946186ee8,0.05995872,0,0.0
VirusShare_93a40e6711b534d60d3f69210f7fcf04,0.0356139,0,0.0
VirusShare_492d6651f382d1f925521b789756260d,0.30884445,0,0.0
VirusShare_9639dbb1439d054a1d93f9267878e535,0.052506883,0,0.0
VirusShare_e21e3e95a954b010adfdddc3842f06a5,0.25692868,0,0.0
VirusShare_2bc17a5dc38e950b4d6c7d65ae809f25,0.045680173,0,0.0
VirusShare_a16676a5c42543e5e23bdb89858efb08,0.11087482,0,0.0
VirusShare_7dcfad6c2739aac47884eecdc6d82ec8,0.09119268,0,0.0
VirusShare_6bd9fa6c468ed34d755e20d0936a4fd0,0.6570854,1,0.0
VirusShare_9c6aa63ff80ffdd91a1393c296134675,0.6571709,1,0.0
VirusShare_91a1128d588d79e4d25f09a0b4a47ecc,0.22923121,0,0.0
VirusShare_4692ce0869066949889521c58b087fe5,0.057022102,0,0.0
VirusShare_c1dc4a06063e77e2be6c573ec1079c97,0.26819092,0,0.0
VirusShare_06e4355637433960af8850ba021cfc64,0.65351117,1,0.0
VirusShare_fcefedf82655f50f7bc3252c141855e2,0.03566264,0,0.0
VirusShare_8821552337b3c6f069b8b93a1aff0fd6,0.31526244,0,0.0
VirusShare_46b8405c38cc2133bfcee00568877ae1,0.21026471,0,0.0
VirusShare_923e18286a6d8fa9d9b9a4a192ce6e6e,0.22756004,0,0.0
VirusShare_a780f7a887e847ca800dd472f464c8ce,0.24444588,0,0.0
VirusShare_693bc22864630333b2e5426323a39e53,0.094548784,0,0.0
VirusShare_14411815fd5e99aa641788006b667cf4,0.0567178,0,0.0
VirusShare_e8d270ec121681c1c22789b7e7b57cb9,0.14491068,0,0.0
VirusShare_b338d18b176349313038d98bfabb7e43,0.111646175,0,0.0
VirusShare_5509c0689f9e35146ade94668fa4a29c,0.071624264,0,0.0
VirusShare_ae0b283f4176cdafd50623fd2a3200c1,0.10770957,0,0.0
VirusShare_4483372ed7ec860189cd540945b6a77a,0.21483114,0,0.0
VirusShare_d711adcaf142d554902eb5ec27bbe2d8,0.65909636,1,0.0
VirusShare_22d0fedca56dc17d3906112065da5881,0.65524197,1,0.0
VirusShare_a36c01eb8e04ca7277066e971b96d5bd,0.3087419,0,0.0
VirusShare_c8717e9d7a6972ab041325e36b7de812,0.04018457,0,0.0
VirusShare_62e42105f7a8691c3caaedb5c7f0ee14,0.16909169,0,0.0
VirusShare_d5d88ec375058f8428abdc6aa8758701,0.15658422,0,0.0
VirusShare_23831023c57e6d434a91d8382287ef72,0.6634258,1,0.0
VirusShare_13c8cb2aba11bf84752b027a0095dbe9,0.094190255,0,0.0
VirusShare_a1cfc970c50ead9a538611f82e53ee15,0.1542453,0,0.0
VirusShare_4be7b4cfbad8f74595a56899c37e71d0,0.22169192,0,0.0
VirusShare_3b335d86456b6524241328ba939d1f66,0.155519,0,0.0
VirusShare_06c34d300bcc1593563892596d5fa458,0.23165636,0,0.0
VirusShare_0252b2d71228e299546c3dc34af53649,0.09877733,0,0.0
VirusShare_cd73079e5b6ba86040b98bba540acda7,0.057210594,0,0.0
VirusShare_6ed39ea1acfee5520c55925602b2b5d0,0.036442857,0,0.0
VirusShare_993abcdb83c1233cd870f513a4867f4c,0.031899635,0,0.0
VirusShare_7f6865c295a12b6ea7efad493264a554,0.16892257,0,0.0
VirusShare_2dca3c2ad75bfbe4e36f6b77c63f58b7,0.34526628,0,0.0
VirusShare_5b7b283ba3e89b3c00b10c44716b3b62,0.15361674,0,0.0
VirusShare_dca503bf1b43d99ed39d4a0951dffdb7,0.65165174,1,0.0
VirusShare_916a4b7c5c7ea78278e76c813d628967,0.1843538,0,0.0
VirusShare_df74274cd257b2ac84aba25c94fe722b,0.16462685,0,0.0
VirusShare_c40591f0ab8c02ea3046e46b4ec5027c,0.25371948,0,0.0
VirusShare_a5641a1661432332f6e30875d829d24d,0.6523206,1,0.0
VirusShare_29dbacbec521e0df7622811bd8dfd23f,0.6580385,1,0.0
VirusShare_67afcf693d315fd88b3002fbb77f60fe,0.09119268,0,0.0
VirusShare_dfb5ff149e8134098d2531617401ecff,0.12702215,0,0.0
VirusShare_2c1cb46d928843088c8fe8f9bd2e526c,0.6545283,1,0.0
VirusShare_5e44716b26c373ceee0dd560ebbadf16,0.6554782,1,0.0
VirusShare_8147477b4b71a462b4315ae7f9b0b63f,0.65290654,1,0.0
VirusShare_56d5563956088128afc6dba94f0f3b34,0.657128,1,0.0
VirusShare_279408e9a6753624632a2defec624e4a,0.06386879,0,0.0
VirusShare_223da67b4ac09fcaf6b1e21463952126,0.1629202,0,0.0
VirusShare_5015de21d056f330c2bbd6153a1086b7,0.15041696,0,0.0
VirusShare_cf899472f8b6a7be860f5f08f89bac00,0.65657157,1,0.0
VirusShare_b420057be318dcc411e41bddd409a9c0,0.06636623,0,0.0
VirusShare_94271ca3665f0f37396f0ca1668767a9,0.6570054,1,0.0
VirusShare_f0ee7f6bb50c5f7a74ba6b4e69d08cd0,0.04847021,0,0.0
VirusShare_bf68e63ef09d835e9c995bf8f521d902,0.037394144,0,0.0
VirusShare_4d572795f64543a110fc31f35da75c8b,0.6568238,1,0.0
VirusShare_034e0cf40c3b3c2b2e37707428984845,0.049140733,0,0.0
VirusShare_26882c1140b294081aa9ce15f7e66207,0.06685674,0,0.0
VirusShare_fa3b85c18eb774c3efc1f90a323c052d,0.6416052,1,0.0
VirusShare_1c77a1715987b1b87b793af931f45f6d,0.06781562,0,0.0
VirusShare_55f1c8893dd376e35d101e430f4f023e,0.6549982,1,0.0
VirusShare_15ac81cba98c01cff1b5938cf1bc9dd6,0.17577843,0,0.0
VirusShare_bc292fa751ce115e29e9c1d1a27b0e45,0.21409766,0,0.0
VirusShare_e3d0ef523069bedb80d8b58729489c9e,0.015937183,0,0.0
VirusShare_4776c648350c6342af29df3dde8fa49e,0.17496654,0,0.0
VirusShare_b890e15397aec8fc4d3b8d86e2ccc824,0.0525584,0,0.0
VirusShare_4a0bdb1a959cae99440c61e2a9cae86b,0.19512334,0,0.0
VirusShare_cb23daf2a4b905d26aded58aac781ab2,0.2769131,0,0.0
VirusShare_6aae5485cd01ff2f66a9575109eaef85,0.049140733,0,0.0
VirusShare_5235060fd316b08681e528a6548964e2,0.09119268,0,0.0
VirusShare_a2d4338a5acb3e22b80bf4f0f0560065,0.069443606,0,0.0
VirusShare_850bc44c5d6c0bc749d8e5c0c674bba6,0.06998308,0,0.0
VirusShare_8977c1206733a8fe0c6ac9a05bd963bf,0.09119268,0,0.0
VirusShare_f09a430a8b86bf5e78c212b36ed8c48c,0.6564202,1,0.0
VirusShare_3b2760b8c29cfeeacd10d0f034fedc59,0.16347694,0,0.0
VirusShare_a00296f87dec85a98ad2f61ea195dba1,0.345383,0,0.0
VirusShare_6213fb6feb8cc04543f1f5bfe241c32e,0.6558747,1,0.0
VirusShare_0366312896332c1d35eb0fd9241bdd46,0.063239455,0,0.0
VirusShare_4d432fd9aa72359ca7a8aeed7e721a7f,0.12466582,0,0.0
VirusShare_1eb506fe1e541630529e81e653ef4e2d,0.6568253,1,0.0
VirusShare_2f268ee8116fe3ad9b3b4440bcecacf1,0.6556884,1,0.0
VirusShare_add0cce7766cbfada0330069eb179843,0.111646175,0,0.0
VirusShare_a2620feafd676231cb78f3186f971b98,0.65191776,1,0.0
VirusShare_089d7e92df5d9710ca4f3bc637627329,0.6483414,1,0.0
VirusShare_de10b850361fac40f0fc4392935b1d64,0.6575192,1,0.0
VirusShare_81342da0d44108250d8061618f383a4e,0.24444588,0,0.0
VirusShare_4127c4caa2212f342d3a61e6fcd0193e,0.07784867,0,0.0
VirusShare_05ce05d0b080eaf59eda64e1384d0945,0.081083395,0,0.0
VirusShare_e998045545bbb78ff8ae34dac90aacd6,0.66129655,1,0.0
VirusShare_837d593a7f4bdcbf7a12f5d7a24c3076,0.65802085,1,0.0
VirusShare_5532b00aa095adb2081e7d80134972dd,0.18340755,0,0.0
VirusShare_bae4d09a27b3179e7fdf95d52d048c2e,0.2769131,0,0.0
VirusShare_7dc9eee3f0334699c8047511eedd0cc2,0.33066258,0,0.0
VirusShare_d0f06eca158bdd706ad8422319e0cefb,0.035101794,0,0.0
VirusShare_fc99912c88d7ab1cdd1880e0fd65e5ac,0.6577667,1,0.0
VirusShare_936490209c21fbfd6ee4abb24c94753f,0.20574431,0,0.0
VirusShare_71c8d07b08d549bcb95e626a43d18d1f,0.35018617,0,0.0
VirusShare_8abbae1c2b1be6416a221b367b119e69,0.2769131,0,0.0
VirusShare_0e5b32b8cd8985ea75f1fac4575e0086,0.08029852,0,0.0
VirusShare_1de98675be3493dde42782e7550c25c1,0.6580902,1,0.0
VirusShare_c399185fab1255de0fcc8e6819f91fc3,0.2769131,0,0.0
VirusShare_3b0c085d7a09a8297ffeb1aef005b0af,0.057157844,0,0.0
VirusShare_0dbcb290590aacc09167eb6c423722ee,0.21392293,0,0.0
VirusShare_789753ce4674c0f2f5fb6926f714b6e2,0.081083395,0,0.0
VirusShare_5beff9a905ded49db17401a8ed50be60,0.09258102,0,0.0
VirusShare_8a597dc695290f90239efa7502e23efe,0.11044617,0,0.0
VirusShare_7ebeea51ce86c8dcd39071e295c486be,0.65667033,1,0.0
VirusShare_44aca2b3036bf6fc887b71ef5eee6ec8,0.3087419,0,0.0
VirusShare_dfc9d9ae0f47979c3eec4c0626198fcc,0.2588327,0,0.0
VirusShare_57d43764bae24bf87059b0332582e434,0.24444588,0,0.0
VirusShare_9a8d48939dfa6bd249c0bff28f00d5bf,0.059607722,0,0.0
VirusShare_5acbb32fb82b4dac95abcce91d6a0b0d,0.6569552,1,0.0
VirusShare_b2066eb5142ba425860ffdfc6387821e,0.6618606,1,0.0
VirusShare_60f2a307c30338b23681f673cc3a40fc,0.07328759,0,0.0
VirusShare_1930da1517a1aead9eba328e0ea8a4fa,0.09119268,0,0.0
VirusShare_fb24775afd0efff08d9f7e4960e49948,0.09119268,0,0.0
VirusShare_51f88a30a0102b2824511350b2061d3b,0.65968245,1,0.0
VirusShare_bf8b774aab45a63cc21d3d71bde6dc9b,0.25919098,0,0.0
VirusShare_6e0a3c0436f3505bf42e7210969dd816,0.117868386,0,0.0
VirusShare_be1eb341559e68d032704e8ccb6c46d3,0.081083395,0,0.0
VirusShare_d35674056eff31da82342f332c8497a9,0.34526628,0,0.0
VirusShare_2207c4a995d745f6937af3fafe015d57,0.37753642,0,0.0
VirusShare_d03bcd9f1068a383892a7e7ab8241100,0.09119268,0,0.0
VirusShare_b7abf368f695b6c27b34c9873a22182b,0.081083395,0,0.0
VirusShare_c36ef013a688b60907e800ef52f125e9,0.081083395,0,0.0
VirusShare_338c9fc0e8450a9a7fd36ae3f7bb0e0d,0.081083395,0,0.0
VirusShare_9c11369fce739eed6488925adefae400,0.21127062,0,0.0
VirusShare_bfb4c645f82e0dbdf1f95227c80d1804,0.41855818,0,0.0
VirusShare_f874cdb05a71269638d71fd0853ef021,0.662322,1,0.0
VirusShare_3d223a7c24f07852d767997bc61b208b,0.66072315,1,0.0
VirusShare_6a9608a977c5a12b1acda15e37221f88,0.20434888,0,0.0
VirusShare_05251c7dea284d772e41869df7b35564,0.14427143,0,0.0
VirusShare_197b99dbbc9af29377026514779a12b7,0.098339655,0,0.0
VirusShare_4cf9856341b4bdc208976b0e3f1c3c05,0.057157844,0,0.0
VirusShare_f672a911cd0bac9ee40f810007159b97,0.07281183,0,0.0
VirusShare_a2168b1321471e6ecb863dc2eb72dfd2,0.081083395,0,0.0
VirusShare_4bc7bd9aa907f6788d0080af0473c467,0.65380126,1,0.0
VirusShare_4c8c3be55012da7088fd02e75eea4a8f,0.23938306,0,0.0
VirusShare_645256b2f2760b3f3800ec8ea4e7f687,0.040071074,0,0.0
VirusShare_79beef88c5894984285658cc5c9ee25c,0.3243096,0,0.0
VirusShare_e6394e3d81e1c4f564f285b40ea72d38,0.059607722,0,0.0
VirusShare_841ab6db447a89a16c859a164edc9bf3,0.072992146,0,0.0
VirusShare_9555b3fcaaff82d4bd54d799112674e2,0.105232015,0,0.0
VirusShare_9a7b7b416a5192e508bc3c0f48db55d4,0.6548491,1,0.0
VirusShare_4fbddb1442c2b232171993a49aa7b200,0.66341496,1,0.0
VirusShare_030a0ae6ea6067d19be47d5d7d3240dd,0.34526628,0,0.0
VirusShare_9e06c13ba22d84bda924b5911e638c62,0.24444588,0,0.0
VirusShare_4142600e5453afd2f6dc038b60285af3,0.081083395,0,0.0
VirusShare_b05aedbd9dc066e6fbbaf9627337d58a,0.081083395,0,0.0
VirusShare_bed2dde1ff9fa4c7e711359adf3d928f,0.040702157,0,0.0
VirusShare_04a6c32a6f19a514c37ae04bb87cd6c7,0.12390943,0,0.0
VirusShare_3fe48f4a1233e9bd2e412a9a225ce945,0.65569,1,0.0
VirusShare_3269414947389e513e07ca5bde416fc6,0.64810896,1,0.0
VirusShare_4043f726a5e2dbea2378b15b3b144580,0.24444588,0,0.0
VirusShare_791f49ed9269e7c4198018d9cae0f7a7,0.34526628,0,0.0
VirusShare_1c87e1e231f58a4cdc99097af0d03a60,0.3087419,0,0.0
VirusShare_423628c75c8b3f5acf86db5b2dcd287c,0.2542747,0,0.0
VirusShare_44b73da57a21a003546b7f544a34b962,0.059607722,0,0.0
VirusShare_fa95bd7c5ce1b5fd4d10d3c4edb0eb35,0.2769131,0,0.0
VirusShare_075df0fc3572c7d0372e510dc1417d4e,0.2769131,0,0.0
VirusShare_2c626afd8e5ff8c73d7959d31d2c194c,0.24226996,0,0.0
VirusShare_f522b09893f8ef8be7b566f46c3722d4,0.1643104,0,0.0
VirusShare_237e524fa03fbb56d14e882c77cf1804,0.081083395,0,0.0
VirusShare_5418a18428b19d8d6f90678557e1e447,0.1917058,0,0.0
VirusShare_38061b445ab5421850327d4f0a498c3e,0.111646175,0,0.0
VirusShare_54f35d80187b19cdb4f1ed199db345d4,0.657077,1,0.0
VirusShare_72e3a8ad8918865e54bb0c0e637891e3,0.6557826,1,0.0
VirusShare_c1aa4a2bf58391c09ceacea760f2f655,0.65585244,1,0.0
VirusShare_a4bfe4772c42f004d7e99687317aa35b,0.6554004,1,0.0
VirusShare_4836ba99337be07addae9aaf6c53cdd8,0.14957257,0,0.0
VirusShare_48a5be55d49921e07083cfac91544082,0.6517731,1,0.0
VirusShare_4265ab92f1955018aa7a682281c997c6,0.6560918,1,0.0
VirusShare_6ea6816dc1bf64f673458ed443c742ad,0.65234196,1,0.0
VirusShare_9b33fee0fcdc45a1093b271c93fb09ef,0.20879336,0,0.0
VirusShare_8b8245d0e28fc8dcf628f7e7384bd483,0.33357048,0,0.0
VirusShare_f2b5a25b25f19db4164aff292b57a775,0.06690898,0,0.0
VirusShare_c218bc9b0ef928d18723a00c7a3087f1,0.34526628,0,0.0
VirusShare_8dc569854ae522a97819b2a05c93abd7,0.6602131,1,0.0
VirusShare_2c82c58e526507c2467f0ade3c275650,0.11018018,0,0.0
VirusShare_adfb6236804505a402cafcad85ed770b,0.31802982,0,0.0
VirusShare_035b67fa3bb0cb05b55b76d8926041a0,0.26422915,0,0.0
VirusShare_e0962c95711ca39ed563f123ab48f2d0,0.19576986,0,0.0
VirusShare_a3745355a77df83c39e8a1087fdf10dd,0.34526628,0,0.0
VirusShare_fb5fe9b5da266fdd512a03b04a5e8042,0.6530641,1,0.0
VirusShare_aad1af2ae34449be3b9c5ad33ea7ab56,0.049472027,0,0.0
VirusShare_0923a948664687184bc31be0e3678741,0.04018457,0,0.0
VirusShare_07f06118cdef1d1fe22e46aabcc750e6,0.04018457,0,0.0
VirusShare_57116579fd035b93d031159bd15ec25a,0.04018457,0,0.0
VirusShare_21d1be2eddb754898d7922a8d52fb56c,0.65672696,1,0.0
VirusShare_8e9cb6c51764bd9d48b4e32233e7ce44,0.09119268,0,0.0
VirusShare_09d392ad7535b8dbec9d23d9b631aa4e,0.2769131,0,0.0
VirusShare_f29e713b1fc1c1472509e5defdcaea0c,0.035705782,0,0.0
VirusShare_397a5cd8140738d47a3678ebd6352799,0.32616144,0,0.0
VirusShare_ab79c74318a18db1fa3304ccc296c4ae,0.24161907,0,0.0
VirusShare_9ab7228fea3326cd57bef821070d9a37,0.17913838,0,0.0
VirusShare_9d0f868335cb6f4d3256b834f458b4e7,0.08447321,0,0.0
VirusShare_a31e5d49cd9db704136ea47a1332443b,0.6543444,1,0.0
VirusShare_5926daf12ba51c1e06813fac7e1f21b6,0.23142588,0,0.0
VirusShare_e197adbdd52ee7086d49fc505cf798f9,0.035333328,0,0.0
VirusShare_371167cbe99d6347c6f1d5753cdd195e,0.19836725,0,0.0
VirusShare_cc330b4889b6bbe91a46aad22393351d,0.26422915,0,0.0
VirusShare_7a379b0de2d0d503c62381f036c21d4f,0.046986297,0,0.0
VirusShare_2157aaa888a98c66b35280adcfda3b01,0.65662485,1,0.0
VirusShare_f97ffa3fcc3eb77ea7775d6352466b6a,0.24444588,0,0.0
VirusShare_78b0f2583a75e54d1584e0679b6c257b,0.111646175,0,0.0
VirusShare_842f0cceded6dfdf21b233ebd3c4c633,0.078483105,0,0.0
VirusShare_e24e6e2f0b99241793b823a5c82f43c9,0.16978362,0,0.0
VirusShare_b6eabb4df4016766359627b6ba904bac,0.111646175,0,0.0
VirusShare_f1da55c60adbc9b129fd3a81c2b272a2,0.3087419,0,0.0
VirusShare_82995cc04822749d2066aac7588f10eb,0.04018457,0,0.0
VirusShare_8de838970afe5c9bbdeecc67da04c677,0.06157758,0,0.0
VirusShare_8d21e16ca5552521899db26da225dac7,0.6619284,1,0.0
VirusShare_d3c142b7e67ba78b5e910f764dc9eb87,0.1643104,0,0.0
VirusShare_9bb2259f77694b653c7ae3de56ae56dc,0.64650327,1,0.0
VirusShare_14728426df31a5344d713ff82794105b,0.26908106,0,0.0
VirusShare_e4f82d0254e23010250bd6b31b17af93,0.17034343,0,0.0
VirusShare_a0076fdb8377e60dac7788bdd3e27d1e,0.1122162,0,0.0
VirusShare_71ca190a385437ce5b9c0d9938599027,0.65594035,1,0.0
VirusShare_1642a69dffdb448e915f0e59d70b148e,0.059607722,0,0.0
VirusShare_d9106702cc0324cffe1b2dc8c5ea494a,0.26422915,0,0.0
VirusShare_a80ea52e3e0748589e3bda96435d5079,0.111646175,0,0.0
VirusShare_9c30220d87af3083f84bd4f0172cd446,0.6532031,1,0.0
VirusShare_2ddadd9af7d0931c46a8633f3aec0a74,0.26422915,0,0.0
VirusShare_c1c099a4fb985dbf83c7a8aef3957746,0.1398577,0,0.0
VirusShare_09da150af81eb7e28e631dcf26634865,0.04018457,0,0.0
VirusShare_97ab00347ee53fdefc3437f42fa7b142,0.053818386,0,0.0
VirusShare_638ff75ead3f6458a44f0d8c388b7e59,0.057157844,0,0.0
VirusShare_83134d1c5924790b3325cfd59839b164,0.23756357,0,0.0
VirusShare_bf09b085a304192329c005cef9cccc73,0.31448174,0,0.0
VirusShare_c2f64715d0e1560d12b1959f5f3e06da,0.31448174,0,0.0
VirusShare_67fd7557f6cc95b3a92813ee30fed9fd,0.31448174,0,0.0
VirusShare_b69d24b2eabb8f180bc3f1e4b6cf061f,0.31448174,0,0.0
VirusShare_23ee93ef7be12be40d7f710cc0993559,0.6596851,1,0.0
VirusShare_0dc1bfa6c79db1d7a2f7ea33de0e4c61,0.665581,1,0.0
VirusShare_2aa690f9594ed9804ec4a84d00e21a43,0.64927006,1,0.0
VirusShare_947d2455514238306bf63b85c2bb1178,0.24444588,0,0.0
VirusShare_99600b4a2bdadfac0216ae0f41faa0d7,0.40760008,0,0.0
VirusShare_907c80fc3fcc4550a489fc8d550ddd03,0.13566978,0,0.0
VirusShare_da31283c5410d266df5a060e5e8a54a4,0.2769131,0,0.0
VirusShare_0e4998ac9ce8f15d75e5201c465be63a,0.13522574,0,0.0
VirusShare_f238581cd376e3cb6197fcdf44450161,0.04018457,0,0.0
VirusShare_c531750440f23ad0662f016dfd869ed7,0.19318494,0,0.0
VirusShare_47004da6ca52acc0acb2ce1c44b837a1,0.16892257,0,0.0
VirusShare_8061678e53b5755e24c76d8da752ccf4,0.34526628,0,0.0
VirusShare_0e39a2ba5f562d49f941c230ab4ce857,0.21115164,0,0.0
VirusShare_3e1a0b559dfb9f0a69cff1d1e2db7111,0.2836823,0,0.0
VirusShare_161ec864ecb30927d5cb417a3767b27a,0.22484402,0,0.0
VirusShare_cf8b546c3207c3c252ae4628e628536b,0.24473128,0,0.0
VirusShare_e1c26bfaa48e5cd8ee683c423582e0a8,0.052162457,0,0.0
VirusShare_f93e92120b364c6e3ff73b8f7bc2b124,0.08470331,0,0.0
VirusShare_912f761bcb6b46a9460883e1a12cba1a,0.06984887,0,0.0
VirusShare_dc0f01b6745186b5f2e4ed3902a029d2,0.16892257,0,0.0
VirusShare_35cc7e128e448668e46e57e4a8efea1d,0.047851276,0,0.0
VirusShare_9a3335eb2622c7e0b52b7e4ebf9c40a6,0.04018457,0,0.0
VirusShare_fb25d90dae48d6cb184d7aeda934631f,0.17880003,0,0.0
VirusShare_29c306fa1d53d7e2bd9e78005004eed1,0.6559781,1,0.0
VirusShare_28a5289fefa627cc4782b302f9649adf,0.32143426,0,0.0
VirusShare_5c87b7d6d529c49faba0b5b4049cdaae,0.111646175,0,0.0
VirusShare_9ae8b1526bee11254fd74e90d3ad5127,0.39797467,0,0.0
VirusShare_6eb7e1fb34dd0ff76ed7335ae222d10e,0.08583452,0,0.0
VirusShare_da68ddcad79e69a00d19e30febba0757,0.0698121,0,0.0
VirusShare_e1581edadd84f90cddce2097ad4f4509,0.655186,1,0.0
VirusShare_58284bd85b2a70a500c482f6febc1f36,0.08996169,0,0.0
VirusShare_69aa1d7980ce88e9e85d8da61edd12c1,0.18696308,0,0.0
VirusShare_2ee2ec039b0c26c1ee66ad93fa5c91a0,0.07281183,0,0.0
VirusShare_fbdd485c4ea08aaad62707f68e4b7024,0.04018457,0,0.0
VirusShare_d09a14ef974720fc1629163913debabd,0.22280249,0,0.0
VirusShare_83244fdb282f8a594252acf6e06f74dc,0.04018457,0,0.0
VirusShare_57e3eaa9596fa29ec7e00924730c9964,0.14070532,0,0.0
VirusShare_9c94c2962b1ce91d8d080066f5a70943,0.04018457,0,0.0
VirusShare_a8534dd7ab4778b6f7373ac946cd8077,0.3176892,0,0.0
VirusShare_5b00af390346aefec3f7222bbb1e473f,0.3176892,0,0.0
VirusShare_bc5bbd4426cb7c4f95d99c83de306bd4,0.081083395,0,0.0
VirusShare_0ba382d72a2a43b75cba953d033865a0,0.2769131,0,0.0
VirusShare_674b18193cdec859ca88c6c6c2e2d460,0.17130665,0,0.0
VirusShare_abf10469d6a627d085b95743ebb5d342,0.31448174,0,0.0
VirusShare_e1e023b7d8207d76c97735357eb1f184,0.31448174,0,0.0
VirusShare_377e7ae715e5fe8fec670162815ebba8,0.6585721,1,0.0
VirusShare_98af3de79ce7e74a0d19dcde84807203,0.19518703,0,0.0
VirusShare_01181077e0cf68f18c38c7ceda84a861,0.23473081,0,0.0
VirusShare_0d7c2cd15829c0e38ba5ed423785f0e1,0.4581676,0,0.0
VirusShare_bf9b0b805e1f68398310f270f970fe36,0.04018457,0,0.0
VirusShare_df01d950307edc998afb4ed8efbfe8b6,0.25371948,0,0.0
VirusShare_c459a64ce351821550e459109e493187,0.10314143,0,0.0
VirusShare_ce662701f9211aaa90b3611dd96b602e,0.04018457,0,0.0
VirusShare_50cdd61b74ce8fb9c43f260fbd320d62,0.16016582,0,0.0
VirusShare_77583b49d0784c79f9f17ddde1945898,0.24898167,0,0.0
VirusShare_c395575b52beb2f46def29d174949434,0.5151833,1,0.0
VirusShare_667bde110e1f68f7825a04af42ce2f46,0.058163624,0,0.0
VirusShare_58f70d4eb2a626378ce9925a0a923fe5,0.65715295,1,0.0
VirusShare_69ab823e5fb3feff72cbff7744b2cce4,0.059099715,0,0.0
VirusShare_4afea2b186a3d7dbd158ed43c05d8b6e,0.09055989,0,0.0
VirusShare_d96334ba6109f34bfdd0943839ba7f15,0.04018457,0,0.0
VirusShare_b4691885e8823a0e9726875e8548d379,0.18589424,0,0.0
VirusShare_24b20bdf29a8cb572524b3bb3f870bc9,0.6542697,1,0.0
VirusShare_dcbb7c72f2d17bc1e5469d395e29f246,0.04014776,0,0.0
VirusShare_fcaac08ec995632f0e88cfba08c74c6b,0.3087419,0,0.0
VirusShare_303550ec7eee5d3ffaf875700f98d3f5,0.1372188,0,0.0
VirusShare_2471af20d2d30c2ad53a0c2b89edbfb6,0.4351274,0,0.0
VirusShare_07bca14a3acd9c34d25a733c9248d211,0.0882264,0,0.0
VirusShare_e742dddc809b46d57e55217c2420cb63,0.65093535,1,0.0
VirusShare_131a0ee2951976732f577f5ef5e2f7fc,0.08958594,0,0.0
VirusShare_209c643864022140a6dc9d6cadd7a3f1,0.34526628,0,0.0
VirusShare_5adb6f0d8d6f28c741058990f140a97a,0.656046,1,0.0
VirusShare_e9d0fdcdb4009f65f28afa1b2670b309,0.14396591,0,0.0
VirusShare_2e32490107b2465ec89ea7c2e95893d6,0.16759348,0,0.0
VirusShare_c7046a3f6c116798afd0afb3a4bae749,0.6538591,1,0.0
VirusShare_7368f9189be03b27d3348d0c3a1edd5a,0.08954133,0,0.0
VirusShare_f52b242fcc0b30d46168aad226c4d1a3,0.28855136,0,0.0
VirusShare_820a761a8074a943b46741b0f950d6be,0.11194523,0,0.0
VirusShare_c9facdcf31e12cfacabdd7a50bc8e4c8,0.3087419,0,0.0
VirusShare_a5452e036ca3151467e1e5763345ee14,0.24444588,0,0.0
VirusShare_fe4356083ab3f82cbafb7f2f6de3ef12,0.28544578,0,0.0
VirusShare_c6fd67a68d1d8c4ef48954489164fa2c,0.06412076,0,0.0
VirusShare_f4fd00b0d16ea2f3d4322f6e7cc1eb3f,0.24444588,0,0.0
VirusShare_166a58f96d8a4cce32c5a955b5854549,0.6600822,1,0.0
VirusShare_e1a3f1f7d821071226720d74db5d41e4,0.65434027,1,0.0
VirusShare_528d8a37cc7a5965bc319baddda0c4f3,0.19089901,0,0.0
VirusShare_0b3df3b36e14dcbc4662dd8cd7fa342c,0.6608896,1,0.0
VirusShare_458feaf157dc30c9aeebc7b939487648,0.34789094,0,0.0
VirusShare_b4f6cde1ac0e80f42398f3bd7c23ae62,0.04870618,0,0.0
VirusShare_6ed062c4292e07c9f8af89ee691b0d35,0.040213067,0,0.0
VirusShare_b3055914616d80b33981790e81b8a720,0.09945259,0,0.0
VirusShare_6c3257da6c7d470d8b54b76f980d3853,0.17426595,0,0.0
VirusShare_595f427e83b59673ee891ae86890b650,0.22484402,0,0.0
VirusShare_160032025bbe6cc7c005af096a51a00f,0.6579572,1,0.0
VirusShare_41537c0dc30f308793b0ce5d7daeff41,0.09325635,0,0.0
VirusShare_e5ffa9c62a96a2fc88c44266b1b7eefe,0.06048792,0,0.0
VirusShare_c3f533d65230fa3f9743e01e608f1630,0.31882882,0,0.0
VirusShare_0385f7c8535cb6c28939f1b431f9b8d3,0.06442038,0,0.0
VirusShare_b4cb5357ca009974082f1232c6c03baf,0.113744244,0,0.0
VirusShare_4ea4a8e880b8fe7fe1151956c39aa98e,0.036921546,0,0.0
VirusShare_fcb71ccd3d6c579aca3bd1b249ffbb73,0.6544777,1,0.0
VirusShare_95a35655293c6250de006eb5bf5aff8c,0.65581286,1,0.0
VirusShare_f95657f6ebb8e8b4b8055da60be41955,0.05810862,0,0.0
VirusShare_4c948abc87e53b7857a951928351cbd6,0.34789094,0,0.0
VirusShare_fa165e815486261f285aa99685761ec0,0.07829794,0,0.0
VirusShare_b202b758a6e593033847cf151a77eed0,0.110297024,0,0.0
VirusShare_6968bb1d09f1c143c4c238eb4435f16c,0.10496936,0,0.0
VirusShare_a7e69a8133e379c41e43bd54ba7aaaaf,0.07233044,0,0.0
VirusShare_00c56635473dd208896b29f6a030d19f,0.49753016,0,0.0
VirusShare_06511c07f443034ac0b0b4e4f2082f81,0.22207546,0,0.0
VirusShare_d0d09d1baf43d826bad5ebb29e343b9e,0.13124737,0,0.0
VirusShare_41d83cc1598190987d263ae47f7a8981,0.2533756,0,0.0
VirusShare_fb3e28e2fd50cf837cfdbcd70e0ed6be,0.65622854,1,0.0
VirusShare_9f880dbd3a357fe7a8a4a83c4380e449,0.08070677,0,0.0
VirusShare_4046ea449a501cf49e44e217712ea8a6,0.11977787,0,0.0
VirusShare_34281e82e9c61ff9a7c2b846a85193c1,0.16551167,0,0.0
VirusShare_8ded125f5ed7efa2b174c437011497ff,0.6566118,1,0.0
VirusShare_71266c2dfd3b1adbe8910d75d4f140b0,0.059607722,0,0.0
VirusShare_204e2bb1de97979fb77269d2ddb211a9,0.12677097,0,0.0
VirusShare_cf040283e74d22a7aaf37754f89b2ba6,0.059607722,0,0.0
VirusShare_7462b8c354a25021af593025b138ab75,0.3176892,0,0.0
VirusShare_862fd12a149f1a1d29c20075a59d73bb,0.3176892,0,0.0
VirusShare_5045cebda11fea245cfa92e2cc406119,0.4344271,0,0.0
VirusShare_7d7895ad94b61af9f1447aa9314b12a1,0.6505258,1,0.0
VirusShare_c527b81d5626eda66dce76294a0791cd,0.32616144,0,0.0
VirusShare_9883a7513955d01e732e3005d01d3760,0.65708286,1,0.0
VirusShare_f650a0a7a9ce1165baeb54b949484d55,0.072815895,0,0.0
VirusShare_775fa5a14e9fc31f3ea9295660b4e89d,0.081083395,0,0.0
VirusShare_dfecf406848ca0205fb0f9b61d61a3ae,0.04018457,0,0.0
VirusShare_d8651e52b668537faa6ff39714e6572c,0.2753819,0,0.0
VirusShare_adf7c1f0a81e477c0cbe1190c2c654d6,0.061972983,0,0.0
VirusShare_46355d768d1028f7b95386d3ea309590,0.31716204,0,0.0
VirusShare_350d8088bd06c39160dfb7eaa4ccd42b,0.081083395,0,0.0
VirusShare_254ed29dc8eca2b424c991599316cae5,0.041524313,0,0.0
VirusShare_4878378986c2d358ff672331c7001ff9,0.43242836,0,0.0
VirusShare_eb9fa1e6370e104717f18f5866417e95,0.033511408,0,0.0
VirusShare_2d0a6b2b84886ace4c783efebbe5bb18,0.06631646,0,0.0
VirusShare_32fbacf2738726593b864dcf302fa772,0.34526628,0,0.0
VirusShare_f3d1217d3afcb4891698235a3c1e5a79,0.061866067,0,0.0
VirusShare_207176597c3cf430fb1136cfb60533f8,0.26819092,0,0.0
VirusShare_625863408de3f13b3f6771cbc650fd06,0.22378068,0,0.0
VirusShare_c59586aea540fb7a22267b97c25c4822,0.081083395,0,0.0
VirusShare_9161458a777cf65723e6241106809eda,0.03523285,0,0.0
VirusShare_01e989e1c7717449123c273bc3090f39,0.26819092,0,0.0
VirusShare_264989301a4a3c05d2645e714b1e7c8a,0.08244195,0,0.0
VirusShare_8d0a36f88a1425e64eb79cdd4a3c6e4b,0.055851452,0,0.0
VirusShare_31812d5a062e2307857f3636c482f0dc,0.6631594,1,0.0
VirusShare_aac3b5c0c127801a8e180830b63a1270,0.32616144,0,0.0
VirusShare_fb0643678dfbd4bb85c924153d082490,0.10886745,0,0.0
VirusShare_cb7d341529c899dd4c2e793e1e07c900,0.036661856,0,0.0
VirusShare_061d3d402dfe5dd6b0e349e0a4e81fa2,0.06049002,0,0.0
VirusShare_7d28d8a4923ebc12664092feba853d2d,0.07382144,0,0.0
VirusShare_3a618fe746fda574096c3eb334c9702a,0.34526628,0,0.0
VirusShare_a1e7d7bd7b39b053701d7a5e91fe95c3,0.069338284,0,0.0
VirusShare_243dccbb45ccbab2ed59a5085cc92e6f,0.07137369,0,0.0
VirusShare_2e2edaa0623ee9ab7572444a10419595,0.6507942,1,0.0
VirusShare_c472eb4324decdd4ee24f5607f7ea36c,0.1937631,0,0.0
VirusShare_06ca01e0afd3d1da4dfd8d0bbd0dab5e,0.27617636,0,0.0
VirusShare_416aa01e02fc6c1c286d169df800781f,0.049946185,0,0.0
VirusShare_5318c7755eedee40c43e9ee3d19a7505,0.13650307,0,0.0
VirusShare_e2d7addd6836abec27c10de78dc8da76,0.21290655,0,0.0
VirusShare_499d5622f17ef314ecb4c1f3ef024272,0.13819128,0,0.0
VirusShare_29e7a096d321877414baa0ce0d5519a1,0.18931998,0,0.0
VirusShare_32b957b196e26a7e6fe1d34264822c0c,0.09119268,0,0.0
VirusShare_77ad00364a98fc0e9addcf28c63cd1d3,0.034742445,0,0.0
VirusShare_66b2c0f20c5d2f481c79046e056345e0,0.341274,0,0.0
VirusShare_8689774ccc992a44d82346e7c7b78315,0.046912327,0,0.0
VirusShare_383d280e8f6129d4941b87d6444c5c84,0.03501133,0,0.0
VirusShare_af6222560d9104359c7d2911cc7f01d5,0.34526628,0,0.0
VirusShare_190334807da203056ae2e034c58f88c0,0.6546215,1,0.0
VirusShare_a413bcb9fbe548ec4cae2d126f7f9ed3,0.18549374,0,0.0
VirusShare_95be8450a387fe2f09bcc3e83a6a4932,0.15053102,0,0.0
VirusShare_f8b65adbc511db0667ac9611e786e688,0.3180057,0,0.0
VirusShare_80625f561cfe51dd325ec99a9888d0a7,0.3176892,0,0.0
VirusShare_f03adb6b49826d60247d0ad28f029b19,0.059607722,0,0.0
VirusShare_14bab4f15e800f27a6b2b0b6c2d685b9,0.24107552,0,0.0
VirusShare_4c3b16d45a11d471ca058d3c48518a8b,0.13516621,0,0.0
VirusShare_3e1a8ffa07781e63228dcd1c8ef79738,0.33870307,0,0.0
VirusShare_01a704abfda6eee9067a72a50141573d,0.057030343,0,0.0
VirusShare_9fb0030d29de9dfee0351e54c65df319,0.067469314,0,0.0
VirusShare_4dfbdc8acf1debd422df25f9bd1e69de,0.39358658,0,0.0
VirusShare_caf29317c11026dc9a2455d77dfcf18f,0.111646175,0,0.0
VirusShare_525e2cae44d986459e4190346e76ab66,0.6524581,1,0.0
VirusShare_7a39ac45464abda438a889124ee065d0,0.6570629,1,0.0
VirusShare_3eb93e2f8beef300b3deb9c381e71503,0.08256363,0,0.0
VirusShare_22bd7435e2451d253425fc455f0a184f,0.16886473,0,0.0
VirusShare_b1fe7b53c24bd7c929b45dd8f986b9ad,0.66644543,1,0.0
VirusShare_bb920015c2ec7f3563ea151df3c65696,0.42990264,0,0.0
VirusShare_bbb076c1946e425146450691549f030b,0.26422915,0,0.0
VirusShare_2b15a5bebc22b4826253ffdd5b45f873,0.13877735,0,0.0
VirusShare_111c627725d87cdc7152bd6f9be4abf4,0.34526628,0,0.0
VirusShare_112d49d974ea45d9dd85786232b7ddda,0.31210262,0,0.0
VirusShare_1021b1740f08180f27d778d223545072,0.31802982,0,0.0
VirusShare_f1851cbacee67bbc5bad91105715889f,0.3176892,0,0.0
VirusShare_a8d76d5e10fd096d067674d8caafa280,0.3176892,0,0.0
VirusShare_8b929a39520fa8f3f842a73c865daa4f,0.26819092,0,0.0
VirusShare_821c2fff9cc234dc826b8a917c38378c,0.14911142,0,0.0
VirusShare_105b9afd7941db314e516054679e865d,0.47708368,0,0.0
VirusShare_1b7b2b96a578c4e6959f7a9e6e756caf,0.04018457,0,0.0
VirusShare_34e7000ea25d295d40b7e69b5ec73833,0.30589652,0,0.0
VirusShare_1c23c591f16a41233029c8a18af34bf3,0.118740246,0,0.0
VirusShare_8172e4b03f0295e7f14e484edfe748c6,0.106479906,0,0.0
VirusShare_b37a5b7c4c7f7a8199752269bafaf935,0.6561316,1,0.0
VirusShare_92bf7805576802ad91e414db527d3556,0.059607722,0,0.0
VirusShare_d74ca4402378ee9d3d1f9933f9bbff75,0.10479306,0,0.0
VirusShare_ec20eabf0e228eacd2993beb6ca2066c,0.14396591,0,0.0
VirusShare_82b0ea4bf544b5c33bc73fd1359d43f0,0.10615003,0,0.0
VirusShare_23a15e110ed2f5dec05a87274f7b9c53,0.057157844,0,0.0
VirusShare_324ccb5d02ae65a362854157b72e67f7,0.1222584,0,0.0
VirusShare_44debe303bcd24f044234c772e8c3132,0.15740311,0,0.0
VirusShare_f4bccd78b9592b943636efef049a4135,0.13430576,0,0.0
VirusShare_530b4ccdd8e16490889114035eeeacf5,0.08940771,0,0.0
VirusShare_92e1a55dc8dd80806d43c43be5815774,0.04035193,0,0.0
VirusShare_523aea77a392a7e16d86a35d4f74a811,0.34526628,0,0.0
VirusShare_13dd275a3aa915ee39058d4bcabf150a,0.092975855,0,0.0
VirusShare_abb44b6ed8cb129668f1cb2f4f5d29ad,0.09119268,0,0.0
VirusShare_10e91a2b95e5d4ddd7f54a0ba774c2d0,0.19708984,0,0.0
VirusShare_eac4dbafed37be12b53eedfc53879ce7,0.14812182,0,0.0
VirusShare_c2d6f7251b47eb3d54951f17f9c8c3a4,0.657326,1,0.0
VirusShare_db735fc32478db1392d20da265a2b202,0.28103065,0,0.0
VirusShare_bf8ac38fa45a405b5d6d741468c6bc65,0.65312624,1,0.0
VirusShare_0e0dcefbc71abf866c26da24b1762920,0.17913838,0,0.0
VirusShare_a3214c939ad2515b0cd3aad5c402ce13,0.5888323,1,0.0
VirusShare_bf41c3b25ed5e18a698b50ec32206af0,0.059607722,0,0.0
VirusShare_e9ba3d81eef8455a9ed587242cb18e36,0.34526628,0,0.0
VirusShare_82b6aefc08b359173217678342f22080,0.3500319,0,0.0
VirusShare_e01959ce5ad647780d7b6815db88372d,0.6585171,1,0.0
VirusShare_11cc2bbfbb77b74bbb7548d524ca78b5,0.3925642,0,0.0
VirusShare_f9fd6380ce904be7404053a84a8b15b7,0.09767528,0,0.0
VirusShare_6b0d3f14baf3fd0e18989692d229c206,0.25371948,0,0.0
VirusShare_9ed74cad7c35420ff6a205d303a1254c,0.36801773,0,0.0
VirusShare_de3ecb8f817ae1384f41794410c9637f,0.23808601,0,0.0
VirusShare_7cc4dd30d71e4f78e62e7ed34617156e,0.121476434,0,0.0
VirusShare_f817be653905822af2ef815387e72236,0.28274342,0,0.0
VirusShare_daa4c8b54ab8e88ae9f3344c0c385538,0.32367378,0,0.0
VirusShare_6ffa630f18406815176af0d3d6cd4f23,0.34526628,0,0.0
VirusShare_e4eefd3560556c3a3e6c6d88e14aeea0,0.65074146,1,0.0
VirusShare_7437d86dade95963ac402a2d173e5394,0.3884929,0,0.0
VirusShare_155eb77b9f97fd28f1670e8817691129,0.08976777,0,0.0
VirusShare_8d6e54197074b6b8b52df4dfd14517d1,0.16654818,0,0.0
VirusShare_983c97a726b851586bbcd7590b27b030,0.6589041,1,0.0
VirusShare_14e4b44fb274d6bb0daca5f0eeadffae,0.35810885,0,0.0
VirusShare_b509ad9e8d7627ae75793067dbb2276d,0.032029215,0,0.0
VirusShare_c5882d93c394b15209dd424054169e37,0.070844755,0,0.0
VirusShare_b7b6bf54e12eb310d4953f826e5d43d0,0.07976997,0,0.0
VirusShare_0eb9f934eb46f05b66f30f40b484844e,0.0536718,0,0.0
VirusShare_8dede97fbacc4e9bb774b73fc2d603c2,0.65600264,1,0.0
VirusShare_00208f1aa6ebd03ebf70e847b6f690c8,0.33330092,0,0.0
VirusShare_c16b79cee329f4a3d87ec99bc83aac94,0.32616144,0,0.0
VirusShare_7cc4137f67abf7a93c4178a2909efb9d,0.39229673,0,0.0
VirusShare_bc867757658b294a9d7fbfd2d967e477,0.40434098,0,0.0
VirusShare_8cdf811a9ff73d11d4225b03b5fff60f,0.059607722,0,0.0
VirusShare_aa93fb8fcecdf5d229b547530ff61a81,0.11391846,0,0.0
VirusShare_186f96aa4ca26c3ff72afebecada3294,0.24473128,0,0.0
VirusShare_e90dd1037b75634ae5660b6c30505f51,0.16139583,0,0.0
VirusShare_ca833c8eb9fa039fce5f2d251f00454d,0.17665415,0,0.0
VirusShare_818e95ad1768f4ba570fbecf89d66883,0.15330276,0,0.0
VirusShare_7437727484d35995f83b98b4f6839795,0.65686744,1,0.0
VirusShare_d1783d1f3da7b2fb53f96edaae546676,0.17204602,0,0.0
VirusShare_ba1153100b00d9580f0600dd5c627adf,0.2386014,0,0.0
VirusShare_b813914d098e782e8ad999d963baffd9,0.09338271,0,0.0
VirusShare_94a037c520c2ac7d086ad4bb3707b145,0.16741012,0,0.0
VirusShare_09c8eca3914f0454f9b40ac453f17ee4,0.24444588,0,0.0
VirusShare_1bb110b28522cb7f70f8d2343ade86f6,0.44764668,0,0.0
VirusShare_58cd97395756afd2e43a2e57e51f5ba8,0.11396184,0,0.0
VirusShare_e9b0ada2302268946c6204a36a6325d8,0.46556234,0,0.0
VirusShare_b3d94b1eca63b0952665362de272b640,0.34526628,0,0.0
VirusShare_a1c3da39d8c1226d650affdfcf1e3832,0.33206254,0,0.0
VirusShare_fff5749a07ac1fea91e0e51a34c16189,0.057157844,0,0.0
VirusShare_8586023c37e6a703cbab24f441836a24,0.34577498,0,0.0
VirusShare_19dff3b73bcbdc7f040dcc6bb85f26fa,0.2386014,0,0.0
VirusShare_0111a849fac7c3bab70d39a815275358,0.31518137,0,0.0
VirusShare_36576f4a5cd5a52bebe90e06bf6808af,0.38994247,0,0.0
VirusShare_cd4fe9663e7c0682af795045e1416b5e,0.081083395,0,0.0
VirusShare_664dd3e487c74a64a47236e9aef87482,0.15914431,0,0.0
VirusShare_2bbd69e3cba9c3877c340958fd414b9b,0.39229673,0,0.0
VirusShare_ebf54f59c9444879f00e9ee8c1ef6dfc,0.4581676,0,0.0
VirusShare_bedaa7ae892046d4c9a2149fa23eb120,0.24403481,0,0.0
VirusShare_e5952dcef45f78d48a7f87437b195d02,0.059607722,0,0.0
VirusShare_ef035f41045adbb75ef5bbf6c0f98e9d,0.1664613,0,0.0
VirusShare_abd254054d357f2334f63b87875751b6,0.26189238,0,0.0
VirusShare_7d219cc0b56cf78140be881ee8c753ab,0.32367378,0,0.0
VirusShare_ffa1416b7f7202f5cc0514e7f95efc7f,0.24473128,0,0.0
VirusShare_4d10380923388c8f47df0899b523d7e5,0.041524313,0,0.0
VirusShare_4b363d3e84b366c8f38a7fa9f112885f,0.26189238,0,0.0
VirusShare_7d9aa01433a179a89bdc02f74d5dde47,0.13381022,0,0.0
VirusShare_7637604305bd42adfd142e59ef74edbe,0.16041449,0,0.0
VirusShare_442a7ecb100f1c263ae5f3c3a2b97373,0.081083395,0,0.0
VirusShare_5f2647796349a105222f33221e567c8f,0.081083395,0,0.0
VirusShare_664fae9c53f773fd066830eeb1a14773,0.33993098,0,0.0
VirusShare_7c0aafc877054da0aaddb9cdfe17b1c7,0.04018457,0,0.0
VirusShare_cb6862d118abf5a9547dec191a40604b,0.39229673,0,0.0
VirusShare_de6fdb98f0d2cf1307822992fd725b98,0.3176892,0,0.0
VirusShare_aebc7565b0c98eb17d972d9830e7e28f,0.015713636,0,0.0
VirusShare_b3855d0d3016b3f04b0f1139c4cc27a9,0.18887182,0,0.0
VirusShare_8ffdda74390bca8ecb399d1b37868977,0.14428301,0,0.0
VirusShare_e5bc446d6b25e1369878c3ecefd0ca95,0.23901609,0,0.0
VirusShare_86dc822b23215799a70f4279f1b5a252,0.057157844,0,0.0
VirusShare_a9cbfc0390aed0d06d004ea2e88eb62f,0.057157844,0,0.0
VirusShare_a1f1654bbbd25ea68fa5ab9e40b48989,0.3358218,0,0.0
VirusShare_0126094af0d41657ade8c51bc0eb52a2,0.2670517,0,0.0
VirusShare_82a6779d0858b1fa089958a1ce129447,0.04018457,0,0.0
VirusShare_d5d83a4c07f6dbf1480a7b961b25b28b,0.24444588,0,0.0
VirusShare_a92236e78978b74b7a4838df8ab85d24,0.14897688,0,0.0
VirusShare_a1535ff5443a79115d5e35a65216457e,0.43773946,0,0.0
VirusShare_084b8b992a9012eff2230f3f58139e4f,0.6592597,1,0.0
VirusShare_1d42b2f6ed2fed8b367cafbca3668b31,0.24444588,0,0.0
VirusShare_312cb7fa4e4b1940d891c8edd937aa9a,0.31970078,0,0.0
VirusShare_bb7bb6a1db8768a0ab5bb4cf85f9a1aa,0.35470083,0,0.0
VirusShare_64efda5bdaceba32fa036badf27d03af,0.3039605,0,0.0
VirusShare_bc9b52eb3064a1444230212c02ee8f97,0.2386014,0,0.0
VirusShare_53cbffed6f83a5535951add10e0a5964,0.30929965,0,0.0
VirusShare_6538c690e8e500b76f7724626c1db629,0.35984194,0,0.0
VirusShare_f8cdb5d4fe1f3399de78235b1e15f4f1,0.31997186,0,0.0
VirusShare_1f496383f78edcfb3e3a94916267803e,0.18364629,0,0.0
VirusShare_27ab480e3c49d4f12cfe6f7617037541,0.65490687,1,0.0
VirusShare_afd2e5230f728f33418dafc40f2ae811,0.29507416,0,0.0
VirusShare_e9e3c2128375142ddb40ec108b8f827a,0.34353682,0,0.0
VirusShare_9d2684ec72fec35a9ff4b094e638b113,0.19709548,0,0.0
VirusShare_fa83f5a57214d5817af454522aa279d6,0.057157844,0,0.0
VirusShare_af041747246af31df145548861b122ad,0.041524313,0,0.0
VirusShare_e3e88873419a6f4c73f1e24029ce14a9,0.04018457,0,0.0
VirusShare_9aa577ae926581dbf4e5fa943d7f3417,0.2769131,0,0.0
VirusShare_5e2388d75c67167e2c039a73d480b9aa,0.09119268,0,0.0
VirusShare_0ede067539cc4e65568186a5e7fc1578,0.6645652,1,0.0
VirusShare_4cd4601f89756ddb16fd2bf69238c7fb,0.6521505,1,0.0
VirusShare_209fbc8b761824af543aa3085b0f1bc4,0.18364629,0,0.0
VirusShare_899bc82728b3ec41164ddc044b62bf85,0.09119268,0,0.0
VirusShare_92752aa58a8506645fbf917c88c496e1,0.11501272,0,0.0
VirusShare_f0aa6ac84eb4048c039aac52e4d7f2ff,0.65668,1,0.0
VirusShare_38bdfeda716d94ac5ca7c5230d2ad946,0.3440884,0,0.0
VirusShare_b12cd6a4bdbf31b63c0dd9731bf86106,0.17623638,0,0.0
VirusShare_cf55fecbc47f848394cf81a3387d2c93,0.65702736,1,0.0
VirusShare_3c07b04a052354dd91df95bcb4c155ef,0.10675268,0,0.0
VirusShare_3ba6354b12c362f932886c785cb9e492,0.26760077,0,0.0
VirusShare_f7a320e7c28fd0e5912ce0ec4d4dc5b8,0.09119268,0,0.0
VirusShare_c5481ac95e6dd47402c5d27870a2e1f0,0.26908106,0,0.0
VirusShare_dd82764bd770ccac43f1a533b678f5ef,0.24473128,0,0.0
VirusShare_6f48d980fb9766faab1e40053a96a0a8,0.04018457,0,0.0
VirusShare_9f32b04a87eb6cc69f7d391e5f72c80b,0.34262395,0,0.0
VirusShare_ae9b228122775c560176dcd4ae8f0159,0.16950276,0,0.0
VirusShare_b64a0123b4e1d299592946ff14630009,0.16950276,0,0.0
VirusShare_2d426771286767844eb5048569be703e,0.3176892,0,0.0
VirusShare_006f0f42e75239f907e01299723147e9,0.20931344,0,0.0
VirusShare_ae6eff9a2534bc38d76f7c769d94a9dc,0.058237374,0,0.0
VirusShare_1fe9be4545a24b475a32d689314f2d89,0.24444588,0,0.0
VirusShare_2644ce53ba04820e619c43b63e8f23f9,0.27567345,0,0.0
VirusShare_aa68607b014b9bb22c0738d785f22488,0.1615298,0,0.0
VirusShare_661dbcc67a97bd6df522780b61f14d40,0.34414595,0,0.0
VirusShare_d65af5fe7cfee79008d69ce7ed7b7387,0.20427576,0,0.0
VirusShare_75a38c18a0fa7112a4edcc833b9cebde,0.11877406,0,0.0
VirusShare_988f0376033eada5de54485e4a10302e,0.04018457,0,0.0
VirusShare_47372fac0191c0790cdaa04b8ab88410,0.2769131,0,0.0
VirusShare_d5959b085a53ea0f27e47eddedeaea58,0.2769131,0,0.0
VirusShare_0880812a0d456f44474c25d50721b090,0.2841762,0,0.0
VirusShare_bb1daddaf3592e05e82b0ab73e7ecd11,0.18364629,0,0.0
VirusShare_4dd8e20f5e52c919d4e745250bafc4f4,0.48267975,0,0.0
VirusShare_0bf6a7a4fa38aa62b104ce9955924f8a,0.46036896,0,0.0
VirusShare_4157c9d08f5b73f503662cca1d137c2d,0.57182276,1,0.0
VirusShare_b08591a1566d6b5b35cabb130c6fb633,0.18364629,0,0.0
VirusShare_fdc904c181d9e1ee7c7024f086cc219f,0.33110315,0,0.0
VirusShare_ded9eb54e99faa50c4321342ca1ebc26,0.111646175,0,0.0
VirusShare_7645ec21880c0fc7ee96953fee4d6355,0.24444588,0,0.0
VirusShare_5de07f8c84d114f474e4ef687bbadc7a,0.26971513,0,0.0
VirusShare_1fbdb0d55044738c0cd7f15a8c7af44b,0.34526628,0,0.0
VirusShare_06620e515f16479507f8317f588b6866,0.05921849,0,0.0
VirusShare_82275441225730a49929b315cadc33ff,0.09119268,0,0.0
VirusShare_f0df4b8ba2fab4c47437bd964d4a2a48,0.20955925,0,0.0
VirusShare_196b229615645ce28ddd833ec8e49b1a,0.4581676,0,0.0
VirusShare_1ae1029e0da8c9814a7a727dbe88d0ac,0.072046526,0,0.0
VirusShare_67edbbc26635699b8f40570f089c2bfe,0.3377319,0,0.0
VirusShare_7536b486a6e26f60f3b3ea967603381a,0.27018845,0,0.0
VirusShare_b1e808dc10ed0ab046fa7b69d04b8591,0.33439982,0,0.0
VirusShare_c07984d1479e56cd9974910668299b0a,0.18427403,0,0.0
VirusShare_9f4bcf054a8fee48a280292d29e86642,0.072046526,0,0.0
VirusShare_04b29710e24a921f4a7ad4d4db58ee75,0.09062159,0,0.0
VirusShare_860d460eee71e45b0f371841a3df000a,0.19015409,0,0.0
VirusShare_c2ecdf84c7a3565764b6c10000a889de,0.34077895,0,0.0
VirusShare_23841cdaf2800441bc85d386169db40a,0.2769131,0,0.0
VirusShare_d6ba0bc1ed10ae4a790ee1e23e176bce,0.09119268,0,0.0
VirusShare_01c26f4b0d4c6e79bfa457bc41145ef6,0.015826022,0,0.0
VirusShare_f36df1aac0b5bf8079cb970af29981f6,0.24444588,0,0.0
VirusShare_d58cff225f386232b1ab84f985a1b07d,0.33390778,0,0.0
VirusShare_c3d22780aa3d1205832dac7bc11383c5,0.3414803,0,0.0
VirusShare_37b1c7b77aa3c778bb59aa7479721fdd,0.21896926,0,0.0
VirusShare_25155d81fe594ce13ddc2ca64ba68c1b,0.33995736,0,0.0
VirusShare_9a3ac6849cb86feb7327dc039bdaadbf,0.34109235,0,0.0
VirusShare_b6fa6d4e6a892f1358da443cb38415a7,0.24444588,0,0.0
VirusShare_39291d4375d36484fa79ef36b3558317,0.34964666,0,0.0
VirusShare_34bbf85582df0da258c94162d3f51d7e,0.13877735,0,0.0
VirusShare_60fcd208921843de720e08b4063a9c6c,0.09119268,0,0.0
VirusShare_88bb626201efc7f6bd1364cb3ba51e43,0.09294285,0,0.0
VirusShare_dcefcfebfd15cbe2612f2b4fbc698b05,0.3289132,0,0.0
VirusShare_1082674bf593045092d00d1a959233b0,0.2042623,0,0.0
VirusShare_186bf9e2a330ac118f84a51ab0952c23,0.15249182,0,0.0
VirusShare_e775090f4ed586f7bd3d5920a6ad13cd,0.1773514,0,0.0
VirusShare_7ec8160958918cf14f39204bf3ebe230,0.3178422,0,0.0
VirusShare_771662e3f9d8fff3daa52c2384e6252a,0.072046526,0,0.0
VirusShare_29adb44cf3b333cb79749c0441e1aaa4,0.3176892,0,0.0
VirusShare_52d7b5f9369acf2f341e41d71aed62dd,0.072046526,0,0.0
VirusShare_8e784b029bfa8c3903ad1e3d40fcb822,0.04018457,0,0.0
VirusShare_0e187aeb1d486f0bbf1786ea2e69249b,0.06843191,0,0.0
VirusShare_0d2fde31b2300df6f4d01eba92a720a0,0.66066664,1,0.0
VirusShare_c28d02aa4165beb885567cab2a5c4314,0.13877735,0,0.0
VirusShare_e2c1433628cf07b0ac279adb5bc5b7ca,0.2320911,0,0.0
VirusShare_d9c2a1c8ed04a3bdb4af358b04c37390,0.1905272,0,0.0
VirusShare_4f275b1147365088987ee26ff9c731fb,0.2795905,0,0.0
VirusShare_033195aa014379af24db07bea5e949e9,0.059607722,0,0.0
VirusShare_04302ff8cfdaa26d6532881fd9a2f02c,0.31210262,0,0.0
VirusShare_5bf79b7a7f75ba26149c513b43b3f946,0.059607722,0,0.0
VirusShare_e7ac6bbe92a8f8e05a9c5c5875d2fa91,0.019304985,0,0.0
VirusShare_677a79ad552c43cd840a71d051892f0f,0.09119268,0,0.0
VirusShare_c0dd6f415562d6668bd218778cb4006d,0.04018457,0,0.0
VirusShare_c367840b7870cba28d470a186e5f8c3c,0.3176892,0,0.0
VirusShare_fb29e0a9a646ad13c511b42885d559dd,0.043169692,0,0.0
VirusShare_3ca3b9d71ea3cfc0523fcad666018752,0.44214338,0,0.0
VirusShare_3f93040ffdcf8d8732d7e91f84ea26ee,0.049831565,0,0.0
VirusShare_2b7ca3bc44f317273e3c3ad21ab9cc92,0.18134613,0,0.0
VirusShare_a72a9dbcd24d476f6bba23389ecf0168,0.4581676,0,0.0
VirusShare_450802d63373994ef739a6ef5f386211,0.3176892,0,0.0
VirusShare_0835d4363cde3f8de3f94d77dde6bf13,0.3176892,0,0.0
VirusShare_ac5d54f7823c2dcfc4ae1c84c1b35c5f,0.072046526,0,0.0
VirusShare_70dfb94b25bdfa532e7ba562ca489b3e,0.04018457,0,0.0
VirusShare_69b46d67a069362c0e52c2ca15f6ed6f,0.66051275,1,0.0
VirusShare_3afff6420fc501e22fd56821cd402757,0.2841762,0,0.0
VirusShare_e55a414cc69c28fa82b39796b7d80411,0.42011523,0,0.0
VirusShare_36534b9323121b2b05923cb4dc474319,0.015649881,0,0.0
VirusShare_d8bd31407d14516aec53232b6c9a5720,0.27581018,0,0.0
VirusShare_1f9e651412e14426e7dd60c26f9f3a41,0.24473128,0,0.0
VirusShare_1996cae318a9c1a9a6246f4a994fc602,0.34526628,0,0.0
VirusShare_3852b4a41085a884d0b79216a1b4ffb6,0.65762997,1,0.0
VirusShare_27e8dea274f96b7faa6f7b515d0a56e9,0.37923247,0,0.0
VirusShare_f0dcc9478905cebfdc836f7068881ff4,0.051867116,0,0.0
VirusShare_5aea561b1645ef1df4a16154d1e0d568,0.10911862,0,0.0
VirusShare_f892432063beaf66ac3d66c6096bf37c,0.6591869,1,0.0
VirusShare_a6be5311d9a3a2f9ccf30701177a11f8,0.08160498,0,0.0
VirusShare_0ef8f7f4dfc2574d751d247c64349841,0.27018845,0,0.0
VirusShare_fec93e051b9981e666cc9a4e041cdfde,0.43880233,0,0.0
VirusShare_f325ae1497aa79be11f43a5de78a6dfd,0.6571997,1,0.0
VirusShare_2fa95931b661d850a30c2a0cb445649e,0.65522254,1,0.0
VirusShare_ca0c3b3cfd8739300c89658a90512466,0.09851198,0,0.0
VirusShare_4c874cb9a5ee37a9d142970e1e7f1d0a,0.059607722,0,0.0
VirusShare_8c7935af711bf897bf68625add172d1d,0.04018457,0,0.0
VirusShare_5b24ecf7e6eb18bab2481b7022fa7754,0.07296778,0,0.0
VirusShare_fa0833aad52cb4ef2c84834977659d83,0.09374839,0,0.0
VirusShare_f19fd469cb9a3de7d70d6659bc7a2a00,0.6568899,1,0.0
VirusShare_f013275e9cb8d098e10f4b0393df6ed4,0.051623177,0,0.0
VirusShare_d7d17570c4c7fe06432f45f6f76c8e5e,0.32616144,0,0.0
VirusShare_ac1f8f815fb1a3edf561d272e645cfed,0.30672297,0,0.0
VirusShare_6ff86d00c00a5a8d4ba31c4318775499,0.10178622,0,0.0
VirusShare_72fd2bfa312661381e26d6897d968985,0.063871145,0,0.0
VirusShare_c55b192ca1de72d574610c6bb55bcb0d,0.34908754,0,0.0
VirusShare_7ccd6631f8cb45ad2982490cc5108dae,0.1073421,0,0.0
VirusShare_da78d462a4e58c7ded199d8f46fe2cda,0.07930823,0,0.0
VirusShare_2fd45247c36689845fa98f6967bd1194,0.24444588,0,0.0
VirusShare_cc4783214d8d8490b333759d36110c4f,0.072911404,0,0.0
VirusShare_4735485630e718e0e0a2eaf536b5a8b4,0.04018457,0,0.0
VirusShare_2aceef58016f0f4d136bad7896a5bd13,0.6463598,1,0.0
VirusShare_33fec3742fa5da89e51f0df5d9afd457,0.6585771,1,0.0
VirusShare_5eed3d9f377abfe5a793002e41eb3de3,0.2948833,0,0.0
VirusShare_142c22a586583285be29afc5cdb23a54,0.655547,1,0.0
VirusShare_78ab6f2a6253e65650b68ba30b9fcf63,0.16892257,0,0.0
VirusShare_e97443ee8dc1f1ff3ebd071a9d80b6af,0.042232428,0,0.0
VirusShare_04dd643f9b3a510c137dbff54537b344,0.173332,0,0.0
VirusShare_2485de6a0e9cc908610f591b364fffbe,0.059607722,0,0.0
VirusShare_c3776a867d5ef351ddcd1219d0ec8966,0.026119271,0,0.0
VirusShare_b84b639b0153d1216fd29fde70acb39c,0.33422914,0,0.0
VirusShare_91d29707459fd96c21498f7b9087d280,0.25371948,0,0.0
VirusShare_47e4dcf5aba0ff47e1dc86fdf17526a7,0.6516567,1,0.0
VirusShare_3f6412e9e03f08717d744c859852cfe5,0.30387726,0,0.0
VirusShare_b86d68f54e891638695da4a592b23d6d,0.22641599,0,0.0
VirusShare_9e3a810b02b3875612c9ad1958277fd4,0.57069474,1,0.0
VirusShare_63298f905106b1f0e82978f8fd022d0a,0.072046526,0,0.0
VirusShare_887538ac0aff78e453330646d7165fb9,0.65734035,1,0.0
VirusShare_56271db2fb2f4b0e533f470f38c27288,0.05818204,0,0.0
VirusShare_0aed00aeadf76ca8701626790f2788c9,0.16892257,0,0.0
VirusShare_6f92aec5ab3c219274d7465d44cfbf9a,0.086864606,0,0.0
VirusShare_71ddd88050256f1e1fffd6d548acd9d7,0.111646175,0,0.0
VirusShare_7a2b0a1b15b0b8987b91177ae2d5a68e,0.038312376,0,0.0
VirusShare_4d948756ab2db5db7bf864c8680a34e1,0.42419308,0,0.0
VirusShare_91061af6f7377688b41f6add60db871a,0.65394723,1,0.0
VirusShare_189cf5c9b70bfa4e6c71f176bca8e6ef,0.36183175,0,0.0
VirusShare_62e7cb54f1a0b839e4b7b6373d600cec,0.24473128,0,0.0
VirusShare_5958804cf3d4fbbd3e56322416efbf8c,0.08282916,0,0.0
VirusShare_649f95291fa76bfbdafb27683bf67a98,0.17419055,0,0.0
VirusShare_f2edd65f550aa0929902ff2853e00109,0.6516453,1,0.0
VirusShare_ec37ae1b0f269a3bfa2c138f42e2b9bb,0.65257853,1,0.0
VirusShare_4b67485a1decd00c86e40f36c3c53ffa,0.25371948,0,0.0
VirusShare_11b9a3e2e610696f8ca4e1047694b255,0.01654815,0,0.0
VirusShare_afdb6794e70d61e9f0503ce58bd4f669,0.033640355,0,0.0
VirusShare_e209f3b6ea8f490428a8aeabe5af63cd,0.6504882,1,0.0
VirusShare_9938fea5740db9a13403f67ef8d11caa,0.059607722,0,0.0
VirusShare_67e6acf58c392c3bf567bbc488a502b9,0.05481004,0,0.0
VirusShare_681d1cf1e1ad2d337a518888a384d3b7,0.17172194,0,0.0
VirusShare_b03d9699a13025439d27120f0e2f012a,0.65397114,1,0.0
VirusShare_f04e3a67c14aa52308d0770c26be054e,0.34526628,0,0.0
VirusShare_2f6a2e2336641b4f5e361f729ec19c4a,0.4002366,0,0.0
VirusShare_d13dfb7c6d733f725c9ddaaab943fc7d,0.13877735,0,0.0
VirusShare_ade347108aed41d8cb3fb429f24ccb7d,0.09183713,0,0.0
VirusShare_65436f213fc87f8d08075b1bdd686501,0.081083395,0,0.0
VirusShare_d50179d22f806cf41ce39ae5dd7f4d75,0.24403481,0,0.0
VirusShare_8621dde03f72a38752a655b0e5a8b702,0.03517876,0,0.0
VirusShare_9c51067e6505c29cccf8807460bcaa26,0.068165325,0,0.0
VirusShare_d3df73cd1fca97093e4b7efae4d158cb,0.059607722,0,0.0
VirusShare_185d4f9ee6c6be5574a2040533e35c20,0.080323026,0,0.0
VirusShare_1433aec46fb5530da9fc0f6d0e6e44bb,0.041524313,0,0.0
VirusShare_3eedae8570a17ecea23c20c17cbe1fcc,0.4581676,0,0.0
VirusShare_725a9ca260b547540000c234b5031a6f,0.1283874,0,0.0
VirusShare_d95dd8424ec25b6f727e88670ac60ca1,0.09119268,0,0.0
VirusShare_1024d052b08de1c5c90f77e0831130f2,0.36183175,0,0.0
VirusShare_12d0ce59ce78c6aab330b181a766c5c9,0.19613919,0,0.0
VirusShare_43a72c631abe1d939a5f48b4860b9112,0.6432975,1,0.0
VirusShare_8157a521b863d0dd4dc287bade7697ab,0.49572787,0,0.0
VirusShare_9f219abb70d385b9ef085997cbf689ae,0.20153935,0,0.0
VirusShare_6ec1b94b1d341e0dff088add8e634808,0.1042486,0,0.0
VirusShare_8c4ac19514359fd9f20393deb24d7ed4,0.318266,0,0.0
VirusShare_2450c9e2835f44dc820f1a0a92c3ab03,0.57479656,1,0.0
VirusShare_37096f69f2bbff8c210aa411bb617bd1,0.059607722,0,0.0
VirusShare_d779583ce4598909dd9d5f45d3a079b5,0.33183518,0,0.0
VirusShare_7893fadc10be5efff384a51986906152,0.26908106,0,0.0
VirusShare_55d33d2da55e80c1ff5f36a798419f5a,0.31213504,0,0.0
VirusShare_61bae9849e77dd2e719d096b3272ee16,0.6491524,1,0.0
VirusShare_4f6eadee8b911f2440b9f339e7be700d,0.12215897,0,0.0
VirusShare_1d066b4ac73f6f6c70511c49fee564cf,0.081083395,0,0.0
VirusShare_7eb7769361f6684eab30f21e50d0c868,0.043051682,0,0.0
VirusShare_5820b64ccda7a7bdbdf286746444edbb,0.081083395,0,0.0
VirusShare_2dc29e84cf0a0dbeebf22e011d149305,0.05171278,0,0.0
VirusShare_d081811e790331da2b4ad99f5350edf7,0.042681135,0,0.0
VirusShare_bd5c917d925cc5b1231da4e68cd39178,0.6554448,1,0.0
VirusShare_f469a9df933afe08b1d8af8dd9f7a9cc,0.059607722,0,0.0
VirusShare_fa52923936ffe7264df295f6cee3e9d3,0.044420216,0,0.0
VirusShare_f1b2feef4e7387e6ab75c71421ddfa93,0.18621875,0,0.0
VirusShare_8f0d16f75a804d403ddb8a07bc2073d1,0.06943027,0,0.0
VirusShare_eb43070eb383ff465be695e6c60fe5a1,0.341274,0,0.0
VirusShare_571be677a6c1c84d9987f11b5e19cdf5,0.34526628,0,0.0
VirusShare_bb2a2c8f0b41edc01a311de23e315b97,0.06943027,0,0.0
VirusShare_b278c91a7239ee3a69294de8fabab3bd,0.09119268,0,0.0
VirusShare_35de9a45d19b759ca336718076185350,0.647503,1,0.0
VirusShare_9fde8aecc84c188641a58330aa835c65,0.04018457,0,0.0
VirusShare_20658383dc69b5c83dca85f4d5087c2e,0.34526628,0,0.0
VirusShare_dd3c6019b7a0731325f438813d2d4037,0.04018457,0,0.0
VirusShare_55ab90da51794bf6eea409d3b9ae513c,0.07094461,0,0.0
VirusShare_4cc987ca7b96305415640be092f0532c,0.2979177,0,0.0
VirusShare_99fd700cc55900b887df019fa8cbc665,0.040302895,0,0.0
VirusShare_07c09e2991f771aaf89384a5a6d953a2,0.1120335,0,0.0
VirusShare_5c2e96e2b5748fb5984a8408632fbc6b,0.04018457,0,0.0
VirusShare_4d1e998ef0b5c6e036368ea88d8d1bc0,0.04018457,0,0.0
VirusShare_93b1d240de15ccd531570867d178506d,0.04018457,0,0.0
VirusShare_b743e9ac32235016630d06dfc00b4f32,0.059607722,0,0.0
VirusShare_b9840ed805739ee7c2306865b1de8b0d,0.031748284,0,0.0
VirusShare_b8831c81a6757438805f5d6688481c77,0.086139105,0,0.0
VirusShare_3bd61b6b7f6859cc8c682260b3f75595,0.2769131,0,0.0
VirusShare_b4081c74f53c30deff2e67045efc0ab3,0.3144967,0,0.0
VirusShare_cc64d4ab3070bb964436f9e76023c861,0.6463225,1,0.0
VirusShare_9f1c9116ae1ffa010ae23b679a26fcf5,0.14461419,0,0.0
VirusShare_80d7836a9f2ddfb7f6d7d5531d803d84,0.6555489,1,0.0
VirusShare_ad20c7b64f729e002abedfa8a2a70a4b,0.09119268,0,0.0
VirusShare_6fa0965ac7283f619e26de4f54284131,0.041524313,0,0.0
VirusShare_3445ea4a74c4ba7fd519d9ce63fc118c,0.6541704,1,0.0
VirusShare_94ed4309a37b3542786140979a484c76,0.041524313,0,0.0
VirusShare_5a327ba4ddd8204c8250c2d339190dbe,0.09119268,0,0.0
VirusShare_ba8bdeb0792ffb3a454d6381f6edc7b0,0.09119268,0,0.0
VirusShare_9d96d25050d964941dd380ed7bfc1678,0.1424396,0,0.0
VirusShare_561c2cf7c3493a467756262e592959f3,0.08035423,0,0.0
VirusShare_2b9aff24169ba04fd0192042f46b9491,0.117965415,0,0.0
VirusShare_9f4adb227752460ef562e54d8ed77195,0.06636623,0,0.0
VirusShare_9794ebe870d10af564020d027be22c02,0.069869086,0,0.0
VirusShare_318ec4579c9c14e95326d7f6c7606ca3,0.4085304,0,0.0
VirusShare_67c39610ea79eefdf929521138f1cfb2,0.31825328,0,0.0
VirusShare_a47ffdc31d9e3c09b6ea32f2d2bab812,0.036442857,0,0.0
VirusShare_d154fbf538cd7de4824968055dbdf2a5,0.22283463,0,0.0
VirusShare_39a132df816f37a8e16b4811a98c05a1,0.03713265,0,0.0
VirusShare_f253a17c1ce603e711399d16e98f50af,0.04018457,0,0.0
VirusShare_004d2db226b30000d0d6a5dbbc3ec1fd,0.04018457,0,0.0
VirusShare_93af1792feaa3cc03b83c228c499f975,0.07147567,0,0.0
VirusShare_3fbe87b5e1343df77cef67ff99e33293,0.05715229,0,0.0
VirusShare_f15d8b7dc3faadcab5f31976f623b221,0.081083395,0,0.0
VirusShare_ac6e0fdaac4444bb427fded3c6abb105,0.24444588,0,0.0
VirusShare_6807caf0290dedfa7338c5c9da156217,0.06771844,0,0.0
VirusShare_57de4880bd0f185b35aa80633cef8149,0.21106711,0,0.0
VirusShare_7f14a91708d366fc77c294a480c6e1c2,0.089213416,0,0.0
VirusShare_04817b2151bda35f068833fc716a9d5a,0.056889422,0,0.0
VirusShare_70dcc30f891f1a120d677c4ec0a5a6c4,0.13525638,0,0.0
VirusShare_11e0b1961f3aef3b5c65c42c726a2906,0.3756327,0,0.0
VirusShare_399ee192e51e7fa5dee00a73441640d4,0.03566264,0,0.0
VirusShare_f5df0e78e3fdfcfce81e89aa535cdf18,0.3176892,0,0.0
VirusShare_b0798c34a39fdce6c2848032cd512549,0.3176892,0,0.0
VirusShare_c04b96583edff5a7438b830b5c31c1cf,0.3176892,0,0.0
VirusShare_c310a7507f5f2250ee219090feeb8062,0.34577498,0,0.0
VirusShare_fcffb4ce16c89877980e21fd9e6bf210,0.13877735,0,0.0
VirusShare_ed7d51fbb61149b988b2476b06f90e63,0.6521349,1,0.0
VirusShare_55124cd2878e05f020b97747c22fe1f0,0.031394362,0,0.0
VirusShare_aa4e870e89f37b88e499f871f04f0f67,0.02364044,0,0.0
VirusShare_1eafa24431f70cb67d5194d18ccbd79d,0.16741012,0,0.0
VirusShare_091e8a1b98dca031948f358457bd72ea,0.30817297,0,0.0
VirusShare_0bf58e3c5e0dc45b1f19fbb8ab07a8c4,0.49753016,0,0.0
VirusShare_85908c67977d6211abcbace429873915,0.5148879,1,0.0
VirusShare_c0cb02d8efb312887792c199a1d0bdc7,0.17167829,0,0.0
VirusShare_6d4caf03ec35ea25db22af3c2b53b913,0.34434694,0,0.0
VirusShare_b08e5c102ac8e2373833456394f88539,0.6579572,1,0.0
VirusShare_d3443765c041e6ffe193e45d5b3cfda6,0.09119268,0,0.0
VirusShare_357d7beb4517255e756b49fdad38d659,0.09119268,0,0.0
VirusShare_b78c0bce2f80e6a8cac386044f7310c8,0.057157844,0,0.0
VirusShare_5537ae68764b67d0c14bed5cf2e3f646,0.06263256,0,0.0
VirusShare_d62af798f2e7319a208388a55ab2d1d4,0.10887438,0,0.0
VirusShare_b9e75b7fa9e8eb853ad79a4e4982f50b,0.13080296,0,0.0
VirusShare_4d90066fb197fb0e137b703f48022e87,0.049565934,0,0.0
VirusShare_3eff3c2a92a2de121efaa2b8c30f9267,0.04018457,0,0.0
VirusShare_b8e0763bf13c3c9011ceb57bccd883bd,0.09119268,0,0.0
VirusShare_a1f974aefd3f5b8becce9b583ce3a6f0,0.33808812,0,0.0
VirusShare_5b4188ae0591ee593622d74a397aa34b,0.38189274,0,0.0
VirusShare_e45aa17e11fd52bb82e16f36628bcab2,0.059607722,0,0.0
VirusShare_5557d14e747af00ff0cf2ca35cbf6a92,0.056630187,0,0.0
VirusShare_d7d847830627e45e90dbd08a5baf80c8,0.081083395,0,0.0
VirusShare_d4bea3d1fb6f24379435111901cbd8a3,0.6590129,1,0.0
VirusShare_37dfd93f7f4973b83f598225ead14e81,0.3180057,0,0.0
VirusShare_fbcf36668d2bf5ac0eb219cc6bae97f5,0.2959524,0,0.0
VirusShare_af3afb8b3976f3005ed4f11604129d2a,0.111646175,0,0.0
VirusShare_91b3a89d2c0a881737df49fac38744e4,0.41348523,0,0.0
VirusShare_9801a35653a7c143226bd03009e51e14,0.34526628,0,0.0
VirusShare_4d20615307f02f1eedf4ef40d73a90cc,0.065112986,0,0.0
VirusShare_22b7cbfaad92c859c4b854d871b98f79,0.1262329,0,0.0
VirusShare_fd08cd072993142ebb5fbbdedf6a9bc0,0.07598011,0,0.0
VirusShare_b7d729744bbe091757a60ad0c95db84d,0.08955037,0,0.0
VirusShare_6577648564d9d9d5cd1d2e4476aa61f7,0.111646175,0,0.0
VirusShare_b954726f329118089dbd833022b56d7e,0.6517731,1,0.0
VirusShare_f6294af6a9e8c6d07fc6cbe23100d001,0.050944883,0,0.0
VirusShare_413049a7dff8080fcddab87fc210cbc8,0.059607722,0,0.0
VirusShare_6e31cc8b523b4566e695be14c86c46a5,0.3020221,0,0.0
VirusShare_23366166ed253397474e2a3f58668454,0.069569305,0,0.0
VirusShare_7e31ed2212264dd70aaa3dcfdb7cfa32,0.0633233,0,0.0
VirusShare_c84d909eecf7986e45f5f11c1e3dc96a,0.17371763,0,0.0
VirusShare_71667cceb93afa05f93d48963961c213,0.36183175,0,0.0
VirusShare_2c2409ca9a2cd0eb6502e3fd60604eee,0.24706355,0,0.0
VirusShare_38c5a576203d0ad928ec42a8d95695c7,0.26189238,0,0.0
VirusShare_14c4efe738c12de8187cefad1c38d596,0.12296007,0,0.0
VirusShare_2e86a74a105773d097e85e360d1d7d12,0.07495303,0,0.0
VirusShare_58b82b9e7a370c8166bd330eabd95908,0.09119268,0,0.0
VirusShare_ee44758119fb55aecf28a9cd885d0215,0.35389715,0,0.0
VirusShare_db71ec4c950be09cbbfdff4091082d5b,0.07225216,0,0.0
VirusShare_97a4e2473ae7f9cd383397788675ff25,0.081083395,0,0.0
VirusShare_38821f37e1a87214df83d84d64a33f16,0.24444588,0,0.0
VirusShare_1578b850cb1c88ef0e6e7516b8965017,0.65274125,1,0.0
VirusShare_bc8948502ac63084f4646c74b18f2d0c,0.057157844,0,0.0
VirusShare_4a9a0d03661bd3a9700753c8631774af,0.23393938,0,0.0
VirusShare_015fd6c18baa0b52fb5f5a66a913412e,0.060799904,0,0.0
VirusShare_14c764d43aacbc492f1653eec13ecdc8,0.65853006,1,0.0
VirusShare_689ad9a1687f07eff2a95c8a06a7eb04,0.22627485,0,0.0
VirusShare_ae569a8a694d73308523de0c8b731b3d,0.13877735,0,0.0
VirusShare_6053509f1fbd01a228d4c3cf6651684f,0.069657266,0,0.0
VirusShare_9d7d7ebe5a283f89575f36643406e2c5,0.04883628,0,0.0
VirusShare_bf472576fa9f08765512a392b8630259,0.09119268,0,0.0
VirusShare_e54667364657385025559f6609c557a0,0.05889224,0,0.0
VirusShare_17a403125915523138517b0acc048448,0.081083395,0,0.0
VirusShare_ebe19540d0b49f8d410f4a7259327fc6,0.3299615,0,0.0
VirusShare_62bb3bc28b40ec6a993b5568c746f5e0,0.6539282,1,0.0
VirusShare_04ddf347c34e2e4946b5ff3001709451,0.062319685,0,0.0
VirusShare_6fb63fdb09fca88c9a8c45c53c3c2159,0.076207325,0,0.0
VirusShare_0059f548af01ec9182aa07afe42f97aa,0.181784,0,0.0
VirusShare_1e32dc173fece068e14b3480390de57c,0.26189238,0,0.0
VirusShare_73aba433d8e7f513a4fd5ec93a6bf103,0.24473128,0,0.0
VirusShare_745a11012b17c40b7f43fe5672a69c75,0.12082547,0,0.0
VirusShare_37ba992a799ac7d02fc5177ab1bd7c2c,0.34789094,0,0.0
VirusShare_121e1f17df2207f72fef6efe18f7c494,0.6605525,1,0.0
VirusShare_4bc605c96690fccfc17621403d59114a,0.15047406,0,0.0
VirusShare_30f9ef9be40fad7ef11f764b1838a3cf,0.32794952,0,0.0
VirusShare_6d7a3730ed6b55334008bd8225ea5831,0.65273637,1,0.0
VirusShare_742668605b1f5ff718baeedb82c04043,0.17861661,0,0.0
VirusShare_8fdcbb6b96a35566b446f3dec26cfe90,0.15858886,0,0.0
VirusShare_f03f7cd6a46c44768ac15da55379eedf,0.10087426,0,0.0
VirusShare_2dba78199956085b94fef8c49f59edf1,0.09119268,0,0.0
VirusShare_13ec6da7988271e9b2ca4b3cf8ffe976,0.34908754,0,0.0
VirusShare_0ab87bc5fae1e27c9ccb814572ae9028,0.04018457,0,0.0
VirusShare_e430b190d8c8eac5c7b4d95de4966e46,0.04018457,0,0.0
VirusShare_100ec9d34175c63d0e5748b2732a1084,0.50317204,1,0.0
VirusShare_23b5fc6c6627e0275d8f58d6fa1c84d7,0.07089396,0,0.0
VirusShare_16c154d72e9da9ff6fe534df4907518c,0.06631646,0,0.0
VirusShare_e0b917bda1839047e4e3ba7c24b6d69a,0.34526628,0,0.0
VirusShare_3f0f8bd8af85d2ef38f5ca39d9aefc0b,0.33110315,0,0.0
VirusShare_1e6401c5416553d843920fef62d84c90,0.057157844,0,0.0
VirusShare_167c08e5270357ab923b6183438eac7f,0.057157844,0,0.0
VirusShare_64f0f315f1abf3a61586bd906b490f24,0.059396483,0,0.0
VirusShare_30ed96e9cfa23c3e10be68c86e11b94b,0.16594103,0,0.0
VirusShare_2f5a1ec8c400941ec2b6fc22c49c9ebd,0.6594824,1,0.0
VirusShare_bec0e56ac2dd48789cea2a10ebee06e3,0.06704845,0,0.0
VirusShare_24707cacdb790d95b7190681b513d312,0.076207325,0,0.0
VirusShare_567997e4a781eae24ce1dca4e7743669,0.15612322,0,0.0
VirusShare_0654aed3df8239ec89b93d395cb8472e,0.09119268,0,0.0
VirusShare_31c75d592206d6366afb6eb21df6a130,0.24444588,0,0.0
VirusShare_1500b06796ec70f0b34fa0847ceb656f,0.6566932,1,0.0
VirusShare_5d8d74727060a65b091547a9d6ddf208,0.6589249,1,0.0
VirusShare_e4744dc29537f7934ded18f901bd029b,0.09119268,0,0.0
VirusShare_a53c787a9bd45e317eb4215bec7d0f08,0.081083395,0,0.0
VirusShare_b7e8f786534c3b3302dd04aa16a255eb,0.14427143,0,0.0
VirusShare_0bd59d6e35bcbc785241b8b7129c9f02,0.13086419,0,0.0
VirusShare_c9870a080eeb736836a29e2c1ce3c14f,0.10625476,0,0.0
VirusShare_42f0a87f72b3b67f7ece767f9be31a84,0.04963814,0,0.0
VirusShare_de17483b045d62faac016b122f94df81,0.2769131,0,0.0
VirusShare_e8c08a429f235707fcbee4eeb2bc546c,0.24444588,0,0.0
VirusShare_7527a7b9a651d877ed83c15c25998e7b,0.062463976,0,0.0
VirusShare_60e81b979328ecb1bcc43bc06ca3c0d3,0.1426203,0,0.0
VirusShare_910cd42668972e263052c947039ccbf7,0.072728716,0,0.0
VirusShare_b3d83f000f3c940e86f2fd21a466fa9a,0.16741012,0,0.0
VirusShare_3457a7b2a61eacd8c75f3077eeeb99f8,0.059607722,0,0.0
VirusShare_8264cb0bd0ee31479a26dbb0d3158a8d,0.65336996,1,0.0
VirusShare_2670b0816f63385a72770f8e6d828269,0.105591476,0,0.0
VirusShare_53bf4a1dc96495c7310b374b689b21c8,0.65796936,1,0.0
VirusShare_1739dd96c82763d0af6edb895a8c3e75,0.17903939,0,0.0
VirusShare_0233f8f51f91ed35585f0fe0e254de4c,0.1343844,0,0.0
VirusShare_850e9291d25063422bb3b3cbc0c1c2ed,0.081228875,0,0.0
VirusShare_8f89bbb1a01878a91a02f05bdb420db7,0.055774175,0,0.0
VirusShare_ca98487ddd7f270e78ec7ea1c755ae26,0.15952294,0,0.0
VirusShare_fbd757649bce9ce6a0c7246e9cf87c60,0.13729906,0,0.0
VirusShare_0e71ffba8016c59a4f25225730c7745a,0.060704254,0,0.0
VirusShare_256a97005ef694c61bcf8f05b9df7499,0.2769131,0,0.0
VirusShare_7e2c428e40a529ed0cb57e79df0c391d,0.65218467,1,0.0
VirusShare_16845cded35e1da3f5a9cc877877e0db,0.13296093,0,0.0
VirusShare_2f5cfe4722161e26f3ba726b04082d1e,0.32616144,0,0.0
VirusShare_5b86f4ba75cdc67f75dc6bb1125aa02a,0.065025955,0,0.0
VirusShare_1bc2497bb427dce061c26229f33e42d5,0.09624277,0,0.0
VirusShare_5177d198d38faa0b164ff1c5ddb8fb4c,0.09474138,0,0.0
VirusShare_e24f9487c49993e239a3e4bed39cca24,0.65361816,1,0.0
VirusShare_859b6c3380d9feafa69cbe9fd8af127f,0.081083395,0,0.0
VirusShare_97e9447fea3bbc688ab2eae7d92f41d0,0.081083395,0,0.0
VirusShare_b0d1e6d4881e1d1415d0d7e9fe2fa1fb,0.057157844,0,0.0
VirusShare_ef21e8b9e9c5720bf4bd0fe1192d6ae3,0.26189238,0,0.0
VirusShare_adbdd7ae9535d4356f4f228f4e91c0fa,0.24444588,0,0.0
VirusShare_4c96f4bc45c09a30c22ba6a91d551110,0.33808812,0,0.0
VirusShare_2f1cd5f3ca2e6664667fdbebcc97f7d5,0.33578557,0,0.0
VirusShare_6ddd314f028730d09854b10a90cfe48b,0.06972583,0,0.0
VirusShare_41b154f6c743dce351830cc70f6c4a90,0.097204015,0,0.0
VirusShare_c0408d8799c5c7de1a5e05fded55f9c6,0.3692488,0,0.0
VirusShare_356eb3351f0a5ed2b9d7de931b5e72ff,0.32560855,0,0.0
VirusShare_7941557d341b4e0e037caf4b5f2c029a,0.20125726,0,0.0
VirusShare_06d40fcd75d8598f87cfa89f1155ed80,0.24929729,0,0.0
VirusShare_b089ae10d97314314844d013cc1af7d0,0.6537967,1,0.0
VirusShare_07db062a230818580d655f17e0da1e31,0.21353753,0,0.0
VirusShare_37270edd78a0c5b061709ff627560bf1,0.20166008,0,0.0
VirusShare_a727a9b14e17c6a0f9ab306f79c61676,0.1222584,0,0.0
VirusShare_e8846a26cec01ae66fb9e3ded1676757,0.032464378,0,0.0
VirusShare_80f498e9d910d67774eef06bcb02f11d,0.3176892,0,0.0
VirusShare_2667d48e9b38b458806c8f5e2a1142fc,0.06651802,0,0.0
VirusShare_e5c28fb4ec6dc2b1c0477ebf2bedbf4b,0.65282184,1,0.0
VirusShare_4f78da4ea0f93a54053a97fdc9053271,0.36183175,0,0.0
VirusShare_0c6d0118910e0229c6e41ff2a16ef2e7,0.20464282,0,0.0
VirusShare_ba8a5534e7f5c400188a6a5ab34467b6,0.13870405,0,0.0
VirusShare_5c5161594ada1bdafcacc0f8feb348f7,0.081083395,0,0.0
VirusShare_e00b6e3ba7103b8ad46e95a3ce7b3e04,0.13764063,0,0.0
VirusShare_a6ab5f6f0b35352df092e1071ba710d5,0.09119268,0,0.0
VirusShare_969955bef62ae6ba7935db865ffbf515,0.081083395,0,0.0
VirusShare_01e57472328172bc5eeff301fb764eb2,0.081083395,0,0.0
VirusShare_0cc46782416d5b4eb85f7675c679b03a,0.081083395,0,0.0
VirusShare_c2c8e65211b342f4eae6107c31afb974,0.6539186,1,0.0
VirusShare_a17974111df020ee1caa0ff47d19d26b,0.34526628,0,0.0
VirusShare_42a865ad54d0fa0475efc98f87420f25,0.07490214,0,0.0
VirusShare_99f38a0a31165e3f6eaa6d794ce9ba6c,0.65383554,1,0.0
VirusShare_6b1b805f1d99867382804f84086e6720,0.057665776,0,0.0
VirusShare_a654413650e6d20b04063cf5d148b128,0.07328168,0,0.0
VirusShare_f98a785a7a967f7510eb4221027b2607,0.04018457,0,0.0
VirusShare_c8daedddeff3665f8a5d3bdffa761383,0.17265938,0,0.0
VirusShare_320ecd0dfe0ae6aceffe3505e45737d5,0.65226996,1,0.0
VirusShare_a231951d6ffe473263ddabf3604c7fe3,0.09851198,0,0.0
VirusShare_5f3951768a5b9631e0a9d8e2ffd602c9,0.65262735,1,0.0
VirusShare_93d19e37b8782087b0a5df1537fe0f85,0.6536035,1,0.0
VirusShare_e8c4689588925ad0f3526585a07ccb9d,0.6577729,1,0.0
VirusShare_926124e3056bfdd393f3bf99bf3ffd66,0.025267527,0,0.0
VirusShare_71f37901defc9fd0a768c7c64cf8bcb2,0.6606216,1,0.0
VirusShare_188a0c302caace22b37f9609d90188a5,0.16185632,0,0.0
VirusShare_f3a1f16224a9950ef578b43bba840f04,0.6576107,1,0.0
VirusShare_3f32630f2e3c9a63e16240b9c7ebf01b,0.53853834,1,0.0
VirusShare_e6919ce38afc8c107cb123e2d932cec9,0.26189238,0,0.0
VirusShare_e8311466d9acef3c6a528f91c5baa348,0.6559118,1,0.0
VirusShare_90079452ecd737d98e410ef5a05f1e1a,0.24444588,0,0.0
VirusShare_5e300930eecf00b14fd4a1f1a0ed6a55,0.6536585,1,0.0
VirusShare_964078cd6066d147b0ec6a3a93420283,0.6573507,1,0.0
VirusShare_a14aec866c45ea834cb1cc84489fdcb4,0.6541628,1,0.0
VirusShare_b5878da0679a2bc364614d1ecfee73d4,0.111646175,0,0.0
VirusShare_bc0cf06f0e39bde3dcdd7f0ec9614102,0.6453825,1,0.0
VirusShare_e136d85cd115acc1cfb5441bfccf3de2,0.04018457,0,0.0
VirusShare_6b4f26a2c9c3f434da018736422f9298,0.341274,0,0.0
VirusShare_04a250aa228e8bae2a0c9a7085f37288,0.10055484,0,0.0
VirusShare_bb88f2961cdc0a2be5b9140e8b418661,0.057157844,0,0.0
VirusShare_f6166ab38eb2b36110a937d7964d4fa4,0.22173262,0,0.0
VirusShare_1041ecbb04607904f1ab6e8edd80a7c3,0.081083395,0,0.0
VirusShare_d415e4c7b7f9211fc90261f2b29658d4,0.25371948,0,0.0
VirusShare_f64328778ac36b2febb2d91a5cc20ab0,0.3979812,0,0.0
VirusShare_3b2cd461de87f7a099c2d2c79a4558fb,0.66083825,1,0.0
VirusShare_c24dddfac5ad6a05d55dd0afc9ee5cbe,0.041524313,0,0.0
VirusShare_54dba333f1561d4d7533e23aaff84f63,0.14836496,0,0.0
VirusShare_de6dc1187a7629212a06ebcd50f9939b,0.3421801,0,0.0
VirusShare_31c0dd2587cd67bf71163187b3d8e7bc,0.31953162,0,0.0
VirusShare_9fd687be13751b9471d4afbef29ea68b,0.24473128,0,0.0
VirusShare_56c413741e6808d6fae5b1533209d39e,0.081083395,0,0.0
VirusShare_1c41e01783f63403ccc80730e163dbdc,0.05984239,0,0.0
VirusShare_4c5cf702aa69096e7c592d979a57e70a,0.6559042,1,0.0
VirusShare_d89380d6fde720dbc03c425e50ad2c61,0.097269274,0,0.0
VirusShare_b1e03118528cfdf893f0c811d29bb0ee,0.041524313,0,0.0
VirusShare_bbaee43d119311f5217f6b02d5373071,0.35389715,0,0.0
VirusShare_63c3b71a40bbc05160b433455efc2a54,0.031281628,0,0.0
VirusShare_dd2f6151a0293e708a2f6c284a0b5f6b,0.052975744,0,0.0
VirusShare_563e55ffa8ab04abdf5fb1ed0590b402,0.16430286,0,0.0
VirusShare_097da37c0bc88de9d43483912f4c8fe7,0.1355937,0,0.0
VirusShare_66b34575369ef1ec1eaaaaa1f3d2d438,0.34526628,0,0.0
VirusShare_2b2979310368ff7b650be9868e432953,0.11339191,0,0.0
VirusShare_c583c7e1d7ac600f7f1d1fad0b89e4c3,0.6499959,1,0.0
VirusShare_467805838963e18e27764985804741bf,0.66268414,1,0.0
VirusShare_03827d9da3ebcc5f44bb72672dc91501,0.66463464,1,0.0
VirusShare_0fbb7f2f7f5d36c9fb8b0bf20953b820,0.084451504,0,0.0
VirusShare_3e380eb5594e94b5d5d5ef0acc582413,0.4229463,0,0.0
VirusShare_32d35733069f21b50deab41a4d25f700,0.6535675,1,0.0
VirusShare_b17cf9ddf74fe17933534c8325b589e2,0.06502915,0,0.0
VirusShare_07d3bfa7595ae03b6006aa035ceddbf7,0.43639523,0,0.0
VirusShare_0ca9db03aa291c9e46b645e7c0a7a79f,0.658723,1,0.0
VirusShare_44a19e00a95447faccc567279d53d65b,0.2508107,0,0.0
VirusShare_82711383990045242ab2a852111dc2dd,0.054178335,0,0.0
VirusShare_9c2f6ed4925ddb5d5e95b8c4ff22be61,0.65144336,1,0.0
VirusShare_92eadfc703b6d5cd703e5335f0c61bb4,0.6499998,1,0.0
VirusShare_6ae2ead657052b5d5b5317dee7be789b,0.25371948,0,0.0
VirusShare_d30a4adab02c549b46611ceb75cddb62,0.080473565,0,0.0
VirusShare_2931026c4119aae8723cd711d0cf0551,0.65679675,1,0.0
VirusShare_d2b8844e7a97f69c68f3520dba6f02fa,0.646122,1,0.0
VirusShare_c36b16df9fad580ff10a5789cc039fd3,0.30166125,0,0.0
VirusShare_207fe8d9b7ecf6e712fbdbbdbdfb788e,0.06047818,0,0.0
VirusShare_e63812881c01406842adb626672af03e,0.058439005,0,0.0
VirusShare_165f2a36323b50207c5ecc066e466eeb,0.6501571,1,0.0
VirusShare_d9b881a85823abe83c67b5ece853f0ed,0.65791357,1,0.0
VirusShare_b1678fc8f1abf73bc014bdfcd7cbc53c,0.16985346,0,0.0
VirusShare_4ce5ffe13908f7950696449afa6f9783,0.65314907,1,0.0
VirusShare_215aec0d5d84f3ffbf2248d78c558ca2,0.65627027,1,0.0
VirusShare_6f7058505722cd65d1e85d43f40042a1,0.17200918,0,0.0
VirusShare_b5c50efb8197bd203d1fbd89a7b19344,0.111646175,0,0.0
VirusShare_7e028899425c044ef29523eb98947dcb,0.65524197,1,0.0
VirusShare_63f0d07771e0a75a3e949c1f45a3cb78,0.66033876,1,0.0
VirusShare_6abe8e8df47356757efbe3734d95a7d2,0.15247157,0,0.0
VirusShare_9b36a3a7178843ed57e961482f1e0da7,0.17519191,0,0.0
VirusShare_2848ac7af1572e7199e3ae19b0da472b,0.4497448,0,0.0
VirusShare_776a4c29344ecda92da4991c71b90e00,0.2301623,0,0.0
VirusShare_592058e742ac8883754e6aaeb5a0da75,0.6495887,1,0.0
VirusShare_f60c331ca97dcc3f4acec4b8b7b32054,0.049634125,0,0.0
VirusShare_88d13681503339762b93c145cc25f188,0.18046646,0,0.0
VirusShare_88d237a29e89de58d8c45a49b97b6f58,0.21138951,0,0.0
VirusShare_b3c661074a6e9a6c01e40412a4ad3a2f,0.05257958,0,0.0
VirusShare_d0931760b83a7ac462ec98c02e779f3c,0.62243146,1,0.0
VirusShare_638037c035bd5ea30bc916bd927aa024,0.6589503,1,0.0
VirusShare_d7055e800b9e6a28682493b4485e4780,0.16041449,0,0.0
VirusShare_a915f5da199f5f0f46d42b89fadb2df1,0.34789094,0,0.0
VirusShare_681fc2f1065c39069ec968d0a8ebacd8,0.65280163,1,0.0
VirusShare_61f9e231782db6a195b14d3afbf032ad,0.6589249,1,0.0
VirusShare_ec276cd4d017cf60bdd50f2b14f6c56b,0.6551712,1,0.0
VirusShare_638d48863f8549cc7a2d91d41abf758f,0.6552499,1,0.0
VirusShare_0b3788a86cbf5a620060d6ae98f3b47f,0.04018457,0,0.0
VirusShare_4a88e920151f2096800d98510d3b90d4,0.2769131,0,0.0
VirusShare_f978eb4120a4c10a92a94f0ccad97948,0.059607722,0,0.0
VirusShare_61862b7bd283dc2fdd082092145f86c5,0.15558675,0,0.0
VirusShare_10b49b628a80a8cc2d4a51737085841d,0.65627646,1,0.0
VirusShare_640f3a3b7a3daba7a481aeab49b9245d,0.6621812,1,0.0
VirusShare_503e10eb581aae6353c249ee219bf138,0.09197365,0,0.0
VirusShare_7c19652fd100fc36b9800d9cc66b8b51,0.23393938,0,0.0
VirusShare_c27a1721c204306da2194f69a79bc9cb,0.11503068,0,0.0
VirusShare_357ba7c8c814c7d14e49c8b65784b348,0.49753016,0,0.0
VirusShare_e0fa87d28d74e7ca46faff9157201651,0.6587601,1,0.0
VirusShare_958bc06455aa962d2583d20accccdabf,0.49753016,0,0.0
VirusShare_2a5ac0fea89f53d276e7b7d8338b5e1b,0.21538875,0,0.0
VirusShare_a74cb2a21938030de29a84a32b8b14ad,0.4581676,0,0.0
VirusShare_64835abe41c832b1f066e3275a777c33,0.6568488,1,0.0
VirusShare_59aeab8e5477c120dfaca8c56ad1d81a,0.34526628,0,0.0
VirusShare_fc4e8e8b4c42947af1e16d26299fe1d4,0.32948294,0,0.0
VirusShare_2aa5886338720c2e17a65591fa50823a,0.26189238,0,0.0
VirusShare_ff0ded9ffa9fe559bfde8a2f475687bf,0.10922669,0,0.0
VirusShare_fc9b9bf07e467fdd35e55cd99a4172c6,0.24299726,0,0.0
VirusShare_64c82fcc0790b54685a8cf7c92327288,0.65695626,1,0.0
VirusShare_ae8393682eb69b3e32f4d704fa72472a,0.081083395,0,0.0
VirusShare_18448e69d5031da356434024a13b6bd5,0.057157844,0,0.0
VirusShare_28ef251e4c72a31bc0e2876ea14d2bdb,0.33916846,0,0.0
VirusShare_7fe6defdb85fad038f304081edebcf64,0.36992246,0,0.0
VirusShare_3066f69374a3319e9ab84271a1fe7990,0.11413038,0,0.0
VirusShare_9e67f9dcddc80efd364df1cb446bb5d3,0.09119268,0,0.0
VirusShare_6f22fdd19b3d98a06e7a5ec9ba86f7c3,0.34878182,0,0.0
VirusShare_13a8d2ff5481819ab498794e93d7c9ea,0.026835825,0,0.0
VirusShare_1b45d1831f9e53a56a295b34ebdf18d0,0.6574385,1,0.0
VirusShare_3c15af0f342ded542d7d4f27669b3e88,0.09119268,0,0.0
VirusShare_1397ccf887c642fda4c02f23f1c90c82,0.081083395,0,0.0
VirusShare_03a33babc1193d39efa9c03da7f007aa,0.07928719,0,0.0
VirusShare_d2a409160fbbce5624336484cfcf80f7,0.11102511,0,0.0
VirusShare_d05574ff36b901cf7fba826c5cd7dc01,0.09119268,0,0.0
VirusShare_99e08665d911255884c872b7bcbdde47,0.04018457,0,0.0
VirusShare_dec929d3dfdc49156db5c3f51a383164,0.028038543,0,0.0
VirusShare_6eda8d3ee39203bc3d6f8a175750df59,0.24473128,0,0.0
VirusShare_6aac3a2315ded684ec94de4e795feb28,0.32894853,0,0.0
VirusShare_f7b2dbf90e03a425499f7a5bd53f97c7,0.21436131,0,0.0
VirusShare_d7e02c8a85ee9f1f756c8c4a261db3f9,0.3060597,0,0.0
VirusShare_223c13abe7beffba6b3e0dfe2c6077e1,0.33236352,0,0.0
VirusShare_420ccb6530d25bf9a73b88d149c5ec74,0.39427063,0,0.0
VirusShare_4ae471b234af84e6c2fd9628c6847f24,0.34526628,0,0.0
VirusShare_1c87a84f0378b354e636f858b55a1149,0.2841762,0,0.0
VirusShare_b393b52fa29935df9daeaab44e990df0,0.10030748,0,0.0
VirusShare_5e15a725854deb6e6f6238d508b69790,0.09423055,0,0.0
VirusShare_1e1bbf9fedc18adb3caca9a61281e37d,0.3278864,0,0.0
VirusShare_1d6b780b6006fc90247cf0d948386f59,0.6509456,1,0.0
VirusShare_620acb512971715b48f1223cc0d1d22e,0.08420765,0,0.0
VirusShare_3c06799d1a1931694f52874be21a03e1,0.34526628,0,0.0
VirusShare_2dbdd3a5f970796a08a58401c23cf07f,0.25371948,0,0.0
VirusShare_de66131778f0c359101741f04329d294,0.65864015,1,0.0
VirusShare_f4b71b10ae07209388c5797ea85265c6,0.04018457,0,0.0
VirusShare_5cffe83ca4919058094cd09de07561fe,0.081083395,0,0.0
VirusShare_a2fcaf8a8eb2c4eb8e105a1c96ef7396,0.34517017,0,0.0
VirusShare_44d77056af2d0f1a05f675f5871c7212,0.09119268,0,0.0
VirusShare_e8b591914ca21369c6a9fb80b9544cb1,0.04018457,0,0.0
VirusShare_6c0cd68e7329eb0f83fd39c9c6f6a6ac,0.32896033,0,0.0
VirusShare_b222cbff7b1ad7184f8a00ff4b3e1292,0.05921849,0,0.0
VirusShare_7de1f6157c7501aaf3e30a3b8b45da63,0.25371948,0,0.0
VirusShare_b58f8a02b4dc944d5be00dceb1e75142,0.38843384,0,0.0
VirusShare_f5b59344971756a09f0c2f68db16f831,0.111646175,0,0.0
VirusShare_0a5aaac9bad7035090336e6529ce0adb,0.111646175,0,0.0
VirusShare_ec0387f49a08c0ad1ace89c1f63542e8,0.2454468,0,0.0
VirusShare_5521f52ada9ba45dd53894105fd37e1c,0.34526628,0,0.0
VirusShare_278f94550533b60c869cda0da25969a0,0.04018457,0,0.0
VirusShare_d276798620221712d8a0568c2e292346,0.5764807,1,0.0
VirusShare_1eda9cc328eeb3430008955534076635,0.072839364,0,0.0
VirusShare_d5a5fdec9b71a6a12891a54016ce4ab8,0.09119268,0,0.0
VirusShare_4c72292bc4feef5d1365dd8ac18a4e62,0.050944883,0,0.0
VirusShare_a252f1170b86b1461336b3d89d984ff5,0.043092627,0,0.0
VirusShare_1e5223098a2f437f2bec65976f99fa10,0.09119268,0,0.0
VirusShare_a5ed467606e0ff797dfbae00201312b2,0.64624995,1,0.0
VirusShare_d36a735e5b895c4dcbc33e9f4e98b4e7,0.04018457,0,0.0
VirusShare_97530adef53cc3ea30a04e14d674fbfc,0.059607722,0,0.0
VirusShare_e86b89512a07103305f1d99e50b595c0,0.25371948,0,0.0
VirusShare_2c3dcb5c3f62491fcba1caa57205337c,0.09925764,0,0.0
VirusShare_c803c198dab2078e4445952a2fc8eee2,0.059607722,0,0.0
VirusShare_66d3ab83112e49d60e8d7ee590668e95,0.04018457,0,0.0
VirusShare_e85622cdb88c0a3a5e32ccc1f9d26705,0.111646175,0,0.0
VirusShare_40db62321c13fa4f7f68b54c57f9f2c3,0.12573385,0,0.0
VirusShare_41deb6d73c133bc1fcf5cd07306125ed,0.081083395,0,0.0
VirusShare_4c499632bd89976b522e90f1811b344e,0.066528276,0,0.0
VirusShare_aa052c2b8462eb327a55b820fbe5d1b6,0.16741012,0,0.0
VirusShare_6787ec228f2833843ddd14237d7cecb3,0.046660602,0,0.0
VirusShare_1ae5ea95f9d71b1fa70e505f12a43e34,0.043098748,0,0.0
VirusShare_39b24bae05e3495eb126daef18462995,0.114938244,0,0.0
VirusShare_f96d324bafb0014ebbd0570f4fc31bca,0.25371948,0,0.0
VirusShare_01341338652ef2f8b81da86fb928c8a2,0.4753788,0,0.0
VirusShare_662117ba0897bc2fbe5119eaf0ff240b,0.2769131,0,0.0
VirusShare_58abb8797c4e8ddc26ced2b03e606442,0.20578837,0,0.0
VirusShare_99815401e22522f0e0ca3ad3e2519bc8,0.656755,1,0.0
VirusShare_deb3e6713bcb1fb08778e5192e24c9b5,0.081083395,0,0.0
VirusShare_15998eb7141fbdfdb4d55d840a8f1d80,0.16570944,0,0.0
VirusShare_561bd5f55b05b8eb21e2456e1de47a8c,0.661817,1,0.0
VirusShare_bf5d0cb6e374d1ad2cd074026928145b,0.11281307,0,0.0
VirusShare_5bbfe3622f8cc75cc0f45da1745c959c,0.26908106,0,0.0
VirusShare_e6a44750c0d7802f2dbdd29ade680ed4,0.1041827,0,0.0
VirusShare_c1d6d6b3c61aef930502bea35e94a5b6,0.111646175,0,0.0
VirusShare_68f11acac6778bd7ebaa204aed0e3af8,0.14070532,0,0.0
VirusShare_bb58caf20b5b2b380982abd532ce571d,0.09372328,0,0.0
VirusShare_ccc773ea36f94a0699313ce56375fb07,0.16892257,0,0.0
VirusShare_9ec1ef9ca689173735f0901ade50f1fc,0.09119268,0,0.0
VirusShare_9984baf694be2c6435e909d12b02caff,0.049946185,0,0.0
VirusShare_c798e3fcd3d161a9cb4ac60017e30105,0.32991618,0,0.0
VirusShare_4844cba22bd1d7250b13d3e06ebdb318,0.04018457,0,0.0
VirusShare_266cb3f8b2576003065c82da9fa7a494,0.28310385,0,0.0
VirusShare_ef1dbb6d693043d6804c4e6f7b941a2f,0.09119268,0,0.0
VirusShare_4af55161cf6473ed6676484520165054,0.081083395,0,0.0
VirusShare_3cece7a6acdeec88ae789c8ce475f29b,0.23151584,0,0.0
VirusShare_598a087c74e080e78082985885a0fbb6,0.6550212,1,0.0
VirusShare_d708506b511f5b1ef1ae0edf64b4d15c,0.06703598,0,0.0
VirusShare_30187312c0834c5228796e50d0760f5f,0.26908106,0,0.0
VirusShare_599c4c162617efcb8481508496409dd7,0.057157844,0,0.0
VirusShare_108ef99e2321dba4cfaf10cdedbdc728,0.057157844,0,0.0
VirusShare_ae895a1b0ee4234692bd73fa599cb65f,0.3176892,0,0.0
VirusShare_4b75fa5c7f05e47aa2e87fb002d4b641,0.6595085,1,0.0
VirusShare_3d01745f36d099d8abe96dc6de656c76,0.34007922,0,0.0
VirusShare_ec4902909980a7b155e1cc7880233721,0.04018457,0,0.0
VirusShare_edb8dfd6230390648f91ca78e1841890,0.30387726,0,0.0
VirusShare_0d2a297ea1210e80bcc67bc06d9da8a0,0.6592597,1,0.0
VirusShare_93f2e91524e03cdb881508f56f434ed3,0.2769131,0,0.0
VirusShare_8054692fd008f7839608bbe63d05e9e7,0.14795975,0,0.0
VirusShare_14c247998ce0df6c7c8878374fd58e27,0.3176892,0,0.0
VirusShare_ae57466c592fc319865c1d8aa1ab4b38,0.3176892,0,0.0
VirusShare_a734df612226db76d968bc28c926cf88,0.3176892,0,0.0
VirusShare_2b42070db029d44bf5ff68c4b7223c26,0.3176892,0,0.0
VirusShare_7172be18888524ea1d1ec04ab47ddf51,0.3176892,0,0.0
VirusShare_95a0ca270ac5d1e601e28d3a2c7a9f67,0.6029441,1,0.0
VirusShare_828b448f7d988e04de26371d5a07c804,0.054683667,0,0.0
VirusShare_57e816927442cc3dddeaa55c2ab2952e,0.16892257,0,0.0
VirusShare_2168a4063b2ff729bd3516a2f1fa3ac5,0.07322601,0,0.0
VirusShare_7e7c2d230a3fc8f56c59b80f83b0dee2,0.04018457,0,0.0
VirusShare_ec26aeac09425a93889c6710104e5eb5,0.3180057,0,0.0
VirusShare_277e9e8badc8d853ed9779aa98393a57,0.3176892,0,0.0
VirusShare_b284a1a102aea9e9b12e685bff92979f,0.3176892,0,0.0
VirusShare_cc33021de41a48f049f531c32649d4fa,0.3176892,0,0.0
VirusShare_23bb2a23044709a7fe04744a2b6859a9,0.057157844,0,0.0
VirusShare_25c0faa90096a2c747499de63575ed6d,0.09119268,0,0.0
VirusShare_6dfbd181b0d04790a9684e42f71e38ef,0.25371948,0,0.0
VirusShare_befd83639d4ddcc7d74bf44b59d71988,0.18025884,0,0.0
VirusShare_67ecded890e63075472e3da417d7a908,0.34526628,0,0.0
VirusShare_bc364e20b8abe59e4f3874fccc2b73e8,0.20103124,0,0.0
VirusShare_4d3eb8a5f8e2ead7ba548105cf0363ff,0.07968854,0,0.0
VirusShare_949e43af965100768fdbc7836c5c1843,0.111646175,0,0.0
VirusShare_393cde97176a2056c34e39ea8b160243,0.05876713,0,0.0
VirusShare_5af2a1235831ec4d4568cce20f3a0ce0,0.057157844,0,0.0
VirusShare_8b7bcb85eec5554f07feab984a215757,0.46735206,0,0.0
VirusShare_06c887b7afcc7a3b4b431370203b8162,0.09119268,0,0.0
VirusShare_ce09fdd7e0f6a3ba88cde0868e56641d,0.07245081,0,0.0
VirusShare_b52da3b43cf6c0919e9ddff92d533666,0.042650264,0,0.0
VirusShare_57f4f1e4bfbdf75ee999eae429dfc8ba,0.26819092,0,0.0
VirusShare_2f65f318e5b073fad017cd09ef21737a,0.652803,1,0.0
VirusShare_c69ddb6bad67973c0b8314667c1586f7,0.6561685,1,0.0
VirusShare_0256eb05f893d4fd050a3fa3e4b52304,0.06727731,0,0.0
VirusShare_ca572aae531bdc82a20846b126a0ae9b,0.22933213,0,0.0
VirusShare_37c95e983fe86f0461f8c6dd063b5e35,0.31021494,0,0.0
VirusShare_993bb508f54b4f23d465fb77778b3602,0.15612322,0,0.0
VirusShare_b709fbb27620d4d1ec20a9048c7921fd,0.050313435,0,0.0
VirusShare_0670b0b6edb621a2327ea9c6fed0fab9,0.1657515,0,0.0
VirusShare_3bbeb0803c36b934b00e9d485e645067,0.65664417,1,0.0
VirusShare_b32eac0a4d504bc08cf1382d576cc0db,0.6578692,1,0.0
VirusShare_79c18a092b90979aaadb57a7f8868cea,0.09119268,0,0.0
VirusShare_55e82be5614606b14fef38f2b9eed517,0.056606762,0,0.0
VirusShare_8afe7bda168567554621e5bbebf72334,0.14024279,0,0.0
VirusShare_69899345b7a43e6461c2c07a94de6f59,0.25371948,0,0.0
VirusShare_87f1c91dc66732d4612aacf5c3c487bb,0.029482037,0,0.0
VirusShare_dcf41524c84995ac58fafdc3d9dbbbab,0.07863739,0,0.0
VirusShare_421115dff8489bb21c8c75ea334bb751,0.4581676,0,0.0
VirusShare_e76cef7ff03e9eaddbac34219b5fee1f,0.069869086,0,0.0
VirusShare_e9574cb460c33bdcce68416d2580e14c,0.4581676,0,0.0
VirusShare_087f493a5da8f1fb7420c8e46758dc92,0.111646175,0,0.0
VirusShare_f506876e453ad7c23870cbd5a3298e94,0.3176892,0,0.0
VirusShare_43334713fddf8f97bac0f5048b487638,0.3176892,0,0.0
VirusShare_c65011478b395fe976aee46fc68dae50,0.3176892,0,0.0
VirusShare_c92b1db130186d9222235e6c2dd5cd26,0.16892257,0,0.0
VirusShare_43f9e2e9f683ac47d236874db65bf147,0.1109854,0,0.0
VirusShare_0173d2d4577128b3d1fcd1525a05b56b,0.34908754,0,0.0
VirusShare_9b3e43ad655607d589a05a2420dc1ea5,0.16892257,0,0.0
VirusShare_28f479a815e83cde799fa93ae281b38e,0.16950276,0,0.0
VirusShare_0fa0f83f9ebf6d4a46364bb578ec2271,0.31448174,0,0.0
VirusShare_4a3850c95361ff4d41aab1a47b960072,0.06134019,0,0.0
VirusShare_75046772bbda9fea06dfa5022ab066e0,0.65631664,1,0.0
VirusShare_2cd5abb0ec1bc636b6720273aa62b3a9,0.341632,0,0.0
VirusShare_455528fd7319c443eea918efc1b9e8e7,0.09119268,0,0.0
VirusShare_33e5db0e6c57749d85cfe703ebd4d63e,0.20955925,0,0.0
VirusShare_144dec8962a519049a8e860040ff8c83,0.33110315,0,0.0
VirusShare_5d07195cde7fa4763e9645219cc71e57,0.04702332,0,0.0
VirusShare_bc824aa4024c51ce950d4c65dd9f2059,0.34526628,0,0.0
VirusShare_d1603b2b5d3ba144ac26886e12e67807,0.04018457,0,0.0
VirusShare_a8b46af5825d618e061d1cc7f60d2a0b,0.18909088,0,0.0
VirusShare_5d97a96a3ab106d13b31439c428aeae0,0.48415336,0,0.0
VirusShare_4a2a7108fea9ff0e3026290c9d9f39cc,0.0689269,0,0.0
VirusShare_ef82c5c113abaaf8544de2092e6d051e,0.6570629,1,0.0
VirusShare_40f29a4fe6d51388b49ffc2cd802f2cd,0.2841762,0,0.0
VirusShare_db314b1ff849af815e0dc06c4637a69f,0.65333223,1,0.0
VirusShare_e1663dea07c3160787cc41578ec0ffc6,0.21028557,0,0.0
VirusShare_4bbe84b721b97d3f5dd00af04a71bc7f,0.26834786,0,0.0
VirusShare_343b2b87e315387f22c48831554edd4d,0.25371948,0,0.0
VirusShare_c7885195c3ff9dd86e97853acac9cde2,0.05991159,0,0.0
VirusShare_d48c1e1489c2b5b387809991fcbabec8,0.063077986,0,0.0
VirusShare_8ec8d1468b40f03dedd60f6aab852e4a,0.016451914,0,0.0
VirusShare_a32cb306a6efb2af647c8e96703a2e94,0.081083395,0,0.0
VirusShare_7209e4cc1cbd60cfd6ab83c18a0ca5a5,0.33477277,0,0.0
VirusShare_518f6ff7189a996ab1d592ddfa830b59,0.65882957,1,0.0
VirusShare_b176533f02e6d7643dc5bf08a0900cf3,0.6441117,1,0.0
VirusShare_bd965e9049c7a052da97d7a05c0d9e59,0.06395422,0,0.0
VirusShare_0a437fb1e3676922ae25f6be9222cb1b,0.16892816,0,0.0
VirusShare_d71301ea9de4603a1dc749030263d72b,0.058127888,0,0.0
VirusShare_f8ac67e3a58e9e7827567d87214326e4,0.16518676,0,0.0
VirusShare_9be02d897ff72b6d6867345a8d9fcd58,0.65472156,1,0.0
VirusShare_2f5fa126b633f18f2358f786ada23dc7,0.3176892,0,0.0
VirusShare_f32d0f42e735321ee5c39a65cdc03db9,0.3176892,0,0.0
VirusShare_5c367331554285f746ebad0be529391d,0.3176892,0,0.0
VirusShare_638429ce9943cb4f7c217dcf79ce7598,0.09119268,0,0.0
VirusShare_e3f735af214a985a8d2186283f22249c,0.6611225,1,0.0
VirusShare_f10959a98927c686fdf91a2a2091bdac,0.21338415,0,0.0
VirusShare_c4753c626cd836a8b91f9daa9ec153c4,0.1398577,0,0.0
VirusShare_8e6bf23b4a2339775b1fe699be3ca03d,0.069847174,0,0.0
VirusShare_5d2b119c5e36d5cc38de86e49b51f1a0,0.28526226,0,0.0
VirusShare_7045a5a9f78d05733e458ea29f1e69b2,0.048179038,0,0.0
VirusShare_84b2bc8f8bd18b0b1f7e5eb1def1ab39,0.2891509,0,0.0
VirusShare_0836965eea743591fe9923ce16a55d5b,0.654974,1,0.0
VirusShare_138959f52a4eed12b7145d3eb06b5ddc,0.09119268,0,0.0
VirusShare_544b2e60d39f519e1b11a4c8079ebb01,0.05668666,0,0.0
VirusShare_f1468399214f273ef0610984b8f87b50,0.04423173,0,0.0
VirusShare_dc33ef7bd5e32a53cd5f4d674461a6bb,0.04018457,0,0.0
VirusShare_c0d33c604adc43ddf8d653749de73b28,0.09119268,0,0.0
VirusShare_36c096bcbc60af2e3eeaa75467cb8533,0.6503206,1,0.0
VirusShare_e916faf2c9da88a3047148ca43985ff1,0.07691191,0,0.0
VirusShare_009a5e441ac7eabec52dd9b951281953,0.15259162,0,0.0
VirusShare_82a00dc1a90363a67af33d94cf160d03,0.6441117,1,0.0
VirusShare_bae85b4369283063a21d89734b7e16af,0.04293068,0,0.0
VirusShare_d8ee2bf6c79ea1546589e25ea28ab1e0,0.33077952,0,0.0
VirusShare_1b92eeaead1b126810a96be06fda78fa,0.050313435,0,0.0
VirusShare_6a9a205d9df24de728679023519ea2ff,0.08958008,0,0.0
VirusShare_3a44f7738329323320e952a8749c4904,0.6524279,1,0.0
VirusShare_b7b5a899523cb69b415d883e695e5f1a,0.16892257,0,0.0
VirusShare_0cbc5fb2a6b70b5d0e435d5217e7654b,0.04276075,0,0.0
VirusShare_644273f82ec50b4a40e06a4111e4f550,0.65718466,1,0.0
VirusShare_837cc396db9a4ee95d401ce3fa49e95c,0.08081689,0,0.0
VirusShare_24b97b26e0f958429b38ae5485765239,0.3176892,0,0.0
VirusShare_a09cd98da5e0a39ee1b8807a1acc97b8,0.09330651,0,0.0
VirusShare_2a2107560c873414972b0c5c86a99f74,0.04018457,0,0.0
VirusShare_ba0e4bdcb7c0dcb1bb01d64d2a734c33,0.3176892,0,0.0
VirusShare_4303a50ca79abb85de599aeec8948221,0.09119268,0,0.0
VirusShare_1234fa53c0dff6a34e4d8ef09c9a314c,0.3176892,0,0.0
VirusShare_21ff2917969dee0d852e44dbc9c00186,0.31535307,0,0.0
VirusShare_a3bb47dc1f779832dacb167fa128d015,0.111646175,0,0.0
VirusShare_d0d0408c04bbca27279521ad71691472,0.6556017,1,0.0
VirusShare_b91e541374e933f11aa02e47214c44a1,0.11151333,0,0.0
VirusShare_448a6863430cb4acf0e2565452cf07cd,0.04018457,0,0.0
VirusShare_8bc0c0a9907daf30410436cd1b982737,0.24444588,0,0.0
VirusShare_e30b26ce154af3e9e743c557dfe49071,0.3255903,0,0.0
VirusShare_8794b6fe4d49217e0706d0c2a57048c6,0.13376509,0,0.0
VirusShare_929aed5728289507101b6bc035218782,0.06800655,0,0.0
VirusShare_845f07af847db83f3a00c4de9d367fdc,0.111646175,0,0.0
VirusShare_0bbc32cb13bde91a4c81c0246284b790,0.2769131,0,0.0
VirusShare_390dc6ab3cd1daa087953b9a285d6256,0.16438968,0,0.0
VirusShare_1104a8ab85b275909ce00a07eaf67f09,0.100843094,0,0.0
VirusShare_4502f01e5b40b98a249de83cdcb0a393,0.06828892,0,0.0
VirusShare_4a216157095defdd75080ce4af7153ed,0.34526628,0,0.0
VirusShare_8e704a959fa8549937a3103760da5208,0.041524313,0,0.0
VirusShare_7ff8d1512d910ca1e655cdfa1e1859c9,0.6539186,1,0.0
VirusShare_6b1e276e5776ed4ae61d28675d5ab20d,0.049634125,0,0.0
VirusShare_eb84791f86241fd90e2e8804c80ffb1a,0.05392753,0,0.0
VirusShare_ebe89921e90cfa1c191944286c7cbf12,0.34526628,0,0.0
VirusShare_6c92636409d2ca2626bd971fae753671,0.12489134,0,0.0
VirusShare_ddce9255a83657368106c8b8b3076680,0.23151584,0,0.0
VirusShare_77d22b0ba347d8178542417e173c4b1c,0.6486055,1,0.0
VirusShare_670252e303e14b0b7c8cc55566ef58b8,0.06243621,0,0.0
VirusShare_b2a9f58597fc74df6267f3f89aec6547,0.34526628,0,0.0
VirusShare_9dad611d1cf2a5d526a5b0fc777af8d6,0.27454725,0,0.0
VirusShare_ef0fb56eb0382bbf758fe9c5c903d7e8,0.08318975,0,0.0
VirusShare_06c7ae3746bb95880fb8ec67c58c2b64,0.64413553,1,0.0
VirusShare_a6cb2794f9ef72e499e3addf6ad2b9dd,0.33110315,0,0.0
VirusShare_11c4d629a662ed9de5f754206a1aab20,0.25592333,0,0.0
VirusShare_fba8d08d6f09ef8408713669c3b5c7d2,0.062491417,0,0.0
VirusShare_5a5ce1c00ea7f7cee70af54ac39acc80,0.33110315,0,0.0
VirusShare_0d48ec8960ca3e6d709fbfb6c1ac4e2f,0.25261095,0,0.0
VirusShare_d84e053aaf8510dc86aee377bb7e2e28,0.049565934,0,0.0
VirusShare_371e80338eb92094ee16a227a5b7e53d,0.4581676,0,0.0
VirusShare_b1da70559e8f20c5c4c540100760092d,0.055586886,0,0.0
VirusShare_046bf15b718472171511da41f303acff,0.03102096,0,0.0
VirusShare_8ac241e17fc3bac6f9326a8d595eeb4a,0.317689,0,0.0
VirusShare_a2c61b728d821d86203406ee2c2223ef,0.317689,0,0.0
VirusShare_48a70659fb3b07e2208bc0f9ab7541bc,0.317689,0,0.0
VirusShare_69a3e1aca953fe06f1c6b55a1766fe7f,0.317689,0,0.0
VirusShare_e32191ccf35b1b346d471b9a41ff36d9,0.030261556,0,0.0
VirusShare_2ad86a9bbc692575acc61737701f28e4,0.06142679,0,0.0
VirusShare_a2f5823d0d921ee208f38f7337964088,0.27328745,0,0.0
VirusShare_3ffb1eceee26ea4aee75be072b4185c8,0.2769131,0,0.0
VirusShare_058ece52940668787b6c1af24e912577,0.03720381,0,0.0
VirusShare_c7de8c618570cc49282cdc90928ba937,0.07526571,0,0.0
VirusShare_d4cdd702530a695485fa680ad467f815,0.33236352,0,0.0
VirusShare_9ec368f607061932b6e825f527086136,0.16950276,0,0.0
VirusShare_ed06d20e5ab6f82defb45defd7936fc6,0.04018457,0,0.0
VirusShare_e54001435601402db69554431fe2a113,0.081083395,0,0.0
VirusShare_b9858220b30cfb6f65b4f1ac18b8204f,0.09119268,0,0.0
VirusShare_1150ad21ed9ce599f88889d5d9a00b2c,0.05005423,0,0.0
VirusShare_9114ee1ccdc50d40dcadd27291078a32,0.036891103,0,0.0
VirusShare_b3eab9144427570d6b951086b6677224,0.053931605,0,0.0
VirusShare_8815f60e4229b008bfcc1475fb664c0b,0.65562683,1,0.0
VirusShare_84b2345fc2c2e7dd85170109b862e3cc,0.04018457,0,0.0
VirusShare_28e2d1ffa3b774b7e92d46ba9c881346,0.24444588,0,0.0
VirusShare_ab20786afa54118b00dd11d8ed6d2df3,0.654866,1,0.0
VirusShare_206a2800f78ba0766ce275d7e1879f4e,0.050944883,0,0.0
VirusShare_f9b0e27fa6e1da839bb82bcf0f856a13,0.32616144,0,0.0
VirusShare_0642f4a9e7643fcefb09eb5073b283fd,0.17175344,0,0.0
VirusShare_061b70776b4c30e7e73285f602d0d855,0.6552002,1,0.0
VirusShare_e50e8392a8aefe659bfe4445b59b98b0,0.3377173,0,0.0
VirusShare_318933571ea160c90b8274c2b886c27a,0.6586251,1,0.0
VirusShare_565b758ef67bbf88805ff8fea69706c8,0.51012397,1,0.0
VirusShare_507e96a042cc334b97ccfa8f708f3cd0,0.37251082,0,0.0
VirusShare_66774988c539fa19a03e2107e623e4ce,0.65068364,1,0.0
VirusShare_559c9e126d994bc8407128ea85686736,0.2392228,0,0.0
VirusShare_e6c91835ef5e344f117bd6632f16f47e,0.04018457,0,0.0
VirusShare_37862265f8b383baaf0789874e01a525,0.08523761,0,0.0
VirusShare_db0baa7b3ae7b88d599ab17303c3d1cc,0.04796009,0,0.0
VirusShare_486cea2709b475b0d18e1b99f7e263fa,0.2769131,0,0.0
VirusShare_b80cd4fd72def1c7f3b35c1a5c85eef4,0.112978816,0,0.0
VirusShare_d4bcc56edf0b1706da9a74ef2f182ea7,0.04870618,0,0.0
VirusShare_d9418f0516bbea97f4d336e5ba047d6a,0.057157844,0,0.0
VirusShare_c48a492516b7f91adbbc87c94ce64f80,0.057157844,0,0.0
VirusShare_a7db5b31456cc199bbe3d4f2e9cbb7a0,0.057157844,0,0.0
VirusShare_0cc956e3f4befedd16d3f49ae9a269ed,0.057157844,0,0.0
VirusShare_ea4ba870ad0f3ad5ef7ba7f1ee94c877,0.038138483,0,0.0
VirusShare_e3997826ae5764f4a7cd4a0dfb715e7d,0.6534946,1,0.0
VirusShare_2eb44d3d90d40f062096b0136eb1d808,0.48881435,0,0.0
VirusShare_1d2b47393329a63bcf98f29840854392,0.059607722,0,0.0
VirusShare_33a7f80a79f4a5a2a1b3192ab04e26e4,0.06439173,0,0.0
VirusShare_7448c63f8b043ac23476340fde203a68,0.09119268,0,0.0
VirusShare_970a545bfeb4180dfdc80faa50f31ce9,0.21409497,0,0.0
VirusShare_1932762d28a524be22bd967499f59da4,0.33576447,0,0.0
VirusShare_38b9a7f1e2711bd137a97d0d6dadb990,0.03592377,0,0.0
VirusShare_ae383153923041499513b2a0f6fc29e3,0.3180057,0,0.0
VirusShare_639bc29d1b982cf089988a5488ab5b25,0.0820883,0,0.0
VirusShare_bd3967a660066bbba110ae177127d9aa,0.09119268,0,0.0
VirusShare_9158d86af650fbc17714f856a3865a89,0.04018457,0,0.0
VirusShare_6e5d4c471476986d1a67746d80c0d445,0.648935,1,0.0
VirusShare_4166413ccb359e3a21ebaace742431c8,0.25891426,0,0.0
VirusShare_2c62aba632877fb92ced5afb804dd4d5,0.060299914,0,0.0
VirusShare_a8d09ffabff76ce64c3adf13a0831d34,0.59712315,1,0.0
VirusShare_dda6a1ed2555af3b44974f3514bb3223,0.05154001,0,0.0
VirusShare_a823d81949e20ba275ebfe238bdb082a,0.059607722,0,0.0
VirusShare_4260e3f566621aa7172ebade13f77f9f,0.04018457,0,0.0
VirusShare_0563e0fe1b19809851d96ea4e2b31667,0.09119268,0,0.0
VirusShare_b791290e119c2923ef005e7d36f2bad3,0.28969878,0,0.0
VirusShare_acb2be2802fe0d315fbf553f533ebec4,0.063937195,0,0.0
VirusShare_f1ec4ceb9f7a5913b6eb9bed34c6f6c2,0.16950276,0,0.0
VirusShare_25880cf0ffdc2fef5daabffdd9ba1dda,0.36183175,0,0.0
VirusShare_9799581fa7ef2b08fc2f8a03338b2ebb,0.064467534,0,0.0
VirusShare_fbf40dea27e14f9e44cd29fd2260a4df,0.042633437,0,0.0
VirusShare_733b2d72352e4b2a742933d6e332a1ca,0.33357772,0,0.0
VirusShare_43a503be14749219758f2de89af25796,0.6517001,1,0.0
VirusShare_1cf00432e36b845a63a83909ffb97fe1,0.053791482,0,0.0
VirusShare_860422e74f0ff073fa79116794d58f73,0.34077182,0,0.0
VirusShare_871fb3a214865abf98c0e119bcd14fad,0.09119268,0,0.0
VirusShare_234a00d7c4dc9a91344bc503a92194d1,0.051551003,0,0.0
VirusShare_f888776dcb218c8120ae27b7000f93ec,0.42623383,0,0.0
VirusShare_ae3d367c8c1e4251130efeb78d6d49fe,0.043820888,0,0.0
VirusShare_79f22102b66701636eee15159aece176,0.5123228,1,0.0
VirusShare_319bce92d0e1dc696850ceafe90d2229,0.3345043,0,0.0
VirusShare_4c20cd47468ac778e47b8f554def2b42,0.09119268,0,0.0
VirusShare_2b67a5d9e446b3c23eb9d0caf4f85012,0.1860548,0,0.0
VirusShare_3b937db944dea4673b7cb7572e97cbda,0.045607515,0,0.0
VirusShare_afc27b9ff0c2fad3a1f72237dda37704,0.09119268,0,0.0
VirusShare_4d8e7f3e8f6d3779719dfd353fb70d30,0.06984887,0,0.0
VirusShare_b7588429d55213f56c1f47e6b92cae8b,0.084211886,0,0.0
VirusShare_cf356717015688ec49d654dfdb25cefb,0.06301262,0,0.0
VirusShare_ab6b91abf5ce5691d0a7aa71997ccd98,0.2269164,0,0.0
VirusShare_54548043f597501bf2e0a663596dfb61,0.6576642,1,0.0
VirusShare_8df7b06a6a5b8db03047ec519a56bfe6,0.6527349,1,0.0
VirusShare_4b089346790a7766ad775b4c26a07054,0.111646175,0,0.0
VirusShare_2d93338cfc46c5f6abf30013b5caea4b,0.3397169,0,0.0
VirusShare_41f591ab28ce1cbb4fa8986f1a8bb8d5,0.34526628,0,0.0
VirusShare_748aa9ff0edb51450a1ebdda84db5c2f,0.061678953,0,0.0
VirusShare_923ea2167f5e20e0f771b68573faf5d8,0.04018457,0,0.0
VirusShare_8e384e352484bb4ca18839bd7806bf39,0.09119268,0,0.0
VirusShare_c93bf46365139e4b394107d5301b626d,0.20908782,0,0.0
VirusShare_33f95f9c0bece738ed4835380bf78b3b,0.298602,0,0.0
VirusShare_2888b819e6939b6d034dce1a8f0770b0,0.06943027,0,0.0
VirusShare_f4f8d2a96a29d8a6de9856cbe4580427,0.21324089,0,0.0
VirusShare_6a4f567a452b6ee50a7e1c5c0f439c6c,0.65058506,1,0.0
VirusShare_4e26a31b1ad23cfb8458c75b4c990242,0.22931345,0,0.0
VirusShare_aec585bb5002f46bfd982fe459ea603f,0.34479228,0,0.0
VirusShare_e3c87a714f21edae7e99610de360cd34,0.6527175,1,0.0
VirusShare_14182ac88ccce363d3d66d7a613139f9,0.09119268,0,0.0
VirusShare_448f6e0c6e3a7673e99340f467a776e5,0.34908754,0,0.0
VirusShare_ed2c83721daa7a2f167c837686efdf18,0.16711633,0,0.0
VirusShare_193b8dbe7cd91638ad2abcc3e7e2129e,0.32219857,0,0.0
VirusShare_442057665ade62409508ef2f61918676,0.64847136,1,0.0
VirusShare_b5df55b81e36efda3dfb26cb4ed76515,0.09119268,0,0.0
VirusShare_236d2b788a9895a9f3af3560403ce485,0.09119268,0,0.0
VirusShare_d7f758c0de2e72bdf20a7a04c8d40940,0.0530229,0,0.0
VirusShare_e65027ae7997ad5d4a436f30f1309a96,0.3392753,0,0.0
VirusShare_cf18459284441bc08417e6f31d897299,0.05048771,0,0.0
VirusShare_1ebbd4f7e816381904c9b34eab369298,0.04018457,0,0.0
VirusShare_967140f4d30e19dd1e311e852121166a,0.047364224,0,0.0
VirusShare_b9cc0dc491589ef6fe6fc750423f2a04,0.11551134,0,0.0
VirusShare_a699ad3231536dbd79b659f4b2a46417,0.13877735,0,0.0
VirusShare_c0b2ce86b7d3af359d3558669a6f8c26,0.653596,1,0.0
VirusShare_b63dc51b6e831082702b1fc2eb50342a,0.29785633,0,0.0
VirusShare_0b1f33bcb3c4d4358b7430960ee9e127,0.19165036,0,0.0
VirusShare_7c59eb5083826aaf24b1ba9d26f8447b,0.6585663,1,0.0
VirusShare_ce543aac0720fed987dcf2973dca4673,0.16020493,0,0.0
VirusShare_0e3f39b6ef5d86d558925f1006a73ff8,0.2769131,0,0.0
VirusShare_78e4382b23626a0c54c0e1075517686d,0.050346106,0,0.0
VirusShare_f752851d3f499a637d8ac628f7fa9213,0.31948572,0,0.0
VirusShare_a1085dbbfe5e098a2f03e69e5332fba1,0.0488187,0,0.0
VirusShare_c971e607b8e72aca3da20614f1c65b6c,0.659762,1,0.0
VirusShare_29df961d87b689567324ce38192e1d66,0.47487774,0,0.0
VirusShare_cfe1e22e39cf6b511d8cb12759ca4c74,0.033976097,0,0.0
VirusShare_85e656ee4f70ff3cedbd63a58c9b99b2,0.16843395,0,0.0
VirusShare_14c052bddee174db180812388ecee0b4,0.33110315,0,0.0
VirusShare_1818e0025eb95c404fefe7e252e4044b,0.06404202,0,0.0
VirusShare_e4dbdc4c98eb091cca9c83b1a8ad3e8e,0.65417075,1,0.0
VirusShare_abcf8b8d97579e042ab7da86cac05cc4,0.04963814,0,0.0
VirusShare_ce44562b1df54704e3d7f7fda1308f30,0.044973932,0,0.0
VirusShare_85ea663f2bbb901c7c2dfdfc2e5e88f5,0.051967602,0,0.0
VirusShare_669a10886825b0e6c3c473b66e864efa,0.06811348,0,0.0
VirusShare_908e285a8a6a2f226541de4d926c29ff,0.06943027,0,0.0
VirusShare_2dd8c6bc6afe837582666d8a204a1eb4,0.0633559,0,0.0
VirusShare_a254fb60d7493a2c820cb4e10251289a,0.057755947,0,0.0
VirusShare_5eb0e26a0b3a62da43fc3b6e70e41b1c,0.03627128,0,0.0
VirusShare_de08c5426008702191a0305d40359642,0.111646175,0,0.0
VirusShare_313d06114e6735d4a33e9b7ee0ade6d3,0.043194138,0,0.0
VirusShare_8d1db6e7f99c4dbe485c85d71ed7096d,0.095139064,0,0.0
VirusShare_450c259a7698a570b6f3b5738540c2be,0.088106334,0,0.0
VirusShare_b507820eb234c88f028607a3b8fd01f1,0.24444588,0,0.0
VirusShare_a2723ca49130a66dab13af324c77fe18,0.0802609,0,0.0
VirusShare_e0e059055eeec9afbb6abe0aae6762c7,0.053661365,0,0.0
VirusShare_a5d14d2923b94eeb1932b377e7c067d4,0.06976873,0,0.0
VirusShare_d5198ee72e596d9863e39cbb987152de,0.15037176,0,0.0
VirusShare_23669044eae7eb99e93c82d6d2e0ff3e,0.09480257,0,0.0
VirusShare_8549dc399297a29e551b2df8c30c96a1,0.65680003,1,0.0
VirusShare_d48cbd028f568cd191275290d9087230,0.044496257,0,0.0
VirusShare_8423725b7ba5891dc787653aefa9ae34,0.1537968,0,0.0
VirusShare_92ecaaa099a1c3b011c8aa71078a1272,0.1150188,0,0.0
VirusShare_1387adde4174702624c08b380117d3b9,0.38192782,0,0.0
VirusShare_261c12d9ee494d848afc3fb5802a0f75,0.059607722,0,0.0
VirusShare_82e28ad706d12556eea21bd01afc1336,0.074139394,0,0.0
VirusShare_e6d86822a6a6573d799e02ad6e54e040,0.18239722,0,0.0
VirusShare_ccfa3734cdd46f6eb0dd198496fa518e,0.65813255,1,0.0
VirusShare_68568fda445ef0ccdcb37e22dfabea87,0.654224,1,0.0
VirusShare_0205dd07261bd40cf93aaf172d1ac5ff,0.38192782,0,0.0
VirusShare_c3d594982c79048501683b6591dc4b9d,0.04018457,0,0.0
VirusShare_672ae9435d0f6c0682058c06a319684b,0.04018457,0,0.0
VirusShare_8360d534261e3b5df7fe4fe6623c5ccc,0.34526628,0,0.0
VirusShare_2a05b0a3f6d8ae1a92ebda6273031bc3,0.081083395,0,0.0
VirusShare_126fa6844f4909ddce67710f8994cb6c,0.04018457,0,0.0
VirusShare_8acb2a02ac0754535fa957becddc73ac,0.34526628,0,0.0
VirusShare_ccbb5355b566c47ea3cc7acfd4b9fc8b,0.4581676,0,0.0
VirusShare_79c1f17f82313f2d7af2ccd18b6ea462,0.18312804,0,0.0
VirusShare_67cf77fbd1d0f1d97e0f6d4a1832b417,0.16156621,0,0.0
VirusShare_d35f73bec43bbc44bff5bc686f3222f4,0.3299709,0,0.0
VirusShare_93bcbd1ef9ea00d882b322766c60d341,0.1684834,0,0.0
VirusShare_230bc9f17b10b504e5ab41d97073a470,0.25261095,0,0.0
VirusShare_88e004c76d358a923839e022c6a289ad,0.6521138,1,0.0
VirusShare_81e1f95bfbfe73f1bca55b40e1f74923,0.14845915,0,0.0
VirusShare_7e6b7aa92e31219e5481793ac81467ca,0.19924866,0,0.0
VirusShare_a3632b448a4e59c10e9adc2e238d48db,0.06597466,0,0.0
VirusShare_d071842c0199c37a366e04996bfbd145,0.09119268,0,0.0
VirusShare_77de2de0a11dd9bd7767a00f4f086319,0.34567794,0,0.0
VirusShare_099fb2412aa93c5ab2fb10cb7e62b267,0.12969539,0,0.0
VirusShare_cbccbb2274088fbf360f586cb1865c20,0.076073796,0,0.0
VirusShare_dd937feb293369467271fc2b37822209,0.077999696,0,0.0
VirusShare_e95d861c21825ec9dbc1e99095c1c534,0.045644272,0,0.0
VirusShare_e0719807715760268beb08c33eb9ed66,0.15019411,0,0.0
VirusShare_54a97cb410e36faf4d5ce3f5f0e4d9b7,0.03897784,0,0.0
VirusShare_faea2c10d2ea14f9155b96f7f70f01c8,0.34526628,0,0.0
VirusShare_3ea215f517d6fb9b0be5cc6d0aab5927,0.66210175,1,0.0
VirusShare_0b49438c5530f8544395198ac31aedee,0.04018457,0,0.0
VirusShare_f60a21b3c57fe4df5224d480e8cbc1e3,0.26546028,0,0.0
VirusShare_921c39e69746ff7b9ed24ad9f94a921d,0.24478975,0,0.0
VirusShare_0a5394b7ccc76f3e08a8da76a649a277,0.090583794,0,0.0
VirusShare_2324289021f5a6f6217e635278924fc0,0.06618582,0,0.0
VirusShare_d06cc22bb08ecc5ba9dcf5b6d086772b,0.09119268,0,0.0
VirusShare_f3f9664401ff5bd08b4fe68f0d1c914a,0.09119268,0,0.0
VirusShare_67bf645f1e807a5896b983a011f8f1f4,0.34526628,0,0.0
VirusShare_40869ec59da4cc09ede9b64fe56c0960,0.3440884,0,0.0
VirusShare_1a9a55738d85aec433f6b3611cde76be,0.3440884,0,0.0
VirusShare_2e8f2e7f5b5d6c9b2ca79a1994218ca8,0.11677337,0,0.0
VirusShare_576049731743f05671c76ee3879c4b60,0.12390943,0,0.0
VirusShare_c1bebe168359fe8423289ec3c0e3ebe0,0.07373498,0,0.0
VirusShare_ad3a82870bb0633e8af446c36760210d,0.09119268,0,0.0
VirusShare_0c623154f5acbf258391d6f9658286f3,0.383277,0,0.0
VirusShare_cfe8ecfc3ae8f47cc8bda3cc7317f0db,0.32081363,0,0.0
VirusShare_e6a5b1ba7559d9f7ebb44b6e122c0717,0.059607722,0,0.0
VirusShare_055d0ad8eb52fc412b08448f24f9a0cc,0.2654822,0,0.0
VirusShare_e8535f791047a2840019980323f94751,0.34526628,0,0.0
VirusShare_50d492a2c0d95ac4b7ebedffef45ffe6,0.03283272,0,0.0
VirusShare_dcc511d21f6328ad7a5fc06da037709c,0.03292218,0,0.0
VirusShare_97ab0bac4b36619a34b3939b8f9c141b,0.30854902,0,0.0
VirusShare_0f82300ff1f3ec79b46b42b500961c41,0.65169203,1,0.0
VirusShare_c2dfb1ba7097b597d6c73eb6bd94ce22,0.030416619,0,0.0
VirusShare_cf0264b3a9273c715863700093f05628,0.029641401,0,0.0
VirusShare_af8d481dc9fd0398002b5576d13468e0,0.25371948,0,0.0
VirusShare_bd81b3eacd87bf850a292f9521771397,0.04018457,0,0.0
VirusShare_db32818625ce57be108581e5561ad6bf,0.059607722,0,0.0
VirusShare_aeff8beff768f5c44664c3fd562abe02,0.3176892,0,0.0
VirusShare_6e627862118415cff8410a25450b0451,0.1502575,0,0.0
VirusShare_7517a7ebbd33bdca28226535e73dcc99,0.070082076,0,0.0
VirusShare_61f6e1fd856b01bc775c16ee1af0a9f7,0.059607722,0,0.0
VirusShare_54efaae417c31b108b299223e6129558,0.12916784,0,0.0
VirusShare_74caa63ea6f72bbbab00f271aafa1a21,0.059607722,0,0.0
VirusShare_b3f19a5c46dd751cc0072d12a705e579,0.06507789,0,0.0
VirusShare_bf633191bd623c15032f929327ecbe3f,0.11239842,0,0.0
VirusShare_ee3701e6fa6a6603c5165e995f706eb5,0.6576642,1,0.0
VirusShare_68fb8073a2984a3a79176c181b845a44,0.04018457,0,0.0
VirusShare_896a03057b8dd10fb33f558884ca77d1,0.32623643,0,0.0
VirusShare_2f107a547b8fd848ea09267146d72b9e,0.081083395,0,0.0
VirusShare_01abc7c1ec9c8d48c2de34b583d9c799,0.03851696,0,0.0
VirusShare_692af7feb73d54b06dfa7ab57c0650ac,0.07170546,0,0.0
VirusShare_8d0984145532d63f9bacce255366379c,0.057662595,0,0.0
VirusShare_d1bf6266db5160fbc1fe33e7045dd791,0.64847136,1,0.0
VirusShare_ce653e43d444b215918fe3036f318f67,0.09119268,0,0.0
VirusShare_7ac31cd273d5890527f5cdabbd7235fe,0.27581018,0,0.0
VirusShare_861654c228a449c480bd6fe01e895b98,0.64985985,1,0.0
VirusShare_415b3e90711ce845eadcb5c546533500,0.34526628,0,0.0
VirusShare_013b1a688eba34cf61e195dcfd323f20,0.25371948,0,0.0
VirusShare_98bff336e81f14345891f663b3df56da,0.36183175,0,0.0
VirusShare_438fb32758aa2337eda85bc106a617c3,0.04018457,0,0.0
VirusShare_90cc82a4eee037164553d4f9bb1f3960,0.65153915,1,0.0
VirusShare_f556091617ed6a39a381a8dcff809d41,0.17916694,0,0.0
VirusShare_0dc35b07d59d551d93c951f68f87e92f,0.08406965,0,0.0
VirusShare_3fca324ffb72e0044ba7f7fb6524d5c4,0.32321373,0,0.0
VirusShare_c8b023cf73db61dc3dde953103bed700,0.6560041,1,0.0
VirusShare_b24a5bd9d4d649a2b52f63216179668b,0.1283874,0,0.0
VirusShare_0a11d04e2f5e217b199f7e41a8995bc5,0.05889039,0,0.0
VirusShare_deddc9391b90a4f5397718c853fb72bc,0.24403481,0,0.0
VirusShare_a490db71dee66c169f9d91e665f65182,0.3925642,0,0.0
VirusShare_d7fbf775328f2faa449aa359bc50ba20,0.34147292,0,0.0
VirusShare_dcac9be3c185ac82b427a6366a802b27,0.081083395,0,0.0
VirusShare_d0c15e0726e0c0bc8ce17cd6e43fd930,0.65030265,1,0.0
VirusShare_eebe5a3db1bd65c96353594a5e185401,0.24473128,0,0.0
VirusShare_b6054ba4166ac3ed26a3f9640288edd4,0.081083395,0,0.0
VirusShare_921a9f88f759cd8a13dac340e4c034e8,0.054086827,0,0.0
VirusShare_9b46ebc16ee229cf7fbe65c1d40957e7,0.651723,1,0.0
VirusShare_4a3cab0ef5f43480d6826b450b625c48,0.3683612,0,0.0
VirusShare_ad28e764e81b532f0a809517eac7d42a,0.36652908,0,0.0
VirusShare_b3d3ef8b2dc981c9c5e90962be63a3c6,0.07095241,0,0.0
VirusShare_b0b1da5756d9230791632f67771df12f,0.081083395,0,0.0
VirusShare_d984bf4f97f7e1d01c3bb8ef9ce2d37d,0.059607722,0,0.0
VirusShare_1792eec77f88e396789f6826fbdf125d,0.1885933,0,0.0
VirusShare_61147c85525861c345b40ad1ebb512b0,0.07917193,0,0.0
VirusShare_e78963ccb98de0b2467af1c0130e973d,0.081402846,0,0.0
VirusShare_0223757bdefcf4b49df3c0bab9902e29,0.05668395,0,0.0
VirusShare_9e0414d9f2771a89f5bc16c95c7438f5,0.03785158,0,0.0
VirusShare_b8baa5f2608a0f3cd8f70e68621060f0,0.31210262,0,0.0
VirusShare_045cdd76e5fb77020cd5a2b545b9fa33,0.04018457,0,0.0
VirusShare_7fc35a5fdd8d8008060bb0fb225bc4b3,0.13775936,0,0.0
VirusShare_238b845690a6d5afcaddefcd4d68df26,0.081083395,0,0.0
VirusShare_6bd4872287df23d2db3f3b315e55667a,0.3935123,0,0.0
VirusShare_4cccd222af878bc3107f2f89869d4ba9,0.65580714,1,0.0
VirusShare_03e5a828b975956a6ee68911868a6298,0.25371948,0,0.0
VirusShare_61af995d8025bb5d69ea52f45d389782,0.094612956,0,0.0
VirusShare_16e05df8c0856a21008f3aae446fe40c,0.6547432,1,0.0
VirusShare_5e4c01c196a521691c283acb3ab7f11e,0.65501046,1,0.0
VirusShare_7f1e3d1e5483428f9bb4e95c5da5fcc1,0.24478975,0,0.0
VirusShare_f25b6f851c53df3154d07d69e85ed0dd,0.24403481,0,0.0
VirusShare_56d4da7346a6364f2359ad4c3de456e2,0.64713734,1,0.0
VirusShare_07b56b8ca2b8dc82e222d0252a3e84b1,0.051160734,0,0.0
VirusShare_d37f936ba342f651f889cfb327a6b109,0.07580111,0,0.0
VirusShare_ec0ff3e2afb80e202d02eead127653f0,0.29452747,0,0.0
VirusShare_81cb195ec5caf6d2010e4867e6a32e39,0.06466671,0,0.0
VirusShare_df2dd318eda24a2e7168e073d8e44dd4,0.21477738,0,0.0
VirusShare_a1b3ec5efa635625b807b92e0bdbbf7b,0.2948833,0,0.0
VirusShare_acfb66a33ae566715c98c88eaae3a6bf,0.2748047,0,0.0
VirusShare_b78c2fb28357728d80b4b99417da2613,0.059607722,0,0.0
VirusShare_ca8b5ad225c944d52e9d0570df0efa29,0.09660645,0,0.0
VirusShare_7745c05cdfae00a17f885e67dfb2f346,0.24493274,0,0.0
VirusShare_9a9ba2b4f73ff7d1ebf9724db07ac114,0.33357772,0,0.0
VirusShare_d83272f4c8d081bd281492623551d299,0.29452747,0,0.0
VirusShare_cb48e2b2aef241bf78a37045b075fe54,0.6580661,1,0.0
VirusShare_9c6e4fa9660091f4302208df0a672b27,0.17242405,0,0.0
VirusShare_5fa1c99f6e40b3a510455cb618bf5e88,0.5571037,1,0.0
VirusShare_5be447cb0d7d46dd5252fb32f2893d54,0.09024145,0,0.0
VirusShare_e1ef3da0772e00fec4db52e44a4fea4f,0.65558416,1,0.0
VirusShare_e5059258650204c47ef8a8c616fc5d6a,0.22862005,0,0.0
VirusShare_f881167da035d71385a94d9b8b929492,0.6597538,1,0.0
VirusShare_d8be86a6c4681475121046a3e3714ca2,0.1283874,0,0.0
VirusShare_62078a4fedde69472995d545863bb816,0.33277193,0,0.0
VirusShare_c3ad92704c21b5bfd59f566f884424e3,0.04018457,0,0.0
VirusShare_52d205197d010ff24253d13adc2a03cc,0.065025955,0,0.0
VirusShare_f64d6e735c9e9446f96fe53fc76e8951,0.5054356,1,0.0
VirusShare_54212bf4de5e0e1997ffa85887d02082,0.058516406,0,0.0
VirusShare_1c09568a09542b65334594574688e6db,0.046344325,0,0.0
VirusShare_6e49367b1d973b54e2797476146828a0,0.08058566,0,0.0
VirusShare_260252f7d7f56c4075e9fc79c147c352,0.046138383,0,0.0
VirusShare_bfd54f7580601a600961a0175a8748e8,0.09119268,0,0.0
VirusShare_f36535f29c0aaa35248f58b26cd8e645,0.6510379,1,0.0
VirusShare_b56aabf731a0b5a403a7bad7fe3f680f,0.3176892,0,0.0
VirusShare_69f267d319ea385c293d65a002dd595e,0.1042486,0,0.0
VirusShare_d167840ed1f93df3183dd2047bd66374,0.035549928,0,0.0
VirusShare_eb8d9a16d6b17af5ac8f74157eed933f,0.056013394,0,0.0
VirusShare_1b7c4151bf10c05ee7ef85ec8f8e272d,0.088776514,0,0.0
VirusShare_02df09a2ffd9b19f4c12eca690fa08d0,0.65616226,1,0.0
VirusShare_aff19742259e91e83bb465c0a26b1bf1,0.20955925,0,0.0
VirusShare_530033b888fc71cf3894969848785c7e,0.21483114,0,0.0
VirusShare_68a7054fb02c86a76b803a83b642d512,0.6543775,1,0.0
VirusShare_3e31be55ce80e504459147894391661f,0.656546,1,0.0
VirusShare_c63ad331fffcd687d74ddef1cd004a63,0.032782402,0,0.0
VirusShare_014025d28c2901a05f3e04b8f76db7f5,0.058779597,0,0.0
VirusShare_a53021ab7cfb74a66d275668129cabd5,0.6612313,1,0.0
VirusShare_d8ebad6b15536172828916cae4223926,0.6612463,1,0.0
VirusShare_3821da3e0d06dbcff151f35421c7cf40,0.061031748,0,0.0
VirusShare_bf28d3ba34cb16af4388df5c30726449,0.24473128,0,0.0
VirusShare_b72bf23999de222746413d0ee77ad45e,0.3176892,0,0.0
VirusShare_16ccb101b5b2b44770e99691e61c7a8c,0.6531178,1,0.0
VirusShare_493d7cee8ad45f096b193d28b299ccdc,0.050680626,0,0.0
VirusShare_42bd12289ea4dd62ac39568fdd45d5e1,0.6487347,1,0.0
VirusShare_868a0dead0a77827e240a73f0b51b4df,0.04018457,0,0.0
VirusShare_7da935b9b7d86596f2e90b59f4de26aa,0.39988422,0,0.0
VirusShare_936a3f0a2b7e53318d25697169f58759,0.05553745,0,0.0
VirusShare_efdc25071246bc4d4eedf63fa51ce7ce,0.081083395,0,0.0
VirusShare_fb101e124776f26e7d8ae670504bf799,0.16892257,0,0.0
VirusShare_d8dd873ad7d4202f4b44cbbf26533754,0.66041577,1,0.0
VirusShare_fa247d2b932160ef3d56c5ad749c25e3,0.24493274,0,0.0
VirusShare_a99ed40b1f4da2c488dfac0030cf0f8a,0.65099955,1,0.0
VirusShare_b7616d19124fa41103430a4e15bebfe8,0.09222088,0,0.0
VirusShare_96ad9db2dca47fb41e91bf9b1d063752,0.039835103,0,0.0
VirusShare_7dbdc3af862250836f63fdc271888c19,0.66003835,1,0.0
VirusShare_199956e17c77b8c13326cf82968f0970,0.09119268,0,0.0
VirusShare_c5849724df94906d33a32032b707c564,0.14132649,0,0.0
VirusShare_3ff109c233ba16c6433fb9dd59592265,0.6533864,1,0.0
VirusShare_620f99623137befa0913096cffff23ea,0.34526628,0,0.0
VirusShare_d77feb63589d1344eff514d1d9221fb1,0.031463947,0,0.0
VirusShare_baa900365444df03ba7c71d898285361,0.6510379,1,0.0
VirusShare_8bf529c1c0afb9d91dde2bc5b1ac0092,0.09877733,0,0.0
VirusShare_4bef0142fd9b0bfa005322be55281bf4,0.14607438,0,0.0
VirusShare_fe5f6d3e36ada7681239fc27e0718a13,0.081083395,0,0.0
VirusShare_70cbf20e94f91cfa65e0cc28a7fef208,0.65943825,1,0.0
VirusShare_d62cdd2152972a04fab392d5cc8ee2fa,0.43773946,0,0.0
VirusShare_dd132ca313b3d0d7bebdde322fd7d7ec,0.65828586,1,0.0
VirusShare_7530cb374a0484c2edf3428db0781a12,0.0587234,0,0.0
VirusShare_dcb154b02eeec27c41af289485bfea4c,0.059607722,0,0.0
VirusShare_1b82a278c11ace29a81308e7b175a339,0.2630399,0,0.0
VirusShare_8ed344568251820489a44267df5e4477,0.65205705,1,0.0
VirusShare_fc00c8940b145d2441e6ac0bd74c4f4f,0.24473128,0,0.0
VirusShare_b7d7c6ebfe74b403396e35cc90d39225,0.39171514,0,0.0
VirusShare_a8175d2406e30e69e943c1d80e0c2c5a,0.24473128,0,0.0
VirusShare_b1e016314b4bd8276b169c942e0c4eff,0.17644736,0,0.0
VirusShare_1cd46098cd51585b05ad1a3474a8b8c3,0.23541053,0,0.0
VirusShare_30da648bdc72fb4597e8e45bd4190199,0.04018457,0,0.0
VirusShare_f6146f1495a79d9ea61e06abd5eb106c,0.09877733,0,0.0
VirusShare_276a1bc437748794cd8d09f2a686fff8,0.19962123,0,0.0
VirusShare_d4a9d6543614eaf24af86e78df9f2cd7,0.24473128,0,0.0
VirusShare_f10cd81a5c0037b08cb50341b68578c3,0.6513815,1,0.0
VirusShare_bb43a5b62ce927120a83169f5fe6255c,0.6564791,1,0.0
VirusShare_7b4cf87726115400e6049193e0e4104d,0.03785158,0,0.0
VirusShare_109a62bb33e86c6355e10822e7cad230,0.24473128,0,0.0
VirusShare_78f456d8a2114562b6911441ce637aa5,0.04018457,0,0.0
VirusShare_3cad91f9cae046c876c8f4df7928a302,0.06943027,0,0.0
VirusShare_cf13cbb2fe5bfa970d44665c1c0dfb2f,0.18424743,0,0.0
VirusShare_a2c2604e0f2dbe8d6cb000c9376aaeb7,0.24403481,0,0.0
VirusShare_378db3574a0eff973168348b956c5ff8,0.1283874,0,0.0
VirusShare_630f032c132616914ca189bb2e65e1b2,0.6558571,1,0.0
VirusShare_e82c8fb2163b6ab95110f2a6afc8177a,0.655712,1,0.0
VirusShare_d47075c0cdac2ddaf57fefd6156e6129,0.065025955,0,0.0
VirusShare_33f4e1720a14e6b43ecd126f58edd48c,0.24473128,0,0.0
VirusShare_6384b6763cc79604cec59d29865b262f,0.25371948,0,0.0
VirusShare_030aa7483d00cdf7fbc8285cf96a7c9e,0.6543913,1,0.0
VirusShare_b41dda84de51ea0fee94cdef770f72ba,0.3176892,0,0.0
VirusShare_33cc338f8164e0bb5700373c7949ad02,0.24309102,0,0.0
VirusShare_705dd1dac06aa1c1aabe0f9f87136392,0.081083395,0,0.0
VirusShare_a7464057056382a37ac1db438f6c5278,0.27581018,0,0.0
VirusShare_e8bb9b52dbfd6beaa1a649586df5a863,0.04018457,0,0.0
VirusShare_c22ff459360e81cf20247b125ccdc82d,0.08011989,0,0.0
VirusShare_08fb38b9c9d08db28ef416a61f23a5f0,0.6590113,1,0.0
VirusShare_b5a38839189a719e985fe239f2957bdb,0.25371948,0,0.0
VirusShare_3d1fb206e7d315b604e264c0fea3dea1,0.116617694,0,0.0
VirusShare_0b4677917087323477672bf9b70c58ae,0.6547009,1,0.0
VirusShare_b7914722cbc08bb90765b410c3e0d7f1,0.65505064,1,0.0
VirusShare_1515fb991998bbec58cbe2e843bb7f18,0.16892257,0,0.0
VirusShare_172efbe414b6a0e403e4159c1a8472a6,0.1283874,0,0.0
VirusShare_1b0ca1c8ceef0a57ec84aee0a5798357,0.03438808,0,0.0
VirusShare_3f2892b2fbf413b2ba24cee25a6444e9,0.24473128,0,0.0
VirusShare_fac34f8b760922a8dea024d04db19f09,0.09455272,0,0.0
VirusShare_4aa0388db0b03c032bf2a5bbd9f26eff,0.25371948,0,0.0
VirusShare_7405f8c5338fdbbfe1c0efa512c2ed7a,0.059607722,0,0.0
VirusShare_1a49787cfd24706287519a952ade1f17,0.65587306,1,0.0
VirusShare_b479f47c7a9f26614009d8119096ac8a,0.6568332,1,0.0
VirusShare_5b6ff08221ebe0e6c5b132589d4aa595,0.1424396,0,0.0
VirusShare_d7bd57aa14d20062130c268469f3e726,0.64870083,1,0.0
VirusShare_2e2293dbd0c18d1430e080fdf7a8d35d,0.06449519,0,0.0
VirusShare_6adcf41a61ccbeac9e27b5b4d723bd5e,0.09119268,0,0.0
VirusShare_f9765ed4cc74d9bb5a0651b7bf7f2cbd,0.070784576,0,0.0
VirusShare_f94795830dd4f59f03ce60adb448d6e3,0.06593616,0,0.0
VirusShare_3f5c227fa530c674390453be57ba38db,0.25371948,0,0.0
VirusShare_5cfff0d84966a3023bb21d0aba7aa54f,0.6550695,1,0.0
VirusShare_07400ab86cc36d5e4fd275d1efd0d175,0.06572978,0,0.0
VirusShare_8c020268ae6e519ec963709906551608,0.6631708,1,0.0
VirusShare_cbb47311d7c696b5fdadfa56b9918b98,0.050102305,0,0.0
VirusShare_bbd3b9b36d45d5faed37f95710dae003,0.30387726,0,0.0
VirusShare_43cb1bc70db2a4a14e8ea4a4e03f8871,0.065025955,0,0.0
VirusShare_a55362d046724c3818a8609f1c76fc55,0.64880097,1,0.0
VirusShare_b7a630cde73faacc444e4471db1493fb,0.09119268,0,0.0
VirusShare_e7adbcdec3f615873b9ae59c7089d9e0,0.66298056,1,0.0
VirusShare_a0c0d340b3852181f06b820d7c3eb95c,0.18712005,0,0.0
VirusShare_a999a91e3c681555891bbefcc348bff2,0.09119268,0,0.0
VirusShare_5377204e7438ff7feb3daef0db6173f9,0.081083395,0,0.0
VirusShare_df5194fadd398d2f775ae46d28bb8427,0.25371948,0,0.0
VirusShare_d1751b78c077a36bd317697104ad52cd,0.1497724,0,0.0
VirusShare_1273230045c7700f9a91d6df48ab6daa,0.16582215,0,0.0
VirusShare_e59918f9b70ae9ecc87d480328b3de33,0.05976785,0,0.0
VirusShare_051e670f7cdf21eb23c812b41c921f1b,0.6610298,1,0.0
VirusShare_24b4f793b3650d59f085204aed49fff1,0.046344325,0,0.0
VirusShare_b86553c205af92dfb52561ffda5f48bc,0.081083395,0,0.0
VirusShare_cc29a993151a4ff3240f558ce91b7bc6,0.39988422,0,0.0
VirusShare_0079b98cb0686e3e845103bc4d19d920,0.055586886,0,0.0
VirusShare_761b8fd6f85758513c5095a0e5790f91,0.041524313,0,0.0
VirusShare_c78afb8b03c9949d12c6ade48be145a0,0.65398204,1,0.0
VirusShare_6bc76189ca9b6163b45da4eba3a16d12,0.36139494,0,0.0
VirusShare_aa799e2aab477d252e160f259bae6786,0.65662485,1,0.0
VirusShare_969ea977faa53ff827eb9cf9445ffa07,0.078625984,0,0.0
VirusShare_5098f5611e9c4cedc9719f1e82e37bfb,0.34053984,0,0.0
VirusShare_36bc693f6c5b0d6a53159f8217e78fcf,0.08420765,0,0.0
VirusShare_6e02277c0c06b882b5c025ec9a18afb6,0.32890683,0,0.0
VirusShare_793b23e27e85db4beaa7dbbb790c3f34,0.062747255,0,0.0
VirusShare_2cac8835dbd10bd22f59bdb6d54dd6f8,0.25371948,0,0.0
VirusShare_5c729e59acbb512e2c2bd195fe9a1a9a,0.24473128,0,0.0
VirusShare_697726ef33bc1c0f08f587c568afaf6d,0.6618165,1,0.0
VirusShare_643e2d4a63a9eeef1c100b13ab250d4d,0.25371948,0,0.0
VirusShare_5875ff935da3d93c14dfbfe63fa6fd1e,0.6382798,1,0.0
VirusShare_bb5a5a4f8a07316f91fff629b861c228,0.07509058,0,0.0
VirusShare_8389449351455aa2e8d1ea62bae6324d,0.059607722,0,0.0
VirusShare_408d5328e4678995120cabe4d4c03ed4,0.11677337,0,0.0
VirusShare_d6612b15ff8a293f9fb2294e765f2bd1,0.09119268,0,0.0
VirusShare_ce2f9568be36cf85b1b1c84a15f8ea0a,0.17486712,0,0.0
VirusShare_b3f8ba003c71dd17be9af235d16e669c,0.111646175,0,0.0
VirusShare_9332ffdcc60b1c784b6a70b7e8e9d26d,0.081083395,0,0.0
VirusShare_5bd992a392d27c35cc17e7663143cee1,0.09119268,0,0.0
VirusShare_7150c2c9da71e429ebd9f841cea1bb02,0.14950678,0,0.0
VirusShare_9288a4757e0aa96760bd95ff5f0e7981,0.04510922,0,0.0
VirusShare_adac6707c66e70af270f3c033f06583a,0.36816233,0,0.0
VirusShare_d677d9a03d02dda7fd0507c62c554945,0.1322,0,0.0
VirusShare_99ec50a9b5f58910ff1ed9daa1c524ff,0.33220822,0,0.0
VirusShare_1ef5666fdb4097a32e1b21b8f06c4d07,0.4581676,0,0.0
VirusShare_a07d0a497a875bb16099202d8ec05f9a,0.054572202,0,0.0
VirusShare_cc996d2d926f08dcd8bb3946b43cc52d,0.16749126,0,0.0
VirusShare_1b94922fff54adba4f2a5dbec5987ae8,0.05946394,0,0.0
VirusShare_0268c8d37b070c1618bbc720f83d5723,0.13877735,0,0.0
VirusShare_8496c3c13ca8a4ef107f655454ec2d38,0.33422914,0,0.0
VirusShare_a0bd7c127a3ebf50ef0351f9ca366917,0.08996169,0,0.0
VirusShare_e4653c95239517408ea1f64eb3d8feea,0.032677565,0,0.0
VirusShare_ce84d7664086639315b18918c7e34f32,0.3415541,0,0.0
VirusShare_8eb074c55ffa5088cb86167663eabdd8,0.26189238,0,0.0
VirusShare_d7dbdbca8fe1201bb7ea86bb6f329511,0.3337543,0,0.0
VirusShare_c961a13ab80cc31ec7d2d76796a4bd5c,0.34985876,0,0.0
VirusShare_2859b3e914379a12e1d99f1324878150,0.3504942,0,0.0
VirusShare_d2594935c57b7a8c72c2eb4b7244defb,0.13964951,0,0.0
VirusShare_416854a598083bed53f9f06671f1647d,0.24444588,0,0.0
VirusShare_1a531374ec1f62a90a41c102dd33b39c,0.04018457,0,0.0
VirusShare_a9b40694f39c2fd11478da5a95c7e970,0.13053113,0,0.0
VirusShare_bb3656b49671c9923c0f285c90bec190,0.35185677,0,0.0
VirusShare_5a47e4a2abfae26226e1acf926c37bcd,0.116573766,0,0.0
VirusShare_c7ef3c69569ccd31a9bc1b3006b8a506,0.09904808,0,0.0
VirusShare_a97d8ab8bd71723b1f78990a23e15b92,0.3307962,0,0.0
VirusShare_10f3b0079b05811dc0753cc7ec1c5c40,0.018673217,0,0.0
VirusShare_6b99b4c6c491bc032502dddde30fdeac,0.015991895,0,0.0
VirusShare_2a53fb4ed920c5a31034b855eba91f67,0.057662595,0,0.0
VirusShare_b07c194c103f8ef1dbbb9f306a078dcf,0.317689,0,0.0
VirusShare_6b05fca0c8aaeb9fc74943e337a64a08,0.14108965,0,0.0
VirusShare_eec1dbcc16163cec9f56ab45983714bd,0.339672,0,0.0
VirusShare_9f57fe8be9b643967beac843fc9193bd,0.10770957,0,0.0
VirusShare_0eeb628f56bbe0e57e9be7cf24db2c38,0.2575704,0,0.0
VirusShare_72e7581c65170a0ec5e7e9472d7d6b76,0.059607722,0,0.0
VirusShare_be28d32aa5e748f460c14001ddb55ed3,0.22548163,0,0.0
VirusShare_560d4078147dc3913d91a6292c7c2380,0.13877735,0,0.0
VirusShare_7e4728262cd7e555153ce6e457400ff2,0.053995054,0,0.0
VirusShare_7b6d1d650733189c4afa9bc495a30c1a,0.057157844,0,0.0
VirusShare_ddac349b52cfe199560d2dd11d4ff06a,0.081083395,0,0.0
VirusShare_9365dd3927a45eb4456baa3ad75ea0de,0.081083395,0,0.0
VirusShare_25f163b626d4024469a458951deff797,0.037418056,0,0.0
VirusShare_6bfcd87332172de96fcd3ac522812065,0.24444588,0,0.0
VirusShare_327a88acb71ffa51c0cd44c8d06d625c,0.059607722,0,0.0
VirusShare_2955dea8bd24b7ec237b7344930db359,0.20339327,0,0.0
VirusShare_be23e89bc5096d21e35edb9153aaae26,0.093250796,0,0.0
VirusShare_1f37842f0d1e0da083753bce8ea760bc,0.6617868,1,0.0
VirusShare_a8ccfdbd71dba2a81200530c662ecf7e,0.047851276,0,0.0
VirusShare_a7d9824e6e8126c8bc3c2b6807865d04,0.24444588,0,0.0
VirusShare_b3cb6d0001ffd6f152e7e7fdd9500b41,0.2373778,0,0.0
VirusShare_3842416cf586cfed90be32be7837633e,0.16691205,0,0.0
VirusShare_956c4cac5f587f22999ef44143fc16db,0.38843384,0,0.0
VirusShare_10ea4c97e7a56a1db29ab1272a7f5bb2,0.11564696,0,0.0
VirusShare_5e9286e1dcfaf1d9928427b1f2f6aedb,0.071513906,0,0.0
VirusShare_7db4946460dc33266e5e77a0648f00a1,0.09119268,0,0.0
VirusShare_6a1ed0e26e59bf7a7b59d550e624c602,0.35095295,0,0.0
VirusShare_24567ca89742b697d916ff9fc20f7763,0.14950678,0,0.0
VirusShare_0b469f17734cca213f4d0500ded15e41,0.34526628,0,0.0
VirusShare_5d06f3ff8ca30e7648d8c76f7aa79629,0.09119268,0,0.0
VirusShare_1e87bfde7636ae49d9bba1111da512e2,0.651199,1,0.0
VirusShare_677519be22fd792c6c6ba56a1a2a97de,0.13877735,0,0.0
VirusShare_ef350462b8c62a703ae3b5c57f441e2f,0.2575704,0,0.0
VirusShare_33c5df1846609c99b72bad698f158aeb,0.059889387,0,0.0
VirusShare_32e84f44198f32d5d8aa7305f584b260,0.25350666,0,0.0
VirusShare_3b29f4e3d5ed2bbdb410cfbc27db037e,0.069159284,0,0.0
VirusShare_f64443f8700383e0e89649dd9915c274,0.2575704,0,0.0
VirusShare_dbda0ca68c8fb98f8d6c2ce9a5100047,0.6463121,1,0.0
VirusShare_24ad98fa8fc16cfc1be0f1965ebe4276,0.14836803,0,0.0
VirusShare_9701a92ef338e96a87cbc459a0c70d95,0.16752918,0,0.0
VirusShare_48686ba6ba84aa7f73121c5432460a31,0.15321247,0,0.0
VirusShare_3e955f12f77d109a77fa8ae55a98dede,0.34160143,0,0.0
VirusShare_293bee66891af7e2281b43dafb04f32e,0.081083395,0,0.0
VirusShare_069889ab96d23c688e03725bd1f22882,0.34526628,0,0.0
VirusShare_acfe51f890292a8bcad98471196f3e19,0.31701404,0,0.0
VirusShare_27009e1e2acbfec3eed6f3f8ab458d9b,0.05639707,0,0.0
VirusShare_e908147c66b0ab1d844f170afb2c2707,0.2575704,0,0.0
VirusShare_63d9fa8c06ecd7a5fab7fb72ee3890c9,0.2575704,0,0.0
VirusShare_8e1ca16bc5a54328b92979c41e722c6d,0.12082144,0,0.0
VirusShare_c71be2dd7cc8d46dcbd8e92e6c620a6b,0.08324634,0,0.0
VirusShare_48ba8216d9931015020cbb75aaf39acf,0.098230496,0,0.0
VirusShare_dafed4c4c0a27d715361e5bd5a545fa7,0.2575704,0,0.0
VirusShare_1316e073c5de15e720977bed455b0840,0.13451827,0,0.0
VirusShare_0099ff463daab975e32247857a8cd61c,0.2575704,0,0.0
VirusShare_7ea19e11960a0f5317b7c02fe5441f84,0.2575704,0,0.0
VirusShare_0bc5b9d680d34e134b70611fc18246d5,0.2575704,0,0.0
VirusShare_535d85b26e38d00d9d6831138a8ed922,0.44764668,0,0.0
VirusShare_d000798240a677ecbf68b7bc4c52dce6,0.2575704,0,0.0
VirusShare_dceab329ea4cb0abf3ac55f96d418a9f,0.111646175,0,0.0
VirusShare_588cf4ab75fb0f85ea801a26e535a924,0.2575704,0,0.0
VirusShare_7472cdf2d074d958b69475ed2a019b87,0.249387,0,0.0
VirusShare_055dd004aebde00780088e96b8d2f0fc,0.041524313,0,0.0
VirusShare_ac489b68bbeaca48245b01a040652326,0.34344298,0,0.0
VirusShare_3b993e4bffc353ed7940e9aedbe177b0,0.64607054,1,0.0
VirusShare_5ae975505a8ad6c5644f4b2304559e3c,0.33236352,0,0.0
VirusShare_0f2f2610d126791d2e4294b0288c453a,0.6583798,1,0.0
VirusShare_b4a301b318bb62821d67a8c3de6fb05d,0.069671,0,0.0
VirusShare_42fcd8201393a3171f74089eabbc0999,0.44764668,0,0.0
VirusShare_892eb2bf2a5cfa3f5ae1f09baf18074c,0.072046526,0,0.0
VirusShare_5811c8aba79fa336a2f15205a7c587a7,0.13078992,0,0.0
VirusShare_ad293ecbd8465b07b91286b84e59c37b,0.24444588,0,0.0
VirusShare_10749c92beae934689e1edf1f2c283ef,0.043373425,0,0.0
VirusShare_416ca57e1ce97199789bae07cb155f2d,0.19555363,0,0.0
VirusShare_4bd6fa9d7556484384137f154642edc0,0.18404517,0,0.0
VirusShare_23a6d9609041c3a28bd8c6281b8daacc,0.34526628,0,0.0
VirusShare_9931e59bbaaffa0c9c2991d329fb873e,0.068669975,0,0.0
VirusShare_554ca9cbc91e54d6265b894d2912c192,0.6595028,1,0.0
VirusShare_06a563c4879b02aa833b111fd838c39b,0.04963814,0,0.0
VirusShare_ad8dbee84e2017c4118a390a59edf6e7,0.6528826,1,0.0
VirusShare_573d697c69ae8e695101c66052066799,0.09790079,0,0.0
VirusShare_a78eea8551841accb222bd2c096d2b14,0.16008909,0,0.0
VirusShare_b84ab8dc33acc8d7ff60a3071de4af62,0.038573936,0,0.0
VirusShare_a49e971dd3baa70fc8fd699d439a2cba,0.042020097,0,0.0
VirusShare_e3bd544ff0110aa6f9e71611b19ca42e,0.18933257,0,0.0
VirusShare_6f1835d0d546098df8deb47668f361dc,0.1426203,0,0.0
VirusShare_c3037b2ac31909701540904359ed17ff,0.13877735,0,0.0
VirusShare_bc6ed78687b1d92e075d6e68b451f724,0.2769131,0,0.0
VirusShare_5a2ed18e0ee0d52fe7e804df1d9a639c,0.0919613,0,0.0
VirusShare_92969e69a2ed05c1bd3e87238ec524c4,0.117965415,0,0.0
VirusShare_09bdf2cb1823cda78e4c54ac71ed3a6d,0.07009686,0,0.0
VirusShare_89e6dc74a3c96f8f14160a779b91b4c5,0.059607722,0,0.0
VirusShare_a60812fcb8551d2992e837a866cfeeb0,0.24444588,0,0.0
VirusShare_e2301dba6caeb6ca6a3f34216a82a40b,0.15540767,0,0.0
VirusShare_6346df4f15e06e2bb3c7a104ad83734a,0.26852262,0,0.0
VirusShare_ae3507fe57bd3099fe8262a037697f87,0.31210262,0,0.0
VirusShare_8366ffb9687014bdd12408ad3057da28,0.42832908,0,0.0
VirusShare_a271b8a23ba06f946a2ca8ab6095fb4c,0.35133973,0,0.0
VirusShare_b6c135f2fe88844e0490e02d5d5f217c,0.057931084,0,0.0
VirusShare_16b9382e1a8e66a65fa1dc646f51b0cd,0.041524313,0,0.0
VirusShare_c3ecc9ff7a8ab08bbef469c402c64864,0.24444588,0,0.0
VirusShare_ddca0e64fa9ee169e3b0d8882f93e60b,0.24444588,0,0.0
VirusShare_e481b9f097b031001a2ee581274136c1,0.24444588,0,0.0
VirusShare_17b5e1fa54837a8bd6e635d21e9010e0,0.6486797,1,0.0
VirusShare_a7c1b0e7d0efdd3855ca6214ff04b012,0.6548174,1,0.0
VirusShare_b1a54ac2dbae15d0428ff50fc1808bf1,0.018275699,0,0.0
VirusShare_9e5d6e8f427b1bf8c854ede6001a09fe,0.039390385,0,0.0
VirusShare_2b7e7326a0ac43eae4197f55bfc9ce92,0.13065518,0,0.0
VirusShare_fe6a5f810e709a4037dc0e446e6fcc62,0.04018457,0,0.0
VirusShare_6c772ed6014a4d0a251b28acc205fc70,0.049953688,0,0.0
VirusShare_d2e091336fd87b5683cb42244d6d0fa9,0.24444588,0,0.0
VirusShare_c77c52ee547d6ebe30a5a27020a9fba3,0.24444588,0,0.0
VirusShare_a24f99f203c8d2e05550874c078b83e2,0.059607722,0,0.0
VirusShare_1e9178fd14edde0bfa90a1c0b6488739,0.16391547,0,0.0
VirusShare_45b6f50f5920d628dad9b99e0f5f1a9e,0.24444588,0,0.0
VirusShare_a9ea8262f39a3cab33fed58593c42226,0.09119268,0,0.0
VirusShare_581349c380c496d5e091eb29cdd24995,0.059607722,0,0.0
VirusShare_5be1710955396439b30501e1c52b6c9d,0.31281534,0,0.0
VirusShare_38103dadaf2197f24d9d22baa3e752dc,0.3053705,0,0.0
VirusShare_26554c511146c613855a146984cb2e30,0.65277493,1,0.0
VirusShare_a556b221310deb9b361ae42e1100c087,0.59592754,1,0.0
VirusShare_2ad974ce29b78cfc617713ae5d72e911,0.34526628,0,0.0
VirusShare_6e07b579633b7ea0e4c00f374b102930,0.14701755,0,0.0
VirusShare_3757fb25ac47e0bc4355b1f59e7aa8fb,0.2656672,0,0.0
VirusShare_a203a4aeaee186339394971a8bb83b71,0.65963477,1,0.0
VirusShare_fdf00acac0a1a5dec872f6dac0302283,0.658824,1,0.0
VirusShare_67affe634b27a7c0d9a435494b693a7e,0.42135453,0,0.0
VirusShare_332a7cc0ddfbd41b5fc47faa4b1c0211,0.17496654,0,0.0
VirusShare_4a5d268008129a02351df5a4ac3e2599,0.038625505,0,0.0
VirusShare_9283448c08058f7a94624c3f24c1ce7e,0.059607722,0,0.0
VirusShare_672371bdfe41de9df35d6a1a6221fdf6,0.1717773,0,0.0
VirusShare_72fbef0f8f0c02ba15a1cad0ac39ffc5,0.15577142,0,0.0
VirusShare_74439af20e3798ee3829f3c0e9564c0a,0.15400949,0,0.0
VirusShare_5f915789b103bbbd91227d5cbc97f010,0.08741232,0,0.0
VirusShare_f0a8af0438731b230475842e2dd2c349,0.26263368,0,0.0
VirusShare_9d7143911f763c087d3da24cdb732fbe,0.24444588,0,0.0
VirusShare_9af9b1148bf5e713bdbf7c2490b31c86,0.33701175,0,0.0
VirusShare_fef7bf4195cd8f0453b76f77ec672a2b,0.110122696,0,0.0
VirusShare_10132d74c3894c3df882c9dedbca050b,0.081083395,0,0.0
VirusShare_ac2a66b6793d01120eea18e2b0f0fea3,0.20480748,0,0.0
VirusShare_14099e3561113e2d5e0eabce29d5728e,0.04018457,0,0.0
VirusShare_57addf4a33cddc1c57bee150439e8307,0.081083395,0,0.0
VirusShare_42db674a708bdd2b9fd9cc5335b0b52b,0.317689,0,0.0
VirusShare_c522a1ab3999c70e28fc4fd637fedd8a,0.317689,0,0.0
VirusShare_f2f526437d9094db7257ed4360fdbebd,0.317689,0,0.0
VirusShare_12549df09fc4a07179bd266a8a47a5f2,0.317689,0,0.0
VirusShare_0a8dcb2cf81d6ac5c87f8ee93ad583fb,0.317689,0,0.0
VirusShare_b86a26d9d7c16ade35b070cfb70d2062,0.34526628,0,0.0
VirusShare_fa0938c506ee54e5e6dad13ef6825e95,0.6524551,1,0.0
VirusShare_4bb423e752e7d952ed71bca450342ca2,0.34526628,0,0.0
VirusShare_af891394fc95347efac9c0d0e11c674c,0.032346413,0,0.0
VirusShare_2125220b133a1eb669a41a1b2c3940df,0.1717773,0,0.0
VirusShare_a5712e99e9a2a998e1d015e9f2c7b78c,0.016252104,0,0.0
VirusShare_13f66a5800005a54b72dcc7985af5d30,0.30561906,0,0.0
VirusShare_cffd1c5a43299d738fdcc8b91beb1545,0.04018457,0,0.0
VirusShare_67f1ca6040b299fe87e4c1e6090d6e9a,0.23393555,0,0.0
VirusShare_ac011ac30b9ee6f5963cf97cdce15efb,0.35389715,0,0.0
VirusShare_4e21df62093feba1042cef81c6be9232,0.21338415,0,0.0
VirusShare_b17d6a767d0278969895a7d3f9f8b41c,0.10371335,0,0.0
VirusShare_8d1388123cdc24aed4ab91ef76c60f42,0.25088912,0,0.0
VirusShare_366466846a50b407a5ce828e754d363d,0.6537094,1,0.0
VirusShare_cf728e769a3fda002ff2d52971d8bed4,0.09119268,0,0.0
VirusShare_6f4281499d70be35e9e46448d0f739aa,0.38843384,0,0.0
VirusShare_a225dbfe64f75ee1b6fa42bbb6f7c708,0.09399951,0,0.0
VirusShare_b5d4c855756de8fcd80f3ac5ab0303bd,0.059607722,0,0.0
VirusShare_bcc688f71a8c9414fb2293521c6a7e2d,0.49572787,0,0.0
VirusShare_254c3ade90b9a5f26269ad9318b9f67b,0.16741012,0,0.0
VirusShare_87af06d8693c8fa4d50f1c806a5b055a,0.23871681,0,0.0
VirusShare_7ad6b3c7e50903a32c6ba563e8affc0c,0.16892257,0,0.0
VirusShare_91fd7c0ae9a2360c54e296b92e5be179,0.21305582,0,0.0
VirusShare_3390742a306664a7d72e1b687b06ba1b,0.317689,0,0.0
VirusShare_38bbaf6a629269b48c0d2f821b1a514d,0.317689,0,0.0
VirusShare_b3a3bcd948daf79eefeb2bb98ff6bdff,0.060758114,0,0.0
VirusShare_873eae9cca57221ee45b27ae61b7d52e,0.059607722,0,0.0
VirusShare_a3db1c15bef168e3c08a2c798ba52909,0.6547073,1,0.0
VirusShare_6f258017503c6c06ccad78df6c198b08,0.33631945,0,0.0
VirusShare_7c3662a0b96464eb604d46e2b860fbf1,0.34526628,0,0.0
VirusShare_381c0771d14bb2f4a592ab2410cb0828,0.060124952,0,0.0
VirusShare_7078d048869d7d3d226c9d3ed6ed74e2,0.3053705,0,0.0
VirusShare_26a001f09646f55f79ae4ff16ccee4c0,0.111646175,0,0.0
VirusShare_86574eb0a7d9c28ed66dfba962f19306,0.22669224,0,0.0
VirusShare_eea77642f49a3c103dc49c8fd5cf81f7,0.060865812,0,0.0
VirusShare_6ccc6bfa60468e491e4ac6c296079a16,0.1680281,0,0.0
VirusShare_d14b3780d8602a79af7837d03a80d015,0.34328416,0,0.0
VirusShare_0eadab4e5e265bc79718298396f31783,0.24700148,0,0.0
VirusShare_5bfb9d22b6d5b3a26a6480df1ae87ade,0.3053705,0,0.0
VirusShare_a29b6cc0c31a080575ce00ef872edc90,0.34526628,0,0.0
VirusShare_080ca3722e9c64bf7920c9d0f0a53e1f,0.22862005,0,0.0
VirusShare_ab497b50f49d5fee3caa733ea4cd27c6,0.12837565,0,0.0
VirusShare_072713b0eac6fba2759966f9b870cf97,0.17129955,0,0.0
VirusShare_c80b23283f20dcb79405a64f4831b2ff,0.081083395,0,0.0
VirusShare_6c7278c5ebca50e5bd2d12e2fa7c8a0a,0.38572055,0,0.0
VirusShare_fc7bdc3d670dc79037ff542dbb405eff,0.28994122,0,0.0
VirusShare_f785e09f05fc10efa210b97bd653ade1,0.6500751,1,0.0
VirusShare_2b5593965844d57bf4b72462fa7f2572,0.24444588,0,0.0
VirusShare_e2ce62e9a2297101453bfe935ef63109,0.24403481,0,0.0
VirusShare_fbce6a70198854557fbeca0f09587758,0.22568707,0,0.0
VirusShare_a7471638805b7fd3df0231ef490fee1d,0.24444588,0,0.0
VirusShare_57db459f9039572c35c1280eb7cd050e,0.09119268,0,0.0
VirusShare_3ab23553f9c5ee8d4ef9f22f99456408,0.21305582,0,0.0
VirusShare_22a735fac65102903010a2589ad0ecc4,0.28103662,0,0.0
VirusShare_bb64f84b9340485502c78e50477bb15f,0.6603948,1,0.0
VirusShare_ab9bf0d3f0e500a4d76866f3f3d23c45,0.2769131,0,0.0
VirusShare_60b90df899626c8cb02817ca2e173500,0.65096915,1,0.0
VirusShare_6c59f6d8524d9cbfb92e4937ce941503,0.21305582,0,0.0
VirusShare_166e66e2ebf35b6cd7dec9cc32148b17,0.3682553,0,0.0
VirusShare_34fece732950285fbba8e17cd3080c5c,0.24444588,0,0.0
VirusShare_2ef7c70668ca58d17e543e20f63f9f79,0.25371948,0,0.0
VirusShare_925ac75437a76ac19db8bd7337a70616,0.056401473,0,0.0
VirusShare_a806b97a57ff3be1b422636a6bb6b272,0.032234088,0,0.0
VirusShare_e54113d55ad6b7cff46fecbc556707a2,0.3053705,0,0.0
VirusShare_2a86be72bb83e5d88bf8f47052a9a8f3,0.26819092,0,0.0
VirusShare_bd22f8b1964ff7485c3582b7be1f23a6,0.04018457,0,0.0
VirusShare_46f07a432de045ba1f33b89fee69239c,0.14104356,0,0.0
VirusShare_92a74f254ce86146e8491caf9f40bbba,0.3176892,0,0.0
VirusShare_c63e6072d371c4d67efb1cda6e7a63be,0.3176892,0,0.0
VirusShare_a5fb6b2afc19a24e1fdad09a464f6ded,0.10568403,0,0.0
VirusShare_cb0d8e915739d01b6b64ae8b02dc44dc,0.24295077,0,0.0
VirusShare_edbcdbf646326fbae39e2224570a87b4,0.11611511,0,0.0
VirusShare_9acebcba6410dbedda3039305c51fec3,0.21305582,0,0.0
VirusShare_948f89325198d5913bb26c21cee3b365,0.22337723,0,0.0
VirusShare_2356bd7aa6ecc82a05618a5a92381867,0.29227385,0,0.0
VirusShare_4a5326e0e019f6065f2efc5a490b213c,0.081083395,0,0.0
VirusShare_94a923e33b7784a1461bdd2514311564,0.046460208,0,0.0
VirusShare_6a38b0eb9a8e8615c5349bb5d3657848,0.39177316,0,0.0
VirusShare_e87357bc16eda25dd8a338ecf1240f49,0.04018457,0,0.0
VirusShare_a425d3524f0e15ed1b90af9302af2458,0.16892257,0,0.0
VirusShare_489c47670bbad785b550d8a1106f6947,0.317689,0,0.0
VirusShare_71122fa6547ecfc2dfbd037d73a551d2,0.23479597,0,0.0
VirusShare_5c8892ed63f0796bf3973749980d8270,0.09119268,0,0.0
VirusShare_0b539bf2259ab1afdac4ba585901c201,0.65906405,1,0.0
VirusShare_943cbb9aa9b4b64f733a79f3e156e452,0.13928336,0,0.0
VirusShare_da629391c3c3ee99853275c3aad36b44,0.09791794,0,0.0
VirusShare_b456b8e994258e0a337d1af883de3bac,0.6586469,1,0.0
VirusShare_3438b96dd7b4c04e5cb4890bb7077fd1,0.21305582,0,0.0
VirusShare_450f937fdc4887ce8b813c003f29604b,0.058247745,0,0.0
VirusShare_cc01a216e8986af85ef7208aa1b10051,0.04716026,0,0.0
VirusShare_ebfe64c2229ff6182003b58e7e48ec17,0.06644352,0,0.0
VirusShare_b73cf2f43e4f02bb8d51ce08cd8ecd49,0.23459157,0,0.0
VirusShare_a704174f0d74fff8bdc4a58f32084ffe,0.19661513,0,0.0
VirusShare_95efc4db480cc202b0237a816f5be344,0.6586317,1,0.0
VirusShare_d2b27b1195a5f8d2c143ae9ec5446334,0.6443835,1,0.0
VirusShare_0e466de63a0945ee48c07ae958c9faa8,0.09119268,0,0.0
VirusShare_321f4976a4f4cc4c92a56ec31b9bd6a2,0.09119268,0,0.0
VirusShare_f68f3099772a8be6079f40d3dcff9f87,0.21171999,0,0.0
VirusShare_6443402fc5915b88ea85e896ac6e895c,0.08807726,0,0.0
VirusShare_9617884996be99de274c73ca5a246754,0.6443835,1,0.0
VirusShare_ede9c217ebdd30909de575c414189281,0.20791197,0,0.0
VirusShare_5db5e00ec9e869f5a476edd2293029f5,0.34044266,0,0.0
VirusShare_ad919c61a07404d4c4a9938309c51d58,0.1301147,0,0.0
VirusShare_0226fa0eb211818ab008758f421e4162,0.0416904,0,0.0
VirusShare_834eb276242a51c7cc101eac7ea9ede5,0.65290433,1,0.0
VirusShare_2394f3d69f7d377e58369ac182dbe8e8,0.03579712,0,0.0
VirusShare_8138651f436242d1494fe7885cb56aa6,0.14047582,0,0.0
VirusShare_0e837b343c6402ea14ec841f48b204ba,0.65108484,1,0.0
VirusShare_e17c1adb2c8927dbf20b40f8c0f91006,0.24061486,0,0.0
VirusShare_69e901f99bf05827fc402291debbd071,0.65825874,1,0.0
VirusShare_fbf0f68348caae88d28c84944a62412d,0.09426167,0,0.0
VirusShare_1e2e67bf8e7da19d9202d9fe41b9bad2,0.43639523,0,0.0
VirusShare_0f451cfd2e72311db81021a03553e242,0.059607722,0,0.0
VirusShare_b2f5f3efd62306b704aa829dbc311ea3,0.05708489,0,0.0
VirusShare_2d82b670973153e4bad49368989aebc3,0.34526628,0,0.0
VirusShare_388124944ca8922d055b3c8df0a519a7,0.42110175,0,0.0
VirusShare_697de62a632903b98cd56e4efcab2f54,0.25371948,0,0.0
VirusShare_67c8db6bc57613fb9ef368a2f4e4a444,0.33332068,0,0.0
VirusShare_2819cdd6e98395ee9d7b762d2f34575b,0.3053705,0,0.0
VirusShare_fbd86e4918f25bb74ff35da203d33924,0.11164284,0,0.0
VirusShare_b931288f9fa84a376a81da5b104cdfa2,0.034559797,0,0.0
VirusShare_635db905b4293bf7049969087531bbdc,0.05773542,0,0.0
VirusShare_e765ca03c1638df101e255b2088e0d2b,0.24444588,0,0.0
VirusShare_c027dbf988f78acfd86166a7e7745f40,0.317689,0,0.0
VirusShare_160dad7954f4502e8e3ba09a2b504b2e,0.317689,0,0.0
VirusShare_c8830e0fb68de26b120613f099b61939,0.317689,0,0.0
VirusShare_0bf146f04eec8ccdd4465804a468499f,0.317689,0,0.0
VirusShare_3d421f85632c035a43896ae4f33ffc57,0.317689,0,0.0
VirusShare_b942cb82e58d077d95e6db7abe77176e,0.317689,0,0.0
VirusShare_263f47d394e740b88b0ba9324d611928,0.317689,0,0.0
VirusShare_da6d49eb2d217113be5f7bfe09e169ea,0.317689,0,0.0
VirusShare_890342a8aee8a1c117586ee268400f0b,0.09119268,0,0.0
VirusShare_315c88af22e90d6f9bf5ce0215aaa259,0.2241923,0,0.0
VirusShare_e85bb245f02605f036bc8da2686c9d49,0.24444588,0,0.0
VirusShare_cd26c1b4fc9f4fd9cc46ecee78509611,0.2748047,0,0.0
VirusShare_0e9079cc7a7cc91a2110955f411836f6,0.14188217,0,0.0
VirusShare_0785745c92a982fd957c8d7c7f0db12d,0.3176892,0,0.0
VirusShare_66b668c7efd4ec1dafb6c3779ac8530c,0.20955925,0,0.0
VirusShare_b8bcf49abdbb086b44c456bedf326bf2,0.3390382,0,0.0
VirusShare_ad3c9ecd53a232597c6f8733bd06bfab,0.23509388,0,0.0
VirusShare_ac13a82d7e8735bb992533ff461703da,0.651505,1,0.0
VirusShare_3695ef7beb10e8a142c4fae88555352e,0.12646689,0,0.0
VirusShare_a115ccd3977560aa919cc4df4cf39011,0.6527501,1,0.0
VirusShare_3fab0b5ab1ed5e9354d7e62711f848d5,0.3375053,0,0.0
VirusShare_407fca30363542603739e24ff2e93ceb,0.049589366,0,0.0
VirusShare_c43ab355bfbe395e01fdff23a28d548c,0.24444588,0,0.0
VirusShare_40876a21bf8d56530d037aa03d9b8a0a,0.34526628,0,0.0
VirusShare_fb3b7d0a32c4f3c10cbb8006f9f984ef,0.47654504,0,0.0
VirusShare_e6fa931fcdbd4083e5a16d709f6be0d0,0.21508674,0,0.0
VirusShare_20a92bd3f92fb04d2ca496f872f56aec,0.20067377,0,0.0
VirusShare_9a5a50e9dc5dfffd88231fa04a13265e,0.34526628,0,0.0
VirusShare_154913a6644b5246d1a3f95717b05b03,0.23487964,0,0.0
VirusShare_9206485dd66449ac2811cf57ee6d0428,0.22799511,0,0.0
VirusShare_57c8e3604a2bea4c6bb18074ff5ab9bb,0.38192782,0,0.0
VirusShare_37d91b2b81f6d25070639dd65bc1da6c,0.111646175,0,0.0
VirusShare_773d1f9fb0c8705f682849503a7249b5,0.053995054,0,0.0
VirusShare_9a23105ff459d6c1b17e2a11f8ac346c,0.18405768,0,0.0
VirusShare_215f67ccdbd06b3ca2a0ea0e4de8e7eb,0.29924923,0,0.0
VirusShare_b6326acd4f46af0b716e5ebb02d20284,0.24444588,0,0.0
VirusShare_6f921197a46d5983a3767cb11c9b717c,0.10625476,0,0.0
VirusShare_72aba42476374c6a7fe606b28ad085c6,0.047364224,0,0.0
VirusShare_9dc097e97221ddee7e8123ba44d785c6,0.21364048,0,0.0
VirusShare_896911403b2f97e98169c7d869f79be1,0.12253489,0,0.0
VirusShare_8bcabaa62b4ab8f1fc1b4b13cab33f11,0.34526628,0,0.0
VirusShare_2a4424843e7d5bf6cb47be392b942097,0.074189916,0,0.0
VirusShare_8e501677d7fbec4dcefb09d3b58fa0e0,0.11886008,0,0.0
VirusShare_75d22d9dd9901b6d432a0092b306be74,0.14004682,0,0.0
VirusShare_f8f3ae7f11ef92cef5d7a354ad202c96,0.1663839,0,0.0
VirusShare_569d011249620657a77b6bde68d29a54,0.33785978,0,0.0
VirusShare_d8f82a097e3a903a11d0dd7eaf6fd140,0.34526628,0,0.0
VirusShare_eb9b9a7a0b35e1674d2491dcde879165,0.075501084,0,0.0
VirusShare_5ce67ffd642a81c5f2bef1f19d4bb295,0.4581676,0,0.0
VirusShare_10b67054ff8e7b895776adfa6d4ff512,0.18909088,0,0.0
VirusShare_b018ce01a1525d72a19c9a08a4895a6f,0.081083395,0,0.0
VirusShare_684cb11e983a4721314dd2cc525839bd,0.020049635,0,0.0
VirusShare_8e31be978ddb41a70e3a543a20c42b0b,0.62896574,1,0.0
VirusShare_04ae1c325ec51afcc468a4733236f0c6,0.21338415,0,0.0
VirusShare_e5e0bfc738640a3d9d0baea6ec3c390b,0.10646562,0,0.0
VirusShare_ad63581cce24a863de3fc904b5c49289,0.22487922,0,0.0
VirusShare_9d7628b3354585d8095501ef7ad8f702,0.10725385,0,0.0
VirusShare_709431a6dd31969f03fabfb89aa297dd,0.22614951,0,0.0
VirusShare_c3323f463a536f8c7255b914aa768701,0.16419706,0,0.0
VirusShare_88bb9c22f556adc5430bd508bef608e6,0.3053705,0,0.0
VirusShare_841a3a32e25fa6e630f7291bf3b6bdc2,0.16892257,0,0.0
VirusShare_bca778c41ba230872ffe6acecf615000,0.339629,0,0.0
VirusShare_57a47ec19b1af212a5df68d5d84a1ed3,0.13877735,0,0.0
VirusShare_96fc889a1c19ec649cebb4f444483296,0.10413979,0,0.0
VirusShare_d6154371454787b824162aa85b6a873e,0.2371889,0,0.0
VirusShare_9788b93b161a0ef0d08e6b8388b38cb0,0.08183382,0,0.0
VirusShare_26c35bb77ac2a2ca3a791070ee0f6d89,0.18942888,0,0.0
VirusShare_04412293ebd45fd87a9ecbd537b9341c,0.09119268,0,0.0
VirusShare_b2b55952f5e1e8c97dcd781b65c89bb9,0.2110571,0,0.0
VirusShare_1b3de5e265bbd6c00c215dfd00cb6567,0.10494357,0,0.0
VirusShare_39f5836158d8067fb916afd9ffd7e432,0.13368222,0,0.0
VirusShare_6082f7ca31c6f214d98cc13be1650e31,0.13563092,0,0.0
VirusShare_53469e0cf2a2e01fe9472010c17fa76e,0.3309358,0,0.0
VirusShare_a22e4530609de85ed97193612f332c47,0.081083395,0,0.0
VirusShare_7580c0ed7e5f3b09e7b5b869fe7973f5,0.05122652,0,0.0
VirusShare_4ba433d5fa30adbbec0057fe9a92f16d,0.20339282,0,0.0
VirusShare_8a3d16ad0751e822074dbb1eb070a8f9,0.65457433,1,0.0
VirusShare_0ed9974ce6faa86045cab2fe4bf5c602,0.44764668,0,0.0
VirusShare_8644af455b5df7e1da771b53b3ec9109,0.31973758,0,0.0
VirusShare_aafb812d44f81212f403ba84448a5c24,0.041299127,0,0.0
VirusShare_3c3660a04813e8fc2edd8e4d40228675,0.075829074,0,0.0
VirusShare_3116700a5c13a72a29a52dfbc15cd77e,0.15140513,0,0.0
VirusShare_b2af2e30c6132e5ad5b9e4c0e3800ef9,0.25371948,0,0.0
VirusShare_30895f97688accc108796f01ba054f5e,0.3274728,0,0.0
VirusShare_b0d950d5a16d1365222e46d74faad7ec,0.03616621,0,0.0
VirusShare_ad38f7372860f25b98c8233fd382bde3,0.65134144,1,0.0
VirusShare_a97ae78347c9d985d1284e3a11a46ae1,0.25371948,0,0.0
VirusShare_fa035b663b52f4ee54eab8d438606982,0.25371948,0,0.0
VirusShare_3f8bc94273fca7f19def8998d171a2b4,0.15219489,0,0.0
VirusShare_a63f231b1a2d8337b5e2dccf179caa4f,0.13080296,0,0.0
VirusShare_f5e803f430fcd2bb59b59604d3b42063,0.24555592,0,0.0
VirusShare_0a58f5e06b8b4006f76b24ff2bc4c9ff,0.25371948,0,0.0
VirusShare_8bc7edd472bdab34a75a73016ed55412,0.25371948,0,0.0
VirusShare_2fb67903c5da3d7dd624850cb6773387,0.4581676,0,0.0
VirusShare_43afa9a7b83e6d3950a01058b4f704c3,0.07541381,0,0.0
VirusShare_6f5861831fd6a5d7824cc45c2a751a4c,0.1444652,0,0.0
VirusShare_eb18ea7265f33d6d1494c59b876b33dd,0.06943027,0,0.0
VirusShare_99de6f3decb74693b8a20a43f3388eb8,0.3053705,0,0.0
VirusShare_71fb45348aa8723dc62e5708860d5538,0.13874993,0,0.0
VirusShare_7c479c92e63279e503f5c90d70ae0fd4,0.3053705,0,0.0
VirusShare_ec4d6d9ae123e8e158282fef748fa577,0.04626813,0,0.0
VirusShare_1590d1049b19484d3e8b6e9297d4132b,0.23901609,0,0.0
VirusShare_0171ff872626a0ad9cb94c2c40fce5cc,0.04531733,0,0.0
VirusShare_f726c041a4f55af1b7dc36fb9ae696ca,0.083445214,0,0.0
VirusShare_74f16c331fce5dc72b4aff6f20d988ac,0.32545215,0,0.0
VirusShare_b37d5c9765de4244462826ab12c887c8,0.2654527,0,0.0
VirusShare_7b6c2dca892d7e2f1418761437722ef3,0.44764668,0,0.0
VirusShare_dbc5db323bab05cedc9f212613a0e115,0.44764668,0,0.0
VirusShare_7d24bec3d4b3f6ba671b4d895b1afe5c,0.031463947,0,0.0
VirusShare_3e1a71f8c4ca8d8daf17d480fc16dadb,0.21597543,0,0.0
VirusShare_548351f85332b501000ae8ed2666a704,0.24493274,0,0.0
VirusShare_2cfaf2575c259dd6c93bfaf6f7901581,0.044192664,0,0.0
VirusShare_6d220592cd28afda0603fbce2d045d88,0.058192216,0,0.0
VirusShare_10e3190838fe3ad32ddc108e45e3a280,0.6604665,1,0.0
VirusShare_685743ebc51b8af7e7885a8cf3ee52a3,0.21477738,0,0.0
VirusShare_7974cbcf63cba74a1ff8a0ff4dd2fda8,0.32029396,0,0.0
VirusShare_d0fe2fbd7b310fd994a25673ba6b8901,0.06696431,0,0.0
VirusShare_08bfa80e1f477cf02589c1f13a520172,0.25398225,0,0.0
VirusShare_e0c31bc010049a0489e0a534c4a75cb0,0.6472722,1,0.0
VirusShare_ee7493ae0113410b3dcffda1d9adaff9,0.3763227,0,0.0
VirusShare_c14646e06444f930f0a9887bde55d0df,0.40333635,0,0.0
VirusShare_3ed6d2f68121710f36a6e0cadc9b1951,0.44764668,0,0.0
VirusShare_39c8b63ccf499b1faeea6444036ff630,0.6536762,1,0.0
VirusShare_be3925a13e97011b44cb0a620d799f87,0.05330487,0,0.0
VirusShare_b34febee7dde8e2939bf41ac89af3a76,0.20681636,0,0.0
VirusShare_ad4cb7a6c2f139cbcb5e38eb3a6b9958,0.3225066,0,0.0
VirusShare_f22945f171e783759aaae2a61b6dd925,0.1122208,0,0.0
VirusShare_bcbf06a19c689ae2135b54661e24d719,0.025537804,0,0.0
VirusShare_185cb6fbcf2decbe9b5913f82d36d71e,0.6542852,1,0.0
VirusShare_7bfa5191bb302ff8b339dac5e40e4e43,0.42135453,0,0.0
VirusShare_b4df09479980cf5eb0ee2f13ca8a2215,0.064333275,0,0.0
VirusShare_05934de6d1ebb2d3cea9abbc6e55acb0,0.07896538,0,0.0
VirusShare_49c413a8dbffef6e03d858bba55a22a7,0.653108,1,0.0
VirusShare_7df663686e318598a19e9078e174fd53,0.06625763,0,0.0
VirusShare_c39f483e1d213862c980fc7bdc3de5e7,0.26006675,0,0.0
VirusShare_7de5ca469ff5502b957e94487eea2a55,0.08930872,0,0.0
VirusShare_69b18205e705060c56d5112bddbdb51a,0.26189238,0,0.0
VirusShare_64a4eed06076f74182a556868c148ada,0.04018457,0,0.0
VirusShare_9e9d2d7f90e9da1bc4855d72bcbd154a,0.6474216,1,0.0
VirusShare_1e29f9f39aa3c33deaa3b14948305c35,0.25371948,0,0.0
VirusShare_0631d2f60188788df21a5d26ed4d327e,0.0692805,0,0.0
VirusShare_483b547ddcb089ddceb8dacdf7542abe,0.113079265,0,0.0
VirusShare_2923c2f2634b604ba794c0b1f0999ba0,0.060832124,0,0.0
VirusShare_fb0aafc6d94842ed4d38844441005f7c,0.065026864,0,0.0
VirusShare_f17ade5654b2c063378783a9ebb8e765,0.25371948,0,0.0
VirusShare_f25651949c62d3241dfddee8aa6df7e8,0.2781694,0,0.0
VirusShare_54388f345c4042de37297e374cd706a8,0.07188835,0,0.0
VirusShare_c001b194ee483175dc1544e73d8f38ea,0.04018457,0,0.0
VirusShare_2497514b8898462c85b076e8f31cdddf,0.09851198,0,0.0
VirusShare_e86eb37d24ac2dff6c031751549196d7,0.29325718,0,0.0
VirusShare_b91c0ab8cbb719e5c5e809b0caf675cb,0.24444588,0,0.0
VirusShare_5b2d09dc3b0d133be5b7cf72caca5d04,0.37530357,0,0.0
VirusShare_70a54efd97146e8a1ca81ec9b7f89ea2,0.19068022,0,0.0
VirusShare_ea89d25da27df8271f8ed86868fce5ad,0.3440884,0,0.0
VirusShare_bbbcfdf52993efd58b093077a79598e5,0.072897114,0,0.0
VirusShare_7123fb0d896f460e4ee7e226306ed71d,0.21305582,0,0.0
VirusShare_68802f6003f35ff789ed43975e0e3721,0.4581676,0,0.0
VirusShare_c099c7b4166de86f2a491a4ca04e8a12,0.66492397,1,0.0
VirusShare_4a1dd1093f7ccf01b783f05d89398e52,0.25371948,0,0.0
VirusShare_9d4ea494adc968ec43219f6e1a7f9ebe,0.28594604,0,0.0
VirusShare_9d00f123dd31b38588cb6f87d550407a,0.111646175,0,0.0
VirusShare_d52342f6eb4172c214cb4f85cac9c3e3,0.23205593,0,0.0
VirusShare_c7cdf6992787e2cb4603da77a820e500,0.43773946,0,0.0
VirusShare_ce9f9673524df67c2a35260a5c9238c5,0.25371948,0,0.0
VirusShare_c77d6a433011d555e98b9120633f20db,0.062375806,0,0.0
VirusShare_7fe1ab68e050278fcd5295b4f25ef35f,0.047563504,0,0.0
VirusShare_67905eac9a0b79d915a4b63751b31aaf,0.06331958,0,0.0
VirusShare_49c0cd617086809d75314889314cd6a0,0.1604146,0,0.0
VirusShare_5fc26476fdc39d6c371f75d5262a1302,0.07498932,0,0.0
VirusShare_b0e565578744e8cb477bb223c73f42f7,0.022313235,0,0.0
VirusShare_c8e1065b863818abe9f3fb84aa047f42,0.6535469,1,0.0
VirusShare_ed1916472ae5e6a970b5b998b22067d6,0.2948833,0,0.0
VirusShare_ad9a79fe1c7d1c3baef1966db6ac75e7,0.65567875,1,0.0
VirusShare_ee1488b3c3d115f64dd9ee1873c15256,0.092976555,0,0.0
VirusShare_0a65b1d7afded5b57b21712917e0179a,0.081083395,0,0.0
VirusShare_f5a566085c29451264bbcc00ec5b2c50,0.103564695,0,0.0
VirusShare_36bb2af38e33b7c0ce6215be4925c1ed,0.65944874,1,0.0
VirusShare_13b2b22c9ab3fb17aba690cc1e196000,0.03603252,0,0.0
VirusShare_b0542e189e79c5ba0b1cd489af3de196,0.3176892,0,0.0
VirusShare_3ad8b5c64595ab171d62bab5947dc6cb,0.28939673,0,0.0
VirusShare_adc40d992525251e19300358fcdaa5c5,0.081083395,0,0.0
VirusShare_b7101ffd956f3a4a5df396d0a564bebd,0.6598354,1,0.0
VirusShare_1da6220bffa4bb9255f27b797e5732e8,0.65280646,1,0.0
VirusShare_b0d2e99f537785d88d9b1573808f9b66,0.21279363,0,0.0
VirusShare_0e78c200be587ffb1f7ba5b3351f1e3b,0.110122696,0,0.0
VirusShare_4b6005f74f7650edc5595afb260a0804,0.06471368,0,0.0
VirusShare_a98c14a8924753ebf3765ab178b178cc,0.1615298,0,0.0
VirusShare_afd9ac1852944b3c42079d6842dbc133,0.34526628,0,0.0
VirusShare_52052710dff6ab43b6b649799afc2549,0.09266011,0,0.0
VirusShare_8195b2b587c3def47fe0e3eb4df4b079,0.083445214,0,0.0
VirusShare_e7f86c8103c4138521346bcf7cdbee32,0.6643392,1,0.0
VirusShare_83e1d3d92ebee3c4e39df1ac61ea5958,0.059797566,0,0.0
VirusShare_527169f204b63f6189a6edd2215e9404,0.27581018,0,0.0
VirusShare_f871ab6dfe9d2729506076e32c1b6388,0.24403481,0,0.0
VirusShare_35eda62a1cbdeb6076a985806cfccabc,0.25371948,0,0.0
VirusShare_763c7cd321ac4f96e1b03416f3e8e5c1,0.6527713,1,0.0
VirusShare_20ccba2652034e8c6bec05422409efaf,0.65275705,1,0.0
VirusShare_d61475e31414325738a642988bec0eb0,0.1593734,0,0.0
VirusShare_c0af47cf618260d581d1f86b189a2a5d,0.66211367,1,0.0
VirusShare_0376eaff1575e486f984209780cd4fc7,0.14532322,0,0.0
VirusShare_48abfd5618702cb8c40f2d43c33aaf72,0.2749525,0,0.0
VirusShare_fce2c4006ec80862de2dad2537422c1b,0.25553355,0,0.0
VirusShare_04c85b9ac32357e75c54db78778c2214,0.50317204,1,0.0
VirusShare_f6ddfeca0c1bfdd056175de845a9257b,0.25371948,0,0.0
VirusShare_584444b01befeee7f1422e5c2f183fe1,0.19747767,0,0.0
VirusShare_236530d157aa619c3dd5ff41caf70a89,0.036866553,0,0.0
VirusShare_a94e9ef07c6542bd96c8d5eb322878ec,0.034369275,0,0.0
VirusShare_e6ed6a249f94509cc3261cbe82b89e43,0.3438413,0,0.0
VirusShare_1695d5055f95dea8f647005e1e445383,0.17430325,0,0.0
VirusShare_823c30d9a9255250a3fabc6c4c61af61,0.6532437,1,0.0
VirusShare_142c8e9c6b2f77d5dc17c6ede323710a,0.111646175,0,0.0
VirusShare_a17a9ed049ec4e9c6ebc3a3d2a0acc38,0.032421697,0,0.0
VirusShare_d141cd808e1993ef3a548eab3fe269ce,0.39171514,0,0.0
VirusShare_b5fa100616fd2f923e4f04d280dd89d8,0.06331958,0,0.0
VirusShare_b20772051dec0acadf305beb927823d5,0.06827678,0,0.0
VirusShare_ddfa5d98bef2190d05ea9a9f4385cfc4,0.25371948,0,0.0
VirusShare_8b0479199dfba38534dbd0fd5a5f3d30,0.081083395,0,0.0
VirusShare_4adc0a12fad9a79ad5090f33cd8b4667,0.0542885,0,0.0
VirusShare_a3e7ed50758587428f78558a5efcc48e,0.19270857,0,0.0
VirusShare_55b01a334134a58db8741764552c62f5,0.081083395,0,0.0
VirusShare_344b29776a5c0e6132ed1efa9510a0b5,0.05575099,0,0.0
VirusShare_2f9c71fcf979f56476b2ccd2301384b2,0.077542,0,0.0
VirusShare_809ab711279aa1134d3d0121982d1015,0.43830925,0,0.0
VirusShare_e2bc44cec7dc34c6d52ad2811f99d714,0.059232146,0,0.0
VirusShare_cd9a1a63d7db7ecdbeb9e440c43df150,0.060293924,0,0.0
VirusShare_9f5e89a7f1f099980cc8006fb7537b45,0.059891474,0,0.0
VirusShare_888ce04cbb328147e7e845f12bcd3924,0.15401493,0,0.0
VirusShare_c6978deabd8cc8b751a6fa7f27f7a5fd,0.66463464,1,0.0
VirusShare_19b5847e1928b51f0483981305d04b4b,0.16741012,0,0.0
VirusShare_0bebb60c689ccd8108a8893b3dbf77bb,0.3304566,0,0.0
VirusShare_cbe25b516f58fd64662407cbab254b8d,0.05807014,0,0.0
VirusShare_8656c274f47b5eae819035b3497707ef,0.25371948,0,0.0
VirusShare_f5ab835456a9f73d0b857300c178b2a2,0.08427573,0,0.0
VirusShare_8d7c5778d6f1526fc0e62e150ee6945c,0.0604501,0,0.0
VirusShare_ea510224945f5292d440575968b6fce1,0.044462524,0,0.0
VirusShare_db1777548761a56842661236e6bc65ad,0.23205593,0,0.0
VirusShare_9056dc107833efcf76058de4b596b179,0.12467687,0,0.0
VirusShare_b3d06f3e1fa397f91ad2ec408dede931,0.06275105,0,0.0
VirusShare_4f5acd220e7549073370b395160514f6,0.25371948,0,0.0
VirusShare_8526a76b7ce463fbf607180d0b61fd8b,0.65825,1,0.0
VirusShare_11e71e54dc622c2acd51fd9d806b6bed,0.07170629,0,0.0
VirusShare_b11d3a9dbb82c2948433795da2d8a687,0.38577,0,0.0
VirusShare_bfa527705476f4f4bf93d88b4daaec8e,0.6566769,1,0.0
VirusShare_f1e40dc51f52648a3b51ede9911e8ff9,0.16351314,0,0.0
VirusShare_1d5c1c82060991824aa48d654193f7c4,0.6613821,1,0.0
VirusShare_3501f0a89d03eb1a01bae9419b1dca8c,0.16892257,0,0.0
VirusShare_363690a279b86138c79141bc5bce9be4,0.36784595,0,0.0
VirusShare_55fd70d6967455ff2a6923eba5096993,0.25371948,0,0.0
VirusShare_6b927ddad8a5c9c0f5d2464489c4af26,0.65176,1,0.0
VirusShare_d9e51ba60163c2c5e9a54286e7c1abc7,0.17420214,0,0.0
VirusShare_d9d523e5078d7f08896aa97e610c8032,0.111646175,0,0.0
VirusShare_c89b6976230900ead28b97fd0d866c64,0.1599895,0,0.0
VirusShare_1e4e8ba5aa3f374da63bc986f6a2f9b1,0.25371948,0,0.0
VirusShare_dd53f2a78c9bedba82ef81ddc8598ca1,0.058344267,0,0.0
VirusShare_f623d200256c046d518d767716a11832,0.08035399,0,0.0
VirusShare_b15bac35a757902bfd7d36ae7f629863,0.11731871,0,0.0
VirusShare_eeea6271c46bff25c5590a6de4478731,0.059607722,0,0.0
VirusShare_0942bca6c54403de67fb6f949216ecca,0.034845963,0,0.0
VirusShare_46afad58e2075d5d3b5c543e02f40f22,0.24444588,0,0.0
VirusShare_ac218bd2c92835532f50aada2f7c88f2,0.34518328,0,0.0
VirusShare_efb488d5a8c14a36984346f50645d541,0.66244954,1,0.0
VirusShare_2e4f4237a4509bd988ead65fd056c0cb,0.3053705,0,0.0
VirusShare_6704a0b7a4d7d71504f648cbc0ab1238,0.078340836,0,0.0
VirusShare_422bc77609c89989bb61c8a9a6680c0e,0.34526628,0,0.0
VirusShare_51b7e4df60c8d6740b1cb2ecf086df6f,0.04018457,0,0.0
VirusShare_bf005960b2455501327a2aa98f582da6,0.04018457,0,0.0
VirusShare_4484bc65d4ad2fb2378214338de651be,0.23345777,0,0.0
VirusShare_26fe4e8194260c749806fa673d192e1b,0.025087005,0,0.0
VirusShare_a8f159f9cd057221f3f678e699f58f59,0.09119268,0,0.0
VirusShare_e138871222f3c32e96eea3a9c74b97f6,0.12569949,0,0.0
VirusShare_2bd7252e15e4dbf2fe3f9d1f8e00f338,0.6581769,1,0.0
VirusShare_e103369bf7a75d93a310422d7ba76cb0,0.3053705,0,0.0
VirusShare_fd16c44a1f7a69924330fd6041f051d8,0.09119268,0,0.0
VirusShare_abb1d3f00b77804080f39555c57ab517,0.2664929,0,0.0
VirusShare_2871753370917893a2aa0dc735ea62b1,0.22133955,0,0.0
VirusShare_efdbb9b36777c3e4cf88e8072efe201c,0.38843384,0,0.0
VirusShare_5901ebbcec4ecffc49cab8667bd521c4,0.06943027,0,0.0
VirusShare_2bf35af7c8b801db8b6e67bff2ed3a1c,0.2781694,0,0.0
VirusShare_78122599d35a0210428d0800f9d65cc7,0.29118872,0,0.0
VirusShare_7052b08476a600d136b2ee34f60e4fbe,0.65673673,1,0.0
VirusShare_2096e3275c18b406364f1333b818a82a,0.657326,1,0.0
VirusShare_a58fc8b9515cec95a984548a37d2eff2,0.65480256,1,0.0
VirusShare_e46c32d3eae8a1e8c25abf6ca8ae9495,0.34526628,0,0.0
VirusShare_7726290818b96027415933668beb825a,0.64719564,1,0.0
VirusShare_43115adc3773f026a79fcb1e5bf90106,0.32853618,0,0.0
VirusShare_b9a9dff24f28afa176646144a8ddc9da,0.21115164,0,0.0
VirusShare_d5b71aefd3199f91785da240c0c131c8,0.13933316,0,0.0
VirusShare_2aabc7eab212bfccea0b04b0704ff104,0.07386851,0,0.0
VirusShare_af23dcbf6834eddc141c1e6b3f124e16,0.34908754,0,0.0
VirusShare_5bfd819605f8b306b08b565f80e422fa,0.66031027,1,0.0
VirusShare_a9cd5fb3a9e56a7f5149fedc4f212c2f,0.04018457,0,0.0
VirusShare_02f63cd5bd71adcfc390eb793524d45c,0.14418453,0,0.0
VirusShare_c9270d45e7b4810cac5b7a2447465c45,0.11014484,0,0.0
VirusShare_2a527e726b86e3d2ecb6fdb79f6fd3b6,0.100654766,0,0.0
VirusShare_66614857bbddd0d678e360c4d61634b4,0.18422985,0,0.0
VirusShare_2946271495b1dcc8151c9b684b932c03,0.66681504,1,0.0
VirusShare_94d18372bc4bbbea453fb70ccd07a00f,0.09689691,0,0.0
VirusShare_14341266bb6011ed2f46ee886fa4f5b8,0.16041449,0,0.0
VirusShare_928f1b807e0a520284b2da5a4f2d424d,0.29050773,0,0.0
VirusShare_1f600bea033c7415fb18d83da854ef32,0.1890256,0,0.0
VirusShare_a7c0463c82ea1a247d2f167604eaf64f,0.13997772,0,0.0
VirusShare_57530cd810125d013b02be5296f4cf0f,0.24444588,0,0.0
VirusShare_69cd4d0cd9aa5270f10cdbf04ab37a16,0.1890256,0,0.0
VirusShare_ab2567a2950115b9626fe0368a729883,0.036366813,0,0.0
VirusShare_a1cf1c4bcc982fad4652e3d486236902,0.06710282,0,0.0
VirusShare_768ca284253f7f742adbb8c009540d9c,0.65651023,1,0.0
VirusShare_f37212e2c9946d2e0fd4bc6ca02e7eb3,0.14384015,0,0.0
VirusShare_8c490beae96891b17cd22b4dd8f4ca9e,0.13421324,0,0.0
VirusShare_350fcd6743f066a75798e108490fc8c9,0.24444588,0,0.0
VirusShare_f147ff50ec87b429b21f152625f21de8,0.14347199,0,0.0
VirusShare_44ead436bea057505d97921f239264a8,0.042096727,0,0.0
VirusShare_7c3cddd68a5f869ff731955db5a5d89d,0.09119268,0,0.0
VirusShare_17a8b6f70c2f04a7eb357b6470541130,0.059607722,0,0.0
VirusShare_574e519fc3de25fd76987453944b9d69,0.2377043,0,0.0
VirusShare_5b9c67404c8ea76a1c494df1e3cdc51f,0.09968963,0,0.0
VirusShare_3357f196f3514de658267c95040fbcd8,0.3053705,0,0.0
VirusShare_453904f6fb4f0b8480f7f6f6a386b3a9,0.24181251,0,0.0
VirusShare_04b1913b643867c3e71cf0401073e645,0.09119268,0,0.0
VirusShare_dcf928ddec7f16c8cae292c60181c243,0.6567827,1,0.0
VirusShare_6cbc7c3ff3dcabedd82c5be73fc3579a,0.6570025,1,0.0
VirusShare_5a81b37bcb19f996fb213c5d58ebbee1,0.18269429,0,0.0
VirusShare_32bf78f48fe033cd70256c9a64c14b99,0.0844922,0,0.0
VirusShare_73d296f24fc1d70d663060f0c85157a2,0.07443087,0,0.0
VirusShare_aba0268656be4838090532ae16f8d823,0.65541923,1,0.0
VirusShare_808ff4295ca1a4933f7b635a3ae77f7b,0.3053705,0,0.0
VirusShare_7f8114b64b944934260647ef7ab0cde7,0.11416136,0,0.0
VirusShare_fa605d5ff1e159858b107dc72b5a2c26,0.1817327,0,0.0
VirusShare_d94c6fef9f28306827ed008a5616cdb5,0.07931109,0,0.0
VirusShare_46079975d5d699da5cfb3d3333e12f02,0.14902046,0,0.0
VirusShare_7e448ca63db0659cc05d477557b98eeb,0.123252615,0,0.0
VirusShare_ee0ec7121668482af8b9f763aa600a61,0.04018457,0,0.0
VirusShare_1407fadeea813427bc251a88306eda15,0.21028557,0,0.0
VirusShare_c49f5e1c8e522d8dea9457a36474a757,0.17109172,0,0.0
VirusShare_bdf9e3e3c9be7513caa9bf1595bc0e20,0.24444588,0,0.0
VirusShare_85f2658502bb72085186897c17453f2c,0.09729972,0,0.0
VirusShare_d53173852931c21c5356e5edaf03f2e0,0.081083395,0,0.0
VirusShare_273d1ce273d59527d74d1fab46f985e9,0.32506898,0,0.0
VirusShare_e5124c2b25a0103420dee750eb2750a6,0.113338016,0,0.0
VirusShare_c3c318261e3ef2e69ed18dbca239116d,0.21100752,0,0.0
VirusShare_865aebaa9547cc26f274a4fcd720c69e,0.15640153,0,0.0
VirusShare_bfbb2b0845de5f83d0c5ccc283b3969d,0.24700148,0,0.0
VirusShare_dee49ce3b45bbae4a55b1a025d2f5979,0.17864811,0,0.0
VirusShare_4d47ebae0393aaf5ccceeb1b33e4d810,0.04018457,0,0.0
VirusShare_8579e986af43c137fc70985bd6d5a356,0.24444588,0,0.0
VirusShare_21bc7b060b8cde69043d1136b44297ec,0.26942828,0,0.0
VirusShare_70471cbd6423a94b3ed0ce7dca7567d9,0.38465816,0,0.0
VirusShare_656add3f7407bbf9b0a57e7b0ab6ccdd,0.059607722,0,0.0
VirusShare_5f3919a53b5b718779eb8e4ac9425eeb,0.09119268,0,0.0
VirusShare_016949a83656598f91c1d8b8c58b9fd3,0.24444588,0,0.0
VirusShare_bfb0f1cf42493cb33d70d3654d8f0436,0.34526628,0,0.0
VirusShare_2e4c972184485650832598125ab1692b,0.1686935,0,0.0
VirusShare_f9ae4042e4d56859c47b0d6ff515fa6d,0.09119268,0,0.0
VirusShare_b8efb87acac2b993c8119ff82b62ee0c,0.3928551,0,0.0
VirusShare_92d562f260cb096babc4ddc7baef1203,0.036739804,0,0.0
VirusShare_581103e37bd7146cef3f46cce75b2323,0.12992659,0,0.0
VirusShare_37b8e84e417932f9eee59cf36196cf72,0.3532079,0,0.0
VirusShare_285b2e3d078bdbfcd39b4d58eec82172,0.63448346,1,0.0
VirusShare_dadcc6233093be9f7d6cb68ced61f6c8,0.24346408,0,0.0
VirusShare_7caf9f727e99247e713506d9cb82b21e,0.6562004,1,0.0
VirusShare_36ecd804ef4c0b94220360ba6eb45ade,0.21305582,0,0.0
VirusShare_68b030b9f824730b0a30eba745916205,0.05329405,0,0.0
VirusShare_453cfdae939dd2a1846c1f28353ff27e,0.21406448,0,0.0
VirusShare_8ec541323eb122e5dcd561fdc495b230,0.30014348,0,0.0
VirusShare_e667508a01e39da09465851c2bfd9c73,0.65493476,1,0.0
VirusShare_c32466aebee2ceea70633eeda913c5f5,0.059170265,0,0.0
VirusShare_239921a073927462861f5037efbb10eb,0.15632823,0,0.0
VirusShare_ced83ccadb60e298b3933435d6253d86,0.37433696,0,0.0
VirusShare_0588ea8e773a59f7496b926060c57f8a,0.21204671,0,0.0
VirusShare_53456599be07a8865432e6f904a87f1f,0.06272552,0,0.0
VirusShare_4523c1ed7c4e6a84c49fbeb0e0ce4245,0.029346928,0,0.0
VirusShare_efecd2f4e827357c7902175bc275a4c9,0.1263794,0,0.0
VirusShare_1a0a58893155bdec231ecc577aa072e6,0.19224593,0,0.0
VirusShare_3539c17a2c2879eb049ceed84cd1bf77,0.34526628,0,0.0
VirusShare_6f289ac1a00b46016848b754df472121,0.49753016,0,0.0
VirusShare_79be3d7fcdc8d8d1450ae2aa33cbab1c,0.6436598,1,0.0
VirusShare_d385da90d4daa0b4313a340fb282b5f6,0.035127074,0,0.0
VirusShare_74d52f00fa56e93a708a058dc718f4e7,0.09119268,0,0.0
VirusShare_7969c563010ed847c9f4b94137b124d5,0.16950276,0,0.0
VirusShare_96145feca5b8ee3bf3951413de67b7be,0.12779443,0,0.0
VirusShare_896b32dcaa50539066e71e88008b2632,0.18689774,0,0.0
VirusShare_717cd7673e6cf7d8d2220263c40762d6,0.24444588,0,0.0
VirusShare_8c957a11c818312a466373554397e42e,0.25367874,0,0.0
VirusShare_e2078b87536f34b4b3a81f84d9796a1c,0.6484386,1,0.0
VirusShare_8b7693cd2c80fdb8725afc72ffe26dfb,0.059607722,0,0.0
VirusShare_b422a81254b6bef074d3bb3853fd4625,0.081083395,0,0.0
VirusShare_3cd8f6cc91ec22814dd86fbcc8846214,0.58644354,1,0.0
VirusShare_0036a7c9da3f1f4d5cdaac7ab97ea5b8,0.15515769,0,0.0
VirusShare_9d518eed887039cd28e2dcd9552c740c,0.24444588,0,0.0
VirusShare_15e513b1bbce4408824d8301fdcba805,0.111646175,0,0.0
VirusShare_dee6cbef03372591e06a61eee37cfe3f,0.17081119,0,0.0
VirusShare_4656552b943f1653a94882f3b3e2d659,0.34526628,0,0.0
VirusShare_6c67e910c0e059c4d9cbe2bb8b8c366b,0.11413038,0,0.0
VirusShare_a55017bda1b165f06611bb357e2bc72a,0.6566992,1,0.0
VirusShare_7cee9d5021ba964b83d1b2060bd313f8,0.4300158,0,0.0
VirusShare_3cc42bc979560417ed5f54dd8560198d,0.041524313,0,0.0
VirusShare_5954102da72af95fe2f510df2d0a1f4b,0.04018457,0,0.0
VirusShare_55457b723fa00427b1b9f7d60d3c2f3e,0.06195728,0,0.0
VirusShare_c0ea2face682636bcc9ed00a4cf282af,0.08420765,0,0.0
VirusShare_31ebef88e825c41912bd9fc41cb98958,0.64962757,1,0.0
VirusShare_6b60f36f27733ee334154b239ee47b1d,0.24444588,0,0.0
VirusShare_a8bd4d0f0f1799c3f998dce3d4798178,0.6376998,1,0.0
VirusShare_a068a106a8da113a4f7362f01c1ec166,0.25371948,0,0.0
VirusShare_66c7d5bb2bd616bd78f2ccd1a00c6fc9,0.24444588,0,0.0
VirusShare_0a855d4a1010739fb780d3f59af1bf9b,0.23490639,0,0.0
VirusShare_15f852cc65cf891bb8b4380bf49ece17,0.24403481,0,0.0
VirusShare_3642da6dd92ebbab985daf908d07bdca,0.02396063,0,0.0
VirusShare_5a64eeab5f59d723cde414a8351a39a1,0.059607722,0,0.0
VirusShare_9eca0f4fbda95ead33e0570e395ad469,0.11983627,0,0.0
VirusShare_7cf6c52b3f0968a040c9e44cad4fa9c6,0.16950276,0,0.0
VirusShare_c6665d7511ff9eab5bc8cc4551aa3c18,0.03566264,0,0.0
VirusShare_9a36743ccaa8d640a13490e869cac090,0.65663546,1,0.0
VirusShare_5e6f6c765ad93fc2ce7297703c2b4877,0.06938861,0,0.0
VirusShare_99363b9ef59c6f85b7fa48339a9203fd,0.04849542,0,0.0
VirusShare_79970ba8159b13ea6f3ea38233bbcd85,0.13948749,0,0.0
VirusShare_9854211849f1755ab1b4078c41ed3a78,0.6587329,1,0.0
VirusShare_e2dd70d8cad3286138632633a2160c0e,0.078483105,0,0.0
VirusShare_f110453399d03559e2554d586e458d7a,0.24444588,0,0.0
VirusShare_1b349d972566e3bf254e983034c382f1,0.09119268,0,0.0
VirusShare_32db3423181b07a503e6f3081aaf8f88,0.38843384,0,0.0
VirusShare_84ef227e74ee9d4053a654d0e3941b6a,0.34526628,0,0.0
VirusShare_462d5fdccc918daf71b8927b0eca396c,0.10074872,0,0.0
VirusShare_f7d1326f49857b3b5ec77eba2f6288cd,0.2604341,0,0.0
VirusShare_51405b78f76cb20268b318cd4e7eafe3,0.2196093,0,0.0
VirusShare_ae3ca7e479366f8362090cbfbda9cfbe,0.34789094,0,0.0
VirusShare_3b03490f917730d601898aa2d2cd1fa4,0.04018457,0,0.0
VirusShare_39a75a47bdbb0dbf6d9d6092f6de9aec,0.11018018,0,0.0
VirusShare_aeef0ce9a71ab4a15b6c210e84e6c6b4,0.25261095,0,0.0
VirusShare_92d368d27160586362b655eabc8f06c8,0.34526628,0,0.0
VirusShare_f136fb102bf52fdf35e95d4ee3814b2b,0.24444588,0,0.0
VirusShare_9c30f36ffabcb68ce5684f18a6bae78f,0.26819092,0,0.0
VirusShare_c6df4edeacbf978817839f712418547f,0.11362688,0,0.0
VirusShare_816cb9b725ea66937a7637e46fd75261,0.059607722,0,0.0
VirusShare_95b293d3869ba5e493fbf92216760e5a,0.26854733,0,0.0
VirusShare_7ccaf5faf776d996c655e83a15f46937,0.22485077,0,0.0
VirusShare_c30aa7bba8730a4a6797de9cb29d033d,0.34526628,0,0.0
VirusShare_c9c5ddeb2f5d9b9106ffc0bf10d7534a,0.10247507,0,0.0
VirusShare_cc845c55e52c3e49a3506adc9a3c9f8c,0.34526628,0,0.0
VirusShare_540c544742756a77a18ddc1d5537020d,0.071098424,0,0.0
VirusShare_6eab582c4923dba6de97a5ee1c45ea9f,0.33716416,0,0.0
VirusShare_48ce0951776a55fb15d244ee149e8527,0.57350147,1,0.0
VirusShare_265cbd83b72a2f0bae545d30cd96687a,0.24444588,0,0.0
VirusShare_bf18604bf7afda6efd88c4b337a4eaf9,0.059607722,0,0.0
VirusShare_7ecce8bd4b2c004539f72fd352eef07d,0.39098635,0,0.0
VirusShare_0d5d9552bc097b3209fb29544357ccab,0.5649015,1,0.0
VirusShare_1e042f944a95ee568fa7661f7d1c66f7,0.26249343,0,0.0
VirusShare_fda5da892db74e378fce0dfffa81263e,0.64833677,1,0.0
VirusShare_c61f47f4582ab6953846f43b81831070,0.24444588,0,0.0
VirusShare_7ea05bfd42da21ba835f8f3f01add45b,0.65942526,1,0.0
VirusShare_9a2bb11f59af07cd21dce9ceb5e4119e,0.24444588,0,0.0
VirusShare_d77d389bc84a1a36afe3f27ccad3d082,0.07882064,0,0.0
VirusShare_3ab485299c39c8a89e0d7031a8d0ab6b,0.5772024,1,0.0
VirusShare_fa8446c444efd4b5064f9195dbd2b4e0,0.6570087,1,0.0
VirusShare_fdd75bf5da3e8f90c302c231f2d4e7c2,0.25148678,0,0.0
VirusShare_8b6e4688aaa22e5c5404c8e9b63bf93a,0.26819092,0,0.0
VirusShare_0ae0dc9a494273dbc235e7c2c108b4a1,0.059607722,0,0.0
VirusShare_92976b9ace68595dec6be4db720b8c95,0.15482755,0,0.0
VirusShare_0100dcd60629c843a3e63a3ed3c3b3f4,0.56564724,1,0.0
VirusShare_efc2543658d8574823547015c120b0a5,0.029034818,0,0.0
VirusShare_9bc3866c6e3de79db9d2f3fece6c4d52,0.04018457,0,0.0
VirusShare_c70f43aeae0ca24597cf38f3f169de7e,0.04018457,0,0.0
VirusShare_047f40998f71f8e4a2a26a686b89fd55,0.34526628,0,0.0
VirusShare_5b5276e6117204297cf817fee27e16d4,0.19931981,0,0.0
VirusShare_dc62b0b527554c09e315970c3f6ebba4,0.24444588,0,0.0
VirusShare_7470430b5e173379f530274e192b75e3,0.48196188,0,0.0
VirusShare_b65b194c6cc134d56ba3acdcc7bd3051,0.33993763,0,0.0
VirusShare_9c45790c369285100d2dbea3019d1a08,0.05154283,0,0.0
VirusShare_a09f2000d9aa97955f82401a170991e9,0.16138211,0,0.0
VirusShare_7bd257ec4f795bc2b8c139736afa80af,0.09922465,0,0.0
VirusShare_61bd7095ac22eb56970e424b054b3a9f,0.24444588,0,0.0
VirusShare_8fd61c316c7d37a1679ae66da2e07106,0.6589677,1,0.0
VirusShare_fa4b315cce6aac5214dcfd5c566ca211,0.102881,0,0.0
VirusShare_dd6194026446445ffab112972b24e3db,0.057157844,0,0.0
VirusShare_0708f49624e5f4ecbfa72e7405b8b817,0.081083395,0,0.0
VirusShare_0a7d671167d23fb4fd8fb852ccf7f037,0.049589366,0,0.0
VirusShare_4f38b169cabfa2201aa9a2cf8b607178,0.65056044,1,0.0
VirusShare_a23445c378b9a4c294b9c8c7d1e1d8a9,0.17597389,0,0.0
VirusShare_555b31e37f565369fbd8b622fb81fa21,0.17725933,0,0.0
VirusShare_f93161e3c80894f705bd242b10f51b7e,0.18305251,0,0.0
VirusShare_d0663c52f06323932ed34dec9dd451f7,0.041524313,0,0.0
VirusShare_f6707e523056aed200c681706fe99ea0,0.053899217,0,0.0
VirusShare_b7b465a21dda1d4fd9c6409e3787a2eb,0.14679042,0,0.0
VirusShare_b699ac6e70e8b58e75b743efaf840c9c,0.65698975,1,0.0
VirusShare_546ff9a6ce5cdf3103d86942c021ff90,0.06729458,0,0.0
VirusShare_5d9cd9cddc2aa5311a2493bfdff057dc,0.48196188,0,0.0
VirusShare_3185877b56fcd4e46dfdb267696a2d9e,0.25371948,0,0.0
VirusShare_a943ae19849180a7b0b7aa94bd258fab,0.047064714,0,0.0
VirusShare_0feb0ba5964eb1afceca730df4dbd262,0.09119268,0,0.0
VirusShare_805bfc025b7f6900efbf97e77fea24dd,0.30185637,0,0.0
VirusShare_ab250a638d38be98c874a6e0f50e7682,0.101354495,0,0.0
VirusShare_933b5669fe8600a5bb2c9d7711df5cdf,0.22596386,0,0.0
VirusShare_c9d352cfb41cd5432b2e7408464ac587,0.26422915,0,0.0
VirusShare_979a7232fb73f24463027c6bb8c7fca7,0.24444588,0,0.0
VirusShare_095118205d5cfe8632648e21e69f8b77,0.17418906,0,0.0
VirusShare_f121c34ca58bc10200bda4f8a4ec5acc,0.059607722,0,0.0
VirusShare_7caee419bc6f9f41aca65c995018f3d4,0.17058282,0,0.0
VirusShare_76e14826bc958ca9219f77854c618681,0.21672793,0,0.0
VirusShare_fd2a7ac257c36fe90ac014b12ec83fbf,0.659302,1,0.0
VirusShare_93697d91bf769d7f4960e4b10a47ecbb,0.06943027,0,0.0
VirusShare_d61d7f43ca259d456f66cb0a29242044,0.21477738,0,0.0
VirusShare_36c27e88280c2030d43632bb6ed29341,0.1120335,0,0.0
VirusShare_cdf86f60d1ed0738253986fdaca010d0,0.09902163,0,0.0
VirusShare_5092461b22f0ab6d25d1a2766511d228,0.16892257,0,0.0
VirusShare_68dc3ed92101bd1a455eae71dd6e9c47,0.053995054,0,0.0
VirusShare_ea3e209ea2d6e3f1cf3bcceeb21dcf9f,0.6534031,1,0.0
VirusShare_b94f4860d45301802cf10615599515c7,0.15383653,0,0.0
VirusShare_78efdb3be7dec6a59f692b97d08944d4,0.34526628,0,0.0
VirusShare_3771dec268b6d3fb54afd1371616e946,0.6588413,1,0.0
VirusShare_a541011bc752ff33c1843e349aa9f27c,0.17785242,0,0.0
VirusShare_09bf15384202a74d1df984892ef18a47,0.6561718,1,0.0
VirusShare_440c1ecc608e7fbd9580db57b5c560f8,0.041414175,0,0.0
VirusShare_47703e4f43f14cd2e57fedd13cbcdc74,0.18712005,0,0.0
VirusShare_3f738680ca4583bf166f799cbe8512de,0.09098892,0,0.0
VirusShare_3bb7017140635d2db46e04c89bcb8333,0.15577142,0,0.0
VirusShare_960a09e14a9c4087e3e16afd2cc5f4e8,0.24444588,0,0.0
VirusShare_9d5ae1149550959db8c9df1873ce7e65,0.016052816,0,0.0
VirusShare_8d6222d81e70ce8df5d44c9c36cafc63,0.07366293,0,0.0
VirusShare_fb1b79efeb6baa4f6206d022eea135ef,0.20471337,0,0.0
VirusShare_cfef7bb5b158eb712e7aa1847b262527,0.1643104,0,0.0
VirusShare_c797e76c431803b204e31a2aa01d1316,0.032642104,0,0.0
VirusShare_e37118c3ee256185870c25821bf986c8,0.06943027,0,0.0
VirusShare_2744733fcae2f36574f483df2bd336ed,0.06049817,0,0.0
VirusShare_afac3d762d2a7c0d45be0dfeb69b9058,0.034472317,0,0.0
VirusShare_6423cc2c8d121c92dde293fcfa98f0a5,0.06566711,0,0.0
VirusShare_5fc09711bbc5c4bbe96f7fd66a58bf70,0.34526628,0,0.0
VirusShare_7dfe852b5904699c933976bc9a3a3718,0.01838588,0,0.0
VirusShare_9e20205f9686a0b287406c2e6c07e198,0.37996665,0,0.0
VirusShare_9dccaffc819ab825e94bf9f70db60155,0.35389715,0,0.0
VirusShare_cc5781f56e5a5f706f5283fd17579ffb,0.16492236,0,0.0
VirusShare_70dde71f05220a48a5aa00bcdceedf76,0.649295,1,0.0
VirusShare_0bd41b0256c0c95093219533a29f2e32,0.04018457,0,0.0
VirusShare_571e1f6ada1a9f128d49af32ce66783b,0.34526628,0,0.0
VirusShare_91e08b5ca28929cf77799ca248b4bc4b,0.19173533,0,0.0
VirusShare_ae792f129f49cbb78f9e9096df80d4a7,0.10474251,0,0.0
VirusShare_6747b2a3ae0c14b33be8df1ed7999cf1,0.6554762,1,0.0
VirusShare_273a7600ca77214863a4df8c1cfb6f5c,0.07258679,0,0.0
VirusShare_3ad5725ae88fb46d1f7ad213acbff265,0.18712005,0,0.0
VirusShare_6892ea18dae0648e49dfc0024196ef1f,0.042494472,0,0.0
VirusShare_6f1a347258eb8493b197e872651ad82c,0.06218945,0,0.0
VirusShare_b74f1aee69ff7697df324edc0f3a2801,0.65944594,1,0.0
VirusShare_be111f9eccc5af0dbe3b6787157ac020,0.04018457,0,0.0
VirusShare_85db87dc950968fa619f99cb1c70feed,0.06272368,0,0.0
VirusShare_f10fa019ed055c5f526461c336e8c345,0.03603252,0,0.0
VirusShare_8c86ae30d535ccd8d92431457d38b49e,0.24555592,0,0.0
VirusShare_aca3fd6113f231949c2314702f69c1e8,0.2759428,0,0.0
VirusShare_f409b95afe868072fcfbb29b8643e147,0.34526628,0,0.0
VirusShare_86259fdc0fd1335deea04e9e9825c413,0.06593971,0,0.0
VirusShare_491ba26aca8ac74ac41ff55dce3bf0be,0.18712005,0,0.0
VirusShare_da26b72d4cee223170b462641d29d644,0.1643295,0,0.0
VirusShare_82437e99907d5e28389f9b18070ce039,0.40594918,0,0.0
VirusShare_edc6321672b0ac2e516ac101dee675e6,0.2280517,0,0.0
VirusShare_38656153a92bd387b1345f2881f00999,0.041524313,0,0.0
VirusShare_3c9c45bc17911f6b6b874fc913ff82de,0.6465206,1,0.0
VirusShare_acd8450d7a5d12740b77ead69808b884,0.30315542,0,0.0
VirusShare_dfcf6c4e77278b2f5dd92ddc5e2ebb05,0.2397811,0,0.0
VirusShare_e366b471510a5abfefb6d0d7f0a253b3,0.16211155,0,0.0
VirusShare_d077d50425185771294325c0c3c26046,0.23838696,0,0.0
VirusShare_cf8c070541cdbaada0c34ea229e97c6f,0.34577498,0,0.0
VirusShare_0a1d47607930ef3e105b1e5c1d1df0d0,0.18712005,0,0.0
VirusShare_b36b30cdb170e658702a5298c702215b,0.25371948,0,0.0
VirusShare_55a6db73c4f01447bb1f54c03b6ca459,0.18074416,0,0.0
VirusShare_186e1317afbdc5dd995caaccce467d75,0.34526628,0,0.0
VirusShare_a53f5f0c5cb9e09b91c88bb24c96b58a,0.65438986,1,0.0
VirusShare_ad3b794561edab872b8bbef89455fc8b,0.10332751,0,0.0
VirusShare_4497e4780f42c36cb7bce6212c2500f1,0.051160734,0,0.0
VirusShare_c30b7bf2bc30e8b02b954b1fc0207efe,0.34526628,0,0.0
VirusShare_5a59d451bd1fe6acdcec425d74001971,0.18712005,0,0.0
VirusShare_61b69f701b9ad0c204fb50345b8c0524,0.25371948,0,0.0
VirusShare_cc09ae9531c51517e2df117b7627344d,0.18712005,0,0.0
VirusShare_23ca8e865c84f53a7164c0830cb3a57a,0.65499616,1,0.0
VirusShare_05ad196fe8752f61e3dfd023b5b9930c,0.24403481,0,0.0
VirusShare_f10286e56e5cfc568fbc7ffd08907650,0.6540526,1,0.0
VirusShare_9ee2d8ab95eef6f7e75a7850ebb0a39f,0.032642104,0,0.0
VirusShare_fce9b047eb700917adbca0403ce0aabf,0.041524313,0,0.0
VirusShare_2a9bf339484c46e5a46412483468cf32,0.25371948,0,0.0
VirusShare_365e6d9ab5df28d1caef7ca19b415e3e,0.24403481,0,0.0
VirusShare_c1d387a468f7b630ccd91301cbf0b5c1,0.3461962,0,0.0
VirusShare_4ee0f3fdfac2d3c73631272e75a291e3,0.35021737,0,0.0
VirusShare_ecb4f99b43c01fea60d5ce50fbb0130f,0.25371948,0,0.0
VirusShare_76c9d45aa37a10c2162e4e395c6e0ddb,0.050680626,0,0.0
VirusShare_e5c15adcfaf0192b99ca49737c42cdb5,0.34526628,0,0.0
VirusShare_1c543aec874269f0aa0e5be9cd7f0d07,0.3255168,0,0.0
VirusShare_3ce3366cd568090fbc6362eaa7215e1e,0.06943027,0,0.0
VirusShare_e70cb5956e28dcb4323a1c98f20d7bf1,0.6610743,1,0.0
VirusShare_e0f7fdf1f3293d213321ca6da0ad2ea5,0.0460049,0,0.0
VirusShare_ffe48625f090c38a005de66845e22858,0.29118872,0,0.0
VirusShare_97a1f89d53f03daae970396444eee9d9,0.6567856,1,0.0
VirusShare_3df4e8a294a4241e93336600cf2c65ec,0.16462685,0,0.0
VirusShare_9ab7bb40a4d82a4f304df3276d8f8001,0.18712005,0,0.0
VirusShare_bf8ad540869d515af69cfe0867509a23,0.06943027,0,0.0
VirusShare_0da957b0a95e02f0be40bb242210e217,0.22886305,0,0.0
VirusShare_8c16fbcfda13279cda3eeb6c6e5a0030,0.16384396,0,0.0
VirusShare_41eedce62f9b0a3c819f179d9c438c13,0.18712005,0,0.0
VirusShare_bdc179046387b683b4e98e74fbbc4939,0.15294123,0,0.0
VirusShare_51437c68e81f6b9e0cc647cfe03b782a,0.041524313,0,0.0
VirusShare_79da682a11bb2ac3cc2ae4f71d18ae71,0.081083395,0,0.0
VirusShare_65de2236860833fe408ce41d00e24e58,0.042098142,0,0.0
VirusShare_df2970e344f627464c7ef0e5603f1b87,0.6520217,1,0.0
VirusShare_b31b5e3ecc2cc89e3184164ae07e396b,0.6509801,1,0.0
VirusShare_76a1afde56876ad3b9dc301839be3247,0.17190036,0,0.0
VirusShare_bb9067ecd9ea0c5a0c0743484ca6b01f,0.12651955,0,0.0
VirusShare_f109fccc7944b15ca38ca672f0bde0d1,0.16407874,0,0.0
VirusShare_323b9191b3d4d02995164f9378744427,0.30315542,0,0.0
VirusShare_05651b44fe0369305c74e0c1e0bc3891,0.31210262,0,0.0
VirusShare_98dbe4a5e74d01468caabee6cfc88178,0.09119268,0,0.0
VirusShare_1b050c080f8c744cb778691a5f4f8556,0.057157844,0,0.0
VirusShare_4757a2cee47b9c8812dc35d6796ca4d4,0.18712005,0,0.0
VirusShare_f1b56601f8995af6c6b2bbb8e711d804,0.25371948,0,0.0
VirusShare_7c2491b0f369442c549939e751ab3472,0.66089475,1,0.0
VirusShare_5040216a70f60acb71c13cde74a1cf62,0.03857959,0,0.0
VirusShare_5c74a222f4d5682f4ae5942643b814d3,0.65132034,1,0.0
VirusShare_12c5f0b0d6ec5e4a86d83a8bd2df6073,0.16950276,0,0.0
VirusShare_b2051f38eb9d45e29a83979d99a654f9,0.059607722,0,0.0
VirusShare_72aaa4e42a46b9d30b06b7fafc9e9f72,0.26249343,0,0.0
VirusShare_b2f3195c5e901813744023efeba11f41,0.030796275,0,0.0
VirusShare_5c27ae10861aae2ef6f3077d95697a63,0.32948294,0,0.0
VirusShare_0a0ac53c9fb0f8b8f963056d442a57e2,0.22135694,0,0.0
VirusShare_987c75052b19d0b2b63931c020b84abb,0.016158968,0,0.0
VirusShare_7452ce337ff94701c370fbbd2cc4e141,0.1666718,0,0.0
VirusShare_2cbafe372f25cec930717fa19699bba4,0.30854902,0,0.0
VirusShare_b4a0e21da63029798202977f48aa4690,0.17261395,0,0.0
VirusShare_6700ad04c01252315e7e4ff599ef5487,0.06943027,0,0.0
VirusShare_ad80c4725a16d2906eaa335e12ac26c2,0.059607722,0,0.0
VirusShare_a567c044adad8d935c72e32b3c315156,0.23151584,0,0.0
VirusShare_488b7ba382cb0caec93f85c7ba65cd8c,0.04018457,0,0.0
VirusShare_22cbcc03710aa0a44ea334dce18dd62d,0.36183175,0,0.0
VirusShare_60ec4390329ce78a98429052a6a67c20,0.34792092,0,0.0
VirusShare_27e17441988e5860866468fe8788ffdf,0.12711713,0,0.0
VirusShare_f0acd102a6ea80639e78bed0a83adc0b,0.20396051,0,0.0
VirusShare_11d18a44b33f49a244858705123cbe69,0.3406731,0,0.0
VirusShare_e883c63fbebcf956f3f3f1eb59e85138,0.04615242,0,0.0
VirusShare_566de62998e5365260ae305198b7dba0,0.33960074,0,0.0
VirusShare_6159c51f8c398c72daae22fb99934ae0,0.14089642,0,0.0
VirusShare_f4984eeeb8abd9a050945d358b6ad2d0,0.035519913,0,0.0
VirusShare_a908bda70826a947aa438bb230015c15,0.25371948,0,0.0
VirusShare_154585023bf715065f2c89ca0806fb01,0.26908106,0,0.0
VirusShare_c8fc62bc05cbf3021dcc91e02d51ce8b,0.13342255,0,0.0
VirusShare_8ad2bfaef9cb786fd26d1d987a7982db,0.13286571,0,0.0
VirusShare_94c1eaa48708a8885e5cb5473025fe5a,0.040681556,0,0.0
VirusShare_5402a63496001cbbc27a33f33bef7f1c,0.16150779,0,0.0
VirusShare_70d9ab3d4b1ffd05f9250f954a432f3a,0.1653795,0,0.0
VirusShare_7b093d7814dfab4086ce2125ec194086,0.21766357,0,0.0
VirusShare_6249001c95d828f951811f6463d28c91,0.081083395,0,0.0
VirusShare_892ec9ebbe6ab2705bfc876c9f247bf8,0.25371948,0,0.0
VirusShare_8c562b2061ec6991250b1f98040680e8,0.15051588,0,0.0
VirusShare_cd90ca9aa11274dfe69047d4c42ca9d8,0.23212409,0,0.0
VirusShare_0e07c992d9a91c2f17d7c1aa429de3d2,0.32890683,0,0.0
VirusShare_4be6d75fd536f8bdd72ffa269e8c750f,0.111646175,0,0.0
VirusShare_508715455d0dcd3206a283f76aeac8b1,0.25371948,0,0.0
VirusShare_1f7abece399bea674df3e5af5690a0b4,0.065488756,0,0.0
VirusShare_19706f20d87d8b8d9a28c920d1273166,0.04481089,0,0.0
VirusShare_a19e8082be1b9ccd0c1ff36ac0e8e058,0.4581676,0,0.0
VirusShare_d78e4da5a26fcb2d75f3703b76932e53,0.12896828,0,0.0
VirusShare_f7e7e7ff9c91660ec35fd4825632399d,0.34526628,0,0.0
VirusShare_a72ad349ab0ab3b2d14a3c7e39f8858a,0.6603452,1,0.0
VirusShare_2161adc7e13f70d1b40db508a715c4f4,0.33192548,0,0.0
VirusShare_8ef61470e51e5fc6774357f320d9ee95,0.3053705,0,0.0
VirusShare_ac9b7d26b8c417bad1390ffec95bd197,0.04018457,0,0.0
VirusShare_0a827cdff4f6d5f30f7e6d1a1796f602,0.27018845,0,0.0
VirusShare_7cdfc2fe885c35dd2d381323bedf8a56,0.6569784,1,0.0
VirusShare_abd45d44d2f56f08e20cc014dfc7c80c,0.041524313,0,0.0
VirusShare_6ff44ba3fdaadd241629e33dc9d3f1b7,0.09119268,0,0.0
VirusShare_447b6273ac6b7a30e0c36c1b06ffa8ae,0.25851327,0,0.0
VirusShare_57bdb82ebacd5cd0a9b5ce1517dd8d35,0.58323574,1,0.0
VirusShare_f458fb30d0c9998881d4cbce6caab553,0.16950276,0,0.0
VirusShare_a284e603b898f0ec1486223628ab0aeb,0.09119268,0,0.0
VirusShare_2a1d9f1269d76ec5b3ad6d6f55c99a72,0.6433022,1,0.0
VirusShare_40fce24e48791fe5b48d71c76dc0bf6b,0.34526628,0,0.0
VirusShare_b4408901b17ddd63a99eb0d58edb97b5,0.10721185,0,0.0
VirusShare_3491a7a5fd92931ed79c321e6f2560bc,0.18427403,0,0.0
VirusShare_6da02d01555c265522bb26c433320f0b,0.059607722,0,0.0
VirusShare_9e196c59460b35f416ff220a3514ac3f,0.12646689,0,0.0
VirusShare_9c230ba8772df44d6e2f21ce1becc016,0.09130712,0,0.0
VirusShare_570cd7608422254c96e532941022699e,0.16431172,0,0.0
VirusShare_ee5c76089109cdb43f9ceb024062da6e,0.15748166,0,0.0
VirusShare_9675d565941db0f84f978b155c4d226b,0.13348427,0,0.0
VirusShare_c07d56d84527b5b44568ee432554ae26,0.17411935,0,0.0
VirusShare_d86ab740bae14affba8bb192539fa9ef,0.27767885,0,0.0
VirusShare_1ef5eea3972fbbff4082368820fd4845,0.34526628,0,0.0
VirusShare_35f211479083de327037efb297fa43c0,0.47036257,0,0.0
VirusShare_91b12913a9364c6ffaa2860d80ebf50a,0.09074543,0,0.0
VirusShare_6fbde8cf109b8871d52cf14045bb11ae,0.03290553,0,0.0
VirusShare_3598b187ff89fae3accb396381754fd7,0.15858886,0,0.0
VirusShare_e7873c3e1957cc47c70f3a7ed53a9d46,0.15327343,0,0.0
VirusShare_b5382d242394da324c59c1dd0de3756e,0.31448174,0,0.0
VirusShare_e6efef44333d92db1a1985a0a563f820,0.6486976,1,0.0
VirusShare_f71fd543f75c7782bbdc3c9d2ea59f9b,0.1448091,0,0.0
VirusShare_2fefa6685bf7ea0b6608ce6b1a093fff,0.13998885,0,0.0
VirusShare_80cc28e5a822838393c43a7f51096e42,0.37923247,0,0.0
VirusShare_a8229a3da49a59ed211bf1ec9ad0b5fa,0.04018457,0,0.0
VirusShare_148c1382179f58f442aa3293c7742f20,0.65568095,1,0.0
VirusShare_3a915f9157ed173ffd2ad0af949bbb98,0.11847661,0,0.0
VirusShare_8d11cf09b72483f65116d20e2159b55a,0.13877735,0,0.0
VirusShare_52d819cdd68925808a5aa1b1b2827114,0.15206403,0,0.0
VirusShare_ec2697df18dce83b9a104e6ac92c3a29,0.2670185,0,0.0
VirusShare_ebe2e2e83b26d3fdb3dcfcff556a3927,0.16438201,0,0.0
VirusShare_5e1428d4c744b732f222fe1f43cc5f84,0.09119268,0,0.0
VirusShare_81802458d57c674092fea18c4a16efa1,0.66245747,1,0.0
VirusShare_53a9499cbad8476b9475c99f6574268f,0.20660344,0,0.0
VirusShare_a81ce3bb48d7fa60887ee004d08d7e34,0.04018457,0,0.0
VirusShare_d126d61ff1523303bb069cb0a2c29cc7,0.33502167,0,0.0
VirusShare_ceaf62e69ed861bd46fa492fb47e41ad,0.122433625,0,0.0
VirusShare_daeec11fe3985e9236640fae8304dcc2,0.3272007,0,0.0
VirusShare_cffc3ab0889483630575d3d07b339a2d,0.34908754,0,0.0
VirusShare_36602b7dc4198154b63495e8dd0ddd73,0.09119268,0,0.0
VirusShare_447dfb20150de2471b3478f280a8aa37,0.059607722,0,0.0
VirusShare_74545147851fd453d96f190dcedfa9f5,0.33357772,0,0.0
VirusShare_b45788f4a181aedecfa23c5e07b1f8d8,0.6582509,1,0.0
VirusShare_0d1a54a00ec436c97986dff828d4b2b4,0.6608752,1,0.0
VirusShare_20d84a9d7ca2e4c71a9363a0d9295900,0.30138883,0,0.0
VirusShare_ff422d14ca9621ff5be9693bf52f802a,0.6212991,1,0.0
VirusShare_af69b7446b17d53a2010cc036dde1851,0.09119268,0,0.0
VirusShare_a0c80096fa79aeb6d4f9e2ee174332bd,0.34526628,0,0.0
VirusShare_181536585838dbb2a8f514b321f7d449,0.09397517,0,0.0
VirusShare_ba3190b356a88e3586c868329e9bb529,0.16892257,0,0.0
VirusShare_0d5b1fee2862495224b7bdb3f8abc778,0.6527349,1,0.0
VirusShare_f5dd3a1983bf66ed486ba66a16df13fb,0.059607722,0,0.0
VirusShare_b8639a0d92987e07253fbd81d8aca5cb,0.15588407,0,0.0
VirusShare_3f731343f37cfa4da255b1446c0b8a8b,0.2949918,0,0.0
VirusShare_4247c8c070052c525c19321633f812c7,0.3692488,0,0.0
VirusShare_e853946c8050e0fc533c3a8e9a2240a1,0.081083395,0,0.0
VirusShare_a15ca4e33508e03950d9004bec5b0678,0.4581676,0,0.0
VirusShare_198b0dfe05ff19e61e0276c907a4ae09,0.13589427,0,0.0
VirusShare_bc6e1d7fcf0cedc15af1257a47ef602d,0.08643063,0,0.0
VirusShare_061213ec74247077c30f3c2b1f2a2edc,0.4375565,0,0.0
VirusShare_3a85ca6ffb664f7bcfa68594e703ff1a,0.05000163,0,0.0
VirusShare_e5b770f1c3981227b025e40a769ffbae,0.081083395,0,0.0
VirusShare_5b50372fb53b5c692b1c6aa937ee9683,0.19480877,0,0.0
VirusShare_7b78ba9480ddafbc594f5441b1b58c12,0.11865647,0,0.0
VirusShare_8a901fb10312b703013b2a88e9809165,0.34803596,0,0.0
VirusShare_a5fa1a53b7b52d5d44db109425070c77,0.33302605,0,0.0
VirusShare_b554e06ffa6f92090afb6d8349b225b9,0.13451827,0,0.0
VirusShare_1bd5f6079fb71edbf845516c5ebd8dae,0.3176892,0,0.0
VirusShare_8f1dceb54ce7afc2e23f2eef35fc5b80,0.12397474,0,0.0
VirusShare_73646bbac92a07ff605b0f0cd0a172bd,0.111646175,0,0.0
VirusShare_c425cdfe3bc3731be5636b9099b71685,0.39829487,0,0.0
VirusShare_a67fd52df8c9b0820c76724248e11f92,0.3053705,0,0.0
VirusShare_a8bcac631f8128e2aa2d04f5a5e87399,0.17766297,0,0.0
VirusShare_d69eeefc6891056f3d1b6e4da7df116d,0.34079885,0,0.0
VirusShare_6ec5b4cd6ef73d0d578149821c1416e4,0.6621579,1,0.0
VirusShare_490a653b72c22250ba1e46f5a44a11b9,0.34526628,0,0.0
VirusShare_6b77e3a54e1a7d156aadb3be06b3ee4e,0.34526628,0,0.0
VirusShare_3f9f6e29d073c6622fc235578f22bf3d,0.11856842,0,0.0
VirusShare_493bfa59ee9990f7f4ae4874972d630b,0.04018457,0,0.0
VirusShare_db69a13cf12541511e40fc3cddec3caa,0.2979177,0,0.0
VirusShare_ac23d4290437c13ba9c8af56c09f0781,0.3176892,0,0.0
VirusShare_4c9cd89dd8fe9db5508b3402e1ea301b,0.3176892,0,0.0
VirusShare_288a0fedaf4f962bd6a092a259f53a50,0.3176892,0,0.0
VirusShare_e0acee540d713dbf993cc6e3b93b3edc,0.20919856,0,0.0
VirusShare_5914661cc857d99978eaf84b440d6784,0.15658295,0,0.0
VirusShare_81c7fa83378d64d998cdb39c13e33c5c,0.33502167,0,0.0
VirusShare_8025bcca6a158fb7139adfb7316ed617,0.13598134,0,0.0
VirusShare_1208614b6975e73c987a4e32a6663507,0.14434083,0,0.0
VirusShare_1166707d88cd80b2f501e4fda49481b1,0.32890683,0,0.0
VirusShare_246b86264bcdb8c94d6054c2a267f2e5,0.26189238,0,0.0
VirusShare_0bb6a4996e8cda310adb530adef6fff9,0.33873123,0,0.0
VirusShare_b333c5675014096397dad8b76b239997,0.3053705,0,0.0
VirusShare_92c6b2707d2bca10ed003e515f8e9cd0,0.34526628,0,0.0
VirusShare_3effd452a728f7219a181cd52b53a89d,0.13877735,0,0.0
VirusShare_a41b721eb5a675a5373453196f387fd9,0.33110315,0,0.0
VirusShare_8d45144e0d03e3193d15a36ba81feffe,0.26189238,0,0.0
VirusShare_ba998ec8755a19e9b472534a8b4a21a2,0.38572055,0,0.0
VirusShare_f0f4e1d1bcf2bbbfb4a73913fe051e09,0.049022835,0,0.0
VirusShare_408a454905c33785b73a83d783131b98,0.33110315,0,0.0
VirusShare_74fa28f1869c0efbedfdfabcb0cb886f,0.25353336,0,0.0
VirusShare_64e2d54e840ac9e781658d0cb7ea0719,0.13309065,0,0.0
VirusShare_3978ad9da00dd84f9ecd5944d10c5dfe,0.15377703,0,0.0
VirusShare_288e48af1a8ddd9d7fba5a15d0b23019,0.33302605,0,0.0
VirusShare_046d1bb631947b3cffde8d754257f17a,0.22133955,0,0.0
VirusShare_b8b8e76e710e07874cefdcab00904adf,0.5964451,1,0.0
VirusShare_c62fcb81ece6ccfd99a25b7090f8f545,0.32951036,0,0.0
VirusShare_8e566407f0d45d9857581e8e165bc57f,0.32951036,0,0.0
VirusShare_2f9f6d9cf08a18e12a871c257ce64f27,0.12730716,0,0.0
VirusShare_aee1a8948f463b239674a5ca47b2c87e,0.35698056,0,0.0
VirusShare_78089099953c7c373cae597ba040b1b5,0.019033698,0,0.0
VirusShare_ca07e52a5887f70bf662ec2d4f26f261,0.108757615,0,0.0
VirusShare_45fdc64794ec5aa7843c8968b0562c04,0.16950276,0,0.0
VirusShare_63c807c5a7681985885135ddd5d361ed,0.3449929,0,0.0
VirusShare_ef36dde5c3dc0b4682988ad3addbc159,0.09119268,0,0.0
VirusShare_32deffbe182b23f7e5d9c89bea3202df,0.09119268,0,0.0
VirusShare_c0a18b6bba5dde0135d8a463cfd8e957,0.24403481,0,0.0
VirusShare_a68e805820df32f610ffa5bdb5a2b6f9,0.51258725,1,0.0
VirusShare_dd759109378be68d7cbd3e6cf8a48dbc,0.04018457,0,0.0
VirusShare_cdbd67fb92722b80aeb2139eac18c819,0.24444588,0,0.0
VirusShare_cb2d52f70ea289a1faab8164061f6495,0.31701404,0,0.0
VirusShare_aa4ea611c2f810d92545f4bb65082c6b,0.6531091,1,0.0
VirusShare_531c163ca35d479e5b91ff9a4f555e54,0.14633068,0,0.0
VirusShare_e88146f17960f43af7d1eaa67328c098,0.3176892,0,0.0
VirusShare_b4513290d59b9f4ab1abc63e66dfe592,0.3176892,0,0.0
VirusShare_375087b4c9ccb3f561d133dfa9b4c426,0.34908754,0,0.0
VirusShare_c1f5c6631d1e3f38c76a3505af84d9c7,0.3053705,0,0.0
VirusShare_3e6a05dd133df1a071be96b05d1a2516,0.04018457,0,0.0
VirusShare_8b866710e5ffa043969000c5416f99c3,0.12156217,0,0.0
VirusShare_ccc0fda39468b0b05708c2a70b8f6da7,0.42623383,0,0.0
VirusShare_78cb65bc12412439c64448e40bd6b0bd,0.09119268,0,0.0
VirusShare_2d54f62acc6ea98f1b78f9ef2008eafb,0.23375587,0,0.0
VirusShare_c592557b0512935b94bdb2d86decdafe,0.29865178,0,0.0
VirusShare_817a15f82d29beed6354a477dc113c1d,0.6545283,1,0.0
VirusShare_37ee371be1e5185e3e9ddde222aa9695,0.26819092,0,0.0
VirusShare_43a9a6ea23fa73a499be56d73fe69e85,0.20009759,0,0.0
VirusShare_0dd4ed9d6aa48c590e14477391958134,0.08676537,0,0.0
VirusShare_5e4ed092da881aeb8bab6097fc0e84a9,0.1192468,0,0.0
VirusShare_f0ac3d202bf51e7688beb50d77bfb487,0.3053705,0,0.0
VirusShare_94aa98ec45067db068bffc9248667359,0.14188217,0,0.0
VirusShare_ab72f5e240ddcc16d721f0ac0deb2707,0.32948294,0,0.0
VirusShare_22e57a67aec51c1d7a5aba3538d4e2c7,0.24916832,0,0.0
VirusShare_96e586d8ac81827ac5ac5256f4ef41b2,0.08447321,0,0.0
VirusShare_b86df73aeccab63ebfddd996915658b4,0.16950276,0,0.0
VirusShare_9b7fe75ebaf51e1eb8c1dc1de57c33fe,0.19038609,0,0.0
VirusShare_e33deb8bb69b60c9877764d182360d6a,0.3278864,0,0.0
VirusShare_ce491cd97d1aa433dc917563b4c5cbb3,0.3278864,0,0.0
VirusShare_efbe43bb8de193b773a20b17d77e41f6,0.32367378,0,0.0
VirusShare_615583d6afac610b534acefe656fd000,0.32367378,0,0.0
VirusShare_1f65350139961fad0a466b5b67cdee20,0.32367378,0,0.0
VirusShare_d2cee90fd81b630413b52a515ceb9cc4,0.041524313,0,0.0
VirusShare_d04675019e592ff60279fddbb7a7fc32,0.34526628,0,0.0
VirusShare_36b659c7a184f42c7efb10f18b2848cb,0.34526628,0,0.0
VirusShare_1d68acde5b1b89e38fd1c9737e65a282,0.059607722,0,0.0
VirusShare_f1e877e1f7aebcc4c8a2cd94b8a81f89,0.14950678,0,0.0
VirusShare_38269e4ab385354997129fb17cf79cf4,0.32367378,0,0.0
VirusShare_c46b6d614a95037cce05ce924f8d86e6,0.32367378,0,0.0
VirusShare_4934af3b081e2922451431c84afe3d9c,0.16057865,0,0.0
VirusShare_70b49e7600d2d2e7421e4a4def8a04c3,0.09119268,0,0.0
VirusShare_814a1fd989b93169b5c0eead97c9e961,0.4264787,0,0.0
VirusShare_e98f9c8160e4541af3a9dd42d5e1681c,0.09119268,0,0.0
VirusShare_6ebfd52f82ab476282caa05432f5681d,0.06943027,0,0.0
VirusShare_79b0495d3c7446dfdce684340acb0818,0.3661408,0,0.0
VirusShare_1b3897f8ced55081c4d8c70b935032b8,0.38843384,0,0.0
VirusShare_67547293f133dc6005b285364b85745e,0.36183175,0,0.0
VirusShare_51a6fe039f4f5e70aea6df552aad28ae,0.059607722,0,0.0
VirusShare_4c73159c1a446be559298f5efc29abd7,0.331282,0,0.0
VirusShare_8baaba17fc189e858dce597dd7147ae5,0.32367378,0,0.0
VirusShare_7055397dd669b124fba1bd61353e7d73,0.32838368,0,0.0
VirusShare_cfea3c877b3cbec3c9f540a0e8b4f81c,0.32838368,0,0.0
VirusShare_ce56d282ead1c8f2997536dff464245b,0.32367378,0,0.0
VirusShare_f834b3359dbd3bf11bb74e2c12cd1178,0.35021737,0,0.0
VirusShare_eb927ea9d0a02ce8deb8ff808985baf9,0.08797799,0,0.0
VirusShare_3fae54ee52d4f5d72b1dadd7266f008d,0.29192543,0,0.0
VirusShare_5bbd120adc989b88e2d16e924d1d22ba,0.037920494,0,0.0
VirusShare_af82dec1f465d948e82b4cc5cbddb306,0.24444588,0,0.0
VirusShare_28d9815ea7033ece6a502b2ec3dea930,0.25371948,0,0.0
VirusShare_70272979b44674abc15ca22bb54cca3c,0.17518122,0,0.0
VirusShare_a5e8a07776d1e096e5e15ef7e363c56b,0.0403072,0,0.0
VirusShare_62789406009db5da3685806704449af0,0.3941197,0,0.0
VirusShare_7fbc92ffef8ee4711ab667add59f3115,0.36784595,0,0.0
VirusShare_4dc6f1bf3c66db882d57160e456ef239,0.26043445,0,0.0
VirusShare_0f5e878ddfa7ee04457b134a9c17d481,0.6541089,1,0.0
VirusShare_f52fff01de134f1dc1b76cebfce898dd,0.059607722,0,0.0
VirusShare_18626182754c225c2be4650fda390289,0.6586744,1,0.0
VirusShare_8bf237cb11b6831c33e7016355d39d99,0.05697913,0,0.0
VirusShare_ca06bc70ec0a5d7c280214184787d452,0.08450018,0,0.0
VirusShare_a23c12511746942ab1e719a6552ca339,0.06275105,0,0.0
VirusShare_69acd800b0400e33bcbd4561751346f1,0.30185637,0,0.0
VirusShare_52d76c9827e17de1b240484a53a5441b,0.34526628,0,0.0
VirusShare_3f5cb95ff65ca5b3c7c2b3436af358e7,0.21477738,0,0.0
VirusShare_6c866507ca6c924e5859cad8bdaccc15,0.081083395,0,0.0
VirusShare_ffaffc5babfd0c800ddddf562738b7c6,0.65503263,1,0.0
VirusShare_b349bc378d0d604d9a48029c06a68d08,0.04709696,0,0.0
VirusShare_43afca955d023e9f0c486542d9a9e1c9,0.0711783,0,0.0
VirusShare_a2ece6621899cb0ff28ff9aa58c27fc1,0.15658295,0,0.0
VirusShare_d945159c9c2b99a258dc073fcc86d2e4,0.23205593,0,0.0
VirusShare_dbe22a3f3f7462c0187b42220479a50b,0.06572078,0,0.0
VirusShare_add13a541b0f4476e078c2165d09f2a7,0.058935206,0,0.0
VirusShare_57b28b3fb1595de19def1a7ace15e3be,0.34147292,0,0.0
VirusShare_46d45299fa124591c22d0150b100522d,0.3454009,0,0.0
VirusShare_18d79f6939b41a46725ed060b166de7d,0.21477738,0,0.0
VirusShare_73cc0652bc13940d917ab4c7befeb84c,0.02765512,0,0.0
VirusShare_539502b4cb0bb195851d10b8ea8d13a0,0.04018457,0,0.0
VirusShare_a07789616c7ab5b801e0e52304f5442b,0.05662749,0,0.0
VirusShare_c56b236027cd0a3fc097362aa9601d96,0.35110378,0,0.0
VirusShare_2747c9c60723049afc9a1f025331133b,0.65522254,1,0.0
VirusShare_9d89f5fc4cc3fceb4d19f291a1158d27,0.071788035,0,0.0
VirusShare_f5896c6ff76d25e7316b7ebba00cce87,0.18712005,0,0.0
VirusShare_79f2f590b47b37222243a59f133a449c,0.09119268,0,0.0
VirusShare_8c8e4bd0eb5388a7ebc73f45c5e4933d,0.09483008,0,0.0
VirusShare_efb26bbef9eb029033e3545131bee507,0.3461962,0,0.0
VirusShare_a04c561b6655a5a3a516e7e33c88714a,0.2777156,0,0.0
VirusShare_2eb26bf99f8c7fc486dc654909f65907,0.3869031,0,0.0
VirusShare_0f8e8df8e5f08822d77f037034abe923,0.10088511,0,0.0
VirusShare_b9a1c2a5645f482a4086f9e8d08f03f5,0.04965943,0,0.0
VirusShare_d1618ba60b4992e3092d8bd3351c6a6e,0.29452747,0,0.0
VirusShare_6c5d5d7e9652e404038db8db94d8840e,0.06777094,0,0.0
VirusShare_802a7069009c0d8f1ebd61e2f8c6538b,0.64956504,1,0.0
VirusShare_8566d512ba70fb44a16fd43ae0194105,0.057157844,0,0.0
VirusShare_b2e4a27fbbb11cae09c4db3c254df536,0.23541053,0,0.0
VirusShare_8d1f7ccfce4d022fc4789f2e50bcacbd,0.061673768,0,0.0
VirusShare_fc73b874851fc61654c6ff3168c25c91,0.09119268,0,0.0
VirusShare_a3c600fbd516aa4951013fd2e34b6357,0.065690696,0,0.0
VirusShare_ee91a6169bd66ad94a67b8b12094dbfb,0.10374924,0,0.0
VirusShare_c692320dc0d18cfc4a5a6d00e7c3f27f,0.09119268,0,0.0
VirusShare_a78a2957230c0c94175b04c4509f4017,0.3053705,0,0.0
VirusShare_2e6493674be4ec46de1b144bc656209c,0.038997874,0,0.0
VirusShare_8d8aeed3b5ce574ea8ab9cfad9699b3c,0.6584095,1,0.0
VirusShare_832f3805550cb6b30b9f370b341f205f,0.27581018,0,0.0
VirusShare_6a146738173d66826d80314f5b32354b,0.05034875,0,0.0
VirusShare_ff33b9735ccb7404bcf95f16a73395ab,0.053707145,0,0.0
VirusShare_402b52406b98df46023fb23ba9683b63,0.030288506,0,0.0
VirusShare_9b658d29510f6efc11717b65775a9f4f,0.25371948,0,0.0
VirusShare_d144348f6c6ecefe0fd202b3d2001c18,0.28594604,0,0.0
VirusShare_4e920b55e0a2757924b4121dc75d12d7,0.18672983,0,0.0
VirusShare_525fd1e849e1a315e6dd6a42c57246b8,0.16950276,0,0.0
VirusShare_e455909730684c6f7f062c803b6c01e1,0.06943027,0,0.0
VirusShare_a9711fab01eaeee47130607ffbe8bbd5,0.16410096,0,0.0
VirusShare_b4b632c3fe374ac029f26b852d043721,0.018660236,0,0.0
VirusShare_40eb12b1a6940c7b8a06acd0fda6d70a,0.6555931,1,0.0
VirusShare_875b8f9a95911c6cc1ae02e855ec05e7,0.23151584,0,0.0
VirusShare_19c62834f66954ac980cfbd99b27c648,0.25371948,0,0.0
VirusShare_8f1535281df97440df99312fd9ddefbe,0.18712005,0,0.0
VirusShare_6f17ebc4e81d78238f3823a6c7a10d04,0.065739475,0,0.0
VirusShare_9b7a0275a6e82d003c4635535857d924,0.23541053,0,0.0
VirusShare_75991cc36bd17296b2871cde817007df,0.2280517,0,0.0
VirusShare_6c48d8a9cf806fff4f1bab8cd22b7598,0.36784595,0,0.0
VirusShare_be66dc0aeb6b911298da67d6d5d3b17c,0.31948572,0,0.0
VirusShare_0151659dec94f5be2890d88727d073b8,0.35389715,0,0.0
VirusShare_b5e6afc417ea000f838e3f456811eef3,0.317689,0,0.0
VirusShare_82ff9fcea8baec6a6bb663374fdd48ba,0.31970078,0,0.0
VirusShare_070dad72ae7bfcc8f7379f00aaa6f86e,0.31970078,0,0.0
VirusShare_31295d4872c60540d8ced66bb37cd2a5,0.31970078,0,0.0
VirusShare_7836d32fba12d4ab35d78692451ef8b8,0.30387726,0,0.0
VirusShare_bbe127d7e7e68ceecb807e9e22f5d4d3,0.15045653,0,0.0
VirusShare_6ca3111158a0c3cd9ba89fcd56f7c4f6,0.30387726,0,0.0
VirusShare_4831553eec8885fb659b34f4295cb956,0.29118872,0,0.0
VirusShare_caaf76627f4a2a334bca578e86ed1f6c,0.33190054,0,0.0
VirusShare_dcb2a735d2e7cfe25bed8a8bed945986,0.15423165,0,0.0
VirusShare_ebed1f710692f9a026404a7658c6c386,0.2656672,0,0.0
VirusShare_c64ded8962844fcb1a46aaddae8d1b16,0.12646689,0,0.0
VirusShare_7b85a0d9345826167ccc5994b43823ff,0.38572055,0,0.0
VirusShare_e5bdbe37f54fd935c1a0bd08e055e716,0.08481465,0,0.0
VirusShare_f5e5010550e7f589d4fe09f3c6703dce,0.24403481,0,0.0
VirusShare_f06484fcc5347ad58f9e1d7a666fd991,0.290626,0,0.0
VirusShare_5046821e1590f03edfbd319caa206a7c,0.24473128,0,0.0
VirusShare_b2f2da045c0ecf85237fcc01885dcc07,0.16518676,0,0.0
VirusShare_504d110916a02e55d2380a79bff73e9a,0.2196093,0,0.0
VirusShare_34f36f2ee7507b080ea79c672c0e72de,0.17570886,0,0.0
VirusShare_2b93b4ec22d8ef48868253dd3448c3be,0.10770957,0,0.0
VirusShare_ab8c72b7b65e2ef3797d4a65271044b1,0.16155832,0,0.0
VirusShare_c78b9cf6e4b4a60a7c81360a9e96b8de,0.14469698,0,0.0
VirusShare_e4dfdcc8d99ed1651298b0cef035f857,0.33110315,0,0.0
VirusShare_4344246dd495cb2619427393e880b08e,0.21409766,0,0.0
VirusShare_bfd0b997d7dd6dc3f7f97499a2b0dac0,0.27728873,0,0.0
VirusShare_f74182743334cc4eb41c25c66797d9e9,0.22283463,0,0.0
VirusShare_05b6505013c82b98d6da1275c1c44e37,0.04018457,0,0.0
VirusShare_122849cb830621c914327c12b66a3cdd,0.059607722,0,0.0
VirusShare_ef56315ccd3bf627e480ea2295716f28,0.11944763,0,0.0
VirusShare_d8a6acbc0b1666bb8e964257cc51256f,0.17908414,0,0.0
VirusShare_96ce76d288581fc5c8ff287e1e1ccd9e,0.33928633,0,0.0
VirusShare_67c30247caf4ca515bb3bcaf1d958d6f,0.24403481,0,0.0
VirusShare_d5b4ed68b01a7a6570646e2439a2fb1b,0.34860986,0,0.0
VirusShare_5e89ba726126b427cf1e0151d63a58ba,0.14950678,0,0.0
VirusShare_c0094350b4f2398b7cd2cdf4e1e30df9,0.31997186,0,0.0
VirusShare_19e1935307f390fe15d5f09e2996c3c0,0.33255017,0,0.0
VirusShare_25a927df18f8a7e60fc04a1f42db5521,0.31650943,0,0.0
VirusShare_008588118faf241a8703c9c57512a8e4,0.22270343,0,0.0
VirusShare_fa0dda4ae8759dc48c57ece86ad14a52,0.3367919,0,0.0
VirusShare_e9ae6a194af59de833778f2ded43f03c,0.059607722,0,0.0
VirusShare_bef85887baee36adcbe1ac5c96869caa,0.63672954,1,0.0
VirusShare_f2b843b4b8b5eac863be6e764726cd59,0.6616608,1,0.0
VirusShare_4792a6276137013d16c134818b7ab28e,0.14950678,0,0.0
VirusShare_36408557265d74d6dfc610a06ea29ec8,0.34479228,0,0.0
VirusShare_e1e797703f3ea73c3b9b136bb2bcd5ae,0.081083395,0,0.0
VirusShare_ec9ff2ea9a2008f6b224b2c700042ae0,0.081083395,0,0.0
VirusShare_580823aca72fe9d3c9be14878c934e9f,0.09119268,0,0.0
VirusShare_430594a910d51c809b4060972bf9abbb,0.111646175,0,0.0
VirusShare_a1f5fdb5d0e3b1186942b0131db02e3f,0.26819092,0,0.0
VirusShare_f0355e47e8ab9b7e3da31220b873e355,0.14665635,0,0.0
VirusShare_3737b46a421092fd91c1ef5ab882174c,0.04018457,0,0.0
VirusShare_afc4fd84bcc8bf8ea5374700992de796,0.317689,0,0.0
VirusShare_ded67eed0a3a5986afd2f755d8cd1c78,0.13797566,0,0.0
VirusShare_c6381bd5069e7b693e019e81e3ed004e,0.14075328,0,0.0
VirusShare_214ad8c8fb2d950838a03e565cdbfd68,0.17441246,0,0.0
VirusShare_700892bd49e08fea78e75add05384371,0.65736055,1,0.0
VirusShare_f4326ec2c0916f052b8c7773041b96c8,0.14795975,0,0.0
VirusShare_1989dfee8a1eba5c3aafc657c128fa42,0.12663682,0,0.0
VirusShare_a39ed9d79052fbf795dcae736322089e,0.21883985,0,0.0
VirusShare_0e21f369a4f47a19a13fa24239e52ad8,0.65690553,1,0.0
VirusShare_0bb64ed9cb7062931eee0c777fd71d8e,0.09374417,0,0.0
VirusShare_e17a186d2a169a150d04efba8cb113f4,0.12117152,0,0.0
VirusShare_6497ad6c56bec7351706fc32f2011cc5,0.13877735,0,0.0
VirusShare_a83c52b04b9ffaa1c82cf99b45d5b5d1,0.12663682,0,0.0
VirusShare_d7767af536020be0fae90c9e9c409d5e,0.13566978,0,0.0
VirusShare_49b7b3fd9ed2fbf15bb09d695fba9104,0.6581007,1,0.0
VirusShare_c27869469045e53a6e7422e6b1204789,0.25851327,0,0.0
VirusShare_4e1dc520405129d7c0c646007f963bee,0.059607722,0,0.0
VirusShare_df76d0b1ae4cdcaa86d3eaa31f01e9c3,0.40683025,0,0.0
VirusShare_2259606d6840272f40dd1ac44de42679,0.11677337,0,0.0
VirusShare_e78c1b32c431899179b6d187add3f0d2,0.24444588,0,0.0
VirusShare_0c8ae1699a51881a791d93d3d6b8e244,0.6571004,1,0.0
VirusShare_924dbbb9d0cd68812fd6940a4ef49194,0.106065646,0,0.0
VirusShare_aa9dac046e1fddb93f1febe7c26a3b8a,0.1773514,0,0.0
VirusShare_9d82a50117b1bb81f8b82120c193b95f,0.14224502,0,0.0
VirusShare_93ed198be439f1127bc1e5c5df989a25,0.09119268,0,0.0
VirusShare_01b5d84335a7ffd0fcb49befc60ba9ff,0.09119268,0,0.0
VirusShare_c9626b0b9c73420f17cc3b3cbde080a6,0.34526628,0,0.0
VirusShare_7cb97b78248d0a6345632965b12f57dd,0.14509161,0,0.0
VirusShare_d50b97b5dabaa7c57b995e93ab2bd5d3,0.111660495,0,0.0
VirusShare_11670efa4e48ac28ab16459c88e7b5a1,0.09119268,0,0.0
VirusShare_b8c34a1be87e11eea9d4250952a3b02e,0.059607722,0,0.0
VirusShare_b77fb6d528f568b02913c593b51063d0,0.20976345,0,0.0
VirusShare_3086496b2c919b80aa4c7fb9105042aa,0.34526628,0,0.0
VirusShare_91265fb0888cb9a7ff04c5084c11c0d7,0.19709548,0,0.0
VirusShare_b0aac5d3c0dd248161221c6998ae2292,0.3176892,0,0.0
VirusShare_634a67849427757e7d28aac984b54d58,0.34526628,0,0.0
VirusShare_35e5a4017dc4c50913cee34ca9e22cf3,0.081083395,0,0.0
VirusShare_5028b71c8176bcd6c7ecfcb641f20633,0.31535307,0,0.0
VirusShare_431f3e40912d4518e694e929a5c6fe19,0.20955925,0,0.0
VirusShare_c96a3cb5366033dd15de6a113452f335,0.18444546,0,0.0
VirusShare_f9561e7ee524b944519dba9f3d820cb9,0.57479656,1,0.0
VirusShare_6588ac46810b30763c966b2121ad7ec5,0.26908106,0,0.0
VirusShare_ac269899ae996242bc562b165e0d24d7,0.09119268,0,0.0
VirusShare_8d9b68a6dbc8d92b5a56a251dbd8c888,0.22912344,0,0.0
VirusShare_9fef700315800911e21ecbb4c8d69147,0.043150034,0,0.0
VirusShare_224d40f7e5aad0034af1b4934dfcf4e5,0.37373048,0,0.0
VirusShare_18c172d386c3dbabddf00375aab27363,0.081083395,0,0.0
VirusShare_d5c0aa3e90867509716c0c63825510fd,0.10027299,0,0.0
VirusShare_264f2666fa03a98cc7ff6fa94ffba735,0.16272698,0,0.0
VirusShare_13d817ab085192a8b849a5cd324689f6,0.14671074,0,0.0
VirusShare_b9425d3f937837a30ca0120d8a0fe7be,0.25130206,0,0.0
VirusShare_8d4d4eec7b526c175c981deeb58577ad,0.081083395,0,0.0
VirusShare_6ef9dbbd55187f897486af7fc2c6b1c3,0.30315542,0,0.0
VirusShare_b57ecbf97b3e7842aeed5c5d68fc4dba,0.33110315,0,0.0
VirusShare_6694ffc438d6355eda401b169039e4aa,0.3357795,0,0.0
VirusShare_ad908adc5ceefd734bad5ae954846cf0,0.06943027,0,0.0
VirusShare_1eb1e5a21bf10a33a24f0d0a8ab193e8,0.09204431,0,0.0
VirusShare_09bd515a87d8d8085f0ee94fb298ca34,0.30854902,0,0.0
VirusShare_6713b24f1724f68c04fa98c573952ae0,0.15365878,0,0.0
VirusShare_f7321f85d324d21d49c20d0f0ced8be7,0.27745855,0,0.0
VirusShare_8a058dd10a203494d662b3b4d3470d92,0.34526628,0,0.0
VirusShare_5fcb8edeb32b1ca16fef802524e0c199,0.34526628,0,0.0
VirusShare_211d0d0914bc455948208b63ad7c0143,0.25371948,0,0.0
VirusShare_0bf76f03a3d0b37debfff24932e51f57,0.13877735,0,0.0
VirusShare_9995c84296cb87e279c9cd59e2c9e88e,0.041524313,0,0.0
VirusShare_3d5f394102d974191b8f71b7e5f08924,0.25836426,0,0.0
VirusShare_a10171185e63bfb3759c5cdb08b9c026,0.15858886,0,0.0
VirusShare_8f22d5cc8db02ed9927860ab3da28cb5,0.17130665,0,0.0
VirusShare_9c1ecc78a10d689a217a86dcdd7e2722,0.19330387,0,0.0
VirusShare_3c0ed6aa59ed21639d91d138c369fdfd,0.15967016,0,0.0
VirusShare_ff3b59d631be385dabd801113e1f8bd1,0.4351077,0,0.0
VirusShare_935516e4d3d491ec2e17acf5708a00c0,0.24107552,0,0.0
VirusShare_0d18837feb612835badf2c87d389ce66,0.18997756,0,0.0
VirusShare_70a4868609158834c223aae39b33c895,0.09510832,0,0.0
VirusShare_7637ca36e929b087aca59e72d97afb7e,0.12194441,0,0.0
VirusShare_66ef772a32e88940407918d1d7debbbf,0.17190036,0,0.0
VirusShare_410e12ed165dcdb0916d8087b8c10b9f,0.23393938,0,0.0
VirusShare_8d6796633d8a1a885077a5ef72a00a69,0.23326974,0,0.0
VirusShare_8e4f2c6dd1fbfb76c73e3778a5e741c8,0.17690106,0,0.0
VirusShare_cf043d38d44024d676eaa2f5b3d5112e,0.23345692,0,0.0
VirusShare_f29fa18c767401f4a4ab2ca50f923466,0.09119268,0,0.0
VirusShare_d51471d799948e9f948d886a2a756f94,0.23101898,0,0.0
VirusShare_a6d8ab2fb8d7dbeddcc16032a68179a0,0.09330921,0,0.0
VirusShare_b11288ff87e2f92e20656cae9a89fa7a,0.081083395,0,0.0
VirusShare_3b070a4742945c19226f4ca4d2373d1d,0.04018457,0,0.0
VirusShare_24b05305b77a7728cff9824017475520,0.08575909,0,0.0
VirusShare_4a1b1df34105f6c5f28b16d58eff1ffc,0.19922446,0,0.0
VirusShare_87bed05a4e85506338ac5513eac87a18,0.15099302,0,0.0
VirusShare_3111d5cdf4f2d2f4357f876461dffb4f,0.121503495,0,0.0
VirusShare_d0a45f69871f3cbcd542442853884f81,0.09119268,0,0.0
VirusShare_c64c95d9c57473f94542c74de0f514a8,0.20184767,0,0.0
VirusShare_98ed1e8f5a7902e1fe1181ea267b91e5,0.13907078,0,0.0
VirusShare_aee9ebafc0ab5574f3c0667102fc85e5,0.09098892,0,0.0
VirusShare_2c40615ea7838478a6d68f80d85a8e67,0.65886146,1,0.0
VirusShare_bf6bdfbc17fdf0c219b21f24510d6397,0.30704874,0,0.0
VirusShare_c6e9c5012196c666f8c7c067d0da6e13,0.1368092,0,0.0
VirusShare_2a21216a6d7593bf5a3b210b072565e7,0.64853156,1,0.0
VirusShare_89b3777d8d3b5cd4d05330451d300e81,0.1802104,0,0.0
VirusShare_08b55e148eb6a0299d5c42654d5166e2,0.111646175,0,0.0
VirusShare_4b28a5316a8b85e38d9aa73141191623,0.34526628,0,0.0
VirusShare_c4e47d29adba4dd4b8b010ac5d4b3dd0,0.09119268,0,0.0
VirusShare_a6971e89ab2b199b76d85384b0db256f,0.33086157,0,0.0
VirusShare_cc5fcf026f86a1a6c617036eb662103a,0.12640779,0,0.0
VirusShare_3eccf4aa57d4f14c8c7becce500c9145,0.24937585,0,0.0
VirusShare_d049f287c8c292a60138c56fb830ec50,0.30561906,0,0.0
VirusShare_e6037856992742b5765e9cc521d49caa,0.6509453,1,0.0
VirusShare_ffe7fbe6e6473d122334d0350ed6dca1,0.04018457,0,0.0
VirusShare_5958547ed8657e03e97ea115f6620685,0.04018457,0,0.0
VirusShare_837aac6df93bba6aae3439a29fa3efc3,0.6581769,1,0.0
VirusShare_51238601a06f5b69d9d6167f3adec3a4,0.08559439,0,0.0
VirusShare_370eee84b9c096070695559e81432d93,0.112654984,0,0.0
VirusShare_eb9f18e347f24b3a5d1dcb3bae1a53e8,0.09119268,0,0.0
VirusShare_ff595bc010c5e1112008247de35893fa,0.10747279,0,0.0
VirusShare_04a536ac67984d5c486f81db91922587,0.4296953,0,0.0
VirusShare_4dd319df657aa1211ad85999e9aed74d,0.33110315,0,0.0
VirusShare_c04fae9374e03af14660b9412c382406,0.09119268,0,0.0
VirusShare_4b1f611bbe3b83ce7bd5a9e4338c3b77,0.31142205,0,0.0
VirusShare_b49e874354693d96c1c85eccb5d80414,0.29542786,0,0.0
VirusShare_61115cc4f8788ae93a5d5ace0b759e43,0.09119268,0,0.0
VirusShare_dd61785d5efbcedc6619f3a903d277e5,0.15530317,0,0.0
VirusShare_03ec62c3c87ac02f0881a31ed91de860,0.26189238,0,0.0
VirusShare_6cfca6c9f4be97bbd1ba120041add194,0.21409766,0,0.0
VirusShare_5853913addfcbb56ab626e29cfbbe726,0.19817176,0,0.0
VirusShare_e4beba586cd683682f2529e63cebfbc8,0.2769131,0,0.0
VirusShare_4739d60b259a529b80ad3f2334c6d932,0.24403481,0,0.0
VirusShare_9f74c4cc8369c4feeb23501ddd1f2bff,0.21639486,0,0.0
VirusShare_8f21b54810e6badfdb17f44e3b41aa05,0.13877735,0,0.0
VirusShare_bf6e65f9406c7aa0f9b28be06c7a6ec3,0.18379948,0,0.0
VirusShare_82413139cfacffd41f064fbca77dbd5e,0.021378309,0,0.0
VirusShare_9513986511680d4afdb010004b17130e,0.16950276,0,0.0
VirusShare_8c5db5d61650bc36c2539561b3f2c851,0.04018457,0,0.0
VirusShare_dccf2c5fe52414b65afcfdc0b366c471,0.14555159,0,0.0
VirusShare_65cba41ee697870f0f2caa74542b341f,0.25371948,0,0.0
VirusShare_0705723c51edafd564857fc4e5523784,0.13877735,0,0.0
VirusShare_d7f9cd7a7bc74ae0b8124e007bd95e06,0.34526628,0,0.0
VirusShare_b421f1ef60f56eab729bccdfb30aeae8,0.41617805,0,0.0
VirusShare_9281d58d5b3f1b03a4d5258fa5f3b63d,0.43773946,0,0.0
VirusShare_845f827ae1f9b35ac3dd4037117a0bbc,0.09119268,0,0.0
VirusShare_95a6cb355f4e7f13cd5e504836f01dd3,0.16797689,0,0.0
VirusShare_979e612dbe4abe94c908d6d5e5224e4d,0.34079543,0,0.0
VirusShare_c2b0827f6625756f960b8bcba6c4d0ec,0.6554123,1,0.0
VirusShare_7c6e6aabc691ad6695606a55952cd962,0.057157844,0,0.0
VirusShare_e4a3b789b337ba2166f6428babd94488,0.32369083,0,0.0
VirusShare_0a49f2ffd630b74cdc5592faf92dde49,0.04018457,0,0.0
VirusShare_f92fdc5a98f724ec65e214d4f851e981,0.10410305,0,0.0
VirusShare_68071fbd4bab91ac7c86873b6a58c6d8,0.33106795,0,0.0
VirusShare_9742c196260cd4ca0ac45cd07938c68e,0.25261095,0,0.0
VirusShare_bbb3f12124b269cd7650dff571889bf3,0.25371948,0,0.0
VirusShare_2c0b75da893c813e2c1a56d4305ca4ce,0.31448174,0,0.0
VirusShare_a19bb2549dc78e0f8f784a2cf58cb67e,0.31448174,0,0.0
VirusShare_b586a52990a80e43ca5fec5ad11a4a98,0.06200152,0,0.0
VirusShare_1affc0db8db1e24bcf45f65889b2e402,0.2196093,0,0.0
VirusShare_13eef28fa6a133ec8a7ec31b12643548,0.059607722,0,0.0
VirusShare_8d7a4af5e271c89a58d37bfaee77b081,0.06943027,0,0.0
VirusShare_1f7ae2df5c79f6a6ae6742839d693602,0.6545998,1,0.0
VirusShare_ba0dd6ff88989e5b39653b7e1120d392,0.12973642,0,0.0
VirusShare_66d58a0119d9732cf17db1b1ce9a461b,0.34751788,0,0.0
VirusShare_a277414b1597d01e5e13f9665ce29c98,0.34526628,0,0.0
VirusShare_32caf273ac7f4e73fd5e683dd524c0f4,0.09119268,0,0.0
VirusShare_8ce7a80e0bb5346c114478974c45d05c,0.33110315,0,0.0
VirusShare_3cdc20e6bc53e7258830b07b0f123b93,0.33110315,0,0.0
VirusShare_6f105d0683625aee2619889d9630466e,0.04161884,0,0.0
VirusShare_89d8e8755dc77d580fa62bd10006fd21,0.04018457,0,0.0
VirusShare_6c335862977aa67e668dac17332be5f8,0.64843637,1,0.0
VirusShare_01d61d7b1ad969a101aa9428be70b2d6,0.6564703,1,0.0
VirusShare_27570cc4d467a32f6fea9d5fe1843fb6,0.15047406,0,0.0
VirusShare_66fd85949c39fd5302b730b6fb69941e,0.19664685,0,0.0
VirusShare_8cfd2234e170fde5cc864d31a8cd585b,0.15031995,0,0.0
VirusShare_a809795fe51a491c0c554733d48db5fb,0.66049874,1,0.0
VirusShare_d4d60e2e21cda37cd6a469ac2bffb913,0.062268287,0,0.0
VirusShare_f7c5780d55c2c51764e196a2a2bbcb5d,0.09119268,0,0.0
VirusShare_4beb45175a0699da10a433f7ea2dc46f,0.15560292,0,0.0
VirusShare_f3b6996916d7b66afb3eda0ec52dcfe3,0.13877735,0,0.0
VirusShare_c63aac79d819105aa982e60929d11724,0.16863924,0,0.0
VirusShare_56b06e2a889cc21dabd94bad09401c9f,0.30376428,0,0.0
VirusShare_1fb093aab383c509393e92b817e484cf,0.08568659,0,0.0
VirusShare_eeb691368bb5cdf45361ea85e181081d,0.09119268,0,0.0
VirusShare_09d3f60ebc275a252041796979af5816,0.31931886,0,0.0
VirusShare_b9d879b4027867e4a562817350eafdb8,0.6525351,1,0.0
VirusShare_c9a10f6a992e179d4dce2ce7dac20c3c,0.53777313,1,0.0
VirusShare_032851e7efdb5aada3649d33ee6c3493,0.066540055,0,0.0
VirusShare_339b621f1d8bc755e7bdb0e8de28b647,0.18942888,0,0.0
VirusShare_4c624fcf3fd5052af7a2672ad8e7082a,0.10027532,0,0.0
VirusShare_217e7217a9956bb8414024feadf65c2b,0.34526628,0,0.0
VirusShare_6818dfeefe8f5fae07127b7a07beee3d,0.26819092,0,0.0
VirusShare_cc7c94d39f2e32bdeffc1ba1d7b45996,0.09119268,0,0.0
VirusShare_5959eace6f0a5318f40940edb105a644,0.04018457,0,0.0
VirusShare_cad5fd6e52722df15f0c8259f85ce74b,0.35632205,0,0.0
VirusShare_09e6ca83a61ec29dd2f9a98f75e4521b,0.111646175,0,0.0
VirusShare_a490f3c898da8e3d74ff06ae33f17eca,0.3178422,0,0.0
VirusShare_86e5491f65b5d53b98541668650323b1,0.31798196,0,0.0
VirusShare_5a2f7b92aeb236d5e4ee388e873e4035,0.059607722,0,0.0
VirusShare_22c2afbf1e09b371d52703620cc313e0,0.4581676,0,0.0
VirusShare_93be4a8738ba7ebd50fd63366c07e408,0.75955373,1,0.0
VirusShare_0e47a4f7dfacb47a5b6a4858d9ed1006,0.3176892,0,0.0
VirusShare_2209473152846ce87616bb6607d13fa9,0.041524313,0,0.0
VirusShare_6147f24512e83b25548988b216ca08df,0.6490072,1,0.0
VirusShare_db59c6a35f1da7c47c42c682c29a4776,0.3371057,0,0.0
VirusShare_2f8179f7241929e845472314d147e98d,0.1773514,0,0.0
VirusShare_f82e4c8809d8032bea2fa32ed78e20fc,0.1827368,0,0.0
VirusShare_c0f503b7b90bf59511d6d101e4c44c1f,0.19680823,0,0.0
VirusShare_c66e621d918b6a6e649b697cb6679048,0.1283874,0,0.0
VirusShare_f62ff4a357a70b07b2de7fbccca72aff,0.15193614,0,0.0
VirusShare_5cdcef980376ea2cca62b85e0a596bde,0.34526628,0,0.0
VirusShare_a7c7bb532823a6e7d4ace596f146c618,0.38926426,0,0.0
VirusShare_70ceaa6efdd81159f3914a7b4455b2a8,0.12052703,0,0.0
VirusShare_16c58832f197f2f4311f8890fb02b762,0.16674617,0,0.0
VirusShare_35bf08221c98c5d2d45a4a6164228b20,0.38751426,0,0.0
VirusShare_92c8041f9a75bb290355aea8a7d8c24a,0.26260257,0,0.0
VirusShare_8e6f1344baafc9fcfd5644fe4bf6a00e,0.04018457,0,0.0
VirusShare_c57965719cf1eb1a4b75f7433452a0fe,0.33902556,0,0.0
VirusShare_37991f66ca6e248d3dceea1d2ed3e892,0.111646175,0,0.0
VirusShare_16f6a4c8638cd1f64d5c54a9d08152e0,0.017063137,0,0.0
VirusShare_69d0a089c3cde592d39399aae6fcee3f,0.16892257,0,0.0
VirusShare_2c099a8fbc474198062b94d89aa9c8c3,0.10075183,0,0.0
VirusShare_2aad5544db6e97dfe08d99e8d16ebc36,0.24473128,0,0.0
VirusShare_7274e5a2772dcdf37329afea7ec037db,0.65655845,1,0.0
VirusShare_fae849bd0205f368757e7e411531c5bc,0.65831834,1,0.0
VirusShare_085e94e7327000220795d6af100daa66,0.6528869,1,0.0
VirusShare_09dd387aaaca05af21c6fb7f97623853,0.111646175,0,0.0
VirusShare_e97cac67f0cc706e7f7c2fc2aa83a195,0.65681744,1,0.0
VirusShare_0406a7aa7537e4769b280392fb4d8e75,0.111646175,0,0.0
VirusShare_6a17721d60db1d1c71e438b4241ad00e,0.4581676,0,0.0
VirusShare_9387db6434e9f64aba2ab595991178c3,0.09851198,0,0.0
VirusShare_faab199eeb9c468482b96bee698da6bb,0.06339507,0,0.0
VirusShare_17c58b9f093730a401afa93f286f8afb,0.34526628,0,0.0
VirusShare_1a00c063efe684b48d95c8f49cbef36f,0.124813244,0,0.0
VirusShare_ba1ba5dc7a6b2206bf9a2b04c9b94ed1,0.40236086,0,0.0
VirusShare_ecaf2c411c12d4862782a7bbf62ab189,0.14950678,0,0.0
VirusShare_5a534d648bec70de6d932e4e4890d4e2,0.061769962,0,0.0
VirusShare_c260194e16e20b3395847b8578dbc04d,0.34526628,0,0.0
VirusShare_929f43bacce6942a8d812dd543588227,0.1283874,0,0.0
VirusShare_0aa5b8e7bf5bb6363276b4a6e5270f35,0.24403481,0,0.0
VirusShare_bd406a6f4297495ab2f949f033c209a9,0.35389715,0,0.0
VirusShare_1717c6f5af9bf551384a7a1ff5545b3d,0.6502778,1,0.0
VirusShare_0a200368cb081089ef3aec17fde13100,0.07541381,0,0.0
VirusShare_3303a2547e0beb2803e1ed51f7ccfbc1,0.067760505,0,0.0
VirusShare_3b9e73fd52da3214e451bb908af58d04,0.1937631,0,0.0
VirusShare_230248313b8cd99d6c66c2f1a0d7edbd,0.6560014,1,0.0
VirusShare_1f820b3bb798d7cd796506cd0b103fae,0.034285557,0,0.0
VirusShare_a87b6e51f120dd879f4b34c2fd4979ec,0.24473128,0,0.0
VirusShare_f07116e0e7154a7dfd8a9e514184c947,0.054921456,0,0.0
VirusShare_829d129d28e26122a8ae9dee0d9f7d47,0.07093558,0,0.0
VirusShare_8ab79ca1f6a6dbc22f8f435d5c9e018f,0.7927681,1,0.0
VirusShare_988be5eaf7d7b5ac88e789c239741eeb,0.65964043,1,0.0
VirusShare_c298237ad944591852849902cbf0e9a2,0.39988422,0,0.0
VirusShare_8cb3cb2632bfc6bfaaf30030a2d09d5b,0.6580523,1,0.0
VirusShare_31381aed53b9716409160d17cc0a2d40,0.24473128,0,0.0
VirusShare_1b783b40f465fda096b1e826bed63642,0.05771766,0,0.0
VirusShare_96c3f6a6cc4fe5e9eebaa1364075a762,0.12397474,0,0.0
VirusShare_248ae8dbfa4e8f99b05ada6ce8bd7de8,0.39171514,0,0.0
VirusShare_387140c01a827c99dac2869e4d2a75a4,0.6577192,1,0.0
VirusShare_685417dbaaad58873e15f9bb1e9fadd7,0.081083395,0,0.0
VirusShare_6449feeba92516ef406d1c91e856bb4a,0.39988422,0,0.0
VirusShare_a125197c30ebae9b77afe46c6ca25038,0.65977466,1,0.0
VirusShare_e3f74533ef3f0a0fec03f81c1b634915,0.12994066,0,0.0
VirusShare_540e9f2acc8b195f58cd7e9e67e99b58,0.15067177,0,0.0
VirusShare_83df71d83ec4d329ca9a9eecb893bafc,0.12315502,0,0.0
VirusShare_f6480ecd11e11d9f9a645bf2d32b5fb4,0.18427403,0,0.0
VirusShare_9522b5d8ebc25a8ddc472a7fb1c3e47c,0.041261803,0,0.0
VirusShare_192bbdd823860e29935c60ad474ede54,0.30387726,0,0.0
VirusShare_99dd35deec648979bcd5d73136c71d97,0.6530225,1,0.0
VirusShare_fb74130c50d148c58efbce5d3845cdb6,0.156297,0,0.0
VirusShare_23c5eff83bdaf43b28e46b089d562ebe,0.04281029,0,0.0
VirusShare_44fa5422adae2460aa931d93b45c078c,0.3053705,0,0.0
VirusShare_9daa085a449d655eddcca928fb0c4c44,0.044123493,0,0.0
VirusShare_6ba8ee04fb91b0cf48942f7e527ad212,0.06943027,0,0.0
VirusShare_baef6a1249e0f67d6a850b6b7feb74f6,0.111646175,0,0.0
VirusShare_7d6b30efda9a5906e19adc763866d96c,0.20047367,0,0.0
VirusShare_ce0ce55b6bc419109c14e7201e603e74,0.021942753,0,0.0
VirusShare_8c6438e53f4d1e0aa860c2b20d55013e,0.17606375,0,0.0
VirusShare_c60000d0c6339c7fe6fcee92f0e245f3,0.65634537,1,0.0
VirusShare_ac7be871619fa8cdb5c9a74baf4b6a5a,0.10073109,0,0.0
VirusShare_84a49e1b9331251b55b0119eb55e50c4,0.6518682,1,0.0
VirusShare_b021a611aa6fb9d1b6cc626e4728f4f2,0.04018457,0,0.0
VirusShare_a77002607c232a5df2b9e526a07e18ea,0.50317204,1,0.0
VirusShare_e9476c2120a2a021ae2c244b8ed01b5c,0.081083395,0,0.0
VirusShare_db0c12ca51f058e27f6199dfe97aa34c,0.34147292,0,0.0
VirusShare_dbd86e621acca2f93c8b6b688c3a9d13,0.25371948,0,0.0
VirusShare_10b3b4cf218cd8125a5085c68f0055de,0.65882885,1,0.0
VirusShare_97c249eae53b900fd409246b0845c1b7,0.054771163,0,0.0
VirusShare_2345fec06ff99547e57509e1fa6fcac2,0.55316246,1,0.0
VirusShare_c06437cef674a320ab1d16ba60ba2753,0.1371262,0,0.0
VirusShare_cae442710e3d9fe51a03cef97e9c4dce,0.3020221,0,0.0
VirusShare_71af4cd84ccb03c5f658d4564d05fc4a,0.65909636,1,0.0
VirusShare_824124fb4fb6676695f670fd6bc6f019,0.07892938,0,0.0
VirusShare_f64d39d8e20579c891fe46a61fc5044f,0.27803254,0,0.0
VirusShare_0307b58e43e74f1d74c6f43be7e458e7,0.07892938,0,0.0
VirusShare_5591d2ca41f1e948fe2436cfd8fd3d27,0.060002446,0,0.0
VirusShare_2ee69028b8ed0a97c6567c5fa2c5aab3,0.25371948,0,0.0
VirusShare_38299b8879e158fdc1350cb4f5cb7d33,0.06943027,0,0.0
VirusShare_3a9e2a199781e6570bb334ef90e71b55,0.09866756,0,0.0
VirusShare_cb0a394a644641fafa67762c32a2aa4d,0.081083395,0,0.0
VirusShare_ea31d3c726a1a2e44f7a469660385841,0.1283874,0,0.0
VirusShare_6904e8f314c69f25b68c97ec20210459,0.2280517,0,0.0
VirusShare_d5b8b815a03c70c0a9f01c1323e9c1b7,0.056464918,0,0.0
VirusShare_08fd6d3e0e903597fcdf970a9f59e41f,0.65612316,1,0.0
VirusShare_c6eeb03f2155f271619807bd3498cf4e,0.25371948,0,0.0
VirusShare_47308d5a84b96a151e9edfccfb769d8e,0.057248108,0,0.0
VirusShare_a29c3c9285d3723d402e3477dee737d6,0.34225196,0,0.0
VirusShare_706d0c12da61ebd7a1e0317ffe9b40ac,0.34526628,0,0.0
VirusShare_56538cc6e94ae519e9374f27d3eb7188,0.659513,1,0.0
VirusShare_8f3b794fb593d4b214427a3f1063f13c,0.46556234,0,0.0
VirusShare_760603e03c964bbd0ee054266e502e37,0.6526004,1,0.0
VirusShare_5544c7eeda2d8793f719835e98c62787,0.6499125,1,0.0
VirusShare_cfecde5384542e8fea7b39cdf8218dde,0.37996665,0,0.0
VirusShare_e7ffd3abd3d684989c596790b71adff8,0.06085082,0,0.0
VirusShare_b60d779d5d27789e25dc4176a38a6690,0.058104396,0,0.0
VirusShare_fe78b68e5c2f99e1a666410d68139bb1,0.34526628,0,0.0
VirusShare_801f91c203416232777d4df6c90bcc6b,0.062375806,0,0.0
VirusShare_a47cc7dde22b35cd56ec9c8f6201b4f6,0.08928195,0,0.0
VirusShare_bf644ab5cd106f6b6c69cdc14f041213,0.059607722,0,0.0
VirusShare_0d7f98ffe87b6f8ba2d551a4f06fb7f0,0.06158939,0,0.0
VirusShare_1c69b35e604fd477e36d7d1f8b55b475,0.046138383,0,0.0
VirusShare_2c0ff09b7f52c8d5751ed955a35811aa,0.6537062,1,0.0
VirusShare_10191ef588a0eb6e73f4f38d00abab1c,0.24853459,0,0.0
VirusShare_cf2bfbe864ad808acecfecf934bbce36,0.27581018,0,0.0
VirusShare_d5819568ab530ecaa5cdcffce4ce2aa2,0.21477738,0,0.0
VirusShare_4cfcc8bbc1e724ca922fcdcb420ddcce,0.21338415,0,0.0
VirusShare_b41ccf9a1e0b15e3b8cc54e6c18df266,0.24403481,0,0.0
VirusShare_09a379b99ce4230746820e23e345eb8e,0.079623125,0,0.0
VirusShare_7635ce06b7bcb30c7c9a3802ec68aed1,0.18961713,0,0.0
VirusShare_4c3359c6b50119baa635f5ae1922db7f,0.15057364,0,0.0
VirusShare_25bba7a2169d0663b586327b69d3a930,0.021307152,0,0.0
VirusShare_987ffe38324585fde13d3d74df4b7ad8,0.29452747,0,0.0
VirusShare_90e02d3cc8464b07b6a7451c7135b22f,0.059607722,0,0.0
VirusShare_c5e9256e13cbee68dd498fa7575c261a,0.1693308,0,0.0
VirusShare_7b0f20cad49434349a84b40357b9a6ad,0.4581676,0,0.0
VirusShare_08c3fb90d181c93b199a91335eb3ab85,0.09954924,0,0.0
VirusShare_9e9c900513362815a1d4b85623a6c4ea,0.081083395,0,0.0
VirusShare_17395f83fb433f595c1143391af8081d,0.17154944,0,0.0
VirusShare_1fb400b66be16e8b21a9a781afe60400,0.23205593,0,0.0
VirusShare_d7a94c4867b9c51c286f52fa6ec8c561,0.081083395,0,0.0
VirusShare_86ef2b5ab63a70347faecd84e6c56155,0.081083395,0,0.0
VirusShare_928fec351c74af6441438e2e1a68a9ad,0.06509323,0,0.0
VirusShare_69a07615f9aab23eb745f7cb331b2d63,0.055944644,0,0.0
VirusShare_1dcc033e08b6bb1a83fb9310eb8ad5e3,0.18712005,0,0.0
VirusShare_91ad68dc59969e1f43b4bb9f47ac2088,0.07188835,0,0.0
VirusShare_46cb47da604500fc6c597be261926c07,0.25974905,0,0.0
VirusShare_79d022b1c709bef99960556276ba2827,0.052604012,0,0.0
VirusShare_e5a794082c1acc58cb8f579aaa0c3d47,0.09119268,0,0.0
VirusShare_4f921bc1026541d915c6f07e037011c5,0.21477738,0,0.0
VirusShare_41fe8d854719554b64574ffc253abe74,0.28766724,0,0.0
VirusShare_2efec1fdeb176917127ccba76dc57da3,0.15316603,0,0.0
VirusShare_d0ded29808d58ae1c4738c3d95171e84,0.18712005,0,0.0
VirusShare_dbb55a18d1b308dbc160266166c08e89,0.09119268,0,0.0
VirusShare_9a5bec3ab9699c30dac3655051adbf3f,0.25371948,0,0.0
VirusShare_1dab67cfe6738398ca37d21aae3461a3,0.2948833,0,0.0
VirusShare_893a29dadc286b774c6447775fb88834,0.33825508,0,0.0
VirusShare_0fe435569ce0986fcb9961a4cc131dac,0.25371948,0,0.0
VirusShare_b8d57b00c82cad86b456d899be17d8a4,0.6509926,1,0.0
VirusShare_af8c7c39357128190ec9d7a169121625,0.34526628,0,0.0
VirusShare_6320677aa592f8d2aab7d87435bb93b0,0.21477738,0,0.0
VirusShare_9b0f968e8cd2e50e1e5fbd2c4d33efda,0.34526628,0,0.0
VirusShare_785a1f8d03151965b148ac57a108e1d2,0.33110315,0,0.0
VirusShare_ba6f54d0ffa95d2f88c2e295fd00c2eb,0.35632205,0,0.0
VirusShare_426252c515d5ff697411cdf5a1985bab,0.081083395,0,0.0
VirusShare_438be9844cf8daa96fdd81ab5aaf253a,0.115694866,0,0.0
VirusShare_05a88f1eae9445e7c90ad988ad5f07e4,0.17192383,0,0.0
VirusShare_30178ef0e33541298e8e747946618a44,0.10179504,0,0.0
VirusShare_92e72097909d3e8681692ad9a958faf5,0.081083395,0,0.0
VirusShare_d265b8446508c30f6891a16637210738,0.34526628,0,0.0
VirusShare_f8dab80c5a6bc066e89ab686b7215fe1,0.32981005,0,0.0
VirusShare_7130d3ac9b76fe0dd0710d60b2bd84e3,0.02299117,0,0.0
VirusShare_f6c7702c6a4d16e2270bedaf73e6a983,0.2613389,0,0.0
VirusShare_a8a6a9effe9a26ad076d7e329cb10f14,0.17222981,0,0.0
VirusShare_f88174f5db4ec9a40a4da8677d90ce2f,0.021150973,0,0.0
VirusShare_5171a27dfa7b54a7d9ddae4213c91de2,0.148814,0,0.0
VirusShare_7b6cd1683a27303bfb13a804c92b9c2d,0.15602723,0,0.0
VirusShare_855518a8a1321b5ea6b17c4b41cec9b8,0.11599994,0,0.0
VirusShare_e2eb79ff0654fb2158e94f419826045b,0.09119268,0,0.0
VirusShare_ca56cae60904351440b97a389e04a16d,0.044787087,0,0.0
VirusShare_b2f37a90212c1261ad99f9541fa7dd0d,0.27018845,0,0.0
VirusShare_565c34eb58a9bfa804051d438e1381b3,0.7927681,1,0.0
VirusShare_cb5435dcea60e64e32a48331e7cd28d6,0.081083395,0,0.0
VirusShare_b1ab03ebd35ad2b5ad89dfd6c9b75b2e,0.1664725,0,0.0
VirusShare_d31c6e901cf3bd2022864fb09f5c9938,0.04018457,0,0.0
VirusShare_249d4135f5192bf16ce277fd53fd45bb,0.3072618,0,0.0
VirusShare_079cbab23918fc9060119062831b764a,0.34526628,0,0.0
VirusShare_7ae71861c4c2c377289c6a94d1929b22,0.65169203,1,0.0
VirusShare_08d2d28588fee645a42213be82a1ae6e,0.16139583,0,0.0
VirusShare_8e7bda25ee1c39f015301c5ee5440e66,0.6492811,1,0.0
VirusShare_969235ee8d74a97ab01f87dd355ab1b6,0.05826394,0,0.0
VirusShare_54984739cc1f770d8a4a7913af366a64,0.21906653,0,0.0
VirusShare_2b2d0d8c1cfb3b422151fb8b28cd8a8c,0.061237156,0,0.0
VirusShare_06fb46effdd7cd2120d50142e8e5a512,0.3498333,0,0.0
VirusShare_56241612d11d58a768b350ffe3a79c8f,0.11803565,0,0.0
VirusShare_551cc57091490ad7066c7715053e9045,0.081083395,0,0.0
VirusShare_63bc850c73a52b79ebb4cfb173532cfd,0.34526628,0,0.0
VirusShare_d9116f6ae09fcb5e3c1344dae3412250,0.3090541,0,0.0
VirusShare_1fc1391cbf33b4aa1676a572aba38ac1,0.26908106,0,0.0
VirusShare_d49d07145cf86864c9520e279768930f,0.081083395,0,0.0
VirusShare_b0b3992073ec1faf261be27eae249965,0.23151584,0,0.0
VirusShare_14784ae7fc0f832eff7cdb09cb254321,0.1279948,0,0.0
VirusShare_1d3f8814c5c4d1dba4def7fae60409d6,0.090578444,0,0.0
VirusShare_a29018e414baa7da51cda7df76c4d6d4,0.407386,0,0.0
VirusShare_bff1af254c624157c1deb21bfc1fda5b,0.14503887,0,0.0
VirusShare_1442806e5b9d23a979140c2b50678687,0.6560736,1,0.0
VirusShare_e6626dee5a7754a3b136f1b13b925926,0.25371948,0,0.0
VirusShare_fdece60138899abd5626215fa272270a,0.2812779,0,0.0
VirusShare_ec0b87f99f2926e6a25b4e70c4cacfe3,0.6490348,1,0.0
VirusShare_5707f081e1cc05867fa32b5423a5a886,0.12666109,0,0.0
VirusShare_36bcd0bf1863c84be2cdb2398d205887,0.3509144,0,0.0
VirusShare_deeef6cb6bd552fac36dfc1b9c3e7dac,0.07073505,0,0.0
VirusShare_acf7527d8372d66fb75d2bf61ae242df,0.37488818,0,0.0
VirusShare_7c6ea6acbf045f583bdcf0f559a2bfa1,0.32869452,0,0.0
VirusShare_0996de5960fc40dc1215e797c43f899c,0.6665498,1,0.0
VirusShare_b10643c6e02b213a2efa08cefa0619c9,0.6457349,1,0.0
VirusShare_5a7ad5107278c409c53f78985ed8ba5a,0.09119268,0,0.0
VirusShare_2f8a988b34ecec26090f4844946b2f1a,0.25974905,0,0.0
VirusShare_a52abc181c00d0c9da29e16ae6063a78,0.18825777,0,0.0
VirusShare_1c14e971fb037bc72918aaf52a60765e,0.34526628,0,0.0
VirusShare_d7da42f07ac824f5339ffc23c8a8266d,0.09119268,0,0.0
VirusShare_32d2e97fa784ab7ead809fa5c5db6171,0.30315542,0,0.0
VirusShare_1ead31cd4b203d797bee02eaa89cc1af,0.22282085,0,0.0
VirusShare_782972e0ff2e9fd19650b692e699a7f0,0.16436943,0,0.0
VirusShare_8e5c307d60279dd4c1d989746a86eb99,0.25091282,0,0.0
VirusShare_a996c306c31547f8fdb4c1a148f86bf7,0.10721274,0,0.0
VirusShare_c78722a674c2eed9b956adf37fc3b26e,0.58424824,1,0.0
VirusShare_017f632884d747ac3a5f064e2666aa7b,0.38063008,0,0.0
VirusShare_aeb35135985c9b2083c0959f156162bc,0.3144967,0,0.0
VirusShare_a4138d1349e5eaef8ba1f942ae3105f4,0.15405352,0,0.0
VirusShare_0f07521be7a99ba348cf680703f07516,0.34526628,0,0.0
VirusShare_63624742fb2eb13340b5f9d9b0da41d4,0.11808838,0,0.0
VirusShare_d7bfd542ce8a1fb60e34b4f5580f571b,0.057157844,0,0.0
VirusShare_ca75a37bbaf06fc773de94415ec3ca5c,0.6558463,1,0.0
VirusShare_8f18f0f717dfef70bc6de31be5ca9cd8,0.11759087,0,0.0
VirusShare_b9099c77f6b615a565f855971697a1a6,0.058552064,0,0.0
VirusShare_5345085c6982f06defbe8f29ccbfff46,0.33110315,0,0.0
VirusShare_a4e78ef17b1a9ecbce60c43be43d5358,0.15577142,0,0.0
VirusShare_030d68d395daa93a0380b65268e7f50c,0.12916784,0,0.0
VirusShare_9c3cdc6424f70ae0859721285a320b8e,0.15354048,0,0.0
VirusShare_b1c0d37695649e3084c575099ec87045,0.33685142,0,0.0
VirusShare_a2c175d5a9c36c6abb0b1428812b0017,0.26819092,0,0.0
VirusShare_d94ac8a83efe223a83b2b81d23e1afdd,0.51175237,1,0.0
VirusShare_fed77db625b3e961262a24f4923d13b0,0.23265329,0,0.0
VirusShare_8515fb6d7accb4ad1003a4f20e488643,0.072818324,0,0.0
VirusShare_23bc6d167262b074755fa39385889889,0.05413457,0,0.0
VirusShare_e11a523a28c222e105ab1b147e63b0e7,0.021378309,0,0.0
VirusShare_4f7484a92d600f8fbc2437513dc739d1,0.14043579,0,0.0
VirusShare_f7d5f7832f6919bb4672921c103ac8cf,0.3440884,0,0.0
VirusShare_c9f92cee044464682797afef528504c9,0.053995054,0,0.0
VirusShare_6f00093276802b99429ac85bddca51aa,0.10626894,0,0.0
VirusShare_d03a82b659458e8cff53fe919628f1c3,0.13939841,0,0.0
VirusShare_48f5137e37d28c6c9ee166dfd713e39e,0.11847661,0,0.0
VirusShare_f9b383d022d03722bf5b5da9ae5de488,0.15591538,0,0.0
VirusShare_c5dac5054ff7c6e4c2c1079c4dbc4e16,0.32395795,0,0.0
VirusShare_bf1abb5730c568653fdb5109353ccc66,0.17871878,0,0.0
VirusShare_e678ccf5acba544cf81ce4f77ee7851e,0.07683251,0,0.0
VirusShare_70bc621ac73219562e74c714282f1e8e,0.12397474,0,0.0
VirusShare_3ae5d6fb7cb61a90903606a5f8889960,0.57301056,1,0.0
VirusShare_dcc7f578e004fb9db81800d7dad2f606,0.34049723,0,0.0
VirusShare_3ae9183c21d8e2ec07fc5f4f2ee395cc,0.34526628,0,0.0
VirusShare_c05168bc3215fd74f16b01d3b9d68add,0.574714,1,0.0
VirusShare_ecc799202e9948b283ad8e8a0b122d03,0.18961996,0,0.0
VirusShare_fb41820730eef075047590e10989b1c6,0.08343222,0,0.0
VirusShare_00530c23378127b34b4fcee2e569c17e,0.18598706,0,0.0
VirusShare_71e190fe6e3585364eda60c934986db1,0.15419747,0,0.0
VirusShare_7d3ae94c7f8c7c6657bcc502824ec662,0.23002386,0,0.0
VirusShare_1c554e8e828b63a3979a1f79dba371a6,0.5836258,1,0.0
VirusShare_eda0a3b54ebb7a8e3bca7b4d461280cc,0.09119268,0,0.0
VirusShare_befc8886b86b88176690726d332388d1,0.5491313,1,0.0
VirusShare_0d1d3d0ca3a630f34ef5d5180ed99631,0.4581676,0,0.0
VirusShare_9756748b0c49476890170f0b0f1d033a,0.4581676,0,0.0
VirusShare_c31fa4b505a1cbcfdc59e7d06326af8c,0.2781694,0,0.0
VirusShare_568f098125db401ce3cfffd36b42f39e,0.57348907,1,0.0
VirusShare_b29ac08d977389b4509e792bdbce812c,0.30817297,0,0.0
VirusShare_30ae9c7255730378bf809c51a24540bc,0.1261375,0,0.0
VirusShare_2e84d0fe27915ae43836e3a5af94f630,0.15530317,0,0.0
VirusShare_a5468ad38d93385b857f7f996139087f,0.6546644,1,0.0
VirusShare_33e1b34b898060740c43d06a75742cb8,0.1054703,0,0.0
VirusShare_e4d6498136f54f796927e9495e19ebb1,0.081083395,0,0.0
VirusShare_fdfe58fc3af15532f962b9ba9c8c3cf9,0.34526628,0,0.0
VirusShare_188957077422d80ed952701211425181,0.40591463,0,0.0
VirusShare_6687b2292e2b761fefefecb9b854e0db,0.13450593,0,0.0
VirusShare_e228458ce98cd6e790b98e4a4f1d2cca,0.40638238,0,0.0
VirusShare_7424f38ab6d3736ce3c38c05316edeae,0.383277,0,0.0
VirusShare_dcf22b8fc5515c3919be9bc079914182,0.04018457,0,0.0
VirusShare_e1ad183236d5ce8bcab38800d065d933,0.34526628,0,0.0
VirusShare_c7df5cd9c1ece8a537b12ab1a568d44d,0.66001624,1,0.0
VirusShare_0559fe317a50340ca83acd6a7126fda2,0.12082144,0,0.0
VirusShare_a94e8f1835912e67cfe16587e18bbc73,0.2186708,0,0.0
VirusShare_2569d9325d157e979a9c441bf3df4145,0.15677932,0,0.0
VirusShare_0851b0dfbc92f00f8743dc693d06a06b,0.64958763,1,0.0
VirusShare_b44fdb6d5d67c5e6e802b95737f5b629,0.19480877,0,0.0
VirusShare_209c59bae9aafa3b753b65336340f333,0.16741012,0,0.0
VirusShare_bd26bbf79c82f44d6017c89c2e273e78,0.55487144,1,0.0
VirusShare_3cbf174357bd37c4e1825ae603bde707,0.1888689,0,0.0
VirusShare_845ad815a1d7691b5d64f46556453e3b,0.041524313,0,0.0
VirusShare_a771f847cc4fe38e1fd00fb8759e5bd7,0.34526628,0,0.0
VirusShare_f0aaf5e23a31a60527615c5d670e84f7,0.33077028,0,0.0
VirusShare_c4191766c233fd31f382ffcfa105e129,0.07282955,0,0.0
VirusShare_e3d36e5f7a3281f122e8421559612f71,0.6484386,1,0.0
VirusShare_6ece8fcbdd36f380edd1354147eaf203,0.04018457,0,0.0
VirusShare_5b49415f6a047fc561e7251a0142d64c,0.06397771,0,0.0
VirusShare_4b0446c8eec3f85555af8b4c7a31bda4,0.3176892,0,0.0
VirusShare_5f673b9e27a79eed9ad1219f1f0c4900,0.09119268,0,0.0
VirusShare_c459558d9ac9d7331b814301e9e3bd91,0.5453421,1,0.0
VirusShare_90a02d1863d8df6ae2b3a4b645e9fee7,0.53743106,1,0.0
VirusShare_a0a6ef633e37b582f8d01b22a5e010c6,0.09119268,0,0.0
VirusShare_5794991bf60c9727e314b5514819c87b,0.25371948,0,0.0
VirusShare_272cc236f986f06668a3f80b44262087,0.28536782,0,0.0
VirusShare_f8988a0f5b37f57b9cc4878ee0e82fba,0.1615298,0,0.0
VirusShare_6aceb0e7a7ccecfe70a12cca9695b8d7,0.27018845,0,0.0
VirusShare_ff623a76b35a0519ae7f410e56294ea7,0.24473128,0,0.0
VirusShare_b78ef3092b0497a52dfcd72a1dcaf036,0.041524313,0,0.0
VirusShare_a1a6cb794f6596cb42b160ca1cde1ab1,0.539807,1,0.0
VirusShare_019f94493f60d6cb145b4ce0af61a04c,0.57720315,1,0.0
VirusShare_d3ff363093d671b2e3d256d4279cf71f,0.34526628,0,0.0
VirusShare_973b8b94e01e90d1ab7e18fcc04bcfee,0.16892257,0,0.0
VirusShare_85fdada376087f4dc49eeafa48d05c0c,0.6573724,1,0.0
VirusShare_82e634e9347d20bb04ab5f109892e9f6,0.081083395,0,0.0
VirusShare_9828c211ab85fbff2f2074576926cb6e,0.18404517,0,0.0
VirusShare_03e3be56e6903110baa3b6088bea83eb,0.31722948,0,0.0
VirusShare_82763863cf590fcb2dd218dfa8cdc216,0.12663682,0,0.0
VirusShare_c8a964bf87a64c4123c77dfdafc78aed,0.09119268,0,0.0
VirusShare_456d8f1007c04ab424da1d970f4d4383,0.34526628,0,0.0
VirusShare_f662d7d2c049800877e85dcb7f316363,0.1882806,0,0.0
VirusShare_1aada67576a6a829ec61079349ca0cfa,0.21204671,0,0.0
VirusShare_6cce913c539f5bb044d418180ed574d0,0.25371948,0,0.0
VirusShare_7830b71c13acddb4e6870f78a5ee178d,0.24147265,0,0.0
VirusShare_e709ebfb16542dbed10917106e76d798,0.041524313,0,0.0
VirusShare_d3eabad25a0e98d23c8ffba03404ced3,0.20251581,0,0.0
VirusShare_e2ce1f5ca813bd647afefe7286388a9e,0.059607722,0,0.0
VirusShare_7103586a38aed0e8a54f2dc90120b47e,0.20794049,0,0.0
VirusShare_83ff14334968a9484905bf247280a5ba,0.11732356,0,0.0
VirusShare_23d43960ef298f4f352eb45c86a4c826,0.112411186,0,0.0
VirusShare_31633481479f5acb4593abcca3d05d08,0.04018457,0,0.0
VirusShare_83f9383f3f044d586fa60aa8152d8fa4,0.48584485,0,0.0
VirusShare_37f4e05027174939ff23b26f8fa7b2a8,0.33110315,0,0.0
VirusShare_23335dacbb947768fbc0228d1198d305,0.06942142,0,0.0
VirusShare_dbd9eba1cd6e42d7fde44ef105934fae,0.25371948,0,0.0
VirusShare_7db3aaed31b422d982f4374b8b294df4,0.19182457,0,0.0
VirusShare_107af4ffe17ccac30d9c7464ea6d5cf4,0.18157628,0,0.0
VirusShare_b1a4e56b9f79dce989c0462231d55047,0.25371948,0,0.0
VirusShare_b77c03fb03af52aae32b832ef932f264,0.1722286,0,0.0
VirusShare_01a462a8b743002d4323b7ffa0490ca6,0.06943027,0,0.0
VirusShare_c9c2d6acd1433a84a393f05965eebef5,0.23901609,0,0.0
VirusShare_90ca92ef02b68d24ffb8cc7e6e9d14a0,0.034742445,0,0.0
VirusShare_33077b0f07f89e2f113cb433736b0acf,0.39988422,0,0.0
VirusShare_696a33c2125061e447b44ec37c6fdbbf,0.09851198,0,0.0
VirusShare_9c0638bcde50f477aa2150fb400f8fac,0.24444588,0,0.0
VirusShare_ba2f15e695984b5e90c300abb3737304,0.14311215,0,0.0
VirusShare_c15266ea56afad49a4e1ee629f1d55e3,0.073758945,0,0.0
VirusShare_1c7824e4037b96ea5d79bb9c410b8092,0.23541053,0,0.0
VirusShare_b246e55df34671bdda4bdb3451634aa2,0.04018457,0,0.0
VirusShare_9dee18bac8ebe13741b8451cc7bc77d0,0.24473128,0,0.0
VirusShare_7da1a53f3f1302c5bb539b225b3cf897,0.15658295,0,0.0
VirusShare_b9caffb98c66853d1ebd390651692d0c,0.060907286,0,0.0
VirusShare_cf17576ef4bfb32e6d18e3bdc5489efc,0.1283874,0,0.0
VirusShare_964a9783e16595098cd5e2df668a6b64,0.081083395,0,0.0
VirusShare_d1b3d449e8c738cea9ba5aa6f7423c7e,0.044982783,0,0.0
VirusShare_4cafc6775d4d844c27329083e1dc80e9,0.04018457,0,0.0
VirusShare_abedb1e5590723eb4c4b4798db385021,0.073982194,0,0.0
VirusShare_3907c935711e3aa4eb8a808be33909f2,0.1744214,0,0.0
VirusShare_175a904ec69814b6de708956d53ea3fb,0.18712005,0,0.0
VirusShare_bdedaccf8c3752fbfca5844758694ff7,0.05806133,0,0.0
VirusShare_7c7865c1ecd77b3689b083448de26497,0.65425956,1,0.0
VirusShare_e3798d2fc17630b9710f5d1092628fdd,0.34526628,0,0.0
VirusShare_5f23b4f12a6499f7ef3d98163afcab7f,0.2781694,0,0.0
VirusShare_9f8437e33ace1a3d4d25babf5d0a7e3e,0.31383088,0,0.0
VirusShare_4d617cea6010f43c766531e531da6dae,0.073102824,0,0.0
VirusShare_af1666a31e845d87856e4e574e3f2dd2,0.23205593,0,0.0
VirusShare_5c1995839cfd3f049cd056291267f509,0.18149951,0,0.0
VirusShare_7ff699daeb6048433aa311c8978a55b4,0.059607722,0,0.0
VirusShare_1ca9624672330e095c879f4ed370d431,0.39988422,0,0.0
VirusShare_84bfed4e67c9da0d01e27d9b42ee207f,0.65837574,1,0.0
VirusShare_c06841637b5bf9355154f7a07bdf9b4a,0.049440622,0,0.0
VirusShare_a8bfcf96d02df4775a332e760ff88952,0.25371948,0,0.0
VirusShare_138facc6b31074bac2594cd85752e1ad,0.059607722,0,0.0
VirusShare_02324ad6d1ffa4f99bbc0263f8e44c5e,0.081083395,0,0.0
VirusShare_1fb04bf27a42ce9dd3f5b1edc8c45f55,0.09851198,0,0.0
VirusShare_98ddf3f7597c73f70bec3bd7d5a65978,0.06466671,0,0.0
VirusShare_52f56b675821b639c87a857d7df9cb92,0.30561906,0,0.0
VirusShare_d260c144857875d90e279865cc38af90,0.081083395,0,0.0
VirusShare_9040669aad39210d5b9533b154eb851f,0.34526628,0,0.0
VirusShare_16290ad6d04d7a31c9524964696afc50,0.36437783,0,0.0
VirusShare_3b1f8b55e057853c12315d5ca7f16400,0.06436037,0,0.0
VirusShare_91d8e250f00d874589267f23979c8e07,0.038271595,0,0.0
VirusShare_7d02be99715a91c3569d37d366bfd251,0.24403481,0,0.0
VirusShare_0b81d06f29667b9961cd9ce7b3d1cc77,0.25371948,0,0.0
VirusShare_22d0ada2bcc62c1139c8caca2d4d6ac7,0.06943027,0,0.0
VirusShare_d65beedfba46e00e74823e8517f447ab,0.06943027,0,0.0
VirusShare_e9a3bd37ef79ad7d06a990749be93981,0.25371948,0,0.0
VirusShare_b876ae5730c7591dae764ef10e5ff7b8,0.37134418,0,0.0
VirusShare_9e5c8311429b81a4e4e3993e851aadce,0.18712005,0,0.0
VirusShare_129765076a87fc38cda4e22c235126db,0.65953964,1,0.0
VirusShare_7a79aa888296f7e000b3f410ff084307,0.06987653,0,0.0
VirusShare_ed561a55417931aa186d329cad8ecbc7,0.081083395,0,0.0
VirusShare_575895aa17ce4dc7b73855da9db07893,0.36715993,0,0.0
VirusShare_4420ab48487d2cae020e9d54cf4a018f,0.2948833,0,0.0
VirusShare_b8324dd7bebb585226f0ede668882c91,0.056879055,0,0.0
VirusShare_dfd69b3b4b309b3ccfe8520f8913edba,0.2280517,0,0.0
VirusShare_1e4e788e059f2c7e8289c2ad1b6b698e,0.43773946,0,0.0
VirusShare_78f272524ba2a826a2937da6b1325914,0.2948833,0,0.0
VirusShare_607399b515b028d1cae2fd09eb0ad9b3,0.36715993,0,0.0
VirusShare_8e1492bf87e837c8bbff77883288ec2c,0.09851198,0,0.0
VirusShare_18250d91168f0d562d61144529ed731b,0.6530188,1,0.0
VirusShare_112ea673dd718e41b26dd07189ca9e9b,0.24700148,0,0.0
VirusShare_81087fd9943bf44b57a7a0a57fee2157,0.49572787,0,0.0
VirusShare_739103bfa0f6dbeee020a5407c83fb93,0.06049817,0,0.0
VirusShare_d9a3a21df98f53457fdd1e09b006fa14,0.6520869,1,0.0
VirusShare_0f1d7d9102f0ed028cbc94ef63503ba4,0.16155235,0,0.0
VirusShare_830cd1464823c08ab55183bbda21f4e6,0.36715993,0,0.0
VirusShare_37d561dd25d9f250906a21619249f643,0.036038615,0,0.0
VirusShare_6edb09b4c7732e96fdc772877974d7e5,0.060391672,0,0.0
VirusShare_df1960321124dbbe19b2c66f3a9d2c3d,0.65885496,1,0.0
VirusShare_e3e815fa171e48a8e5487be6141625bd,0.0830151,0,0.0
VirusShare_0cbe5713c46376b6c5193880c8050c86,0.25371948,0,0.0
VirusShare_76d0e8757cd5a8d3a16e7370d734f1c9,0.073594965,0,0.0
VirusShare_313476eef2205d7ccd93c5b6b75c2a81,0.25130206,0,0.0
VirusShare_5145a08093eb263b2c500ff247efee77,0.043593265,0,0.0
VirusShare_a56fb041193d1eb20a19ccff066c78a0,0.21409497,0,0.0
VirusShare_e013e053540ebcbcf24e82c3b714e59f,0.25371948,0,0.0
VirusShare_15be1edab0707c2aff81835ba0daf5f1,0.081083395,0,0.0
VirusShare_369e7fcc5a174c88ace3f5ac023872cf,0.25124276,0,0.0
VirusShare_50ed65f5d8217793735ec3fd99993a69,0.19771238,0,0.0
VirusShare_cbcacc7475bfe3d5659a0524f906dcda,0.64802605,1,0.0
VirusShare_c43f090878f1cb7f5486e927948af609,0.062255997,0,0.0
VirusShare_7893135436fd4a933eb5e46e08068ced,0.034936108,0,0.0
VirusShare_4118db092d82e1f30d63b01b6b3eb132,0.65497744,1,0.0
VirusShare_32455cc61e758e4531e2faad2709443f,0.022214226,0,0.0
VirusShare_84328be346c5e3c6ddce73cd032a8658,0.03690259,0,0.0
VirusShare_f2d0de51b0e712770040dc9c53fb183b,0.059607722,0,0.0
VirusShare_87d409609318ba06fc89107dead56a03,0.0977744,0,0.0
VirusShare_8d02fdd3d0e591b87a035155d77c9d15,0.108606234,0,0.0
VirusShare_285874d8fb226691733fc0e3a4cf35da,0.063716196,0,0.0
VirusShare_15aa6d94defb5bd6ed088802b30f1ba9,0.044305682,0,0.0
VirusShare_848cc685aa90ae59e3107d56031fcbf3,0.059991933,0,0.0
VirusShare_ddfb773c777f833dd62af65374f485b3,0.6290747,1,0.0
VirusShare_4470df57728d3ec887b8d266d63967a4,0.6503831,1,0.0
VirusShare_024f8641d22a46068977d8f994bf7f47,0.25337046,0,0.0
VirusShare_f26b0860de20447e80b1790559be7214,0.05818204,0,0.0
VirusShare_b2aec13395a51ac1ef7356c1e6d899ac,0.07752335,0,0.0
VirusShare_8e6d2b038209695285731541185fde9f,0.059607722,0,0.0
VirusShare_616b975815ad492b5140808909a6b70b,0.26639777,0,0.0
VirusShare_0ff9eeef2587e038dc74e28bb6a36855,0.18712005,0,0.0
VirusShare_16542874ad41f098cc7f295688932a8e,0.23205593,0,0.0
VirusShare_ab54a64d191b02b67dbe6fbcd5ae0b6a,0.076289,0,0.0
VirusShare_d375d3b3d501beefcd3ed66f395eddb2,0.07829007,0,0.0
VirusShare_114e56a0a3dd9214ae4413eb303aac48,0.076289,0,0.0
VirusShare_4ea3f914e4d4fc9837adf96bad2edbeb,0.047683027,0,0.0
VirusShare_c111ec77d84c75d1dc94eac683e098ae,0.31722948,0,0.0
VirusShare_954856f002df700fe30ab06d622641a4,0.31722948,0,0.0
VirusShare_2f448581a99db9b17e8033efe17dd428,0.30985618,0,0.0
VirusShare_0bad1a8abbc61b6d0748ca718a5e6d32,0.65604484,1,0.0
VirusShare_aebff60d253e71860732de5e4bc22ed6,0.34526628,0,0.0
VirusShare_2d5a44be9d1ce414f70938e7bbeae27a,0.34966546,0,0.0
VirusShare_0b29685295736f6e176cdc32d582de47,0.27272338,0,0.0
VirusShare_2b38fc9b3c416b987549bf7ae8774d4f,0.33877274,0,0.0
VirusShare_88b2c547de96d0e9e4392ccd2f7aa260,0.6601902,1,0.0
VirusShare_0bfca6059d79079553eb66b1a18dd944,0.34037492,0,0.0
VirusShare_ac5a222caf1f6306f70e99d3f4dfecbc,0.07152917,0,0.0
VirusShare_05a8acea2cfa428bab0ac6561dc24b6d,0.4692645,0,0.0
VirusShare_c0cb4071f3072a10a5ebb68453088e7b,0.44764668,0,0.0
VirusShare_064a4737667f8304ca3a9c7eb326c8ab,0.111646175,0,0.0
VirusShare_1c394d0b2c779dd0671dae5b2573df6c,0.24720868,0,0.0
VirusShare_e979cedfe6a353618ea2486471a11ba7,0.36022848,0,0.0
VirusShare_85f323a8ff3ef53acad8e08ae6001456,0.25834164,0,0.0
VirusShare_2afd63b74cf804058d7638665fd8a04f,0.3053705,0,0.0
VirusShare_604eadeb6c2ff6e10801d33156daff00,0.16606906,0,0.0
VirusShare_70b926c123f8e20987ec988867fa3376,0.36256367,0,0.0
VirusShare_aff8123fb844bd75ae95db9dd3dc94ed,0.5465018,1,0.0
VirusShare_c4071a3db725cd54c336949c434d7dce,0.16606906,0,0.0
VirusShare_48aa84eef3250ec3715edf1947935ba6,0.16606906,0,0.0
VirusShare_010394a473e77f7d72f63507b383f05c,0.36175966,0,0.0
VirusShare_56f1dea653a67f815670ebc3f6ca8aa2,0.21338415,0,0.0
VirusShare_ab42f4661e0214cba681e9725579d868,0.35188892,0,0.0
VirusShare_d0664970540a01c3b03dd2492eccdbd9,0.29324973,0,0.0
VirusShare_39039909a1708c5409d7e8b05fa6e522,0.21338415,0,0.0
VirusShare_0dac56793e15f4799b3b800577af84c4,0.317689,0,0.0
VirusShare_53292a48d7fb5b504607ce510b1d6af7,0.111646175,0,0.0
VirusShare_4c5ec8dab107539951d45ea97e7c999a,0.111646175,0,0.0
VirusShare_0d870fcad2d032f96ed1430c7af3af4d,0.111646175,0,0.0
VirusShare_429eb0acfc8bd53dc4d8f5ea97678aa8,0.05921849,0,0.0
VirusShare_097d1d3b5e5087b195623e52a460b44e,0.3432615,0,0.0
VirusShare_bbb1668858ef27419e58f4cf7d3c2620,0.36732274,0,0.0
VirusShare_e9adfd823ed36e229d4b61c3bf4872eb,0.19182457,0,0.0
VirusShare_195d3297d61f6bd9956bc71e41c023d6,0.049874805,0,0.0
VirusShare_97626ae89c7f1285961d498763c67bb0,0.30467403,0,0.0
VirusShare_cd49a3ee3d3c0dac831788d22c5179f2,0.440348,0,0.0
VirusShare_2b8445794772d64c3577ba1d122c4938,0.34618115,0,0.0
VirusShare_d0df47494727bcb81d5c01334f0a2132,0.38591552,0,0.0
VirusShare_fba23cb6fdedf626e34d6065c1b9740d,0.38591552,0,0.0
VirusShare_77b979833ae3289bae985f1739eeaad4,0.039626844,0,0.0
VirusShare_f9b265a93d77acc7d2f94eabcf7e0114,0.30589652,0,0.0
VirusShare_52eeafe4196446eccbada6dd4c750aa2,0.18726912,0,0.0
VirusShare_a28e83cfdf0425e7640cbe0a121d416c,0.4628001,0,0.0
VirusShare_347c5e43037f6379d18896fbe08c3823,0.30589652,0,0.0
VirusShare_3e730659320a4ed6b437558f585313ce,0.17935655,0,0.0
VirusShare_4361365bc2008510d03497b1b31706c5,0.65732276,1,0.0
VirusShare_dba57216e799d9ea8ced123c8c2d43ff,0.40005264,0,0.0
VirusShare_88cb0ee43b75ff294c2153783986505c,0.056046017,0,0.0
VirusShare_047e87f542cb18361ac410de9abc0fbf,0.08244195,0,0.0
VirusShare_c9243de4ff60feebc296f3de05949605,0.4095828,0,0.0
VirusShare_d2c73b170d0f9669214cd74ae6128068,0.30589652,0,0.0
VirusShare_2e12aa2e5359751e0a545b8f29b5caaf,0.2612984,0,0.0
VirusShare_85b3c54a89f5466845e769a7278ebdd0,0.30671152,0,0.0
VirusShare_187fd90ef3e6b49ba5a95f6f17a262a7,0.5282017,1,0.0
VirusShare_4db44182728407351453e62e6dafcb16,0.4805326,0,0.0
VirusShare_61f1f7e5e52262275421d3d6165de19a,0.057157844,0,0.0
VirusShare_daf298da9fb65d9ed7cacee60b0d41e4,0.25119767,0,0.0
VirusShare_b253605602d4d570feea39d38dbd5473,0.14428301,0,0.0
VirusShare_83c2eac0e50bfe1e841a04a41c28f7fc,0.6203536,1,0.0
VirusShare_609b623559c02300412e861bea8c43e3,0.1639183,0,0.0
VirusShare_8ea6df2b772db57c2b3581045169bdf7,0.04946687,0,0.0
VirusShare_204a56daf75062956e4fd6b5bdd95739,0.26512453,0,0.0
VirusShare_cce32573ed36047fc2d260d170bac9dd,0.04018457,0,0.0
VirusShare_bc379c37690df47b68137278f6b0a17b,0.09119268,0,0.0
VirusShare_71c02c30e8011d2e65c66a90b2d0916b,0.32979184,0,0.0
VirusShare_eecc5d731e918781d7241ffa270b18cc,0.111646175,0,0.0
VirusShare_305769c77e0f1774de3f38412cee8a52,0.16950276,0,0.0
VirusShare_de9f07ddd9ba4b4c709038325f0a79a8,0.1283874,0,0.0
VirusShare_29db45764b69b7f07308e7986021e9bc,0.111646175,0,0.0
VirusShare_a6c1ae51c6e1157a6a04e63fec7529e1,0.04018457,0,0.0
VirusShare_110f058799c72fc9cc7c6714f82565f7,0.04018457,0,0.0
VirusShare_bac370a148959850f3299627a978a51d,0.04018457,0,0.0
VirusShare_f16a88aaff168a520309f658e11c5ea9,0.242129,0,0.0
VirusShare_97f1e93b35cb783925224bbdf45bba65,0.3529483,0,0.0
VirusShare_3f5d7589889a95153df5eabc7c30c200,0.14875779,0,0.0
VirusShare_aa51eb7e2a75ef4fe1a0485fee880568,0.23165636,0,0.0
VirusShare_8797a87216ae2a37aeb6719b063ef011,0.09119268,0,0.0
VirusShare_86a07e558c546f6eb571c4de88db31c8,0.3099646,0,0.0
VirusShare_c7a0642500d66e8ad0ab823536d230ea,0.31701404,0,0.0
VirusShare_fdf817d798fbd5701ed18368741ea9d2,0.35847315,0,0.0
VirusShare_914f067716f08b8eed88ba3af1184351,0.34479228,0,0.0
VirusShare_e752005f3abcc054b7843ff91537d301,0.33779174,0,0.0
VirusShare_212d4c0bea78ff0d0896d4286b4df68f,0.3411191,0,0.0
VirusShare_fcace14754a776522870c78696e107ad,0.31701404,0,0.0
VirusShare_d6d93e2f9dc46cf6b8f81e23a425a647,0.4581676,0,0.0
VirusShare_c7ed5710cd4c525b67e6cb63a3b2f7ea,0.20870852,0,0.0
VirusShare_e83e3c514f8e23b6de655c53c9fba423,0.28490224,0,0.0
VirusShare_20c8719e476c27c97839219161241e74,0.6569348,1,0.0
VirusShare_3d866dd172baa8489e9471e0be3aae0f,0.5315231,1,0.0
VirusShare_2e2ab80f5177cd4948002da2296ed455,0.23254223,0,0.0
VirusShare_858a6af2b330afa8141c5f0614e364a7,0.15658295,0,0.0
VirusShare_30ae4a6fbb3313e7fee7194f32d68056,0.6578825,1,0.0
VirusShare_e6dd03c106c5ad7f84e6aae43ab32aa3,0.34908754,0,0.0
VirusShare_c14425f066da90a134f5a009a01a897b,0.10655315,0,0.0
VirusShare_8cf19ea01ea0475e054589f8c589d2cf,0.03215017,0,0.0
VirusShare_c35326306126026d45b1e4accc788e28,0.36183175,0,0.0
VirusShare_f3566ad0a663a667bca9199f4a3ce2fc,0.07509058,0,0.0
VirusShare_a3fe2d671f0919a27745f0566daa3a1f,0.110122696,0,0.0
VirusShare_1f532fa33d1d4fa223f9a84caca22245,0.24473128,0,0.0
VirusShare_612ac60e8a8cb12cfae5fb745ba86e8c,0.25371948,0,0.0
VirusShare_e0311fd71b94a0d0e571936ac25f1375,0.24444588,0,0.0
VirusShare_9279eb18c035ca09bd4638142737bca2,0.6484169,1,0.0
VirusShare_ffc6249ffae7a2f4c9ce8f7660ef06cf,0.10655315,0,0.0
VirusShare_23a94f3c4a9b3a5000be564114ceb2ba,0.1604146,0,0.0
VirusShare_b289400334fe1a784701eb3c738ecd5d,0.022213021,0,0.0
VirusShare_f3545c1abbe2e33bee6c0d0fb5c920ee,0.10655315,0,0.0
VirusShare_41249f4a06bfa2793feedb9c2bb7322c,0.051359016,0,0.0
VirusShare_cb50606cd76be5dcf95a07408a49ec48,0.078486465,0,0.0
VirusShare_dd446b3291002d70d7bbbc3f412d8cc5,0.09621788,0,0.0
VirusShare_ba753e1628925f730791b88554022f5f,0.23188786,0,0.0
VirusShare_10f389f3c5a25413885f52228f7f08af,0.09119268,0,0.0
VirusShare_f39b9e4380e388700fe6d921e795117f,0.1604146,0,0.0
VirusShare_485ad8045c353223e1bf9a93aa413023,0.31492525,0,0.0
VirusShare_bb89e5dc222ccbb323dc93a3df335334,0.30589652,0,0.0
VirusShare_55c4a4068230fb3c50be7dd69e0d410d,0.1283874,0,0.0
VirusShare_53ba6ea168d1a3aae7278896f53cb4d6,0.1604146,0,0.0
VirusShare_5b404200cea1c325fd7223d17134a6bd,0.32689655,0,0.0
VirusShare_37f4c0a1ed9ad4ec1939af9722fcef41,0.057157844,0,0.0
VirusShare_1f4eddd65a9ba0ad5a1bdfcb371ad840,0.36529082,0,0.0
VirusShare_1c78966d3c904232f7571788eceef9a8,0.27803254,0,0.0
VirusShare_16ca88a6ed4bc17ad65b8633ffebb23d,0.09415216,0,0.0
VirusShare_4b4bc7e09d4f68d41ba7ab7cf0218307,0.1448526,0,0.0
VirusShare_a3c75b53f010975a836ad6a098eb6c72,0.64920956,1,0.0
VirusShare_b1f235d3f826823341132f6942d71143,0.15377703,0,0.0
VirusShare_2fb19e7e14e4adb6c338dbe3f8a91f13,0.32755446,0,0.0
VirusShare_3fc6290d466d3a944d953dedcc328685,0.057157844,0,0.0
VirusShare_68fa1d5e9d0b344d800f26dc3f095ba0,0.23151584,0,0.0
VirusShare_964ecfcb2d909a8d942058e28bf621a3,0.39333445,0,0.0
VirusShare_7b6909ac3f69076ce9b8cbfd10334e8a,0.09119268,0,0.0
VirusShare_aef33b12fd95d19d0a756016c650ef0c,0.33853418,0,0.0
VirusShare_51ceae79cdcfb641f988960bb2fb25f3,0.35285607,0,0.0
VirusShare_155a251b38b6f0eeed6cc08c0b1007a3,0.1604146,0,0.0
VirusShare_c752042771c767776633d395cb0b88c6,0.110122696,0,0.0
VirusShare_73e5181f819f61efc509ebc3914c30c3,0.23124865,0,0.0
VirusShare_bc67a92d2eb04a2294c8bd32b83020ab,0.1604146,0,0.0
VirusShare_66efd0fd24dbf41fd058a5e8961c1eec,0.16950276,0,0.0
VirusShare_d3381d822d525265b94a1d8169bbca2b,0.23296542,0,0.0
VirusShare_9cd54e94a5463e606099fe9b6736510b,0.24473128,0,0.0
VirusShare_f919f0d1f1b8a2c03253e2d902ed9334,0.34839553,0,0.0
VirusShare_91baf3dc0efd0156b2cb81c0a977db4d,0.2612984,0,0.0
VirusShare_901a9179b9d176e918b40a842f52789b,0.1818061,0,0.0
VirusShare_e530cbcc7c9995c3d326d9882d27c43c,0.33302605,0,0.0
VirusShare_5b5bbce177c3203dbe668fc03622985c,0.6557567,1,0.0
VirusShare_57bb460a8bf8acfea0549697041eafb6,0.4001468,0,0.0
VirusShare_be80f7b5dabffe105234fd4429a26956,0.6612202,1,0.0
VirusShare_9979e1cd51466992fad846e662176675,0.053995054,0,0.0
VirusShare_2507add8052507b00b2a42125c5115e9,0.32233143,0,0.0
VirusShare_bcbf7c1c3061d62c1266d30f351989ba,0.053995054,0,0.0
VirusShare_36b64f4d50b05abfc76dceb1383ecc40,0.36183175,0,0.0
VirusShare_b959d6d7c0ecf1c3a4775258f8133071,0.110122696,0,0.0
VirusShare_743d96acfe5c6da4f1ec9b09c813e9f7,0.6498925,1,0.0
VirusShare_99d4737372774d0300ca54c914742657,0.019646581,0,0.0
VirusShare_a243d82053a6a7e880649107ef6dfc02,0.041524313,0,0.0
VirusShare_5b0d206c1e184cac9294cd31ed8572fd,0.4805326,0,0.0
VirusShare_6fd173070c41963fb88879617b7f745d,0.35034597,0,0.0
VirusShare_cea975dea41161fb7ec33ec0b6023c5d,0.0341757,0,0.0
VirusShare_c65c7445bb125b24e43c6fd892dae772,0.024008363,0,0.0
VirusShare_dac86e9a383088546ccad4f2e3bd7470,0.19363676,0,0.0
VirusShare_4691eac18d9e64466505f3cb84134b83,0.55316246,1,0.0
VirusShare_c2ce9903c6203800edf78725b542827a,0.4581676,0,0.0
VirusShare_e28c9159d283e9196089112d3015fe9e,0.20122834,0,0.0
VirusShare_e2738fce69bc5732c7d3d6668321311f,0.1615298,0,0.0
VirusShare_ab32b20f6e58553e7f1e09909665afc4,0.19363676,0,0.0
VirusShare_11396a950601f25eda523c91a1db0fed,0.1604146,0,0.0
VirusShare_30d2f75432eee8ff95757d75d2151d75,0.10655315,0,0.0
VirusShare_77f999c17fb4b623e133a85569e7abc1,0.41118526,0,0.0
VirusShare_0868cc3638e65b6c0fa54d3ae6825660,0.19363676,0,0.0
VirusShare_c92d59270d584c7d69841b19b5ab1d42,0.16950276,0,0.0
VirusShare_0dee97db1326bfa711a3b6aebc6b5ea3,0.10655315,0,0.0
VirusShare_0c6272a19d91e7b006457f8c00886df7,0.34344298,0,0.0
VirusShare_ca399941ed33070092a1acbddc26e842,0.23895244,0,0.0
VirusShare_f569525615c7585c5e54720d11bc1ab7,0.23059464,0,0.0
VirusShare_2311bdb19654a2d1a7d716033c4976c0,0.113280036,0,0.0
VirusShare_d4a16bfb908a295d69eef7b609d9dcd6,0.24403481,0,0.0
VirusShare_d44955a2598ba9b7a0722be2caad91f1,0.022288399,0,0.0
VirusShare_b0c1831d57b0e1c98ca04296ee3733b3,0.10655315,0,0.0
VirusShare_775cd66d13176bf8cf0b50659ac3183d,0.19363676,0,0.0
VirusShare_a489293b773b506644e2412afac7964a,0.10655315,0,0.0
VirusShare_60248a9fdba81894514de32a4a543509,0.10655315,0,0.0
VirusShare_9625fb142026247d814f9c42d48822e9,0.10655315,0,0.0
VirusShare_62d8822c53119cc0524daaa0eac24561,0.38517863,0,0.0
VirusShare_f7e345be72d02ed32a4f9e00faeba6cf,0.36183175,0,0.0
VirusShare_6f21f944630567e72dfa49af248bb0eb,0.25451368,0,0.0
VirusShare_ba4623a1d8db987a8c645b923d9df593,0.111646175,0,0.0
VirusShare_34dd57ee8f707acf68d0e9debc490986,0.04018457,0,0.0
VirusShare_34c0608579cad64307e6378f42ade99f,0.10655315,0,0.0
VirusShare_ec53182488a328f5068be718f1c49eb6,0.12971422,0,0.0
VirusShare_57e693799307a706fd8869bfef4ed87c,0.14047582,0,0.0
VirusShare_3122d5def4707a0c3931e23271f56df5,0.10655315,0,0.0
VirusShare_42774d943ee6e79004ceae40b78f76c2,0.10655315,0,0.0
VirusShare_3ce70f933fb3549156db5ae1b5aa2f54,0.10655315,0,0.0
VirusShare_fb7365a4ddea00d367775d2dc8764034,0.10655315,0,0.0
VirusShare_cf11336931073f733c4d80108c569421,0.31178164,0,0.0
VirusShare_4b62bcbb29d3b44261430cabd9b983a3,0.24473128,0,0.0
VirusShare_5e665a14c028d1f7f2eb53843548345a,0.24473128,0,0.0
VirusShare_cea24d9bbfa4768b74c67d51e254e0c9,0.10655315,0,0.0
VirusShare_6d79ab12bf54c7b6fb9c48b47b043a14,0.3455388,0,0.0
VirusShare_dc5176290976bad115eadf7cf466d47f,0.10655315,0,0.0
VirusShare_f3957047a4c343d46e9e9f68fba3d388,0.1604146,0,0.0
VirusShare_c41aca56e1248853d53b9c2bdcb2e038,0.1283874,0,0.0
VirusShare_8dca001ba9c61da5c051e6b8d03f85de,0.12430303,0,0.0
VirusShare_88ae0dec736c55571dc0507c408dd9ee,0.10655315,0,0.0
VirusShare_bda152e98f8a011ada3f787163ddae13,0.081230186,0,0.0
VirusShare_7b0adf9ae85520a91ef3014093622143,0.24004404,0,0.0
VirusShare_78c9a3dc75d775e786abbeb77c61e756,0.023705415,0,0.0
VirusShare_3b44078049d05e66cab052556a47b9bf,0.05878496,0,0.0
VirusShare_c2bcedc230995edfc8e4fe7d494c708d,0.10655315,0,0.0
VirusShare_9e139306caaf3372a23e8c3031316159,0.10655315,0,0.0
VirusShare_160c1808eabd70911afe884eb7fa7a9d,0.24473128,0,0.0
VirusShare_872feee74538e009ec1f6b50775b5e80,0.10655315,0,0.0
VirusShare_e964536df26a0496192428da7fe6d3c7,0.24473128,0,0.0
VirusShare_0d651f4983af1acac13a75afe35a37f6,0.57495487,1,0.0
VirusShare_56a000231f82626953f6a387c72d4388,0.19363676,0,0.0
VirusShare_0f81f465488d18dffa9165e06b2ae77f,0.33719078,0,0.0
VirusShare_ff41b83990928b2f92e96ec5cd695bfc,0.24473128,0,0.0
VirusShare_b113bb16ab608666e208bd5f0dd24e8a,0.1604146,0,0.0
VirusShare_01c0a6a4a63401bb953ef639af7110d7,0.10655315,0,0.0
VirusShare_9f4c0981dc603b41e00e59d625d82c94,0.24473128,0,0.0
VirusShare_ce36de4c05449367040a4d0acd654e2c,0.22694317,0,0.0
VirusShare_b1a630333fbb8aa64a9a47a5f8809417,0.16950276,0,0.0
VirusShare_0327f98b7e3eedc3ffaac144c30eedd5,0.111646175,0,0.0
VirusShare_84d77aa2ea63e96c31a7b02236651dc0,0.64860904,1,0.0
VirusShare_13959dea1903beb7a4c041e549c0cae5,0.26407418,0,0.0
VirusShare_ed17c2032eb45de13b6961914d5d631e,0.6558439,1,0.0
VirusShare_54055a54813f09fb4f41a2c680e2024e,0.10655315,0,0.0
VirusShare_bca33efeb9c830b3c9b1ef53a9e179ea,0.19794075,0,0.0
VirusShare_acc00f4f678f080f1f6c4704cdaa9358,0.111646175,0,0.0
VirusShare_71e22b0188e7b1a34052d13f28683523,0.65816,1,0.0
VirusShare_7fb87b76f1ff2f32b11505a690aa0762,0.10655315,0,0.0
VirusShare_628cbd5d5ebd8284f6589671f2169d11,0.11164284,0,0.0
VirusShare_7ff7b30d96489b6eeb735ce1c25a8899,0.10655315,0,0.0
VirusShare_31428a2538c01f41a2e0720b23e20112,0.048228756,0,0.0
VirusShare_910b8f0b5b95f0af344c222034e84c97,0.19363676,0,0.0
VirusShare_2b08f252cc944572fb97a1c37d8cb38b,0.10655315,0,0.0
VirusShare_943900bae590dccc15bb197100872767,0.63672954,1,0.0
VirusShare_97cb74d1f8eb8ccd5fa4169c66949722,0.04018457,0,0.0
VirusShare_d49654385691c8688d451a3850459b59,0.22165164,0,0.0
VirusShare_23a1460ab587507a42c3f20896c7af73,0.65666306,1,0.0
VirusShare_944a5c31ff623de2864445f56fd733ac,0.10655315,0,0.0
VirusShare_a7bfc52ba8bc26bb4621afc283f6ce27,0.10655315,0,0.0
VirusShare_e9799299c4b7f0257be1c18982f97184,0.6538057,1,0.0
VirusShare_f719ec433aa3c403e8da62b61a66471c,0.10655315,0,0.0
VirusShare_e077dfd395b1484912b31b5e0edc9a8e,0.111646175,0,0.0
VirusShare_3491186d323708c949b2cdd3a40162d9,0.10655315,0,0.0
VirusShare_45049d4a355927c288d450cbaa28cebc,0.10655315,0,0.0
VirusShare_f5fc1a338ed4101b0bfe403e8275d5fc,0.10655315,0,0.0
VirusShare_ad36541ed61ec9ca9c447a73d91f2a29,0.10655315,0,0.0
VirusShare_56dae29efb8b666278041631c678142e,0.10655315,0,0.0
VirusShare_03912a91e16275cb07ea4f87ec538e37,0.10655315,0,0.0
VirusShare_d3f3887a239888875aab6a4dafde3559,0.33302605,0,0.0
VirusShare_8d0d326dcabfd8d9506ab7e904bd2448,0.19363676,0,0.0
VirusShare_8bf070ddfdd7add9c2dfccb8be0f8548,0.6576476,1,0.0
VirusShare_ec0e23ac044c2b071b7b16fef28e8007,0.19363676,0,0.0
VirusShare_7497e5f0aab370940192c339abcb642c,0.33984557,0,0.0
VirusShare_59d4a5136f672d770b07cfae9becdb9d,0.57054347,1,0.0
VirusShare_5da8113cd876baa89a6dabaa34804954,0.30358323,0,0.0
VirusShare_e13763b133dfbdbf7d77fc8413b7c506,0.034950893,0,0.0
VirusShare_267dffc66b7e11545312f586f5a6e7ef,0.34344298,0,0.0
VirusShare_4b2e911b1ea3fde2faea9f8c305d9a70,0.5909682,1,0.0
VirusShare_a73dd5621d200c4098ca9d05db3ddb2a,0.25398645,0,0.0
VirusShare_7ae32ae05b30784a373dd610a170b504,0.44509578,0,0.0
VirusShare_d09931ea6cf07084ba1493832a95f929,0.44529885,0,0.0
VirusShare_a2fc9980d4e1a74823c2aecec105e20d,0.10655315,0,0.0
VirusShare_9fc1383907371ac50b6192f6e0a47add,0.14950678,0,0.0
VirusShare_e55eb3ae57e45a3b98c8a0c9d41711a2,0.057157844,0,0.0
VirusShare_85f1f0098966b9558f0735c03a0c31dc,0.111646175,0,0.0
VirusShare_5d90e1a965eedd0bdf4e7f1771a3dfe4,0.2769131,0,0.0
VirusShare_e3f0e9b4eae354d5adeb4072db4faf97,0.32971543,0,0.0
VirusShare_2ed8015dfce2ce64460c0a58b2a4efbc,0.32160264,0,0.0
VirusShare_1d7c36b6bc62688c23226bd552d9fb6a,0.32560855,0,0.0
VirusShare_077cab820440bd5e783daa0323c90bb6,0.09119268,0,0.0
VirusShare_fa1a44797425dba7297c082fbe1bc0d1,0.3261722,0,0.0
VirusShare_9482f2fc672c5a4f2bf6fce9d83266c2,0.4581676,0,0.0
VirusShare_50c1fa3c0754c9034fb67b59991b115f,0.16950276,0,0.0
VirusShare_e194c48e1ad875c8cd448dfb73408bb1,0.16950276,0,0.0
VirusShare_68deacd19df33bfc4eed14eb4a450575,0.3229604,0,0.0
VirusShare_a5b3b991051e026ac25ec825d778a9dd,0.38548288,0,0.0
VirusShare_8dbdd4eb439e6cc724e9df0265f95edd,0.04018457,0,0.0
VirusShare_b15ea2b96bb41b059b25aa3842bcb88f,0.6554219,1,0.0
VirusShare_6b4c45148d62833ea3ef330ed54f07c1,0.371883,0,0.0
VirusShare_c9b1caa483cb094713c2c677c53d3464,0.34344298,0,0.0
VirusShare_0b6437ab3f6093b928399206b519312f,0.3337543,0,0.0
VirusShare_b173aab5dc4bf9e4c78f526f533324d4,0.016502762,0,0.0
VirusShare_d45b92b4099044fb3c0a58c44603e982,0.111646175,0,0.0
VirusShare_3fb7df3ba3cf37bb321ef64eb4a27c31,0.09119268,0,0.0
VirusShare_b9bc5e84f32ce3c50d9795e3a5d10c57,0.3050024,0,0.0
VirusShare_d010a84f87b9a7161f45656da7972419,0.27677882,0,0.0
VirusShare_a23abe52efa2d84351c635367bc20a77,0.16892257,0,0.0
VirusShare_bf6f975e7b8489d196a522cf98fe0b26,0.13953424,0,0.0
VirusShare_d6048e188a3f74eea918969b74f7f3c0,0.11164284,0,0.0
VirusShare_10aa91c6b6b486b28c8ffb62b936167a,0.06697485,0,0.0
VirusShare_aaacbbbe5d6c1f85e18bd5ac2c5147c7,0.24916832,0,0.0
VirusShare_5bc117ab242398b4dfaea473f8349931,0.057157844,0,0.0
VirusShare_883ad87c802c2fd3d70329b61e82997e,0.059372257,0,0.0
VirusShare_fcf123f1805a55366556e2bd141b54ee,0.050842248,0,0.0
VirusShare_622ce8d7dedfe5587398a4cff207de1b,0.023089653,0,0.0
VirusShare_a82fc5b1254e72d029bfe3e365570a30,0.34908754,0,0.0
VirusShare_123a440884032306bfd69072a17d7baa,0.16347694,0,0.0
VirusShare_9ea9b964cc3d236142f6b8c47d0edd0e,0.33685142,0,0.0
VirusShare_5f246c700c8759d7c4bb814cfc6a6548,0.32971543,0,0.0
VirusShare_5403ab1ca6b1468372752fab915b8e44,0.34789094,0,0.0
VirusShare_0c6185295b756fee1f4b71847075d126,0.36811113,0,0.0
VirusShare_6ec890c7229e2568b3eb3fb639c850f9,0.31108174,0,0.0
VirusShare_566d7db1d93742e09b40509a406600fe,0.0567178,0,0.0
VirusShare_d7d512010cc04cd35c90a2baa65e7010,0.20339695,0,0.0
VirusShare_b281890287126496e121eb5530dd1b69,0.16950276,0,0.0
VirusShare_ad2bd391c61ae296c0a9b7e6d3623ceb,0.12640779,0,0.0
VirusShare_e2fa84b3b195a0b47e7a117f10c8c021,0.35389715,0,0.0
VirusShare_5a854655d6f90a4f17f1b7c6d027e484,0.09119268,0,0.0
VirusShare_1fa26248f421fad38e67d55350700a92,0.6408319,1,0.0
VirusShare_6e7b48645fe94fda9cc20d45c3ea3af4,0.3050024,0,0.0
VirusShare_c7b3b8a6bb633bfa91120589cc6f098c,0.16950276,0,0.0
VirusShare_f2d09859f646b78d879bc1bdf0834598,0.33236352,0,0.0
VirusShare_48dd41a8db7296eb8552ace9f97f5879,0.09119268,0,0.0
VirusShare_ae238d1f217e2e1908b00ea2e12248e4,0.3178422,0,0.0
VirusShare_813812269dba28211385c737b3ef9a47,0.38572055,0,0.0
VirusShare_ddc3cbb54efecb6730a4254684aa7930,0.48684254,0,0.0
VirusShare_0a073d4b52ea1a3e2c195b5d65945e8e,0.04018457,0,0.0
VirusShare_b0f8d2ff95b23a43f4afed02db0cc0c4,0.111646175,0,0.0
VirusShare_d800d6ec44d3c03d4d71e2f8c250b309,0.27018845,0,0.0
VirusShare_bd76a9b448ee4e085a49e5de80fefa5f,0.13870573,0,0.0
VirusShare_c3b17bfebabdb8d6090c16cda8cc97d2,0.09119268,0,0.0
VirusShare_bbc7a2846f9600f1f35b5f83fe154ac4,0.33236352,0,0.0
VirusShare_973c813b82f02fb6d30c01ad0779d5c7,0.30854902,0,0.0
VirusShare_c69df0e138dcf2ced2975bec380ec8a1,0.4581676,0,0.0
VirusShare_b235765bee3c819847627b84079a9dfe,0.12117152,0,0.0
VirusShare_975303585fc9983eac29a0b33d9237cf,0.27018845,0,0.0
VirusShare_72b7ffb1eeb88b75b7de5a1110e265c3,0.18692878,0,0.0
VirusShare_29e4c1b8548bf36f89eb57236f06cf83,0.31731746,0,0.0
VirusShare_30db43107d466fa850e26231baa401d5,0.30918795,0,0.0
VirusShare_2391fb825bff838b11e02074e7c2219c,0.4581676,0,0.0
VirusShare_bf79e73d0a08a20b70314fabbc395c7d,0.6579286,1,0.0
VirusShare_743b77a01bbb40713ce29c0b7e2d1459,0.1773514,0,0.0
VirusShare_14c3f14ddb2adaa775af60e1b345f1b7,0.015885577,0,0.0
VirusShare_15ca92924c358ea7068f2685c66c9450,0.24301645,0,0.0
VirusShare_e789e9f106a354db59eb70455be9479c,0.09119268,0,0.0
VirusShare_b72544d8e1bf94cf932cb98d6977332f,0.16016956,0,0.0
VirusShare_a687478279065689c30d62b7b619f061,0.3280962,0,0.0
VirusShare_4afae6f2e2a75d5574ab461b6e8fe887,0.24444588,0,0.0
VirusShare_7aec4789b0c6c2aa7709a1eeb7d6818f,0.32971543,0,0.0
VirusShare_02ef14a42d68a24f7807d36d3d6516ee,0.13139388,0,0.0
VirusShare_b6b76f9a6f455c5a597901aa4556b12d,0.35813278,0,0.0
VirusShare_523bc320f6bddf7c7d04491ec6dddd54,0.34908754,0,0.0
VirusShare_c3f0c4b6179e7302d49b3b867f62f8ba,0.6528677,1,0.0
VirusShare_c8fe62b4e97d2e4792850bb4bd878fee,0.43773946,0,0.0
VirusShare_b3809cd07e2ce76f1e7a432a3ac1f76d,0.04018457,0,0.0
VirusShare_d5b4ce30d71681260ff9f4e67e6f3b03,0.32971543,0,0.0
VirusShare_9abba30c76960477db4c62547c3a1dee,0.27018845,0,0.0
VirusShare_e5c176e0abbae358e4dc5125fda69072,0.6578264,1,0.0
VirusShare_03eeb029df201800e15b8dca9d9ee109,0.341274,0,0.0
VirusShare_8ed9d825c834ff2b72f51a235d24f40c,0.38952392,0,0.0
VirusShare_d9695b5c4590cd5d6a592bbd0f903fa7,0.26116574,0,0.0
VirusShare_cca923f95c4a9465743c5108dcce0fde,0.4010809,0,0.0
VirusShare_6a79ea10e215c9c8750cebff7dc28b2f,0.03875366,0,0.0
VirusShare_39f9179f13c36db6e7459f8f26e4fc63,0.3060597,0,0.0
VirusShare_6811092cdfbeb30eef7bc95a321a6fcb,0.26908106,0,0.0
VirusShare_7235f9e72482ab3a873bf0273e2442c1,0.24473128,0,0.0
VirusShare_da4c32415578fcf6409252edaef5ff1f,0.20067377,0,0.0
VirusShare_d7c52e6be828127f2bea6e112a6ee506,0.34789094,0,0.0
VirusShare_7147d18b52ab3140841202b60034aefc,0.24301645,0,0.0
VirusShare_e0488020c549182dfa988dc13b1af1db,0.09119268,0,0.0
VirusShare_615a17fd15379950be9ee924930c1d95,0.021712132,0,0.0
VirusShare_e7287b1ccaf2a4b66697b80f23b735db,0.65485615,1,0.0
VirusShare_cbd6036e7ac784e83cba335bf6c13450,0.3289132,0,0.0
VirusShare_14fdccf9b5aae1f66fd9922889175b9b,0.04018457,0,0.0
VirusShare_08aa443b49ca05ad38d6d492edd8aa88,0.057157844,0,0.0
VirusShare_003adae0cb0a92ae88afb05b689eccb4,0.057157844,0,0.0
VirusShare_268a19521cee7621f87c4dec21d6521a,0.34789094,0,0.0
VirusShare_29ed6e3e596f4c1d009135aa1bd7b3bd,0.24301645,0,0.0
VirusShare_186837490701e87685a4d35bf295aeca,0.65736055,1,0.0
VirusShare_46264c33a24214421d1fc1b56a360a91,0.2748047,0,0.0
VirusShare_2ae73e0ad06f957bfc405cf5eab2042b,0.3022385,0,0.0
VirusShare_3e7986595528c163eb2e3c49245186d4,0.057157844,0,0.0
VirusShare_2d8906a7a22fbe12e10fd74b190e7123,0.09119268,0,0.0
VirusShare_651c86c174bc7dcdd7eada199acb47d7,0.30918795,0,0.0
VirusShare_9bb69d8c1488a772bdfd5edba51a5566,0.66223454,1,0.0
VirusShare_80608557d479ce08a530a8fbc71543c3,0.16950276,0,0.0
VirusShare_37fa367d7e78deeccb77c2c44cf5a44c,0.3092484,0,0.0
VirusShare_d73f83365dd40522a4a64e24076eceb6,0.1283874,0,0.0
VirusShare_7c9db7e4ec32ce60bdd2d17f2ab69319,0.2645908,0,0.0
VirusShare_0abb79ca9130999d4a9883249a61ed5c,0.20955925,0,0.0
VirusShare_bc2b70decaf5d927f0dfaaf64c4c3b00,0.25109458,0,0.0
VirusShare_4b4e64469ce68ab1f9b92095a97c75a8,0.16950276,0,0.0
VirusShare_dd0b8d1894f1fddcd4179a5cc065aa91,0.18427403,0,0.0
VirusShare_58a3c5de358a2f7474d769264b98df27,0.32381314,0,0.0
VirusShare_f066a02efa1844a036152edbc3a03f98,0.38843384,0,0.0
VirusShare_a2852d8e4f96c4a0db571ce4dfa4461e,0.34908754,0,0.0
VirusShare_c9c4c348919bf7994080bd86df5ad6b2,0.32992667,0,0.0
VirusShare_6e6967453c45326e34756799817b0630,0.4581676,0,0.0
VirusShare_73b7c62f1ea88713537fab301ba4f7fe,0.38572055,0,0.0
VirusShare_4b78c4d4f8cef1368323d6b5a7278cfa,0.34049723,0,0.0
VirusShare_c71821114d004606f021b52d473da904,0.09119268,0,0.0
VirusShare_3e83f55d5630b2f80102b1c6485abe91,0.34344298,0,0.0
VirusShare_3d43b819165e2e5fd86f897a59f5beb0,0.111646175,0,0.0
VirusShare_41b1df6b4c44329b66a1d8f49ea12ee7,0.019044513,0,0.0
VirusShare_e6fb6f0b2b6ac3a27baf184c9e294908,0.09119268,0,0.0
VirusShare_eb5088f01f34817b48c6523714270111,0.04018457,0,0.0
VirusShare_bc205b375a39dd6ce61d139d07918c80,0.09119268,0,0.0
VirusShare_a9a115058709b1b17ce4d43ee5f0dea4,0.3092484,0,0.0
VirusShare_1f72a412406ada3e44b8b7da7028c1ac,0.32623643,0,0.0
VirusShare_82005f45ca1b2b18af2db096e964b90d,0.32444486,0,0.0
VirusShare_ba56eff828497a8e6fd096a4d2afcb4e,0.3280962,0,0.0
VirusShare_359751a9770ec3e3190e70f0b9aaafa7,0.2855798,0,0.0
VirusShare_f16317acb62b718445761e86b9474d05,0.24301645,0,0.0
VirusShare_3207c7fbedab0c41f643df36ed1cd4c4,0.3306747,0,0.0
VirusShare_554bae2bea11702c051c59c7b967b1a8,0.16950276,0,0.0
VirusShare_e470fbdfb73f8a6da44f298a7f542260,0.290256,0,0.0
VirusShare_05b77b66b1e0ce68c28657da477df055,0.13953424,0,0.0
VirusShare_dd827c765ec45ce974a8bc026ff7c9e2,0.31701404,0,0.0
VirusShare_d7b7c0204aeed1b6d398f53f7a496e22,0.04018457,0,0.0
VirusShare_99f7921ca565a9b56128efd646d4c684,0.24444588,0,0.0
VirusShare_68deb48c841304885088f7c931406ee2,0.09119268,0,0.0
VirusShare_9164ea610c1715b2438cb0058ca12177,0.09119268,0,0.0
VirusShare_6a09215b580fd0bc3f038b9dc5d89417,0.3529483,0,0.0
VirusShare_66eb425845666ad89d7aa3931b80b603,0.34908754,0,0.0
VirusShare_123eb0462d889afb71f1c69a785866b6,0.35389715,0,0.0
VirusShare_9ff8942325f1ecba6abfa20eb67afdac,0.24473128,0,0.0
VirusShare_8459863036fcfbdaeb540d22427876cd,0.31522727,0,0.0
VirusShare_d8591f12c99cf8fb7a6cc4ef42bf4a67,0.019272072,0,0.0
VirusShare_41e7db17dd7f0fd5dbd7b4240352169b,0.11677337,0,0.0
VirusShare_983f2550d67fee4d395c2a51c79c7848,0.65814173,1,0.0
VirusShare_475c1cc8f35105c608fe82151ae86ad1,0.3053705,0,0.0
VirusShare_a8ef5e024520cf33723562fe3a02aeba,0.34695497,0,0.0
VirusShare_4ce559f2c2c0d75fb17da72a18e5f163,0.16950276,0,0.0
VirusShare_71ff40e94d9e5ad38721859d0f4bff72,0.3092484,0,0.0
VirusShare_d0678bb7bf0a7f53fcfd97fed944a248,0.34344298,0,0.0
VirusShare_336d417669f2177820e7a05503da54f0,0.31972036,0,0.0
VirusShare_635e6c55459fc8cd3e1d417b969deb68,0.04018457,0,0.0
VirusShare_7b9ef39176a8f8c7e50a61ed5f5c2b3c,0.32781819,0,0.0
VirusShare_7c342763435e2796dbc87511bf49c79d,0.24473128,0,0.0
VirusShare_8087371fdb5963802b25f8653ecbee05,0.041524313,0,0.0
VirusShare_829626f218a48b25b556b2219b626cde,0.32560855,0,0.0
VirusShare_ba23f86927168f75b32d97a1144c920b,0.19182457,0,0.0
VirusShare_98c9bc9bddec05f7044065fde716410e,0.6582864,1,0.0
VirusShare_d11a46684452d186e072fe78d0e9cc23,0.46218482,0,0.0
VirusShare_1dc3a4c06535b8e587f98051a8783d11,0.04018457,0,0.0
VirusShare_a7dfae5342e01efd73197da90fd7f03d,0.3176892,0,0.0
VirusShare_f434057694a68ffda2e74d19d6fd83f3,0.057157844,0,0.0
VirusShare_f5d3aeb44f1c46ff5041aa8d11956730,0.66157246,1,0.0
VirusShare_77aee455e06d7bb64b75d6f2a71c9ffa,0.18427403,0,0.0
VirusShare_8ad324549fff66f340dd3fedd2522b65,0.3099646,0,0.0
VirusShare_d8a8f272291aa66e407d673d051be466,0.2956814,0,0.0
VirusShare_66b9fde21f6e527b95116326501e035b,0.30315542,0,0.0
VirusShare_0ef85523124ea8fba10b253faa0b6c2c,0.3609293,0,0.0
VirusShare_06b31070ec52a09c711df014dbb54ce8,0.028234297,0,0.0
VirusShare_db00a5b134fd9b39c663db380bf8d057,0.3280962,0,0.0
VirusShare_690f0cb425b6b54f6a466aa4d9ce7a42,0.3280962,0,0.0
VirusShare_ee4760cba4250f42c1641339db4982db,0.13953424,0,0.0
VirusShare_d51c86981ac82fbd88bdee6a2be92212,0.18427403,0,0.0
VirusShare_e72d6e065a1f19e7eb8ae16d7a61765e,0.32952696,0,0.0
VirusShare_67bab792a6f7ad8ccba902cb2e50d0b9,0.65716994,1,0.0
VirusShare_6605abf94cb86950fb7019f01f5f5ed6,0.24301645,0,0.0
VirusShare_ab2f862f2a6a39f6fb80e92a8edb7d9f,0.22133955,0,0.0
VirusShare_4a9f0603b8ad0dd34778fc7b95d68e88,0.016118202,0,0.0
VirusShare_5b53f3958be5fa77e6c845b864a76cb7,0.11847661,0,0.0
VirusShare_7e59da4baee445c871942a564b73d5ca,0.04018457,0,0.0
VirusShare_a30a2120bb2dcd078aeac84e5835a84b,0.3440884,0,0.0
VirusShare_14c147e5a02d91a31519118508b0f2ba,0.1615298,0,0.0
VirusShare_ee02426818a4d1fc3345ccfd384e9a9d,0.09119268,0,0.0
VirusShare_9e43dc6f0029340d98423073a05f8da8,0.09119268,0,0.0
VirusShare_e7f39502512e8e251694394e1d64fc0a,0.16950276,0,0.0
VirusShare_1e4339321e3efba046985d70ffbcdc60,0.3440884,0,0.0
VirusShare_f24a3e0d6b14caa1bf82bd95b3520a2b,0.38843384,0,0.0
VirusShare_6930aeba934dbb0ec929b75fb8900cf9,0.3402883,0,0.0
VirusShare_b497f18c93abce2b2ddcdb2736cc857d,0.6624487,1,0.0
VirusShare_c8bf0a315b19ca812025812fb0d491e5,0.31997186,0,0.0
VirusShare_80c3f9625379f17bfccac30664134ce7,0.33927754,0,0.0
VirusShare_6a7338d06162bf39461fc69a44c30ef9,0.37025234,0,0.0
VirusShare_1110ba0574877d738efcb1b28d9f098c,0.24473128,0,0.0
VirusShare_e7fcb2e56791871d67622c5d0789a74c,0.27018845,0,0.0
VirusShare_7921a242ac6af387352fded16d38fdd6,0.8085602,1,0.0
VirusShare_97dc0b17b967e99aacaa4db05acaf391,0.20955925,0,0.0
VirusShare_cdde9dffcf60b3c59d34b945552c8f94,0.2769131,0,0.0
VirusShare_19d573a55e0f835a490ab0da99e9fd72,0.08745168,0,0.0
VirusShare_12b29f589ec8766ea58825f294b6deec,0.341274,0,0.0
VirusShare_33978655594b1c334d5b6c4598c492aa,0.19709548,0,0.0
VirusShare_a506c1b3b2c67b515613d0dc71754982,0.6599511,1,0.0
VirusShare_41c076fc93926d102a5bef7d44c4cb67,0.6436598,1,0.0
VirusShare_74690ad573c17f36d3bdcfebf6aebada,0.3280962,0,0.0
VirusShare_e0094a05d3617fdb96cde8623bf0f5ca,0.16950276,0,0.0
VirusShare_1435eecd539b03e04524e410fd18942d,0.34908754,0,0.0
VirusShare_c4d44c07c19e98b8e42db7540d883554,0.34908754,0,0.0
VirusShare_e289ad42b126e9cb11ba61d2df9cd954,0.26116574,0,0.0
VirusShare_2d1157d07c93330087fbbc63d1c78d76,0.34414595,0,0.0
VirusShare_d8c9c45ae6d33cd46deb8fb02d55f1d6,0.16950276,0,0.0
VirusShare_135807b96b74e0ceb06af491f7487d7e,0.09119268,0,0.0
VirusShare_f054b2429cabee2d49d7ced3fd8579fa,0.2979177,0,0.0
VirusShare_db583b30959b54b9751fd30d6b6671a4,0.111646175,0,0.0
VirusShare_2ef31b2ee191a6e3b2a59dd1cae7e64f,0.32948294,0,0.0
VirusShare_9e241c1e654e35abb9ee88e37323e44b,0.3280962,0,0.0
VirusShare_ef4ea34a81783c12ec5b902d22a350da,0.16950276,0,0.0
VirusShare_65451ba664899f088c2bdacffcb0eeb7,0.36801773,0,0.0
VirusShare_6f165987cf40c7a20287347f6f916d6e,0.082182184,0,0.0
VirusShare_3d856347bcf5aa0000e8778448f8ea6b,0.6622366,1,0.0
VirusShare_706585a41fa45a2b2613c6f2ef632505,0.3229604,0,0.0
VirusShare_6e681ff870c40b732bed4472e2c5aa67,0.38843384,0,0.0
VirusShare_cf95bbc624e1e59d2af2396c1ae0c71d,0.3050024,0,0.0
VirusShare_3d562813d5f095f871dd9f789c0d38c2,0.31448174,0,0.0
VirusShare_2feb13c110b0a84887e82f8811084ec6,0.24301645,0,0.0
VirusShare_3d17ca4b297d4c47384c80954c07e385,0.34618115,0,0.0
VirusShare_e05abd7f35ecde3d1ccf61e2e31eaa26,0.1773514,0,0.0
VirusShare_5ee485be51dab251ed060018c262ffac,0.34344298,0,0.0
VirusShare_67814e5ffee097b6a27050f11db515b1,0.111646175,0,0.0
VirusShare_276a6f1bd451837583989767c5b9824c,0.3402883,0,0.0
VirusShare_b4340fb6b6050b8fab815d255c6eee59,0.21471266,0,0.0
VirusShare_f856ec1e6fb56c00f06e97ce5220000f,0.18427403,0,0.0
VirusShare_17f98e8227c1f5dafaec678e8bc02bda,0.27018845,0,0.0
VirusShare_1ccd25e2b9c318d24df29c003744eb2d,0.3180057,0,0.0
VirusShare_d5b7d988d0278e3654d4865098401a4c,0.057157844,0,0.0
VirusShare_f9b90c4ad68f7493886a77c95dabaaef,0.4581676,0,0.0
VirusShare_e3847208cc927090482d37e8c24dfb93,0.16950276,0,0.0
VirusShare_b0ee49608dc4f1a8423fbe5dafaf6152,0.38843384,0,0.0
VirusShare_73ae14ccf0f0ca7b940c1cf1e2198e2e,0.22627485,0,0.0
VirusShare_ff298f31af85af09f5304cdef24fef1e,0.19709548,0,0.0
VirusShare_c5cbe0c6da0040e00672c041392dd50e,0.3283351,0,0.0
VirusShare_944db6c23c031e795c4b8011126d5345,0.111646175,0,0.0
VirusShare_a16b5e8e44915d3ef84b24edffb6d732,0.16950276,0,0.0
VirusShare_89ca375c2fb07e961668a8e34c0051ee,0.16351314,0,0.0
VirusShare_b5fad30ff9c301d6daf76f2df3bdae74,0.61619437,1,0.0
VirusShare_0f16f203c02bbd7e5a4969a246ce1fe0,0.16950276,0,0.0
VirusShare_4239274f9a854694445dc2d594d76d0c,0.28490224,0,0.0
VirusShare_eee54abd5ebb457fe495b5dc7b1e7c0d,0.23389974,0,0.0
VirusShare_595f636dfef4be69ef4ddd308f10a18e,0.32948294,0,0.0
VirusShare_a67271817a6aaabce45db3bb6c21e176,0.28560734,0,0.0
VirusShare_3a67ab8703994985297b0b84825e9b67,0.057157844,0,0.0
VirusShare_f6d150cb3c2611ba597227b397650d28,0.5691952,1,0.0
VirusShare_98815ee7978683d1a7a90903a4f19926,0.19289498,0,0.0
VirusShare_69b634049d8267dbec3f791762d1a581,0.3099646,0,0.0
VirusShare_9fd624de5d2410da6b42e8b4b6fcaf67,0.31997186,0,0.0
VirusShare_dad4d3c4d4124681cb1f6ed45b333626,0.16950276,0,0.0
VirusShare_5e020c823f5dd79673240a0dbc9f8f81,0.09119268,0,0.0
VirusShare_8de0f2c2518f0579ae49646aa047ddde,0.33033243,0,0.0
VirusShare_451d7cbc9c5b79d0607e9d19fe77d4a8,0.34526628,0,0.0
VirusShare_f342c2cac1a6cfceba22ea015c8da9ad,0.02171022,0,0.0
VirusShare_b76b31df3877a7354f299a8c95c23f66,0.32560855,0,0.0
VirusShare_841f257f26e03e5e0596fd32245a0a22,0.036901318,0,0.0
VirusShare_51ff5f8633d3f33af705357c710d4530,0.3307962,0,0.0
VirusShare_139098c9dae3c1bd038119a81ca37185,0.27018845,0,0.0
VirusShare_d49c5b167b75ff9b893d972ecf2f4cc5,0.072468184,0,0.0
VirusShare_04a187f2144d4bc50e67fe1eb767fb5d,0.25261095,0,0.0
VirusShare_a8de4d89c7eab187eca1e616bcd173ef,0.38843384,0,0.0
VirusShare_1d5b5103ea3e982af19cb6ed1ae8411c,0.24444588,0,0.0
VirusShare_53303f7b18d631bda1cd15a65db6a90d,0.057157844,0,0.0
VirusShare_ed3b01730ea291d367db3d2834c1a048,0.09119268,0,0.0
VirusShare_aee16cf7679af04a1c8411a926b693ce,0.01546278,0,0.0
VirusShare_7ca577903cd8793bb274d827e59b2a5a,0.24444588,0,0.0
VirusShare_8e2eab96b92c13d216c97ec10f9dfe23,0.32560855,0,0.0
VirusShare_4d16fbac9ed9b494fde4988d6fe3f468,0.04018457,0,0.0
VirusShare_996214bf33fc971b95c2f243d636a9ec,0.31472582,0,0.0
VirusShare_f3bb187081add98c9026b958b5513eb6,0.04018457,0,0.0
VirusShare_a200b85f7243db8194a93047908c9fb8,0.04018457,0,0.0
VirusShare_829f9f0ac2d6c6a0d540ffd5989bed5d,0.31701404,0,0.0
VirusShare_0063df406cb9eae383d139f39d7d3fbb,0.33357772,0,0.0
VirusShare_d2d26a66e01ae01c27e84130d0d69d13,0.3176892,0,0.0
VirusShare_3aa13ef99f1c1174953bfd4a3de2719b,0.3050024,0,0.0
VirusShare_d21ae30330e2902a79c0b230d631bb66,0.05553745,0,0.0
VirusShare_cf2b635bfe5fcecfbda33163eca38c00,0.2769131,0,0.0
VirusShare_1e980356ac1bbc4399bf27f955c048fc,0.32642096,0,0.0
VirusShare_99778c1d6e1649ff197a60c7634153fa,0.057157844,0,0.0
VirusShare_e3f46b48df77895592117e06a6c3700b,0.023496557,0,0.0
VirusShare_ad8351586d1ca24b6cf80c1b8edb90eb,0.28490224,0,0.0
VirusShare_32128dcbcbf8917e7fdcaf953d7fd566,0.16892257,0,0.0
VirusShare_bfc5f65c196e8a08239308a58c6a4aa7,0.34789094,0,0.0
VirusShare_d1c3d61e9c3edeec8c4abc56b7dd6862,0.21915185,0,0.0
VirusShare_febd7a143950e7da3b2c0a6d7a8cd274,0.2769131,0,0.0
VirusShare_96a404af4ac4d564d8feee30cea2e029,0.33883756,0,0.0
VirusShare_d93ea0d6e3cc17646df51cace83a2aae,0.16950276,0,0.0
VirusShare_667afbfdcbf1cf46a424112995b0335c,0.16950276,0,0.0
VirusShare_c5a55199875a6bf74ecf168ebafd1c8c,0.16950276,0,0.0
VirusShare_0e825f79be7725e8b0772ce8c2fde96e,0.23151584,0,0.0
VirusShare_ae693486b585db123b10493cde054ea0,0.31448174,0,0.0
VirusShare_c95859d3e2c626ef108cb3918d15317b,0.04018457,0,0.0
VirusShare_dbec51bc885543b8275db18ba24ce436,0.24444588,0,0.0
VirusShare_adb2300558c376ccaec12e9fd8f568e9,0.111646175,0,0.0
VirusShare_e4d43559cc6b3857dcf3fbff914ef08a,0.25371948,0,0.0
VirusShare_58805f6bf6a2620552dd69d1798a9024,0.14047582,0,0.0
VirusShare_cad195164ca177f8a6287c689bbe4343,0.16950276,0,0.0
VirusShare_44fb7db9cd41fe19394f3744865ab64f,0.021772746,0,0.0
VirusShare_cb7c9fd98fc0f8676fd892977232f22e,0.11250826,0,0.0
VirusShare_2b003ae699d2557bc8d40201cdce724e,0.10655315,0,0.0
VirusShare_e37fe9d3188119aa6a3ae5c2a6abf8a9,0.53173274,1,0.0
VirusShare_3baaadb2382840a0d9e2f8e4c3753137,0.24444588,0,0.0
VirusShare_8fe452636adec3aebbbb9ad803bb152d,0.50317204,1,0.0
VirusShare_a60cd1d2502edbe1eba9fb14c05a860c,0.2769131,0,0.0
VirusShare_52723d894efd5c295c5c70d4652b7f7a,0.24444588,0,0.0
VirusShare_447de302a36ac44aa7a7f6bdb41f8f9c,0.24444588,0,0.0
VirusShare_e6dd439f6b1bff90fe7053cc4781c29f,0.24444588,0,0.0
VirusShare_9ea4ddcb485f1b49a8f84ed7282d9f5a,0.111646175,0,0.0
VirusShare_656cf30ad745abe601c0aa1ba70c338a,0.32560855,0,0.0
VirusShare_f30d5ce3157969ce922d71f783c2a61a,0.24444588,0,0.0
VirusShare_a0845f24cc8bb0fac7e7412bc5072ef8,0.09119268,0,0.0
VirusShare_a004047607cbdf8750b03be9ab1961c6,0.24403481,0,0.0
VirusShare_5c2aa96a4bc5b2d9bd69a2aff8d3c082,0.17190036,0,0.0
VirusShare_fa57bc76fa622b6d78b4d7f0d214b0c4,0.04018457,0,0.0
VirusShare_9d05c9ec2200de570ef02da45bc912bb,0.6472612,1,0.0
VirusShare_76467ff71d323c4d5d2dee3cf4b314fe,0.24709454,0,0.0
VirusShare_93a2b5f5731758224f2f4589ee40bcf4,0.2832233,0,0.0
VirusShare_c68a6785c68a71a91dedb92c31b4e661,0.24444588,0,0.0
VirusShare_e846ef176da5dbffc543d500234fc4d8,0.2769131,0,0.0
VirusShare_8fe8c079101085058bbd2238e9078d89,0.04018457,0,0.0
VirusShare_8dcffb92552a28d2bd4c07d803b61929,0.081083395,0,0.0
VirusShare_2f6057805d60bf88dd29f00ea5e21f72,0.64853156,1,0.0
VirusShare_ccbf83372a9c6ce94bac3ebcee0f499e,0.081083395,0,0.0
VirusShare_d87b799bfa91b85ea3aac6fafaac9145,0.032363772,0,0.0
VirusShare_37f619832e55a141e10a5ad68434ad28,0.04018457,0,0.0
VirusShare_7db56adbb24cdefd7246364a69588864,0.19286954,0,0.0
VirusShare_a1353c0c10fa231c5e6bc4e5437e803a,0.33388478,0,0.0
VirusShare_56b4390e423b1f86bb387bf6f629805b,0.19247833,0,0.0
VirusShare_26f00212336cd0f5c37a1441a1371cda,0.11509345,0,0.0
VirusShare_74cd440d3a64e99c1d43f911594ee82d,0.34789094,0,0.0
VirusShare_1782f1edeed3924df912837a73b643be,0.53173274,1,0.0
VirusShare_92d54efaee7127f34011942741702743,0.065878004,0,0.0
VirusShare_6567211ef7f2bbfee6d337a571829e4b,0.32560855,0,0.0
VirusShare_85876cb1bfbdd86df893d0283c673a82,0.059607722,0,0.0
VirusShare_97e2317cd194ee05a88617b08c37265a,0.04018457,0,0.0
VirusShare_34856bb4ed6b3a6474e1a053a951ae33,0.6550945,1,0.0
VirusShare_4ea2c41c4ab7b8078d5fe48843c1fdf3,0.3180057,0,0.0
VirusShare_278adcd7179321f639bfa1c1d91aa440,0.37923247,0,0.0
VirusShare_83c964b48045533df29cc4ac04790bfa,0.32616144,0,0.0
VirusShare_bc02b9f20bd044e209ce361d6ce0c145,0.31701404,0,0.0
VirusShare_79e06880fc370777fa3e39b761337bbc,0.65958995,1,0.0
VirusShare_47676ca12db3805c56411c2812a7e5ee,0.3180057,0,0.0
VirusShare_9fba6d04641f7e5ecec79e40b67fc20a,0.24444588,0,0.0
VirusShare_3cad50cb3152d0afc47250459899b8c5,0.34526628,0,0.0
VirusShare_b513910a11344f0579911c5c2e46561b,0.05583452,0,0.0
VirusShare_e9f0c2c518d2a6d13efefc1d2441eb47,0.32560855,0,0.0
VirusShare_0b2ef650a7d2bdf6e3e9f5348b5541a9,0.057157844,0,0.0
VirusShare_cd8c7de7bcdee08fb4a35ec65678e19d,0.65109724,1,0.0
VirusShare_70d1ab5fd084a820e3d4f7b36cb4ac0e,0.19015409,0,0.0
VirusShare_8232f146fc2101c084ccef872ab23809,0.1773514,0,0.0
VirusShare_71a4b54ee64de37c00ccc6b9a834a9e6,0.19038951,0,0.0
VirusShare_f5c639162aa210c888866f39d78ea053,0.33984557,0,0.0
VirusShare_f46a0392ed7e4dc105cb5166a3dc75be,0.15687543,0,0.0
VirusShare_e8d36d05263eba2c0b15bc919f5d0f21,0.32560855,0,0.0
VirusShare_97eee53ded700479a202a4016b8d87b4,0.041524313,0,0.0
VirusShare_7a7e031c0f1c2c6bd9c8f1f555a24ac6,0.2841762,0,0.0
VirusShare_cc9844809e5b8331a32999713421d932,0.24294937,0,0.0
VirusShare_8bdd378fb0e8f5d190fbfb86ad1f1ce1,0.09119268,0,0.0
VirusShare_3170a6a8b922667c4dbba74b60343ac6,0.09119268,0,0.0
VirusShare_01a0c23259c7322141be692c6f497b17,0.32616144,0,0.0
VirusShare_bf038871eb697ebc904d7173dcb71f02,0.24444588,0,0.0
VirusShare_e7aee4af0b25fd728fb8c4a7d5602d4c,0.111646175,0,0.0
VirusShare_55cc595a23f4476c603a4aaddba5317c,0.33614707,0,0.0
VirusShare_610110cc8f0a4f3f29c3d91c25d2688e,0.04228968,0,0.0
VirusShare_8dfdaba0d858791d5756a059a65fa758,0.3180057,0,0.0
VirusShare_20cfdfdad0a2d38b110d66d4217f19d2,0.081083395,0,0.0
VirusShare_e45ccce370a43cf10b337fe1fc5a3d01,0.081083395,0,0.0
VirusShare_d9681955727c63dd8730afb97bfebf64,0.25371948,0,0.0
VirusShare_58e259b918874ff51ad04475f2fee887,0.15067177,0,0.0
VirusShare_6ca7a71afe79976acc338f92e7fa265c,0.66232,1,0.0
VirusShare_1c7cd772ed45736529e7847c72ec6723,0.117913485,0,0.0
VirusShare_b9ea2320ea74bba240aceaf880c6d5b3,0.3180057,0,0.0
VirusShare_b12b855f593fc97ee21280b87dac487d,0.22333595,0,0.0
VirusShare_618879858569673ce6ba392af03de601,0.09119268,0,0.0
VirusShare_4c522d85f7ddb15f731c2164b2c7df18,0.25371948,0,0.0
VirusShare_72c391745df454a943727593554897dd,0.19033524,0,0.0
VirusShare_20d4dbfd34a4d10aa3f65ddcb631bd1c,0.32506898,0,0.0
VirusShare_330b9bbfe3d8b603bbb2a7a0166378db,0.22133955,0,0.0
VirusShare_0774523489df0a877dc840b9e11cefd0,0.081083395,0,0.0
VirusShare_39d9f3b9ab356790b83cddcbc366c017,0.25371948,0,0.0
VirusShare_4f9c17383911ec8ded95feb7c8fd9c88,0.25371948,0,0.0
VirusShare_151b0555ee8b634039842a2ce4eb4c35,0.1068054,0,0.0
VirusShare_858d027c7bca9f088b75b39885d4f331,0.2769131,0,0.0
VirusShare_f4914a0c6d42b6401656fe7cb339cad7,0.17259438,0,0.0
VirusShare_2b8f3606eed33f5d1a3633641998c1c7,0.18427403,0,0.0
VirusShare_00d8a1940e5b6e425b954889b31e264c,0.12296007,0,0.0
VirusShare_727d1beb44b35011518f67392d7404ee,0.111646175,0,0.0
VirusShare_e874553b0470bcd9a42cb573d1ffeb8e,0.04018457,0,0.0
VirusShare_5663b358505f82f629363e11f01acf03,0.04018457,0,0.0
VirusShare_3c20701dab418ed9d93ee2c803aca225,0.057157844,0,0.0
VirusShare_ac650afff39338e5d9a1845fb95faad0,0.029828453,0,0.0
VirusShare_ab1daa6c51806ae5d654eb01f82ab0d7,0.32560855,0,0.0
VirusShare_3eacbffbfa0f1f8518e8f55cd85c9ca8,0.18931998,0,0.0
VirusShare_4d911db2711c0b0af024b1ce88d56c32,0.32560855,0,0.0
VirusShare_bf1d1c8f703c9fcec37a2ec9f538708e,0.16950276,0,0.0
VirusShare_ed596be24bf4a2ad8f582ec214248e1d,0.6508025,1,0.0
VirusShare_122e225e7fb975c69e0f7eca8722d22f,0.3180057,0,0.0
VirusShare_ac93758e0443b3f7df8df89ff712b7c3,0.111646175,0,0.0
VirusShare_b02ed6277c000919a99eb7fa9fd164fc,0.1639183,0,0.0
VirusShare_a5b0c3366289e885bf9b486b307d1213,0.32560855,0,0.0
VirusShare_947906a357b0e7423b0fa53eaa0f46c2,0.48528522,0,0.0
VirusShare_fc9c8f3d4ee40e6d7de654c91def5a3c,0.10217675,0,0.0
VirusShare_9ded7b570fd40bb80cb8e9303f47bf90,0.3566091,0,0.0
VirusShare_f81d30ee995eb1d0a5c682ee14937b9c,0.057157844,0,0.0
VirusShare_859bd2e90235b4b2a3bc81712e4ea482,0.081083395,0,0.0
VirusShare_4b2db3bcece049b2b802df889bd39c7e,0.09490206,0,0.0
VirusShare_955aacb89e99f5ba576b3a6c9b1fcee8,0.081083395,0,0.0
VirusShare_2e7c1db7f1ebb04417f622d79a206f38,0.24301645,0,0.0
VirusShare_dc9fc3bd7b6abd1b511aa125fc7cbe8c,0.35384527,0,0.0
VirusShare_4a25cbf331657287cd806a192861a6a0,0.059607722,0,0.0
VirusShare_eea9a7690c8ee4cbd016afd06f01cd55,0.43020743,0,0.0
VirusShare_b171521505e1e5a014a4e6ee58eceeb1,0.04725554,0,0.0
VirusShare_168b2793f3f7a8b5147f7f3b9604bb37,0.32616144,0,0.0
VirusShare_8524caa9e2d1ff513114a14eb64d0bf8,0.057157844,0,0.0
VirusShare_839f74653ad7b7c4b054c3ffaab80f4d,0.023255339,0,0.0
VirusShare_25b9ca62da47ab7bc9b06c5267b598f2,0.32444486,0,0.0
VirusShare_256946e404dcd2abbbe572be65b45c2f,0.3845241,0,0.0
VirusShare_6baf9d91e8c8593d65ad829003a6e159,0.32616144,0,0.0
VirusShare_78c074b6b5d3177a177fe12acf2d80bc,0.34526628,0,0.0
VirusShare_ac087448a9270d300881031c6284cde6,0.32560855,0,0.0
VirusShare_d198bf1e848b79e7c29a529352732ab6,0.38053578,0,0.0
VirusShare_b920df220b21580c1636b19cc7487501,0.021683678,0,0.0
VirusShare_a793f58931b076e697fd0b1f3b45844e,0.3540067,0,0.0
VirusShare_fb9b7058be8a7621e86214a43bad5338,0.34789094,0,0.0
VirusShare_445bc5eabc253749ce6e47e246cf9306,0.1623483,0,0.0
VirusShare_b03f80f99350e43ad050d4416de3be1c,0.25371948,0,0.0
VirusShare_9ef75d3f673a98862f1673da61ef497a,0.29734334,0,0.0
VirusShare_e21a99df7fadacf5a0f865e0d0f322d5,0.3566091,0,0.0
VirusShare_1dab827fa3008562adf8596bf61ee6c1,0.34789094,0,0.0
VirusShare_b4970388cd810019618861330837e986,0.36816233,0,0.0
VirusShare_39003a252361e946bc2906bda087a274,0.50063294,1,0.0
VirusShare_d725fa5f4ef739af6e489a57f0aab243,0.025442401,0,0.0
VirusShare_98628a2eb233db38ee69efe0c54f91fe,0.29227385,0,0.0
VirusShare_ba460bd25b5e42095df1fcdd2f165ed7,0.019592691,0,0.0
VirusShare_092386189114bc375f6109eb8307cec0,0.16892257,0,0.0
VirusShare_45f490e5b26c9e8ca8e4d3f28c97b135,0.24403481,0,0.0
VirusShare_d8b66f3dbed8b84f610a60eaa91ca83d,0.3377469,0,0.0
VirusShare_93c922f040018c6fa543bf0055f08e6e,0.04018457,0,0.0
VirusShare_96cd012cc9b50ff0436c83d0c71cbe4d,0.2130311,0,0.0
VirusShare_66826f1df0b97783d33ec4d9bbcdbb6e,0.16950276,0,0.0
VirusShare_b88f0a78e4f5098b7167896adccc0822,0.30561906,0,0.0
VirusShare_e989c256e4035767a577facfe97ec14e,0.57479656,1,0.0
VirusShare_eb164c0146ef93954ecf4b42d3eebc78,0.34479228,0,0.0
VirusShare_50d6b26e4514c3db5b4fe22f4cc90799,0.30854902,0,0.0
VirusShare_11046e3ff08cc7d4b6f7013356369836,0.1773514,0,0.0
VirusShare_cdb14c33cc8792ad87e2598fe34ca33d,0.34908754,0,0.0
VirusShare_35b80abfc620c1dc8f427577712b7a31,0.3280962,0,0.0
VirusShare_00fecb7bfcc4a0f7a7132119bc457fdc,0.15017417,0,0.0
VirusShare_f43963da60008138aa02fdbecedc68db,0.18427403,0,0.0
VirusShare_f28c6926b646c737f4749baa3720d609,0.33891544,0,0.0
VirusShare_6478921e92dbf856b9e7bef2287189a3,0.1615298,0,0.0
VirusShare_b2f74bf8873f15e7081d5bc624276c9f,0.3176892,0,0.0
VirusShare_897403edc021b631f67f4f9630e1ceba,0.16950276,0,0.0
VirusShare_c7812d249ac2a33a6b46682a890cd3d2,0.081083395,0,0.0
VirusShare_ae85f21a893203bd7e2700b0fe296210,0.34789094,0,0.0
VirusShare_cf492e15121c6c7d4ebf22a5cf0e38f2,0.11871681,0,0.0
VirusShare_d6eeb507b01be772df3f73ab12fac5b4,0.16892257,0,0.0
VirusShare_01117917bb60d40cb95f04ecfc0a1244,0.09119268,0,0.0
VirusShare_cf1c05575558c858504d99506b790156,0.32971543,0,0.0
VirusShare_8b2fa9a3b59d8078eb0e579806726ea2,0.09119268,0,0.0
VirusShare_ae099d40af415957d6979e1019c22ba8,0.050458916,0,0.0
VirusShare_001dde5c2201b11a925efe0a06230712,0.35685378,0,0.0
VirusShare_9218f3498ab91741362f695bd8132227,0.32560855,0,0.0
VirusShare_479ae426a6be61e4bbb6501776a45c4c,0.25371948,0,0.0
VirusShare_14e60cf59baa89db063281fa4a8d0755,0.20912309,0,0.0
VirusShare_23983b06a5dee28f4daa45a1a8c4fbe4,0.317689,0,0.0
VirusShare_05a1e0ecebaa57a49a0aa8e8129081fc,0.3176892,0,0.0
VirusShare_b4b308922732293a45c06b95ccd38ecb,0.317689,0,0.0
VirusShare_5f6d0f1eb3716dbd040e7abe1c66d718,0.317689,0,0.0
VirusShare_7542091131b35466c8dbd68f8a1c6f14,0.3859681,0,0.0
VirusShare_7727071d38cca147fef1c03ecb11a692,0.48684254,0,0.0
VirusShare_b035bba74b6a6c7d8bb6590a8a3f3baa,0.30248323,0,0.0
VirusShare_f1a8e4e5dc9e04c8c3aa7a4e62592a9d,0.6530641,1,0.0
VirusShare_b2dbf48106b9344e0cb18d54751b7ac2,0.01595402,0,0.0
VirusShare_fb66b876280f8d9a6178f128a8b0d1dc,0.16950276,0,0.0
VirusShare_80a8942073ea6e6ac33156178dc910f8,0.057157844,0,0.0
VirusShare_b1d286d58deb0490673a08c94f7bad68,0.6508025,1,0.0
VirusShare_bc125fd410168b5e0b22a2b284118b09,0.06943027,0,0.0
VirusShare_29ac124020a968ec3c96a9fd06f1f65a,0.096656226,0,0.0
VirusShare_827ddbc51cbfd51c8d940a8b3ac14166,0.09119268,0,0.0
VirusShare_aebb3c3901a0bdb0dee7832ff1ef0222,0.022472357,0,0.0
VirusShare_edcdf55ba1388e1dfab209bf9b670132,0.057157844,0,0.0
VirusShare_36882279f40e162f0229ae281bacb809,0.057157844,0,0.0
VirusShare_49baa51edb64b02210d7d737540bb5d8,0.10655315,0,0.0
VirusShare_8cc1f6bb49b949a6b4c2b44b3c6880d9,0.15687543,0,0.0
VirusShare_e29574d14ce890cc8f178b314d0322d5,0.1911013,0,0.0
VirusShare_5ccbd93b8c4541db0d8e963b5f5e2f20,0.059607722,0,0.0
VirusShare_e55139fbf91cd82c8878988fb1cab206,0.1336673,0,0.0
VirusShare_f6c4cb95e415f4a84c44b871e7c030fb,0.341274,0,0.0
VirusShare_30528d84e3bc0a0e8bb1aadb062dc177,0.1877389,0,0.0
VirusShare_e4ddb8c29f19b4f3690cb24e98be81a9,0.24403481,0,0.0
VirusShare_b0a28bee8fe16a9b0d497fc943b0f19f,0.15593694,0,0.0
VirusShare_c82df64000883d760e9b09b48d393e96,0.08352034,0,0.0
VirusShare_42897304ed2ef86bbcbc64dc32bf8913,0.32971543,0,0.0
VirusShare_83f121d8ab6919cb119c7723e3b60528,0.2769131,0,0.0
VirusShare_c3731e4d6a2d781f0e505f286eafe9c0,0.4581676,0,0.0
VirusShare_ab053f9026b5ebb73321d3eb1f18627f,0.14509161,0,0.0
VirusShare_79d8572e2b0f4b29b475b0ae108d46ba,0.3227596,0,0.0
VirusShare_2cb1b1c76cf562bea2889df1c7e3b035,0.3180057,0,0.0
VirusShare_910fafdbb73c7d652472d324b4150131,0.11164284,0,0.0
VirusShare_0d8b27aee366f4d3d749368c26d041bf,0.33110315,0,0.0
VirusShare_e8db367c5ebcf87234e18ce17c75c90b,0.33110315,0,0.0
VirusShare_2a767d5675d9f4136939b5154e3f97e1,0.32616144,0,0.0
VirusShare_49851b40385c762ec7e8cf53f110c7ab,0.6605148,1,0.0
VirusShare_06e1be78df6240b5f0181b33844c3924,0.341632,0,0.0
VirusShare_7e12d82949d4fcc3aee7b8bbc80a8e3e,0.051425777,0,0.0
VirusShare_6d8b1692945f6b57bbd26139fe024500,0.23499462,0,0.0
VirusShare_b787a69d8a1d9a359fb079f9a0d88f0d,0.65308315,1,0.0
VirusShare_ab16777e65fe5bf63adeb4c611096468,0.063715436,0,0.0
VirusShare_4ba7628b1b0899a9a2301d41ee92a004,0.32560855,0,0.0
VirusShare_d58ba50c223fcdc986ba6f6103b692a2,0.057157844,0,0.0
VirusShare_e04df19369829a56ad90dd6bd46438f0,0.33110315,0,0.0
VirusShare_d259232f3daa51cf0b7de2ca560571b0,0.3180057,0,0.0
VirusShare_c819d50dbda0ea596684e9e22a2df41c,0.36816233,0,0.0
VirusShare_e93e427d8997fea056df3eaf88d7b0c3,0.057157844,0,0.0
VirusShare_e8d14f79aee646d89c3334b2372bc88e,0.38189274,0,0.0
VirusShare_37833b2b5faed347ae9e47df1897747d,0.057157844,0,0.0
VirusShare_6832219af1c96bd0d85eee1d9ccf043e,0.016613517,0,0.0
VirusShare_be635d72a1a3bdeb2ded6aee67b3e8f3,0.34526628,0,0.0
VirusShare_1f6c59d845409f52751e59181e865432,0.35685378,0,0.0
VirusShare_1f9e3205e761adbb409efe78a6f34d77,0.43020743,0,0.0
VirusShare_496ec868a6219327b2e730c2b72c58e5,0.081083395,0,0.0
VirusShare_b7ff40518aef3196c2be7a97bc1092ce,0.16892257,0,0.0
VirusShare_3cfb7001c065199bf882b57e2880a967,0.16950276,0,0.0
VirusShare_a813428c3c52b5b30d6559bf71c0ca66,0.25974905,0,0.0
VirusShare_e777face76e5600b0635230033bb500f,0.04018457,0,0.0
VirusShare_7a6490cc5d56201726c05f885323d92d,0.3280962,0,0.0
VirusShare_2ab825bd9b13b1c70b5688a75298c6ed,0.35685378,0,0.0
VirusShare_54336c4b2742fa897590298c10bde438,0.3229604,0,0.0
VirusShare_3001ed3179eafddbe8c825d2cb7deb53,0.3540067,0,0.0
VirusShare_66b99ffe1c60aad510b24c0a2e39d43e,0.19038609,0,0.0
VirusShare_955925626d515af8a545b1d63bba8ac0,0.38572055,0,0.0
VirusShare_3166f8d4a615044a903cfe547a27ab02,0.35685378,0,0.0
VirusShare_31b417f6f9d68da94e4551c11ac0d59f,0.35685378,0,0.0
VirusShare_340d19b50c8abd45e6dcbb8647a31e84,0.4468662,0,0.0
VirusShare_346fc01ba5650388f9093a77b127fb98,0.43020743,0,0.0
VirusShare_37d0c08e5f31be6b1fe9dd49e439f186,0.37034696,0,0.0
VirusShare_3882025e972d606d8008273d4c03954e,0.3540067,0,0.0
VirusShare_c0a860ec0a4a80d9fd8dc6cffd9f3ea6,0.30854902,0,0.0
VirusShare_095461ee62a9b5c4fa0916122ec69a6b,0.04018457,0,0.0
VirusShare_3ec77585685fe6ff46ce226a7b5f1181,0.38053578,0,0.0
VirusShare_3f26483da619bdf7ce686c65406c12cd,0.43020743,0,0.0
VirusShare_3f26dc1cc07267d2d6d790c29732e227,0.43020743,0,0.0
VirusShare_3f5942fe7cb368d327170d647ae3c6b9,0.43020743,0,0.0
VirusShare_054cd2a41706267d2adfe0eddf8a85f8,0.3455747,0,0.0
VirusShare_6e82c7573e52584784940509d423d40e,0.18427403,0,0.0
VirusShare_9b496efb69ed72d399fc05175484067e,0.059607722,0,0.0
VirusShare_486cf1765c2ddc31f6fa720bfc6f49db,0.3566091,0,0.0
VirusShare_b192975102623274a39d5b7d753b7459,0.015707867,0,0.0
VirusShare_8a15832ef60a15ca9e8601ce8c8adaf7,0.34526628,0,0.0
VirusShare_2a67f8901bae9c6865a112e35e10d0d5,0.34049723,0,0.0
VirusShare_cee8b31f9b572efcca64d32333e1ba54,0.24444588,0,0.0
VirusShare_7630ec623474c93283e97f1623c10c30,0.10655315,0,0.0
VirusShare_f639447b6ce3408878abd290df16eea9,0.10655315,0,0.0
VirusShare_f96dc77be0d0b8e9b8917502ed8f0e6a,0.081083395,0,0.0
VirusShare_022adbf67ad14229719652d938ed1ab8,0.6599622,1,0.0
VirusShare_539570cd11a08df83faea80337d512e4,0.26189238,0,0.0
VirusShare_27805fbb0e258b06e1d68ac9d47e7040,0.6572897,1,0.0
VirusShare_9359588af37519fcef8885ba089b1db1,0.64809763,1,0.0
VirusShare_d2685e86999b7d5e924093628273d073,0.25974905,0,0.0
VirusShare_f4da6a53d70534e7053f1038e383f202,0.18427403,0,0.0
VirusShare_c8a025dc5e8b5254e9e04b7d94975b8f,0.04018457,0,0.0
VirusShare_e686106cc9580ddfe11d88ca05733582,0.24444588,0,0.0
VirusShare_31fb1c9eabf4a05eb125e2afc7891622,0.16950276,0,0.0
VirusShare_a1adca8dfdadcd2daa36097f932ae5b0,0.33110315,0,0.0
VirusShare_59828f63c65abcf78af192443b3d3ebc,0.53860587,1,0.0
VirusShare_d3c28aede784b36ef65682aaf535f315,0.38192782,0,0.0
VirusShare_52d28c9d213684bb9fb620d4f36995ca,0.36858818,0,0.0
VirusShare_a55a4b96a4f051b05b432f03ab57f8b6,0.24301645,0,0.0
VirusShare_d44866638d96f3e24e7dedb48ec8a04e,0.135301,0,0.0
VirusShare_7ccb2928a30b45646c4988e4d8e66bbf,0.09119268,0,0.0
VirusShare_a89ea11e8502f4e6569a03eb67bbf683,0.28731194,0,0.0
VirusShare_b1773118403329aed4f73c7656822657,0.081083395,0,0.0
VirusShare_8c405803f89abe4c0e8a25a4f1f7c6e6,0.04018457,0,0.0
VirusShare_0180ac6fbdeb4c37512b9910bb79564c,0.22399648,0,0.0
VirusShare_e9c59e04acdcb5af39c6abf4da5cccf4,0.3821116,0,0.0
VirusShare_6c1508c0e86b86c8994029b5d8fbf255,0.40588826,0,0.0
VirusShare_a675a8749412dc2ee78a481787778b8a,0.46876398,0,0.0
VirusShare_67e1de3d9ca5b19128e393952929b629,0.10655315,0,0.0
VirusShare_1857cc683aa6b4425d5081487c07d28d,0.33808812,0,0.0
VirusShare_bf1b71174735246b23228cb260817111,0.24444588,0,0.0
VirusShare_c5fdcc56aec3bf9dc161c527bf6852c9,0.25371948,0,0.0
VirusShare_b4fdbd9b7978eac6efef697cefeb70a0,0.5101382,1,0.0
VirusShare_37d1a7e569ecdc44e2d08cf2e30c6100,0.111646175,0,0.0
VirusShare_659427703a73bc42b35e71e4e6bb9b86,0.111646175,0,0.0
VirusShare_153b1c44edd98d7399c084cf7fa738f0,0.09119268,0,0.0
VirusShare_4fe4e69801c3b7b374ea20f94e4dce91,0.34695497,0,0.0
VirusShare_530300c483894e23af536ba7491458ca,0.6508025,1,0.0
VirusShare_e7bc5287db90a5098fb751ed807ce469,0.32560855,0,0.0
VirusShare_49644788ada4bcabfc77e1bfb32fb85a,0.069869086,0,0.0
VirusShare_fc952116cceba2e1a9c57e0095bcd174,0.04018457,0,0.0
VirusShare_d6f91cbac22d1fe9af7f339ab564ce32,0.34526628,0,0.0
VirusShare_f916db62c6c8c829bd68d32afe4d9a1d,0.38192782,0,0.0
VirusShare_958bc905e4e4d7bd0a9f0e162a719531,0.38085908,0,0.0
VirusShare_fbb8eaf0ba8943efc67f8feeb5ec05a4,0.05362507,0,0.0
VirusShare_45be2ce986ff6081366d4a0eb7a0d032,0.12640779,0,0.0
VirusShare_5be68d6ecec8208585420c7dc7da9682,0.65753996,1,0.0
VirusShare_4d6c009b3f72d5e3ab0e9bd986b89ac2,0.33110315,0,0.0
VirusShare_e0cc0c235bd43c5524ed15993dcf0352,0.33110315,0,0.0
VirusShare_51ec340acab81e8fdab4e720b6bb44eb,0.6532643,1,0.0
VirusShare_01b1b4d51d5e5ca9fcfb3892e6440e88,0.33110315,0,0.0
VirusShare_ddcdb086d62e98afab900544b231956a,0.052683514,0,0.0
VirusShare_863c05844de1ae2a2f947ddd636e3203,0.32689655,0,0.0
VirusShare_df17d1bc5ad312c9d43b8bc0f2b3b94a,0.10655315,0,0.0
VirusShare_36979d8a33b694658cc9e27f90b984b0,0.10655315,0,0.0
VirusShare_55d174c6cdce1d801e352c20088d6c69,0.10655315,0,0.0
VirusShare_7fbd564e555d6a197a4e8741b7f26d04,0.3203364,0,0.0
VirusShare_b68bf41158b4f5de8fbc483cf3893e29,0.31448174,0,0.0
VirusShare_b627507b1d826025efb27359de5bdc7e,0.31448174,0,0.0
VirusShare_9e84835445e8c36d91a3ecc23af9e448,0.31448174,0,0.0
VirusShare_de467818ef2ced7940fd16f8b3065761,0.31448174,0,0.0
VirusShare_b3cb166b95c3168bf6bd6c04515ec918,0.31448174,0,0.0
VirusShare_9b630493da0cdabe85d67e0d249eb32b,0.3203364,0,0.0
VirusShare_905651ef0ad374128ddd2ef554e85681,0.31448174,0,0.0
VirusShare_c76a3952e8f9aad785736a06b3005757,0.31448174,0,0.0
VirusShare_c4cc2a508e3df41d7b208d84af4c7757,0.31448174,0,0.0
VirusShare_7747ba21a591311af87b8851770e8a08,0.31448174,0,0.0
VirusShare_69046c5f14468046eecdd954b0083510,0.15249182,0,0.0
VirusShare_25f72a6ba7103e8c8cd8df90baf8c111,0.35162026,0,0.0
VirusShare_466b043e228eb5aff2ca1b64982ae4ff,0.081083395,0,0.0
VirusShare_a1fd993e918f804381dcb22dc630745f,0.057157844,0,0.0
VirusShare_d295a7fe06b2aebb792003511fbe59bb,0.15979087,0,0.0
VirusShare_01530cd471bc6800fe97895f79099ba9,0.3229604,0,0.0
VirusShare_35f0843c729d9c8dd9f03d6325c56604,0.047673114,0,0.0
VirusShare_fb6f6144323b935c47ea31e94e410f92,0.053995054,0,0.0
VirusShare_d3e4c55246e24ff05b7265e7ba3a208f,0.16950276,0,0.0
VirusShare_5330259502bc9c757594c7eabb3f456a,0.041524313,0,0.0
VirusShare_3c9f4d67cf1f47908b65191d88e1fd24,0.26407102,0,0.0
VirusShare_e8b0d921a1f1f81e8b8fd173b834d3d9,0.04018457,0,0.0
VirusShare_2d5d0281d3bdcc01b877d0e2827fad89,0.5003582,1,0.0
VirusShare_c08492587e098848d91b99a7809332fa,0.32560855,0,0.0
VirusShare_1e577f960e063ac3f328f6cdbd78c38f,0.2769131,0,0.0
VirusShare_26ba8540c385f6d3ef645c750189fb9b,0.18563366,0,0.0
VirusShare_5eb2f288fbb3277fa48bbde11781f140,0.30561906,0,0.0
VirusShare_c9e977b5e79972cf3eb1aa0d8e4ee2f8,0.04018457,0,0.0
VirusShare_0953c385d6fa0791900baf951b07b336,0.10655315,0,0.0
VirusShare_428f26c2f82753bc9c7ce6cbeeeed3f5,0.22133955,0,0.0
VirusShare_10b8aaa60241fbe9f855ec8f0cc6aed4,0.6526822,1,0.0
VirusShare_0460b17259549e1dcb3add7a4cc82305,0.5312276,1,0.0
VirusShare_013e358dbe70b19e21154c9b41b427e4,0.32486185,0,0.0
VirusShare_845a59ee126a4ac88f2ebbb7e43f777c,0.46218482,0,0.0
VirusShare_6dda9613ee05a402c9c984a4daf8613b,0.3455352,0,0.0
VirusShare_a4c332b8aa09b5364b3f1969c1810015,0.2769131,0,0.0
VirusShare_b70f95cf4e0601560a4c5379c07f7da9,0.39902815,0,0.0
VirusShare_88c94d33149569387826964401684112,0.3329857,0,0.0
VirusShare_6a80902f400c96a9d6ed72e81968fe3b,0.041524313,0,0.0
VirusShare_1183eb09ef13b1a4f4cbe807d4f627e0,0.48684254,0,0.0
VirusShare_8399d5618cc7cb73beb70bccbc0d5d7d,0.3180057,0,0.0
VirusShare_3e50084147cd3d5cc94a879714dd19f0,0.1639183,0,0.0
VirusShare_c13dc6c4ef0bfee1adf3298465169458,0.24444588,0,0.0
VirusShare_681248d61f141d7054649e181a0f0e39,0.111646175,0,0.0
VirusShare_6f18e3b668f7e70baf6ad5803ae7a7e7,0.021310156,0,0.0
VirusShare_3369f452952f97778ff516449588768b,0.081083395,0,0.0
VirusShare_c3e29dd34099e6ad0e6e8d02836f7300,0.12117152,0,0.0
VirusShare_55f65822517a7df4ba91469c8b224ea2,0.32560855,0,0.0
VirusShare_6729e4ff52f67c003f36a4a3bab5c378,0.04018457,0,0.0
VirusShare_842432815da368d5461e1d658f6d0b64,0.04018457,0,0.0
VirusShare_0721d9145c7241252100f3090f36f91f,0.04018457,0,0.0
VirusShare_dab5f66a4c8f6bcbcdeb2a83c21769c5,0.15249182,0,0.0
VirusShare_5aa713d76e69ac00483e0662613933c2,0.08884891,0,0.0
VirusShare_6c6778ad2fb4b4a39b01b0a2dd2057ae,0.32791218,0,0.0
VirusShare_8b951c9bde0464de1035649de7655ad2,0.1753196,0,0.0
VirusShare_e233f2b6f121e9c68ff478dd63786ab9,0.6576107,1,0.0
VirusShare_368b8955e6966940643694b82988733f,0.4581676,0,0.0
VirusShare_bceecee50bd3578f9901bd4ff6ae7b42,0.36929226,0,0.0
VirusShare_52747529c6c67082fd495a329f519584,0.34695497,0,0.0
VirusShare_d77d440ee705074dd34392c2f63b9421,0.042036943,0,0.0
VirusShare_0e619e11860786ba1a131cf2c6630229,0.22862005,0,0.0
VirusShare_7d75b534779b194f332eb0cc6e233199,0.16950276,0,0.0
VirusShare_5ef7d9ca2db74b6bb98f56d3366ea1cc,0.3566091,0,0.0
VirusShare_063790a78905f9a05875d570f7bce134,0.34577498,0,0.0
VirusShare_264a86afdec874c404d177d188fa6f8a,0.13450593,0,0.0
VirusShare_c1e3c6034591316074f8beb6c8b4580e,0.44734782,0,0.0
VirusShare_4fe002b7796e10289f481a4cbf6dccdf,0.34526628,0,0.0
VirusShare_1e93710f5410707707f7182ba6eb0b1a,0.34526628,0,0.0
VirusShare_c3b156c08e44fd7ce1aeeb86b6e7a809,0.4581676,0,0.0
VirusShare_ef006ff5f72893d77f0b41f3fcbab03f,0.18427403,0,0.0
VirusShare_0d841278e037a537038834185906485b,0.25371948,0,0.0
VirusShare_e4b1e800d033363421a6d884da520411,0.09119268,0,0.0
VirusShare_756054dc9e282482a7e8307d165dccaf,0.29304904,0,0.0
VirusShare_465273227d60482bae819359adfe052e,0.050987236,0,0.0
VirusShare_434f6f0a317423a65e0c3e66c4060691,0.10655315,0,0.0
VirusShare_40020a8617c73f6a10ea5fcd7f17f492,0.05102507,0,0.0
VirusShare_190bb178c10ae71e5705afe29729ff41,0.16950276,0,0.0
VirusShare_436ee54c30fcf79f091b7bca2352b504,0.3319974,0,0.0
VirusShare_0f329734e14298939d462534c578ce6f,0.09119268,0,0.0
VirusShare_74cc8c0c7297328824ff6b30e5091240,0.24403481,0,0.0
VirusShare_8b0ea6b3974f4bea0ecc30a72ef3df4e,0.04789207,0,0.0
VirusShare_c865c6f109f6ab751f3d711e0350a3d8,0.30976504,0,0.0
VirusShare_a9ed023ed373c6bc9417d547d460ff3c,0.058247745,0,0.0
VirusShare_53caec7e408f601263b6db13e07f579b,0.1616002,0,0.0
VirusShare_6f789c1ad7434ccff3904b6b7942ac23,0.033105623,0,0.0
VirusShare_f28c72c7120c8cc84365fabd37634d38,0.41855818,0,0.0
VirusShare_e8b8d3503c643fc3ec016ffca7b37e3c,0.32948294,0,0.0
VirusShare_470ec1cfc4ccc081822c832801c54e5d,0.3180057,0,0.0
VirusShare_bbdacf19a21335063a746d3f2f0e68ff,0.07166304,0,0.0
VirusShare_bdae29f599a946a4361a033ba55ccc0c,0.16071112,0,0.0
VirusShare_bca28ce140c7647daf73db99f8d415d2,0.2769131,0,0.0
VirusShare_582732061fb2f1b8113d3ce6f1a676c0,0.36485443,0,0.0
VirusShare_13050bd16c8662ef41526f071ea207d4,0.24444588,0,0.0
VirusShare_3ffba17a4793838c420c79e5266d689b,0.069869086,0,0.0
VirusShare_322c16fc4a4df5af04564f9ada6a841e,0.65576273,1,0.0
VirusShare_72be63edc2f848bf8a23659f9f60999a,0.34908754,0,0.0
VirusShare_6964c1e1613fc2fe216dce4eb28cc002,0.19709548,0,0.0
VirusShare_38c9992f8e3a58aaf8d72add1646a2d6,0.32321373,0,0.0
VirusShare_5bc398fabda9766253283443b6598f78,0.65580714,1,0.0
VirusShare_bbd50656db34665c89ba301e678c5e79,0.3180057,0,0.0
VirusShare_70754c212f126ffefb6d7a69e6d1f12e,0.4581676,0,0.0
VirusShare_da03dc66346333910384312d0e7cd095,0.34526628,0,0.0
VirusShare_1e97fc750d09c0dbb4ed27e21f409d8e,0.022374038,0,0.0
VirusShare_5bbcf2ab650d20e8d33d791ed400214a,0.38053578,0,0.0
VirusShare_e7b74e4cd2f58b9cc79815413822ffc9,0.6618718,1,0.0
VirusShare_5e6c874432df33ea228c308e96577d5c,0.36998588,0,0.0
VirusShare_7b7493a5aec7d3cf051cb82170d6295c,0.34526855,0,0.0
VirusShare_5a97b5f1fd850fc8a5735be586115937,0.30918795,0,0.0
VirusShare_14c078fb4663f4e69b4876ab3992cc35,0.057473708,0,0.0
VirusShare_5f9d74b134b11eb0cb7bc695a18dcbd7,0.3540067,0,0.0
VirusShare_6f3152e19b6c8fe1360b1cdd59f8b848,0.33110315,0,0.0
VirusShare_0045d84a8b7c7612db30bdfd8e4bb01c,0.057157844,0,0.0
VirusShare_ff7c51e653f11e2f90a74fc53bef4532,0.38046947,0,0.0
VirusShare_61996154781e094cd7f0c2ec4143eb1f,0.3566091,0,0.0
VirusShare_62e3e758eba4f882ef3cef29883167d3,0.39806944,0,0.0
VirusShare_5db80138e7eded036963fdc2670c4fcd,0.37068206,0,0.0
VirusShare_2ad5dcae47a17006d451ddfa9732f386,0.06943027,0,0.0
VirusShare_9cef30d97870327d09d15ddc932479d0,0.24444588,0,0.0
VirusShare_5b74e0c5f3a909ce07a2928c1b704ebf,0.057157844,0,0.0
VirusShare_335c86a1f7c45084dcb6ca252b426ab9,0.038705062,0,0.0
VirusShare_650850418536cb82f73ba6782feae871,0.3540067,0,0.0
VirusShare_660a8ede6886f08bd9d865abee271fa1,0.43020743,0,0.0
VirusShare_8da471d6b8b80afce611f4f289c87459,0.07606067,0,0.0
VirusShare_75666d7afe5a9c9340a919894b7d44e0,0.36183175,0,0.0
VirusShare_577edca68a7bb257defd4fa5950406c9,0.18427403,0,0.0
VirusShare_94e446b948b1a890dd1c0330d67d2a88,0.16111779,0,0.0
VirusShare_e00e9ea62714439f9ea260c8ac1154b5,0.12832098,0,0.0
VirusShare_6955a8d19e857bc43d8e651f5c5164db,0.43020743,0,0.0
VirusShare_02d7d5a666104867ca47aef2f7d55228,0.44734782,0,0.0
VirusShare_ccc91142f3beecfc17842309e39a43b4,0.16950276,0,0.0
VirusShare_251cea8a1339faeca66709fb2be74944,0.18427403,0,0.0
VirusShare_5914ccd943cc1a9f9ff2740cad0cadd5,0.31227127,0,0.0
VirusShare_09cb30ca72967e6aa37909ade27a0a30,0.33061436,0,0.0
VirusShare_e82c2c4669bed44712c29932424c2a8e,0.24444588,0,0.0
VirusShare_66401120a04cfe6e21cb01027b6d5409,0.15446244,0,0.0
VirusShare_3c271e30b2cf35c4c1271fbca867596b,0.057157844,0,0.0
VirusShare_36f3d9d866f1ed50f18d2f220323d78f,0.081083395,0,0.0
VirusShare_ecc804bc5abed4d63177cfabcae8ae3c,0.09940498,0,0.0
VirusShare_ab81edeca2dca2a2f039edfff2151d2d,0.05308196,0,0.0
VirusShare_4cabbe9a002837c3aa478367daa37495,0.081083395,0,0.0
VirusShare_004d93d68d957fb7995b4a7b202144c2,0.34526628,0,0.0
VirusShare_9f6278ded487e15e311f134e29630c5f,0.06943027,0,0.0
VirusShare_030d798049f478c5c5b756a06224157e,0.61488616,1,0.0
VirusShare_ca37e04b05df28fc23e476a4fa679bb6,0.08467309,0,0.0
VirusShare_57766b8ac5df82c0a225387b9193dd37,0.43857202,0,0.0
VirusShare_eb999799c39f210765c5c86da862a0c9,0.3144967,0,0.0
VirusShare_69bf702d9534362c01ef68fc6fab10c1,0.2612984,0,0.0
VirusShare_395f6c57547db79132040a3719564c43,0.2769131,0,0.0
VirusShare_6d27b1fcd1a59ca3dbe9d5b5ed063a97,0.30817297,0,0.0
VirusShare_3f2555b0b36a37500aab3681423a0c39,0.16995937,0,0.0
VirusShare_7611578f318fb6c4a949296fb7324f36,0.3566091,0,0.0
VirusShare_dc15586adce8135a521fdc424c7fe3b0,0.33110315,0,0.0
VirusShare_8551f3e46660f26df5590ef3f8933e2d,0.4433577,0,0.0
VirusShare_4e6859085efffea97c546a2e1b2c063e,0.41855818,0,0.0
VirusShare_64c9765eae9d741a763825425935a93c,0.041524313,0,0.0
VirusShare_90316a232a8814ecb33f9c27a9eecf5e,0.18633708,0,0.0
VirusShare_57dd9fbfef96c8a186a79ddac8273d76,0.38572055,0,0.0
VirusShare_4b75006a29e6cd8c0d067f9185d9e19c,0.32367378,0,0.0
VirusShare_cd16fe9e59dfb33aa5ebfb5a022ec083,0.32367378,0,0.0
VirusShare_d2ddf28cbade7dec385d2134a23e46a1,0.32367378,0,0.0
VirusShare_f0f90d4f2ef7137607228d59bb2edd21,0.32367378,0,0.0
VirusShare_632d2d14710cfa8ffd3a41c864c0753d,0.32367378,0,0.0
VirusShare_34e9c2c35066b688c976ad12cf397ea9,0.32367378,0,0.0
VirusShare_b197bfa4a295beae9f657846d77384f9,0.3176892,0,0.0
VirusShare_d2bf24c678416a206a102270d1c2ac4a,0.04178343,0,0.0
VirusShare_def8f0dab95f61bf802170bd47be1581,0.07913699,0,0.0
VirusShare_0bf9c07dc45faca494a5baa92194fc7e,0.33750793,0,0.0
VirusShare_6e6c8a3cdc45305215f0d3f3281c8f3a,0.26189238,0,0.0
VirusShare_9b40e5d3bcbb4e757a782867f19bb91c,0.015951835,0,0.0
VirusShare_813bc64c77ced7976384c9a49e6b6827,0.34526628,0,0.0
VirusShare_ec547453cd3069f057ad01790d5d1eae,0.35082284,0,0.0
VirusShare_a41eec70b121bb698068ea5d6f66766e,0.059607722,0,0.0
VirusShare_190f81deb8f52ce6af00776e667b86ab,0.35082284,0,0.0
VirusShare_4a719929c4121640115d571b3d2007b6,0.3180057,0,0.0
VirusShare_287dac870ac2ebe5a5f51c2c95fa8066,0.34526628,0,0.0
VirusShare_2bcff97dca9e51f78d322d0207e381cc,0.16995937,0,0.0
VirusShare_28dfe7002e6a3e3ac24d4e4ffdbca435,0.111646175,0,0.0
VirusShare_4c234a898ba7e07d18910512c2a28974,0.2841762,0,0.0
VirusShare_0cd954cd0992785ee300560080650f4a,0.043421987,0,0.0
VirusShare_58fc597706f3eaf4f350313a49003ecd,0.029615406,0,0.0
VirusShare_e43a7658e94e77b49fe7eaf2c0a7dbd6,0.24403481,0,0.0
VirusShare_67fcac37450688a1beccf4fd1866bb20,0.32369083,0,0.0
VirusShare_9fd22a6b82d0290e22a7b699cdd1158f,0.32369083,0,0.0
VirusShare_0d5267251fd9f6a7fbe2f2600c278a72,0.32233143,0,0.0
VirusShare_d8ed3200a08086c63556cbd8660a0f23,0.8085602,1,0.0
VirusShare_b83526f4efa5124ba6314668e05d937e,0.25371948,0,0.0
VirusShare_46bb3853f2286f01256e1c4a60da557d,0.34908754,0,0.0
VirusShare_0283421bd93de149f206754a89238261,0.057157844,0,0.0
VirusShare_94d05f46190d5f614ee9ab86225168bb,0.111646175,0,0.0
VirusShare_4ce7faff7c8463227db0d2a3c7058a79,0.43639523,0,0.0
VirusShare_9205a0327d99f4d4b3a7f2648892b4f3,0.3440884,0,0.0
VirusShare_80e587e416e9736bb94cdfe4d79cfd65,0.3440884,0,0.0
VirusShare_18f3da36114ad92287f843365eb3dfd2,0.034791697,0,0.0
VirusShare_c4df985451c40f19d805ffb29f1dccb6,0.18427403,0,0.0
VirusShare_19a966d92889f4b65818849c18412613,0.44734782,0,0.0
VirusShare_8d288ea402c00cea92778b48bb6f97fe,0.04018457,0,0.0
VirusShare_714f1cc67fd24ba0e846b8cb714b7aec,0.34577498,0,0.0
VirusShare_f2852b9c6a3020e3669553252799ff3e,0.15687543,0,0.0
VirusShare_78d9fcb9af4f1d9406361a02a5c3ae10,0.035878293,0,0.0
VirusShare_58ea492a7f2cd8177c9e8bedf51dd544,0.16950276,0,0.0
VirusShare_1e0837a2cd91d9f7d2b46d5a0d5f5ac3,0.04018457,0,0.0
VirusShare_1d29d6cd39010976adcb9fcba517f3bc,0.35082284,0,0.0
VirusShare_53532c688be49fc34addd92623f411c2,0.061121643,0,0.0
VirusShare_f063458715828eb57203a8787014b653,0.38507178,0,0.0
VirusShare_fa04ef570d6c9abd6f53b3fd15e890f1,0.13139388,0,0.0
VirusShare_85ddc55a297e04de4200b3f94f58da88,0.057157844,0,0.0
VirusShare_8d1a2e61ecde225ff4b9a3d87381a4e2,0.24403481,0,0.0
VirusShare_c3ce9d890abc42e5ec9ddf0d90d68eb5,0.057157844,0,0.0
VirusShare_bd1be36a94bd001c11110a036400a81d,0.081083395,0,0.0
VirusShare_22a14ff9f5b346c4306fc83309982cc5,0.1283874,0,0.0
VirusShare_133157a6f182db90deb60c9f287ec30f,0.04018457,0,0.0
VirusShare_0623126afcc5cb487789dae1f3817ad5,0.25371948,0,0.0
VirusShare_9d0e505d0f9e0c980f0c8acf631b6bdd,0.084653,0,0.0
VirusShare_42069b6e52c0d70f0fdc6122ea582b20,0.32369083,0,0.0
VirusShare_dbde9cf67a3d904be69e269423565fda,0.32369083,0,0.0
VirusShare_050463bb51c4d4b4b59e7ab38ecc9cdf,0.32369083,0,0.0
VirusShare_5f9f2b9a5a45af39c506685adf3b1127,0.32369083,0,0.0
VirusShare_4f17d34279e27424ba3a58d8b16a3e95,0.32369083,0,0.0
VirusShare_40fb400e80f76b6fb58e0765128256e6,0.32369107,0,0.0
VirusShare_5f8785973da4bca090d914b8574e0bc4,0.135301,0,0.0
VirusShare_395f290d32f967db2341ee3475ae3503,0.26407418,0,0.0
VirusShare_6fa0895245ad829f74cc77a27441f850,0.18043682,0,0.0
VirusShare_ed9d2bb078f5abadb88ee35ef2ea001e,0.04692121,0,0.0
VirusShare_b30b61a9671c6adb3fd320de67767b5f,0.3180057,0,0.0
VirusShare_b54aeca5ad0dcf68425773b23d48b244,0.5683254,1,0.0
VirusShare_19828f3c5e153fa4c5a87659ac85d048,0.21167526,0,0.0
VirusShare_23c73593cd840996c53bed6d0b1b3de8,0.25371948,0,0.0
VirusShare_d183cf7c847abb3d8fbd34aadc35bf54,0.4581676,0,0.0
VirusShare_5602431f8ce5fca3a6ad5dc4b85d455c,0.32321373,0,0.0
VirusShare_6965a8112cb3fee3206e3ba11898e42a,0.056016155,0,0.0
VirusShare_e0612582638188db81246f98bf63cdb0,0.15687543,0,0.0
VirusShare_6acc579ee02dd21523b023d6e6703486,0.26189238,0,0.0
VirusShare_8cbcbd005da6177994625175592b9f25,0.09119268,0,0.0
VirusShare_e01d8cd8d24e6e185eff761b171a980f,0.19038951,0,0.0
VirusShare_98d3b78e5602f44903eecfc50fb0c471,0.4581676,0,0.0
VirusShare_437975ee18effa446708e090e5498819,0.26189238,0,0.0
VirusShare_35bae865d975c9e0b1c5737e08562af1,0.25371948,0,0.0
VirusShare_2a58a03e2c3384cb3b9a507dd9eabf6d,0.3180057,0,0.0
VirusShare_dbb6339e55b1f45926ac8a3f58a9da38,0.34526628,0,0.0
VirusShare_f1a9a7906258d78e6d9e63ec427676db,0.081083395,0,0.0
VirusShare_17214b104f28c2ae9d2e18f9d58c3dee,0.32896033,0,0.0
VirusShare_29c11a7fa84546f70397826f915e2fc0,0.34526628,0,0.0
VirusShare_f116a5fd16bdb79344eee4ea820dcf0a,0.1877389,0,0.0
VirusShare_6ebd4e3444eac592b03f5b653625977d,0.04018457,0,0.0
VirusShare_e52cc06210d511f26851acdc0d495fcf,0.041524313,0,0.0
VirusShare_eb8a95ad81e306b84dcbdf64f38289c3,0.16950276,0,0.0
VirusShare_094edce16469dbb7588b132b4dc693e4,0.059607722,0,0.0
VirusShare_c66cd7d8acf333fe81bd46cdfae7d9b7,0.6571377,1,0.0
VirusShare_9894110a3eb5a8070f135d306395c458,0.65008736,1,0.0
VirusShare_ac08ee05bba3b26f77a73f08052b0961,0.15759332,0,0.0
VirusShare_323001556f7b636631387f67bc9e8050,0.34526628,0,0.0
VirusShare_cf77edb2e0ba0db40058dacda9ff19a3,0.25702015,0,0.0
VirusShare_a93a33636af86619ece4e2aedcd17c33,0.26189238,0,0.0
VirusShare_d823070ba912304a7f222c14dd5a0311,0.1877389,0,0.0
VirusShare_285a0758939cedb3401419d72ed13a59,0.34526628,0,0.0
VirusShare_aba583860c9ad4b6ff5c5bca6a76ae8b,0.4581676,0,0.0
VirusShare_3c7bd6f115e195dfe9f5f8b7575ec166,0.019781627,0,0.0
VirusShare_e948686831308019ab758ac10f866c2e,0.32971543,0,0.0
VirusShare_b499170dbe60e0312c6266f768427951,0.17067584,0,0.0
VirusShare_9762acf2b996311a83b3c935964e2458,0.15735473,0,0.0
VirusShare_fd580bd5c6be753cf35c27da6041cccd,0.2769131,0,0.0
VirusShare_75f5d561e1bf6beae7316b39c9714f69,0.24444588,0,0.0
VirusShare_d8c024cf17532d9a6b734aad9053566e,0.25371948,0,0.0
VirusShare_d3f96e9a195a437941f75e6a0faad8d8,0.04018457,0,0.0
VirusShare_c00a2c01446139a5bee9d88c37e139c2,0.135301,0,0.0
VirusShare_89a1a6c3e338baae551e702fd23da7e2,0.24560413,0,0.0
VirusShare_97a0c0e9468589c80ec7e1526dbb85a0,0.100398876,0,0.0
VirusShare_5141bbddc732d5f8c54538ce3ca6d5a4,0.111646175,0,0.0
VirusShare_d54ff90369b7def8c421d8cda0f93dc6,0.2769131,0,0.0
VirusShare_0af462b59f68c9b1ec642571632ddfe3,0.24444588,0,0.0
VirusShare_796ab6abe186b05bfbe4f5a1a9a34225,0.25974905,0,0.0
VirusShare_612705c8c08205b2297ba1946f4e776e,0.38711333,0,0.0
VirusShare_883bb1099470d0350d7121d5dde799dd,0.25371948,0,0.0
VirusShare_ddab8241bb2810625fb5ab53692d12ec,0.25371948,0,0.0
VirusShare_405e2130a10e3679f3c16bd0397abb5d,0.2769131,0,0.0
VirusShare_b0cba546b622be3ad025082be936d4f5,0.34526855,0,0.0
VirusShare_bc7b21172c53e6fcbeb0128aba22d903,0.09119268,0,0.0
VirusShare_1f8f5e7db346f340f05b9869ca27ef7b,0.34526628,0,0.0
VirusShare_60f44c4b85abd88011492d960c1e962f,0.052670382,0,0.0
VirusShare_2ec44b79e29cccaa174c79c70c8b0281,0.341274,0,0.0
VirusShare_46235494baae2d8c7ab6fde2e213f513,0.081083395,0,0.0
VirusShare_3fceb15ab98c20fac92bb9a09c9cf6c6,0.25371948,0,0.0
VirusShare_c669847d2f5159facbdd34b8bd249fac,0.1027195,0,0.0
VirusShare_f2d109dbbfe3c227a49453f3a06dc4ba,0.2781694,0,0.0
VirusShare_116582c9acc25fa07a3bf91fcf71e4c7,0.2781694,0,0.0
VirusShare_1e605d7b31e985b7b16a9d78f0acba6b,0.35863847,0,0.0
VirusShare_d778b3d2eb353de743d742240ebf9f70,0.35863847,0,0.0
VirusShare_fc6c807aee71676a7c6cbd557110674b,0.09119268,0,0.0
VirusShare_552d6fc03bf351a6ad15ff4b345397c1,0.14950678,0,0.0
VirusShare_f1a377288f171ddd0abfccb4fcdd7521,0.111646175,0,0.0
VirusShare_4ced6e87be76c68bac169dc149fb700b,0.4103857,0,0.0
VirusShare_c950dd93bf84982b367b94ca235904b9,0.08420765,0,0.0
VirusShare_d9c54271e7721be2844aa2575f6d74f5,0.35863847,0,0.0
VirusShare_ab9a4173cbf079497a4de2bbd0517c05,0.35863847,0,0.0
VirusShare_272944a681d4821946f48337155231b4,0.13533945,0,0.0
VirusShare_d93f91e96583c9d3d2e0c728048bf63a,0.35863847,0,0.0
VirusShare_56a7f6304fbce051837815b3af7efd93,0.057157844,0,0.0
VirusShare_363111ad02d61c388d78c43274fffba3,0.34078163,0,0.0
VirusShare_56ea12b9e56c23ac07d1e24451006d40,0.15687543,0,0.0
VirusShare_50f0a33d606ca9e9b36d9fae5a1aaf58,0.24444588,0,0.0
VirusShare_66ac0b159dd1474311601b2e00dea7ed,0.39806944,0,0.0
VirusShare_5d05e62629465c0007f2ea597fa12ea7,0.3540067,0,0.0
VirusShare_c4f5f42f39d047453718c0cc13b2c25f,0.057157844,0,0.0
VirusShare_a746b5a54ba8dad35857fc3e2add588b,0.35082284,0,0.0
VirusShare_35411972ceffbfc60b124f3eb97d1f83,0.10526873,0,0.0
VirusShare_74d5a973facf8be5ba8f7b8b5a746588,0.5312276,1,0.0
VirusShare_6ff836fa811704de012ee1a117c3e2f6,0.10162681,0,0.0
VirusShare_223ab57317c01a38705c337886070ba3,0.24444588,0,0.0
VirusShare_ed01b1025e4b67f14a44504d720d033f,0.29707578,0,0.0
VirusShare_b79d5b4d0cf13cbc3b1ac270b589d20b,0.34526628,0,0.0
VirusShare_2ce4f66fa1fdecf08cfead0922d48733,0.34532946,0,0.0
VirusShare_fe1bdbe085e53b3e4b3765f4d546665f,0.1877389,0,0.0
VirusShare_83729ad617d9078a4a91746a5a98b32f,0.34526628,0,0.0
VirusShare_2992fe458c26bbdec1d810aa814ecadd,0.041524313,0,0.0
VirusShare_12439695966cd2964205a4ab48d29961,0.3432615,0,0.0
VirusShare_6f5aa8cf2814582274303d7faff84069,0.34789094,0,0.0
VirusShare_0ff5564b75428cf68bdb878bef885391,0.24444588,0,0.0
VirusShare_56cc94877401c50395a8ab291bb59343,0.31227127,0,0.0
VirusShare_e20c03b61ff7f067f06be7741991cebf,0.27803254,0,0.0
VirusShare_6393db6818a56a7488c5f33e45f4b251,0.25371948,0,0.0
VirusShare_a26bc1d0267a071e268745dca0c56334,0.25371948,0,0.0
VirusShare_b2febff344443a46d6245e8bf0443680,0.10655315,0,0.0
VirusShare_1cc23f3125aff35440d5cb93af53929a,0.25371948,0,0.0
VirusShare_ca2853da73bdaf0b284f7ad3948ff134,0.20998223,0,0.0
VirusShare_9f25fbeaf798c09df2a4457322639dfb,0.34526628,0,0.0
VirusShare_dda73fb2cc7e86b2fb4346309489163a,0.25371948,0,0.0
VirusShare_22533a564dcd3d72652e65e67030cbfe,0.10655315,0,0.0
VirusShare_a7b56bcab25c9ad4345f3b57ae6edcf8,0.16892257,0,0.0
VirusShare_dfa0f7f9309fa646bf3ede5efdcf8d3d,0.24403481,0,0.0
VirusShare_887055d08a55501fd8ac6586a984740b,0.21477738,0,0.0
VirusShare_02e006da19787b414d1ff3df8f60fdb6,0.10655315,0,0.0
VirusShare_1cb46599aa28eb2279eb6b069096e10f,0.4336845,0,0.0
VirusShare_893ee82da2b2f2070958b94b6a1cc61e,0.25371948,0,0.0
VirusShare_e85a43f4274ffa2d49199505175e8a2f,0.24403481,0,0.0
VirusShare_3eb728de28f62eb9844d7f3d2c5cc6fd,0.25371948,0,0.0
VirusShare_d7f1dcc9354c90421b72a53dcf1c06c3,0.34526628,0,0.0
VirusShare_9e2e4cad1e0ec82f627b814a3fbd8f24,0.068587124,0,0.0
VirusShare_f93bb26a901a416fa9a0c1027eaa9649,0.10655315,0,0.0
VirusShare_654cddb55c7b74ade6440a49cd168e75,0.25371948,0,0.0
VirusShare_1c018fcdab2018b46808555d76f09877,0.27803254,0,0.0
VirusShare_3d719e3bee1cf1a96eb70a65a837df68,0.24403481,0,0.0
VirusShare_b29bca73565bc59dcd82bf4d1ce755de,0.26189238,0,0.0
VirusShare_be5e532bed861fc8617ca32e4b384805,0.2769131,0,0.0
VirusShare_635530ef83aaba35e3b236dd54c0d42d,0.04018457,0,0.0
VirusShare_9c39f3f4ea36661cfeb2528fa8da50aa,0.24444588,0,0.0
VirusShare_92f211c4a6d54a32bfda68b40307876c,0.04018457,0,0.0
VirusShare_53f625537327aaacead4491b1be48160,0.16892257,0,0.0
VirusShare_feca6e9da0e2a2a74f409e6f9816f333,0.10655315,0,0.0
VirusShare_df0b5d4d0c4278a535e1a48f2cbb032b,0.10655315,0,0.0
VirusShare_03572f1279efa0c488f3b32653dd6967,0.04018457,0,0.0
VirusShare_de0495136fc78d97e528287903fc92aa,0.10655315,0,0.0
VirusShare_a91882694dc4dff0c3e1154ed30d598b,0.036937654,0,0.0
VirusShare_df9bddb65661ac024c83f98669cd7449,0.10655315,0,0.0
VirusShare_a1b2a728f77ac895830d180c61f97e50,0.10655315,0,0.0
VirusShare_4b87e1d3c6171e6b45d2dda0bdc8bcd7,0.042636044,0,0.0
VirusShare_c56e28106b09356b83a97e59c9e0cec2,0.34526628,0,0.0
VirusShare_c48f9ee74aebaa91c8ba4fc6fa4daf78,0.3438413,0,0.0
VirusShare_ab2543e8f10c3b6ccad7fc713cf647aa,0.25371948,0,0.0
VirusShare_04a32a7a40115d6f036e10abffc2f458,0.34517017,0,0.0
VirusShare_647f54c2a66af47d0508aeafe8c12f09,0.34526628,0,0.0
VirusShare_8927221045f2c360ec8f47dc80471724,0.10655315,0,0.0
VirusShare_7b4e218244cbe94b0553e7c18a1f0a8d,0.25371948,0,0.0
VirusShare_99d45bc1652428621d3032d2970cf257,0.34526628,0,0.0
VirusShare_3888919e73278b08b618fa3e474ff7c2,0.10655315,0,0.0
VirusShare_1a54e0d766d9d10d542a3206962c4972,0.10655315,0,0.0
VirusShare_60ccd63e258d2a12f0b9db3cadcde62a,0.24473128,0,0.0
VirusShare_082748e08d8eaabf569e6c9110f7a334,0.16892257,0,0.0
VirusShare_08afdf0490149296a1dc9cde7d9cca3b,0.32560855,0,0.0
VirusShare_b8a3638cd482b9e89cb81c0eae871f15,0.24403481,0,0.0
VirusShare_06ce5dea38b6cbea609075cbf075a023,0.25371948,0,0.0
VirusShare_893651d8684e6c6498a2d5545de844da,0.22595294,0,0.0
VirusShare_cf5c1770617a064b532b1b1c78c34d20,0.10655315,0,0.0
VirusShare_0d2ba131afde85f5860f421b31846f8a,0.34526628,0,0.0
VirusShare_8a41864e7c308b045c4e191bcc6bf19c,0.10655315,0,0.0
VirusShare_e81ba4bfd287feb0a6da4db1f95ae9f4,0.16950276,0,0.0
VirusShare_eb31418332c0408a6c2ceba47511686a,0.10655315,0,0.0
VirusShare_a8524d34d2762b7d72228a80e277ee61,0.069823146,0,0.0
VirusShare_a8891671c9fe53cfba46f08cf3863a43,0.24403481,0,0.0
VirusShare_81afd244d7221b5016295502e9e8ea37,0.10655315,0,0.0
VirusShare_7f61361bf1b23c804695043be55e2c48,0.046040844,0,0.0
VirusShare_9713fee8cbd14aedf0e9f21a061f907e,0.34526628,0,0.0
VirusShare_3c674320b845ef273c2fb107528c804c,0.6577424,1,0.0
VirusShare_91f218652705a18345bec10ec35e5e51,0.4581676,0,0.0
VirusShare_976c6b1728ec033cf1797f259cb1b5e1,0.10655315,0,0.0
VirusShare_8fa047386f0d2c5e3e430a1fb70fcf34,0.10655315,0,0.0
VirusShare_40ac5e9f5059f9ef3d3c0bb34382adda,0.10655315,0,0.0
VirusShare_4261eb00aacddf885aa90400c3669916,0.10655315,0,0.0
VirusShare_5bfbdee5a1f6677c8193bc91da0f185a,0.04018457,0,0.0
VirusShare_37cac5c64335ca0311476668a2fba390,0.10655315,0,0.0
VirusShare_164858180363c444601d32ccbfac1248,0.10655315,0,0.0
VirusShare_1156b95d31094d4c7e830969f2e7e45e,0.10655315,0,0.0
VirusShare_3fc7336a1306c5aa2b7084ee0bb9ae98,0.10655315,0,0.0
VirusShare_81ac57a5b073520491c77dff900a8014,0.24444588,0,0.0
VirusShare_790e52f0bf405bcbecacc0c3cac04127,0.10655315,0,0.0
VirusShare_8efe7c488d6658ad7d351540a0365975,0.04883628,0,0.0
VirusShare_d0cec3d1d9793d8845dc55dcbdb5b534,0.6698218,1,0.0
VirusShare_058f487dbca98709ddcd942e396a7869,0.13139388,0,0.0
VirusShare_a447dea56389066f9d08238a2af059e5,0.34414595,0,0.0
VirusShare_28145033c22964280e1effb7ac1f66a5,0.25371948,0,0.0
VirusShare_656bf15901fbdf1430db1fafb3afb40d,0.34526628,0,0.0
VirusShare_5656509b336abc27996a0de4cd2f6b14,0.10655315,0,0.0
VirusShare_d571a292d3c0e5ec4e6076513cd59db8,0.24179141,0,0.0
VirusShare_6e1b60a4bc13de160f9a63a931228645,0.25371948,0,0.0
VirusShare_ad2e52e4acb08de460cb5b07872a4784,0.16950276,0,0.0
VirusShare_5d168e5128a5f513df44ce97d952777b,0.3859681,0,0.0
VirusShare_65ef33086d6bedcc0f8515fc71eb0aed,0.10655315,0,0.0
VirusShare_fb1fbd1c468be084fd28a4629f001b37,0.66352344,1,0.0
VirusShare_7334dbdb35ab2e8a2d3957b2be749fb5,0.111646175,0,0.0
VirusShare_52a899ae502a1a62667dcba516608f23,0.059607722,0,0.0
VirusShare_e1e1d4df4a765833e4ee379516911208,0.18427403,0,0.0
VirusShare_d2df47ccf6a2fb89c0ab3447b21d023d,0.10655315,0,0.0
VirusShare_42aeb077c9392e96e0faca340d49cbf3,0.34526628,0,0.0
VirusShare_370554295b112a75a955e3dd8e281c8d,0.26443398,0,0.0
VirusShare_39167ff82af5a1996d6759fdf16b5128,0.042494472,0,0.0
VirusShare_518e296167a90680bfb55f93a729f015,0.34526628,0,0.0
VirusShare_11988994c43efe6731b6a7874ea98fbe,0.10655315,0,0.0
VirusShare_b15a44224b0c0132068b02fd1fb7df34,0.10655315,0,0.0
VirusShare_24d06b6a864bcf68895aed689b1d5bf9,0.21338415,0,0.0
VirusShare_09663e880c10d62bcf66ed3a39901604,0.06943027,0,0.0
VirusShare_6fe8a3be8eee1e8d8b4baf03d951fc88,0.24309102,0,0.0
VirusShare_71cebc2f92df3bbe0c0f5589a39a2d71,0.10655315,0,0.0
VirusShare_aba48f9b4b4dc8c75d20ad158644d247,0.12117152,0,0.0
VirusShare_126363c5a27993a4f2074b63d56db383,0.081083395,0,0.0
VirusShare_cc458340b509ec8dcc806a2a0bcfaeca,0.65509903,1,0.0
VirusShare_a19c9a30b28db4a245f40949540f57b7,0.24403481,0,0.0
VirusShare_16923177d8e18dcf596429d27b9a3ef3,0.081083395,0,0.0
VirusShare_6544cde1c856ab668d527da8d0548145,0.10655315,0,0.0
VirusShare_f967e396eaaddbe6cde43dda14825a28,0.10655315,0,0.0
VirusShare_a64d6292a87bbe197ce4828db0d7d70e,0.10655315,0,0.0
VirusShare_211abe1f67ba22541987c765f7651f34,0.28594604,0,0.0
VirusShare_8d364469ff6914a67f771639eb48051b,0.34526628,0,0.0
VirusShare_16e74dbb2e728f34863b6c6140186009,0.08560455,0,0.0
VirusShare_7d38a666e5301b944d78c0fc53e78cbc,0.34526628,0,0.0
VirusShare_f38f8ac9a1a64d325cfb90bfb058e593,0.25371948,0,0.0
VirusShare_66b9b2ab4e58a102ba510ef7f63e9083,0.10655315,0,0.0
VirusShare_5a7e719e431702d52cdfb16ea07e716e,0.056038786,0,0.0
VirusShare_531219a11cd08d1cb4e189b799074a58,0.3859681,0,0.0
VirusShare_91de8152b31afc75f9a6bc36c1648fa8,0.25371948,0,0.0
VirusShare_652137d1b65aa7bce30b0bfd858fc5ca,0.34526628,0,0.0
VirusShare_7dc29f029d8b448615b69906b7aea030,0.10655315,0,0.0
VirusShare_bd7aef512017204514f1e6d0da28c704,0.16892257,0,0.0
VirusShare_40371629eb8b83f2259d3bd6f27559e0,0.30387726,0,0.0
VirusShare_c2be720f27b358d5a94a1b3b3aa276f5,0.24555592,0,0.0
VirusShare_d3d2d9ef8537bc5605501457460a1325,0.08234222,0,0.0
VirusShare_cc120f20af80b9e22c6f1404f4fccf7b,0.33183518,0,0.0
VirusShare_38ecc6d31044dd3b4cff65a7e13410a9,0.16892257,0,0.0
VirusShare_cffa6fca34aa9a24460c110a2312bcbf,0.15658295,0,0.0
VirusShare_c6b0e4e74dbffe436ff482a5963ba1b5,0.13814948,0,0.0
VirusShare_e3934281a3969b47fe4baa66b2b65a47,0.18712005,0,0.0
VirusShare_91decfae55e7d41d39e16161ec8a2177,0.10655315,0,0.0
VirusShare_cfc55a996b243740ec0726ddb7cffbd7,0.34526628,0,0.0
VirusShare_d1011be86ecf8c254a27e8958883e0bd,0.25371948,0,0.0
VirusShare_7dfd59e21a1fc51d1358941a6b91e9b0,0.16892257,0,0.0
VirusShare_261bbe51786ad5064e24c8fc6aa410ee,0.10655315,0,0.0
VirusShare_b20250fd37ce6ab21a1d32e45bf7a71a,0.16950276,0,0.0
VirusShare_a19a8368572f84170a1da5284c288b86,0.10655315,0,0.0
VirusShare_84f1f516a27c3ff0f7fcfc7e9b4b2ff0,0.080164894,0,0.0
VirusShare_13bffd9021dc2f3b5a318351955e09ad,0.25371948,0,0.0
VirusShare_f11ae963c87bf7a49548ecf815f831b7,0.6592597,1,0.0
VirusShare_e3260c742fc329210a7c6eaa99029e4b,0.04852872,0,0.0
VirusShare_a16d0461fe28d39c85a883636760bf87,0.10655315,0,0.0
VirusShare_3bcdf4f257c9b494065a2eaf3e8cd637,0.13877735,0,0.0
VirusShare_1c59afce60229d1b927f56cf7b91c407,0.05327764,0,0.0
VirusShare_9554a427e28dbd42f27815e37a02fb0b,0.10655315,0,0.0
VirusShare_b201b598bfb4a5bad7f5c94babd4979c,0.37996665,0,0.0
VirusShare_6164d41a99cfed846dc3f5ba02dd6585,0.34526628,0,0.0
VirusShare_6a49a68a303270ba9999045c33b2e96a,0.37633914,0,0.0
VirusShare_dad4367b3f545dad28581f4bfbf98833,0.16950276,0,0.0
VirusShare_0c152aa126f90f7808cd9f3a123d6bc9,0.10655315,0,0.0
VirusShare_c7e78f2d3bf354b2a943c5265be28dfa,0.1603056,0,0.0
VirusShare_2ae2f00662b103e7bc8056a72e28fc4d,0.10655315,0,0.0
VirusShare_74d65615a0d947255be3c35b1862f02d,0.10655315,0,0.0
VirusShare_bb58e87ffb39e318b02b74bf308b6ba7,0.081083395,0,0.0
VirusShare_de140295efbb90e8b7e1a3fb1559f7d9,0.04018457,0,0.0
VirusShare_aac8633ca9b418c6286037037b3257fa,0.34526628,0,0.0
VirusShare_556485e55f4a20c3d67e40ca46ed242a,0.07401693,0,0.0
VirusShare_858dfb80d80b01ee166e48b364d7e7dd,0.10655315,0,0.0
VirusShare_68d64ae5539dbfa165c68aba4b2331f3,0.10655315,0,0.0
VirusShare_bc39797676a6168593a83391e2b95f04,0.10655315,0,0.0
VirusShare_a445b14a1de7f44f431ce8ec8ff70bba,0.34526628,0,0.0
VirusShare_a904b58923c77c78135265ce77d7e6bd,0.10655315,0,0.0
VirusShare_b34c0c38ae1d0158f3be38c6c1005b75,0.04425292,0,0.0
VirusShare_9413d3d4009dd36684936f4fe641b0d7,0.10655315,0,0.0
VirusShare_ce9f03c46bbb2e75f958b34cdd5f504d,0.43867835,0,0.0
VirusShare_26e420a46e0f0d49bf43b8adb2f677ed,0.33183518,0,0.0
VirusShare_7ac4ba01bcf131fe4b7824c14455cde3,0.06943027,0,0.0
VirusShare_f6e44e1aecb8a258323d8ac6961fcfe1,0.24555592,0,0.0
VirusShare_93e488aa218691f1bcf41124a9d50c49,0.09119268,0,0.0
VirusShare_eade89801a2bc5a22770bc1d28fb6346,0.34526628,0,0.0
VirusShare_9f4fc53495ed3ec0826cd66d96b0e5e0,0.10655315,0,0.0
VirusShare_f12c46eb819a654db2c7b6fd4eb52e84,0.35021737,0,0.0
VirusShare_25e8c0c656ef30ecf41c7f86aec93a14,0.16622636,0,0.0
VirusShare_63420a4702fe16cacf9b80f4ac0548e2,0.26189238,0,0.0
VirusShare_e1239c7fd70c7b6ddfc33f3fea6a0540,0.10655315,0,0.0
VirusShare_a1f83a76e4cd8af501b3c6a9fd3502f5,0.24301645,0,0.0
VirusShare_84cb9ab60fc043f6d3b1ae775c7d4b5b,0.10655315,0,0.0
VirusShare_d5af82585fef00eb87e249816a750cd3,0.10655315,0,0.0
VirusShare_28ac83edc6584d57878ddcea6b902f2f,0.32560855,0,0.0
VirusShare_045148f544bd2afbf8cf664e27741be6,0.10655315,0,0.0
VirusShare_de80f9600b055f28fa3a6c544157bd3e,0.10499213,0,0.0
VirusShare_dcef623365fade58788b5115101de386,0.049408466,0,0.0
VirusShare_e929273139c904f7d90138116ab516af,0.10655315,0,0.0
VirusShare_e8db8a43341534831ba2bc1ac31b6699,0.053228028,0,0.0
VirusShare_a730b9038697eccf2d12c48a95120dec,0.30387726,0,0.0
VirusShare_bc926d9f9c5dd397c2b7c1e0e3815e34,0.10655315,0,0.0
VirusShare_7146b073ed27221d0896e469e751384f,0.36784595,0,0.0
VirusShare_de540cf7ceb0cfbe8c2194cc04a88ab2,0.34526628,0,0.0
VirusShare_70a580c047c3fb7bae2635d9889f0f9e,0.041524313,0,0.0
VirusShare_36b1c0e2d2564cac8ced11acf8f85aea,0.32439637,0,0.0
VirusShare_7a472637a90f3a4dd1ae1038f6cfa6f1,0.16892257,0,0.0
VirusShare_a5f366dfe705f61cec99a465f83c7d02,0.10655315,0,0.0
VirusShare_2c6ff87a7f9a4080f592edfcc9b3f183,0.05439359,0,0.0
VirusShare_c1d852a1b58a8c4261026e9b55bd39e0,0.10655315,0,0.0
VirusShare_4d0c988ec649618ea5aa96677e7316a5,0.31227127,0,0.0
VirusShare_018259b8feff1da6ced12c3bd2cf62d0,0.10655315,0,0.0
VirusShare_593394e7c0c885705cfc1f872dffe5cb,0.30185637,0,0.0
VirusShare_9c61280b5dc0e16a9f3caacf4db34750,0.05806133,0,0.0
VirusShare_d8de4a349e5704bbbb2b963e994239ed,0.04018457,0,0.0
VirusShare_d8ffd362a18a4622886a5384b826b0c1,0.24473128,0,0.0
VirusShare_aac9e3f78a55cd1b36c5f62683f02cd3,0.04192628,0,0.0
VirusShare_d414270d110d8ba18c2a4a3e281f9dfd,0.16892257,0,0.0
VirusShare_21eeec1e186567308219af6edf3bd3be,0.17287841,0,0.0
VirusShare_894eff65fe76eeedefb4e83d9e59779c,0.039486397,0,0.0
VirusShare_779145721a311b0c16d1228b4311228b,0.10655315,0,0.0
VirusShare_e895c6f7d75ba198f9d73c772a84fba4,0.10655315,0,0.0
VirusShare_fd4a425576a06c5ffdbf2094088a8fff,0.25371948,0,0.0
VirusShare_4dc3be617b26d0a88d3d8a3132c979e9,0.05806133,0,0.0
VirusShare_7c4df81c6e53f3cd4b277f8b8bd07d02,0.04018457,0,0.0
VirusShare_4e7155bd7afbb888e41128b78413855b,0.15249182,0,0.0
VirusShare_129bebf00015372439448cd32e57959c,0.32560855,0,0.0
VirusShare_5166de70ab40f45cc477eb0dbebd4303,0.25371948,0,0.0
VirusShare_a81602be42593d777ada2439386220d2,0.074992284,0,0.0
VirusShare_3fbed7fdaa861c066966bd815df16189,0.34526628,0,0.0
VirusShare_895487a5697016560fce64ccc019b3e7,0.10655315,0,0.0
VirusShare_2ff0d6e7dbd3b5be9aae5951dac4d0c4,0.10655315,0,0.0
VirusShare_860d3b294330b15a4ab46b4cf9da8600,0.10655315,0,0.0
VirusShare_e9271c5e9c4cbe0886e71fece4799a56,0.06270282,0,0.0
VirusShare_da25230aea6534bf126fc98d8c142578,0.10655315,0,0.0
VirusShare_a384999fe549961ca2c21b9ed6a08dba,0.20728262,0,0.0
VirusShare_38050b60d5c2fac49a6f45088948679d,0.06736662,0,0.0
VirusShare_e4f3fb8d3df25ef7a37e454a571687f8,0.25525147,0,0.0
VirusShare_58f263197d0b4f2113b25edb8f03a426,0.10655315,0,0.0
VirusShare_32cdc49099506998d6ef523b4586036a,0.1877389,0,0.0
VirusShare_b65f216348ffeee1fae2c5eac88ae008,0.18712005,0,0.0
VirusShare_8e0e9d704908cc80ada1a45c4a441de5,0.10655315,0,0.0
VirusShare_852ae5c187ee70f3e43f129ba09cd2a6,0.17746714,0,0.0
VirusShare_2c0ce367a4a7026ec883ddd8e77fd8ad,0.07358265,0,0.0
VirusShare_f02c92e8924a5b7940b854c094874f54,0.10655315,0,0.0
VirusShare_4d3bdb940ba5eb5879bcc8c4578fadce,0.04018457,0,0.0
VirusShare_58a2d2847e3f487fca18d05984f89ea0,0.10655315,0,0.0
VirusShare_c6832dcbc75800e6abd550036f6e2df0,0.06805297,0,0.0
VirusShare_f3d695b7dae702e2ed1f17829103beb8,0.06943027,0,0.0
VirusShare_d6725c6eff19d5aa25ae9ea76d99d4aa,0.10655315,0,0.0
VirusShare_d84d72ccaa0b86883a924194fda64a8d,0.16892257,0,0.0
VirusShare_6d10deec36038127286b79e9157bbc63,0.13877735,0,0.0
VirusShare_85e8aea423802a80595156bef23dbc7a,0.34526628,0,0.0
VirusShare_cacf3f57ae53cdb318cd65479cf0c787,0.3438413,0,0.0
VirusShare_b40132370c32f85c5bcec838268c6751,0.25371948,0,0.0
VirusShare_8798b077da028e246cfd185a8ecb2be2,0.16892257,0,0.0
VirusShare_0b6cca431f2d84d03f587d8bfe3ea1ea,0.16892257,0,0.0
VirusShare_cce8e6e2fcfa6432b128114c4f127b8d,0.065727636,0,0.0
VirusShare_f9ece73f37cad1244e36fb7ae139e977,0.16892257,0,0.0
VirusShare_a5905bef853dbd42c48a1f3351ba3d18,0.24444588,0,0.0
VirusShare_6985fc4b65faa8d015220ab344f90403,0.10655315,0,0.0
VirusShare_6cf746d6c06bcdf1cfd4aabe44ed4332,0.30185637,0,0.0
VirusShare_de97764b47726372d9c4d4c34e10dcd1,0.10655315,0,0.0
VirusShare_91de6996a8c774c80d19574b97ae7b60,0.04018457,0,0.0
VirusShare_2cbc3e72e2945e6c7337d8994d5926d0,0.11084153,0,0.0
VirusShare_4a5360e03a725bc865411b56e05245de,0.04018457,0,0.0
VirusShare_378f57fd30867223e71d68da2d28a43e,0.10655315,0,0.0
VirusShare_d0eee391943dff3509f69d97dccc9eb6,0.07352948,0,0.0
VirusShare_f99f325acbae13d5d27a9066e6fe8bd2,0.10655315,0,0.0
VirusShare_ed51e7af9fdce79ac610cab3e4347f4c,0.03628305,0,0.0
VirusShare_f0655ab29cb955bf3cbf228faf9e449a,0.25371948,0,0.0
VirusShare_6df7cb9c6a52678580c179a25abcbaa1,0.10655315,0,0.0
VirusShare_44a9024bb79ba4be56f192b35cf2bccf,0.10655315,0,0.0
VirusShare_8b400d7df725b157a971224590616868,0.10655315,0,0.0
VirusShare_2965567eecc740106178190bda647cf3,0.20002858,0,0.0
VirusShare_cb2cfe5194c2d75041186ba0d0b2570f,0.14075239,0,0.0
VirusShare_8e1269d57196f58fbf1217a1204c35bc,0.07735264,0,0.0
VirusShare_8aa79f909514ee4531fff23adc72bbf4,0.10655315,0,0.0
VirusShare_2268123bdd80eacb24813208fad902a3,0.09281675,0,0.0
VirusShare_df10c3dc0538ce67f2057d443bc251f8,0.1847654,0,0.0
VirusShare_db53e724474eff85639d2cd25edacba9,0.063350305,0,0.0
VirusShare_2f9bcabfdae2e88b3a5dc59bbd528839,0.10655315,0,0.0
VirusShare_69280e38f8a8866dfac06c03b8b9f050,0.10655315,0,0.0
VirusShare_dcf636ad5287e64a6928c2d8cf779ff0,0.15658295,0,0.0
VirusShare_12e6ac245f9cb3b774ed70943ad8ed87,0.082328856,0,0.0
VirusShare_cfc4e8cd76262a9f4ccfb0519ec36dd3,0.24444588,0,0.0
VirusShare_babcec73e2727957dcd02818037f6acb,0.17365225,0,0.0
VirusShare_ff0137d8a571db4165a25238bb3cb6f8,0.07639663,0,0.0
VirusShare_52ffb60c404d90941726ca695e46c4cf,0.036542356,0,0.0
VirusShare_c91ff8b8da7ea9c9c5913e83295d784f,0.13877735,0,0.0
VirusShare_8067880637de60a8ff9c7f4f0bd0f031,0.19709548,0,0.0
VirusShare_22b6e72ec674b7fe3348989537901e9f,0.3180057,0,0.0
VirusShare_44158ea2acc62852645baf00823921e2,0.13877735,0,0.0
VirusShare_b85bf7555b5d7fb2fa6ae8a67e8090af,0.15658295,0,0.0
VirusShare_4fae2c9852e52678675698a75a4bbeb6,0.048619736,0,0.0
VirusShare_1d104afec3dc024ae1a39159bc148951,0.25371948,0,0.0
VirusShare_f4bf58dd5a4dc6f940b292d2ec289922,0.09098892,0,0.0
VirusShare_3c06db25f3413be51eb9650ba0912f5a,0.10655315,0,0.0
VirusShare_c1433a6b494dc4f188575407dfe59fd0,0.10655315,0,0.0
VirusShare_b0b405d95490f0467fe93b866f27f9b8,0.6665095,1,0.0
VirusShare_2ed5f57de3f1de75b68b5c964aa1b303,0.04018457,0,0.0
VirusShare_df3ea14ed5b25dbfcaad03358985f0f8,0.24444588,0,0.0
VirusShare_0d0da7b78449a96ada4506784b92c837,0.18712005,0,0.0
VirusShare_932c7dc28461b95e8d5b9d331ab75993,0.10655315,0,0.0
VirusShare_737a07ef561f987c3e8ec4715af89635,0.04137614,0,0.0
VirusShare_9b33dfb28f2a4bd92b337a7cc0a8bc20,0.10655315,0,0.0
VirusShare_7e62c1d1c4f14727ff87a02c45edb80c,0.10655315,0,0.0
VirusShare_7b9c1dec10236e3e8ee709d2c7f48ee4,0.10655315,0,0.0
VirusShare_c7dd2ff3879f99773ec5bbb5b3894e17,0.16892257,0,0.0
VirusShare_297350be2425a7d569baab14ad397e42,0.10655315,0,0.0
VirusShare_ed8f1b6831bd3557185f20d1a3048825,0.13877735,0,0.0
VirusShare_9f8ff9f4007ea40ac63629e83d238d61,0.10655315,0,0.0
VirusShare_ad4bef91dd8b29f0a93203c87d6018f9,0.10655315,0,0.0
VirusShare_57234ba18a7d152824cb0b8008d8fa36,0.6613252,1,0.0
VirusShare_dc491dd001bfb04dceb47fc834707e4e,0.65347934,1,0.0
VirusShare_22566da2f2a260ca3d02e12610df9788,0.022120554,0,0.0
VirusShare_00fc38f81d5d9795991438cb262d0416,0.10655315,0,0.0
VirusShare_2bb46005856a7d09624b9c993bfb91f3,0.29254943,0,0.0
VirusShare_cb0642ae0f95193f4f6cf85d2f831e07,0.24403481,0,0.0
VirusShare_659e5310900eb15b9e723ec896a17986,0.34526628,0,0.0
VirusShare_c1d3247bba618163c5ad35132f07a333,0.10655315,0,0.0
VirusShare_24ac620d86f849a33f471c091990e76d,0.051092535,0,0.0
VirusShare_bc34b93265388a7be3e9dc4acab8004d,0.34279245,0,0.0
VirusShare_5d6aa8588b0383577de6465b80d9f534,0.24403481,0,0.0
VirusShare_3672a02b64a678453c29e1a8cd4b4451,0.64899635,1,0.0
VirusShare_eb3fd66234cebca98d120f0b0919a803,0.05212871,0,0.0
VirusShare_071152fdded3dca1446020d608c9a096,0.10655315,0,0.0
VirusShare_85b11f12d7c3e636800c677a377d294e,0.071676955,0,0.0
VirusShare_451844ee21d8c0e219a637533bd19cb0,0.24309102,0,0.0
VirusShare_8a43cc7c2aa1e50ca418c1f20221ba88,0.10655315,0,0.0
VirusShare_d3d46f0219fb06e28dbf52933c1df70c,0.10655315,0,0.0
VirusShare_bd721bcbcc30236bb110f8e83da5fa0d,0.10655315,0,0.0
VirusShare_29ac66517a21ba3193b5f83c83ccda8a,0.10655315,0,0.0
VirusShare_29d0fa33506fa9a1ce3e3790560d9a33,0.16892257,0,0.0
VirusShare_4d771c43620448dc6365d454c3efed72,0.07183053,0,0.0
VirusShare_d5169cdebfeef6b69675ebb3175128e5,0.16351314,0,0.0
VirusShare_0060c0789f2d3f95aba1949d97f4ab51,0.30710167,0,0.0
VirusShare_36f735abb84ea30fe46fc85accbb3349,0.10655315,0,0.0
VirusShare_257eef50c181af8eb0ce88d426621c56,0.30704874,0,0.0
VirusShare_3a33c6df923e65e27105201b37658bc9,0.36698812,0,0.0
VirusShare_c0acc17534c69f338d2a237d7a5d3555,0.030426618,0,0.0
VirusShare_ea43e411a8e068682af97db0444519ca,0.10655315,0,0.0
VirusShare_14668d0b7338fae9c35e546834336366,0.12640779,0,0.0
VirusShare_263ff51a6d4a44847d4d47b4f93785e7,0.081083395,0,0.0
VirusShare_a7ed5e06c5b43daf359b61346a4af335,0.34526628,0,0.0
VirusShare_f56b631e597c3c9c5f2000912578f9d5,0.18993004,0,0.0
VirusShare_3e7ccafa22c749b821a0af6fd49fca05,0.65275156,1,0.0
VirusShare_45752e7c131a84cd82ef4aeff1c34980,0.06489764,0,0.0
VirusShare_22d038fd61bee6ec1323e0ff2cd65209,0.10655315,0,0.0
VirusShare_27debd6f7f2494106cb0ad93ad3f9c9d,0.24473128,0,0.0
VirusShare_ebe3cd69a350244eee4b7cdbbe9183c4,0.10655315,0,0.0
VirusShare_27b967e6b95aa2dfa153343acaf0510d,0.24473128,0,0.0
VirusShare_67728e42e94540aa19e5691f9f059399,0.043985546,0,0.0
VirusShare_41b07d9f5ca39fa1df917b15c28a2e99,0.05752008,0,0.0
VirusShare_3ec034d6372d1fa90637732b49248c3d,0.023089653,0,0.0
VirusShare_23a8c3accda768c5c7033008b6370141,0.1877389,0,0.0
VirusShare_da579c28d78d838a502ba49f265b8ba2,0.10655315,0,0.0
VirusShare_ea15dfeea85876a0588fd26e17f4d7ce,0.48592266,0,0.0
VirusShare_fb7fb5ac0c24cf5a3b9cf668b9f2a6d8,0.24403481,0,0.0
VirusShare_787bd2b7e675ef10d9dcf08c1676c680,0.10655315,0,0.0
VirusShare_850086d4b98450319c4db379e2a368d3,0.052265685,0,0.0
VirusShare_c90c37426a229d32fd8cf0dfe31a4c19,0.25371948,0,0.0
VirusShare_42d3cc6655ca544de2233d3a2e80733e,0.2280517,0,0.0
VirusShare_0290c017951a37bd3d815942e3bc521d,0.051857114,0,0.0
VirusShare_0bd1de2fb7470fd7aebb6b173b7e3ab1,0.025889063,0,0.0
VirusShare_8b0da801935a960f0c3b20612419067d,0.16347694,0,0.0
VirusShare_ecfbaf333c934b113188f9402068c92d,0.34297588,0,0.0
VirusShare_e1df4b8d7ccaf407abc6625b034afdd8,0.22862005,0,0.0
VirusShare_3f185d714080b5839a9a2f0fa09c97e4,0.040172055,0,0.0
VirusShare_2cea58d6dbfdcf036026d5e5d2d4cf36,0.081083395,0,0.0
VirusShare_950186281cc14741d4676049aab538fb,0.2466615,0,0.0
VirusShare_60f2fa1c88ff16e2b456dbaab0be59cc,0.059607722,0,0.0
VirusShare_1c0bd93953e8289c43a791ea37828882,0.16438201,0,0.0
VirusShare_3972a2184af940d4870a2dac72f96dab,0.45940346,0,0.0
VirusShare_bf12dc2ea30cb332f1306d55d4652212,0.44734782,0,0.0
VirusShare_f7924c8e17751763a7ad7e7521e64d13,0.25371948,0,0.0
VirusShare_d7c48191afdb9dfc57bb6ac764929e25,0.049048454,0,0.0
VirusShare_454bec257484643dcfbb386cff9e55ca,0.24301645,0,0.0
VirusShare_5f54e9b7fe86e06319f547de82b9140d,0.081083395,0,0.0
VirusShare_30947a47ff1fa559e0ebdf4e8db9f1ae,0.43915087,0,0.0
VirusShare_9a2d3e255b795d7c3595ac5883df91fa,0.24444588,0,0.0
VirusShare_1e23891666cbfbc2dc22ec4c21dc403b,0.16566876,0,0.0
VirusShare_e8730abc0f9a4cc9b9a842bf75f057fa,0.27803254,0,0.0
VirusShare_88c785aa8eed91542c0a3b10afdee388,0.2769131,0,0.0
VirusShare_38560601fab87552ae8586bcdc2ce8d2,0.057157844,0,0.0
VirusShare_8ef4240d6b6675b072e20451a99ef905,0.24444588,0,0.0
VirusShare_c70c586fcad029c6a2b1db949591d7f9,0.33864546,0,0.0
VirusShare_c556bf5f8c5bb5ee0833dae000ae534e,0.2959501,0,0.0
VirusShare_a55f01ae686d1966b75667341bff88b3,0.26189238,0,0.0
VirusShare_1d325655df4486aa2fbd50a20e60dd48,0.10973394,0,0.0
VirusShare_b87f410be231d9ebdc85e8f6d97d60d9,0.07382144,0,0.0
VirusShare_2cd771baa79d1c13eaf6ba614dfb4c46,0.16892257,0,0.0
VirusShare_d808703a7985c3dbdb59e02a9a64c117,0.13911696,0,0.0
VirusShare_0218dbf1037298f89d965508968e073e,0.11847661,0,0.0
VirusShare_322fe6aa21ea97f253428f0800f1064f,0.1615298,0,0.0
VirusShare_617732a7645c584f9ccb60c69122371e,0.24444588,0,0.0
VirusShare_4ccb194c16186519f6311262408d4915,0.6542806,1,0.0
VirusShare_58e589789b4017fe0c0a2eeb9130b063,0.18427403,0,0.0
VirusShare_6e2a20d47bd0960fef1e4d582ea3bd63,0.24444588,0,0.0
VirusShare_88294479114a722d73e5300cb29a1b7f,0.34526628,0,0.0
VirusShare_17d985acd3f9a6c023d7d59485973259,0.3289132,0,0.0
VirusShare_df31ccd42e6f6e4cd6a9ff6551b39520,0.13598134,0,0.0
VirusShare_feeacca684224c67ecb9a6406e745708,0.3227596,0,0.0
VirusShare_f241e04c163ff7f3d1fbb580054e4edf,0.06975989,0,0.0
VirusShare_1b8a2e736c0a1bec5fa67ea840f87ba6,0.25371948,0,0.0
VirusShare_ee0241f3ea7e4172f419bfa06cf83b07,0.4581676,0,0.0
VirusShare_1ca661a3ada802bb101aa50c919171e5,0.053404354,0,0.0
VirusShare_35e150f03b193ee75737ef69e695a923,0.09119268,0,0.0
VirusShare_3a93e2e2e92c0716cb6a508b45f1b04a,0.061122715,0,0.0
VirusShare_d8496b8fd4c317e96dc1f80aeac77853,0.34526855,0,0.0
VirusShare_4228cc5a4d8b9fb6f19ea120e7ad3c92,0.44734782,0,0.0
VirusShare_16c86c9bf878404a667d2b47cb2b395d,0.081083395,0,0.0
VirusShare_b78faf0696e212452a476957bea96976,0.081083395,0,0.0
VirusShare_193c266f41452318ef03b9fbebc54f58,0.081083395,0,0.0
VirusShare_bc6bae5a4c8447afcebf3b74c444288c,0.04018457,0,0.0
VirusShare_c1855f470878e0d2b7f5dce03361bd1c,0.019413201,0,0.0
VirusShare_e39d245190b4311ec97ea19948313477,0.3144967,0,0.0
VirusShare_f7d711d79b8bb97e79039b0ef1c1f18f,0.3144967,0,0.0
VirusShare_119326a810ef8456721cda61e3f27f5e,0.3144967,0,0.0
VirusShare_241d9e6819af1c7eaf083135220e5e54,0.3144967,0,0.0
VirusShare_1e337d83c188d07f1f1d0a57b22f6d8b,0.44756573,0,0.0
VirusShare_57f52ffb8d94bd07f22e67e4ad778cb0,0.12655991,0,0.0
VirusShare_0ef9fd4b3bac85c660ad6131bde5b4dc,0.056512546,0,0.0
VirusShare_9433e679daf084f7a8ec22d015ab3227,0.17901585,0,0.0
VirusShare_4a35ce26b9c29f06983e45925344a228,0.44667888,0,0.0
VirusShare_021201587ea0cc126266f8ec100cff54,0.15636018,0,0.0
VirusShare_3c74ff37a8988985f9075915a9afa58f,0.081083395,0,0.0
VirusShare_08a153ea4aa6f22aff4ac6b7ce43ce2a,0.081083395,0,0.0
VirusShare_5e32c9f977d515d4a0f9e8ff271de17d,0.04018457,0,0.0
VirusShare_47cdce543bfd55f7787e3d0cbc56ca70,0.18295272,0,0.0
VirusShare_f09e850216493f5c5c1938ebed4bee18,0.11604712,0,0.0
VirusShare_aaa572e70a1f5b993bbcd4a37f37fac1,0.2769131,0,0.0
VirusShare_73820fe63d9567e939124bfe6e3f9b23,0.2788121,0,0.0
VirusShare_5f47dfd83648c8e522df00e348dd7ce1,0.059607722,0,0.0
VirusShare_92aa071ad1054aef3551dc7b5e1f6d44,0.24403481,0,0.0
VirusShare_b52bfd4ef613ca32612a4f9f5058bbdd,0.14875779,0,0.0
VirusShare_5594516223b4b73406345eb73e9b04e1,0.081083395,0,0.0
VirusShare_a9d4eb96926ac6d68ea369b862807481,0.06465426,0,0.0
VirusShare_f8716f1622b479866dd6bf2dc1bb7702,0.24444588,0,0.0
VirusShare_2aa97939d61ccf61b92b1b785508a36c,0.034950893,0,0.0
VirusShare_2588fc662cb19e5ad59450245b2fc52d,0.113338016,0,0.0
VirusShare_dd1ab489da8ffc5c3ebe8e8120e22e88,0.21050668,0,0.0
VirusShare_4457da7be547fdd5b3c382996c3494b0,0.16950276,0,0.0
VirusShare_362bf943c8aa44e8493fbe22f3a0d40f,0.6545319,1,0.0
VirusShare_1a2077fb4374e180c7143f7c7aa5a53d,0.24444588,0,0.0
VirusShare_59410e4230446e75dbb5432254109cc1,0.15067177,0,0.0
VirusShare_dcf15f245bd0da57ffd583f6ec0b5551,0.107955396,0,0.0
VirusShare_fb7bf51c892a27ff8701f113b6ec30ce,0.66134346,1,0.0
VirusShare_705ca1e14deb39ac3c87c2c3aab8b6aa,0.34066725,0,0.0
VirusShare_a8814866d11d383d1c8acd7925f82d42,0.6508025,1,0.0
VirusShare_a6ad1a10fa117175aa9da6b334b2cb2f,0.21539474,0,0.0
VirusShare_88f24480aeda2fc0d783c4f92948593b,0.3438413,0,0.0
VirusShare_37fe4db51e1bdaf36e2b759dff124d2b,0.34526628,0,0.0
VirusShare_ae61a9c6df38475bd78a081d51ec6611,0.18107967,0,0.0
VirusShare_910cda01d2a16d50d2d309e89bcf33cf,0.16892257,0,0.0
VirusShare_f3926f5862783ca3c61573b9c016de56,0.18427403,0,0.0
VirusShare_e99360041f193d46c142574505727379,0.057157844,0,0.0
VirusShare_15b41fcb4d90bc8ee3de1c49b912234e,0.22133955,0,0.0
VirusShare_37d0689af8c5d53769cc855763dd8f60,0.07893715,0,0.0
VirusShare_660a51133e4f23e323d20b4c04aca21e,0.054662485,0,0.0
VirusShare_391487261f363d9a9fc7a8127cbf859d,0.12971422,0,0.0
VirusShare_828dfdc6f2a3b445961973260d15d6c6,0.09119268,0,0.0
VirusShare_e712813c18ae6a36f32726c88ba3a5cc,0.4336845,0,0.0
VirusShare_7c195ab8b720b685f9dd91f8c726abdc,0.09119268,0,0.0
VirusShare_493123e161eca85d822a33280ebb3b6d,0.20336226,0,0.0
VirusShare_4a2dabc87a89cb8032e7b9fe851c3073,0.09119268,0,0.0
VirusShare_bba3f1bd6f63c89d28903326eb865624,0.21338415,0,0.0
VirusShare_7f1715e290cccffbfc97d3ee0b0f1788,0.44734782,0,0.0
VirusShare_7ba046a496ebd067598678cf4e3f1a5f,0.50345385,1,0.0
VirusShare_b1104cc2fdf0d5c61ca884d220bee82f,0.16950276,0,0.0
VirusShare_2f39904c4dbfbae10edf07a830b30823,0.022138588,0,0.0
VirusShare_c9a5a0b2e76b6c72529d26fd190ff4ee,0.18563366,0,0.0
VirusShare_4fb23040d4c9f7ed2706200738767e4c,0.3144967,0,0.0
VirusShare_21b19919db0b45fa1424f1dfa7d2c0cf,0.3144967,0,0.0
VirusShare_b52d4a9e54f8fa69e75441e7a9b7433e,0.3144967,0,0.0
VirusShare_c0db2d0700677987617b7e8a10adb17a,0.3144967,0,0.0
VirusShare_4af17e2bcc324297d69f1022243d915a,0.3144967,0,0.0
VirusShare_f889df43ed0f71898dd8af28052f0cdb,0.3144967,0,0.0
VirusShare_89b5eed224fe1c113ad8e73403e00f78,0.3144967,0,0.0
VirusShare_16931b3ce34c8cd0e881d6b2d58fd399,0.3144967,0,0.0
VirusShare_a9a01d093ae4014047a2b6ea2aab10e4,0.3144967,0,0.0
VirusShare_eb30fbffe79ed3b17a5a3a8f6ce97b79,0.3144967,0,0.0
VirusShare_d508c8720976369d1f9b086070554cc9,0.04018457,0,0.0
VirusShare_c711489d5a20453d5f7bae84fc5eab53,0.09119268,0,0.0
VirusShare_a08a6bd107ec8aa5da83e6d637a5c6d7,0.38843384,0,0.0
VirusShare_b4e07e25753c53af20c6f79459e477bb,0.3144967,0,0.0
VirusShare_dd340cf70f058c05fb0e59d2a75b317b,0.3144967,0,0.0
VirusShare_4e2813921d968f28c226c4eaa6fea9d1,0.3144967,0,0.0
VirusShare_7edf615cdc1e3b6a905dc4dbe379e9fa,0.3144967,0,0.0
VirusShare_10acdeace700c2b1c16a9aa82f6e8eb9,0.3144967,0,0.0
VirusShare_32a144b663c262387fdc99798e8f5930,0.31420663,0,0.0
VirusShare_6fec97703f5caaa8a48eebd22f12481b,0.3144967,0,0.0
VirusShare_4b5e73809e1d589eb89a638149863ef0,0.3144967,0,0.0
VirusShare_6fc0a84d98cdc19686b8c579d715aa31,0.16950276,0,0.0
VirusShare_4b3b63a6af04ad20570fd2ce87313861,0.24004404,0,0.0
VirusShare_a108941b86758ba0541e870172efcab4,0.34526628,0,0.0
VirusShare_af93acb028f9f3b22ebd6002e85cd48c,0.223808,0,0.0
VirusShare_2ce9958af794e23acaa10d89b6397b62,0.081083395,0,0.0
VirusShare_89087852f5cfa77258c8ead4c4e25a41,0.4864986,0,0.0
VirusShare_43cb0b0c92e563b55052f2b3e72ce7d6,0.2841762,0,0.0
VirusShare_b2d3d870b06e39a6ae92604f8c315b0e,0.24444588,0,0.0
VirusShare_c5ff0b65b5c2c796a1a87dcf8f68bb50,0.081083395,0,0.0
VirusShare_dee154df455c242b7275e9f83b18feed,0.04018457,0,0.0
VirusShare_2bf88ea1be6585477081e8c7943e1d7d,0.3104296,0,0.0
VirusShare_e40e42d86c2da1cb6ec3e9be4ac6e828,0.44010204,0,0.0
VirusShare_4e359b0b86281b5f665184794d2b2786,0.34412077,0,0.0
VirusShare_46712afe45fe83934ac1a7b2c0e98af7,0.16950276,0,0.0
VirusShare_ff63569f15d93cbdb670350ca19583bd,0.24444588,0,0.0
VirusShare_9a790f8d45879e0d2d7334f47a4ae85e,0.18249263,0,0.0
VirusShare_a5edbb1fc3070a506343374ba25fb68e,0.04178343,0,0.0
VirusShare_d3353ae2a7d1ae415bfbf188f87ea44c,0.33685142,0,0.0
VirusShare_81ddf5a0006a86f69f3aee1781407aba,0.25371948,0,0.0
VirusShare_359a08045b66fe5f71fde43f9a6db01b,0.17365225,0,0.0
VirusShare_ed395b07997db1a524d13b4cd64b937b,0.35446724,0,0.0
VirusShare_bc1ef47eb3059bef9cfc92f60378cd4e,0.20122293,0,0.0
VirusShare_c1b8dc51c3745d2e1949d72f6303da7a,0.38053578,0,0.0
VirusShare_c3292a4a9756add1c9cedbb1dc2b4bd1,0.38189274,0,0.0
VirusShare_7259f14c79defeb896e70ac21e477603,0.6600725,1,0.0
VirusShare_60af2c83d2b74a68b3d96f4f4c3b1783,0.1906892,0,0.0
VirusShare_7358ded641be1f78589b49e7c7838bad,0.24444588,0,0.0
VirusShare_2ffe43c990b581c2c34c70f4f1303892,0.34577498,0,0.0
VirusShare_b09a1e922c4842f04eb273922880bdea,0.04018457,0,0.0
VirusShare_8a094bc73db18f10d2b053fae60404c3,0.25371948,0,0.0
VirusShare_750e24885d037076ac47d16e831f69b6,0.06943027,0,0.0
VirusShare_d5312322a5170d5ba31e00914ed8efad,0.28490224,0,0.0
VirusShare_b0c9f3cd6cd2976411e57a95f9de5394,0.3278864,0,0.0
VirusShare_902cfd584bc105625e934649a60ec104,0.6528816,1,0.0
VirusShare_f367a79328ea415d9a816cb0e35d0cf3,0.09794456,0,0.0
VirusShare_dc02b3444ff01be91e0fb9222b9c71fa,0.059607722,0,0.0
VirusShare_9bb81d35c2af99ec9949afe46d0cba5e,0.26006675,0,0.0
VirusShare_6208653b19ace5104d64fcca4b1233d4,0.18017688,0,0.0
VirusShare_19df3ee4460f432d55174e701530d00f,0.34526628,0,0.0
VirusShare_f6a21028df413780bbe4167efef505c0,0.34078163,0,0.0
VirusShare_4d4065a0f6e2a770d93c02fac0aa945e,0.14188217,0,0.0
VirusShare_460f0f0ead410a81dba10e73b84a3f4a,0.19661513,0,0.0
VirusShare_05ae665541e804c70d4d2fb70cae82cb,0.082250856,0,0.0
VirusShare_e85be4bd7f3dbfbd582184612a42c072,0.09119268,0,0.0
VirusShare_f0d69816aba5fc4d4a942bd8bd552624,0.12579945,0,0.0
VirusShare_ef7490c0dbb0f319e3352402a7e4c3da,0.15624246,0,0.0
VirusShare_94a0db446e3f201a4b2c902653852e21,0.09174158,0,0.0
VirusShare_fad2b9136e273b3c499be662b5131045,0.04018457,0,0.0
VirusShare_fbaece4205ad6b13817946a0bdf13900,0.2612984,0,0.0
VirusShare_a4cc0b43954c9c848797539cdd9251df,0.19709548,0,0.0
VirusShare_418db82f83df36a244e98f34112f349a,0.33110315,0,0.0
VirusShare_72b8c593f5fb955e49caea1b2de3b844,0.111646175,0,0.0
VirusShare_372a88eadeeb1c86ba52acd75453d6a0,0.22595294,0,0.0
VirusShare_4bb65befd184be068d59575d4b6bcc54,0.041524313,0,0.0
VirusShare_7fa8f0683a5b4d01c8da77366d2b0f90,0.33735716,0,0.0
VirusShare_082407d72cfdab509c86152e4fcf5986,0.081083395,0,0.0
VirusShare_8d9703579c1302601b62ca8321803050,0.22909586,0,0.0
VirusShare_ba0e124399f3ae74c8a511aae2f38800,0.36715993,0,0.0
VirusShare_211ae75e534bafbe28e8946debc7660c,0.070917666,0,0.0
VirusShare_e70cd2e395372ca43503e7bf1f546b4d,0.059607722,0,0.0
VirusShare_ab79f552f71c27d9c92f6bb3859443d6,0.01930795,0,0.0
VirusShare_64ba63c29b28e4d70edc9129578b4a37,0.26819092,0,0.0
VirusShare_83d833596dc04bf18ba2fd404fcb8fbb,0.26942828,0,0.0
VirusShare_d99f2534ec134fea14c605f5afc4b71d,0.26908106,0,0.0
VirusShare_089701870630b22e62209211926d95cf,0.26189238,0,0.0
VirusShare_459ad8a47758f55ae2461e720c5684d0,0.6508778,1,0.0
VirusShare_87e3ea67755ce31aa8792fb6f4a4f201,0.16864106,0,0.0
VirusShare_ecf84361a68da1a909a7f27e25427df1,0.3402883,0,0.0
VirusShare_abc4cc140c540b288571f98bfd142607,0.023153344,0,0.0
VirusShare_591d092c7f22eea9228f1e9799cf5f78,0.04018457,0,0.0
VirusShare_441d9ce5455eb3cb90a483f72a84b915,0.24444588,0,0.0
VirusShare_0135e435bb0aad0bd8e950f726813fc9,0.019044513,0,0.0
VirusShare_48c0f4f28b1ef778a8e9ba0828a0dae3,0.3515222,0,0.0
VirusShare_7be7406fca1130225928d116245e35bc,0.09119268,0,0.0
VirusShare_e0626e022a2363f363b0bce828228c6b,0.06822787,0,0.0
VirusShare_acdce6df71c4d58e7f2fb178c1a168ca,0.2788121,0,0.0
VirusShare_49b313c487df345305f0de23a3f800f3,0.5221747,1,0.0
VirusShare_77f0f96f625c04d99d7dab2125346ae7,0.08420765,0,0.0
VirusShare_055eafcb383d40856fc00a5e3d4cc0b1,0.081083395,0,0.0
VirusShare_40fe5016f3c4fe8c1bf7f5e0992940a4,0.069869086,0,0.0
VirusShare_48aed4d5af71fe96c9c7af53bbecbd42,0.09119268,0,0.0
VirusShare_438b10ea31d1e029f2ceee8f0065e2f3,0.09119268,0,0.0
VirusShare_fce84d13c43ddb7764c6bef8dcd49cba,0.039725777,0,0.0
VirusShare_64d304e989985faf2a2b50c6323d04b4,0.057157844,0,0.0
VirusShare_1783876585259d888ac0e94f4f9835b9,0.36715993,0,0.0
VirusShare_6189303c01f70a7fad1b33e3b3b1c406,0.5450709,1,0.0
VirusShare_996564def691832b371a05ab83152cca,0.6419357,1,0.0
VirusShare_bc99c8c744f5f36331610c9921a55363,0.16441146,0,0.0
VirusShare_8a4622fac11746ae6fa44177166268e6,0.09062159,0,0.0
VirusShare_b1ab58444dfb7954516cedc13b598744,0.038678676,0,0.0
VirusShare_8a03b7e48dd5e40c3d1011e1dd45264c,0.26115298,0,0.0
VirusShare_f7afa625caa7b086519459f5cf595ea0,0.08420765,0,0.0
VirusShare_37fc5d8da6154d88a3934ce63c5970ae,0.13167183,0,0.0
VirusShare_58e0ad4306815c74e29a153c6e38f461,0.34526628,0,0.0
VirusShare_804277ce3214a62cfa6eebd82072cbdb,0.24444588,0,0.0
VirusShare_7151134e0fcd04b2757c49a47aae6b4e,0.3480913,0,0.0
VirusShare_863b0864bfdb8c36f05a9a557ffff073,0.223808,0,0.0
VirusShare_b313a3ac6799375eba894692c72b2a94,0.24522682,0,0.0
VirusShare_c1c5c54a1822c3cb4b171983f11d542b,0.24444588,0,0.0
VirusShare_2526a050bb3db14b3a769e1284ad0bb6,0.30315542,0,0.0
VirusShare_9252f8501e0ce3eff5ceacaf046dd401,0.4581676,0,0.0
VirusShare_6cd5cb592a7bfe862c6d581b7464b934,0.3050024,0,0.0
VirusShare_8ff07652d334ea034445ba0804da829f,0.43020743,0,0.0
VirusShare_cf32bf0ed5425b4a75c50e634710d8a7,0.65333855,1,0.0
VirusShare_9157dd70f14e2dd5b697c34164c6b700,0.3566091,0,0.0
VirusShare_05b40e146d4fd987261a2f61c7e9f4c1,0.4581676,0,0.0
VirusShare_91ed17a595fc987c2222b2240ae94298,0.36858818,0,0.0
VirusShare_d27def266cbd0e5112e06cc3974eaf57,0.16892257,0,0.0
VirusShare_04d967bded300e7d1294bf2d550d0c17,0.41269246,0,0.0
VirusShare_7c375d7d7cea2a64d000533cf85a18d6,0.41269246,0,0.0
VirusShare_27fa06121d0f9c5213643adcae8072c5,0.09119268,0,0.0
VirusShare_da0e30a9ba96a899421f007fb71d3eb1,0.021712132,0,0.0
VirusShare_68b042c5aed7df3c6232724398f00aa8,0.6531443,1,0.0
VirusShare_691111beca9b1a9fcad94e58096b2a6d,0.34577498,0,0.0
VirusShare_cfb6511cac107b9256cc13e031155316,0.26189238,0,0.0
VirusShare_990a08f38ca1d55d931c47a26d72aafc,0.04018457,0,0.0
VirusShare_b01d67aa034c47b5506dd54dea997e1b,0.04018457,0,0.0
VirusShare_4a8bd5b91f9babb1d123a45efb778ca7,0.052653693,0,0.0
VirusShare_85589170af713a03ca622f94429c634a,0.2612984,0,0.0
VirusShare_97b5fb7dbd21b1bc17c12a9b2e823745,0.3540067,0,0.0
VirusShare_982d060661c4db26ae56ededc54b8302,0.38053578,0,0.0
VirusShare_6cc2fe731767c8b5a9d5512c6de5b449,0.07976997,0,0.0
VirusShare_993b1fef75856b3c8e8bed7bdb5c53f1,0.36858818,0,0.0
VirusShare_9a1977b0d78932ba68ae542a95a74ca5,0.36485443,0,0.0
VirusShare_d33226d60ed0def975f1df83cfb5d657,0.30574912,0,0.0
VirusShare_28232639675d0f3a98db2fd2fd81032e,0.13943589,0,0.0
VirusShare_e564ceaa6a822cbb483992ec39310e3f,0.069869086,0,0.0
VirusShare_0a1c322b05e02504f83ff7030d985d95,0.3180057,0,0.0
VirusShare_7b428201ec7776716cecbdb51ab2ce88,0.16950276,0,0.0
VirusShare_ef7856b237f2678c4500361db69cc0dd,0.38843384,0,0.0
VirusShare_9cfcb2ea9c498d7e849eaae9853f3e80,0.43020743,0,0.0
VirusShare_d0c230ab4317d62de8712099e458a71c,0.0720008,0,0.0
VirusShare_99d0390ea25b8032321939ab58c9365f,0.07645979,0,0.0
VirusShare_9e501da672637eef316395ceb1fbf0bb,0.22484402,0,0.0
VirusShare_0179689b4e74f488a3c1c6a1dd06c027,0.65303326,1,0.0
VirusShare_fb50f5552b0db56edbb43141417a8c21,0.30135727,0,0.0
VirusShare_e57385e5095988bbad60581f803a77e9,0.34526628,0,0.0
VirusShare_648c422ff2166b091bb24a2699d5c240,0.09119268,0,0.0
VirusShare_004b3f9a69552e4a30e11899a9602db2,0.057157844,0,0.0
VirusShare_07a58570c1363b6d99e4c900b2e916db,0.05458978,0,0.0
VirusShare_e3fa46ab352a9e9a395db5ab2a9a8b02,0.14875779,0,0.0
VirusShare_ea4ce87ae55b2ceda599373802d6eb56,0.24444588,0,0.0
VirusShare_d78b8b09720fd4a0afb1993b2f657efb,0.24301645,0,0.0
VirusShare_d64e3b87a869385e1eddd74ee8cafab9,0.25371948,0,0.0
VirusShare_1735bdff311c10f9a4a6993d95007f6e,0.16892257,0,0.0
VirusShare_338a9c46d53557b198ca85f00d08ac2b,0.29227385,0,0.0
VirusShare_bd6d12587b463db5bf7b8e0d2e2f1e35,0.04407079,0,0.0
VirusShare_7e3b8a99420470c34f641b3a4adbb2a6,0.30854902,0,0.0
VirusShare_b4e0849c3acb05f2af4645dff0bfb065,0.18427403,0,0.0
VirusShare_4d220ad6c5932bdbcf8d58b00ebcc6dd,0.34695497,0,0.0
VirusShare_df0293f50ce6e2baffbb8ae5da11d573,0.37125015,0,0.0
VirusShare_6afdad818bf4654eb4cb8df13b8806a0,0.1773514,0,0.0
VirusShare_cb6c617444478164c6981e9bdfcfb404,0.24444588,0,0.0
VirusShare_be2cbac0e4c5e57fb88a32f670fa08b2,0.16892257,0,0.0
VirusShare_9e568da6b76bafd3c80752ea8fc2d3fc,0.019733679,0,0.0
VirusShare_ece30e0893542d371336d6e3eff76e7b,0.34526628,0,0.0
VirusShare_b9a9de1d50dfa9422bb34f060a509191,0.04018457,0,0.0
VirusShare_b611576bd1ae3c34b847536a2f54ff4f,0.053995054,0,0.0
VirusShare_334457a3e18a1550aaefc6e734bbd9ef,0.053995054,0,0.0
VirusShare_666c18c75df1c600b5844e3e457bd180,0.10262872,0,0.0
VirusShare_8b17f91651daf6aeedf2eae3c84deee3,0.0838428,0,0.0
VirusShare_af06f04f9f88df1338ed787ed81ac47c,0.6490968,1,0.0
VirusShare_fc82ec9dc8b1f98270a415d91d42a9d1,0.33390778,0,0.0
VirusShare_285f3b1ef9bb2918cb738a0b6ae55d43,0.10496936,0,0.0
VirusShare_9faea6d6ba0807b3093b66873e59e020,0.3440884,0,0.0
VirusShare_21a58b1aea3ef5987e15fdf5938ad07a,0.17459989,0,0.0
VirusShare_2b6e7155bc2d13615f96e1ef2b0bb99a,0.057157844,0,0.0
VirusShare_0616e3adfdc40b42d529873302e6975e,0.32616144,0,0.0
VirusShare_7b0d4bd08bf682c359366859e964dca2,0.09322479,0,0.0
VirusShare_f2eedde4856ed36484a93f009929a3a0,0.34526628,0,0.0
VirusShare_42c7caaa1a29a6202557848ee8239c07,0.034052055,0,0.0
VirusShare_0b6054c9fd0e4795cb5b93abcc533de6,0.24444588,0,0.0
VirusShare_5b5dcd11f1d6ca15ddcac2fdc3fac662,0.34034294,0,0.0
VirusShare_593570c24015e103b6686749053b7e6b,0.24403481,0,0.0
VirusShare_aeb6f92a3a0089cdf9c78c820c98669d,0.016461447,0,0.0
VirusShare_1bc370b4fb538b5cf5191609241b22c7,0.26189238,0,0.0
VirusShare_bb0ed68ef2c77bd4939269bc9b3ee915,0.32616144,0,0.0
VirusShare_8de3f9da4c73703828ef757569c6d81a,0.26189238,0,0.0
VirusShare_263a4566cfccc024d4f6f198017c24ce,0.2323726,0,0.0
VirusShare_64b8e4fa0f09aacc11adf5f0de8303ff,0.19363676,0,0.0
VirusShare_f1eeadabf5d32b47456681b840709ff5,0.04018457,0,0.0
VirusShare_148e3688069d7fbb1f8b19848a60b689,0.209729,0,0.0
VirusShare_c4f3087d524a50ab5f3745abaf7472ff,0.13481843,0,0.0
VirusShare_e657b08c1e0cad2092879c10d31ca5b6,0.34526628,0,0.0
VirusShare_5da2db77428ac0ed384e954d84c25909,0.2323726,0,0.0
VirusShare_0d4061580c2f70390ed8eb857ac13164,0.31210262,0,0.0
VirusShare_4e9733c5b6befcc65e0cd10bafcc301c,0.3320044,0,0.0
VirusShare_7be013fece36e879b50589ef4716ecc5,0.041524313,0,0.0
VirusShare_0ed1ba33eb69c8a2a978bb5f7b96f091,0.3440884,0,0.0
VirusShare_c0c4aad60bffc6e7827c14b43ff8d2c1,0.10198674,0,0.0
VirusShare_e4a609051ed175f7767de40f6a66b18f,0.04018457,0,0.0
VirusShare_a344ea4fa2cc7a5a4ea98be58e862587,0.30135727,0,0.0
VirusShare_c196a21a8c0a302776e117471dba6018,0.073430024,0,0.0
VirusShare_b2276082163e948a22123d97e209ba30,0.18427403,0,0.0
VirusShare_acb0cfdf0f03b289b07c7e9533988f5e,0.3219487,0,0.0
VirusShare_2c1bb03482e73da1d54f1e93ca135f25,0.2323726,0,0.0
VirusShare_5b0c93fa5ff03906bbe8dafb77f51a65,0.34526628,0,0.0
VirusShare_4c20b5ee302b073558f2674548f52f7b,0.36176962,0,0.0
VirusShare_f20c6ff437fa1c0958026d2918d51611,0.081083395,0,0.0
VirusShare_2ffab6ca3885f2d05917dfafdf4d80e2,0.34201166,0,0.0
VirusShare_f3ce706339428e0e082e4ca1d4a29ae9,0.04018457,0,0.0
VirusShare_8097d266be9e03c044d8dc404c5fa8a0,0.09119268,0,0.0
VirusShare_a0bf0daf99517bf674bce5cad2fbea2f,0.08420765,0,0.0
VirusShare_b2137d971c13f51628079b81dc8b5abb,0.3278864,0,0.0
VirusShare_b18af7654caf425e5b161a582426f25e,0.16950276,0,0.0
VirusShare_de6721dcd383ecaea5badb2d002010c5,0.26189238,0,0.0
VirusShare_0c88c79d49b613af47cf5e15086b7295,0.1615298,0,0.0
VirusShare_ffaf3964ff9cf29d2bbf38ca93656607,0.2335424,0,0.0
VirusShare_1798c3316b883fef17965b5e50edbe69,0.18227811,0,0.0
VirusShare_1245214e8f7189ad8c96c0a62d96bae8,0.041524313,0,0.0
VirusShare_380b63c48b722dc5d7e9bef272700e45,0.08180837,0,0.0
VirusShare_2465c0064588369df56b47c28e38aa7e,0.54090595,1,0.0
VirusShare_33ed7d61b22c2c30c9e3611bbb85b2b7,0.14845915,0,0.0
VirusShare_a6a386d7abc4dbaf637d15bc037d1332,0.26189238,0,0.0
VirusShare_62eb587266f520d291a6e303c6a9fba3,0.041524313,0,0.0
VirusShare_7d83e0202287414f4811607cf6788d1e,0.6182607,1,0.0
VirusShare_b8cda071071ee02f336007043baaaaad,0.3060597,0,0.0
VirusShare_53e713488b2cdff48851890d81917d4a,0.24403481,0,0.0
VirusShare_aa6abab72c93c23615829f748f61f146,0.019600019,0,0.0
VirusShare_f8e9f21552e06a240fcc98ecef850ef2,0.2323726,0,0.0
VirusShare_b5694cc3bbb90c66987b7298bb8257a4,0.2074595,0,0.0
VirusShare_5d2e2acea0a3d32f3aba85062d6f807d,0.10655315,0,0.0
VirusShare_5d819b3d4ebcb05cbb98bfc72e584b0c,0.10655315,0,0.0
VirusShare_afac90bb4002e34f6ce01ff8861ff3bc,0.33110315,0,0.0
VirusShare_b1623caf508634ad854270f9f2bbe98e,0.04018457,0,0.0
VirusShare_f06ac7e0aa4296f4afe7b8130274409d,0.32560855,0,0.0
VirusShare_15411ab96862224b196ef01b32f751e6,0.29022762,0,0.0
VirusShare_129fc77f3b1d3884ec4ff817188f086a,0.12666109,0,0.0
VirusShare_6269e0f2981ea90c6304216d29f25f62,0.16892257,0,0.0
VirusShare_ee3a3f292f01575fecdcf523eb8d042c,0.29707578,0,0.0
VirusShare_ad3e406d5bd89ded4c427677b6c8feaf,0.25371948,0,0.0
VirusShare_29d0f4e3467784c0922081f4d9add659,0.047095187,0,0.0
VirusShare_a916987374e938bec1ae0a34fd3ce41c,0.6540891,1,0.0
VirusShare_3e13f0362156d8ac180aa94cc778c742,0.34908754,0,0.0
VirusShare_36818e4e09967c549d12fea21aac3c3c,0.27018845,0,0.0
VirusShare_47dac7be0ef498d4641aa90f67afae3e,0.36183175,0,0.0
VirusShare_1881c0f9bec4e55ab012d4b959cb6e93,0.48877782,0,0.0
VirusShare_c129bb6bb1b1dcc1dc67eafaabb076b0,0.33110315,0,0.0
VirusShare_7c80e11db2926385bfdc1cf6d923a049,0.23836994,0,0.0
VirusShare_639dfdf0f58219144572be4eb93746e7,0.65875304,1,0.0
VirusShare_27c21babb613c7d9e4cf09ffb3b62a4f,0.30387726,0,0.0
VirusShare_fb0dff8353808ef5bfdca96863ffdded,0.38192782,0,0.0
VirusShare_81e16d528d6b8b441f5641fa5722ece8,0.44313082,0,0.0
VirusShare_8c38195bf0789f7324ea0bbd3abbbdfb,0.38192782,0,0.0
VirusShare_f6905a1667303604a49e4bc776a86b98,0.24403481,0,0.0
VirusShare_b9165ea710b02d5af134d30c29d7ba71,0.41043806,0,0.0
VirusShare_6959d95d6ac1b9d9d57ad6a63a9de134,0.44313082,0,0.0
VirusShare_36655fa4e0afdf1ef45393d5b6e1d809,0.38192782,0,0.0
VirusShare_3da729dd4595dc8a2e2299c427387968,0.29118872,0,0.0
VirusShare_962441672563fcf79e3d4e749dceb9ec,0.40856153,0,0.0
VirusShare_77fee5ab7ed1175ce2b223108b5880cb,0.13442968,0,0.0
VirusShare_3da4639870a1f07837f7f8dea37d00e3,0.64616746,1,0.0
VirusShare_be648b8bbf28509da4941301dd7b306a,0.36858818,0,0.0
VirusShare_7b1bc3c113a48b6ca69d427b0e1cfd24,0.44764668,0,0.0
VirusShare_49f0f1ceac29097fa1364a63e59a848a,0.2323726,0,0.0
VirusShare_b06026999cb6081d67b1f7ca3707f841,0.018818663,0,0.0
VirusShare_4d2d8c6b66eb2b6fd3f11aca97f7d4ad,0.38192782,0,0.0
VirusShare_d439d9ea8a6de68b974ec46495e7f052,0.10655315,0,0.0
VirusShare_ef0d63cdd6a717c252976a3e6cc9aef6,0.10655315,0,0.0
VirusShare_b36d53ad824638ddc66fadedfbacf67d,0.38192782,0,0.0
VirusShare_a58ff89333f384b068c43595584db205,0.18427403,0,0.0
VirusShare_a0109d13095e77639136e8a3f418a7b9,0.28731194,0,0.0
VirusShare_d765282930c9788596954e514523d47e,0.33015823,0,0.0
VirusShare_71110e6d099c7ca65742f2a0dfafab9e,0.34526628,0,0.0
VirusShare_c137b90ee7a95af333686865d8d40785,0.38316032,0,0.0
VirusShare_aa678db7198e11b5c9c9c5db5229280b,0.24403481,0,0.0
VirusShare_c25ead9188317dd7648c7a11db093fd1,0.341632,0,0.0
VirusShare_4e766fa1ae38e06d0aa0014941e2333f,0.40856153,0,0.0
VirusShare_c415055ca9318f430878fbdfa25eed4a,0.39806944,0,0.0
VirusShare_841e1e1a7f13c6a47f00d7628b89706f,0.04221204,0,0.0
VirusShare_761a5310be0fa278fec4177adcdc8809,0.10655315,0,0.0
VirusShare_e95516c8d18a06931559c9c6a9d3a92c,0.10655315,0,0.0
VirusShare_6400dc23f9782463ff5777f866aa67d8,0.48469013,0,0.0
VirusShare_44da292aa55bc82462dc123286e2d175,0.10655315,0,0.0
VirusShare_c6bb7b25d5fe6fe8fd013c7190ee94b6,0.3566091,0,0.0
VirusShare_79ab4fa28544cb3566c72df1c1b6bda4,0.06618582,0,0.0
VirusShare_2b67c4dbb70ba777780abc2e9d0b27f9,0.18427403,0,0.0
VirusShare_c716cbc523e3d0d1731e6805b1898949,0.35810885,0,0.0
VirusShare_c96291bf9198891d1619b35376270f75,0.43020743,0,0.0
VirusShare_8c497d0dd91db1a5e82eb3ae1e955a0d,0.19378904,0,0.0
VirusShare_1e59d7efeb17dcb85d40d5a123838b9d,0.4581676,0,0.0
VirusShare_8e03ba12977991d86abd6925deaba3da,0.10655315,0,0.0
VirusShare_cf7bbc0acdb9c1c373c312833de7912f,0.10655315,0,0.0
VirusShare_bf2dd988cd6072fe1c683402643c188c,0.33867088,0,0.0
VirusShare_e0e87626e6f58facede9f35c259272ba,0.36047864,0,0.0
VirusShare_50ae24184b27d6311e8d82abf1cdbcc8,0.29807383,0,0.0
VirusShare_844d384c39716f621f7555fb8c7eaef6,0.03986162,0,0.0
VirusShare_11fdd58a521888a5b0c1942c3e845d47,0.26249343,0,0.0
VirusShare_115150cf4159ef62646515c422266910,0.05458978,0,0.0
VirusShare_ff63fd1d93c3ddc988ff53cfffaa7eff,0.04018457,0,0.0
VirusShare_1f3f8685e77318722d96127a8620ad52,0.223808,0,0.0
VirusShare_2fca7a3e51417ee2e8aefafede0847d9,0.32381415,0,0.0
VirusShare_ceaaadc613106d9d1bedeb5ae974ffd8,0.3566091,0,0.0
VirusShare_f51088e323f3da210637e73ec4df85d3,0.16950276,0,0.0
VirusShare_b89db2fdb7e3659b3f85dc31efa2e525,0.10655315,0,0.0
VirusShare_ef5433a7abada585c3acfff5f766952a,0.34526628,0,0.0
VirusShare_b23e2cbc29546a2d331b3b45b28f9c38,0.1773514,0,0.0
VirusShare_aa8738b62631558f33e1130ed1067694,0.4581676,0,0.0
VirusShare_7a6ad3de53e32aa77ea152b37e34813b,0.081083395,0,0.0
VirusShare_1cc2c9cba771909feb4b3239c668d5af,0.34526628,0,0.0
VirusShare_e32b7add57ba74eae923532f34e915ad,0.081083395,0,0.0
VirusShare_d16ce233694a458f250716cd29b76f97,0.16950276,0,0.0
VirusShare_8a7824fe3b47dfd8550d03bccddc5193,0.223808,0,0.0
VirusShare_bc1d9689fb90c9b2aa19568c14c28369,0.32971543,0,0.0
VirusShare_d95fd5e56fad6550d5415cb62cd93cec,0.36858818,0,0.0
VirusShare_af3e7a9ac484ca57f99dfee7628e825a,0.030900085,0,0.0
VirusShare_5c4c9894486b824e05f899a7488c1ec2,0.041524313,0,0.0
VirusShare_da2e48ef91929a2218b84f9fe1799c4e,0.3566091,0,0.0
VirusShare_f7e466209f1034c276fb2a5a62eb1bc4,0.24301645,0,0.0
VirusShare_4f58460bd6a4c23f2fd5b8c387ed0042,0.2323726,0,0.0
VirusShare_99e2570bf56916bba8b9f0ed78d42083,0.071001716,0,0.0
VirusShare_3b931b105f2ce2d8eb6868314f43206a,0.10655315,0,0.0
VirusShare_4895730f774d31ebb17d099d83a79076,0.10655315,0,0.0
VirusShare_e30b71875523e9e202ed6e5488d6300e,0.10655315,0,0.0
VirusShare_604557c05862629a1b266dd64cbee471,0.1027195,0,0.0
VirusShare_dd72ec69b9fbadac6a7ba66e9c2f0779,0.43020743,0,0.0
VirusShare_02d9e388f82b924214f0240eb9ab56ac,0.5821507,1,0.0
VirusShare_4a94063325794ea2a47b422892e86387,0.223808,0,0.0
VirusShare_e078fba9ad707c3b6f5968cbb1783867,0.17968412,0,0.0
VirusShare_1eeaacad27c240bc1c0ac86dcde7355d,0.10655315,0,0.0
VirusShare_c6be8f70efa843474721cfdebf9e6fff,0.10655315,0,0.0
VirusShare_97285b7e0f2b7653bac20d0263e5ef49,0.10655315,0,0.0
VirusShare_dfb97d0914f01f5f0b5d58782e2197f5,0.38053578,0,0.0
VirusShare_2368f130bdec872dee420b3c97a17ac5,0.12709756,0,0.0
VirusShare_e01ce602f1f114f95a8478205dea9ac5,0.43020743,0,0.0
VirusShare_288d693420f5d88fa7d3cd3779f62570,0.10655315,0,0.0
VirusShare_416a2be95542f58954c373ca2f7ea9f3,0.10655315,0,0.0
VirusShare_3411ec8af74dd031ce912c2dd01031fa,0.10655315,0,0.0
VirusShare_2134a6cd496c2ebcbf87542f69dad3f6,0.24403481,0,0.0
VirusShare_726b6d3c16aeb4d08517bd881c6525e6,0.39342943,0,0.0
VirusShare_d727d38a829ab0e2b2e53cbf94292d05,0.35099858,0,0.0
VirusShare_1cee2ae165a542ea6a82b2add1a01a79,0.057157844,0,0.0
VirusShare_92e516cca3d84aa617a3d1145ff8a9e7,0.33900493,0,0.0
VirusShare_18cee18f1ca226a0348db124e1dca16a,0.08990352,0,0.0
VirusShare_6c6a420243b3ad8260d2aac6a5daf8c7,0.10655315,0,0.0
VirusShare_b2c23b0a73379e4d8b6d52f96c9a350b,0.10655315,0,0.0
VirusShare_5e26bdf558729a81c7e25ac46889a301,0.10655315,0,0.0
VirusShare_767a86030c0e7b3dc0a33caecd60b0a2,0.10655315,0,0.0
VirusShare_cb29406dd8ca061e4d26cd85c7ed418b,0.50345385,1,0.0
VirusShare_e49738ce0505a30d08994f91d98d4ba5,0.47242683,0,0.0
VirusShare_78bbbebeaded0776cd57622974d78544,0.33110315,0,0.0
VirusShare_431d5e337d85ed91ac850e3b8e0eb0aa,0.65847033,1,0.0
VirusShare_eef37483d6016ec09c016b5d4f2dc478,0.18124893,0,0.0
VirusShare_9e7b3a28d9e5d804e317d1df50118f16,0.12285938,0,0.0
VirusShare_e7df4759c5bace817cf9ba636aedcddc,0.43020743,0,0.0
VirusShare_efb58b7f4fff62e72848051de0669b91,0.07899711,0,0.0
VirusShare_bdef35ccd2a26705a148e0f30df0b557,0.3075819,0,0.0
VirusShare_27920ebb53556130ccffd8866610910e,0.111646175,0,0.0
VirusShare_34e9e0fad5609fc375f3649e209b2e86,0.032117717,0,0.0
VirusShare_93c3678ffccecbad504da33eb2a92274,0.3289132,0,0.0
VirusShare_e97b788bbae91f1662a50591ef2bdad7,0.43020743,0,0.0
VirusShare_4b442a4d91882957d27b4bbec44ea6f7,0.33110315,0,0.0
VirusShare_9b2b28dc800eaf14b56ea4246a0cbba4,0.18703088,0,0.0
VirusShare_ea871371e35a3a6cff332d228daa098b,0.35685378,0,0.0
VirusShare_9efb9bf5b8473a1411bdc64d2586ab09,0.2769131,0,0.0
VirusShare_1c24baf2b436de2ef1594beb365a6898,0.48469013,0,0.0
VirusShare_fdff59f7d9c3b40b6b59b901e7dbe67b,0.14335617,0,0.0
VirusShare_ae5e2023b20878d701e2b43b8ebf07c2,0.019177422,0,0.0
VirusShare_e44d93fda94b9473bf706611309f96f4,0.21292755,0,0.0
VirusShare_ce20bd8f40f78da603dd17d756745b0a,0.2323726,0,0.0
VirusShare_d03dfaff61dfef1067deccf81a8cbf3a,0.05387192,0,0.0
VirusShare_0885dc23e2ddbd1b3dc7b47fbfc19cbc,0.34526628,0,0.0
VirusShare_1260a62c146c769111320df9582ced6f,0.6570603,1,0.0
VirusShare_dda41a0ea2cc208ef7c9b76a44764e37,0.16892257,0,0.0
VirusShare_120a9b1077683c90af4dbc79a9ac9320,0.17359406,0,0.0
VirusShare_efcf2ef385757f9a04c8026ed6e6b98e,0.36858818,0,0.0
VirusShare_2c6396b99da8c114b471c229f495cab2,0.17968412,0,0.0
VirusShare_f400bbf8e82e3c80199f7eaf08d78206,0.32560855,0,0.0
VirusShare_92d1eb9a80aec6b7c371abaeb25939b3,0.4581676,0,0.0
VirusShare_b9a4b1f81df55ae307ebc961e6024976,0.045986157,0,0.0
VirusShare_badbd602b9a715c60ea506a037a2fa4d,0.054572202,0,0.0
VirusShare_f1de4d50ac87754d9ed098de49ab0e54,0.43020743,0,0.0
VirusShare_da93b397b398f7043445ce86718eb368,0.3399383,0,0.0
VirusShare_e537308993d7a49ba3a4f1869657fe95,0.057157844,0,0.0
VirusShare_5f1505cce5cfbcae57b1c87b710f5410,0.2769131,0,0.0
VirusShare_79b7766415b1ceca8d640769ff622195,0.26189238,0,0.0
VirusShare_e37d1e9f835e77a1859a046a4cc1a414,0.111646175,0,0.0
VirusShare_b2b5d54686200fc4c862b293d129a38d,0.041524313,0,0.0
VirusShare_6480cdec1a6c77286d5f09a71cc5140e,0.24403481,0,0.0
VirusShare_c19586274256ad090211b784c33c00aa,0.34577498,0,0.0
VirusShare_92c7a36b667111f0962860cb7e923527,0.1027195,0,0.0
VirusShare_ae19f5f56c1698df36a20649958eb0f6,0.041036285,0,0.0
VirusShare_b808a656cafb009e9b9e021fba4eea86,0.033872336,0,0.0
VirusShare_d77e84212b446828849ba01d898070f2,0.16950276,0,0.0
VirusShare_dfa02b3942e029e95d1b2a5ae05d738d,0.1130689,0,0.0
VirusShare_5869a21cf1a48ec260140825dd7924b0,0.6548937,1,0.0
VirusShare_cc7671fe45241e3d6b59b15c5bf10431,0.06943027,0,0.0
VirusShare_abb4b5e1264b55a40fd2080cf6363fe3,0.04018457,0,0.0
VirusShare_f91ff2a72793a4c02612f259e1eeb256,0.04018457,0,0.0
VirusShare_e3f7c58ef970e40c7d7a6405ff53b949,0.18427403,0,0.0
VirusShare_c39441083c965362609e8f9774ba1bfc,0.30315542,0,0.0
VirusShare_c05e4e416d8acd8f4dd07f90c4f41d30,0.059607722,0,0.0
VirusShare_f3633c98609f216b618a4975b6b7106a,0.057157844,0,0.0
VirusShare_42c67dff0162749f1f14845c06c4e0bf,0.36234084,0,0.0
VirusShare_f6f90f9eca05c8dae68a0d7fe8b200d3,0.111646175,0,0.0
VirusShare_829c6e9b27d491c49553db55201b05eb,0.26249343,0,0.0
VirusShare_d5e6ea36b41aca9c3da60082046a25a9,0.07598011,0,0.0
VirusShare_a057e3464ea245550a8345f0c994c3ff,0.135301,0,0.0
VirusShare_bffa3be3b5d4b4fea199791f94b2d4f7,0.2769131,0,0.0
VirusShare_198dbacd306167c78712e5158c0ace2a,0.041524313,0,0.0
VirusShare_71ce0a621e0b5176121d90ea45ba626a,0.26189238,0,0.0
VirusShare_7d4b3252d8edc06c31fd238d667a7388,0.654492,1,0.0
VirusShare_81ccc8c27673ef88557cb0ce449b1354,0.064383894,0,0.0
VirusShare_c49b1a75735c4255ea0db7da9574dd4c,0.041524313,0,0.0
VirusShare_e583a0c0323b83c29115fcc0b7e47673,0.053995054,0,0.0
VirusShare_b2e2847cdc53c74d8c994e2d23a5e098,0.05339507,0,0.0
VirusShare_8c33e7873d049c428f13079edb743d90,0.09119268,0,0.0
VirusShare_ac1e336710580b895eff1379f2e458c6,0.4390455,0,0.0
VirusShare_ec32ae44fe8a174fa7dadd598e5aa9b8,0.019152274,0,0.0
VirusShare_f69d5e0c236a751bc67d28dde2e0ecc5,0.32259884,0,0.0
VirusShare_09f2d22f9f203b92320c50c7c1d4864a,0.17016128,0,0.0
VirusShare_e97acad1ea83415f0693809209419d4b,0.16950276,0,0.0
VirusShare_29f015e42534b16a0acb946e3745ac92,0.09119268,0,0.0
VirusShare_4f9f6bbd89c0a025678b33f073818ff8,0.34526628,0,0.0
VirusShare_8eeffeb6827da02bf17fd6d9e197d7b4,0.13907078,0,0.0
VirusShare_48ee508a977f1d2fcf256a537d4d8819,0.090312585,0,0.0
VirusShare_ca4c51659c4222c96c1a0120e469082a,0.46556234,0,0.0
VirusShare_a99d5116aee7984b42d329a84fd48e9c,0.06943027,0,0.0
VirusShare_dce06767b6db39d27a5297af55023025,0.09119268,0,0.0
VirusShare_5f0878c245e32eec6e2c59226887da20,0.3402883,0,0.0
VirusShare_d5c1a572d8798710810e8b5f82b06085,0.3935123,0,0.0
VirusShare_5b6689fbd097b8f6d9df5bc96447b30e,0.19313155,0,0.0
VirusShare_546024a1450bc6910f3b5fb1d0c3c2ee,0.34526628,0,0.0
VirusShare_8fce16cd054e86d5bcf86ccddc6d0c1d,0.25371948,0,0.0
VirusShare_7d942e5be8877e9cf1facf4546bd775c,0.2570044,0,0.0
VirusShare_d3e53d9a28883e28709251d7ccd5b3fb,0.32321373,0,0.0
VirusShare_67eba8f84d5fa17ba79cf1b2bfc22641,0.09143479,0,0.0
VirusShare_e3579b9b1dd8e6e80a5380f044c58275,0.47569093,0,0.0
VirusShare_7d56934fcb5b838f504f54040394a362,0.21292755,0,0.0
VirusShare_0db15ea90d79787c1d2b4b144fef229f,0.057157844,0,0.0
VirusShare_9c1fc0c86cf142f7e7df7dc7db0c248e,0.21617714,0,0.0
VirusShare_cd78a70bcb92a560e8bf66fb5653c397,0.16212723,0,0.0
VirusShare_1242df129f505f459ba20073de53cc83,0.3440884,0,0.0
VirusShare_8f629f3f957d841d1f24bf19b4b0d9f9,0.04018457,0,0.0
VirusShare_2e93d0fe8c6485cdeb15e6aee1852d5a,0.081083395,0,0.0
VirusShare_8b7416b0a2c98c63aa4be31990084f20,0.65938413,1,0.0
VirusShare_1e465dea1cf8c56a4f9d39e271e8c934,0.081083395,0,0.0
VirusShare_922bc944cd2403c690a5436f8b930f68,0.26189238,0,0.0
VirusShare_101dd3bfc8170a55b3d45d407755e5a5,0.1773514,0,0.0
VirusShare_bbb58a84bca1afb7664ee1ec089da6a8,0.081083395,0,0.0
VirusShare_f5e35b83f6ed55dae53d8004da37dc02,0.3566091,0,0.0
VirusShare_db8032c9dbc03556ee9efd7c31117f9f,0.075730726,0,0.0
VirusShare_f2a475b9c5a9762dbcac3e15f9bb19a7,0.041524313,0,0.0
VirusShare_f728c0cee58c6bfdf5fa560e4789b881,0.34618115,0,0.0
VirusShare_3fe7cfafbbbcea1c4c7957c6cab75d5a,0.4543138,0,0.0
VirusShare_605db9a119bf31f7bab2043e0e03894f,0.6515142,1,0.0
VirusShare_8df7b28d51623f95f9a29d7e7d1debe7,0.16985346,0,0.0
VirusShare_ca830401149fa8b92f22249e9df8e1a1,0.34577498,0,0.0
VirusShare_326b5370764afb66f038d45f2579bad2,0.16741012,0,0.0
VirusShare_3e784d95212bde85570784b95128b31b,0.040858697,0,0.0
VirusShare_38625757414a8a5b3ddfcaf5cfd80f89,0.076207325,0,0.0
VirusShare_5120cdd6c0574163ea83d64234f620ca,0.17968412,0,0.0
VirusShare_335317acaa96b0f796142b829ed7d4db,0.13622138,0,0.0
VirusShare_41947080c72d99ba9a94f2391319e63f,0.48528522,0,0.0
VirusShare_e54b3460e857f66a8b7524277c972f92,0.32083267,0,0.0
VirusShare_e0f542ffdd4f02c4a183a6945c8ecfb6,0.080184266,0,0.0
VirusShare_59381958cc72e216702b695515f9a4d1,0.26189238,0,0.0
VirusShare_7a0fa9ab8abd9d4075b572c5a8f8a6d4,0.37251082,0,0.0
VirusShare_1da4bccfd852ecba6ecdc3cea72bd4ed,0.37251082,0,0.0
VirusShare_4308905989e1307e57c04daa5737064f,0.081083395,0,0.0
VirusShare_bb90e6dffb42822525d380d02af1fd61,0.16892257,0,0.0
VirusShare_9667b8de50a402ac2e0d19d201078222,0.16351314,0,0.0
VirusShare_7d7ab7178ce54601a333ee54479d7599,0.29865178,0,0.0
VirusShare_950af4d8de0958cf57fd8bf987011836,0.30315542,0,0.0
VirusShare_02e1134f68860c487604aedb9ce3d89e,0.18499793,0,0.0
VirusShare_ff93b6946a9ffb5e61b7294556d37d57,0.039503735,0,0.0
VirusShare_d8cdf3a10a3b99328d17d7a46e4c4cf0,0.5273997,1,0.0
VirusShare_9225657bd838980dbf13c91ad1084e89,0.16438201,0,0.0
VirusShare_518f5df75c1c6c31b970f1abeae551c7,0.24352093,0,0.0
VirusShare_1dc01cb8dd430427b67278bf7040bceb,0.25261095,0,0.0
VirusShare_cb291bc2772cd78ffffc5681876949c1,0.15636018,0,0.0
VirusShare_fa8120f680c5337ee3c0676df231307d,0.17968412,0,0.0
VirusShare_761a469aff01c757e4361582bd656bf9,0.20904788,0,0.0
VirusShare_f36a06dac415d444ff3bcf78420151b8,0.38507178,0,0.0
VirusShare_fd82755164b3b22ae75830a0ebd597df,0.25261095,0,0.0
VirusShare_de899608f06944e51de568dd493e73e4,0.057157844,0,0.0
VirusShare_076a27912f996eb35185356efae45100,0.14875779,0,0.0
VirusShare_3904ef6b25542b66f6cd564dd02ca544,0.34526628,0,0.0
VirusShare_322155a43019a2ab9e44389bd5d99562,0.48469013,0,0.0
VirusShare_f82cae3f1b2da34d7eefa95d83bb8334,0.2769131,0,0.0
VirusShare_a66e100f8201289babaa9ef6e31c0941,0.24719867,0,0.0
VirusShare_47ee445f672089e5500c65d7be24896c,0.6582144,1,0.0
VirusShare_426806df55c281b0001bb93182c22365,0.09182026,0,0.0
VirusShare_428ae713983a46f10268c714f7297f9f,0.29527333,0,0.0
VirusShare_0824c5537331ee472eb9e303c51923c1,0.23423877,0,0.0
VirusShare_74aa8985b503fa7330ea0f58820c1f3f,0.057157844,0,0.0
VirusShare_f2397c4412f82cf74e78f3d12b1bd569,0.34695497,0,0.0
VirusShare_8007a5625eca56f038543cfd49037ed0,0.4624679,0,0.0
VirusShare_c805e72d6b3f7ac929fb55736f93eb09,0.33685142,0,0.0
VirusShare_0a64c83111f9583e520b98b847d21868,0.04145736,0,0.0
VirusShare_86f70c4105e8e4dc65be328455a5cd86,0.17968412,0,0.0
VirusShare_c95bf17b658ca4660f02f8d265f9f3f7,0.30292025,0,0.0
VirusShare_b3c1c45ef044c93da03c54fd8fe318fb,0.48469013,0,0.0
VirusShare_d56afebbaeb5821bb8e511f7776c0c9d,0.2323726,0,0.0
VirusShare_ed417416a4718ce71f7c0e296e327d68,0.32791218,0,0.0
VirusShare_624770cef9966c4532599c7445c8253f,0.34908754,0,0.0
VirusShare_e890fb4ba06de2ee7bda83eabd66ddf4,0.27018845,0,0.0
VirusShare_e831d3d830290ca09867e852129a989a,0.27018845,0,0.0
VirusShare_8b2c7acb95443718b0673f69efdd9042,0.17016128,0,0.0
VirusShare_f47b4c92660177f8052e6ae82ad71826,0.34908754,0,0.0
VirusShare_c56060fb824fb85ad0f62196b41db8a5,0.17968412,0,0.0
VirusShare_937ee4abcbd4e4c76d50d34ff9e355a9,0.24444588,0,0.0
VirusShare_1306a19d21dc4d0a263a82c85f405599,0.34526628,0,0.0
VirusShare_b24ad6fdff3cadbfd2a69431523a9541,0.18427403,0,0.0
VirusShare_c7ecea9f7cb97c158f74f8fd06d8db9d,0.27018845,0,0.0
VirusShare_15f773f6d383f98bd4f870cf7d6fc3e0,0.3280962,0,0.0
VirusShare_ebd51105318d331320938372f0104a66,0.09119268,0,0.0
VirusShare_3ad117d9b25046f151725e58b8e80ff4,0.015669215,0,0.0
VirusShare_97c14376eb9cf76c412d260d0229d5b7,0.054525543,0,0.0
VirusShare_64468b2ab541687572ce6b435b41f2bd,0.2612984,0,0.0
VirusShare_41370ed050fc5557d3e4bf641d4cd7fc,0.13139388,0,0.0
VirusShare_6a1a27a05b16af0c248c9fd35af6d70e,0.17968412,0,0.0
VirusShare_88ee0f054d6e2a20da52d54e7148d6fc,0.16950276,0,0.0
VirusShare_5b8710743a7c769814fa4b8f88a48117,0.61619437,1,0.0
VirusShare_ceab7f34cb47b64d5359a47d4daa8643,0.36183175,0,0.0
VirusShare_f32711530ebad4489a1acecfd30bf2fc,0.3144967,0,0.0
VirusShare_7905d2643d12c7456f357297845d4e42,0.3144967,0,0.0
VirusShare_7380f5f5389bbd4b5446fc9778b9c26e,0.3144967,0,0.0
VirusShare_9b3199bfc192c9eb9c078243cf57958c,0.16950276,0,0.0
VirusShare_3e569d1726c3af87546cb3e6c2fa55bc,0.16950276,0,0.0
VirusShare_81943d13db01b004216ad20f06fd93e2,0.44511825,0,0.0
VirusShare_066ca3ff74344ce37649a524294c6bcb,0.2769131,0,0.0
VirusShare_ab2fc6b6545e501fe8789605034b100f,0.2323726,0,0.0
VirusShare_c643bb39fe9b08949b9f92f6a7939244,0.34577498,0,0.0
VirusShare_645c857b3a10c3fc72e98688f8bceb3f,0.12117152,0,0.0
VirusShare_3d76760d9de5963b09f68b536f06babd,0.5791428,1,0.0
VirusShare_cb828274c228b16f4e8ba2de230700f8,0.37385222,0,0.0
VirusShare_208adf9ecf502036fafd2c34b4adc1ad,0.6576586,1,0.0
VirusShare_5e8f1b4c1b2bad5ee094ebe96fd68e14,0.111646175,0,0.0
VirusShare_9228ea87df991c7fca48da6091735c96,0.09119268,0,0.0
VirusShare_b35083521e0a4b03da1166737ffb5f32,0.35806286,0,0.0
VirusShare_1578461fababc222690af7f22926f4c1,0.24444588,0,0.0
VirusShare_f4319dda0a422c4bb325e03008f34f89,0.16950276,0,0.0
VirusShare_0a11d9097c026bea6e41be2e8f713f42,0.6552758,1,0.0
VirusShare_5e381afe20e556a97c202b83c3677dc2,0.2769131,0,0.0
VirusShare_cd03dac0ac50657360153fede04bec15,0.09119268,0,0.0
VirusShare_a6d4095b28fd0537a1d047859268c9d6,0.2114615,0,0.0
VirusShare_1285b7977f01752a45389331f6f176cd,0.65214825,1,0.0
VirusShare_174f27296251be9a70e1bdbd342a14ac,0.26189238,0,0.0
VirusShare_7da44f09a2fc76b6d37eb5bf6ad94b25,0.25371948,0,0.0
VirusShare_70ee58324c1f21bcbf1aaccc8f0adcb7,0.057157844,0,0.0
VirusShare_a9dbce9326e1eb82cdb577d78c023853,0.35076073,0,0.0
VirusShare_ad3dbcfd3343f8e24324a9a525fa747f,0.18227811,0,0.0
VirusShare_311ae6ed684e0a79ae2c8ed0c4c2528b,0.48469013,0,0.0
VirusShare_cc978265260eb7aa27ce77a6937319c9,0.34414595,0,0.0
VirusShare_0f1f48e9fe1f978fd9827b82bf622f02,0.1773514,0,0.0
VirusShare_ebb6466e3360ff90619fbcecdc130bed,0.081083395,0,0.0
VirusShare_81e827a307a92276e39508ff980aaa3f,0.34526628,0,0.0
VirusShare_35d8f10c00b8cb49d28b22b445569e5c,0.34526628,0,0.0
VirusShare_cdb9020d6e183dafa44ba5b3b109dfc7,0.15834995,0,0.0
VirusShare_75f793dee6a6250b5599a99bc7bcde56,0.042659026,0,0.0
VirusShare_0179f8c9367849136962aef82eae2a4c,0.026525427,0,0.0
VirusShare_ad9702605dcdaea7d0991f8dad0f80ea,0.057157844,0,0.0
VirusShare_6fa820f4c6c11997df20b3e4acfcbd58,0.3406163,0,0.0
VirusShare_c7d64b8d47e9d650eeeaa99fef388eb5,0.1411281,0,0.0
VirusShare_b0166b89039d91132551d02dd0a04f55,0.3280962,0,0.0
VirusShare_9eed173df4a960ca5e5a718e7d5fc0f3,0.041524313,0,0.0
VirusShare_a42df4db85866cd8202156c88b7fa126,0.34789094,0,0.0
VirusShare_be9a82e6b08680a77680da68cdd38798,0.12168114,0,0.0
VirusShare_2d273b76d824eb599b7fa2ad877d9071,0.18499793,0,0.0
VirusShare_b4edcb24ea3b47aa6be84e5fe6b5f5ce,0.40385872,0,0.0
VirusShare_5b16669618ebf59b9a4392796493888f,0.050541867,0,0.0
VirusShare_a957e4cc162f9e3051c0aade961cf413,0.1877389,0,0.0
VirusShare_b27760532c9fc2d0945cee2117dc8dea,0.07244431,0,0.0
VirusShare_e5ccd9127b49a7e15dae682398259db0,0.2331057,0,0.0
VirusShare_222d2d75cc867c48ebbb3dc8adf08748,0.041524313,0,0.0
VirusShare_be73016a5a3faa25f0b4a627fe085b44,0.25804526,0,0.0
VirusShare_a2c24979dade9d5b2d72b10cfc2305d1,0.06943027,0,0.0
VirusShare_12c5ff81c13fabb5a4240ab73182afd9,0.057157844,0,0.0
VirusShare_192685a6a8d86e20d37d49cb3317225c,0.17968412,0,0.0
VirusShare_40d3cc93468160d95fae61aadcf76170,0.16741012,0,0.0
VirusShare_616b257be0806f9b89aad9c56c95a733,0.04018457,0,0.0
VirusShare_cda9ec2da5ec55143f4e97ccb1b49751,0.32466012,0,0.0
VirusShare_0f106005cb353c723469e3bce269f271,0.10281415,0,0.0
VirusShare_48e3606459529d0174a6a5581b507561,0.34526628,0,0.0
VirusShare_a24281f80118cb92e658f2ced888ccd7,0.5889863,1,0.0
VirusShare_2c2756b53c903663eee79cf23886bac8,0.046600863,0,0.0
VirusShare_43fc8f7bea28aec7750cb73b7d34e397,0.2959501,0,0.0
VirusShare_db89ec8f8ca61e7278701e29f7d09dae,0.6483936,1,0.0
VirusShare_7ca1ecda60378ad843146cc5aff7863e,0.32742518,0,0.0
VirusShare_1866ac37f6adc7a23e8517f6cf40085b,0.34526628,0,0.0
VirusShare_8dec471a2b344a38c4bc1084829e6682,0.34526628,0,0.0
VirusShare_eb20f1cf28652157a9acff905f5dd888,0.57479656,1,0.0
VirusShare_6d6695cb9836185ee73d02130f1e9ac0,0.34577498,0,0.0
VirusShare_9f0c3b86e2578ec6d17bda61f6b01be4,0.4010809,0,0.0
VirusShare_74630d09a3c752e57af055196c2a8071,0.24403481,0,0.0
VirusShare_cf14997f9afdcf090bc7952fd484afb3,0.015738364,0,0.0
VirusShare_b5a2c47681fe29d4d5dd35bc9a6b9591,0.1877389,0,0.0
VirusShare_8dd650e8cefcd2db6e3af50d89c81a9e,0.3280962,0,0.0
VirusShare_8e1552c18dad248cd2e514663449d6d8,0.32971543,0,0.0
VirusShare_5bba8dc56c681ec276738f5e2617a41a,0.053995054,0,0.0
VirusShare_cd4a18b68a46d2166f3fdbf68d345e60,0.09119268,0,0.0
VirusShare_9347ec20057c42e6516e64a3fbea5d9b,0.05403028,0,0.0
VirusShare_ec09834ea0fabe43f1907d8cd700e268,0.038272582,0,0.0
VirusShare_95468438966ddc703c04d25a6d4438a5,0.081083395,0,0.0
VirusShare_95da14d8585e44f90b70954bd0433841,0.25371948,0,0.0
VirusShare_6dc0e1c82dbaf00073e96431783164ec,0.34526628,0,0.0
VirusShare_cf22ff9df82726782d87dfdd612886a6,0.25974905,0,0.0
VirusShare_7c95b5f6467d7217bdc11a0db2ade325,0.2769131,0,0.0
VirusShare_f0ae3378b6a69f6918f6a69e906deb1c,0.31966218,0,0.0
VirusShare_dc161d4f163660027404bb7669e39312,0.25371948,0,0.0
VirusShare_58388faf3698159812477eee83e1252d,0.26189238,0,0.0
VirusShare_2089cfeb8a16f97f879e79a7dbe0f7ae,0.3278864,0,0.0
VirusShare_7ba8a296c281f9177537537e3e76e7e6,0.3278864,0,0.0
VirusShare_4c33db68feb301fbffe34cf0fc48fd0c,0.3278864,0,0.0
VirusShare_2c005294e8b7d9139bca74c45367c8e6,0.34526628,0,0.0
VirusShare_73a7823932c7628363d7f5e725ea497f,0.3278864,0,0.0
VirusShare_bc6faee6da3d787e9aef22b30fb36668,0.3278864,0,0.0
VirusShare_1b53b61c8b21d57f744480123b5dea40,0.3278864,0,0.0
VirusShare_e5129046d6e5339a4a8449b19b300f0a,0.3278864,0,0.0
VirusShare_df4ef2559409686b605199dc07b8773a,0.3278864,0,0.0
VirusShare_ce255185247a6a7a9e2bcf95acd13dff,0.3278864,0,0.0
VirusShare_cee986b7bc10b3d7425391b710a23c7f,0.06943027,0,0.0
VirusShare_dbd7320c6c601d04a9ac98fbc1402602,0.3278864,0,0.0
VirusShare_64e4523d19e1d4480cd0abf41ba5e1b8,0.32486507,0,0.0
VirusShare_b628b1de477b94374760abe09cbc7418,0.32486507,0,0.0
VirusShare_6bbc948bd8a89e308ee140075c411f20,0.32486507,0,0.0
VirusShare_c660e7edc2057497650ff3c6418eef2a,0.3278864,0,0.0
VirusShare_8f2069324e8063a9c414501ffe5531ba,0.3278864,0,0.0
VirusShare_2e4e9ec2feb0d9cfa501ab58a67b6755,0.3278864,0,0.0
VirusShare_5960e31768d0dc735fcedc72ddbe28c0,0.3278864,0,0.0
VirusShare_6977dc9f1b276c6dae2137e609354266,0.3278864,0,0.0
VirusShare_d577bc6308e9af40c77605d063aaacab,0.3278864,0,0.0
VirusShare_3544056a4a9c83547764a7d28a04423c,0.3278864,0,0.0
VirusShare_984cb4dff363dbb911d4f55513686c0c,0.3278864,0,0.0
VirusShare_2b6cbc24c46c3d30a84b18cdde93992d,0.3278864,0,0.0
VirusShare_2024b06a52386503e5785b896703adc2,0.32486507,0,0.0
VirusShare_50c32f114af0da5ea6b2db880e80db68,0.3278864,0,0.0
VirusShare_af9771959fef86e7dd826d98aa1f4886,0.32486507,0,0.0
VirusShare_b22bd114a2deb03f0d3310d18774528e,0.3278864,0,0.0
VirusShare_dddc09a28d110efc51978a8bb2b33cf7,0.3278864,0,0.0
VirusShare_d9e1dbf5119a7365e9b17f5625c4172c,0.3278864,0,0.0
VirusShare_02110454d60fa4f9f50b88babf369276,0.3278864,0,0.0
VirusShare_7d3e8a09f3f434b729aadb1e2113632d,0.32486507,0,0.0
VirusShare_a52fd1fcd74463efc9c9e76ea88ca1d6,0.32486507,0,0.0
VirusShare_abe24b2e7bd5cd322ebba863bdc7db9f,0.3278864,0,0.0
VirusShare_f56f123d6942ba5c4de6a87c97938e2c,0.3278864,0,0.0
VirusShare_83457c12b0d17982153489e40e8d476c,0.3278864,0,0.0
VirusShare_732affe11b670d6da2488909082807f3,0.3278864,0,0.0
VirusShare_2330b3527e58d1498ee7f1e67c54abf8,0.3278864,0,0.0
VirusShare_f60a71191430df39ab6049985d9e7711,0.32486507,0,0.0
VirusShare_f6f5fece1414ee58ef45a939f73e516a,0.3278864,0,0.0
VirusShare_0ad357e7166e55b2610b7c74c502c088,0.08517192,0,0.0
VirusShare_d9974192a621ead78df6bdc609f0cf33,0.3180057,0,0.0
VirusShare_3c126cbd2fd3d60c72f84db993c1642f,0.27063718,0,0.0
VirusShare_bfa4ae378ac518b765eb602f04218a6c,0.17968412,0,0.0
VirusShare_109f045eee9d55c3a40d96a2558a5bdf,0.20779786,0,0.0
VirusShare_87d608563e425fc4e5c8aa034703d367,0.27745855,0,0.0
VirusShare_2b506884fb404ec5ae8f7d6dd55384bd,0.34526628,0,0.0
VirusShare_f2afb3a86d4b205705b0ec883e969f39,0.2612984,0,0.0
VirusShare_51fa40c383aa658810bb454c57d1e2d3,0.16950276,0,0.0
VirusShare_ebcaf724c16f98d5a6709a9144d4c032,0.1883522,0,0.0
VirusShare_81b920470245e45f09b79b059c38b28f,0.64827937,1,0.0
VirusShare_79ab282514df10a40533b65a861406e7,0.24301645,0,0.0
VirusShare_61ffe71c93a2a02b6ba552b0c1025813,0.10376644,0,0.0
VirusShare_c03f988b2fa6003db47bf9eedc797e0d,0.6536242,1,0.0
VirusShare_f59886a583ed17d7e51449d5e57d1dd9,0.64663064,1,0.0
VirusShare_a6fd317473b5fd5e49a73836436cffd9,0.42808595,0,0.0
VirusShare_7ed6af68540800c52ca6819964c12c09,0.66676086,1,0.0
VirusShare_2782d2bd3c05dce8a7de8b8901a6b9d0,0.25371948,0,0.0
VirusShare_6fe78bab9744d9893a76d852568c95ce,0.42973137,0,0.0
VirusShare_3027c738606af386834dafbea7212b6e,0.341274,0,0.0
VirusShare_dddca36455ed45db624281f149e2eb0a,0.26392213,0,0.0
VirusShare_beda886da37b547559b7f46cd8d2d1b9,0.38952392,0,0.0
VirusShare_333a6446b4e4f947dd83b3c2ca0af182,0.08517192,0,0.0
VirusShare_fd26f5580df56b5f865dd0c75b21064a,0.08517192,0,0.0
VirusShare_250c29e022faa511218f582cd57368cb,0.040316377,0,0.0
VirusShare_a7afe44513788156debca818ede26eca,0.18427403,0,0.0
VirusShare_da3935de5f81676095ec96b8eeebcc91,0.34526628,0,0.0
VirusShare_0003af5afb90ca658be7e5e7dab9d6f9,0.3402883,0,0.0
VirusShare_0721a92baa54461d3ca5ac9b8fc8d5d8,0.08517192,0,0.0
VirusShare_f5a0b08763e3a296858ce403ebb0df6c,0.041524313,0,0.0
VirusShare_5a7502fecc10a27e82232cff3f29bdf6,0.111646175,0,0.0
VirusShare_985427300874c21e91bdaffac12909d5,0.053995054,0,0.0
VirusShare_3fdfb527f200eb2e93cd63862c6ce0df,0.4805326,0,0.0
VirusShare_d0593a9a01938b3660e912f1ac469649,0.04018457,0,0.0
VirusShare_ca176b2333811025f0f3f651ffefaaf1,0.041524313,0,0.0
VirusShare_22a1320bf9da2f0ae5f9ee24d61c8999,0.23441584,0,0.0
VirusShare_cdbfd6cd2d4ad17a05bb396bdaa2f3dc,0.18427403,0,0.0
VirusShare_0440c0fffd822d89384ac7de28fab22f,0.25371948,0,0.0
VirusShare_3555b25bef6af9e277b380897fc987d2,0.057157844,0,0.0
VirusShare_90db35dd55d2bd0375c3d24514db60a4,0.041524313,0,0.0
VirusShare_f48fcd189f52a409e784d8c132ec81a0,0.09119268,0,0.0
VirusShare_42775e1c7103b8c551b235710215b4b5,0.3219487,0,0.0
VirusShare_1dbac60c55f93ad3ff913671b68fa94f,0.3219487,0,0.0
VirusShare_874201c95712fba1d4801603164f5b50,0.3219487,0,0.0
VirusShare_421b24d1071ee38de08490a738f9d62d,0.3219487,0,0.0
VirusShare_05cfb4d5c8ca3bb0e99f90789dfcf71c,0.3219487,0,0.0
VirusShare_8accd0b543be08087c3bf2327aabe3e0,0.3219487,0,0.0
VirusShare_8d79b92f2e1c4658cd93137011de2ca2,0.3219487,0,0.0
VirusShare_a4451e87a8204661739fc6819aba5a5f,0.3219487,0,0.0
VirusShare_f877537a36f279748756d485237b1f58,0.3219487,0,0.0
VirusShare_41115e6726a1b8792ee37e549369e4c2,0.5362628,1,0.0
VirusShare_0a462912c81f53f2bb00b2cf6444cd2e,0.3219487,0,0.0
VirusShare_0bb21dbd167326a0029e45a3d8ba5e2b,0.3219487,0,0.0
VirusShare_fc724eca47c2a1d2d5d745607b99e3a3,0.3219487,0,0.0
VirusShare_2f5eb2d31d17bca9019b9ad35281e1df,0.3219487,0,0.0
VirusShare_397470b96bbaefbc078efa9ebee810bb,0.3219487,0,0.0
VirusShare_ca275985e1b6f69f7c0ce837c2d5cc6d,0.24403481,0,0.0
VirusShare_017c5a91051004513aa4bd5fa4418c18,0.32721475,0,0.0
VirusShare_5b4ec4cc415a531ed33ac9ba8d71dbc4,0.3219487,0,0.0
VirusShare_f9b78566f55658f5b5d74dd2d2635e13,0.10655315,0,0.0
VirusShare_7f769cf1cd76ed5daa16836b38241903,0.24444588,0,0.0
VirusShare_271fff5c861983f45178e68e5de0f122,0.3050024,0,0.0
VirusShare_fb5f9cae4c9a75eb82fcc9738189bd5c,0.10655315,0,0.0
VirusShare_3c1a2fd3840b3e2ddf97c22f070b15fe,0.25371948,0,0.0
VirusShare_9649ee3a40f7415f294e583e9499c0e5,0.063607164,0,0.0
VirusShare_56079c385c4ea9c29cdced0796246040,0.10655315,0,0.0
VirusShare_f9b48d4f331878f19715c69c4e34374d,0.10655315,0,0.0
VirusShare_bbd1c6f5ba9c9afa917baf496592c1f2,0.10655315,0,0.0
VirusShare_8f095b845d499b26b39a38427d0a467e,0.036389086,0,0.0
VirusShare_7c52d4da7723494db7a2a4df09198ce8,0.10655315,0,0.0
VirusShare_cdfd565cbfd5f4180eb915c9e74e21e8,0.05553745,0,0.0
VirusShare_8cf4c439fcd373aa82610d5c4123e851,0.10655315,0,0.0
VirusShare_356221919550ff5298b54968e9e3ce6c,0.10655315,0,0.0
VirusShare_cfe5489b59168ad17fd1ea3721b082d0,0.10655315,0,0.0
VirusShare_e54cf7de901aea795369476855318496,0.10655315,0,0.0
VirusShare_761c063ccea6eca59384b594554def0f,0.10655315,0,0.0
VirusShare_4b309fbfa13090220d37ba1f9be28472,0.25371948,0,0.0
VirusShare_80de243d2486a8730dd7d5147d3f9b37,0.28594604,0,0.0
VirusShare_93fc4b322f7226570d22084ede5a3488,0.10655315,0,0.0
VirusShare_a1913895185b9a9a11876474637656ec,0.25371948,0,0.0
VirusShare_c8d48bafded387b4a107ef91a1010db4,0.069869086,0,0.0
VirusShare_6f2a7abf8c83c4dd793093cbba2b17ad,0.33110315,0,0.0
VirusShare_d462e809a11765a1f90f0a2713600b94,0.08272225,0,0.0
VirusShare_d1a97f1689fd39a0b2d8af8a4e670ea2,0.10655315,0,0.0
VirusShare_5806da97550de739f4859423e36ca110,0.10655315,0,0.0
VirusShare_af2b92c7d3e87c0cf81d20342d884c75,0.25371948,0,0.0
VirusShare_7f20b8be5bb0395243cd598169978e34,0.08517192,0,0.0
VirusShare_959733f83ca51790c676cd59a3f769bf,0.24403481,0,0.0
VirusShare_fd592f45d4899a3613a793a73fd8a549,0.10655315,0,0.0
VirusShare_d1c2eff850fc34b97d28cf3d15ce2012,0.19932799,0,0.0
VirusShare_f3e5a70bcc16010b34947f0545517ccd,0.6604479,1,0.0
VirusShare_171bd18351abd9201dc1abfbc093b6fa,0.10655315,0,0.0
VirusShare_186b00e9c186a349c2d2ad1c3b06243a,0.10655315,0,0.0
VirusShare_a3876704b80c4430445becec3088ee2a,0.34526628,0,0.0
VirusShare_af1a74dce768f708234c3a2a3e03a949,0.10655315,0,0.0
VirusShare_dfd8b52d1f1072d9eac987d64fb23d3e,0.09119268,0,0.0
VirusShare_bea42b123fc944f53e1d2a2d71a78008,0.10655315,0,0.0
VirusShare_c1b61b327a61c9d9c01ea38abea68a11,0.10655315,0,0.0
VirusShare_acfa75d8be5b96926e0c1131a856a1e9,0.10655315,0,0.0
VirusShare_310ca0f0a523a3133a9c574205d6ee5e,0.22140625,0,0.0
VirusShare_f9d8c5ef4082a7e72ab1e7a6a4f77441,0.10655315,0,0.0
VirusShare_5d2d15331de9632f4feca1338a0744c2,0.25371948,0,0.0
VirusShare_c26e7241dcf4da7a2abd29b7854fdcb7,0.04018457,0,0.0
VirusShare_b178a4c4087d643a135d491f4caf6d21,0.10655315,0,0.0
VirusShare_c1117a6106882961252a5ae8d95e257f,0.05381891,0,0.0
VirusShare_cef1bf1dccd8881276ba21a66f90e970,0.10655315,0,0.0
VirusShare_2c45da812fda7c1a65b42d82a83a9fa9,0.16892257,0,0.0
VirusShare_a0da86073dc995d22eb0d3f7eb85f809,0.34789094,0,0.0
VirusShare_99ed3507255d5e8020827fdc33c566d3,0.18855579,0,0.0
VirusShare_db5e7e198e73e38bfedc19be2c7a18ae,0.10655315,0,0.0
VirusShare_bb4dcd28cb036039887be0a00a30eb43,0.08693739,0,0.0
VirusShare_4b28f6eb598eb2f5d289391893e11d10,0.33110315,0,0.0
VirusShare_573ed7817481eb1b10b00b0f3b50f5a3,0.059607722,0,0.0
VirusShare_53e536bdf7c76b5759e7600d23812029,0.25371948,0,0.0
VirusShare_73a8ca83c2c9cc400bca4efb2e83ecbf,0.3461635,0,0.0
VirusShare_18c13933b223544d26858d12017d0ad2,0.10655315,0,0.0
VirusShare_eea58f63a03b4e51188f0b00fcb31a1e,0.25371948,0,0.0
VirusShare_7231b317a2d45a80c72821397fdf2e5c,0.10655315,0,0.0
VirusShare_51a4b45894fdf136a54a2214eaa6f4c4,0.10655315,0,0.0
VirusShare_d9df593d00a1aea226800479b40180b5,0.10655315,0,0.0
VirusShare_e4e365664a4ee0114379c1831906f852,0.34344298,0,0.0
VirusShare_a3d426c878e305d6dc47f92235286a6e,0.04018457,0,0.0
VirusShare_40ca204e10de27f46b831cad155f22f4,0.34344298,0,0.0
VirusShare_e874f05916b892f076c1489c0f74dfc3,0.17648408,0,0.0
VirusShare_f88cd1deff0f02b174db5bf2505052b4,0.04018457,0,0.0
VirusShare_f6e046b592fe38a524fb29d6686d40e3,0.24444588,0,0.0
VirusShare_0322ed0304dc2c2cf4eb6beac9f1d573,0.047891222,0,0.0
VirusShare_47a5f194d2435a4ca880cd1b155800be,0.6513821,1,0.0
VirusShare_eadf89b23bcc7beb4e79f021f760d961,0.081083395,0,0.0
VirusShare_ccd0b12a930a82f5f75955873c0c984b,0.09119268,0,0.0
VirusShare_08f4153d27d00a1522ffc31d08659a13,0.04018457,0,0.0
VirusShare_529c207f964880ee7401271232720a30,0.44734782,0,0.0
VirusShare_e597071b482a023fb34cf63a24bbd296,0.04156602,0,0.0
VirusShare_fa035c72749a3846321869895f0025f7,0.10655315,0,0.0
VirusShare_7f97ee4d670141f1c37cbcc3308ab068,0.34751672,0,0.0
VirusShare_aefba8dc9e0802485b8290fed923fd75,0.10655315,0,0.0
VirusShare_5c1f8e0aa2fb0119c8e514b6dc10afbe,0.20480756,0,0.0
VirusShare_74716758ab6153e82e895170c2efd454,0.07927997,0,0.0
VirusShare_06b3ee64d4cf96027c0de7470c25c0bc,0.12117152,0,0.0
VirusShare_0081249fbf3dbd5881d3ab13c34ee236,0.10655315,0,0.0
VirusShare_68abb0964a68def5aeac937749f2daa5,0.022968244,0,0.0
VirusShare_5370f8ad4279923775037035dc315e13,0.10655315,0,0.0
VirusShare_a9cb74c4f32ebc242e492e72796dc2e1,0.10655315,0,0.0
VirusShare_2ee45a812229860834ae525b62b63d68,0.25371948,0,0.0
VirusShare_dd00b078936bd89d27f9cd8d7bce4601,0.041524313,0,0.0
VirusShare_b7e9ffea69476bb86e9ce23d6e19441a,0.10655315,0,0.0
VirusShare_e7c2c55abfbeeb048eec6b65f0529e24,0.04018457,0,0.0
VirusShare_82a3cf17f39f8c112679b0399cd1cb7f,0.10655315,0,0.0
VirusShare_36a12733578f0b8ef9a4627d0e42a904,0.06943027,0,0.0
VirusShare_eb9f75cfe06abeed9da363d0d3951dd5,0.05002738,0,0.0
VirusShare_b6ae7ceda91b36d9f3ec8b794ca9c5cb,0.10655315,0,0.0
VirusShare_9b95bb0b0678ab851610c78926cb8652,0.10655315,0,0.0
VirusShare_c74204ff41091e244295ba2fb86ad3e8,0.10655315,0,0.0
VirusShare_8d0b844139d893ca14a7c61fa09fd024,0.10655315,0,0.0
VirusShare_34f12f0c4804078970ee9dede46ecdd0,0.3532079,0,0.0
VirusShare_ad6c0a4dce12e0e2d8122226d26a99d0,0.10655315,0,0.0
VirusShare_c6c1a767eb8d905be9340ac5b0e0fd02,0.2280517,0,0.0
VirusShare_dd5c214545ad857e8b6841e3e503a76b,0.10655315,0,0.0
VirusShare_a84ff46684fe56ebbc7918ec45264f28,0.04018457,0,0.0
VirusShare_f4134ed8bd623ba69f9a52de802ff5ea,0.10655315,0,0.0
VirusShare_99457b4ac376db2065b7418a9edbd722,0.04018457,0,0.0
VirusShare_a514007c90060030617b0659453a1e78,0.19313155,0,0.0
VirusShare_354728f66d03e7d033f5ac29a040182f,0.3107702,0,0.0
VirusShare_8a5a34f13a1b236250878a3ed0c46d84,0.10655315,0,0.0
VirusShare_7a0a2ca3a8950adf98b474af96226159,0.25371948,0,0.0
VirusShare_8864933bf159b5bcdd078634c7b68215,0.10655315,0,0.0
VirusShare_485348264b3da08dbe6d960023c4b413,0.6587101,1,0.0
VirusShare_d41a0eccfbab5ef1e9b657d445573461,0.10655315,0,0.0
VirusShare_661c1bfa6855d6f66c8c665f9adb275b,0.041459613,0,0.0
VirusShare_2cd9214c5d2bbfba55c44b6bd609b913,0.081083395,0,0.0
VirusShare_7c5c9279d411483af6e3e079bcc6ecd8,0.10655315,0,0.0
VirusShare_120aad43646e1b92819aa2f8f72adc47,0.04018457,0,0.0
VirusShare_35a775679e2a471957ff50618e15971a,0.3410498,0,0.0
VirusShare_b7ab56363943280bc6fdf6b460bd17cb,0.10655315,0,0.0
VirusShare_5871dceb8222f80c33d8af3547d1440b,0.04018457,0,0.0
VirusShare_a7ca6fee2990e51eba7d85c223000c89,0.21498628,0,0.0
VirusShare_4163b96f7021ec0f14fc2114345e1a3a,0.35021737,0,0.0
VirusShare_21ab7f8f2c853fa86d949b561caf5f2c,0.11164284,0,0.0
VirusShare_311fa604455f9680d39fe3a21905524d,0.10655315,0,0.0
VirusShare_dfeda8beb070a9f2b32ff87b5065c086,0.04018457,0,0.0
VirusShare_614eaf33a771191f408a0a29109b99b2,0.045729347,0,0.0
VirusShare_aefaec88b04c97f2e10ec56b400d634e,0.30918795,0,0.0
VirusShare_d455455b15d84327e0ead40a6fb6f531,0.09119268,0,0.0
VirusShare_65cc3e63e6d3f3e1b570452db1e5ef62,0.04018457,0,0.0
VirusShare_b316ffcae220ac80daa5c7ead9b9d150,0.38843384,0,0.0
VirusShare_4b3df0256f0b21ca5416d427249d0b49,0.25371948,0,0.0
VirusShare_efe31dcdc00a969f1c21e2f8b37c1fcf,0.34526628,0,0.0
VirusShare_af3083aa22ff110c21b409e4bb5bc8bc,0.16950276,0,0.0
VirusShare_6d66d82ef2d6289c098840df1f99fe69,0.3124339,0,0.0
VirusShare_36ff85004857621102ff97c7008fc4d2,0.09119268,0,0.0
VirusShare_078d8415eabb519da379e749f63a5948,0.10655315,0,0.0
VirusShare_5a4a382e6b7959da532c691dfaaf8724,0.10655315,0,0.0
VirusShare_d6c777357371f7db174e33b45439c414,0.10655315,0,0.0
VirusShare_27c766c5e046ea780524bc2cf0fbb902,0.10655315,0,0.0
VirusShare_f246ad2ac5b54c4bd6c394ec35a7b76f,0.25371948,0,0.0
VirusShare_85b010ca71a581c5d3a36620d685cc2f,0.10655315,0,0.0
VirusShare_bcbf6cfdefcda012f416fd421006749e,0.059607722,0,0.0
VirusShare_8d08a385e2f490f4c5024d6d886ced78,0.07231678,0,0.0
VirusShare_9036598ded99fda6dd1bbf6b5384e883,0.10655315,0,0.0
VirusShare_abaa3f201b7d1c72d35a086ebfb5f92b,0.10655315,0,0.0
VirusShare_ad21d58c2321d7b513b3af6111781003,0.04878755,0,0.0
VirusShare_fd03de6f3e0a5dbe4811abfdcf32017d,0.10655315,0,0.0
VirusShare_75d1d2febfea8201e6aca709902310ab,0.10655315,0,0.0
VirusShare_daabee95d9e526b9627810f884065f51,0.23828444,0,0.0
VirusShare_267a851fcd80eb506ebe72c40c35ac7f,0.10655315,0,0.0
VirusShare_16377c04998dd20e378234e972a32782,0.18499793,0,0.0
VirusShare_0c956c1be1afd33bd86202d610a3cbd6,0.17016128,0,0.0
VirusShare_c59faa06b317a77c5ed0d1f3e8d663be,0.10655315,0,0.0
VirusShare_4ea1f81e0a1daa559839cce789010cab,0.30387726,0,0.0
VirusShare_94e741aad7e677469c0b6eda93d1fbe7,0.10655315,0,0.0
VirusShare_f39bfe0109d690d2b4408190c4b18b72,0.08517192,0,0.0
VirusShare_f100d3acc7da37975762ff1c4102a66d,0.10655315,0,0.0
VirusShare_0b1782734d993b06195ee6bd67ce4d9c,0.10655315,0,0.0
VirusShare_13e8d53849e1bac9f69f4c6caac7e138,0.3402883,0,0.0
VirusShare_8a8990b401cee3bd44cf52357d65a6c3,0.04018457,0,0.0
VirusShare_259e3402569566dd0221c0e53eb7830b,0.3438413,0,0.0
VirusShare_1bbdac9588961aa6de2b9d1264185272,0.34526628,0,0.0
VirusShare_612411b3e394b0ad42d47dff858618d2,0.16740933,0,0.0
VirusShare_e6d9736edfc2ebd8be0081a0e99c06fc,0.10655315,0,0.0
VirusShare_a7ebe8b8767f632be3a68b15b6e4a6c6,0.08517192,0,0.0
VirusShare_d7475ba71e3c2fd85cd4226a9a49b77a,0.10655315,0,0.0
VirusShare_97fe23c50bd188bfa5a1c2b703ed8898,0.10655315,0,0.0
VirusShare_32378ef8065ee9871315f46f2bea6ce4,0.3278864,0,0.0
VirusShare_ed3b6dc36bbd35ab5ee26ab1284685d8,0.05481004,0,0.0
VirusShare_a15c533f00c20fea6fb27e0ab0553bfc,0.10655315,0,0.0
VirusShare_f306be86e032f72f7e52e6bfbcb77ffe,0.55316246,1,0.0
VirusShare_6dd6e6547f490e1fb4977863ba81b689,0.10655315,0,0.0
VirusShare_bc61f86f1aabb625273f42589906d0a7,0.24444588,0,0.0
VirusShare_e0a747ecc0729b98e4b73550cd4328f3,0.34526628,0,0.0
VirusShare_167f1e1d9bdb562ac581911737939f81,0.10655315,0,0.0
VirusShare_75a107c32af9a76878ad69c8a7a98e4c,0.10655315,0,0.0
VirusShare_627affc8bdb5b8e18974f2a47bf7dff2,0.04018457,0,0.0
VirusShare_4dcc2c6e11c21ef6726254581d898401,0.10655315,0,0.0
VirusShare_00bb90d261c3c473795c4f89968c57f1,0.08505721,0,0.0
VirusShare_54d7ebf1475ccdaade3ccea3b40c1b98,0.052779954,0,0.0
VirusShare_a2e1ce1526e82ccf7575f583d22dbcad,0.10655315,0,0.0
VirusShare_d769d436e1343edad932e38ff14bcbaa,0.16892257,0,0.0
VirusShare_57097c405ee1d22a27ea41cf4ddc438a,0.1877389,0,0.0
VirusShare_687e839eefe507c5922801b6d0560844,0.10655315,0,0.0
VirusShare_8e3137d68f277c9f75a0f11bbe94902d,0.10655315,0,0.0
VirusShare_a73335f46f9e4f04fcccf95d1b207942,0.081083395,0,0.0
VirusShare_f15c8b7bacf2d3cb50d049970caffc09,0.10655315,0,0.0
VirusShare_9c5fd3d74a4e53d5e2bfa862af2505f2,0.059142463,0,0.0
VirusShare_58a47a9f3b5ac836d60503c13fccedda,0.08104994,0,0.0
VirusShare_19f3dc3d1eba05e0e3e6657e2c62f5fc,0.34526628,0,0.0
VirusShare_a680a856b88be0f2835b111878f5b2a1,0.040184595,0,0.0
VirusShare_499b76d21cab183fc907874dbd3a6db4,0.25371948,0,0.0
VirusShare_76dd87104e32da782d7c68c2661ca76a,0.10655314,0,0.0
VirusShare_0a4cdb3cd8b0bee9250c5dd8b07977ea,0.05850954,0,0.0
VirusShare_e1bcc0b4b36945bc648a3d53ef0dadcf,0.24403496,0,0.0
VirusShare_a2b0fb5b67b4e5ef10973c990fe1c70c,0.10655314,0,0.0
VirusShare_c238436fdf3603ca53367595646315fb,0.4105336,0,0.0
VirusShare_59af7aefb23e6e373c41ab056ae9e189,0.32160264,0,0.0
VirusShare_ad3e5517fbfd58c635b4bdaf18cb51e1,0.051276244,0,0.0
VirusShare_90c9c23b1cf77ca4b118774254b61d0c,0.040184595,0,0.0
VirusShare_8c2f0aac68b8b40f7104d84a981c624c,0.10655314,0,0.0
VirusShare_6369736ccd90b30301d04c6f7f1fbbf0,0.10655314,0,0.0
VirusShare_6a77226242a75eb59fadf60556335905,0.10655314,0,0.0
VirusShare_062965119e4ca77c242550c3cb61fa95,0.30387723,0,0.0
VirusShare_a9a8a0bfa82c6f4ffc713f675beae20c,0.067760065,0,0.0
VirusShare_4cece265b6d53b0d3d62ee09de8d8c90,0.10655314,0,0.0
