filename,confidence
f8eb50951d6bf9008a4c6398d963f592,0.04489065
70da1333415e2919685eb1fff18abe1d,0.08627637
2dbec226917df2af059f36a5262a9606,0.08064996
bb7ba3b262dbcfa3cddbab66d9e512a5,0.036958754
4060d12b40a0934386558405f4c389c8,0.011397816
9a79d2b9c0d52c1013372a429c1415f0,0.5967887
6054bf715ffc7c57e9f8efaecba4d082,0.33764032
86adaec500c7a225171dfe860f7af58f,0.00065012806
7ca50ce014f9e0bebb7298b72267607e,0.20754294
9259673842d8a8a2c8ab53042e9dea6d,2.460003e-05
6add9ba216222443db4303d58e186971,0.19735138
2c6f8f830d7641850961d2cd6decaf9e,0.20754158
740245db350b7d7809cb651707027b15,0.19832379
c793f55cb7fa6ac11eebc931cdc679ec,0.19832608
2cb822977f63f06bf226ee024b4ea946,0.037876736
b89bfe8932b49a12abed86fc6c505b5b,0.05029515
82252723b60a10e174dd08969e0524ca,0.99557
d5bb90bdc46a698e3a234a32efaf1fe4,0.32225424
0aac06ac5f9399fc2816591f4ec0a772,0.068258576
288ce98e7b69d2d9784c963916de03c7,0.5596228
744e0233c262ec3f60abfb778b2076cf,0.057854217
cff8373f8854fe68fa2772287c41e822,0.19733219
752f210ac95f19212833f953b3c73965,0.0003111107
82c5b56792986b454006610eb9da1c9a,0.99970037
9fbbed1c92b60b7bf26e7922d3c509fa,0.034819003
2d4a0e1a35ec629cbd8d22dadb09292d,0.004535511
381e33f11b057a9639e0cd945b2a1a9a,0.05009981
69d679989afa168fabacef89ff97cc5c,0.2416048
2f7d699e14e66d80a0571c356f9e8929,0.24004734
95c79b6eefdf0af89b6be4ae50365cf8,0.2128985
b513e57dcbf2b1af98fc1dee02f45a11,0.13827038
1429d0aa3586507e63c0fc2f6ae1d376,7.395872e-05
e0b276b8b23fe3e56a84ab235bdb1966,2.1343215e-08
fd4d58f87a0ca74190ddc5f5844387bf,0.9960138
a16f97ec62040e02bba7e623b7dc69cb,0.011636959
2f196dc89d156729b3934c158a36382a,0.012012949
bf0d00ba1be06a06317403c1a865de06,0.9787054
2b10a679e0cf85ea2311c926bc4ff19a,0.01617094
7b8c3b1f36ab2539e0ef7e77bafd9e29,0.42524505
b8376c7d8f4bc167c95b20a3cd021cbc,0.13125707
1a8df6be2f42adf50a0d14ff5b556b8e,0.42924556
8bd21fb0193c06245ba02c6d160c2538,0.034910847
ff9704e08630d41ed59c7ab77208bf1e,0.0349013
12a741f392740a0528898af3bedb1f52,0.08688258
88b278956d5d38584ec964e22755a105,0.034202106
cb94738eab84e6bfb7aa71fa25716fe4,0.98486185
510d84b9bd7c294e7f94e2a907c67651,0.34041432
220a8d6a11181c3de6c2f2af45b6be57,0.16386355
cb9a21f2e51bf90fcbd7a4f89e340da0,0.4179632
7e0ddb11bfc10f84dd440c4e76527232,0.00052841427
f621a9c15a1eb5e567a0ef5cbc8923e0,0.026123548
a5f2e46179e1f2f0789b857cadcf7999,0.004218739
69964bc1fd452d6ca92fccea6a1fed45,0.002381685
7736e1c69ef1936f13af07ab30fabe88,0.00015259106
23513fca98cb2e9a6938b09e60344ed3,6.195778e-08
1b58e1fcafe61cf719b3e4ef2f6f4090,0.023800451
f653b18ee49dd011668f58ca723e6afb,0.06216831
1137ef97a374b5089c89e723b525a651,0.1842724
6f59b335a63d5ab934c040107cb78f06,0.0002950178
c1beaee4efaaa06970463f906dd90f63,0.012671428
a3239f5684b966cf074d536e5af5719f,0.063117065
6d8446765922c33175b894422b096590,0.17305565
73f199c63a4865ea7d0c92d3863e8735,0.9999402
0da6d51160b86de0a1e2a104d6a71407,0.71064055
cb6f7d2ef47a2d78c49d8b7c9bf27566,0.22188115
5465af5ed7808c6acd7f639e68f9bca2,0.034317587
f2c8b348f52a21a869578a39e9aecb89,0.20053303
3b4f4873ced59355387604f62baa9b4b,0.2958056
942ec4ae11564742888759da1dec71b5,0.12291734
1687561e70dbefe073a0aa41e96cbd90,4.129909e-05
b8dbd3dec3625afdac939b38f5095ded,0.01155176
6e21a52c02c0dfe241e30677019177e3,0.00039238398
2bd0d54463ae5c720e9755836605a004,0.0025535997
295d611c9a2178a89fea93f177e92701,0.0023801834
d45cf3f4e149bed294723dd1c636ad68,0.03708465
94ec2121ce2c9c98fdf2543d6fc6f3c1,0.554984
b37beb7935443fa55240fdd490a7935d,0.0064642243
308c521d2df7a304cf20f6d4aa3d0c53,0.0011720043
b6a6d3b563ee13382138b8b8bc8cb86e,0.011579441
859f8d4b988ea52a713474be6841e755,1.6227952e-05
277fd8554d0e17ae0efcc6cf0503c358,0.008530756
27d2c8903a9ccad29b973eb9fb191356,0.07192499
43e2c392a6007e927c91c8e7fbfaaa3d,0.1946939
c43a25384869be886f76c3cd48a8807b,0.37414557
8c73ad2b99cc94e65bbbd2f27ffc06f4,3.2369152e-07
ca25d0141cc9f970b141ac32ba7cf04f,0.915322
c887f8b12bb9e825da0d5afa68d614b1,0.99953365
3869df48d56d891bff1e6137b88a3923,0.00086314155
c3eb8549f8ff2004f1db2500ff026054,0.32080305
a84c290ae00372dfca385ef603999a6c,0.12201102
a69a8aef298d164a4cf17523f9652438,0.1796925
50e83c5437ea357e784df7dac61d35c1,0.0023897935
fcea9ccec9a858e22e97b3f570a2ab8f,0.832909
5a6a93db32c2807ff74dfc51cdb860da,0.015898598
9bd90bd7e4b1d08833a56efe8080b65e,0.19832924
46f75d41f77b17c5388b073137ae359a,0.207472
7ecc4316a78e65334dff77d92083a35a,0.03950858
98ca17e0509eb0df7701affa76c82757,0.11311036
f9574456e103939e1ccf985094ce9f52,0.0046091154
a8edc2111d084999f24d7c2fefe8b13e,0.12171415
803c3e8e19abd8b1b4bee8c4700422e3,0.007877726
6db3d3306af9abe6651f5985ba1688b3,3.505515e-07
0938f53699a751a1305619fa7ae62259,0.0038300357
f4938c5422317cc0e639438183f48cf2,0.0074239536
8a56b489edb93b6c573fb6fabbf98e27,1.8451934e-06
fc66a2e3e3649241cdcfd2e716cf3311,0.19734184
4131f888529dbdb0b6e904fb117119b9,0.57535803
6f79df802180bb8a9d33ca93e4602958,4.863457e-08
ee7eef0585868dbe923cbb7f5bab8f8e,0.9997034
54712c953385d04e02762d2d22c0f6cb,0.014482966
7b29b138b5062afb0a89df6da927778c,0.19834426
cf45389b62d0001ec494b81f864c4af2,0.9823985
546f7e39609f08416708e9c62c260d47,2.6879839e-06
d1086a0b6f3ffeb70646d060eae3cbba,0.06058532
c8c03ff7d31a220600352b2bd8699b95,0.027938932
4e0b881a89d7c430021fa5e051b3e38f,0.047832526
a1c8524396c4118695a1ae3b04de0acf,0.04445813
5ac032a2327260e4c1193d858c8b75ed,0.34959093
14b02509f2ba30cfcc078432ed84cea9,0.302809
47088f7868a0fb1bd4029ff38e5829cf,0.039153226
8d2b44f8e81403791267b211b2716c85,0.0076341117
8b29d76c0da49a1090f5ed0ac94ab29a,0.59156436
58e77f9c15b0a79fc49cbb949c379a95,0.04254586
e1f25cab17891890e0873fcb6a295177,0.64001954
271285de1fe6428c7e67b88b78e6171a,0.98409575
c9cb62a9de9a6acdb014b6b766702898,0.2875321
f741af6762693b331e50d00f4a88e39f,0.9046276
ac5ddcab9b006bbfff246d24efd485c0,0.20744994
8c3587c5a010a9fc0012d1b65bc2d87d,0.04052581
d51b76520578c8da5b94b8c6ddf8ddaa,0.09235722
a757ffe94cd7d4b29201bd2125e166d2,0.012117994
56d5cde8c397807590d0912c85d20413,0.049062464
8680ada040b3a43b8a9e6444ff299917,0.028214658
c3cf6eaa803d4976ace934505c4c6da5,0.2295826
5256ce0ef7e30107f9f1a4e580e2ae29,0.7114333
abb6094084e9faadb009befa32454da2,0.05413244
e275365c0a8684b5dce1b5b626cb8649,0.5019789
2205c41776781ab3d28b191f8187f0c9,0.22962122
e2f48b0363ef74fac704fdda6b7f0937,0.36227375
b43a0689266f2b064c98a1481a7328ca,0.19733271
3762fe1299996d2afd997250aac5ef03,3.8839404e-15
6b7d5d4f5a2d2047601b1e02acb2b156,0.13318558
e95cb7e336f6468b71125bf6d8ad7004,0.19048056
ae436ea6a149ccb781ecb4f3929c7866,0.99974954
9e1761351265413258b4fbf296588f5e,0.38320655
c608ca19a6f98fe7b4c3a357b397f67b,0.19734892
03b511722774e604556932cb76a106de,0.00018094134
1fa4578f240359697072b5019dc2163d,2.5192488e-08
85a11d22d9c44c6d62c1681242cd7c1c,0.1157309
96f3bcfb9275527de1b8a1d31f4d5f74,0.19734463
dfc49fc9fef1e0e3b9f23b53a2fdad75,0.037301105
202d5157af744a39a09c25c1b94df7cf,0.00033358674
2cfc9e29982c0dc8a6d20ea54c88461d,0.027946582
7f0eca3a3362b39b07d8dbf5d5e746ee,0.999684
21dbe4b38678377be0363f54e3d8048d,0.19832946
22aae51c64fcf1145e96c4dbabf78a71,0.98456556
04442281295e7a32a4f030073ad376ee,0.046300072
900de89b8b893997dca9f009394f51a2,0.8076337
f1537f752cbf030d4fe6e0008f9db470,0.00077558437
6bb4d6cc82cd3f2e0d0a834b6945243e,0.22250466
539ed5163a71dd9acf446a6bc2d6c84d,0.4579009
291f586562b2343620fe6608fdb133da,0.4769005
e0dbe03d18f94dd0a0a9292698ff7a96,0.2680137
b7a0deea93e382bb03acf9eeb9f07e43,0.19734152
ea1ea43ca3c9c8aecdea9a0ed778b6da,0.19833155
dec2adec204e26ee05a0da515bd38a5e,0.0011092857
295545043f3789b79ded73d1dcf9ea47,0.89018136
fb6e7972fb531c26f28ea36d32b7fe1a,0.19734153
4d5fb8f8901022d6c2579638ea157ade,0.4675582
95bca9b336ec175235974eb5bcf52889,0.2074605
c4750aa42571175b682a7af7234fa1ef,2.8299594e-11
129bfdb8a5514054c195ce6673f32ac0,0.00030555943
2224a4f60a4df8ce780731b754a36fd1,0.9013032
e3487c4ac3a8d4b069e557e8ef1c4858,0.38027927
d28016f1314390c3472db9a375236fbe,0.9996298
7403930bd1de3f1a4498c70d3877e3ca,0.00044369343
a35f8f2140da3a5521f9a280648cb299,0.029754614
eeab96f872609f53e0e93558bb633167,0.04696511
6abc5bac5f8d4e8e12f199bd7eadce92,3.9358497e-08
c229d0f8a19e154e134b58b4f0408138,0.19832753
61f872fa0e8d830544c9e865fbc650f7,0.19832227
6545e1f560a040025bc5c56140da604d,0.9814745
059b64ebad7cb34ff5a8663010753535,0.20745249
c4f5aa3d2e6b20dd302c181840345910,0.04198608
ebf502b8fb624ed144f10f245b9aacb2,0.19833574
b352f3ff0ceac7c055a242d1317c56b5,0.032565452
245d7e9ccdbbe65e888811e900a196d3,0.028187508
68a6aed586df69c47e75f98ce9767a99,0.09237776
f7e727ca01a5a32c3e08395a62617bc2,0.0021856418
d74c458e6914c2dd4bf41481140cb64f,0.0076185204
2d9153d2092182c9eee9b44b7aacfa18,0.4872856
ea4d33c5b7b17a311216800df4cb432e,0.20755276
6008ac13913aa97791bc3ab84e1fe2e5,0.004229757
ae964afbdd3d7cb25a39ca002657153b,0.003250034
dfa2dfd39e0205a936a8704bde6e7a56,0.04230172
38e1bcaf6cc24403f514ce7d265159fd,0.2074656
724e17c9f597459b5eea4f69b1ef7c3e,4.0264716e-08
92915f016e4c35d7c29cbc2e50794d20,0.037131198
5d8356beed1fa31482e795937800c80c,0.037161786
ce60c8f390a1beaa00fea036ea0302d1,0.19830796
e16302e67556a6b2b007aa140eefbe5a,1.2813531e-12
c33b90be828ce4e2ec9ee51faffa35be,0.0022381027
434edd4b2f5b085a1063fd44be2645a9,4.3496136e-08
64bb6f0a2d7728806bb7519354253835,0.028580556
2beef3c9d65d749c4c0f6a67064cf8bc,0.002717017
6a4346371f9cc02a2bd4b0495db66f83,5.8199344e-06
79508abce82bb328e560a3aa05db2147,0.02791394
1f759f9d9a13ecc7f6c028213620e867,0.01267864
736869ba7f86d139c520304e5596e8d3,0.19734031
9f17a03fd72c5200ac6a6aed8ccf363b,0.11291002
c1e1b8b7fc44e82961f699b3c2a4da3f,0.004545898
b8ff72203ae8d2dae94d1cee40589b53,0.0535719
0a50f06c583b31b7c8ce2b97e1cb0de3,0.9997805
df5bed87830e89e118e0cb777addbc12,0.19833054
80a5f4200e9cdb17e859b957913e6337,0.01166764
411178fe1db915b2d7a3f1b0c0a4fbcc,5.2052645e-05
7e0528c468de5e4a4724bbc03c388912,0.9962405
be36e56322e76f6bb6c2a60abd04a26e,0.0224292
16835dbd0b530d77ed223e2bcb24c4e7,0.014320748
fd4fd47ab87d28c711bbe0e9dd37ee8a,0.6454722
12b897c22788e3d7d18b48a28044adb2,0.30213553
0d0405e316cfa3299b765403f225337a,0.19733097
4ab979089c41766242fa6ff017378b12,0.78207606
0fee087e0cb17a8e1547d09d6380505e,0.034325313
a9f7d5334a9caf1b6c7fcde8127f7f4a,0.012042273
dce506b642fa3628705e9e607f721ba1,0.5441042
e6c0e9f0ecd0095e110207388a68009b,0.0006835306
cb080879a3eaae1a8a4e4356608f646e,0.039196216
84eb1d76ff7ca29803ef1e2e7ec4b934,0.19834092
3bfefd77da59da1eaa348c64b2c9ce9f,0.98068017
7e17046bf76df10c2dd03c8a53183564,0.20066309
85a04d5989aa39a7793501a95d1b769e,0.19735077
190fee290c164de429d5ab66b6007cf8,0.33600888
f2ab7c498d867d9eaa09b0543d8882fa,5.279087e-14
490edb8102e5c4505bf8d88ebe91c985,0.028975582
3f59803d76d13e68ce3a1820f827bbd3,0.20430975
bfb8e54f7247436c3c7489583f499f0e,0.045106906
c414fe0c98058c460c1812a699aaa685,0.070426606
99574989f3a73b927860e0302c5a86f1,0.2063658
fc667cab08133ef6c3815d09a04eb435,4.032381e-08
97ae4211e14a7961953a1c0c124bdee1,0.29528394
a0c58937e12526d8a9b770fd23aad967,0.99943763
24c267d4c4487926a825ca5ab72fa027,0.10392463
05555e1c013b6d3ef6ce00e0c5175611,2.3073766e-05
98db2419b083a8d6f2cbbc4637a5d119,0.1983354
4bf25a05468ea675929f14cc93c52b62,0.85874796
cc805ca2cbd0419911958443447ce849,0.16085504
14cb6d69f74dfa1774100f41e67e757a,0.07347392
1e1d404171491a3c32e513eac7a42cc0,1.9658782e-07
1480779bee8d157d5ee7e915e9f4dafc,0.04472404
30ccf19efb6461c8bd5fc953971c1843,0.61620533
89ac2f981af4d40679d7e098cd1acb44,0.70294344
66a272c23a105887ffdd6a7e7041b319,0.03908979
1a74aa77412a005a35c079f149728652,0.0005280292
eea2ed53aed31947a0553ff91e3ccbd1,0.47758326
5f3f8670f816d67af0eac4fc2f4cea4e,0.009485194
e513af3650f5c99aef71f3d93acb9d19,0.040915344
302a0cd500587b9f0c6d0780f362824e,0.999605
19c5ad83c8f9939c00e7602254579974,0.0016629186
422272d4fc58bf6eb915ae6075980b59,0.027139027
c71f6a5b564863ad2164310b8429e07b,0.03153523
349cb6c9a5511fd649f0b6d8cdd007fc,0.0057047703
892d965c5becbfd2630544692651499c,5.768988e-06
29f63e2ca6cfe239f711a99fe51fd23c,0.048215497
3eb4c2b0114a17705a2c2df27262c824,0.016369889
2aa351528ea9e47b0e3c21a4377001f6,0.33767736
eed5290fd1dd6179ebb3011b673cd063,0.98372364
2b241d9c6b1d7a602da26e40fee2cb37,0.011651246
553b4d54bdbce6e4b4396e0f0baaa60f,0.9968077
73bab8ee283fbec4b27d3c8e17ee42d8,0.027938211
beed4e13d0e57c6775e2aedb9a4e4bcf,0.3882391
424e05f4c96f2cef65e2862b9065a971,4.5981103e-08
c2cde4c126a8c235cd6ebfb71758ce64,0.08784304
e0a79cc74ab0b4901cd4f75b4fe296c2,5.3705275e-08
d7202d08f54baf0fccfa4406a4e9e4cb,3.88286e-08
773f811c3ab2af641323826be84e15c5,0.1973384
0c95e02ac68bca381e9e6dec1bdb1d8d,0.25832996
745e29fd01c6370334e43fb130ead1fb,0.011542169
c9dc6e81f82aaad106dd47ffd3deb734,0.30587122
32155a218f0a0e808046988170f7d5b3,0.1973292
98056812b02e54bcb3016037ef4ae34b,2.54755e-05
401ddbba1f6c076b0612efaace9c87e2,0.037781984
4c6176de6e9f07971c2c220a4393de6b,0.022940053
339a4f22b3a2789b94331226d986245b,6.787609e-08
51f81003f4760f93473a4ca4134060f5,0.047693554
611ee9c986962f2225d341e7e9c26409,4.108598e-08
235467407a1d610d53770c3e903ca3db,0.0023884333
51156660cde6cc1c4bb5454144a3e8b9,0.14399321
dcb47525f791f788f7b872f0172da169,0.5665276
0f3d83c904d1c069901eebc7510b0651,0.3459092
a1649e20c151809b5d7fb043909bed0f,0.37025088
e5a50c78e904e06a75114c87a5313782,0.22953252
bba75d97e364e332d0f59e0287f62eba,0.00746165
216607110148d0f80e499f6ed3136b2d,0.20745587
3dc396d0d929a8feb2e1eb8b25c8c8ae,2.477047e-05
ed71b560d9c242ecba5e027440e0d1b9,0.004620157
edc52ce5214e1b43c0f11da5d56f8c23,5.254238e-08
871a1928cedda1fa577451c4d3c68144,0.0025722138
ecd34a2284c5a55318113fe314b181cc,0.15166824
45ebd1af143ce3501d141376b971e2c9,0.0015301113
b01605dbf7a018f9dad793d4826a3c34,0.2786507
9acb5210534bd08e869a01369f752f72,0.022714177
2a4c9b3c19bebe24b8906b9929b6f17d,0.13980296
f5fc68472a8003f6dadc1c613d92f50d,5.9164886e-08
c2c3334954574516dcf685a562581737,5.7337497e-06
df6e1507f12302374f7af4f2c0e91f3e,0.030011367
81ca4619b2490d56f21676ef7b5dea1b,0.49602118
9e6ca5c2ee3a0f881ab574eb18b36932,0.009771544
ea2d37bbd701a7470eab9abf086d0e5c,0.19733818
09c1583250a9d3fb31284365ac1d3d04,2.3799494e-08
5907128dc1700d14068dee91f87d5fec,0.0009377813
71d68a9303e467473ec1ed09aa5e1f69,0.07980111
a82cdc04e779d420dc7c0e65116ab281,0.19734518
70649eedd0a72fe789d0e0a7a0a5c95f,0.2729774
89aa8308449e1e0dc78f17284de53feb,0.042630013
866ed8360353b0a20f16618c16d60b16,0.40341717
791ac781eb8d2a2d0e7ff64614ea9872,0.67246264
bae86f10635271ce1412ee715375884d,0.23681065
7b186de7d6c5770aff3993975c4a26ff,0.16892546
3a91316b87a09c7daa216df9eea2380c,0.1536167
ef8ae8fdd417c34e971b6d178baa1e1e,0.036824174
647586b94522d2b77e02f1712eecf992,0.25573736
bb46aba69e78aaccc8aaab3ecbd80bc7,0.28272802
4500ecdc8b6c8f891497bc4bf8298662,0.2798925
f81f110b84a92d61cbcbb257cef629a4,0.007490784
bb59a7680a2c3b79e70e05d25be2cf8a,0.19734125
6648579306e3a0997477be6795907eaf,0.037222434
7845763ba0b8e25343f3aae77eadc30f,0.032528844
e464218ac22202be3b93aee8fef3e8b4,5.735685e-07
713f415b7b70b951133d383ed10907e1,0.53680795
43c5896c004991e5527bd31394373def,0.042181693
17243b5146ff0e8c6dfe0f274d8bd03f,0.2074711
b6cc6051e0e2b1ee3c149ee3c64397b5,0.007481966
7249d53ac29a6ed7b745bf8ebb6c8aea,0.007399205
ba00849f6d807c839b30ad1fc7cb43db,0.0076517537
21d548902e29e4ec674a0b6d26005687,0.03463394
94e19bf65fe930723cf8876eca9c90bc,0.11177174
bca88f7f67ed9dfb3a7e53056e48c773,3.4912767e-07
1bdd2835a6527db23fa544f47bc96f07,4.736064e-08
cd172aeeb8d1f3a99bfd67076fef14a4,0.20371504
3a2489e9fd623b4fc64067481fb3f110,0.027446335
0237d64ba4bfbdcc8252317267200d79,0.049426854
e8189568094ac33650feb938feaa05cb,0.035747275
68d0e823219effead96de96c7f7a4c37,0.0011685981
42dd3c790e5b0cb6d669696884261b51,0.82291746
c31734503113a647b32ec4d35ceb8918,0.0006849005
6d615a6ead075946c165bdbf035a3701,0.048871055
d7a2cae86a0a6cc7a495ea337baa6b35,0.9996336
606aad41c8a18caace1b7c4b82ddf6d9,0.2328879
7a53cd5f5ab51bb500778143f72caa5f,0.19515061
da17760bd65ecb0510210e55baa69216,0.17651393
cd9bf561158f0a99764f0d4dde8dc695,0.015802305
a0410a3805f22205797e30c82a62271c,0.0075335465
88967a2c04833cf895e646019b4e6c5e,0.012015259
c8827fd9a35b18c7af81406feb786cab,0.002573037
b3376678cbbc5a6899af80d937a79312,0.38089612
58e1c30857eda26426a7fabc15c841a9,0.044174746
48e9e58171496001c37f6ba00191c89c,0.4102892
4ecec2b3e10e6fcbc7a36d0f1cde1168,0.0003704617
2a660eff54f280776549c97ab66b1e46,0.03911124
b7610870d087c936c3af4db01a0a245c,0.4051516
e0b7edd8f91b96f3c9161c3b3609f343,0.01204793
8f7ebc4dad33165450a9476c16287e28,0.014147
b31843a1134480db87c645aba73b3af1,0.030009737
2766e3d0619b1fa85ee6279348a2f610,0.06371325
a8a9030d23b1d63567bebc659cb85b02,2.4587502e-08
a5ea1b76faa2657f1fcc6a866c4c0e07,0.06020992
2dd942516fede7261006cf9ec28528e3,2.760881e-07
aadde3dfcf3c63a597bdf7dbb20e7174,0.007368238
36bb984cdd31a2643f12031ff0773b0f,0.38724473
808d46712dcfad077e1e73922e99936c,0.04085844
41d36cd5f661bded26972bf865777efa,0.040300533
ddf552e50a2466c3bad740e59f4f29ff,0.0079906965
30023e6bf4a39d4aa88d7e0c8909f1dd,0.0009398467
74530df0f61ea30325b14201a90362fa,0.17520516
ac6a64530424799b0a3eea734b8df658,0.13687459
91f7b5bc2aae948e3157610bdf7b82e7,0.06735634
376ba4bf84340a98b71b7c3c277fe0ff,0.044457033
0519d95f41cc181a7188209daddec64d,0.19734831
5edd26c5b9da331195c1d4b7ffc4b146,0.25690287
d49f731d8c79456532311c2618bd1bb1,0.03812645
b78c8bb78af2b1e653f89ffbe4bcad58,0.137615
ccf5c5cdc3d3297f8752ae55951ff23f,0.011612868
3b0ab41b53b467e7cab40109fd6fc433,3.971241e-08
85539457765b73fe7a7218800cb45bb0,0.98217595
8777ab5066f0c457c4aa3ce7d67c26b3,0.03283596
e74abf08d1b51c1a72a6f951ef538db2,0.043740842
21ff8171a6e7cd1d0314b60bdda4577d,0.17714949
0c484ef196c1cc48918dc90bee6fbc00,0.049349826
8e451f41e30d56b808763d526b51e1cf,0.03570218
d72539dcb7d28598217887a7d2920d4e,3.8795054e-08
f15c885cde93dfc664518f9a495bf7ea,0.012680945
8a280d0c30e21fac264ab997454c4267,2.1825562e-08
94f3c617178c20917ee593e5fa109dfb,0.8049158
bc446205e4e097d711e9db1d50b3d046,0.021941815
a23810d5171e4e7d9a802fbd49ed6278,0.23005421
f53c53e6383168ccd96f833045166afa,0.012079732
aee1b7168bb87a288e3b35535189ff07,0.2630719
3b34cb1cd572216b97801787d80a698c,0.0023865984
9fabc94860fa18b9e4410625622c8b4a,0.0427049
7b2946a9f06fb74dad2dce76241fbc28,0.007026218
0a258f0743fcae2b47239ff06673dbfb,0.8329069
c908421b82607af009436dcd2a8dfb2a,0.19734459
8194a47611cb049a34341b79c7458f9d,0.0008824301
66a9e831efe8bd930684bad2038a8645,0.22647491
2b4dda92016e250afd2d6354edf55796,0.3491137
cfa287313a9148402160153d52b96705,0.042072497
a4607040a3e3f0a97137602cd8770cb9,0.023015667
396c40a1c5aa0920976ecfe8a62b6907,6.876625e-08
fca08bc1bd792b2cfa20f67dd990118e,0.6343707
141bab824eba23b0c6603a8f8e86965c,0.012669936
be11deb2f46e12e305be66e18c303b7e,0.8307446
31ee6e3d3f60f17e366afd8eb9ace956,0.03613137
7f0e4a7d2c19a1fa09027c185ef79c68,0.28582725
01f88fd4782f7b01a601fd70d51234b2,0.18737571
b6c643520385702f6c7e46d42758d7f3,2.7423627e-07
29f72244a4eef4bf5c6de1fc4b1f696c,0.5941398
390625ea52c586af320f1faecf5e8f7c,0.029586952
7680cf755d064a8aa364bd8c9c4a4176,0.0001020676
0c3808a2e892ed19383ac96ce9e8f0e5,4.4827267e-08
a9e8b36c1a96e87bbb55c34bb45a16a6,0.030543804
5443e8ed2320a280c11ed504650745cc,0.6643339
b6bc3b79f7f926901959d3a66b9da37d,0.9847371
cb93e0ccb1b3846355169e5ebe371881,0.07985045
0befe889b31ffd80e409b9d531e9b673,0.6442092
83ddd5e299f7da2a9b5442b5903f5ced,0.19733822
48aa536115aa551f02ba25abb7db2965,0.4369018
d549967dafe39aed7844a191d05bf901,0.00085701735
697f38eceeacae63d0ad691112ac55ee,0.060623277
ccd8a1c714c8123779fdbeeae773e0ad,2.603262e-08
50a2afc4612e2cfe2be997a51f86cd12,0.012677709
b2d35affc1d01b1eedae01a7620f4015,0.15760285
497081cc5d1434524d7fb41dfb8881be,0.3086234
bef4ca0b40e321ad5acdeea575a77fb5,0.007649111
b4a2c5d50b716c94f771482d0b65a3f1,0.007510537
e0c429afe7637fbb12eabd65f0c64300,0.027926648
26f0ddbea764745c9e1cb6875f88ecdd,0.012060206
26615f9b2c859b71a69f2acd92fd7485,0.0013151555
1b1f4af63ca1a54c720a8ce2d8d4990d,0.033903573
32268bab61b7ac63a4a7f67d773c3bb4,1.4512288e-05
caff85a4160fe16c06486e8a08634b46,0.02300702
1546568f5ccc04652ad10cbd78f3f9a7,0.19833328
d4f45b5d16a6c63c7450b88fe0b2fa30,0.022995116
8828558829e13d52a8702b464b32621c,0.022342276
0cd0285df104fc0d9b785f70fd043a6f,0.0126800705
2dc313dc53755e9691089524494b5895,3.666994e-07
188a946753b1757d422b2a092c88eade,0.24373472
efd2d16e6ae93907a0b97762a01991d2,0.012672311
b389fb32ebfaebd853cdb572db351eb9,0.9960095
5fa84bf6595687709a84142def01a8ab,0.0433198
44e169547d62ee190511478ca71de851,0.0026012717
04b09949d57305cfb775d0418b9cc5f4,0.010324756
24911eb866f79e707e508d44bc1b5765,0.7411028
78d0465517c9f9ac0558c9649b1d5560,0.20315786
40c2b87e91c5172bb68b646217d16b0b,0.027941715
94f2851460a6d53e9cfd3a681e94d00c,0.08347002
2fedc89cfcc6f79a161802cff3801e9f,3.194559e-08
9d3506e67b2cb2e8147a72f51bb52a3f,0.0300177
4bc0ba82d1c6b02090c6a406394d24c3,0.51744103
43100f35fb318428104be21487ea6051,0.035382297
dee8a08842c26a123be542e06ea3a9c5,0.112766564
e0adeb46df9e8f82acf40ee828d8a45e,0.034032326
6136442c3182377aa17b389c06ee9567,0.01186868
36b8e57f1ed84d37edc1ba0c8a323fc1,0.14726536
6ff7699323d292e1bb83c65e1ab75034,0.02016398
f36333002af6f088e13e27d5b8f6eab4,0.04642912
d144c7fe84e032bb3bc4cf1b31f1c334,0.06589612
21535c28ee52aa20584696dd46f3b870,0.9997257
a1e2e7c52810eacfe2a89d6c0f842d7e,0.0075575584
66213f42525d4dd6ed1a1824ea230bfd,0.40877706
7a2fbed22fd5d3b15cf04bc7b30d1252,0.9958105
b9ef4a1098a5445cef87d2396bd4a43d,0.20426384
5109bf0e1a82c3c8a7b0dd7ac0855eb4,0.00021618823
07c9c0dc5163c777d9ac6fcc61ff8981,2.4828729e-05
26b48f125b0e4627873fcab73461cd50,0.0074607856
f1a48e0b5e5046c9aca90095e91d1010,0.20380935
ca2db59e5b82363bc322fc9dad120fa8,1.1451604e-12
5337bfeb84a278a7fc71e5d893109734,0.24750629
51cbe06d4421f74533b8b44921395b25,0.050401766
95455bb4152c370b51d50c8fab941ebc,0.0035086558
803a64ba5597aea97235938b545e4a2b,0.99008465
0437ae0853586028b18015cdbbb8ff4c,0.009530804
7cf218e13d327a9a6e659e081a066565,0.20345461
0c6d9b8b4daa38c4c1fb297acb213e41,0.21549053
0c6cb5d4721a1a2f69e591dc1bdc9c6e,0.14131048
f786a523eee01a5314c5ef3ad3999f53,0.086471915
c9d57c6116f2c64d2cab80e3eb4e8f19,0.033794727
7d29673444258d93540df3d64da09952,0.31378758
da2a90c41990789daa22430ae4e7bb1f,0.031890493
e0aa30bbfbcd3ec56e454806b95cb002,0.59658134
9ae28b238529d168caf8bd4bfd0575b0,0.03123622
8443795dc82e50285cf047bc64858976,0.19832972
a9c1901d5d83e4cc1f035f1a6aab6bed,0.19832702
30d72ba4b4113f9c9fb7db3d9dea3d66,0.00033317113
7b095ff542eaee42950b6c74be3fc311,0.00031745498
8a45b5a45f2e25266e1d56f6e3eff821,0.0023910913
9f818ac7a6a6f3a962d637db7e03c32e,0.2670539
ce1c9f17389ce196c6c981e106a07339,0.034355473
dc2fd24de7250a125121842ba02d4068,2.062755e-05
76257616b5fba13baaa95d00207dd4c1,0.04429327
e4a4503f69646fd3a478df5c4df0f73a,0.22956304
67d7f367021ef0b8cfbd3311c635d93f,0.015533145
8e6065d4d8462b3774eec436e26db451,0.18891203
c35e4e77eb22f9f976f531204af12988,0.006153994
fbf54a4cd40bd0045ff71c5edbdc7389,0.43491134
cbb6822cf296489709131a83f6b2a286,0.28917742
b7e911caafa1be7f6d363d381c9565b5,0.023025382
e4025971799df24afe8eefdf23e29191,0.11563052
86b8454234967dce50973780891e1aee,0.99975
e4fdb0d48be4371a0a7c3d7a4f834677,0.21832232
5a7493b9fa0bbded3dde983689a1f595,0.00012467819
6bf8c642709e2c6cdf1ec5d1efe14b59,0.007488263
2d663c27cecfcd91ec866772a45a6e67,0.1983312
e3461c98bf2cbb6c3f3c1636e6e731cc,0.1987005
da39f3ea7115ffdafd29550939b2a117,0.1355281
6ec595950dccd67282a38dc73d538655,0.013563558
1f1eb835aa02caac8b37f3ffe3c732f0,0.9961318
2d851fdb3925633ed0462cc7ca05bde4,0.750996
c540e862aeb1cd56b4c78545ff00e7f3,0.99969673
384e745051470d1abb87ee0e5c45b5f8,0.8062811
970796b33331fc3ca10ddbacecb14b5c,0.029716065
2a8f04391a6f94ca959a8b898a0e2cab,0.0072635585
4a935b29e5361d0eff99b12a38839cc2,0.73001194
651141ca31b1d28bd9ba3f39d880a491,0.386159
a86f6e04073426e8885ec2e1969e8fc8,0.98129576
f94e61b10df14fed9220ec8cccf51b6f,0.21298675
d23466b62d71f15cbd814b887a348fb7,0.00077053846
0e7d1f0b10cc306ef418275ead77522d,0.21713224
e1c6f45882a7595cc4d4f78d1e89d12e,0.9819667
b47d39d195c647ed62ff86fa4396b4e7,3.2547513e-07
fd601710e08fec4ab2f2c17ce9cf71ed,0.038448952
951a467a7a7d0908de788ce04d8e2b50,0.11169629
9f16a894b73f07cbe8f993109f6617f1,0.025101006
1ecd08aa655ca109d43823bc03a5c569,0.19833294
4758f630f4efa464fbb43c8de32e5d2e,0.06328304
654a0fcc674484ff23b73d75b39a5385,0.014525021
446dba94b2a4d7cb57259acbd43491dc,0.37134516
a1da3d6dd744b95afaa83c9dea352f7e,0.35439306
a4134f5cc1c876929180ce90c64b8143,0.04134515
98b7064e94a3a3e601c7ca6957d60244,0.032111492
eaa106716ebf7170cfd141e12835ce19,0.94916093
7d0744002209289df4340625848c9cdc,0.28795996
98aed06648e3b8b90d24640fb3c226a3,0.26575786
ec143722750fa9ff9460296ada802fb5,0.8158895
95928f52ffe74cbbfa7cb41d07a9e841,0.10868468
7860a9cf06b291e8bdaf3172ec995ccc,0.07935359
eeb074f88a86a986988af6db6259496b,0.04362307
ae81c4034230fddd9b848233193f7e60,1.1226624e-12
5042374dbfd4bb2f9c3d2e429ea97878,0.4306821
e44f65a2bfbc77ba3516fe7345ae4c72,0.14888747
53a21e4ef9fbc4ccd49e726190094758,0.028615434
0e094f6b0f8fed8a389c7631a7cfe0fc,0.5377024
996d4ff8ef07affdcebfc5eacfdcb2c1,0.99972534
31b25e64391e58488d9fa601765701a1,0.98465383
e084c4f4f60b0de7e1d12f9d721f52a9,0.11621686
ccbbb80d91a6298268ef13f6963dfc52,0.19834074
b5fbf3aa8069e0dd0f012b85751a1d88,0.027943611
0c3e23579a4673f634b299dec85accd7,0.23174
c7756e70c076201babb3752f7fb5c5dd,0.047791258
5fdd369d83e0e9d0f5a535a68379debc,0.0070774853
3ef888dfb37ae9264e1faf16dad2f990,0.040069554
3ff8bcbad4e00795af59e0f039a990bb,0.16763076
b9fd12f54d3065a192dfcaeb8a08bdb0,0.023072284
6d695914d73db22f3e5a4f4babd04ca4,0.7288734
88271b8a054ca79586305f0b6467e5ce,0.20745918
8f6ddd08aebf0dd10b0c2bcab9a90529,4.320517e-08
cda1a3bd2029f03b28a6bc0b5f4f8180,0.16936973
a9a326ff895de9caacbf2671c9c7e880,0.050997443
6001cb4ce445c48ecf84309b9687841d,0.0011113153
a3d68114d83bf1179c05f508adfef499,0.15224317
98d8dec280f9960022599599df3213ab,0.19733919
943ee4e94527cebe93f16e9cbe412f7b,0.66269237
32778850ce11c6b3376e703be3678767,0.2088505
adf7b757cb2b15b99a5a31577960c04e,2.374227e-08
ea62e365725a5e3bbca494a2e8439b75,0.9996942
ba5fb54200031aa64ed0848d0f2e7081,0.026673842
1cdee3538446b9f49c4a5b7a3a80cd43,0.98661155
42c792f8620646cb828c53cd07c3f594,0.12079092
b62fa3a8ca4cab2983059d4d4d5d77d0,1.3163191e-05
bca0dc350c25f3a56c733089ed7fbb97,0.13558361
ab319c2ab7f7e8e134980b23d77d6e97,2.749581e-07
9d5265de6449d73373199589e3daeed9,0.41873974
b0d5d3b20a0ca5abf41844ba6e85c652,0.00766473
c5d4a8ec022bce31af2a1273ddbc60be,0.071073845
0d57ba83cc8c3b160c07143db52dfc8f,0.046874024
f83599a4713b3aa8e37da78335a16aff,0.047487747
aa9017e6ed14c91386b42ca182e25648,0.0076489537
ada1dda66c79bb33a0cb646fa4e5bfed,0.9994955
2b17246bce63978904d14c609d0acb10,0.034493882
9d477b23184ffe2e0ef476dc2d47eb9b,0.092950486
5a62f99a73c6506281ce81aaa6d13644,0.05305443
99b00623b509dde1853b2b1b5c9353d3,0.00095358136
3178b803e9e358d9797f24c5b0bb2d4b,0.072761096
4e369a42df1b5c793c16e8621709390f,0.049889408
fcdd460c9486ee06d02b051e8b83a63a,0.3985584
61c389df89873ba98391e698b9c7d1dd,0.002383321
f2e835e6e02457ef97f9b56db5ba1c10,0.20748377
e5772eeba1c6b585ba30dff451f8011e,0.20716539
1c2bbb8edf91984015409a111abc8ce0,0.1983343
a7f9bfbffc0d6c496f423344e7826fa5,0.9768303
8ce0affafcb9ab30c67f17ad3769a1fe,0.007674986
c010a9c8bdb0e4cfe8c6497243d355ee,4.8993194e-08
61b68f5a45e062311e5b2158927286e5,4.0443357e-08
c327c8b191818fdfcc73f80a4a5da1ec,0.74970293
c87501a8bf71d64d6bc906dbf78ea63d,0.5207942
5f0850ee7db8d2a729e86a6e6fa6873e,6.8875686e-08
72981b0ca85e48896cde3e054f85a54e,0.011573598
53786b52509c1f3624ab814fb3c8f332,1.2043451e-12
d95a4895a42e3143d59ededec7c12a57,0.03295077
696cef0b6ea51b28ada49131d9920745,0.19833162
dc72e2a91815e196bf9f25c42b3f9c9e,0.0035979687
3b7baa81c607bdc7042197fc40ead306,0.00499056
9cbae904edd5a584f7b2594ef42bb048,0.37352738
2db2539669e46714ff94b60b42a0fc01,0.0013436952
eb6c9e70a9487f9e8b3d0bcf8bd8dc18,0.3491499
3778713ded4b35d8915bc0d55eb86e7e,0.81171477
853981f39e325c23503c0a6db8742117,0.7182909
571c68f58c215529e80670612023c990,0.2203838
4ba4db557f90f55079555ce759afd228,0.077879004
9bfd2d07822699c2938c29c3e00dc53d,0.038939357
678491dd5438d085baa11730754d9f45,0.00032042558
03fd29dc827f1c3fdd07c099f5732d72,0.4383026
36cfa096eec450df9accf36af72684f2,3.8320405e-07
8a16270f980e861488e7c01b7bbf37ac,0.98525697
561797e385bcef3286298719515072d0,0.016437609
2a8fe9c4944122a466354650b2d333c7,0.001490198
3fd0452a96dcbcb2c5aa8724070cb01e,0.108815834
8d79dcaae1c95b356578ffef1cc449be,0.9847623
7a7a0fb6b138324302477a4ae6885bf4,8.847694e-05
6f84bedf40e7c7a72c4f56de8f2a25cf,0.0077530243
61d64e6c542e630a288f05f6649bed2a,0.041676566
e80c02576803f10d04ebf88e9078ae62,3.0257337e-05
deaf7062316d77ce9d8cdea2107e1cc8,0.007472816
2d1db01b5bc3e97c4458d951c5a16cb6,1.6944512e-06
00bfdc20093c999492932088e4edc1a9,0.03761158
aaa8c745300435bb678c5ab4860fa745,0.21337807
5f3d1a2d62947b2d11669987a2db52a7,0.020529294
506e653cd5174a54db2e0e136669a72e,0.7288683
ba47cba289c5a9129a742b24691285c2,0.007935782
c403a07f126d617b9c53e00ec390834b,0.99931777
b4de61db1a4a4f4c8f164c79f9d55c57,0.09385897
cf78f4618bdb4f25f62a625832f551d4,0.99975604
49d1b67120e586e837ddff7c5b9836d8,0.23620164
095b37eb741206bc3012e1f96a2b5a53,0.039894957
1d7ca7d282074e25afea97c8919a5b44,0.001158713
f7a2301d9ce2785fd8421ea03982d33c,0.13127789
d3a34880cedfb40cf2c9ce4a9ada882d,0.06501905
538a9700df3e22641cc1e79fe6b85f07,0.299081
0d6d9c514f4b5e1a0e5233a8674f17b2,2.3178531e-08
43390bc51115d14d5ef0de3a0023ea15,0.037046045
1dcd811a6419e314b1400493063d452e,0.04384188
6eeb36d25353c5fa80f2d5db76831348,0.00068141514
68da7bbfa98c15bf7f1e0658adb0134b,0.012042661
2194a272fafd07042ce12646b77a412d,0.19733627
c272468fcb23c6953a7ff7cbe29138ba,0.002529235
c903b03d89fa74493d8ee14ef2f10654,0.007317297
bf5acab32091b512fce5541dbb7c4a9d,0.20054094
45608318dc6cef511ddac6d6a0a69cea,0.19077852
acf4396ae02bb8b17cdd209720bb038f,0.038127463
017e760364a67ce0aceb6aa79b5f7917,0.04758978
feaf8f4ecda8933e1c3f7a3332991c83,0.047262084
6c0b1e2b142cf22b7e877b8f610aef44,0.0016115031
16ade0b86b24201d328b713d02a16292,0.022733975
7982807b6eaadeb1abbeee2593294f62,2.4701487e-08
a16c7a05f63f85ed421c03067549dee5,0.15459834
19503c7f18af664fb4fa240f5667c783,0.66151875
3339b2d3576483186537b2b98ef8e5fa,0.09009698
ff2d53dbf4fe737355129739b08bdfb9,0.42025957
167ad5727a6e1408ea83a5ae540c6c1b,0.1983373
ebe657f1cb96416d473c9b7ecb211167,0.036153764
42bba6310515c6effa78cd4a70c32287,4.421063e-08
90039d02a24f2cfe989666d5cd750d2d,0.49436194
2abbda69690db8ace731fd9b13ab7df6,0.19869627
c2819c1860672966ac771aeb3e5fac84,0.6828228
c4fc4e4e36545e5b3d7c52ac231718f3,0.99973947
057f66f605ca8d50ffe026d7b05712f2,0.00086272415
b1f5e1b73af216ed7f9e18ca9383d7ab,0.011555811
6b006c012ad91051aeef0de3362985ec,0.032829605
33abc47044053a5b97f95d81712ffd57,0.998837
3234f6519e1808b2a1c3ec3b4d671d6d,0.5351752
1a471935f84570fe8d91f738042c513e,0.004594878
701805bea39473b7188a80e925df6f58,0.8116411
d56c9e043a554dd91f83a11f9611cc7f,0.04975309
a7c3f9e80d73c363ff13f53397f0bfd1,0.09607541
c44fb31a414fc9ec34d7c3d4a618fb06,0.03957174
0e7d99471d36e41575731b5dca7d4417,0.20857485
28db8f6100dcba1f9301018ba39c1f9b,0.20746644
975effead0c222cbe25d7048406f99f6,0.03272544
3770a037ecde0eb59a94761e175ca858,0.007307713
9b57a280604917ea64fdf6c6f72962ee,0.0025714645
cc67db48ef04d21cc872fda4f3236421,0.012666066
1268a4ed5728f54c2f4e38d36a6abaa4,0.23755904
076b1be4954f4cab0124d12505880e15,0.058820248
847303bfca3ebc42648f3f4f7077ece8,0.09790766
4b06d7921cd0920dafa45e83f0618190,0.033792444
4b63a42990c191d34b505aeb751d4511,0.011742352
f79f7420b43cc4e233703b05aa054182,0.007391244
c9fcf94cd9520ff23fdf167705c10135,0.047957517
51b5313480db20de496116558431c798,0.11016508
bf049b6a681e44cf2634d8e6b9fe9367,0.1770443
9e59e6c45aff3b9327b72000f493e5c6,0.29031447
c4819ace777f97ad881ac8470c71e131,0.0008545544
45fb64a6587042cdfc4b5aa4984f6432,0.16211185
23744a936d4c85bca5f11992406dbccf,0.04117852
daf693f9cba0ca4b96a7b0ae2433726a,0.4087978
838956438711e1c5decbff4ac57e88cf,0.060221113
5df2ff29b1b9bed536cbaac7bf1c6fbf,0.00494527
72c8b7e88abb5468918ece59a27458ab,0.00084224937
e9ecb5af8e9cf3e6e174dd5f40152f75,1.0950514e-06
79df27999e92057f436d20da6db97116,0.46794087
82fd84d59491d52ebd99db847df67c24,0.012296023
11d7e202a2d9b98e55297719a084fe95,0.012685644
166828953067915053a22846e566069a,0.7171031
0ca695ef109c8c79c3179655889b8924,0.20754042
e4377f1a207f53c011e0bbcc987e0c21,0.10677904
e3d3520d142e72f7ef66112c65d981ea,0.002367001
7bea750f9af91e9e9653400539a32fe0,0.028770695
0cb4c2a10d13c5f89ca4b2a6fff86c0e,0.99967957
4aff9483c1b0cca8fb03b041d7632860,0.5195009
2d20937ec137829f5c30b0cd98ef206c,0.01204209
e1054e5eeb474d10ef277fd3106fe29d,0.6959858
c0cf2e398420eff96a2405739abfa288,0.4683482
a89d8e550f1cd6db0f840651bf39f0bb,0.042052466
bffde5121d9b6daff8134ee5028ee165,0.34135303
39ea1215c04497bbd847f1a53d069012,2.3783467e-05
4df9bb81c28e2da799c2e38b03b2eda1,0.033189427
2a854490cf5b5732133c6c27ece58bf0,0.98321325
c5bd0bfaafba0f7a01d13018d4fd23b6,0.033131976
56f2793a2f258e7df2bcbed16fb6dcbf,0.0011656128
9d04efe5e0563327fd1dbe4b8283f201,0.19735019
1b220295327953bd1f3822c89d44e9ca,0.1679619
5558e0a985e901ef74959dfd8e1667e9,0.19732964
e7955a3176a84d43fa75903ad59d79a3,0.045298804
89f26475a803ec16dd150736da216fd0,3.672856e-08
44898d0b988211d10d4157834e74071f,0.94158685
7dafc608476e0747f6874a9cea3170cf,0.99966705
7e9acbd16392e62b007965d9a8fd65d3,0.19833581
a833956012475fc393ecfdd7ff5243b8,0.00074743596
a6f86556d42f2368c99b0760d9f45dde,5.291443e-07
12b89450f9007f43b95a040878e0f497,0.65331256
3bcba9a242482cb7ce21d2d33d9c9559,0.029403266
da96a314e78c88188f9c6598417cf6b6,0.07399328
19f19ca72b0d71f5ad38066f2a5e6495,3.2215218e-07
c1e1d12ed189d1cbacc3dd5798021393,0.056460835
cb2e48256f3c287d7fc3c117d93bee2b,0.0113966195
a14af0b4d755ddcfe945fc53cffc1ab5,0.05253777
9cd9796bf8d6b0f27a4250a1130f1e99,0.03411355
b74816d76989e368cad0aba906bbe004,3.8705586e-08
e6fb3577afede61e9f7eda34d286e667,0.8182545
aac75aaa59872da650a3b80ad5eb419f,0.02501139
e73a95822436dfc90da635ff1c4cad99,0.0046216375
eb05a4f4bd9a9392f8e62bf5e94eebdf,0.19163589
decdb206446c1b4904b935819d9121bd,0.008826631
844093ae1dc6d64cbeb9bcb9d3f3e778,0.59862864
3035886da50fe9dfef6a71c67319533d,0.007417897
43fba85e76e7e44846865ed366223e8e,0.005433743
b4bdd6e7d9ad8fe1fdd647d40468346b,0.06595576
da4295f24cf762935c80e41bccc264ab,0.10244931
7ef06d514078f7c5cc4063f1d46e214e,0.03783304
1b41ca1a342f5bae981aa9f9cbb84464,0.028846955
db7dcf3d29fb646d8b3ad27ad21417ab,0.002386516
addb05a35ccc929519486d6787d3b18f,0.9476827
b48d535fc531c52d2331250c84809219,0.8725317
f0f70a30e36f9fffbb112589b73dca98,0.19833389
ca0d2f0f28eac8af1412b72d152dc972,0.034192715
0b9421efbefa033665c7aeb2a051f541,0.7998837
b27555ec7fab26815f1b77c24d4fd45b,0.0012155679
7bca03fc696cecdf5552f846bb55cee4,0.21761909
5c9acbca3858bb2bff1c55b4f8f40b62,0.072684936
22e048aa88a14f9166e806b8fea865a0,0.16471219
77892f6d0855bdac2f58ffd13b7f71ac,0.00023180281
7b864f08d1c3e23c3a9aa75eff7b4722,0.0038271397
547b30b23a68740ab14fd49c94a398f1,0.012670648
caefda1682414d442c74c3e250ba8045,0.1633925
e533d29ef0ab84f6c7c17d0689d779dd,0.32666522
b52454d24c15815e4c7b8ea2179a10b4,0.07371493
e4b374b73b02c063a6214a600ce92ae6,0.28543615
70ff2e33704342a75c685de9d862ed8f,0.1983311
17ba32d27cec1760c4fc200a8a17a8ec,0.026735619
4c5b7b359c7c53a296f58b03b28d257c,3.1300246e-08
f1f052b314aba640cba5e3a6c8225c48,0.17196827
84434fba3bee786af4ce4b89f029eb39,0.090169296
6a4e32b611cffcf1530a59ef7fc5d98c,0.29469872
ef8d78039ed591334f4de8984e81eb81,0.67458075
86de69fc0d0ef204595ee656bc2f6abe,0.0025717407
e2290320b8bdfd5d09269a688985516b,0.22569986
3c3f7127055fc459b541201d1c970691,0.22956538
a786812be2ba5b310e3fede369bdc173,0.0013019356
8c66a0ed82ad9b6a7792d05801e396a7,0.0008022721
8fe19cf6110c7339119a76a6706b1a81,0.9839257
a3e7c7dac62705dd6c2c93dbebaefbcd,0.67911017
0655a6f9c93558daf63f1c03f570311d,0.22470565
2a6c76c8ce8ab2ebbdeeb735a7159c00,2.3263613e-08
c3b48449d737bb3260fa190b86139195,5.0954334e-08
dfaea9fcbc5cc2bfe402781da32ac68c,0.18154696
e0414b02b82876effefa9df33201f492,0.7962659
63d5b33973e76e185a5746fb62c37344,0.002428831
4cc520fb555016a987b4d07dbd772f89,0.047839377
6483b3b8fde2b3e92539e753e28d0596,0.34621146
a87e5f90fc12fda136867358f640a271,0.03941973
49f168cd098f8b9be4d36504f057f5dd,0.027405867
a0b29597979820ff7dc641593da46dfc,0.19076946
31c0c5e61f7616bd625cc9a1a3117e96,0.67737067
2283c3045d92e9a9c9a6b32d9a8731cc,0.20754251
2b0955751c37f297ba6e459bad5a0546,0.011585492
7efff0e78d221cea335ac5122e53dd6d,0.011724037
667afc1bcebd640a91555a0fe278fc56,0.080622904
849bdcbcdcac3b521dea62c589e0726f,0.028134024
35c1a3e4acfc3235eb39ba9127d0e781,0.21289542
cc844219e9fc8d887f63a010455d03bf,0.25885022
601e2400ee9e34a56abcd17e7389e3c4,0.033817813
0097995e20df0b7f51236dc270125a24,0.0023960609
01b9cd9c9c2ac89915db5b006f2da4e2,0.009696267
06e8942da9f36b5520c6cf0817804dea,0.0008359732
ae43c8a68e27ba22813305ecfd3366ee,0.19733575
09ddc7c09e71fb9495c748f9852d82ad,0.023000544
02ca8c3e6dff252d6c55d1c7f166c86d,0.028965395
7dc8dd2fe7651d94da587ea49460132d,0.3824888
c45c691d0f4b232a542c64fee3558dc0,0.027909854
cff04efa867f5e7455232a133a4a19bf,0.0048452523
7565afa83331f979ba37490a175a5e6b,0.19831803
6d7d4665ca97eb4e451204b6a71e0c9c,0.033445884
10874f2656fbeebebb1fe30a3418acb9,0.024204016
bd14802e6f30e53e817d5f3d0210cc6a,0.015255114
b527c2f15252493a40908bf2c51c931d,0.81714517
6ce6d6a38287f76999816cca29a09a1b,2.4375712e-08
4ab5a7a21ee8943b1e78513e20dc25f0,0.2989166
bb8b400c9c3f444de381acf781cbebcc,0.88000786
5a1bd16ccf4a0acf8a65cf935fa9aea1,0.19732948
54c66ad3a2bfd2f88b6444d29eb335fc,0.011550786
a44df3d7a5137884541c00c625f30d54,2.6168015e-08
31f74870d7de68f4c1ed2b9a6946b5fb,0.744669
eb050d57c8859355c044f09d4ca9c0f0,0.3325385
04b4f0a92be9b851375875e3f3343f2e,0.21147867
5461ee6427eab834b1a05800467f9f7c,0.20754854
22a4a2dd1560bdb840870ece013bf098,0.0025756995
f22ebb1313d9dadfff1d65ac33f6c3a3,0.20476992
da1f2e51aa16ae695c1df8076023ef81,2.3246727e-08
4fcf13b2ff6b5add63611ee0bb515939,0.5477649
62a0fe22f78f947922c6ea82fec7fbf6,0.19832176
ab01a50b12b8da6473154e11fbe499e4,0.022241812
e5e4f1e40de064272b25f2db20034d11,3.7956264e-07
9855a83bdad04a8a66c8b35212836e8f,0.19833013
5025d11d42e3d18de6ea691128fd1999,0.59591496
24c25e5c21c9e2960206e49167b2a388,0.27509034
ee3ac14bb066d0c9344ff9f5af590509,0.40902066
a376452cff663422e49164d5d05126ce,0.07189365
7cca77b2bde062ff7b6a108e5655b9f0,0.02524965
993e4a22c3d7be4ea442bb20e2de9e68,0.9996948
4218961b6d631d26fa4c935f3bec3117,1.96029e-07
b18abfb7689dd987b8029e7f4da9d9be,0.2011904
c618e4cd017c81f826dfddc3206a7b69,0.99667835
42392c5ec0858de60e26829133f0094c,0.728858
135cbe6013a4ceb7bb94af409da7a6b5,0.03609081
4632d3cc8e63c25904bed37f80853605,0.23478195
fda7ec90da38a38fa2bc493027e816be,0.025339147
e56a457698fc77d64bd7022abf32c879,0.19832215
315a2814329e4da0c14184c6d049899e,0.77162015
dbf222bd5b83bfd93d2dd0de9f2b9189,3.5092313e-07
5adbaab19ec351acf5a0e6a02e82b7ea,0.19833982
728165f5e9a3e92a12bbfd3751fa0c82,0.20638065
77adbf52edb9f15400d0563d594ee0b3,0.008559818
e361a78bf5b1c22d8d46771005401b5f,0.011719801
367f6f17db71076ce038dd6f985d3623,5.708901e-06
5b9a2492fa576ebe812300e59f5c7067,0.012679565
5167b72fd2c32400bf93741791759bfa,0.15400314
fa62e5e97706e08e2446e23d9194010e,0.19734687
5a0e25a5166be4bed6630b40d91792a5,0.027918655
00b0c03fb4b72be5c9c4a8c906cfb4f4,0.012677426
63d00685a6ad2a469d519414978bacf9,0.25334063
bf0ba45e87d77d0553b49a4797238241,0.01226537
de4603ad9960c212070f71b1a6e2c9b2,0.09006892
8bf376751a6203752655416b399a0613,0.043089453
271f7b27aa5a425e6968596820f5dad7,0.18518919
326a89694ff4def248219b38b82c5773,0.19733739
2f01345a2319c92c7a67359ffdd225da,0.028579634
de98ab0235cbf962d5f18b50856f8079,0.032208987
bfb2e40832426828320a416be6e7f909,0.3481875
155855c1def2ef2878a4020a928b1af0,2.3135082e-05
f73a46ce4244f03406b9780a23bfad57,3.8098483e-07
5dee1fa0d431df9ef07db78df83e3288,0.3195316
dcd1b094d34f6f1b6e2c18441f85c124,0.19832748
8707b2475a96134bed66027156bb2fee,0.0023790705
e3e544d75feb5f6fe1fc51ba30283624,0.2440665
615d079ed65965c301df48acd0a03338,0.025453562
86c875d9f0b12218a35a5ea3cbf33743,0.030102622
d5c6f0f81ee791fd366a036fd2d956fa,0.49126425
ce14435e6c3221f91f030c554704d3ce,0.0126705635
27751a1643900e6b3d7f7d366f69c179,1.9466359e-05
2978272a0b0f68664ceb0b9e1a48cada,3.5135082e-07
eac1b07974748dd7f6e0ae001d81d125,0.03349308
12944ebec42706d4833d29155bd57173,0.04903727
a7a47998bfa2851275f1c5ac6c5c0e7d,0.0075636143
93e305dba6e397ae28bc462e747c65df,0.80984944
be9019a498ed3c3f1749bb3b16d7596a,2.5441457e-08
1d831b0085f04a0f0eb9993e3ec3ce76,0.022210965
e4cc0021756827950469bbaef417f284,0.028429244
4204e4a2a74ce38aab0910b22baa7d0a,0.07473044
efddbc101d6dfce77c6a1673c67ad705,0.00039623157
1b37cfa0fa5bbbaa6860c34252a46f8b,0.0961854
da66172620af53cdb38e09ae4b87082d,0.0006747799
53389e6c217168417a0e2da755a681f7,0.039222617
bc83a872d4848279b1e7566d0876d616,0.04294286
e38df41a110b410caec196cfd75c1153,0.6615214
7330398e4bc7afd3740c804362ec8a99,0.1345624
455ab5af3335b83eac0e7c6bafcf230f,0.00020833737
8bbef0fcb132ed2f295bd55835cd5f65,0.765803
02a84796f090828bd1ebac2c5a43aa10,0.046846427
78d6411b10e584e096608fde7e53c2f9,0.036425155
484c21caafcc6500247cd939c26fccdd,6.488171e-10
daec384c0b799bee35b7c6db3cb8b8e9,0.21241145
cd1d56e3dea846150b140a9058012cb9,0.7719167
28bc89c2f13e3668f774e9d9c78aef1e,0.19734481
c345fe56ea79546c1e355bc89631e6e4,0.030015606
248feb66ce91d026fa3ecc40be08d094,0.62166137
39a9f500eab4d5a8f71f13dc9afca11c,0.17927687
9be95b2d96643e63375787f98aebfbee,0.011636537
8544d039ddbcd07c2be6a03d263900d4,0.79992104
b0a1c21404e4e7e3507d1762d7a66be3,5.333675e-08
87ea9bfcccb0072a1a78ca9b3c03cb12,0.19733852
bae56a8d9090d4f087d276246f1517c1,5.9199206e-06
6bfe4626b1e995222c1b142da2d8f2ae,0.039463293
28442833220ab38cc8b0e3093fcddd7c,0.011790132
473a999b2c33a8ee4e4028e24aa5336b,0.04194268
e0dc57de2c072d59fadf3d37fb7564c8,0.0043682097
03d9f9b3ac50bc697cef472c5b98d243,0.045702863
cb3d653a03744500377dc8cdfb7a2446,0.8862217
bab19dc2c62fd7b5fcbb563c110d36f1,0.19733998
58d1bdb58e612eec6346a4a6885a78b5,0.00078049686
a1f1ee680f176fe75797d4d54168a7b2,0.20685601
3d949ce013d487964ba209755d149a77,4.0470656e-08
a23b1aa93a29c176d78b910c4aa54195,0.0023896336
98f0aedf52877e7af7fec5a178ffdc88,0.04483067
9a181f310474f160e81e26595ae01cd6,0.031671725
0cc244d6501f40af32eebf8616d0008f,0.037727363
b1db66db9f3936af3d510fe0e053af35,0.8037447
9401498bcf63698fac91e9564989691c,2.4748113e-05
b7122fbb74cfb6df8dc490fd7070a03e,0.033277653
68dea3a0d8515f7ebff17f01c1dbe658,0.03431287
5541f3b7489d9abbf266aeace09205ce,0.030501759
4f6058e80dce528e8144b2bc4ae3c907,8.852083e-07
e0ecd8b53cacc7fbb6b0eadb4ba21e68,0.95719796
af2c3cb16942275ec8e1c8760b8cc02d,0.011554668
ddcad3f11af4db85e1fa1787d8ca0d10,0.05142029
3b01039cea3b7f0e34a679994df482a5,0.009193773
b0f2a021ed90d945214a5d3aec84a362,0.011657578
42e746fb54be488bcc85df4c0117f749,0.038188975
88799a392ad214e18ff44995876292cf,0.24912277
12e1d1347fd5fceb52c4989b123074a3,0.45838293
fa19ef922604fc2a11443c588ebb616f,0.03241705
6ecfa7c68bf21be47a2eceb1ea89db27,0.6615087
bd64d271d3c9d92bbff99f3029631898,9.499937e-06
1d4d551922a91f2ca3099cac602bb170,0.15281066
1b7e1ef9afa657b66bac44f3e03e1ce0,0.0012259928
e5911b0401b164d68cebf73e3f9513f4,0.0008749029
f7d0ea6c49acafb6eaea93782051d4c1,0.046894185
c39cde54751358c7b558c5eaaa09eed9,0.7523979
d9504f83d7449f60aae06ebcc666c6ee,0.03786242
08147a3b03a28158636b1ee17d9f0471,0.029346798
2afc406d831ad54d2a4e3a367f276107,0.19731529
ee558358e0210fac68e8e64d32adca4e,0.99871427
791df72a294d9fcd7c1db06a029cc523,0.24255462
09a1538a59542ac54e960daefeb15cc8,0.011636407
cc3c364d2f6f6db01b2903bf79ee9f9e,0.03165883
11417dd964abe26399303c3f3fe5e2f9,0.31100795
28857b8df91a5823572ec03ddbaa3f2b,0.99836904
88e4914dbbd0828573dff84ea384bdc2,0.20053776
1541e74111f736c7de2ec682ead88477,0.102072336
00399602834a84fa5ea91688db25f50a,0.027943194
416f173e6b02c067371b0b26327bc892,2.4885741e-08
e17db065edf92a95c3d9b7829c7bb637,0.0074551255
d0343dc79ecfe899f4a2e9352b6a2462,0.09094326
65ccebccc697250c02137634bffc2e45,2.3569024e-08
77b0259059c90f50804e10acb9b450f4,0.1973376
a1e018b4e5f5931c22c1cb819d4e9118,0.9484054
bbd5ef9056cca00f2408bfb1650d7512,0.04044591
5522cbab9928210f502ccca6aa3b3c3f,0.046265386
0ba6554c20564dca68464fdfacd0743f,0.0023898408
d39de31cc99fc2b4590439f9822b15a0,0.012679176
f4296e057438bc8fca5be982ded64abd,0.35612023
e56a0ee9062c5dacc47ee19864c411cd,0.07792651
48e6d64d2147c547994fb31eb9a70129,0.029240277
17e406f849d83fe6b706467c74af0f3a,3.2339165e-07
d92fb0d5568982c0f300733a76f29b41,0.24973027
dae4f47a0a8919d781e509c4018e94e7,0.9879465
24dfd97e64fac99c329c073beb8c5980,0.73090816
85b1f300be18baa5182a3ade3d14087d,0.09769026
b7815ef481827efb2fac8cc1722b9e0c,0.4179977
baa285c80dd5a030bfa820e81c0055c3,0.19956252
2d118a41db172748468d3df7095159ce,0.0024700086
36a3c3a48c8f5d9dd63624755a7a47c9,0.022960609
eadfb0c5c57732497eba93c7fd4c9f31,0.2359012
25ea9778814f27bd674a782572509310,0.038569756
5e34eb2676a17cdeec9bc5ddad2b5238,0.20865667
9b792fa0db1214b448bbd2132c10a197,0.57385933
1ab1bd7246c256b37c94870a195ced2d,0.1973301
493f91ca7671f980d2d96ece6329e490,0.19734502
adc951f1995987995248bf8851b69a29,0.28693515
f0165d11155935616fa8f9162a7030df,0.012036119
c48a6de9278d33779b10b87e6279ef12,0.000995435
2e709ae3607cba239408e3a05121472d,5.8348714e-06
d2da9d64d5e571ba5501333907b2daf6,0.0075589726
56ce267ba609382bea1d7bf8f5903fdb,0.047929294
0bd8fc75809051bc6940e9d0eec49e19,0.033045713
b8d0eedf55b69e9399553bfc869dd9e0,0.9995453
aea717eaf423423656feb2880c3fe002,5.8269364e-08
6465639c29ab819e0924a1e657d2a5b5,0.008499319
62956cfff563494725df2449521a933a,0.029693535
18be1c54fb8861fbdc3039926375115d,0.73899233
9dcf877d921f2c29773551c089fa7464,0.19832699
d7437db69ef1709170ee7255eccc9cf9,1.2270485e-12
4226f0b17a041dbdad61a8e82109156c,0.39391017
b71797e9e8b82e15005646b9f3708a0a,0.337716
6aff6ac38afa07d1bcda8328ceb7db3d,0.029404733
b4a63ee044f72a1e9752ee0ec7af787f,0.38298628
85247673965551a2fbde9813376b46be,0.19833529
b97bfa1ea0bce9b6ffab6905052e7aab,0.17500563
645e87c1df1b246fb342eb22fee36a44,0.57652384
3e2fe8ce49457f8578a8b2b9a9bc567a,0.2294836
ee52b9e792596c9af56da1feeb8035dc,1.9673269e-07
77bd8a21fd3746099c0a17e297f1ed5c,0.0023731063
fabe4322abe841faee14d30b689194b1,0.98367614
baeed4573cb1b8a7451893377d9bd186,0.0026689095
94c41e56c1ae0236c479818022b5abd4,0.0114386855
78921bd64ab96ac7cd30d963044805c0,0.058663834
7f6a31c097d067c398342f997e382f50,5.7234665e-06
db3b6ac0574e922cc9f7d112fbc40615,0.051615734
cae201d552d8ade758b0a7b5d93522e8,0.77169836
7c526a729cbbe2a4a974315a9344f6d0,0.0076125003
98fc6998c7943f10c6eab32dd5f87e92,0.98003817
cb52e2e49196387f3a579f73d2b48ba2,0.009260645
ab8d46f6cda51bed94f508b0d05d8495,6.883546e-08
4610fe613f44a9a7074883cce9bc351c,0.19832674
89657d7082d0b6e7ffe6d00b8167f891,0.0235385
ad8571a21396328fd4dae61f69b8db67,0.016472261
6198ab3e132a5be2a5169d0dc80d9a3c,0.44882163
b27fc09022a29d932a1384f750157de6,0.99685746
910c463ce75845573862bac65382d01c,0.19500208
f4376345c9ba9c6c3e9196f7d882fd3f,0.2075536
c509ec931f3191028823f448dd1ed115,5.8383075e-06
980c7df3c9dc67052732168729c75c0a,0.04054772
27920d990fd073e6d01c2e08fc98f681,0.7874156
4108bdf6f95f9f2dc506cd121f84f2ca,0.026982594
17c5240018895d7eb758905a45d014bf,0.045145933
ca641628cd61eee5e2347215914c0460,0.1647181
fd6f6795e0130d3a58d3fad0bae0b731,0.9630992
e6e7973185ce213b0ba20829248bfffe,0.40585604
7d03b33565cc754ebabf568a5e8d0445,0.36944357
c7f25244c2a6c73447f6601ef99a3356,0.042450972
bb41efb2073e6ac423714bc56eb9a733,0.19735402
cd769534e33ff82973ed2fd4c5de8d6a,0.029721484
70e5edb4a383ca459d59820a423730b4,0.047008254
7b4bf250e5821f8c17066186fd584c02,0.24224906
7be29c6f07a591909370c730d25e0474,0.1620398
43820b742f6de66d916910bd5d1e9798,0.19734547
a0b73f7b113304cf890edf0a3ad76c19,0.0037973723
35a254c8ff0c32d671fa0742d11c1f16,0.9997385
d7c16b73f85d2b55d26934ebd148f4c0,0.5429896
fe636e3a63ed75569dfd48e9897b4787,0.035515506
375d5c5169fb400d0f31928f13a9db64,0.1242316
2c6d51ced2a466cc8ed7fa4c6da97f50,0.00413664
d442f0e127b6390b1e526664e3eb61f9,2.4547422e-05
598ad73a7b287e3fbf3aedd1ed983f87,0.6062645
0e40a9ab2e3bea37563c8b3b5b8df7c2,0.20053156
15b7d9c43fe43986a4bbaa0c59513be0,0.06861355
ea4a7e698cc9b1d0afa4ed80b70713c1,0.91356504
aae8df9152d23082bb457d46a0dae282,0.19831619
c5633f79ba23cc9a1ff546e254e591fc,0.023851369
6449114078b36330e069273073650690,0.8146492
fb3f04a36792841506621fc4d82c00ad,0.98357886
707ab25e8bc1416bcc65d23e3171378d,0.19470158
5e6c33c13d7d23027ebfef4aee9adbe6,0.19733855
dc8e6eba689694d8bb092de023872866,0.8486764
905582c00066404d289f4704a625143b,0.0025988847
7fb642181b3fc5a326835e4b204922c0,0.019314863
e14ad15f0167bec583f32acfdb1d8439,0.02581181
6a82083bb5339be5e404e3d289aa9afc,0.11253406
8babae41e09020cb23c34a0ea49c9357,0.021704702
26cf8b74cdcd003b73fd60f432d30ba5,2.2222215e-08
eb954f514f09321c395174e59d5ceb83,0.007471139
624f05cb187512c56f3076c7903b66d9,0.13674179
d5beab07667b8fdf824277baf63a5dde,0.19734088
40f10b4d30cc3df8ec51c228e13a6727,0.19501236
b3bc12edf33647773ccadc65fc4eb357,0.70584404
5b8f7d12d4160c6b1ab365be54707dcb,0.03679005
9c972cb270fb33444a0f8d12d6176c7d,0.027922694
2118328b2de334676eafeb43348612b4,0.19832769
bb317c3659f08bcf6317ad9ada4a1bd1,0.19833621
4e97eb9e28461b4833a05e9f67a52b7a,0.1388196
7d79614f1021bbb7c8961f600579db9d,0.019341256
ec39d52508e2b77f52a789b1864fae12,0.04975017
e1a9326f3ab0d03cf89da3faee716ad3,0.000791552
2621102544e9182986bac695733447b8,0.5512794
543680ee884cf2793107319422940279,0.2838982
4123e03a036c289811f79dcef22eaf45,0.03536547
532ce35123b7b3583bd239a747960d25,0.0116239805
a6161d5057d33b3ca9813ea2668bfef5,0.012037603
728e271981a0b0542e069cc55aac6c1f,0.10658197
d910cc528c7360428116a5f6587c97a0,0.00442286
7c766b8bfaba529f3752255eebe5e9d2,0.08135689
33452a0a8ff824f40a5cbca3c56e314c,0.58961934
09b65ebdd46c27ef55f507476f6b6d3c,0.059972364
c0724a5c274680516eee8e6ce502bcbe,0.69430506
7ca98a739520cdb27c1e0a98fa37d6fd,0.04495271
d86b3a0ec8923b9ea431fa663b527755,0.47897282
4a3c2ce03213323c55548601cdfbbf94,0.05334426
d6f028438c50a1e319b05d685af15924,0.09262681
da9b6c65307332f892c755d2776d3582,2.6320526e-08
83f223052d102523f4e2633f7391e82f,0.00257423
353ad3cb7e6b9237e7e7bb96e2b0e5a4,0.9902347
53203ee51ce0db9ea9b632474816104f,0.15388502
656c9308d8bf791b434a780dac56b34d,0.0025645758
a479d90a365826d76dd7c9036c644ca4,0.27864233
4eea3e426c5aebb6420b902dc093e56b,0.38155696
ca04c158a9dd8788d96884e6eb11a21b,0.4984066
34c23d61161ccd8af947f5f6794cbe2b,0.18993165
f5134ac6755733b2576fd5fdf73480a6,0.011463742
e8a786343eee5dd0e9bd1f349e7a0644,0.081110545
b5a70408d4744c7666478200b5ea2857,0.00038054158
f446d5281b0decb69fa2b29cc7ed7dd1,0.38951224
5b333acf82c49ccdda0535460dcceee2,0.0073000668
21e52d7fccd2cf6893651f5edd331db1,0.44779134
ad40f06539fc2ff54965538c68b4dfae,3.244057e-07
d49f8f3aaa64b0d3265c6420b359981e,0.999496
fd3cd1778ed7fc16ddafffe8e3a0f44a,0.4262225
cc7ff636b7a659fd3b0e2766c8502968,0.022530016
32b99a6be33d0fc05a18e1d573acc982,0.887936
fb98d5844780a4794f0cd65b4b8442c4,0.013905561
d9f8c3fe01e94f67630a2fa4a1d6f8e9,0.999564
c8d1fa9c0ec1394155c59032de66abb8,0.0021315147
7d5ee6afe2a51c5a28569f21365e6017,0.3761409
0c52ba95c6048de8674c0017cd92e02f,0.017666068
0f28e6f74176d13125db30b87b6ea796,0.053942055
df664d8abb9b15bc773bbc38a10e1072,0.22954495
68f25cce829ad1e25b6b26a1f11fe004,0.0016586432
3b83188052567bcf10137e0d23de6d12,3.5238838e-07
db781cb2a0d5b1e2c518661a30708f5a,0.0036656286
d7778bd79d95c8b7ed7e3e8ecfbb0655,5.921493e-06
c92b792807d12ee3c02191e21bba2a73,0.20644188
3aa831901cbd2612d1d2ebd1c4f953f9,0.19734688
b302c6c4dc97c3cb6eba63cd9fda1d7f,0.0075101787
21964c2d0698aa21c8a482d3db8a2de7,0.19833438
674a498f839677432aefce96df1c8882,0.029750839
7210e75340421fc6af64161139a9e980,0.19832473
153e5b057a1a59c5ed416530100add73,0.012039707
9b249a64a442aa3085546f18a249bf32,0.119869396
970441f04d753620a412b84072d367f3,0.22951765
42748856552a05f31675ea2be3ac1176,3.9268933e-08
3bc3d88db8eab4d0614bff0263e1f1e8,0.046061397
e32528a93326f73dacd168b0466a1952,0.0012263242
e3560be8bc5a8e6e7ec5587a6b1527fd,0.030557472
8ffed1d4a58f4e34e9bb7a57a2b58c36,0.1983366
752d93438dedc1e525f4231879e91a0a,4.5865278e-08
c5d598e533e7b2e81e8217cb17270a5a,0.3080403
f1a0cf65eebb3aee76a981bd0d3c52d6,0.028907007
c55e4081d3e962fb056acb6528aa7014,0.778515
3e513d3b6d0a95f20a17c01d15e13108,0.19832513
643ada37d47813950f1a2e2c5dcd3c1c,0.04583002
9fbc3d309cf0497c54f6c0cd3b49ddb8,0.99055755
2ef2519fab1411527cfe3d0e3a9d24cf,0.4490897
54118e1dbf68c7b149f0503e317f16db,0.63461345
61cdb86fb8bf0055c842c034bece76a1,0.7783412
8e92ebb3dac6c5d515241c4f30408390,0.044944573
66d183615a5e0eb5a7f0e6a9583c63ed,0.043284375
78a1f20d0b69d7326563a6a3bc30afb0,0.036521614
612a798a5a53a5786225a2dad700cc44,0.27771056
2acbe5a1a7faf86b9cc7f1c15a93ad79,0.08878121
a4775e5dfa7d0a6561918ffe3555a122,0.96487296
f621811a8809dd1b9977e27d15b012ae,0.19734524
1cc807f95a4f280874fca6ebb6d9575f,0.19558656
a25538c224d14ebc88a3fa3d4905b69e,0.41911697
000e196b56abc832c384e151dd6d18b1,0.008803891
d54b6cd8e7d47f0a1237a91a79412b90,0.011599352
6f792db86a14ab3cdf902328126259ee,0.082910225
12c4ed74feb3cc9301f8692250779708,0.19733885
435876bb99836ea6b8af30d988c6f9f9,0.027939398
0e4c54361b6adca1f57509b1290f65f9,0.007472431
33270dec1aae52a70e246611733e68c6,0.055516757
cdbfc8107ebb63413f7a2193952ba2e5,0.09489281
85d6c5d8af525576f9c08c4a1da62135,0.19734214
f2ce7114b224c16e59f1237d1d32df93,0.0373087
1e522ad2dd155cf61af26784bb172d6c,0.00089454
538dd1074c81d02fee827d7577f98f61,0.19832696
a76205296b6474df1e9ff1c5bdadb816,0.30978554
285dfdf0f0eb5917b5d768adae227b33,0.365813
fd3503ea0a77b51bace2fd6abb6b9753,2.3320968e-08
73edbd1324b11f44c0ab0d0b940a673c,0.03095687
6d12df0081b196f3b01b996497a16503,0.9997023
7a09aed2c07fea497a810fade09dbb50,0.027974734
2a0dd9c2c2cd4f1fde39de2ecf765f2e,0.60628927
161455265e31ac7a31f2ba4e7c842570,0.0
2a2f896e09ac2c8a38f7a76f905bb349,0.04601995
83c595bac0acc31737ec229c6acc8fd6,0.14955854
6ddfc6644f0b1452e3013087acd80f28,0.20746796
b9f50022ac83f92db77005da6d885ca0,0.031938337
e25901a383b691c068c072c8655b4a60,0.1973391
f53d6f44c32f6ec445489f188f5bdbc1,0.022071104
3660a5a7913d393d0fcb95df4028e6ba,0.9745863
c5ccc78b81e0d0f63bdfe5f41671a878,0.06378528
654ab79ddb22c0dc8ef5b84cf6bfc31a,0.2075547
e6c4fbc96da1359afaf88f37d2ed8a84,0.2295769
2c3192ab09b559948fac8108c85f0005,0.4359375
ca4abd5c9f2b4737583f59a60655ca19,0.44946948
aaf3a2a104e83d1ae93848dd3ba4e4cc,1.3711631e-06
90894878a169ba324844a2e6ce5fc60f,0.11150259
32b3ffb3231bd37ef087b4b490ae1724,0.22949548
e9a5cfdadb14bf53a9180851327ce32b,0.45825657
5042c549a8e355e7a4301193f6d95bd9,0.041204166
46692b0c17af20fe670a1a8c052419a3,0.20754072
5f211dcb8d5e9cbdb9eb8ca5699196e4,0.21806173
4c67faf011eaa77f336fb9ee8d310e9a,0.23595662
bf74d85de2c93f586be682de9e3ed720,0.19642524
1b2c1faf3eab23eca075b74567741a83,0.20747963
2fa82afcc8dd4ab264b4d5574884faa2,0.4949255
bd52b265fa3bc0cc4d77667b1181777e,0.51718414
20bed2af02850d3ddeaf03b93a65f81e,0.028386116
a338c7ee81c41d00268cb0a26b8e4160,0.007281044
67c9054d98af8209493eb5164f0af1a1,0.044814833
c6f2892c3f3b7120eee9e75d38639061,0.029108386
03747e62f4f7f178a272c20b1ea634e6,0.67291296
051e5136eda2524500aad15e143e24e7,0.039496996
c3c0acd9883d5f0760c7b2cc7aa1c543,0.012676403
ce6ce61c650d60cf63da7df1f2c60341,0.006476076
84c1d4c0fb79c367b039179131d7ee95,0.017070215
a30c2b4295b330053c84f3e368e21072,0.0012859737
30dbc7342a021fbf1f85b6471b857007,0.65622437
85dfe6195ef47d07d8ffeeabd7a3e4e9,1.1616061e-08
9eb41a4c1c5fed5aba44d716f43b5705,0.115286425
da71264235c76c3e3d3c6f0272b52dca,0.99993944
fd2fea1e95a336d6e810eee5ab375ca3,0.0019455971
456fce100dc5d1ebba81fadd2265032e,0.19733259
c9f82c73671811b3859a767ad98dfd6c,0.030698204
b3c50934e43885f6c11c759cee0301b8,0.19832169
bd1ae20bc03d7907e446b0443e4f5aa2,0.031548522
30b928eb63a01e3a41c4cc6babc21d61,0.00016058702
7063004b625821fe10c22e5dabf3d4b3,0.5797453
a315ec21457905e966abd4270540d354,0.24834447
bbe164ab8809e55bf96d1e7389f0d400,0.066045776
58c0539d7a3ba6d0242d52eee89ac0cb,0.7506082
b94a06f94a289e9220876c161453cf92,5.6695767e-06
6351bfa08320edd9afdc76895959ec1c,1.93806e-12
21b2d1a56b3317c58f42b715df7c2826,0.37865132
957ecea1bfc335bbc9c6023cc7cf9b24,0.79992074
2119772af13d003bd27a801b2605e0f2,0.018965788
2290dd82a96602f72b2a970d1bc88fa1,3.6536996e-08
2f60ddf92ba96d0073a1b9a304e00f87,0.04163203
76e03d9590d27554d415922dd1c30d8e,0.0038285204
69d67e9bfa901ec882b20172e517bd2f,0.02818438
db51e655da559445036776153b3c967a,0.097898915
58f7d8a42799a251e099175c68705f98,0.20395055
23c3981206ce7de0bfe051df36353978,0.039964177
9dd7b51532c38be17c02ad4764f27fd5,0.025266537
6eba0e7094858880964c58e41c552db4,0.9506887
d5af605b3dd7e080dfd6144f114fc965,0.19832976
38d61656ab313543260f4b3192888a4d,0.07819945
19b7cc90643ead0857c753eff8be9f13,0.29929182
d9826bd1662fe957588cebe30767716c,0.16499639
cb3fe67da4c86fece86303cc344dc336,0.6401607
222945b6eb0d66f52b85cb12e4b533ae,1.3262835e-12
d6dc02923b4aa45b8a51ec46aca05761,2.1537382e-08
1a5224cc3ca9a34e6d04f0c12bd5eaa8,0.27276582
a4572c2d465883408194d01c71b1a2a1,0.048332687
6541dedec99932d65002422473af60ea,5.7808e-06
e2e742b8c1a0ebc96997afc775b57be1,2.0031981e-08
0f760245c895edac87f6b26dc9cc3d43,0.99975026
d3ed9d481a80e152b456949a4ddae331,0.0008212379
9320b9681b813aefb5905f381879037e,5.7379616e-06
124f7a8668639537e00c18bf447714dc,6.608068e-08
b6193d9450c02f9ae487dccff39ccfbe,3.6777124e-07
b2a2c666dac970dff47caa54320fdfcc,0.046276353
0f432d6a040d589d7e08b6b5fb217665,0.06442653
0b072875e76347e3474cc3246e5861c7,0.11997694
3ecfd9960178ff323f5641411242736c,4.354464e-08
d7dd8868b5318b516d22930a624d096d,0.17760488
3ac246f171e88acd9c784322655796b8,0.08675875
50838657084ec5f381b7f8afa8e7010b,0.021041123
a818e313be03fe0aeae0c3d890267c6b,0.57980967
8ff5268f5727330ef32222655e8062a6,0.9818014
b7b2ea18952ef5777c6c12e20f170a46,0.1832753
4e8d80f79f58ffb2db6fd6131413fbcf,0.048133895
62f18f49e82838edf026c4dd60725792,0.14889632
d8e019f2d529d49d8c70b68c90e798f6,0.17086339
25157d911fa66796f0648646ec4706c2,0.113606945
d6c7695b26c49b58d8cd89e50b0a2af2,0.3050944
7215cd4f3f1849d6fc4338f45ad7b5c7,0.0006384097
009232a990dd155fc4f62423aaf8eef0,0.002080128
763d87654096b63ed6469b9bf31961af,0.99968636
02652cc2613759761cfed13e7b52f97f,4.9332442e-08
4706dd93cbdce46436c16119b8dab1a3,0.0020934765
813b97fdb2dfff79271d3e1f24188afb,0.0008803104
0b56183f2e756ed4679dc5d785d8dfe1,0.022784254
c60b5f6c234ef1bc66b69daf4d2b22ae,0.007360699
39ff1ed979769aea146bdd936143b686,0.19833207
c9129b0b8173fe261d8d710891ba219f,0.20754893
5a396aeec56bb6058affccd15ec9405e,0.19833209
4a6ff00bfafe91fea6ce1411217be239,0.000102107166
00c7c6f14f4cf1689a4532dc354b69f2,0.86483955
4e8e8fe5532dcf1718736b6e609a7347,0.04551505
8a25856d5dc5fe62b161276ab51fe513,0.071843214
f35cbe9cd2185c8c392cd79d9bdcbd2e,0.007479407
8e62e143938eba7648a93fae8e254f86,2.6012936e-08
232994ca1c5030f064fe0195be541418,0.6001336
07e618bf82deb636131d0fd1fd778f9b,0.012145678
338efcef1c83419b0e74ba253378cf7a,0.98419446
735c03feaf8d48514b1bf1737ea1ebe6,0.05374106
8a46e69cb83847803b347b54a5ba0180,0.00015188206
58ed0c734b5c72067eb12f6ba12f38c3,3.360156e-08
4f74570e37fcc98370a223e9f8dd7835,0.34183556
e3ef8f0837b16fc4c7cb8ee195212968,0.031139636
2cd6185e868e5004aa3380c09cf4fc69,0.30653957
80d2a46a7e5d0a17f055c72d9b74342b,0.03936487
226b8c673b4bf2344a5679df56939769,5.3156533e-08
10081a7d6d00997422085bcc22cf295f,0.04385934
af25704d460808c4de53fe8846b97fb1,2.8018581e-05
519b7929bdb755311bc92f2b3683290f,0.009543428
f4d1421662894490698c5082da34a174,0.05879066
1b1d7c66155a4f1bd5ce20717f30bc74,0.039170425
b3c15b82fc5cef7ba8231d5fb71ae096,0.026710575
2dc35625bf141e43f65916483f0ddce4,0.026685152
c4bf2b8d658b8f06f3e70588b47e2026,0.31744096
8a87aeacfa09ae592480ec65e3f7e453,0.19279182
35fb7f6d0de58a7a6d77d641f50feb7e,0.17430627
5788432a2e647a2005176c4e6256389e,0.78238386
ecb9eb9a569f98d57e3b7ca7ab424ebd,0.19831803
8a954c7d21b641a487a8b3e7a99f4c3d,0.11373472
e7fdf973072b56a32920a38030f94929,0.026355397
e56b9c644864f3c47235c6ddefaaf06c,0.23147026
480b999407a9230db5c65d0c56b69573,0.19505319
790e250c4abedb0b9b944b712ef813f3,0.0023849516
1a04d8f43d8ca3a18b8ee2a10b050b7d,0.01556887
653a71b70e8e1499ced1df4e3320562e,0.4013935
3f2fbc74033dec117d100870a51d7075,0.03713083
229f32dc010f7b7fe10ef1186377e426,0.046619855
150cd8449b19f80834cd79c32668c2e7,0.047850735
d112f3bdc0c54729e7bf84c44525f394,7.414402e-05
7f7e8a88d2c53d91630e8199d8a4de03,0.030057514
13bfdee2c34a3f453157502546319d4d,0.0073781125
448f9f63439c8f6b5dc44d88ae299d1b,0.10216019
3f7b96e58a985bd749615c1c4e4e280e,0.1973418
773580eaeb9c289733dd39a19ac3fc1a,0.20747904
2915fabf66979af35a34129eada43123,0.1973466
d4610ba092730e10d86d8e859d2ee7c4,0.04556305
162c9db3bb269a4877c3e46508ae0bae,0.0013503095
403211f44fafc3cc1d64201029139dec,0.19389948
f2673602dda644a8d442b869b93542f8,0.5191445
c25418792a30aee3d540ad73d998f135,0.25475472
42270d725ae9a737b20c1fb647638116,0.02231391
d646a4ad7796c9552266f985119e8e86,0.94709635
368f45ce21175354f1292edc34ab04b3,0.74230593
ab0c8544d2d55fa1e63090f3cbcad56d,0.19833222
b86d5229e5783960ad6d73f3a0d2b1ef,5.524068e-08
abd6d71fe1762789f319a01a9cfb376a,0.0003451722
35e499ee1df87462f0dee7f24d5d1d8f,0.6519861
7875b8415a9ef450bea8d9a743166e1a,0.20755033
a7219aa507cdaaeafd5928613e9f3af0,0.63403594
babf17a04717da773e6a617bdc151c1e,0.012678234
92d2f786dc6d12f6af12cace4ececf95,0.00076619623
7454ad912e6a7e59d24cc4448c81889f,0.032189347
8dd10b45cb2530054680bb1b7048b5d6,1.189424e-12
9d73f95d16e5c7772cc7d3cab247e8cd,0.9996692
379d1f9a0546126df01e2062c35733e8,0.060071968
41e847f24e3123afa2b145d7d42f0af0,0.061059266
943bdd3b00abf228f783a0e6245b32e1,2.5608987e-10
bbcf33b118faa9d9f1c4ba4ea2d19b34,0.13538006
aaa4c1b25bde544d3cc6e6d2ae39afa8,3.6804582e-07
2c29343dd97ceba00ed3e342bd4d5475,0.19734345
d41dac6865b34a3657bda01293d7e06a,0.19733825
5f29a97124a2804ac4606746f5a91c62,0.1973307
f0441d0396082a78197b4c8e39ff6b57,0.9992086
0e01182e1234dbeb289b2704877b36e3,0.19733597
d93c74ce619056fda1f153021af2fdcc,0.03524792
eea4d00cb07e658a760c89b38cdc75a7,0.990397
e8411d7a6dc7690da52c947dd068dec2,0.01161127
b90d001004501a0e1d263ba0206b629b,0.0013507785
d7cdac32d6df69d7eaa8c564717f67fb,0.67655236
4569023516267e8c5f5d6c0c4372e967,0.032728918
de2a437d3d9c34c25420c8daf51bc731,0.9820918
0f52f8e80a4f0b3873e5902ac8869c7a,0.0024222415
341f50f29c87a408aa43739cdfdc0b70,0.043452065
8ed876ec2263e4a397ffa4c7cfb55654,4.4933994e-08
841e8a16a718ecb84ac4273ad135e3b6,0.012040559
e50ea1fa93e7e011d363b4d3ab10409c,0.20641907
23cf5ad6101fe7d67a2851b336521de6,0.12822334
051100cc513351d8e488e973b44d139c,0.044764064
145081d4b18a725dcb82f79f8f74f331,0.024475757
1af63be2bf1aab3a3899af8af08485e1,0.2931823
d927f99c79aebc57cd181663c54c55db,0.17642233
e757ba45dbbc94eb3c086f580d4b2bab,3.516257e-07
f2ae4f78e4ce7e5502d130ddde002411,0.56044817
696d844209c87860ef899b6f200f4836,0.9996931
eacae99014943524701cfcc67d127b08,0.021809075
412aab8e12f11e325c058fcd1dec5a92,0.7612492
9b9b2945f8e2bc95a4d0ccd3393071b0,0.25000948
bedc21cc9bb6cc278ba47dee9f32dc27,0.7998835
9dcc85210b6a54d27f21876bf7228816,0.019121153
622c7ee75827710a0a8cf3f4cf55f757,0.022866255
1ea294e7f79f737c01dbba86aa4a76f2,0.81726265
298a0cff973a439acd4c913acea39beb,0.037587292
6ca3f5eb10c4aa7ec6bd3d0275edbe36,0.01206849
93a03728051a0a301b6b0726a324da11,0.21060145
0b62d596bc6152833b90851128b188f4,0.031649355
4fd4624c7fc691f1c2346197bf15d51f,0.0335915
53e1eedffa9caaab0eea407a90b05be6,0.029161066
4e5dd5f3f97673742c691215f48786d9,0.081518814
1f2a69587a9d5c406682001da18724a5,0.87519836
e6a7bb83e0f6aa87eb042b11db068def,0.011865003
fd27decfe063471a2299c66402b62e9f,0.007436689
283ea70084c7867cb39e8a55ab3697c5,0.027282655
8488229a4ea0e44685c95e44ee9b5af1,0.35121894
74c75ed0492a1eb66172494ed4c23ebc,0.022802774
b85059c799ed760de71b3c35021d787c,0.21326049
b325197337585449e78d010e4b019266,0.012266114
f52861f41c77634faed2f0a86264708d,0.19734237
ff041263f63f931c23061b112679b9bf,0.00082448294
5386e4d12f5881cb6d0ec45322e78a47,5.645018e-06
7849ff28040572fa0b900605a859e37c,0.03395767
d6fabeb016a5ef8b65a634158d6e35ae,0.9694818
de5110a17d23d3f9a2491fc894915ca5,0.27902445
7e5baa35076dfd68aaf599ce9ec70a3f,0.049400724
bf35494288aa111093cdfaaa3621ac32,0.19734102
6df9699edf084f65eb3b253b0fcc701e,0.02232857
54e4c394a9908b34aa722ff08525a93c,0.030385014
4555c30f0cb219cc7dc7fec86d26b8f1,0.21354148
c345b3a03f554ac98a4a4b6166ce2c4e,0.8257033
f7f9bfc879301fb6123f88fe011e4939,0.028543258
4148bb54efc0fa97052d51557a1f2a72,0.012047785
d0fc93ad894e1d3db17a50d3e65c9f79,0.19832593
937f7f8f60f41eecd2f89a1c00218e73,0.03663928
df6cad8163fa73b93e27fb6929498dbf,0.9835315
c3d52a2a7d075c6a720ef2171ea8f303,0.1983355
07cccc2deb6b237214cf0fcf1fd38dd5,0.0075389235
6d2c292052e1b41a032de2f98d2b40a4,0.9997436
7f9d990a3c02440a13f2eb612c14ac39,0.041910533
e85fa975c8d9d31960e20e53fd46a332,0.09600676
ee26f0c94279adfd9655afa653de3f7a,0.056578647
4dbbdd7614b39585ae2f18a7bf77def9,0.9159814
4ab719958bd474c02f1e9d8cf126594a,0.22376923
b1291c5cf8e045fcbe21160a955063b9,0.3190598
68a1ca62f3a6f98298c496c32d0bfd11,0.3464861
6642516a2d3daa792e98fa1e4c710de5,0.012685816
746c24e3ffc81ec9b4d5ba4dab2e329c,0.030387675
78ea074d56dbda456281fadb895813bf,0.0024298707
45d45c9c36f1939b822ba1fb6449fef3,0.20747109
0724687758c287a859efbcf3d84c7488,0.021835824
42780c3c1df576bac269391d47dd3c5b,0.08638657
4cdb253d082ce3a46a3bd7192d3279c1,0.93390846
5df14763f7589adb8979d04ba912bc7e,0.03482405
b071ffa5f8773bb63b964323902892bf,0.05582294
c9d7bad45df94c20b206a8f2acfc1d20,0.6230423
140e96b506aeaf8a142a0a49b8e6103f,0.19554396
306709005b22d191b6104e219920dc14,0.2597476
8e74a4cbc5d8057d145e1b1110f717c8,0.2101055
b4405a54a0ed1080a51305d9c4ef3be1,0.19832444
2a3e2c53da5aba07b09cc658fa8555d8,0.5028123
c089df12fb2d9c70f93e12864987815f,0.04285329
8d9a32ee48e6feacd0c3dddebc163200,0.1983287
55cea0d8af669b7455a55370e555303d,0.0024283335
44d54df35935c46c499806b15a421e61,0.0007988233
48d51bb4bba8adc55bb7e2c52f91e1af,0.007514308
5f855c8d70cfeb3b2115c8c88832d4f6,0.012678593
502fa34f2a6f0ea38446a8bf2e4e845e,0.011497505
76d56e26457e724b773a7d7f43329b3d,0.2974983
31ba4c4697ab186a9e8d9fa27b733d9f,0.045042686
1d6215e83c3417c75cb37f4664a0ac70,0.054051705
6cb08d266995cde46672b9a9ea39e408,0.029609108
c2713a566a53cd7f538814a31f83d0b2,0.19733712
ef02c2e0a871f77df11a3db14e6e0d11,0.0034718018
d306f149eb911fcbbb9b8e06f8e89b6e,0.96067715
31e22ee36ce0a8b085e0a454cc3f44bd,0.19833365
4e7aadeec4a3b243dbda1f84071eb6c6,0.5245539
c55171131c2cfe5518691ea327e995ed,0.2079055
08e5a8d32dbb8977ff3b3e25ec3667c2,0.0023813066
09dd25df9f6224ef8fed85f7ebb11bdb,0.10530068
37540d42adc13ed01ed6360c81191e54,0.011567225
9d8d96c44154a77f8b491a206f98e818,0.053429615
36827d5a98a1b6446fe2a56d46cc710c,0.0
ea52a9d684e09b0e656c04a04dfa7d18,0.0037723929
0a645777b3ed9c473471979f2554af56,0.190521
3cd4ed2dbf72e5fbd54e78791f124577,3.232475e-07
232d8062912bfb2aa99682fbe52a6f3c,0.112040415
437be4f12ec83b98222058f30ccd966b,0.0120506855
5bc9644b1e90ca65bf303cfab98593c0,7.1578995e-08
cb854590eb869ee81eac83e48a43eb7f,0.040144928
3f36e3afed42599d6dbc9c6b7be964d2,0.012684102
57cdb03fad45dd4b8105165c9fcd42ee,0.1927818
2731b184320dfd434253411770702a61,0.19733416
4aca28cad88ca843535e9796aad9eeea,4.3015554e-08
3e5d0a75795b84ae2e02e841b686619b,0.19158569
c8f465ab6ed820ea1e4f7aaa9edf046a,0.80460644
f645b526d05355d682f8da673a7e69cc,0.0009891157
bf6df5d09c48270e236b4685d01fa347,0.02477381
f090650b7681b22896f827bc38aa6294,0.044165924
12929aa884fbccbfecd81b499c0543b6,0.3089618
f7b8c9b8558509ef7fd474aad5e18a73,0.99945086
7fe5e70e5a47d33b8ba92655a83c7b97,2.5237574e-08
19c64b1c13e181ab2d53ce17fb423cbd,0.23120224
8202248ce1537e9d06d8dc2573df4b4e,0.2295334
af1c1ff62cb128f6a66646a148dfa212,0.24889049
b2a5258855675eb135e17276bb760e6a,0.044159018
7d43a59e66fd73896ecdb81134e06a05,0.37760073
5149291752eaf2658cf1d4b9952cb147,0.12613659
838fbdc15fbf118aaa13f9072f633d09,0.011591436
f74d3eca3d88de260e07872204debad1,0.757695
6bf892e2500b7174d776c6a754e95e1f,0.011391571
d0ca4778367e06b59b3d97964ff95366,0.04247755
cff97b5b1f77d9e13d5bcd71e590d8ea,0.016262602
0b7f29280a4e75f86063dde2eebebcc1,0.64873046
3ab495ab82ebcf0a920d5b2ddf342704,0.007446999
c6687ad83d4e4c2d86c26ce1731c4aad,5.7401753e-06
8743ece578dea0375cbf59f437aa0f3d,0.00838489
b513ab3bd67a45133563d1ecc0432b5f,0.19832423
7a9ee330e5bf0673d68599eacefb3a79,0.3978959
83428689eec5f0b222b6bfe45b093a04,0.70999146
4a519deadb394ddc14c6eefe7edf3d7a,0.19734347
a23e7a82e4bb5eb7f7f1cd010e73991d,0.01155817
6eff777914e1a3547fb04b5ee9d2721d,0.011444629
04033e1c66ce66db8f93a63c978c8103,0.16281064
b3910a0d0009fefedd2e040f6e5e6937,0.00086281094
cdd130279c3d9044a08d8a3f66692d7a,0.028604472
db29e755244e26afee3fc8b17bebb8f7,0.007345614
73448cecc08e3d0ffa3a79a840fc4819,0.21311839
fd4b2327faff2e1d8a28547118705a1f,4.068709e-08
2a010bb9775bc739ced3d34f4c0e6175,0.880772
fec9e762a3dd467f560b9e0e847fa720,0.011911569
033a18ee82b1e6d85c2ac76b91f4d401,0.20753035
0f6f5121b1ddbb8b877c6f47cb4fd290,0.1342157
f77d852451ece8f8935dd72ebac14d02,5.726445e-06
0224ffbd4cdad168a6691cfabd13f8e6,0.19732693
25438d5f246d6817b8e44803bea72a9e,0.9999501
0f7e95876bcfecc0b49c6320f10414ef,2.9841843e-08
dbc8d8abcebcc29a1170dcd0340fa538,0.77220654
b0601310d9fe25b4a568a9c34bcbab87,0.011714375
6351dd9044a1260e6bf137e46e58190f,0.19733009
6aca4b4dac62564eb8185fb31cbd4caf,0.00082441856
159d5b0edfe403d39981c1807f483c9b,0.01157928
dc02490759afd8490332f64be10facbb,0.14411281
4c365f4de0f5fa37f83399ff99838c4d,0.33911547
1216d0a69aa7b6feed8a04d5ee5526c6,0.67124736
dbf1173c60753f717f79d69509b50d71,0.032355495
0375798f1de1de8bc7e9d8683f5265a2,0.40546006
d32e4d40562448c7e777850cdf4b869d,0.06385537
ec1734c878d900832034fef4f65b2b08,0.03696354
49f9a18257eb302a7aec77f789214f7d,0.28426006
486afe545e51cdb23d5084c1eb6bc3f8,0.025191924
bfaac47be90cd2e32869465d9bdc56a6,0.35733485
8d71be79464f78709ecd4eb27c3630f3,0.18504357
ba843f24d0ed07cbae0548aa525fd687,0.1418815
9a2280dde46a5a8b4b66d5b825ce4f13,0.033244476
1ab860dc02f1f9026db3aa234677afc8,2.206039e-08
281aca60cad370863a965a1cce82c09b,0.47271377
bc9d1073f2c603836b8c540776712b21,0.007530612
5f2f356a4befe352d3c5702ceab2a3a7,0.29232973
0b3376951573dc47aef1492856f3f750,0.008304598
d063d4bc24cb8443592a5994d8d957e9,0.19765088
4a36783ca3c2afa3872e1d171bd018bf,0.24834251
f178bd5d9f29fec77b80eebd9e9913a6,2.8164616e-08
04087aae18bb5efd78f262ae726a1f1e,0.19734657
9a74274091fa01db626e2f44fd5cf154,0.040386006
c74df9b0d254cbc31ec79b3d652d1274,0.045092143
cce362ca1b793a5a7d7899adca7999be,0.98014104
cfca5326c495e3a0140769aa7b27a784,0.3743392
eb9ce2c8011b9ce19e2588a80aeea262,0.03325716
9103cb4c7550d701389224861b4209c5,0.0075310045
524e5810fa860514a469f41db635ceae,0.18397874
05d89856d4137b37e87b084f82ea7a18,0.62560064
100ea32503c4f5d9218cfda8f0ad3615,0.011500901
b82f850de022084de0baffc20932d184,0.028345471
30c348f7c56f98b90eb89986d7b39cfc,0.049739312
876b232f19f4e5a9cb5068763a61b586,0.06325722
71806a2cfcb2392cfeba53d21e1512fc,2.2795862e-07
541b6e21097b5ad334b9340978de82c0,0.22822571
86fe00d52a3eadc3e65e88e1a0abc938,0.7575823
e48417ab679cd5bd5a8103d5cb0aebe8,0.028719146
efa6bf2e0f6b19dc4fa7e288c68c1167,5.8099185e-06
5c3caa890959997801766b64c38148a5,0.32404965
e1c3f0c278275ae1a9c84d9f3e932357,0.044323448
38ecf0901a99ebc3248bd7084ef5a55c,0.030701289
b1f99be0c7f07ec4afcb233dfc3360f1,0.012044331
629af3704a240c1b344cbac06e568609,0.7903131
fe29adf430778b9a841fa24a19210394,0.012274003
59a8dbb0befacb245e03856bed011311,0.6155977
e3d64f93d6616f991207f3e22862ded2,0.19734384
2323dcd0fac16e41163aa4a8ebea1ee5,0.026820654
2654edcaef9bc4d2a4eb85d1a401e8f8,0.19733365
6419898ee8d895c22b291360b72d3c28,0.0008791525
21e5bee0cfa53e2e5d4f1b32b3312f2b,2.4626067e-08
5ad94583ea7af449ad1be52b631124fe,2.0487555e-08
6b0621892a5617858b334377caab4d28,0.9839839
55ed3124bfca68d572adf839ae4abb3e,0.29083675
59ed46e6a84941f68175f276cd8a8cb0,0.10477284
944fe7fd7509d15e62eb8e15e6fac944,1.4130697e-13
80aa7a0120142cabb93ff77622d4804a,0.004208795
a7565557fd3416e9347159b42249f0c5,0.7998891
e4fccb0f01fcfeb171b3783ab094f21d,0.99946177
c2e0c6f0737ee59989076455b6b8025a,0.03756451
5d204086f5ffd04f9e7bf60fffe0f9bd,0.17755482
e49645bef664555860c443a459866f4d,0.22785302
a0bff4ce22f6d4a9619d8cd8b29fb4cd,0.24967365
01f357c60c576731f7416f9b14dc3820,0.06405715
330181e8357cf61d9d35a0ec1d629d66,0.14615788
e4e004c6d4750c8780f46c432905aec8,0.20744434
10ff55163265005b88ed3b388be907c9,0.19469123
e7a7789d4af7d7844547f4abe0ef1828,0.028391864
e5df74fe5ff6c0ef0c0b002ad41ec6a9,0.24751326
7349619f83139a0806399376550aa08a,8.8341345e-05
0663875891cf5294b1b9d6bf32c56066,0.0011981826
40a9cbd8ca85c7369d697773bcc6bd51,4.1320426e-08
a258e8a5ca78f2b87caea0d498da4cb9,0.9913524
6d863e9a01f2fd007cc44e7867489440,0.013857728
a1f7a0b9256db559e562869967c7648e,0.02860862
a036215e30b455a6acc4a06d3243625a,0.19735259
db2c563f6a711f9444a6be1dc01c5cc2,0.028484944
eb312aa85f8a3df426a08abee11037f1,0.03546475
3e7e1c83486186ff8ee2875a1a2f3f2c,4.1227175e-08
fee53dbdc87e4eaf4918f6a674b1d1fc,0.9271905
d69b0d7ddd16bda77cc6aeb7df3f49af,0.30831966
70cd298d7833bfe425a76b01f858c477,0.040501576
7d0447af6b382c6cea61dac3dd63abc3,0.98413086
e3754754d6a47e92accca838968a97e3,0.9843214
9b7b19d5b3931a66b4e5ae316b4fb078,2.4099155e-08
532c114acca38bfd0ea5fef145014220,0.0023819353
9d4a15cf1f066020964f8c41c625fa1d,0.14336857
88bad78f3e083b19efd896cc5291cb53,0.63078797
7b7c563e63040470c516bd180004320a,0.0023812286
9aa9cb2c83b5e3aed73f2e590a504f49,0.19534415
3c2bf1e13e4707d320d6c467ab3c37b5,0.077124216
56b3eff0acafb24da02aa812b036c8fe,0.0073675127
3c85d0a5da2ae9fe759949a0feb70d3c,0.9766452
8697b0e8b364270f73fc4767f5814953,0.42599717
60e93178b7378e529c955248f1363b09,1.3253184e-05
6d45a5101db17d1cc7a90f788da4e0f0,0.14011966
b2e2bae957538f322ed9b5820c6ff1d3,0.058234196
8f4d29c4338b36b84aab49c50146cd3d,0.036412828
961a6d2afa975c64208c617ec45b93a8,0.2515754
7f1e1f205b539bf3e37a9e7c32f6fa9f,0.24200387
f7602aff89cc303af48cce1dec072169,0.19734493
c2f6871785c02f421168de86b4f45a8c,0.1082163
ab5f55161aff380b5f872d7af1df50c8,0.19831085
081f97ca3fa89f4b83e489dc89c71178,0.040687747
d5f2d55dbe87e44639f1b570ced8f927,0.06827508
fd81423b86d412bdf19f47252a45c990,0.0032950428
1df08b8196e5b3f706f68cd653d675ed,0.00403537
e6caa79f6e2e1204a1992c9d8bae09ef,2.6619883e-08
e01b38a7e3c6d80ca259558ff42e643b,0.1973324
3e7b26320b5752595c602e273b9ebb99,0.3066423
46c50c96ca6e808607dcf2e80584dc00,0.002652468
fa502ab9cf1e25b6a35c197c307d1ee7,0.0014325272
af4a354b9bf12f421b2d4658f777bad8,0.18901697
dcfdc25d10c9b47ebd805aab2b51b259,0.111539744
c2b3690c6633be00d161541a2a648579,3.2659878e-07
efba0c0a3b9383f876eede91bb1e28c9,0.15253907
7e0ebbe43afe18555dbaaf52bad984cd,0.64435804
a6ce4854a5f4f6e2d801a8aa4e7b7fbb,0.037450477
0e8f0aca7996f7ae271ffb0546785b33,0.2093929
e7d0dc0591fe35f849c1d9207cdcf343,0.23458898
19648d051b1f5005fc8b31e4ebe5d5ac,0.99973124
4416a325b3f25d4cb4e35f5292513873,0.026457582
4aa9798ac88cd4c133b54bb2b224bead,0.45479718
519f584a8a2577c95c1492f096e065e1,0.00085626484
84b70de611a7b72684ef03ea466787be,2.7556263e-07
44c9e6d3abbb0689150d8b56be2a78de,0.20053741
b43d0df850426d0894cff1cc0b6e1721,0.031599253
435c7d55e49fbafc88f4702e30836acf,0.14968728
408662dbb26e8165a7973c15315eec52,0.2428724
35328b37f1cabed84b1cf4a3117b500a,0.19733241
53b84cd6c4ff0226c337d78ffa4f2192,0.2074643
6a18a922e4140fd7a00aeb747619daee,0.15980697
f1ebeec3e47ca75eca77be511f6d37e6,1.50474225e-05
adefb0df0ec42ed4e0392c096bb7e9e8,0.00077877764
b460d3fa3a64c1893b8dd17c50a190d1,0.35176384
4a72e29f9cadcc229fcacbfc51d56445,0.015340689
f93db6c0a38a055b5fcb86421547979d,0.06585219
3e92ee4561d373ce97216fd40d84d9f0,0.0021465977
63077334354a5699b39a38d4d6b2cd56,0.0023945714
9f244425bd4388e0acc777530be7026b,0.15505311
0951952abad0fa5e50327aaa3c630977,0.7878511
7120ba7850097ed9d2f8244133906d2f,0.0017813494
2fd31604ee4d1e64728f8c358d289022,0.20053668
2ffcb453464b5b4342adb6c92924e3a8,0.01204793
4754566e7151a021c852ce4bb263752a,3.267e-08
f43a2d0791b9c64607e3352a5ced7a0e,0.03182023
9448d7250c53ee184681648048ddbbad,0.076758504
734e5fa71c7799edb7cbacf0c52235f4,0.29462177
e77024f39aadfd4657e3804fcbf38ae1,0.037197165
20a1de027f2dab46e86dd7b607116bcc,0.5816698
d5f6aa63bf4a99b0797e1918a86c50bf,0.0025675667
791431b783dc8d1a884e09c5818a7d50,0.99970543
d43feb587b678bd6539845b2b503db04,3.7948034e-08
c1119fac5824e2a7090ac6aca42c3128,0.044933964
0abcdd8a460106fb7185377d9b3c7e0d,0.018636089
76a5b8b460c8b1dda6e53d7f888cce69,0.029484134
75806b715764e196f56c81dd7d682a3c,0.1540998
76b2c190b7e2f7908ea8452265cb6df6,0.22948809
b07cd37aaacc4318aba28acce9b0f4bb,0.012272906
bfbbfd2fdc77307f688ddc285d5f78c4,0.23210816
f65cd2530d51ab80cd6ab476a8152c87,0.20754234
7b861056f5419f6ce59b9b515f2c0ca8,3.5097284e-07
3e0fdd72eca4e72dcbd5da84940bc7de,0.41376662
7a4b37c8dbaa518d3ec9130574413a9c,0.05067029
52fa510832f80dc71eed256528d3f79e,5.134563e-08
b33168166a26b829ad77760eb1232d55,0.04371716
e3ea09902c1664042b3303ef65a8dce2,0.20048442
702021ed7642a2076ce494172ef0dd4d,0.011905143
c1670669a3855b977b30cddd609170d7,0.04803061
c1860a2d2e43242f669870b16c4d6a1f,0.19832548
90636c90cbbbf010ba0141d421dd240f,0.72537315
ceddc24a643ab5e0fd88f8406426f344,6.790184e-08
2d5095595237da14c53e19e59eeaf1b2,0.4311896
86dd73b5395ca20662431b83a7e166a7,0.12723805
73e6e5e49b2d9845cd708df0b0b21d97,0.043340947
5d8450ace9923cadbc594ca5e5cc8f87,0.012678817
7b94e9ef4a448294e1553dbd75735d3d,0.04197082
9f482b65dd0e902813c93c05fae1395e,0.01582944
cf23952caf910b77b43ed1cd0005817f,3.3044165e-05
d6c93e1e2be365c302bc0ce4042afbe2,0.41528875
5395f8ce2476a721b90ec8d47226563d,0.027695838
b49263c8aded148d5902fa4165214ef8,0.011442961
42afde5187c5a5797f679a47a6820b83,0.3720152
78a60903cba31c78c1e80ffd8deb9cf5,0.2650879
4ecafed080b6bf1ab8a4b8d1ff52b38d,0.05899005
9355ea5f53ec70c1d10bfa75806bfada,0.047309916
a626cae40d3f5602bc534038a09fe686,0.8688142
3696a15f2393eb46e4560892ea513f2b,0.634585
d4c3a9f52559c928e43d7bdb8ed1c860,0.04842102
46f0a0c0b00e26ec84ba2c4376e7f5f8,0.047046877
71da1144f17dbc9360af3f61bc31a140,0.028995877
fab55c44783e0c34ef6beadb626a435a,0.5232864
5457306ab4bf6cd26eff4fb32c4edff9,0.9847819
945abed7394bca85de478e9a0fdf9eb8,0.0012754872
4c4a8f03b60bd055419a904e537c1443,0.28215915
32add9b843f19263351a97deb7d515ba,3.5019877e-08
2e163876a18e2c45bb57941b6f8e5d25,0.009359667
ede40966de09aeb5d736832db7dcb950,0.00035164953
7c47866a63a59ab4e4b5cfc7a4848a61,0.9852005
61277b99714fc6516a4d4b2e4859dd3c,0.26110217
5c746d6444f470cfdc92e050b7716a1e,0.04237794
289eadd44c4de029f27766f7b3385e8d,0.00078644464
fa571ca2ca36e1e4c9be47594c073969,0.34065008
347a7c43cc751ead09864e7e83c5a711,0.027106479
a0a4054e0eb42f21cb959257b8f72f49,0.04007719
b5ffd7995b318813dfa5513f9e3fae64,0.1983369
a5eb4750ac22f80f3033b5cc5f3e6db5,0.014150582
7d6ffeef2558112ff51eb2b449921c04,0.5486483
d401c7c41f0167dd610928096237bea2,0.02902401
819aebd2ba358c1e07b1a28a5f953213,0.034420658
d13a5a68e22fb6cb3098d1e75fad941e,0.13278988
4e90094349bf041768edb34d90941eb0,0.6937064
dbe7db4fa095c0476cfb1175e318b0dc,0.011549184
c3dd98bce12a63b49e2816364679b435,0.027536755
e6bc02c3c0e0d679e3dd566fa9b35ff5,0.0023854594
0a3282836d6780030c52ce7afe34811c,0.80627745
9b7374165c70ef66636aeff75f97f02a,7.397283e-06
8c15714dbaecd126a0293e77b0de0d89,0.3909524
08a7993c35061f1384a5c44659d99ec9,0.19832376
e9a18f8e7b22cea0a70a34d9b3a693a0,2.750579e-07
679d2f6cd574313fb672e2cc944c83cc,0.034547698
b79131e9ea4f702c75e80143be10800d,0.002386629
fe886d5244ad15a45b993f290e03ae33,0.4034508
882b539dc29b462e8d431462d9846fad,3.8150415e-07
75c73423e3b595d3fefe22f48c25cdfd,0.01154681
6590056255f07cc8ace4071e75e872c1,0.8340254
a0fc146422a8b9fb9000db1e92517b2f,0.03882768
3fde81da89c5a97fc21f96d922252811,0.09710399
4fd339c6ea2d43baf99e39c07c58133e,0.14306211
3bfc14aff59745559a354a8bae4a88dd,0.53955483
d010cc8b5ccbbb0290b7f4d53735ecce,0.012685277
fa6141f82b131d492c0a928d28f84b64,0.0066766078
cbb437cc131602f8291e4a54ecb10bd4,0.038382567
6ab81778399433ae46373a87ccd5d780,0.013244596
6fb8c3748279b1d93ddeb3395bcae350,0.49284154
3536319578891769cc0b7e92bf5c4ece,0.28903285
5d2f5d67e2b0c7d0a554efcff05c6a42,0.041322894
36f0969586878915aaef2cdd3ac14740,0.00044440082
714de7e04af1bdc758759be3bcec2166,0.007530415
41e4f7e644b03e9621a433e3f0d2804b,0.19131334
f625a962af060abb7efa2e9b99fa2b4a,0.32682616
615ed353f7a18d3394a9867dffacccd0,0.00016417417
bae6d59d53eaf1d21adb4f8affc11577,1.1218899e-12
3b1ea33191e318401f59de07063026b4,0.06806667
d89f678b5806fed9296af39f6c2d24c2,0.29773158
392ac10185e9f1237c7c0bab653b2961,0.14302088
c761604a03eabbea0a07e1f25a5c0efd,0.39745337
882a51626be09f81d3c0ad209e4d40df,2.2849852e-07
0a17ea4c88f4e8fda21b2d3cd6f193d1,0.28744203
73e2ad24334d47ef0f853c40000ca15c,0.06614179
967b8952ef2a1eec49eef9e6b6f80bc7,0.009448806
f44e8faba55a7fed1c79082de2af77e4,0.73987293
7b4e28e5155cdad0667ea6e27a23dd23,0.21984258
3f5d601b0dfd14d3824c13cde4d29461,4.520428e-08
bf9a1a690110be2f207d8015292d14a9,0.5610793
8024f363f84c1f405d96b892dbb6cdf9,5.7305638e-06
0c91344cd4ed55ccf3f5dc70a5864664,0.0076161465
5e5749e4afbf887ebf758ce87346dba4,0.7478512
1e211eb36344705a1a8cd4e328e9ef7e,0.012045841
b1bef837fd136e3d9deb82190669d03a,0.13889043
09bbaeff841fb8eea616f9139b9d0bb4,0.0003411242
a3bc23005094c416ac5303ec6939d93f,0.0011525159
8c505bb041d26363db298315e6ce77c8,9.01708e-11
d630038ff1eb99c4ee2b3e0bc94035d7,0.19734304
5c256132b37fddd5c167cad91932a87b,0.19833826
8e0ca293d9e43bb1753fad6ed8296c8c,0.032424845
d1e86a9019d83520071b60149eba3208,0.7564697
63b303964203bd30a4e33aeb53ef1ee2,0.09124862
e276fd555b88b35d700590392b96b041,0.26417765
a529cf7299479a9d465fa90c8f064132,0.049178135
94be02b01e5d4c017dfd202f2c5407ea,2.2387792e-05
86e9d7a862f473d734e82c12950c5dba,4.500159e-08
7b9b1ad460cb6d1ac628ab1ef86ea2a1,0.9858408
8a8e2ba14978b912df815c6fe80054fa,0.19393083
011b029718c1c7de1bb0145f26f1e57a,0.19734201
6e442ac300cdd39717abc7bb4e74c89a,0.04720448
99d78c73f03bbfee52f3551c1bf11443,0.042469386
3ce22a64b84b46428a03b5bda8a39223,0.22969607
a4cc5895f3326803f20ffac09bfe27df,0.000894026
1599dbcd82c09368ec6ca9d3d6e50d1f,0.03841778
96bac13e8ccc99684cb99b4fb7c8ac87,0.62785095
5a3b719266ab0bf4fa3e48513932c78b,0.011407488
8f311750cce7a8b275c281cdd93da436,0.0027257076
7c80b6ebb14151bd0b1069ea05f799ef,0.19735844
6b8a56b74f1670c96876239a5ba07efd,0.6322316
0f524a6d614cadea1d746f9374d3fae6,0.032125615
1e7417c4534ed014d2c569374fe145e8,0.01157915
d5f229633d0925d95adc51e9697f8619,0.1767587
d2eff9c65e84f967a987b8200634b3e9,0.035042983
110f98779202bfd2d426e2f54a53a61d,0.0011403783
565c5ed2d628237159895fc2d3d0c902,0.03256375
03c32f8f6f8e06ee364b2df28000cb83,0.7027953
98501f40768d2af42017c79368a0695b,0.11257746
11ed32693cf52db7fe5b6fe729ed806d,0.32356367
790ab42143dd499c56b1e450552015b8,5.7690148e-05
7b48d4c22e567394b57bd3019f6142c3,0.2074708
328769c497804d5e3d13f87ab9a2e101,0.031153101
84097d1f4478bc773afb8833cb961b1b,0.2948839
591ed5d074d60dec3f697f8fd890b31e,0.010660742
16dc8e65ab6cbd162ff10f5d164d13a8,0.19833992
667d724cc995b04ba5a41e636e86c557,0.19732703
96c33655281dd6c51c550c0278806568,0.62304133
b54ce0b8259a143f2d0dcc4b6a5f5e59,0.98633736
3639bea8302912974bb063e3de355e78,0.7999248
fea6506836fc8dcf778e9ee1bcd255a7,0.97012347
f47277033a84988aeeafc8c6209f5ad8,0.28796878
17d355eb3783cbb7ac9e7aa0179ec3bb,0.046927556
c5e10e36878912158877d3f01d01dd29,0.56262887
7c35e5ead7537e6f038950d2b331c4ff,8.945861e-07
6ac42447430208f45468c06338fe98f0,0.0072279833
68ab7e243253d6c38c8e0da1872c553f,0.022347841
ccb03ee720c130e73e53687c731b6a4b,0.19733886
334255a931e791455fc4f938609361fe,0.011620205
051bd51d51b44fbd40ea2ccaf149574f,0.90943146
899d288d16885e6999fee108fba354d7,0.10408588
c071a9728985a814dbdf9c452edc311c,2.9936167e-08
3819e8355519bf5ff476479f1012cea0,0.3437958
88b37118d84520b80a9338812d296201,0.20053296
9d81edcf8f714940657f176c535e86bd,0.002381533
b4ecb76cd95692a39a10b1b483ca91d6,0.0023880082
ae1537cd05408b3a56ea6cc9518a5dee,0.035126757
defeea926efd94850f56fb9f7fab83d1,0.6578112
25a46121d308d687867ed4c24e1769ed,0.24198857
2e3656b9421c8585e149a2136fb5b9ba,1.272119e-12
478682671c2211517667af3e071c0514,0.1096557
050642c08cef3e227c2b8b84d3fec94f,0.01396918
d8d2ab7b5db4d4674b0bf6c98b8ba46f,0.73687685
20dd18acd8b2e087e6516c913aaa7244,0.99680805
a013c1eb36cb9e4e90ec31c64c45d56f,0.19732997
913727e2fde95d6b69de7789cc2524e3,0.20884795
446190ceacd116c41589dd22973f7889,0.011656101
dda77d4e2bb4443bfb91fb90137ae4b1,0.19831839
9a066da33bd5d137208eeaf930c8cc68,0.030516852
9a38216590ea41c6de7fd555e9a28dc4,0.01156385
c800e7dcd094dbbf4a6d435cac7bc519,0.0398624
193507cfc67fa4e5914bb5e82cb24e34,0.32395566
e63191e3992f87f4263baa63d8d7a82e,5.7700738e-05
e5d26faaf8fcfe4435ebda7e4fa0faf0,0.041875597
867eb03324e1d467f2f919ef54d6e3ea,0.13456033
a3a281e96fd255d9a90c557585acdbac,0.1907647
a073a285f33d4e46dfffeb9567834135,0.044703156
d7fcac91706538e7d29e7347675dd0f1,0.007349572
24bffd24103a5c26350fb81df6909705,0.045907147
ada4e3e3851f44b55a4a2f15c0ae4dac,2.3833355e-08
7e19c88d98914a9f0f2dc764877f3552,0.99973786
32919cddd0d8cbf673314d4b4a1e569d,0.07228251
a1398c0516279263214252242f88ddf1,0.13077655
ab540a2ad27b3870d4ee3aa9dc6d2447,0.007701926
9e57e8952b95fe17cb80f90e8af35774,0.000807877
e8bcb350f12d1b3e6693516c169e3604,0.35137165
8989044572f2b051b3db0f883812ecd2,0.042953856
957917a749dcf9de30989fceef761c81,0.19734642
f67f2923905c06011e76aefb156fc870,0.074277334
5682842686cdddb945e2341cfe6c2d58,0.30621997
43f5da0929e8b68736ca3bf4369289ff,0.3779536
84a71224b6a099e110721f9b06025a33,0.09006966
600eb1a690cee125ea9d145338bbb8ab,0.66260254
e8e3dd7f0e8b1ebf6e495310ee189467,0.99969274
56c3242432a4d1ce2ccc729ba325f075,3.2574263e-07
9651a59bb3d1525d50307ad8ec245e09,0.2074558
2b14599ee7a4c4a18099c67b292fa518,0.13779101
57df2d40ce23e548a9425d5741cb602d,0.03355835
8ea35cfd4d6d6ff1619fef27dddb53e6,0.012681181
48d82529dd2ec58bcf3392ffa46dfb94,0.19764933
e6b49bfb1b40525b9952d3d600752b76,0.21125913
e6b9ffa6a9a0089ef6a660dae6ddabd6,0.012668009
d93a3c8723ef8c84463c545da1408d48,0.19831075
26cedf5e1ea2be8f3d710d47412d6027,0.042271696
2c568a8ce2e0f3ab3c844fe78965f63e,0.015338796
57d97b86a9154e7e57ccb06b323d944e,0.13805059
73e085c2094675421a38514092181bdb,0.7346503
37f18c894e23043a8501887534832bfd,0.0038309358
fba00e1af91aa254f95f68641e981543,0.20147073
cacc455d24c07cf92f52cfff4c63bc8c,0.64162654
6bc085016815a39bb9e79a3aa0500c18,0.37571833
ef4f33c8e99dbe380fe8f8545149c231,0.32959852
2b4f819b5a42b18bd38077e35bb3a9b5,7.954107e-07
22eb0141795ce1cd55a16a94e56277d0,0.247009
f3a7c04cd3be48d3ec424e3bd0eb703a,0.005197848
59b5bd6875fbeb5d6261f862e2b35b67,0.008229783
5c54a1a38b431b2831a9bd692f5e27c8,0.034895908
6fe17632342012221e907c610082f6dd,0.43530655
0dbd9266b2f4ff9d20b8ea50b706b061,0.98621094
9e7bbd8d7cef73a078dc29322f3ff518,0.6851518
a7607f7104ba7511093d9740c3026a03,0.22772932
04ab97ce8ee66cc7dcacc03bbf576f27,0.43182048
5717ab1d040ebe74b964e2b4b8918395,0.99973613
c6b0415b1add42ef44bfdc990c546200,0.04913722
4aa125b0ea0f4e36f9a2da26516e0e87,0.6350645
c220c292aac2fa4680a57eafba7e6ea8,0.07776867
b4019d2fafd8905aa8db32ed6cf499c1,0.3873373
9d6be771f7c816b83faa5e2d7f71aefd,0.0023782372
958fea9c40d6f61a81eaaf5f401f226c,0.080949575
2b69ecb4a2e76dce5bc60a44aa715c23,0.08633651
00d71d541bcf6047a3901a6479b85a67,0.00034856878
97b5c5be9d2402756de20fe22cffdf85,0.030662324
d226c7c84fd0e761b056703dfb8ba612,0.20746323
fafb2e3ec8493ec0864b18a1d13df960,0.9192785
b23e1f2149116ec8e373ee4c53f0ab1d,0.99895823
c60553d6fc03bc0c4ac50ae2bec91768,3.247602e-07
e97fc659ef0cb38277a744e95bc19cdf,0.07763864
37599d377c0c97ca9ce827cb4aa236da,0.21222389
f0de179354e0c92a9ce1cb7fd9e93997,0.0025510287
3450446d22e61bf0461275bdb08245cb,0.7792835
f2d5ab960a6cf6e396ecc298c4d7ce92,0.0076359794
045769600193a349740424ee2151b091,0.13981223
a4a014a8752d8349e8e320af46e676ab,0.469836
8985ed778471018baa72257301d6d86d,0.012680994
391faa5f559e0c558b0f26e564c16c7a,0.02735098
35394d8f15020041e7e893f5917add28,0.36317858
e6ae6a87334354554dd73db0cb256cdf,4.758135e-08
d97c7677aac0d030f9077864578b3a6e,3.7206938e-08
cd16d2ad9fbe07830cc736e2ea1cd5ce,0.19733071
107105f88430154e8d4d60eb3ec87029,0.5966878
d0cab4f183de5ca359d1573448b23d27,0.031513583
3fb16b1eb89c2a888af4ff93e0cdc498,0.95733786
43eb6854c62a92cabfa37bab300e62bb,1.3786409e-12
be3cb920a3f6cebb62d219568d3429ac,2.3369652e-05
e2cfc2ed31a35cbec46b084008b6c3f6,0.94349146
d24ba15f25bd4788e97acfb8eecbac41,0.39259714
45b722d9203362cfbabd1b4abeaa59a0,0.2005227
8fe971d46070830bcb9e82952dd67f5b,0.04518468
6a0c0ca1310fabba1e609c2b136d2e68,0.0057970737
5fa0867be2b90425407c0e33494da094,0.19734469
b34eb0b52e341e8455fb2042c218feea,0.011576946
3371fe174f5a140c040ccb0275b5861b,0.014480348
26e196da80a12ec13ed4fca14d2bb95c,0.0011109713
d228bd71b78b32cc9df7dd9e139c9e92,0.2723845
d760834d1a2f8c65190148bb06ac1016,0.012681322
3c66532daac49acac5cd14f4e0b5b08d,0.016456213
6d59f41dec8325084bbed09a21cd6128,0.26695126
84754432186b0f768b2761b2c6be8ff2,0.22036883
0f8a158b46b3e96258747b285e00fab5,0.34588057
adaa034e0ead9683f02884956e275e53,0.4282116
1490b15ea9501f2de3094c286c468140,0.72776425
b754c43d619a866172a6ca51a7bedff9,0.20053418
bfa0eb8710b17a56d7d0a7e233399144,0.19734547
f4bef0976b0a29158b5b6e0badda77b5,5.1503235e-08
2ea2533df31fa2fecf331a82474e19bb,0.19833258
ca84e65848b70deff9061169feced0b0,0.022322606
cf53ad7e96b85b8eb487b1623b0867a4,1.2614787e-12
4176cecd7911d94c12eb7488ad9c820f,0.051769227
55a8fccafc836a28e217b9a9af28dc17,0.26787633
f546c54e97349e12061ab8bc2eba3de1,0.07457601
48189e664b512d793d7497b43425e328,0.3526358
a621c8a52e55adb09c37c10727fce496,0.016753975
b073a3f573cf55fec2afaee40bdb92a6,0.03214724
9c7fc3a6aae888048905b5ebf058819f,0.99949723
f3e22c925afde5c8cfd6cb42f8b8620e,5.0483946e-09
a66a1aaf5313401f39fb07ac0d755580,0.20747848
7d42302b42cbaabc778379c52c20b2f7,0.041427758
eeecd9b7376ffbe0463afdf6f0eae427,0.19735438
cca92bea47e4594332056a44d3f66707,0.19833757
25195c317b8e6d36bf3e4c2f6ee50c71,0.71001905
86741b96d3c2797f076660cef35d1a94,0.00063942384
74dad433d987fe15034dc75eb81a8043,0.21166448
e310f3e0694b8475ebf479f76ee8588c,0.011555649
eda10bf11d0be0617a453b4497ec1b1a,0.0023863972
85d476d94457256f63db8b6bc75c58d1,0.0023837502
311baac8a92f961fb9e2e8321d291f7c,0.042906027
17936e0812f8c492e7872212f0e7df00,0.039532844
902f264e6c6579dca6f34aa065b5c11e,0.19734323
dcda6a9d28eccdc144f6972164d0fc48,0.197337
7143c66825964a66afd9d174d7201aea,0.045185074
cf0c657e28a3897d9a1a87f3c0605282,0.87372446
8d431610433562977cb88ceb93770841,0.026411463
09c49a06e8d6862295f7d570c09571f8,0.8924977
35fd3cefc4f196c1b1e14ecdb09e10e3,0.030776653
b5ec11014704e21c4bf80d48a248b41b,0.37601152
81e48aba47a4c33ed534bf1d929182b6,0.0320465
85a918ea40ea28afccfe514d85f45da7,0.62168366
c1565213f894af550209ff255afd444e,0.99973214
138e69ddf6b6f8db6bed747111dfb8df,0.7999283
09a1f02aad354170a444019b036cd280,9.131377e-06
24e672a2e37c99c6bcc1dc75d2366c27,0.0
3516ae9067aa6bbaf94fc653870fb7e9,0.10789523
fc7e406e9530a340abe402ebcb63bf31,0.015107674
697f13b21eff3d1484b0d8ae273c7ce8,0.06199754
73697f971d4431386933e2d1fa1df5d3,1.050727e-08
0440df14c1e44871297bb1e7b15baa33,1.65613e-07
8128f67cb8063ad7b89809f35981c19e,0.18309858
a14920a3e84567a3e2dc84f890f0f7e8,0.043063458
2055d41983f669920ab5104160a70214,0.6339895
138e5744a289417847760b77cf59b290,0.031251814
551520b9b28a49baf7561a76c807b893,0.9996213
a056c123e23dc89e24870ff1858bf6cf,3.2458004e-07
5b77ae31d8e3e7a7897703007a563c8d,3.6834628e-08
8cbd17d274d7ad278f236440d05a7c24,0.04658181
c93d32a0db1cbf782e87bb68f3b72bb4,0.19832969
5c67e55d37747434abb4aa1489eae5f8,0.03219744
4e38df9d0bab83ec53021e2990a9062b,0.0044927537
4428cb05355eb9db10a224b6dd4d7ea8,0.041247763
0cd045e87c299aa07a34f43ab076f2c2,0.06941668
a508d36dfad1ac63ad0742557251d62e,0.20053038
758c4e02cb9cfd63ae26f962bc68b32e,0.26058042
b28231bf4bcc9b98906892f25f481aeb,0.047272585
b4142952466a0b7b83b2c3ebbf93b632,0.03898383
6105b80ba818ddd6e1562f5688558442,0.012138197
438d5a93efaee5eafd069de0630ccbb4,0.21873721
12a4fb39876311f96a4d8ebc93f3c37a,0.26134512
054b506c1d97a3d1d615caeffd38a048,0.34878904
791e22a3c013ccbd6df2ada825edb2e0,0.007873708
f0405ac2c9438528b88f505a76ddd7a0,0.3683151
fafedd12f4c087a0212ea3653ca0b369,0.023876509
73f57c8645a734065ef7fd76033bd997,0.36928803
6a5808f44ab48691b533343c6b29b93c,2.7647508e-07
05e67cc9e89cbd647570c613b2b9fc53,0.15096764
6de52ee74e00b9645ea7d545c3fca01e,0.041988675
6bee1de89cbe867fe330eefc2e9a614a,0.088503346
a2a2cf934b5a7629bce9b7e74b0da1f2,0.4731825
1f55abcc8dd032f67cb164b75d13fa94,0.045608662
1b193bef525aacdb5a2773458d3d3870,4.837514e-06
0349d334b7c25e83a950111b8bcf93f0,0.025661256
32ce1c4f71adb6583ca9919051709cce,2.747099e-07
d8c07c99c75b198c344d23b64451a3fa,0.011661275
dd9cd53ab3df3cdfcd42c33282cc0b0e,0.9506013
a1cd1a3858c9d30cc7d7fa950d34f89a,0.00069009
15cfe1802e5ed772e7dce0af76db32cd,1.6007543e-05
b85bf0fded6aa603d38a65692298f1e8,0.0864333
5d5c894bc40e9baabdc478b2342ac171,0.022345904
f1519189e103fc55526da7a8885de981,0.9842394
fcf081515ebfe4fa763bbf01df06f0e6,0.017889183
4c880e83aec06c48c2b3b6bd1a651577,0.63281256
2da1aef5510f673027a03d6adf773e6f,0.0783087
0da228cb8626853491d154b143ad1e17,0.0023774856
c336989caa5dcfd4bd37becb2f96a628,0.31366012
aa9b9c92b484771d97a11eba2e1a30be,5.5178816e-08
196d910cc8eb9320178d12cdaa9d1edf,0.04756295
76812994c470cf45d3ce6b272fd2b3db,0.03144297
e1304607e77daa5302e718d3f1497224,0.023979202
c2978543e58b4acfc32babc4bac61621,0.012085889
5b9453b3014ddd00f9dc7cf5eda4ea2b,0.03637299
fe486b1a586c285fd6f3f3521c776bec,0.19832242
05159daa9939d1b218bcd18d07055665,1.0276564e-15
982a286c4ea9d1719358299d675c9ba5,0.0072759925
2f66be7f4b145706c4453268b0e20a44,0.03513741
23310d2f199b923e6ffb323e675943c2,0.20753439
64ca3bf286a52250c3a0210a2bf3cb15,0.0023783285
5f267099fa9def19c18e17761591a68f,0.03142728
5800d4e8c05c61a79123f8740710ce9f,3.2320935e-07
7fc50e61d280e24039f86b25a2448e20,0.6036874
8d071e7f634fb06e5dc86e0c133f7d50,0.81287384
8252eb1b11fd36365c3ad37b08190aaa,0.05443702
f796dc6bcf2fd452e7df7715ac34c832,0.0025618174
e04689b6d81b72fe4fc25c67225564a1,2.8418134e-07
af556a024da7b122c2bb587e2ab8c645,0.00016645562
1b61fe296dfaadc753da2ebdc7806181,0.028722337
2c0d36c8aca02e33c72d74ffc0bd5ffc,0.40466142
fd63b700206d8b3b270c2588ecb79bb8,0.2074664
39f025387dd12fc85ff84c7f833bb9d2,0.9825705
f96c977eeb4b5702042a8aefdeb30054,0.12289669
893fab81e0fb420e02099d8d1bfca032,0.5325198
69998d9020a1843f5ed98c20ead48943,0.19833091
03f570089a18f7cab1a7952ad02d45b5,0.19833161
18c90cfbb558b9336a9dadca787027b3,0.19082496
ade56bcb1f510491ad91093fdbc710c4,0.1540319
504fb4a1cc864083a7c64e39f28e7841,1.9752936e-07
c216c1968045e502dc13c958314f4763,0.03403164
9f7a60105516ca2a44033127ddb13c60,0.97062063
161747bd860fdda53edf88c1d4220b21,0.19833454
243f19e8482a16b8bf2e2dd1266ecee4,0.0023835981
0fcc3cbbd64cbb76d429b6add5f33fe1,0.9839412
4132b36b81cd030b187def3498cd8238,0.30062228
bc0a31fcc33b905fb71510185126c513,0.57441056
96869cae2d26484d56686e126b135df1,0.3500937
dbc4412c0a646b5843bbdc407a00bf87,0.030986363
4598e8ccdb6311640fd71c0c041b92c4,0.16666614
d27fca0b420364b7ae1d66168a55047e,0.1973413
f37bea18b96f5151718101601d06c05e,0.011335823
a91e0be1d651c0de68342ccedc35fb99,0.014269476
202e7fcadb73ecfea6fa14428e54ab84,0.11997475
95ff229de951c873112352c2fb6101c2,0.17295155
78fde296828d2ca5f75d2f9033766185,2.9777183e-08
2916701bb766202c687e594c67a82048,2.1579336e-08
c938bf690d7d3480505d5f132a3c4fe3,0.00070261845
6addaf80375a1f1ae72a9c84b55b4edc,0.007493259
17d5e0995e58a6cb854aa95d1a809a19,0.00093554304
5050d5a87b0d8ed1fad4caf692640619,0.2074764
37a9c19cafbbf8845148140b903a3788,0.43353814
f1d225c34f7a00e58131c306e62cc8eb,0.24697573
04bdcfaf1056e3804c27da6e01f767fa,0.01662476
e550ff7692ab37f99dd87838c54bbf64,0.19833878
d0231f0cb3edc6d1d1998bac3f732556,0.8187661
18877b6e78fca8d5307bce698cb94406,0.94841206
f8631460e49feb26de749049fb7e6b9a,0.0074326866
ea49ce6992ef4978e8b9a008b8d21ca3,0.035754126
c4f16c139bdf2ed7d6458e3576cd1e14,0.19833961
ecc58202bece02350a6e8b8f9414feb4,0.7473694
534dcad9717a520a1a85510dc14e55fd,0.03498137
d0f0ee8912292e03b7abd6e3aa5ea7ed,0.4238986
5b49740fd54da73ab44f6b48d1ff3204,3.8534085e-07
f94de422cb9058a66cfd7816aa9c93c1,0.0021475353
a950d4af11b51e2ac718fe467f2da388,0.8575276
05faba1a5adddc897ad4fd5314207f44,0.2636238
6d451c8e15c122bcc5ec75dc94cc3822,0.9954897
2d6675979a37e5a47f99669155b69996,0.049482733
6ab5635b21f6372f75cad7c4cee0f4da,0.027215535
3bbf177a69f9dc43ab3d8dea4e0c7e2b,0.0007996626
17456378f6b69495a876a7ece038e6c1,0.002254975
733c9c2a1041827a682168711c1bfc12,0.16294882
b6c50048a3f99975259acc50d43b7af9,5.0452996e-08
4f79ffbf055a519735f51b74566dac11,0.002388601
7bfc3af0ac20d5b2bde53cb9c9505c5e,0.20755813
7a33fa2030438444f3e5bdf5b730a340,4.8479762e-08
350858cff85672ba18ed7aa1b295058f,0.041018274
632179916d258c72158ddcc1dba62ef2,0.23144114
da782746d8689acb0d75d49008ec919d,0.037797105
c33bc9e7065d1bbade02a874b77a1e70,0.635502
127455ac5c6815c93f259ee36f4aac3b,0.0023834095
327f2fc93fbe29dd71edfa899767a013,0.9997104
4bd30f1b45b84ec497499ca30d728486,0.011545974
851239b30574b2227ad9134796175a25,0.6410316
c76d545ea52bf3e06f4275b6e8427275,0.0072595403
f2a7de0258c445337bc92c75358218c1,0.9838568
c9bae446b9de8862319cefdc8e49978b,6.9389854e-09
7c7a8d45e4da9bb9b65989abf8b73e5e,0.04489285
aa540cca9ea7c3b0793bd1b35b1060f3,0.00038448657
af03cf5b0811ca6243c31c7ff0d66aa0,0.07786016
8b76d2e416eb7fc6b44fcebd52fe40e8,0.033771172
bffa5e33f795a0a1d32cae9d88fc1a7c,0.00015534999
6efb4b66e1bd60fd550970eba1355524,0.113067865
107301db0cb987f24c7682e073d28dc4,0.3770779
a232bf3fc661bb70658c87005d912e3f,5.8266496e-11
23ad5632150211d994eebfa904a8a783,0.99965286
154453cfde08209fec51635ae6e19a3a,0.19734308
fed2a537244b9dd3fb3cd1d31dc39135,0.012308384
a6d3400e3423f55e355932511bcbe741,0.046810415
38091ffd12e921d7ad06694bc065ee17,0.3605709
1e0e1a2fd89333dfd38c04fa37472764,0.03820624
cff648251f25c4e9f5fc1b52f679d0bd,0.1973467
92bff31a0591ae015f66c4a1a296d27a,0.09724875
e5a3c5d05cde134e27bb6dc1e2f4f6db,0.79083186
82c11e18b8bd206949b8e85588c3b99e,0.5606063
c90d7145cfe4dce153e0b47fd3be9702,0.07650239
f969ca58dde366572369ad5269b0e9cb,2.2545539e-08
6983e03c42a461241b7ef15b2d4259f7,0.08629341
0fb3a017df5ba711fa301cf166f1d7f8,2.5282242e-08
9be310cf04fc1d96ddc4e50ceabb550a,1.2450331e-11
ecbca0c0b212f3c80c7382381e2188fa,0.0038301782
119abe013db32b371a11e9fefd329d5a,0.85244787
aebf0164facb684b65e54cbc9dd1db22,0.01044078
5632ed68b370c3c40cccd6405a7c62ef,0.2483958
ee7f492db29be535e8196a715a61ec11,0.19831996
24eb643f7678d560993133a9f52cf694,2.5764383e-08
c3942e018e3b6655b66431112a19c5f3,0.011755701
6bf0b8f2e19cfeed1b29528395886da2,2.5250847e-08
f9610df56ebfe93f7386380df41027e4,0.2380462
1e4cc44434623bfea172fe393bcabb64,6.4867606e-10
c54c9a9c81224d8253f5c165a22a819a,0.02981788
879d3a8fd2dcf84eb5275f1847306ad9,0.19834572
1308afdadcde698ba86afb823c76ded1,0.99733555
fc45b8897dfd7d4e40b1621081947762,0.19733736
7f9fdb3a98a55eb898df4f05fd3da15c,0.9700138
b9d77bd458bdde78e374c38065bfbcd6,0.011738472
8639a7a2269393273abe55e3a66038e3,0.035089396
ec42fd041e92a7be1080eccc9c56bb9e,0.35895512
2aa182de41d324d95ab587f812c35753,0.5613033
30bfb6365ae41eda5042b2189abaed2f,0.2424587
a6c88f2c2dfd6930c26b988f02378ae0,0.036543168
22010ec3db6853d79d230dbe0f226db4,0.6673676
a05e42258caaf8b497f006dbbcefaff1,0.043560468
66a0fa5a48d108a819868e9711773cf4,0.19832978
83f5aa36d78cbaee7d2b0476df5eee0d,0.04596345
6ad790f78d72e4f08ca54586555708eb,0.63602394
b458eb92f6f97b9bab628ce83fa5d2ff,0.1759257
37a83a88f956f207aff374ae10041b4c,0.6277088
7f815771d85ee33bf83f356ed9d8af2c,0.3056478
b27fb7b142d13b3c431c0b3826b0b369,0.7476224
f20829353df7e3607305bf41832ce028,0.86621666
bcd5f195b5d35d455738c69483251409,0.19833359
0e1fdcbd91aa79356678e005358b63c3,5.6920726e-06
733beb49d37809074e660be73e126af4,0.10464879
cc4cf4e3f366ec7aed0ece924e78c33a,0.5719639
acfdc9ddf00fa9e2109ff6b3ebc0343f,0.017969746
0a69e8195beb55f2c99fb98daf97f39d,0.19733603
19a7573e0336a8eba647d3c5f70bdd01,0.21361756
988b5414055d1301f1bee4b008584607,0.028879907
b10d0afb0e84604a41ec3c9365998e1d,0.35639864
a3ee368ab698d11288399bd20ab7eff6,0.2786671
7006987c92ba1f7fe286374ff3120081,0.015722288
1f6608d12dd652a548bc864a0bb3a24e,3.4944907e-07
3593de904391187ccb71f58432695895,0.06208744
c3c995b38742bd8093c08b7fa1f4d9af,0.8349967
b8b8b4ed686d89b5aa68f329c880142e,0.0013696735
03a2a3a170dcaac449464f90c77751bb,0.026971754
5b0cde1ae10026f6fea66307a5af7d4d,0.029433453
cae1ac8c5eaace909d28b09e783e2fb2,0.0018778758
73db2b58503ec0b2b56c4f9fdff3fe40,0.7767248
9049df6d1b14857125a1cc4e578e3cdd,0.52367514
fab076cca4454db49df1b14b9ebc9d2c,0.13253585
232c7a6292bc20a0d08f849c35022971,0.11103855
f49c5cca910ce4de2d6890e5a8aded04,0.19679013
3fa35bb357469abb525dc0c5703aeec8,0.06520595
e872ed3f51487c006214b8c68e78b7f5,1.1595235e-08
b9a345b831553c1d3769040c1cf7d8d7,0.19832915
fe4a41e4c1847fab2cb770a479200239,7.035293e-08
c576d5c7416aba68b549cc7fe087cc66,0.15819934
68d3357906c30ceb8e477b0b99abb366,0.002651979
85bd4b49b3339b2b7b6076e7abfa550a,0.18276688
6031245730bb86ee6c6787883d814de8,0.84185964
b7928a98249b5ae949307706ba9abd8b,2.8587306e-06
a951260b3bb77c0f08b137f4a6680cf8,0.00091792515
a3e286ef3dc6025956d53733930edb6b,0.71288157
b76b7a94d5c823f4e4741ee3f188f792,0.999598
0777e0364d52c4aa83cc47d2a20520f3,3.51915e-08
b99e5ed46242e04f6fbb0bdcbfb7cbc1,0.000739127
8f8516107a59be7ec99170f6e9ceb8a7,0.36003357
ad3a38b717d7a391c5bf9ca59204ca1a,1.6989976e-05
30d48a658b6acf9b3d7980b65b421cdb,0.023029957
7e365a97b3c57d266bf29469e53c3528,0.23988369
640d4082bf31837c57bc3e6316e4a788,0.5964103
a674b9421878eaeef731ab2bb276eb0a,0.0075465934
9ea73eb6b9b9bc5fb7ba8bbef5511eb5,0.4955781
394f432de2af109702af767990e3244c,0.00902174
d7c73dc2e40febca3a1da31ae248eaf6,0.035229646
030bef018d6ff9ca50d7004526549ea2,0.04788906
250adc8da7868d91fd5ba84e4c3f888a,2.7475838e-07
36bf5380a95f595c38eae967fa9b1fcf,0.28872332
2c1fff22c3a7ad85f29f0076984d5365,0.43577948
a440cd57d41e3035d1d2003039197e15,2.0663449e-05
70cb63585cc984c9e019af135039a51e,0.27304608
a4f171a329067ad5e4f9ac2784829fb2,0.02820364
c7781c2d85b4666fba6285113e23fbb0,0.9996195
a7103153a78be8b41b5e57dad2a6dbeb,5.0515354e-08
80420cee800ef7a347e64707d27a8f89,4.4611397e-08
29c611ec80757780320d925e70ab509f,2.3559398e-08
b16dfdeea25087d054585d93628e2438,0.55329794
043c1352317af9098ccd81af8aa072e3,1.1325427e-12
a7d20c0fca09bd94ccc676e82df7fcde,0.3044746
598d82f16870d6b288dae0b3f4913425,0.8254709
6fb5fda36b9ce3fa27d4670db2477f67,0.37734938
8aa515b1da4efbc94ecea1bfae0d9d49,0.19077462
1645e37c647cdbe02214de8b4a0974e6,0.5859965
17375e3d912bccfe22a13414f38a9d4e,0.011559208
c7f98fdb5287aafd006c8aea964f3f0b,0.19833016
48167fa17041c757879479a00ba0cea3,0.02560288
93e69daf767cf9c3cb131b0f64d416a0,0.0025635357
f094036283fb7ea42ba5627934eba4cf,0.06988649
7bb655c8bd4db94f79df247e8ec607b7,9.847486e-13
269f07a2e952b4bd48927815ac8dcdc1,0.002020744
430f8225dd6d682e01cfedef78351f78,2.4904178e-08
d913039b68f19225469629b34719e714,0.022702303
1bc34edf1dbf49cc81605ff28245c6a3,0.0022377372
dd9601eaa56a8bac4a7898a1253a12d9,1.9673234e-07
aaf1a0390aac87b6fa86e07599e86adf,0.03770668
62675d842c48c5c1e76f801333ef28b4,6.789892e-08
3712925c58b7f864b6e78fdb040f1860,0.02231948
015f6fb048c0706a3a6c090cd4aba9e4,0.04495825
c515610998825ff4a8e62cff8eeae7a1,0.20746882
09d5178aa74591ae15927e2e692a3bfe,2.090658e-08
6e02923c6b44da79dd21035b3cb9a02f,0.9904973
db2b3768503e5d8321ea72d27abc4082,4.6528157e-08
f30f52157220a9e2640a461dd21ad9cc,0.031720493
6fa848f538455d70eb9599940fda9882,0.19734924
8525ae55508a05a66bd491339c654110,0.033916365
306dd518068350679091101a0c281316,0.0001410297
8e959a4bdaece3a20fe3a0e4be8c0f50,0.36091226
b04eedd285dd14335ecabf7e8ae5711a,3.3459315e-08
71199fd4d3ba8682c337c7117a35d1e0,0.01267055
c24af9ce8790fae101c08c2b61e28b80,0.47737727
26a98056be4ec506696fd002482167c9,0.0023853797
e659a5c4200c564c89514f5af6ad87ae,0.026851753
e464190a79d421ebdfce5ab5baba6c50,0.40840998
aafd383476e6e5db6f964b30321e6061,0.027937984
05d2167ac6c0c82022e45a16ebc5eb96,0.03076843
4b088c487ce9d1b50659c7bfcb8b5236,0.19733438
3b94a9bef907be2b0c16110ae5e16eb8,0.99958867
31cc0d16954f51ef67b7f1ade72b77c5,0.3014224
7ee62bc4c8361959c8755a47d3e1e4e2,0.38428015
811f5cadff033353e6cdc2f6c3acca22,0.7998894
163fd94f3cb33fd9c9f7f8c5d1f8a234,0.0012101203
fc5555ebf6bad57d52ee732569216545,0.68851197
0901bbc17f3cf4f36fcabb60a3726efc,0.29079676
674d32f3bee0f9020960e8d35c5188d8,0.79988384
d2b759b7bec2e1874c538079a25a2d3c,0.2005274
c317a535c93d81f88b9eb6ad360ea380,0.06017614
0ab6ec8aaae47ec28e371431473e433f,0.42139035
4e3196c4fc7701c42f56e765a9f13872,0.17093717
a350b405794e9350d8aec039ee9bee11,6.791419e-08
9850935477ea2612d9fe3f90b256776e,0.0075119184
d3f4dec6c237af6dc94eb1601b273f4e,8.554389e-13
97fa96b216f4354f6518a162fb6c7e2c,0.9839719
8752c550dcc179a96269806e1a92347d,0.012046027
66cf057af6a7014d593b3afc35ea9a6a,0.9888813
5c40ee755c5fb4b107535a25b3056d03,0.19734053
5a8658a9503a70083a06167e703d785a,0.066834256
cd89e79e7ec738031272195b89f0e52e,0.015520138
c285c529ce37cdf662f8f2aeaebe28c3,0.31086034
4ede281d8887cffd0d39bd0a51da9f35,0.0012335854
4f9ffcc09c9833ecad8cb1c683fda862,0.01759615
82342e098594bca7c3986f68cae87abf,0.99679357
148d6a0d5c4d15e9eb9a732a91abd192,0.930964
c3f960ca878be84ef139dc6c11d86b13,0.022979507
6d6dc3be3365595208ef8fb0666ebcd2,0.0074796067
0fcfc6975aad29f6eb8e470d51ba7910,0.006327941
b41e7bfcd3676c1cc2d1414661a6502b,0.99974126
00c62694e3b01827aac568d5ebdb762b,0.15413517
7cc83f0f809fc6f7173dc3980b7389cd,0.049462162
e2d75fb5fbbd59446b0e014cdb00e22f,0.6430375
07d0aa9cd03703756ee4f27502c45342,6.092645e-08
0646dbd915ce5bdcb8162c1404efde73,0.012671083
9e98288da19cfb5e4bef851bf3b8cfb0,0.0020677592
631c91ac5d896b65d919f5bb8705e466,0.19734761
a10dbfd7c274d94ff2e324e50ffdaf63,0.97514504
6d76843616ad8041df8fbc4be92f4854,0.7886715
50b221557c770a72005cb241c38eb50b,0.69199103
87339ff5ec43e17e2d82043daa056187,0.011572169
e9ea42bb8ec92a4775d584b7950b7849,0.1294288
3c3065a48a05c998f8a3805ae9899865,0.036717262
f555d8e0af42cdb193a2d197b66c94c8,0.11690606
60871852feaff031992a330ff1effbc5,0.059346877
a99e61eae2c5516e47db33879d9b34ea,0.04324859
73f18b73f9e9746016ecbf181af56aac,0.21526273
61e0062b7a94cc0d2849d76a34cab9be,0.95529765
9c5cdb5cad994a6f7da51f19ce46b785,0.004285772
cc46486012ab66a1f719106939481975,0.19834381
01f94b9d4ec73a8834298ee75ff87ed2,3.7370206e-08
435a1f7fc9d67b364d2d137679e38e6c,0.053131394
fb2399b8865986cf109c0b7e8a52270e,0.01675606
4105ff91f1a10c2916571151d4701151,0.0021569377
8bd3bee577abf8397db4e4d1e949f9d5,0.23750038
e9d0f2709ce8d78e146661490305986a,3.907583e-08
981626a9ad06f779e37cdeef276d6704,2.1006192e-05
965a1a50e96049d00778af494680a237,0.0025794464
77f79336ccf78ab33216082452a31028,0.9996886
cf2a3299ca46678f2221b64b8d851544,0.60330313
4cbf774b1830d38ce66e1636af201bd0,2.521701e-05
44239661c7cdde7a836eeb2b4281761a,0.00080036913
b23219221aca1eb2d78889044065bbb2,0.90150964
16a64ff2bc6717220d723ebfe4f454f8,0.08798234
cb7dbff301948501299cf2c2a5eb0b35,0.21371989
e4ddbfab6c38d1ed3aed8bff8045bd3b,0.25697127
8134016a63047ed2a971703b2c6e706e,0.044724338
969bb027fd9675ecc20d8c6a4e065881,0.2814221
d63e7425cd0d63b87f6af2ebcd6f354c,0.0071792817
af3e3fc772ebb917234b7af6a81f3b84,4.0397723e-07
34f401580648c2c3eab805de3869c1b5,0.5604249
0d3e268c3106b09dd7b94d421dc940c3,0.080175504
0fe918c9c8c128d1d93696e379639c2c,0.011451961
3f0e7cca13442555d1c6f6500f5835b5,0.44429865
96f4931c322bd7fa4ea2a201fe158592,0.6593968
e90f896acaa03fb7d11a72d0ebea94b0,3.1163363e-08
c0035a801f08738a2c87e46ec9230608,0.052947246
83d8cc1911fa841f487b036c5a929bbc,0.0095887575
00e78d6970f2de9afb3ab42282b6ef53,0.0050053047
b1586154c81840967427dd207a77b170,0.00027500984
b91258e06b9bec38ad57ef4b5b06f471,0.0012315594
b1f0344a4146e75ab8836b143e284556,0.027111229
f92302411c9e839d7c7f6fce0804d8d3,0.26816034
78470d40a6fda88ea689ce6b87a104be,0.0011939232
ef2d5a4d5a36094b56c7439e4d623a58,2.753503e-07
a4a4dad4a9e56c36742c015945ab3f48,0.042786736
f2ebf667868de0306c03b8c6ea6183bd,0.1957183
69b90f8169e2020cd2312d4f7ad076da,2.2533373e-05
60cb84c43abe3ab729de1ce7fd45ef7c,2.7554424e-07
fc0d32e214428fa868f430630647f99e,0.03871896
9733dcc5ea1e82b210aa1909c4e68a0b,0.012074754
6b003796a0df8c868b4f48d8b5a0eea4,0.46550322
8bf84fa14b9330e00d29f4f9e23c6cd7,0.02299929
ad47bcb8c642c0a76f6d269e0a84eb67,0.011962262
f5bffb380d9a53461a059d17ef2abbe7,0.21078423
15461f5041a88d3bad26d014dc2e48f4,0.19832487
26c928eab408152f74ea3fcd30eb9553,0.0023824347
1e9d725c4d50375402bf1adfa8595dd0,0.19733404
3e499c0182f9796c3c795c84dd0f24a4,0.009112859
ffb95b0b5eeb2f9f8fd9754924666009,2.0683249e-08
d47598962b6e9b62bfb26fda45e9c325,0.044100624
989e7ccf3c68f774b89cbfcfe5f00946,0.031389542
1e35314b0bfe6a5ac2cb25ec983ef175,0.022472057
9d3a96d047267b779fed7e25d32b3d31,0.11848875
b898214fa4522347eed4496607144d57,0.99970686
e7e6c5d371ee5ca63fecd67827083e03,0.33980438
c18620c1499e4c872a494c442b307280,0.3640499
9a53deb118cdcdfc10b1023e41bf06f5,0.20752987
1af1a4e961888dcf98c42b8dd16211a7,0.04243604
f05598804a15fa0783a603ac7d0e963e,0.10331603
ebf06e17cf0a9fc60936709b719c142b,0.99638206
1e6387d452feb435f4970f02111489a4,0.04351682
e9b08b0d12d79ff22da350febe6e3659,2.3004374e-08
ee07114539b0345ebf51c02b68cd693a,0.55250436
5a3be1e25d0babe1a5d04df0484c0568,0.04368388
9837be7033e17f497527189fe93d36d0,0.23738125
24bf58c9980a519f44ff82a0ad6a7717,2.2691768e-08
6e08d07eede0ea419d1b5c0ccb78fad2,0.0012294351
6ee7e285d0c7cde23f8bb84763320f0a,0.0036620237
d2907273fa10493b4b02ae3589670fc3,0.007877943
d1f16f14facd20d5bed2a8775cf3da50,0.1670347
b000b6fab1932dd4ef495be9aff97ce6,0.26591712
1ec06b0f785db4cf238c5bfd1101fcec,0.0025498555
2912eba98926eb80b49a62ef64677d19,2.7335394e-08
c99e9cf4a3ba5571b8d6e91b14caf9d9,4.1307047e-08
28550bec73d90ec80258163a2bcffce6,2.8533899e-08
148584984fc0538f56611e0dae3d849e,0.03143242
e0e4c272cd430af15cf898c929f64e5d,0.15908208
e34d2ec74630421271debc97e7baa499,0.2659666
e86bfa956bcd9d65deb39080850eb980,0.022817615
923248d99910413d69c0d7551b731802,0.00023232894
72148456b4f35a9c6444d730aed6556c,0.023028906
d3255b60e6738a6286775d724055797f,0.0023879367
d5e76f364aa3473b2fdb486f45a5cde3,0.19734399
7461cd6f30a01a2ab47044d1eb36a719,0.19734743
aa1350ba5e5010629423b83f82586c16,0.9980475
6a589f3558a3aaa59d5c6544650d55a5,0.027717773
3a115796bc1a232dcc800663da03cc78,0.1973267
5e4e82e46887a88af85e84430da1c3ad,0.04154164
c7124bd2c9f21c379d73cda731cbee70,0.91084176
d336cb2e359fa48642a0cd50bbd9c096,0.10491844
282c96016c3c286ba270a275d829ecc6,0.043354362
2d485da4de7211e9b65fec3a4444ee23,0.0038469713
4a45d3b25724e0ff8a3b694f1130525f,0.016012197
618aede051e99a1797db4b4328ecf6ac,0.6008734
6e5d67299fa0af096c771a5132316cd8,0.22968197
28033a1a7d351aa25ef83a7041791c8f,0.036561415
4e1868e7601e5cb9f6d454758df69c99,0.3460114
bbbb3fc0819601efa437965e6337f5f5,0.5146871
b3364c72291dd762b10973b637d39fdc,0.99945134
3a09c70b7c2033ae84d3e3a14198d6dd,0.10214947
a0a9b11bb07b65d7c23e8ef7b494ca4f,0.60586697
74ae31b5c65213223ed8464ca80c1440,0.26097822
81b9fd99b86c996792d17e31856df5d4,0.25909415
337f2a3394fdf3511718263f5037033c,0.044024814
feabfdd4f15025a2247d8cb0efcc0ff1,0.20746072
a5ad3b13db11af94804cf8fea8f547c6,0.0075282217
4ed4412b0fef92370240d409d693f37a,0.046126746
e893ca9765a66a619db238706fdd518f,0.14809248
a6c05ff465bf0b2c0ef952672551ef3e,0.19542202
f9e0ce6156d05565a41e4dc9023b3a83,0.15350515
7350e8667f249af92ec91862e6fcc5a8,1.0420676e-05
2108c10cb15b2e94dbe1f6459f7dc723,0.022302462
c46243c4eaf3b8d741642f9274fe8e6d,0.00029229184
14c411347a2968bbf031b022416e2f24,0.9842123
b60c11626ff05c68c47ccf0cae355717,0.117777325
978e7969e716db31f85f1aa57d0a5df7,0.19732061
e7af3387057312b631e5f5e7a5163845,0.5679926
78d41534ee0b02a442c739ccd03d6c1d,0.00045178243
3ec82d534b767e292c5b156494ebeccd,0.0003298875
ddb6279fedccaeda638e6a5ff3b855ad,0.20052889
60a29b6f577b9a3bca441fea08613bd0,0.028135102
9b089a70bb0b7a1bdc73fd3d6cfe6d13,0.98363036
54ef0251eee715a43a756684b16f5d9f,0.28745636
260eee0fad0fd75ada3d122e2a5d4463,3.839767e-07
afb0fba56cde8d86f26f98cee6d6a571,0.1973384
698c5db0fb2b17b229422cd0bfc82b13,0.001363768
9d28655dba22af5beae275335f09cc09,0.19734164
7b4a2698f757a1eb490581038d1e8da7,0.2068413
99568c7ea4e56545e277be93041686e8,0.031911395
bef0b4f9ce48d0f6f01d7e78402c5565,3.718538e-08
1acedf48a397108f20a0f85cf929a423,0.002383816
1b429919e2c98688ce3ee86d5abe14c1,0.027713826
e007f6125c1a2da817352ece5b6fa9af,0.49969417
d90f6e2a21a073ac1e03654d85f6f69a,0.9994612
18f8481b8ce643b044bfca7c40f84713,0.19734816
7ed1e5aa2f7fabc2dc2f50ebc519b963,0.028967235
c4b1de4bfbce1f84c17e2ad1a07c2c0e,0.661438
a882f032ab104c9fe4e65f1f3a762dca,0.635675
a449f85180403f4162b0a715c820f5e4,0.04432475
2727e2819fc55bda542edb3d43ef090b,0.00018417416
a706094e21130ea12b9be10e0b2e8fac,0.19734398
5213684d47bd8c0fcf27e659cf61b7d5,0.37474245
37ebca76f822df64c390a6be926b53de,0.03966842
dc388a09ad16fcbc7c55ee04f2a087f0,0.26389137
29034b6948fae387e5e001cd660c8096,0.027827907
d2ebeee482f93198d84583ace9a7b5f3,8.9232674e-07
165720009d76e4719be8670ec8d0a728,0.002427949
5fc8a55da2602193cb839b1b88cb1c1b,0.20745787
9a5645f31ade5c6905ccca037d241ada,0.99058455
e83f2431c1f9ee12cea63e1c827ed1b6,0.67620254
751ef8fac7e3041950d01f1cfa3ec107,1.5284877e-06
3179de4db8247a63b5a3a332a5e9a242,0.012042032
cbc015c8aaaf6a0295748de3c8179885,0.0023886142
620bc0f0eb85e2023c212eb9403281a6,0.53906643
d190d8a0de86e2d7196e9e0dbf5ed82b,0.009788817
4c7c4b04f5c58818c3b490039e691c91,0.0015797683
bfd42ebe31352269059798d33218f297,0.011514084
52ed377c67230aa91fbb84bf45fecbf2,0.068973154
dfb45f15448df3fee6f6546f83d96c6c,0.19833843
8c4ab14e0488086c38cff4f27517396e,0.11416827
cb52c91c09ab59cd09242545714924b3,0.95655614
dfe10e5c663a8d16092809f04b6fba56,0.016563518
f45d7932aaa884b489fee59d135aee2c,0.2075502
b19961edc7ae4c0849d88b8f150c64f6,0.002565139
dddf55a7ea00b815c0e2de2dd40bfa5e,0.16331571
a0db2fd359fb438640e51589550ec1f0,0.10682497
7bccd0a9ae10e0fd0060544f3aae44e6,0.23532836
9b54903016af3a183c191af6f061b113,0.02198345
786c2bd5e7844db1c1040d01740a3fa9,0.023668315
5758aae898450464c8d72c1e35a277ea,0.19089203
f69e241bda644e361bd9e6953e673151,0.01962789
de8988b51760f71d5e7c33071384063a,0.00025676662
a1ac812550ea7dc3718e0a2a2d5226d8,0.2621329
588dacd1f33e3390b33749ef0e850122,0.20747319
f4d64c914110434c376b04687e678b0a,5.717715e-06
f3c7d59d3a99a7254db40668a4c0e15a,5.871541e-13
d63eb67e50d6e809e02abe74cc3cabfc,0.19007301
a874379a736b09a1e1bb748dd3feeebb,0.1983287
da6415b0570d65eb3ea454f1a6f43d43,0.050343532
1cb2270b74c118e70ed62452f82dd826,0.9905143
b38e3c4f56ede91ad1c0c4ab0904bdff,0.043036956
c22cec170e99e2081f6624baecade98a,0.08558582
15b086b1a2c2e4293b276f63e84aa589,0.05057358
059442dca15981fee8c974481a7eb25b,0.062677525
3e5e4122cbe993cced0c2bfe04d10f05,0.20116639
c77f8c1daee345211424dc643b4f4896,0.017087532
6e0608d787d98594e2ec5470e9e343b0,0.012680722
6aa702a76f1dbc6f31aaf8e5b211f50b,0.79405963
6a5a89b3d7fb1e28a6cb7b4e35031d7e,1.8161663e-15
2165e7ced0d137e1af24de98214e30b2,0.011319602
c5c5db617e9c38ce9f4bee1e2c3f4d14,0.57492477
a4e4bcfa0235b258b0ea6c48196d163e,0.021261081
fe0b9bdf15659064097ecde9aeca1d15,2.1773575e-08
f12425a5c5d5e84af47e8ff5eebcdeac,0.009268433
f4a7b8170ebfd77561a4ca546cf5c994,0.09742035
cbd242c0a6b784f911b036d00d0680ae,0.0006826735
ccf1c2cf8a7e503ee93c173b9b4926ec,0.0030961838
01966a456b4ea7cbf9250702b0af901f,1.2458582e-12
ef4521f36cda1f95fd187f6677c3b72c,0.003746291
be0ae849f65c2d566d14b90de2b43700,0.17085233
0819cfb38e4261eb70108e1f9fc51572,0.13999404
f78c932764eff083a9d2b413e6f571c0,0.1358599
4db15735772716ead8b0a838c67f91c6,0.70798653
6993de0ab4582c3d7aef3ecb7c9170f9,0.19733377
7bb41292acc823c3284a26cab3de3eaf,2.3117936e-08
3b5556baf3d4fdb1aaec290fc5ce72e1,0.3345465
4da64a00d7ff89c04d675f50c32ee458,0.086640395
85267564431a144474ddf5c5ba54c161,0.643505
9a01008180fc4602f47e2ce683b891e3,0.043713927
2061d9d3c31c9e01f63667151615d046,0.9811985
da8c0d419fd763f1d759717b3f65faaa,0.21888027
7ae0a5b3b20c8edea21d6fddd433d8f8,0.2299718
0ce350be9451f3d627887af0fb7d5dc6,0.00072057865
062622e774f4cd112163dc6910e90907,0.01167084
36c1d00094c3de2d3c473be97578f1a2,2.912716e-08
fc40858131f914346944ffce877f7908,0.09172229
d43f693da8150d99bc264bbd1703817f,0.15714154
07b990afd2ba5e8a356ad3e20284c4ef,0.05338931
2dd41d47151ff48267b60972c336ca02,0.19833958
38759ff72a0ea03819a75c0ef81de981,0.0071359114
683d137d61d8e4ad960054a27216b20a,0.22953792
690695ebc38fe1ff900f61da224752c5,0.7127253
653a294adb64dba67a6b8d66e3527120,0.22647092
fc1d0f2264b73ab724c04ebfce21fd74,0.99971926
d28bc6beb622b4313a84231013a0b9ef,0.504161
b218b8242e73150d94b7f0a75cf62a05,0.1140072
6821c2ac456b13df6e4c80eb9f0a1527,0.17461637
ba0d4e42517297036962a1dee9b3b571,0.022197798
81e92c126d0a709dc779be612b766750,2.4503032e-08
7a224de62b644529c9fe0d56f93f7e94,0.19733456
886dae613069ad82969d9f72dd3917e4,0.19733323
49541af00ce05950b2659d6455f02e64,0.016120763
1a00fd51e1b63d5aee7b81d2e97311cb,0.9974964
d363b6cc4db5cca3af904257f644e569,2.0884048e-07
f691950913cec6c93268cda3142d4183,0.37070534
38e7e45398c9b6ee5d2a52df7a2c28ed,0.0003595122
1b2823e061d0be710dc7eb98d3611d6e,0.9002272
ac5aeb77e26dc1ac0c1a78e396bdc701,5.0734666e-08
1350625b35daf231de461a78ac4a29de,0.38531563
94b46ce0845bfeab3862dfc8169b784f,3.86471e-08
095c9719e352c3350cb183e6a5027f2d,0.73825157
367201aa93658a8aae7e84c010360f82,0.3901696
22da438116d19c9606247d3ae2596742,3.5509524e-07
5e613ffe65a1a0d40dd6a03ef1d8dd29,0.031195253
302dbbc9db8d6a08d69bb25436533dac,0.017837921
5a80dbd42d76b30b58f02524bc204867,0.00079665333
83aaeda080f2c89f1875f1a7d5ba6d85,0.04192009
66ed306e7e24018b8ce5c86ec666324a,0.19732465
fb328791db0d8a7895260939e98500c4,0.2879843
d7ae173c07a1e2f6089e6414e9c9600b,0.046060733
585cb8d43157f1e7b8c474926306cc3f,0.2695776
fc49f793d60ebf4a68fc4bc7200fc97b,0.7204374
3a146218d77bb0e9c25109fc3acbdc62,0.012052463
94033e7c915ee8dd35e01ec00be75200,1.982969e-07
4e8d24ad48d8ba5a966d2eb637078722,0.041019503
604a0b23e5ed9026a3e9db7bfc40738f,1.4048732e-05
de73c298c7a5e7995e38a6bb041b69fb,0.011495032
c60966d952c73b83870a8ae16f379215,0.108814456
628b892445b4e1aff7da4054b04cfe5b,1.0204988e-08
cc2fdd0b845a31e442c651ee2c35b6bd,0.19833449
864e14d7a101ec5fbf1604557f7f0a05,0.19734508
3c8aa1bfc732eb3b408c0910b53b5647,0.012038499
5de559043c901f86102e3c2ca75154f8,0.2139472
13eb3ef796a8eb00ac28ab6f3137d547,0.44566828
a2e81338f2df6fcac4d47dea71e166d4,0.14047363
3ccf30871583f27c541522e3c9ac0f92,0.19733052
f79ec3717d52f782f4d7ade8b95aadeb,0.2591587
f35309e170dab71878bffdbfffb4089c,0.021993587
56d6e44d880c196cf5e989a8d8aa215c,0.19734553
18bfda141a50bf6056e5f04e905cda08,1.9558567e-07
0e0ec33a33c0084879acc7a8f2c8ff10,0.20510073
54130a6558c203e81ba44d9b9e4b01b6,0.04447789
ee4f454e477891a50ff4ed1fe4560c53,0.037504937
57eddc49d6768a156de660976d73baed,1.2893489e-05
64efd5919774867182880680b6d7b540,0.0008303726
535746c4141f69bcbcd48496740feaed,0.03426484
968bbe85a66eaa6794d65406699d109c,0.012044566
9681e3927984d8defd1e453bdedef68f,0.90898895
4f601a1898e1fb2bc61724ccfc3e9701,0.20754549
a5915854a9b9cf4ef32c259871c1ee66,0.029920394
ba423310ec7ba8c45138484c9f1ef211,0.19733337
8658137c444bfc35cf3a42b448c4bf68,0.00013699578
22c0b96aae27e84adb0713d671e84d83,0.03213481
6ecb71c58b7fb425ec6fea71806368eb,0.158911
008016290d3493481a9dcb8edeced8c5,0.0126774665
524f8bec0066071aa87efa352c594e92,0.017250646
77bc13749682b516ecb93212e8ccc45d,0.42727128
f686565781815a3341c6ee85b596570c,0.05004427
b3bd940ed7c3f651625ef1e94583f80f,0.22423568
d4298ff0950412b5042f0ce31ef88e98,0.00015281986
ac4d64b4cdad51ea401e80c3f125d63b,0.09585492
6db3216d35b59269eda6450af79d6dc6,0.05026404
5b23c20923feb066d6c0432138171f75,0.038086437
e3cc78d306de4437a3ffd94709353d7a,0.05210817
0d4243d096f132088da81cd41af08b36,0.021417389
4ff950120aa97e92962a5a38d5276acc,4.3820986e-08
4aa3b46451868f9a8777abedb3f95deb,0.00025552293
edfdd49f48e7a36e67cac6c59f1cabb0,0.0073252246
0fbc6398a0dc106cb42507e925e1228f,0.022777032
c5a7d6307717c8a25b144957c79d5f76,0.10697925
40c1a609dd9b5247c824758117f08a04,0.07737347
0ba008ed7169436e0c4797f42d8a347f,0.30143687
f1f6b56adde4afc2d1ad7c21fb01a4be,0.31775606
ca8b8832d12febdb1f1b3886e8cb01b0,0.9459284
ad17a7edac1f86ce264ef7ad5615fc77,0.011471925
8021e9f865c724e955b2ed41e2e3c2a8,0.38938716
eddc5461fafc08e033fbcaa9af894bfa,0.18721911
cfd032429df980161843ccfcf1658e1a,0.0009438304
4639905bf499408bbdc55aed3cbd675e,0.8892773
9add6a6df1c0c729792f5b12aee4518f,0.027820434
86fe48948d733ee0a1006e82fa9a0300,0.007518664
097c965332c53e7a2b140592f92f35c1,1.3292637e-12
24fad265a0cbf9f5b4a7ac73721b9160,0.0077365288
a8adf97a909393d9e63fb08385413e66,0.16797708
e7918fffc0a0bd38963b9a19de00538b,0.19734988
065be189575aa18c8e3aa7376c82c4c9,0.00036120164
3e435047d0b59ea102fbee2f55b65ac4,0.19706622
cce598e9199f1b579f08f8bd0163391a,0.09556128
dd0fe9714b45d53883a3a2854521facd,0.7535261
44618f18af4f896e611761f05d260470,3.5219255e-08
a8e42901c9fbbc5f97f3d7f8e172c45c,0.011108345
9df52c2b7a880646700909407ddd39e0,4.0773575e-08
e9607f4023c8d12653a55373ded4250b,0.96691513
4d07210ba4062e1968d0749933e857e6,0.5018421
26fb943df74b9765d43c3f7fa849eecb,0.20754926
af9e2aed0063163247a1119fdf17ad0c,0.04130315
d7e6f93206d299dd0c6837535c55778a,0.20053962
32fab1b3b492bddedf7fb3a6b072c085,0.01267944
dab03db7ea28e048098147e312c054a4,0.20746544
c9229107c60a8f91cec1f4c8ed34439f,0.49310136
efadd3a9dd2184c04c179a91d4a12c7f,0.114544176
8a64763b44ecd6ccc4db09c93a2fe175,0.007485304
8a2beccfbd8506dd9e818cb460f39d32,2.3702527e-05
6b91a50d61ce12d9e9510a482ba482a8,0.19735117
09a62d68e8dc8e11c8eb25e5cd351c5d,2.5187113e-05
f527663c9268f551bfcc41fb55572b74,1.5774383e-05
12859a43f92b7a7641d3048e87731130,0.02906689
4cc59417d211fc85d4ebba6bc19e20d2,0.9805061
7895916b2c8b84612e4c4e67562f5c39,3.8318703e-07
576132c6a8df9537f6789ab84a5207b4,0.48402128
a082af4f018863f219fac469a698db72,0.00065580494
c295fcc2a17144a5d932c2c63efda7b8,0.24053721
83ef0142da296ea29e4902ce5ff7f1bf,0.20746481
5969b6b53aecc9b6377a9bb5b8b8a9a4,0.20325983
ba336695e2243ee70f27d4c90aaebb54,0.044440757
e032bc27e7166c89c475fe4180f94e8e,0.046741758
efe16363c972027ae559ac6ff6916258,0.0054351604
605e4d16a74609c2cb6f5ac89d33370b,0.56205094
9a71fa4786fdd491c9e0dbcde3754a95,0.007542672
18bf9f1007847fcf1eb3a0e562c41a8f,0.99971974
8885732ad941c2be30ee8441cb0883bd,0.39011678
701db10637bbace13160e2b936f23dab,5.7039056e-08
d07651295969cade72f28e003005224a,0.2511875
9a4121bca623e1b9c2d80482f48d6498,0.19833247
e11ec5d399f1ff275a25f90509b48b65,0.99965745
64a09240f1c564728f76d354e706f78a,0.99818784
63aae6207935362ebbc8038984d509ef,0.19880302
413208bfdee23a83e4298aad3500d6bb,0.4479204
f209cf19cde91a264ff11cf24d899b40,0.19833624
77ed125edd6928df9f4d00aca9126624,0.04277643
ea0b50d0b3251014923e3b9a98387491,0.04707533
14efe4e20f5a6c3f58e3db01394a0604,0.21532007
6f73a203893120888e8e5caf6ba36cb7,0.0280898
8737bf83df30e52cc66b62e09871c933,0.0960198
35651908a039c31e455a9b998bb56430,0.336902
0e4358a7ca4cf981a9009cd547d04a23,0.27503163
cc5a20a17f1ce11aa60b684accbe07f5,0.10374244
b75869cb171fbd36e1605b7927ddf8c0,0.22085817
47d4ce60efeba8f6a8987b6a3aab375b,0.17446804
8eb1d6c8064079357f6590f7004d45a0,0.9673489
f8a68d55ff94022ca1ad309317c5846f,0.06385436
ec9055b234e4657bb09ea6b88c7f6363,0.02303844
d3efc2757bc1a3228d0127fea71948d6,0.05344505
981fe3a412addffee4c0d5add0f975fb,0.009638155
7b2250dd2177df6fe02f8096f54a5e8e,0.9509509
07a9c9d3de53ce20de184c9b22137657,0.7896131
1bd086f839f8450bbacfd8018676df61,0.033187754
077623ecd75fa9f9932c38e8e5816d04,0.07585347
4bef6ccf3a466aa834347132d68500bd,0.0
f45c71f253ad502df3e20b2c2388411d,0.023027044
8cecfa77882e617fec5a91e106a44745,0.2933572
2c5dcb67188863ee2b0087ba7788bfca,0.06301106
21ee869168330581f26cf37421fb122d,0.19234952
dad8114f2f5c58da1200d4eb4c945914,0.25841197
6acbdbb4058aa5091b63ca2d9a0486c7,0.0024094996
8075d7b19c177784e9e9e0461a83dee6,0.56913024
e3091131e573d0eddf9bc00c9febcc9a,0.25377566
8c010e00569614262c4eabe7cf6edfb1,0.799935
85d816c3b03d3fffabe18342f34e9f23,0.059055638
72cbaef7395b6b61ebba69ecd0bbe828,0.19733879
4d59247f58b0d2e562b72620e6dd1c0d,0.19734551
8d63474cd066acfdf8f1b2e357a4c62e,0.20755482
c9a505d44d6f4395acba6da0e62e80fb,0.0487293
74f5cedbd770736fa177282456efa8ac,2.3884059e-12
c56a968b07d7d5d1434469830fddc34b,0.9314205
70cf81270f8cc1f10a0dd75b4f8358cb,2.9678295e-08
d50dd6552532c869321c1f785babef26,0.19734314
2bd21bf76bba2f52cb379b7153b0fe53,0.18455979
de0319b4e686e2bb4068881275686351,0.98707676
076259ae1157e3a5e9b8b4bce69f6d31,0.0993763
2d780556c17f42661b232a52ac5b3019,0.42914915
3cb227c5ec15d6ed983483a9119faab3,0.46490556
cd2369bcc77f6663bb27007e74f77474,0.023006465
df37bfad0a5f5556afc98d9996f2652d,0.47330275
db0086d6c41fea58417b589f20de1b52,0.18507132
44bcf4b7d841f1d42f168bc5d32ad910,0.0072313435
5bc484e198193bf0e73bcfd7eb65fe6d,0.34606966
d87c449f03980ad78987101fd6d8a488,0.83844024
04ce12c0f7ea33bb95a486bb8d3b4c59,0.17341359
242ce4ce341db8f26343ad08e0828ee0,0.55705655
b40819bc35d0736d24f214ea0873d742,0.04867765
b2d663d96ccb897c17409a8719d0e734,2.283576e-08
80395b1079d1a60eeb671586681870ce,0.27624333
ccbddb465b0ab278a0e216ae3049a9e6,0.167256
4b186812c568a7de74703d086d4925de,0.5396664
4c99c6974d7f8ec248b705f805ee46a5,0.39375454
f3bed29a0bc73ef468640bc833d1dce4,0.0075012185
1ceb1b6c52f07cae0a9c53fcb70257d8,0.023026653
61a524bdc69f5c02f5c94d60e0ee4422,0.015906401
258937bfb7d02e5ee1ca590bdf698bcb,0.045348465
64900751a903f1fd00364aa1d1b84bef,0.13819857
74fda88ba2c2d9d6706ea51c5c9869bd,0.03531577
0ba5219a6bd4bca3b134edf1c362abbb,0.19925351
216b1365049d086d26ffdc100d593a15,0.03267266
ffbfe90016321f35b2f6314ef0240d71,0.40042162
23b1cf34a76f895500c4f3ff18f3efa7,2.7965726e-07
4b94886791e194a001412ae138cae4a8,0.112101175
2da14ca62bee516232603338565470ec,0.07409068
ace1af63edad063d0466f5b07926b9ac,0.8896872
49f07b1727623a8366bc767ba80d3c0d,0.029546093
d899d66c2c205cf3f2da423bba68764a,0.027930703
f727057f33594942f7bb40d0163d4a96,0.05007664
d366fd36b9fc4ee678694392ae6eb3e5,0.00085885945
a5f43b6e96a7dfd66b5765dc1417f444,0.12054285
21b82fc7b94388bb3f3a5f7774b35dde,0.02973788
a68a4236d8e24af1a30e48e606b71613,0.042710703
44d034631c9892fb0038d20e46571a02,0.44847268
f3f6dfbb77f6241f9bcc7009ba11f9d4,0.21352997
01f436cfb81849edb7bc15f6ef88ffcc,0.6597475
5f57e26a3e1ab78eebca5c0aa77f2c1c,0.042595413
12afdf5bcd076aa9db80a9671bbdc04f,0.0008515123
470309d3b785c00f8cc21508b9a21117,0.06558345
4b33ea8017a4b1702ed5ce0741102b77,1.18991625e-08
e38e3519d5cd6481dd348f601fe3375a,0.31214514
a35ea23967041d44b12d9c5216d41540,0.2447805
6f8a50f100b73c7c6dab9647153e2e0c,0.19811569
22435d90db5dd3b9aa1f937bf5b6b1a9,0.029884312
e04fef006344b834e9f71a850c0f8214,0.19832955
ec54a865a5f7cbd5d971cfdac3efda28,0.012032846
62912db32f13b69cc3f43accb576b5e5,0.025195133
73b7dbb759cbee5bfd6689594db2896c,0.02415776
747fb06169c92c5ed44a55dead225d88,0.0024235318
197068b69799b4ea2475be26ca6bc8d4,0.012685905
f029649a7f0e1f3824067d716571c469,0.036064114
de50b3cd804b6efaff18b21e06fa74a6,0.19831684
229f771afc5e685176d4b52c2b8841ef,0.2216229
7b1ffee1dab44c97f80598023e412374,0.034633048
306e13eea2a7ddec6ccac9e0d36b955b,0.5751357
f58a7bb53fb20ade7673652832de9473,0.0072817905
c6c8947f5cb8b647a770d8e214273eb9,0.116575345
0c30b5fbd28b055a32332c59b8cf41f6,0.23678434
bf75df766a42c04a66de2b850161a81e,0.0075098686
412d3ff92209e68858c94534d582dc76,0.002391389
ea3c304f3e4c8cd6c6bc6ff2688339d0,0.007608573
34d520bd8969fab76e2cf88935d2538f,0.059592593
81e0b334d837c8a80f80dcdcfdf7b4e0,0.02322175
5abf9ae3e99d972d17aaacd7a94d46ce,0.95592153
ee76dbfc2370effa720c44e90320f521,0.043319535
7498ea600c9ef7fc08db72c4fdfb0ecf,0.5389869
9e8a005f0ccac2cb5954447c5cf98d66,0.032664686
15eef33c85d61ae29c5bcf6e3397d5de,0.3112293
41bdc26fec501b90d07df1438fd0a244,0.7317563
f230cfecab281c9040bb9f5443a4fc79,0.19833323
3444f29a00b4387fc6b855461c7aee22,0.011950127
a18fe98a9fb2b8d29337784133c6d20a,0.01267684
e58dd8f61151a54bfa678ddf428009e4,0.2074712
fca50ea6ab403370f127a8e6a1bc5a30,0.13106374
2b89e6ef4ba1c7e38455e6e3c7c672fb,0.19732288
b76990c44bd128106644b8b6447dbce1,0.022205727
67f424f9373af3b10df8e9ec759629e1,0.0010867245
74ff57a765df8e29853cf83258960587,0.2074764
9625f0b147be00a0d49e63d4f27bcd3e,0.03642239
b2912dba854432c8035fdb4312b9f9c0,0.011545892
b9c2d1c9b274ca44c9c5960fb21b1436,0.031328328
e818438f8e5ed0e9d1e997174cd6eace,0.19833277
b34c43e82a4b27bb5e28ff0f0a2da32c,0.2295963
813e5f53ab41750217f9a580f9d43175,4.512636e-08
b29912fdf55e319ab9ca4bfe05f2bb75,0.19296877
0c5d65a949331375cb7fc10d7bb9342b,0.66300845
8515e65a0753cd203192563602663112,2.124981e-08
3cee3be80830d905dcaba40c38c0d830,0.6353234
efb32a401fdbfdb69409ba5edd7b695d,0.43305054
e219228c33ddbb0b5c356f0276984860,0.98040277
6cab37a74ae72ef70a6215e3b73a2658,0.9995121
0d077e3ffc9a6835eee314544e9403e4,0.2786329
25cf84d21924e3e9b2026bc0e6b63ef9,0.5443741
772f70a9ae5cdb7d9989efa2c9c891ff,0.46893373
7b222fbff414f517ce31cf825f20391a,0.034945406
49c59bc59f03191164b5f16a903990c2,0.6085195
498707276ae4734cd45ee6aee9e52bb3,0.40913707
8aa3dd27e5aab7039f975ec54219a53f,0.65173167
e63445e7a6faff75f51642bf98721bd7,0.047472574
6fd9b83982ae80516686bf0e1ab68ef4,0.042822786
675ba16bd59be42a7e802466c434a4e2,0.0074920333
54cf8f35cee8500083c8e03880b4eaeb,0.03519955
38c2e6e7c809096dcb36e8ea89d9009c,0.0022541978
fe070e7bf2eb3d4aa561e03d3dca25e8,0.0021447162
5a034be9e43d9d5ab0be68e6d5cb30ee,0.99968165
ddcb91ed202c69efc0de1d2ff1685b89,0.9996729
90f6845ec4da626552d434dcbfd839e7,0.19832307
aa91e5ff8d09f57b913a39dc45c50ba1,0.11082131
bcb28f7def3ee82d502183e9b72a5894,2.5398916e-05
0b90cd8d61ed37cefe2d5bdb3852d143,0.04073248
8215a2cd12c0bee66cbf4a7229c06467,0.80205286
89e12355e0bd998e32f311191a79ba5a,3.7628507e-07
82892ad4a0ae5ba74efc341d461806de,0.03309093
07256425398c357e5424bac7543baacd,0.0445694
1c3070110de9e28db50ad1f67d2b1553,0.4407688
cdad6f44cce105b8812095958f3605dd,0.32286343
b07fd15f10436118d37726244bb546fa,0.6972023
93eaa36d819d65e29567aac78986cd59,0.036015972
10ef944af097dfefef2b1e3b26fd2017,0.9703199
529c65f43ce885a656e6a61ae878e407,0.3147197
01a1877aaf8ea10f84262aa41223154b,5.4260095e-08
bdf3f3fa6902bd6616416321db65774f,0.04521527
432121a9c1c9accf57d9559407bbf149,0.20747896
7c1d0cb7cf286af5afb12e48266e7cf0,0.1928017
f321a50e8c1914ae7c83b8c9d489e35c,0.031309314
298de073c168e755a2940432e912fe15,0.16912779
e2c32b7af79c2b531412bf14429d2432,0.01160253
d2f2496f2aeccaf099d2cbc5507bf8e7,0.30487692
0418fa0338aae4cb27816f3d06acb786,0.057319157
aeeb1a064836d578bed1d64e2a7e402f,0.004846498
1d4787c889075476997590cc3be701fe,0.12436648
d4d10a74d240dba86d93b4602c680101,5.7723687e-06
a094cdf84c86a926dcb18fe78bd07bc3,0.19831502
0a1d49b47767074736326136723354a2,0.63244736
f3b650da33d59337c6786c3aba95bf2c,0.1973409
180e562dd3734881cc6b800fc3ec3254,0.041732453
1fa7935ee216c48d46ec25c7b27ed7eb,0.19833371
faf8dc4fad08d39b666d22db9b647c82,0.59582746
65479bfd9889b469d6b56b5899872464,0.26823002
88f56bd33b1b93bf7a95152fbc852256,0.27850088
f14f85ebef4e8762a691c67830264205,0.19833441
592c03cf8ea823ed8ac297b8778a7f51,0.20747888
a01ac2ed45583d2621f5ef1247e99e77,0.19733173
4e1e56c5bb15598dd404fbe95ec8fc02,0.29675764
f47a10a36a659f2b2856e3db3f9309d8,0.5206032
57f28530a5f0e82ae6dc49807e120888,0.6058741
ac7733874042174a3c8b5ed0f3eb3252,0.445374
47fef5af92a845e7f2bca3b892052699,0.031590793
76096093aaf6b6b150963c250bd31ec0,2.2196634e-08
71636a36603625ad7040856f252b8ced,4.409504e-08
726f8d184186d64fa175ad77761459c6,0.19832659
7c42ef5a27f19cb42173f221fbc1e48b,0.12666765
a6e2f3d04a90c3366c106c7fb3faeb8d,0.19734606
cc8819fde441baa895ac70b4a5757479,4.348194e-08
c1bed19f5f65fbcd007742a035702215,3.6681107e-07
58171536e42cbf1b2425a3d1795cb1f5,0.5958168
aedfc8d790f6ee762f49387707efca08,0.84163696
270799292d7019f7d25162aa5ff1a26b,0.20052144
81ad177a0f4debf80048d5e9f71db714,0.0119582815
f89dde9ab63283ed735f654712747eac,0.0004341596
f194b4198318d95627ea0d7b7151d566,0.03943324
b71324f40f2dabe717758a089ad23d08,0.2053508
320f4085086937ee77cad9e0b49c6948,0.5683873
9892ca70608f3d2168ccc8b362b4613f,0.028211808
54f4c06ff261b4d6ea542fbab72e04f7,0.1759921
a015a2b6005bfc905fd5d83a05ee04fb,0.043429997
16ccce321e885ad659aad95cd727de7c,0.34642905
16ced2338e4742328f944fd8e779122c,4.1634127e-08
368865d5de82b85e2bdcc0f26604dd8d,0.041863732
b203d2782e7f39cd4dfbc389bd636c49,0.0314204
7b0826fbf12eeb912a88f21ea94b2673,0.47871393
4d8ac51af6b50707a493ebbd6f0fd539,0.6143926
92ebb9e789adcc308005c52b17717422,0.011446311
60e38a2d77117c6f1b3a2d758dfac434,0.0023855858
09704f33452f7ae333fb2affbc2b28bd,0.79318154
1139fe8fabc27d3ed48c8204b5bfac13,0.002424439
76a7eb5667f7cbd5a4494746684475fc,0.04716108
9222064fcc1e7332fcf052d658d5e472,0.27759618
4ccfaa10a87049d2a29577ed12a512b3,0.99961394
7ab30a6f0c29959f88dfba04323402bf,0.1235436
aa6c5a9df408a569e94a158ec4e723a9,0.002154241
18a8e1add9e97af69a29028b71821c06,0.22424063
78e00a7c09d5934af84dd73dc5dc6ac1,0.45330486
f0c3e958a24a3b1cc03632d33112e63f,0.049963016
32835b44a3af8694182c3a1489bdeffc,0.20647538
648f46385be5c1adb3f4e1fee458f906,0.0072658807
37e3a9d6c3c049530db1a405b05bd8d9,0.010135192
0bb77c2daf092844c01dc773ec18c9f5,0.114648655
4cfc16b439c5413a27eca5892663c43d,0.049648352
dbba3a931eed9bb44b4c9d3d390d0c5c,2.5782807e-13
7ee1af83e0008991e781637b83ff8aca,0.052863706
bfbc401e7f53cbf4b8491cfcddbe6120,0.19733885
d6ddac863812241e51e7182be11986d8,0.03773402
ede7812d29098515836754ed757358e1,0.8270195
c5351e1ffc17fd695f15978a75b1c325,0.06533466
75857b1012e7387f0302a1cbdfa220e8,0.045126863
e311bb2ecd6101e933a4bcfa9f6ebb48,0.17408367
ccb03a72d133f98897d29e23339dd79d,0.048091225
253717347335fdc75cf12317d39dcb6c,0.6541093
90e5e3de9cca5a6f0d8a04d0fbfbeb8c,0.8331645
c6f040ba84a3b43d44bbc810052dc26a,0.2604319
a4fdb2847491e812294b3348114479e5,0.0008629747
4f171f3586d080a8da468da4a0d9a5b2,0.50260985
9902f18a9ee77e107bab09ec16c8a980,0.81163806
abcb228ada3bb8af3f4191cbe9305d2a,0.038013063
4e89ef850f34cd5be51f7b5b3be7f257,0.04287184
e29422fa4fa72bb7579b8e77d7b74cec,1.9708423e-07
ae523a260ba9901ae6e96078c63892c4,0.027918082
ac2af357c35bfbf177a68d5d86d01612,0.0072414475
9fb535c371da69aa75cd033d2be0164b,0.026534328
8946ecd3eb128391272bc1bbabd5969b,0.058537353
2aec237345271b72b288e0fcf20c0e48,0.49283585
941084d3f30c18c847a28f495c7904e2,0.95326644
341f00056417ede832127018a501651f,0.20519988
ead6161154fac65b0214ec1a02743ac8,0.05339446
5407d25780b09e49ec4e49dc6f399bad,0.9996891
6f48263b82a8ef9024d1772a5656a40d,0.02448381
643a3593c00e5794a24840ae3a5fb11d,0.99995244
161f2a9dc071d81df0d4fc1bc915727a,0.4103408
9ed59a695d7d7dea4bccc888e456bfb9,0.012670593
56a1215ff9498463a2042a4c23d82470,0.15182607
d1304c17b51f8dc9dec3eab69d76c7d0,0.046451382
7436c14c4d14fea6b2404ec4885b7dcc,0.20436224
2372322565cc0dc94b8d260237b5b899,0.29405302
c945fcb2e88f249e4cade4422af87ae8,0.02974705
9209e09d7bb4df97e16d4b2a3d1ae60a,0.04308874
85434764ca186491ff82267a906d9bcd,0.19831848
62ae29bceb6f7eb42abed4f9475a57ee,0.41396436
e199fad2365499218fddd4d5d2b9e837,0.011176305
f8908054c5fba415601ee20d6e19d972,0.0012658079
8c5ac7b5e1201d09619f1ffd9d9812fe,0.19553211
a41543507e6c8adc6210986f6b95dd7b,0.00761723
1ca1980ff4f6c24e5c7213ebf9580237,0.6351376
c59dd3588dcaea6a2e03db948cbcb2da,0.13098834
490df5963ddd7a66387b4935457d9707,2.3355854e-08
44675606c364e8a8657f05d985583510,0.002556365
9029c4bd4381a0cd2a532be4f7f25935,0.011427394
0d89cf8db00151654918dbbf4e93866b,0.000420927
3f7796b18d43116c3d6d7f4de0308a78,0.9461444
d675c85ffb3603069f48a8e6514721ad,0.19735248
fbb54a2f986816a061ade69103c1f0da,0.09180299
07f32a1d4b3b78148f1e43f84b6ec714,0.044957787
e85d7e5be1e5e8d07d744049469e09f6,0.25624856
2e7b7b226a6d80ab467dd005db0d21aa,0.025129836
6499232d4ff8ca270c57d96e047dfbd4,0.0004141691
c2c64a5e5016c12736fc3792254ab45c,0.15370062
b8047bedf4bd67da523a724fa0cfd5e2,0.19833161
d70a7dd759293421f7e029733f1071ae,0.019688496
64ef9b37e4ef46a79c734c71d2060832,0.34464732
d077c2abcdd54c3b99c8e213e7ce9c37,0.824217
3693254b7ee33a608102c3147c292c29,0.23572111
c42b86e5fe3bc06d4a7f1887d43d80f7,0.4715317
688d84ca22d8ee0bea58b222df0bd723,0.99655163
c9f7c90afc15d0138fbafd93166ded52,0.9994624
452d680c2afaab369bce98183e51527b,0.014325084
3a9ca55c11f8b667dbb7a2d66a4c9646,0.9998561
b0dce6bd208cfcea84009cf8fd0f99c6,0.20283465
bdd758808db45b9e125c0930d8ca9942,0.27085766
e7f4a2d1837d2e700ffe44d2262972b8,0.052451026
b5aca9e0dedeae1f8510d9d0b5e17e2a,0.00078871974
693ea11d4b83aad08dce8124d8f728bb,0.5797257
729c6ceb42b1f21910ce1b178562077d,0.0072436444
c00877727133a9851a3b2de0614f5f77,0.23114741
2d4a5b9016f45f8bdc9b9033427ba4dc,0.19734141
9f2e619854778502d39e68925f7f257c,0.1973575
3ee4888195558d57f296c99ee80d07b3,0.12575874
09b009789037b200107f5988a6e71f00,0.053393822
1be4ce75e97210ef6891b412b3647511,0.19733518
5ff2a616941a115511a393bc4146d240,0.012674704
0cb6c858ae83df11e0b7724621677a0b,3.7794596e-08
1e7a4196a08d5d70819d30738a654d7c,0.045639835
41381e74138915e4168a3178e71b7d45,0.2900699
81fd94ae64a70d5aadfa05488a002e3e,0.10179285
130bd712402c69a729a782f6cacc86a7,0.13191758
51dcc89ed1035a6c2fc57ada8dcb4dc2,0.8184902
f48ca610bf790dae386e51924da53663,0.03627258
3bdc2667bc916cae1f5d5371ec98a284,0.033793043
33bee4f0caac56cdaaf7e51668a304a6,0.00032417383
6c84e6cb8ac0b0b6a896a89f37848640,0.40476674
7e98402c93382e4e43a62263f0dab3e0,0.0072980127
71133de0fa31b2592bca05782f286858,0.021996755
e6bd276b6792d6448ee9573d9d112853,0.03311373
f60498ccfddfdf9340a2085fb714b451,0.19560254
57fee7b8f6c7f6476f4d30395012db96,0.0009810199
1980206a8559b32bbe64382f8e23e1db,0.0008222951
e14e8591624b394e1f692e8212d4c2d3,0.01204035
9b5e52b652c78461981a265ca0f3cb0c,0.19733351
6e6f2b533f544f0b778fe7b9d0db7a33,0.09351748
8c0c75b4ce6f444d96fa8c64e8d3b9b8,0.20901267
45b725cff5e7197e759147f54cfbd482,3.6721895e-07
dda83a5bf492086e07a7eade623f3e0e,0.0013451714
7b37d6e3b57fc8819bddaabdbf4804b8,0.37596986
1bc5ac86fe53c6ef51a763c704eb36b6,0.03460751
3925614f45870214a66c499e6a2bc14b,0.2788339
a432734b38eefe96ef0c7e1b0fc18d24,0.02408584
f11e74d5adc798a9f9654016a82269d8,0.064027846
52c0f1594a454624567abd79dc159ef5,0.02187027
db725eb5e8323f8bb437b4f8d106a754,0.19834189
5cb6c57b973afcb1b15150be62b20ca6,0.9219615
c88d605b5109881a7519e519ee28c27d,0.83270395
5327692d31518620eff3286262925563,0.073950134
7accf8fa814db6e2c829870c8a75f085,0.6106659
cedfd58bc2ab3b4b03f972bde5e585a3,2.4304791e-08
de97d5c3b83baf59a10a9f142b5569ba,0.049721785
cd8c6f9f3bbc12a1df5c31bb7238a141,0.022995278
70f0ba278aa12106d269d2ff0d0ed92f,0.40938434
cd26ff721010ba6d6c7649fe983f7764,0.23298243
a517795c1feb0acb27539cd52df7cc7f,0.09476815
9a2cdab50a1a907608ef25ab872ac28f,0.9996085
bffc44ecc3d25efbc17ea1728e9fb92c,0.49469143
0ad71bc2b4f5f93365e832ca31e2d161,0.200484
f839b3f0a227358ea81bec10c4dd65f0,0.24230294
200b8edcb4e45f89fc56db8279f8cbc1,2.2911427e-08
39334ab9fc7c04f5df0276bfddbdc78a,0.007413689
0a515d82fc46321a7b98ea9238e1f62e,0.029894318
b386d868a9c7bf3ac905eeb46e9129a2,0.9943981
4eeb655f75de99e6bebfbed7680aa63d,0.039555945
a4e172475d02b10ec51a662f96bc1299,0.11806848
8fefdd3b0e744299d6923033ac2aad1a,0.81702626
adfc957bd0fb34bc12851b36eae44564,0.7299445
41fbb2f42077c0334dd341cc8b9f339d,0.20306627
542fa105a341f8ff4063b89dd3299e22,0.7262764
ad285c397b535d0d9778b2a5f3cad70c,0.19121732
f22610a94cdb066eb00d18b547485594,0.013423095
6244c4b570ba994bb70d538f993f0684,0.39994806
15781c1694a0c0487c4187922e6830b1,0.19078262
721cb130276fe30946a911d3e21dbe3c,0.14180379
0628d8b96ed39136df82f5b85d778e56,0.24748178
d3c11bc8a08125ae659b28a6058bd2ad,0.19734056
19e57b96c87ce5f42d185341dd8706ba,1.2736652e-06
e5a9940144e3dc20e71bd886ecd849dc,0.13366878
846296e641ca832b0fcb1d9e127968a8,0.13545622
128bd073aa98a49137f8fab77ccb5e02,0.40049085
426f68d8fe417127ec17c3c96f98c16a,0.1983329
b18328da94f37225c245190d80b44db3,0.76491994
da099888168b247451dfefcd4ed6bb76,9.694857e-13
c79817c94364c8d81ccd3f314d53bd4a,0.37393713
ff71edec673ad41bfb1a393de66a960c,0.47596854
04a9a951bc85b86775fbb41747c3cdf5,0.0012068222
78f86b15e18f6d3673fbdb628b30d463,0.14641151
7742bdfa029b1d775138f9f224148bb7,0.0010163079
c4d3b0942960af2c9411b832b413ac89,0.20330791
388170d1b418cd05ee625a0cc27ab450,0.049298204
40b8e0de8796577e5b3a5b92a5168e66,0.028632918
b403aac357109131cf227e0c61881323,0.01841462
5a7538ca58dacc5ed7e95b8b9727e622,0.0095880525
ce8893d8efddb1e596a6219ae57ef1c5,0.19834352
dda841c88ef5196c4a0a7400aaf1e734,0.114199296
b7a8bdf3d7ac21031f3871438549e9ef,0.11351444
8996f02563bf41acb0bc016f1a9dc728,0.8389479
f3d536d4a3d186d4d4368ecaf2c75c3c,4.112728e-09
dc81f80b088c5048c388c5cb013d6c29,0.39648438
afc356d7f966fcb17323c4901da0a6ca,0.00047531226
0706444eb27be5670f85a93c58b5c459,0.05378328
73b7e6ae443c55369b2fe3136317b44d,0.037740584
1d322002259251be77021a3140b25474,0.0690356
4d3c0c028138d083d7720965b138b0f9,0.011593916
1ebfd81fb625cb71006591ecb96c7dc2,9.719201e-13
d776a13eea15ee780fc98fa3cba691db,0.03936376
c81e0b19a929d65f972d9b7f273698c0,0.085688904
406940fb035ddb925cedf692595ce8c2,0.03437478
fcd6f9dc4c2dedb09f02e98ae484275c,0.63885
3ddd0dae9b92cec1e2a8825ed9b2e4fa,0.028788319
20273036aa735879524ab3292193bd7d,1.1114544e-15
4fec56aabb0d6f1fcdd7b7804dc14414,0.14646909
ab065b52d3453f651cbde733300ac0dc,0.5509122
81c69cc854919569affc0047b4a65496,0.040543757
0409c0b18eb45fe5796be83c47a8d595,0.19833836
57586bb84e25079c49142214959b6794,0.9405217
073144f3fd4c3c842d38813ca5fe18cc,2.2562684e-08
64e6ef686fd0ac39cdc0648cfda0ed22,0.25210616
eb433e8d9ed68cec55a7cb4ced48e802,0.9840783
d39b477d411b7a620c6954bb343ea98f,0.0058032637
8036cbbfaf162c0c3cbaffd9dc671958,0.0073654614
586f83f5059e2af80ce3c2605b686f73,0.98455477
2c2feb3e7a0690c119529bb0de47714e,3.481606e-07
4a5ccc0071f3121823b633b464a5c80f,0.17575748
2d53e1a7c1ab59f94c45a31a7ece2de0,0.088363245
b2549549357f4ac8931fae2b42212043,0.021504736
43cd75a98dc3806595e1029659eb70ff,0.1940861
ad177ad269870878c5730fe1adb84dee,0.48864025
c121f31b9f044f4c921f286a8696b488,0.05144955
2820ea0329208ef6950e350ba112f19c,0.7659574
d37f0fcc276c99899af8b36012f27eb1,0.28176278
56883e0c02b283bf41a483178ff33e98,0.9997339
d8e3d8fb3213b6ac203d5d9f2874119c,0.07296734
420756ca87596fa5c43f406b0922032b,0.012172825
ad7f89d7ba5d42930c39e4af6be4830f,0.576679
f07ff888f0edb8d56248775b3dac2010,0.76433176
87526792f736ddd727485c7520aa9236,0.20746846
5edd1ef56aa66c7a07f11510475b632c,4.7969355e-08
293bd54fd572295ed744669a8df5e30b,0.011726996
29ca6fd7612d24c1884d3441e69fdc48,0.21267943
ac96dd72fd7571e15ee9102198663513,0.0018021229
7b0081eee235e016c0cfe626d698206a,0.99835634
27afa2abaa1978501a670d5ac98b46ba,5.8621554e-06
4f9f33aef1e5f10ea76ed0482b75b9ca,0.043434855
1be238ad9090283ca4d1e8248e1c4710,0.10352619
8555dc824fad99e60f08fc4775b51a3f,0.042634666
b75c6c185afc8da0ff83a3dbd5901335,0.5783739
91c04ecb4b62beba23c139378dff9e43,0.040333834
10aed7c9078642756495f27e3b622a47,0.23888612
580fb7a90b3e3920c81bb414f6c43e33,0.74800766
9a4bdcc4f0e93a4c23877069a44b415d,0.1983348
2cf68d453e497025868952294a363261,0.20837207
da90eaa610d51d3433c8e0d81beba5d0,0.19860666
538091aebda7544d5d5c44d2e12175d3,0.0073693832
abf1d66ce930a136e07798f92df1c0f5,0.0038307
a92c9af4c4117483ad83dfaf24afb739,0.9996691
22118ed48f0374b1110192cfc600ea6d,0.002385337
8a0d4e04c85522c82ada049e30c16a99,0.024795894
9e882cd306c9722d18641a39d44f80f3,0.044104654
65b4902b60f2687258fca95f18f72c8e,0.008153803
14668fa1dcb66c1fa19c448fce2dda1d,0.04602431
9fa8ab9d1e3fc5b483db50cb14f7d493,0.9169
fff65abce83347815b3bf3964e5315f4,0.211785
2bc90f720b8c4742c758115d0f296077,0.045469247
ba64c0c54e34d03b386868711b0e7805,0.011629902
c447ee40e9b7d2f193d2faf258550e75,0.001489796
47ada6674cce3679ed8f9b24111871eb,0.041666064
5cb41d6b2565161ee0f2ca63ff1e4eef,3.8412217e-08
c06eb3a095bd20c00590ab0d15f337bd,0.015944717
d02efc38153d0fb642a16845c8adb89d,0.73468596
dc1f308cba508b0ed167a7ae6f070494,0.19734918
a8afa0d53599a0c834f211624bbed0bc,0.036029853
de9f98ed8000725ca4492e4336443996,0.0023827015
723c0f2d39bcf7b801ec5008c948714d,0.21366446
b5e827d520733efc484dfece6aa8005e,0.29537937
e12fd7bfb33eb6d2d568b130692fbe36,0.018518548
d03b1332506b5ff3f461b94ff60937b5,2.0387404e-06
acac91ae143c41bfec1286d7c912438a,0.799884
1dcc82e5f38a377fe58a053d12f01ced,0.19706249
9428f772e9b45f9b913a994fdb3764c3,0.15982404
3f368e99dc67d558adc6537beee9d791,0.042121973
e942e989b80bcec68597e9e5ede55cb3,0.038042672
66ee49316e94041f51087a0fbbf22289,0.45404187
bd6cc61d5d4e1d117d304cd7bc3c9287,0.009153461
45ab32e4a2daa1b8e492c5b45c0cc57e,0.012677428
d6aff4e97a049e82ea6bd5e5bc96d2e7,0.00083956553
d21caa735db32f939814ab8736c2d2c1,0.0023818912
3e63e1d1c23e24de4d67298251eb9869,0.03551876
ee18fb9074e18f8732fa2c9a89bbff2f,0.11141731
15747563eb5ffbe0955f07f321e3ab33,0.1973407
a76e2cdba762de201e0668178b03bec4,0.96705353
1fe60142abacbe3c8d7fefeb86e93d1e,0.17941192
9a0ee0fe53f35e9621aae6f52c537ab3,0.19833528
d435d33e1bd9258bb1047b832ce114e4,0.111206636
9a38edd89cc157dc725849362c5c579e,0.30392057
988124033a33a0baa178a2956e1ae403,0.96646464
8cf07507fdd6769ad42a65213214fe36,0.0010184499
f82af7490ad50efd8e532b88a05d448f,0.20052628
66e9e7057ae4af869e1f1e8434be60c6,0.0370417
bfac1273512d7ae24c654d307ca8e6ae,0.005492934
7a1b739b5e6b48de20de54dea8494fa9,0.04424513
9217f68172745c6fb7d440a82f3161bf,0.6343471
7b57006d18bcae4aaba501702b42cc36,0.028381344
c1352cc932d369cc7d397d58e23bcb56,0.47316542
6d5c07f9b00d61689b995af6d2c80df8,0.04551161
8d4214e2673493164830795e9f05e9ea,0.014949572
c4cd78b33c29c3589c457bd01db6db81,0.2397944
47f54cc68666ede5e40904528e3e587a,0.020331485
f7942ca43fa50871d99d81ae74ee510c,0.05210332
3af146cde950b41c0e39c6422933f379,0.1973396
690737f042143afa725fc6908201ab70,0.012685763
47caa4307bd3ff37f239bd060f2ffffb,0.2003266
21b6861fcf125004eab4a265bf7343fc,0.01170688
ab13f4272f18151e4b520922cba752d7,0.5987844
b9b275c08efd0e570023ea72b87d11ca,0.19212256
c2c147b286731842001c13bf7bebfaf9,0.20053816
f0c2f5ae2d3033c5ed498112c6153f76,0.09000447
a417b308b425c7976cd552ea385dc2a0,0.32733494
21b306a04805e4c64914d91ddb1d574d,0.03540484
da1d13e4f28d43801c5c18bc458210ff,0.0126728
da4317d8efdee928d9c6fc7fc8b5c1f9,2.1934106e-08
f8e4ee2e3be241efbaa36f08ee424703,0.11880945
40995840b8080617285b4d2cf5364414,0.19559813
cadb1dc9bc230bde43dfc74f97afc7e4,0.19734201
5c8e1062301d1f7bccb5eccbd4d4fcb7,0.19343397
6f942ef97fca9b7cbf7d8ef0bbce2015,0.19732675
819d286d89e84f733a12b138a62e1e7d,0.036935605
3158aa3dc5d8399cbf8526b1336aec0d,0.58828026
b8d36b726cc3f3b80500d8954aea7f07,0.9997524
67cb7a1dae9ae5167cc3f87f2e3f0025,0.42313877
babffac666a5d7db5a75d40c2106697a,0.38899213
8640afc4d2b17431fc977fe863ce45de,0.22378954
638c5f5c6f0b1c790a60d4190d8baf26,0.2671294
b443a01976e1823ccb1b0c1c6d8cb90d,0.46956772
48e319bfa799a36b0bb985f635018b4e,0.83175576
1198e2822ad4155a87e765f107775810,0.055030376
12692a4388e3e5eaec438235b8a84132,0.00037413847
ac4fff14da6fb956bac1ad2ba87c0016,0.20745344
f6871bbc4546dfd8e5401cd0ed45e977,0.005806263
cad45724ea1fdf2df4284ca5f0768ec3,2.106852e-08
55c305614350074b1d8511afce521279,0.25759116
ea87135ce70466ffc6fc125743ba45b9,0.0076081054
710d2619a6890b1a3cfa67bb828fc5a4,0.83077466
13976f07a04c85e1d3b8a0b2f4f4234d,0.53070354
c02ccdd1b3ee9554ff245be0a3c213fd,0.00015028086
58119a4946362b7809aa51371bbaa0c4,2.5766383e-08
2f2dcc459da777c22fb127c86a1fe420,0.9996847
464d7195311a033adab9d422ab5140c1,0.39033133
8e9a7762621866144cdb9474a235cec1,0.012045553
c0ac285fb6995208397f20530fc3ecd0,0.23065948
37c35fad4e059bb309509864e915fc27,0.0040356247
9b01ef9ddd7b4b78d827dd33b8691719,0.0064217336
5e862f7459a108d82974d383b9fb19cf,0.030921832
1dff1c68b997a50f6da50346f36b75de,0.20128477
5d6cdb3f1a6a24237e65da8f002fa06c,0.48035803
bd44cf29e9c7193d667ce511a3902341,0.6943663
71fbcc20593553e1eed41d60bf4f110b,0.0011660678
465298b458ccf3c6f47bdf0fabf01c49,0.9995003
91151b9d85a3a0e17ecf39c0c77dd4fb,9.849423e-07
b0c358140f8c3b02665f8c2513132df8,0.01783839
2fb113529beb741aaaba354c7b3c4445,0.1091909
b700b136b184063ec97114b6f608f2ee,0.9996832
1c3d99fe5fc815ecf51fd63831e967bc,5.838366e-06
2ace682b0643302f35b9d2b9a5b2a42c,0.1983321
57fe2ae5c90e8e80aee9b1bcb52c9c20,0.32045445
c1109c733fa4ce4d7c1f58c6b0af6297,0.42066106
37395c10ebd0ded55c02cc6f9d6bdedd,0.0017647488
0b2e1523b4665917b08e4770fbfc1935,0.0018423212
d105ee404b7c2cac71d18f549f608953,5.0330954e-08
a04fbfcd4d84dd7ffcb5b0f3a04bc4b6,0.0077564553
7ab6127608c5a83bbd4823ee12d5da96,0.03608056
3d0ac16e90d76b6c88da91ef20389cb7,0.19733396
db040deaffb12cddd14d7f26f9209762,0.4284791
fea850a3e75d52de74c65942678485ff,0.021157205
693bf5b4476eccd0f8fe5addf26a625e,2.058918e-08
c33bd734fa2bd9c42dbea3782af42b75,0.6064715
36158b8edba2ca03da07bb282985f729,0.9993992
942c05a39b950325cf4d223a981fa258,0.9846288
bf17820d4b68221e7f1c6ceca39cca0b,0.022783594
6d567158658fb92118fbaabb1dfe09ac,3.509103e-07
ed2ce8ec04b9b53cc9eb2e2894438bf3,0.011230384
ac4fe23a9819ea54369125a9c1b5b700,0.02903366
def0aa9223e28f8d13bbfc10cf962ccd,0.00084759935
cef53ea40229fa5da9993cd4566903b9,0.8080516
ecec78ae54044c77236511d659ce7db4,0.3943429
e8c0a88049621dd1436b3b1b77e97fd6,0.043264605
a478c7d51a09b21e5986405c4b423e6c,0.64822304
a2ef99cafafb9c0ebd2fc34a00e5f3a3,4.4368846e-08
6bcf44dcf33adebd1a5bf1b1030f7769,0.43505448
ede8e17b65ee282af43ea0dd28b54974,0.6230389
cb0f934ac934245cdd9c2e313e7a8d2c,0.043330766
8b51b1f6cea9ce0d4559a26483daeb1f,2.3476267e-05
adc25ef376221da3fd32795f2820d13e,0.034435797
2e82519e35e6684c211d839013302a10,0.1973452
23cd2675981965e43b682f642c77fa2b,0.009097128
87efcce28b547667c2c7563d8013dba4,0.025206914
2d955e44c1df9fef851476aea05e7039,0.055541735
1b2a8c1918a3abdd20d73a5c893cff83,0.8647836
4cd58afce58fe3200f70c28258b04a60,0.00053544686
c01b9a03eeefddf70a8d4a07f2478cbb,0.72889835
e2c99c77eacd8a90524adf43816712bb,0.03111521
a69223f1e1df134da83f57ed8130d2bd,0.77910227
6a060ed6df1538f1b963a489967c198e,0.10650589
066b67353b164b89cc589d3763918d25,0.00068528234
d498b84890145fd70bf600060edc6e77,0.04284998
6148a910e819de54b2d77abd9db2c121,2.5178892e-11
7f0e4ea4c60cbe897e6173df6b30b159,0.42262116
80aecc1d7033df28cc33d2b65d0fc7db,0.012410631
f7289742f3a9cb783585e6ecb266e64d,0.7998954
6763d56f3cf811351e3f64ecb75e554b,0.047890685
0988c6300aacbe899f937c6715f3ef2d,0.19833305
4d9ed4d818c7884f64ab391f17ffc412,0.19733807
dc5d47968cd47144fba3b7006aad26ab,2.4105195e-05
3f4ac609ad7c80a128dc7c615a92730c,0.1759734
7f5eaf27da990deb306ef7f84b5ab69f,2.476795e-05
2f8a4948fd1243613123d92048deabe8,0.53116405
900d143d621cb1e5d2a06b64b2bd9945,0.0011409044
94c151a982525866cb1c650cfbb6a291,0.52352464
1162e431a9b265494fa0a1a4ed3f7343,0.10014601
3a3c0ecdb00fd3ff160e3f9bef5842e1,0.048103757
0e9960fd05016bf822f9bc6371e1f3ee,3.8136935e-08
8094fd400739a20447e796055d5d3c6b,0.07770148
5faf2aef157faffee747d9800be2b582,0.03954063
f27b405d00ae2f5518863c25f0fe893b,4.9095668e-08
94e6e48517991f8930d029c785c6eae3,0.038835444
f82a0545f200a9d0f2119e93732a10cc,0.04412117
05f33c11bb7732dec8378068315d8a9c,0.10596818
9dfe59230f64f0caf6cf4baf30ac9bf2,0.23384261
aba97a8929462617f265a9369d4bc347,0.053195845
9a8a8ad39f9078c5aa447c6d45734bb1,0.052478857
1a18f56cc9d6241ce9e2948aac653c9e,0.22379681
5e977ac35aa6612b49e9b3b3b9856965,0.034063045
e930ae68c1b6e314e7614e1d057d8c00,0.036556516
09672cb14fc71e847721e4baf83bde55,0.2428633
7f614ed869c155c0356e2b7fe9647b43,0.030227816
db4802860c0a04867ba220a4adae24d3,0.002389717
1595072e825886a4f7f70e4b7e5a77f9,0.0009240386
785cbbe2b1b2d6638a54a738b2fbf582,0.64546746
7e329e8caac9065946ffb1daf5d8d208,0.0337354
d262ca00b24650202b3f67b79cdac02a,0.033088196
6e86e0a558222511108feab9939f27db,0.015380936
259134d92212d540ea5cbe7c1d932388,0.5495378
44adb8840c329f865d37bc75751459db,0.38685602
91dd4cc9c6ed5292c1123b07abbaf0a3,0.48538145
afb08b6f35986c0df10c65b5dce62711,2.761684e-07
8189142ed3aabaa09510d4a0ac394fdd,0.011968322
728f1d5ff2a997310ca308a42cebfbd2,0.22395182
5f74cbfd64691a79b90ca085516ac5cb,0.99962634
6b7a82c1add74b53d448af66811208c9,0.99781734
906dfd85c80d19c2696f9e7e41209406,0.014508447
fa8d73ecc492615677d5e24993d45b29,0.026501048
aec90c92603c2d6b09298671c93ddea6,0.051318407
f8d391fbe1cb3426c9556a739bd9ce84,1.9616095e-07
49086afd46b53d470aa33f22d0f4dc9c,0.0025677758
957cbc9f1eec5443a3f1382aca7d7ec6,0.30347276
65d1c52b1c357ef2a3df920a7d2f2377,0.93327034
11830f7473de88f6677edb6632a4f5a8,0.051674437
5204fd088bcc16ff304d237d80ab40b1,0.021410845
58fc29be4ec71ac503ee95ac3bbdf14c,0.041166093
65902ecef65552fbed01fef09e35bcab,0.04011111
eac33a8ca4b4f6d5f62ad4213cdc8079,0.0006905
0b863bdcaf427fcd9dda5a534998aa7c,0.14896783
ad3f7fac8a2d4dd79eb9c9f880cff6e6,0.016183386
8150decf3d555a7d3d6737d11be08c4e,0.31833345
86a15688054b758bf0d9e3eaef0daf08,0.20754635
8f65b78407fec40966f00c6a812cc033,0.027943164
8cc43c2fa7926384547800ec677f6dc9,0.25418934
654adaa8bee14b5279ebdae6748619f2,0.0037710976
a2ef57bbe3a8af95196a419a7962bfaa,0.42648488
0eb98edddb454ecd5742fd02b50846dd,0.9839093
71674b749345c732ba44cc769ced9ea8,0.042760506
68a26f1748665121c0dcb30b7db0e2d8,0.999715
b144f0149ad2f1da9d7ccf060a518d9d,0.00220701
f8687d2309d088df0cea1331461e1ccc,0.010533283
32907f9ed8185d461d920b75f6bde07c,0.9997447
5fa52b6a91d4eaa2d413dad43ea27532,0.7999272
2a411b040daf5bc0926f9898cefd004e,0.0024297237
0b74b1d76c6466a8f5539ab10f07c688,0.04365898
3e248a5c97b285e1cbd6459b6591180a,0.53789437
28211e343d7329c49f052ea5092cfd32,0.98401946
54554b9eea69ca001e30e618a4a4c19e,0.16796097
bc0119c5cd93c99c808e2bec4e0e6a75,0.0485034
c4afcc9c17a19829f6991a1771e72b12,0.00090423104
5ce7defc3bb45a851eaa1a685fa469f9,1.8631526e-05
81caf3e33cf876a6973c3a55adcf5907,0.198327
d4b7fe2c9178184efc923309d9ce983e,0.7998926
176262e38a7467d35fb682ac63975cda,0.19833
7869f9f5b478544d59bce28089a4d702,0.13408896
6a77d679f31fd8bf0de8fe0955cc357b,0.02520823
d81feade2d27f1e0df8fccf38ec9e237,0.80693626
c76b66df3ebbdf2540cd10b4c17db3cb,0.012308333
f3345a91a8a8f1561072cf63edeb60f2,0.22951317
f80a2219a467b90c7b83eb0ca5554bf0,5.692982e-06
fcf8d0ceafa168b217bada6f458cec88,1.9919052e-07
1fc6eab90b275eefc82dca425ea94cdc,0.47501928
89cb4ca81be5e0ae9a728a865876d884,0.19076443
3ca8d7b4226ffe5af4af023972c0ea42,0.0007599427
173ccfa7178bf835edf6c126778f091b,0.007363601
1e353b44a175ea0f7fca4ef1acbcd127,0.4653522
b5f511050240ed46e3da0b712940c145,0.5244862
68ae0405d26a5e69c7cbbbbbb0e0283c,0.6763824
dc50f6f36f04f960405f9d5c34748fc6,0.09310989
87df07991d50f66f3d1592b64ebf6b0d,0.19831079
b2ca4149174323c52c016fd1f51a3f2a,0.0120479865
5111f5f7ac46350f4963c7e118ead956,0.19832675
d831c1ad8420db53f6a692ebfa099e16,0.98173237
cffa005016e16edfc3ab2bda67882c43,0.0032313112
21f83c5d88945d39ee01af81e0f77804,0.019851077
08d7ce467ff6be036692a2268632c284,0.031656377
f022b6feca056d1c00e697fdd3f32ee5,0.5059124
16cf16044edcda56c41f5e46b41acc29,0.9996151
9fee09184fd891e9b8136a907f1acc66,0.280361
bd2f353eeeca28ce14db6b87c722e794,0.08005038
cabf8a18c91731f738c3b6fc9641bc24,5.088461e-15
3a197ef8ad965fdcd84dda2203eefa50,0.031397663
1aff833ae399bbbd85cdc1874ac78532,0.0046970523
3ea489aa54b7e3d62af3cce6357b439e,0.7434042
93e36b8e79238928df35e72d69c7ceb1,0.10591362
e24377ad2a5dc391b76b4fa2bb31b4b4,0.00951946
91770bd7179dda926c0444668f15bea7,0.35598245
adba4e3fdb9da448a2f0df6ca6beb567,0.41630927
7aa64956e5649910301aaabb7821d850,0.038685966
914fad3bd83549ef8a3ae9997ee75e4e,0.067394935
6586da1a5d7a07c3549e418d5c2a2c7b,0.18865025
c15672c2cc21241263cd92f44b01e062,0.35051557
184157bf64ca61582302c9cb5fdcb485,0.036708646
cd8e28cd4299ae0bd8447b152d1fc6c1,2.4068422e-08
16aef5c7e59673c5a1769ea0e961b985,0.3855568
82ab63b448c104fe79a5189c32ad1e45,3.905951e-08
324b0c2f2b6bde296e2f032a96c08c95,0.044950973
9b82dbcdef378b319b956047daff7956,0.0008514399
4ba7c0027a4895a199ea558978884eb5,0.007662331
c7798ca513ddd7939bc43e6338e42843,0.029889628
1caa00f6aba1f5b732e501ad8ed369d9,0.04610147
a7d951a9e8e89ab55da6e04866225344,6.4918754e-10
0d7f92969ec8ccaf69d6390867da26fb,0.17295723
7970cf12a70a32bf2add0222ac34b6f3,0.04608156
787d1cf63e99ffb76b7794ac27a9a5a3,0.041881435
9a54e638e80a08d65b28c56c1af1f366,0.03845751
952b949b39ffd7c77a80cd0e44a794a3,0.19832739
d9ecda7f3d0ce662fd87db949a372598,0.020278404
3d899d561e5e353ed68495e709878a6a,0.9997598
f7b64f87b8bd669edd01ab4f5a7128fa,0.15473776
1aa1279df2e827f90ef865eafee87713,0.038144432
385206e8f723f878801b7168782f8f3a,0.06831478
42f41086f5e37ec85f4654258fc986da,0.7163054
f97769c277d2b463048ddd36e9a8050c,0.19830976
a731ee86718d76f61b96f04d521df5bb,0.19734082
d0eb91c7cee9b2745850d6ee493c6448,5.7558073e-06
e160c13e0a4f805ae4bfe85f1d89dca0,0.40544954
2db6eda1fd063233dd1674d8cda73332,0.028629825
567dbe2e086563125ff71669c9ea85ac,0.051722515
46c77fce0e5f0ebb3db1197c62c2dc5e,0.23894978
c88688261a327389ae448ee084587f33,0.2477947
aeef36b659e9b3c29be491ca0e5f70f2,0.19733486
48ec36c89ff2bea1e0dae2ced87a1619,0.088679455
edad67eb5c53c8f6ee2ddd3029ebd031,0.49568567
b0419113bbe7bc3f73c977cd51c465f2,0.19832936
df7ad5d29360eda0e6ff953970ff765a,0.3593537
8597bd470453109d11b471dcc995552a,0.75215876
fde1db855915b6e4ef498289e62e9d69,3.7561117e-07
f9704f83d835d449eebe6d7ce56b9cc3,1.3408588e-12
b85260f99d03fd810374d3cb9d1ea25f,0.44759578
eeade33ef7fc50ff0cd4a50e30da73a3,0.1983405
c212ed6f96eef8f472a2c0a1361397b8,0.036965024
096f24a56421e95aa0523d49c831bc0d,8.007976e-05
d86aa5b9211af818448b7510f0844059,0.0073492574
840b1d1e6bc2bff9542db277731ad183,0.0004312653
fd399e18b4f6ba0fca5a65e89c2291ba,0.22887906
7600df3228448fb965ec0a99d3495c2f,0.1268232
cdfbacd1bd94305868408dab9e5eb8bc,0.2642712
e2c37d1cfd96b7a5764ee1de0d28c3ff,0.036093064
95d9e03a9248f9dec7c84b36e71aa479,0.011395281
2e7ce8425b9d984d8f3938eef85e1edd,0.0010311656
d344c4029696a47b0d5166ba4d9d03f5,0.5372277
d26442a5ba7e3d4b04e133b6cfabe385,0.20746586
49799527c51485e997495bac607e3d60,0.31107658
1ac33f5793f78090e2bb848f34a5bdf1,0.19734451
29d9deefc031d51d7f8cb31b647179aa,0.011559454
3e9f1b322ffc95e030167fe8f4ecc80b,0.03395193
e2c60cd64052fde24bf63ba8c3fbce3e,0.04181374
f1dcc794c567379e3ca372bba8d2fc35,3.2486405e-08
b5fc7c7ed26c69d099a21147ef7ac00f,0.045352332
ac28be460a6db9c91f20a8aad9c33437,0.19831905
7c855430069911a78cec5624a0018a40,0.058246635
74a69256798df6cb1b8715b8fc3e7bc7,0.027228907
da4d5ae7bb7823e8344ed707433fd7b7,0.045251414
9e0a717e47762722c3d1d7140a22cbbd,0.8176042
a74f5d2a22df9b8cb87efd1267196722,0.19734442
97a92338a6a7e7fb247ce01db09b8b5f,0.15979204
7dabf8f53d2e5d69d5ff5a4e5ca44bb9,0.011070101
e12cf99b1ca127d466898a06ce4ef436,0.20745759
25dea74394f2f53bd310d6a08f63ff7b,0.38190165
7184b5842216840998babb74ff88f0d6,2.7733782e-05
7360b51bd9873db1172330d9600ade98,0.06873803
313905eb53b24d2c6b75c6ef5cca8f4d,0.22953534
3ab9fa40b167eb9ec19fbe0de48a5b0e,0.26428854
a3de3381933267f3e962bbe1a68aeb14,0.03265151
5c214c239f1ec0e43f4f32bf8a512c07,0.19275428
2716ee5f4a3dce413f45facdc6da819c,3.9541625e-08
1351734235e7bfbc5c835ba4ee6d44c4,0.103056714
0d34d8a919900a9111d90c2f435c9201,1.9635961e-07
c2b29d87798179734320e8a5b298ccf2,0.5682863
05adaa7681ae76ebd544b0701eaaea9d,0.031004652
af95515d5deac826bdff78efeefa2c65,1.9579825e-07
ef088adbecb0d4775e5a74cbf659b374,0.11285494
c4d45954344441cb00c7c7ea998c28df,0.19203626
eaf62ca0919e2b647b0384a631a7e346,0.0445956
04e1fdbbbac783c5ccb74b07fbc2362a,4.18535e-08
3d093d6b2979379bfb3276d6377f7e01,0.19734913
3301275f67d9fa8c3471c25fe346c0b4,0.24482843
bbfbd9eda7e5b8f214492cb8ac31ccaa,0.7998896
60364d70d1bec7f3fde388be5a5b9753,0.197338
c40d880fb4d5ce71f73c5c6cf60eeb0d,0.007004446
c56d52caaba19f4316f63ca9be07ca1d,6.198881e-11
0d997639725d216e5968acbe2301decb,0.027969733
1a35b531618d7964ca74b0a893c92ff6,0.99975616
efabf7a258a64dde68d2e9f8e35d8e21,0.0085084755
62d9fd1d5d859ffbcaeee109db834ad3,0.03113228
ed4a7d571944ab9cf3cdbe2de2772232,0.0025749265
6e33f27cffdd325536c3d9af6fb37871,0.60350525
69f06bd28e4954415fafc68118b6ac03,0.77482384
5c0669f0fab02ee129822ac7cf68e562,0.012054983
1bde5729925d2d20f19b806ae79b5be4,0.20799968
343b3a683f0e1e4d050166b8077bb5cc,1.0234675e-08
b4ebe29f91aa6674a59d86a74bd1a6b4,0.03505317
f2e3b2d182315a6173673c5eb1450a12,0.040857505
aa9724ebde420ec9fb2361f2695eb51a,0.039865397
2c17f044f1fbd59944d3e4b1df925faa,0.19833945
9e7f1b7b75eaedbb56bd58fa6f299845,0.19832787
e3f624aeb782b110e436006c0993fa9c,0.4089407
40daf6ed690fbc6afbaceaf3296e2aa0,0.497353
6d5b6502ef0b002890b9619cc9bbd418,0.0072875894
cab0739ed99652866fe040e3a2f1d0c8,0.20755169
30b02fb8c9e44123e514a9de432c47b9,0.5926889
ba569d5c257d2eb036611a90349eb95a,0.032622706
e62bfc2554e24a3a14ac2a7b2ee98b51,0.027103912
a9f9b6ce4d11b2bd991381785416f697,0.09385806
3fbee2d2eb9cffed952329abd66d81b5,0.00041325795
d6c4eac7c48f40ff97dd35afe82358e8,0.0023845327
a2135b49efcdcd2f8616a19b406f4692,0.0012616228
068f9c21ec967cdd4181111f39d8b0a4,0.7981354
da02db8d54c07228e2a4d963563d4d74,0.25153357
b3f92c0c2bfe3372090dab7cd95f00ee,0.66726136
d0cedc356d78693d0f59512c91387fa7,0.0003543527
d410c59b0319194ef504f4a719365dd4,0.9471987
99b4957af59d15787afce8688892f52a,0.57340527
e47a6cd3e164724d2a84abdc290532f3,0.41675466
4f6ea653312651950915225de19e9f1f,4.4214392e-08
d6bb1c135b32c7b44e19fc7a3061266d,0.19733046
a05104eaf56aeb93639c24b9c505c9a2,0.34519294
8446fd866c6e10667f4d152a12505116,0.45061293
26ee61408c6d8b47527f3f606394cbfa,0.9130724
f068537841569f3c9fe628697259ec35,0.0075429427
4d8244411160833e7c669ea0df1850b2,0.027865047
45327ee8eaaf1a2b29accdc540482de4,3.811952e-07
74be517cf126397aa514da44b321f77e,0.3470214
9848db6f9e760f6c68a3040ff3a47edf,0.0074178814
25f7a171e8550d976c5fe8f47fd0a134,0.12610582
f854f291643e90ee17032b0611e37fe3,0.05296235
2b5a03e83201aa03fd8158952761c94d,0.0074438737
1a5d1bbbb379b4a8547ee38e71cfa662,0.24751008
f99947c3dd6272ac86414163dd3258f8,0.031944964
9c6cba83ea1cabfb6aa3ea94959e319e,0.1973364
938f98d005eed587c8aab10bfe35ca90,0.0008707495
631ab7df108832e99129574809fcfe2e,0.2294976
365958db23dca45df32467b0149e75ba,0.08007036
b1ad44a1f58e9a05a59e64b5b6ef646e,0.0009851861
d59154d96242fcb68dbd6a3c9cf3acce,0.02872312
c08b8818e0f884170d03efe476315c6d,0.19833517
fedf404b97ebf25a2df2b7456bbdd974,0.18211606
712425d1e78d446aa77a1398d01ec18c,1.964617e-07
2b6f9c42b2aca49e8dd61a0e1daebcfd,0.55688137
c4b47fb01a19bd53b6be48f4c1f3ce66,0.01952371
684e03657ab4b5d5f9c81505866d8b6d,0.6735676
5aaba514b1cf17e7439e581c50927c9f,0.006625759
51dbb8b54510ed4e3222573cad2410c1,1.5181155e-05
fdc6b899b1fdb35f3780f6f51e13c1ad,0.36083928
83524c543e2a7b6bd723813b244d864f,0.17094643
5f6d982dd82355618677a9ccd3c529ac,0.029405143
615a32468a6bbe843ab07e28f8e44dbc,0.006722239
37044c6ef79c0db385c55875501fc9c3,0.9992399
564c1daefdce1c31b1c3361621a8f4f8,0.9866184
405923f8da1734970b86ea1fdcea7f47,0.035414115
8a62779d410f833dce2a43bd2b96c1b2,0.007359594
322554b888c7bf331d8c3de6a1653dbe,0.31756037
c264a10cddd235cef9e6d2f1604f8a23,0.00744952
bf7f9c109e0c21e5ccc177e13abb2a38,0.5918536
4799bd38b5ade21f7a67e4c0de991a65,0.02245434
f33289307fafb070b92febfa779e54f6,0.034485497
bd35aa216d542fdcc599663f68c52d8c,0.05324881
7f3c7325fb2874bdd7eb70bf7781ccd0,5.8754596e-13
7630829ccadc3e4d8b54047a15878e74,0.044196866
9b86db92c9f909009c04e7d43ece429d,2.7481738e-07
84c08e53b6e901109cee455f228679e5,0.011442779
38dea10b15d05af9c3cebdf85ff2564d,0.014683354
e1a01db2f6d2fdc0f2de1caec4072ae0,0.23088804
15fef7db7f1e2ac022d50802b288e6d2,0.28538555
700c5d359962ddd386288a85b173ea94,0.0072162943
4739cd051e7279b192ccdb2ae8a49e50,0.16726495
923f6652b11e583abf2b214bade665ed,0.20562871
0dd61af97b92162d418dc8954258adbf,4.0322647e-08
f2de1c0a5b8f8d70aeed9f6368e875d1,2.6822264e-12
dbc90632b7994bf279a433beb2a5a8db,0.064223215
d47c1b9383dc91ad8b549d0defb13626,0.6612592
02d46f3af62d6f9e2fb1c42742e2039a,0.19735442
0200df88941f83a5ba13c2729a4538a2,0.049356867
7125f3bccf3fd7e0ac6272392056b51a,0.43399963
763544e8b7cc8748289a9b28edb3fdff,0.4357128
d92fd34a495c3b15b369214d80e3c926,0.012673137
5a91a6a9c0c8690ff0a89eee50804513,0.0093736295
41cd94048b4bdd9d8621cc049bc6a759,0.63566864
63fb11df195b2eabcbd919ebdb64d98c,0.16474125
b9dde43748bad46d7a4225f9398973f4,0.61593515
4558b46bcde4cf332458c3388119fc74,0.0862917
459dc72b32200eee4a1110db0f0b9e06,2.9079592e-08
dea63c1cc50c17fd0db8742788e2f808,0.29929462
6a9a2450e63086842a4f3ccf1550c366,0.027886262
0a8699979e94d4b17c4f916b4ec0839a,0.9996885
8904b29e40394306f68341a03cd48ef3,0.070873655
88df6c17398467778eaf93469a6b5c11,0.3269487
434281e89d42d43651ca7ef483f75432,0.31073093
ac6d093fd6765552c59c63ab91dd184a,0.022834253
38900c064a9f915ccf4d397cb3abcea8,0.2926222
44322f9aee049b1553db433961c52ecd,0.042182297
ecab201341cd2ace06b6fcc006ce6a44,0.038278084
31ba5fd873cf7a0ee86c058c235bd75b,0.0863571
8e2721d905340e2bb9eb8fceb7f4eaec,5.763491e-06
70a3029bb6fab811c2c42f4561615b11,0.57970613
ad3af384536aecab8448668b09733ffa,0.15214428
108d16e00b0a05c4ecfc9f970cd7c73c,0.9623461
28e31c6b0630a680148e171f3e5d7d4e,0.45469564
cc151c51011de0f17f7cb4936948aafa,0.24822073
13eb8af8ff2e3070f77216bf05f7e665,0.26975137
8f88038053f80382ead098ad10fcbb2c,0.23518796
58118a54d9a36daf51fce3d9fa321325,0.0074046506
d0fb478783bbd46ca73fff57f1481117,0.23992388
3b16a95cc16cb3b81300895d1f60fac5,3.2469342e-07
8d7807e2857ebccea275efd0773db552,0.0023896743
2a53551cc389f3c67a466ad7a3191e4d,1.1640103e-12
bb50e75a4438612092cea707ea5e2989,0.02979148
87f18c5e352dca3e5b949ae7065d4379,0.54815185
b17243ddf3c3d1caeb2fc00896742ed2,0.011511174
c630e757350d444167153e3e375df6ac,0.043513127
bee5958288015137a83d6733ebab007d,0.044301037
ed2cc8a0a2d81402adf6ee613a8dc87c,0.19832432
4dea66bab5da369185f53803e375f488,0.016532226
cea054edc0e14fe572288596a6c4bca6,4.279061e-08
63934b4d8d022ce0f7d491cd71e72433,8.730809e-08
2cca85f219ad21332a2f7f7136669fde,0.1983242
0692d3f435c6262c38d8fba7e104d7d2,0.25024197
780df738ee9ade7e9d2c5776e13c4afa,0.5551016
f6deb573bfc36521d86edb4b70d2045f,3.9827406e-05
3d93982481894e73013a004aedd2e1db,0.037852786
01569e3b40b872336a012c5133427820,0.68493253
795afa2720a7b54b0371495cefbd6b78,0.022158483
fa1ab9d878d4cb0be1af34cc2fd34e80,0.0054674884
d00963fc98dca90794a8ee8d2e100140,0.00034558814
75d088814c897c8616528088cdcb07da,0.47529268
d10de8e09960c020b1acdfec8bf48ba0,0.6297934
340c51adabd0d25befd28b085699dbd3,3.5075598e-07
3b1c6a1a6c654c52e124423a9be118c4,0.98497295
677da4ccf4a11b658874f4999e0c485b,0.67067826
bc82d1d0bf567a5ed27dbb6e711d01a8,0.009234404
8374de2666531b826bee4d0d42dd1daf,0.57837915
a9886b4ab1230d55e880ebf8d7c4f8de,0.0011634283
ef84d3be5dceecc53116942e3d1e3bc1,0.98651636
2e9e5f93c7606b4f67b34743d86d2102,0.012680039
a8fbee2bf264ece0de3d4861a665761d,0.19733103
1263229398c6f6b095b4f483693f4d84,0.0688573
62a0da81bb9fdba79623d5e98773baae,0.03878642
b87b1c2ebabc5527e62fff432188564b,0.99057865
1bbda24e4dba3186d09ef10c72a5c8f7,0.81045854
b84decc4f2168a4ad9f2260f6afdcac7,0.29616728
0db541e0add2b3b5c6a55f61c983ff00,0.19833131
d441a9cd8bbefdd3c35f62f3415b0c4c,0.28170115
9165660bb6f221d8af549d30d200d974,5.72843e-06
70e6d58152d88d834438245df26b5e8f,0.1016088
bd71f4f334b25e9bce00e1e01ddee774,0.01268017
b24e2b6f18c61cfe627dcf830648fb91,0.18783076
31e3b15670a8cec5084fc1905735d7e7,0.033810213
1de06b5e12c970e8541adf5fe65b0097,1.220933e-19
aeaacb4ddcff1ca0fc925a2d9ac1b9a8,0.003951193
38f9ce769b45e8ad0fab50f1c2d17f00,0.1951379
d78ad2e34a1ce93b55585096cff82bb8,0.013242411
3538c2e1dfc1a3c80ea8b7e3121fcaeb,0.9900171
7883244e91ba1301df7a03d98ac1bbdd,0.0074082958
b2d2042155b71fa2287e2438937dc4ce,0.4721757
22a74e35a3a153483f443d5eb7617960,0.0012329658
c9c48638fb268826510f8d386b3febb3,0.044190563
4bf85ddc218413357000f04a84d882b0,0.12122836
20d2200f653af62a51b6d296896811ff,0.3988675
bb6801a33b57834352c7aab93109a790,0.9619731
e0dc967f3acc93f7c49e7f1f05c21510,0.19732873
d930e43a3867a7affeb55e580957b3bf,0.2545312
24396540cd64ae60ec2ac2c343a0391f,0.0004465653
41739ef3f8bfeab192338dceedf0ea4d,0.19733053
ba7907eab060dfa09ebed0426b408b2e,0.0347246
9c1f314fb32dc1da298305430440581b,0.99972165
5d7423c8bc15c5c51dc0611966199838,0.0073539047
501874c09849d9bf06f35b2ee6116c58,0.19734602
f41d3ec8862633f7b54cbeab89592da8,0.3549632
28a40d128a1485eb55519471833a8271,0.036297005
836f52c95f83ba5a95174418afe22d7f,5.716022e-06
41238c26e0a24e4a8472a70230060fe1,0.029555988
bac355d3efeceaf8cd3eef348a41f4ef,2.749925e-07
08cd36d1d78fb1cfcf7c44e31ad22130,0.00012358036
8cc23d2a7500e29b893c3ed67520db0d,0.18884248
6f6ea05e9bbecc3f3ceb71b517369c64,0.015796095
1ce9beba2f49b154f97e7ed597b94581,0.1983326
4e53a7dc9298e1b4f747f058e85edbd8,0.5992168
ca162ee1d74107ee0b06ce9170a591a8,0.060047366
c2b319c754d94b7bef118cca4f8e095c,0.034182046
fb406a3467a224cf6235c07ce71b1908,0.011621175
875d520c82087afa19b50355a0df7d50,0.2182767
1fd22e9a271b38c85124930379422d26,0.8937575
3bc4ad7e4bcf145a5ca6ac772d4256d1,0.83291054
4b5767f5163956913f74feebc1b0cbc7,0.11326764
154c02e307ab4a9642a64d1a552fc6c1,4.8357748e-08
95ecff98c0b0b976f9c5e3892aca67be,0.19833869
0562dbeeb5e065006b2762c0f2e20f76,0.02250895
e7f6b675c2ee28513e3a1b8078b3d4ec,0.2998046
c8735323ddfe997195cbcac9d667f571,0.9991854
7f3fc100acbfed974a97cfd331e0a522,0.0006960226
fb00083d89bc20cc4fcc092cb19ed021,0.0023182076
1840678c3699254749786d74d4dfe59b,0.08983816
fa797c6f4106b9039ad7c9c5ac1be73e,7.944152e-13
73d98341f80bd427332c9efe6030d2dd,0.0075490074
6183976f2fb9a117b8da04fa9bfdd362,0.06989683
440f4f90cc6246329503ae228514e2ef,0.028519314
7b47c9346e30a2e4959ef161e9f2f923,0.0035693564
eb59b9b2f96817f32da02fb830aa02e1,0.19806202
08af45ee8f3d2c33b403bd5a1ca05430,0.045488726
7e872fa66c82f2a91a20af60f54ba40a,0.20706472
379a6df86d21096e5000b42839128ae3,2.1215083e-08
3c6ce4214b5e0caca18edba9380c972c,0.5626099
8cfeeea70cfd97506cb3469d556abbf6,0.5017515
8e955f8b51142c4cd7556e0e5f3e78e3,0.5050192
8d5b5c14884b88f528084a26a666d174,0.1973451
e09295177e9d95da7a4cc9d14093c1b2,0.19733572
f632e0fd4ac3e22cb26c09cb2e45a3c1,0.20747486
1a7ddcac1095ad2cb0bb3eb8b2bc5b10,0.19833747
82e63aa50df16fe6d7bb2549e07d19cf,0.007160748
5a8b090f9521caecf2adcff5718dcad1,0.19833036
c85906532d3513e2ed2bd81f86f125b2,0.96777886
cd0e3892d13991b8768563755ab4b862,0.04165278
3f4497cac82a4434c1a2c14f4dc8b59a,0.04432102
65c08538404934dfd5cfb53e240bf508,0.19833075
15e5c970c54a19d44fbecf8a315883e2,0.19732736
ece65aaacedd18324955df6e29f21e8a,0.040001016
2242bed134957d9d81979b9cc0d204a8,0.5074441
23039bca1ae326daeca64c749f49654d,0.9997385
fe4362327148e5e4cdc9a33ff911c99f,0.028298175
16d3da759c3fabbdea4b2cc7e6c77577,0.1973326
208bc4f854ca9efe83855cfd6bf599a5,0.011554974
5e1a4958e81a86bf731655c9daea9019,0.9602388
c624c2aa1142d99eb48ddb2a5808aba1,0.6142144
f8fe206b0821e4055df93aac6efd2dfd,0.46698332
c032970b44225f73c46e2b8e86f8f6bc,0.0074146567
8574600834091576519fe028fe51ff07,0.00051980175
7f8eb94eae2915bee00c395f69a21644,0.29825884
eb06bda6cab807f00070151a0c85c07a,0.3127496
1b30cb9af9d2d30f6212877a1c3222b3,0.19734666
385464730c8c48e1ab6e521332dc1847,6.786674e-08
978b90bceb07650a80b9d1520e039333,2.4134431e-08
fee794a58fd68e332c21556e92a1d2d6,0.9823767
6c863b41ed77e35c720c2b008c9b7b13,0.1973333
7242491d244e45b1232a2e87e9607432,0.9213332
92e5cdff6cc9608c458f506b7e747155,0.19734707
c7dcf66f6486444b68456feaa273186b,8.733232e-13
59f20a22b997242cc1e82bbde372b7ff,0.039355643
c3ff3f1161184e45fcc07d015dfc2a74,0.027938768
4ea0894e71135c14371cdfde7935ae75,0.26490897
b444a7b3e0ad444c9906d8742e2e500f,0.419381
005453fd6cf9cb6729231f920a3bb7d9,0.9986992
ce1bcf3472f964adb4da441dd7224c55,0.027282322
6c0b94f52f3cbe7ff39640ae22c578b9,0.022748053
430294cb13615db6104ede63616794c2,0.4689722
036bbf67527f0eb65db41c8eb130b5b1,0.087631665
3aecaa536c1bf6ca4d1c5dd192366d27,9.782682e-08
ff8deb729bc1d3aeec6bc4e5e5c9b8fb,0.033147015
6005cb1155374dab3738d5551fcc9ecd,0.00042238116
3a6c4005cffda098f6278abd72b7062c,0.0425049
5d7f718b836f11753523e36ef9eaf533,0.581468
4e50fd579207d62f78142fa9506ba26c,0.20571792
c16091c1201f7a88695c70c72b8d986d,0.0768183
ef785714c6502ab3b553733b332e0be6,0.3697113
8d3aef4a785a3e361f10cc167959d034,0.19833587
550f05e2447f5d785e6311ecd652b2a0,0.044399105
62e89dc9d1905a2ab6b1e856ea3e476d,0.025879312
38a34ba665f4ccd35e9e775430dc51e6,0.007532182
2194434ac870304491022a236ac56bdd,0.12809014
4467b3ab378a69f2c783facdc27f7403,0.19832733
7588c1bb2b0b810c3df7b9e7dd4fb7df,0.04558518
ee5e61a109eca013a8134ea83bc75724,0.02466967
f686fa6badf8492f424d87fa6973b32d,0.012049229
34b5b1bb8be5d8a3d405b37996ac6fa2,6.781578e-05
5d95e77546dc01d2cda373a224b04755,0.002430318
d35fea90276aa1447e64ad2f3f346598,2.1818114e-08
158b508041944b5ab66ddfe9cf57a750,0.029033039
17104d40f1b40ac4066580734a83a403,0.29429817
f56ae1d3ef7bcbd199091c7f888899f3,3.9166134e-06
9b9ac794c9f9caf2fca34b705b51b3f5,0.02646413
972d7516587638f1f8c69d46a48cf928,6.363557e-08
5f109c381d86debeb5be6851a009e826,0.038795847
8548a8c9f17dab6dce144ca59c84a550,3.240825e-07
661a3349a687344f908166f29abca3c7,0.5707973
94b971c834f30fcc12b603f79a4320d4,0.013073519
e634b69be2704cbdfa1b1df77122c0a1,0.3017016
954a3cf051f435a0b7c43d1c8c5876ec,0.5803205
e5c438844de24247030f8468f23ee0af,0.1130409
7818bfb8a2e61a2c72e2b05a790e2cc4,0.009242417
2ff5259be2186c385d080db4f3f82e28,0.037242364
054f9ea073036252a4d01d096181edbc,0.036050975
98c7469bf5723f304de183b649fce097,0.28635654
bbb3a2f1cc372083536f858471ca1f8c,0.007075516
b7e75dd61356e20b0c623545de2c41ca,0.31442308
ac485292bf72ab2700ed458b641308a6,0.1941642
c06e32b6bc89d7e69426eb56e5a61b84,0.22876772
9d816be7395edee29c512cfd9a4b6ee4,0.22947602
6264c6c92a6f4bc6443c4234ed2cea16,0.22949712
96a98556f4560299ec54caa14f967693,0.0014271929
55149d41ea0bf275a9caa56cb20e5575,0.012680421
e00841cab2eb38a3acd65e09e34e9ff8,0.007463
71a48b2792ac2ac26bdb247a4afc40d3,0.018214384
fa340f3b99f1b5aa816ee978c214cd27,0.19732662
42fead267ec66950828dac9529a7f7dc,0.3714402
370d6aac8828123365d71451f9fa0edd,0.16053466
b828db6b44d91fcfec512b474d936daf,0.35211343
c1b42f554fdbbbd20eef576a470b8468,0.9996114
03fd0a92b60fcc4bf3afb549ed0602cd,0.045756966
4253ac5c0e62a2679949aad773c8b0bd,0.047390155
bd8dec9d1b2d68780235903411186977,0.9993889
d226c6299a9b34eca81dcff4aec498d8,0.24209619
bc03daf9b874f39f876a66ad36b60bce,0.982303
1409aa381ef05eb83dc0ac152c3f3f70,0.19784006
af98f25cb8e9a4200a746d3538aceb78,1.9831877e-07
09903c2fb34ef8e68f05e1e253f8ef43,0.30748755
d48b8da5ebd7bbfae9df042f4c33946e,0.04864552
24e909ad194999d78b722aa6675c1425,0.19835226
efc2ad72c74b58a4b2299e00ee40f896,0.04319168
90399f9a3b51a09ac518fd3e645d1b90,3.4323682e-05
ce02aa9fee40389e9d4dc169eeef4243,0.18231857
bb56dc10f6e529238a4b4b6e1d05c90c,0.035349272
e4095a089e70e7f1090c7978dc42b5c2,0.3433091
a1204f13a6f28bd40817f4a305f9c3bf,0.03905183
a8c034f15e684a19f637cfc9ac9b2637,0.048754744
712163f054c44f940bedd77612a8514c,0.7013265
a48dd695fffa03caf90700343614a901,3.678236e-07
c08ce148404679c02fa964061f6ac2b2,0.82294834
188a735d5c7740776f20cb04c05eb38e,0.00036701196
10947e2d2cbd385c534c4ce6f574bce3,0.31212717
c7ce20f16e88823eddb7d8b034515058,0.0014898332
a22c69ac64cef5edec48e6eb8b5eac8f,4.116888e-08
d5c68e6338631ae14d29d8bbc41e07f4,0.571324
069f9b8f9b2104529c604e6150318c3e,0.77570367
544c0951ff5e75c3ace73b810b423cd0,0.27530038
1bf0a97b6b2e321d39fcac687ebc4932,0.00999656
79818669567d962626519ea3188c2ac1,0.027941272
b86c557625bc4d69dcc53b688dcfeb93,4.215842e-08
d9ee227d9701c83fa880ffd3903c9571,0.19833186
cc2d0c29a930980045781093c785e8a3,0.19832668
2facecef3ab8edc6f97280b22b5f0d37,0.035795223
3158d49925ae0ba4654ee0638afba938,0.20755398
a60cee54d0a88d5ec616e51f38439355,0.012677915
9ca5eec295de6bd27cdd95eea544d0da,0.043404777
393936bb908158bfa3761d4e77636d34,4.875078e-08
46b5a922edfb5dc7bd04f0fd2282e6f5,0.19833541
90b7227cc34e25766af84bdef0fd258e,0.022052813
a7b032e22fbd6ad9d0661e99758f5113,3.4933367e-07
b8bca7897203062d9901a147fb2d4223,0.40462217
8cc5fc49481f28835657919143cf6475,0.060770117
b55d4a74ab354fecaf08c4f1ed08b31b,0.97981775
8e39c12c0ee06a485d13640020be2842,0.39439458
e5f8183580f08585cdd4dd69568a6d36,0.4457459
609a0d4846e5fca57ed3333be39978d7,0.46024847
739a1706a4a91f6601f422cafdfe6e74,0.025945079
dbfcf28b62eeec36e40d70a1b9472124,0.0001584684
17f6aff7f0c74c3436ed41ae38a539f4,0.20186898
8759a00c44bc0ddfd2c8b30472adcb39,0.50677586
9e96a37fbd0fbf9f52183466443eb90f,0.0023771052
d44499ceeaf2a15c07f8ba7e55c9b4f7,0.039071698
c1111ab89c832240a236fab21a49f44a,0.011632644
f6bccb7bcf03869beaeca1b939b3777b,0.22952661
ff50dd7b326768e4f140d8e3a7a562f5,0.25017995
01e4e8f1b8ed15534158f539899f0012,3.3608984e-08
39264245031cb4c15b467462a3497afd,0.19734105
ef017f31c86c06b51bb1d564a8fcfea9,0.9996629
c78e2459ce7dc5df0df84c6d324d41c2,0.14513017
d17199ae07af10d1fbbbc1acabcee0cc,0.001118487
7a2383a1de1376c35b812ec68d991c6f,0.028377807
23f8aa932e3b94718659b64d3ca08d29,0.542076
77d94e1d5f69b1469feb8a36c0960d7c,0.31987017
734cb72dfa4bdb6d603c8fad27344c55,1.110339e-12
b566a10f846d6de5de1ccaba9b352e03,0.0074117556
297e151028eb66b3aa5bf827f745eaab,0.53479636
68d569eccdce771ed91c6812c0d26200,0.59461385
89b495d685dbdbea1e241c1c52a3becb,0.007364397
e18ccd56fa4eff09539739cbad792ecf,0.03845837
80f2aed2f34b0169cfd89e0de7f754b0,0.98387414
c68906df887be8df5aec3ac2d1bfa8f7,0.1983289
498bfd2b60d32f1c97761d06b6beacb5,0.19832163
f9775a9679abee112520b97066a7f470,0.08040754
360b420b7ebe4725acb7b91c21425882,0.035272665
defb3ede2763957f83191c3eb38d56bf,0.5350764
17fe63997ab97f96c91b4239c20ba015,0.07622528
7e53b6ebd321c8d45dc97e7678ca2f37,0.035951305
bcadb2442c1eb2a82711c7fb073a213f,0.09326154
8dfe16b64b0d2bde28fb7ca15018e710,0.050826974
c6c6f90127cedafb3a0bb68aba9b0f98,0.99948025
5f7b15df0b51dcf05aab3f05b9950b4e,0.03700887
0deb62fbb306cf5616fcf3f3a353dc91,0.799927
0063a954577f6cc6682e38ff8ba9a1f6,0.02528314
dee51d8e6a80f9257b494887b2854f5f,0.634027
51d0c2716cb1e3d50a6a3b2167254dd9,0.048946403
f9edce2c3e8e1fde251aa74ef501bae3,0.010002804
4ce0c0586cfa260744d7af00b6e02748,0.999586
d34bb9e3cc017a9a7f232cad4d803630,0.000100304955
e27b60a48b7ed0971b2819a21a696b8f,1.5946245e-05
6e91764392ed139306496deccc19baba,0.56853485
abf85b08cf00762425091d2700d93b03,4.323723e-08
db86c38a6eb3a6fb25fd3263f57c375a,2.2456419e-08
4a91016bb9394504a485dab0dd6aaba6,0.07523801
2b2bcf12c65c6bcb0800decb70a9fab7,0.02802051
ae97391bf3b0bc88d2058d9fb51e105e,9.722009e-13
ea4676a9ff1052c8b161594eb86155ba,0.04203881
a20a0e98508f9ec9f23b054cecbf5b95,0.4101154
5d1bafd489399fe52f688d24ac2b7276,0.7701037
00fe279510374e02c29cb916a1131a6f,0.0008630181
30db0c0af6e8420254995da838367664,0.27865586
69658f9102b5d8677bfe6b5f498d4079,0.5753476
0fb0a0451ad240e95dbe385a9362b6c3,3.8415254e-07
9ef9a4429d0069358ae97d9517d962b3,0.2145801
8c4c7f09390228928e8a4b73ae961afa,0.19833282
ad8061a552022e33dd76ffd04c73819a,0.7041556
1d5b9a2fefc1194d40b39a02de81a6bf,0.12699836
91e274437f272fd4c30a5e598b48bb42,0.67307097
b504e5ebf011f4bd53a3b0a46583e1f8,1.966234e-07
715ed023967bd6335dab9e676e2e23d7,0.038280837
e582cdbc2539be547e8cc0a7f59dd4fb,0.19832997
6fe8ed4bc14ecb22913f323d4897a768,2.7018023e-08
5818f6fc5de4544e27e72b97c25ac890,0.04217348
b5d0b591dcb1fcd30f22e5744f371c19,0.029983694
946d9c73856004585d583506b42ea571,0.99960154
b6d72226be9442f3d8121a4429d83ca5,0.20754428
392277152eacfe73b2e69d4a256d2d48,0.007418917
50f8df039f92d774290349260e85b614,0.9862973
3e4df2838e1c5c0f612a9567c8a0fc2c,0.2707168
ea4f432f236812ac7f8d38932287734a,0.19832481
99724f04236d9d5b9be3a5a2fe089496,0.00028130572
7c0c5a0e9995bae621bd9c9cecb665d0,0.045616128
a9a36edf9bd22b8ce6864dd5153fab58,0.019063719
b05b1b2c2a6305170524ac7729144fde,0.19733787
27e0c952f82dffe2de336bad230ec072,0.0006764277
2dabaff48d01a484453c334ad3051315,0.007576535
04c08ad6e9640973293bf74c1ad6e942,0.6356014
eb62946384cfefc9aaa061424ad51acf,0.0006842433
3e9ffbf43666c1caa7985f39c8482c50,0.012994583
2448af5b7748716ef0c255b55d990e4e,0.187013
11a2a0d9566775e82b67982d73514151,3.1945543e-08
bd5b25ac187b2cbe78205935441e5721,1.630485e-05
c167348191c87004b5c0073fb75021dc,0.009131245
66c32c919b81624352ec0715a0cbbf76,0.038779423
ae8f836b22c492fb5a5e8d5b3b02fe62,0.20052531
75c7db3078dc559ec6b73cee3a420517,0.36538094
d0294e891aa03d3c231816493d75ac21,0.3891341
7d204f85c1b7f4bc492b76410933b1a9,0.12597148
4f13024d56668caa747f68290900dbd8,0.0012190406
b7a7cffa7b3562066e074919b8e77427,0.00016617347
2d4b1a852e0f10458c25b77cbfdb2828,0.99940455
89878016babb6677692c4163c5127afc,0.20503256
8296bc5164d69575e78a8d858297b6f5,0.38557428
19e60c09ec1ad0904be8d64ce66ef54e,0.007919995
29729e43a94a231144a6cf865e083618,0.027945796
153e89516fdb8195d478b87e2b9f2406,0.04654495
a598ab2b4dac0d0ea9448e05d3153a97,0.009854689
c6d221448da104287efc2f9ebe72d49d,0.025326306
3e65537f3e8493291919284cb01638ee,0.02619788
91d661c32fb90b2a53b86dedeab14a7e,0.30879384
dbf61f566a642cdd0df3fc1d078debb8,0.41207352
5133d9abf1738d61c70477eeceb36fd8,0.0153467115
468dddfefb4ae1d38af6d1b466053053,0.4954707
ec71fa634bfbd92b773b56d125eea0e7,0.22958866
a4b6f9b0ac98a9270f4a85564f034e4c,0.0061387713
2df053e7f4742c4f2cfed048df765dd0,0.4200499
0e12d9f1401e3b3556a0d0084c7f0890,0.18456289
e3d828694ec5ed3356810aeb41c72c85,0.9996668
4f4818ba583ea84ac75d5fc2a4b1a1e2,0.006298153
dfdeda22063148881f1f520e2061b2ed,0.023038657
e8b35e557cfe3ccdacd026153f85b411,0.02578989
76c684343264f5e3574a3e5d7636b5c5,0.8827909
083868b5ee6b6b61fd6434a22831565a,0.3126432
697b7acbe3a739e3176cdc956838430f,0.1121318
4e4189776987540c1310cdc34d9d4aa9,0.7998835
7dd1c2c532ea4f4ab2819bae1787f447,0.048081215
382b152d73cb6caa0c1ecc1e40263255,0.023026522
c0f32388f6f1f211500a01d7d2d82995,0.04169214
5669c5ca477b51c06a990a68e2c303bc,0.22516437
2ff5cb6d3a72d67149c66d5cbdac34e2,0.37226582
7365f6507ec3cb3b3f209d502878884e,0.19833818
807c017d6d76f2316033f46ace3db7c1,0.11750976
f910738e8cbef9286a1211a641080800,0.19732669
5eac93b5294f27c7006536ef3d318b1e,0.063737914
b1baaf87e6b7c59f137947fd53add518,0.036903292
3182497402139056203eeccb5067f56b,0.03495426
f242ac0c2c97357619d32d59648e685d,0.024072101
b0f8401b1c95a5c2371e1a01227b4f62,0.007614316
deb7fb8e7a99fb4ae9559dc2d0786772,0.22944161
40b3508c4d0ca265971692c73d784bf6,0.98209286
f2d5a39a21362950f423bc73f31ebb5d,0.34013528
0305a76e5583fef9c77abeb4d26a5d12,2.6991382e-08
edaef248fe4848b1992731e5c4ef798a,0.18732794
b46dac9bac860af241491ae7825eb85b,0.0009189125
3a31900aa32ea421e3fa250147f718cc,0.030160526
7f9da1f0e6769f2d45eaa15218547cf1,0.9856699
40dd4b27c44e41a0b1ca72654cdb4adf,0.00084426656
864789373b09d1daa5e1fec57642a021,0.1973522
b34d7551a9978a7a4639973b2e586bf3,5.2836974e-08
209b42f2445016b28f931e6d37822e0e,0.20052691
66ec98712e8c6da11f1144716b2d066a,0.19832748
7de6af69ad02ba26dee17a47ad8f45fe,0.012681194
e9af746c4c78df147f07fc74f58ab6c4,0.1709761
4020996ffe24ca637735674981b8f8a4,0.3232627
66bfb51251056d28e09bca7e58f26002,0.0038081505
3708f6dfd309270a558d2dc41250fa4e,3.730551e-08
76626bbd14dcf361d56b0650cff595f5,2.2976758e-08
eb5d9f356eccc5a1c33e5f1791e7a7b0,0.016431035
60fa7544a3d911eeb34bb26d29bd0895,0.0114524765
2f626c1b981eaf172c53d269f8650a8d,0.111876346
1b05f036d1e4da472b0737a0b1396c44,0.19735447
9e6ef8d325d03e98737432b2ab6f797f,0.02991734
4156da1b1847788a731e3d28c692d409,0.07627811
cb1fb17d67c01c0c6167e96b82417951,0.47031146
1e2a7e623d05bed725a082742a75642e,0.38128752
22a1f7bc99aa59ba8ea3733986de139f,0.66893435
d1114ebb7a9e5eae90136cc3c09dfa3a,0.42845815
66ea147b8f9603ead88b570e42091eaa,0.12617856
80b40b122bb8c37b7b7a1a7d729fa1f7,0.3992683
8a9e065738a4ebb07c0b246a38382f73,2.1851502e-08
aa3b1c94fd3491212d166892755bb7f9,0.098350056
b4460de6992f4b082b40a4ba2818c8ef,0.0019782144
5a2d60014cbbbf605048bf389933c99d,8.129933e-08
a41394213bc82363364d641ee761c209,0.19733469
43140ba13a878186a110aff5772f2a32,0.00046615987
5f36b01ca757e00d751ce96f0c68d74b,0.009766497
8e0b13459e505f962642e959dc4120c0,0.02847006
02928e94b2e8bc2bcac62f617721c8bc,0.0025508623
d02382296b535a746c33a32885d43a0d,0.10166647
ea859dea26a9ea69a922db735124c0c5,0.32542044
e851acf266bfe0bd40a76ec142beb3f8,2.490629e-05
2b40db975c8bcffdcc350dc98db23980,0.03668307
af31289e7038fac44c94080542dc5e18,0.6742051
d3ad668c448eba545aaa8410157625af,0.13275665
7a6fb450215e05d1c01439e0bc31be0a,2.4032946e-08
ed2507a5f453c53ae429d60488c98969,0.2091712
ce5d0e6bafeeaf003432d8c8cf2123cd,0.04032454
b71397649522d063e1c619a7cdbc177a,0.9995707
e9e510d00b09bb6643f9e274f2fddf97,0.21975648
0810b4734b21b7f757b176bd8b450928,0.2075285
8e5a894e89dfbc6744e00e9ae30907a0,0.35072875
f586cdf5a4a6f21adf01585d6ecb3045,0.0074904687
91a935d64953d1889d0dfeca02568de3,0.19349933
be37dea07461be5790e0a4ac4adb53f1,0.011649985
ab2d3dbfae3adacad31b3499e7b24ac4,0.19832812
b02de68c4e05f824a69c003b26bae5d1,2.7476776e-07
07af6cc16fe725ceb34cb52314dadf28,0.046158947
58f7dfd82754a2f1d3911606980147a8,0.198331
dd31f915ab84fa0884bda8d40b05159a,0.01207367
898ff1ed93ad4d6ae1862a23fe922e8e,0.98225224
786eba935072db7523cb667a21b2c198,0.19733874
6de1ac8f71ea7dbbdc3ca1a816179a85,0.04471388
fa2dcf87dbc4e241c4d25e049b03e518,0.038258724
6da7c3f6f31ff4f6c307cd9c1531eaa5,0.029022884
057827a35ecbb6ecc28093d61c9cef81,0.1983357
de0bbf96b4cb2529a0b3b5485bdaf75b,0.20614591
e527b8788f5c2b8c1d1acabb6493ed55,0.0030104641
87c170d8420ccb84d0d91fdada0196b0,0.04246502
21339eba1ef6626e8d30e90d97629feb,0.044440545
e8dac62835fdace3195ee2a1447883d9,0.19832657
ce36b9107d25b7e57cadd428ea87fe8a,0.5103164
4f0f6a8370dfe8515b6dd2b09ce11d10,0.9875396
50b9f0778334bc2766dccd7771739184,0.41699272
ef36dc548ade981cd85e21e707a60c3d,0.23862469
2a3bc947ec4567f38414993ad36a8aec,0.0074364105
15ff5326b957a8b747b95c47d6a65741,0.35642844
ab3d6dfb2dd28df6a0056c8fc59e2b94,0.19734852
929e33ce2cf6ccfd0d881b9c70c1e143,0.24726307
6de8edd83beabfa3affdf1798d66948d,0.029583696
d094995e640141ddd1d04a3feb52d8ed,0.007526143
b262565bf43560e2bb9f3157ce732085,0.19832912
c4fe2757dcad173aeceb9e01ac8188a7,0.39027563
badcde9001cc141d2d899738ae2f716e,0.16418327
67cebed2ff89e5557cce55179fd58892,0.11905112
eafce0dcaa4f33a8172fb6b63a358151,0.11718931
3053d840e70eff75bd7b987b3606bdc4,4.167097e-08
d4d6e754a3bf9d2c1fca3edb18841b2e,0.19796856
ffe3df536608b08422f0844a8b11793a,0.24817045
232a1c651404cfbc03830dde8f935e3f,0.1973397
6d48e88ba989fb5d261c567bf8908e6d,0.310588
ca93541e3a879f9bd00436d2bfbef38f,0.038838007
bfc2cfa73f05eecfa4ed779a7e1bcdbe,5.3403078e-08
0d5f4d56acc3b6a121a0159457a13a16,0.04681621
fda6dd950e23559efa99c41142256561,0.6635995
00378a8ff68f001d13d6fa80ca4d9d58,0.9996275
1c63aab92eaa71af6991289064ebe796,0.47277528
a7947246a6c2c22cb2ec77c19ce896c5,0.117178954
cc2393dad45a3835e05fbd152b68d8b8,0.038102083
0a30a7e4644fe525a7f913da24f32489,0.15421805
2b2e9df03109543e6e0fccbbd761eb9e,0.19733205
1966a696768f93f3f06f92d4ecb65015,4.9554018e-08
58a8c42d0f49117feebfedb0f65d5a67,2.2585326e-08
e52e2c4d93da224adda3b6b3ed27ae11,0.011568028
e0d57fe97571d034ecbdce842bf1ce55,0.029290069
f346be03c53610766ac657dbc99109e3,3.0463018e-05
78c3cc8b1abf97d8b4d6f28dc9b2e35a,0.2074548
bd2a2dcf8aedb72aee76cceb1004733b,0.045972917
3365068ca86c3f62a96aebfb268c1b68,1.2424098e-07
72634ada02610ec7fb5674df3acdada7,0.47821388
bfaae4985ece20df1ada69eaecd4f356,0.19831285
3a11f85c02fcc2d7a8a87d18bb9f2e00,0.5629476
e3226f2193255d16e831a63f9f89c344,0.026327053
50e47f3451ac3a4387f31bdfc18b12b2,0.03828937
4e9015cc722fa8c8b4b5ae61cf2d2722,4.104893e-08
18164d4f8f21c84b6fc38586b581a687,0.007446232
a42c8a4232290dcff7b15048a20149d7,0.0041100136
2099be0ab0a4096ac0a73adbc72db6fd,0.5346303
33e95571b1c344029ab2667dff9ea482,0.038877968
712999f838dcf924dbaf0c0dd9503c33,0.20872219
35f5aa299d2215aff974ccd94a1b51c2,0.20053685
a57380c8080d6acf534aeeab054d52a6,0.4712158
3f1dcc561dde5fa25bef58e3b7f5fa9f,0.19833134
880ca8805a98620464498fdf24056cf0,0.09884371
873be6e9b30fa07aa942b0e484bab82c,0.9996494
987877cf767f2ee93cb9d2f2d08f396a,0.0023853988
3f17d6b286a74243bbe448365c03f8de,0.98129386
db450c974015fbd6bf40d7f8c84caf91,0.13562004
7cc1c0b46b20b71abb9d35909f8dd569,0.22461271
ce52d18c75f066ef59ecd663831b4245,0.3923746
7c1e6f3e761b3161bad869e393c88b92,0.18913612
ad3e142f4dce481f0938795511e758e0,0.93002987
f9889cbf90e3392b8d94d77740cbc857,0.9689454
5cfcd8adb38de8f24e9d00b3492ccc86,0.19723713
d797167b71fc811ac139ff6902f1ca96,0.34983838
08ad624154866619cf5656de435cc91e,3.2338284e-07
111a11acbcb284d2a64ced657a572fdc,2.1837839e-05
e2b024b1f0951b48889862733bf200f8,0.3100124
cc452e631aa8ede04ec4d7f9bc7ba650,0.3729275
5c24685f434b0758afe4d5dd89b3f53b,0.0003268646
823e17f2340006fa95f58c2685f0deb6,0.037530005
780558c687280386eca6c716dc784bc1,0.01429004
a54c18aafb71684d39882d0a426d5eba,0.0072176047
6a38bab699588604a7c44e3048f0d034,0.2613035
1fb631235de5fe427f4a70bef90a6001,0.032846056
0159dc480ef1a6ab230718fbf4cfda7c,0.028466651
9dfd17f42727143666e62cf9d82be778,0.0035090551
14d488ec472bb08ed89c0f126fdedee3,0.04933737
f20d5d92e087fb1dafb3f588d965f0f4,0.26273215
34ef525d461689f2e4120c1c89587c89,0.99823344
abe4b7d0892cb693365b1ac9aaa264c8,0.0074382676
773e62e501e7820a58ed8141ec83fed1,1.2406033e-12
2b1f0a6e38805794d72959dfe6647f22,0.7230545
efa15ca3742ac724b412299e5d6eee21,0.0023946569
2af848b3edd330db70b282363c5aadb8,0.9997362
1d8f61274f63bf0d838da5d4ac143f13,0.021518085
19323d6a65180d1a4ba43aab8b0f0906,0.67065465
fbaa81cc8b9d43306af68a6b6b940bf2,3.835451e-07
3406858033ccfab9f89691033140f08a,0.06796266
e0de6cd7fe235c0c19c11a139c92c150,0.19733803
894c3103f496f09ef305978881a47a68,0.033497967
6480ec13dc7debace85b2d76ce51f385,2.2243327e-08
1cc150340e8f989ef5b585cffc6c5eed,0.041421343
3e9233b05c44dca53a89ca31063b9e50,0.20746465
1b2be5221e7b7ab60c35b48f6e229d3f,0.042163342
5c46f04db427ab0c89920e6661394809,0.038422465
7a2ef5a34ef91a80a0a8d754b4ee782c,0.08874397
f49ce0f1d79ff01b99920ff6cab97d74,0.31097728
427195fdef896aff5e2d4bdb928e84bc,0.1385838
32696f65ff18972254864941b18934ae,0.00085543544
c1ee4a4f378bcc748bec70333a6a5abf,0.040382843
670fe7ebfb9caac406efab5b4c73a275,0.04934544
06cd4651fd76dbbe075f2e732ffbaae3,0.20746322
f498f31a7abfad55259aff5224946c20,0.030180907
7a23a664673dcbde202217eb55d531b6,0.031822827
8ad96d5e8985362405ee6d891e0e0a6b,0.0037218076
3a19a6d6f95e76370bad96d225674951,0.15622577
019a25233d0b69590c4d5571d7506c61,0.10766616
dc62b09ac571a88e75554280608c27e6,1.1198464e-08
9191b69d8825136e9cb4406517aa1778,0.08115306
abd398220671cb17d6f02d12b090184a,0.024218556
a7ff4391c61f1b06833fb9402eec786d,3.8060446e-07
e35682a64ab300bf80f2e85a6ad7bfa0,3.440774e-08
826763040b707f2767b0aadc85479cbb,0.044241406
8b3c836696081be80f3c2d585fb82a18,0.04874594
468ffcb0e2277ff03704f3decba59d68,0.027844062
c0a155f96c582b61436dbd56c969afce,0.026217705
0b539b0085c54db1e70a621d30c915be,0.042447302
a3b573c0c7c8d65c05f4844b646291d3,0.00045436263
38a9a5844beeba846d0ba0f42e1cb013,0.19534463
3707242f769e33f3e7f8c2b1e1652264,0.49569124
408f7ce03a4dd9cb6791cfa02b7cae97,0.020912087
b654c78e865cc98393efb5775943ed4f,0.00073929573
88be9e4cf2b935beccaf15114abffdc2,0.3226464
e1f1ea6d0304b814491d030b77f31c02,1.6043494e-07
fe44690d42ade27b10c499c96866dc9b,0.041391414
6338805fc7aff5e33b51685f8e794cd1,0.04565289
97003409f3f95377d6a2467d26c11837,0.03175928
5ab565b8cc26200383ac00492fdbbf91,0.7482164
f083009e6b8842785ce10c69ebb6198d,5.2886445e-08
f95c1993cd7614c981cf5ddaad4ee74c,0.3220506
3c3757602e1474d18ed70e9692be988c,0.04157983
82a464d84980d967308e56ac58a9a485,0.012615325
2723d633392ab3d0f6ae673ea97275d6,0.63093436
a0e93308adad84b143b9da038d6016c9,0.16841976
36b86612672de475cbfe59b872c4dece,0.009364784
49a909977feacf7c6e5445b028afbb44,3.431044e-08
4a801074883b5f4b1f6dcadcecfb77bf,0.19833584
03c32c6347d79ab1b15beb88cfc4e47c,0.0013552745
46463cc968b647d2ded110a67706f059,0.42859116
c9480f159f75bcac7884e27751b0447a,0.53780854
a3edfe9005c34756f978140ba85a7712,0.2945186
7d7201ed5a588fec5f3d2c2b9ba91b3d,0.035651486
3d710be383b82191ece9cdaf9bf07b8f,0.040701516
4d0c7f9ab28239bcaa254f8081ea0ad8,0.20176113
27d3db08c29056a4c0d925a10ea42543,0.30860284
21236a736541b3bf10f663e1c1f24f1b,0.25452676
843c582ab84faa3d2f1d6e629a7351b7,0.19734304
d511fd493bfe075bc61cbb7c57c88cdf,0.028113183
60f239e63424f0a3ff2b1cded993019f,0.08258642
440a2cdf1e1604791ab7eb4d0005e630,0.0672089
287713708731a0fbeb4dbf2c4c93f7fa,0.0028571556
b605880b13ac881edd44f7821a2523d7,0.023056665
2ff1777ef8dcb81b37eeb0bdf4c9f780,0.036418155
9d862fba86abb0170ecb9b3253877ae4,0.0023888391
25860809ba420ff3e56bf6737ea28ec6,0.038118556
41ad602147c7e50b5f9986feab8e99c4,0.22966352
178f7c0991a71f6c5c08fb768e883407,0.30795482
ac168b8783ce8e0fb2726aab4fed66a9,8.613676e-14
42da135bde1436fbfa220ad4a7cc0a47,0.043052457
9ac0f0e8e855d07d221a4fcd5c5ca094,2.2636106e-08
c1191f09ea6445bb4c7aa52c7d1241a1,0.04854087
7b60d2dbe4a05ca78e2afecd945d62fa,5.5715617e-08
1609b5b95f553bbf0a0745a88b83238e,0.24058886
a81b7f50766fa6098dcf9abd5c78a720,0.19833557
3782382945b9882667bedabf557d85a4,0.010446234
364cf7683530e6995dce129fc48d340a,0.20746157
2b22b7c9c1b334204cb5c87be6d00b86,0.1907804
2f61133ae2501eefcf30cd025ecdfb40,0.2987152
d6941cb4fb98509af59cd4847d7297fe,0.11353765
d075312c119c9000293f5b9726d0c510,0.030302975
c4513d12fab7a3cf4bddc0308327c28c,4.337266e-08
116ec00fc16c0fbb2d8c8d7811952555,0.011688383
f02a16a12b36cb0655a53d6b7b2ef210,0.5662176
8c52ac756a16e87a749c92e04f46e370,0.00029575048
49a198fdb5e9002dd1eb9be8ddd1d767,0.048500888
81ce70dab0565f52bf148a2ed4b545a9,0.2918847
46a002cb56a275631d70496ce7377d8a,0.12215872
31649caf8c3e362226230f58cb726898,0.7731182
320a99d8d4d73043245138d67b17f4ae,0.34625226
bf9f136aa78479d85ab813fd6c173464,0.11258848
08b1827c4417583411cc13aed28799f0,0.19734249
c1c8bf421510607b0f1c13845726abbe,0.011387508
81b2fadd1554fc6c2f72a1401a61c3ca,0.9826938
0fdba860f5246c7ed657e42b706a439a,0.015835049
3d5215db5f4f4093133a0961a94e2cf7,2.8132082e-08
5f4b2c4531e284663e41d803b0e40774,1.4506554e-05
65f2915a1f973f025e7ecb9d7a6a3fa6,0.00032631095
d0a99729c0b6037fc6302e28ccf7fdd5,0.15173577
2c6aeeeb15c6c47ef0690130e1c339f1,0.7999272
df7d27b4172c05288f928564a7fae34d,0.6374315
d35ef1c29508180d7d448d2aa91dbd06,0.18413863
a8dff35a702cbb0caec219b14735ec13,0.26468393
42455e5103dbad44d48449ed24c8ad66,0.975454
feaa9e7f59a0d7126d00568346c59b2b,0.073424645
eb24798553fa31133bfe4bc7622d017a,0.0343376
40a81ff3444debda52af5d4d1889e771,0.044713415
0c69b7409e7a825d0bedec349ed7ccc9,1.670647e-10
3e5597780ae8ce356afec9dfeb3967ab,0.07917313
0059760fb178d27392d0fd84efc2bf4c,0.016009718
e92188c80c7f45de4251b77a698d6ac9,0.022382766
cce85005f8f3448f08b3435dbda9b916,2.5755416e-08
b0b3b45c35a270512feb33fdf9ca850c,0.007314286
364d16578922fc72cbacfd43401532e9,0.65884346
dfc305e6feeef8d440d599f7f8a80510,0.011667517
7ff348693eba2b1f0ff8827371a4c6f6,0.023341812
8a3b999bbb5ac9f995ccfa2c2ea372b4,0.04360475
895bd34b343c6fd0c960e4630f6cdbf3,4.855007e-08
e5f251aa97857277d1ccfbbdd489550b,2.3384057e-08
1b9cfc27dad4dad9147f2759176909d8,0.039692305
bede41f97165d59e21fe1b307f193544,0.13463655
636a8025699c64cc5e19c6fdd4ddc297,0.99974996
b3e3b0cf24888c7a5bd087ba68518162,0.3891646
69a01810767b2e8563f20c5d9cf5d1f8,0.9997557
62f8a0b59c84b255eb122b621b623f01,0.980301
7db97bdaaaa5a431c2a702b5941c6334,0.028893217
09387b1ecf36ba2ab7d059b0ad7c63fc,0.33751556
d1d15f84681bf2015a9fa3e067fa2f3c,0.3967176
4af5459fc0eaa81895d3d4b03813751d,0.99957734
41d37fdea0d3019add015eef8d8091d7,0.0075060055
0157bef5297fef8dbf2e8320790b5bae,0.61355007
152135ef3cfafd4bb514ec94f5518b25,0.0009379832
c7b785a7060e888bde26157e06020013,0.042034887
0e4341c9a5313d6fef6c9bd393205f62,0.27744776
969cc417cb0cd1cc0aa27691d9b48079,0.9659723
b0e960c8370e1082722eb22000b4e726,0.039351784
e7627ad0a8991447463f21ecda2b47cc,0.09000946
f5edc1de3da6f3a9329b544cdcbcc4e4,0.36562598
0b289796795e4f5e5679dcce324cdea8,0.00086119724
374aab19270fddd78f58959f51224b9a,0.08629761
c4abf6537f2fc8a7f62024264d2a611e,0.022480194
ff097879d93f9bea49f74afd2baae460,2.5574261e-08
f004dc4708ecc0a31b675806a7d207c1,0.0023845935
e83c8942bb8ad4861f97ea52a981a2f0,0.40775424
ab2395d4f91ef26c1f8469a812cfe4e7,0.03532233
cea10016eba7ffdc58b7be106728d023,0.2101225
58adc96177fc3508c7dea040d82ac036,0.0074283755
0522fae68d53ec190cf8466dfa7171c4,3.121098e-08
afd3d4fbae21af4d65a67ac74bb8a2a3,1.0025081e-08
255c21f5b308197d115606f4fddb4afc,0.012041259
6a8188798b02df0b2bed3c1a151a6f19,0.32867715
8b0bd85f61379cf9c82b3af302a6d344,0.19735458
fb58137ba7b58256ed3c8083a5e72570,0.0012214822
c5f530efbdc89ca73e5b157122d0bc8b,0.19833116
ba0a7cb7e256e3ad1fc37537aa14fea4,0.034261994
c809dab3daecdf573e93cf2d76cf0d88,0.0016583239
b4229a1d7951c465bf825a03d35653a6,0.19732079
878d6c865fd6f314a68c48195e7e6224,0.042260718
39664934b3a7ca2b83b2045dad19a2d1,0.002567306
57ef6ea3fa0f4a96281695e26144ad70,1.4715024e-12
26cc2079e303afa87545804df406a57c,0.024674643
cd39b2851760b1ae7ea16636ce506baa,2.199338e-08
9bbc29531a2cd4c07ab49800ca8885e2,0.19734703
37e50433f21dc22de43dfac20134b682,0.12330215
82382df62b4fc5160f3a0ec53fcaed1a,0.027208323
621bff0b51a41356bcd8cbc44d2981ff,0.04172536
1828c65ae4338af308d05304d9e2a2f2,0.69143647
8d4f5dc5eb52a74124b6108fb15260a2,0.19834577
4db32c6cb0a914e005e50275b889c86c,0.036685966
a10f070177d29b70678b30c6eabc1878,0.20052001
4f4e4b33dd0cf355429dd930d6fa1491,0.0036143765
1258ec74a25378cb0de891d350873108,0.09499868
5a7206dabf65f2db91cd857ea54a34b5,0.007509275
a9a5e7b633bdcd423adc48c3b55ec116,0.0026153806
f6bd2db1db3e4e36ec2790df528c9e6b,0.064055085
b963844c99916017ac4ae9f8f88c9d21,0.98356307
81a7d7d9a9f4d294288f872e2a72e2e9,4.4842718e-08
5cc6288ce33d178cffcea9e3f373723c,0.96254385
dc4478994e0c04f66c8c4441f6597f0a,0.61142814
500601ddfd93ebcf5e9910e5fe90176c,0.057417534
9a010ced432762f69e94677747cc576c,9.485528e-06
e21e50cc502262d9a2e561cda9b6c3dd,0.36001748
e12489b4e21090b658d233abad37c3bd,0.0074546793
2b98370e4611eb90627cda5b574938dc,0.7674737
c578d02585f933556f5510bd2fa279a5,0.36496097
a2668da9d693cb376b1835fbe3564ca4,0.052530717
972a77c01838d42b89055540447e8571,4.173666e-19
adac9c6f0d07f77f3d9b21fd1018f7c7,0.022977058
bc7e1d25ad4233a00e21762c6f1bc0b9,0.8889821
d69c3c3cfa1d62b689c49a630fdf9e3d,0.17792308
d2717eaeca2972fd062f3ce28d7bfe52,0.011452036
9a3dbc88b16f3d69a39ae8da55a325cd,0.042132318
0600e09ef9b3e29c228c3f7634a837ec,0.0024209877
78559726528a752fda8b60a07a928761,0.023009408
b68d8d20dfbe6826865d1752456ae0a3,0.009454166
e471bd313a9d8dadf82d82e7b7094b3d,0.03599805
ee3e863d43f7c497677393a147d3fa8b,0.00041228806
9919e2258bfcc517bacb2bbef3289312,0.01880372
af395cf5841ac96e624033f3925e5c07,0.9968338
281be091147e9fbefdeafb01a8c27738,0.01167222
e94e40e6e04c65dbfb3d4e899da409db,0.26454633
7b3ce0ba2ca54d6ddff1483db7538ac8,0.002423996
d1155af882eac75156b82acc8d3250e9,0.19833721
682b8fae253b56835d6e917309da17a5,0.006131241
bc9a24846987a538264db5c724b134e8,0.20306702
d6e2b47da50e06f2df999f154bba9645,0.035411626
1a90323d517bc779b3108c2ca850befb,0.0023865022
fc8ace2143ca4346ee1e6979a3d4c706,0.22949556
47bf644bf3fa325e334d1e679b274d99,0.0012236862
3d77e34daadc52b53fbb9ebcfd077783,0.0023859355
6416bf608ae69f5a956711e9c6b53f33,5.846909e-11
e6dbcce057c412457c2f271e9095ade2,0.035262555
3aec4ea387bbd9a9b256027201ab6b37,0.05599795
fd17953156f7d9309e6c255338396f51,2.3668635e-08
eea57b8d7a60872ed1a029714851d3a1,4.257025e-08
16169cb42a89b081a90c7da7fac15155,5.7689626e-06
e847a66e16606b1fa880782ede48488a,0.5408454
d6a85c49b8672fd9b80cc96d05f8c631,0.29905924
25a1c86c06840a2b9f199fdb623a41f7,0.19734508
4bab739460e07c417ee3168183749511,0.63574
3c30c630251cda5f51cc67cb4f5bd963,0.5754797
38725edca3d2ebeee41631e57afafdbc,0.0008869661
3f56b88a96e90febfeb4073be16ee52a,1.2489317e-12
bac9d2df6db8dc853228350203a5e00e,0.19734034
7c0efe277d6951d531a460ff905e4324,0.001239741
23099f91c22348fa80f80fd2a4735cb9,2.4045516e-08
f9ec01599d2c820630a941c6111e94a9,0.6354655
4a6b31ce3f259b56ab60388c5fdab1a9,0.012675527
1c4fb5febf2884c50014bd5a68500270,0.037695315
a830ee0ec566d6eedf1d886e2cb13c7e,0.9858197
3891ceba4c65cae566166c1e1b3133ed,0.79988396
0965b15b8d22399e6b612f392f6dc6c7,0.29038146
81c364ddc738c4e49d004df312f380ee,0.036378793
450fdfc26991a20ac00172a38ba707e7,0.20285149
7e9f915772e54ad25b43f342240f0be5,3.6668806e-07
7b5b1fe65e885b5b5a99a6a572d34a7f,0.19734982
f87bb2bb3f381a96d8e189338360a8fe,0.44920215
eccf31f0b745d1f7bfd222ef93752e90,0.4506239
8f942cc4ec2445bcdc8648569a0a327f,0.45922622
5a358694c32f9d0ae550b931edb8d45d,0.0006736314
11ae8de2f626f5b93225ce25d9c78085,0.39285594
b75b8cbac38d045beaeb93e8db217e8c,0.9822914
61d4b8cc54596921d5cbed6d4209377f,0.6903016
af9424efe52d84a902ef1d64dfb21569,0.7254747
70218777dee58cde68d46121faf91439,0.99922836
acf697e5141cc6f15ae33b2cfeef767f,0.0023956187
15fc497c953b97ceb5f22e4a0fcece7a,5.46394e-08
bac6ca2df510ef153fb9bfd01f92582c,0.011483609
531ac1b15a6c9fa4b119c7686637ddb7,0.27915353
c8fe0df5acaee9a8d8a43ee5df3762ae,0.011543951
ea9d51bf32dbffbc81db904076b6ae3a,0.35813588
8926594c2f6b31d78f2990f340b87d03,0.33015624
2306dd1b35d1bee912235e911695d9c4,0.012245553
70a513d5b8583314e4891292edc86658,0.011485003
afcbf1c08e7186d2bb948ee0f26f0f85,0.035705395
e6f3af4cb78b0be7a25eb07fd1614b58,5.646389e-06
7bc752cdeb4e6fe5f4c35007154afae5,0.040892966
ee0d639d2c27aa5d0e8331bd73ceaaae,0.02655549
0c2ec779d91b0171a7e6e61c672cfeff,0.029642384
c3a69fe8cccd46ce6d04cd7eecfd4784,0.10483128
2b34fb4ebcd5373d662bceff1bb5269f,0.122152686
4f489ae9455e2eee442b256694461fbf,0.20744845
88b5f454b610df1aa2a2309746f11e97,0.033964716
94de8021c6ed1b7c0e97346a22c28255,0.028300643
741f960ae2f91ba7b632f472e1995d63,0.39476866
e5dff1db7756f335c649435ef3dbe5f8,0.17593825
589b6adbf23af9cf08bef5695098e370,0.04797255
7e1092d2d01faf033fb9835b32ad5d16,0.20754369
5c492c827c7bca76f6f8102a05ad2ec9,0.11314082
be5814e8c081b72278a2043406790f30,0.049385034
df7e60e97d97610a1a0697892980deaa,0.00042715095
0005b097a03d15b9da6cb05d27c371f7,0.047030848
5e2026da1373e0fb8f5543f40491b686,0.025873428
ba678984e3cf4a7a1421bc278cfe12f0,0.012688538
06c4f97b88b714aec4cb7163611dd23d,0.19733807
9f6f41d3f900a4103b34ad012bce307f,0.03203369
11629ee5c0edbde80c41c46752e49c06,0.996964
814cae0b7de0e8e2a5d48ce81ea3696b,0.19733855
3a210b29d76e4befdf6a8033f612da35,0.9833741
c756b11a441b126f7e9e95315a00a340,0.078455046
450d725b817bf0752de0183158b88947,0.01267318
2697ca5f1d157e7408a48c9df8ae666b,0.044390853
4ea6e434a33e563c4d6c59edf5e0c0e5,0.03229883
d0cffda37967aabcf8e9c1b0d867ab7f,0.547896
4b512a934c9cbd4b990781a71f804e49,0.0024270122
3e22678f88ca2575bb9b242e1f263e30,0.00081698474
51dc51a8ea5d9bea8ec09c10863982ca,0.0054352703
2a3de6bc712e33c3cfde2e2e4527d3d2,0.03952686
12181dac211a682940249350da4d2387,0.032636844
f1765efe2c061af1ec02a5a0bfa77458,0.0075727403
a3eea462e1a93b768ca786e44cf95be4,0.011783185
6a504b1b8834ffcb8ffef06266b74766,0.007539034
d78ddc99cafe810a43fd12b47af1fccc,0.006125954
c054fea44539b28b4410ffaad01f598a,0.30842233
77adf907f7192ceec66f302ec640e0db,0.05798762
02c9bdf77f49ee44b1ad0e686f70a313,0.30123395
d24297c804d1cc2342ad224b1160515e,0.0023835748
8349538cff214ebeb6417caa119b7eb9,0.19833535
24808184f8ea91c71a2be4603ac70a14,0.05302493
2a3297046f90553c1f6f2bc6bc31cfaf,5.235618e-08
319bf30bc04867728ef430420d98b953,0.22131677
87d4cad8d377060ba476734ff32d04a7,0.028613623
8a0e1db4ac2c0a519dce86a7ab27fca5,0.080155954
8f7da16a90ab211f1ffa552cd96f9f75,0.9066183
a681b28867218205932d321bf1fb6dd1,5.826395e-06
ba15f6953e7dc22f8a4e221d4a110425,0.20745984
3386ae032f6d373ca53c4cdd9f2d8071,0.004016772
f75688e60252a4961aea55dc827c6545,0.0076427646
b0f2bd79f19514fdcc2a4ece99b428b5,0.22944967
95ede254979929e492d451abf8053327,0.15758137
0dc1b0d955b77978c761139bd8401407,1.792819e-08
f0ffc8df88977ea636c817cdf9781e0b,0.72287333
d3a90cc65f7e95df7902058a230fbca5,0.44807917
9548142ca64ee70389530706ad406781,0.03233673
ce300c5fb8ed13697fbd31aeb7200b27,0.024063597
d98538ec6bbda6cc2875b441cb21147b,0.19734487
c259efe1e4b5da5106bdf52583de6546,2.562717e-05
a67df2d94ca57d57eed8c87a7b4a2c4f,0.5736836
0c8a10f121f94d46f022518cb9b33904,0.039116584
d716f66a43325abfd87f9f6f12333eb0,0.22955075
1241c0917dc76b25da56ae8fc98a8c2c,0.36856335
713c1806cc575c0b69aed2a7e3d043e7,0.314736
7d095e4393092477cbfc32fdb134fa57,0.056194864
d9027e181b854823d544b97bf45d4a06,3.5058395e-07
543a0d64ddf1c7986b7f7d6bdee4d78a,0.25939888
f867e465b6b3c84d14e17481e1b5d9ff,0.03288297
d36e3307a3d227575bff00382aa2bef8,0.15703736
06bba93d60b2f9ee691ee6c5c7214de2,0.012063225
98fc0eb6e0882c703eed070b298ca131,0.20747824
e6af241966fd74aeb80e6ef3d6b458b7,0.2501871
e8a20e75119c81563139edea404f5d9c,0.19832483
0a61fc0719a210129624719add231c53,0.28330815
6b47cfa3e7eddd7e8820ce60cfc6a6e3,0.1419073
c845ac24f93d4d5be9e7c2d40eaebb65,0.2037004
b631a497bfa567d8563e2230c9db53db,0.8938881
60bdaa73a4937dedee1fd47a1d1cd2b6,0.24948773
c86491262a70d149b2d5661fcc7dacd0,0.56383073
0df14f026070b4f909f029e4db778502,0.030129176
86476884d5cf831c852593bb8f9cc597,0.006707984
3087ff288d7add439b5b59089f21305d,0.039368413
04796ce4d93ea2c3871b28cbf623cadd,0.33170182
e6d4cf2d0c4ea3027c0c5e217d5beb96,3.5755896e-08
84270636a50439a553803ee44429b02f,0.99711514
235857cb84e5a7163e734f4c102bf3d5,0.7288786
ad38010f6b064f880d0b4d5e7eb2fe12,0.85059804
6d9784a348be4a22f6d31308a5ceb0dc,0.95493925
a1c29a87fe6759348b87ad739d4a0112,0.0499262
d79df991d82777d0392defc3ea5a48fb,0.043467384
563116a2701b62c4832ab5baf340c0c0,0.009146722
d1fbf5b4bb0d1fa4666ca6b01d00fadb,0.048803218
04f506f2f4b329f0740ffa8c3ab38afc,0.1190842
b763192e355c0a61fe7c730306ec191b,0.21302895
1ea94616cbb3794d7bfdcd67aab042ef,0.42457741
1b458150931f761b4329ef9aebbbe374,0.21210603
42908f111fb904f0f3019f3f6c99f4e9,0.41902113
3884f6424f529683c429baf59e1c8d50,0.20053975
2a10ab0f635323536c9ed040479f8c46,0.011636331
cb8beeb8a88f5d4e40a308e0d669942b,0.045297153
1394109bb6c746d6c0843d1a04c75409,0.044620764
4dcb1f131951867732bdc1bc63560888,0.54529107
45e3e31832b2027d90947c7b11c50cf3,0.9931207
bb0d85cb8901e5bb560735f768c64052,0.007509032
cbe0455c4f9b05982385fe405a27bdf4,0.19733825
2c8afffd3c9a2c8af8f0cf3593df8e17,0.042640135
1f5afb4b369da2f658d48a4f35df7f4e,0.023297923
8fd872edfc40f2bbbf61bd29a1ffa4dc,0.007477363
81273759d7e721a6379e1308eb8a0ef5,0.0023856843
9ea17777fb2a8cdcfbedcfe3d1fe79d3,3.188378e-08
0070f3cd4699634b7460f4fa54edc1d7,0.4277072
a4e6e663bce8ae91a9e0d43b90fcdc7a,0.8391336
e00ed900c85f8ecdbcf20f46dcad9776,0.114061795
9a6baf1fa2ecb51aa997e3da5a729d7c,0.007350534
8bdd1d57ae97ae4c3ad4cefa2ec4703b,3.4004675e-08
a237ba83f190bd0147f6386be6bbe7c8,0.037501216
b71d93ee72bdc9f6466de72c33e11b43,0.9682478
2bc9482cc6487ed6435ab121caf0c2c8,0.33749133
1cb4246e5bd7e83b00b1048c0271adfb,0.11432459
deb1d3d9b5ee21e31a090a1d9f3ff8ca,0.35594434
1527c71063dcccd2db6336c1d4d559e9,0.634797
df38010033b1670738e0a58cf239e890,0.052412234
75f0b849035f76a9cf242ee4b69b333e,5.303308e-08
f4484642dc33b581b83d71847ebaffb3,0.0012654901
848e46e11812d11dcee641ff5d6d2389,0.30185357
4beb417586be6eab84a2e4975082d2af,0.2015825
63bd8989507789ea7b67297ddf43eadb,0.06643936
6bc0507fc7a7b5f2c1d564f5a0022849,0.2566699
b9e8086eb6305d200fee6cd0a1125d72,0.5162041
8506411b3b9b07e098db63f3f4d30fb7,0.096554786
a0b8ed19f99db2c7c4d0128764c4f900,0.6197773
18bdde9e584e682c50ed83d06004b327,0.08670892
d962d419315bba0ebc87e52ac07525f7,0.9986145
40e2703464a4036742c077ee6da9b64f,0.19833633
436f3f067fbbd20b8d6478fe7d62e6fe,1.4506236e-07
0ebc3c08d0e3b7f973466d55394119ac,0.26684994
cd4d481aeb918eea9cf935faeb55e36c,0.0007340332
967fd24e4b19345f41650b918775a080,0.26784238
ebed219576dac7284de9a8398d405f80,0.009329774
5e4c24183e4989e0fdc9399317c567ae,0.60699856
124346aa17405305192366590ec904a4,0.019523177
9e9210d4b68642ea5c1980ef0c17b2ac,9.4051546e-07
f19798a45052a9b13ce8bcbc8852172f,0.20564508
50d4218eaa49e778bca4acbab1c3f4a4,0.0008225319
35881bf63524356bff6f5e47c22eb491,0.0023870764
a8c901e7b56c18fe9a36b5496e16f8cb,1.0227074e-08
9b84a738d2f7254ed6452139366d558c,0.022432882
126a0a35e3c28061cdb840d71671928e,0.47087318
8d608b814ac4e390d0d9875aa4411109,2.47462e-08
4529972f8ff4de8b95fcc6397fbe1b14,0.11695118
aef14d1f98dae70364debd0d4144d602,0.5605481
4c0a788eacbd0eb026f519ec67c8b3a9,0.0074798376
c7d8d94242cf896b2c59d3c3f65258d7,0.023033813
8faa348a4c3da7b45325c727f5ce104b,0.999709
165e122dd5fc0567b2da9b4f7e7a1a19,0.2075536
5297c6bf082161d13e9306950a0185fe,4.362698e-06
1cac1d04ac09fed116a34a3d1faa3f80,0.012032579
aae7533b205d1bd15814a7bb77676db2,0.19932233
9c23089f4b0dead8bb9b94dbd99f8761,0.19734135
4251812fac7c84c615e2e8984847fa64,0.096664295
d1926f09b9e639ba651919446c32c98e,4.274066e-08
07f13ba53703426cbe557c151d063040,0.017005008
27b94493dacc69b4431d6e516611670f,0.70583355
49bf0a6dad6a88fc0e6c9626b0283017,0.079204306
f5e5e37f9230fb0de0d7a6d6ca92b9e7,0.00097129523
bb7d220b69278f4713389d4e525db433,4.2238124e-08
2e616efc54f8dc4c970834da398ba66f,0.0007147557
3e3d4037a63ac3f0f6adb1aa573a47c9,0.19832893
8a449294c26d2fab242cddff7230caab,0.2074677
1a1ea43813d018840466efbba64d11d4,0.7879435
c218013fab9a378b83bfe7b149d21a6a,0.0009249825
083582cc01b8b634b72da49cd24479c6,0.19833127
3d715b8710eb5cbc629f6768ea761cec,0.011570517
cd59ba0fdff7d73d47152075064c8129,0.013291543
625934da53bdef884f7539c41e201002,0.7657655
35ca7b5c298c437b3e8e6e875f2be3bd,0.036198724
92ae80bd2531919f5bc5138f3d63455e,3.3736003e-05
3e1e023656e81ddb94d21415669d54dd,0.01612724
d8a93e30d01921623bd373b2e70e2496,0.34378707
f6c513fcfa382d15fccd5e6b6c8848cc,0.2075402
8b501d1ec2dc1e4413ec39b79964c1c0,0.1983366
9b62dbf417d5b3aeae56f2023cfae57b,0.012138834
56373b3b40b029dafe4d0fceda26617a,0.20747118
e283c5453259173eb67118e4ad2ed3f7,3.6448522e-08
802f4f9dc5a270f299a8c72072dda782,0.28076202
2c42bc146419ab095cd4e2cf4c3e8f5b,0.11635353
6c1cd5c7c08a54dc85bf1a23d06b7caa,0.5369884
97dfde993db29070059b5f894611734f,0.03815088
bf7c773b0e5e9b73f54499996dde44ec,0.023012055
053d8430fce2a21de92cfdfe11d271e3,0.83291054
cffe79b34a9571ea461b712dd6bbb57d,0.09176658
e8a13662c910b09119fa63fa7c29ec72,0.004783328
e94645c8451f1624a6c54193484a203e,0.9993967
dd73e7dbb8ac6d303292c147468ae74b,0.011733788
0b96c2cc9f511114aa59c7437a773ad3,0.78532577
46ad46c0706254b9065409cd7d274e30,0.71511424
cc0c649cd8ee0134ae9645e2ad7df4b3,0.015529307
d738728bc63e494b898afd2e21775935,0.00081106497
c78d299136ddececc6dda67f6d7b57d1,1.5908032e-05
0c1a1e9453829d25b849bbf316a053d6,0.2490135
5f993147db4cbd92e261a8d61fd3d2a5,0.0023698586
d989f7dea2a998ae98c12956643b7889,0.06480704
c9f3e383c92b964d1d502d5ac0c0f592,0.42663878
ff2e5bc9d7846cae99328ab526144aa8,0.007435307
cd784c64b2af4450cb330146423b0b4b,0.3243137
8864f861ba61d70d5609c562213dcb25,0.038059514
e9937c6e15e663c56aa75815dd15e5b5,0.0021960433
d6b14074cf4dc859c1007db2f9c87760,0.04265298
66810e1af67fcf1e7e47c12a0ff04024,0.004846571
b5276e1112aa8716e631866ad7e15e0f,0.8211694
6df331625734d3e38488242bf9cd0c8d,0.0075706355
8bf68f8a9c121ceaf5c0edd8cbcb5827,0.1983266
43aae3d85e205a051b4c38973aa8cdaa,4.2730285e-08
8fd292a56e525cff38f02dc5bca9cf97,0.9837038
588a2d96fd40e1578144047155a60dfd,5.2052382e-08
fa5cb4a5bef56c8574a14e84246f99f4,0.042804163
db1a219b1965f481f6cf83a7e9ac3a17,0.19832355
4a8870c6ab722cb514550d06d645f866,0.49746412
a4330873bcd5c806bd2dfcbae1234f0f,0.06671597
43432edd6b9cd7ed7e298fb4e873b649,0.8826965
afcc01a0ece1f976e1961812ca90a5e7,0.113204524
6f479b9b6c24a659353348ee2717bd2e,0.8370098
96f012da2065624db2bffbc21767c212,0.02246947
98926b6e3f650360dc0ef1191ee7a2d4,0.19833769
cfce31b6ec66366badb5694f748e4bc3,0.015932139
88e6c6b4fa07a1e31a5bb003a7484128,0.1719616
49186fc3f279cc943c565d0aa09fd263,0.0074627334
327b6d01431afbaa4e6d3f999b5ae701,0.04090295
f100b4b0d0c7cc7350d60ef6f5f6e820,0.09363949
adaf6f506074e801f884db33e0dbfab6,0.002419299
86683d63774eb10a9571f648443fba07,0.005081563
1f68ba9a8a01327638f4ebd8e9a4fa51,7.9205983e-13
4b80d7d0dbf9df54508e29f5c4a4b9f8,0.00039359267
6864f7169945e7f64bb066f51b5f3743,0.003927878
9532d6532989b6917160d7ad1d70ae02,4.3790095e-08
86585949e69f0244496f432743320c4a,0.039877903
7bfcaec8ff6d59928f4a531affb0a240,0.04041492
2f83f0a18eead2496a43ec9384671069,0.028865898
4c0787e3fb2a4c9fafb86b79522d60f8,0.026694065
7681abdbbba3e4ac9f0a6a55e749b1f0,0.16578755
e34db48429886f1e567bf2b99ee35f91,0.13163708
941fe89f0f6ff422ec4a55d931237003,0.26796427
a4297b0e0ac276d9f1168fd6552fc8fe,0.033347983
8c843430485d7b6b46c4419103d29d1e,0.0008099658
40726dd1fe7daa28f0a234552625a934,5.559146e-08
60e5049bec5dea51b42ddb1d4a044b2f,0.0073961033
57ec67455f628048eb8a9c7970c4e8cb,0.026311005
09f5c15f95a18fe32ab0ecf66de1ced0,0.25214264
c3939afdcb86ec25a8fee0ceac5584ef,0.45208755
3b71a81fd0f52613c8198865ba4c6f45,0.006413103
cff466e72556c63e7887ef7a2388fc59,0.04273025
55e6847e59d56d9153a576da61ecc5ae,0.011461074
fcbfb08788ba377cf91e021d7fba8600,2.0843463e-07
af25a2601c16a47bf0b41ecd3c0f9052,0.7568062
6413f38084ab59403ef5f87bb40b2b8f,0.19733611
41ca486fdf85a65569b1cac5439aa44f,0.13114606
8cbf5cb46b07b2aa6ca597733af5d6a6,0.18029079
c21cb79feea48b9193a22db68042e0f7,0.00092702947
b13dae73d51ce1c1df501f37404059ab,0.17265806
72e7e5b1093bfee5cdc72f76c1d70a98,0.018753016
02f496129f4d1f39e436195bb2545301,0.15762486
defde64ab4943b887296d14730ff03fb,0.56974983
474e3b11dd3cfe6b2b040ad20c11ac90,0.19833201
7e06af8d5ef3faa38dbf6921406ec53a,0.23559698
22b6761474d3271ab197c872baad8001,0.0072101615
c90d617c263d093893bd53684b110ede,0.40308022
4a1e23e8a070b3482184b8adff7f7071,0.15000226
0cc3595fd20933f103857705b2a306dc,0.6349405
8da1d1e21eb22fca0b2fc4ec06aa76ce,0.20755272
35c69cfe0b514d77fb9bf277566084a9,0.036819357
93fb4075e8811e191ba971120d2c8fac,0.036338575
908da4cb93f618fd162192bb58a96f5d,3.3623078e-08
cdafc2a9d1a69e5ff1b450b746f1878f,0.1983298
46fbb79bddb079837d0e38403a76ce59,0.19833022
cc0fa9b4d3565488d3791fa6c5b5f7be,0.04070118
0188c689a0ad90c275b948873c94d1f6,0.4221447
f12315d0cd27b7f6a24dfba7fe6da1d8,0.016528305
1c878c57b1229078271ab875280258dd,0.9995721
639ff02e85a710d9f52ffb834e20a7b0,0.0052453
c52bb531c6d1b670392228f847b2c1a3,0.28983757
8c519e671488d40c0e1c8d60ce47e944,0.21735616
56d343c7fbb70c624ae6239530d396e9,0.11404326
b4ac0c4db7887df84922afa1a3d55774,0.034296013
cd1d518250fccbb5bb8108939a71baf6,0.0055329995
b807e3e1ee2677aff160d32f0428c1d6,0.049589552
f9446dabd8945a3c2ae35ab382372c57,0.037267216
6c3d5e5c1022a2249e49acbd3b408b3e,0.9997071
dc0927705b271ad1970903f2dc16d641,0.0007879936
0e1c48e802fa48ae0b4263ee9d4c82fa,0.7117072
afd3b00e714ba407bad5664a6d0aba00,0.028326098
a5cba6c82f498b61609d21d82af33df5,0.5771602
c95251c67ad035a122c2c6e88821133e,0.99969596
3aa9ab10fcece22d1a87455e55d28bb9,0.31078514
894b5f2b6ef6f8219e21f66e0d207137,0.888126
98a832555e8f9f61f7aac219a4b002cc,0.50252885
4a24b4c1c8493e750651f50b7c9139b9,0.082833394
5f2dd3a3a3682fea736ec6ae90b56ffa,0.18434665
36d9d4eb0e9e67a662d7a385ce602679,0.043683033
318bc7a83a49881dbc7c8455ebb8810f,0.9838489
b76c7a24a91e9e2e5b64381ca5fcf07a,0.002382969
2162007494cbd95becfb3a5fbeffed37,0.37419912
e4b4cbec1e162660abeb815a58976a96,0.18110272
2642d26f7373bdcac7b3672388d67590,0.034457333
49870212e73d94946b73f3a06d3b9ac6,2.2255886e-08
b5221f05338e3adaa0da24a3b5aa1d1e,0.22956653
1ec3278d5dc59035dc9fc15a667b4bc9,0.02378684
68a37fc8f6465cc02fde52f8d18b539d,0.2894016
2c2b9a4259866c0841c19dd011ffd101,0.0131513225
d442e304e856d06bdb45c81983933765,0.0023895067
1886f7506d4a6e8b7826f2aa2ba0c3a0,0.04635907
6c0d8993581c03b41d311bc638141aa5,0.7896803
4d9c07085c3ed8fd720705471056ff45,0.19734147
2d60836b27c83321bba16bd532e63752,0.0116603775
7b1919a339b90ce449c8ce28192132a3,0.27024373
dd526715398b33d9b435cf7955fbe1fc,0.64899683
f4fc45cbd10f036b42bac285e379a9b9,4.02445e-08
5f950086c3f274ca1539326440aaf2a4,0.13132064
70c7ddd11a9c8770e631655d076ed966,0.48133802
83efbfa31331ceb6a7cf62235b143c1f,0.14936854
04f726d1518c70f80d5b29e15930a759,0.120357156
bdf1a1002311d769bd79955b7cc057b2,2.2199796e-08
a5183110f617f3d07bc1807a77f16416,0.30503196
0201b32e81d74909c85df1354dda706c,0.6571739
21d9bbd045b2634fbda47777ed08671c,0.00014974384
a5f09059e7a57e216b26c0df4e5c1c76,0.0018847333
a75aecfec4080a680643a8a37395ce1b,0.09486543
f8092eb8a9910896d0eb8e39c1606527,0.33010095
0de9fe2fc229802b4a08907dda3f94df,2.1594822e-08
b86c38aa12cfe34ee179049c69a05e49,0.023021681
3b7e2146053ed56aa1a04435f1d51630,0.9097635
6333bee7a80cbaa496da04622908f8e2,0.104125835
60ecd5007a1ba603a7eb960957c2d8a2,0.0023846615
e810af8da61a10d33c4b2706da0fb5e4,0.37416384
c7ddf9eed72194824c496a313f3e8af2,0.9835558
431cbe26725bbebd873f1f6d3303f2cd,0.98149014
83fe6e034dfa032a402a12df2cf7a2df,0.00042569017
928c3626a78686ce56df7d8c8c2faf5f,0.88826525
7523fc68868ece81cddd660482a77351,0.030166049
2176184eb6b139cd9b07293a9ac87259,0.029665923
d361c50787506bfcdcc622565d14160e,0.26911113
0e4b02c4e65388e5ddbdd0c26e009a29,0.088823736
09335897b5ba16fe1f60943eef078568,4.894118e-08
bcad6ac6070e8d1be2571778e7c54a70,0.36078343
b58f53efc98acd32d9c412193dcb197b,0.019609919
55b1525f3ef43d628d8e8b58a2ae7958,0.23086734
4e67840d462a003a63f557ed07421464,0.002424163
55113ca810ddc6e29f0b0ae29ff81b50,0.18794982
29c7819b4e34dbb0bc2d8ac529489c99,0.0013137222
48854f78387b9184d69f19f4330f1fef,0.005647992
d70658e8f2b2d575b92ea2ba2caa95bc,3.365006e-08
4b2388605ca6b42ddfbda3ea7b181403,0.037516616
04762faeb08a02db6ed91341bcf91724,0.20756444
143c234d3ce08dcc62b563c8f5a0ffe3,2.8030437e-08
991775e6e0582d650a287963c09f1d3d,0.25399548
0fec48aac88065bf56abb085b7f3e9a1,0.19734612
9aba6d4f8b32f1a1b1a87b3e4846f18d,0.04815226
1711cece9bcecb208343222b248756c0,0.49539232
9fb22ec2751fa90b5d6cb4ba7b9913fc,1.09804e-12
f70dd6f6c9552faaa24985559fab64ae,0.05753102
ec5d4c10488042645d997ebc1d2e7012,5.7055177e-06
fe2dd68b7141fbf8fe35c63e1cb07387,0.23031425
e703a80f7c470e97c95bd608e65883ba,0.012681067
883cae4ab2fea5fe84c8449bafaee64d,0.19024917
892bd80ca085f13acec5a6149bc96db9,0.1973517
ead4416a7d8c7114ffbe82f544227a34,0.011025031
5fd65dc85c839e5fb094c6786b1aeb4f,0.9778287
37ddbdf2a7dfeac745667dd85c0909a6,9.991755e-06
bac5aff80c6540864318fed227662910,0.19833635
7e1d9f0b417aa14e4a194a3e17345cca,0.73230827
0e877c8fe32aec3061831498a46ab181,0.19833085
6fb865a2ef726d25b0c918e89cd47761,0.2295367
6c69e3ea0c9f9e2bd296013483656374,0.19733608
b738cd80b8d68d2b47bfbd4eea0a704d,5.6946374e-06
4488c1649355ab4531285ac4b51a9562,0.10771908
03056a8ff34c286fa3390bc40d8b80e7,5.8227747e-06
1a5ced8d5915dcd8e164abf0aca4f569,0.61208975
5ead1bb67ddd6a26c108b55446d14b43,0.0004711492
106457b25ace6f3e48e2381e0d439895,0.0023907693
52e4638303726bf3af7c49751f67dbb9,0.16035187
72bc1832418f293e1d1cde650397e99d,0.19735698
c86e4e9926fefe434084c4a42d9353c2,0.077262916
53d00784984e54503b4ef8f02b15c9ce,1.9698226e-07
5312ae0d9df46b2fef808fa0a771d7bd,0.7356708
e802167d34736f32967758f8af1d7b39,0.98466504
f1fdb4591dc99a4b43a58275e5182a7d,0.17783102
068de7332924d9670e649dd75c83ea49,0.010582783
2436f6ecbeff7a4a540f3aeee7c05870,0.29351035
9e527bfdf0eb62a428fae5462df0c8d9,5.0797127e-08
14b059d6242643de4ada458be95a8044,0.9984251
275188f3b6c48307fb6e8a9f1b155cee,0.0007566608
250520fcc0bedff070d878b142338655,0.032111857
b63a5feb35f2e92e69153b5eaa914619,2.5849342e-08
cda6366bd91fa6213ab8e24691321e26,0.5739145
b759c92d3a502fcdb4ddfdd22167aae9,0.19833873
fe7f7e15ebc552419dcd111e9518b16d,0.41730094
8d53a7f2e2dbc908912d1917a3654c16,0.36491632
349242b855fc94153904d1d87e325ff1,2.0138985e-05
1f3096421ed64baf54b3ea67be5e895f,0.16659741
95ffe170ee9c154fae55cc65e42fb438,0.999728
6930dfc25ce74642aaae3aa223301eff,0.20053677
9656065635bdc585ca5a3c5bcf84e4b0,0.046926454
74aa126792251cd7467fa17c3b7ff92e,0.011393862
d6d2b47542b21aa6c10da5ac34668051,0.605069
d1f0ff7f14090139da0e30d6f8454af5,0.03989571
89c2420e88863eca69097302ee3a5732,0.022291228
7af2b53dce868585fcc2a891da339961,0.19733478
9d901b2ab43826bb65189fdd56afe95b,0.01267983
0b4fb2fe208b1f8fd4c3c54a4125defe,0.040142708
34a590758f73496168f20ece9d74f711,0.19831897
f86742aa87c68cb52ccc25912c2ae047,0.029551411
8dc40b5953f32f74ec1ebc4954fc8284,0.025967741
130b85a8576efa931af70bdcfe30368c,1.9741779e-07
78ba82ec191efa0bd4339931c4d7916d,0.0324314
f240e24249d593d6a5133710cea60785,0.03641876
de990dd14ac1b8dfd5604a4b5f41fd44,0.00078004564
1c486e7d9e7bd6ce21b36cb6a77dd1c3,0.91468257
74e9d0c2ba20b5ff67ddca8a23d3a4d7,0.0073805256
2f5b038d283477099813347e1d9f74e2,0.046939213
be048b835d9f414352cb6a4fe2bdef5f,0.0003704143
6214ab92a1f95e74cddc3477f459cd47,0.011552131
dd255374b48afb8a3564fe9514d0d2e4,0.6353347
c73c62b6428213a5abefbd38a2864ba5,0.37325662
267d5550f8c83578e01109f91d42ab03,0.53066415
4095d722e9f7cc476faaf48f258afaae,0.08272215
b3cc196c209a353c3f68ef4c2e499b8f,0.031028766
6ba4e7aa0d69559b43d681dacde735c2,2.0322016e-08
d0ebb5f0cbc37759b429e95374fa2cf8,0.038943045
8a54d77983904dbf93b4756c6c5299d3,0.89592916
f3029f4164f0e619819a815c9c04d424,0.82342386
80a4c580532f76747949ea13931afcf1,0.92250407
5c7d311fbfd16172ee69ca3d06aa061f,0.19734757
cda31fb6089887417774cea650e3b4f0,5.777145e-06
69beb2a9457630ee4f08c0797b16b3cc,0.0021266383
363fd26bf1601788b692506624f587ac,0.98328334
a5c5be37f0dd714ee9a45a05d602f292,0.026877845
58f546f2fa9a5d4ce9c0a2b42670e9b8,0.031792127
3f2ae24a45ab0ccae6b114e974a217f0,0.35570773
e753f327f7531bb6f0296b816979cace,0.18094608
58274392fe8042e5b51badbbab3b9b75,0.5256264
4c786be774875221dfada0bdad2fdf58,0.012678945
cb059aba938259aa7df472ddf7645b97,0.19834329
d2f8e7863282824fdbcd33c1164d9e61,0.2782972
84f76c9adb2fa237cc3254bf69a4323f,0.14745556
3937103a4804e178f5a1bd62f84946dc,0.15543652
2d09d67e0f3698e6f3527f2be9df5f7a,0.58269674
81ecab9fa2aa18c3d5dc61e9b2bebb7b,0.5637537
1c6b3182a3b0189fba982c2167c151de,0.7023791
c5df9e74473eb641770578d7a668ef08,5.276305e-08
8620a6ecf84b3c58521d298db4613618,0.003698077
62b745a7e2107fcb3e97757d0e63a4a6,2.315324e-08
504d146741d56b7156c4ebb31256fe3d,0.28018007
a21f61fc9870af66d5cbeb8578fcb57d,0.22385585
e4ef6db74c87358ef1f836ce74c4864a,0.00883233
f5183afd0c925a03f4cec4e081071f0a,0.1973474
9d3eaf49e1fc0d950c4849a8d8d1f19d,3.5280124e-07
b647d358642cfeadc11c0d085b046c73,2.598999e-14
be3ac09e1e59bd6c4d95aedd312d24fe,0.20745662
e6ec19ad2b6cfd6fd6237c66cbef004a,3.412492e-08
d1e57590a8b870d81ff96b9e79da18dc,0.0008055066
d53ffd1fce97043454f3926eb7fa0618,0.96420544
f6ccb0ca6edcfa1b0edd7b96ee802ec1,0.06289761
046cd5eca8869bba99b0cb02e74ea3e8,0.6320763
70477f7549cb298596adafdae11704f5,0.012006946
ccc22641be5a29b61c03644fdd6c71bf,0.35822576
9a65d95a9ca19f4ef67b5b58ef200d2d,0.057766445
54da98f16545bfd2a868e236c91b31fb,5.8220257e-06
d236048d1ed173bb95b4c51b2ccf871d,0.038943954
f7c2e0fb6c981085190f675a6d04aef1,0.0048810164
bab8ce3027228d0f0124de8d6ca6a9ae,0.035346232
cdb29846e2172c7d395c7a3831b0f88c,0.027927196
4777cddb4379f25acbcf36747fbad6e1,0.7998891
32a08af92ed48ad8f373140490d57e3c,4.0882565e-08
50a1e8a83792b1d91179b6cf6b900b98,0.04374805
dc578fbf139e22fe0a52cd2e6129743b,0.019884527
3e4f38eb633a1821db7e8233ff5f6225,0.9997486
4b8c49170f1c8b8ba97a1d41f9fffb03,0.036158636
3981f2a16d5d2a7c435987bf4e3b00ed,0.4976181
5ceedb679af8ca9cf7b3d7cb9da8efb3,0.19833088
88695a8842f91942a8d12b967313f755,0.1361438
37b35055811015a1d729b081d1dc5394,0.089632936
2589b7652553de7e9be4389177850e49,0.46644336
9ebe953aeeb83b107c5c15f71f3482b3,0.02829113
16e0eb2f351df8250efca01bfd1f90e8,2.744586e-07
f8c2f3e56960440481c3b6799684b066,0.44255796
7bed7c53e7daffd89377c23c9ec247ae,0.18843737
2974e7fa2476a708fda82baccabe06ef,0.19733968
633879b69175e5fc18577b0a91519548,0.033568114
17be6ab63b05aa31f0a5a8a644ed0cb4,0.19833985
239a5f25ee461ad6ffef99b9eaaa18df,0.18365169
43678dea6d4515fb6a7d47384927e8ba,0.044048876
616e6542dc7a0f6abf82219235d4a6db,0.5821861
da360f5cef3dbe8a726ac7695a5905f7,0.8801144
dd5de53126711b0e04895f9dbba3008d,0.041024227
d5f3aecb96449709be7530546937d352,0.20488648
f18b0cbf4d0b825744e6ed47521b6f93,0.5347705
e5d2cc8c32baeeca9807d8295ea50eec,0.021928418
3abbb0edd0fa5da6111ab34155848dcf,0.03856968
d5494cd75b70fc351787ae18f10173de,0.046019882
40c35f5f11ac050c4aded6cc5d7c3022,0.36183795
abf5c735a5960ff787251ea979e424d9,0.011453467
44592119fe24b0d898be62e128a9f693,0.17814423
983fc8992b180cf43e70e1f3c9fc8491,0.040391177
3c5a2b1a4660cbe5593ec6d3c04975c9,0.06377181
98c076b473e6d513d606df57fc20c8c0,0.0057121143
b6ea4a3a72436ca36a6b204df9cbdabb,0.00013006495
db58770d2e579ffccc89fa0e80b6fbea,0.5103084
ef7f4d45306fd47c891ee7dfad55803a,1.6550794e-07
34b1c95a291c7f06f101255d955260d9,0.39463323
32b0b109cf0da7c1d2364eaf3dfdcdd0,5.959286e-08
5b07875d7cb996c485a1f3fd2594c37d,0.030773614
30ccad565d98e774a7a1f8fe50b06c99,0.674209
2401319df96ea8c423f48fa131da632b,3.0172977e-08
6d6e68446a344fa631466f1c36c4aa10,0.0011409102
7d2923c899dc0990a3465305be4bc34c,0.012048242
5517a4716ad43469a1315594b9b35c1e,0.024026487
a41bc6c86ae3d9bb01060ed0fdb3ddb8,0.0074775284
9f78bb5e4bd529a1f01e47ecc14ae760,0.19734228
ebd9429c18df95c0c330db589a8b09b7,0.022183146
d63a4f3beeda81f2e7ead0cbddee8db7,0.032220326
d269ae94942789431382c1e99bcd262b,2.0617019e-05
ba3213f0485da2ac7b026f2b84ff2e6b,0.003431379
ad7adb96ab278f79c209927b5903b826,0.19734308
28c2d90608611de8e231831cd3699e75,0.19832484
d8e1e1c2d106b1349baee3cf866ece45,0.44999227
10d607df6f08eb32bcff43aa10de8287,0.045512058
a3f3810dc5a3265bae1541a505fb7f78,0.012678377
9143aca279c40ff2e6bf3b40b8afec3d,0.19558036
2a6b8ac11f5988ccdfc397731b0ec7f4,0.73164046
a7e8e90823d4444e255be35f74b4b699,0.19733644
e18b0afd65f485a1612f8e01c9abf8d0,0.08430651
a334a3c2201b26fd7cbd355f5b5fa0de,0.22953686
71176868095afa1d821676427edaeddd,0.22514065
2590c5d0c21763e8c78676b44277a0f3,0.03809587
9ebe64e7d048fa9eb4ab94bbb14ccae1,0.9901126
92c7cd15bcdfbf34e5b40509cfb4085e,4.9719482e-08
a7c9c8e736867ec9cc521f5cc64cb4fd,0.024043435
a7b5f5fa42c59e8d390394665790159f,0.27129102
b52db8e2383b9d6f5caa3ddfe92555ce,0.034115355
a3a67cff68fd23930568564bb4c0b331,6.677602e-07
e66941f4a4e548be1fc2eae3a364c22f,1.4582187e-12
7c4d33ba6df7c809b5e3287d146a5910,0.03715036
b44cb90627b9a5905a613cdf8fba714a,0.43346363
b947619a53e53741c0205ad342be45ed,0.038406648
6a549c4a91108282dffb99610415decf,0.00399959
f08e0ae8512c0e022d17cf73d32cda1e,0.19832726
4007f362ff980e14fa449d391f3406f8,0.00237214
e81c4e9f4924338ea4f492c50bd806f4,0.5622804
801523b3e8335f7176a16ab683595276,0.03868149
cef0c16a8d2ca05d2b17b51a2bbb2214,5.7692192e-05
dc470b87c1132d719dea5d6c0327259a,0.40899873
571973bd034a47a05315b1778f8b9b65,0.046581578
d4cfa1a145e025f54cf4a15526374896,0.19733986
e005b6a100cb1fcb9f473b3d3fef7517,0.0024203465
8c091e31c3f89373e3c497f5db59fa47,0.0012016376
f0e416dc2725818bdae7eed70974aeae,0.45728403
26e5d20cf7586331eec02013542281b6,3.4768366e-08
d8cc4d8e3173e9ce6567fbed9b3a6744,0.00078241096
71f5b7772ff460b5c93f0220138bbed1,0.007636829
10f0c59d7e448ceca2a10225af69150a,0.0023815318
79fca279e8d059f606cd1628733f6690,0.0047903387
203242d809e5198c427d545a2ff7d624,0.15181816
b16d6fe79a8b50e91ac952b68e97d557,0.2620583
05cd305f967024460a35a91ca7a7ebc0,0.98407876
f8c09d55b0d1babde652d82ded4afa67,0.030536491
45e30a39c0ff05812d942431c1516772,0.28225377
6ddac1922cf68d8bdc4b6c20e008d9d4,0.68775517
3ba507c879dd771706b6d5d4de583236,3.1319054e-08
dd10fd41c05f55d8f5603925bb8d469d,0.10566832
3a2ae629ffd84f3847e1fcc9336f9f29,0.2262588
b867ee9023fc425d2f953d77c9df70fd,0.012043548
81f3d3b52215a5a6a82af6cf2b090cf1,0.039057396
22e2e9020128d1847ade18dcf9377015,0.6334316
84a60bbbc5688ff59129d5d7d6bfe93e,0.11996193
523192e9aba390ef00648935f2d76e8e,0.04566424
e3198c4d193b34b8e6a896c308ce5412,0.36488783
d740a33792d61b6f1b20b2f9aefa560e,0.9859619
0460c1124ef0d214e6d009609f2147ef,0.0126825245
836f607c88fa5a1b64e9dcf64e331e56,0.0025554788
861c0fdffd0449d97b38ce3f4f5e0320,0.12577175
3c0e3f03b2313e94211631b3f687318a,3.814943e-07
e703f5247bb5960333a01a31e3940df1,9.55669e-06
1b450764bd4b45376e0120afa9425008,0.6033918
dab7b68652c52ea285bae302e463c51f,0.21786308
676170da7d3e12178e1368abb1c4b20a,4.243351e-08
60e14dc09dac15a0366b1b1cf4bb121d,0.24035828
c2b20b0bb29c50e1bcc6655ccf8aeafd,0.7283031
f0b75abb9cd64e3f5d55f6d5282eaf36,0.35481817
f87c969abfd908cd8c9ed25bdc22b8a3,0.95589006
2bbd4506a9cee1d13df91d651712f76b,0.3497867
d0cc81c1f5b79c51afeded5bc7a171e4,0.9994618
d8af186f7b371fb4e363993d562837ff,0.21827073
6b5b484c0f78a00c3527eca28e2fc213,3.954712e-08
a72b9ca0449ea85584bd9e0531360c01,3.332347e-14
3adfcb8ec235a273290dc2d99c9f2191,0.39274943
9a0105f5787df010f4a22d8403829b98,0.20746079
057b36183dcda855421ac3ed8e7ef075,0.02329405
12ff80649c68a1519035c00f09e1787a,0.04787842
ae2287d1dade60278e517be3a9ec208a,0.03713561
3db3462b9fe5afdfaa85618e44b26738,0.9813984
18c832beaaf28dd8fde1eac0784e9478,0.008520266
0d3a721884eef83f8a0c26262805026e,0.10639384
83fca9bb092a87901371191834428d76,0.04760021
ebaa5505a4ab752e07caf46afb0a7694,0.012921922
e50c4c21fae4978a23720424f783683e,0.6757561
1cb93414b33f4d38e84cc7d2c8962d3e,0.6757256
01850d09f98d64ecf23e359c43ea4205,0.20755465
0b0705abb068d24591db32c008df4816,0.4056824
7256bdb57c9c8b7f8b737217ba15e815,0.20746085
5edd5f307b87d4dfff86a9723621ac95,0.011274286
8a7339bf917d939b94ae6d779e979501,0.26183993
6915bc609e9f91790e20323170b4dfc9,0.036110435
6f3bcd30213b4ebb76e1f7ade94707bc,1.7053231e-05
faf4f55f92711bcf50ad293fe711e270,0.19874242
f32ae40f5fbb8b391c7d4e7a02eb5235,0.43531123
fe4c080f9e6ba8a5e6a66f52e3dd5ba9,0.99678934
1bdff59085a7697fc050baec9bd51b75,0.06666195
8d860260d8fa7eec1a7cb3e88428b117,0.1020954
744bf3046ad8d92fa20220cba7549457,0.010397098
0b24c80ea3fbf1625dd41d5270211b85,0.036179442
9f04da2a86088629c62eaed95be3a079,0.028720047
8dde9b49be2b4dde68444335ef39a036,0.012677619
13de1ac75d9a1cb594c6bf43823deb8d,0.2577707
468e4cbecf934fbbd90444e9c19cb891,0.0020993445
eb84236663a1c3c5407c844f598e8e53,2.321494e-08
d50aad4625c5a3dab2509273b10161a4,0.19831951
3a25b5baba54af04d15d1d355894f450,0.31296164
726fb5952725ec4d4f65ff5ea3e976e3,0.19733566
b933dbf7bff9a2243967ab0459c815b2,0.007214596
931b62f8f316c42e097fbf5d4aad4633,0.9504759
54d4c757de76e1ee00ac172b54835bd8,3.19638e-08
80a3feb6b6b092f4171493e5a12d6d3e,0.0061108735
a0263f7799ff943aa81865e232fad8e6,5.738853e-06
d5f916794f28679195a7049eb27db07f,0.009156438
583ebc8e67b41be38ae0fe418f610f86,0.19734669
aa654612c503f0fd5fd93a9866545dde,0.008927458
4e2d6332799036b90050848f39e853f7,0.7316588
a9e0f498ce40008f176fca7073338e72,0.048508175
254bdf8deaaecea1cc4c909c1dbb810c,0.00014109188
cadb758a236c303d0c4143bb5bd0a4f8,1.4574692e-05
6b3e2746bffec796707c2ba3c1c894af,0.33722287
328cfdef761bd96fc367fc9080165039,0.22440115
c791104e2a520e32acebb3dcd77d043a,0.7257365
99be673ce243b6a8e37209daae39b774,0.047010586
5d6adaa6f556bb8d75e1a6a35cd50f09,0.1727679
8d0c280954ede1067f49c29ea390c1fb,0.63765097
f1ac566e3c3d1b374a55a3aa608e834b,0.19833656
355fbf2188fd3c2f61e5c71f6631c728,0.19832358
1e774b90fc93466f68957f82d6c1eb11,0.0073960745
22731466956a7484d31d3d27195ba2cb,0.863331
c4f09a1725423fd141a6146fad6c4ed1,0.030242685
171f43d819ba0c50d1421f10b70308fb,0.07040784
7eb69cc79c222a9d8405ca8301ce1cc2,0.095124625
396c7782c5628a7751fb165acaccd752,0.19834349
3c66a01c32f1bcc410eb7cb1c9339350,0.81795835
8fe451a0f3a59e0198189ebf35298815,0.02518341
df4a76375fc433cfbe66944d48eb6c65,0.00066491787
331f9c682751d340e2749feb95888f5d,0.28495866
ad5d2ed7a03a1223453e9585729a1e07,1.2705876e-12
7598d79356a7885448a75c19cb2ea566,0.037138212
19040623921d41594462a998d7281b15,0.54713386
7b8d549932efe4164db4b6d54e90aab8,0.88674176
3c25dd6d1af8231e2f3214cc504a97f8,0.20746787
d102a081495b68b19337792461c41875,0.0002958244
cada43143eb70362761ba16369f30df1,0.25242472
33cd2baf5b0cfc7767cbb00e02354725,3.0943338e-11
fe5e7bf628176a4955f0433f6313df3f,0.02785438
8d2058f700dad7f679dc4f73ea253304,0.1985303
db7b371bd43f9c3ff04c4e4ee875719c,2.6030253e-05
ca7f4bc0238fc6bd30d7bba3c62541c3,0.5916499
0a23105167991154e778b50929b08450,0.0003962887
86b9bb713db307a665485b0b2c9651a4,0.022671754
b3208f534ad1b58cd98f769e0d2a8d56,0.029838985
d38b8feadab037df80112c2ba1bd65a6,0.00029583275
724bce9be00d521c9ae6075d50434b11,0.0036962468
8a361c126f98aaae8914306d842cd015,0.5303531
ef58f22953ecb68597f6f3445b81cfca,4.3790173e-08
f192af398f5603fb619c01a1733fdd90,0.30189365
9fb5b787d765f7f779e8daf4f49e0098,0.5712469
3991af9347c9671cc7a7add4dcc2f96b,0.19833063
ece983dc58ee13b69d07751cc08fee8f,0.081584476
e7fb714cf298fb420c42e661b99bef0e,0.59625876
bb2b63faa32256c22e2687be57faab5f,0.0024272688
203dcfe837a8a2273d26b5d2c8500660,0.1584199
0c7ebde070646bdcc32591ae3e03e799,0.0006084793
0563b6f3c4ab0e58460adb2f15564e27,0.19733435
d10d3a1c3d49af47fd359a37e6a3a04f,0.33658916
a31a685ba6f52ba3b9f1bfabd6fc444d,0.18913421
7205547072ec52b7a0c09764d1bfc708,0.88707983
abc7563872c7926a8687eedbbea8dfba,0.047408223
363afd24ccea848f82383a071ecd7f74,0.2610332
8645664e81a1735c2cc80a324f5955c2,0.25675863
9032fe0b4e460f3642ba424c8164c39c,0.9641045
68033b67ad38cbcd3aa6357f4358d0b7,0.6675169
37fcd4d84fb69e43e99a34ce08df556a,0.07011665
6792b4cc91a571493c76babcd532cec2,0.9818813
0671c7116bb0d55f07127854386480a5,8.978495e-05
17df13198416c0edf2e276212ccd32e9,0.20049874
a46b73a4b6908f5d3c003d459be1cee3,1.0655893e-08
412c7962ffd963407056fe8fea7617de,0.0076892637
03f3676bba3b505b88fe005fac746604,0.60707366
db230543d5926272cd01b48e795eb2d7,0.19733581
921b5776fa1f13842b6188c5ef291403,0.8980986
2ad6441d05855cfa1e9fdbcbbc86bf58,0.20283449
f4db1839dfe138d5b4c9287c2fe7e90d,0.2642901
7186679339712ac1af1140a6cd824442,0.4957552
c957be4ef064d4b07c037254190dac18,0.1973343
6205a064396c8a7d39f3386d8868495a,0.0360806
6545617f33868c95cec21b913049338d,0.026957601
44b79b420e2c21eea8abc6703e6c7e1a,0.047462225
f32075d857835b8da39b0c882b68c060,0.8820823
e75a8e9b2c184cb8cd168099f4b05193,0.5789255
c9f868155b98c0be221e7540bd3116f1,0.0009351643
db6804c68cba50a960242ae97441871e,0.018888863
6d11afeb46c29c87098809528f2463fc,0.0006394405
b3f1bc02c61d369c24003503ab8ec7e6,0.16762438
5e40fd50295acaea7fba0f64b207fe78,0.00020653564
7d0d8cb6f15c55172e658f8479b41e07,0.382201
f4c2dbb402246e1b3515db4c1e22a5a1,2.5231664e-05
7a5d97849439a04daabffe63612b6222,0.001288071
1e6bdd4dfea558bdf5d59d07152fef9f,0.1983374
9fc117dc662bf079200774c15c530f2a,0.0075338595
7d53d434c02872d534af2ce58019ed3e,0.04179268
e88761287574cb16f8c713bd96853b7c,0.022462433
4b8fa0d8cd056b93af9c172e72439cfc,0.48977822
2b391ebf7440a531fe62eeb1a5f7d6e8,0.048626613
ad8ad9d0564a9868fc82ea8631e4818d,0.198328
e946e082b39b3b638339809db3d7b408,0.36563268
372c0d9f8ed6af8e7d52bf2ea6a288fe,0.18848893
f57b990c78fc60e8abee387af02e1eeb,0.06480634
c4f998bb9faa3cb633a61bb0f75b08c0,0.032163538
a97f4cb0688c2480b185a40f970a7960,0.57139814
8939fac061e45cf7467b2c4ea251e83b,0.52363205
8c50e483ab72df29e19ca3d502f38d22,0.040851
652b6f1c87e09011afc3ec7f64e7ab64,9.532612e-06
1addadb69c024a23724f2472d233bfb9,0.27221465
411780dbafb178545458b18b02955be7,0.3462593
96878ef5cf9459ce25febc29c717bd8e,0.97898734
3b6c42f05964fe8f2625c9a812651305,0.339454
0c16a488e0dffa0d9e682b16ead068f6,0.1983372
fcfa529794e4eafcb42dbfa5aee79c6f,0.0305165
360b73c09bc87707bf6ca00736c8506d,0.027932603
3dd010658ecaf5c59356b95052852dd3,2.4073932e-08
3a0810b0acf223069693e2a5fb72114c,0.032779697
026278b6e9e9f60a25115c2f3389d408,0.0009262545
60cdd7392006541c41ac4182669df136,1.1290578e-08
580085c379e2a0314265db6ffe5806e6,0.29018196
201aec302f5df8141f89a5e35073e49c,0.0066039907
02cbf06b406127d28cf4a3b76f60ba12,6.6752415e-05
e460555ea8ba97d55c9506ae47ef9e9a,0.20111756
e630aa3ed8a699e7bf41ad58988baa99,0.31219506
50c72a84a3441b13f879d74f0dca7398,0.00094013044
f01f86093830628e844a7001298542db,0.23131745
16c48b7680d1c17438d81cb7e1426055,0.47397128
0ac2d0ed8a1a3bc374468b419268c7cc,2.1541807e-08
158f116c9b1fedeab9b08ae10becbe27,0.00020639067
b546a351485f248e2fbd5348f3bb7f84,0.19832239
1f86e0e2a4eebbcccaa9e565bcb80214,0.011671745
500ae5c0091872d22895e15cb3f9b6e7,0.01144431
c8268fdcf0f3b3c81d61dc1a657e9e7f,0.45869786
ec26d71db379b50972106bcbfda1d046,0.19733265
4e1c259f1362ea68967102250351e2af,0.028509706
b75865c2953ad5b24af271b93a6ee909,0.21023798
c2c0f55921b076c849e0324468b9a83f,0.19734469
ebc1842f8162026e25c49bab887550d0,0.052398603
bbc56e1f93ca2f4a49b6a301c4c5ced6,0.9838878
da7d21e476ea3c3ce9a6835e99543798,0.14948215
a850920f09448ac0b75c12b674dabf7c,0.012680853
9df919dcbd6eb1c257c7175fcb375d5e,0.00038878544
b8d1584b0f47c88ba162fa9c209d1ad0,3.5021057e-07
89dbff1464e8cbe076589159f9cc5855,0.20053776
93273b9cadc8c8102bfdb06cd8549002,0.041837357
ae72b3fe0c8be4268b3b6fc5e7699e98,0.017939225
a16ddf829bc2ad20fc9dca3883b85472,0.19734389
c265e0200c17987fe232bbaa79f3d86e,0.030434892
d256c15aa006938fa0d9fda1fb672063,0.016668439
fb9e4619826dbf1590cad37d1cff11f4,0.027457878
b02ef4510c888781e24714e09fd4104f,0.9841186
520ca4989d6a3eb1439a5274d19addae,0.012061205
4667923ed66f80be726efe99a2bc8b9c,0.037895408
188bc12249511980b66b9502dbb4edeb,0.015805341
e50fcb17e06ceeecda925d3667b0f981,0.39779764
d39425752b13f0bf907e8e74a02676c4,2.5625019e-08
ea2306f0613555c18282f40d7e54d7f8,0.07522182
673fbfa1115e7e69255e17b256c6e073,0.2270122
c0bba970e389a7ae317cc66f2be40c5d,0.9862757
743554e532ec9f465728a39c17a6dc07,0.04398466
99746fe0d53d53c1515f6454bdbd71c6,0.99969447
8c06abf35706f56def8c10b2844bd393,3.8164006e-07
fab1c071b9d435b43d15bdde68c40312,0.77215505
d6963fa9e0bfac3d9132c5b9920207d4,0.009461764
6b0a48f1745f6b537d49913a5272f507,0.19734037
0aa5f39361897de42d5aed83b15ddf63,0.9984702
03daf904809d2716d420f02a6e60c88f,0.21073964
7b2112225184fcd2bc247aaddf1ade6e,1.522305e-05
5f16d14d73f14a0de0eecf001306f2d0,0.027351845
03a4067144ee2e9727ad1bebdba09212,0.13818951
6d07610eb6101c46646be485c6c5c821,0.6353845
a1c948bf73ebbb857ab7c45cd62d6b80,0.02416977
94bd4b52bd017ecb16c6c28cec43b1d1,0.19733746
1bb3333d4bf0dcbe7913f46b3427d400,0.0023321316
560b8a0145c02bb0f2a04076aa826991,0.045652933
c28c638adb9d109b4e99f03c5f5d0d1a,0.012679103
9ba8f2b87fd758fcc791c0ac5280dd69,0.009633835
79a589416c158bc679dd8f7708bca946,0.9996845
fd3ad4d7e8e84abfed92ed1730a51b15,0.08589218
6ce25ce5dd264d24a208a85fa1754fcd,0.0025693043
8eb2ac274c4ca70f53bf5cca278992c5,0.053466786
a4afd9519bed282bc4c1248f7aaafde0,0.9994949
153196d8fa190d77fb7f7d553d1d6ea1,0.046862442
a5cc8822ba1ce97344c21c6919741242,0.12698165
f62e403d0fd2b10d91fd3ded024697b7,0.0023933242
f07f03f6f98d7614662b3eef3442f969,0.16974735
486a0c7a93a56ba4afe72a3cd73669f7,0.046529684
f4ccd6c3556873aae7733dc7e50b4971,3.0644966e-08
66707ae360b906a0d74f44220b681768,0.028492156
3318d57bb78ef168f739882fabcb9b80,0.01886274
56d084001a76ac09e9173382514f4b77,0.14623728
1af9eddd57efd9a23b21237cebda1627,0.00031463374
39a4cb74aae377f6f9527f56dc57058f,0.124374464
a4610403c49e1cc294cb4ab2290b47ef,3.4231974e-07
37c65ecb6987925d54058ff63a009e67,0.038236313
756efe55dee86ec13f75e1d850a39317,0.5084151
216ca98612764bf211588fdb3acf3384,0.07952641
0a47d2ca8684f2812f6f14b7dfed46fd,0.03697075
658af68d9b91c37e29d82a834f0c09f6,4.625002e-08
795b8ac0ace8e6316577d260671317ed,0.7998959
cb1d8b94bab9bbea222bc087d524ca97,0.022368532
6df87eabd8fce110251f0b5639129d3a,0.090183295
7a47e8ce52f7b87ccd8d715b7b6d997d,0.24386413
e79f93cd1eb4750bfab9fca9433c38fc,0.08622966
b1067095189e03f3445bb4f07243bc1e,5.787004e-06
da4a39734c9ec8dc3b82273806ca4c50,0.022308316
c3368e3bdf0ea7687e625340db58bd15,0.7989231
95acf6571456319dab74fa06bbdcfccc,0.028318906
71f206953457f3e02e3f009309b41543,0.043782577
46613eb5f2468e7e07a351b6890a82e6,0.044677656
d2ca0aeba0c4f86b3713db0c414aa974,0.27042562
19a66b1eb4ab758f27398d6b45b48cbe,0.04807798
57d24b41909069f3a1c8e5ff7e69cfe0,0.0075948215
6b66b3fd9773fc6a021022188073efc5,0.107525446
fc202195c641d7898550b9231df313ae,0.0023815273
14a40d018dc0b33a0514c8d295fd2fd2,0.04291969
7d5fb94f2dba5b92ea3994797d4e6c6f,0.24704799
57c6e8cd8920a30e071171d35a55ca4c,0.010829407
1543b3d5e4d3c6b9d4fa5a5014d68c3d,0.11683965
6e434972251e20c4593f3afd8d1b7669,2.5101915e-08
ef0d620bb7cde6d3005a3eeecdcb1212,0.041543655
47cf20b872e7bf682aec934a431aa652,4.3496353e-08
d10a41f2f89d216a842691fbf21647bd,0.5354284
9a6b56461f609774f773da16e89811fe,0.10389371
d28c8d8c1a50580d6978010dc36f0d1c,0.19832976
b14e3fe7d7faaa400b08fa462ec4279c,0.0013339266
1f7bd33fe583518ec13142d2fb863662,0.9039837
b28bf1d3c4f8abcf49ddcd0e3fe878ec,0.20053475
7fd90044363e5967b09de0db6a8be22d,0.04534674
071b76cfe8d59a2e14e2b7a88bc0b580,0.018555554
9ab5e8528c6928c400ec8f72d8f5bbd6,0.22636196
91e224475fc721e9a8d1cb520973c3c7,0.5665095
7f1cc06928c68f5dab68cd0144a360e6,0.011470708
b6c6e0480b61d30b4afdc3fd508b8d6e,5.819262e-06
f704ad33d202671b2a0a9ea3ad67b95d,7.4317018e-06
64c6cbf08dc8b59a4e0c07e0c57cece1,0.014823729
3527dbe37bc3597b41514a8b866c4d9e,0.027143065
8fe07169930eeb1a3536db0424489651,0.031499773
9cc4ff9f4c73ee78bbada4ccf8e6bad0,0.19734077
d3e33daf2a6a31779fe85b8f58bc4289,0.011639079
e4db14befbbefa71dc35acbda32c5fbd,0.024147455
3de3f040c019f6e6f168a70fba358bec,0.04839461
c961edc6176fdcf50ea4021c9d70670a,0.45945758
ee5c310012cf753be52739d29653f0fc,0.19831191
59f402ebdd52ff545728288ac113afc1,0.0023892622
5450b9b406295b5bb4b3c7c6f5945d86,0.0056426786
e6da7ba21fc50f1c9cd3ffa9f38cee39,0.5910305
1ee41062c9ff026942082392b2fa7c24,0.19733587
7d0770976261b06db778980da039debd,0.030366058
28e693b783eeb26da5394c99e18697ec,0.19734672
a7396eb67a1f1b13e7cebe5de90ef206,0.23125696
8dbf25cca7bd9737f020444a2b6887c5,0.54635936
3f63d348caa4d95c148a9d81e8fa471d,0.9656245
369c5f19a7e80254a1c18073396a8214,0.0073833033
3a5e33bf92d15a1477b7daf994dda62d,0.0071909106
60fc0f0276f1c384205111d23c298dfe,0.030582428
04130e33d80d1c53f9c5450c30c5b680,2.7607803e-07
a7bf55c77f456c22d3ad28f93d9f8fcf,0.004987962
c4312799dc3d9b762aff46626acfafbf,0.5098203
671d9e29e02cce75d79f11186559beeb,0.00010902074
5ffe1e00d3fc897956f70a0843e1f86b,0.65694237
99b08e5a1af5c120f43814162fa3d855,0.0009051793
656783dcbdda0516e9934583eeafcb5f,5.8068416e-08
19a596d5a7258fbf183cc2b05c0a7b19,0.030886143
0f1710ebe380e7950e79ba6238020aba,0.42460075
39d228cc7f2d7bf1b0f2f1be29345288,0.00825197
baad806bd1f573f81682a3861586ee22,0.0075005502
95be209fc979b9b3ba617b7dbd475bf7,0.21588954
f75354f67a9ab0ae7f91c13126ff2aa2,0.29779628
567b989aee6a7f5414ffda43d511471d,0.20754978
9a04fb22bcad7224c5d11b607231e147,0.07393419
b915d23373baa1a3f5eadecbfa73c7b3,0.015900414
883fe97d26f53ce0844d7a776d72f778,0.010452995
12e8fac855723e4a1024e121451ced9e,0.22057898
9c2edb97aaf6013cb0f74296203e8282,0.66692954
913093ec6768f9f8e011d52768a37d9e,0.008600537
145fa550055bb82583f5742c748176d6,1.0494737e-12
66f58e324a5ddaf00ba976747141683a,0.038761873
a052d866bafcdfc898f37a91572689ce,0.1973442
303104ede40a09a09fe83a460eb84fa7,0.9346531
fde6a658bdfe7f50a049f871e9ff1dcd,0.5366336
a8f2c9b1c6dc9022290900cbf27af571,0.1927347
d6a3a9a1f4c9bab349ebea7724baf34f,0.982236
bf9b127fcb469fdfc60c94e9df156c49,0.3693374
d87381c97e0965fec68dad2146978435,3.0564705e-05
677c3796bd84c68a5e80b241de1a5fbd,0.121030584
3ec4adaa55651929647adf8510cb43b3,0.20155582
7c25ddab9df35a89959c0e5f5af67833,2.1047888e-05
dbb1e7cd7512df7c2cebfb5d85a72e37,0.17912157
3e28884d0d6522e687bd9290691a85c7,0.39520332
00ffd6e6f0c1e09dd52e9ea49dd21149,2.5922011e-08
5bc92744fb1ef7f003ead9123a401ccd,0.04254552
297a97294be1dd9ebe4480d6814237ef,0.4138573
b4286bae387f983ff45701172af5c483,0.9969584
2074ab715fdd1eeb21ebe7af4d7a08a0,0.20052981
bd00cd830474936a5bd1f9a04e2d1b72,0.029277185
d57713e0cc844e146a889743820bae03,0.86470747
d99c47d764397e8bd28fd6fa08600e56,0.042905055
7a99f05dafeb35ef9628ab536ef09b24,0.4791895
ce36f24b7ed2e0741d40a20feb63d72a,0.36887714
9423fe93fae29d57d37d270d92deb344,0.20753379
87f8fcd5a8639eb70398273e042070e9,0.0023883854
1b58203ecd7ef5d31ea39a5218b40115,0.6273807
95f2bdfd031163c3d767dba6cddad657,0.9985671
8f05915139ac21a7ae5b8e708e0b973d,0.022195885
ea809167a75f9760e5df837ec16ad9cd,0.040652037
924abe6d4c24876469bf949ba03170f1,0.0025664056
461122a6f508a9e1d7bce7e50a2dea2e,0.5063184
777364491869d80c3e00685f12fe6ec7,0.1275804
b748f34ff7d3b1f36666318c970485ee,0.0022293404
b037bb04dd8477244de2879bb1173b83,2.4913083e-08
88bd8932429c1d04fae4329dc19b2312,0.39440423
30dd2dca6a4eac65e57befa4f1a29635,0.03439279
466f1a911dd3f8513974c8ef515f8c22,0.5545271
dd768726fba53ff1e6706036862febc1,0.0071526533
163fbdc4b86b6053bcd905c658e5d1e4,0.031820036
5b161deb416e64cdbb3262aca8bcd9ec,0.0093621835
db9cc09be1a1a4505bfb191772833d69,0.99946177
9895e0f17aab20a1a04ea62b7e5b452f,3.192985e-08
13ce67fb568ea1d343ed721717209b94,7.8535205e-09
f3919962c832b62fb1dc470d44f77622,0.2515099
b42512d71c3f14e98719d6036148f8f9,0.99050033
ec0acc7c08688892fb275a4c0a8ad121,2.3743796e-08
7cc3a1220407ea3df52453a0a3b30cd3,0.03757877
725101e70fc2007633fca44a6129d46c,0.99979514
3b15c7138dd96f01d20ac33779753ba3,1.638561e-05
b846eb81df645fadd49427d6c74b2df8,0.6850921
a52c1c2efbe734984468ee4647505db8,0.0024262709
0bd7d131f331429eac13411c3b13b27d,3.1757594e-05
ac5c8196643b72c06bf2e40781496a2f,0.19733123
2d7e192f2a88530c9eeaf961bfb2da5d,0.2618409
0e20cab708a0fb0db1435467ca471674,0.47892976
d33e79037e433f494635c05722422440,0.9996933
fb9a1ce43a083977d29abc8828e75ee6,0.03585971
d8d5306bb7505adb858e41ad663a8e02,0.0025690368
0f9438dbfbd4ef1127dd044ef3552a88,0.06550212
5ed6905d2b5f03407d109ae1874a9c0b,0.09196769
86566b0181b8d59c349202513eeabe88,2.6320288e-08
0d9d49391de8d3abaae489c7dd10eede,0.75462854
8d015501737875381759c8d46390d8d7,0.1983271
3d207b9da4cbe4be78bd2be4eb96ec4a,0.03933184
f8a8cf5922becdaf2a4c0bc7681c94f6,0.1973468
35bdef6217fddcf37bf1853394485b0d,0.036316898
94048caef56053fc365b9f601499644b,0.746118
818424a977531096c3932ee338463e21,0.2187924
a93cf4ed6508bd229bd53f244da1b027,0.2519958
d55fec414fce81f6c7604831ff9aef53,0.19834083
cff8b3ec4f738a35ce344f37ef7fad2e,0.17062019
c9289a654de0162c6161f9f3070fd293,4.5915368e-08
c962948777f34fdabe2685ff76a191f4,0.16008236
51297ca658f66c270f4aeeb24c1cf2f4,0.97181433
a60a6338d7f85401f9d0e90efca84da9,0.15165608
a5d729556f83f07a15656b7f0a8ce37f,0.28860188
d82d4d6f8bc59ec91444b07b5fc39770,0.039192874
82f3ab30919b80585615c56f6efe5e8a,0.42132196
d6123d75888ff72cd0a2e3fbb06901b5,0.15727395
852f6f6313e2f1e91a96e02306530731,0.04243193
c8b5e3a05872c869ec4cd165ece6aae0,0.20997413
aec14a44e714038bb34b8890c7423a89,0.027986143
b4b8bf72e43114fdfe8f0294cf40ee70,0.9995241
2c029feed9d90387c3373163f81e21d2,0.09849782
4bdd646219e9e3aacc98531bcb07fd30,0.03382147
8782399ad603d45c335d950e6f5b21e8,0.19470032
a5bc0e1992c4272f61405b3c28c3093d,0.11442703
38e67f851191464377681814441beb00,0.013117215
c70422c53a9da9efa1349050fd804a3e,0.01267028
a9bd3c55c2320be8c14d81088ab9e1e0,0.77168024
cf4f68641515212c97d094167338cad0,0.3491736
860b493bc225882b80a3da1c3f8404e7,0.0074864626
4316afbbbfaa88873940f42a8ebdd03a,0.19834149
46077ab3a04a3daac87249b3de9560cf,0.016439449
50c977b969078b6870368522d77adcb2,0.028909732
40f267cc3f4b86ce6811e9d9c9527824,0.30425933
ed6600bfceaa5ca8e7d62d7f2d9d3216,4.465045e-08
1d2e033b95ac761b1159a23cd64741b4,3.418108e-08
745a833703ddffa1086b1cc46c47eb53,0.015752854
c0c4c32716b540464069c0d5275b2a56,0.9996297
50ea5be8293e6cb3aaacfd9fcde9a00d,0.041482247
1eb82309adbe46e11955c929b8bcfbb3,0.14634979
84a07efed4eadfdcfddba85ea0298a80,0.02276589
6c3fd4e6aabdd24211f074187ec03d99,0.9633293
7a7a7063c95dd5a22720acc136d503d5,0.99948865
906af19b61f5b272f9e1a711f7bf82be,0.3055544
3a6767388885c19694a0581493831f51,0.1036693
cd116a0e911b58e4141eaf393372e046,0.028704856
18fa1a2742c144d4b0aaf2f1251e0711,0.85632765
74ce8a68d5e1c9001c9045ff8fe2963a,3.7807705e-08
e03c85975fc49d127ab4caac22fd3b94,0.6714776
f6419c870292152d7b2ddbd90113effb,0.19832952
837ad19ba4604106ef9736a8695677a3,0.642901
546f7c00a1920fe31621a7c274566cae,0.007713166
67872d22d6d302b88a261b86ad41d19c,0.48666054
5b6d28159cd289971114f37ced37e1fb,0.9830941
89c2fa355d0d39d84bb2ed0de58318d9,0.27347448
7e3d68b5721db7be8166a57703193d60,0.19732055
1139cfd023113fdf7411f211bc357a93,0.1819291
45dd85b59035044a77c5e6ee998dc772,0.57971
750c816513dac3f9366378d787d46347,2.1891136e-08
f261d6d84d710fce2ea35cfad23200b1,0.0009164723
2d20c5d1a5d020bbd5a84355e4145b18,0.0023820852
5bd22b63a82e65594ec7757446e4abdb,0.03660382
5fa3b6700fa5579d6267af0b8da3de8c,0.18672292
98e56bcb8980658a1e1591ccac3268dc,0.03071322
6aa2dee5a8335990ae3b242bf5336d5b,0.20830901
7463e933708161b7720b19671a6342cd,0.19733214
1fcd61d92d4296b3d36579e06ab417a1,0.604629
615044682678e1cffa6ba490a054cb5f,0.2295572
9f93c04fad7105eaac240237c6542549,0.19955555
f75789774bf30a67450fbd59ea214a40,0.0539438
83e4038081639bb89323edb0887d6d48,3.7030965e-08
cfce901dbf0ab5e3c9bda9ce293613c1,0.044835635
ccb0fc3fdf2ff11348de2026fb67684f,0.0420157
962f024fdeb129af0dc05860bfbf780f,0.63374746
91dcbe4485ad36aa8dc4550876bd43ce,0.19831577
6f681cc13383d0790cdb69524720e10c,0.027570387
b56f3e169b18942567bae568c229bcdf,0.00023292506
8d957929513189108ed0c39b3ed145c0,0.19734934
ab67fcda588c971ba37f4ed5e1e48536,0.032907944
9334b5d97cd543694dabef5ebc84b36e,0.034673814
8b1db71e2f1d98e1b5bf890247e9c8ad,0.4155902
8a7168d4086c44ac54ed3be119cbd04f,0.26522368
d9440fb991c4c6fa1930a93a66b114fb,0.7048551
016b358bed1f324213175237b8d7b6e2,0.9629191
5fb87f25b99d16de72c28ca63c339c96,1.0256622e-08
f714031d1e07f5342b700c06dec935ec,0.0033241615
26d84664dd66ab78935459c08af149fe,0.4612945
954d0eba10534def0ae86283b2de9958,0.0072700917
3c18c7d2433d7d0c4f7d1813c264be7b,0.028209407
9271224013059229c5b7cdff8362efaf,0.088033445
b887a3ca3d195c2e1c25cbb984030e4e,0.9776236
a38a413e207cd6729b6a4483b0149ce3,0.0072109476
575561b62c48e9534c48734a905ff6e4,0.026975667
a349bb14482ef148e4b06ac1bbaaef01,0.047325063
0f2076911da404412a398606ba3849e7,0.069879234
2a2752af609b86cf1d454ec1a7d7d15f,0.035471987
a1d8af4c6e3add4bfb2af1f18335443b,0.0029473244
400087a25a30a4af1ae4fa8ff59a3b27,0.01167581
e8ffb2adceab295cf5b4e0bac2f2b492,0.42604542
4c5675147ee8d1dcd05fd230ef65b171,0.14002933
27a268e5e60be273f55786ae0a5efa42,0.030464265
72900d29430969f06addd5402096e7e7,0.09240134
342e24f6629b4e5461981ebaa558a609,0.39802667
4069902e1a09c6c339fd2231a34e6c02,0.15229188
933ff81ddc6ff7a54ee2421a7929ab72,0.56503236
b3c1bd5cc9a1985969fd54cbcef7e971,0.44395214
d7b7e7e0a7b2a5cf14b15cc1d5b7cbb6,0.042841442
2f99b8e8823d288f280d75854ee73c46,0.284173
3ee3726fac7d262495a7b3cac8e1ac21,0.36544815
eb8363bc9bdf697fafc0cde61eed89d2,0.27705568
7d245a09af5a98cc083fd42d2a01ac9f,0.76047707
9dc6fe7353a9d2fd760b9fcd15fa8e14,4.7483702e-08
6fcdead02779bdf0fc3a42b0e84c82ca,0.015317341
18f64ec68455f44b521f3f42c9239a7c,0.007831533
b989b1f31a2edda3eb0aa35189a32d38,1.0636712e-08
6179fd21161e57e6572de3cf988dc1a5,0.963476
02a075f0dffb75e16a8cff692b215477,0.19833735
08f6955bc89ffa5e3a1cb17de6866432,2.7720196e-08
b12b25b80fc136c29c9ae0cb3d990c57,0.202619
33176bdea80a279825ae5364d528d89f,3.9555186e-08
1e9d266125db7aea1067614d37111d3d,0.48955107
e085a1a1288b4b8e9ba568d607479781,0.28994194
71f6d8c09effe125270a36acd3f3a376,0.45878592
46331cdb972a73924574a8d3d8d3818d,0.049773227
076d100cbb90025e326123eedccc7acc,0.09127676
15dca3243b61f4c960adbc884dbc0f30,0.52878153
0c74c8af0445033894ca464edf9f6e3a,0.5205318
601b160dc5a8ea38ce3c6ded0b6bc72c,0.6319582
4b22ec52a9669b78cea36c08eb81a91d,0.9999984
d1053ab46abc452d636f6c92c58f1fcb,0.11653827
083fc7df131acc445043d166db81a084,0.9997449
e7d36e699b974448a2a0fe200aba0507,0.036600158
6e5aecf88e1817dc803db4008fa5a32d,0.19735435
c4f54321dbcc03ddeead7c6bd12b0ff4,0.02632403
51598b6e1b8bcdcc4e59053851897a5d,5.7710713e-05
7066380cf718e3ed4b46026b49b656e0,0.025385812
3d02c911ffb55a9ba15c2997ad8a7324,1.3028412e-12
16303a7573d21ed1acc2254f8f3dd39c,0.022841424
9a5378d666c18496bbbecfbfd5b53749,2.772359e-07
b6c75dbeddb553c4c2374ea798073dce,0.00028074207
7effc205a8030e6c8157089297313dd3,0.04208085
2ebe120b5bfb1d6dee0f16126177bf3b,0.0012113608
49608de86cafd1f9fb89d6e0b2e8ab12,0.013986034
38641ccbd434abbc16de0454f6d0f0b8,0.98413193
6939be70df2333bc313c118c8484cc15,0.7287366
5a28e2d17d04513763a1358891ccb642,0.011815118
6037e0a80150a1b67248731f0333575b,0.011755576
17678b0acecfcfed52fbccc028ffb5d4,0.92469466
56ec37768a2e964bcf72e81a812065ed,0.22957675
08ce4f10ad43c5f0dfc3c3c831660006,0.036570426
4f07ec9eb19dc53a84a6fc5ee8b2cfc1,0.027927812
de706d181c00b8f0735b9e9b9ed15fda,0.1955009
510af52f650dccd65692b47e29c3e982,0.048991673
74c16f3c0990969852c375348beb66ac,0.9071253
ecc17554c0c6ec6d88a0029a9c88783d,0.02241661
a7edcd4d6912946e88ed73a669f35949,7.868973e-05
42f344f0d496ee93e6aa46f31caf4ba1,0.1973323
1ac720aa520ce95db67ec0c23052053a,0.00015036964
318691313ef71e6c2b946cec88d14d20,0.011611392
a159cbc9830f68b2842e7e8b5a671c0c,9.591765e-13
4cb82cee047a82591475af5176d581ac,0.19835259
47c338a5157496d3aac56688913950df,0.19832079
71f836aba91d833d8e5b23f575def175,0.0008145377
e05574b5f994699c792184cd21bc875d,0.19733743
cd302427caa39e810e0bf599aed593fc,0.00019853069
1f7d7f8d944442f3ebc12889afb2fb7e,0.059788078
f8f7f0174315487103ae47e4ac1f7045,0.04000719
90fc37316afbbe19259c18fb0839de04,0.1973476
398a50f90c845477116fdc153316c02f,0.82933056
e857bfc82e36e6c8862532bedf12e8f8,0.20745948
b82b44cf0aa655180dbfea2a30ee7408,0.04314821
541af14e801bd0ea7c47d3cf6cd0c821,0.023013558
3055a9a43b4c1ed4ad006df6f624cad7,0.118400656
be502db7c37a02b471eb520a9f41ff46,0.09824179
6b429be6a22428caaa3f1f6116d760db,0.015321301
7b2095737d30494bdee2225272db8197,0.013328483
b557c2585a99ac526e582ca1537e24b3,0.966512
b60a9acc97b6fa64647e3079717c470a,0.71125734
6d1b3bd814abced6738a87fe8e13b290,0.0071904906
8deef306f57aa41916e19215f60a04e0,0.020495744
088853f03284292cf25d5a44b3dc9034,0.17956448
5c701203940b4fa297dfd437c2372503,0.02305683
60dc919742166774c10302b1d4acfa45,3.307597e-08
3b7233942aaee43945f4226c77d5ff43,0.011616571
a9ea67a5c4e54ec70f7e1e7f04e2f99b,0.05629162
d3489d3cf252019cfa884cde0d0541c8,0.041656263
eb0a8081e52b0dfced0277b9ece47452,0.042614907
23f268a12bb600e34964307c62fc7559,0.21478367
d7db142fe90bd6935123286e34e999da,3.972207e-08
4385db012a67e6bff83a7b0e1cb43fe8,0.20283714
6770c606fa45264c62b905bb42932e02,0.044638894
efada2fab8376e5a289570c88033a352,4.1784098e-08
2ffa4c2b942a268e76b3009f63521213,2.1917357e-08
b0b2a07559ee98fbdb44d15f9a5ebc6c,0.032216415
49ad04996602b55b010c9afcfe26bb5a,0.6379899
7efd050137a934d3f11858b239f1ecfe,0.978697
db445647eaaba194983ebb30c36a4c56,0.033242423
9149bcd272ba527b5b4755db87a129b3,0.09667372
5e8176d953bf804a8fc8f97c0b42329b,0.7906147
29a7d9c5f6efdf915b8318971a727728,0.2487179
923b6ccca43375cd23b02e2fdebe7aa5,0.030448904
6e17e72d4c15eeb220ff2788a6766e68,0.14032595
a991ae981ed8e568143002e16a501176,0.027977694
eb6d07f4be49c88b6db6572ef956d2e9,0.23088303
6d237e6fcc36444f307487c2e1d71477,0.0030121517
ffda5ffacaf09bc460cde2a7c1ea5b69,0.0025698487
f49cca036f5f382b9db1865e874fa6d9,0.8552591
850033922d33948c6063f14c7520f1c6,0.00034902367
452a90afd568fe041a850013418d9081,0.027942711
245d858a022b3ce984fc12d745e0d38d,0.19733997
8f600fdd143315505dba6a1a317bf4a7,0.28422576
b836a14e5d5f3a1ce75cc7c31fc59a6b,0.7761351
0615d7f5258826803864f7f2b8461690,0.039806213
a626768aedd7c77aeb15ea2ed6554f23,6.540791e-06
853e9f8ba3d4346fcbebb6e33bf53c0e,1.6647331e-05
9f861c709a438fa4bdc90ba354286300,0.026639622
88812dbb4d5a0fe1a94fdfc240c1569e,0.032703195
261f3f70af6f4114b6fdcf029f12c1d2,0.032291595
8259d5c0c8af4b2310ca0b4e69271d59,0.00086715975
23c349f85228c208061c3f9bad8aaddb,0.12023612
748ecdbbc0b44cfc713b4891c008b0f1,0.5168984
bafcee076b61b560f269c6e8563496de,0.19734056
dfbfd2cbacae947b75e85bd7abb23b73,0.4722639
9ff5c7c8027910c496956da29623600f,0.038518123
95cde788c46ba7b9d82ed07281109972,1.0784393e-08
290a85c17cae48ec4de25b0138d61d13,0.028196359
34917e7b4b6e9d6d392dd720ff452658,0.08624109
84b4e8a45a786005a8674d3e4bd6a95b,0.01165094
9587858ad4427fe2db00f5ef530bc4a3,0.0030071011
c07eacfcd6a958dc8b2c48f3fdf56fb1,0.1983199
40d509724cb030c6d7939ee446b6c384,0.01231805
815b16465b6d6af4eec86e6b94d8a3bf,0.16923618
251539fcb5dc6ab575eb6d42e65cf879,2.5895328e-05
88859a0795289dfc42b8067c0baabf2e,0.0023791813
ae6006ad0a90e16669f5038536bd9a1c,0.9852427
3234e5ec73f60bdb2fb42cf33eae3e20,0.038576968
d69e5828d6e2eaf97a6e13bac53a1284,0.053566
7e64e8e40fe4409826bcabcb262367b3,0.49390203
f4999c646611dc8dee82571354f15fe1,0.19734244
2495af6a00062333aadc39dc06ae3842,0.45192575
6b2f7a8735b698b5c9b14b2157c564b8,0.029557493
4e0d2212868c08cf76ead04ca04b4953,0.0011740027
8f3a4e88bd73a515374d29eb72ef2ba9,0.043341435
2246cdf34471524e0dacc39146944acc,0.19733852
97c5a198c296142756baddb8539c1162,0.03434561
a000459503a544ca65b02c1f6c27b86d,0.20755473
41d2ab23fe68836347e959d79499041a,0.0353551
a0ff07ec3747f547633b49d1a86f8c41,0.08398515
62a63d99118ea915a8c0125a2061dd80,0.030078089
3584ce980649aaff11d8b4d9792c72e8,0.0073660254
c10796094604bd19799dff0846a14537,0.011424133
07592a97065e174d6486b271b005b248,0.011566837
2fc9c527f1f80a6318b5156053a54b44,0.19833866
8d9aac02c370f275cde0c1c635761cc6,0.011701786
4e931835b493e6f0905d9f64fa91c022,5.671698e-06
fd10f0ac58d0d2e2a35f82f283467eee,0.42488742
0dfb3f58e38847129e415d66bb8d6d0d,2.3377293e-08
1216487a086dc8449101bc30b96162aa,0.9837862
99bbbbe7c72bed90e65dc750dfc4d4ee,0.5199846
9523960c5cbc0d615dd292f496040c97,0.04918786
4f911fd1d0338df8a99ce04b02e0b98d,0.6706673
48bdb903a3117a222d38f6e1b5eff5dd,0.55589783
d6980a32514855a1f68bb1bdaf010abd,0.6900132
31cfbaff8e91c5920742fa1989e76271,0.0012495939
b31264695d79beff1ed5ca77ad513286,0.07954006
3384e53df0a57627937316b9fd0e0770,0.28363997
00c0f036c388e73590a1ffd8a9110a9d,0.41307706
12d50d7102d45817b7c9bd7418f869b3,0.025299465
c2c1b06033dc75ceae04a62412b549f7,0.2894948
6fd5a772c8bc2f2b76e3a9d936fb4a06,0.012685372
a8f08410cb6b100a62c38d428fdf3810,0.5103535
a9c2cd975f13c94d17c26da0827bbb7d,0.034913935
9dfa347c98a56f82d56d74978c9acac8,0.011575328
bd750e678cb167672cb6c9a440e9ae83,0.046752803
33d1b5828d209f95ba18b252a40d5a63,0.9997139
de0859bb73e518998c4cacc7dff5570b,0.24521522
304b0784fc63bd762b8f70d52c7e388e,0.008634696
11ed46650533ec33c789b30adac69ebd,0.036451332
4a3846dfde086499bab935e5c4a4dc19,0.049770992
aa10ad52f726cc12e7d90852985545c9,0.89277536
d0f24f2ee5af0d7cd2bd0cbda8469fcf,0.04336382
ddb01751dabb527a6154ccd9eed8ade9,2.915535e-08
0c096ea3bd3ce8a80d75fe2ff4b3241b,0.1506451
3e040e750f89b1ece015ea6d91a6f51a,0.18820967
7231ffef186aeccac04a6e4474fa50ea,0.0071787364
4165bad877fbb0e276902e29e20eca65,0.0528334
a5b4d2c605333f4b03a16099c276fc06,0.09142715
ca97ae99504ec7db53e0185a8699b255,0.04509313
e75b90dcfed83abaed14960e67cf2f46,0.4901267
65a03648775a1a626084bbd8ddc5070f,0.047271438
2b596056f0a5b65009d3978661d67ec2,0.04440458
738d8226002f803add50ffbdb761298d,0.0019223407
d5c29fbbf36351e6b8e10997c9eaa79a,0.11428001
210f21a8f4e33409d44255a924b77b93,5.5451557e-07
fa89fd3be9a64096af3e24114ed44f76,0.14136533
7f3508d9468544d3123e11d58bd8b8c9,6.0490535e-08
984690f451cea89013b32f90eb66d8ee,0.003537055
7436bc74ecc509f61819f8d61e75a950,0.19734287
6c02eb828e2e87dd9fcc2ad6c974eea3,0.014575429
1efb259226495832f0a9694842804660,0.9913434
911419891a2ed2fb4b0be6e655ea6aa1,0.79983723
4442f9f438c9e5f5bfc835e6ee381f5f,0.040698193
bc10c3dc7f396cb7055a6d65c6a75c17,4.6160643e-08
f5aa51568e2b1cc0b07105756e3a70c4,3.522534e-08
f3c71cb45b42620dbbc985b6f36e8692,0.004487983
340909a4ad9da04571f437945827bd9c,0.50182134
14906b20cc558c44e9b7477a009fff8b,0.19734457
2facf97a2175e54cb3e6226968c04434,0.0059116064
2c2dd8e983ef79a827190e4314c13a47,0.028729048
dff616a83a4d168ab90079e51d0230ed,0.98788106
5769730bd68a8b558a6932e3b765ad23,0.34596458
ca14ca46b76be501ff2ccc309d20acf4,0.19733837
181738ac61a22952a52252f5a378aca3,0.24328509
ec6cfd2ae2859766e44a266a8a43234f,3.4579554e-14
b5c63b1eddce9247c002faae54c49dfc,0.48505774
694710cf2c18a9f3fcc029a25e3525c9,0.19833148
2c57dbbb781d95b02a731d4902a6780d,0.12993178
8b92132e0db614f2dc26238607dda1dd,7.988533e-13
2eac60898eedede3066c4cc81cb53e8e,0.2840321
470849f57143825e0ed0353b295a16b1,0.9967815
f5ada7e4da51e9f17602ab5da42aafa1,0.05041098
0d3e06a50be5a628c3b205eb98c4e0bd,0.07006832
7a302311c495b4d570ca642214299946,0.99951077
5cef1ae71529c3c01c16160caace251c,0.17893025
010789ee6f36b920bb9e315da0b1fa1c,0.045270137
b150e59b3208a9f06c2e114bb186839e,0.022999186
c4683932a63854ab5962ea4c3e18b032,0.005642818
0596f546854dad0e042b5b99e672fd01,0.9831274
35007c4ba4a525165709015117c4ac41,0.001213697
c9e5dd3a8412ae62735e2e0a97460014,0.026844615
a8d836c891248cfe6bc7029c3dc6aafe,3.8414987e-07
9b8e1cca296c6843af36bee657fafa80,0.037031222
44dd5ee2b2f63b9836055398503984b0,0.06399007
f8aa7671b162e2406ec4fce1e28631aa,0.49274993
a608a91ec75ba9dfd37d4c0e01c7858c,0.38669786
7e84576edf73945fad4181b405932cc2,0.027943473
0954e2aac9f84d7a606e4eeec88d01d9,0.028911978
62ab64560a61f1d0f5c760bcdc50960f,0.007405826
ab1be65dba8ff2d578e7889d1ac8f0f0,0.068240345
d29e25a9137a9f46506951957e9d87f8,0.17507744
6fe15b2b335b77b07d490f82055be65e,0.035250418
9d91b52e215c94743a363b4fdc75582b,0.01267944
37c87c0ad65f372afdd80179616dd39f,0.1973491
1ddac08e86e733110524a832c9c800e5,0.2643472
e800305643e2fce1f48b3af6c3d0c66f,0.03897408
6c5616670d0149fccdf2267d8d82372c,0.003146819
406d52c256b636bee42458c4f3fdfc8d,0.19832863
28daebcb43a54ddebe0a3f4bf44ef4dc,0.020448973
53bb137fbc1df2b7072229de87c9e5c9,0.20886798
62b49d00a0b3357906c9cf97e458fe44,0.19734485
990394043f841a8ca398fed346d87072,8.292722e-11
960ec57ef2e658dc98616fdce5edefba,3.71329e-08
920083b0036f3659849fc67d52f552ca,0.30749506
7c40962497410088697958780f24b0cb,0.010594454
8358ec8ae4d80450996947b76526549b,0.68062055
23ba6264867c529085c766f6b984db80,0.29638588
08ede2e6e76726e5836000f1b672e5d1,2.758678e-07
66a8afb5364515dd9a32f45d1236373c,0.04262402
65b2b5fb2a858b07befe3a5443195bf7,0.0178706
688f052ffc5ded0f5641f4b4ad530f8f,2.7558815e-07
0cfe37e892b7e868c6838dbbe604ec31,0.126532
a65053c661862e925484ecade1c4e2fb,0.9833687
bbbb57329154146d0b903f9c6720e4ed,1.6609261e-05
64c224b7f016cff089a17a07792ffe63,0.35904863
c9cffd6ea277350059eceb13b1c554ae,0.84713155
84431533bb5bc4758b65df96f589fd1b,0.4327469
94781986214424564e558af8810626ee,0.99961776
9f2607d288b45a3a00ca89287b17b43d,1.2914626e-12
5f05f078a254d07bd3b9ddad77fc1803,0.043380216
2aa21933def2897079706324736a29a1,0.21559997
3c986accac59cbd978d7b9bd852707b2,0.036973953
7bc335b0f6de1f1cc9b501096b4ecc38,0.00016272861
bf3d132d316a6de4e940541adfde5ad7,0.0024276064
f6ce8ac7fbd3a66f9b57070cc528898d,0.047687985
50b5b106b611e92320d643b9c4ed247f,0.86173373
6d908cbac694e023bc58be7b05cfb826,0.7117914
1c5fe4af6feaadb5e542b5d1483301ce,0.035674866
edb8a575c57f55c744902e8534cbb441,0.024632933
b15574eec33d89f582f3ab5bab8d8ac9,0.41084194
947c31b25d2246a1baea5779f15ac1a4,0.03302291
2d63e8f0ceacd85049967348924f8954,0.37025204
b07087b955512f056cf8a6105aa95e6d,0.0033395078
ca26c265092c5d02c918afe355f9f1e2,0.14346108
e4b7aff09d7e03b1bba7aaf0a099c655,0.0059237545
b4db065dccc8d7c2c5173ed069310aff,0.067229524
3cd34ededf6cc3a5313222918ac4475c,0.19832595
3f5b2bd886003a2faf935d2fc7c83349,2.3404048e-08
751b9a08e5b39adc6d0dd17c66c02c14,1.6981122e-08
f28f62cbf3eaf423f16c60913ae33a8b,0.20747986
20d92d5c4eb28cf5d7bf7b2278be4d7f,3.0650575e-08
b13e2bae690d882bc213c3f5b9972bb3,0.0074983006
7d85e022077e7ee1be8b38798f9292f6,0.13045451
156717f48b1ff0f4c94b6fe039354a54,0.021237697
eaf6092c4440c4fe159fa9617fc175dd,0.19833209
dca38174676e1fe8be8ab6da544e4ae6,0.09898422
ae27a5bfb6dd600ccbf4104113d33d32,0.057029914
929236a63a3bf494dea0a5c410d5795f,0.05111438
7133ada67698875c7703415d69bd7ccd,0.048040163
bf79f38e0338fb5eaf8301cb5bd89829,0.022207674
ddb44c1522798a92a7eff10b728da959,0.2615115
c24dd1534eb19733766f66205e368dae,0.050595738
acb655f6c80c93f9ecd2e9c39411984b,0.19734801
7c0b42eb706ea8f840ecfef80e0abbad,0.19732752
0436a4931ce59548fd21f85315fcd073,0.0661147
4c825829fc5da76bb8c499fd7ebd87e7,0.0012069058
3bb3e3ad8faa32da45c9b4a50b352fe6,0.0075974925
6af959fb05faf636dbf4e688b1e2e6fa,0.032403447
ad6611cc80601738e92647b701bb95f5,0.19833331
ee1e843cb0f1a4f9b9610d753d875a83,0.35817108
f2a34a772a874dea4afa2eae2717ce36,0.011477421
0dd0a7c77d6282d9c42317193e13acfa,0.22988804
a19521d998a30de9be8871fcdc40deb2,0.43054333
d153cd87dca2d0708d9beae6d06f57e8,4.9728623e-08
4e544d807e6acb76566b53fd8ec53aa7,0.039513595
e9889943c2c73e10425743f42aca246c,0.98374194
0a67d5a5e82c95a3d136f977814231c9,0.031173155
aa698538795961ece7d6c937de6690f8,0.03810224
d6a1e933ab3ed8bf52f962e335539505,0.9997495
30404224ac0d2f41bd53270593af8005,0.9754341
60b4e1e0d5d03076f6a27c91711dce76,0.42954907
57b495bf9063119a03036fde5475a81f,0.1970667
4a2167f10fadf5db5729e66909728fba,2.3562993e-08
2447a76545716a5ad381815c6c2240cb,0.17173693
fe49462535c50c3ff1572b36a52f9605,0.23618658
64228b8bd37fd469685b12feb44b22f1,0.4424259
1c99acfef651c9d5abe2958e97d88e39,4.0285023e-08
df72e701cbb32ebaa98c42117415c68a,0.038255636
14c91042fbd40ad01bb46c3ea738b7c0,0.039929863
ab107685f77cde5c31a54cf9c07b98ef,0.34739166
09930eeb46791fd37f9bc5d7519d01ef,0.6125709
ab5af4d8fd46054047e3b23c82009652,0.04069102
80ddf608316fd6e50fccb3f777f94214,0.04242357
5f95fdbc76bcdc5f5eb9b695f8322f60,0.478853
94a50a0315adf9efa73a6fce6bab5e09,0.10266514
2f180d77a748edd128cd9b53a00eeb9f,0.024440711
0fa91b8d3f40c4c7b087e6e55c3e62bd,0.99822426
fbbb396603f12499afb96292b287ef46,0.09521214
9fbb0c7cc252219558bd2a27a2f38fe6,0.19733974
ba05772d7f300660bcc797323e5830ee,0.25982463
6f7d025ddfa95fb9966b5ae8f0b5769e,0.034758907
54ba1f1d66804f51b8a0d7e0c2e56a47,0.19833808
a8e448d822d9eb2fae1b707fd91660a1,0.012043483
559b7e26540123c887ba400a3510c195,0.79988354
ddf0b1c4070dd8ca8925b04c67e5a00d,0.19734535
3ac3b8b9c8ba0f45f638d27ca881d5d1,0.0075073587
9c75fb7af4a9f802fbaaaae80e20597c,0.33150277
478cc33f7c808c4674b8be11c23a03ff,0.19733562
d9ab54b3c8945ee3ab7678d307dd75af,0.199091
87436e8253c0470490cacb3b2d1ee8dd,0.24244718
8c685e12ff86f27b833aa3839890d21b,0.20978642
6cf3b00cbb3627af68ade388ad8e83a0,0.002575046
ae52417492fe0569cab8f5cbe3f91666,0.2996772
7e01b770e87f47d8c515a6f3861a6e75,0.0012368872
4dd0035387fde034c8f70da8b910909b,6.7859524e-08
d2afb52dbaad34d1e09d8b1e1408c0cf,0.44526023
9163c85fcbe148f2a929f7875b39a444,0.009280154
74887059e54892365436018ca6344f59,0.002556893
7a15521fcc9cd17c63279bbd4d6a9b79,4.227455e-08
65cc569c16f3865e785c4fdffe38dd07,0.63313764
f6830ce25aad41682f76418d7e675fc1,0.43942946
622f49ccbd217fe57fff5d165167dedd,0.1133558
d0e7030dc25e107048c8dd423c3ae77a,0.028011981
1bbd44f09af743a28a205f690558ed98,0.001313614
6b13994fb989523deeea3e6d91a6d673,0.19734026
f4f70a13529a3214d20ec9d5aeb38be6,0.03683772
8e5fd22c172a6e88dade83ec1d494989,2.4360034e-08
849805ea6e2b680d982b98c37c66f7bc,0.16214898
08510615d0cc1fedee28e01d5e368e26,0.64723605
f9509962902f15ea10fd7c6621af3a91,0.29026395
5c23ccf619afdbed6334be808a25b19b,0.0667032
b24a3818c938b64f0aa732cbb8721c3d,0.0036542981
8915887d24a944da53100a4ce1ae3ebf,0.03782178
fd12fbe310cb56cd8629b3de390ad157,0.13315043
7b9c5d955168a8a9ffd7ed57edb21ec0,0.007189314
ef7d8b076837eb2358ff48eff2a32eed,0.99973166
9d23fc3d734e7b0103be97c52d80065a,0.2583325
15e621d4ffe4f97dfa35eb853e3dc707,0.6039997
ba13598e5e3c7df8cbd9b818500f10cc,0.5749927
0c8b60f33a83bc34b2a398ff7a5a5ea6,0.65739506
dc5d634de5d7d95dbb1d3063456d0d50,0.45987597
7fae41b10ac51536cdca64073d539163,0.012680587
1c55d02c242b1cc6ba844666d4837245,0.19834164
6887d00aa18f04e9842b074b0021283d,0.007600516
7aaff33357b12884e54fc863cbfb858a,0.9841469
22ccde9d03713e6e8b402111ee42496b,0.8152892
7f7ea66e0fe5950511bea0400e157f57,0.73194367
61a503f1361198f14e31d64648515d0a,0.19734196
ea5c4a912a9454bec895a614a8c442eb,0.8086325
47f324fa09250ef7ccd20d1eb85eb32c,0.8240863
6fdd0d591ee6cce8098068bec34abc38,0.035769947
f2c4f4d55e6b93ace4abe45a22c14892,0.6920076
49d991621def1fdf5012c3edf9cf3565,0.19734402
f69a63d06de602f62ac5ed12a3c535f4,0.40537348
1c0dcbc8f08a45e8c47b3dde6c9ee8f7,0.0020044737
ff672b6d51815ef9c86e163bfd23f1a5,0.870273
02019e0f0abe030dcaed88525bcf1bb4,0.19833282
9c52ae96a008395eada1cdbbc3bc7ac9,0.047135986
e9210abdeb54c2a6ac37ea796c1eea54,0.22953697
119535ba6c1e02226f42278cf3b77050,0.5527135
cd4e2d93662e37ee2d45d7f955e8dfc8,4.512004e-08
d57cbcd31a8e68ed91b2f3e07111ae42,0.037328932
f552c92ce0b2da3d431a6c3614a48de9,0.51667833
3edf4e89bb158ec1dc3cb92c596de26b,0.40255556
284cf4799cfc85e0a9a7387ca558da56,3.8036808e-07
e36e7071e50f896869b3bc6010e0224e,0.047584884
4bf6fce9569f74aefca436c0ab2ccfde,0.19894905
25e919bb76dfaae4a92f5dac32f67602,4.670401e-06
b60502e474737f22ecffcb7803cf7e18,0.197349
908870c379dfd1fb3fe686099d5ae2b5,0.048605517
c0c12bf2919a7f17057c59e445cefd4f,0.04974591
9d27871d7bed7a20940df06980c1525f,0.038467325
3adb69652dba62143477995f55aed246,0.048749574
410f4205747263b40188cc7d495955f8,0.15563022
e74d7d6b0280643d28292ca03bf1c774,0.24777846
cfca78572747a40904114c3f9b1242ba,0.6128508
1b75cfaf95683d808b2cbf4358b88e4a,0.001145208
82ee3feb408dbcb799b88918bce19f59,0.62335336
7c04a425db6befb583bf664f7ff754ee,0.040094145
9ae9faf353cc96fbc40d7a87ff3af974,0.3783049
4a967e15853494220bf3830ddb7c13c0,0.23143792
1a8f0ed0b4d7f6b07ed8f690d2beb3c3,0.99973935
cd237b7cb9756fdf11a80a8445d5e046,0.9704727
775ab9561a8535f8793d1f6f55587f03,0.03764348
2e870a6bd58d27dbe5d00a722cf27381,0.043552984
ed771e74da9fa7ba134a36000065322d,3.3084383e-08
4f2b6bbb6f091cdd00fecc766c362182,0.044934135
b32e4d42f4f7f557f651e7bf8a179309,0.009660394
743203f5a16cf5f8ed8a054501a95786,0.1865956
e9d47f18924b4bcf31b85e6f934dd578,0.04589099
f48f0e604aa91bb2e00756a04196e658,0.0007931236
f1b1c1f556e67aa73c78f4a4d5204dba,0.99687064
bd26ee38cee31ca7d7dd996091a0b7a6,0.04823403
19287806e8d3c00175ce3074df6fdda6,0.038086314
e99aab9acc72377498caad2f6e2a028b,2.747907e-07
70b3f776cea8d3a50b1ad3ef65a1c1e4,0.009473398
3aed815aa4aa1fff6c80f6bd875538d5,0.044194214
a3f45e96fae448052bd1c6bdecf27bc2,0.008595945
8e78deb89257ce52d41a0ef19e0bd190,0.0001159465
36e67d2fa570d7ae663774089b103cbe,0.015560555
c5cefaba642074c9debc22d1e11a2bd8,0.0008959475
38de06f6be7e9c841e9a20e8e0e35af9,1.8537623e-05
e7312b9fd3bc0b8cb390a1befbb80d31,0.19831243
2c2432523775c03320e5c01f6929338f,0.0023854882
71505820671778b2281d8d352dbb4474,0.004935723
5a5175a91996b829a9df01135222ff22,8.8951796e-10
ca607e035f28e1fa5d4db7d35760809d,0.43593445
30ae34b674ff958b00bb6815e1755b15,0.040981766
065407addd442499ae0680c77f8775ff,0.36427528
20f67ec696c1bfbbafbfdb08511d4d26,0.9824139
a70975ebc3f739cb6686f7b1d5bcbfa5,0.9995883
95de8012301c484223a59f5833b367ab,0.19735077
88d3707ea44b13aaaf2267673bfc6b27,0.19833302
68b55866c5686bd528dc518fcdf0a9aa,0.028300792
be9281e806820fac3fd847d86d01f838,0.00029585755
f85bcc14d30abf40bcd44451d7d935f7,1.3191362e-05
b27d37276a8496beb07692118efd9287,1.1178664e-12
ce1a3dca97ff0078c881be087ef976fa,0.038957454
14aed211d675c954891c6defbae12b06,0.0055167894
d9e182095df88e87bbd86a37762c7d85,0.34954017
3142cf0caf8a1ca7214abf12bd0e1e4d,0.9828347
1de2da7e81fad7cf542b5ac3e295da07,0.011696349
6b06f302fd1ca5cdce6fe7449b1c603d,0.33868393
dda118c3f4ad6c80e73852ca4d87d104,0.0024708982
53228b0a19bd55bad55a880efd4c4d03,0.19734344
a03a2ddcbdcc0651b97989cdaa021202,0.30795306
397a3efc53eda2c510038ee2d84a4787,0.8927186
56203897e1b09fbedc87d59440a0a259,6.7810376e-08
ee025ea33776d60537504cefde7d6615,0.02380849
c2a2c07304fb5630b063af5b05fe583c,0.45674652
204470bb4df1f3a9743354972fb838d9,0.53940296
e6a87d68710373825fdab686054719c8,4.2224972e-08
056d709ddf4336ccddc82ade971a7853,0.029227069
68bca4b76cd7874bbc8bd5537cada6db,0.19833729
9d1bf883de894297d25cc595e98c8b23,0.0006836288
e8c2b7b631c6951d78be0e886af81706,0.04460541
a45efe8468cdb96c772777bf67f172a9,0.19832589
cab957bb14c1bd1041f6ea9c4a711041,0.0010403101
454720ff0dbae90e7664052bd16af349,0.6210292
64021d740b12d546365581330877a20f,0.20053387
af6c27194e461bf3b7fc3b969bc3625c,0.025562648
8e4a95c777650fdd8f4190b296c654df,0.72885334
200d9bb68f63774e69f8de3fc4f1b4e5,0.37857145
90cfe2427ca0d19af235f43e47480a12,0.100790106
759cd15b64573441380daa2a62baeeb4,0.085909
d901262d34030963ce09065b2f00a034,0.00699932
f5758c3b82a5966f66bdeb4a0a29db94,0.03859054
5ae96bb98862295123eb541819b2c3b9,0.04532496
9bb1877762ef0f62aacc8efc8f0ae427,2.32872e-08
d35b2919216b7d32b7e8b340f4065ef1,0.19734941
f62fc9727bd26bb2dc40bc983a4d4f7e,0.19733573
bc559e0c5394c6deec1f15e1af1d84a9,0.19832781
8fd52c639be5655b82219168b62a8194,8.185994e-08
50a7bfcb37b976a83198d898f84964ea,0.9991997
435de54c3a96c20f0fb2d39db51eb297,0.044165302
70bdffd650db0e5233e9dd152fe5dc0b,5.054133e-08
ac3de92b9110001e42ae970f4dbf7d67,0.10125349
16871ca920e6c22623a5a39c44eb5cec,0.9997283
c18084a2098f390600bceb897bbb3600,0.21500441
7b06b19de04e930027fd30c90268df3b,0.030479267
f6bbba3d8a60689cb4885cc82c5a0a03,0.20863625
faccfb1037d77c5da5be6b076b666bf7,0.011560319
52d4443ad4333ed525cc1f9ad8b50a7b,0.0076285414
8582227de57f36e342ed4ae1f0f2577f,2.500489e-08
f5e4601aaf0ef312297d630ae84f3879,0.0085247345
e9dc9494bec00c9151e9972a4428b12c,0.13174088
7e66daa7168666f8f2d2c290be59aaa0,0.13631466
df9750a15e9356d1181ac059f815bb90,0.63471985
02df393586f155e36f3ac52c16e6d673,0.79992855
bc953f7124b6516cd04745d9cc61ebd3,0.52975684
58d99136d2e66c8715134338b38255ff,0.002408923
999e5e63abb257197bb5e46b6eec2e51,0.0075129033
320e0f1733777fb3ba7163bafda4dd78,0.073223636
945da7e62d45d89f238ec31219649147,0.5363288
95b8ac35f2fc06342e9feeb5bdb0d0cb,3.509951e-07
e2e6af9894edf38cfb8f20c68b2c293c,0.005986967
a0b57071523e337d3bfc67af3624753b,0.5797033
76a3d19c0b91fdf15ca4c3ae20051e55,0.061278827
3824497f2cadd900e48cab557436fed4,0.04214846
962ac371bc41ee3ed62f88c0b13bebac,0.03497482
8b22f625b3167d815f4656df6174053b,0.9867376
f2bd89a3863d72c2bd6743f1b304c2a7,0.13970777
cac230adb2645f5193d63ecf70a009cb,0.0075386604
38e8a4eeb18077df6aa48e6c54023017,0.03437084
93d63abe062aa55a7ad4b06303003513,0.1835538
d96e6787f4ed45dbe7658f36c118c9b8,0.0023835036
8d97f71457a0a2977a82571583306c26,0.28930935
18e612312dda929d462d4cffff63e2a0,0.9545868
7f18d9d388773971e87d416047f41346,0.7718483
a83d969ce2590f58d816e8a2928ccd15,0.42146316
ee9bcf9b8af8f6f2d28b2433657db584,0.592271
2ab38555491a6ab01afb12991b4c5457,0.06804318
5931f6c93a042104b20c5313877d26a4,0.040126305
8105d5ab4474adb59356795e6f29c255,0.031294722
7b2b195ee729467d7cc88336dc59b362,0.21826987
85c3080118b0baafc5be2cc65f21a8f4,0.00019510917
e2ac8c546ce874e0867accff15d3c746,0.12327339
3effaa8ea37e6589b644abb22b736c43,5.873687e-13
7dc0cf7ea85b130771f901e7a943356e,0.19832839
3ce3ef1d89a3223e94429ef7b73ca53a,0.5635352
26955612012a5d08cdbbbff89e11f2bf,0.92382777
f909c389ca117ff626d1d54eb8762d8f,0.012680474
dd3efc71e4a4e5201a3453022a7ecc84,0.031503
9bbf0eedc40a4935225045acbae47028,0.9997082
725824fd84861a69bd96421ed1ead5e8,0.57972896
972dbf0d99969e785e0a070bd9061043,0.19462103
a0e67a9c77b80f921a564194ece6aafc,0.20754635
56ce47ef2a5b2acfc5128f1f5656dece,0.14238237
194b33dd19724dfdfc56b396841a4fbc,0.8589481
2cd4bb0c41ca59e8e86ec87c049bd610,0.997646
0a66e56d48bdcd94453c7924df4c524d,0.029893715
75debd1ad1325bd4d47547229e3b80c5,0.06782129
32c37a13f953789c26c061e21e79b4e2,0.41622695
697e454ef3dd9e8d48fb61cecd2cf76b,0.0068654814
e01179214b714f5d3fd0bea0446473bd,0.6626438
a3b54f8186c9eba459368cc8f5a92873,0.0009403523
6050ee7e21c615c890fb9cbeb0909561,0.007468929
ed900aaa237a9db0c99c455c22632970,0.2030221
3441f06146b59f7e0c305be6bee5053f,1.4802737e-05
f2ef6e204b5f57ef0b7da6bc89a65eba,0.19833776
ea34fb4deb16d5562ce4b566dda4c1d8,0.05802679
09c89839a94d92495d446ffabdccfe8a,0.006042638
fef1dddddde5a01cd2ed74e6c031bd23,0.09466416
ec2ce1629d95b6ae94bc48a8f53ba38a,1.2797599e-12
dbba3561026676ec800ef03296b65933,0.19833454
516fae8b9c64831f3f57282016cdd8b9,0.3414916
43188a1fa80048e71790514f8b6b2b87,0.02820608
e5140e4645a51e56a877d65054c3315c,0.3168304
57f32b4bdff09051dcae546300dc5002,0.14482106
026d78340fcd210d8904d4e406b35cd3,0.076126054
1e5e07bee84faf19c7775f22ef94d757,0.011569763
4512578a6864a70ad13546f16c6969ed,0.22963528
00809c76b49338640212c9097065feaf,0.19733803
b2d27d4c8af4a8776c3475801acbf6e5,0.9994132
a2518fb342aa41b3c89338915416b267,0.2032414
80901b5d6b6ba7ad03b6e811a8056ba7,4.4556586e-08
ffa9c432bd5418a405650a7349f115a4,0.03832736
4cdd977dc829360cd4c20480e96203ff,2.065403e-10
ea5a48af7ec9a1ea16ee096cd2db41cc,0.9980747
c549f4904dc3f9d7964dfc8522255356,0.18650003
ebff52c7c93cabc7d21b73c3af653002,5.023411e-08
86e2d7773f5c6cff586a1e951f2b98e3,0.550349
54625aaaee30c99375fbc6ba29fbb3d3,0.1161225
f4ede5d6d20389350f6aa67d77925bdd,3.8439802e-07
2f9f61a4b65752d6d4f65d9b9a8cc15d,0.21979901
6dc8170ffb9c2f1c684b23e6db7d9728,0.19734971
9e5f24b6ffd6fab88c8f25aee97da105,0.9612349
34528407e92a51665dcf72dfc7a94600,4.7273325e-08
a8a5ca3258ddcdb32d756a7c25a7c2b2,0.00082541443
1a3b8414843e657e558b270c42fccdbf,0.0008644253
73446807794e936a6df4fe0f226936bc,0.00048789466
4de71fd0e5ddcb24604e3de45b9856a2,0.20747885
2ba0c794724cce6b4c4cacf51f3303d3,0.010063381
a6d71c7aad5ca942f7bec9203077982e,0.34879574
f621bab5b0747d9b90e4704558f37f89,0.039782353
16d7397e560d1280e6a7bd6d04480464,0.14779113
56e40ecff428536f79c9d41bbecfb534,0.5762226
e31fd797a45ec4309f1a524957dee78d,0.15668589
36225a0b85c1d557b37613c054ccc92b,0.049453236
44723a0a6f0cc77dbb2dd91566e8b8d5,0.19830894
649832ad6d158974a69b90e6a1e885a0,0.0075005046
2647f9c31cf30630e0f4623a2a11dae0,0.1289707
67dc5a704224ce48fa54b6a2858cda38,0.026781093
b690aad77085f62bae39156f4837e0b5,0.19560257
df3bab49f20ee1867e252b24cab2a644,3.5305558e-07
8d1496bd2239f7325b124d5629225593,5.7309767e-06
7b17afcf2b13f0f00164d736284828f3,0.62304103
3fc45088f11cf40e69f86855994d6aff,0.1983388
8537ccb998cf1446de5d15ba8a3bdeaa,0.20748122
699acfebe7b6cd6fa93460ab707eb62a,0.02296495
cbb42a4cd4296d58fcf266066d7b8a28,0.025059814
33c5c6a1d2dabe340397ab02cb418222,0.99855536
4ed17aa968afadda241dec6fa93f7fa5,0.050180376
087b62a9b4e822747be444ae4235b447,0.012047923
dc0e9b97c1660399f04babcb30cd9b0c,0.011650167
c760316b42d079d203dbc6f03bc8feac,0.07961874
c9604699e1e7c6463c0f359a47e16a40,0.026871031
36b16e963f1505f9edd754ff653a5384,0.06312052
fc96b8ef84c65c33dd5ed0b43d765e0e,0.035055406
3ffba753784278a02be06b4312c4002a,0.0025712354
dcf1c6ed00dbbd9f159ee31e09c7315b,0.19834946
25f893dcd08407b78ab70900e029b395,0.19733717
ba7f728dcbd2b731cb37913011d481cd,0.012047607
8444ab7a62e415c08377d12cdf443153,0.44098943
c985cde50ee9c6e137c439997807c876,0.41075706
0a52ded1a3ddc5b56be018161df312da,0.9945122
946dcca939a22b450fb194666ee24ea1,0.5684014
d6da9353219c670de7a5e376b6cc57f8,1.160861e-12
02420928a10c645e07680f5fabf9a7c7,0.72887963
fa31937a694b480bab471ecaadae3f11,0.20744511
193f0fb82ad8e9b20d8ec0d33f8d0c70,0.034817718
f42c5c23323dec6888bbe022b0184c86,0.0383414
6c7575ede7326b299602fd9c223e22ae,0.033727873
91d47226138b45152b3693e2d79fd855,0.00081712083
58c8bb2626549b9dcd7ef7aec2fa09ba,0.19834335
e23de848e1ced1eb525a0884b2a0745a,0.03782049
44e0dfada43064d0028f51a811277c3f,0.3090163
89fac08711068429849bba8ba8b35fd1,0.54804456
00ba5e4c102005db1bb32f28bbd86a56,0.950302
080e4613a26aed19f66c569686f80bbf,0.00863562
1d826c8193bbba02cf44828df16098b4,0.329163
e7be37799ba8da546d8967c5e41b6b91,0.19833092
9d490019c3e67bd2cd69d80e9692a795,1.8248353e-05
fad662a16d13243f40afa420980749b8,0.22128156
2414dfbfd6f29813fec583a2c7a6a428,3.4990506e-07
bd58609a6f4ab92a119e7d71d64631da,2.1763377e-08
6339a1c4a80238babb48bd650426b754,0.19705166
484f91fceb6d9a4f24409048831dd51d,0.012822243
ed48b3507a5b8e3d2ed0d8e66c1ec54d,0.034434862
e57249d110e49228a08c67ecd882deee,0.19831415
ec4b11ba59d58b41e37c7ee440bf6a1f,0.043983627
1ea7efe461a8093ebfa36c913a940a40,0.25969598
fe48d90a23024a2b2d774774efcd9fd5,0.040483374
6782f93507f54d1954ff898e2104a9f7,0.39772293
aa9c7615736dac50d74ffd828eca64c8,0.045316994
fbd3e46d9fa89ba411a39f4c670aaeab,2.3142551e-08
3c3ac0fe5af7ec70ec84e6a503376594,0.19735047
cbff872916137d129d22e7d3c56836fc,0.0073971464
a6a0fc88c627b57216751ff4edd64b62,2.3963645e-05
ecd0e119696efb75d7900472eae939f9,0.048651226
40f1d09bfa7f3041dee0cf34db1bccb7,0.0024280758
b271cfbded9bec68c4f51a80d19283f4,0.91669476
e6b4c6cb62575921bcd134315031d921,0.04761713
1a75330341508e564929765cdea0eff1,2.744977e-07
384f5910924c2f03a59a598841762a42,0.007204648
938acfc2ded43e59047b1f4bd31e4bd4,0.030981844
83fb8825f9821875b3dcfa9e15ae85d8,0.19831927
25962b089ac5f67bd4f49bf16bf78066,0.19832885
f82266c8495681c23392aa04aa08aa05,0.30460224
c75dce2d4c246a315a8fb5f345c41719,3.6717644e-08
70059ceed6e8e1c55c3eaa5e46f323ea,0.039780535
be965db56e22268f8dc1ad19489ab21b,0.20630142
4a573bc3da17ec49f9f12dc453713a1b,5.521783e-05
1549139cb2841faa08cb8f0f32de73b2,0.00931107
c64c74d660c9d8f6481541d16dca4536,0.6480975
a68eba69578483ee5383741e892f9081,0.22585127
b9650da588e3bb7dd89fe602216d2e6e,0.26667053
4233f3435b7af93f9b9a9e02011a3b3a,2.7042551e-08
22bc8dd72747e34206e72e337d5864f3,0.022803333
f827674777a9d591ef8a64adcd5d3b83,0.00913035
15451bc252b37a1ae96d655a8ac30f1f,0.2952855
bd94d00f7da382905631d3a21dd97537,0.012677846
25eb369c98501bf7bd92cfb45659a4b9,0.30920544
2b2c3506e3ba2aef2d0c008b14ba4f51,0.02660956
2d7edf81338e9034ee4bb361f18e39e9,0.19833341
ef549c33b8f0b05fc1c2e08c2714b670,0.19733077
2482c3153958458ec09340c6d5b088cc,0.012676236
873f6756769dda7a54c78a393e61aa96,0.02885682
58c2055fdcc792cb8a5cd1e12bdb5780,0.2797421
ad9fb628cf5628f10cef9e82e5399766,0.0023855267
dc6f17dadda7cdfd65870692f46ccfaa,0.26602343
1fd9c272254079ceb30de653ee8e723d,0.022833373
3ae0814f620de95dcdb046604f9a5f6b,5.7688194e-05
56f580edd7cf65342e57ec658050c483,0.009213474
34f99112ea4a45f435a6c86b1ba1c73e,0.048902594
abc63cee7a9acb291ae16d1fba9a6ab6,0.0074203997
bc9c5614b06252945a5d43f7f0965794,0.51528037
50ca6e9e561c9f74862ff5ae4ef53063,0.015388439
e0c82e4a0397b91385de552bc3500cc7,0.06679348
3f717ae926258d429365283884da254f,0.19734347
3366918f6429a82344b3f2fb9602adff,6.4172504e-08
155526e9831f3815302c9bef2b54ab51,0.8928739
0bc1585bda59adad74745b6b114d84c2,0.033021867
3872ec7679ff90babe728cc461fe7154,0.20210429
2c3006b398993ea24d0dba10135ea4a4,0.19833991
02777ef60de57c801f877d0e1c852c3b,0.03785671
bcc680d69533218bfe1b581621ead2ff,0.093029074
e1e81c218143b1079ee1d00f62c8fc25,0.9996387
dbf37c47f6c07b4b2fcb9103a0e5d0d7,0.03542695
1e22e710bdd0f4e05a8741eb3a93883e,0.025620535
05511134596906ad968eec795a2db576,0.091772005
358a16f352af5ea0da21fcff45558664,0.9870771
b41806115e092688d478e59e78bc2fba,0.78019345
8cd5293487cea81f892baee0e3364a67,0.98029757
01355630624a98064ae03f23a4f84b76,0.22957802
ed178b01c6242514bdc2dfcf883e5bd3,0.20753391
52d093f3f8f63c0cf3efffe730476c25,0.026082868
2d98efffd76896345962c2593e624b59,2.6910588e-08
e2043421a088fffdee68e9c30810e7ec,0.20283623
0dc540aeffbbaf86fb48be96739702e2,4.7080853e-08
38af99466b5e62879601f83fc5601410,0.019937083
1fb9f8bb9c53a931c75d4b517b112dc0,0.00033685908
bf08c6c75f13888238bb5769cf971530,0.5435847
d4cad7d249c2cf82beaa7d16adbac4af,4.1666754e-05
b1ab85946e60e43efaa07fd4d97e0ef9,0.029569382
d239a646785ff83aacc1d2503ba0e71b,1.937075e-05
c2b6364fed1a44a128dcbb7d97b1042b,0.20053239
8f194efbe67b66f0fd746b1e20507930,1.2173541e-08
ad1c24abdfbcd318108ce15269026a0c,0.3251856
bd5a3f382e9f53429d4550bc5c03860f,0.011680218
335563096350ae1c1f8f139efbb1c057,0.0074398518
ca9ce3b9bed42ee664d1b87ecd5823fe,0.5421478
81551c40bd0b0c1507885483e1bbbf43,0.4215075
ad6f0e13ae67b9097bc6d956d742b72d,0.00010110084
98aa53159f6e309a392238f03b483109,1.2825139e-05
e14d536b3e786d15f6e6694107c0de89,0.6531785
5919204fb7902591a48944c11bca9e5f,0.20753548
5e63e136eaca87eea9e642de152b3749,0.14360727
df7e44df89aea427571d3dc65760716b,0.043872677
3f8e647a121f2c3b0e92fabc6614f63c,0.023377424
c5242f3846beb1a1d5f41682f2057297,0.19832708
b27490c7e1fbed88613c29287b7cac8a,0.032231256
0668b760c4ae9f68902efbc3d9a36e6b,0.28808847
e6f415f19a7c65de7444aea9ca5a9457,0.20669663
f8c7df48f6946abebf3bc5dae9ad5a6d,0.011443445
a7bd4b2a48f7a5022a4858445ff881e1,0.019541925
d8206b58dfd3de7907450c46a586ecb2,0.43252888
9df0d40a836148a3f5e741b119cba200,0.042015344
f691936a04b15a426d9c279171a2df34,6.089691e-08
bb91e2949ba11ee350230153dd910a3f,0.028709453
ff3643131b8362803a4178381a69932f,0.037401013
811c97044e96cc49e1bc7a747de98a13,0.09756176
cc46f43bf6dfefd7dba9462b39532b3f,0.011641696
c5ca75f6bddce3dfabfe2469a90c3eb0,0.5440805
170b219bc514e4bd034d2af8e8a24f23,0.07746458
2bbcd471a344ba6c18489f7fb78f791e,0.3826947
9323208d3d115bf68f8e2cf835b88a6d,0.022446223
78f9be2281555ce708556ed435ad21e5,0.55000174
9e60a9c014de373b3a3c64c841390ed4,0.38833904
56e2fa77eb1e6622a450ec5022440ca1,3.791351e-05
614c243a4d833b8dd30bc50a2cd91a54,0.8754938
99ea1f023020a67fc5111a646e873de0,0.19733904
bde0fdad4021b6a9631638fd257e409a,0.047758073
0182b1390bdf18ab91ff35fbed2f5d8f,0.037113257
49a25a4fadabb3f0c43d305bee05221f,0.9986146
675a5917fb81713b0211e889e0870080,0.07878651
708f95831590dfa91ca4ceb06ccd5453,0.0343967
1577d1c0815314329bb3ed297e35c7ab,0.6719657
12e560d1b4c47a53b7dbfeaa25590398,0.19733873
15829371c5724f0a4e6dd62f619b7cc9,0.87064874
7fa0fe2645a0073883fc97e725ffa1d4,0.68626565
b0a07b5ecd548d744bfe6b3f281951a7,0.023590347
70555d92aa4830a8d499f476cc44aff0,0.19833277
afbd1c9c301aecbfcf08c9c7013b9bd5,0.19835177
d177f88e47967ed969dfacf5bfe1e5ba,0.0046504885
4aa75eff61ef73bcd321a3e7f30470c9,0.18536766
43b7c475f56b17485d8c823a3bffad62,0.025765663
d1242485ea8e3affe867b24161b2f001,0.19832405
32f49797976ebdfc92ace4d99741dbe0,0.031068433
bfe0fef20bb9418fb03deace960ee5cc,0.023581417
4ec42c7185b425e696ca06d2183b8898,0.04257198
e4fabcbe4e46c3b185bd617736cf45aa,0.13521647
b860e98fc14129f88b141ff6d52ce5c0,0.015232926
e28d230d47930b3bffda0329ea25355d,0.26116255
c950a1d63a523a11634afff99126e623,0.30563116
2c88fbc0bce9874bb7357de3779e1390,1.5840875e-05
93f3e2b92baaf989769930a61b3e0022,0.04784092
8a36518e5430ea5e0a9f45045e36ac1c,0.57459635
475f211ca9b21124cb5e3bc3be934c2d,0.04767056
f246ceb3ededbb1a8d2100940a69696c,0.35390618
c7b9278af8c09dc19600939452d83b42,0.36929512
c23525229e62a38aaed6ad07944ce232,0.0013390372
d571e6e1636bb2a367e4630ea930715b,0.012680402
d0858adcbc86d5b2b9ece64246c67aa8,0.067682646
7113c482c9b61dd152157207e71d24f2,0.045837063
b0fdb9cbfb88a56909f2ac7ac7cb1b48,0.0017148608
d23da01604ae4e09af40b548a91003ea,0.0072685955
89f4912636597186e0e6e4b9a883c695,0.03690448
e20199217b5320fbfbb8bbb761344a8c,0.5476054
de6fc53f4bb797055b95f20e567fbb08,0.040944796
118552c4c1862478ba61af504047bff6,0.06837394
67fc42724d3fa2749cdc4c73e2eb4305,0.19320978
5b519b960859e6838845804eb73637c8,1.4893629e-05
327de69d221e19176952290fca463884,0.57850635
9ed7ec4d06a7d5364a84b33896433fc5,0.1973392
0fb8dfceeb99b997fe767f694b10093b,0.19733886
0b4e4f53dead804f91d50534c3e367e4,0.21611059
4bd9bf21d23f3d5876e47ad1b8dd9200,0.18261799
6dca3e1b11aaa9aa54c0dffd65f4ee95,0.032282293
fd8db289398bca908c25f7c87b995734,0.25735947
8c16169da9c4afa1cb686cbea5222171,0.3347008
89cd89e5586507242c623efd29c2dedc,4.802784e-08
03dd51c87eb813d35f9e6ec907ce5f14,0.0215928
6aff34d62c9e51dad02b45a0f072d513,0.007379046
2ac737762a4fb90d4560be36bd285da2,0.21376958
e524dc2fdc4dec050a436dc8a05e5ba9,0.11321211
f4614d2150d33b0bb592b428026318c3,0.0012527262
c09b59c48cf6b255f7b332fe62e8e0c2,0.012680625
6766f28376bfd3e3e9f51cba0a85c467,0.073453955
d3858ce4eb1954ac1e54122eeee4c7b7,0.19832727
b137fff4b205d540cccf36b16d3c5604,0.28060165
b12d2d45cfebfe6bf5a2802d48f94a26,0.0835861
e5b4adc0ee08f47bd80fe2f66b74d96b,0.19831488
1a843682233de206f0202b3c8105cea5,0.046114556
4d113e6fb17aa172eb0c0b984eb56e71,0.5833802
6ba3ee3c88464da6be32f34bc55b2cc7,1.6167444e-12
95e6582024b57ff4885652f76a66764b,0.9830049
a7f84977d80ca5613ad7649fde301f7f,4.7036483e-08
37e11c6b714221d97c0d4f7f8dd3bf8b,0.010514485
6e1c465a1d76a8ba4d912c91b8872e8a,1.083817e-12
afb19b21a09c3a9ea8fac9841da0fcd4,2.5797629e-08
18ab82416a1c659a5d07f79cea77fb5e,0.10041641
dcabac0695a9ff01355d34513c98667e,0.033819895
3788ea07b2afe7bfe89ca1861554b3f1,0.02617617
1613485e6d06a2e1bddd56fd95159fd6,0.99957657
4a89402bc2c03a67f52df78211b02139,0.012686011
c99e9d01743ad7e080344003b8f6b6b1,0.012677232
a72e63a3a77045c2ea2571255daf322e,0.1785237
97d7b904ff9f3286a8e61d31a3359aad,3.885555e-08
2599ed707b3ce553d3696bb011685bdf,0.2295655
ce8c47ab346ca7ba7b702ab145ef36cd,0.011903934
9b2c022d9dc4fd279096e3cd8eb974c8,2.5231259e-08
d414367e52416590195ebafb2f4f8a74,0.046437938
20d5bcc93018bcc3e0403e992c2dcd41,3.7134505e-08
f1145d1fe4dbb92943353d5eab9a6eaf,0.044878893
4c7f4a47a2ebcbdce347969400077404,0.00030473885
ce9da91aae0d9f92524ce28dbacbfcc6,0.29714295
1e14a7a1bab995ab44c67a7debfc41ba,0.1861874
f8fa0dfbd7f850d4627db88616bac7f5,0.32776055
6f58e49c7876b0da8e3d6f627a9938e5,0.026360858
7fde731d163ab3487130a9378d805ccb,0.009015071
a2d998f63b2de76fcc8360df28f0afc7,0.03951917
cbad7e9e82852b1345e1858a9ff9429b,0.03502538
82013ba411b910af5d3b2cb5b476e1b4,2.9721483e-05
449b1a82aa42eba6867ad2cf260de8ef,0.02518465
5e4126cdf846d32c52aacb8f202dd0d9,0.1412546
318029a9c9f9004287add2dd4a5e063f,0.01900519
40157dc0b1421c17d843c3dcd9fa6174,0.9630064
74e4b4d191d379b2840fcfc0ea7f3fd4,0.19733556
6fcc9bb7c55d66d1560a8b2329322d9a,3.2550723e-08
ff06510cfa363448e6b6278056cdaae0,1.2968722e-05
6fcf7e5e081c8f2009a7591d6158eace,0.011752635
3b89e9a18e1a522b75778a54a13dc10e,0.7543425
088a0e28df6529aebec39ef0ffb5aa2c,0.011787001
29543e2cab4935de46639b729e3be20e,0.05038964
008688862fce19fa6e5a665ef23ecd4b,0.0011318084
6a580dc4f8f1eb22f4a88fc29a43e097,0.40727872
49fbc614b810ea23170e33d826e87504,0.20409426
4bea6984fe20c8453926d50f2c187fd5,0.05254043
38cb05cd017990390c6ed652366c1ee5,6.119573e-08
e8e50f8e8c3f7e7ec8a40eba7414b7ab,0.19771865
770081ac881eee4988405dca94c15e6d,3.2120557e-08
6e62e5c4f847867ec4fa0d0d1e6108f6,0.029367656
26353ce3262e24394fc56d1fb0f1314d,0.00043711215
3f541031a2091867df49586dbce092be,0.40587354
d56da61263081d38e08747912e88bce6,0.18888845
e6eaca23694009057549969ea423d893,0.03270721
d72c407e096e986ba0b14f062f705b58,0.058077972
f0a266d191335b0cfddcdb42e3c96c86,0.09377171
a900ae0c23b7369e4bf4e4314971991d,0.2074635
93cc6d8920b0d0f816fdf6fbad20a7e6,0.24406946
6b1e3063bf19bc0650b731c518f71868,0.0009640042
c07e66e4cc164f062240866fde230002,0.33395
eef7868fb536b72e6c0ae8330391ad72,0.20755132
1ffa45af7aff306518a93a030da7481c,0.023062998
427bc22812a7ca161c2d731c21b668da,0.012682209
e34016015c56c55ec278c6789ea1c721,0.1806988
69922f4e1d4deade594e8e8c1b5d6d1f,0.15328677
601b62058e7c33152af90fd4aeb80d69,0.37051502
ee3995b7d69fb096f8e281c024e08374,0.1307124
9c8c501705c3de38b723648495de2870,0.19842458
e857eebe41fbfbe17ce3cc8d1946c661,0.0475307
7183ac57d21b2d9e64cf628d204f2f04,0.09976689
f2824fd2bbc0ce16e42f9a15748f1b18,0.040980894
7bccb95ffedba86667ca56578a1b2746,0.54262626
1d52b3a6eeac8ec00e129ee0c1e66e5a,0.98110276
5787bda6f200e5a13527466c30a6dfbc,0.03182577
9745f23a0e8eddb194d430add7e801f7,0.2295636
2a9d7c362bfc151a3d24c2c90713c625,0.00079771515
c410da178388231ba3e0db0709892108,6.217933e-08
59aac0467ca94416eb2f2c1278bc88a9,0.18681908
8bea84bc036a5927cc88e2a8f09e43f1,0.011573128
a07a3219f46ea1900e19a32357b9ba1e,0.07744122
10a81d4302d46a6e5027588488061178,3.3838187e-05
6c3772dcc70d592544ec3e4e4e6be430,0.043468963
1607ce1cbd2937737a06df7012a9f02f,0.1983352
e34419965551be3cc91d46ab9b787271,0.8307524
d04786d1a7d9fee66a4516fbd9539044,0.16634445
bd4eb54bce8b8f37de2d332fb295735d,0.0077202343
59171db83f16d58fee7bc2fe441983ef,0.3054733
4d97f6ca64b8fa8e8c57ccd72849efa6,0.0011725499
399685aeae20c3edbfc9468166e553e2,0.20705196
6a6b4b343eadfd43332c51c6fcf21abc,0.033956148
49997549507d472c6d6f6db207930df5,2.1634301e-05
1104151663c7b6ea749449433f0b76c3,0.12188053
9aa9c529b73a30258702bbe836ac6491,0.72990143
83705014759ee40f4002afe92a1681a4,0.19735685
d14f685d532363df83bfee47b2dc1277,0.58902854
f07c8a4273586add9ddc1169411481c6,0.009883835
450eaf7fd3b399fcc1584d27584878c8,0.012669021
a199a5db7c2eaf2311882f43546fb833,0.5900446
5aab70f44abe4664df7db1e18c2370fa,0.19734415
825c2bc2cbed05103a234ee78fcd28f9,0.063941956
dedd514099d57ece3f175625cdd9a319,0.0346367
a181a4a65cd9a35a544885f10cea2ed4,1.6031347e-06
b564b7b491d7166ea8364028c12f7e81,0.38095564
8e31c312843bb0c8fa190d6857d2c051,0.034643017
bd052a8de5bb74da667a8ead051a1f0d,0.19833004
93d41b67749a8f82be8b9c004ddb49e3,0.0011219042
3b041ae189f3c28789a98e783af200e8,0.012289896
4f741bf6eea4c607be232c5874025014,0.5486733
d63e8f37877a59ec7dae379a90c2a3ee,0.04238874
1c5f449c759a25fbc0c00c3b73713e8b,0.98267996
5ac2df074a0e97b559cc5cc3f75b1805,0.99970037
b5fd57d4f3fddeb4b9a52464727cd4c4,0.19733343
27f19b5c3e4d45bd8f97f2bae8707fa9,0.14473602
6d3249ba2577d54271b6b0141c2f7d57,0.033552498
86f86821a08eefc47c42690d1d193c1b,0.0024271253
67d7b3aeacbaa03672fcee2db46981ce,0.040866543
c2ca6f052786132a260179a3356a5ae7,3.5595818e-08
0109e7ffce069cbe5ac26bc5b42145f9,0.7067951
6d3dc4414395485b875fa52193656529,0.1973283
cb16eac4c12864843d74b203e994444a,0.9842695
e5e42bad0b2cba609352da66ebe09ed8,0.71177846
9a2c95ebe23057ee284a126acd12fdba,0.20601964
818c6e2560e4a1d9650fe43f1922fac6,0.58665913
99eacc8d5ad1fc5e01c42fcd1c0dc17e,0.15196563
be6959212d0361ee4d7ae77c704c01eb,0.19142929
a1a40677fa89880edd564a2d34d00eee,0.03134378
691c7a96d1738783bc7a0892270771b4,0.030986587
bb282320f260114a00015b7ca2a5a02e,0.05138451
8da410ae44081b093613eeb6a72ff93d,0.15686819
827dd5838f3d541c50e3f7d9b5cb5813,0.19735014
d4a615e4f74cd34f279bcd3d4c58c6ae,0.0022829273
42b7dc512ae9c116d49c0b16e0c54dc0,0.19833736
37d7b0ee204f38b9e8b391dcb3d1455b,0.16862161
2de840142815ad3476de420397a5116a,0.007523522
7b13ead4adfba4e9dd33565aae537c40,0.18177485
16c2bf8fb9b9371f34b4b6556abb6768,0.04596882
982fa0b2f509f79981de4037d494e0fa,0.20054045
309601846286c75a8f3e570bed7c9806,0.29912022
3d8330a77c1569fd8dc6ac21137a8e5d,4.0901742e-08
ab0ccd92550f8d0f22dc8f8ef954f228,0.19833055
3d8310b29c24bd20c2ba41b36e23c63c,0.41942254
5897d2371791220681b9a85a294a2d4b,0.52865595
6bbf5c94b449eafa9b4e5edb3f0627ef,0.19733986
97655a6d9a6f5422b93a7793284d3ee9,0.1330985
437b5b89d52312128694df20098428a5,0.07343371
06706c262f11feb9d27cd9e4aff9f2ad,0.2842217
5d84acfe01473c1f388710401973884b,0.04572471
2e38d5623ade4d94a7b08bee7f666e5d,0.039420385
3a74741e6d78569eb26262435063bff7,0.14787668
e930ac924889061b233c084be8c95c28,0.12749937
1c96cc154993ed80b5b20536fc6804ab,0.20853773
70346ddd85b76048a693f88d284a8098,0.61750406
8198fc4f876838c1d666fea778455078,0.19832973
d6c5d8f79cbf76ccec311fd9ae59a3c2,0.007247741
9cae8718cf273851841c1bc337d8e896,0.0455915
d13052a5c7ef35eb48a3569b7d4a917e,0.24096772
7c6978984f6cf99a5595c61d56c17b70,0.19091633
f0f6d5823c993c7767bed8e8deeec0d6,0.33005205
cdf8a2d51b30a47d2fafd5cf3251cb6d,0.000863684
be3894fcc1636ec4fca5f9dc7412d46a,0.024637442
5af8794843a793bfc9f041ccf5306941,4.873244e-06
0a0c383ef4de5ad956039b151fcddde4,0.010101155
9b8b5607dd79dec0aab36d6d53c08bdc,0.25978416
c54a4e822199cde8a022f868776ab536,2.4793371e-08
a61c9631589609af79dd236aa6d82429,0.7028615
71ba61281b94ae712e36c8c4da49bb9a,0.2074683
e9aff76b261b421c7833a06f1a800428,0.37702313
664e70d8da5751457f2d60c5001d640c,0.9979507
3e51658c13ac3eef346c09d0cabaa038,0.13100779
b8a12f9888db8e8864408ee52bdcfb10,0.99971277
c34b865cbb2c136117fdab715a11bf06,0.15969238
c6bdb089dcc292ed904033eab862a299,0.03247559
c83e9526e66aa1a73fb38429438d1a6a,0.111734346
89dd5251662a25d05b95b421396986a7,0.15282607
8055df9c13812df1f3dc6b7635a94f28,0.6835346
4215b8004a85c8e8b3cd052cc48e298c,0.14543036
95c70ff09b088061e1c28649aee18bc8,0.07267652
562b7d81a7db424e98c0a669815732f8,0.9968786
876aa087408ff221fb71dc73029f5651,0.012678176
1100c585c3bc59192a42c2a56b824d7f,0.19833449
ba2910cde9ecff1e9c138c9185c6dfa2,0.022467012
2e4c08918554e79d6cc3ea69cae47d48,0.012675506
0aca6780fb21b6873f8d17faf93bfb99,0.28288797
c9cd56ce30a26d724b5eeea57d01dcba,0.044364173
44099944675f06ef43e53e0fbb8379c2,0.1983224
cda061ec3f6d2d28d7a77633f35d57dc,0.5106028
ef58db590fbc8882113f5cb602d7bc37,0.877236
ef204a3b8265a28bd8891e8d5ae964fd,0.002419561
60bb74cccb67dc91c46f3c29f3371271,0.00093232223
72713b66e6ddbc449ed81fba4671de96,0.011714558
7140f84b3269b83e55a3a6450822ac88,1.6219434e-05
3df3d3c121e4e79d1c0826f798d13643,0.167431
1bb631546adf3380bad42bcf226e8bf6,0.032817263
9155ad2886f8713eb592136cb6ccb97e,0.19831993
d7f272c878a1d4228370f684bed29322,0.19832523
9ce12faa2e6ab4cc5fa0b9d408607926,0.011055206
eeb3a70f8e58d31f1a4b1cd7bdcd9d7d,0.36437377
c75f7652c4805f68a6309fc6c503e6d1,0.33943033
61e8f66f25b48a63ceed5a1533707632,0.19468601
63b06cacc1e840ea0d6e86f99f22611c,3.631614e-07
bbab52b031e71130d69d8bd5d7a97aa9,0.14793456
e6bc7b2cbdf1481dc4abcd8480af1ac1,0.22841248
339675f8ea67ad2837c6f9dd4871e49f,0.047247343
5e4ab94bce89bfb5f0774e921a92062e,0.022412207
0e33b43d324c47d347aa116e1bdaee0f,0.049766786
5a171854b1a8d4acb12f9ade80b76c63,0.0093187485
a7ecbfe59355333c40230b1800a89510,0.3711128
719ee8a306a1e12498bfa56f6cb80410,0.007444498
20454eb09b6874762a7241b35642ed2c,0.7998892
46a5d041eaa83caf3c9a4dc925169948,0.0012465587
43fa4b9a8aa418c9b5767fbd1f20a65f,0.033381265
53f8554badbd6dd9ef9d6f9497099308,0.02825364
e16ca4a29a1a31b9b41e7b867b8b504d,0.034832083
d529053ea04ab9b201d952d93ba2778d,0.20814863
6768d4d2a3f7925437a2c638a8f83122,0.18444757
15db5dbab067fb4c1d35f2827d011e22,0.08616994
8e99e2f23b08dea574f7e50b7ac161f7,0.19734125
0512e1add9ba928f71d215003968de78,0.8291151
53eb309220c6e61d8c97793b78ab92a6,0.009108071
d5c27e7170d260aa4c871619a08b684a,0.5430687
c1da1328a5c3e48852feb7b2717cad65,0.035692208
76821da964088e0d99c13c5e70f003af,0.34582362
327f1da8266c121b3a4e91829a399b1c,0.9844797
fba0faf839acddec5eceeaad66cf10ce,1.181192e-08
44904b504bb03c245a0ded8558001825,0.04364101
261668f33f95269835b580a4c3f103da,0.0025752294
9c65099525d71cea7a70db44b513a027,0.027889246
37c629a8bf46c99fa8c54862fa8e6203,0.0006905658
633ebc870971591893a12492476e5a9e,0.03828345
413e328f671c989e5e594ec2befcc798,0.00037628182
283a22d8be2b0c4af7c517a265ed1bcd,5.7454354e-06
60386a10b0f2d8e18ad8ca0cdb59805e,0.9997381
a9188dd72608c979db078e0911ba29ac,0.123799816
076c64f52e4f44f779584bca2e5a6a57,0.4206442
bd07a2728f0a5c4a971125e51830b459,0.52230936
38749c26808b83ab0c30c3e28f03b2a1,0.996743
299ef02406aa8baad01f0308cee037a4,0.2946706
3fe03eaf210029f9447411dff98506bf,0.19733223
b7bf158a016f9292e16415199d62d98c,0.052123386
4edf414fe92da1903758afc6949adc06,0.4982412
3f1e71357584782b161fcb943bd4ba0f,0.20754795
13cb89939dafdd618610ddfd50226cac,0.00025205282
190ff4499d5c0e1dcfee226bbd80f0db,0.11592467
bd19dc6ec2dc6751857241866b10daf1,0.9996977
b19082e3c5a4eb3877c4bae62951c595,0.9994547
5f9c5b371b3853378c0a49da52fdccd8,0.20747371
2d20db3dab47b7f44b6b98c7954e1a74,0.03686577
9a6fca1f53af982cc42e45ae469585de,0.39827356
cadca9cf552e61a33813d9de980d87d7,0.18456464
90d65aff26c174a4bf0ef9267127a533,0.0038311786
571abe7f621d19e72e7506bbd568b78c,0.13334362
954aa3828cfc73e377715a1c4ca591c9,0.090064704
473b8dbb715291aedf7cad44c444bcbc,0.26711494
79fefb458ea53ee7b9f5c755552a9389,0.1597961
97f1152d4d5d5a0167dc4b948221cbc2,0.0006107463
1b898df684811054d405e9c31fddd80a,0.6270851
b249b5f7cc1c67c7cbdb74b004d92793,0.031857986
6ebbc9a53c6f57968ad3d10a3809cfd8,0.042359907
61e37f13e58249395b4c65ef35316303,0.0012712877
c1255047ba0d415d12066134c14b7104,0.168717
411ef0c3e4b7d338684e5698ae1909da,0.19833177
372858d628745b769ee13e4a16f14bb8,0.09531374
03ff3d4ed1171fe5459808a2e7994e40,0.04598876
581447f01abcaff87dff3d3cfb2e7b68,0.19733927
1c15c2198c4d2d6ab4f2039567422a4a,0.86120826
5ff7c108b1740ac48ed007f2c48ac411,0.83914024
6ca21a538bb10056b75ecf979ce64259,0.90676355
a1b273d68d3b900c52ae817e890840bb,5.8874424e-08
f4df8b1cfea3ef3eb6999a306ff6ef58,0.93847597
aefa9791fd9020f62d447f9fd72b0494,0.20789298
5fa2ec304e91b0abcb5e1d5be3141e01,0.84930164
71ff690f7d9c4b6cd8b9a3928ea303c7,0.000812909
47052aedf145b425d0d748ada21d8470,6.8916414e-08
8b049ab3adda8b6de92de44451de567b,0.042054135
82dad45af1ac7ce8d8561b8d31e62b2a,0.19734867
69e1649639045d67923fe89400e33a9f,0.53021574
4c2c32644145814b663a9a0b64759339,0.29516065
88ba629d16ca397553ca3745394fbd4a,0.20902029
27e6c7ceb364a052dcd5d108664f16fa,0.291241
702ab2089141bae8e4918f2dc6ebcc72,3.8819493e-08
2d922477820b940e8350810c05675ce6,0.023653185
6887d3d0fffe0d77fa8d50c9a7af2ac7,0.032052767
b3833912161deef9aede01c58e030341,0.99931335
1d2bc78313a6e3d54e0e79ecd7f072cb,0.014778672
1f84dd658f7a0489c1001f2fb61c93f0,0.8820329
0e41349ef625b3a264f66e6b4705b325,0.0020356034
6d2dd9f3d9e0e5c5817f20e428b9b8ce,0.028377708
05f8c2e740a17cc6b96c9582561a1be6,2.4977082e-05
a8cdfb64e3b9fec486575d8fecbb0cb1,0.20755592
fbf8be2e2ee7869f09d2230ab946b90c,0.264044
8e9dd01dfb1f038e34add9db40887acf,0.0067188116
f6ad713e7b206b76ec09176703f63878,0.075571
c8fa5d1697bb6d81ab471ac1f4c18357,0.01204394
aba74e6591891791fa3f09adedf10a26,0.03627079
e27b7e17dca06c20fd1f9ca9af8631ab,3.1311596e-05
6ef801c8a4c63d116dca616271f3e813,0.043222804
cde9535941e1bc893ec68ecdcd2af71e,0.5845185
8d0fa789f6bb8ce7111a5cb582d50584,0.14157403
f6ee3f2babcba517c467c1474d07d996,0.09085357
4dc6da0535d09c80fd9fbb9ed19240f2,0.032059673
6cf13c06bcba9a7f0933a4694cccd0a6,0.040475596
5998e6e6cda1586367e1baf80b156bd3,0.0025746373
1945efc4240d0dd9261c6f324b5768c7,0.19733399
65592026a71afcc0bd9e1974c3a97312,0.13885505
b4775fec736658cecae202456c600a86,0.0034078718
bb3a6a7aac778bf310fa5564cce870bf,0.0024240706
2b0cb2c6b66205f402a855b5a1a19e8a,0.020020656
86627ddc553db23f8c3bc93b9d4e971d,0.050314397
d5f1ead56835231331b0833f075649b6,0.04320366
334f4bc3d7aed66e7a3a05d6dabdd68a,0.662933
6b493becfb97a8f9a437f8bc6d8ff1f8,5.8969675e-08
dd11eea8f49ccebefc6aff9b9de79412,3.2338292e-08
61c98d931ac6f79a4dbbcba93c3e2675,0.046648983
44f0f1a13b26586dee796dbed071a187,0.18000695
cef748ac09e81e7cae944f768d1c07c2,0.012677476
21b38934f3c40a60d2568da0f302c428,0.07110882
54f9b16c9cc4d85b0d6eb509a5af87c7,2.0671006e-08
ef794f2aab7590198c1e788416caeacf,0.1983275
a51743d2c324e78cee0bbb3caf836783,0.28417495
3afb63a654d65843b6b1a0ac73df9439,0.26647687
dce85886daad6eb87c3c67b5e071d641,0.056518484
28b021609c444730f238ff94b88029e1,0.6404451
2be33a85e345578fea3595667f79e513,0.16187312
68d785f6fed4951e5d3314ca8c3fc597,0.012037242
107490c021be7fcdfcea068992cacaea,0.76516056
3fb0a09cdcd15a808095d050cc0a002b,0.21384196
473a99cd7bda90c5d87eaaa350dc1c2d,0.009138109
afce5c9805239c76fa3146c35ccee0b7,0.37564376
cb13c9e630108ac938d7efd97fcfbeef,0.18531987
ca21625c2517c65e43b10a12b2c8b3cc,0.20756073
2a1ce5af73ba8ad5934fbe799e6d4c5d,0.0023850002
62029c309ced6602e7f9e0427dec5404,0.021980103
97195f6bc9e345bf989c5401b59223e2,0.19827804
7f6f91a0896b8e4524e2c3e8f32b22eb,0.0030126018
51f36795b2595c6b667180e4b4651585,4.9561815e-05
d737f324acc3517c3eab65915a43d902,0.72140837
820cae6ceb54856e680099a319476280,0.21267757
314e3e2732158a899246da9949b17f9b,0.19834349
b80583cac42199e06bcbc7c71a27586d,0.02276095
f2edf7b3678fd0c3df1d273f30ad0479,0.6435866
ba0c30c85ff45d4a7dfbf010ebff1ca8,0.16622598
81045ca3a2dea7ee3e763337f64e9d19,0.6956964
3871911f1cb30e52618c379015dcd678,2.7759452e-07
caa42922d65ba6238269c2aea7517c1b,0.023012742
4d04847cb369c3ea3f3df9185af2c8fd,0.013239384
ddbf8f74c301c2140125f2a1a6fa8424,0.40787688
6e72325fe7864ad54e65aca55f67919c,0.0023704662
bff4b097c8dfa54dc5a2622b00ea3f1c,0.040463604
ec83f800c5c5e4cbcc290e95e645efcd,0.19834028
6698ce4c7de901b93dfbb32fa32496af,0.19734575
4c8035a029003e87eac43db3066c465c,2.8727978e-08
94eacb0f520dc90c59fc505274174160,0.009281663
e58253466ada21331ea6acbf99e642e0,0.012679353
265c58844afb799c2a3219935601fe0b,0.28873664
ff30300fb24e3f7824b85087210df63e,0.044459246
170f8fa84be66bf1cb9aae4e4d43d158,0.972007
c7246cc1a6f6c8c281b3d63e50d30275,0.029854327
41638f4616111f0e9ea6bdb9cdd5112a,0.0755635
e6f76d3ef92ecbdbf1c4d3300855f0a1,0.22967014
43e795eb50f64c4e0d44233fddec122f,0.9842083
5ce832d069c99912e8d704aa2151b216,0.19832021
00cf5d73587423a4fa06f185a7931186,0.0023958166
3b5498ddedde3e185559445598fa45d6,3.280248e-05
22ae907bc1bf92a350447df05d8c94d8,4.416264e-05
a7ddcc3106cdacb55dca8ca4b1e63f69,0.047659315
8db42dedbeedd7188f0e05e447ed946e,0.13090794
a3da2ece58784f67444d05f35c16e83f,0.0025624698
1ee9102ca8f8345a37cf81a81fb26380,0.007428686
84ef40e6a664d975af7693e1892a24e9,0.98584145
b33c5414779f246afb6bdb416b6c3d9f,1.6488155e-05
3d3a7952f3d90f543e981fcf11333f27,0.0005029523
072177c2336eca9ecbdaafab81b15564,0.9996277
e2aface1054d6ea9c4a4e61742880917,0.033409927
91319ae356ebd26cc879e136e37d93c6,0.040492833
ebdd9de0b6bb8e981e55aa48b1b40e18,0.9825848
449ad7876362ecb16b3b88b82b30dd3a,0.1983317
f8dc2936a6c8580a015c1fe6b526439b,0.029737487
0373cf6bb9823867858f2686d3ac65f1,0.19833623
bbf71e4bbf099805274190df9c12c005,0.011453572
87853f1822cb4bc9da75390feaad45eb,0.009413186
7000695ab05c914bb4e469974a8ee72c,0.032316647
0019b7f88f6dd7e3a747614dd8b0fd42,0.8331686
3e1caf8496b94a1588e1fd00b1cdd3f0,0.19734465
607e57a61d3cda98a2e01cce7d5eb492,4.122989e-05
a8ad36eed143a3e3b2924cc871fb7125,0.034728326
9fa106791be5de694f6aa96937cd0118,0.60201585
09af31f10f5b71e7fdae0aa4b3258381,0.19832906
136432ed21d80068de201dcfdc238260,0.0023757743
4161661638bf9b2e49ace4b191254803,0.1123692
3f7db2a8495562e386aa9ad7a5e35a51,0.0025638244
66597514359958b7c8362fe417ca0f53,0.06631415
5c2cc0fa2151d3bb05d3fff76f44db55,0.011441294
e88dee5aa6a90a866d18857a29755bea,0.24255526
744d8cfe9741f30e34fd8c8d702bf641,0.76197517
dac9494060e17bdd6c7ac9937f3f8323,0.009387991
4bd0eb581f572ae6bc4f6fbb8af96c85,0.027316019
3226d774c06543a5a639aa695dad44be,0.19733545
e1f67254eb1f64830469ca5f327ff588,0.40414685
a2ededb362971656e68740fe8319b095,0.79988384
8e63502a692fbac4c38f537cf746f7d4,0.002399325
59af77737ead4c580b496ce860897713,0.19732913
0690adb2f79f263e9110cf8c855d296c,0.02353571
8072524c3a4244c90eb93cc36197a826,0.08631297
a735f3437ec6f87e3b1785b55f20b70a,0.0024125855
92148f9e5419cc20f5a492c812ba122e,0.03377465
19e815d4708a94778bce4655f0ef501f,0.032997537
203118fff547c4724a4b2b354453274b,0.042227227
ea91a330819ebb91bca10ba12bf49a8b,4.219822e-08
021244f6940f63de749773790928e306,0.20753488
c76a434a24e36ecf1188053322bba47d,3.6445236e-08
821d4e6ad92a0fbe688482a0ecfa2cda,0.9838563
35e4ab6a9bd992c461eae5c6fe4c383b,0.0025170106
8bae0a57f3d75e118b574642fcd3e626,0.0073338402
fd1fdd4a528eaf0e458294f8bff9793e,0.012672015
3a1d3292d4d30352877fdfca09a84b1a,0.9997091
4725ee9ce6f9674e7ac067a1454245eb,0.9995052
e1035a4c98428498a387ff309817b1b6,4.851075e-08
14fec80e374c8aeb3e775ee8eb6d35e1,0.7939131
274df56ab06975798800ac58847a5efb,0.073066644
c3fa5601a8f71d11cec315b347ecdf87,0.043650128
fcddd1c40255d8a03caecbba7b497a12,0.98543966
979510434dd785c96b804d1f683dd1b6,0.16146646
53e3a399062c4b48a2cbac44f83f3feb,0.40312004
2c1358087d0e5b019b418fe8d0ddf5fe,0.7289171
b8da01487cf2c864b3b74358d60db22f,0.03955189
09a31466a236877e7c7ed8354e6bd3f3,5.756609e-06
2ed6094b995808f189ad72142852e3ba,0.7999244
caf1dd0324776d268961c7b92f68ded2,0.83320236
2d1a57b153846187a01cfee21d83af59,0.03668006
6bdeccc4c1f94ec9b746e0d8262dc462,0.790572
3978de24781158a695409ebdcd7455e3,0.98305666
caea39b35f2dfea7f5ee7f73b87e9a28,0.2469159
5518dd63ae04917f0647f698d49f5c1a,0.114309095
583b31d3b1fedb8a9cffdd44f2610eaf,5.1158175e-08
e1c06738d2200b56fd7324162d3c2425,0.029201204
756169bd53cb61d43c0cb2a5e328c7ff,0.020700658
d4e021829e8c4c9cc836bbee3cb45b06,0.40969723
c754f8eed4ede849853789e18cba9a12,0.43595713
7cfda396bd9d2443a494151193d4b359,0.46344686
3ca1bcef1d9a82c17969ee1c5b0a9a1e,2.5815037e-08
1726355504567889804d457862867e6b,0.48676854
73c762363491371ec572a476a9f3dc43,0.39653987
e6fcfc8b3e0aab2f2f0bb4729ecb3749,0.02792027
6d9b5e9cb6bc3928bd2fbe7390d87525,0.05036044
a4d9c1ad62010e116a39ae8345958bbd,0.007977093
7e396b923fed68354a845ff2b99b9912,0.03301417
21ecac2365273c61fdb37e5d8a2717a3,0.037873447
5735b46fdd4603816f7c351501864aed,3.958796e-06
60b29b3ae24bcbef35cb3d3909b75827,0.23277943
11b207beb3e4811860d48b5e9a5157e3,0.0007614547
effba97b3e98976d3545690bdf8fd561,0.0122806
b28a59d813c0ee121b0496266cde57f6,0.19735157
4ab0fcc94cfd9132a37d1887d91fb6b5,0.17870295
fd90556f3a696865f96972182c06f95e,5.857129e-08
edfb4ce2d4639671e6a6e11029c18039,0.00080274156
f44a637e08ece32f11cd1da3521a9cac,0.5797116
df3ee6d10768cf37c3057e9c9f9f1431,0.043017145
c40fe33a3f2e884be29fab3149536be8,0.046810355
b0fdc1d5d662600356931895750433e3,0.19316901
3e6e9c50ec205192f8c9b877b7c62c0e,0.5631598
ced87a29da3949d76925a0d9acb817a2,0.035004057
92d6ac65286bf26c3a43960be20bd89f,0.6114562
81a0278e38caf505afec0e2e05819b9d,0.19734159
bf5e38a73b02371ebec11ad8156487b1,0.5465875
622814bdf8a3c3a88f5edf4fc24e40be,0.022795025
cc0d4a2fb84d7ef385ea894cab273042,0.19733351
c65c5f2e03b03defde648ed1973e0815,0.19734831
c8b0ede63711d149dad73c7a350a5470,0.5106932
029f0c2f130559ece19619729370eaae,1.0122051e-06
1bd1eab1b798994170bff109c752b06b,0.20957041
c53798da939912285b56e181f40452f4,5.713934e-08
40dc127aeb53b07bf305eb36aea7eab3,2.4990115e-05
76bd5f3224802a7facc588ab27fc826d,0.38726288
7e88f333cbbf65ac37ac4e4664219cbe,0.00037684772
02859a511c31f0ae405f30ae0f9cdd9a,0.9833678
5c417f6205c3b72df032939ad59ad437,0.70799005
b3b13de61f7d864054c030f2a385e752,0.19832772
95532d307c6ad1d4fc079445ac6a02b1,4.2725463e-07
ada174c89d78777e52621f9c6283d785,0.19734012
286251243a33023e5371b06280cdda9e,0.19734882
4f31ad624aeb61a66d5fce613a8dd8ef,0.28425407
25d0b050dde22f0853e12a7cf4fafc52,0.3833143
c26598922a1d617376f70e08a95d7298,0.03259015
1d150d1059761f6c3e0592657657b14f,0.9994221
dfa39251babbb5bc83dc937a672710fd,0.46666795
a265dff281036bd8cbba8a55566f584e,0.011676891
40eac2dbe50ed3c14e7548a2e50f3f30,0.028629702
7336333ecd4df3aa5029cf39f272b103,5.614644e-08
0e3ba84ecad3182442bd55c51964646b,0.35825795
96ad866d4fdecf73cdacd322b8436380,1.1085693e-12
04761a30513ebd7e95cd5038021fe77f,0.056134485
1d999b829f43f63d7c0331513bfb7683,0.82658607
6514eb0a1e104510aca6e0156b5532e4,0.028473038
cf70f02a2be2cc5268c2cdf919b231e5,0.00086604385
72ac49d27becc7627d12cab642a510cd,3.2928632e-08
aa5c32935bc55660a4df5278fc249a04,0.0428374
9789c50aa117e40b9c402490c035d5f3,0.0075276494
aa370195d95c927a24ddac1a7bd204ba,0.0023736486
bca3e9c3438e054c4dd375cb2cff3322,0.9928409
3b519420aaba66e7997f5edd3eebba34,0.90731287
03c096fb0ebfb70491ff97e85ba7af5f,0.033391617
3cdaf05dc57757b9b408a7ea3a91b5ea,8.277556e-05
e620a7d2cc4cc49c9a22b0a48bad0d10,0.23116827
225c0094882a1d0ab820cef3edc9a10b,0.007935575
2a285d12936f52946550f1167d9b1a4f,0.00016467062
b4d2f64919881925e459eebc2d7ee558,0.13086013
0b7074bdcfbbf764f27358da4e92495c,3.2645773e-06
5bfe61a949bc7e2b7c241a29f26be46b,0.5133816
9da0c60869cadcd477e6d201fc0e85d0,0.29584473
10155caae41d2b4d69d03eaf857a9e09,0.17004219
26201e040076f0c7f2f491adcbb170d1,0.02698398
463cf1942bf1b336d744d5104f2f5773,0.19164076
07ef6bbac45d2ae0b1ba0bcbe32bc2ef,0.018267374
139f92f9856bef6abe227f59ee38505d,0.17822461
7ac03c371e05be0f92b80b88e2ecf676,0.65261376
f3daf53a3d81b55098e111cd03047f76,0.19834355
4580f8dab97d287ff62f5bfeb5b6a2b4,0.19833283
6a6d5d66e2ee23786370334aa406a332,0.5797739
e382f1450b78df837e84f0b2b08a1f6b,0.19833612
9cc2ae67905662667f365cb0f1d639af,0.008773894
034ca10cb007ffde0f5ad05867a87407,0.02889457
f1114ce37df10a63b922c2438d45f346,0.15654545
99b850529fcdc9f75d8e5a3a64a6d01f,0.0024206818
5c8e2ceff7cc0c06bc715e1a281ab3c1,0.48528156
6e30acb3d7dac8bea71add456b26b0e1,0.055300612
c1945c3fafbffce3c5967d7087d8aa1b,0.012675466
282dc25fe47ba3f443c7059f6ccbe512,0.0074893283
5042efbe2803197487a31da81e7dc2ce,0.01154612
20c1c9c3eaf83506b9de2a443d4127cf,0.012261986
949256b3ebba498f3347b5f1da8cd954,0.0392626
aaa0a8d65f82d781d86d7baaab21761f,0.99044716
859f4f1fdd1ce2579c58eb8052aedce7,0.21993141
dd32cc6f3c138d236d686d03515feb0f,0.99945384
9cc586a91c660c3c09c8d8f336e80ce1,0.0074893883
bf7bfaffe361d0758fca8d87167891f2,0.038010668
1f8e15ec36c2cc7c6b48337484155f7f,0.09621633
5529f0bc86fc4c4a2b8c1ae21c700740,0.0312765
542620d5be7d639d142b04ed8bbcb4ee,0.5795588
b7200976ce037c3e7fcf1f5b9a73d3c5,0.03242164
bc8555f318fcfefe277dd46d0c8a734a,0.20053272
66124e71bb474dcdb40158035bd83d92,0.05492412
7d3b9c9e8afb6be9f1a032da4e29f8ed,0.03983054
4fb1cd21da253e8cbdb0029fc29cfea6,0.40880266
b4bf97270c151093933746b7989232c7,3.240074e-07
f12db55247842f2bf902c961af0a4220,0.334947
edc74c7aa1713e06f800326ccb7912dd,0.019616297
e126c0a328e454974aba7a356823141c,0.79988915
77933f253c09fa9858bd37c380661fe5,0.047180254
3ea15d8293447ab83b78ae8cfead413c,0.0077462196
e2c47de4927832e45b58a5cfd75d6ca1,0.82767564
35a8474d0fb0b51b816e1fe3d2e7865a,0.20747265
62ce95a90aa9720d3c0129fdfac3b24d,2.2575252e-08
4e718ba451368dea6f1beadabfbd42bb,0.4475349
4b75aa4b3e106ac8f0cb6d90ae50fd77,0.2336494
028bde4eef5c21bec57ffd2e91ee9908,0.012683487
c1524bc36ec05c2263c11beb01e7405d,0.003753075
3fb07b170f830cfa25b44b8538fec275,0.20755608
9ed4f28d63680ac482e5b11e58c16e7b,0.053818118
0747b83ed327a89e8a7a2aa97a4987bf,0.74705565
5b94f6be72a0843d2c81a054b29c0ad2,0.034838058
d25e91ff7c60818e31ff9770bc27158e,0.19832735
c326b70cc1fda13475daabfcef5e3573,0.033909094
3029242c2abb94e43b502adc84228d70,0.009524876
baef87ffb1503269404aacab18c56d6e,0.007317364
99a37fb57971e423b8090db6c736691c,0.6990782
31dae2d8ef52c90d7ff3c2294d3260e6,0.02233046
a92187fffdb41afb8d1f2605c45feef8,0.00035654
d830071a1b2f648a41532286667918eb,0.22955129
073a723c41e666edbbc1f217f40e7632,0.051107608
2f3b6f16e33e28ad75f3fdaef2567807,0.03198002
4eb9fdb41a0bff71ef3e523496d689ac,0.19076094
02b37a87bd850a1b241485f23f9550db,0.19734183
c54edc9ef9d72fe0fe048e8ac884626b,0.44574508
61f6a521aed678bad6ce4cbe9b027681,1.960461e-07
d6b8c732ba5917e1c4c5696276a5aaa2,0.18220687
c649597c7f0f1b6c2ec91d952a2e4c8c,0.027576387
966be6124961fd9bcb1349fa68d2f5e9,0.984313
05526aa87168e7329a0fca2caa055263,0.24285507
4de0b78bcf626dc018ba97a4854b5ac7,0.033218592
a47b77a6a11599f82d616376afd6bebd,4.2377813e-08
83f2140b16f63cd6bdff7d9f95167b95,0.19832557
1754224e2bf5b49e9fb7fcb7304ee855,0.027804857
27679f5dfe4c5091d943462ff257225a,0.012688009
c8ce27f9cc097e49e230f1ec233ee0ff,0.202921
01240cc084818e6f2d02fae2fc1d121a,1.6379301e-05
b68053920e5654587c1c62e45f054f85,0.3674832
d3e85cbe1bbedd89c88551bd34a77683,0.72954273
7e2ed8da4a1c6fc769f02cebb700f26e,0.04926098
8386e9cd02f9ab2653eebbc185ca5bc5,0.041021105
1f314c4b4477917eee002294636e8e55,0.012672672
949955d9ce262f2f241c0a1955f43b4a,0.38954479
e9ec99a8793d67d330b7e11fe1af0751,0.0074001015
60fe323b2c930ddd3fa1e3ea2e70f7d2,3.016286e-08
b5770d50a6c71ec04d602613ab48ff99,0.15544166
8fa60fe1c23eb0c1736eb2ecafaff31e,0.24069433
dfa0f3af692de75ed9489c60a969503c,0.04459527
bece14cea5b62ae46273fab2358fef96,0.27187315
e614b3ab0952987954724197d14c8ca5,0.24038024
52fb50725cda2c3672b5b39e4293e5f4,0.2829494
a69a654e5ea29933467dc4033c06570f,1.4247452e-12
a945d902ba0e1f41289d3b4095957f09,0.05469703
ec323f0954151a5d34e82199e1d0110d,0.313977
50d2612a2c97fe6a72e4f12a4e938849,0.58027315
dc2c22570f92d7adf62b847e78689a27,0.012046998
4df94f492b3cb0c6a5b75e176c525683,0.13798377
0438657b2a2a79cecb14c37225b576fc,0.0037314869
7548a87fe8a948b5ae0afc553ec326d9,1.8418685e-05
ea9d4f990db1896575d6af2e1d5b1972,0.32582933
04beb4a9d6ad606d917077dd999d4f99,0.1983381
1cfbe0aed7e459eb4aafe2d886ffa691,0.40342385
e1f882befd839171e80d81a2a5d04cfe,0.19832405
fa0eeb5e634abb07d89a87ab75b81190,1.7214621e-05
9fcd4630a66939316440fe5308d5b496,0.029463455
004cb2f05a77d43aaf8dc77c9b96de2e,0.2075454
cb4f8a09c93bc9a4deaf811f1747ca5b,0.34238553
b136e835fb580c6d835e37ae9cd0dc92,0.00023178388
3ddae2a7e087aa7ec78be2aaf600c9a4,0.6037895
fd19f034ee8b4f7066a60d9828183bae,3.5041705e-07
fe0164f699bb0764273065df6ab73976,0.61554766
0e64ac92f9f6138e2544d12e688e24a1,0.99972963
5c854a037b0430e526a87be70f6a5b47,0.17051306
a8838881253f7330302333819aea81eb,0.5558078
0342a312e47d512b5484c14d77e01e23,0.024166644
3e19624e7b8bb006b5dde6585e01925e,0.19833925
1ca65a5f5940e8d59572d2bdc7c465a0,0.3545913
c7cfff2a8abbbef2f4d004be1bf4deb5,0.002562701
f169d48dd5cd2ec2f3acf72f51644964,0.108704284
d8b61f919ef883d14124afa445c255c9,0.19832294
8f27cc78dcca4ba2b5b1cc23df3c086f,0.6350853
5756ceff652e46bbc38104bbefc05833,0.36945114
0f6dad4a2fb3be378525cccdbe703f91,0.49236876
feda9798d0a7b47e62dcfb755c9e21ac,0.3331346
1704fe42e33265271cef2a2d4f7b6a7c,0.06570054
5bbb21a2133f56e833e3a22f36082f23,0.20715651
259cc5e012ee8c206acc5f601db4b8d1,0.83398706
4874b9a4f31f1acba659a9c267bee477,0.604282
a5983dbc47c5c4af35e54870713a70ae,0.06517386
4373f44b4e897063eaba00ebcc9ca611,0.0027600452
47e6426ff89007d67109d1189f2f458d,0.19832803
33031503e7545f1cadd93612ea0d03ab,5.379181e-08
ab931cfb058fd63f1fd6872dd76a55a3,9.558614e-13
3e845b05b4a0d6fb270899ba6498c702,0.9994955
c0c1947b0fb45a6ece6233c0818f8fdb,0.036630042
fd922a8c9134acb9e084cff7faf2e845,0.1973357
48f5cbe2262e37e50cd9159c16b377f5,0.007527586
88c7a1088b8497406980562b07217564,0.19832882
529b9a9edbb7a4c00de2ad060c5fc063,0.5926898
1dd96a6bcc17f2929dfbf4b2458b953a,0.023567587
fbe0e2a0912e6df5ee1bc2b9699454d8,6.3915766e-05
177f4a17c208fbd808a84b75672f997f,0.6924785
f4ef031577ffd51b296e60f37402f2ba,0.19733974
a881547f4d1f2fec003f2f9a312179a3,1.2672894e-05
b237e83e2ffc174dd6dec7e23937f614,0.00031922435
fc10a3ed3822fddf3d60bd000ac26a42,0.042906053
8098f18b5b9d0e243476deea578ba12d,0.50772357
c8fa3f5f6561459a5b3615e33576d317,0.9558706
46deb010b0a2a65ebb646c0375f9bc59,0.0023913602
d21694259ea3fd6975730bcbc10681db,0.6763319
87962a4a909d9859e738bce54426de4a,0.19734052
6986ba3e40847753577993b84f3539fa,0.04784158
f55462a028166f85eec8e329350e09e4,0.72887355
5d534006ce865df221eeba3690c6247f,1.1820529e-08
8350a16f33d3d361af56c6947baaf347,0.04267561
4c81728b1a46f3f6b97d7e17db6131b1,0.57971936
ddfb940e64039413abf00d2591cc5f70,0.12915537
ff686ead80277b82e6127ad4726c1e90,0.7728301
c1905a559513734b2de97451c588801f,0.028191695
950661a66b078ea691cecf72bf0c43b3,4.959072e-08
b9fd01c3eb72fab1781face391e066af,0.5438924
62061bf6ab6bf8f743027acd94207d70,0.029719478
f51bfb1bc2a840cb1af6f50b612455ff,0.8169907
b720a9c4d97ac3ed0ca900fcafb2f823,0.9996704
3f4f0e1f5618ae791999e230b22a3a9f,0.019897403
8f4162a94824966ae8c5d9302cf5bbdb,0.2074807
70b96164b08d91f12a5951cdca384588,0.054139305
8ec7125c4b235c440e943f5e41f6d3f3,0.027538355
c53b0c09b5c8074e95c80279ba361b92,0.027901988
fce4a0337fc805d1ef02f35079fb4634,7.163381e-08
3cbc5c718a7d9dd5509ce7d7b5331418,0.17201856
e01b5e9fc2f94c624e79af73bdff3689,0.0066963425
39deefa4154f51e3f234b027f2c0678f,0.49510488
98a45327660379241334212650e4d832,0.0002728199
8546b9d02c680f84b86c45589b756cba,2.3448908e-06
97daf822e2b9cb458eb1eaec0ed38c83,0.0023859967
75820ddc4589982d1db48293c9d5c8c7,0.108313
d75a830983b79285d0d8ac96bdeccc82,0.5577626
b819755607870d47b7b4c58591785752,0.0010762344
1c6e1e9a258b0611ec4d86bcf9bb109d,0.18618344
6d6e548bf389b04da7b534eceb0c7254,0.38799033
aa1fe5d38ce65d312baccc0697f0cbab,7.092468e-08
4ae9dceae479d4d52ba25436a3629578,0.45978466
f64839be1bd998ebb9afa34ba68b4e1c,0.6952103
7cdaccdfc7f0b367013a0ee0aea664f8,0.9992262
1c71787bd1161d6ab67054aa2cb65c8b,0.0007901635
3862845e7068f8078dbd2d41b10ba1ef,0.04518178
5f6a6c2d08d22453863d3554aff1350d,0.04043172
0115b35bbf4a2dd1b4a0e0a3d2f9b682,0.20697713
f2f052f2fb8a4ccff65e584a61f903ea,0.04060635
ad7944015f1cab6871147bfde6560c37,0.50596786
6c83c3baabf83dcc0be086304913d26f,0.42603713
ddce85d61e65b3d1d055372bac2bf087,0.24515691
d1e23c2cb1f643523223087691d229c1,0.027353149
23a86cdf9f2fa6824baa593cf82e954a,0.19733779
9b10c0a790f6dcdef16b5903ec4946ec,0.04416554
f312cda69d151efec96ac3e2ecb703c8,0.19733396
41d5e3e17064040056f1e7b054010f48,0.040203862
151ebfd8df39c139bb522bdaea076b2c,0.8778326
7ad23dc4847c5a039b2463157abf904b,0.16003676
615aa4765606fefa895c24936b5e73df,0.064228535
7977f346a47b08951f042d9afafab9c1,2.2925068e-08
ca40d60f4f8b96950553b26e53dc5613,0.13028438
ed433f6db1b845e1fbe506c39f068ae1,0.8160275
95d73377191f9f5fb56ba68492b0d40b,0.5657714
6ceb6c1f7d083409ccedd89149514f91,0.04029878
ed21306a3c7e36ba0590094f1c8f5c70,0.45365638
8998ae7b0131de017eb3de5491332b28,0.010055596
3d12e510df2aec818557f75dcd3e5f41,0.4707294
c3da3ab66729e469a7b0fea4ac247a2d,0.10202608
0847bedf8d076b6b7859b08b74774628,0.012675586
52650b2d66f2a7a49363e84739ca1a4b,0.49718124
1d49492daa31f02544c134cbf2a71a5c,0.0416322
7d99933608a70d057c5ee9c9a013f094,0.009270747
3eb08237f92461439059f20e5734a97c,0.2804877
5651c82e4b968efc1debd07b310e4e75,1.34171305e-05
e1b6361e5cdf5245f7fd7a40988a195a,0.28295147
7b2286db743cb9cd2d1eee766e08296c,2.2059114e-08
6be6f8748822fc5542dac1d4df80f06f,0.5723983
d3266e92bc87e408c855865647e15e48,0.764587
b74d691d8a9335b11b919ec0950d164b,0.19833215
27662873623d099dbff6387e5abc2e72,0.19733976
69650dfffecbae608c9ce3ba0976d41d,0.1983311
4b7c3ad91b0d5400eb3933dcbab339d9,0.9530004
ca9554a7a5a7eeca5893895837ea7cb8,0.8782765
1ed0b77a052b3286ccc035b93f3faec6,0.18092951
ca6e6a78520566cca74a176716b19526,0.19733098
71c3c6ef549daa7a9e2fe5cecb83031f,0.145085
1596d5b92f4d400d4c83d32da1979a46,0.15154204
11a4bf3ecb6c5f97f94bb14102d4aec4,0.40741873
25fb56c9c6c294aa2e2fa41c3cf39194,0.02242073
84addc2af2ed502942f2369d8e5f78d3,2.3394361e-05
97767f683f4fe61d975f38aa1ae7520a,0.0011844144
c42c2b1514ad9f7a50c05c1b03651f88,0.011953593
9055fec73aef71f8de537de5bd28af4c,0.80631936
454038f954344106dba15de709a86a49,3.8362083e-07
9ee0c293994e23f7d0b312c3b582fc9e,0.79988396
42be9b5ab39006852fef713476dfee50,2.7796259e-05
e14e4532c50aa118ca8b610b8338e995,0.01168467
966ebbf332beee15e4fc791ce8343478,0.042410113
582854a4d7efc81f2f4af56d45d2ac92,0.9688386
63a7542ab84cca0e46b4e41acf93d247,0.43745437
a5c5439c5b38af0a5b38da94906c1669,0.05042977
adb4f0156b42b736c49252d6f34b65a1,0.18738958
13305d161cebcb5739c2317addb690b7,0.19832414
41afb8c9e18420ff9f8275b6dffa34b8,0.9996893
ed70706d9c34fd7b06aec3fc5b0fe102,0.19734176
35378600b629ea5a5776ef8250a5b2fa,0.80140245
8c35b779ecb8e24acdc771953f2745f4,0.012672447
ba6a7238da0880c121fe7d2c3be7da48,0.037975244
1ebb7918eec5d8164fc89b048d0590c8,0.9896676
1c81943d40e4fde839e8dd4416c7ddac,3.367363e-08
072f3a86b6197473bfd6078924f7fee2,0.23342617
8ca341022313344c0f8a351d4e08e1da,0.08959523
f3ba54486a967ec53d5c0eed5d47651d,2.3534131e-08
e8cc49d7ce26cb30e051547ba2c7a083,0.0012373404
cd430446e612e0718f869da022870639,0.19833867
382dacfe75982c49c252ac177575db28,0.3789093
7b8e660039a6c90c65c4a09a03cd8fde,0.19829874
d328faf2faee8435a80977bc75dc49f4,0.02495488
c2cd398e63479031c60710da4ce7621d,0.31968185
aa654ae54936a3ce26706911d5eb41c1,0.6680793
7089abab604cc59d6b4c4e79caa2d3f6,2.4362937e-05
822b5aeb7964486fd6dc7325cd701062,0.002570965
74154a92d827accc75ab74110d456e05,0.022987446
1d02073f52669d7b8575bbe47a06774e,0.007631678
4206c4bd467873d0fee2a22ad7b66e16,0.046251647
ac4a1b4a49258383cdd34f7b3f3306c8,0.012070967
99fb27cb5115fee8015e899a06ce09c1,0.011550264
e2d9513cc912dc7dfe34a5d5b2ecc591,0.21922359
cae9a4fb5dbff68e8bb4292a3e329737,0.2408115
3cd8daabc8483125a37315dedf5fc9d8,7.1495233e-06
bdae3383cee879f09d7422d297548a59,2.444131e-05
1ac6db661b3d53b5091fbd463d7478e2,0.20756261
47c50286416674cd01bb78fdcaff8f0b,4.7222066e-08
5eff66ef170a90e9bf161afb3694621a,0.007563833
b06ca661cffe71f347f5cd8ad2e4cb7a,0.1983299
023c360c28e3a4035aa18b164545dd30,0.011463499
d39a61300be0be5a20e105c2e9d4d39b,7.059037e-08
28daf834439dd8f5708bb386f98ffda7,0.19833437
458fec185c8fb8650a1b70ecdb167259,0.02788895
f1dee545170bda079c5686763f252c0c,5.551962e-08
972618b45792dc7aa11f410b71d4f484,0.3170053
342d228499390e7059f851cc2e6b0d0e,0.18050592
a28ba6043de3b974cd31d1831f459352,0.03346881
33bd7735e72980e6fde5abe3e9462584,0.39081633
280bdfa5415add24a5c155e1f62c43aa,0.1318452
ec45e352b19d4860a0888e8e2750c83d,0.98531455
7ff6140112e037e602d3af63e78568a6,0.9997007
0a7a234bc298a0e0c463e911bbfc4cea,0.19204907
70572309b7e0c8efe9c65bdea9b3cb40,0.41867313
707f38e6baf315485416a6dbcf586919,0.52157915
7496dcef16d388f87e3789479296105d,0.085669935
7663bb6daff3c1f674ce0828a4a38215,0.0012706034
66f5251900fe2e17e6f45c68db52e5b1,0.0023764404
f52d5f3ea6b40fb22083ace4e2eaddcf,0.9851063
652560e32a8e3ce0dad09c0578c1ee9c,0.7876915
f05440f01604e7b53c22be665587f7ef,0.3575539
10c507a039f2be7d98bb366724531dfa,0.11345001
223ecc4d6c90dd552355314e00c80d1e,0.61629194
a90e786be09e3aff4c5101dea6c21516,0.44621053
d8a658c126d82eca06e3387b280eb408,0.012684306
b1aa71d8f910ac06b5e85fa51d63b225,0.011451545
e80a3137450b92890fed53f1a39f2177,0.020809967
ebd8cee50e65d4c171728aa3150c8079,0.19833453
2f0a0443f6853f06e0a339213bc0e484,0.9997462
d57fba83233bbdd53555cbfed8cbedc5,0.2531111
085b2c84280167972cb5318da523d8e8,0.029609662
95f713af986542e19541c2c901a6cfe0,0.0015596055
3247c6ebcda2d826e275ff7c32c4882d,0.19833317
e5a31d7f945c7d9c5004b8d5dba3fa5a,0.004902046
be3011307ce70f6c54416d4688624ee2,0.14628103
365638367e959033167959cd5c10ca1a,0.9998662
d07cecb0534cb9ea48c142198004872e,0.011632582
1f3e4a6f3aa55a67797cac380150fcdd,0.04241266
0a75c74486818251a01eb9b58cd55d51,0.1983368
2a5c50179d39284e7700e8204f581e20,0.044915892
ca4ff355a16f76b968b3d5fdafd8978c,5.0509776e-08
adfd0d308408a1a145daf7474f608edd,0.0074989377
5763104b34bee9e08ff7fa2c7a0f4b2b,0.028091734
690317d5e006d72a111b42ad4f85e2f7,1.5872987e-05
b2d450ccfc0e7255b56c8e05aec89058,0.95138806
7cf299a134601714694c6666dc669dcc,0.106276765
ac79f0c778531e6283bce2bcd6b4c783,1.9499196e-07
6fc826094b0926d147f359acbed67962,0.015073733
8a10855617e564ead0aff4139ffcae98,0.0025664363
3d0e384335e435c22cb2632153a33979,0.007175391
6f614ea646ca5365dad18ff5f2b32855,0.0074807266
186b274a79cdfa858868e60ec4ec50ee,0.64475316
8cc77dde8d21cc5b20e9fe6e2c105d44,0.20756416
e04538b2c7dd78ecb48b6a2f769219bd,3.9122188e-08
f8b3b63d76dc10e7d75efa9f5025939a,0.0485251
0a0c177e3a340c25ad8d40142745f002,0.007799936
6eb3e933822b4210a6095af25edae051,0.2053783
5d48ae6443d193304691e24330d078aa,0.003563439
6b5d24e6c47dab2cc8a8892b7a7a7873,0.20048217
e450fe6d219e35713f390c60098359fa,0.002385705
7b9409802d2073a608e4ced93bfbe3c4,0.26178882
1938c9231ee578eeb8f952449592e6a1,0.7523376
d058e5f1fc6c157d8990fa10fb761b0d,0.9985611
8722373ca41b4bf16152b85c2321bf2f,0.044299394
7f3801f6e919b7437e7d0f1c0a85d256,4.1138982e-08
813fa16487ddf05881488cbbb53214a4,0.2075586
50ccb56f485630a5751e47350ebc34c2,0.89388907
7b5409f958475f3eacf6b46b29356afd,0.33994406
d8a32ee42ce5aee95bc281610e34c884,0.4041544
22fcecd807869a11424a668b6500fd1b,0.036700573
1b8e8f0d917acfbac86414d34c4a7182,0.7638445
8bf04d2de7762a23662815b92c545d78,0.0636646
9da08250603f93a6a754e219bd48787c,0.028581912
d1ddf2ac32c30a68eb82d43b6c13ca4f,0.21567626
f9e143a17b51d7a15139c256587e32f1,0.011892937
94124adeea2608923dc740d9c7d48a6c,0.19734293
023baed2758449ea9604313a1ea0675e,0.0087722195
9645908548fa4234933292bd3ddfd3b4,5.718174e-06
b909f1cd5e30d2f0441c7764da39a613,0.032165475
8ffc74bf22ebc6ed42abb5d904b48c46,0.031128854
836edbfa672d20ee3921f3522cbeb001,0.00043375665
76ccc7ad00a969e3ed139b9091c7d765,0.053869106
58ae94ffb402b3f85a02cd36fd1bb577,0.023045305
982b7e50a153b6c9220f089409960382,0.00037884337
118cc9cf996bcfcd4ec35fbbeabd4f45,0.006576421
8de5732516623bf0f30224383d33ea14,0.3099373
337b611933e0645f6b2b737d15ece6c4,0.9997009
4d237411f6062c526d4e0dd6d6517f5b,0.0411887
1358e4164da99f68dfa0ca3360d8b04f,0.031473108
3c5fe7db1a02bfa95aa37201f46896d2,0.5471588
901675457e0f8e62be3940ace708bc02,0.008121835
d776a557e0a1ae2978441243f2dc696f,0.19835076
f48b1c06f22e30a36c879ba27d2b07fe,0.4090616
c0414f91ce5033efc7080b9d1975c797,0.24486616
6785edc37a5ebc57b600979957517c59,0.04160363
78e2a6f656b7432df93a6625afc8ae8a,0.3259105
1367ecb4b3456137ba84377b13463f32,0.14336643
e96b1126a5853c22ec1c144891d207db,0.34734628
a152bb1926fc72129aae4d5fe899784b,0.04959141
d818fa7b077724797b0f445a85941e30,0.5567166
b7a84f0bbd51e87b2e7dd4a86828418b,0.4289251
1c1081d92d452759694f76ebfd152b31,0.19733651
aa5b1e50669d062f9fd764a64e7f9fb9,0.2627851
8bd9eedb42fdf2a30a6618b60a8df3c9,0.00033673173
6d883d583924bab2b456690401265966,0.637359
2cb3576df0c7ebeda8909233652cc4e5,0.03457289
d08ec54a1c5f63ad76f33c3a1181deb1,0.46133924
16880c4a15b66ebda02962b7dd768a5e,0.20656219
a090033e5da4e97e637fdd97977d4626,0.1377145
821eb42d08aac463524d95d5ff83e2cf,2.3963214e-08
6dd6149e29629544214be180ce0d7930,0.9996325
d7b4e395878bc6c2121fa96ffa7764a3,3.6544012e-08
bb8498949fbc023ad792a799290de259,0.0034218233
0bb3f7f6edf7f923b1a049ec60848675,2.3558912e-05
e637da3fd3053ec5302a6109a04ccbeb,0.13368866
ee06842146805f04b9f6a6a95f6861c6,0.30885753
9e8c231793ea19f7c6540c0c9d0085c4,0.05872351
b6ae4fd38d9092e95621941b5fdf0660,0.21436277
6da09aeed157c12c146bfe058cb94fef,0.3039691
bbfbc95cad0b559af12cd2b703d1c8f6,0.7202512
df271331286d2b30a64ae8811dad2d44,0.04204148
c8cda9149b902eb5dd9369677731860d,3.8042465e-08
4f90019aaceb542006e16fa263db50dc,0.0009517871
3647a95ff9e8b46a23a0c6cc56aee3f9,0.7828658
9e8dae7a478bcef9273c900beccab842,3.9760653e-05
12fc34c4e9e678d111eb79eb6774d364,0.11608931
1d6a1703499ac0821413391cb7010827,0.0009548341
a3dacfd98a84c0c95e307925152ea8d7,0.12030337
390db9178ab48de911075e3133f00101,0.021207567
ba7b1f471f2f687eddf5f71fd4a0f5c1,0.24142058
dcedba421f77b27c880c8540852cb777,0.027942384
2f50e2a78ed7403f5a40c17953f44008,0.13318427
68d8c13e2230c7827799e02c6707ce8a,0.9935786
2380cecf6281a9450e73870cd2cf85f3,0.21904704
a80ba58ae3a689c96d94c1d266e144c0,0.03934706
f50e8574e0175501a77d570cae095a32,0.29908332
6e28864eb4717f3295f4396791264f03,0.5813122
979e038ec70c3eb89b7d4edf5bfd457e,0.20756133
0a146845b9a44a97b06375214dcf60c2,0.029029718
93032b2469fe014f590746cbdabf1324,0.3297343
013074549a9f187c887c06fc7feb8106,5.660154e-08
4e9bca5b648f7ec4dcbfd2e64811a2e3,0.024676625
52cf8574bd531df8c918512234cae700,0.043965995
4ea11af584f09f5027069da5f483f4cb,0.00026866264
5dd55c924428423f3e8ff050fb136752,0.0023854044
1a141fad6a8e2611f3b529234105f5c4,0.054585777
c6247f92a756962b8cf753f9f8269913,0.034326892
3770679be18a042d33ba1a7c936c87ae,0.19079733
8d7a0bb3f009301419387a386ba8887d,0.05400581
edcb3cdfc1c242c3735e194d3233eb23,0.33221135
b053d99cd9ab97aaa9cd547cbb7bdf77,1.052543e-12
079da7097f264cd0803853fdadedba40,0.043883733
54f5f235a1388cad7478eaaac94f9cd2,0.80526984
2a29dc860dde0671ea17f92cff74a3da,0.040881414
54d0ecc41184d4674db1a88c92201725,0.041820373
664807f4e242573816267ab9508f68d6,0.028329575
80af749ce365360c330a1496966f2bc1,0.27455136
aee6a9c6b2314e2bd07cb5617e3cee13,0.37662598
c5b1ad8c8ef3653ed4bcfe2a569ff1cd,0.5745465
365d9c3037b233bb8dc06c345729f5b3,0.007238076
badb3050c779bf6a0fab72d761227c00,0.03429451
8341498c824a87f2655e178f99a5708d,0.043335322
7f64b6238f090e59c5a224239b4569da,0.037022967
b58d80607b42b6b77aea5bc014cb1bf5,0.0109839635
eb0399e0b1668e547faa36b2424df337,0.46292287
e214034815cdc7db6203e1d3aa322b64,0.028972846
fccea4734d40fafeea7223b934a617f4,0.10078452
09b47ee26f207405957bf68e2ff6eb83,0.6818857
9c034622e4e429434b9dd57a119f9509,0.022065038
8acb3e5f96208fc376ccd3c3d16d43ed,0.1304676
6bfc09c365fc79f5bb7cc5090936b7f8,0.015822446
2b179947ae78731288129c712f9b5c59,0.20993435
26dd8cb5041400859252e528f1a0d300,0.19921623
74176b716f8149adae9a2a8f4579493f,0.9801651
2db6b2492454bb1ea639b16a1d1367cc,0.034169838
3dbc14a9512503ac1c85f0779f98de92,0.032576747
30ded2053fe2a0df40f8071fadde19f4,0.04483977
ac15a469e23ea7318db185a369386cd5,0.8996645
47f0f6048b2ebb12d630b7fb273184d3,0.19831766
c7449c1fe50db66336f36090461c3332,0.04863802
bfc383057a1eaab675e404f94ca62c1a,0.0011113923
ecb2546e47da2b0fa437f521bf1d9c00,0.008678516
f8830c65132fc6ec4ae02e64bd5285a2,0.5818195
7e73674ad0113b2a25483ee057e6a9f7,0.0011491143
26cc2701e50d6620172018cd8997de4f,0.5430851
a478de39522124d5714dd43b51c87362,0.20276019
40c22c6ca832b8b73646bd7558119ee4,8.536086e-06
c2eb506a5d6b7592b4759889815b6dc4,0.46333665
1b498a1ddefa80def33bfaa79b3d9189,0.25839388
f7bc8546fa21b69e00e98d9bb5922874,0.4094839
c60ee7cf0819758c3a1f40eeacd29f7c,3.598342e-05
42e05847e688b47117f772bd9c605730,0.0032361597
bf17c319083f721a38ef9d4eff2e832b,0.377084
008c59688ad1cc09e4a0ed9739a0d408,0.033648364
7e073eef5b181998d8a3120c51190623,0.21625583
c9e4a1712ff9a8051729cf343a3e128e,0.025562415
d3f5cc4888e982cef9efbce21c381960,0.5582991
df43da230b3220a8615e52c2c4684a1d,0.03833967
701207ba98d63fc25734ed8b3961d711,0.6725415
048d9eeefb91559598f545c9c083fbd2,0.011595143
955f119f06f1a75e2eb0d40985c5f81f,0.03537548
eaa413c000868ced4e45c46f14411b6c,0.59921485
62eced81eea2150449dc14b1b890acd6,0.19733639
80254bb1f10e4c12f9b29a2386e631c8,0.0028734992
ca1f1434a0da0555c6c3eea607915f67,1.065807e-12
09e33de1f246a85a857775352f991e37,0.0013446456
fef04e1f99afab435603df1d29475a1d,0.011454554
599c1e2e1a4dd4655842bdf0b08c3d63,1.970202e-07
67386564ac741c5d4ff0e164d8da05d6,0.35577932
d7d9735f17e1f58ac955dc498b0b5f75,0.3612935
bc505b32fddc178bad45c935a55ebcea,0.035311103
1003942c7e9e1ad5ff4968e70c55c0b8,0.08473883
5628b2751443926dbe5364bb3ec4a8ba,4.100184e-08
afd157d3403ab923105534e509fb589b,0.039446115
731d8907e674f399fbc33041492da3e0,0.99946773
8632637bb57fcce6d5721d1e4d26a1c5,0.022095058
6f0deafaf25a0a267324512f39f77b61,4.8774393e-08
4fb5677ec4b43cead2dabf11a9e5f628,0.08144091
855b8be129cdec965861da8c8174d83e,0.6692715
bf536405cc356b2c105edac97ea4ac03,0.81934273
198322c5df35a7c3b8eb5eba57d43b99,0.46155745
925c39e0c7ebc40828bfd726c6a8df91,0.19734064
b83260aa47140f22958ecfddeeb98aa9,1.0855072e-08
c7b519e23bf8f77922fd3943b4f1a0b6,0.0023858217
9d4f135cbb84ae7b88ee1decbe76f374,0.22746448
d6dc40987da94acff52f03766e6a8dec,0.051029127
7fcd01ab15ca819d511c7bf7a1cfd8d2,0.49374333
31d7614c5f8c0027a2c43189d55b4998,0.039945185
919120bc460057d49447517430e1d68e,0.009098975
f1d605d9b1494f667b4932914051b0c1,0.45033717
fb345748146ee8519b6a98756c11248e,0.5953849
170a13f68a66d32520564c0c16ef1e67,0.012684897
85b0ece073014eb4313d39757c4da55d,8.638079e-05
eb984488c5e625411a26d818d11a8976,2.575213e-08
7278e62d3f83295bc673197e126b96b4,0.19856273
7e32c63b403055a1f177a332a354cb51,0.033628363
61462e32a806e0dad5eac93d4504df9f,0.21650822
545d8e804b9e5f76b0e7d6c18510fffe,0.044493765
2dcba2b4ff74da9cb46db406bd8e5d6f,0.49600688
8e98974c6678bfe4f41a7f20abcf0c87,0.9997112
3172370112b0a5d7b8c1df8813c5b23e,0.115980566
259cd275a08c4748890a0defbfde0cc5,0.02302281
c14489ae919107d01fab4566d214706c,0.03597208
17b5f43ba30e789b614a2090fba02ac2,4.9989136e-08
257cae469db10cc9d7ba966c55bd66e6,1.9666182e-07
947bf96f3f89424f7342110f53e62995,0.012028465
da413654e3db65fab94e10fc5f3ad550,0.17681853
0648e03fc6f8e76308a655a092257306,0.71843785
0bbc6a89ee2e526786c66957c6684f59,0.19276199
e332e8b6ddc50a595e439dcf447602fe,0.14185694
173c258b7131e53c1cc40d9a9edbbbd6,0.31293327
ddb627b14e85a0645978f8cda650cc2c,0.09424193
50bc2836e74c97d191533249f007a428,0.3545863
498bc85e113b07ccdbd93f97fbd9278b,0.009314887
8cdc2f12d503b0fe4c2f3036ec0088b5,0.121781684
b5ab97bb293d70799d7daf2fb6363e05,3.243908e-07
899730fb75fdeefb6fdaa5e0418b0263,0.9207014
39d0f5e3d0b8875c343bbc2f4e30cc25,0.007377251
4a996f089e71fc0d80c0796e00a82d39,0.04001714
fd36cad264eead423ea9450170318117,0.03261848
7fc401a61e9a03955c0e6cd634e29a85,0.36272
6f80da92d514c675e564033ee86693c3,0.19832584
90fbf0e979a47927445b1ad2159a52fb,0.0400373
570a1b3785a40349340b97d4de97bae0,0.023065478
da91a13deb06ced6f9699771d14e02ab,0.9836025
d72adb614366e1087f66d872dc908c53,0.19833124
e4e6547fe708e4f9cbdd0bf9f831048d,1.1981584e-12
da3dbba85f5240b7cec0c5444cf757cc,0.19228035
28db2ff0825b1a4cc9a2d23b1892f04c,0.012673469
6ff2dae84dc8f964e4a114f7624e0b98,0.013891995
2477e209d3eb33bc37fe1758ce97c4bf,0.01675806
5f6d06f6419decacebc1d48e46ad5d8f,0.024954453
fe7463f65be40199e28d6fc68e49e05c,0.03196606
31910e2b3697e715e91302bd48b10a69,0.03793408
c0ec7c768648f056e3cf0c022db66d15,0.002305304
32045fa25bc8b50a5811cb0e77caee24,0.03483721
0bfdcd19bdde24e701dae510c169d842,0.13388696
a96e71562152ffe70b2480a4e3105aad,0.043022033
00a95800dde18c25eecd1de231a48a34,0.42454427
25310e43c70213f3f6779044d065cf39,2.3423919e-08
fdb906df5ea0bbd4e02c24b16d2372a0,2.2863597e-08
8bb9f4288aa3ea7f517adb95a87d593e,0.061066877
ac0a041fb89205d2dc364cc0e05244f3,0.7971575
5d8b23dc2b68c2b6bca137a1aefe8fc6,0.49945593
53b1e433b66ed04ab1204e8b3a9e9785,0.19720522
776646180184b6acee285d4f2d842b2f,0.19645664
9224b0d941d0fc1558c0a01e70a7c123,0.4585523
c71e893640a6e1e4981866f302b79a54,0.054241918
4a8ac613e25de96b0bde374a3e14e30c,0.19833155
419544281ce5e87af7d93457d2f52618,0.22963044
0da0ef356626ef008d2ab64f399adaf6,0.79988897
23fe4e56e66ece317fe7b1f01d00c428,0.2718033
bc3930b0b048a791b3650b7fb579df05,0.029739404
11d0f3833caf48e6322a6159c307fc80,0.02169873
f2fe87cdbdb31767939144a26bf8d1ba,0.007983116
74e2d5d5adfd5f2f5a8dd116f518e6a7,0.20746267
47b72a18da5aef51ef01958ce09af75f,0.28930888
7e3548224bbd75db70f7054247051496,0.20748278
b7ff802db888405147c7c04e34755184,2.694758e-11
0c4e9786c02ba51f118349f2eae85148,0.25575328
91fa725acdaa0d3caada1737a0f77752,0.33015808
7e4b39474166d4df737aed8a4104b7ff,0.9482859
78f93cfea57169003b942a6578394403,0.2828477
e1d4e202be7eb671fe429cd6c8b839c8,0.799884
5b97b84c4d2514ba310b0485bcb4d579,0.9829956
917d08e22601a7d99ba9ca7d89679226,0.9968011
cc708797a74b4aaaad59da875da24d8b,0.17358449
ef175b8daadbd51d5bbc8ae185a7d62f,0.71506643
62414027d0d77afbc6b7cd30c42383b3,0.043609
34a1174d6b7e40c477f52a53d1b000b7,3.4506155e-07
af6a5649e167f189f338d864d51c718b,0.00051250885
66a70ea643af8db47ed365e37b02ceab,0.867947
f0fd8bc79300ec2bef2d83cc295c16cf,9.369614e-06
8103eddafcf6fca2e101025d887677be,0.24715635
dc8dc50419b5c3131769e4d14b8326b0,0.04140554
cf41a686e63b173060db55525b7441ea,0.0002913173
31131b90c00e892c8caee07214dd45e6,4.290521e-08
039173505f791d6996637246f0e5d674,1.0476802e-08
76ce3e408127aaa6b267cffcce9c19a3,0.016558733
95815ce1c8a5dfa21cd7da8f3e6f7c77,0.9997221
29d791128665e1893b1180fa9e035a3d,0.012685636
a23deec5b2476e61be05245d5b048306,2.2941153e-08
5ac0d1e71fbf814af2400670070e46de,0.9859416
7a7ee53fbdeadce26814265c4dd9338d,0.25835738
0a7ab8211c5250e5a367ade6fea72207,0.9837842
794c9827f9a3695ece6a6496dc20c4d4,0.9992995
419b7e8ab586defd3325dc3cf6f1224e,0.015757283
6c7138ffa8e6ce40e19714e82a590d77,0.007291569
acc8345f19a7787c82a1610bd6a25e46,2.5376434e-05
e10aee4296d24e25820a6ff5d64293ba,0.04030973
e2020cad1ba97c4fcc5b0269e462c009,0.6230415
b264acfc016a441f52c8ea967662da99,0.1528199
853ca2529f0cebb747e6d27a432f3cd0,0.03792146
3c44c06fffad677d1b6b2cd1cbb966f1,5.822927e-06
bdcd3830e6c8b4a7b870338c692b9ff5,0.042579465
a0a9733172b4e939a94db73c642b5cde,0.22897287
659708a5f78b6d43357b3dfecb502883,4.6178915e-08
879c99d09905d971b921040606b03716,0.15654136
58270d0c86d3acd381caf8090ac4be82,0.2040054
2aa3141ed2e4a88ee949b8b3e75a7b8d,1.5161453e-05
af72cafd004dd4ce58ddfc3415840a77,0.6962748
a70738da1c75ed92cffe9ceae0a8c812,0.6883141
88e911b9f27328afdbdc106021f8b4b3,0.066865675
a361915e903926437ffd913e5a38bdba,0.039492242
339c4f6c084940ddc13c0fbbf084763f,0.19832669
4f67c54641a064b03a438304a034c4d3,0.017922686
5d1644fdf22aa6a7b2b90b84c81cb8bc,0.32617253
4c332032acb5056b4a30c2c0bf6e07f5,0.03483381
6d9e7acd8d077758f87e58a839ae4eb1,0.9994898
4364a38c9be10f55dd49770cd5f8e865,0.046945434
0f7db123d145142719c707374a5848a4,0.6255747
a5c7d521481c10305fd0cbfdcf21ed64,0.0010253326
db0122235200942a36136b82ea9f0827,0.056607593
4a079e5a288ce1a724bd41683e1a8915,0.9984256
699564a90f1cb8f841a95a4eac5f0680,0.04456603
d8f7a8dbe9c0a94e1cd735531f97c06f,0.97162694
9751bb6acff64407e32a6521bc45d7ec,1.6638482e-05
308bad95f21c724d528ad26b493d5c80,0.032399673
860c1ee07e6138e32b48217c0d4753fe,0.011606914
1fe4bae2aaf7fb35182c9472d23914d5,0.21679752
81c73232a7b0e88627533868dabb87bc,0.012822486
dc1de5d20f5a338161e04cf28773844e,0.011591188
d9445230654d47dffa0d0e6f4243caaf,0.09738179
696416dde8ca3a99b1f7d85b4af9bb32,0.99972564
a69f0d1b0700e27197b0e430cb884cb1,0.0011673677
8dd64ffe97bec04b4e3e820740ceacfe,0.32027477
ef5112cdc0460ff1364f9cac0f35e17e,0.06299378
e08a6b37592a96de7df1a701000ea104,0.028163886
fe4f7223c80f8a79d0b3c0f964bac2f0,0.009531403
b4c796912dc1e82b96aa1339781780d0,0.84188664
b2a1c014ead46ec86c3e671173361534,0.06484185
1eee8d8100ba337f6f64ede28208069f,0.0007975114
2fe8f5301f0d6ec611482fdbaaa02d89,0.7709219
34ac9d7195ede50e4e1592feea1da71f,0.010508626
62e3ef58bfb4579b42ab0d0eb0fb4e68,0.2772356
aa2e237c5cd90dfa638c6ab634d6aaf7,0.0884307
b6d27f30280dff7852c60f498c021ede,2.4591746e-08
fb78e1b389a506b7c6a388bcfa50bf94,0.99931335
bfcfb7efeac8c01f7cc4ad99df790932,0.49609604
63cd2dd8180f0e3fab95bbc0ad19a8bf,0.14765136
81ad8b8446d60d8dc6aebe5e854c587e,0.983621
729f85dbd2d0338e5f3c612ec50d4e22,0.596079
2c935661dd01d504f3f7c4bf089a927f,0.06129236
64b390bca178a550c96e599f906ec463,1.971744e-07
81c96b91524050723ba01ab186be6c75,0.26711744
097bfd5566b87593e96d59d16424e045,0.10505371
7980b710e7738fb672e39277421fd0e0,5.2933842e-08
17c15bb001f0fa15f19df9162afc01bf,0.19733956
6ec7c8c6cdf6e7f0845f13ddf48c7617,0.19443019
f3dfdcb114bd78dc9a71d55c7fa029e8,0.047687642
8be12f3ead3c1ffc9260d0d8fc7f3b27,0.002850926
f1cb2e0e2bf2df6644222577679f42ef,0.038533073
daa374c245a6a97a5f8c9f6dc178f6ea,0.15526697
85d86730b4df85c6f738bd75e3b0635f,0.012041001
4e8839f77a87214db112587409a47337,0.198338
ee9583460a9dbcec55f02dbf9d41604b,4.3985164e-08
81c804638bf45b254a30a595d1f19429,0.012680183
5890c276193896a1c6b49f649c4e2807,0.5403919
675028d3d3c3b07232fdd4f7c5586f22,2.130112e-08
1d8d45af7bfebf348f3985f174672d24,0.030082375
18b804e21a3c1c80c195e7d20dc38477,0.086853094
9bd49816b9078cc8b05f2423e4c2bfd0,0.0023940024
1578d63cf9d99cd231fc87765c5b62f5,0.21553774
32b46d99c23f4123d9f36166a623738d,0.8094891
b0374f24a89be5182479d7ad031053ca,0.19834192
4227307fe0ca833d157eab732c8bb09e,0.04963579
bfe27e96a5a3dfbab144e1d5f1a81cf5,0.19833681
d3a74a8785c0acdec445845257db4a5e,0.029832458
f815d985509f8c81ac359d8eec66808f,0.13827038
60d678f5b07ab7f23342c4b7aa51fa90,0.85509366
fe79a43acd07e8fff5031cceb25faeb4,0.19834143
ee337da617ddbf57ec3ad55b1f47fe6c,0.19834732
e12ef7f4fce98a87e2228006b7b7e4c7,2.658309e-08
d705f388dfc8a1357d1c37a2f4eb6425,0.020988468
ceeeaa5da1f03f0b0635f4c0f38d439e,0.0330239
77b4d18ad751486a21ed934d39571ffc,0.739197
1b6c316e7cf5ed19110d0a3c0f1b88bf,0.36894625
5aa3c7f9bf9fd5a8e5bcf4011bd2bb58,0.2639703
80e08dede4686e2ce78eaf96124a1992,0.5447213
e679318bfca14b325f609364f09f910c,0.050940823
c073955433020be9cf52a8f3bcd1961e,3.322291e-08
805ee95315c19fd803470fc07f1cf211,2.494571e-08
46d688a0010f0a50e99c47024307cf66,3.989124e-08
fa103c29e5147136b6e782e9e11d6977,0.0047676815
1a49475b45696159624d0ef6a41e7c78,0.8798745
7da2c1f9f86437b62cda236f995c3540,0.03100114
78c0330d5b67dfe3dd5a2fcf7ca2c3c7,0.00085602776
74578fde2ab43d8158ceb73738af2b47,0.02807964
6ca50d7aedd139c487f7e3df21fb968e,0.012675835
4ecb2292e8ca50fd84f24c53911c39f1,0.19733264
135e68317cc42408955eb0de778a0017,1.2807114e-05
bb3549f44bfe4ba9e1a8f66e129bf72a,0.19833359
ee8cab23d00d20dea9c9935ce67315cf,0.02792286
1bfb60394f88e194bb531fff83a82296,0.3743744
b4efd8e3f0c9fc44a3d5a2df63783934,0.00089737435
b58ff07702c37ad4f40ebb163a148372,0.022328882
6965df4d37ad6affe159c89e4c9dc2d2,0.001778
5420cdcc83a52c6d8465bb88df6cb56d,0.011811581
9b4cd7696a41041bf859e952e2844b6c,0.0075441236
5684f43fcd8bfd6054e88aca3f68a811,0.0072874627
1d0e7490021bd693354765460d734a2e,0.19833519
8be6f0c1dbd4b9789e674f6b36558517,0.9830702
847ec15b0be4a2ed760571db6b02ddbb,0.43572703
443bc8d443e80239236e362020bcd4e9,0.04315244
835a4432c9069b9092927bf22a3f311d,5.2338454e-08
fb677aee5876a529dd79dd46c515264d,2.7418274e-12
2edcd8593ad307504f92d3a86cb412c7,0.6972624
d123553bafeb8829abec88b2e5454c77,0.012695894
b52dcc3b75ef8c09359884adc20f42e1,0.1535345
38af54f6871ab3c855a1f9a5db55ac0b,0.0076789046
89836b0e2493768528d8468c383237a6,0.58459246
0e3194f7aa4acc587c38bce809fbb1ab,3.1297986e-08
e2d2d3ac505a639d7c14df99b3e0ccc1,0.0012401573
9ce0c562573feab265ede53fc9afd1a1,0.20053533
fec538baadeff4153802608b3dbd9167,5.476473e-08
01b94c08d115e2b28094b242e2c53e25,0.5229949
b6020e64eff8f41615e84055d39cf4a4,0.6786479
892819cf4d85c0f717361987492d7c9e,0.009363792
1d2232da44789f232efef584bc086c1f,0.0632264
abfb983e37066105bf9e7f318bc1225b,0.98388577
4b3e1231c561ec922136b4bc0a5e6593,0.02772874
7f2328188f162dbcde4b04abe2f5838d,0.01205207
e725ceaf8485bfb29a874bffe4ae9cf3,3.2481904e-07
a235476270efd6fdce5c320e1f4e19a9,0.16854432
72aa0676dafc892326f4b08edb12e5ac,0.022742279
b8028b2e8fe819d441f11ebb7c506b4b,0.09023724
1ddbdb422158abb85d5f94a763ee8408,0.0055550067
0a66f823c71562475b5877bea3bc53fd,0.30492193
8eb75910e3575d114b23f52f0abb4ff4,0.63283694
73aabc0464bacfdb03391fcf42dc0dad,0.07354443
3c27797a89c77d1ee2de13225fe47c63,0.46626863
60701d77f561221e41d14d68d40829e4,0.011594071
f082f4fa56ffffc4bc45ab59abf74a0b,0.1169943
29d9ea42495e90a9e5c69945f7bf6d6c,0.732397
18cd8dc69988501a1b6ef63eac95814b,0.007579147
d4b23e1d9ae55b7c844509cfc1618b06,0.55576074
519de67bab0df997e8cd374afacbf25a,0.03792705
18a090ef948dc978b31838989e572ac6,2.0431846e-08
018f4fc8c4839cb3b0b1c91e6504c02c,0.003248573
4659872c2cafbedfa6091f83fc52a7e4,0.19490801
eba0df0f432636bc2def2f8185cde6c1,0.47876644
ff4cf674e227dd20af82738b919866b1,0.9146498
aebc6284ac3765ca7a449a9f1363f976,0.03870452
0fdd0300c5ebe099d434003539ab09b1,0.007862939
c49cbe6df6a78b33c9cbeade8b7949e9,0.030938
9073f3a56dc4b5d6123dfe968e0af76e,0.043644577
8a5abec7a3d5c64b81ccb743aa4ef562,0.044981517
990c02cbb92dc95cfce7481685eb5ec8,0.36795452
b6665a1f7b977a3f63e2ad75c1aefac1,0.80712116
add79cc8a41913f070b5746c2874aa9c,0.011445805
d90c1a280e172234b30fc258b3685503,0.5580811
24c98fed4461969efe29b5b88b73ee64,0.007401093
9269dbccd4fa4e2aff0f281549fd6e15,0.63387805
6b43e21569941156ecb6a65ee608de35,0.3108135
ab7f1d67b398bd2e9b751ebdff99a9be,0.46376032
0a999f304934587b7ca41710d51eac57,0.06564705
821e9e78340c65e6cdeac3b6d6dd5701,4.630639e-08
2ed82c0e20101d948a61ead8b7f5eddc,5.0646328e-08
06765d8b2c9ddfd087b4bc2e7a571790,0.8209993
8d17ee95f8960d3a7ef23587c0497d1e,0.0073202243
db40c063036ced4266bfae3f37da3192,1.0181107e-12
ca65a421ce8d63117141a8b8a0a6baf4,0.21031535
40f705a5f3413c3f39eaf91a004874ce,0.006875936
3d39b6416cb884cf42ddb3c1bb60e46e,0.01776969
84bb67341be9b8fffab61c37d7b38004,0.9842057
b681ae84601735f077a089ba6cb5043b,0.19733933
f7ee09c3cc2966a24edd076f056f1cf0,0.011547419
0f678a6a71bc75a53731d53ff0045e1e,0.4784351
bd0f71042a834a87d9b435de62769f05,0.20753658
4ce01573206940dc66e2eb9b5d54586c,0.016986743
74519e50ebe2afbd591668b269f28245,0.22218621
81dd9c4d059e9eb4ffcff651632a4742,0.06892771
2a6f3509ee103087e74547e50a23caa9,0.27394542
0854c6f8edc7e5acf37cb433e4ed0f19,0.39067706
27a45da073374a6bb6d3520badea9a60,0.98315513
6e243a2e73e401b08defb7b9deaa3e64,0.19590345
7527d59472f7f5bf51187b1f5cb0e0d3,0.040728875
31125c3edcba77b0201111de2bdafff5,0.01268355
f75dd32faee9cbe10f4e0e1dd000ba55,0.031984247
a5160da133f4cbea4d479488e2926f0e,0.29092598
f21acd8f7f80b31f4175edc1bdad4acd,0.36526844
ea170d2d3507578abdb2aa24abffa4cc,0.01132364
7c0b2fd98d83b20882c1d3015bdd44b0,0.19733472
d2a83b6bc1f770d4964edcb7e5854255,0.26224592
42d36d37be53a6f33a14de2b527cff19,0.002131474
c9a71deba47ecbe7902613e90cf79dc9,0.7874019
e445e33bea4eac0a19be00be5006ebb0,0.25253367
2c386286a4b94dc014c3d8b162857236,3.5836795e-08
c24eac6df4f90455311845592000c1b3,0.51636493
729c917f9db6750125fbd0e8288e8feb,1.5876543e-05
bc83bce6a43d332eb1c1ade3a426c5ad,0.034549035
7fc4b9a7ec6898d22ddce116715aeea3,0.4914151
df1a614610b2670b2fd5e9c3763ded5c,5.8217383e-06
97451e9be1e26f50f4d2dad4830da8ed,0.19006276
b12d6b6bdc6ce595f736bb95b7fb20ab,0.18303576
ee96a19e4f905471ad38185d1a76eb8a,2.4055364e-05
b523cd5a164ffee522afa53e64fde903,0.022308072
dd25d1716411318c41f0bcfb84b62311,0.8667901
259cdbdddf00d2303c939b6a04cce287,0.12448581
47b0a8bd5f0700b22eb3196556fdacf4,0.39567155
fd59451d3fd3a2d855c9f7d4f270262b,0.0024411622
860ce7fee6fe67a5e85b731a75ca23be,0.19107017
c3331c435e4c583edc5a3d0b9049f4d8,3.7662865e-08
62088e3481e8c0a6422722202c9ace1e,0.04738694
9b226c63e769dd37ae17611e287c71a3,0.003829345
dd6b3182c18c0f1c7b4ae1f8dc06579a,0.023104865
167a35e2ce6bfaefe67a63315e3ed705,0.04832988
07418e64782ca75eef8f941a0e561f22,0.038069587
fcc680a332586fdaf71195c80d31192b,0.5611503
6994f28980b8f5cc8a8a61c8bde2e8be,0.043310918
2de1bed87c684cd6541bf5f0420e9de6,0.09819925
b3c7d080355af08bc73482d35b1b3b8f,0.009187204
602ad1f260e2989ebf9e3dc8ff85f8c5,0.4432839
cb9b0f90a47ef8469692ed1c5a14ef50,0.022318719
40e3891508f0c481ef2b7738874e9c48,0.9488071
e6ff05124f84d29b6a2ec19e15752dcc,0.011931758
495ced71f285673b20da316fb4d82277,0.19733232
7b600f6d17a6509e2dcab6281b9fa647,0.03049459
e793a78bca91b29ebba49a7ae166295c,0.011440548
9119df7e38834f24093d67e2062095de,2.210605e-05
0cee2e50aca217d33607c80b1d329bfd,0.19094416
53a06f809dea6d3dde3ad0cbc3060837,0.49617547
21906ae3aa7b45267ccfb74ae6f7947c,0.00036803208
be064bf0e77ed1523d1ddfb3ed6ae67d,5.7658735e-06
ee8ea417e9a0d06979116eadd216bed3,0.032154463
cf30521725c65e955b73d46bf2dc4d3e,0.21661115
926dfff17851dfefd6b7fceb0a6fb5c8,0.011478606
decdf0e2d82dd4bce817d6cb7d50271f,0.04297976
c7ddb13af60e8b0ff4892982c5f85fb3,0.039591618
de2e3a05cf752eafb699301142d1cbe4,0.0067652995
a27039e0803d3a4bd43f535b07d91b61,0.95391047
2e371dbe7c968d0a7bab5e3dda60096c,0.025655702
0040b94c83938f8426e7e3dbe9908f54,1.9599477e-07
6f8e9933f69ebf9917a627d98eb69dd4,0.09595959
746db8072df3e62e32708babf8ffd349,0.019130629
86a836937b61f3352d4c8d285357cdf9,9.07319e-06
564f5986244b371879fb30a6bafced56,0.25709543
e3689b491853f4e319e7b95ab7cdd923,0.9990897
b0c4cfa9995e12959d1083086574317c,9.262489e-13
e626a6657acf2513f3ac55b1670968b9,0.8329073
3ad9c7d4661ea52946c85386945c6611,0.047745254
73816adf0b3b84f82d59c3ff4258b2b0,0.04372296
26cbd747899f61b84e196a478e993a40,5.757297e-06
8c9bddcc74b2b9f391ec9fecefd25945,0.20747054
c22b21271060b4c03a0db475ae6e8dc8,2.4270406e-08
fa03197ddd46873592724d61782eb387,0.22183566
31f419dab06337c29c3cfea9a863ade7,0.0456
22de9714391c161f0e2491aa5c2a967d,0.20747605
78e6707f929c7160162029f1617ff8bc,0.00079212215
166b61d3f17a78a293c08b503d7f4115,0.01877546
d8a0520a387c5f6f5ea946e18f7bf57e,0.04230971
accb857a7a1305496a93dab2507f2dea,0.24152689
aa88d9fc09e1f2a31fb760c5905eedab,0.57358
27dd4834bec4fae2c0ef8685077605f2,0.0075298273
2b05a851cc5667a625b6d0fa0f124893,0.3901003
5d25c4eb5b46d26781572002329dd2d7,5.9071895e-06
21b8d5319c7d1cd4f5e94965cfa8db3f,1.7245205e-06
31c1b425aed42e2e471e0ef4abf2668d,0.24379978
973cc2bf8557bc99f493cbb0e93ce1b1,0.24324015
c70c0dd23b96da50426a04ea105fec8a,0.050877295
4207ed5c99e5c8a0f75928eed264a5f0,0.9827175
c6b34186da416f5cfd53772e75ca4642,0.20053525
b5c5f75b550ae73e911c3db2bff93ac9,0.010051733
678d61d9b507827417331d665853e38b,0.0077966563
e99f6c5bfd34d727bbce3d918ed3b26b,0.00722514
6a1f143f111aff624c5e9cdcc93db7f0,2.5077227e-08
da4f8efdcedc5127259905dacb89b158,0.026946312
26ce2d879493f0de390dbd6592001ee9,0.037401445
5ce6ec0e0b78f0c88a3c75def566674c,0.0002061987
984380ba12ef9a8ff0844e8e12d2d6a8,0.0038594336
9b4ed4eca37637595e359ed24948ca3d,4.873775e-05
c2188898227524659261da94c6439dbb,0.049118742
ebb7404e15e4e2a7efd09fd6e43314e0,0.022416888
8781363310d24b2aebbac483e0ec6886,2.0591955e-05
3b14f628f8bf70c6cf4fa860bd1e02a1,0.024580535
b9f8f473f630d80a31d4d3c27e210b64,0.18146475
b02a66b03bddcc486cad87d0141e899a,0.038278975
f7f88708a942ee042542240bc8c31599,2.1820762e-05
f83d4112ed4530019aec4a4dbe29f273,0.042718112
de802c76f253b42e181b0ee4e8762b8e,7.594884e-09
3e14b0e5b1dd1dd0b8fcf14fbf1bad05,0.07059513
fc8f7a25d9f3e04b04573ca6992f315d,0.016556446
d9ed57ed7b20a602a82b9267c447e1ef,0.4764503
48f7654b031432e83febf0668e71b935,0.23942466
25847580228d72e4f5bc58e832438200,0.17727183
103b523eae9dd35af09cfd23957495c2,0.0007129947
8792c5e2245c59127943c4603aa5bf2d,0.835725
96665f91f07b94f62693e439e6189248,0.1320533
ddb861d2d794872f2298026904f94459,0.0025704151
196ce68a45d06597273ad17539af2959,0.08061902
b284bd7143dfca7b0a022ca0c49f5dd3,0.00045653543
7ba9b4991442b04da058e27daa1702ca,0.025190705
f04568867748529a70f1f0ade1abdb59,0.35765466
cec02f57e1e9e7c91ce4f236efdbecb1,0.034673892
7407158de09ffd379139f025f977ec48,0.19832397
16ef20d3b9c1efa00bcfb8d3b68b590b,0.054649066
cae0cd459aff6d9f15a56abcf8c06799,0.04334356
be7d9414ccb81d540f2030f67193cfc5,0.08632607
369d080773753f745725282089789b9d,0.6327006
243b4dc9ebcf55ac4d08dbb32497ae4c,0.030894648
89229f8c3dae98e4bde66d6219a2501f,0.0023990893
347fed9cd054d6c7511af1d749e931e1,5.8006968e-08
0c177745dc1c14d82bcfe51f33d45989,0.037623
72c0af667cd5d79a9355cc7c7b6cdb54,0.40270835
4be159c9a1b11b399ec551315c28a037,0.49134263
5ae15735ecfe75f5497fda1fa9d3d477,2.3996578e-05
4bf77a92c536a1045bbf32505aceeae3,0.19831835
686e89c31f7c57de498036877db33347,0.20121801
445423a82244156227386e95d0fa7c21,0.031813048
f2748b49fe67f0965eb696069300f862,0.2561737
f5fae96dd2c5375ef07241d538fa6372,0.32628432
dcb9b17f43cde66681115c94610b07c3,0.022344392
a63600faf65c443b01e35ead3d9e10ae,0.8001739
e76b86c2bee5aca261912dae288925b5,0.7149994
cef7ee9e1f62dee0202a3288f2ef5904,0.050314493
bedca586c550efe1f8d301794fbd1411,0.079696946
c133f2eb125bf66f25066899009787b0,0.038281545
e0fde41ea0c0608dc77fc0fa2d3edea9,0.00039721816
d8a29bdb57330e09d1445f28f9f22d7b,0.03660523
2124724c30d6bc33d2e7f8388c83e815,0.0005351727
5aaafc66d84fe8d6c4ce8602a166177b,0.1825495
ecc809f120efe85c7b664544559af7a2,0.13194788
3d43195d97e98d05752a2427b966b1ef,0.033924162
89fbf7f71945cc2a58ffc1d16c664771,4.1425416e-08
dbe0ecfac1b14ddf119513764da9f906,0.012852857
44f225e7f3149f478ad8674fbc2d6a53,0.040610798
3d4c70e993504876e9c6e0fd3e5b0ef9,0.23973839
1913465847759e2372c0ab8faab328f5,3.679739e-07
9aa63479abb6ab699ed832636387d7ca,0.19735244
a18db9894a577032695e8f6f2556d25e,0.19761613
687ffdf3b755f74255c81f9d551ae68f,0.19734463
5a5fca3e41e35d823710b0d92c349979,0.1983271
d90f1349f5e527e4a50c9599d9257127,0.02793162
249c75f3b4d81fd8a24b250454cc3d2a,4.3721e-08
a103af943c5f6ad8f9d091c2a556e77b,0.19833858
8088e5433733be4624618e8fa5e2ae07,0.14194179
550583c6e064d144ef806e9562baac35,0.96699506
53e6692cf11ff2abe61ad337c282c2ee,0.33223802
e4d6d35df1ce6450b148878687f4d5f0,2.5885413e-08
20bd31597a70076958f63b72d6f6986c,1.7255408e-10
065698739bb077f699cae4dcce5c3399,0.22839406
a4b4d26547f98c08472d26a32865235d,0.1933167
2a10dfa2cdd910b37225aac0f1ac5f71,0.029449943
e266994ca490deb4f35e557aee55630e,0.22409327
75eb41c498c32a8b7602dfa91970a192,3.8267807e-08
e77f38c22bfb1319abe6bd957b4c55d2,0.18695793
18b45b8c37acb6102d590482fc427535,0.052302442
8d6ba1356e64e3d252f6db99a5488f6f,0.2583458
7226b2795761701c83f8c69a7db5bf85,0.021936769
f9023148fd1f89ddb900b456c0076a53,0.807014
1a66bd95ae48decf08549439b15fe50d,1.0595681e-12
b2790884a7775694c6897072a152d8eb,4.24669e-08
af489add85da93212f4f7576bdb40766,0.01167279
9f143b746d29fddaf371409e2984d18e,0.040053092
0518bf639cc856d129f734a20b6ec573,0.61085737
e3a7c6faf69b563fd8cbf765e098cca9,0.116484284
b2b6854cd40903852ce591ec73c60329,0.84191716
bb33e7d9db5682bc9714fc2378b4df14,0.020027336
a66a61dce971bb636666f889706665ae,0.20686832
ae74ec4f519482e45d20d7b2d98158d7,0.46032733
d1e998fa52a44e01bc84e08ad1e83442,8.81041e-09
aa20f6c523d45eddbce0ce4fe7e9d294,0.20754519
bb146fc232147c06e5cf365c093a3aee,0.038874827
0bbc755e6ad250b492ee6383fd741afc,0.10088457
7bdc9298e3880e96e6cc8b1fe5096f46,0.0076219747
462eed5ccdc7c59f751872809c12be82,0.1307872
94039d0dd7a99bbf5cd0a77237416c8e,0.011463801
6e479892fb3bde0d8ac114143408f2c1,0.41139594
6edf78c58fd2d3ad909732d069934d9f,0.00255545
9a1240c48edb938e3c96aa74b2f119d0,0.19732699
b604bfcf36b9553b478a045d3683d48d,0.19733728
cc1c0e6660d58739984da752f3db9b14,3.8101486e-08
c0345902862e4782be9d8449c83065de,0.00092176965
476b5e2456ba73464cbadc2efd28c9a5,0.5835254
cd7ee3a4ae45323b757ac4f8de0897b1,0.031701438
030aa735d6ce105001ba7e38131d789f,0.99977094
3ba44668354d564ffc09b04dc9153f32,0.03657911
52df05567691b7040e6a8ee43b3c0927,0.20746572
b50da66a763819f959d7379359256587,0.24696381
c7839b6b856702f46cd539481b333ec8,0.20755196
fa58ee0c853c12ef2de7b26ee6d85764,2.3067258e-08
4ba8f4703b378d7c6c5505c0f290bebd,0.26581448
6f30147c9a66e7e4fdddd7896efff2da,7.914776e-11
300d9f7437f23dc4622a2f67ca307cba,0.029487822
6931163eac15d86509b1ef1b6cc9a37a,0.79988354
76df4dfc91788ddea7324c1d2b8e5bb7,0.1973339
8d9a874bc4cdba7a9d73d70e6712907a,0.0073468126
e599713f9c75bf651144d4710a605453,0.23676458
fcf2bd3381adf31dd3b24fba5fc7e7b9,1.9643444e-07
edb26851dcb7e62633b3c134864f90fa,0.08938674
9d7eaf5df2a8f98306f2674587d9d050,1.3828086e-05
38808f5e2f524d484cbe8ef564ebd9f5,1.0573664e-12
ba90a42b5d7d2fcc401c2f935a498c4d,0.19733183
0034ab68a4180ea8b90406a52a2dd64e,0.22348002
4ca0c445bca7cfbf0bd6d4420ba3e218,0.25035268
d17c03735091389e3451bd9c817d6d0d,0.3654234
ebf214e2a9e487458d6d4403de44aaec,0.3147865
a864181a09d7fad228bfc424cf15b7de,0.06309093
b1836a31397ae71af8769ac3d2728264,0.07241176
5476d05f7abe1446f41b110ba82c2152,1.939926e-06
3a444c8d33c659031d52336b6d42545d,0.01796982
19d6b62b790bd752f11b1b9ba466967c,0.19832297
cab26fb921159d37d5d2e4882cf8c954,0.1693729
6d21c7e1993f196dbc818a383a352bb9,0.37006426
728362c063c974e48f69c2ab8c2a316d,0.20633519
664896becb3dde1b94da76168a215a8a,2.2644091e-08
bd60f66b4f8f88d9e9b21e885e8cc97a,0.03248159
66029e6310d878c3cf1407727cfb3a88,0.99946177
60c13d9aedce6c36473d8f7115f4eacc,5.784151e-06
374913679bfa48196b14b67ae3cf0576,0.03734372
0e0011e88fbe090a7f26b3fe71a05dc4,0.25192082
8f6ec65669c57d31aba58f01917506e7,0.04474675
e6f8516d28bce6800da8546ee11d7543,0.02706568
b6826dc8c9582ca83864eb7a23734f98,0.34886727
8716551693d1504849feb7d75f3a14be,0.19734342
f60a568ce0616f6589c461fd77ea4f2c,0.012679817
9606f4f15d767fe4ce45c6c7e8d08bbd,0.122581586
1749b6e09630450e8a90ea7b6aa9328a,0.021552216
71e8914d376b4ff483cfd7f043a4f2fa,0.56270903
3f5360b4f39cb8b0a7a56b9581bd7163,0.034360833
81d61a2c9ac530f489a910839e97f04f,0.7040239
f5f83dec798bb68379c34a94805bd669,0.2000587
c62e776077a14a888300802eebae8678,0.04691083
4a3b646631a82523e93438cad44fe551,0.18067768
0f3fdcc9e3383cd2cbc4e5b74c6fc8df,0.4031643
e66ae3d6f831ed06bb5f5cba78314564,0.169064
3a73c9c4a1e78e49f8b0649de5f5f8c5,0.7292809
af7e30ef42d3019d571d710c6ef59f8f,0.22499493
e4be9b7514e3d9e23141faedce638f25,0.11190669
7984795034356e98ee58d8dc22528b37,0.848221
ddd36938331802b391d5c665b2857f45,0.19733065
a69b00d61fc68b1b56b5fa32e81a89c6,5.464982e-08
1d078a5e61c940cc3aef7b3d8a4518d0,0.19729225
4bd76bc5b07ebf88415947ba230e890f,0.126825
d16c0e2462791e8e3b34534fc17d541e,0.09558095
ca765a75efce86754f79c6fe883b04a2,0.029002557
bd58d113eb71bf07e212b3623bd922cf,0.8110231
f82b981168b083b4ebf8a23eee67d896,0.061298143
a7f12e295aa6933009a0d9b2f797efdd,0.48573127
8147e429a4c2224c30ce342c33bb7eff,5.3221964e-08
d51aae0c4e7e8679ab23e3a4d5a305cf,0.8988819
776d110367f1709dad8be11d5e8d44f5,1.4734959e-05
cfaa4fc5b5e23cfe880144d84214c514,0.33283636
0d6109f97c0bdb38bc0d52dd240c0c9c,0.20753801
2fb047b00914fd109f1305d4ccbd49e0,0.027924681
b4f703a0ad59a09331c5f98d5a1071e6,0.008383487
3a6cd67e5740c5654e8617554a7851ed,3.671175e-08
fa65a0a2bc55628f7aec68eb6275f99a,0.08614749
3a278a656b3522bd45a8848178645e66,0.1973343
448e04336a97ea6fac6d3a3cef8bc24b,3.7553096e-07
123f63c202a423aa6996ae38c3298d0e,0.28406423
e145b02ecb76efaa3ead0f8a23c7e90b,0.0121787395
1828791151ecc43ed18910bb94a6f5e1,0.19553131
28a578f5f16a581d42464c2a2a3114b6,0.00013577932
8d0e11c91b57b7f8b91e284c0d30fa74,4.0018556e-08
3b490d22e39fcab3d487df69962c6a00,0.06523262
8ea918b3e2821f8bc0111c39f95b4182,0.0064449003
f2be9b57caa7d2b768a37e609ec9df56,0.4208498
38c3e9d97ab188664350ad69cd8eb420,0.19735695
b048aec7cc82d64912637ca2c0fee6e5,0.0023858133
68a6d7c64c3cdb29b0be23ff0de06ec2,0.1983352
364adf75d1fbf48d9aab0346fe78acd9,0.9045326
88a0127ea68dfa28b28518438ec1363e,0.15248084
5fcc2d15ad4bb7ec6b2079f17545c2d0,0.03047302
06586a00441e401c697191219506749a,0.98296803
e8a8244c030248ed4aca32f0d73f3efd,0.532005
2393e1ea2de1f4f17c8dc7a658cc6876,0.19057235
9e062d3728026f8a09a33e91edf89d67,0.051937975
925b369e7b1cd3312f6fefb9fb13bc77,0.26634926
f5fecf633e0665c42ec68086a16f43c7,0.03342391
c97ef4d23bfa0b15e4e20d1372b6938e,0.9993168
14e49fdc633ad3d97e49018ee297acbd,0.19695477
1e6d54dd95ab9d363ce70f43a99e47c5,0.0528921
47c9d4bbb10a138cb8d126735b976f22,0.7815758
e2bb4f0809cfc724b25689cc6c3d1b4b,0.99968356
2729aab5399be5341d8018a23b2b4aac,0.068910494
3c60bd006dba0765708bd406e345ee86,0.04018092
1c11fc829ec8e274bdb6044fe0ca2b84,0.34039173
0b0b5cf7676e8c1631a5a596c1f37bf3,0.012035869
d938057774db994fd1c8eb9c1350e35d,0.00041613635
1cc8287ff4701667b1e4c1e8dd670061,0.033115882
999215318126e2bc5fe3cb1840a366c6,0.1973437
08dfe15f3382842c2a1d1180c6e1f77e,0.33090866
0837ae3e2d525350ecf86aa100e67acf,0.21746226
79398b7f28541253cf6eb91d0584ff28,0.049606882
ce6875a52b1284f3d422818791504ef2,0.14255244
a274becb304f056186b018bee1a61e7d,2.8221975e-05
b61c5dfd956a51629d895dfefff28f88,0.004014645
1a31fa9c0c41e2a8ad8bdb86fee18321,0.008641936
7c6c2eed18b545a3193405aa8acb8832,1.647619e-05
4f54f383ff17e70adba31c5908b72b83,0.28090593
e6c29ce7579c70adf66e6b89e4c109b5,0.44283143
17f4e4056da6d77d8d6c06c89911f649,0.392326
2b8adcd5e2e1d3f49e62aa98f0d635e1,0.012668328
563f7fe8bbb56002507c9fa3fba09c96,0.007540057
cb8ac101e37b75f378d1c3264d39139e,0.22959158
e7ffc4c14da986e1e03437e9fb104ee2,0.97922593
542f43417916a21c10d23dbcec210b05,0.26673228
d85f2673dcf5cda43a68975ae9b5affa,0.036256213
b623d7e8d30fb382c0e58120dc1faea6,0.13673739
ee98945bf8f4d056815d8aa5803fd272,0.41970664
deb24636a2a17e3e71f79bee19db292f,0.19832894
f226a36886b43c15285d6be4abe7faee,0.57248867
4667fd3083c96f058e1e198e87e2c27e,0.0035287042
99d5ba70d8afc407d1a5841319289f48,0.34730965
ca93c17c3eec2f3aaded263c48936928,0.003617385
83ee07a77f853df5b5fa89b080946a9c,0.14783783
60de6bdd5fb8686c1e6313355f9ff3ad,0.001270053
56cea016a3788dae36c305ca3287604a,0.68914187
3e1d59cfaf54c467a530cc4e708d851f,0.5798654
bb0a1ae6dfe4669828e3f49fc1a06e9a,0.24940458
25327bec535fd82ed0f9fad73055fbba,0.0063196076
1c07930703748bb07646f58692c729be,0.007650205
219b0eb91690d6b9a86b98fb6d3976d9,2.7739355e-07
5e5c1ef71b11f4d63fdfe12be177c8c2,0.11329438
fa1c401a237b58ed02566f3bc7a4b13b,0.03504298
51e85bc045a72bd464ebc62f1baa8fef,0.19734362
963d4f58df6d8aa24e1fd52e77585794,0.15162309
752f4c3825297579abfa8dd4e0c58914,0.20053434
881794a0580067be9ed564d825b4d656,2.4805804e-08
2a468e9fa6805bec3a3af304caa36c1d,0.012073629
0cdbef79463dbcc0bd79cd498a232567,0.30847746
3fb47045b4e6674cc892609b945b7fbd,0.39723372
8757f7da4dc50786f52e7aec1588286d,0.1456258
1ae2527352c9ab5ca84022bb76d080de,0.63525707
1202ee0189d745bab7e5b0f899594477,0.01116666
965b2bdf932fc3545d862f61391b1a70,0.046281055
68d277d88fef2f57b36b26ea0c5143df,2.5898098e-08
74a3be5fcdf5d2956ea19aa59b5ae588,0.19785771
02fee3f34698edee90713de00c05912c,0.0015628772
32b16efa52726f9c190e4e316f58b862,0.15778306
d6432b5df9b5a34123df05ed6e077f57,0.027615305
0e2c476eb332b157dd42ec2e07da1d46,2.3811855e-05
67b744572e308626e428f0aa0eb411a4,2.254348e-05
aaeba2543beecec461f3380e6c87687b,0.054667495
0db91710f8c9c52778ab5161f9cea3b8,0.9840356
2651979f0b884531fee95ff2a7c2b31d,0.36559358
8b8a8f32ebaa8c12e64128169b0d8a4a,0.6405015
53a116338061f931706a90583166e70b,0.02946896
5d6c0714ee88f5f5a75da158f5e15f73,0.016006941
d3975b560b40d285bcc6ab54702769cc,2.1921642e-11
5a6ded8275de2597b47b6bb9c4ce106e,0.43481284
f9276aebfd8edcea86cabecc62b06982,0.021880992
2979b0abea01723a198eaa42ee66e257,0.9813717
9c23fdf55c0f559119788419e5471433,0.012678245
94406d4bd29ddc5172f7b492582c6e76,0.029497992
78a2f720307aea5d27389a638bbdfc6c,0.19833069
81157400965b6fb28d1354f76f679c9a,0.1325691
2842d992752000544bd7c6e91579ae3e,0.0023882708
9667a845e450e37f530aa6b66b12d8cc,0.24357858
566ef3282e13a319249c0927decf2dd7,0.9970379
5c4c0037fd023b68635149a53b872b67,0.7485668
5f7ae9adf9d579950a4d3b32a519947e,0.19835187
44b9f10a7b1b60e8fbce966dd8f5b127,0.00089692994
7c5da734b59db3e0434a411df51bb4a7,0.042938195
a4dbfb3dca7a684bcba8b879090635ab,0.98221445
bb68dd1e54534f4eff27ab1c95ae36d2,0.007694675
da8bb6f1e3a7cfdb7fca7ba880b6dbc5,0.03657052
87b0b7082b2c985ac91fb30b25f088e3,0.19832593
e35e2d6ebe116ab09e078940c0885035,0.8436178
4fa6ce2cbf23551ddeb43724b68dc991,1.417202e-12
12722bfba40dd6d0abd50c941aa9db04,0.13237694
55ba1fc79223026b045f89b92cef3e7a,0.20294735
a9ff7129be6959e90d27184338bb7eec,0.0023816405
4c185cf982b4f3356af8582653f9608f,2.4179462e-08
64222d54bc5959e64751c31acfd712b0,0.011446917
8bb742edde901247eacbc35bc237ab93,0.3395513
3c16e924dd5f3d876865735809c0c2ad,0.198329
8481392ef59bc5c236ace697b99640b0,0.022956965
b2676defc86bcf0e1b6cbd889452fa2b,0.024495779
1ecbb7c646c1c142c9bf669bcdd4d9db,0.08147551
24f159918aebb9adfe13336ab1ef2fc7,0.20755216
2e5a34030c0540f16fc87ddb7d524e1e,0.1973525
12fa98f47e67ef55558d715709fbf108,0.99131453
9a14b592f66640f1888b6197463dfe13,0.011991181
919d44e4b4fd889816fd0d977123d6f6,0.0075663873
de41a40bfebc535e040774397ebb0c7a,0.08402916
22640dafe6d04710453c957c6aa1ad4b,5.1873975e-08
a8cba6b1870fa58784115566e4297fa9,0.85213816
0c5bb3bb67a7f032903257337baecc3b,0.19559892
ed6af22e845e95aff7c0b11a4fdacba9,0.002331833
600d805dad0463200004acd4a647b831,0.5901884
a07ba6bcf23fd2f1867be904ea578ac5,0.8174
a789935356799cbc34794c7dfce24594,0.028949324
7c0010a7c1d8268e2a8d9549a79d5538,5.9797097e-05
586caf83a36c2b520a8ef60b642471ad,0.026327034
d2b110f4e366ae8bfc11e8a08296086c,0.012670967
d62c1a2210fb4ba9e8b8b3a6cb14acf8,5.7179e-06
69506948badf974cc05a9ee520b942df,0.20746961
76ff21ae5b75826c259ee65075b8a6a1,0.0075296266
f0bc1e33147a16a13f147401db2683d3,0.011370366
a7eae2da9c319b77c24fc77eeeea57bb,0.0002984353
78ad86d74e92a319dfd633124a834f5f,5.8261044e-08
ec0c95e1f64cab3fedab55ae342c76df,0.99972
b614be190da3f164825fc478b59c5993,0.07301609
41f786e448f8dc0c115393869666d20b,0.1886875
5ed18525ae2535e45ad4f7a855614d89,0.088313475
f48a2c3bb51cec7b63bec6155dfed427,0.92015296
a76f32e371d0f60b04cc9e4bf7aad008,0.29194888
541640b67b82757d460893b9386b812b,0.82817984
948ecf45448c3fc229b1261613080249,5.670882e-06
991b027b937df74ce6900a66d8c4f087,0.021293594
0a598adc65b0cb318f7f4f6614a0f149,0.17475453
bfeef6902ec9fd76c9c81fe225ffa441,0.058009684
86e1d07418092cc507c4643fb4567f1a,0.19833721
fe3a53b3cd7f5450cb4c6d9a4cc1607d,0.16087177
4d6eba6f9a8a10df9152d66e2dcc4bde,0.012679408
6ee2e550ac194037a4831483cd4df2f1,0.19733658
6fdc9ffbe3b5020ff10d183db2fe0e5c,2.4554277e-08
dd69051eeb12f8df3658e986f74e4c40,0.29137468
406b9abc181e13c27ff1e15fdf30871c,0.033904374
83b5b12697cfe24faad144db969d954a,0.0016914638
1894e0de246deb45f6e380e0331a13dd,0.20053443
425dd9213ecec1564ba37f110b571393,0.20335014
59981798503cee0a87ad1ca2996c768a,0.011534642
a6df829f7b5bc95e0cd5ed6ce1572b93,0.011623378
5670361988252d858e03dd71a03734fd,0.0012760045
600b9242e9e78ea671793947d4eee405,0.20550752
ea0374b5e05dd298a50b1ee0ed64fdb1,0.22947526
8ea56fb4e13b0040056b25fec8b0ce77,0.015789565
c396a92cfb2646cde0b781fc5e65bc16,0.7106222
6392e2352ecb4dadff36f00985b285bb,1.0274403e-12
e8859f958347f100e2d16e35cab2f542,0.9812784
d43ea20247e91b1c0ec837475a548486,0.23757255
aa5d3ec015cf3c277ce39b0fa01bda18,0.002423803
53999e539341b5ffa70f2d942117d303,0.06349172
95e076cdfb1aaecc41de520bd1cfd4d4,0.0077188276
6439cf3a657cb4cfc0e89ec40267b62b,0.017130783
d1ca1c18f3fece8831fefbebeb74d8e9,0.011555805
23d07fa72295b14e75f643f0e23217bf,2.6949276e-11
88c40058984b6a08cca6117060fdb2a0,0.39642185
c7764a93f76a3122afbe647556e94fd7,0.13620038
995fe7c4af38329960ce16121520a777,0.04504398
d132e14f39d4b148297cef11ad072222,0.40566382
5c180767783ed5570a3b78b9f946a30e,0.04765645
dc58c92e0cee679a91ea7ad97c380d5d,0.04731916
c85b76da649bb1a16d334bfa3af08069,0.19732445
147303d91a93c7f5b8daef3eb2f8d983,0.19734396
fc622bc9013ed89c4dbc433bfb701901,0.19733517
6328286e89a71800eebbf68a6a721334,0.37721974
245a71f63e5b7b5a06a933141fc6cb60,0.044309545
6d108be63a323edaf2d177a673f17947,3.234966e-08
3fee32e1dabc3c591dc90007ea491da0,0.012678285
8f75ca838f93fead9df11f2dcf46a3e1,0.3691809
a9d2d48442525f7f6b19b6adea7bd29a,1.4419293e-12
c750013dbeaa2268e1856bcf1c413e94,4.2002753e-08
84792c2f089038ef4a1ba7345e85cfe8,0.1844952
b62e2e13c7fd413721cb9db505dece27,0.012073669
0f6acf3ed0cf120f808c85cd08721bf7,0.79992074
14d2286fede6d4ae2f000407beea2cb3,0.21787028
8e621b43fcdd2bfc9ec0666a8f251fa0,0.007326969
c57ce6073b82b41c01d45cecd3949007,0.045487158
a678c60480d0cd0ed0d643ac6fec368f,0.023091156
2cf7b7b8517641341502d71b90a7fb43,0.19833508
0843eb566be584fb2839828380abb835,0.38817298
f8e8b20cd3c09345a02a014c26754c4f,0.9774353
6b666c7c5dc3930193058e78d11528ba,0.8232951
f00c75b3575af7beed988d4932621b16,0.29605308
427805ddb7255fdc0cab479cbbd215e4,0.3207932
a30ce599d461a29608928fe579e91daf,0.007327749
8f66ef2d8d9105c5c002130b0ab7f8f7,0.026245868
fa1ce017cb37bc4fc4739755aa191ff4,0.113568604
f76b809371f8984346a976d98949ee10,0.0025823626
bd37aa37af74b226e12bf808bed6fceb,0.19733995
24a283c3c00cee31c1caa51255a39e2e,0.56016576
d09e5dad37eeccb14dda22a1148e8c2a,0.061697315
decd4aaa6d13d9da2dcc02f19ee15d5b,0.39691585
ceb3cdad755b3af720a4291506289d48,0.11846141
ee4f87d2a87ddd95170c79333d5ffa16,2.233514e-08
c6c874e01f2e1da1247e0aa192347bd3,0.0038315703
3415fbbd1d0ee2bc09129a8d2e22eaae,0.028124262
022cdd46e12a85a8d03339eba5b19997,0.5641538
c9e56a8ef0e77c5c057ad3af0340e30e,0.00064285187
b6ceb3395725f13d3ca1878a6b3e7f9a,0.0030217122
ccc9020c45f11a5f35adeec466f4d6b1,0.008514669
d5325f62df16da54521b09c935ac7e01,0.5028203
bd2d635d77210de559c25528da4a7bf9,4.3084075e-08
9e92f139e06d3ba5cfd0a06e5a916831,0.0032591796
c9bbf91929acd3ae2c05e2ae7372d7d6,0.03953422
ac7212e8302e3f6cae583316176d58d1,0.36226237
6271df2fada287e2a1126123ddaf2f21,0.7884018
d5f387eef897db17ed97c1c95184a264,0.48166257
f3d5e52b50b9b30d7675610930e7e785,0.0036470075
17e22a1ae834f14d2e928dacc7db7ab4,0.1983343
492fc9dff1441e09276896f1f0399eb6,0.002669929
e36ca39395589546832ba0539d4a91d8,0.24773712
11485610ecba210525a669e2dd39cf56,0.77222633
81e7eef3ac2f909132e74ad1ea5b92a4,0.059021514
5e45a2184189d927f7a34c45db7d9ed0,0.025895834
751a881ecdf829b41c18888b9821d934,0.80599153
f287ec21d8256892276132d0db70979d,0.002388076
6d1cf3bc2d9bb39945106cd5910694d1,0.02995963
dd664ec6d8c7ee931799bf5fea8de3a1,0.5593177
470fa0ac72d2f979a80824019a0ff516,0.9821075
0406bf5562611a9ab9e31c67ca033ad1,0.0023836032
5903720bab5cf5ef35fdd2ecebfcdcb2,0.24534234
fa15b1909a6000352d440e16c796fb9d,0.1983234
7dac10a27c6c4626cd697262fa1fba9f,0.90185404
23ce1f47092b93d1908ce634ddac886a,0.0069186105
bfe9cdae7a26bcac65d1a203990876e0,0.009671587
bc3b977534e0a074dacbdf8c43e63e43,0.3955163
819ce9e7bcfa0477d4ec249ef7a2a0bb,0.035684157
d25caa9f2ec7f43202b9972c723c45cd,0.2019473
715d9829f6036cce5e58e865050ec582,1.1246572e-12
5d8c1a4168136ca950dcfcac957e66af,1.423566e-12
c1146c754f4aa9ea0ad838fa0e481e60,0.26655713
8a7549dffa26ab19ea4270482bda2077,0.07058774
d735e1095a2761fa6fad289b78d05c5a,0.4288947
4eebff47d77ced0b4d2f51222ea0842f,0.040057156
1292269af53067faa8a22983772cc19b,0.0076882457
4debf3c94cc5b717eede8ec4083c21a8,0.5468708
dd27b3ec6ebf3a659e6bf4c9b74abd78,0.09047137
e88616d2b4b05ce1ab3094f1c4c86dbb,0.02299848
4bff107c0940ddaf9c26056805914e49,0.01335485
bc45164ed54b8935471cca644bc20d79,0.24281614
74c9d38191796470c157a73151239c3f,0.16063215
061c40cfdc7433f43342f98e09e981c7,0.009428558
4d910091b00e0c93e601f132055a8c86,0.029213134
b651382760e6abb8ff72c9fbf602e571,0.19734348
d76c5a7c533124a8ae90b5323e711f3b,0.06628413
044817c89503f476d0d00474236c444b,0.9979914
db8fc40e19ebec349082d6f1b6878b9c,0.0029636498
cfdc697f60e58b0d4865cc20203e40f0,0.0011885426
1bb7d4bbc9b6b5b43d7d15a51ebc203f,0.19734405
ecb73a1c74b683531bc9c30e6e1fd6ea,0.3719504
9b58986e68373b3fa18bffdc6d2bc4dc,0.25592786
e7fd0c426fe945404d34f11f9001c55e,0.6331361
aef553565c1ebe4a3876f5c4cbb4fa0d,0.19833888
b06c19e0900f8ad48994e8704c8e84c0,0.033832334
e951ddefd41413fc2ae629ea13ee6baa,0.23050892
5f5fc3a85b20b8b2a62410a7bb81f8f4,0.148114
b76c8a24bb597ad0d10352f0170bf37e,0.40420455
118dc55dafc395d36e6432306816cedd,0.1251522
fb48807b8d01f1ba353018b2d4a38c8d,0.20053244
40c1fda9ba24dd837458f98dca0feb3a,0.0008688623
87c18f159972ec5d2ecc8d41ed2f1f42,5.951449e-09
bc47e9e6d6230119cda96f270beb54e7,0.48321837
04f7ec38531d3144810854c18eee4554,0.5613685
07bd28dfee3fc6381a0bacabdc951f12,0.22816348
5676ad145519a6fb3ef67a93da3e5183,0.5365503
e45200d0fbf1f466a956725610124eac,0.17247877
d8c1c5907d0e7010ec59ba38a8f6ee5c,0.18550625
b7068b1414262531766422949d73ce46,0.1902698
a7a065308865784b0dd9b982380130f0,0.033115257
d6e5909224d69f254bcc9921b4a4bb2e,0.4035377
baf095d66db86643cda7a97533f2dfc5,0.02303335
9c995146cf971304f16834ca45fc7b18,0.19734958
e48ef895947993827e32230494cd9f0c,0.011672018
b8672ece17af7b284de8da3d8411e368,0.1983374
147da120911ebe31582022209cd52419,0.22907352
080d5fba1da3f089cd0695c26b47c44a,0.037245177
773e4e79ef402c5e9786084164d4eae5,0.013083073
b5155476d19de46f7cb54232776a63a2,0.0070291697
40ce1ee3984cf0bffb2902cadc093812,0.0816556
17038cd8d20b5e9476d3b5ccdc811943,0.1973401
c7a81e5e5edda31ec9e505023070fef1,0.99826086
62a317e41aa1890874e94fb0826e88fe,0.014514451
aeb837f4345b7170b29cc087f919f507,0.6354548
1118ecb5901e90d003eb53a592f0a11e,0.18788321
36d01d0bcb278abbf6ebd4b33634c971,0.3555555
c793d8e8c27d61a31adc17845b80d340,0.19075069
d1a8836750bf7b58361f55b2109ed655,0.027923465
305f9e0cfd6787a363cf7ea35cc58a3f,0.1973415
92956ca912018f44c01d03443920a8ba,5.3964335e-08
b02f9a14c35111f8d4e87f0cf3beb6ef,0.19833285
e5a8ba19d393de0c48d4cc255be77011,0.04595586
0f2991ed917fb49d6d0bb5392faa02be,0.26410264
e70801a1a3949e5e89769af564e4fbb4,0.00028405432
a56384aa3b2c839ec105952b3747d72b,0.0008150915
64036c684becf8445106bb8811a79e9c,0.6090395
30077bf6313cc42b339f4c206823f288,0.048680205
a9caa33b9acb0dd25d71bdb8e2a08433,0.17647214
6dac7c45a0d8dfa52c299b3c5a9353da,0.015547884
03cf8cc491bf65c74d51ce4fd4a4e222,0.985078
970806d7bf3cac4a277d25f6bafba1c4,0.9996966
bdf6d2ff90f3abbdfa88e05f6671ffe3,0.19832954
27a7ee62df6c68fa27c843737694beec,0.04923886
a91aa66eaac7fb7d6dc6765ea2e133a6,0.008583023
3d5cf63f115977563570f2164509d470,1.6012021e-12
81c5a04c98ff63745508559b324894ae,0.18980494
0103a7b1800e1a1b23ba71835645951f,0.0023873677
0beea0412cc9680ef9b4ae869fc6822b,0.28751644
593cb7dc97414044d1c946130b32044a,0.22946677
943dc51ea2e3a215e4a574761784bed1,0.03974939
eb94912fd3ac900f81acc329c4eaecb6,0.58661973
e23a37a9f2bb88c2694bccfba828f874,0.011661877
6e407fef891d341185f99832524e9e11,0.09753313
d5bf630d95667515ec8d0465d9f21d99,0.19548805
6670ada641f203bc41cdbf58d99b769e,0.99973357
22a675edcebb284fdb8ad69e07e0869f,0.20755816
8d3fbd92781ecc9b393bfb9c1fde6f16,0.007609605
36b7f2f47381fb8f92801972329f918f,2.061351e-05
b09f07438e6d84f09bb5af31014757fd,0.19833738
328a45d63b4eefb950a08217dcaf3f3a,1.5237854e-05
998b0dedb860fac5fd30b9485bd11c79,0.19734901
2a546fbb6001f5824e78096255282da9,0.95837337
4b29a07dcf4830eecaf35ef31f7b232d,0.19734119
64468f92ece7206e57a44c6ae4b55b5f,0.2075469
784e933ed273f197ec6945c3da71460c,0.04746931
ddf3775cff7a0d64e8d50580a333c371,0.198333
3d4737f6ba3e4084e2fceae85114b63a,0.19833219
0a5ec95f0091fa2c7adc1ef659d671e9,0.9953022
2aa53359912ece726eeb84123034871e,2.4000212e-08
508178cfc9d3727a319d98da3b61b4b2,0.43728423
d245f7b67c851b2154bef89d8a4301d8,9.502934e-06
73234b9e1c1efae55990d6e60658eec8,0.012993619
bd087b07d31ac359695d0ba0065588af,0.028308716
8b0ade6111ba1f9fb96f7a3309aa5719,0.045316588
2374b4836ac0041e71c1f84e55fb6f1b,0.1886682
8d4e7f199a6ad1997e8d87d1969e7040,0.19071683
a2b2a3977209072ed3cf6311e9a7d542,0.026345164
9255ba37a922bed7248fbfc764e686b3,0.46171945
9a4a9900f4bf936c8b33a72197d8f3cd,0.6715806
6f21ab401fb31cebb0b7a635f805a224,0.19733635
dc4b27155c4283e2821697ad4e384707,0.5432076
c0d428d7d238cd46fa49cb230abf8fdf,0.2583888
e8511846a64a087649f40f062118f3f9,0.24004519
0ba6cecd5706921b6d71d4dd414c4c9e,0.24872604
0116bb6174614930a873d62f6c5f02c3,0.4355271
fc8851416b99c2b68eac48e71503004f,0.19733073
fa33b52906feeced7c975c66c6552f2b,0.950408
3576b8b9a11b2b9ced3b86bef1818031,0.63531905
36e4d4aaa8d4791bbf53fd26c65ce050,0.2294004
b988b10aef0333caf32ff5ba053652c7,0.036765587
844466ccd84729db0dfd00782c313af6,0.8014246
fdeac4b5f04c6d50db5f902a94642c5c,0.035026893
599aab73ec550ee374b2e6e455ab34d6,0.04234139
6714df67abe880f65b3007b262d2970d,0.011674328
6138b7e252d650c0ede9f11794f8ab69,0.044733964
1dfda9beaa9c4a5be66a14a9e5e2bf9d,0.048468556
3755e32324b60dc85e427abec108c50c,0.042723566
a0d76cd7e77fccfc898ba9367999ea96,0.23438652
d3e840e8b2313d4541dd25063a498706,0.0023875623
5afa4c042d36ce71933b73b8386f2c1f,0.18207356
ac2ae200c5c13d465bcba9921dcf980a,0.9701165
160fc2bdacba369a24983c35b8a9f797,0.799889
6ece8d345b148c76092fe621baa57a1b,0.19734327
9b52a7dbb96b14e2733d31eb07810c58,0.8649813
cb4509447504ad2c20c7187094e95aec,0.8125366
5a6441de4c35f8b21bda0d64ae4bd887,0.58056384
f9b49f952a20e78614aebf87353b0e59,1.2485145e-05
74b3d9d1346a8ffc1b254520e4bfe234,0.19735137
f916bec386d9dbd1db752d2c98cda152,0.98884916
6e50d001092e912194490a7dfb6f07bc,0.19734755
248e7834494f4e1e0d5ed161b08326d0,0.11156404
06154668dd46a4164e68ddf73593d3bd,0.9803079
07bdd6ede1ceb5ab75b5b5834e2c996c,0.023084277
336dfde2cba4a9eda63d51464a35dde1,0.17565826
fc6dfe90460170570e2f4b867bd9a7e9,0.03620074
8c419cdf7d0826f1d06b2ec5e6e208fe,0.41995686
f10d39e58ae88ff1d3e50457d8b4ee30,0.20052381
6902ab1501d449aaf2fba4c1520b9044,0.011784715
f49b846f9a80b827d8f5cb3d22437ceb,0.027939986
697cd4b4ccb19950b7e3998331c119b8,0.23752186
68d854cef9a181bc63cec2b388ffcbda,0.2977434
064b4634a1df44e9e1f6ad9b0a88ca68,0.13327202
bd6a62acbd3686df0517f18b15c4cd77,3.7577033e-07
20de67d3be660d817e67a39cc7e79e3f,0.99974555
78ced2d525878d77a9bc375075168ce5,0.015912134
6d6ba92921fecd6fe39a8b05a6ca7a0f,0.20746121
5a2d27c10f1359a57e16a43f46063573,0.016439155
da2413b240193a08eed635273f2665d1,0.060420096
1e88c212514e14fdef1bd7d5b0cd9b2c,0.01205158
cf6d7ea11280009d717ddd7a4d25532e,0.0024299957
ec21cd477760679309d74d7c50f101a0,0.04158404
92c72b69c9faf61c51b6f04331c1bf72,0.16787545
568933b0781a7b891e2beafc4b07bc14,0.4582438
949553719f78e0d7ca5f2176a925b340,0.6869093
1d4ade04278678ce8a25d8b800d495b7,0.09092723
83c3910dcde77ef8e5d8cd604f910952,0.0073848716
425daeb7bf825fe776c0fb85a4780869,0.042899262
411ca7ba89ae45e92f9ed4663f903335,0.99134624
f3381f571d10ea9229059ae157de70cc,0.012047385
623c55b0b845adb396a03586df079613,0.106594004
23573c7ce7cf960c17dff76d6cb105af,0.12616482
781ee529966b0e09a711be8d7fe0f3cb,0.1982286
3f510ee8b0f5c9523ce61a8732a16686,0.19733039
1aa63e5fa50bf37850706b1219a28631,0.7843414
92c8f73c29d96dcd89f22d76f70e4977,0.5399882
4d45ddedb355de237c3c40931418d19f,0.7288888
f2310b709d60094f26ea633d9067e7ad,0.9994246
1f6d66694fc7be9c915be63e1797604d,0.04433277
b2c5ede2c4ac5fff2e36495592f134e5,0.19402872
ac824d47a4d15778dd74790edb519291,0.2564171
69c9db294ddf39f3b64050cf7823a30f,0.22955954
22c0d53deccd09385aa6452a8e21fb6f,0.5790377
3c765f2d66d06b28e4d676db7fd8f947,0.5006289
141b4fcd5928d3dc91ba225c72a43302,5.8305823e-06
43b0f49d7a7a77a6b2d01b72c236bbed,0.97011507
4ba3a993fc96a9e92b037f005295f75e,7.5212265e-13
4027d6ea56b12f2d628cd8c5138cb5cb,0.23805411
85e4ed0fca492f327645a32bc7cb6b04,0.044496886
f63427e0985d305eae4810ee30d4e49e,0.47202483
93533e7db05ca15eee2aa27f6f60230d,0.09537655
45d0ee52632f0cebc2af37623d324c0b,0.043395206
9a8b513fcfd4e9d7c582e270d19cc9a7,0.58524513
6467fbbe2c065b1ce466f3c0a0853962,0.007519532
6a80d895324592d3c861b637160e502e,0.9827248
c3ee278b5914afd13832f0626124c9e5,0.045680918
87a525a1aa5327baa2fa3d026b894223,0.33922976
09904f17a64c2abacc1ded695d8f2c73,0.34038684
64317fe279764f76b094256273e837b7,3.799203e-07
5a37f78c8bde2b893b929e1d1b15a0af,0.0024241358
457ea82c336eca2b35cdfb2cf0504b3e,0.0018291526
42cc87a7d589e0e1df9f64f0e4362b06,2.7008991e-05
e8f07dc2785a7d439439c5f8e2fb51be,0.5633821
9a9d6427347a7fcdcc2d48327a5f91c2,0.044744182
bdc620cd1c28b50cdda430dda9254aec,0.04607961
57db0ffd9e96a32f89f44de01771b44c,0.22963431
080d6812044488ac01ed282d33030164,0.45650387
dc2e6ad9986617f096655e12a113371a,0.005430888
5117aa26ffccf139d76862b4da0dab38,0.047849476
a823a775f1090247c5a3d9568a62ed3e,0.21294113
de9dcdafcd3818b9a003b776fc882281,0.45094347
8c6ac2220778d1fa3df7bab18dc8520d,0.09507693
59a79e7d883777d4ac46d333c2ec3659,0.019748919
9b66a3a3aa7164c8a96ac79085febae3,0.19843695
7b64033cc8adee7c316c1a4f97a2f5ff,0.759017
5212777056a54fd99b10f58d64e9c199,0.014190527
681f4950111d30f82114651d2fee96cf,0.19734012
bd3a3b5c5a6e1c4d64b52e0afa7a87e4,0.5671261
94864cedea0fae86bed73ca838893cfc,0.19915193
1125a931f40d1fc832ce21ef07bb5ed4,0.6967845
7c71fd4ff535d97a41040216b10ac116,0.1805729
c9f7276e3aee60f497e2eac54eea0bf9,0.19734427
37c2f744f5c480d0b4bf96c78da15dfb,0.94523525
ef3515a55046b74fbf331485c2f7187f,0.030910632
63ccbdb254637475ef9df1914ed826a0,0.10481086
7cb7dbdd964f6970c8c343e65093a1c0,0.25745112
d57bd3baa496bcc754328db5109e7685,0.032582987
0ab3fffba3b69e5c1be7ff867cb90b7d,2.7505945e-07
3a995db60ff6f190e3eefa62533ab5bf,0.91894865
39913092dbf336a9dff66afb38437c2e,0.009264389
b2da8a4cf0a66a2e16218f149e809390,3.8083468e-07
ae4697ea37e5c70ff116c032eb0facad,0.013029951
a6d551d5db50f5d6d1c93a922a0ced0b,0.0023823245
22fa610f1c544b97eea1f94b1938bb95,0.015580652
90974c111b62d79dc957a8e0768a4d37,2.6299708e-07
10e5d9f9faebf39192a98947ec9ea98f,0.23015504
658ee06815467ad14629177c6fc7b705,0.44640818
51e8d7e87935c3dcfa677bae6b677553,0.027942885
f086bc6d063f8b23ab91769232c0c96b,3.5107934e-07
b1b64ff64b911d93e6ef457af0f20fe0,0.0061547114
de738b687dfc03e744f6c6e4ea15efdb,0.0070315613
2c3878d33b1abdc6c7ea96503507a05d,0.03207546
87aa9736456a88bc13a75e3033cc2d5d,0.0031222408
d5baecd01a3d69709a7de96f5a3a1f77,0.012045421
bbfb3640a58006e6ce5130be7df95de2,0.03682161
c4776323729a177b1f457463914e9e24,0.028856188
e62d04edfd14ca02f4c3a05b8bb141df,3.6122067e-08
a0b6f2a8c2b56fac2e46d2067068cdd0,0.5125909
178048e50c27c7b07b07267852da6766,0.08388342
ce8141df1e130ff6f106834a286c1e0f,0.00074117526
0efb6e0fc0f4b3a0ed56ab290c6fea30,2.8630612e-11
fa16014afd0dc2479ef82a7ec81cf5ed,0.34290358
a902b48f3f8a69dd188a3427a1d4ca8a,0.19833122
034d45173cc1070919497d21d7060024,0.0126791075
e26940c6386874ff3699102bee9cfc09,0.38351542
634cd2ef82412013956d74e244fcf24d,0.111682355
30707883d4de9133a9b1913085a14567,0.19733533
0c98aa3a7e25c0987124bca65bbae336,0.02820691
ef0e714bdd8bf650395efe69cbeb9d5e,0.023412596
a869d2bd06e1b24d3e3a35a44f04cbd2,0.049980633
c05eca35293a2f422574fbf8617d70ad,0.031008858
7f68b91d2bd9d6a605a5faa0d4dfcc54,0.0014571629
64e05db4d873b516a729e301e994dcf1,0.034739412
00471a7d85ea593c8a86d33b687e14b6,0.015599388
da649abbe99e5630072446278cbe284e,0.04570749
3f0c488ae94aaa416d9276465d60584b,0.048455767
0eb56631252fd979bfc215784e60e3aa,0.09491735
ccc10d16e30e3be9fd828b2f9bca0623,0.019632217
08fd139e7c28cb86bc15fc8a9d3191e4,0.01158811
c296f5522c688ce2548d49b166d58da9,0.03582417
27d4f7f329f2cb56c131a1c9e8d68938,0.019479813
b5640e2f9c900ba3279b9c921a4980df,0.23792633
43dbfde3ff03d6362ac844ee39973d6c,4.2208864e-08
be63db09e08abe01279eac809ec43aa6,0.70570946
8a3a2094f8d75abcde6a3de04bb2c12e,0.17089705
7d3b09cec2a4b3a2e1a5fceed9f67d90,0.00029584163
ac2b55e2e181590a556b0bdcbd3f681e,0.041867968
93137b372ae807156173ede029c49764,0.00021360556
e211751f9f0ae7ef21cef0c791a8e0e8,0.5710765
c3974495c45427fe4f429d2f70510672,0.19831263
a822730c1f8e672f95ea0c127408a959,0.99969846
0176f42b417a936d7e7bbe09f6a78416,0.012047355
a4ca767204f58337a31086a3d834b238,0.10362897
80003bedc61c2bded86a0db9ad7a9699,0.007626095
6e829fecc73077c1cd98dbd88676eaf6,0.99905556
268d7eaf84d39cb5b1b5d659ac3dfeb0,0.0012248359
b311cdd69ce7a71883214ac003da2625,0.025525516
535c6ac66a1f0732db9564593485f5ea,0.020772185
4eb875813ff71c146413fd9a2f87c7a5,0.67566204
9184bee0340110291f580ad927fb129c,0.0008628427
f5cd9684fbb6270046c11fc7f141b25b,0.8571068
843c7134ecdfb8960b0e92ac9a7591cc,0.24203527
fc6debfa9718b9fe7a47eabf0df20428,3.725011e-08
7cd82a3e28b43f06a66a80f865963e3b,0.114886425
b991644c171c7bd050cc8350629d2d3e,0.027942091
77e695ac6fad3533006f69a165451017,0.93203497
17e2f26a23af983ce50e18b8f449d478,0.19833484
d18e26c82faefcaf793f7307690691ad,3.7700694e-08
3689c4123f6dc44ff700b2796ced6cde,0.017001491
013fba036dd48a94da833b2bf9803b76,0.46214542
79cefe647d58bc2ba9b6be755c207bfe,0.3612792
d199b46e2d492c9058b58fb4236de557,0.15415886
dc0fac64e84276e5542a22e1f315d81c,0.00053878286
bd5cf505743140a8d81fa0e49f438efd,0.01267993
0d025209d0bef5943e4e068367d45820,0.012672992
f303f8eed39785772f7bb67ad58a5214,0.0074974904
5e5e526a69490399494dcd7195bb6c67,0.11012536
c1f78f5b908575aa39e8f88a4788644f,0.9997307
8bcef92092e21ab69b43237ce597a40a,0.19733535
06a9241f665aaa0e348fdea5b0cf241f,0.11481748
cdc075a9d60659729a76d7b932bcab51,0.01267909
97ca0e7288826644be7723cd066960ee,0.009449758
82931e46f5f01fd16a70796f601a4794,0.50000894
32f9d80c54ee363cb875e9fe45efd179,0.025631037
086baecdeba3c2c653b44b4cfd942e6f,0.83290994
580c16e07aee1ece051f53e81af877ef,0.20626716
dbe153b335cd8e1307d9c77ff61e4b03,0.16863835
561718a7cd849db850ca57cc94e04909,0.20904872
4a32e054a7f65e2f5353d1e108ff095b,0.99954736
b0c29c8c2587dd007c3d7db222d91315,0.0038298245
9b856be1616ad4cef8990f2ad7654f39,0.040804666
4ecefd77f3bfea6eb8a25b010a296814,0.035097294
fae597d2c0494e90447a4135ad9292d1,0.4461431
3b9f0cc5c21224bea9480e9f2ab54997,0.026494825
bce80d93e1274953e3f3d361505b2955,0.035550483
8dd52918f3beec7b27d953a36ba3efa0,0.09604841
13c6eea0014aa455570d45809e149d82,0.12532522
b8ce562e57a188912561833ce84e94a8,0.19832692
a74711d42d911d89472df4cb50f4498e,0.15137525
0c645c7d19cf29fdbb0c36e88916b9f6,0.20053387
e735008281d87e9d50a3e6bfee78ce3e,0.0025597124
f7e781adcb36e85d37e4adb80a8d46bd,0.053667665
9dd64c1ab0d6841a640bea37dab78136,0.029770259
93281cd3a67e222cdd6919fea1f68e59,0.29929382
efde3658a7ca95feb78a26ac9ff05cdd,0.0010729678
8510978fe399653a14a8303d2a50458d,0.00046271816
c243b1ec3f81e4d0d07493de0f1a7549,0.11841488
841137c3e96dfb7bc473b34fc3440b53,0.43090725
17dde7d22e46eadef02666985c2e29f0,0.041272968
40e34068df9775c6c07e74605ba8ef52,0.0024272874
66e663f54e2d538d33b1cdc58afb7662,0.20428798
a611a158d3642c763ba073239b429db0,0.18973573
26a5b6ac310f8bb302e0661c2e86095c,0.013264781
43831b74f948f00fa48dce24917c4808,0.037522297
1b0ec440bd75060ee52a59a6a4288b08,0.71999323
0cac67b9a18a5861eb9c47c1ff14260c,0.006428928
a243503399000198cd9471a9aceb4398,0.21151182
feb61835c0836289b9a73805b128cb09,0.6024054
632f7c018ab9aa079bb53d4ad66b4739,0.10190533
6c252eb76fe364d555c94daa74e7bfc9,0.03490898
def8436583a887dacdd467b7bafb198c,0.23435636
ec1ee7ab5d2ac93015828005825ba5fa,0.015649516
059acbaf090337410e0159eda2173d84,0.7183787
40e0d690aab4594da974c626f3fad691,0.0007044611
93feb633e1be31aaa91ccfc9fcb5bc93,0.25231686
b2d899b5fffbba9b1e85f8421f812d90,0.037730873
40beb4e7e7970809fb1ffc37d89ef6da,0.03564466
b329d89f9229919939fcd63ef401cc3b,0.24478355
13a73eb95b1dc4b86a65603efbbd982d,0.012679422
8dd9b4903897806297b71a4c18523f3b,1.5832025e-05
a098138b4e381490f229d223d1ce2d5f,0.011563031
07ad5072e0b01402d7c69bbf5ae6f08c,2.3526614e-08
cf3d35fefa5377529d0b7ebc38d9654f,0.994606
ca231e68b05c9f620f997836e7c7155a,0.19832341
96bdd767db1abf7d54a9012a47079784,0.19833627
a81886ce8477f0842007abcd5d8ca91d,0.011669124
bfbb295b090e6b13f65ac07f6f47c4e8,0.20754342
55c862f89c6fc1e441dd7c649d5b8d8f,0.00022215748
2f9f98f9e8fa3e3b2c7978ac52e4c524,3.1802156e-05
24fe99a012a62ed36b27205c14cb915e,2.7815236e-08
14d7e6ad8746fe972cf1d095e37f1358,0.029019091
e3c0bc1061703e2e1207b8573861dd9b,0.022232404
83de593b7e50c9bf55f85e7ed6ce3ada,0.98577845
37a66ad66bf8673545688f626f75a267,0.95554817
b9ecd59801e361302e47c4bcf5a5dc5b,0.0034508551
9fd4a8321385ea6a0505a5ff0a78cc59,0.047344837
8369450fcb974aa654b890e14eaefed8,0.4047432
ed401f413ae0edf58decd002e940c86a,0.888155
651071cfbb3adf179cb659eea1dca47c,1.1106126e-08
84f8959581652751e289b75a34ca71ae,0.042014785
274e7704d37ec67480218527196f6384,0.007372907
32eaae28efe8dacf94e8e7723cda83b2,0.039825447
1c323571263fae709a03a787aa4416aa,0.36289662
da343872ef33a960b2c1960fd9ac338a,0.042748913
380bb3336e1ff64f438c3e36982e3817,0.0006464821
a2ffce689a5585b8138fdc3215dcd5b4,0.14887312
b4df80812fe24c8b7689a30079f6dfc9,0.26100668
d086835c376f00b82382bdb08c0e8e8b,1.5520915e-05
ded8196134fc25fdbc26b28bf373d774,0.09815017
3282ee6930aefe8cd098357a2b19d362,0.00094013044
d83733b1135fa98d91fb423e93335c08,0.011571577
7ee1378c532415ba3c5f7dfd9e0ed737,0.047399253
b1fb672f7b6056d0fa7c5947742bd210,0.9839741
0e7e453ad39d8ea670bd958e9f9e4999,0.21839711
c4560eecd512673ba34c169eb2d48c63,0.022316981
39f3325acb0d599cf11ae9464562713b,0.4186367
0dcf56873935a612d9bc8f414c2f1537,0.12090166
aa4936981196e1c19a9402714569719d,0.0012612839
95963c1315d495929e29e5e748cdc719,3.1192944e-09
9979c7c779cb0a2d6abb5a5f89694194,0.19734228
aa5fbda9c848c1f79ab0ae66eac8df84,0.351907
1051736211eee9ec2e2534320638b3f2,0.99589443
392a131b6e7b7beec3c3c6f59e94c2a9,0.79423106
b57624e10033a9755ba8c199231b9a9e,0.044610746
71d5d8cf94eca46d92ef311aba879045,0.9992048
51886abd705581d11e8f4d66e213206b,4.309165e-08
cc9e369d5c75b88967605741599f1eb5,0.46768856
6f45d0e7b1910166fbc93b430bd9119b,2.3378051e-08
8ff97fb0e150b52954e63ee2f6a19409,3.545291e-08
c8f18ca7a839a524090e56a8994cb0f2,0.028975666
f913a9a13a1934ad6fe3d326629096cb,0.8756367
34da2dcb70e3f2d95859c6efeb3aebba,0.045801107
f55c7fff096aaccc60010809b1f4155f,0.84110796
692614075971fff9d804ea6daddec49f,0.3071987
48ffd1163c39df13e310a0118bb18f31,0.7925328
6b12ad16a880cab128d80759a3f17858,0.039268218
ad5e13b09c3ea3953ce9b7c16104d499,0.038380988
ce1349021bc9b50103d14e6e76bc62a3,0.19832604
920e0e1acc87925dd255904cde968e1e,0.9997485
c8ad57f05953c23bdc25e26fcb449134,2.3690003e-08
7e7fb00a88d13576b6fdf27442defa8b,0.47961992
1cf6c9e7dbbfb8453ba30908f0852619,0.0023816333
5c7cdd894962299bd06d9306b4ce8332,0.03632691
4eb4c6c1083e5981c3e1eab645e9fa75,0.027589116
9cdf2a819ae18353e79c295b53cca234,2.7539392e-07
544aeed23dfcfe433e60d3101ec8b594,0.6387162
491d45ea3690ce28bec43ec82b8ca3cf,0.057876557
a3784c441fe5da05091021402f79ead6,0.29461995
3738afa2743c4023d3261205c95e991c,0.046320856
a5c3c8f7c81c36337a92b01b99bcf21c,0.034269214
4beb001c6748dcd61c77817ad0eacdcb,0.24906835
b334f973f5ff404717f6e1380508693c,0.8512354
dd9e178e2275ddd2b9655c01b8d49c3c,0.19735517
8bf666f8825604f6cbe26537fb07d011,0.029581327
a46567382500599e7744bd34557485e9,0.49669924
defe34705a8351e3b1f0f1458fc2f486,0.39126697
bf267581e45b7ee7af165d0ea9c80cc2,0.6503189
f57274eeefff3bcd800360ce3106987a,0.0735742
26addea3d48d32b7056f0c78f5e6f8a0,0.00040414752
84a891bfc02b2972f3c15a888ba89ff6,0.038686693
179b9e151e062db1a28ef9cfee6a5367,0.9855981
e5145e714735d60fec4d0fc44898f160,0.3986949
63219a01709d647fbde820028340def4,0.03500084
3f29fab52e47b253d92d3c36d46315c4,0.11668708
b8a251f1d1481cec195aa88c5f81e840,0.6609301
fe3d134a7e6136bbc1366bcfa820a799,0.04612112
d1f261d887647e63354156062aeaa9e1,0.049160283
a1d16fc8eee6fcf830035bd3b8d115b4,0.59811586
b3f075ad7ca4ac19914a67cfbbdfb825,1.11199014e-08
3de158adaf147f635dbb03b037077280,0.0039714286
50f57b93ebd65eb3cb3508c50e203fc2,0.36351758
190c4abd2767adc52afeb16e49285a46,0.00214759
57fe3352233c49c0e828196132e8bf5a,0.19833358
aa2a38c38f8e08c925e432fc9a4785e5,0.04254839
e843d5b1f63f6708890ab0810db74fd5,0.9996042
0eb699e8673ec9b19594ab676bb0cd3f,2.2516016e-08
56e8b7edf797571b65011b5fb4b3104c,0.902845
b89f4a70ecfbd6f0311cfa0e5a023843,0.011913371
7a9961648bd1c1d85897e8b7f808c641,0.5249772
fc33a49f53ccbb4956baf766742accfd,0.04717795
113d8a0e56ba05dda3d28565403705dd,0.010117323
8594b130eacbd2eadad2e0956a8c7655,0.19734432
b71cafb9313a9a815639d78223659dbe,0.29189643
829ab44fcd3ac764e091ac98cd716dc9,0.1983351
85cc2fd9383416846905e8e7853315d2,0.011655865
584a16fba74677848a7b749a1d383663,0.9997323
5b776296aa924f7be66410d798014509,0.0024289356
5279469eb93fc7444e14cf9d5a01dfb5,0.031644896
82d50371c69a1c0490420b8f5d80c3af,0.030114645
3a32cb6a90b5242fc5260231f55278cb,0.0023847148
8955316862d323e62a5358a93af82823,2.4079536e-05
7f6ae3f5d0897f5050955596f18cb26f,0.9969552
7808412c43398e389c5d41f241ea10e6,0.039205987
834e721c7e88f9ce76fbb807fa079cfd,0.00066832476
4e1ddede66c27c5a91034a7c7bcf7b50,0.06705544
3e05b01aff9e39612e2c6f1bddb2a987,0.03651375
5ca453893c6dd8799bd1c4997c7cc32a,0.081980966
844e6a8bc6bea12d536657aed75a9961,0.008391843
fea41c4a16934f6d0c204fea151f487d,0.09322859
e8cec47d4424e91c1e43e20919cbf9ab,0.04567951
7cc96c1a31c60a0dc4b2b43d4dfbb7d9,0.0073971106
d767f1862e8433f18267159442da7e5e,0.039281674
60c2bad09d8f5e79127a07a817ad7ce4,0.0024968856
9c2b532ee396a1171e33b2f7b4ba3c33,0.19832838
ba4578d3e57f740c5b69c0d8d1ae6ba3,0.028633129
2abe10a0ff69c9d48bcbb3108cfdbcaa,1.85812e-07
3ba0a0ab214aaab9fd69bd99da5bf0d1,0.00042997557
940e702bfc22edd66835d8a3cf4bd8af,0.045960642
e163d7e345c0f189686600a61e198dc7,0.030918758
2cc90bc3f21d9e442bc18bc94f4abb30,0.11252054
44e28da5fb58f4f4927b32d8863e2e7a,0.00024690834
3496f680128736536cdb9096647fcc33,4.6705154e-08
942edb88e3fa3c77c56d159eb9360803,1.9637891e-08
c23035788a7cc9c155cd260d6f6599d5,0.3463375
036cd3ef6ed403fff0466581315ed9c4,0.03035504
6c074b410b1e9e8badb8198919bb5f5f,0.03821417
ab23d03dcf23220295648cfb245d2d6d,0.9987755
292ebbcc25be8c7a9743139b938c0fef,0.9994612
7d9f06cee4b64f0da9299105527484b6,5.8000076e-08
ad07006c9a33f4e57cb40ddc3659389c,0.061664063
22178cc03d984c148b993fcc0626a010,0.18193504
b845ee44fa6e3fbb0d4847f5767ef74c,0.99947643
fd492443fa6d1c9385c0828c6d35f896,0.04151893
d796e71367927330ebf965c05019d639,0.68476266
20197b2c8a1a373a5c743215474e5833,0.40973154
237e2ab529bf17bdcefe3f0a480702eb,0.007440111
8fa44d764036ff3083264d20863770bc,0.0025769756
4d308389124f023ad6eb8ad599db3b1a,5.4451952e-08
8457391a6f4735ab70a64a5a6b3bf02f,0.7659081
9788290f11e6a311a12d80f8a91536c9,0.122477725
55345105109808f7889f7ce42ff8d744,0.2029917
866d623a6eed77f03ba6c6302af26301,0.012899039
45998a34b7e489967e831e9b337678da,0.026195165
1b89d3b831afe98dd678dcba6f971702,0.85514724
7a35081b0f1bd341e45b61ef4638aab3,0.0033494271
8e192a02864fa1885bf57429b3bc5f93,0.0023865383
8b04ccd1dcb7934841b161a711a1d92d,0.00022152036
e97f848799aac6661c1650a057cef57d,0.029147362
3e65de9a04c1b11d9d59ee0d8c553e66,0.21375406
acfeb132d2e1dda2b3c5b135bcea3db7,0.42230573
b45bbcf6a8d1c2d16ecda7dd47ceecd2,0.15297106
eb0910392a9ff6f7860bc1fdbedb25da,0.028965002
cbd9edfaa1fa8a0c87cb796d94fc3b7b,0.03514557
8a9fce670b7a61e71e5f5fe612e03364,0.03462613
b0552f1e346cbffd0df175fc8bb755a6,0.01772074
5d24529498b32d8ee102eb0ea1cc442f,0.0120593365
e307d40f83fa13ef997322d42f946f77,0.024722446
1d050a43cd0e8d22f3a1c6ea16a4032d,0.6964535
7d945a6449b3c6005ad868c03fe95e76,0.23440614
a6f1c05c0ad4e2f2ee57f9cdc4c14ec6,0.15248868
4e6fb8f9364e5aa3672c405e3152adfe,0.0007338436
6f382f2614e1fb0291ad13614ee83967,1.0201156e-05
8f48e5e1e9302dfdd4140f13c8856e17,0.030595357
3198fdb991449d480027716d1bb8b96f,2.977143e-11
239b302fb32fe99ace2b8a802d8dae9d,0.19733816
b3dbb8f14d3c2499726e857ef44b260f,3.9164462e-08
ad76318933d319a356fbd84d3278bd97,0.1385694
459306788241096b2f68b7b0ccc93a9d,4.2066016e-08
fcbc9bb08c6616f790d9e82eaef5375b,0.1973393
5387a560f2305cfc46ed1b4443fc4c1d,0.5403724
107b33dec7c7c1e225717b93df8a984d,0.21743956
ad50ae709756fe56ef8149b724d94f53,0.034631986
cfa66ec5a4bd07cc59ebba25040c218f,0.027914833
2f4d4596d41246b811d62a0dc6a6ece8,0.728922
4fa279cbe3b292196b8f02cb0fe3c72e,0.04664874
fe5fc36211bc666ea573e76bfc49d4ea,0.6330339
739421665746403cf09cfa7728a34fed,0.2294571
05338cace9bf7cbdc0abc029edfed765,0.36923504
6444bb8673fb92f0f8e6893377e7be72,5.21622e-08
f32a36ad27ebc084a801889e8da001e9,0.4020154
c8f18374658166ec9371b8ffff337194,0.022175623
58ba9e8afee03eae2490804fd90fcd12,0.961635
bc33ae4e107385c99e46a2b0d7eb04dd,0.19732891
7048020c999cdba564edd7cfcdf79959,0.0008341541
3c9864c0c134eb346395f0be9dbe8ecc,0.008456911
e2f1271cf7ff76897c196d62d9f2942e,0.032697115
b70417d156b353636185426c27094455,0.034161296
6009838052a804bbbd30d778e2e03ec7,0.19832334
13541e61923b34ed8b5bf00f3d796c90,0.94429415
811308b5712f74ddf2fd1b972516416c,0.029337978
a94a28d265b891cd98a7b8c53b28e4b4,0.3048494
f876eaa20bc652f9e6f1c014a2caebd6,0.19833352
1e55f4bb2181a55cb8f5ddb5d38cb0a2,0.39723152
9149e6202ea41f6b6a80ef2cb5cab3fc,0.21638009
c142f36b9a7aa1ba7f043154b71a3979,0.9998611
b54dda36317dce66051d1a437bedd623,0.00095069857
7d22d4db95ef973b85386e849576bb95,0.0005905417
4fd82a470276016049b5b29451a9468a,0.9992322
ce936d47359d410dd689c9ae51d1eb62,0.01218165
040808e500ea6aab055c3692dbdee54c,0.036159173
ada0bf293f5eba62ed7c3478e52d4700,0.09245983
bc0d6ae13a28fb130854053c64d638f7,0.029162165
a5644e49f0fdbc6225591b7af03ffc61,0.0354903
d7cda371296142c42a923ac8c8e4421e,0.64546794
4192330422a50b329c555bb774c44f89,0.0076560057
ae59077d9962000d268ad15ca20abc97,0.16338545
a9b63963d2549c32ba2ad3a7c4e6afdd,0.21928349
465340333067eb76c4ae8a73d692e9aa,0.0003676329
b4d5604003fe221c6bec04848b015f09,0.9996624
863b7a3dc0ca5a776832fb199640de9e,0.048845958
c7b5f2e31bcb40d38242b29e2fbd9100,0.042732973
f962cdb8f3828dd263ac16911e640300,0.42436796
3a2a1bfcbdf9070cc68e582a3bc43068,1.0241523e-12
bcb0ac3abe898291a676de5f6e48176d,0.04227628
b9cfffceacec6184329a34bae60c54dd,0.009249582
cec9b71760409729b189acc078416637,0.12985286
50dc4c6d928e8ae8385517679c3e0be7,0.12950179
a3df80d58d838ce49694428a679d6572,0.26118955
3dca471737b099ba4be8dad49909e7b7,0.07587412
001ccc601ea31d5574f480d12af1ceee,0.035901595
4c132d8dd5f21a5613f7c3d6f007ed6e,0.29825115
11bc2db3c383dbb0f3eedc10dc2f4b7b,0.004484987
de1ed2eece0ff0d0ee7060e1736ced12,0.19735283
094de5643208c669a846a3a5e454e23f,0.7166647
f22f595eface19b0de42cb2cd2d61a55,0.028479982
ef86d6f524e4ceb11c8a02452ca1ee7c,0.19734265
bed28d5eae0eddd3c2c7b702ec7336be,0.0022006354
64a24072acf43a89bd30acfd41178764,0.25111765
b2cbf9c9d97514fc127dd94fbd3ed09b,0.011556338
6aceb25eeaa0bc02cabcbdcbc4082089,0.00035053684
eb69e45ed94af0a8e766b392ca297fda,3.9844775e-08
e60babe5a6e04d5dbbec178ff385c7e4,0.019339375
532880591697aac85fd8228cf8ff70d3,0.019943366
8ab926f9502e2684138425660d793a00,4.5010633e-08
eb1756741563dbf270b26bde4f8a3bae,0.0071506286
8d76865f1e381e2c9a8daa8f8d66cc33,2.0620439e-05
a07a2e16be343676ddade01da6281cd2,0.033426583
8ceed3c53cbaff0c0c8067d91d5d97cc,0.22955039
5b3344eef7812735fd7556a2bd46438d,0.02612085
ff6d48bdf18ae9d68c180c7c9335c74f,0.19833548
197d002fc3d7e6ad3e6251257f8faf87,0.042287935
273c00d4e661b8f2d251ac130b51122f,0.04304967
abd8c1fefaaf101f26f1b5df7f9529bb,0.57809764
25ba37c80b87b0809ec58f81aeb86f92,0.0039860657
9c5d4526086be43d108b464d379cf83e,0.043869235
5c525057de3472d28c106ff5af8b41ab,0.70654225
50ce70dcd677dc4c54c40433585005d2,5.726625e-06
e223612cfd7d4f51c594faf88542836a,0.5417478
362c50d6bfec04c06c7fbbeed5e71671,2.1042853e-08
c6e292cfd99ee4224c996ec7bddb9f88,0.03934765
a12b8115955058c042cd08dafa48e673,0.009217096
1e392838439e50d7609aec0219b780c8,0.032992743
3ee001119f4e08b41f06b924832c4934,0.13216542
5a97b6eaf248d2bebd9e4ca01559d41e,0.0025496006
9dd5261e9b02c6a25ad635f0f6a4f4c7,0.0024625356
14f9bc65bf629ffb16b667f825a269be,0.20052603
15055571e603f50ebed01a9e21863903,0.9994048
69459636367dcda7ff18b68b94911e16,0.17919573
6a8d39575006789e3b9109b51dcd65e7,0.9854597
045c1cb351d3e9eec500963a91bca372,0.26607227
352c5e5b99625c01255f1c87dd78ff8e,0.012679527
fe28bba0b09e9c5c880734de4d6b0131,0.16829388
60a5cec26ad9bbff88a9e4eeea078eb7,0.19733728
5a2dc7ac8a67fe13d6ba8864ba33bfa6,0.72892314
631a0d55d0b0b75daf45bde5a8b5d9ec,0.1042282
eb2f290b67878e535253de13ddba0d3d,5.6717035e-08
b7e3baab89323aa81a14b971e17be22d,0.19831379
dfb488c51c9f734b6f11775ed2cb6bbc,0.04954502
e740626920a844970054f5858bf7da1d,0.9865979
c6c8baba0c01c09f01a937073eb698bc,0.027608018
e9a2fcb9ec800e6029f8caece46f5523,0.9995764
6a02e2ca03c152f3ec5f042cc3779eb3,0.19831811
64d2de990498b985681ca0b55497c6b4,0.10998011
ad18a4c82b60602cb39fc651dd5b2240,0.00038070843
640917a3953a1344cbd1539e1b2925f0,0.44366893
983dd2ebd2230b0ddc95817f1780a90d,0.012682113
8599d73b28757fb6128fdba43211a207,4.0613898e-08
8e91ff1d532a07ed165bc9cbe443fba0,0.13010658
0eeb9dd4b65171ed474e1e9aa54bb367,5.572526e-14
ee7cebe167e64413ca6507be5da283f6,0.036571406
3d83ab1be7e97d58d862c13ed1661b4c,0.0075925663
03b83550184f72cac525884f9d767b0e,0.08047511
c40f38a65fac826d8444cef6f15c7ec2,0.19735049
c0101d0e3edcd678521bdf59c40b7773,0.197347
506ada0739887938ebac6550f4076e7f,0.00031982907
f0cacab2e807725c1830ce348ccb4a6e,0.9997538
737d8c85817274a9b4064db903c59633,0.40407285
97e97003ada70e01652cb4e897a30b1a,0.7883275
db1e179b1ee7d94d5c11c641edecb412,5.782227e-06
7eec0c6f7fb0d38cb20fb29c63e6961f,0.0036288346
3dbeb43acdfe4e5fede4a66364ac453c,0.12151611
0fcf93b8280ccfc9b3793d0b4bf9bb03,0.033124704
7c931fef477c099cca016729e05bdebf,0.011543758
7df6a644d81c31019863ddbae7360cd9,0.011795054
d540a7eb20b74654fa009d3a89a08f58,0.0076770084
2570be5987c0cea1790591d492d5126f,0.5138777
32bc3f9a8b12325acbc75116425e792e,0.2411011
b179dec86d836624d8eb5925995c25b9,0.025960147
70e116a4ad9bb26f2736da2df457b1b2,0.23516448
008594eef7349927a8a8e044b6bc57b6,0.07857658
17dd33be180f99454e6d75073513f9bd,0.048815846
ab5844fe659ef2dc3a6bda07947612a7,0.00024319514
41326237860032c9e2b8bbc02fb11c44,0.035971176
832b639676219363190a16a50681c1b3,0.54596967
bb413fd5f3fc7f8b72798194f501da67,0.0004043702
87822d7718c1039e7291e4e13efd3f70,9.8977915e-05
b41b6a2b8e0d6d46d82b21172ef0dd5b,0.058306683
11e20134f53218a2f53dbbde96536071,0.28636956
c71073c9010170bc43350aec470e8d01,0.14028975
600a5a9986e08a63ef4ee837a23886c6,0.689081
f0ce9e067bc4c1231ac1732cdd58e2d9,0.076699056
39975536bc55991e1883b56c192ba470,0.18824795
1a4265b2bb83ffec579e7e605c77c564,0.12738481
99c6baa14ca88885ad08a65b01bebaf2,0.031985283
5932210b54d1c58e937710debfc09dd7,1.3941317e-12
a80ae8dcf4fc919ce9d0dbc8254e55b8,0.16840032
1dd4716f95ad159e0e7f70e928c0fcda,3.630442e-08
b40ec2a762457c4ac3cc568f9e10199b,0.2088469
3567ef87c0c8280bbfe6f7f90ec9d56c,0.0
924632b489b1b5820157f8517844d507,3.6823245e-08
79cd6e8877ad19fdd8aa979f69fd6012,0.18111643
14bd3a9602b9f2d3eaabd420dac3ced7,0.03480892
0096535e7ccd9ec75d80438afdcda496,0.16757694
cdcaaba4ac1a64578ba3c2a488d3eae4,0.013637835
b028221852120fcff545bbc62c92e935,0.094065964
b75c03eb870be76f7fdbc1a847be33e9,0.051293373
7a206ec9894aec4cff497cacd14b21d0,0.039696626
279a47ea7a2a4949de0c69e93980eab7,0.48595852
6eeb60b102df6938643021b857025c6d,0.16437331
7747616dc29bbfa465becfad660c6baf,0.19832335
5e55302619639fab643f81782ac202fd,0.024040367
ae8a8e9cad85c3216fdcd4d221b0112c,0.6092409
9b3bf46681e57cd7cf73ed47abed1f30,0.0076067485
a223a7300634bd51406b99d7f0adbc6b,0.19833985
93294cbcac4543c6129c968fedc91afe,0.984865
49656d146216c7849126070450b44c9c,0.03807118
8f3157a065dd47ed48171da5a9b2839e,0.03802561
e906fe32d7be05efffbad703a0314c5a,0.043776788
28345cb95ecd92642d113350abeba809,0.20745131
fd90860db8669ed2bcc663d8769c210b,0.033915162
79f009604d9fae018be94845e9eb1c10,0.04227073
abd96c414be0ff455d720cd5041b4807,0.04143034
eb2febe18fcc2c59b2f830529fa43889,0.031661026
1d008d6a720d6b06d08d3501281b4d03,0.039126813
29e896e1ddee5384055b36cc1793efb1,0.19832067
39973fd1b27b260114e6bedfa183338a,0.20052414
22000d36b5f960d852c5b0d457db0d18,0.40298247
59e6802f296ac329d92e5c80f8beac21,0.19734241
cb3468d27e28460fecfb1db4af0b4645,0.012078045
0e424f89de6135bd088f063a47993ea0,0.998191
4967b0313b501d226b877cf54db40400,2.5054244e-06
69ab1bfe2771855a0d4259badedac587,0.3757423
cf7f27f476b48e42b74b04ffd0d3ceb1,0.06661244
7fa39e725a405debcf39ebec6266050f,0.035035245
327e1d8eec7c85f17c18efca6964a09e,0.0074473806
4f5e9cfdc8d8091de36a5a942148e803,0.022063296
c4118b93a824545e360ed373ee555e0e,0.43888775
e3e917aa28dc0eabd5a65579271a5131,0.31831765
03d0133421664b2730f751961293a230,0.57129174
f727ab2b71da1888a36e7b8c96435dba,0.16974165
5d8df2ee40c867993259c396e3fc4c18,0.007560739
ac318b0f549cd63d50f0a1c3457653fa,0.9819552
f7be895e1adc043af0d0c284d4cac61f,0.19733647
db18689ada2b94b51dc95c5373270759,0.027407005
60874ade9cc77fad152ab5b5b4f4240f,0.19833192
972ffcc9e66e9318547af9d41d2fe46a,0.20744915
7bfd504a0167850e1f3eb948d9914a67,0.09163074
de36594415a453ed165b03dbc332915e,0.022775456
408a226b6a1305f0a17b5e62f942411f,0.0057707317
468d6a828a31b279eaf6da068e1d8c67,1.1084e-08
4327ed1671deb9f1b0169cf10680840a,0.19702236
3c796786025963ce1fada3ef1c5d3ba8,0.045005023
88be866d730be99fb0d702859bf04834,0.0115379505
3c0068fbc4c280dccfa2c47a2f218538,0.04691657
d8cb108c1a4d590300b3f384c652a61d,0.021845844
99dc4200e25946aa8a913829c85ae295,0.07524427
023c582b99cd06bf9d1b70ad50e207fa,0.04661309
7ca0d12401afa20a3250838d5ba37dab,5.7708618e-05
d64263e9e530048d347729413b8162f7,0.2215366
30ba07bbebe87ef9f1bf4b9039e7be5e,0.19834049
f3df2afbdac4383f95e56a299324dd04,0.20879059
6a7e72fac2e9282e2a3c7da62591b2c5,0.04097588
b573e0c2a4b1c074ba453da7146f808b,0.79992735
cacc1148fe773778b5d2c548ea75f107,0.85882604
b211ff89f59c2fd82ec0eeb2b567cbd1,0.005410274
ab979e9fde0cd549e69e8fbe15d8257c,0.9429253
dc0086c00845bcf2350dd10920808a88,0.011535374
c0eea754fd10fe9883d71de7992169e6,0.010178094
67527daa3f2460f215aa2e8cc7fb31ab,0.99946165
dfef13cf7753347f399e0c37045f6b02,0.9624384
87cc3d6ccea0f93b0bc7d5fffa677931,0.99795693
423610119680a2d736feeefa2c764a8c,0.0024206408
4d914954e0064f50dc01ce191705d49a,0.0073390245
6e23e29250be83744035a982352d7d7c,0.001661741
9af851f48ded5c2d0b4b3b89767e88c9,0.19732887
598e0596ae5f92dc46b2f7b3beac6c1a,0.027736068
05cff944fdd6f91bfd323af7c8736e3c,0.26096874
69714cf2612dbf76ac466827bba43de3,0.0011236116
520f7d26dbd43ae77cda938c6d7805a0,0.002383602
aa95ae6a869d81f1afc5fc8d2b35fe5c,0.002382359
ae8c710af8686326d4b03fd8c1545f71,0.9829241
5401b324c3b80730b51c9facdb3e7314,0.04266445
c850c793de28252b13d068d2f07c1c0c,0.034899242
b83e0fe821fc31a231a98980fbeabe7b,0.42492747
c093ec9129983777e2327466fde4622a,0.03156776
7daf5a51a4a987cb8d9912af2085e8db,0.2110014
0b076e88e2c61dc23d5eadb205733fb7,0.1417127
688a8cf410e8698ba1dad272c6594a45,0.04166525
68c1ae4a34d126b3e3257167dc888a89,0.044631362
40b27e32fe5973a4f073c36df6575c06,2.4809196e-05
fae034374e48e4d960fa750749c78bbb,0.34880883
e7efca70360c6ec058ca690d3f6fcf1b,1.3360261e-12
03c1bb1362009b88e345dbaf71ab7058,0.38795823
9e0f775dea3284a4ad548041d9ff5d5c,0.86219054
660965fa042f7cbb0c319c29f349f30f,0.20755208
3cbccd1cf65c603551cba205536287a6,1.966044e-07
16bc11ec0c6ec64c56b0dd5cc95c89bb,0.46338072
f82c0c6dd6283f879d15696be3b8bdaa,3.0319774e-05
391c5d1a47366cb48d45cb0d8d2ad4c9,0.01624734
b6867f690665d835188e51f3df43a66d,0.023343345
e9bda2811fdb5e83d2573683f079e843,0.04103021
8e4e9e8448499b5485787b0306ac443f,0.011436183
477444b9480d6664e49066978cb186c9,0.20038748
c1763c55c6a7444a696fd0ed67d075cd,0.82424814
4d7241c001d3a34e4ef6fc68bafbe5f4,0.025113955
f191ef79f0b8867efca0dceb968a1d11,0.37225428
1ee6c51e4ad089772ef09d70ec02ca25,0.06610347
cc209a62c34fd0e73a16cb11153411cc,0.02671521
5c32e601005d4d41841928fc0045786d,0.029883716
b3de212dd9b10bf5b288e0229e9b7700,0.114662685
573f5fbadac82f3f996efc4992b58e91,0.4987994
c50f995e71a1856050420fcaf3eece55,0.1983332
239664f88901fe67fe58fdeabb9b337c,0.19735745
25d20328281ac81220b790c26d2687d0,0.99972236
6bb8dc2b3d30116a0bcf74f72c3a8eea,2.438092e-08
e539e705599bee4ce31da4975e37297a,0.002427069
b57f7afbc9e8b0afc879196221207517,0.023053473
c4d946d9a6e5d9c763a418b8d1da37be,0.19833824
1631f2e8fe4469275c1994d03c00a767,0.26499352
39260ecda8d3324e1fd5201dec581f06,0.99940884
149ff59552ac0a764d0a7fcae0479aa2,0.037909243
dca4ffa973ac6353600deeb4b2034d25,0.25341564
a501b9121393e09f391e800a1628a0b8,0.72132146
11663f9b3a35413561ced1c9c17521a7,0.90252244
a39d71dd873f45e33c952413c52a99a8,2.6726713e-08
32513979ffb39ba655600cd03866a0ec,0.98527336
96dd3175ebaf9deb54f3d10396b3f485,0.54089385
ba9255dee3a4661001377fce4b2fad59,0.017883942
b948dccf4a760face83c11266ab8ed4e,0.032524906
88020186a62d4c94c9e617347f1f051d,0.007335714
c8f2cac177cec71337d781fbfc6be0cb,0.002378115
106e30e69eda35331620e84392c86937,0.047046203
e54ae50ad4e34d68c5e0a81182bd221b,0.19833505
55c85747b442476e79c703120d30e11d,0.8911619
2fe1e6da03584072849e90aec831504f,0.30300212
e66114749ea1253a937f507cd76a76c5,0.027922016
ade44759814fb39b2ee366aa3e2c6cfe,0.56478274
56670d068117ab97683598e9f63923b1,2.3403079e-08
deb4d125cc4a263f426b8d0309407b14,0.19834313
79d6be8f0cb4724543ca4de45395b6e6,0.19833094
058bd235f500424eb07d5940ce56f9d4,0.39338887
bf2ac5c4128bedaf9098fb1acf9db2a0,1.0063075e-08
613814292b4b52b62eacf4c67ce0fab1,0.6989355
8da36bc70d92c5ffbb29b6ab967a3989,0.022920307
9a59703200903259f0578621b2c8dbd8,0.08957298
a04f08becc294d340ebf2d1488574d27,0.011652147
f14cb2c8b610aa07cefa817b2ec6e0dd,0.3028175
7b361846b7da2cef07eb4299b55ffaf9,0.34550342
7aba2b24ceee2e0a0cae03084a818278,0.002380873
55c126ed183c15f12229500a62fafb8c,0.92446136
82ac60e00bd7eaa1110a9921ae9278cb,0.99968207
291819c1b5053c2356831738b9c7d949,0.027200976
4bd526165a3c5572b0f9583b0ae18f55,0.7251386
40395d7e5d0152c86f5d42d31f3afb59,0.4985445
7a4fa64e65e01fd4064f89a95197cb69,0.9727044
be8d059ea31cd1ed31aff620b62012fa,0.40666968
2e2f66d17f6dc9e4fcc952b5b12e3a37,0.02644277
ea25e9c38aac30b47a0dff35dbaae7d3,0.06605249
68a8fcf692da914789ae17faefaf6d3e,0.057068698
07ccfd07bb225f18ded613bcfa6c7e28,0.03810711
36b6d4700595da325a7da0ca4f795357,0.27721316
e2e4e19a29bae23633ff587becaaeab5,0.09825925
0a08b2cb47cd06b1eb2d693648e04c46,0.4775765
e57bfb897e375b00bb090a035e444bc2,0.99837035
b88c94b99bd60c858c7e900a888c718a,0.19500422
2d25b31dbd43d299ad79f6e7c6e86a3a,0.19832088
432df6f7a05178c7585f4b2bfad1d586,0.03064296
12d99c86194ccb2a40d47a76b9e86b0b,0.19832838
ab6f34a52af0495d5dd5e6a600683105,0.799889
7bab4118b8e8c35833c43f12810a3b93,0.1973519
76c164f0b7f1cf159db8f378fe55008f,0.5002769
0afb708c44ff18ce644278bda8731665,0.5334191
9d31eaa103d761beb421637846027474,0.44856173
5f16c5c12b21eb4296838d01fe9b5777,0.2075516
bbbb293da4616e273ea909dca95b6d19,2.2245166e-08
e6227556f4d6546ad93117f29610e89e,2.3120437e-08
29a702b3cd0a5c77909919beef65dccc,0.99961853
d060e6c1bb30c17844be53791747edb3,0.19733529
ae9f775a7d9379dd514440d66269b799,0.20755151
d7046de50eaa2ee54ff34d6218de7f8c,0.1375357
afff11c5d28f640839242dd2f2a09366,0.14733894
27e93ec7a6de9ba38839b5755278b2e8,0.9840647
4c6e3016cbb86b640a9e105b513bd83e,0.0024220375
35e03998cb86efc42aef6221a17c9682,0.007574372
77832b59e7e4a3c792215988d8283e48,2.6770675e-08
af616d20cf04f03e7292843dd765e651,0.2212452
5108f3c2c6a0d9595b76de8425c2e47f,0.0073799742
3220886fb92d632d94f1c6a64ca53631,0.21282156
693ab269179bfadbf8562a6f54ddbce5,0.37033
1ec21ddd7d2f9e89b3643134fd329d27,6.288338e-08
55985c81172557745a89982333b00f4d,0.19733287
24197bf1a6fb6984d1408e9346dab374,0.95817316
b077668ac92631831db0e6ec113160f9,0.042475704
89e2c16e74332b5004e70c0b78725a0e,0.20745602
5d1a1e8b350095875dac4db0b57d9606,0.9779464
6a1447c4991c4552de75d15856806865,0.04769329
58c64643e7c4c517374725d704cb6bc9,0.42734796
4beda07d4732612bf07bcc3b21e7cb0f,0.04724089
10dafb401a77f05f8520f12bf2ee9df8,0.05859471
2e301839e54a58a75db59d3afff37b56,0.694101
3eb0e1c2a3a7bc2cca2317fdaf9699c3,0.5269696
5204042acc70ced8770869ed611a0005,0.26392633
6988240b1037cf4362313327d64de712,0.1983333
41f3d307fa521e34b94f133afd32192d,0.59634244
6d05e5acf665c2478def391c55a14e89,0.16178247
2c68d213840cf79ddb6610c216e94c72,0.0073919324
2acd1538d3759fe42c9f9d130044ee7a,5.8509568e-06
596dfe825c427673e2fc68a72ba0e9fc,0.99971133
4350140920395165681c74d0f4a85ad9,0.99970436
9ccc026d94b18a27f84447dd4327d429,0.059509583
e65603e41429c6a0d71c68b0a9a5860a,0.99958724
82b4e1157495e9650c2b66515b18a13b,0.3773579
f9afb349ff11f8acb85a05250b27e1e2,0.19049649
0f0e051a2597d32556d36a57e9789925,0.5363256
8d7c8eb3107fc505f8d8ee20097ee0f2,0.033980843
64313018f62e3090a3eca0ef0cb8f237,0.75626326
ef5fdd8424fd1a80aa230d6eebbbd14f,8.754205e-13
de0ce3dd11b7b95da8b46a763f7af652,0.0486922
d9b6b4282ae31470911424c707c9ac2d,0.03498659
f57a638542f93ea1ae71712a3fa87d8a,2.060481e-05
bc719e56dab4c77cfb74a7720f46febe,0.059321344
ec765674ded276267acf170ed6bf4a7d,0.045311302
a666a72285d65ebac8720ce941277b49,0.004670894
d4a3ee9b3c9ab2b9872ef2791015af4d,1.3277332e-13
34dc893a02dba66e56319e984b20221b,0.9134301
c15243d3c85b1ca069d8afe22c0aa695,0.05675018
fdaf14f8bea3d4fcbfba58b89d7cb96e,0.19832394
a5c6a15c4fe7bf4a7cf1db2a80037605,0.028048415
4ccf0e2a71ff2a45d8ec444f7ab0f3c5,0.74297917
46511fad9f6e58be54659fda3dd6bc66,0.027659565
0c311bdba5f152947e5f792defd7daca,0.98519814
3bb058f7d7673f0e26627bb6d14f5021,0.04750687
ccfacb2c029e84af1b577314bc3f247d,0.024462845
8ff989f4f8eff7f4b41599b59a3079fa,0.27948153
9af4edc796049014671f35363b7d9cc7,0.95208997
b9b8734ef80f28546e49f00a3e166ee4,0.9996651
bf6c2b7cd098ae2bcc7887e0c8cc8cfd,0.19832213
b78138df1a9b4519febed3b0f44bb07a,0.20053585
0fe9eb538ba842502b3f3c6120aedd20,0.0073204795
34fd1859ea157faa915b953695a4109b,0.83573073
55ddcbbb9613d8e91fda0a5ffb430fbc,0.05944667
750f33f45bdfccb36137bd2e0fcf2cf8,0.058449555
7dddb69117825ed975220c3e7f9ca31f,0.008643959
03543b72caf7b3515ba0c0e15e6b1f17,0.19734684
cc2ed4d14776cd1091ba81b70e5f9680,0.5797142
f222d2b964c646d31ae70d73156912be,0.3300595
2e370209bdffcef134361a332642054f,0.4487707
a8d91467a71e66ee88249a860898a100,0.64702064
d8f317821df5c481646c4b4974282ed2,0.027146686
9f27aa7c0f5137011e94f520ab052e95,0.9553682
75d2dd568d27078907792c7072dc01a1,0.9997133
01a34dc1250bd19e26f21a80d06c0a63,0.28144073
f4a38e75e739fab959179ad5938117a9,0.031475805
94a53675f0e6c20c32d4274711a4eeaf,0.20620139
c64b9741c7224c23aeff7866a6a75b15,0.045501918
1b32e6922f6f037ebcf3ad7483e1a398,0.8336031
da3b1e5946c35a618b0a401a1c9f0c10,0.671734
458aaf0ac2b8621457e9f4ef46c84d6f,0.028063368
ace629ced9af714517039c94e33c30ad,0.015277119
aa3071c81268966749ac65b2b1e34b27,0.19734657
ae0a80969121cde688531c338a97742a,0.057463877
739701bdd07f5e4ae1678a888e17c3da,0.8954899
4d7cafcb84dc085b3e59eba38555103e,0.2328825
648eb6afeea4aa05138f8ee5163c63d1,0.035705976
74d49044e45178bc842ccf9ba2a00546,0.04629039
2063093cfc45320706d02cd30ea25970,0.9937539
e4247fe641d32274b5c71d225f5f1de7,0.073874235
b9bdaec63ba1345d87d4050aa3aefd1a,0.031342696
b72c3189fd6c12eecf8a62ece6a457e1,0.98442984
140ff8597119e7f9f0beb36b1967b8cf,0.57449627
b7a4cdc731f62d57e6f2ca101120e0c7,0.5581047
f8fa10f40e69272e2711cefb8ff6bbd5,0.32137915
18e65bd8e79938e6c8335aa89838f9bf,0.29965332
daa1576e5edc8d2652de999cccc31f48,0.10491429
b85bf4b32e3107f3bd1c01bc4a3ed7b3,0.0021477954
cf3da1aab719914b60173d2930b0f224,0.97945243
1cf345f409eedd92d42d53df040b7210,0.3582065
e1a3b69a68e63ba5ad4c5f637f7d34a5,0.028863465
513bb228d8d977c3c0254f9b8dbf498b,0.2566892
c941460514cd7512cb84c6708a8db983,0.22284277
d4bf144e3af3c2c145f42fe745638477,0.012893895
e2e3c607f9ffe0afee121ca3f60b5cc7,0.03940536
9970c4fe7c47f3d09105ff7f214119ed,0.19832169
f7a61c3745a67e9aa1d62f2806b7adb8,0.027834913
2b033d10891840b83fd6e156bcb5411e,0.066734575
bdccadf6a0e6492ff77dbcc62426a065,0.011524978
bbfb0269d01bca37bcf05704996a44c2,0.046741236
f5090d4b49e902467136488e83425d09,0.758763
d17fbfd43040d69372c19cdfaa774973,0.07535543
0314013b2ed87c1fffb56b9aa7d2b0d0,0.027738104
47dfc11cab8b41f7e4cc6f25b86ded0c,0.99973905
965394c68112d0dde44fa3c6aa2b757d,0.0103266295
7dee153a6abd3f8a95a2110ab18e90ba,0.42379707
70ad3ad79fb0f62758a999c8052eacb8,0.052892733
46ae71e4a8137c1f32279493089795aa,0.13127844
ad470ed69f6f61ea1205fd070bcc3861,0.19831194
a061824e3ba6e2da763be588eef092b0,0.13261493
836b46dc8341db4bbc94e6db1b22570c,0.20221107
79bd17a25dcaebebf4e75647ed35649f,0.197336
60b90e336a1cf807d13e25000d27d894,0.20753679
062f9469d912d3d41cdcf4047b490e15,0.98395634
38622012ecfe4850913eb971baafdcd8,0.5249928
f4835426a08e33b327ad9a97d707241f,0.43786803
264ee1169a75c38a9bcf7eefc908abdc,7.285683e-05
c67d4708115a8735c9141efd1ba41f9d,0.20769255
7c43f12ce2fe47e7913a7d25386d93a4,0.39923316
cf4fb84495f394ba887180908103435d,0.46533185
637316dadf14783547e37633921db329,0.9997206
277cad01a72eca5a0d6cd525be0c34c7,0.00729787
9d23bf43034764de9f96322936aaa592,0.0041768663
093f007b0305a79a50027eac152b20c1,0.06401624
23c0d78e7ff7364d755005992baa3924,2.372056e-06
3ddb66888ebcf3da799b57d8c695d4d0,0.0009022015
b73105bfd21d0aa2044bbe5b51ea8ce3,0.027958255
a2723a5ba2012bb21d7ae093b0569d3c,0.5151633
756eca630728675f5660e5dc08d264e1,0.19800949
c2fbd8b0547f0ae523a2c0e27988a684,0.98145485
eb27226625be823c061a539f675b7089,5.0537708e-12
552a5a23e8dd90b21c1b3beea16225f9,0.19733569
2aa2e6bd9ed1503e19533fbbdf8f13b2,0.012039409
007b13675e089448f98a959039edeea3,0.11284752
348add8af46963d39b6cf4c504841fc3,3.9329066e-08
484fb5381459e25407defb89c6bb6425,0.055732287
9317dc15fca156504a4c6565a5b36e7c,0.18625274
1527d09d4ef491362d620faeebee26bc,0.034344655
ae354caf2d8216817ab6937f991a630f,0.60135967
59126e6503a5ac2d998eceba15ffebcf,0.042025544
56c02ddee344dfefad038f7e3d965341,0.33192593
074fbad985d66c00fec4f547bac48353,0.6051209
5ce20e8fc69de75848f34beb5522a676,0.26540765
b0dccc4a5b7cb20c6ec66b3978df1ed1,0.011680648
0a772bc47c73db54413cc2296595e6b0,3.3260196e-08
e5bfb9c5bfade0d50d19b8e5d8f3babf,0.98290956
aa6bf1a5ae5fb7f8c04c8ac4e0eb7c2b,0.020320777
6dd18f34a12d989727b045eb1ac62276,0.18336312
a93938146f8bc5ce32cf9503ac3a8bd0,0.999683
767e0162df82541e2c712be31346197c,0.026507039
7e907c4f4152255bde1e8614cefd9068,0.011554616
0c9665aff54eb5a91d295bace9941f0f,0.3232965
ff41f2da43ded4594d6b219f97bd0a29,0.0006838964
641dccb54080d9b2b2fefc098f82f2ea,0.107648954
f536f79130cc51426ef3021a69b66489,0.34040055
958f6ecbb6f00cd14c98745b31972cda,0.18224688
c43544e86a3f59067894cce62de5ea5c,0.99968684
997ca4ea8b78eabd90a68916c225cb1b,0.036480106
ad4760639a89c05344a8ec1946f40a43,0.98898745
1ffaa3f7d4999bdec1dc466dedf02ef5,0.005430953
2d81ad3e22d3776de86ff30b36fd9473,0.20053749
5def7337a8c5dfe91fce32ccb487b77a,0.033971716
90430a511c31cca3d8aafa115ab84100,0.038141083
a24f07b6a4519b6c758866f6259a4844,0.048563298
258b3eaf8356f81d5b3679845a42850a,0.012251057
c00ae76dc341b923e818bf2cf5b1122b,0.022452611
7eda391d0248c45e0f4bc186f515b745,0.6282285
6c3b6ac46ec3ab383a0d42dbc8206ce2,0.00029571322
a334e82bb8ee0f7c1bde7601c8993235,3.136864e-08
e3b9edea8b98a0e2bdd688342e0ef5cf,0.5064839
c4025b9ab0dc77453ae1bd50e3fd8e13,4.9248104e-08
60f8b5e1fb896b73d6bc0e4287af5f31,0.20516968
30953da451ca2abed83c14cc1921b0a4,0.05406143
848cc0d1e30a19191424292b02931470,0.030158654
43658098210d590bd6894e1f10b714a2,0.012317625
8211532dc0c23d2e103cc47f2badf25f,0.19734909
681f22b1dedefdde08c22e67d9b62496,0.2923459
9428c2451bc098d6401dc094e2ae8e3f,0.2926237
559a442d9a53f731c8f40b88fef7a6b2,0.045832593
6497775ad7974c9a1e29a3a797358006,0.012678206
448d9a9db07ee5d5ea3c1d234ac6e4e0,0.09948393
d055c499eb761257c27893420b408d1e,0.04150576
8d924e388c3b0e0f33438c583fc7e667,0.64529246
b08ad9c7f95ff11da0b0b93543e35bbc,0.9284393
c7cd2b6f69821366c5d9e235971a1268,0.24034634
09a73699a25f3e2ffe2ea3348e8ea40f,0.9600016
e9bc85cb8c6b5dac214cae8320333929,0.0005311164
bd7cf5937daf28af87de4ecee2080995,2.1689182e-08
48731dd583bbff9f0d0dbaed847c749b,0.0008918628
7e22f09bd5f2b57af3bff503191be346,4.6984688e-08
c26f94c2f6bed4e7d2bf85f4cd5abe27,2.1149189e-08
5c1b1d2cc4a768a91cc61a1c9c9ab539,2.2866585e-08
7bd862ff2d20518f7b9701b7b6affcab,2.7428342e-07
3da2e00cc8f446df3080bd71c6b6dd07,0.54361266
8277f84005a96260a63c38be0d7be040,0.99677277
196e4b42aea6b5bb2fa81746c961058d,0.22317858
a9ed2da5148bd2b57ec04fe664de3cc0,0.027234608
ecb0ff2da14ab9d46f6612f0a340936e,0.0072668553
e66f8b43a5e9bcc8ab1e3f54e1e46960,0.048591785
9cd516d344848f02fed10f70a2631e49,0.0036581464
d2ed465b7216d015318d43e2d507f7da,0.19832465
abd3f041c033a13bf73bbeeb440bdd68,0.44388923
f30a49b76e1988a41de0fc38dd95ed53,0.19558242
ca0de844b06f96f920d413ac8bf2ae69,0.21617457
830205bdbfd7e1b876fa81ebc4a979f6,0.43172902
087e6b92ade30b9061e6c55334733d48,0.046138067
f61cf6f806192cc4171782a2ec662493,9.166574e-06
e71d17af085296b37249eeaf765458b2,0.38844582
58798a346a3e2938a8b333978e36d6ed,0.2976086
b00a797cc9eba0239bbfb1683a8ccad5,0.98960686
3c7f89539c38219e3ae9e66afa5b8a55,0.062050782
6673ee3e89611435e465fffd44d704cb,0.10163053
5e58ea400d7e1853cb6eeaf2404e6878,0.03290761
3e76e294d97f76154116a7378d51c0ee,0.43463913
9344d886d0428def2b80093c2b17c518,3.843856e-08
3b5623d8950bc664cc5b66bcf2d82f4c,3.98355e-08
ed2aff911254009034521a8aaa9c042e,0.10992912
7ab968fdf6f1ff8deda65771912eecd6,0.31073874
66ed7911b556dc812d083cc4717aa6a0,0.52921176
ecf1928a54f9f6978c046dccfb0eff4c,0.39424887
c7a0d385f31ee32952ed8fc9d07801ce,0.2774685
3449c69dd2edde2403975e6e3a6b2432,6.0734166e-08
6b7e10991a795dec9bda95d9f32d6632,0.04028491
161aab8a5af49e3455e5ac25a2a6f746,0.053381406
e4042d40ccb8a3856e71594dfcbd8b15,0.037385944
90a414639a8d9f17c97bbe2c687bce94,0.00022974114
b1485f91d7e1e43bab4243b79abacf2e,0.26825708
16b222f50c954c95acc21eda1e724f6b,0.19925782
9c23df2190f256b9ae4bd52578c8cb23,0.0074337027
0dcc72d3d752c1140805eab21575df7a,0.20053165
de2cc2a14c9fc2fa9f50d8f0b87e7df0,0.007331579
38725bb045ed2bc3275e9c539af04094,0.16512474
cdd7de4c256e116be061d5c6e7555593,0.07339504
e33c4529e2e4a2c9c06d67fa1211bbc2,3.5228502e-06
6c6b309fb7818a19312a23bba9cc6d6b,0.048391137
4c6098056d8c35c145d2314bfc0a233b,0.58798087
1b7059ae1568a40d7c4135fb4ab1353a,0.7288791
fe20a0e88d50139831d6fd3be8df6297,0.013543846
8218782b00c6f8b5674430af9ef83965,0.19584236
f5371a0564e99e9f9363a63366e0407a,0.04614844
41d00f7f8182d4560436609723b09bfb,0.99949265
a3fee20b4b94199598792ca51a016f33,0.39435714
8f70648c202eddb21d5065fbdad92bae,0.19733578
463fdfd4cc7d080c756312b52f476e59,0.4512206
22f6b5635fd268db0512d4692d8ed62d,0.0114476
9b0683efd74b15400fe64668bb36c9cd,0.019464478
c78786eec4ad424a734909f52eb0fb71,0.39580414
f9f92a57c9e03653dc339181f6966ded,0.029533947
6027d9b00dae12ce9afcc80fb01c5beb,0.0013036215
1de5a47fa70c8bd4fe5ff3f2181f2cca,0.0054349676
c7081116d2b71d3dec62b2d2301ca861,0.22151184
753ebf6e45c4f734fa17c795fe5cdab3,0.8571099
fd90983c16c5ca95f8a59b2b1ca59cb0,0.044531126
4df1c4873a5fd6940661c2bfe23ca5f0,0.12786043
1b9c411325ea3eabeb1a95c451a7802a,0.30245247
e3ef3b1259bb99d87ab757c7fce52a7c,0.0062727993
a216249113889e0f2462a7cfb0d14754,0.618829
856a60768282fec413324eb719786f72,6.636019e-08
867827ba01c120793aa8ee8473725d83,0.19834597
dfd4ff2585018485f8f848129f67b1d9,0.9997298
75e9c5ad498e386929c238ca157ac7c9,0.00024262303
2c600cc48a60f5c2d6d8acd16c0fe98f,1.8112853e-12
a84fb52955168e973a67ebed405aaca3,0.98211956
f51c180ad20e32bcbcd4226b40e90bd6,0.007245139
eee9ea1703292dfd3f488d99f161a64d,9.738081e-09
d5431362f81c6da645086f1da687b1e3,0.26790923
44fdad3ab2e9855abf37df57fe958db1,0.037005614
bce08cb05577cccd47455f1133f37cf0,0.0023776083
d4069e1ce2b06ce62cad3a9e4cea7d13,0.04987425
b3f14e5e3e1eec2a7306d4413d33f3c6,0.25838035
76384d931c9d9aeb5c021094e008bbee,0.02994078
cb21298b0cbf87f606a717b3735b4f9c,4.7282478e-07
00d35409e99b0f59730af9527d9bd998,0.30724987
cd690391ad464dd65a9bb4960fc74d84,1.0440847e-07
ea278c678af6e4fb8f999d03911253a0,0.040124007
ad6a5dc81512158893baf71b8b665d95,0.38904387
d74620a44fef4377f7489ae199c1f524,0.19734177
34abef4385d6c503e709b038aede6a9b,0.20118737
23f3c38836736401d0737b1427350d42,0.50880015
23b6dc0281400293c6cf59922b91f5d6,0.14376493
ec0f6b06f20f69cff26224ce8a12cf0e,0.070017874
dcd6617732a706841aedaac87a3325fc,0.027390072
1c55d2d2d345ca2fb6ba4afc8a17434c,0.34456757
783ef7c785820bd1e702b49d18a754e9,0.19832227
378088eee28e38af84b75eb9dcf671aa,0.2135385
5c0509d29b62e415b7985293c7289459,0.47041002
d8fec3ea52123f664bd795bbcaa92d57,0.13366506
42a30167cece6c3522551f9fe4ccc89b,4.9394195e-08
69e2e3dd4332624506dd07735b5eee6e,0.034352884
2a3a5db79337a664c3e9ef3de08cdbe3,0.00012038941
f932979c50671410d45e6c12523686ce,0.0010554902
609963e66bf4b68a8b0ef61781a9377a,0.009793269
3f2e9eb288bdfb0c866205abd1e15595,0.011558134
6145ef2644dc7a97fba01f2f9dcd1f04,0.0024292283
c76a7f8a0fe03594c6543592db1c36ba,0.46700835
312ee6e866afb42ddfa14e6196a854c0,0.6937176
af82f6ecce4ec620384d96d6d5d988c1,0.0016018127
df4d0a9a201428c010a87b5bddf58169,0.030001527
a28bafec91ad22f8cb85ea5a91d2efda,0.031723574
30a34bbc5f3c637b4755713bdf0ca60f,0.4629303
dad211331434db438712761e8a8fa1bb,0.15940373
cb27350f083b2508b1baad5b3b1d78e9,0.0847686
2bd28442144721b9e946510b937f73b2,0.23163347
d6ae3b83d1a5beb2d679d9527941d873,0.06772665
04da995b42b1da9f26c0ab008be6d132,0.17277506
d1bf22f7f71486172938b9e2905ed24c,0.19643798
14e9a2ebe0cbe8fed1b8e1a97d8c2150,0.19833007
6eabd6f7073ec2dc122c6b79310b1be9,0.99872285
817823d008cce8ed5a4c67aa893c07df,0.1303069
f2a8ab12c575fc66275a48ee9cb294ed,0.0025774096
cacd06a2379eeea03be4eb12f4e050fd,0.17512286
8f672404a97ecfe8d0e01fc3d6412e90,0.17923155
33f63ec8bb474622820fc27d69edf0f2,0.016314376
736c67d863e742d483ba55ab81fa0eff,0.048888057
e89b884f242690ecee12e378c3b735b8,0.9902797
2d6c6105fb50cf880794ed28f89304cd,0.19833653
88eb31eb34bc1edd5d5703318968093a,0.03836033
d5afd34bc867d995de49e61fdc8bf0d2,0.21415778
b385cc717ee0724044b2123fa28f5983,0.14862475
00f83674fdf8396c787fcbc31b59c747,0.12932532
70bcf7eec5a4abc7114401954902d737,0.6387409
b3d431827e07afc97d6ee499c1cead3d,0.06392207
7041fcbf6de784bc1c86d4d58b6cdfc7,0.18318763
1613b39eaabe4bb7ee06a76c85deeef8,0.0075879022
d759231cb87bdfea09ac70ac13e51ceb,0.055083178
d6e94e06693a332be5a208b3794b59d1,0.98232824
ccadbef062653b3037794e5b7749961d,0.16352025
fe5e884fd1f64e7e6a2afee1f4956fd5,1.2999388e-12
138fca993fbf623e3e9b1d6825726680,2.1056103e-08
91fec56a9418b049cba04ebcb8981a0f,0.21512158
64dfe40372777aa897bb0798eb6b8255,0.41889668
0efbde4233389186562d50b47da4e839,0.044240933
9c700686f61fca9d1c612f52bcaf74fa,0.37595472
eff29647914434944cadb438372c5e39,0.13994738
ffb8e8b78e74caf3b981dc0366d22377,0.040163167
ba67b88e76a2c6ad0f6e4bb3fbf9e96d,6.0646164e-07
0e9073e7fe657702e0763196b1e7c812,5.149165e-08
a887aed69251799b3a524aa7be02eb37,0.19832277
c2a743338f40366c6af51f83854704c2,0.038017172
d5f6288e26dcd55e90caa38611280d42,0.012685974
c6497e48690323b9f3f9a3551d54d55c,0.19246244
46312161135dfc54c2116f11c2c83dd0,0.037759636
31e46e7514667c3f1b5efbd4ef1839ab,0.99899006
a0fee6509b726ee0f0d8e2f6f375f95a,2.3978108e-08
e4754ff899d8b89592834a61f1ffbadc,5.6118694e-08
73d50a34c5467d770591e7affec0a8ee,0.12391951
bf9460c36f7ffc7e9031522707ebed4a,0.08283243
930daaf30f24d9ec2569b98daf70cde1,0.72368795
14e33a8ed953f6becb85542f055cf080,0.19734755
db298d9b569c8c8248cc28d8a66803ad,2.2228809e-08
525ceb2e81a7fa5bc563d157eac2c2e1,0.06737915
1f03e6b6716d93e9f1e7be4f9d0e3e11,0.029906517
2b3edfd9a614c81d72be712a0ff5660b,0.011552902
68eb029716a40ee2adf0744178f4901d,0.8245182
933df5d1a4f3e90c405cf3e83bdc9963,0.014463188
ee51c55794838837cb15091ed59b8e3d,5.718652e-06
09f6bad79cb52db2d27816c3270dfa1e,0.5682998
66031c8ed60d2a47028384e4b4245230,0.044242498
0f856c503c682c8b0b4288af05e3a453,0.011722652
3650640a102f81315524423476c1a7d1,0.20349927
2bfae7fbaddf025bc369f002ffb27bf2,0.042737685
bf95158a9dea257cc7d9cf86ad5bbd63,0.21604028
861c0400a925d4691681997fea269950,0.42530173
51a3151a6fac8dc3ca5133aa7882b2cd,0.10710242
c699071e2bfcb77410aa678a45219a76,0.27926427
9213aee264cb7e2c43fad28ed0f73d67,0.13039443
8dc1ac05537767a7967d45ccad3af102,0.19734414
e2664e8e2c173ec3ff1682f0b357d479,0.039664406
69aa778421daac1021384e9776395db6,0.21444687
749845785118d7158d00bf67ad48903a,0.03813692
7ad5dbd9fba6643bfc0d7cd0461e62dd,0.19833891
d9f24cda7be965721d7b5156365ef4f2,0.2251445
ea9ea25c37d0f55c3c9d68fa362a8aa1,0.35068724
2f2299690ec01d9c806b6275245270e8,0.8346838
032c6e65c1dce44579f5a00167fcbd39,0.9857871
aa97eb9135e3c116032a59e278f85074,0.0012168651
3e5e97a873d7874a1d0995ac63314212,0.44371876
41684a592c183f76761434045ac61ca5,3.515835e-07
b76aa8e59fbcf4cf0a413a4b3c03cf62,0.24570167
ea4679b6a54ee46bd10fca724f1648ae,0.004109158
6134b0a6dbc74c4aeb8f1d1574380192,0.19833183
bb09ffb7b2f14c545f5a3b269d9f3dc4,0.64171445
5053b50fa85967029ff6c831a95dd2b6,0.20745263
bf3529f043b5bbd871d4fe1fa7dbd9b7,0.7414069
95b3addb5514c91ac9c3471ddda80876,0.04191199
7d631a8580466980bb93479932d58f7e,2.0885178e-14
6a0aa89d3763761b27a5f71764f1dd90,0.022770684
a65550e3efc7e73904c5c837bff048e6,0.0073364945
a5eb177224e5a93880ebb9e9ad65839d,0.043443613
3dfae47d6ffda396ba775aa253070637,0.1982977
5c130dde8be9dbfe1be1a1f1eed9b64b,0.25089303
6cc53904afe17cecfe090d0b92127b41,2.4802713e-08
6b33e751f9fe8bc5fd6b40d9e1915d34,0.19833136
c7fb21af7f927bfb880ea73e30947407,0.81596816
31bcc2be92d2ad91fb31dda8e39e22a8,0.03102466
ad6ee46184899b31ff96f7d616146419,0.40699083
95241e914ee99942408b9a15800a514a,0.023077277
2b2283c042bd0fff54d88b31cf088b1a,0.0011353779
1d8c2e68af9f381f7e9f4808cf97c0c9,0.19718787
ac4757ef7748ed728276a1bca6c8784a,0.19832571
73efbe1047db901401e5f7e17269bc7d,0.047849905
829c40890f770415ee85c3d68a24acf6,0.9994682
30750ce1c1840a517d88f8ecd636dcdd,4.603267e-08
878a1fba2aaf3b16dc28d2140d5e27a3,0.024532108
ba511e6f5ebecb7cd204c0280c9c385b,0.29086104
610354e03491bdc43e0ac57bd367cd1f,1.3193663e-12
92a770465a663a1150f823a6d5f39f90,0.14413366
22c66ed0b1383c993c4202b1ebd192f1,0.32100403
16c01ed329d12f5e68280ec53a12dd3a,0.19833454
f4d004aa06978f6dfca04d883158af28,0.19732836
2039f82fce635ed0a09406ce011a7725,0.07046111
cb3c8b9e8f89c70d87d8f6253084efbf,0.00032127177
fa2e659371e88d66e139751d558d4c23,0.007597187
95913f2ad0f9988aba2bcabfb6bbc0c7,0.016037505
0763e7508487b056e89a5cd8c74a5a56,0.22664312
8357b2024e05d0828a5b51cd6f5eae87,0.97949487
20411fe6b944c8ed01389f3c3a73e7ad,0.16368656
ab6021220b0914d37b7908a4c985a37d,0.46136695
b9523d05d014ecae19cefa1f4293acb3,0.27260584
e84e095a022d36e7514fd11e0b4988ce,0.1983321
eac6460f32253c417ac491b110f0f7ac,0.02838478
1b3e80434ba860b4f5ac3d683d841a77,0.04264607
a6c5131b49e5bd370e6e875adf988aaf,0.33349487
3dad3e0ba51ad1adb47bd45b398958fb,0.044015683
7992a6020a25768fc925bf7febbef78b,3.8177132e-07
672663c9d4afd0f7c40f6ddcfcabc46d,0.19833766
55a5cb199b7a492a7c2019bfab4d8967,2.3647617e-08
513de130e857816cb190d11afd5087d9,0.012042826
8e3b34dd1d47ffb4589865061991914c,0.9536007
bed133d2a73a7412c4d2dd2a2c124a50,0.012380364
a51b17487a2ad3a21817de2e06fcb59d,0.14002
2850cb442c36e7dbaf4dfcd5a95bad9f,0.21397392
a6beeee5e2f887a115aafea5294ea248,3.8277963e-07
500755da6b028e49975e7fb836ae9f73,0.36737025
ed8ee7a343612871d3083ba083846391,0.02141865
ac94a77c9463e8a1d120daf0fcb89f93,0.0074132234
a5c078f1910d408097657e7b5ffe8237,0.028842762
05b4d91e178c29cc1c7088d98bcbceef,0.9997281
36390b0be154b4a66a54f0ffaf28bdf1,0.19735156
146ed981364618e02957c548d72de38b,0.13878505
eb5c06be41682d1b8c3184fb5ef5882f,0.1973384
f6564b5a72bc72268753701f6a492e43,0.042500436
815055fd54e8d664269a24964a45d6de,0.14413168
4a025e9df322a2124c8183f8f9a83487,0.8455194
d959514e4b66f16a1b02738e975bc352,0.0025540262
56b1e3f2c444f3aef18af97e77662368,4.1300744e-05
5b15b475681f29f6819194e1dbe189c3,0.36964884
9fad921651e58b0b1a4e8381853586c2,0.17676727
40aceacfcc11cc99b45b3e98662d84b1,0.03586472
e6df070260cd7493b159599cc81a192f,0.0024269365
3265b9b2d6ddd4ef224d9854f9f93ffe,0.04398316
77c4e87820a9c6ddeb9bf1d84bf0375c,6.2411906e-05
b4259da52536c4e8963159dc29d17e7a,0.038382966
ac8fc2406317841a07f4ee3ee073f6e5,0.16497836
aea521f3f5430d7b66c6f9f90bd837d1,0.20747158
25efeb3259cb784fc829f4f56924222f,0.027907362
e130737badbaa5c39d2ea631f948b9ec,0.033640523
9072f9b458de932c6c89afd7b5d8a7a5,0.027662773
da31317497ad00cd9271507dc191b486,0.19733608
fb99cf86af1f63bec418ea748fb1fcd6,0.7346386
47d6bace80587103b7b361e12debae6f,0.027944196
a0b64c6704c19bcb82464a6356a74c9b,0.19027635
dda761f784da71fb49d313a4e67f6f16,0.8669041
3fa7742552a8e9a579d2bd6250ae486b,0.18348217
4adb235141e8d7e29ff88c5184db648b,4.036956e-08
42a0d16b9290ebeecb653be4c180e1bc,2.3266207e-08
b0bd15bd5edc247ab2c1f73409a77483,0.04500965
b3bb81c9ad145756236a4d8a445e70a6,0.15781578
6130a8498ab050ca0489667583b7ef3d,0.043246396
e12a1437bec185c13eec08732d6442d0,0.043380704
4017c92f6a82d7bd96987fd555a7062e,0.043596655
3ab097bfb66ab4202dff9e7896fe6eb4,4.73253e-08
54d375716c968b4ec01873ed5bfe0a22,0.0023964043
88301cfa989aff58a2c361b8dd2c8204,0.08049793
82534044be10d0504518f969924aa1df,0.10104378
ad546a1e64c570206105437b73ceab23,0.044212833
501529d2fd27df737c6d17861df31540,0.37441117
2bd10174dd79fcca80fcd765c2bc0a66,0.9838966
f0098fdf878b87f5f5dbf5dce276801d,0.037750687
f78cdd2480de3fbacce0abf2379d081c,0.0015612066
37a8257890967ada20b1f3a0c29fb7fd,0.043325182
5e9018256c4e8881b780ad2c2848a8a6,0.27865022
7da9206b0d574fd9af003338e830cd5d,0.19734405
b9dd277ec4bc54190f24a6c1c50028fe,0.72885
7a710324cc7b3984c97149741f210340,9.7370765e-05
1e0215238e3cf51e4248dab37a743f61,0.19733396
0048ed044ded410e26b7ff9147fca104,0.5013853
576f59500853fb14f1d160273fcb5942,0.39755446
94e76336b47b0f805d076b5f5eb5c953,0.19075899
505bf75a5b9e4d5649b703b1bd4805dc,0.02270021
6cb09983ac5b4c381a3a81470b27542f,0.05727365
7d902a51dd29a282102125ab87869f68,0.3508688
8c49aa940dfb50cc62d502231b874c25,9.88969e-05
0090a3258e3cef4f225479f0d4d6a000,0.21326323
919bfbc3dd8239dd7ac114dbe97d2ffd,0.999708
908fe33cb0024ae6bd03f7c5b6b8e712,8.085842e-09
3db9f715c4d36177bfe11b478e9fe323,0.13644323
11b224b5cf85415c8f6463b50fa9dcb6,0.74422044
42c22baa8f36f7699fce60a721e448b1,0.0014245228
bacbbbb2624c35dba5e40dd630d90591,0.79994994
9387a1fb853955614d508a140a8be5a9,9.339201e-06
a66bd487591afd43f0f66cd30b3d3f24,0.46596757
1a1e81065f1e1205661faf548369b967,0.04327092
1880490c65001ad497931ccbe4d112ac,0.039921857
04e5033132ea98a06b2a3c300df8d40b,0.030626055
f83c6f6619e2bba93ea1e44fe9c07e53,0.18464968
307db290d01bf9a68a09e016e37adc26,0.035447836
87f4762f1708c50d09d037a3f846a186,0.1303084
0847332577ea613a1e92ba0a898025b8,0.0076255575
c94a09319d3b0353c920adec3e1f62c8,0.00015389091
1cfb388bc6482a4b672243e558ec2305,0.9996964
60a05f52e92b062cd9f6c2db76726ac0,0.033122562
374ed5eeb5ea8ae87428340a5bc466cd,0.021887654
34fceabb304ba4f6e335ab38b1b0e09c,0.008208477
a1e47a567d371dfaaaee6e17a868bd1d,0.00086498744
af8cb2d9f20c5e20e032d938e66e9423,0.035464276
27e2de574af6a0cf38e020bad209309e,0.12820925
79c2644b6900df6336a9feddde98eae4,0.5894662
81646d8afbd2c40bc79388d96f4c2d5e,3.1812822e-05
210108aa3ab47245b13fa0bd29ea758c,0.036023133
592b97b0b7ce3e4e85ae1ef9f1f30270,0.24084532
e0c42e551bb2a93d77ea8e0fb8d6dd61,0.19191073
5898055d8e47ec6ecad8ff0b6a4ca6cb,0.64546776
46a6e148b0653253f9556e5504f6b8b3,6.4469264e-06
95b07cb71db3c5de455d67428de2df96,0.85490406
7171cfdcf242ea1ee799aec5c51a6324,0.03451017
35771bd98d330bcc418993c9f4b22b0e,0.011619954
f87e5822332e60c5e95b4738af7ebc8a,0.21530005
13b09cdb662acf43ec9f907c5119fb98,0.06490713
3447abe69ee641be86759c549e30ea3b,0.039051857
a30bb588bfaf1038390ffc1552764dbb,0.02152525
52a01431ec09cb7fdf81df6b56291fe5,0.10315903
b6c5e17c29ae7f2e9ade16a4ba17ace0,0.97857904
0322d02d41581610c57dd2210e9a7b13,0.9996198
c3ad171ae10dccc261113b9530be02d5,0.09424946
519e152b8f9714b6421ec157e515780a,0.22582534
a2f82397928cc6bfb602e668dff26470,0.07405259
1e3b4c4999d6ff2cee2b1fe3ba92c17b,0.20756248
e719f31e759b38df66f590629eacfd9d,0.52946144
f01b1e1e39cf824468485df373fe435a,0.042684175
c3a2d3461619cde191b64308ea9eada8,0.99952877
3e158aff5915e3e9b2c07aa61aaf8897,0.37333423
824cb2ceedad4ef9a3ec0a58f7bc8697,0.42195153
c6e83ee3517f51bad04fc98d6a337d48,0.0048470465
1211d4111052fdac3a086e016c92938e,0.012679835
e83b28770091e02d14729d2c9f67032f,0.044660967
0ad9d39bc61a3666dffe1cc01f5ad702,0.3566687
f89f47c58a6d087d71c6eef70a446ad6,3.3033835e-08
2fcf243b2fddf4fccb2acb4c8f37e4b7,0.036659937
37e4e283445db6066854aee132e6095d,0.34066886
ae19984737cd564fe630405a1840f114,0.009243113
a26803b67c48b1306f7885bc189a6d9e,0.011597441
466152c41aef707da294e63e650352f2,0.24605867
c0c870eaf056c90cd1ed4fb2e5b20d67,0.011531433
fd2004177a3d219a7b75359b8d471a50,0.0021412522
d423df90cfe16628981854107d41e8b7,0.44770464
18c196c75029ac53bdc42f265b588124,0.93809617
5137edd9af6e8ac0b9132757d91fbe78,0.20755562
b4d2b525d23696a2dc6ea6f807f4a5cd,0.0045111906
447eee97151c07276277ca2e5c1af7aa,0.009442376
cf0cbb468d45d310c6071c353745b7be,3.6330132e-08
4cdc59140d8f30dd0886e8581ccba24d,0.45385188
3b7a01fa2ce49f64495ccbf77e44181d,0.45094126
10007264eba0b4dcf9610ba64cb22db0,0.6884078
edd411f262959c78cb3bd3352ec8045a,0.011739556
f89daea2a13a29a2b007db1badb8da8b,1.2260783e-12
2d7f1b05d659820dfc8f2d7e828c3860,0.029466996
c747e6cc57168c559f8dca1041975eb2,5.763627e-06
a61010aeb81ec1fb0796020893fddde5,0.16650572
97b23f23575de76c8b1bbc15b488a961,0.95313853
d4d196742f96d9e24c414f973fc8d99e,5.9048853e-06
05f2373097eec68923738568046620c3,0.25123364
7a4a2564fa3f9b4bee384746c475e86c,0.94231445
f46ac40863703df4867f591647509862,0.41432175
28dd1fa878627f6724b099e5bf901a2a,0.4948414
0bbf3c5b97672a0a53302274998b9a44,0.0011352643
9d62371c81f344f768fc37540e31c1cf,0.007542281
baea21b7b633dbf2774d52d7fcde69c7,0.20052867
9f37a6ab5ba4c32822da7565325614ed,0.20052835
6ce2c6f049aff1a42990248da483c726,0.02216463
723ebc30ee10a2873878161c544f6486,0.21940836
ff1998180ebd30d739d892ca7f688103,0.033714663
3e3a15e372b2c03b232248a7e6b7cc93,0.008963347
7a16570303fc9aabb86d75b9eccdc10a,5.486006e-08
4950ac733d05bd67813a196350886d93,0.21182656
d79d945d07bc09c8386943bd6d4bb307,0.1983359
3baa6485569537046b3cd769d55bd738,0.06500022
296aabc2ca9ef06bd40766113ba0e17b,4.619977e-05
041eac4c323d85014f0c1938211f263c,0.689443
af236d2e3cf5fefd6f07292d415351d0,0.11979928
690f0668edb663385af048b0a7b26199,0.19072609
ed2933e9685788004f9f02619521abb2,0.30319953
4a2bf05bdb4ee5cc4bcedfd45da7150c,0.07652031
c5b54459f5622c444102c89d0543a085,0.018263837
0155edb09408cfbf7b30c74474747b15,0.18379802
a13ab600ec0ba149bce63adc2af0943a,0.99963266
681951b28832654dd173e4d2c392f140,0.0025666305
488a2f83d10df628dfde9883a9c06ed2,3.688581e-05
4a44108c03395a5321f05fdbf1c351fa,0.20746756
037ac0691c355e39932266156a21b346,0.35180026
38746cc0e2a7b84172868eed59b3e0d5,0.012687482
56b657a080298a587227b6b06c4a7eb4,0.15107326
e8bceb65329590a6e476ec6dac1a0e1e,0.13206781
da78f1e62d0c394356ac05074de90f19,0.26041967
aaca3159e2d0b737f835bd1a8e3ec3fc,0.08672515
ce34e8f76d8806769e8617b22de24bd1,0.198336
8327a99c89d23d8e2b349d14b5d4672b,0.99925137
9594816dc69a8b1fa27c1a094956810d,0.009488721
e05859a79c042dac40c7cfbedb5352a6,0.12718865
e2986280c41900a679d10f308bce2ff0,0.0023832351
b97a60e32e5baea8f7124ae726193795,0.3858747
ce6606529d53fa2c7690b18e0df8db36,0.06730918
5d80bd502f11968011be063383282b37,0.49274674
4cc49d4f0a09b2b44f3c274eb99dc486,0.026235515
01466b9e6634767c9f84af699bc7078a,0.8571142
b81c482c887be4f6def1cb7679d56107,0.19733724
a66618185908cc86dc64f9e44a109261,0.23913705
841afb5b9f31fdb03deb4ea4ea092720,0.19733715
9ff6393ebc1b64f4941aaf3936ff8044,0.007458477
76904d84364cbbf8379485f4816c115c,0.029331911
7c38abee24dddf2d0734da1ea226dc19,0.19082823
e79f08a2b7cb04485e35dd4fe77cf8b6,4.0308002e-08
6b06f65694b517348d8944efb48a8476,0.6615237
05dd1c32b5779585c47aa83263a96966,0.95228994
460fac87b7853a02fa958a649f696e72,0.031109417
15960617507a6b7f52a8f92ba2759502,0.45642146
60cde6c052f67e8300eb67db84579dee,0.22143972
4ef5c85ad248c2089e59d85c81618a4c,0.5715655
d97027996f06eb95948a7abe3ace7264,0.09240295
4a1ba968af16b3785279747a81c703ad,6.236692e-08
7e6c9deea6b514e069be6bf9ec82b547,0.007516173
c4fdda9e6e9b7dde2a01685cc865f13d,0.032895885
c03cf3617f8c2200b828321ef390ad00,0.0025614013
7b9b7517679295c3b7d3f35f0dd0af9d,0.06462694
fae4efb04093f84888d4e090e1fe461e,0.026287626
b8db4b638b6b1bbcf19c3338efcb2476,0.3108622
ef194daf36409db3a5fca937c05f213b,0.011400437
e4be3308d42dfdc09ac00cc04264f518,0.3785461
3a05ab9c8ea47f3bb0fb143b41de3e13,0.19734189
2faad472f48d431c9bb5ba6bbd9dfb11,0.067125164
cf7259f0983505f6a05517664c334fbf,0.03545668
4823a70f19ff1ae2bf1cc8e762316e10,0.54073894
84dbfb709bba351eeab08b7be12871ce,0.48238724
cc52c3412553171547f557b06a2a657e,0.9997543
3e3c7fc6307b63ebe9cc21fb6cfef74a,0.19833711
9809c67c202052d45e1fd05989fa2270,2.4816412e-08
72084a1a1bf7d9f99de66d2c699fc5dd,0.008113517
b568b55b36936955b44fc24fc01268a9,0.01966622
4ef30457ce0fca0e75b70e90bad2044b,0.048530515
2cc344fc894721c1a10cdda78ce84450,0.99947417
70d38f9f6f499dc5d2c3821bf79b21cb,0.5442222
3b98f26ccb407615e2843c4075e26677,0.17191485
959f99ce7806761ecebe1554d0dd0794,0.1752921
7d06434e081b6330db8fc34ee18f60eb,0.31222588
594a9096d1a290ad044f222e8bde00ce,3.2351227e-07
18092d17f9ed5dca552e8e593df73cf0,0.42406812
3614a502842efa624f23fe742451b72c,0.20745341
94731522e7d5bdc2c2045aeab46a087d,3.2451484e-07
f4bb418e181fb6c4cde087749564a45c,0.0042988933
395c33d6862e672ba964b28239f7211e,0.34886807
31952dab509bf1dd954f322c95ba1754,0.6180894
ba937f5444307c6ff1ceac097642fb32,0.11494317
7c60b1e17cb0eed71d342eb24be003ee,0.8263828
be7436599732181f945a322d28f4f8a1,0.00037230452
8d5584ec07045fe92ec55f91943d316f,0.99950635
2702258c968e84c56878f3a124b415ef,2.546501e-08
1446bdb05fe1f2111a71d2751d50402b,0.9596809
177fdc8480966d1ed74151312e8b67a7,1.0751044e-05
a9fdcb55285a36e13e197b4c5d3cab3f,4.2142354e-08
fb626f96e9a0087486559d9ee8994e7e,0.0006005101
52a188ef3986010148348410b77481f5,0.55713856
12f6c61fa67aeb26f5d0a173b53f3de9,0.5950896
3f1c9b7d7e2d42bae622aa65305428c5,0.046967883
68edb78841371c8bdf6de2cceb50e4c1,0.34788468
f7087566eb97d30818a9dce196ba19c6,0.9996209
9f74a6cfb25e612aa23f2360e92a02f7,0.02781275
02a116d4189b333ff7ab2d712cc93e5a,0.03895074
a3d2d215f2faa809e0e1dce60311172f,0.047748372
1bfd606ace074ce7de3fa87c14628a48,0.42835718
d30f883bbf67bbb32b4b85539085ed8b,0.98345363
8ed30c6c10b4ce0567bd443935666e7b,0.9904747
fdabc5247aa947b66e834532bf459471,3.6411002e-08
11c7579bdc3c789ee63cc179e228fd03,0.05244872
44a5170c5fb432518d72a0b261c2e87d,0.031689048
1e4a1776aeaa132cbb081792a51300e0,1.9735762e-07
1f99efdd63231161694b3128331d5b07,0.19832453
4fff5d6456d0d2b1ff83ed851152ae7b,0.17196994
7b3faa7d30b5d23ac2714b10da1f0635,4.376106e-09
3153ac79a32483ffd9f7ba12bb81b43e,0.038717333
de6ffe979069e2588894b6596d5552e9,0.7635285
c4b64e235408a28b15954ecdb90d0798,0.43541685
8a1011b1536554be844258abcfbf35c2,0.2889393
29f54be2f638b77b52f430ac40d0fcd6,0.00058219995
648953ba21892a4e106d2fe8be57258a,0.029617941
545101fdbee20a8fb1e2751d3b2ec7b7,0.99818546
ffcc18a7b1277f7412b7952eaca4ccf9,0.12895751
9ce7a85ba3d9b83cfe600c41859b1bd1,0.25213572
4a72d47707cfe4b60f5107768dfa4000,0.21701904
dfe2dda4885128f088617044f3597f68,0.73321944
e522bedc9049885b94645e4dfaf5b1ad,0.13296671
deddd6c9eb86fdc34db6583055973c8e,0.032892026
89c5b8555587768c78099a6d4bafa4ed,1.3787403e-06
b8f8a54964cab964897ee64382adb294,0.031985886
67f069ee47d7c4feccfd61a0813e3832,0.041202962
cc0a0a6b003efca27003f0bbdc132ddd,0.33309874
ef4e476d6197d512b0b9b13679c128f7,1.1476906e-05
feb9a3dd03d8bab05540991f2b619e68,0.5451479
3e09e0a27628ee3bd54bdff27026f8d1,0.21113494
0effe8f4cf3b0d45860aaea09b1fa43d,0.9999646
77c811b661364a97754db6a1ef112a28,0.0038404134
4851a84813a23fbc190df456b9a7dbf6,0.18553883
5f54ada61469e6ffdc661b420dd73fa1,0.15638456
9eb2f776219a5bedf2ddb892e280078b,0.007442442
7e4ad375fe890d9c6f3dd220768c3207,0.21699508
4e3e5f29076d1ce38acb87d895bd55fa,0.014358984
0edab26c4a3d4cad9ce0967d935521cb,0.30946422
e3e2d156002596be4c4de7fc7186d27e,0.011572677
17def35d502d6bc9713468aa8f3b58ca,1.9554879e-08
b40b183062bc04a45a9dea13e9990350,0.11304529
899694a4ae79c4a215d813109244a7cc,0.6492636
ab1e3791994f98a30cf46e98b4365d17,1.6826127e-05
b6d1ea58a60209881ab89077e27e2a07,0.4379816
ac1e846a280d6bb2c5db68a2d7293301,0.08843046
71377681b2cdf600b0425e07c176a759,0.6735629
9a62a946f0962b041620c7b424a9089d,0.065811336
000fdb49915d3b03461c68de9bba9bff,0.043913987
f62cd9686ffca05298d2fea550a292fe,0.8383535
9ec62e1f3cbaacda77fd0baaf1fac4f9,0.051584817
a4f5da60b50a434c8592e91fed577438,0.021074196
21b5ced72b0cbe05a1d4662ef91aae33,0.54330766
a300a6aeb59cab9d6c76006e87018471,0.0073480653
c7e6393282c4be349baf2c300e6f507e,0.007931088
58ba8d09143ad48b26e8155caccebb8b,0.0025490574
058677339b349cace4efdfb33fc273fd,0.0889539
e8f6085eec8ea65b7d3fb8b24b81f17e,0.19735463
e50b75021848f8eb174dc763257decdf,0.0036608246
b868ba69288d2669602f8b08c9d834df,0.028894493
48230ed106441a449a47df576666c863,0.012678978
dd6d0b050c194994289e9b2079d42979,9.18287e-06
98b9dd11e8526fc22f2fa7053eba524b,0.053355534
6ef9326b7b6a7f46a5c4ad97134c01b5,0.036304783
4698285a2fcf84d4c5a169849c726883,0.9804128
0708ca4b179afc2c4fff2e8e414fabc9,0.9996866
b7b38861cd0e4af787516234289e3327,0.00441704
9929b04b991c967cfdf5b0803394f751,0.035891384
c9d6d5b92bc4ca4959bd45ed1b7f9a3f,0.12486514
fff9a1683c7e0996db7744a1c0dbaade,2.4030248e-07
09ae20363ba78b58024de5f5a477c4d7,0.8917142
3127cfa41e58c1fdce2bff1f4ff9b3e6,0.19833598
e1f8aed003e96ccbeea8908c15fabde4,0.26984507
13ea4246b25b7aaf5f701fba12d10e54,0.0245838
e31e71f2d6f2daf663041ebf2b702d78,0.004909609
c5b67871b12b397585cad3482b8b1d14,0.03953974
2fcc61b8480a841fd6cbc4b5a2b6f539,0.035523932
cfdcee200665f88f1968d929474d5b3c,0.000851887
91ab0e9dcd56b7b5aa960cf0f241b0c3,2.1559357e-05
6cf10985aeedc2db3723d8376125eb47,0.36895823
1941485c0c4dd5f0714a37b8418667a7,0.051864803
484951ee7c2df8aa36606d321a83a503,2.5592504e-08
09b5a62ef7711f605cc2dafd01045229,0.0014398966
ea9acc62f60198182aaf38e210aca63c,0.20755184
02aea76772aff241f2edd46cb2070053,0.19834718
70a307d1dd1acf15bc53496d8f8f27b2,0.13091889
6cf56dd6d7a9c02471951db43a5e29c5,0.021800194
0e01f52e7d5eeb318c45bac05a372760,0.0023875667
9c01048e790414bc45d87fafaa363b41,0.061070107
ccd186c854859ba17c0770ca81cf7fd2,0.99969625
268abb879f1dd548e5bde2a6a7e7abdd,0.007331693
d3229b1ae5e87df47eccc8cedce64f83,0.021080993
f160f5e8ba8b52cc7fcdd92941e98b7b,0.999751
8e6c26efc2c24f33ff9f61d33e509edf,0.81432486
b58836f64b6b735f82ad323af52eaa44,0.07184742
e85f992f256e05b368d5c051896a7261,0.037363183
fa50fbf4285becb19abc2995ba0835b4,0.24885044
2079395595674befe8fa5548ee90fcd2,0.0030100618
bfcc89533ad71c654e0c8249e74c52ba,0.19734468
c37f24f44e64e99a8c7659f7088ce7e7,0.026457548
b4ff38cd9b366cf3fb339125e5e62892,0.19734547
72046dad515cc156936df3638f5f81ed,0.99949247
e763b6b14cc910dc211ded83fc256c62,0.027658928
ef31a6049b9c0d14c5fb393074bf6c2e,0.99970543
11025b3a625fa310a23fde1e3d74c85b,0.0014229056
164bc665d61772bfac7d5c9192b17444,0.98180664
6eb6792a947fb3136888bec543b8854a,0.012040299
ce29293cec7212d500aee8c713493827,5.7101042e-06
2fa86c7c57df105b6ed3c17f57444f1e,0.20746586
7966c44c68cdca7f2e2595670f148064,0.001548467
38f98c70922933222eb3c83294f87db0,0.02704538
cdfe25474e96a69bb57bbf026f32f538,0.0033855177
d170245e6741370d3e15c40d07982a0c,0.007435438
eeec064d61e7a8d16620c4565c74cad6,0.111522995
119e1b85295294c715855da19e75a798,0.45948735
369f2c55bd77f7607276ec49066e8b08,0.84911954
d9144d1b5d0a6058ee88fba9ff01586b,0.007655366
f4a142a034a1a77020ba5c0f9224c4f5,0.05986045
45b6993fe4143bc98bc6ca845be63280,0.20438668
bf4341bd9df8c276e4fc7d30b9707ecc,0.062080752
6f2a5ba8aefdaf8428fd871968613364,0.14504436
ef84fa27a5331885cb513dc68a852d7d,2.108587e-08
02667f31fd76eca7e5ba8b0b82678fcb,0.19127704
4a53408578036faea35bbcea7650db40,0.0023852377
5f349c65cdecc05afa625f3c043b3772,0.046794564
7d3e51c270766321f9ed96e0e27d1c99,2.915319e-07
e19b3ee2ab156d8a03b53a586793ff87,0.9840719
e0eccde7c9af1bf93977fa07abd012a9,0.1653572
0102cf862da4bc2ec4d06b60b503f4fe,0.04260098
e2019ab659df32b0f86662648523a140,0.02985083
2f8dd4191f2a82d8255560de681e04da,0.46339613
7298e301871b786991e8d68153327959,0.9839157
49f0d9e57575c9c7bfad4e0df3054275,0.15924472
353e2743964303e89958ebf5282e8007,0.09492775
ef90c1f5d8614bc47353bca343cd625c,0.9996983
f35ca7a9cae9d623c2dd6f48baca423b,0.033660304
ccf11262a0ba34e1f20abf01f99a301b,0.17059128
9324b7bbbc3f1062e0b5cdc8318abf36,0.03446477
ba1db6e8623f5d616b06bc749b21b6e0,0.27857393
0795b468caa87b6ca4eac20a648e18ce,3.4276546e-08
c2031fa3f45e73bade162765b273baaa,0.5333754
57533cf075745dfa5bda2d9606caaed0,0.6355812
7069b7e9a76c8f551d2600e189dcc469,0.19734584
a91061df4668a9137e2c474155bb503f,0.03736041
4f173d047632b11fe932d67b13e440fc,0.012672914
4816f69923f50d3c30dded37c92b248e,0.19831371
1d62218a02941c0af2d22d3ee1418172,3.3426286e-07
8c5dcb4fd7984d76ac7d62c7a40da848,0.13983777
9710de917aab111706a993fd1ae814a8,0.28422025
525c8467fc711d4086acc21c6be1f6f5,0.0023977768
c2e64fa4ad1ae569936be753ba9b758e,0.4699452
bf31dd314a6b1fdfabd700b6f1329ae3,0.39025027
5220017bd356ebcb72ea5a22ca4354b3,0.027926644
6670c1d6612694eecc4d3a972406a011,0.40144214
6546cfebea55ed621ff934131def51b1,0.63336074
9d73e65e76dd049c0581c80e64a43883,0.0015893439
47eff572e62442b7be69b4ee77d40600,0.027499814
6721c63067ec0e51e90d2ddddadd7061,0.22635889
0fb0f1d7caf47047b904dcedd0f145a1,0.20111606
336eee0ac6247291adab9c27319b4d78,0.12694483
295e830ac8e19f5abd2ec9fbaf27cc1e,0.96915036
471507fca013f928ffc5ad5b36854911,3.074723e-07
932ba5de9a0006e8c86122373981ed4b,0.19832662
12922c43f932f676a90e5ea11debb265,2.2549608e-08
603cbc895e9f36a9487386474936c6f2,0.027719533
42d6b1b284dea64ef9618bc1184a2448,0.111182116
0601c0a59f36cbc12b67ba7b6ab9915e,0.029093478
1880b1884380fe2d7c87595f0301df90,0.98877543
16cfe3f7561aa71e726edd6106384032,0.63278043
e88bfe897a31e505cee41a6ff94c9cb4,0.23395593
944a4df11238ba119c2459ec72fc89c0,0.48654658
72078b017d78cb2992077ad91a3a7abe,0.0424752
ef9bf028acef77f7ffd180489f845e73,0.40719038
92c976c7f9cd06e1efd3e56f9c9d97f8,0.010439217
9a6e140de102dfe522e253b0d70db4a0,0.85608405
99ab35efb1ad57f50a27160d8924dd2e,4.8380684e-15
817692d5dada99f1ec9df4312a792f89,0.24500063
302053ccbe109ac5312a0f766eb11fdc,4.3098787e-08
62ef44a9ee1d4abb6823c247fc98d190,0.20755908
bb21e8b87075912fb12e387f5d96ab7e,0.047667302
56dec690702a04779e2c1276cb7fee00,0.22042516
6691d6be1551688d515473e9162d484a,0.5417727
1492b47083165dc4628fae9ae98c3460,3.987515e-08
a28de551784fc8d1417edf516291cef6,0.60024464
7f61911d380a899e8e307aafedf5efd5,0.048904486
24cad9a97e13c5c7126b0e3ca021f7ee,0.2122592
8c56892734013bdce3e35568b80c8172,0.09667173
9b8a91ff33cbb2c5349b75d5254e639e,2.987227e-08
368029f9e97ede2aeb0c17f9ccbd7753,0.01217678
790ccffa0d828c57f48ceeb6407b4c72,0.9996005
c14cc519c845a6a7c168f346e9040530,0.8858616
d31bc800877b636390e0a83945f829fb,0.0076418566
389fbbd50a2664ff121e9c5f56c3dd9a,0.99942446
23885b9ca6fd1d0265412b59607ed45c,9.923693e-06
38688e444589f8098381db7350d3a74e,0.0024293265
d7e1cc8986d412906df6f2244b8d1d5a,0.18612246
57b1f4e373b19d19e76b6fffa0650f30,0.1315709
d3f78ec922f0871afd25766e0afe1bf5,0.19705659
e68e040a7042343d597d613ba8f0d8e1,0.02243654
bd911b0bc8ff276375f8df55344a88c1,0.22473252
9eb04140d54eba283fd7dbbced4ce28e,0.40198413
924d9742bd830f1f340098695af37c42,0.17699614
9f310d7a73f600ddaf2971425b97dcf8,0.19124775
3a7b991112ca4a3d07fbd76fe96d746f,0.000358973
02f500ae7537bc25642b876f428a54d9,0.36088878
d90f436c9c67272b27506cc2b87fa011,0.25452298
f8115c0f4f9c02b10995b823003f4f6b,0.02831738
6f7bc1c35d685dfc7e9e8df1cf021de3,0.0023835322
58af7b91af918aaaf0517c50728ea7ed,0.3564937
26ea2d6f97437f6ed122e413df443d5d,0.37333485
71985005a592c42f43755aa47b3a9947,0.3209312
f6b1ed489a1aacb03ae40c51c5d7b05f,0.42867717
cf5f20a285c81b9b5d6237c201296a28,0.19735849
4bf39bb26e83fa11ca2f02729b53eff6,0.03000462
1e14622b01593123473f065c11425f46,0.011665277
c3b2b0ae8977c0eee96bcd9ebe19c688,0.20059827
a7fdf4e96f2a7b344db63d3de1a74c8d,0.002597837
d98e1d60de1000a83d2dd9602c9b0da7,0.33780366
eb0690e3a610ee0ba4d8890436f91265,0.000682354
51cadf43f29db5570ab0d1dbab456f72,0.20052746
31de3da8fc39e165a303edd9fd7fd1e7,0.011564916
304a50712bfc48210f7d606fcd762979,0.012261497
27e446622ac5369eafe7dee4ba3abdd0,0.0012117759
5ff3f0968694ea4c110c66e784b39ad7,0.042220633
595d293628869d199c92d9804adcb99d,0.67837054
c5d5c7587619c18535d9317da0447218,0.07160092
6a41ef30ed3256f4bd4022e433d8dc06,0.9422156
8dee2ff9bd8e1c6f4f3be319c36ce7ae,0.8421813
adc0413cd9a7ae4f19fd8bd2f6272a4c,0.6831768
d41540f8ab8460ff81e26493c7cf4a6f,0.20746103
8e2dcbb389be1f4d02de1634e0e60a64,0.15138575
77549a5707883ebac865aae00323b71e,0.5005376
39a30a1fe8bd09b099a77a4fdff12c70,0.112466015
15de6f48943125eb5b2686649c5e1670,0.4463223
32db083e45455c1391776c932ba9cb1c,0.22951022
76fa8a270063eb9810cb2fde5d80944f,0.2987067
3b11b36d4480af7886943ec8849be495,0.19734778
d8515cd3b1679231d03241d2a8396aff,0.6989521
f43745176df1c5f2ea1893d69e71685d,0.03524897
198257d7e5c20d2402eba68a2734579c,0.19371217
17bb3605d63dac5f665b2e493a0de7a3,0.017401077
bc7221d61bd30dba70aa8854897e2399,1.3508087e-12
63b9031d9cc12ff5c3df2a72819cfcd0,0.00070285436
7f0d560ba461f552ea079c1e8e1e9597,0.18088683
c999a3124dbcc660071822174b1f7bac,0.19735149
4722cf0dcbe7f329b8d8d008c6849c15,0.12078053
87687a7bc7063ec5d79f1e695f5cafd9,0.99942017
48101622360d1cc9faa6dc003718f1d1,0.08241901
cc553eec362fedc94a722b531b425538,0.00013635404
13c42848dba8e0daede6e7bee0f89eb4,0.04231029
96397fe30eb816a6d63ca81fa0640e2c,0.027925432
9af7c564bbf903d36927513b576295b5,0.9829283
68e6faf77fe512ebdc2938e03a77a0b0,0.023045445
17174f50df5abaf2bc7a51e0e54d5d3c,0.13413331
e782084094d593cbd06081bf04639287,0.21549253
8883ec5e4626fcc3a5ae4f0ac72ad25a,0.36292863
8324aed8f64fc4e6305c6a49eea377ac,5.7521734e-06
6903a603ec8f2c8e7e09feba0897b40e,0.0007089451
70aa95f35411f478ddca0bb39641991d,0.050394297
82b70b728c9cc0686df11819f144ea1c,0.0025607687
4ebfee45e62c27c7a9569faf1ed22a0a,0.20052941
c40bd503978784d5c442390a547497be,0.010897095
ff39a446514fb13c974dc19aa8c88222,0.17330734
fa760ff4874b218ab69a4924ab4650a1,0.11796774
4df325291dc33c8068e6d5fe19edb371,0.023028502
b181e98cbe97b4132aa54467260b1a73,0.032508023
0c63470ba4dd2989370e8f6cbce26929,0.0023808368
09b6935aaa23edaba8c0dde4de78587c,9.737737e-05
bf3275b8f9a329ae2555d0eba786cdb8,0.00075856666
f74e24a6e0d3f25b2696173c13643ec0,0.27667078
e18cc629735de8a59af50a44aed486da,0.81368667
82954e32f4ea83dee4a82f356521732f,0.011852781
41c8a5dfc9cea3c6d35f842ba4183cbe,0.19833514
750fde68afe0c597d04938ee0ff54841,0.002549981
ea4dc2c220b466bb45251e0d59ea6d20,0.00229708
0aa847a8cfc662fa9161694986f9aef1,0.9996954
ebe290fff3738e088291e910fd846d6d,0.6405109
88ff524d2a71dc07acd33db3a51b8047,0.0868084
f06a7c6376f1808a09b04190c1b59272,0.2490799
2c6bc6accfd6e072c938a45adb687b3a,0.01267803
441ef5ffbb51cb165f57a7eff35f6161,0.98398846
1615cc7d431aa264309fe0489092b57e,0.17741317
4c7d3860f4012b2121da1df28b239b01,0.00083838264
77c8acd57bbf9b263a3e289cb77c162c,0.72888416
65d8fb6f4f226e402c93167e7396354a,0.603063
dd68ba8a3eec679e836899a7fc34c767,0.59358317
df0b5a9d21d2c79f0d99128c841e34eb,3.1855404e-08
f5b83b7435356cd72af513e1943f815b,0.012041469
df86e1875a3c9058bc5692880c41e9cf,0.069202945
90b1d7e74c7c4b74676ae393d9154772,0.05273212
e55ce1eafbfa2dc18915510794f454cb,3.6710074e-07
177a55620139ffa97892d9488ce74d85,0.35301864
9c53a6ab8e15e5a55beec799ce31e393,0.19733217
4b3300a3ef7e877e28d0a1f57f7b6b24,0.98353034
e48d8c9406241c287b13d7200074774f,0.011518384
baa56f1b321a5ca7ff7f18425133f284,0.00038987267
4fee961cbe256b8e38314ab0e798c6cb,0.21046254
0427a61080c0959bcb9da29f490f5890,0.2832287
b93fa2cca1623f16679d15a6848d796b,0.17144465
7ccf5d5a9cc4d70ec60683ed7ddff46c,0.027938548
4aebb6cb7523dc51fff7c43db599face,0.22017117
4ee2572f19de6b49d52842b40a866b96,0.0018946079
55309bfaf51ef667a2dce2c603b3bce3,0.24130854
9f98ea75ddb70704514eb467b04bf952,0.012677452
9f25670050977b4a02c7690e8940d690,0.21671772
47afd469c2de6e5d71665796c55a8e3e,0.09713797
5c9944067b3c3a286c3db8dd2da9a136,0.032405406
0f973232cdf4d9eb2f72d24444f265e0,0.79988897
3f44d7dcf7966d3fc27fe2c603ccdc96,0.22059008
28094029051297a0954c20844176160f,0.032995325
0c9718b96c68a37341f062ffb4439794,0.029142331
e6f9137947916a721cfe6cd5fc67942c,0.19734046
3b003142c2ba6708b5a95021a538c7e4,0.04029227
4dccf360d45f41e1d95fd89ddadeda66,0.10774442
fb73808ee05fd5966c20ef59a15f9df8,0.19833426
b81bd3526411d35018873265f358c69e,0.44355854
ce302e5ea7017a7cd9c59efe0474dd9f,0.22959812
8634d0a3077494cf511f8019126dae0b,0.034402408
f118981231bc527146f43d18f7f14bc9,0.0062397835
d45725685d16f964ecaa84d397e65f9a,0.7398063
0fa416920f6f7c08ce14437d0fbf72e2,0.9996872
6f0868b188eab2deff2309eb084d725f,0.027842652
9fb2d348ec9dc3d7789330bb4507b175,0.99951684
fc8ebe781e6a150b14b48ec1c87b6ad7,0.03317945
3168b557cbb9f7fedba1f1a84de19d84,0.045519173
e4b3a32bd8e0d3bfe3e9ce61cac71371,0.29095986
77875132aec01b9b7cfecdbf29da9052,0.00750836
92667d4545581040db9f96c22c38fca3,0.43155152
f5702ced69748327cc6c635f3d4d6b46,0.00038469041
7f449eb528ae82c2a15a5dd6bd763a9f,0.19733922
80ad4758ce11f9d0d3a95aa3f28cdd9f,0.053881206
5491c0f9711f77f036b75173b4caef4a,0.028790886
24d2482cb5e529080087381edd5b91a3,0.12937526
a3b48f6e96083e5c8b4feccc21e27047,0.038336523
66ae2ac10de9def3fc71ce1dde2ba800,0.041055184
8c0ee1047417c73e05ff20905963357e,0.14629611
e906cfe973c3edc040ab7196f7b3e535,0.731995
c0e1773b570b2c80322cc6488dc5a096,0.33425617
789b5f0cc8c466d2b4d23e34b8342b44,0.0003532419
76533e90291414a8f90b8cba0b4dfdf8,0.26884297
0162dc0b48b2877e6aa34e14c8c773b8,0.0011465189
822e307a725f5fb0adbb8792df8f1e6b,0.049829297
4e0d44c36e63713b1d986469525ed36a,0.012389001
91c00bba8463d62988b04953c8c4bae1,0.3977427
52f39b3007efb51898abcac56c325ed1,0.037957247
c364147a2a084156d1af2344ab723bdd,0.044482823
a2203286afe7893714466b290aa6a2c9,0.9857728
88f094cb2870d1cece0bea496c18fd1b,0.27589148
029cef365616f08f6edd252071ec3975,0.037744746
750cf31c42e3e3c1aeec6f37f0568fd8,0.0023807152
ab78bba9e647a5c385e58e32ed35b9d1,2.5462395e-08
5236aef568aaa911edbffc8830171dcc,0.00081995584
b291f0dfac7ea0fcc8bb27d5ad297933,0.19734015
c8e27137d4dd17e1d65a9f108ee78036,0.1983207
ebc846231f2e1ef95695dbacb6cd0f3b,0.20756407
6932cc40d7bfdc58e6ebbe5becc6f82f,0.30586198
5139964614008f1ad7f13bfb9109727a,0.14797235
016f9b9c9aca5900a6a4f5f142222303,6.8116734e-09
b18aac7ebd17494b52383a499e49604a,0.04114398
83c0e452310efbd0d396272423dca240,0.38509077
a9ed8618ac4a3e4fd0594082fb821281,0.035338886
d414b58011f7a4f0c94dc9689653ac46,0.1056334
61ae53a83e16ada8128ab9741e6a672a,0.48804456
4afca53192d9e54e06810b15a26ced6b,0.53255856
5d570587dc44ad2a57e03fb908034a64,0.017888468
56701e95d940793a5c10a7755564af49,0.0073673213
63f76e11d5b3333cb3a4e8fe31aeb0ec,0.05695655
4c73677ca86af38a41c811df86de510a,0.06807176
3b340606579de259fdf58badaeb06dc5,0.030584296
e13cff44bcafa9c67ac521a4a90c69f9,0.02794373
0be22d6c1c1221855d20104953c9b0d6,0.29581404
6cea4f1fe613e6b12900c7a3138c892e,0.19831346
d362be9df4e3b48f3a35048be5b10c0b,0.2609202
1e1fa78cfd5614ac36fb7c1a93764054,0.0023421482
0055a40d88c7d0ab9fa1a369f0b9d6d4,0.026720097
ae7943e3126f02794a4e7763113cd967,0.002568399
e450a8df17c5d6fe42c342924a4afe7e,2.753792e-07
b72bf7733fa72629d980a14495a7db87,0.053756155
fdf9f0c656fe1f58a9464f5f2ba23968,0.3529963
98ee48860712d3c06c3a4aa31c14de3a,0.69489986
1623aea26744d11f99645e0c6e65350a,0.4727684
4ad0d0ae6535d8303e87b09ca5a3a4f1,0.009456287
f04c84a514cf822aa8c1515c29040551,0.033738293
165368c61bfb8dcae91304cc64d11cc4,0.0003701328
409db78bb72fa749eda04a5d4b9eabac,0.0009229891
d968c36590ad12023f4234266d90e4e3,0.3349454
1972510f7ad027df10993a7633bff975,0.9128159
268b9e7bc03017ed9366da02b032a051,0.13487057
ef068302c6ebd50bfca8954353e48352,0.46228966
b0b53e6ece31dd8f991db27b0797e81a,0.1973466
b8fc86bc3f51e0731b4ede83a98d3d54,4.0106006e-08
b12de11c7ed49b228e79ac25b1d51df3,0.99811995
58de6eb04544c75af0135bda6bf90169,0.9805191
4414f025046f670ab8920ee1b3346270,0.78004944
d735db32f4caaaad43fd0663a1744c8f,0.027099505
288977ca2908622135d950471e3f4670,0.19734307
8a7100cb39127200222f22557586d4fb,0.83940995
170abb95335af36b1ff6ef96571518cb,0.0003610779
082e6218118f702c85750f5ac9d2354c,0.19558951
9eabb70f2f0391b9237a7870e643b365,0.93796813
f5a3156d0dd5f4fc7c1610def8b9d2a6,0.0072570657
bc12a78e9fa9d478519f478da7110aac,0.861787
7bf649022a527c38876e0fe51b3f5705,0.13537827
d2ed21a8180363c895beef2c78cec065,0.030210312
4c3c84571b3012d064220fb15e82e7a9,0.012042168
074738e8838efa9332380a3c19b7a1c4,0.19733806
54110a29394d17c907e4f75351b9a055,0.0023835732
3c7e7814653f15fd52b082813906240d,0.012041378
93a3ea77f51995b2505d01fb46a96bb5,0.038895696
276e463b595325d8ed3791e379c0e881,0.03784117
844631d77576757339e352db26f61a78,0.16726443
102b6707ce30c6ca547af9fbfa68fb35,0.021158312
53a014ea56d12f59f6bec3ae459e0912,0.20051646
3e4a9b7114c38c066787672711ae4aa2,2.578688e-08
f4cbb5387dcc96cef640aa05fade72b7,0.12095632
d2f4b8d73a744d430ca394a127d50844,0.08649737
5dffb176a1e200d6662f321c1da69999,0.21293144
5d884ae0248081dad721d8f18cf647dc,0.92889726
9ec09a066b1b7156d943e84bf49ec5c3,0.007581926
0b50d1f59a4856ea1efd4d32e2288de5,0.0073276707
bd3a1e5b9f24a744440ae08da480be95,0.30892673
3b4d6e55ccfcb607839f1ebcabc60d96,0.039823193
7626073c440e73d35399f51d5becf872,0.044738166
7d5fcdcba8c94cb9e69f3682fb79bfb6,0.997424
81939fc0d6eb6986a13d7bf43c4bf26a,0.07777618
5c6363d4b6bc1c097a33b89e7f59f622,0.04110867
0062d67e9298c4c3bad9c8333de5b9d6,0.00039865385
df6a1fbfb7efb6edefae10e717c6fbf7,0.43811694
af21209d8d7b9a829cd290bb87aed7cc,0.037082303
1f104b823c9ac140f99dee39536db4e0,0.2958867
a14f350413f79b6458f1500de5d631b5,0.20746264
6344519cf65a88e34651c15954026380,4.2424396e-08
61b196f13554cc1d317ab238397ea57f,0.06777067
92cf1e40044cfb3cd066b3bd0f2d5f84,0.5880736
71efa042b08bf6dfff9ef228d7d5d45d,0.3108426
636f890d5d1d039dbe36560e521b8a7b,0.027010024
d1fadef9ebadf175ba44a899af7f4618,0.19733277
8a22dc92472b54eb26e76da629e5fd73,0.021927457
c9753a05f86cda6630e92a227a239633,0.029386908
dfb7f4f6925dd0dc92ea551656d2bd24,0.04710588
5ccd6972df2510679ae4b3f4cc25819d,0.052787133
818c8e08c79c907c9ca10e63710e1ae6,5.781228e-06
7869a94ef68282f7834702f0424bc5be,0.06785764
df172e348a93ebf0875b704f40f79091,0.030359367
44c2f37c48b9f6b27ef12fe8eb5690d4,4.593686e-08
712a868695cc44c97f1744881911a902,0.084000416
a7713f6ea7d1517a38be9e0f12ead27c,0.027945492
4921905a3ef075a17161fe7208d5d202,0.15150635
970e20dc741b4e271a318bca699a2a00,0.99945366
ec5237d3fb9b0f40af2faacf0dbde791,0.19834444
56373fafda915825e9aaa4b98a771a87,0.013655836
53b6f0919de57a80f45168eed284bf3a,2.4255492e-05
302b88c7f3f9b5cd17cee2f8d22b74cd,0.46485204
e8282c6efa2ecb91811c730b5f47c1e3,0.9819174
a40223688ef3bce59d5db71de71d4628,0.042269208
007a22c55c6eb851800dc7d2c8b876b6,7.47767e-08
666a7d2782a057271bdd8d7515ecf9fc,0.7999035
738f78c3c139e73ca2f6713ffce31532,0.8093153
a075362c151e5245930e46304dbcc070,0.023069378
a4e4249d7fcfbc9ff8d80c6c87651da5,0.002379706
44e8c1a4ef76f0c443c2e145dc95aeca,0.18975686
7b393fe134d9e5f75b59c852650e054e,0.019586895
b910f3ba99e340e44587e29699d164e9,0.748043
438acf17ea86b8658a3b1fa8e11e356c,0.6770385
df8b1d225e9102103fa6e4184bf96555,0.21229069
4a0580306a1a31abfb07435ee832339f,0.026838735
798002f50398db42c4f6bd2f36a815ce,0.19280979
08e933d7098fb32b278259f6f063449b,0.79988897
be54dfe525b71bc35b48f849e1d9a6fc,0.2944715
fb7b87b12bfc69c20b300e8913bd5081,0.15847388
d4dbd061c3e51ef862500cdf5a56e413,0.9995016
a42ecd3ee23b5acdab7748b1a967edaf,0.011528673
a0565ba0e0da9c039c055f1659205af9,0.14967534
a9ab4866d126ba087d1a1f54cc86b0fe,0.0023815332
af13e9860b0ee36b0796a5ebab9991b7,0.020410877
b54d75e60623ee5584714c04292327c5,0.11758326
9128950326a092ad962c6fc775080a42,0.009176673
732bc97159f9c3c6835fae1c05379a32,0.19833168
ca4abfc3b8ec2da2ba47a4d18e089d4c,5.5157336e-08
1efb69bd58a26574026a3e64eb6889df,0.0005483859
e2d8d9cf410fadf1dd437dcf800731c7,0.19557065
bc3676242957e9076e9df57bbe1ca588,9.5392115e-06
b54310fe40f0f23d888192a1d8082537,0.02872247
3eae069d086e855b8494ce9da8de6b36,0.04504471
0f3d1e53cf5191fe741af789cfda8b34,0.51809025
ea5d06ebac99fcea217fecc743c259f5,0.21360758
f315656b4a1ffa23ecf21f6e350710ba,0.011687493
b79563f5b5fa37cbcf2a1fabc05a97c3,0.040278807
9974af2534d717a883225caa614bf0f4,0.28381085
2c96ed48d48113539ba78ed7be6a63a1,0.2640434
c349cfc81c53907aab86de6a52a1801d,0.010489861
9986148279a30103daf90d9f3018e6cf,0.33345047
99ab5783cef89eb778f135e3791fe6a2,0.8329045
539a55280c78e40cdf7de59b4072e1ab,0.044409197
f9585adef57be2af3cced1248ef19238,0.29678503
e25e3e5ad8fdd021f7b332310047b487,0.051874876
a80758147ca72abbd1b6387f3b3975a9,0.21322379
3065a81801560e5d0e57563ceb9b96b2,0.7979594
3d53071f8b2c440aed18d2635a31d56b,0.03672252
e3521997cc13cf3a8a6f94e23d54c383,0.0007918266
d0d6467b03653c6be462ca6be3ed9fa4,0.02938627
6a85d1dc3c83e26afa4739812286db25,0.011612996
fc2cbea40d0967c8cfe2370aeb686bcf,0.19832999
6ff69a173d104b599b4e5887961993e1,0.7560577
4c173fc22194b592c99f46f5c54393f9,0.19734362
d4d11a5d0079fe1424c66e0c41482303,6.4901934e-10
c79c74038fb4ba0fd31a245766857547,0.9815928
f3aeb661974db40a0956a3585435dc2b,0.2916445
b019be281b62a26ab18c05bd3a747e40,0.53086805
16158a86e44657f38b9d13e75c0e4b11,0.7508451
07df76566c3b4448412a2e01e3583aff,0.023655854
3e15a1a74274f6b990129269e5cb3367,0.92996347
62872a6afdb1cadb6b49e74c0f7a65e8,0.042035148
66bb2a9c1758f4751ade5a16790f07ac,3.5254558e-07
87ac63c87f4013938cae7aa4a64ab8d2,0.6627511
cb7e9feec2cd7e580b055636d3526e4a,0.22720103
0d5ba61b2f65559e4a0540290a0b32c2,0.1955984
c24ee8097f44144666812fd4680e86b2,0.19833706
809b682b9b7d25d84c74fe298eae2ddf,0.5938692
b33cd5f3fa6eb3217850d639edde5b70,0.20870754
a8b458029136ac9d2ead4128716f25ac,0.17505462
c7bd2a1f88b664d448a9be9635de0651,0.39434823
aeb4fd5ccb49f11d93ac5e502b76a904,0.02301909
a31e7ea23a823ae1e99145abdf96fc40,0.011436174
54992116f9d082059e315cac7667482f,5.728712e-06
0609634642393f30e0a87ef385ce46b8,0.0004473486
3bd1475371ce305f2531763b25ae8a67,0.0011874932
86fbe633d618c7c881d124b06d9216ec,0.049931698
8dcc06ccdc2108ff24ce275f98097240,0.002386433
7b6719680ca99417e2dd23bedc813658,0.041809253
aa4f46e132510172e5beb140a7f03957,0.32842338
5002b88e1972bf063a402d5649872b2b,0.24915314
581a1b18f329da972a4ee53e8f940bc7,0.14867206
e066df71798b450073cec23b99413ae0,2.32586e-08
5c2f96f3945cf5b0f9b876c5375a7bd6,0.28979158
90807448e11ac3c962d902c72561019d,0.9360219
6c51750dc1da4a039b9d0eed8b5d8eb4,0.43576804
f16b9647567f1a36d7d97a5288a1e6a0,5.9070448e-08
386a75cb1bd928dcfbf9e5bfe08ab68b,0.018491767
6f8679f2ab3a7f5a7bf4801d4c5a6a48,3.4246055e-05
a7fe492991fb39efa15a8a952398da4f,0.03438512
219fd5faa875245cdbee7cca984e4c8e,0.091469556
bb5b8647e1262250dca26bb117595305,0.007454199
7a36ecfdc321924ef09f72d2593946ba,0.052227028
e48966058e296907e4f8d9c559532cf8,0.98301697
0e2713bf61ded1b15450a242919661c6,0.038111363
745eb5b6d60191411e98399aaf792d4a,0.012674645
d7f57eceee393f8288b15efa910a510a,0.43720165
8a53a905a7406d5b780a3b0943ff5c2d,0.49433374
75aa254459c02c4293bb793ded3b2cf4,0.005844743
2cdd375ed3793cb688134ef7f4819f03,0.3951585
be8eaf2d1bb52df13f1301a1857dd6fe,0.36146823
1f1f1326d83398df4e3056948c35c809,0.19203736
c9303ed8eda163976efd3335b32e3ad0,2.23712e-08
2957b59c41b0f48ff4366ec143d7eb56,0.9840428
1b0434c623da0a64dc77f2baca84a3bc,2.3395511e-08
f46453391266d42ee378a1c6e40125bd,3.189698e-08
e28d8770ae4fd6404609e7bbae68ab1d,0.20753603
04b8b0ff59958f07dfe64bf0e387bf82,0.04018668
380c435085046aeef30613b6d140c440,0.19833276
bd8a132ff0fd4c80b24c0df9cf14d0dc,0.2074577
e5199e44468ab1da8f2e4377e20600e1,0.22984579
dd5a704f20142b9a8b224e7dff3b4f98,0.0024278008
8209d15c78ad674262785412e3792fe8,5.8180866e-08
deece1bf7eb079de2a73f0eb8f0f9879,0.26160744
8501ab32d34b1658eae1bad443b4404a,5.02111e-08
803c3c8142819160a328b8b9a7f165d9,0.0115482975
5f821d11f4b91a8ef212e9958cd0c458,3.4498012e-06
89318c13d1637671d9a3a1ca4cb8ec66,0.012683667
539cdcdf1f1e3cbb3b841842ce0d2836,0.027920837
942cd6b2a1d74739c5c45be1c7f00c3a,0.3578413
57a9dfdf84c6a84481aef36a8aaa7680,0.012670947
a434e1c9cd3937fbf4031917eaf23bcb,0.011631902
3ef2ea4bdc6ccc9aa9b0cac30aa25c8b,0.77769697
d57e692901ffb0db41a1da4d1f3f3c74,0.007729898
3d420aa17cdf7589d632810aff55ecfd,0.4251399
3afb658dcdec94f731ab8074e50c75bc,0.22195156
d319d94a3baf59d15ffb7779cfe61cf2,2.4527584e-05
002c26ae4791cc095b76bcd7a7b76901,0.082376465
ba5199b37d013a27f8b20ae1d19545ab,7.4490825e-19
6a751a1a0f108a1e3d846d2218b09b48,0.1705004
314ed5cf1124de092b25b14c241d0759,0.19834167
3d04e29428821af4e549f114e2181734,0.2417239
48b257ac7b27df4486f83f66d4940b5e,0.73192555
7237c390b3db25ca2ec6802f476feb47,0.08576132
0d1b17db06a163d12df466b1655ea617,0.07908578
bd92de45ef3796b51f564441b6fdabc0,0.7912928
a3779cb121a770f6b249d723ad1df365,2.75899e-07
43fdceba68b6cdbc11af493ef5cd30de,0.01543579
44887c3e61979ea2fe92db60cbba6c65,2.439738e-08
9dbe167351f5d5137fd5301c78716395,0.029275093
8db09f00e9899488b1242a4e57fbdfcb,0.19733492
d85e65af9f95ec441918502621be13b4,0.46327862
ea6b2cf2928dcdcf91c2668ca346de67,0.20746493
495cc873782d89bbda1d58b8146643d2,0.28372556
9b74d175a5259414b5a04dc4d3b994ff,0.48103762
374db54302351a28c22d131284199dc4,0.6091149
da32512e60940243df920aeffa037ff4,3.362529e-08
62043db7e3edc027303cf4803b6da4d1,2.1922345e-12
f230a882df0196b280c7dcbbab8226d9,0.23275843
3abc6f87c3ef5121acfa8cd19d9b4774,0.06733088
3c3107623fa87a9e88972f4c0f0006df,0.99967706
5ee6a4643947a422cd1aa48a72bd2a36,0.9217674
c3c72d504333efa080c9a0047f47b734,3.3609886e-08
a37a15b69245b02834356e752ee94f9f,0.034842253
a435f83e420ab7e4cc6a39264ed27053,0.19834132
a6f0ac179f569af3d4216e66e9719a97,0.31907636
028bf4807390527cd9ceae5456b48f0d,0.6335491
67ce72477f0ffa750094938fb4c51d2a,0.049833167
f8d56a2b1b2cfa2a3a9bf7c1e300b9be,2.3470504e-08
2bfde5c8d58ba0467492ca5fa0df2898,0.32851976
6c581c34e43f45cb26b8dee677a38ffb,0.17196827
4e6fd4bf12a9a66775bff96bbbb53031,0.2351825
f92e2d9c0cbb552dddafdb84a1e7d174,0.21878497
00521f269650587e7a0cc78b409ead6a,0.22013307
f222015abf1995658265f1de35c16554,0.00034001734
c6c6e7b6183512e70aa13d263294fb16,0.23003936
feecc4ddaaa61338b7f72e303c51efcb,0.012677232
94b4c40878a87a31867def16aa33fecb,0.31943446
ac45dac91756c427c5b448d93b891965,0.39780036
d1ed39cb944ad18daaf6db789f8b9622,1.9756699e-07
6844141422367e813d0800c67862bb83,0.07840566
180da67b4402beeb292aad5f3a0ca66b,0.9823595
423a064a9ca048648cf9386eeabb4ab9,0.8329099
6c1efa969fcb936a32071d3fe2418887,0.44533023
9a69768b636496cd8b982cddc49e07c7,0.0012985894
51cf76cfaefab8a7c4ed082d96e677c4,3.0376892e-08
f1a3c662801caed317c3e55b370ca4a9,0.9819797
9682146757f37b208b458f879b0c5583,0.011740261
001a42e461c04aa7046b42d1e1fd7f95,0.06527235
6a3bda92e31069da1e306abc31986ad4,0.022467002
a6b79d898c400a637dc56bd21520e02a,0.012040595
067b1ee2b60785f7e4ba4362a65a6488,0.00038174127
88bddf7c679e632a4b1c3bc338f8288a,0.19833177
2c25677594d9f6c2e50ade274357d4e6,0.12839733
a92d5badde43c74efc30711e9a3ad7fd,0.31117338
49a3a22c9bced48446a3bc747726ed8e,0.028542096
d64e44b830146307da7f0df07d6b5d53,0.9526917
fdda484abf39fedd2c394ae1a21c50d4,0.59211624
6f731cb108eb6dd62650073b09ce9bc2,0.19733912
67f0df5d51968c12579c22d5a7a164c7,0.0023848289
eaac458aa81f046bf5f3f58625de8b58,0.19733629
8444eadefd0985c405d7309c38d1178d,0.20716238
e5239e3edbd32f27b0f8dc6ca2c112ef,0.035494287
142fbb18e17a5bd42a56c8af919c7502,0.6908957
f6729e7e7f0235b90fc19d4026167ef7,0.022004245
da780abe69ccd0e3b9a9b9990f770bb8,0.26861218
a0867dc10305cc7d60de2270ce069530,0.20754862
9a22920a5f06b2e5f8c27ae7646c2c79,0.002364872
b4ca5d6d5a03490edccfb52ee9d1a32e,0.9997322
2b5b97b19f8c16de64e98755227c09a1,0.045813955
3fe0763c6919b874572efe81e8e973d3,0.0073146373
b2323f271034846a33c24af88ebe84df,5.793925e-06
d44c35c07900da6150fb5ad7097cf1c7,0.12790833
95ed8b07aa52457ca646f6dbe3c6272d,0.0024454696
6622fd6e4b332e162ef1f5bd55b55f4f,0.009100966
d0ccf39b82652b5e7fa10c2b274e8c83,0.027475586
9222b94c36e5a45fd5d0774a9101721e,0.12008326
570314e555815f0dbf4253c3b686d3f5,0.032638587
b12925f8c129e4ad0d1586c4ea350c60,0.046528436
5ee761e34cdfc46857b8d3976e70c142,0.9308699
e549e5576524b19657c915d1e5a175ef,0.0009489193
71d6452854366ae782031cc0abb49bf6,0.0023818042
ba0d4deadcfd294a7bf48512ed6a5a8e,0.19832985
632ae35b8db9b59f7fd2b740d7d66340,0.028271532
158af59a6abb0b72f242f081aef3912d,0.65412414
eec7f74857b602b672415d31454af12a,0.03924184
3cefa56ff09d4978023603e42c38f45d,0.046945006
ac3afc5a5e0a7a5856dbe570d6d96fb9,0.0041834954
3dfab511c9f700c4f26602aa5f26dd17,0.99943733
ace2f66adc0e28fcc8aaf11c5e4b5f8e,0.011636106
78a18165bb3dec9e1b602cb45f6ed3be,0.5076299
ce39f5599e43d15db9f346cb321b76eb,0.13528088
bc1517013f62e717d19e68b8cb5ef4de,0.48012424
d791957a793a4a3935e7c0eb944ef4e8,8.419612e-05
236287a2d634d82edd6b31d9bd40aaa5,0.98204374
eb1109ae346b0bd90686806990e07059,1.5356818e-05
296f9219cb8c654d6fd893cef5165cde,0.9992563
0cd611109bec333ed5816ccbef8225a3,0.9994332
f393c967b74c01ec927646bb883831d4,0.00039598596
ce0d4168809366af17294646ec758cf8,0.053282015
c2b2fe62547f1569de9d0e16bd22d16e,0.02930445
4387e6ce0f9eb1fb9e35c422a6acfa2c,0.02302541
da1b57f39a464062d27ed29bfdcaa6d4,0.59278643
2b03f518166e703c5737bc764994e3c6,0.002579315
6313b4e2761731e1189f3c4a1de95600,0.18362653
c1fe6cd812a9a38c6222e6ea86357118,0.59781384
762386067d02e0618f24550f1520b027,1.6167898e-05
4499348f4420aa045fd3861b8e14dcd2,0.12180114
f7c8dd3de2412068c508695820cdd058,0.0021467903
a1382255cab6947fd4edc4dd4b7e9b06,0.042675305
1314af0768ffbf471c709c3149045c02,0.20893541
e73a226899359a93efc94c156a182591,0.012046783
6d4898bcda6959252e2de967f89605d8,0.07944899
d476042fc61b19fdc54f4ea5c323cdbf,0.9580618
92fae64609b54f38eb495cc102654e81,0.19834316
5788dc642a4c131ef3b9f4078928dbf6,0.52549475
e170dbddcb8ddd995985d2473650975e,0.04102868
ec12a167b8fc533b66596fac00ce2bb9,2.3769773e-05
fd95cd69ac2a5c11d16b34dccc973938,0.13493931
15dae4ce23b361f15adc8d64382c9f12,0.1682527
bac991371044a3d446013d700dd59002,0.19833228
7daf1c41cac3f7c83ff2a48ef305ec22,0.23273809
29963d966c9e58a58ec443325a6462a0,0.012671942
123b49161010134fd116a14b6290a332,0.24089606
9bf4f4ea193193953dcfd5356e0460c5,0.8470337
5c2ea0cd1ebda264a11ca667dc374567,0.95590556
c70118df0ac779b339163148e03bf74b,0.06937595
df250a99d568258dde753c4a6b913377,0.012672834
c696551a997905828f6c5c2d701640f1,0.012178834
1692e87cd642bb6b906a594242075b0b,3.805787e-07
da675c8204fc30fe6b3d1b01dc1b7442,0.20746107
d3c07d910a5ecc18fb68515770ae5afd,0.2510158
42a231a5a9791544901393ec7c358e82,0.19831079
f9b472fafdb3e6a753e56f375eb5c213,3.480492e-07
439c865d9441e7a06ec769e60cf0af4f,0.0074544423
911c4c67cd250e1a934c3ac72c5b088f,0.122692145
14770c70925dfd97816cdfb7f4feaa2d,0.284233
1ba22b4556a3b056adda97a3224380ef,0.20052078
b8dc77776456000f7d09091f745488a2,5.770662e-05
c23aeb446e76cc1466df0eaac5204f8a,0.26465893
c825ff0719bc2c4d98a17845facc79fb,0.03172024
0c4890604862fe9bf875c1e8bdb13895,0.19734898
fe7b0f7316f3864b51c13e3a25e032ac,0.0221969
42c2ecba382ca7b7f5ae6fe76f2c8569,0.37196884
c42237c2226b1631b3a100c0b713192a,0.002564238
4fbef44c1426e4af1c179493b13dfd44,0.19831415
1a6753b9cb0ecccce643f8038bd90fd8,0.004029159
b1c53593d6c6e7b5a0c64cc4cf287e7f,0.26588303
10c05c9b34536aa03e953fe814a471c1,0.9995567
8bae3987bae34ff474e52b3e02fca0a0,0.012040171
b20695050cf270bab82b700c9ff7faf5,0.002565803
7237c4537de614065f08bc7a00a0abcb,0.04565375
e8e50c3dfb2bdeec24a4063b0ccffa91,0.9970336
f9033e6468e5f51d1a2bb9f55abf37f7,0.41817483
ca944c3450e2118f2f10be46c18bcc08,0.018999206
027d988398debb0efaca86d79cd3bb95,0.043531917
713da5cef8b9bb671a1ec2924557a394,0.99946165
4ed56688adde1b1b4afe745caa550371,2.743604e-07
2676d50a0eab073a3c9a66c9f7d04c9e,2.3474815e-08
7d48f6b9623fe9a7a09683c13ab2deb9,0.28138638
2dab0f873849a4e51206750bd511edd0,0.003965485
a96c5639c58a5329f1dba0090dee5af3,0.38241345
d7a03619160527d2e624eaae973f6d54,0.01159036
679b165aa2ec9f684ee9742f600f0ad5,3.9262968e-08
2647df902fd05fe4290e9b994a58f90a,0.022367235
c7e0a49a11b28574edf1b60b0d183e3d,0.4369437
e27deb6338ac80970b488f7a3a03b888,5.9653715e-08
4bd4e40399a8e3dcf78ca3bf1fc825ff,0.79988366
738c973eb026186044b6b3242f27dd6a,3.2008618e-08
0c51e8c03e4709fb74eab671252c9fcf,0.011639712
acb3d2f3070a89fedfe21924da3ac83a,0.04456708
1d1fa78468e0e6734f3caf84d6f2e736,0.004554674
0f169fdc36f54443f81851ceb6f99e08,0.0001425485
2b2d22f8d7e3cb589564ed35ff334588,0.32604647
d8371b3c4c0adeefb84ed2bfdb8d7bd4,0.260992
070267a4f028ecaf61642e3a65be1e75,0.0073668025
7e49ff9e67f98a3a0714e50856714956,0.0076198317
91965849da151340fc593e57ab8d14df,0.00093437376
ca7de741d43bb843f444808539d4597c,0.1983246
5f8ed52ca4638fceb9782f961e26d223,0.007596715
b24374b0df10bebda064f375cd674e5f,2.6088437e-05
dd243a0d26c956a8bb9289381af8e2ad,0.26546627
08e5bf6d43268152d5679327278b6aaf,0.048044354
879e895534fe10a32dfc48b9fb99cb9e,2.4255229e-08
4db3e9338bc0c86ed66de9f716e1c34e,4.239487e-08
e1a99375cb41823db018bdb8c6130e97,0.03001513
e495180e1d48352785660602d59bc4e3,0.32942754
85e8e80b0374f803b31f03bb71f86bb8,0.31053394
a31d960364f7cee30038b7bcfc38869d,0.27356586
45c3206cc4ca3ddbc654ec5b9c8e1093,2.1731117e-05
7a1711f9bee86728022a946df65546c0,1.0165903e-12
9cdd721303c688826f8aca11bef9cab0,0.025545772
d56cc0f7e7e75ecdf81e4c6909ab43e8,2.1901558e-08
23e3a3b683a2a431a05cff1da85c354a,0.6074871
ba983429da5a07d5864239bbdbc8d935,0.06317771
bc923b9a360c0cd0b254a0d2a84e7e02,0.004843035
a06140d674a39764386ea686b28eff26,0.5790405
76ab18f65fbc8a9441f732b80b3248db,0.3663432
ad31d03c68d0ea459d6c80b092ef2504,2.261999e-08
60d99c28b4fcaa431414a4892cf40fca,1.3440601e-12
b50a5f4b0ae8f8de5a85c9999b0451c7,0.22946295
65a7f6c535905fbf4066ac1814ea5d6f,0.025510143
78f0943535ae79e1afdb8dd8a6e004e6,0.06493491
143676eea33bf55a6f2fa24620325299,2.4871857e-08
6d3d857dce2ce88c250574619f6a2f0a,0.33393794
9a12ec27fba279a7bfe1729f61abf28c,0.00032412662
9c410e21b370e9e0a614220328f676b8,0.1973522
d5c100103c8fe60477f61b6e849551ea,8.830849e-05
f3f67e8c13439768e2eb5fec41e0ac1b,2.3764482e-08
84ac1ca0c6a47c2490908fda6b8a8186,0.52294755
b10cabd4b247709c703cb5a632227b40,0.94534206
c82dc5c95b4626ef1f87a12aefc5d35f,0.018080039
b563bc7bd2d701937353aadaf4ea61cb,0.106707074
443ef4507e3dbf2ed98c28f404dd7b5e,0.26491886
51eecc79e478fbe4632fa79a3a0b4a7a,0.037293274
bc562a053ef74538571b5ecec99faf35,0.0008243288
a4bb8a0b29dfca97667764fac4d1c824,0.0076389587
ffba33f295c70a306341e282582a8265,0.02305032
3809a12455eabdfab189b3a4e8fd7098,0.2751742
a361c23a04207c86e8abf4695d85c1f5,0.01153134
8f77b011e68fbddf6adb828c2f1be385,0.6033581
a597ba522ee0c0c17f74235c4d8473ea,0.19077662
62335ebf9d57b0fe82d58223d6035821,0.011575076
bb021a713ecfe75cf313a42910898eb8,0.00063089293
48997f038bce9d1fd4b258d2eab1711d,0.22753994
f50a06ac8f89af6eb6e8297e85790577,0.25775576
36d4e3942196176b40c5e5858115b85b,2.4684562e-08
2a6e907505224394d441bec2f966eb6c,0.6386803
558483076e160a219340b3b0616d1b3e,0.32625347
e5e06bcaed1822e440727ce53fe2a7da,0.99459875
24e0be8f0aea94f958fba3a50c3d2f7e,0.19733836
dc2f154cb4eb01f6702fa37c1cfa0e07,0.39491132
78b7575d4d0fd3df41811919e555f53c,0.7259925
e4db16fed829a06cdc873541194b7846,5.733519e-06
16ba220eb927506504301859f9d9e53f,0.0008640521
b30d97ac7612f813d284001c05eab138,0.07467763
ab0ca68f675b23d82c01c66133884dbe,0.04018742
91f1a0a0be167d0a5b137de23a47a110,0.039280947
c602039d01c049b50086e2362033c97f,3.9031516e-08
a433609e044840beed256354119ee329,0.19734026
3eebc040adce3c5766d7837c0d7f6cb7,0.6348025
9f659d4f4adca505eb84a405840c543f,0.048727162
99be0081373a323ad3ec1ddcd31c969d,0.80428374
c0d446fb3a2d72041c8ab45e41c2daea,0.604042
20a5d89c310fb16d11723779eaaf5764,0.045338266
bae3de7e6da8f5f0d785d732f49825a3,0.004435781
626a0761ee3e1ae7add901d0d6d02fe1,0.011566632
30f3c79844ac59d1f7449e7373f7e847,0.6000303
2da811bde5b756f7fd2ea6686ce3c512,4.3947445e-08
888f5afe52f8eed3d44f6a7962309304,0.2526192
845b9c1fcf246279129d245e0f80d6b9,5.87299e-08
d21b747dbc7216b49a510c388daadd47,0.5093739
49af961408fbd27ad1e37393ab371690,0.1973412
6fc7f270482af1da3ff5687c71381b15,5.7706853e-05
be10426c679dbed4282ad0b1a547098d,0.01155997
bc6d7e9bdeba922006245175cd598c65,1.0044942e-12
2fbe4d3860dbb358b7709ecfc15a3d23,0.8416439
c4afb94a5fca92463995f7b0e6f9793d,0.17486703
428d7d75c8abbd67a73189d9c1abee6b,0.8329073
cadc7f022ede11cbf6c0b5d52d659d04,0.022828018
2773880f615243efb82ba559e5e36fe9,0.1973445
87abbdadf0ddc54211ee6acbca9c4dcd,0.004846005
7301ef6c9f9a46bd57baea389f2e57ad,0.19733402
d04edfecebd32bdf37fff668e303b87d,0.28059947
5c87969be06a228663c346f187ac3db3,0.010851478
bb0f9ff5e844a8f3dfb1f8385848d663,0.11997938
8ee67c92ccb68b488112c1205ac77626,0.98780936
c8b3ae0c85ad6e2349d27b7df2ed88f3,0.036075782
2c4995d1891b308dfc68a546458addd7,0.027123144
eb70c26e3d6a7cd3705a9033d5361379,0.025612807
718b63f59cddd618114c41ea4f4ec080,3.2756848e-08
81c90fa126e858ee43ab3f26f7fd6a31,0.108743146
7a631de654a0c30f5a37f18ddb76be7a,0.72995365
9be70cd7888197566bc1df34504f3c45,0.83144724
b3ab85fc8e27771972f75963cd24bb72,0.034506317
489bc1de55e0194a6dc34c7f0c22ffa4,0.0083146
e760fe2b01b9a5d3bda43290c154971e,0.024118308
8ed8e92118069016845e81aa65e105fe,0.13385426
ec13483ee801ffbd9cadeafde05a9a75,0.1971606
3bdd954022b58eee785f0b9ea636af45,0.00015527876
0e37ecdbeeb9a62dbb4bacc6c942c8b5,0.0023805671
de042e38d84cf16252496d8330eacf1b,0.731456
742cbf25311dca6c1063332cad1d0699,0.03769568
0b8f1c233cdc831fa1761d2fdc4a4b0b,0.06550505
be713baf6a4ba1d0a3a3fd6d577a40c4,0.007386697
dc779d6e28876921a3d05d5cc7369d55,0.007618524
85718c805309ae4a89121fdb6c4b48c8,0.011402836
5436e787b8afc907afef410d5c84d79f,0.20745829
6f9a39c3dee9e300c84f479e8919d442,0.00075858773
651f013b4f2f0c0ecb6596eb8e4ee755,0.50783336
037ee3ed3724bed85653785d5e208610,0.07446442
e1b069b10e190c077dfe646a4f9d8792,2.7639743e-07
9310792d21dfd521136e878fb58003d8,0.00041943794
facd16e7a9ddf0823a6f5aae25ac7b3f,0.19831759
9fdb3137f3bb74c867be570bd714fd77,0.04948661
4266be9499373953f7e1a3be798a2786,0.19734542
89f805ae2f01ac400bc1d9d3984c9b9d,0.6175122
9f7bdfe811065862f235bcc9bfee769e,1.0825467e-12
11222e34a54c618692f5749275e33e88,0.0058842227
2ef77c8d4bb49103d8f5406c630f7f3f,0.007495559
049ae3aa2c71389246c85aa2013b6357,0.9741414
0cea900a9073ed841450b3ed78abbed5,0.0074766553
b324c73b07a153b83616ae5e4ff93ffc,0.19832858
f983b385560b3fb17b68eff87ca44212,0.0885756
37440e0cd6548436161124a1fee83554,0.46619424
75df942eb4efe3377b1c2e075ec750e4,4.7767935e-11
d0ebacbe708328fb8c683045cd4c6824,0.26603514
ca2e2f99ca5c7827a7facce9cc85c6b2,0.0072716796
20cbd3338099924a4a04b764c435b810,0.5262718
6050c9970b77d7ada0a9a301c75641b6,0.030342603
0ebc9f32ec1d52f81cd78093e7f96629,0.00023363279
907a32efcfc3b7c7461370e6eed63dd4,0.022513233
a386382748d45ac4b29dfa7815fabb0b,0.3669083
e714c4e400a56b1169bb0b2f73b295fe,0.2705284
d2295c45ed1f16f3695ec0a3a5870e87,0.29609716
91a84601d9b3732a05d9bf45a75e341d,0.43188268
f05d2bc06b40a9e937926cbaf9304893,0.19833836
7801fb295e00b5eee1884fa03cbb8bda,0.99851054
62e46a737b1a8feb6a742e363de8e7d9,0.030654788
6bad6cf92d88da429c1eebbbb6bc7a68,0.011652725
142ec666b54c344b22526a22835384eb,0.024990793
4f09c271177983873689fac99b870c67,0.39306742
b1d9ace10a2be55b5a287833ec7bcdeb,0.05175553
1bb46c6dd42aefd816b095c216bf9424,0.27565807
cb83391aa9a0c51ba41ef20822616759,0.99969226
770a53e531973f709b966e2fc59513fa,0.9978794
6a7f48fbd190de3c262817f9bbfbb18c,0.0012193269
d9359622870e19c00b5f106f3f81eb9b,0.04880126
c00c610fd7aa327e62fac3a419740cd4,0.9547329
3a6aefb1b1e9f7f0aa02879520bdca82,0.8153769
b2f80e242893e7ac2b970ee041c04c31,2.3042517e-14
58dda599b685bfd788c7d2446440783a,0.7513216
358836fb467dcc104d5d8a2fb0bd6c16,0.039066188
fc8478ef8ef76d62f35d23326f47c1e1,0.15777174
7da98b892d607b2d5e01e75571cdf5aa,0.99969196
20687ee86b95d04dea2581e4c2ff5533,3.8579856e-08
8df59538b79b73eaff62cdeb6069dc5f,0.19832739
420a91b245f432b3de8a11ae8e72fde0,0.7041414
0b19bb58eafdf7d30ae9dc447dfea68b,0.029789973
5f4dfd717391ecbd0315f26ce9df1288,1.5942638e-05
267036982f1cff703f881420ef504ad7,0.01295686
9d349d1039edec0aa74a25a59ea7205b,0.5249942
7d61072bc153d7760385e5f4912ea89b,0.84931755
f63fbf62e501dabd23866b781388595b,0.00020890641
0d03048a9f490e89d0496719dda051fa,0.70591575
870698dd30cffcb325f2b64cd92acdeb,0.45886007
d56f806e4506d4e093d645cd56ddef1a,0.0007178298
79547f2e4da59f4c732ec45f5afce45b,0.030180996
a542118deb61088212a2cf00c2a1a605,0.19733603
f091da08609239a6cdf53f142f9b5f75,1.3347971e-12
ea4b55cc8bd6b4ca6512ef03182c2435,0.0017959526
f94ee143eb7ea412392980eaf4355245,0.54547113
b5f906f4d3aece2126c3ec3e97d023b9,0.023090139
8746ca47f64d9ca0012bab6f3cc65c22,1.976656e-07
e21632c6f4c2e5958da2919ce8b1783b,0.03704266
fc6791906dfb447769c383674e738306,0.011453896
64d93580df67ffa62757a31b08485110,1.3009368e-12
40f33c3f3583cf279b90acef26b1a6f8,0.19734204
81668055be59fb31e012bec251bc4c4b,0.20052461
45c800c01165e648db89ad43baf81f8b,0.19734783
93207a9241d8eb0e40daa40277a59e2d,0.8151557
f676cc413e071ea8ef641bcfb6aec87e,0.13996239
77e685911a0b961f0309ff3b1f2762ca,0.18456063
768721d5bdb865afe679bfe3c5c30b45,0.9711623
d3b3e10989680faa51a9f5033a8a3647,2.382691e-05
1b8f544f10cb311f271e4da55189b842,0.034324475
48e905eb645ef5122d4687530bd38b3b,0.20291157
6cf5dcc32a96eb21ca7317427f51bbe0,0.07040985
bf56e19b04c63f1221012b47b3952e5d,0.092030086
06e0d79b0b0a2383077abbe841c045ed,0.3588292
c80627ff29a6b53497ad9eb52295deb8,0.011571509
bd9d9b75778a70dea55aeae262b4d91c,2.2611172e-05
8469c4c346926ba7b918b52e13a08cb6,0.118807435
cfa5620c309466a0e1df45188c09e3f4,0.34750822
15750196e2e9b22c3cb48f38e00da097,0.27103117
9e1665ed4d4c684583339b2565d6cfa4,5.866886e-13
5e8fedc2f9f8d712e64d0659608ea9c3,2.7642685e-07
f351e8b768573f50d68824047e8833fb,5.9843465e-08
53f8487c161934d9c0c9285e6c1de31e,0.012040133
35d9d49319a81350f40ccd02d8d180da,0.4677956
480eb62b8b2bb83d1874c94687c96806,3.8164208e-07
187357274d456c138707c361d5220458,0.3193969
78961ee210d7b07ae014fdd226542bd7,2.1585848e-08
544d5d8dd09c5a9046c75832f6b1b519,0.050400883
0e86d9cc6248ba2b640e4e0c70251c5b,0.5522579
d126964c6218c209f2659caea8c7e6cf,0.24853571
ea88d0d022469e8cc4f3e87013eff385,0.027951032
00aaaa7b44a3c6a144122263008708f8,0.41445512
afa4548805ae80837671340253d049e0,0.20053288
a1c8e776819a0e5c167b2e874380f6aa,4.0558565e-08
900cc02883490e9d2cfd7f5ca4032b0a,3.7558453e-07
ac7dede86d371e8b3464397b9f347d6c,0.9969163
95e6d9cec2f7b6d8f57e3df1791e6ad3,2.772426e-07
a708e21df11de59ca8531924fceec257,0.36451316
fbef4521baa1e50a936887615c2e9ead,3.2305385e-07
c328b3039cba4d4a4d7b4870f2c7f78f,0.016268617
9a6191c88db0c3b3a24c14a94f6db571,0.19732891
06d38ae7917c54ae6cf2f01047bc788d,0.20589519
e1d03caebb54211e3c97c6c6e459c4f8,0.046214156
ebab4d51294f20434f80f06b8bd45d33,0.9660233
fd564b2097d029c02cd0c299030d5e88,0.39757353
f8543fd5ef55b7104e2cef1c135043db,5.457929e-08
4521ea339424f8ef1736ea7d597793e0,0.48073655
8361bc83b94257114b0b09b8b7c50a55,0.036351036
64c6348a6c39394e91d845491a8410d2,0.0025622945
dc8225b874f6f79023eecede84591549,0.9971865
dfb4d3f809c6d04abd3948e5ecc3e485,0.27917856
65109ee8c0072f4c66a41bbb0cd8eb2d,4.622798e-08
036033b2a010fe01bb954ada8769832d,0.99946177
146643c29f77aa0b8155aa23c0c1c77c,0.32200792
43da725e28df002089bf53ce29507014,0.14772117
7ef9fc6490d54da33055614b608cbf2e,0.19769578
e682473db675c435145e56f5f0ebc2cf,0.009982733
ea640184e3fdee666e53518bd0fff927,0.9997443
f1448d95f451fb117ecd2ab62379764f,0.0494005
07623275e454c8ef12ef8e638824ae87,0.19732729
e4992f99b805c3875ecb825a12e90834,0.014432633
4cb367b22081eab988aba5d9eaeb5a7d,5.444367e-08
c510a2a6638ec25ac8d7e409a373bb87,0.19833177
dda7b493393e47168ff0b26bf916c167,0.2887601
4c57c6f07e2f98db46a0b023dca738e5,0.42299357
9dfb5d5dc45779d8b89213aee6be713b,0.8018339
878b463cff8d8d62314dc74b4dcf4b7f,0.047329247
e69c34ef4049d0a14d52ea7dd1f94988,0.20754793
0e6386e5dc052759bf904ff4320b38a8,0.20746036
553178b6f61fd3b69c589f4c920fd338,0.20851178
ab2208ea2fa9ce81f71553e1348246c6,0.009288068
1e2f4759f2b9c5ac42af941a4d5660d3,0.18170965
757733ce289a173ae228c446498b3235,0.03778706
bb3d31f02e1174772e644231a0b47bf8,2.7591807e-07
c9e77c4ad4d1898299d538ddf6498965,0.20397186
f9085a3909e4a89c23d62634e550b0d8,0.07171112
9b6eb885e82ac4ec0ca9abb5ade3492f,2.9445493e-08
e146b44dca2242f60eb5b951973d360e,0.18921767
13cfcb6ef33f4d00d7fae36e51d3c78e,0.09243195
16ec8a21c740fb7fadb341f3a35d9783,0.03523739
88fd9488a697efac48383d4e26a69b03,0.5061782
e447fee77f608f5a0d85802863d0cab1,0.5093974
df629acfaa1f5cc46ce7c988041ef980,0.23517403
ea6612ba6b78000b5a4bae117cd653c1,0.19215587
c39e4dae7bcc131de42e94b82016f93e,0.99970454
a8afae75a50510d794d0afd83cca1993,0.025756102
1a36141dbfa486bd787b5deced255fff,0.28445297
726768811acec726579b43473424e918,0.014819317
cf0da918ff76a2cdf228ea8c904cc9d4,0.007186217
b5b6063b381c65e24de45c26c03cf521,0.007614414
6fff07c1d38d8d314d9ac10d2e0f8842,4.374635e-08
a25f1e3674f6dd006a97f7b99d2feea2,0.19833484
21ef210b9984ea76373064419d42aea4,0.03197702
2a95ed9cff26faedd1a09ede50cca641,0.19733955
f2060a4c61c07db90ce7cdd2401649b0,0.047814853
09b766597c897a0eb8ed58cca3bbed34,0.04541657
009126ebee2feaa5d774f873b8cedd7b,0.027925843
ce9c27758df897f08a675dc054bda0a0,3.57278e-08
d328e6b06d101f5bf5afb0f25339765f,0.08784255
e48536f11d2a02ced95092bd11de9df9,0.9995739
88c779abe2bef88d4c58093144d48b27,0.007471632
925634cdb642ee58b1dc353deda7b51c,0.0024283328
6b0e0b1da83d159171d71f07b2df4c66,0.11332176
c61eb8b9f734e7417a3575a14807ae8f,0.113091685
7e78d599285659d9fa43a01b3cd4e7de,5.2730787e-08
fa7288a22c8cae7b25ceb43baae13d26,5.8909354e-08
481b636650309c31f0fe86418f9b25bd,0.65758544
1d56b34b5951f0fa207d33196bda35e4,0.19832006
b723557ff89fb268a842ae5346ea0ee6,0.033073224
e4cfcd76c1a869ef0b686cf79798e2a8,0.19734749
ae03778cf368977eea85419acfc768d9,0.99073017
db3c481f3eff1160e337e7971ef1d5dc,6.5845467e-12
eca90f347599790616898159b1b89ea1,0.99968815
18e271a4453b978a45be599daf13ec73,0.45893985
b4cc7594952067379f14e5cb2f03e2f4,0.26086244
44f168384a960d75afc10e8d12608f0a,0.99974984
b6e712fe428cd5762b23f8c59781ed0e,0.11261599
9672f14d867f6c770349c75c8a0d3b5b,0.15785411
6444f1cfe10bb846be915d98308d064f,0.21413708
fc2d0825a2180c0ddd9ca874c1e23b46,0.0023817937
310f7e8fe4792598c7e500bbb18ada10,0.04036073
58adce31fba35de0e7e674c8ef726a96,0.000828772
4a4e1ed3457a58b6601b9ecf2c2b35f7,0.042579234
477149d90368485aed5e45dc6f23f312,0.235082
2dcf03cc3f88ef5e612f300ad22bfbb9,0.19833747
681d80447e6e3b3a1d9d84b6c1a291ad,0.83162767
6e6319e4c5d0136ef47b16d5b76260c2,0.46041712
357bcd5cf4c80b5c8c715cd2dc6fc2fe,0.06264581
6c5bfa2a9fc71e0944f1cc1d0df38299,0.345999
321e2ea5486bff8939235b88ec39a5a5,0.13498977
e31fc62f69ab32b1f40aa910a93d9be6,0.034060296
fb7ffe41aedf14134882d7df0153bb6e,0.19734724
e0fd3cc9cd1544e380778b888c7d4620,0.0023879854
8cd5a3fa3e2ee0c592b579a6a565035c,0.405964
55bf2c357ec753e7191cec20d01e39e7,0.1973348
629fde0ca437435ea078e70c2b90a5ff,0.045815706
aac77087e75aff9532869848533a41a8,0.979256
bed4e1a38c1c37c51b78c34b80e7ed35,0.33065295
3c0089a2e87dbe39dc4097d2d187b0e0,0.002378474
42e04dfd67648f7c95d694298e3f3016,0.7850589
dc452b655d95d2575abc779c8c9015f2,0.011485856
8fd1464a062d74276c5fa45685ee2c3b,0.6859687
90af117e12e1d155d2f7ba7c291453bf,5.829673e-06
21795846ebc3fd3d10b37c58cb9122c1,0.8919655
737da36514f1a704c7dc8380101be42c,0.011574203
4c28ff500ab4a2a0aefae5e8a2197ad0,0.010780251
ec8b6716738577bc0079692135915509,0.021982027
23dd1d00e1300038792a579841060a84,0.21780331
5eebbd427bed8dbfb7143364ddedb524,0.2129324
eb4d39bbd1965ded55bea6eb1a3ec522,0.04250897
c947dbec5ebf1a20534e707666a21e79,0.9993788
eda96095f08c6d2c3173c5737c51c0ad,0.9837222
8ff28e46e23a087f00df57f0b279f7ee,0.3284406
98f40ed6f7d8761666f1bbcf3e4654f5,0.70430624
57105b33bd5aebcd56c671ad5ccffbae,0.5016937
84517d4a19b52937dbeb69b61fdc898d,0.11464012
26b6a9bbd519447e94c8559952ed629f,0.39363652
78a438ea537821a77b20b66de1d7279a,0.1420012
cbbdf1bee82c88bb731d1567047ca1bc,0.02816673
89c5c2d445d7ccc42072d67efe8131ba,0.46241388
3e65933a147100007952388006fa1475,0.007377616
4177a83889b1469428b8344ef3a00c67,0.009238947
d404b209f199c79c18b186f676e5f595,0.0012239169
f1fd292e077e0cf19504a64883b5c6be,0.036118783
49626047f874301b3ee9eb73f9cd3d5c,0.99974424
baa214f4edba8772feaebcb5f7292d75,0.79988366
a27a0d85c8b2ea05d215cb3032014d3b,0.043999966
535411071824273faf725a281d184eb7,0.25897124
7267f5b3b05cae34dd6a041921fda1c3,0.19734795
3760b632ec60b9e79419857286db0ef6,0.23231542
b3664be9ffe33f1bb4a018c80bfb533e,0.0010210527
d0bf7f2bec9331a433add24378ed275d,0.012675899
03b058e5c51e0a849ca87ff7d417d858,0.20755641
b81342a97fd6d853fcce8e9eb8ca23ec,0.029769385
f6e6ffef829c9ee3c11d60ac8ad10e92,0.0074610515
869adf9b17fea14a182c57242422c20c,0.2136313
41aa9d8ffef3858f454dfa1b087f5e13,0.99130136
1861870ef652f5133c1f3c1beca6a99d,0.042407025
8b69c2ada893fea625fa18527f703149,0.27666432
c02118fe0bdb005068f11ab549ad4341,0.9061338
4da761a826f892216ae4011fbec80b69,4.3820083e-07
06582cbf1e98458ec5a255c2cbcbe370,0.983626
bebb6ff8de082adf4de8c9df3d619a87,0.048909586
68906a56b7b418d1448f1d99d465e2ae,0.0023828805
2a57b9b75e428775a9cbc6ae0d40a053,0.0040215105
fbdc667eb1ce3bbd497b6ad085d13c6e,0.6924227
eca5c45ee88795b98330ead1a540c49e,0.05159574
c80dc77d923b13223166006bdfc62222,0.031507175
272adaf6a82ead9dc2460f052726e090,0.23549628
9404fc880489b7b2745f5f76cd685cb7,0.007459336
02fe2e7cdbc5d81ac5a0f286e0df7cd9,2.4881444e-08
757073c6d095c188e3873ef249e19898,0.20746669
a1d716129d2ebed28ade9a6222286ef1,0.28229034
1cececc0c2136ae507cbda82380546aa,0.2709372
4180481ae7d60f9ea91ae6bc41b20026,0.022350367
483100b69362014f5c8d3964df01205a,0.10527191
5244df742d3f959da38c6bd922dd5553,0.040466394
1d6f5a51b89e1b2c5c12d76822a133c0,0.32088012
55a7037e520d915fb8c02d2ec57005d7,3.9355776e-08
c15e487c9ddc43525431cafa2ab355cc,1.9817291e-07
422dbd2c160c53454d81c385d67cb955,0.022397976
fa76167cd3e3e26983b52be1d40ae116,0.19733544
5dc4561a7d1ccb965189ec72992c112b,3.8862346e-08
3698655b9fae5418fd1574457ddc0092,0.04377282
fb50a2337fdec06babcf5043c457c03c,0.0073674307
6709a3728ef75d425ac78c7fa316c589,1.0735322e-06
5c61821b25e3fb4f0a0a3a09ffd0b6af,0.10900241
ea2e737cce998d7f8e57ea19e94c1b1e,0.18456192
ed875464753bd8260f8ab5b4cc8fcb37,0.1683425
b75347b9377edd743cc832f5170e4ec9,0.22944763
9356a01842c62929ae89a5c5eac91bb3,0.35858482
c1deb809e2eea58e3b520887d1f3f99e,3.669116e-08
619418cb9ce6e99c8db470003aadff15,0.22405982
7a0bc79d9a2f75f1f35656a9be7e9665,0.045066144
4d614e5ef88041baa46ec0113370ad78,0.0419843
3a0ae8fc39bd8f68c019ea7a86f44fa2,0.032231193
36ca0677b091e8e29230f310284d90d2,0.053160947
8bc0d359bc61b0049231091d50aba792,4.091583e-09
c701a82a60ffdbc35bb05a4788b69a28,0.19733433
b0205bc52bc44b00b53a18d674a0639b,0.033027038
64dbc7ed10448f2c0850783c43a8d04c,0.33663133
42e32392cb857024744e92f150fab51a,0.54225534
a2302a84a06ebd4d542b95c776292b11,4.5957503e-08
e1683e36eef28bcc058430a5f0e65580,0.19732884
7ecc0bc085a58082cb08e4022b35821e,0.002569662
24f11f9e9fcaa86c14131f84106fd030,0.18928155
9326bb2e0ef9037c1776fdb2be7d8eb8,0.03336383
ca6ab90963e674b752e654fd17cffaa6,2.754525e-08
b66306450637e70c34507fc7985f3950,0.64911026
b380bb8ea9c57ef160d2f9bc2576be3e,0.0033829554
d68d0293d6ff6b9141eb2f2fec700917,0.24059692
17cb41e802564849118dd30d662d12fa,1.577493e-05
4497fd0084763553c9f7ba9e1ddb8aa0,0.027691692
48638a5355e0d7368fdb48c370120c91,0.7727011
317e69db4cc379d323ff8664bacfa7b0,0.4775316
b6adc674934335824fcc52f9964e7820,0.4485887
1b8a26614aea52d5c5656ed1f7868ab3,0.837352
4e101839239cd776b2cac72543d3fe77,0.02567262
cc335ea465110554af00649a317b4e37,0.27694184
afb6bb1c5cb66ccfa8122615d0e5c740,0.001645082
6363e14253484c15a39d7f12418b9254,0.5442889
65597317da7aef464731ce888ba195a0,0.03699823
90d5e8f121725bf07e5ad489fef93e0e,0.19733764
418e14cd8fb17938e216f98957d6404a,0.00019425277
281ddfd29ffccba80e9da9c66f47c962,0.3299646
55e2c9bfd11428d96c2c99dbf59aaa4a,0.02298697
1d2f298cf2cf7c0583f1416ab25dcbaa,0.3857417
3d31cd4b23d23971718eac0ad23ac063,0.002273127
7f8de7549a7c2c2aad5cf0e142ede515,0.6112563
4510963eef9039989e0dc69236e5e3db,0.03521366
15d58b1d8656c28d6bfc84d3acc9bc28,0.11092267
fc8153985dd71b600e321a598c9a5958,0.013524288
f7c8ba3681e459e75c23535f368f761e,0.64619505
8bfde3616ae940a1bb3003ee2fe24da1,0.42122445
c31f035723adf6ba1fa34af0e5d8bf37,0.8603605
172155820489b9d623ae5fa42f335fba,0.028714314
b31d93ae057a0f655fdb54575b2814c9,0.034145392
338e0e5c24e566fa7206a4096247f876,0.2918837
9c9013a35d9eb111f59e20bd9ff14268,0.012686124
c3724727fd09aa5a2c5a2c4060dd84f8,4.0693415e-08
0ce81eda1252af2f22582e4c2345ec09,0.0016889764
c2647b5254b6449ec3d6d53fcabbbcd3,0.80827063
776c2679254211ee838e1d83e5e8bf46,0.046618138
058a755e8616081e784486249d3b280b,0.22974429
fbc0ef190adbfae3a4669f2eaeeb0e7d,0.036256444
185b5439da2e3de06ccdc76c907a43b8,0.6305321
f46e47825011cdc977fe4ffc77ae277c,0.01586215
81d43ca863bcd8d914fd1cf325b72256,0.5689515
4220c19e466b34818cab1420cf3788ea,0.030765241
02a0405ba1bb2c6933557b4664c92a78,0.03542031
bf5f70f452f8dba53b56107b9384dd48,0.49719185
8eb206e15cf20acb70d650a3e1dd7f02,4.348497e-08
8b6d5faa784dbbe194c18517b5a2bd68,0.028891217
5814ff70e0640831caf077bd85017172,0.27232903
63e52fec5356e2a262718a485996bf23,5.734775e-08
aafa87390d557fb37379e50313ca7ac3,0.9902997
fceb2ce577d99f23ac14f850c2c3aa95,1.1111799e-06
770e06aa59a41bea9166d984fe6cdb45,0.044404674
c79f622124fd8e19000fbb99af07a1c3,0.00057502754
c1e673ed62365c6d235b84856fae854a,9.5174546e-05
448be5f4f2b28eaa6b343283985ffa26,0.96738815
2eced1540b579a54ddda274ff2490d73,0.35870725
3e64098f0462be141ef6db30c24176e8,0.24454916
e75458e36d088e5f901cdd5a2508299d,0.063709214
8716a0066f206b8ec85d35e69d2fa61f,0.036609806
93a8ff63668a434503cdb44028a06491,0.19734542
8b5a2bff56142097965e6f4aa606c8bf,0.031354696
3d76130c77a63ff91599f687adbc5014,0.04457736
d9043b8691b74f72880a98b6e472ff64,0.9823414
cedb9852248ba1aa431006bcfbcd2e76,3.3022814e-06
05187b7cdd46a851888290725227dc69,0.112141594
daadc3ed55fb61669ea548e367ce359e,0.23065035
58fd02a06856bf82feb8e7bbbc72ebcf,0.19732867
a0feedd48adfac1a19da667c85483c38,0.25240415
2c29e91b99ca7258f40dcab6d1b3ce05,0.2555834
50fd094675da74aa0e5b9a298bfa783d,0.064076625
57750bfadf62b23cf4a787372e0cfaf9,0.047332276
80f6db243e3b6ef9b89269fb0b6404b2,0.061436117
684ee21195e8ccad4e16447a71e67c57,0.46886978
dc1d0319a87205834977c9193840bdbf,0.8095573
b4b4bc63f94994a2898d27fe8d99e000,0.035624824
7a9621e54540476e23708f18e1ea7cac,0.0033600696
732f50b20db16133c88b53dd0d456bcf,0.1878378
07bedf5b0fcf31ca52658e51a69fc967,0.17044242
a3cf8ce7120f5e1864de32f3b45260b1,0.17500238
776968dd3558ed1fdfeb73ac2b49181c,0.34095576
27a5e15bb8e4a5ca961e6242e7d34c54,0.035580356
9cc1f4ad1d8fac7d4e82e962cd3e5cd7,0.002708971
c36ef8227dc2f1d8eaa597b9cb9a27c9,0.0069270455
6b67b921b8f52c787f502ebc7646492b,0.19734243
b26224f9bae3fd7d461be48b8df96ad0,0.011460742
ef460c33d3913402d83024b0b27efc7a,0.6492332
9da9ee93f45905a4505cb1db007dea20,0.08303864
aefc3b05ad5119a6cf31d98c0789d83d,0.035125375
60fc0f7831c1a49a76abfe5b62aca27e,0.61521876
b23e84eead6ebdd6873e4bcb547d54a7,1.940882e-05
ba83f54cb456af580b1d16b4f60ab50d,0.98299855
a205c6a6ae71bbda7d4981df167a019a,0.19733205
26e31f185d299191d8dca939da340323,0.052428372
27ec1c5a9f7dc774b244f37335f191b8,0.0071985796
9c4b191be81670760b3689a1a6b86d18,0.04520481
364ecacaf9e42ae2e07a4e0a29577846,0.98135453
96c92cd30647b0c385aa51ee64d66670,0.30067796
4a82dc2a3395546c30965c24081bdfc6,0.09256607
32897ead3c89a2fb738f51f21b94c1b4,0.83874905
943641a6e67a120f657d65a9a33a34cf,0.9185873
05276349e0a185c7c3df8465259de68b,0.20998172
fe9a02396c4cc31bbf395dfff10262b8,0.011591395
5e0657f4352e98d81612413efbeb6b95,0.015218358
15a61855dfbcc09d7289cbbd2de869d4,0.99971914
c4457c187a1f297766a643e7cc31f79f,0.045788202
d636b45f10129a6c6ecd6c21d2157661,0.22909987
7dd5b0980c8b212003ccfd4134a4937b,0.5450445
efee4514c120bcaa2ed0eb9e4e2bf0a7,0.0023838303
61ccdeae0fe7e5ad74e11b893d28b0d4,0.54153806
6933cf8b94d1a5c027f078688e6313f4,0.9993871
debc2b61a76fd79232fa3ba394d4ae69,0.20756121
10a53986abe4219167be5645d9570ce9,0.031568203
267591f90cc24577a762fe11336adf29,0.9997374
b114c19123e99f410e68ae2d2cec3c47,0.13897379
441f28b24c51c0106394ec4540bba6dc,4.878733e-08
e8ebe2bebe3a95b80baca90d3b55478c,0.039632387
506d1c8719fe6b289b54e265d452a7da,0.46105486
7eef5e18fa5f5998f3c321e864c9b6fa,0.03223421
257aae19bde0f73a59b498bfb4336063,0.37761632
888c4fd59e2b97c1c810a656351bf4d0,0.99718636
764b21ebcc9b9bb83f6123731dae877c,0.0003793126
702bbdd9dbe172e654acbb33d2c07f32,0.043679375
f9a558f45840e3429be0e48ce90b0e27,0.264814
3212d993e56c1cbd3fd85cf4af6b50fa,0.05277284
95a11ed35ee74d477ee7c11bd74a9aab,0.56996924
85759bcb30adc667696f160efb22f437,0.04345138
585f916ebc67e5b3095410517ed68ffe,0.24279979
607f363721c20099a268b4551fe02e2b,0.2572511
17a9dc33b3815b767b3f125b96ba3114,0.13650164
5651e5af10aa01b6a4da2a87f67c9590,0.19833721
aaa16d36270d9955245694cec64e0450,0.38406637
8e78341f3518de387c42d3d7dd90dc45,2.778893e-05
327dffc08b7d9c570e103d3a019ae803,0.048880965
2984466580d809924af7e11bdabcb364,0.011511741
84ce4fc3f4733408384d2f40bf40d8a8,0.22903757
221e6cbf402e452661bed3e8a94194ad,0.0023802046
26ac1b2d60d4d3ec404d0afc1795c51f,0.19586402
dce5af10c1bc18466c86949fa10a5f51,0.0032452852
f12a21d77d2194b75e85871087c2a4f6,0.23671786
6584574f131c4f9ec7389774fca70a14,0.23176627
3e45be4170235f8e5813ae1ee25c00c6,0.0074632876
8390f2b045e569937911df780032ce1a,0.00040994043
6e7293b8eb2e397a3d44f7eddca46cef,0.043361895
0cfab343c5e4985adc0e368341fb626b,0.04651626
054c919bdd622e04f34b1dbfeb9e1cb7,0.14019023
e8b54a243a898fd390ff6646691c4343,0.9838165
2edfbf43fe666c7102501c7072f30f93,0.41876346
b37178eea9c68fd328817fcfe4a7ba8b,0.01144087
d716f7135fc666a88ecba673762be197,2.7630935e-07
4c6b326116baa5db729bd02e31f922e1,0.03381479
36d821b607d6a5ca8498cde7835b25c8,0.028073508
5da9eafbf7fde35d5b966b8abf894607,0.022721391
96ad1046c0d186d9b609b77d2e5882c2,0.002561856
9beae70a37dcc51f2ab7acb2d865e662,0.0067564785
54fcde8c178f2f1ccb6e2035ad93c4a0,0.27734905
2ab3de909a3ecfbf29d1f7ea71669279,1.9620896e-07
9b637b912f6522ce6233b9c2c22b50a0,0.05157102
71451f46d217f043ae46c6be18603106,0.011698132
d476e85d9ee965ddebd0266c220eb30a,0.048079137
d7de152fd9d781e1bd2cd44563abfad6,4.2241556e-08
1f77709a4b7ef654f7bf6a22f6ff6866,0.047727473
735aa897fd402f009ba435db6a5f8d6f,0.00090362725
9e145613c966ca2348b579c7b43eb28f,0.014995409
c435e7018dffc6710ed28b9f66c09b9f,0.2415617
c86ee44d6f6660555bb8360666e5f9fc,0.6231594
486bcd67dc7760520da7e476801712c5,0.09571833
b471037c25d56effd990ec10217d763d,0.0076285796
1e9b2f0ecc1ea65e86d0ff7f6ca9884a,0.1973438
6ea57bfd31c3cb2bfd5bde3aec609a34,0.03358818
bf290fe41da838ea7a7135922cc8b4d1,0.6613518
3765ef9437c92c17959683a8fbee9f45,0.015318528
8e504a0478f5fe06474cd943f7c1b6c1,0.007512941
f98ff1ffabf609bad05585fe140336c1,0.19731073
33c18455bd4d2331b15bd3c98b103b8c,0.05276723
7b411ff3a139559fc59625718a3f604c,0.040491182
0040d3cf7beaddd778e74c5ea9bba363,0.040152498
6ebdc30dd367c1dc35eaaff4c4ff2803,0.00039223483
b828afb919dae8ca8653d4b780abdfe5,0.58014566
512e1ddc691dfe900e197adbf4bbfd8e,0.001080265
f325a9d90c2e792df5a555feb3bf7f11,0.48577875
313ef681d23b8dd40bbc262dbaa59ed2,0.03314883
3e4d329acdce76ba5d239192110e51fa,0.0011755194
7073893ba36d51a6890d88b4fd117287,0.1554447
ca3477a5dea5be28aaab13a825c8b6aa,0.007434943
e2428e019bc0f986fb1302c9da862ac5,0.20569894
c5af0f08169810de5b8f69febcd41133,0.029007232
4c8c2cbbebfb23a7833b8be61fe1bd97,0.7806848
3b8ac3f342d63548367fcff89d3499d6,0.036482453
04514e454c289dbf3cc43c99c2773931,9.899271e-09
e7a88d10387169c3e23881458828bef9,0.09213372
6c9ec7581d0f29582b16974a2757bbf0,0.00047750786
fb5bff9be0b6e94fd3fdd38f6ac5e1c9,0.043198716
6e4985371bf43ff7f0587b8edb2a6b73,8.193551e-12
49121d61495477c88ac983a001ebdcce,0.8709631
174f9bef33b7c6885d5c7dec9a07eb78,0.19307712
aa756ce05c62bb5ac22b0d175e63bd41,0.7073142
b8d4b1befce16687f07267ff45671d93,0.1936312
affa9234020cd508985823d150cb2ec1,0.029913044
020b6e443ad0b4c91473cf0860cc3110,0.60863984
493c14af5a1fe138789f766cf14ad311,0.64091694
a5c1db7f43e153dc86894965bdd6656a,0.6157152
7461f82726d499d1b4b3047b8356fc63,0.19833675
ffb2c24fae918dbbc1823632df49388b,0.77251244
42e66c745b12c9a2c88d0f15c887394d,0.9980091
37065a237fa0c845560f8e867f853b9b,0.98395026
9ec298872378b6c3798ddbecf31e8bb3,0.016170148
d6c4b7d83f9a5cfd1ddb5a5c111abb46,0.32770613
60007c052e7372566d09c3402db31915,0.37732938
1d9f2510cffe165475c9987c8bd5a5ae,0.09479655
cd703890efc3b4b5b12a09a2b7ab74ae,0.14202051
f52c5cf980bf6e769be1364cf668c950,5.825291e-06
ba0c98f937873177f5510e5232dd0861,0.2628931
784057443462d6705cae3768896adc00,3.8169293e-07
6c9df7e1e854fed8d2e487fc77556281,0.011529983
444b4808c60318b96cc4df9d196a7230,0.1983252
fbcc72228c7c58af753785002a96889d,0.03628222
6c5bf2d427784a69092487a859007b57,0.03192474
2cd4d32b298eb63eba35874e90427ca1,0.03727728
bee94e861ffc57567f1b04016fd83bd2,0.24271533
2bcecd9b463b2c89fa1d1fb074c10ab9,0.045767933
f16faa32e9ade933a74397a6159a455d,0.1983308
6c2597fdd22234c2e738ca0d8f05be66,0.9270589
5eeed06f2b9c5ed9c44932883423176d,2.239253e-08
9b47d21083646933dbf969399359ef86,0.82233036
084e78edeec323b484fef2d64db9b8bb,0.07082256
2fc44515f254f8f6a11ee5e88c2fb2ea,0.04387
27559bbe8b00eaa7c394cd27f1ae755b,0.0023893681
fd33670f057d208f870ac8863f19fd13,0.032824736
968345a149951058196abbdaebeabbba,0.03247092
eb8cc7421eb8c7c38f83a5b8e92206f6,0.08258659
dcdd9563254935fa60bd0f13e378eefb,0.013523129
71b7932dd49acf812f61c5c303415cd9,0.06205246
52932953d6f7bf12338d440f6501e016,3.2765122e-08
90a0832fbc4fc1339678fc7561a8ec90,0.9543601
a6f5a49f0f6790897c04ca445a1f23b9,0.9996983
55f2317c4794921892fbf08239181d20,0.2095649
22c7f77315dd1c832f731c15503dac13,2.7570096e-07
226c8fc1e48b093943f12f78992d5920,0.034092445
a4bcee61a58168b2c2560e23dd3d28b4,0.95646745
7a08347d2b4fd5a2eb41f2d0ac2f51de,0.8624128
175b62cb0c845ec4df9cce2232dcc4b9,0.00086081855
5ba5daaab7e785318540a12b134874bf,2.2689297e-05
32a223f12366402534dec7c029bcf85a,1.4684558e-05
d33d2cc2bb1c1021b6342d926cf11116,0.7299816
11dc3f0aabbb7443d31d551d8a65d4c4,0.2407445
b57af7532ee12635c72c6414383fdcb0,0.040959217
35fb75c1515c357a7e534b57b2635511,0.002562755
383ad5ea3b4abc264f2bccc669bec528,0.020881236
b68038d48d01abb5283158c0a188479a,0.0099198185
16e060379cb9b701b285135cae1713e5,0.011532902
f28bb25f3280b7f91b9703a0576f18f8,0.0023836787
2e47dc7dc82b2892ae42139c98d26c91,0.59905356
af38be23ef64368871fbd5fdec606a52,1.2797958e-12
3b1732d4f0220b0dc1b6afa25f30f0c5,0.43287668
d96c4c2e6dec99e3269e1fb23f39e886,0.19832999
095206eec5938d53ef9e0cfc7f0e3db2,0.21040043
a5dcd2fb01362c30d31643949929575c,0.19734053
132e80ce8370abdcbabb8c2d349eb0a5,0.030362803
34fae53d5e2d54402555eeb25c59f646,0.2742356
1e5e0b882fc51dbb75c95523a42068a0,0.19834691
0ed1934972bd50ffc762c8da9db9da47,0.19733974
a97eae698c0e4f0ad0dad28de3ca62ce,0.19831318
495847a1bf3beecae9b1f6a2b48151f1,0.19833732
94906e5809ee2188d8264064080f90a1,4.0334747e-08
5eddb1d31cb110d5e6c0a7d88b4e0d0f,0.027945613
58172752b32fbeed67675b551ce42f6c,0.6197996
f99bdb1655f6105cd4cf349cbe0cfd22,0.05475393
2bace6a1122ddb418387e8437b9d660b,0.0076121255
63f6691652f42914c6d518967b498ee7,0.048743047
233e3bcaf6821137e20d7eebb32967ab,0.20435281
37879d73fc6a1ed997f294ef65585369,0.029369656
706ceb246c2c8cc3ea693e61a39f3a41,0.034351394
fd53d5a50e07c2ae5dae71a092c98356,0.17508236
681ad6a1715f701af11852a70c46f964,0.00094201695
5957b24406fc7b96a94eb5c19974e0ce,0.051461726
7a58b202f19896541cf9e35360f1a4e8,0.7861506
88d4be4a484d2136060bb13ec4727aa4,1.9541874e-05
5b0580bf8c9d5db83274edf6c214c37d,0.038489502
d8a33be9fe879b755b3d3748f962fdeb,0.0014891414
ba0e80d8fd0f1f6355673f7efcc1893a,0.20421736
626c1d876e953e35bfea188067336d67,0.7998888
b5a9236840c5b46899885cd25570ede9,0.03241071
d93f24c48105d29e1813bc9c934f3a45,0.039556928
49dba741c9922500f901a704e69ecf4f,0.53380126
d61a4ef39b8fcf286e61054971ba391a,0.19733216
e5910a18155d185132ff7b25f45bd0cb,0.31749153
084ee53ca848f9061c6b54bffb965795,0.40715212
4c36404d5fe4d87f727a282286ea90da,0.0025552888
b8b4f7b7bed5bb3efd5e07dcba68bffb,0.0023827488
1c58c6c3768b22f3a9af501a479278ca,0.19734603
7215a779fc6e0554b7d9fef9737e56ec,0.027310159
dbe3add97e97b5059ae3d9d3c27ffd73,0.44387156
f90b1e9049f40eb638efcadc747142da,0.24354282
8dd79b2b2465fd8cdfe1cbdb7640422c,0.06717277
d9d6524809e27c4b5ed96edbc47673bf,0.07959364
36bfb75766dabed0a1b16fba2cdcbcd0,0.34257787
4521cfbe657f9881a5ef29fdd6a14a4a,0.027938496
edb9cd5cd2b7104f9e59f0d9a38a214a,0.7288596
2b63c934475ba4c4bdb988f0f76edfaf,0.60408443
67d9462afdd0054e3844971e8b2b84fe,0.022324076
450a25391091c778951e031a591ea146,0.9841139
09fc17bacd5fe63ca1614a71f6f27ff6,0.12239258
00089f2a87d1e69ad30b044ab3e6bd45,0.33776304
9261fb8b2b533f1a5f58ccd19f597c5b,3.8137895e-07
ce2df774facb09524a93b95c6d6eaee1,0.19833186
58e9c299fd3a2148770e313822952025,3.1744502e-08
917665fac9cdc49119d994657a0e6e68,0.18606365
a5b26eb3d2a9c1bedf35a307e0f2401a,0.19734631
f5c3499dba4b59b3c79e6541e01a79ce,0.31346077
5b113fcb7cd0572ed5fce00be38ae9cc,0.5655259
bf43d6425ee8a4e259b9a34c1b71705f,0.20390192
e25daf497bd02ed84d5ef8b5274f17cb,0.19832136
b90fb4f77f764fe22ad606245ce31305,5.8736577e-13
5c3d81034c8c769f6aef72fef9a45fb1,0.0033949795
22ff274f6a6337cc2fbbd7470be0611f,1.1475384e-12
90fdf3c743fafae11ac4d5ddc69aac84,0.99952316
d63bb174ad60b47bde30fb566e70225b,0.0028861254
4e207d9427a4637a7684b9b77ba192fd,0.19145024
68b82cfae926bf5a6519861761852c79,0.605863
5864893977d25f9868121431618bfa3a,0.11261469
e49a00ec2b2ee06a7a9ac8cc8a48345d,0.009049969
4cf04760fd7c1aa9e899535e67f732a1,0.7908322
a84132970575f10c1ca1da3b5d90ebb2,0.0036265098
c21471c482a8074b9cb113fb4850e23f,0.3638782
08c64c75f4de06a3a7a2418e968ff0ba,0.011674427
ac0f867af88cb10903cbff7a8f5c1af8,0.00242812
6a7fa98a57fdb58ebf520a4e0152f556,0.9996988
fb387a2bf8be3b190959defcacf4fc02,0.023006484
61eb2106ec53d3d89973b46e60c9e527,0.36567846
f8b913cc42787ab6de7142df11222094,0.18110612
d5019b7e62758b392856c908855d6183,0.93934995
cb5104582578d6d697846f19c5f369e2,3.3670794e-08
e7306cde5dece86c6c2c9b45d5b359f1,0.07726514
fec3dfa0057b46c078ae4f32dc6bf7ee,0.011600691
11940801cca003c6e922f27b830577cc,0.5594576
3cdcb3955c5d128e5a9242a9c01d807f,0.0025556183
61d553728d60a79cb125c87ad434fb4f,0.009072589
63052788b3f4d9220362f425145a39ba,0.48168164
9690ae0a83f48c496842069507423a37,0.19832191
e5b57615441a5746526a91d86a7d0cb3,0.008955495
0656b03f067be69c92f65d437b7cc98d,0.0230405
f9544d2922c42123cf658e04f250c768,0.23196085
16be853010324e50feef8927b34e376e,0.23975012
d4ab53d69656e4efd3e8f20718f5d197,0.19735046
1145c0d01814f5824dfb00506d0a295d,0.011465676
762330f3d9a641b969e0380ad6a84287,4.5904294e-08
7c33703809814eb86232ba5be090e3c1,0.007221167
3b8129de3dd7cd93a09166f256f1e6d3,0.015976278
411ed9f9f2dba0f96ffb614bf8d60aa5,0.94303495
9e261eb9dcee56f4de17a684ae55e43c,0.012670776
8337feb4564dc84c65cf08cfe13358aa,0.42746943
34582288dcd615cdd894859d6891bee6,0.9587469
3e217057a58bc3990165b869cf90fbb7,0.19833359
e71ef9f13a907c3ffc41db863a838810,0.21878
55c271bcb32ab6a4af9c710368353579,0.011670959
24ad0fadb48d2b7e2468ce4e9eacc676,0.1973305
e5e9cfb1401e972efe33eefae772007c,0.41370487
d6cf79ad293cca0077fcc1f506805c18,0.012675743
6953ea7bd6b2546ec281ce83ec0712d7,0.036048748
7067ef6eb563cfae3e509006daab4794,3.817977e-08
76dd25ab0c5a89e272100f65a7bc4971,0.0071888613
22159c54f4a207db47d682dbc2ad16c4,0.19735861
999023b02b2d4d20a5bc164ec5dd0532,0.11284634
290c1a0d01c28df50f752ccbcb374469,0.8358213
5cf7e92b7708f3d7f2742680ff2dcb64,0.031647265
2ddab3140effb2fdcbdb69b0e1a2b0f5,3.5690896e-08
e1c9628d78b71929b240826d5dd2a120,0.028729385
1b756db57011754e69f921ee0b7de3bc,0.08791046
6feb804e4a50c6ae6929aa1848e0738c,0.19189483
62079be1bc6c54e9fd47a52564adfe0c,0.029996693
b7b2fb0ed0d26bc94fed04780cf1ce61,0.44761935
a61e542d5d7b06ed33d94b9ed7449f0b,0.16967313
05e2d5cbba0b2ee31089cf9f91c19c31,0.13086559
1825da724aeaeeb7d85878644d19d55d,0.0399728
7420efe827446fe92efe1609a423daa5,0.0011782106
d553759098fa1257ce2648bc4bbf901a,0.036564548
dbf051324f11b212a72360bd87f83cc3,0.35791853
0d289e4b6f7d2413bfb2a005da83f273,0.021740008
666d21d52430ece8852a2eed7107d27a,0.023899443
94c8ace2d40db8ff9e5af84fd57bbbc4,0.0024101608
b358869186eae63127bd7bead97b43da,0.9995345
8a8d84edd3067ea30de56fad0c5f7a5b,0.03049023
0acde6395a139e5cb1879d365ca106c4,0.0404983
49fd78222e4e4a026d54b559ff404cc6,0.19561127
666aeb348e28004650aeccc077674c89,0.19734474
e25f09430461058953439c8a656aa976,0.8605855
8d452d44ef4a2059babb40acd70ffeb4,0.011622106
c9e6ec0610a4d85282f74a94a00efea8,0.6671778
c60ee5d54c5b0890c7aed5eed595bc07,0.02511172
2cee391f7f70f954b0300286be2e0612,5.8813363e-08
f7de37fbc9946ef7feab2d74e5d5fbb9,0.26244527
29fe2c949b974249d80eb4bef2cddebc,0.19734037
81931c46882b22b66366d212c9721d02,0.00687174
76f89679c8922d5fda8011160c9e0b52,0.24747917
eadb75ad8017ed730356378b34b651b4,1.0718557e-12
510ee68c714bbaf64a0404ead0dbae91,0.033671003
f6e95b0726761da429cddb5a6d501665,0.026343962
b8c25a264e68d5b7a796e3403fa7c5b5,0.20483696
378ac5005f94d8bd67195172460f95da,0.734517
1bec2038ebab25259d48153406a68219,0.19833522
3d0e06cbf52808d3a0f2a26930a9625c,0.0025710145
d0b94b8e304ec200479bda21a9895119,0.093919694
388e62ef116790968eacb3dd20fae474,0.35559082
96596e53dce4727fc57cc8f70023b291,0.22953296
732ae3370b9005ddb0cf8aca7b336ca0,0.31986475
c36e2338992989ab47908c9833557813,0.090825714
b501da671a0e478da581cabb3eca0c4f,0.025646308
4ad80f5822a8cd1ef6f33dedbe86be69,4.4620855e-08
432e422a86d392540269085541cd53ea,3.8817824e-08
791d582dd06fcc7362d1d0d728a14d27,3.9280657e-08
14d6ea441dc4e0cc4297e2265b2d75a3,0.046786565
b6ec1c306b686f2b93ce1143e922624a,0.034824558
1fc3c1afba1ed554cf27f1c2fa24662c,0.00034512707
2d39fbd368dd47750e26f1c4dc3207ad,0.07179344
dbb24146adb5d329d8c63710be4ff4ab,0.46016496
536a1f3ebc8c87b1c2e430d6db493d22,0.00084054226
20fdd26d95bdf8b4362aa333ec4ee8f2,5.162927e-10
e55fd76f3d0452d99365fdcbc533dcb5,0.3429276
2f4cffd9025a60b23b5753d7f2715f57,0.25837022
5ad7fbf6820a9dde49e0078d7551c15e,0.50605726
324c0bd4db7b7f509a345b1a5e3cdc80,0.17516068
14ef8b35bbb15012298512993799473b,0.03814488
1eab5ec1222875c99d28e286a33d26c0,0.0024216594
484144e1f9e690ba691672ce23f720df,0.4275586
8d56724cb77f42ede2bbfbdccd5f773f,0.24613297
361d93608834e41ab560ef35b31591c5,0.0035871337
84abdc377d2b12a702b277e1307ec841,0.06988247
55a5d16135dcd361599b97c17b5c96a7,0.20054302
3f111f4b75ef5c3c9e99ca00e65f5c5a,0.009220808
2a1f45f71261f2eee7b51394fedeabe4,0.00035092846
d3c1de720419bcfa21aa6b1b4bd7584c,0.33454043
cee26d33ef92bf6e3ba23f06060043f3,0.20755513
32aa25fe5a0a2207b0660692f4821afa,0.011389539
ac989cfa96cfdc901ee9c85214afa53f,0.8803835
ecb1fd35781562652cc398c22601d70a,0.15052226
0d155b7e8cf1c6acc568ab9610344f8a,0.13728708
9cf7e097c81fa5461f521faf227e5683,0.51903903
f4f08e3411721880eaf9c54a99f4ea49,0.04901756
bbbb5d8e8955766b327e26e6ca3738e8,0.059195895
8536a0e4e00680c590854f79e70d3d83,0.011446463
01f489c37785a43812d40bae8013eccb,0.023032721
3163b06950f0e4cc8a50e34ccedae90a,0.110383034
5459b84888e34eb2628cf3bf91593fae,0.007647588
c9db949982f2428a3ff0b0c24bf50ad5,0.0069242134
2700fb336e625f0ad757dc91de8767fa,0.07844716
353117e83efe926f019003fa0e4a2eb1,2.4083374e-08
6fd77fdfac3adcb2a52d55fb9f5ce9d9,2.452188e-05
dfe9a3993b72e391ffb7c774a45b95a8,0.1983153
62c7238b9c3eae077f5452f910b8122b,0.63917774
8d8d7d4aba4420af2e126800a3139dd8,0.9865818
1e0b4d4f82ddebd91e4e49fab47ebace,0.045295328
34e1055dcaccbf4b029ea543328348e2,0.026591953
7b0435e6bfa2b9dedb223a21e8688682,6.7857414e-08
9caa852ea7727f0eaa0ed1360e0ac275,0.000389362
2817ad12f276b0d94c9c587700fa5034,0.07782216
f0b9f7a1f9564f339a717da435d75de5,0.04694243
d296460792917cb409d9d34c470ef925,0.1983188
c7e3680ddd9bef78e9c560e9955586d2,0.91374063
2115abb3b850a690a74ea252deaa710a,0.99885046
94b74d283a73b76669af324ca72df9f0,0.046120476
ccbe5f8dbd8267445c2627aa53e10459,0.2870325
2ca53e7ae55168bc4b03bb523b00b8aa,0.0075206547
aa551334952249d96c5f610a274edaf1,0.05819431
aff3a4c0c40ba1bb8e6e217a1b72aed2,0.18658262
f33b5cb12753aab699874be3a425dee8,0.0039650397
f1c2fc9c299b7435426e77518955d2a2,0.19500007
b9b89ed4e9e3ad011305e1ffd44be248,0.068265006
6b5acfb7f4e56aceff1ad65b0c142f9a,0.89402467
f0d5befedc328d9a0c3990cc095222a2,0.19733459
fe2bbe61995d259e9d94788c425b72e3,0.00044606562
e8ccc550b67ffa60310089d354ec3e94,0.34354234
c75dbd9431beb5528e8775814baeac9f,1.1843247e-12
f5464f12df9a374b5b3844d1ce37af76,0.5860357
4b7ba561a9fd21ac1947cd1aa100a47c,0.038608726
d3936f72331ec10367f87402af4098ea,3.8403286e-07
b3c77ab8e353cf20c6d5926211d70f44,0.011564357
39856fa61381fd0ec1b7a87f53dfe510,0.2937674
5d8ab2a44467808a74b6a0ae6f6c0ced,0.21379808
bb35abfc35990d5ae9dcf398d6bfbfd2,0.0335112
18ed39ff7c6ac2fdce69d413de04b88c,0.022197373
bdc96286cd404684c19571cf4a58b039,0.01249872
fcbb5fa8d28aec8f6309c50f1f2509a6,0.6902038
4cc1661a39c5aa95cf55fa75dbe20666,0.25458318
0def83ec8dc775797c46d6b9355ec0a3,0.033813823
a2c25517ceffa7d872b003eb133d935d,0.0023896121
8ba7b1add7242f91a8f222e13b26816d,0.029078072
bcb108ac9db66cdc32c0f3c26bb8d49e,0.34717873
ed240cd9e5be15177bcca967879ce210,5.0009334e-08
f9cd1f4852ff8ade4060cfc0727beb77,0.043043975
38bdb3d9b692b7b70bb353518e59b75f,0.09172073
4e6fe2701d91253e3a4ef574720cb7ff,0.64205545
9c60c921070b0468baf899be29539bb8,0.74995106
8293668c0476fd328aca53cbddcca3fb,0.0009481579
8ce750223e48bd837da3d30ec65c16bb,0.011575702
85c786da5b06af038d9be50331a9452b,0.028546339
34f8084e10a2cfb18d9c95bc00643bf6,1.6353613e-05
b8670c2a6bc3cce1452e5b1ae4c89e7c,0.048839238
795943ee036d7fab271728d861fb84a1,0.19832785
2afebc93f0af24e65670c681882a0bc5,0.0025650612
93d879187c8cdb08ee070410a11826a3,0.17188592
71ef2eb89c718576a631d97a4ab009fe,0.012754412
21c8f5ff839af41c0d824cc683ae3626,0.1973422
bd0ae4a217f9bc0e28b2340e556aa2cd,0.14608988
fb9fac1b6cd6cc11238644715dc8daa0,0.089164495
51a3a0ca3e75743fe2faee1b60af7634,0.4005248
f13d5d8a044fa440b1a615bdb37c5e97,0.022531707
ccb13f3ffd2edb6f9d2b42495eaf2640,0.22886279
8f83b874cb1270e5325bee0c2750ffd5,0.013475293
717573fd4ac0db2fa1dd23dd29af3c4a,0.036576428
f9ddedb852944cb91efad02175718ff9,0.45583993
1931005957bb7c0aeb88dca1b1010b18,0.035445563
e681e01e33be5a313da5b4f13282e099,0.28909862
ecd829d7ea4045fbc7a8f76a0b5ba59a,0.19734523
263a0b4aabec7365b9e246bbd7811cee,0.1032756
6c6a8fb72b26744d57de5cb841a8b68f,0.015269834
9245a14a21b6fc47d479683b3abb7b03,0.18084534
945b0be464b9f8f1ba15a935c872dc1b,1.4300293e-05
8c36430732b9bb62e2328f15d9ea696a,0.39349723
c291a203705cc492c713e3d6e46e6b5d,0.08230029
1a5b18561d330ca2f0989fd2ba64c936,0.002379535
fa9c2443680f6525f5183ea0a99ea90a,0.21768406
129cc7af3ff2559070efdb610aecff05,0.040763542
da342c7782dcd5b886d1178c9d197817,0.40356916
ef9f975575f970886d5e540c4dc04357,0.0008562806
d30f39ea749165db96762f57779eb143,0.042546846
855676817c6372c614884a6761e92ea2,0.04405125
487cb8c3ded64c43dcfbb747e05871dc,0.028356582
4968dd5775b61c1af24552b9d287aa7d,0.48997244
ecf3eb70d4eb93367f76a8252b522579,0.41431198
4009e6390a6e18590c1af19dc7697571,0.0072172126
62ba2ebf0bedb39db90a953a3bbbf2c5,0.051059972
7d635da53770a84f0bd142026980c578,0.9689636
86bbd7093757105083b6a14be4b7a8ed,0.002571589
b11ea086b15fdd2697ed30209ff95f33,0.40285128
0e9921421bb4ca16aadf27476faf5fd0,0.10306565
d43c9c1c5b019d69d7f39205bd325947,0.00046256068
7a1c826c36ec2897b4b3503a9029384d,0.7999271
86c26c9da4a54e93d1edb046b831f797,0.033824068
59170ab61a0be5df1b01007f68b7c297,0.06431861
6c0917aca0d3184d5bf357861cb98e96,0.1983241
48fda266ad185efff2d0c2d16b023692,0.035683353
6664d63519b04e0fc6921d22086903f4,4.900043e-08
6b4960d337b9a4a6f71305e114645825,0.027719533
8d16180b9a6ca26a927d5f6b1d723c36,0.0071890587
66e7c00afbee1e6a9dad25cf3eb1ede6,0.19734356
2207a623023190c516980f771530f749,0.3610891
fb05c0e698b298fcc4d812606a312ae1,0.0878319
e8472c6895b070d1c09da9466f568b77,0.00077728543
bd05ce450d99d926d8fc43c0a9d1de79,0.043381996
b4ab998a10a807ba4520185a24e971ad,0.0008615694
edde1253a564ce293f0aba4042b02b27,3.0486651e-06
fb5d4f89cbad5ea92529fd38fc155e3b,0.5541997
937a7f55c5f94aa3b186a3e8ff5c2793,0.44748813
e9edb4070f63bce626249e889dabab4a,0.1973323
9b4e4617cfd52b2409e668e3b289e7c2,0.19832896
4e1a69894c1133654144e799e1f41ac2,0.04247953
2ac390d743116c522f700875940b0776,0.0076140044
02592dc083fbf2c042bbb00cb1f6a32a,0.027797177
67acda0054c4dd8fd2d69bc2351e9865,0.023018077
a67c054854ee3dac3f34ebe6fd9a4000,0.05184575
d77b52764f8db14d72ad437e5471a421,2.252946e-08
8573be1d18e1be86626b99ef05263091,0.20054881
7af1456c4e9a3c858e14815fcb001394,0.03638499
ca7ae6717b07be4636d5b086165e4c89,0.31053138
5d12c4eb9950728582fa5b486ebc95fa,0.0008433546
75b912d8650defdad9a3ce54a35a0d3c,0.003324854
eada72794927c7c3d991ae85cd356272,0.016533498
503271705d7e81710226d7c1a4d1d24f,0.8188158
e4920309974331b68982b1b60ec90983,0.3282053
aad66ce3fe10f99f2d59a3dff345ed54,4.3211294e-08
ebcb3207802293acec752f878b8e1c63,0.47741538
a5f1063489c098711a88bdd4217936c2,0.2883546
31b7686535c4cc72d6081aae5dd40d01,0.000848722
aa9d81e0224987e93b986a8af078f935,0.03619349
ead126d96cd3a26ead631cf5e77d1760,1.958454e-07
70dac683b22144877632c7c6b0bc6bcb,0.095041946
0d8ea7f85a51ecb740e4f39ff89062f9,0.042814504
befd7da007fcb4b2773f8cc8b712d586,0.207468
76d38ffafd10539520eda5e1c6922ea9,0.0072585456
14158252b80c425aa285a8a92e83ec53,0.0030284252
32425ae837b72ed978115180c619e138,0.011627564
2e3b280e6e110b920abfe7ef76785f85,0.027643982
281054ca691c0df068e19052656c43d2,0.048255887
2fc4c3510d2ea20811c09f396de5bdfc,3.2333503e-07
3058f075830bc41b5b31b9b97a225da0,0.827854
c767a8d2a4cbcdd0ecf4afd33306dbbb,0.089637205
6f590f20e36cd40e509faaff9af49e2b,0.9995573
4c84379c310ee2a3f8472ab4d543ab51,0.030996555
728a89500167300dc7af9cca5a29f46f,0.6230416
a879d78126836148962dee8f1fccc011,2.2501213e-08
a05368292295d49fd009f3cdf69f7781,0.34125918
6b374ff22feef6fa6735ffe336e69a1a,0.013377087
44d5131c62c6bf29ec0ec9dcba2beabb,0.44869518
ac0b649f5daf1faa3c6a3fe4fa8f3dea,0.011413252
8401e2fa1cb72e651a060676a29cdc2b,0.0011905101
ea4109b3655debecf23cfb5b07aebcac,0.00032996509
1763b0866f5ef8795a263394fdf698b3,0.0025703332
2fe780371cd4df376ff071c1ddebdfd5,0.028625166
9b272732ac4dc028e33eaab63a44600e,0.06974001
2dd9446a32e0c512aa1093cd2c68959f,0.047061257
5eba22aae8081db2b3308ccc9cf43c3b,0.032651983
1a7398085626c72ca1949e69dbab14eb,0.30855277
9a0f06eded09019d0f541e4836c481bf,0.011622337
a8b2ed1b4637bb04e4f36d00d3cd395d,0.020666575
04649e7593e65376584243169dd09c64,0.077455685
a585134195c05d682ef8a562b6ebe2da,0.10110642
30541d8e50e53ec7554ea8a0c551d629,0.12603398
39fcae7d80220b6fb11a936f59fd13dc,0.047240276
1c7fd4f29acf48dbe77f803fb8adf297,0.55073345
e176a4035f884e7e54f732a4b728e9fb,0.99858934
6b43640f9f0db353404fe910846017fb,0.012679933
2a9bff2be0f16e406d2620586b4ac975,0.25829616
ce839fbfcd6fed956847acaef0f4514b,0.009398956
ab6a89b693950cf049591552e62957b9,3.239865e-07
016258419ce3e81b3618b5a3f8759c94,0.016202625
6ab1966bf59d0d812dec4fb78c5e99a7,0.30874187
906034e98eb03a50e273b099844930ff,0.19834252
32ad1dd86bf365c0d3a4979bad0d8f97,0.3990577
2bfb4febc3350784378eae6c6017b917,0.03840875
311afe7253574d8266540ed8f72fbd81,0.00965627
d7844a30b8f5c40ad87ac3fbb3d1df32,0.17793153
6210d51bbae47f7d5cdd8ffa03df1699,5.317593e-05
6c393337803953e17451cd1dcd358079,0.122006014
3e9395864ff4f735a2f539c711582627,0.19733036
21a8964db2772a38820bdbd44167aeec,0.0013257184
7002344802afe28c610b491470affd2b,0.64555883
03f5a13ad41434885bb983edd3e29951,0.015046416
9c76b429d03a1726b417a248d3d7eacc,0.021227721
6ae8de11a3b68e853c633125dea3808d,0.025895368
6dd4ceac68019cfd8f2d46910eb48e49,0.3507964
e7584e356e58fbc565e2429f07b62bd1,0.22952068
90ee4028d3694b92db2cbb5ebca11657,0.011576266
063bf5186f5c073aadaa31b977e429eb,4.763296e-06
27c6cdface8ce43cd0fd420e1e4d2ba0,0.49577895
10212ac24dbc54f882d62d7b9a264cca,0.25421545
7b044ed4c6d430fef50d387fbb5b73df,0.007549399
d93220378879b639af5641ebf31a06cb,0.32723492
ca82a1dbffd78a25e02a6d99a763ddf5,0.036572386
79cb1811f32ca12b47e31cc577d284ac,0.0007900387
82c28127dacb8192067d52172d58e664,0.98441905
4e1413a37f4f3aa5a91fc50c8337b1dc,0.03745141
5b5fdcd379d4cf791f4df094124fc051,5.805693e-06
265c49361da401071d62ba7d1ada96b8,0.023884308
432b34032b45f232b7621ac88b1b4a86,0.4128843
c05d889113bce38225e7aff54f0baf38,4.4936968e-08
1bf3c83225b2bb2b3691c331977130d2,0.011960609
a5780d0b9879a3552278c8a4b739da3e,0.01267044
d1485c1c2b9ba0ec39f76e95998c4526,0.030188313
e2645a4a319baf872f3df920e0996143,0.5245942
8736e07b52b399714f226f2271639095,2.403453e-05
6b5d638afbebd56e95354238c5b62aac,0.07265426
f01d58c2537ff4d4a3fb7e8fa610fa6d,0.020892838
571cfedd159c5bb6da636b38ad3ffed6,0.19026722
bb58a573d554e3e74f7a97dfb596e602,0.94880855
d9da9815606e9c73a40b222019957b7c,0.6775187
b125aca758f44cfa140217c1cbb87046,0.0043847403
5b79252106560f95b53eb889551e8156,0.00082891574
38b465c5320a0945138bf8860c5e9be4,5.8371215e-06
2fbebb1a32d5fe717fdbf45704becaa2,4.3274948e-08
ead24e97d1e5f17a94eeffcadd44f980,0.030462855
77e5c24fe7a254c39055999ac75ad499,0.046936058
95475d500bb10ae73a5415486aaa8189,0.39445856
a4d84a2c007e52e0e695f68491df6c7b,0.19833463
5c081a5e51884929507d5b770a835d84,0.124631
e68f1762f6e4746bbb9b3ac10000fada,0.19733377
8f8742c63a8fa87e329e7921b0964018,0.9905264
8e46a2f15b135072fdf12ffaca44c58f,0.211814
2c8cbd864492bf4dfb6c216225325fa6,1.63357e-05
710c545f324d8fa5209c93d69970f9fa,0.0006620184
96934c9bb2c5e2b9d153417c0921f04b,0.0074472143
25bc4451c1809fa99f3e1d7f325d9cb4,0.00035938522
50af09b36024d3d4f6180af017012ed9,0.63570607
ef1a54cdc73b41548364a04e203e3f26,0.2060478
716fab5693961c34384cf3a88a9661a9,0.07008083
1f0d70c94d2958359869fe003e20d19d,5.8692467e-06
d60ea07084d750f7cbbab677eba57d1b,0.047345687
d387cd806debd58ca7bfeaa96aeb6af8,0.0007813466
9b49f8144542563faad58496a6c1be69,0.025166664
82138051a8d92e2010d0f82f15155c4a,0.046180665
ddc8c91cf6126faa34dbf43b1e8cede8,0.027618334
d76719f25129728367978747a4efe979,0.38693482
dee80f04134b5408033af04220d0b2f1,0.013539622
67967411f365ccdda874203c310ea2e0,0.002561657
8411c7d560ca554b8f6a657fa7756b7c,0.023084138
757ad2053f7eb87a9a4766bea6753df9,4.3623352e-08
19a5db6fe29e268b19b744738a82c6c0,0.3317817
4103d9a67c9dd408036e42f139ed21b4,0.005886831
4432a3ee26d25243535e3a53435b6948,0.039574258
2b019c3b262da6cfb431f751fc079149,0.03740266
57f9f6b9f153d6ab0c1f80e03fefca5f,0.71844846
04e26d164bc8692de7ca0eb4cc3c0ed5,0.13267764
ad2fe62ed5d24ff80a97e5d8a8633e55,3.2418928e-08
db8faf15965f946a6188bac153f9d832,2.1276227e-08
63bb9f3a8cf9170e33f113d11e013dc4,0.047635965
5df4f99742dc443c1106e15a12825229,0.0149320755
3070713e7371044ea8c975498d6456ed,0.07346973
7e9f4d745dcf9708e9f15173840227b2,8.693192e-09
879ba2056a2a872e5ea9401294ed60e6,0.028048065
4c65e45bb86c99589f70a0c8c4270dfc,0.007394916
35333c6b3fc462558f0ac17fbc4356e7,0.18866694
f090c4502ed0b2de08dc275a63250140,0.057035662
d7aa5342473f10ff226e045062321c45,0.36119893
2c723e6540916f636f1b4ed459089ebe,0.20375457
0c24c58c80b4eefaccec2306a70719c1,0.0008563531
3cec50b23498ae2a0e63efc3a1219633,0.2075634
b0e408cba84a4fa2cbc471432cbd1359,0.044868995
834d2e9d253e2389a62599c003949de1,0.22963305
4545ed68187030117f7dcd63883aa388,0.038310412
d2bb1fbfb7202b8431b477c7eafd6fca,2.5796458e-08
e348ff29306fa999a5d2c10f26fb0944,0.20752783
6a2d34d2453ff9e3549dbd3240dd4a3f,0.19833483
b311da9fc3515c5dd35403e8f587a557,0.57460773
aa69466285c626278453fd093bdafdd1,0.19013505
3061e158d8d9503083552dcdfe3ac479,0.0075418972
03b22eda8c0b977a3aa8071993c6a14e,0.33897644
721ae7e522b903fd01a222c0f9288e5d,0.66142625
44f7ab2a09991aa83576ef0ed6b8be46,0.018438179
aa76408a7e778b2a2ab2b316155e61ae,0.003828987
6e7464c9c833feff12027b0ca54f63e6,0.5476176
28b2613747ed449413e24e513c0111af,0.007628607
29521b5dc07aa361e8773cfccd50db1a,0.011456726
47c036654717347e4f40693b81ffe239,0.20054336
e090cb4bca2ce513a33bff5c9359108d,0.0023995242
45347cb547915476fd9b8af76bee3b3a,0.36522177
f3a0d4417ca2f52a294018a25401cd89,0.5679599
327c57163fc3384f8b3dadfe04119969,3.5258435e-07
d4656f91e4ac42363db5408ef512e00d,0.99962693
d0f3cd25f9ed37dda138c67722594b6c,0.42953506
cab9d2e8c0929766d7a22676a1001941,0.99704933
6ed5dcee169c4bcd5a2bc3bd87ab7a9c,0.99961483
11a6b8b5f238e0bbfa70f1abe2f9bd27,0.8564304
475ecaf89f78145a0a47dc0b1e4cc35b,0.200103
d2235fa64069f407a404117416fbe87b,0.19286095
0eed5145f778e485cc84dc26a3506cca,0.2166619
020011d3d84af1297cd53775122c7009,0.00075341813
e876d492eade5836e56de15b6786382b,0.9992092
4ce6b2d7a306781be5c570eef1944953,0.24200785
224b8bb42508de25bd73489dc6e8ac32,0.39589265
0ae6ce7448b950f6781b8ae53e93410b,0.1973499
f0bef7d933bade50a16db1d1ee33b513,0.024553483
efb428468d0a4388fbef4595fb15f270,0.048009567
a1df69d9b292c8e6173a3c5fc2372f48,0.0
a293264f7853ed7ad97793ae13504968,0.22790675
6fa66d9af42308591ea288c181122a0a,2.182552e-08
e1ce864f020a35ceccfd14d91f379c54,0.19734554
81ad75374a20e500507b59b961b3bde6,0.99457437
47036f7b5045618e444d39593b0f7171,0.19734095
6f34ef85ffc4c46c612e0fc88e1bf636,9.598546e-09
7083046bf5110a5f66451a356d41ddfc,0.028846066
ece7041adba83c4bdd88e0d4f74b213d,0.09240131
41b23fcc35d819e2fc069907c7656b2f,0.29794616
7a29111f8ff431ca709ad2045e4bde39,3.521131e-07
f5da4ca6f891d24d364cfa5bb742c8d9,0.002380864
2a34d484b11b5fd1c3d0502743acdb97,0.21956114
49ac417681365ab5d2d676dc77aed5e0,0.21584792
d1e3b2f0a31c685d94dee909cf12a1f6,0.29714578
f1f6b222d3442b0c62fc7ff057be176d,0.47171426
95814493f77b5dd7ba480dfb3e4617f7,0.28490144
eba183a1909e59b159e6b3e5738ea01f,0.9992062
e875863d0f72376bbec93d8420e3fa57,0.990962
a00b5d2eaf6e4533cf540aace9afa46d,0.04190906
0740a7b50cdd7c0c30bfe1a831497a55,0.19331136
fbc6baf1944a1ead25af64ac52bf33af,0.99973154
4b1ef626e048d7c80ccfa211221ba855,0.9996565
ebb669970d5f0969398ff553cf7fff79,0.008154976
795ccbeff3e10defc7010b4e4a12910d,0.00392758
517d5ec7d4d5a7ac2935c1710a600089,0.040505834
4ee12e4caced9fbc32bb4ad3bc27d70d,0.29132152
13d620785b4bd14071ffe78f58cd0dcb,0.0045329374
d8282f4479ef6996e4c52ae21353e829,2.1972399e-08
aad6af8536059cb19bc23133bdd9d3c0,0.0004034207
50f293477a12efa2596b07d296effb3f,0.62745535
5c9ba43481ff48d1b83837bf97303f94,0.012672055
474fc8c6b64660734e1a907ae1db523f,0.38453633
9add588dd95e93d4d2088293fd0cce1b,0.42075044
bc9a358ccb2899cd97b2ca6960be923f,0.17293265
5d96e7f0145ae2b6512fb1c20b43e8ac,0.19734678
1c8249d83f71d84a4818077e72854308,0.25785586
3e08f8532371007229e2ad22829bf279,0.9994942
2d890f462d79996ee7aaa84ab77493e8,0.05250775
054896e670bdc65a55e01d69121c6fef,0.9997433
cd9061b3266296b21118c0ae6b5db1df,0.071301855
48f0951610dbd53e9760ab8c714acd48,0.03938829
4209b47c8de431ed2725022816232335,0.0012186372
32baf9f53e215f39f9fb42bef20e265f,0.9996834
fe355fa533aa8dd07eb0fe665f4511a7,0.3863431
15217dc2ecde9464433c2966c43646c9,0.043605313
745ee0227a836bba0310a623704ee345,0.9324724
743b63c82f79650536d88ab12a090578,0.26608616
5caa1cddbc5232a285a891518e46e538,0.41540948
59602e4dbae090d706133c4257e3e926,0.47219366
153e8958d133b63c5189e277a9ef94d3,3.0120977e-05
6d71bd6c128d80fcf510842ecd885baa,2.25623e-08
8a2360ff2ef5f2d76a2b1929ce2d17a7,0.0023936424
d2d2e3a3cdeb6e38d725fdaf1c945990,0.030312847
eadca6c82b46b418914c66b4bba388e5,0.011360329
51ab6592e26ec2c028556c0c49143944,0.198299
9d61fac0460460e0ded58fc15af2ec24,1.5067424e-05
496dd1dc3b117e86d49765e8113f5eb0,0.013078699
3068c160fc5d2e37aa53ba18acc80c86,0.046458732
51d35dfe169c36d3d1086786e4b1418d,0.5844032
49e78c865404becf54533269f8d29ca5,0.026241735
a3474c36b293c83f35fc018308037220,0.040014483
114429bd503e14dc2bb4091d1f9c16ee,0.0024189027
74e9fcd04dc256bceabf92c8c67d6ac6,0.0008533521
e56d596ce7a75690d64bd776d9201aee,0.9998263
3e56db798ced853500866c0433fa0c20,0.19735305
3734dd69a05429e7d0e020c62649b714,0.012685262
3d1fa9c6dd3eb7ae55146b0d4623eadd,0.04597445
bad6ce7c52f20a00c53067780f27d7e8,0.16903809
5cccd83c65562daa4bc2ee15e7dccf0a,0.066226035
7528f2a0af07a1b7f6be8bdacbbe5461,0.91373837
a736da106cd4269197a6d79b21c265ac,0.2139217
27f522e3a7b07e8cf1e0d8fd1d8cc945,0.86281997
b1594b7d80624a17a30e4d56446caf8e,0.006300267
bb4cb9fceee9c89cbe318dde1dbc5f02,0.4595955
fa858d8dd7afe709711676d26b6a3bcd,0.007347648
113dc5da9ed9062a428c73999a9aa5d5,0.69765
45a64855031c63e42bf9debe163254ba,0.011539586
9ea1273ebb2df56e81e05d4545e642d1,0.04313763
378bf40c099242169db96669b6b19536,0.034703583
7062bcceff2981c81ae51bbdc72e3bb9,0.032854635
885583187410c0951a9e604bab7bce9e,0.2795793
cb49b24b001241247ba0c77b7695395e,9.610315e-05
0260f6322c7dc85421c10890530d8f86,0.50536364
7758eecb580f199987af3fb0875820ea,0.039417453
2ec17c03b02f6f505d83d66555dc0b9f,0.007333938
ac12fd7f1ddf949523cc64bee1b0047c,0.51606405
fe842cb6e508d8221960d27d2180877e,0.9996769
183b9fb38cab1152a8a33dea718a682a,0.043688342
06d025042722918eed3af1d9788b0030,0.02304326
0a7a5fc3b59fb03b6abdd8cee50d1cd9,0.035381258
fcc81c657e00f8383db0474d4924b522,0.9996673
fa486de229076cb65d42875374af3034,0.11368467
794beaba665c079a4a9ea54155cd57c0,0.36613753
5fd9809696e4839c7662b5e68da1809d,0.29119578
c62344bfa607e2cc055adc997dac0a3c,0.075559296
8238f65e09c32f1734a613d369b441df,0.19734356
6a4eea81a3fa3c6dbaa234c146a0f712,0.042995162
4596820def07b782c22948a90f8ee8de,0.5494269
34873e805310905e4b379799ecf8b5b4,0.064925164
06a3f5144bb1a5bdd04f385f69de12bd,0.9995578
d27b1238b4294f8585a3007d552dce63,0.70336497
36d6218fcc5ccc6b269498b815731faf,0.9831664
ef6a53fb1722e37188eb3dac58afcdc2,0.049248766
f79d0fb8376680a2053ebd400190c319,0.20746502
c492caf6883aed12bb30ae7e4bfaaf44,5.2964385e-08
4cc11e643a727b5b2cafd970444c20e0,0.17342862
5a6abbb57a90a3ce81f0020864a39e08,3.2335484e-07
20e8e451404f8fa28e8d0ac4f0e4b718,0.022768687
1a8a7ecf7804828f4697154d29ef26e9,0.012676202
ac7a94b67e9b50d4d0026b713258ca2c,2.2151234e-08
31abb9d372551cc0b889717dae803c8e,0.19735399
2693996ad62dfcda8f69591f922e75f6,0.24925156
9ade08726ae87409bb03eda6d2791c73,0.0408675
d481321b1693a178171102721be136a3,0.03704074
959f340179bf0c7d21a32c185d0e18a9,0.23252788
bd7045b4bcef35a03a453b65d2f11b03,0.03978148
7833243f329217625fc03d69f6b8c667,0.01096428
e375012c695d1fd33b4bd1f74b81520a,0.98600084
fb13f020abb69d087ea5951836f7ce62,5.2315954e-08
27b5d438f2a2ca80ed5984694975be08,0.71631247
edbfd5ebabdce6ad311e359fe293ef32,0.2154859
90caef78100b52a131da86604499bab9,0.007725498
c36108cc118d132837b117acd242e49e,0.06444459
1607cdacc50138058a5476b0b78d7d01,0.20754746
2d0f902f144bcb90870c86fd81c49b53,3.789683e-07
0e3ee78242133bde720694b53e7eeec1,0.03162232
0c7128862f0fd6b855a60d72cdc16821,0.34988135
8b8884ef268d7170c8f30d5294f1b69c,0.1973398
ddd74984eda3d2d4699973f520d7fc37,0.1973521
5b6dc38542d5fc676d64fc48500c0299,0.007378389
dc492f79efa6a10bee803c8a739e2e97,0.0064944318
82dbd80b2b6448046b28ccd74d42a032,0.19733633
e4c6f58dd23f7d8de42328c0d7efc696,0.029874569
95cc0c8326b35d68902deaede15c238e,0.18723124
296319ebd44f468033c21549ed4e4acf,0.16474965
84c23d26753d0e37805940f21dd41835,0.13196072
b86e2b8bf14dcd7a1dcb3d1a5e81f3bd,0.013054432
24484bd7ed8ebd4eed0ae0ffd753df20,0.041378766
5efa0bf4460372f668733a6d7b18b3cf,0.016732933
1747fa6af42181b81f9196b3c024bf82,0.22955307
eec40b41b88b9ffeec097dff5aafa688,2.2084409e-08
eb2f52c0437ed4bfabc558a833ae79bd,0.20052488
9d0a9756bbedc4b849c1956190dffbf4,0.37097567
c1e2ed8a9d93986fa4ea103b045f030f,0.26553524
c29747c30eaa06d41cd3e9204357f855,0.012680423
6092560138e9d271422db30950dd72f6,0.20746776
543c55f8a8f3191f24ac7be7a867395a,3.6783604e-07
32637aba6459b4b571d2b2bb1f0631de,0.025368702
ce18f478b53286e56bca8dd4a7dd7056,1.40504635e-05
647a99dfc3251d008c5bcf287074eb5a,0.22856435
176661147116d49754984cd7ffdcb4ea,0.0075510726
8fd50b0f7e8405be0d70222162f20fbb,0.03279223
6d1c51592e7511a4aa6b751fcd27e39e,0.043253206
e043bdc47a10994382a60734ef372cee,0.052642364
ec5ea6fbd2832c205ec73e49f3afeb33,0.19081686
d4a7ae01d27dde5eb40b18e0f372d4eb,0.046231247
ead38e34636b15ccbc4dfee64e6ce092,0.9584505
d346cdd5c602d957d826ce2335eea32e,0.24076824
bccfc4b73cee722ec2b29fc50d642526,0.049958985
7bee231fb6accbb9b8095f16f7240c5f,0.19829282
c2839b57a2124b90311429a9b169f8e1,0.19733045
74fc0269db94189d1bd7ee7a75f7ab8f,0.9982802
ff5f01e109f4666e4d840ac018d8bc7e,0.0024211209
bb19e5e8bce3eef093aa40ce6ca6e269,0.037586
1a2eaeb7e14528956aab7c15297e3a82,0.03065299
731fe3c20183b64698a35f96b88676c4,0.6542722
ad98e263d0925739808e3bddc3e3db91,2.2363363e-08
e38295fcbc84ac7a85549ec44463a749,0.53926593
9d20184ed71e52e5399b5fe65a4ed0e6,0.007370916
a252a54df8b15f6ddc3cb3da9dde5d46,0.0025194578
8f00b6d25d458da9bba58f3dfa33159b,0.007512053
a325abcedc219c1fb0b3a10330e21052,0.3061915
a93fb2ac712326d6b89e680d258fe2eb,0.0018562237
f4ce7719a523dbd965909096fb217baf,0.00029566794
648bdab1dd49e481f86d077af77eee20,4.8460503e-08
e1c1aa9187f4c718681a3ad385cea322,0.22963452
6668a92d0f7d2582ae0c038a855ddbe4,0.19734026
411ddfc60a6b40763728718418717c00,0.1983303
92663cf1d30affe005b05bdd41ab3abb,0.0126818465
8a45b752e97830df35575026e7ddfa0a,0.2600252
a79080cd4b4c6c1991a7bffe2e51faff,0.0023826144
3b601352835c2766b0a85f819db38abb,0.75998044
2adea085203fa2e8295b96ddff83e547,0.08633278
7a56a13f020a920a36b26e635b3b26c3,0.0
4ce9512a27a53fc669edae4a6d51d2a9,0.5741844
be52edc2e555f7d0f1b5602082f71d4f,0.00241778
3b081bd42b4086da3dee469a860a9dd0,0.19833377
4178e9b0d5d721c6fe41e75bc5d8604f,0.16329846
c61d23cdfcb1361604e5cf7a8917fa2f,0.23073284
960f6b4ebc165ee09833bf0af0b011f9,2.706569e-08
6b1de1765401f3d68806ccfa01c17df9,0.9707893
fbe5ee1e683c0114476f01073ebda5d0,0.19558617
53c39da7fe14d73daff417a6984a48a4,0.19734553
cfdf2a89d87c87f8258ba2f5d124c708,0.24935476
6f9163a64ce7897748d7d733bd999399,0.023032764
896f463efe0c35af32042b2741b38ee6,2.4461624e-08
bbdf5014cee874120cc673d347a733ad,0.9802467
386a49b004e92bb520d7098351092f7b,0.16662124
e70c763d820261d7ffa0691d8a1dec06,0.005439279
190f09a068fbc8535fd1a697fb6ff812,0.19918865
c386b4cd328bc58b1390afaa26bda12d,0.20746283
092f2587cf6ef6aac724da86932f1388,0.19080737
2d5412532d9bb44dec2f480582d83da3,0.4912699
1f4df2c9f6d1670550f2ab6156ba214e,0.018332617
5e7ffeab3fcb8be9293bc23dd5230457,0.19734097
840269f61c39cac6af9c5f3232957bbc,0.022051167
e386174fe707261e26e4d787351b5deb,1.976495e-07
feb7adc72a7fe7ee5013f794091ef95e,0.9834776
07d3051b9d461f337746879e031ea8ed,0.027013097
d9a4ed20d244692780db91f9c328c911,4.670269e-08
561c52eb077c80272212891c41abc570,0.034805454
43022896434cecd2ca90f34afdc107a3,0.49161038
83720214f9861e9839c129b6bc60c99e,0.036168832
a0e9ca340efe1ac2d8d353993ab2a213,0.21105964
bf124ce901920968bc7b69998b02180a,0.58752334
8cf00edad1cbc6c7d3504e7a98279b4a,3.4403577e-08
f63529e7e0c818745d548a11fcb65d7c,2.4124489e-08
ab8d17d71cdd20038fbae13fbf74e863,0.036083244
a93c59006ade1155e099a6e15fe73577,0.11326875
72f96cfde8a3c2abd3f38d8da2cfe889,0.9995982
d90ae84fd78197aeb1d58b1f7a7ac176,0.13148533
1e976f0885195d1d4822a6f5adf0f74f,0.0077753263
8d2955cd92def0fc9281763c04bde637,0.2031641
91926e1798de2cbec21fd026eebe78aa,0.19140364
b5eca8a5f9790515401c077b2ae57e2c,0.0734632
461f36c13266fee7a3223c6182895ee8,0.04370313
26d3bd11e35aaa8b97d7532147b3845b,0.7979153
ff13fcae6243d9a07d64245363b71e58,0.44871005
0cba41ec7a758602694b0e00d26a58e1,0.6950145
4776f0b655fd8aa97c1c6a7ab6dfad29,3.7172036e-08
e1767da62774f68ca9a07a67e7229af6,0.3711902
8fc72a2f7e18cb6a80bfa8067f255bdd,0.00013774961
58c16906c2272add8991edfd49e58a75,0.213027
1934cb04e1bb69bee07e00152f616871,0.6495827
e00f1e8fa1101577103feb582aee27d7,0.038747244
8e0095e448744e70a39a86702b911b24,0.0006957458
f5c31679ff0e09c58521841e33af87c4,0.0020285712
c4c9f6618d1ea33a664aee41a91f8977,0.24919894
794ccfdffcbe92a2de9f3e7ebd8336f0,0.032116845
5b9bc68e28ecd567a6d685f8d33e16a8,0.032730192
2b0fcd61e4cdd05f7b6fb88255b601c9,0.011604027
a6e292feffd03747a6373c7f8ccd5c0f,0.19733061
b567278daeb89f82703a466779b79e1f,0.0073187836
4198afe880eb5a9830e2249fce5a942c,1.4675542e-12
67251f0edaf700d4812b8a03226e8c12,0.2074528
be3412dc7c09f927f1eef9e641c27efd,3.2195268e-07
49d4bc03fee029e2e41d91acbbbaab96,0.19833596
1443835053ac24a69211e242de9301ea,0.03071462
1bb4b79fd54fb4c4bc9f7412b13e08e0,0.012039594
a92649b953d5ec209e76f46f2cd1346d,0.5795906
71213913cdafb486f1e1574acb3138fa,0.03689467
cd028927b27b724665e5b3e252afaa19,0.18193659
dc5fc964c28788e3ea3ccfc7a62b5df5,2.343751e-08
b917c7832c3a4a52a649b3df6d22ed70,0.04162138
7b923d9627d5545c6191016f400fe2f3,0.45695192
ac447a4a2ddf11e731abc5d34ead96ff,0.1973363
cca9ea32b29617ccbcc89c5fb1e6f62f,0.3540094
d4e638a678cdd0ac9d9f7ff3c2f69242,0.024020504
3800c2c18615ed54f1a1cf729540a698,0.040450722
e3f8b0aa968011c5452c8bf16b68443b,0.054540962
0e7faac74f56080211f9d3f8271eb486,2.5577023e-05
e21a0885c2c0e51a0169d5cc3eca33d7,0.04847915
4d419689e81272ee474d9e343b73bea0,3.9750475e-08
5aa9384054baf008b3e9c7b6e460151a,0.030089024
8de926e0a11804903bfb519eaa8752be,0.29900002
6189149a0a28a9a12be145a9a6b38185,0.0040488234
72087f30c11301c8efeb76f6a132c443,0.19734447
e0b18ce80ea1c30d366fc0747fce523e,0.321545
8bcf63013179d7e5936a232277781e38,0.01267008
9496ca1ac5c4ce52384d3bb9579f7d83,0.038054254
7c8e3aa06ec7c901014228b1eeb45d2c,0.838688
fb40a8911736d83b7d6029676f921730,0.0074573867
fdabc5352961fddba7a1d114dbcd872b,0.25054604
9389ca53f35340b99c8bc499bf4d84a0,0.1538308
c9ebe613ccf055e0edcf2f294f39db21,0.0974404
44c4e455a64491236027b4499d93da12,0.6823847
b41964d7f2762f4f131b777b07f0f145,0.000434454
1fc9414612683fa9b525a75355706490,0.5068328
e7f88df8da096133dbeafbdb54d2670e,0.19734573
d0c561f18caa23196e6e87a4223a9976,0.029621396
7aeac2dbf8269aca7c859edcc0668363,0.04360792
e63dc4ae4a4e7ef87e0d87e5a8932552,0.0002957555
6f97229bbdbeff1a8da68bb9ae572e2d,0.027327592
ecc973cf6a6cd2c803255c9f120d5aaa,0.29097253
095a80d2b654f39ff08b0a41050a3721,0.27741274
f000dff63e65e9fc52751c5951b14f69,1.5806643e-05
ad8f010fa2bf86774f68904a9df5070c,0.0073722154
56a0b14417ae648419984f89e4cd7c99,0.08689595
7d3de60cea4175044f3193b862158ea6,0.02583189
4b684c9bc44688d47c29f8868710daf5,0.1849124
0ccf38379def42cec45ed29edda80fb2,0.19360676
6a082bbc9260a326b68b9dc830303ef0,0.6499219
b86479ed25041795826c9cf6129b9922,0.20687938
969bb61b272ff56221740d352cdabb20,0.18835986
07acfd0c521ee279c06d646f05d81d7c,1.35709e-12
061b6ac12156803f25918f6f73aeaa2d,0.26426992
3eb054de94158df86215234ab8068578,0.1973442
7124f2565e55b714e258756f502acc29,0.08618953
f304b45a6813aaeae8fffaacb76a6397,0.086933814
1c1adf04bb1dd621edf1c116db58a366,2.761237e-07
6463b343a053b62a4048162831b805d9,0.00039581573
5d7380f22330b5cec4757ae2085d16d7,0.19832309
fbcf71713d829c769c416e28ff14152a,0.01267609
e824c8c3017422db67b5d51287c99e1d,0.5011391
8c25dae20daa75890c1cb18e11526d2f,0.45364517
d33ad5caa23fc70cb0bfdd7382157552,3.098072e-08
759da9cb273ba9a7cf2f9cd82cf06074,0.07613774
9027ea16ee11746a9ecce6ff91b2c291,0.0454433
f747215a6f75410245688b957e479f3c,0.03739971
8ed007ca0135249fe84c9b521898fbd5,0.07284777
1548750b9f00131ef1c7958203a757e5,0.72093886
54907df508790354d133e051bacc4716,0.987113
375b19af307abdfe2cf86d3457b946c2,0.03057037
e1aed64d2b771fe7634672ee8845d20f,0.045326382
fad87e37c31cc4d5a714257883b19aee,0.00036493654
21f06dca188780cd4b614da1ac00e2de,0.46589556
775fe2e5b3dc4821d6adc8f259b5eabf,2.306678e-08
344e517a2232284db7a3904e23880c9d,0.00035077904
191e772c8e52740ac58b2e97f3f2023f,0.00015846567
0a3545c7fb0683645c5a279931e06107,0.050915908
74f4563b4d8febf2ceb05ecf462fe71b,0.26482016
7ea3280ac0e2c414a6b812b47b2fdf47,0.09825514
7e5b8f8e1c02151c09975358765ff3f6,0.9838036
8e6a0107e3145a48b00530756f4efb02,0.0003770311
2ff616c4675e58112443937a3097ba47,0.012682363
7fb9fd05b65b47c4531619bf5e06f5dd,0.97974575
04c642d37835ee4ed87f44fe3d614dcf,0.19734636
db08ad6224e78bdbfecbcee821277a69,2.8408204e-08
e9d942d853037f1de7bb72d89937779f,0.841047
6e2baae7d1e245e34e6e807f972f0906,3.241062e-08
e813f76c94692c80965f2d9e4c283796,0.00082179473
ddb3f685a6f192eab80f5948ac73e2dd,0.03567668
f3747031967d1ce350b6fafa7f693d99,0.011668496
682c4e94eca2df7481e350ddb425d0a6,0.007560952
464f96b3c687ce7303191ed7b95ab503,0.5502936
f824fe648f77dfeae780d3adf8f9cb44,0.031103248
cc8629dd999426a388155543a978eac3,0.04897112
f9493eb74ad7961ec2350c66cabfbfe2,0.72891706
7b9dd741a96264f12378a8bed8848aa6,0.19734146
cf58bf92090a08852683d6759098d329,0.7204093
d79b50a1e3c952095af06046a8753831,0.07075043
ea09d9eddecd3cd29b3642850991d5cf,0.034072913
245bd483f116b3f4de34acaa93e3e474,0.61750495
82f4156d0b5c64fd0059a994af829d0e,0.97452676
d2ac91535df8c44d11b89a181ee6721d,2.5919864e-08
b1cd76faed1f77eade21c0204ec7a22e,0.02812322
c1917a449106866e68ff4efcd291984e,0.06643264
7fc3a7d7de016bbfdd83cb3a5fc20052,0.99961776
71a328f4ab9f544daa8e88eb0d3a23cb,0.007519669
ac0f49a715ebc7eb6e51fb986425136e,0.19677947
d96db6d0ea80abc0838f5573c69bc94e,0.23157816
f5844ea7bb02c6898faf9fab1d112fd4,0.025367921
b37c8ab692c1bab6641e146af2222107,0.29647568
555962b1d5cfb3590dd3705670cb5818,0.9855318
29bcb5e02a01f39966830197c612f398,0.1983323
a2d25157d516a81eead29b0e0b7b0b32,0.9983716
7774ba452c565da6b1c0896e7ffa4fae,0.041354682
eb31c52edb61c7616e16a36c220c710a,1.3409111e-12
17851f32519b643a8ed5ee59b9257737,0.16329879
7fe747b3c73a74ae2d6936184c69197c,0.99965537
eb91b0042bff0b0385e0ef1d9ce2c062,0.6048528
76bdcc105cf8fa3d155d3a11d0ee1d5d,0.2556948
cc9bc6c9f7181fb8d8d0ee6325edfc07,0.1983335
b362b5677dadce3d15dd4a727a564400,0.24335375
c0c5e61c31680c030d612bdb6489b502,2.5906422e-05
f1b0769e5267c2bb65695bd3d8d57c5a,0.009374559
35adc086940516754ab31755a5109436,0.0075011277
2f6ca67aae40db268b773c1eb67807d0,5.7568677e-06
ae25103a3e085af44ecf4a7845538972,0.012676282
7da99871da6c3b056c5afa71d0f64a17,4.59551e-08
1e1b395d334917758e0cb5b46d8eaad9,0.48354155
a9296af40e2b6c379587350610af1e29,0.157716
5dbdf62aee5b6a1b20c3f358d9e909ad,0.042631578
bac74b97f9441579aa6cb771d8996ae2,0.011676153
7eb846c3ca64b2d4c4955eb02977bd1d,0.4276877
c90bb56aa0a9972555bbd21f99710c17,0.041195154
e9588df5e7d4cea7dcf6dbcd4ac80667,0.03756621
54f6c3142c01a209e89d1e6c1f91e5ff,0.21490076
f34efe1aa54b58ff1314fab893ee7a91,0.19966134
54a1bb445f78c21c7e3d0f85e2b9b18f,2.6288447e-08
142efa80e72abfb238bc5b724454ba98,0.23184542
99a2f71804247507153d875a7622109f,0.52398443
90a2d295d4e5950379bba11c562c6d70,0.41416845
49f36dae72ac0605e3e266e5d80541a7,0.008463093
d42f5e1b26029edf280c83268c6ddb4c,0.012252632
c87073255fa1c35c5c6388deb027d35b,0.028792638
7678bc8454b063bbb858ce5a7d38c7af,0.0003244548
f1b17af761317be76142142ed4c5901f,0.015749056
f0ecfa53c2516b36d3688e4d9b726c0d,3.8437753e-07
97d35dabfe1392e30d4ac75ac9795f6a,0.95638067
d2ed3784e1c8235c0e90d680a194f535,0.2901875
6204385b47113549219e89130861743e,0.00503506
842f06b642563c6781e3604aeee29229,5.850569e-06
74e2aadca5588d01763f1f83e7373b33,0.38034123
0a379dd2994e768ab93eaddd4e97b371,0.009548867
75c4451191ef05c61bed96aa789ebdae,0.031846993
d502b6435f8fd16ea71a16baa197dc6e,0.06248151
875caeb3c33725f10bd7de115c966910,0.43272114
465ca8492715f6163e37c0c15d881f1c,2.5028723e-05
6344bde662348fecbfcf5279e6bc3e46,0.08914449
8de0b458072d161c63e3d1fcacf2226b,0.9503206
59049074ab7703a75881d49585279470,2.4258862e-08
c3c990a89a03dbc8b001b781eb5c5df4,0.00085493195
6dde6f9e78af624427e36fe3661e369e,0.050106734
1ef2b4973978da31d7faf5bb6eafff2c,0.011336892
23b93e23f7163e2edd1e3adf8e110688,0.011581126
5d65c8d5e608f609b9a98aa2e15bfe15,0.002385701
200e51f0c39328edc6dd1dc1dc4b109d,0.12777838
1bc489fe066d9fea9c65546b6886f5fe,0.84386045
6249dda38e476945dc0b5694ce956c40,0.3286112
4e2aac6b90c3a154b2f1c8feee4ce8fe,0.4196084
cda3ce5f208396eccc5ae98467354701,0.9831419
0ac78ced056138a02b17f0fae8eb4d48,3.702268e-06
db8b0c2fa1ce7b2452625d2d675aff2e,0.25483787
19acfc4c6d9b4160673af0f7d923b93c,0.2786447
2ea556def72c528c071e52f3ee0285d2,0.69896543
0299fc08f249da6c36b4efdd78cc53cb,0.0143085895
59bd91ce402fe050fdf3b83f812d0f1f,0.028085317
fb6eaae9caab82cbf1c7246bd6f80652,0.20429559
ddc2daebbe52ce138fd9f15bf8594a79,0.039214455
d637710fd378d7a45c482deb2fd905b1,0.25462523
c12510ed63e1249f4d84a621fba7639a,0.9877926
84eadf872cf0db731f7c59d7824fb245,0.1983231
9cdc9db36fdcec4140e4d8f2e4a183e1,0.0024298443
561ee5babcf645732ba517bf4d84b681,0.034843516
533fa33187f70984a58d201df01c7bc9,0.9003701
8d9f250624346c748f5486629c308018,0.09239693
02eec97164b880908acdc712e17382af,0.011667628
4c644faf227cbe7a49ae8a70f62f923e,0.027941126
f653d44ff3e7e47f43687102ff98fda5,0.044028882
c512fb6b72c8819b2072312681ee2519,0.00073687884
1116d7d5fe1ef4d3ed6e627aecfbdd5e,0.00032448902
2b6d7e5794a5c1711c55009eeec39ac8,0.007834208
df001bd63e901b82c7f09451c5f8e665,0.007284642
0b3207402dbc0b706e0ac92d8775a22f,0.19833657
1fb1ef30ec0879d89263bab2c30fff9f,0.30343834
9011fa4d4a96ffc3fc235c8f6377b4d6,0.20096624
c6363a82a6ae4125e9d15e682fda3278,0.012093472
cc9dfea74935d2d5b528eb3f18af9b3e,0.8734962
be8bf7a39ff92f4ab7930be803d43fdd,0.4515441
049f174636614f63c0b36aae93a57fb1,0.40713352
9e75341c4722df5a23d92e59f9173918,6.105202e-05
3d8d69d5c6d0e1c8936cdc4a93b38d96,0.055019874
630a28a8e44fa0730355ca3ab1a10f6f,0.0023843513
170ba6a8f7de67545dd666daa3a912bf,0.035946943
726606ebe36fc994abe5d7cb8d7457cc,0.011508275
b7e14a8e1369bfb67ecea1123e5324bd,0.009354969
be34ab5c9bbb9f9251b46646c409bd8d,0.044857077
51f7a6c335cffd51cec28f29de21f43f,0.045600638
d8c70bb5215d8e18686b58cfe8f93e6c,1.9713245e-07
b569d6ee7c7419d32a96e76625d43031,0.08133831
38a8808a15b4d2e7eb0f992f6de203c5,0.2327743
64b50a86ec4412b9028feb2556f89252,0.12221752
9c41f7dd2cd09d892ff0e605218188be,0.3006187
acac63795d157032c9775a3de2bbf3c7,0.25097117
3c9be185073826adf226740139237f70,5.9426373e-08
3e753534a8749507768d17c4a90580bb,0.19833472
03935bdb03313ed6109b453caf980665,0.12671879
78b59c4e27f4089b6c3ab58d72b4dc19,0.001429627
70e89ea720461dd81657607f9f2b91b6,0.03738358
64ee7e14a4af5720283043e4b12de200,5.825462e-06
903d750469237576c51b02009ed6cd70,0.98405105
887ffc0efc580fdbf1df68e36155f698,0.029835224
7c00d5befa92f8545fd23427e80b2970,4.23281e-08
a21dbfe3a1702dfe10136aca5506fc1a,0.19734809
d9e5c5555777c11f43c0d1a6a4d587a3,0.18102542
a8a098f383c83b54b745eaae528886f7,0.9583912
565e95b35b450093bcfb1908f8d88511,0.26978356
6369b38427a57658a7a505c2ec3c7376,0.005113768
e71313c52ba02ece3d5a59978960d295,0.27798352
ce4f378c840c3558c743ac270f2b27d2,0.0003671266
3dd83a964b2ea8da2ab59debb645c457,0.9997262
86e8c9554ca734485b9c2604de1932d9,0.37105933
5a1480ffafcbee29720d7688a7ce497e,0.015725728
f1013c4835ec491161028619a3d3ecdd,0.038941246
45691818b3052eb67a12ee47e08b653e,0.00070439855
86c1438155715dd84e357d1e1d36abd9,0.19555208
96fd89bfbd6f690f12c477bbe790b618,0.0270188
0779fc6604264d5b1eaac353a5d12ae4,0.6694077
964994f45e1e2f8074e13dc74198f28c,3.2276787e-07
ce3ac77061950c75eb2fdd22f7231cd8,0.81657636
58b0bd6b53d3223de50d4d9e6220ad4e,0.015530413
534919f1e7656dac055487d3f5c8555a,0.0023901635
ceec945ef9e2a557da847aadac71da34,5.763028e-08
ec3cfa62e37cd41b43fd562118feed95,0.8546532
e17ab0242d15a3da0cbfa9a6b1e4a473,0.0007764721
3ef598199de34c3a002193a6432e4a22,0.03887105
abafe4a6b5dba29c72c81d13a568bc30,0.20754978
05899df476f1677750b751dff24c725e,0.6314763
81db08af2e45902dd126c2bb0b2742ec,0.97265947
360f7f16f9171bba3847a2d423137d58,0.030713748
bf649b31aceca048fcd71e2db82dd0e0,0.36233473
835fcaebd5e0e7797ff46c180f9c69f0,3.881492e-08
8db4fa2435914999750f6d974c9d2a39,0.1983343
3e5e4a69989a9f5fd2ea632eab2528e7,0.19733821
b4e1a6ca2ee9daf99352e884a695d815,5.469983e-06
d06796e4ec60166cc63d615373e72f98,0.9840207
521681cef0b4ccea10ac8545425e8913,0.0005017661
370ac30ed720d19e3d3ceec43d49c2e3,0.197341
e73c26cfa5ddfad7ecb53412b9050b24,0.08662306
b99f723ee0d33c149d7a77452ac694da,0.9991911
3462044a90e354d9e153f9966b307d1b,0.5332651
5a58e1f64366b70f0a6a921ab21b547f,0.54335916
417488440dadbc0e4bcaa08b3551e364,0.024128992
39bc9c6b6e06d0adaa1df9dc099acb28,0.37652183
95e394f71d14be2953aac0728716c52d,0.44822925
f742330cd50313de3461fb7447a2aa1f,0.016106397
17dd14571e502a6d4688b1a591b9330c,0.3948148
8a1cd038362d1e1d38de133590980ccb,0.31937498
b7b32edc1061cee586c02c7bbd1aabac,0.40660095
2c001ab9ad67e0c7b2742060d2deea01,0.14771813
e31463ec8d305ccc8e713b6f0ab9b026,0.990506
9652abc03bf847e4e54e9fc19093e62b,0.35290518
610456116bf1f72e4341d2afc288a144,0.30528307
29831e04bb72fdd28891d1f877fdc385,0.19833544
2ece2f4b2457c9862c484aaf6918df6f,0.0025673392
2c0513b0ceaa0fd55a3b4a7b9648e241,0.0051342854
edb3abb47de87bd38f709dd307d1abe5,0.25142413
916e6aeed1be824a65ff1bbb15f71478,0.40728083
8f629c1f81828af0e300c0306f755382,0.19733836
a13c9ddeb6c1c27e8f0dcbe70497ed18,0.42444855
10d953c2e9060a008fde35e7d75cdc35,1.3829409e-12
77423fd026658a176bfe6553ba8676c7,0.046946608
cf663cb1099de296ed87f73b29e1f199,0.37787613
a0b6551c2c28f8214e895f874b70dcd4,0.1973415
6d3bcad7abd3521b7dd1196b4f800059,3.102891e-08
3d75838d6030cea4d2869f3333cc5da1,0.9912187
5c3767ddfc94a7c906ada95ccf6b6327,2.4760524e-08
4bde871b68ad76e20e632ba5c6b7476a,0.009019623
a35ba7517a220bb26ed10d6930f584e0,0.29659727
0fd60016e1876457e15e922f6a6f18f3,0.0030489617
a2a97507e18aff10165fe36fb0737156,4.1303814e-05
e53d71a8a936a3928025e33971d9d6b9,0.6347774
4a5923b50196800890796ec222d3dda6,0.011678049
a3ab0a83e509188bb693bb1d1010e23d,0.19832292
19be7a7b39b3dc5a7c3ebfdd9fb5dd39,0.042201824
c7204e494f91b6b3e5aa6ce586022778,0.005129728
abd610fff8ee8ca62506112377331d44,0.011577489
1a36914d281c456d6f1f08748d35b072,0.24068832
d2d6499fae50fcc1a8cdd9463cf3c6aa,0.011959267
94daa5103733835afccf29472ef2f27f,0.3201975
bf3a4bb4e42c26f585159f7aa103bc73,0.012676096
a22bff7dcf4e74be563a2eaddd469099,0.22847843
5743e5e7b00dac6293dfd21c2a988aa3,0.197349
9510764729ad75078ff3ecf14b8a1b0b,0.19507098
8b2a8522a99555ce26b99964413bb9f2,4.128889e-05
085fd22e2898ebf8de13f169d92398c4,0.06757165
612c46947dcaa385db3b4f9ee594e081,0.11208685
f4710887f83007b124c72e0b159b77b1,0.49146637
6a23273495ea00144b6737d4dbff63c1,0.020530812
de94f72d114e9ffefbebd1bbdafa7c56,0.4248785
6c00836f2ea2be6ebeb4021cc65e510f,0.012067394
ae4767fe627632dd0e1a109821dda3d0,0.37016577
c5d4eef97ff5aa7d7322cc4c9890a036,0.5561558
18c8f4a30a96907cae4add66c7edd74d,0.42499322
6962c12d1e5919c30eb4b71b004d17bf,0.027535046
19e43ecc6073f6482717d0ffca6bef2d,0.002383669
76e5eed21016972f445f218e97c9cd54,2.759594e-07
adad6e2042c4a3c39a818ddf9242ce06,0.012006711
46b21cddb97b6c69f13eeb589a39b1ca,0.48544878
e68ef9f2310f0b24163405dc01bd8567,0.0127944
03268f6609008d09bca16254ac6b3d84,0.19833046
61a0480fe489d2ead92d1f9e5c7bd6e3,0.092669755
e7be32aff889ffac01ac91a9751657d4,0.19834115
43749cc4f42573fb1ee48524232771cf,0.101671174
0b0afbb7ee74152a17f6c8f692ca63f1,0.2381635
39d484e6c90ddd36af532069e78f4460,0.17001677
10fc970551d6c6dbb35b8bfd1babbae7,0.19733801
6259b7cf326863dc5c1d48058b075ce5,0.47979847
f3649850cd114992739820cfc27f6e2f,0.0003635147
9d1e6c0c1c46e734ff9ef3f5d766a92b,0.07898863
788423585dd33b6af6a3867390f1922f,0.08397035
809bd2cb5ea22b1c11bf2614245d9db1,0.0032332116
b5df8c8cf81c8446ade272b96bcab71a,3.820744e-08
c9df95dda75d168707ec6c37e47a4873,0.22952838
86f023c9b54f6a4c1779a63b691b813f,0.046567712
0bf5f3c1f48917dfd51c9e6e662dbdcf,0.12618747
45495b8c1d1ba53bc250f2903d8553e3,0.06464825
b36048f6eee5c366f40c7374b1869b06,0.0465143
adbb7f83bc58105873f0b83349f8e5fd,0.2982625
f096a83b06cbf2e0cf5620ec8b0fc44f,0.9840371
f416a555cdf1fff7ef339913cf5bf484,0.044809382
06a34a2c9d050239143fc7c073310f4f,0.031870186
3692db748c35bac58210321f8ab87a4a,0.35901025
2d396ce7ebbcb011a2c4b2426b4427e0,0.023974214
c6483ab7a5a982c06b44545b0017ac10,0.19833651
0d49bf2d794d06f98ec721e18153aa8d,0.026849348
af796998179307d383d85c7362c32f3e,0.031765856
5aa8c79c8f8654890b704a9c093e73ca,0.07256
f9a46a5c0e32055b7b2dd38f119475b2,0.77198833
c51a35cbe0641db09dfd2b1ac06f8f66,0.0011303814
b3eb8c66dd6d86a21a0feb1af1fe428d,0.00029129957
ccfeaa90747be646bbd79c8bdf2b0cf2,0.17475541
f9e21080bfc356e4b0d191a91f28a6d0,0.011567973
248a698c55091c8434fd6c388cb5fb3f,0.0023863132
3d89a1b77b6b55255eda30470d208cab,0.00033895875
04cf2bb17b4ddb9204b0327d3e5785bc,0.037161354
0262029eef7e19e8507bba51a8e2b17d,0.026968602
3126f4183b4f12879ffc7c4b106c06aa,0.042654455
4343760a2d44be51a1c9c4c312c922ea,0.3597229
fb9fb56f648d0e957b5ae3ef71b5cedf,0.04349719
fe307512d19dab2613614bf2be682fc6,0.013546539
90df1f8c4c008ec57a00142b9e851d09,0.030573677
c28dfcc0a5da0ee880916594d2a36a40,0.0007680276
71cc91d7829555e80896a2741e156449,0.488523
a22937c2ece958ee452e7012a35422ec,4.1622464e-08
29b04c26570b1de050ff9271e35c1bdc,6.5612585e-07
084c8ec45c65677231c630cea5a29a9c,0.21429482
24449e8379cfa7ac8bd4626f2733d9dd,0.8354143
7ce0ab4d7433fe75abb7b9e9630b5382,0.17214704
a171888046d1c04194f2ec235fc6b37d,0.019757653
3caa3d098c23e78d9da3fd194887a229,0.00781558
70a83b7457ab562cdb9282d06ca8ac79,0.038989507
d215828b15447c68f67cebb681efa60a,1.1825963e-12
11ad54a27fb30d7958662f62190357ea,0.39282542
7788f5cf3ce348a451d2aa18ffb94170,1.3473907e-12
2d9c0f2aad1fe20f62560ae95f8b84e1,0.54359376
d3d320341e2445de3e19e11f8040f3a9,0.03928021
9441436175af3ad29255e507ef774954,0.0024529533
f7c313d298b69eb36e8488eac387c12d,0.37115392
eb5fca9e0538cc5d6d51ce1a545abcc7,1.9601646e-07
57292d42d9633dec66188a6925a4cec5,0.33826464
42c44e76b042324b1a5f74f5f06ecf0e,0.03752451
a99bb3b880d953198b6983aecb397742,0.045697995
aaa8ffdfb9d7902af18d4a7286563f64,0.031659275
46d395003aaf085379cb36670f29cd49,0.24618919
844ea0c97ef6e15a3539b573b305b579,0.028064812
16bf4653dfc06b85e7d34cb5cfe62717,0.99278307
e0abb87a8941de75f962951b9d8af7cd,0.0096182255
23388fba6baaf25e96ef30848928ee50,0.007547044
d879ef5d250d2f5f77cf26ed3ca69506,0.19515817
9a1550b04302c31984f497f09acf1df8,0.04064252
4a1b414fc9902f6d9107ead0b63b8bed,0.03207652
ed0663ebcc8c7b5fb6c76d302f1dbdfe,0.031008324
9c6cfa280121b098f419e53241904dd0,0.49695677
16df7213cbe32de2735a7e5517cece9d,0.067241415
8bb0b223a79036ea5982e9554124dd0d,0.22953157
9a092f3515d0d124eada8025f048dcb8,0.5795762
1a6e18ac9a667aa7edc3e74ebdba1afd,0.001336144
6f5efb3f891845cf3305bae7af00e614,0.019635255
3598872906d642fcf1d0a186864d6b00,0.19734621
455b1b6bcf6d5e3f058dddf13e645e7d,0.14511232
c4dfcd6d6302d8d7f12556421a1b3af1,2.138096e-08
248641493c67cbee513c49fca6cbe99b,0.045811575
cec9976f54e7f2002fe172899e7cee5e,0.025749812
06c097cf501489bda13f306f3da1d120,0.33090025
e7e406e60332c182231939b7ebd2c99d,0.707302
4cb87c055b429071a9f07db51037247a,0.022369344
e406e1af0229f08b40f2062e4f29d798,1.9641338e-07
785047ae7f1cefcc9741b22f7ba49ea2,0.045448612
73eea825c6d72ee8b4c89429d8b4ebaa,0.046425022
9c9767b61b07858a263b948d2806f353,0.00754772
0aaa0c1f65a097164a06e930fa1fa744,0.7031654
f0a9752524d462b9798aaa28b67804e6,0.69976485
129fc914fd407b4cfa01e17dc315d81f,0.7201401
76d2b914da0542fa8b74af3bfbf682a1,0.0116691915
403c3c959f80d5c2b79840b7091f02dc,0.07399148
a2db9015cc4062380f6f1b865f64b6bf,0.03091519
3398a00f50b3992a82e3fa3542a2bd73,0.028101306
691d89c9b738040dbf046c87f21d0e20,2.1088653e-08
52ad017a624b99a365dbcec94a906c30,3.23987e-07
35df476685c5ca9be91d21d9ecfe72dc,0.15140651
ae11e708982a3b7be15d029673147bc5,0.9993963
da1aa722e57f5320ad658c492a30b44c,0.025859496
d7f8828b3a80fed3cbe59e618ab0cae8,0.023073563
9dcc2fe43cdbd9da682afab1e247ba29,0.973125
d2f6c2d4d580cb969fddb80c04feaf32,0.009082389
16bdce172eb6025f4e92c7498e8504b8,2.0920774e-05
c94172ab60a4730efa6518eb7bf44a34,0.12494769
e39541ab4bbcf45feb2e8d47f9ebc6ba,0.007453946
31d29bef35dc541074f9ac7c24094425,2.7725346e-07
f7de72017cc66f1cb0e7f16db066ede7,0.1765506
e6b33ba817e63ceab185c24581d8b9cb,4.544705e-08
21aac09c31d1d0f8c33eb1f28eaa27bf,0.76707906
be3960b88c1eba61ceac3ae72143d931,5.314027e-08
176e86db9977e608b911db4336d87fde,0.09028683
09ef032f3dd43f7f51d40683ea415df4,0.21848652
1703f47b002777f8597539c627690228,0.0011450059
2c9a2a9f98d71673b6f37e012367cbf3,0.032965165
2870998c5e9b853907fad77b6898533f,0.1983343
a513a0dc616ff5206df9bfd32e579923,0.2888447
1134c91e42f4e6822336d8077b202124,0.19826584
5d7afd364b9cbd731707bafdd691a14a,0.35710937
7e539b8400a2e2df989bab560e3e7bd9,0.039199095
a19d48ac25f87bf4a8c0778e5c258d6c,0.0023753769
66cf6da565db1f80a2ab725c971efb14,0.19833377
99cbacdef88bbd1643ff6938ae93d389,0.72110295
c8367169b75166b43f8cdc9464ada72e,0.029466843
1c465c9b32a31e7ae7189ac1bee48876,0.958889
12a16c231040a7621121badac02fe3ef,0.035142876
170744ee4c00af91b95d87444d49b08a,0.9819093
5cf439ff52d1486f22fe128a7678d63e,0.00085917563
4c762fdbb3c0d8fc4cbba90a354c649e,0.08113374
829ec07f2f72ec84c7552d08b25b6049,0.737512
a5b2b39204172c8528233417ec6f974f,0.011595974
1c9a7afa1ac9592a79d53a0f40053f02,0.19733852
df9c1f9313b5a12818ecf4736ca8c36e,0.012679735
b39e5c107c7c9b2078f89c5dd513f1a4,0.003443615
e5d98ecb6cb23ed84443533ab9ed41e3,0.037798908
80a7a6864651c8404251e6256a0ba9b6,0.5995572
610041627b91df91d9d4a1fb011fba45,0.22961564
d678c6a0844993e0c82e6d6a7247d7e6,0.0023092658
b5b2333996cea92242c6b6b330231ca7,0.30630115
a2fc2970bda1b7b3b7392f0d77ea8d7b,0.16666704
8ec773accc051c52bef281b00fe78577,0.04388372
18d5b33f6997f2692d4de219167b6b83,0.19833599
6495143b2c4913b2d2f4498bf7c17763,0.19733274
ec1d8b7d573816a111614bdce557702b,0.041362785
db86fa5dda91af3539247c864400bfa2,0.002296028
2665ea711b010cbcb9efa70e0fd13468,0.009497335
e135bad714b86b5eb325b838d385a7a5,0.00086225045
0383ab05caf3aa41fa06b1ec221c5232,0.99832666
b9f6ef81becd711e5c0c8cf770b1c2aa,0.0054373057
c9aa6132224f8c8eeccfd86ae94c243d,0.008536989
51c0604366ea9fd13974d2bc9de57cdb,0.19832528
58a4c1750fe81fbcfe74a1a4e2657f82,0.008355711
09a47875fa86fe4a9341da7d96410ff6,0.1973166
04512a39614ebda58f0edb2c6b156d5e,0.02299374
fa76d8781d016b41108ccc5b6fe8a8f3,5.758712e-06
e05e6da148a6e7e5412d5173402840a4,4.279896e-08
bc38ed300ebea2571e1a732d85bb6736,0.07884939
f65a00239ed887285e324905205ee45f,3.200997e-08
9c78032d9ce9d31019e0076e8a343f8f,0.039089195
53f47b887ee3e739dc32116c84554631,0.097472556
7d045246654f9f565919cb24be45f738,0.27303264
610e5ca2f47efc22af27077a0713d816,0.029508952
fd555f57caaec655d293ddae2e1873eb,0.04401648
65385d169aeb282f21c367cefbc24994,0.72086877
e88b4d027d855875db5794c2bfb3b392,0.19733956
6ffd18ed11372f5b329c352f461e4f03,0.00064099673
2cdd7d2e6b1240239d8d6e4e01597a9c,0.015011226
2a14ec53e0b766ec2ecebe94094f88f3,0.011517287
1c72edd14a964b65a67436ed1cf54d36,0.19552061
a40b43058c4a386d9732e67e3d184afb,0.036231328
9191ff9324ea9ee30b586e8e085deb0f,0.1642046
527ad60ecd8e45203347907d2460cc3e,0.0022885525
5b91678e590773070e6519e18940e938,0.30509883
9f1aec78d3f2711fd862f433a407164e,0.032828785
4e9cfb1abbdd89d53718a3e1d9d86eef,0.54777277
e2425b788dc7b117f2c3ef8e45c0c4a1,0.3283247
c47f025c7a0b8a3a25a80daa0c7ae4aa,2.4663839e-08
e36f2dd83e744c432041d46b197f1f47,0.0023783562
6d1359f4d27067ba96c8144d51ebf737,0.32263613
4a2ca8f142fd32304055ca7f2fd175f5,0.027584504
3b54049d742154825e0d5885ae7976d8,0.3256963
61b0acd795b68af5fb1119b257befd3d,0.010464704
cd62bac599e90b51224258801f96fcb9,2.2499885e-08
1a85cd053d4845c4d5eacb05121f25d8,0.03473071
8510dd0144296e937a66a9c762da0554,0.041131888
9465b059cdffb4b8cccc5b97664acc46,0.36318263
529ea87679f1b4080dfb99dc1832baac,0.9135855
1d627c26807ff68811bb0293e5c6085f,0.24336287
a99138f2b41d296ce73b5e1aa03b5703,1.4931461e-05
c1e15407f3b920baa83d582cb7a9e1d7,0.037656944
891aa828f8b1bcfdadbf75149d2edf7e,0.197333
5b124f724fe8bc0f5d35a45d7806f3a5,0.54750293
3e77b4fbdc2f2fd661ec55f239ce0057,0.035897728
d1c6af12bf108202d9f6d92664d4746a,0.007480193
6e34cd23c941dd111e68f5809b98952e,0.00068211346
ed9a0cbe136fb6ab59971cb92d0be0c3,0.23248191
b2d89981b104ac49e1c483357b48d5cb,0.20755959
14b5183b1cd314a0ccab96510bbdea7a,3.949824e-08
53340ea15259c7d54ca2dc77e6f29397,0.011569812
76af5d0aaaf5d878231628ae940ab044,0.13829759
8cae550dbbf173c8ff4d31f532d34acf,0.0074205445
2b202922c82633c7f3289e92b7a3834f,0.27863687
514c6bf0638beacefdf1267feacbec19,1.8151683e-06
8b2bc615d1e4e5f91c6efbe38db2c3ea,0.049234092
b50c587c35c88271f25535ccd722cf3c,0.0073830476
4532009718ac4ff6072e2ba4946e0f7d,1.9716583e-07
e5629f298d4969fba0518c4c7d954d04,0.16666968
bf64b5ebf2d82d17dd4e54eeec23ea11,0.047010537
472bd5663027bb102ee4054c698b03c2,0.002851117
bc650b4ec3cc8038c2a9a006d9db1408,0.8535832
46f99f327df469d4de3fe2c8b77859bb,0.04045552
d5ef322800a724bba9e00a81f3885741,0.12967744
e07fff45eadea6f7d1b1b35ebcb4395e,0.32052645
35dcf8cb9910f14be416c9998f4417ac,0.9874482
a2bb88c4a0a2bb135c0c66551a97835a,0.01204923
1327bac2c67df30e85840bf0be1ed3c2,0.23449187
18347a4e02f12d067a9cf08460efb43c,0.056355905
9b33f297855360406c31178a7b1d90a0,0.074255414
e4d300c2db92bf3c69273b952342c0c1,0.9117387
a9c0a7a19210bd69c0ec5ebbca180e79,0.3571402
5145884957ce3fc1b4718b9d7c114005,0.11418611
6219682de6d34ac7e84301c4bea54bdf,0.0076043783
efbb801c6c03a8fb23a40d60686e89ef,0.036971565
8a302ace56fe6eff22bf9000f8bcab40,0.9994112
3d10bbf5e5d4d768f8af20d173feae3f,0.6000717
362db95a27caab4a8d2eef0299310dac,0.19734272
95ca74c3defb3d0d2d91d0dafa60a6a8,0.1983235
79ba312116f7dc541e9d1f2b3fe74388,0.19733903
c15c2b2d549d7cbf9f05ce5f376ef829,0.99967253
333cef43a235d0b186e3b0fea4e7d310,0.04807781
73409ab8403fe726a3d19bb653a60d43,0.18160594
90fd8487d26b9fb69c78ce1da5b69169,0.004344492
d6fd5e5822d3a49dd32ea0e5199702dd,0.739635
e0ca66e5530799d67b0fbe8edbf6bda7,0.24518713
1f79ed3f277355dd03d0b019e9bd7a50,0.036259044
9dd5210567b4cd18fbf9f073d63cc9f1,0.04042671
cc666dd17690f3d3bdcaf90ca2fa5702,0.35034183
a235ceed4031c74e857c97205b459bd3,0.040260844
32ca1b7aa8ce30caf896b5517a40c912,0.21742487
9c3f6d83796cbe88d3b535b8ab9151ec,5.0995716e-08
bd5ba59ab736ce1274fefbde515dc74c,0.007270205
95f4a485e021dc06b7e3d5d73d5b7714,0.04787863
0839f51631e4d6a4b78780eef247cc80,0.6995534
2744bd9c3f425804e720917fdaef2cc8,0.0023754407
3c2901725db2a76863b646d3079c4b29,0.54485947
231e4ea07c5df3e62cf10b75d5243fe2,0.63351494
4fde03514dda23abae165610f9cbda2e,0.6917025
971bcdd41f8b2eb32439cd9d8dcd818a,0.041576415
9c68999776ed4671d1076d8c6b2137e0,0.19733886
a1ece96dd4ab46052cc89e5f98ccbcf2,0.011638494
f4971a6ceddb091f1be19d1a5a05dcff,0.39725024
ae004bc8225262930dcc461135529d44,0.21099217
b832d7ee2a96dcf4f14693cf0b4c07b2,0.007522214
937ba4c71098414bcc75b2b1dddddb76,0.19734983
9beec96c6b4a49bf87bde51516583cb1,0.00400108
2fb3a1b5c35232e5c6cc2534a6916734,0.14929198
0beb6a2de8709462819bb2e6e06ec60d,0.94548684
69f4b1868f30e5a810dd1d31e6bdccdd,0.0021181686
b898761b63c9a23fa73ef1b1896672be,0.022355601
839fefd495da696429f4c9560d6b2e44,0.15377355
57b76ec595f4f0fa15b66ab47fc4388f,0.20754671
89bc4f51a4ef54b9acc75fe697fa0206,0.011466467
9ac661472d55688b07eb8f64dd917f92,0.01883224
4e3f5d605948debe7053878a946cf268,0.26854444
6f7258f96ccc7d13b6a5a5329971ff5a,0.30318695
acf0d7e31dc181ae480b9a7e158594b6,0.024405036
d022482c5280ec9fd9e98f89ae4bedad,3.519224e-08
aae966ffb1d854dcd9fc7a3d065294f4,0.52949345
3ec636d286bf309765b63d4d51e710c1,0.9515103
dde75523338ad0dbd19d9baaa0cbbc22,0.03590285
336e561aa45d241a20fb87f15c2b6856,0.0025616179
ce5f86da150e31c8cde9ef22b4cc427a,0.011840842
f87a519fa0fae893bd7064767076b345,0.010050184
6a9b23fb5005214d8b6dae8fb5396ed0,0.2075483
24578703718939fab58f2889cf4a2b91,0.21867044
eeac5cd1829c31728c5c44a2dd793c17,0.039732385
1d965a2e1ce94eab08386e6beefe219b,0.104851484
0f7289fd7867692afeb7469a6388e81d,0.46019655
4002930db05c39ad738b3a7cd250b15a,0.0010131226
ce8e7ceb4eea2cacf3af62b1fae88005,5.8311316e-06
e78b33dc727ceae299c3cb4702265e7a,0.19833377
970dd5bf0b436b8894407782d88f3143,1.5226683e-12
2168c546d6b98bb3f8dcdd27268bd027,0.13419197
ff553294597681357052fd960c29a0ad,0.22534236
1b68a40a26212ae577a192d33bb13052,3.889746e-08
525bbd8ab580f997d7c24a27bd20c36f,0.0024257246
0ac0b9e45fe71dbf717c965980a8a665,0.5499999
3f2ca4b9b0fd047b64f4cb8e2b9736fc,0.18926874
5454ca9e0f914d0767e685555583fb0d,0.13245088
00f3830a65acfa8e04b7882138a4097d,0.9839803
7cbaabd71e3f05218cc890e94b152f4c,0.04397092
e0a7dca6901690385ce3077f79a951b2,0.007543868
78995ef27447bb4718dedb300eddbc2b,1.217188e-05
f714897a5e1e897429375a419272914b,0.04144568
2daa0fc8cc13e56365d339b1d20fc38b,0.20752828
5b6f95b7b2b68f07fe4d8a3372be1472,0.45169392
7f50f74cbe13d8155698399d247a77c3,0.16597298
5d08b27784b5767aa63d2b1a40469816,0.03781478
2400f953f9418ac90bced88d87594696,0.37996548
1ceb3fa968e41b9ee022acc3ba919493,0.19559711
acc0c64e04d4bf9f160aaf9e9df306e2,0.09507683
76c9a826b34f6951d12b68aaca2aa6f4,0.24666175
a25159e57926baac2f719afc06fd8de9,0.002278001
d506895cba181619411c2c046ee310c3,0.43050265
f7d56cc0919bb3dc6ecf5da92bb40fa0,0.6026261
e557d5ce9e88304f1ca630269e4b5e05,0.039934967
561c0d584edca988d7b77cbad9bd180d,0.21170028
6a0b4387392d867daebc16f9d9fb5f9b,0.83291006
dc25873587082324e388be35b9a82127,0.064614944
752b5167871546bd64100e4d4507f343,0.12886135
9a6d2fac73a5450e8f41435875a136e2,0.027605662
a9311598e5a45016a062515e99461f66,0.0014324455
fcad7d6e4fe246fc13bd2f6b11da3365,0.5148698
5a7bf18840e2bf4d4e3d4a8fae97076c,0.03554365
69f239a5613284b76ec610356d3760c5,0.17719615
42fc3961ced75aa9a5af06f6bc2ff414,0.007516934
ae4e51870f560f299b6307dabe02f254,2.7156199e-08
f35ae390e44d2f05ff62d090e1e99ac9,0.08934009
26aa76576ddd03ed8abaf17839efa37d,0.19833598
bb36670c3d9dc21ad643687d51174c75,0.7057046
ec5304f3b5fbd783e8fe8f84b78aac3a,0.019713214
9260b0f35b45439d6f932817d43327ab,0.41380733
e8479bebb87f3ea67056a9c3f3dd1507,1.9246827e-06
d6417f180ead2026c505c81ff7ea1d56,0.042772777
b1a5669d9b0d54776eaf8eedb19ebdf7,0.030035475
8217c04c52ec9694bd24b8337911bb23,0.0012887438
92312f56f34a946d30bd46861ec1997b,3.463115e-08
28ea2b9e45dd42ff9d9437e026e01f8a,2.3173878e-05
411f35b68599ae42ddc5a7084b395fd3,0.0011543859
8fdda3f8892e7b684b354ab6ad54afa7,4.3636657e-08
faf64832de6a3b5544a444541476fb4d,0.028065154
950afee1faaf579ac6e97fdce6f85031,0.044671223
2a906dea21fb3b3b270a76635cfe2c80,0.2949292
4071fd7bf9e99284a26f1356e79f670c,0.04164232
3945f37f6ac80f076c21b82c0836e2fb,0.040225394
33e5dff852b9edc490db9c639297e5cd,0.6929617
c1135c6500f7ea539c9b4b26adf1dc87,0.51137245
18184837e168cfbfcc619dbe689b1e87,0.19833446
07dde3e9fe4e96b586b45ec0c7f446b9,0.2005311
e3e00d3e1f8612a0185bb3960332c609,0.011564362
ed839b3aa878e808ae7c0cc06561e364,2.3095936e-08
e97e73ebeb9ff572828fb527e715c104,0.2005353
e9f48d08d4323c28e6023bb14ef1c66b,0.21965483
23bb2bc9360be7bc2161b1c444270934,0.029099395
a764b9fbda10afab42ce21f59192f474,0.026259908
e5dffc7f74f036065af33b1305b5b930,4.8683965e-08
9102d52119dc2e5dcd010757bbe2d6d8,0.033197507
b1bd7ea0a2acc1d989dced2ad7fd418e,0.0008574661
65c8cb77fc744582294996b5123a21fd,0.0005686148
16d9d5122019804831c6767206b62889,0.18267658
9e38024019d78d291c9cac270077cc10,0.5796038
31291e6962c7a0a8bfbfe0461278e00e,0.19833663
0a99036594e178e35b881ae175caaae2,3.6057077e-08
002a77e86c5c6bcf0954e27649f60d82,0.40831938
147a77c6d43e6734dbb2608f4d868041,0.046493728
e202912f8735d168cca7b7b3b5fed5d0,0.16396475
e80416224094981eefae656c24183156,4.0618932e-08
4e176528cd99e54e46bfc9cf1bc3341b,0.028629739
54a41fcf87b09e5d4bc58d7b5bdce9d4,0.19833279
baf1c7e180fc8d9928107ab8f7347655,0.20053217
77d1d5c1292c99a5c1a188a0f50a2980,0.9970659
83aa71883d4efd40f268d1a11e48726a,0.2210464
9bc64226cd6b9426159533a561f562f2,0.1973379
43dce9f2ec3b12b39e0527af8e76ecf1,0.028297197
161eafe67b369642e1135681773ba303,0.023019036
386aa8d1dbb8d7c9c159429c7dac067a,0.48369956
71d8469c35667ee0c39166407eb9cd20,0.0013309476
fdf26dffe07f931e6938b542d620b3a2,0.037665255
e33930b17d9d130c959a0a7e8b7b3a26,0.00075784023
d458fe1cc1fefe60495ddfeaaabc4e4b,0.0025792425
b3d3a35de7a0ad6ff0940d4ab22a47bc,0.8908843
e95006259e2354836220ccfa963fed84,0.21355608
e363323c391d51b5d103150df20626f9,0.011425121
244459af7fc01ec66b0a9a1635209385,0.5360891
ea9ce15982a00e6c6c97dcc8fe3bd77f,0.62484723
5db56cc15198b140efaa713c1158e225,0.046483006
3b2a357e14ee8cdd6dcac52b86405f34,0.18823014
02be7fd36668202ec1c08dc314d85e49,0.21213159
975cba415d117081e8840e2518ab7716,0.19833776
6fc42fd8242c6a27d12e6596b6d73420,0.18471912
f6572d192f257321a5037c375654a060,0.19833298
256acd623132da277c505f21ee00925b,0.7474731
d38dcd2b8097ffe4f26fc50ab0a855a1,1.2900494e-12
2da580dd0f4f42a3670740813420ca90,4.460629e-08
9b14122a2982d7908acd9f9f3aa5df43,0.029051542
ede89b4c71019f0ecaf889364f7f12fc,0.032333635
793fc0d0112211328d69f80bcba2f10b,0.3194902
7197e00a15bce444bf434af411bb955f,2.3364386e-08
a77a0792739faa34ee0a4a831ef65267,0.27511412
cfb0f53b3dfd72236dd3f4df30870e86,0.08369514
84b2df118ff7687316f0ab015e85fde6,0.40775928
adb3599368dc2e40fb16f012c3c84b29,0.07350644
3f8703a7874df1a865c25ae4d66dd151,0.13918135
517f0cb368d50ee390a49ab249099db6,0.98104316
a25e30998d66103ce5d2e3f8102bb694,5.27556e-08
f3c0720438c62a0477dec45028829268,0.011587881
d04e5d78ddc082b532642ac3e7d085e7,2.4484399e-08
c9da60f1d0e6c2b9254d49f49005c951,2.3530776e-08
04a3e3ff06b54682b259d957a3e228ad,0.04697164
05a2aabb3d08000fd8e7e5eefc6d69a6,0.037714947
6f8d0680beb057c7a197a3dc20c534d9,0.0126738325
01b162926f04cdddfb974b87b094618f,0.09108981
65da81b000ab01a9f4265d3d0fa77269,0.13843963
45e7826967170a3f678adeb339256d0e,0.28421888
1b839403b4a763c239be79eb180294d3,0.7251833
51a9341e1b771527d442abf237bb2e54,0.3305194
0d7085767df337506b2f1be34e944913,0.0023815176
10f0d38d00e0b66342c84d78fa5215c5,0.28293493
43b05ec95088079c4c78a195d6a99235,0.15919231
bd73c47486924b2bbc63b614b3241153,0.37732092
2d2b266cf1fc52db80f1fb99e462c8dd,0.9841673
04a01bdfb285e86dc4a8b2e2773931c6,0.00035830785
505345436c51cc83d9ef867e1e0760cf,0.19733354
c2ab6517a6b6fccf86cd582acc77aab3,0.19734354
19c8d38b83b1a2a1aa447e079cf1a568,0.9916729
e96ed06ea0e63b01b6384fd29420543e,0.10245985
975b6abbdfb504ba37f6055e77cd229b,0.1286111
16871b3082e26f76e4bd0ad5fa738e60,0.5774434
c4496daf86f5bdac7d313dab1948507e,0.2074703
b0d3b203827e161c6334b155f3638b62,0.0025759286
b2bf61546f025b9da2f4aaf44a46c6e2,0.30485317
3e3c153b81bc2fc1fb4650ef927ccf94,0.19832188
02499e1289b3e4cee011469ddd47948b,0.30780023
e6ff2adcb8a6f3acba9cc8e0da4d1251,0.3949786
ae13137597adb4f67581953366287148,0.007356537
53661f8124ff17c92ba006286b6dd3a0,0.00064271345
3fa8a1e633b7e9fa0ad75217f40b3beb,0.19734547
d558813be321d2360d2ebd0dd81aab0c,0.06696021
e21d1b38edca74e92723fae1e980dd3a,0.08551198
0252636e02b872e81002ab7701b6a9fe,0.9139932
0da1d4bd5df6b458e584b15fd48fb705,0.012670003
666eeb536ccf64294b4bb0539e5ebdbc,0.033032447
01cf250ea02779c90797f28f2dfc4f10,0.35571688
595149078fba53aa763c42fc657e4bf6,0.007409142
bee5947c2def14b031376073cb9e487d,0.43951422
3a2f9e3f6543659a4d193781ff168fda,0.037027854
64dbe28a35e7837b4ba7778244b4c427,0.0038422146
c92c57ddd66e21ad7b3717f66eacdc2b,0.40259033
ead40883b46d8b431276bbb52c475bc8,0.039023705
5089ad6bcec1c5d4d17d5a0a26ea13c6,2.5501246e-08
b0f2b7752c0b2e7319ca80cfd052a37c,0.06518273
68ee0d34f5f7587c5b8adffd413765eb,0.012001043
566a3050c2f457823b53e7c9c1927474,0.042826977
9775cf38f094086da8ab2d5784511f06,0.01562828
122b8a5abb8acb1c6619156943d9dad9,0.19733581
0bc1b401d713812fac6b930c77d9e63f,0.012049766
b8863f659af43110787c3c29ad5e7c77,0.19832242
6ce417329de23c342d82abab9eb9f8e2,0.3232556
d78223d0c08fd0c2d84c6413da90de48,0.20242302
9cd982eb20c80915c2d820a522b36b9e,0.0010760878
7b5e585728ac77e56fe7084abf1ef25f,0.03604862
c886c9f97c7b94e99c961785c8be12a9,4.0381906e-08
e9a61f6d4635e4b4ea9d4217120265e8,0.01145215
6673f99963922052403cec84637a334f,0.34578568
6b71401576d68b8f80ee261bd8b83945,0.963061
bd22b2ee87b669f3fb8fa664059c65a2,0.1983244
7d4243ca6bf6de1f227463c2adcbec2b,0.19733073
49ea72559ccecbd7e618d0eaa44d29f8,0.03819304
c3dd74e6bba7ec5d0dc324fd2bef7906,0.010035764
b770d8b2f9350573826f9ea566260e7e,0.9904696
b86f730c9e72bbc5b33a635e423bb100,0.3628351
6f1ace6e56bdc5e5a3ad1e1f35b91b2b,0.19733684
b71019da816ba747d5f466f06eeb5d07,0.19834076
93dc5f60c2ce28b169398deaf03d62a5,0.9827868
17924197e220dd6cf603eed88a2c3c10,0.0056602666
f5f0ff73f1b5d47b0ee0a05fdf1c9207,0.08574944
5729c491fffc57e8dac9123edae6e22c,0.06682923
42dc0c738100e201bf3618cf42dc7b83,0.0075721443
03bebcbd072c0b6694dd9d56966e8859,0.0077997013
e878005fcbd1babb48d56ecd41f584ea,0.19833386
f17e7dcc8a5dcef3edbfdf0e2c809f6c,0.0071708537
45b330ead514fc9820eb5acd3d1625b0,0.92432463
e2905eff994b4d03c99e792f559e3dff,0.04745737
68928f6d356b88fb7ed5c146b5a6b172,0.011605034
7c17a1a59c41b72deaed9916fdb9b4f4,0.015847376
216aa5836b773c85a786a9b95746e983,0.22954583
fd9a10f0fa41071c0575aa48c1a72153,0.03865708
02b14b0986108ec51c3f710fd1f279dd,0.064575285
29aa451da9ed3c9b8ae0eb10e40db019,0.24717756
3f4398aa8112d46e61c8969152e0c7e7,0.0074338303
93997d66c85b71b0c5467214fa44462a,0.031296976
c8ff54d2cba94391a405291eba16a3fa,0.20748398
aa7ad916337e404c171706278fd454da,0.39654708
c05d85abfb842365c710f4e1a4e10186,0.05032758
14549bf25e99c61f929d8faa8eaf0400,0.9840063
4409bae422f5c3312622b6856cdc615a,0.79988843
a5f3c961523034890dd5c855559a36f7,0.79988366
c411bf8d1605cccb0600635cf1975823,3.9223746e-08
bcf908d56be115a551940853c7bd0fca,0.9996859
d68267986d9b23df8808a724d17da2db,0.1924824
c836fe5c6e84afe0b9935428cf7d2035,5.7952784e-06
815b6c0b2b64f9096c8fa46ed7a0d40f,0.007516013
78899ba87c61e8aaefd6961a8661ae45,0.0041913753
5c81bb4dea954c9b13b5c29791be6954,0.036417477
d8ec14c67bba32c4848daa9f9b559372,0.22183776
425df8bb66d666b559d12bd68d22a867,0.252065
6e20b83e25bb8a64c9c1cbb9bed3bf78,0.20755374
a8b7b9897babb9d7a54d34ac1a81cf06,0.0074296603
cc77bf9ae3991e3a232430d6c506c2a6,0.52379334
78d76f14b18f3d1c40e9706cd9d7084b,0.5535307
80d8710f1c10628701c4a11d18399b19,0.005001859
326e680613211640f65ed0dbb87c5cc3,0.22052065
dc27315c930faa22dd471cd55497aa19,0.0894648
0a0383e9be5d0c83a3a0c3607ae1e4da,0.0072296844
821d042ff30c7e1b9e0d102cdb999a65,0.98165894
905957a2e2464e9b36b797e7f538f7b1,2.5926017e-08
a315bc966d02408bfcd333657e26dc59,0.40548515
c026fd4133d6a5bf6a47045b5f629b1e,0.19734511
5d6966a203d6398be63f699e78d578a1,0.024556538
39a73e5c92e8e3a33b985120127caac4,0.029134622
b334ba85cd16a493766d7c3880743d81,0.0006746498
1c2c1dd8d92c7dc965c2deccc9d70187,0.23754482
44169c635d08647d72223839312afcf3,0.012967601
f628976d39f01c415e1c8ec4953c7994,0.11395246
276433bd39993c2850c408e103c502e3,3.8598994e-08
b539929ee4a2c23c4bd61683c5e5ac3b,0.028074414
593ca04869ffe45de6a1898aef035b27,0.01151631
b685678f0e0571f5c00ef18ff6005d87,0.0116293905
83dd7f86917d6d234a3f17e212fc541f,0.48256785
838aa42aa2784a245d85ec80b395d38d,0.03284216
f9a9d41eb0e2d3c71ecb29cfb16910d1,0.97015965
4815d685b0134ef694085591ddd68dca,0.09088618
055d1f89d966b8950b814b479d8c9fe4,0.026142348
db30b0bbbb356bd798eff2647d6af13b,0.3655014
39723f2286c2545dbd01e5da32a16e86,0.03462425
7c17f9ab9e65ac09a1382dd1b7987f51,0.5885979
e640aeb1eb1d511a555ac256764fa3c4,0.00035466813
962914ffafe4a2ab653de35f576032b1,0.2623958
5a667df0449ea31ea70ed587543831ea,3.465658e-08
1d3c76ad570c179439dd0d91bbb3549f,0.3578133
d48941d87d335a32cd48c4090255f688,0.001351726
b425b4ebe6a603c5a7cd4eeb9489f6ff,9.9814e-14
d5565c5471cca34c251efeb552e771f7,0.999802
22950b8ed2c2d913baea08fe595d2003,0.0033522858
75117d6161a1af8686f0990958d2e707,0.98824596
a22f157c956dcb1b06ea240091cc7ba5,5.0824802e-08
a3fba1acb66ad0c34e58a483cbf17a5f,0.24446066
969e7c8f51e2b7923dd53d97271f3fe9,0.000667695
f8c7e83d876c4caae5efe076b5e15d22,0.24054858
ce69b2b706a7be467dd31660ee4d2782,1.0518349e-12
10127dcbb05eebab107f4506b30e39b7,0.0023832147
1b0e583e6d8b2418170377b268446a79,3.505218e-07
d799b86d8779f5031f15e9aec37d1235,0.31101152
a5d1b71645df4703749a17f9e6fe6c31,0.13989985
0ec177a69509bcf3d02a12c05a1f2763,0.19277644
1c499f1093eb9293f41d9b5b5a8098b8,0.11827828
fedd71b318c0dde49d67c6dd797e02df,0.9995121
1bce315c31407e2fd8923d2ae3645680,2.847639e-08
3abf69fe42193ea1d14519ad6a81da9d,6.4246805e-08
98f18475f8c97c47edb46899c070dec1,0.18128084
eac2b529309cfc53a3d4d36fcb3ab491,0.95036376
06a86e7aae88065b43b5dd2ad3e48125,0.011601185
87eb5125534ef6c3b4e2ff8761d17cdf,3.964348e-08
8c4cfa182800051948a9c39232818b5d,0.1983385
62282e254f2c77fa7490f14da8fa18b1,0.015688017
155cd54a814ac885d47bbdb64322008c,0.9682332
48050911dc3d4ba74344197e1d2c6a78,0.58783686
812cb46c3af8b4d64986ab870032688b,0.114835784
936795508316abd0edda2bd03db3e3e4,0.19733591
f30db94416d2cd46e8f9b3ad852da395,1.1657882e-12
3b01ceb8aafcbcaac48708198559e53c,0.31754413
c91e67df06d283a4e61fbe73cf2d3a2b,0.044303626
a8c1a1117111d83bae3c9e02115c5618,0.02304706
efb87d17272eb3e24949e36e6fc548ea,2.0284682e-08
4be4b8552b1299a6bdbcd0fcb3569120,0.2444104
147775389305eb2423678b9c482bc785,0.5115688
165ac460be5ea60d3c61e7ef25a64ec1,0.19732556
d09dcd014e2a3da496c7211f912472d6,0.19103405
685e8f68196df14231717571c72c0193,0.99943304
480c6bfdce08ca4c9c87e95f58606288,0.25881124
e0b564b03cae447695b0996537012ac8,0.25129318
be25211050d08705eb3105d8a0349831,0.02193594
57f4bf70b9e94167ab955bba7a6024a9,0.44358873
7a97307229925715e382a33e97aa1c63,0.19832781
302a0057b6c6878566d49781099417bb,0.19076797
9f9eb99f60603b90a0527689472c9007,0.19832653
b77b01d67a127576cd33ab19ee5db4c0,2.1176234e-05
6c041478efc32c2a2fc7da8921f91874,0.98417985
e200fc60f258dd4e46b238d6f1d09b99,0.30612364
a31646fcd9d3cca875f393b100d90a1d,0.213268
bae07911c323acf1ae76224845d1a4e1,0.0007676744
5fd21aca1ea50dd61b6e2e9b8f14b6fb,0.009340711
e84cedbfe2a50af478fde78d7250a891,0.19330925
26c4cc6085536f9389b22534f4c7d2d6,2.5693671e-08
005ef26c16ce7c69c1a4c504c262d321,0.05809127
240a1447e6b29c18aa097a83fe41294f,0.03020741
aac0358293b349c0a0cc3c295fb5b9a8,0.19733708
4459c5828f4588e030e81abe6aaf2ba3,0.5506102
e64877f8aa0cb5bfc62c4a3332333e08,0.19832446
c38f7d2030a84855547200397dc9a122,0.23272853
2ff77b9db1856a85a07fe4031d222c60,0.5405849
86fff51cd825c1c938e58b43c9b16699,0.022467006
67f99fddd648081bcef0fee9b9a9f9f2,0.11994606
2f4f9ca12388f04eb9073933ade10583,0.039176263
d14959b67367c79eabe21622a7ec100b,0.40536866
78130306e5f0ef2bec93597255988b25,0.9839941
104feedbdadd8d4c058f6ecb8179476c,3.4894725e-08
751428ef285fd10adb1cfbca56c120d7,0.12345898
bf9b840e2d0c1f92b7849d3c425381ba,0.5351714
943d7b84681c5a512e4cada071cb972c,2.1553857e-05
cfd420d8067c206bd9fb74746ee9f5db,0.82608956
0aac5dbc61c75c1c0b82dd0abef6148e,0.19735017
8b9650b98e67061cd79a95218c68d9c9,0.06319514
d69194267e3e138dda1628c61181bc7f,0.003832616
3609a02796f852fc3fa64e3e25ee2cbc,0.0025691371
6dc86dc3fe5e120beee69e508906a019,0.18103136
b170d28c9c5e52eb59b69b42ca173955,0.0
b7ca5e1eb540bee01ff9a4dfd1d4b08f,0.012676032
2b2df0af85429fbe2b81d265ba6852a6,0.042124495
6f4c2dc29d0b83cd32f32c22ab432329,0.012678882
8118cce1c826d129dfe9e2c74d8b5225,0.0008131083
b81e6a59d1165529eba9c30fbd2454e9,0.8292567
f5540897859ffc9e3d3a9b9d049b8b03,0.18894462
f5dc1bf66488c2e913847f886497587b,0.030449813
34d296d22a3b49cb08b1a24e74426b03,0.0023799904
fb62521ff96bdc02ecfa5204132cec3b,0.31662327
f52bf755696aa18d00a589ffbe542bb5,0.9989991
76b5f497b50151a3e23a0d5c9890ebcb,0.5073093
ce2c58b33d45fbbbbeb7cd0a2a042e85,0.0023774137
05fe90fbb3b07e2781e5d77492bed16c,0.0007435988
26d91d8cc72c61ef6a18f7a4bf9ed9a1,0.79208213
2c963f9258e4bcaac618b1a578abaad7,0.20053205
867ab08ad661b9cccf8f609994eb16ae,4.8586053e-08
4d87ae6dd9dcd688822b50799c277f70,0.10938756
aac2b9c21e1d1dd48035677164b421dd,0.7900137
859f4a73f7225311e0ba37204421d9e0,0.21532252
d8e00e59a46a473cb477fbffd6aea3c1,0.012681222
3eb6f206918f77ef29db59ee4722885c,0.04393949
479afcf82873b10ee28301dcabf768b6,0.26768366
bdcc4a7853967eedeb47728c823cff47,0.042315103
7080862c27951cd08dbf01b2cce53531,0.44313693
53908af8f5f8bf8710e2fe64675e502f,0.33933732
29da1d3cf2b84c4d51351809199a8109,0.046471052
2bee55356eac6a36a3cfed7361fac12e,0.15950806
587fa47a14348774adefd4406df631d1,0.012896957
582ffa628320409cd6310cfd9f727453,0.20052937
98121a4efc389338d4a4e6ac9f77d6e0,0.012674463
739c514f65b06ba41f5de345ae8e3e12,0.6684223
27ab596aa95ba035573bd43969b82281,0.4641079
dd89b5b831f4c2770561e2a3ccad1066,0.82691574
179d85c43bc7688ca19daada7618651a,0.07602684
55aff9e2d2cb0ec271b187e941fdb63f,0.026846578
d1939e668eb0cc4b4f909e02246e91eb,0.39979005
ce875f52a27d2895972389762062a3da,0.03771028
d993d507bfd2f069e78197d6327eec8e,0.09858563
3fa4fbb59c011290947f9db76cb86cb6,3.348824e-08
a61fc32e5dc1cdb5839dc001c082b8d5,0.0023820687
5e950cade0508b4ab01cef112b5606d1,0.0074408255
a387e04f34aa4511e14bc9f1d141f51d,4.7619494e-08
9ffb8533f1a31ed849a085c5db802cd2,0.28722844
13b8d288f9a785fb0784f7f8864f1207,2.2336305e-08
0c28d8cc47df00e54c8f9b6faf078d1a,0.3032407
3bc88ea5b9f9a10563874de92c5a18ab,0.012679671
6fdea1a4823cf571fe53e8ff9607c0d7,0.5974974
c53aa30fc79a122da64fd3fe36086ca9,0.0008890601
060ef3c627f1b9d6125d170037546385,0.012669196
034e6fc02895af6d84c0fa2b2732612b,0.011572886
958a836ca5882c407771200812bd1d73,0.8357409
8e5707916d861389267ded29425e0556,0.19733608
6f22e062426bf5312f99cacd0ec1bfe7,0.3234024
e08f50349f2db175bb5ac81753482e28,0.0003584781
b6fc1e0fd890c8c0fde9301b94a9f1f8,0.048222963
734c32d66d992eb0dd5e6b476a53a423,0.19833712
87c84d967c1c8608dd3787ea9658cfd0,0.19833481
4ca8b860f07c1fc5479571bf85d3d772,0.02827175
ff2368fbadefd0c6fdfc839b2088638b,4.599844e-07
fa959e47b74f6f6a0a9f0844f69ffe13,0.0438376
81390f898f77d56e80889de2a64bcf51,0.4149894
f6d3fcce827e516c25cd397bbc3ddfe1,0.003951506
c9cd82b9a137e1f6ab8ae37beb17f40f,0.0074664666
067963b8205f4a68db6d8d70e0bef155,0.9996973
37dbe9a2f26eac39f7d03197ece02bf7,2.528454e-05
cfb92f8640fadd323671b1a9b290e10c,3.917347e-08
328e8483ba1ffb6529ed7fd1a903cac4,0.046145
1b4bf2c3bac1752d29c3972e51c51d51,0.22701311
e6435cfc4e9ba3a4cc5d3ec6b945543e,0.04370871
275f8884151492d0b9dae3abeb88b2c5,0.047021784
84aceea6e2745b70cc6ca538744f2ba4,0.00749385
a690663e70cb69e227613c3e5e27c405,0.081839375
a357f5ac11e098dd849c6f9db50e0e08,5.7962857e-06
5e8dcae075afd996063cbb627772df5e,0.5801179
e70b2a1468eb64ce95a862921dfab825,0.19832623
6f6cda85648d7518d80b698093032ff8,0.028134814
28e20f254d11b2dd99af73fb81fa7f67,0.87361777
a3d2d2c8a767c95c20583bee40c828ff,0.041438643
0e671bb58e4f68378fe18f255d5ecd53,0.0091235805
ae603e8d64980a678487917b94bc75a9,2.522783e-08
7d5ba2dde711862a0d2ba70fc3c8ce9f,0.03510443
c1db69663ea261de5d2b73d56cbac089,0.041468512
d7d4a457eda54a2c756dc6eda6bc9287,5.8319133e-06
d6cc630ea1e435b1c88eb355db00eb42,5.7038583e-06
6917cda53738b44cd05b4f9374132c1f,0.001158626
a8398b2fa9390fb0ea7cf1f58a450701,0.81100214
ddb18c0b3c1867007981500ce8020c94,0.7998821
52c0ff319e43a414237ee46b4c329f36,2.3077645e-08
dee2a3197a7f6f19316ac322583ba63a,0.0075063356
481e635aa468afb1c17f5e0fa3cf3408,0.04670764
72bc0716d43994adc82be22a03b4ee9f,0.040189374
221b42cca476166f554f22b469448e4c,0.0121775055
a4ab651d2ac42bca4372c966cf8aa495,0.037868433
1b6dd5513adf00ed4d5cdbab20207c76,0.0072554
85e423a5eb8877975442fbcc245b0ac8,0.98063105
af5db00bc652c6c8c5325d89e8914731,0.032529585
5dc74da8b3b3258c94ab980a9577a219,0.22590582
4f0719b12893f50afa78a559bf301eaf,0.9992484
e6a600dfda56fc0c41419bfc34ed4fdc,0.5323565
19d413acc5c9e482a4d639d1d3f729fa,2.3120357e-08
07c33a0796975967a946331292d51767,0.044375718
7abdd8bf7e3f429750985000a888f746,0.0074693537
78354760d762c9c43c0bc85c4d372022,0.98224556
5e17de0b80380ac8077daae6db9f83f2,0.9994545
baea8f92a509da346b2785803537713d,0.42905426
06dbfc9b831b74094e1e3c318246a122,0.20644002
587dc7d1a978c5bb3c2f6a4ddae413ec,0.029647937
cd108a8a7e9cc4d51bb42bd3cee09ea4,0.0072756587
6f95bafccbf14a990356a2b0fa292bf7,0.012276444
b32f3b23026547c270ed3e6bb9af4e2f,0.66505826
3d40c1c2aa59bf4ebfadfad040448897,0.19089003
b4d9c6d4f803c2c192d479fe076326cc,0.08948057
e660b22086bf2d62178a4df37ac0f462,0.034733668
289f217d6e1d75a69ce69042221ab150,0.00084523094
0bfa0a66da58dce14feb3a95a1013344,0.1120794
f66fb6119342031f810f774c422c20ed,0.011182083
be934810356b960667323849901bee6f,0.030778687
901ed3a818b8188e1480a48e2eb4c4ad,0.0029530583
432a22a382f1b9cf6dc928c5141e0c6a,2.890429e-08
3977343ad9d9606a17d9e52976ef6403,0.19833632
71de5ca5b132032ac687a68c148f314c,0.000359312
8cc20ac0392e79885700ef9c09b8a652,0.93668765
d822360e5dc4b5248c481fe4721fa13a,2.6565831e-05
0762863e6fc5271191bd2bc4636353fd,0.009132221
bf62a30869d83aa1e2faf63216c0c7b8,0.27560776
ae3508b89c7268137c3ffee549f29f12,0.01157256
191f7c2412bf1ff9186b765c53fc26bf,0.19833125
47c72460d944d665381e284debc76b11,0.24328294
268e9deb0b4f2dfe994a22f94b6db375,2.399385e-06
997d68f7fd8c985e269f0f3fad32b5e4,0.5187774
e63cba21c72d8bd526d2a9cc0af0e22e,0.1717911
10cbe3071024bc4bcec673fd8e494524,0.18369204
c6bc7c434fe8b83b3de3c7ca08118cc2,0.22046454
468429a4261512e31c161c28e241c833,0.97839546
fdac2e9e28dab9d46d75e1a9d0463485,0.7582701
b75fd1dcdf030151cc463e0be6100c75,0.00083344756
acd54a8efd1dea5d043a4ae183b51f2c,0.37267652
bbdc1a174f1f87f24c456ea104c3d3f5,0.039779734
6ba188a7fc2397dd975a46ec5e0f87d9,0.9443167
68ae12a736293b56bc79182ffa241a2c,0.20089373
1221bc456a8de1c8d9a53da5ec4c48bf,0.12379418
0daf9ae2d662e62003d6eefbf4b0f829,0.9704808
2834d9fafb7d941fa8a84ec75d10cef5,0.08373452
a6ee01b367fcc393f584fef937da7f3b,0.0007885372
8b9d6c540600fac64fdc766339dd4531,0.5497988
fe786e7411a7db3e9a61a3c42da31829,0.04475833
80575c5a45fa5e198ff06339931bfde1,0.01324634
acc7393487a68d84eb4d4bafdecdf11a,0.046058588
11c07cde31eeb3b77d2837de330b4de1,0.011840744
483f975d9aa6b0e935cdd68ae0008508,0.0025629713
112c18a75f8b72a7e1d501ab6e3b2772,3.491439e-05
b3974f05e51e61d2db2f943a999042e0,0.007491534
54a9af908478d2edb1cb633868cf600a,5.0989325e-08
753a1225132b0f8f0e406d9a24418dc8,0.04307363
83ae43378eeacee09bb36049d9a4a079,0.0023352313
a29b2d7391294dc38f07570acdb5d485,0.019869346
2ad553ab134e72a7d004f584b9bd6092,2.3983631e-08
3e0d5ec94cef742a97d18e4adebc9130,0.1207093
f7da338f037595f0b8c74f299e79e72c,0.050633132
7f6c5e872378715b0ffe76f9c92d735e,0.0243893
18fbf23bd3e2598a51e9318d0dc05c6b,0.0075613037
8068ba1a53ed659e5ede42d7e409789c,0.046450924
6628709b965e3d78138fecc048b98c68,0.78743374
bcb9d8d0660ba428e7f877907896d4b8,5.8093888e-06
67299b9695c89f60479a0f71a0ffa881,0.031120006
8e8839cc84c0e26fc4e425d886bfcc4e,0.7373869
fe3b890bf3dbe3b40a0d3438cdda3d92,0.02125175
f33773eadc59e363dd51bdc92dc028b6,0.02272186
b479a3cb737900da971a780a2347136a,0.04814916
8fc91cfc8172c464b31c2c524ffc6230,0.2842021
6d89530e2d8cdfc239569b5b59a36529,0.22958955
686ef4d127861663e42c72bad8d5123a,0.0074390867
7cf865dcae3a070aa5c3e3ec366e4a56,0.0050900048
5de7745c2bef1c1b7746854d7a464b2e,0.0034711077
1dd2e6375ba284a495bc2880af1a03c0,0.0012701356
37d4fe7366fcb2147dd005a134e0432a,0.02394837
a80f445f52192403d92fd54064fedf62,0.20754223
1fa802e77af3ca26198606c9872b04d9,0.9461298
15c026ca23b1799af28258fb88230dea,0.48454866
94b36fa80ed7c45b827fa387eeeaa215,0.7006813
3f6e2576e692239a9f43e48b36bd0f51,0.055408847
4fe6ddda61ac10a68c473d83ef1a34f0,0.19833264
c54188add0ce890cf292ac8a6096bbf2,0.01267012
a5b09ba982a8a1362afe8051c6e41f3e,0.12671705
2a741e9d9c02e5ff11a09d1cbde63e3e,0.19833353
3916a6fc180953014736aa7775aeef35,0.31023568
3b477691b040135922863fcced474e41,0.9360179
fbe07a9a8d10f7f1e14caceb05b61288,0.011522018
61bb2c73a3b76a2cd3518c62cd1dab50,0.0034931735
ddb8ebf6a724f931f9959ec3129a8842,0.014890157
aa5b84b35ecf671cce7f3d343c743bcc,0.008844246
c4302ff7de413be42cc5363c19c45dec,0.983973
143ab4745c90980a782249da29ab1b6b,0.012680056
54fa4402ac663482efb39fdce5aa6dc1,0.9849413
0d6c896c5a03275b016b6c396a3188d6,0.6199503
1b1bab2f61225382fde1850b5e0e0615,0.99967784
be300368a5cd683537bc025d6421a0cb,6.262375e-08
599d006dcfcb257879bdf1824f3a50af,0.042397514
a305f5e863d6fcfcd42793f787e839b9,0.20745468
b408a62d90992dd8656b5dae6ddb7915,0.5585976
efc73f88e32991b44910168af98b8274,0.046181094
6c732a570391ee434156fc7c3f58a686,0.033435356
93b93779dd86008e16667c8cd46616d1,0.032040026
c27ccb4e80d55feae0ffe031df066ce1,0.035794802
58e8abb8b60fc6a998c1bc401411368f,0.79988366
48acf07b6c5f494ebc65d33224bc531f,0.19733629
3701fbb657a68dbbb1e81cd5908e2e3f,0.031317525
d1b05560189911cd913bd252a0c6b54b,0.7770364
66476e2dc1d450ac4daac9d1da8006a1,0.19832426
b01d1088678f5b614ee383635b61a5f8,0.99947613
a2dbc22272890b9abdc2f4234bb08680,0.835112
cd09a4fe193861158b8d311876e97be9,0.20052639
c002e9630de48e6e516e59bf4afd1d80,1.9626987e-07
3875953438a7eb207afb5a30a5299ddc,0.039691087
9bcfeeaf9cd63d2fb0ef51d4edd38982,0.67594635
efe255aab0ddf6c2463f8448d656c95c,0.00059945864
52ec1b066e671fc8ef1bc98b1b6e3103,0.03856493
f6ff9a8a6f01ba1306edb5c38ebfc7e8,0.007244931
4f5273ffbf065667641ea6fd54c5175e,0.6007026
e0d7aae68505e793c1d07a818f3046cd,1.6027254e-12
36072e4f01b24bf58a8478f4ab50438b,4.2879122e-08
217f7c5581a8374fe0c11a9572dfea75,0.33875236
17447451456f57d4371c8c1bf169e8da,0.0074737826
b61073fab777984a74d059970ca12242,0.045276206
28af9d8b1d731a50ab7e8b67de857254,0.18247043
e14e522a6c0887fc19a5a1879bceb760,4.7877904e-08
969f6aafa0a6e7200b968e9b942765c9,0.21631625
f99b146b9872a64a5ef0ff8f45b904bd,2.5361535e-08
2b59340e909c01d4e4310a421f1edf69,0.19733886
f56fa3c0a0208684735251cebafb010d,0.011510305
dcb20b3ddb0c04530dea3ca95719ba3f,0.19833149
f104179c3ce7e06ab7a389729b919663,0.36938947
643304b078fad9a26efcf0c085bcae4e,0.1973383
6bf9e6e8206fa664102dc02541e15e3c,0.16979565
cc47a3e0a652eccfc5763a548955823e,0.12131025
b8d289685a5d6ee51f2889b9d87f3ccd,0.99971426
45453af1a726809fe9554c32ffb77755,0.58418894
953886e74720bb082ad9ff29733e5645,0.51837534
664165eb6e9e7ed7bec0a068fdad69e4,0.0047952672
d2dce92de5e732eaa65053cfcc0bb008,0.6163523
7e73934ec659b11c5135d1bacafda38e,0.12931024
d2a4a1943ffb574f70589cb7b8487ba1,0.022369675
7582f259a5360fb8f981cf7beb2c72ad,0.013541341
768226535e8829a6a546849b0face680,0.00014556336
be118a1b1ad053a7093c0b579ceac3b3,0.0006626417
1caa8ab08d08f8882b3eb9e826a7e096,0.039620556
eea2884f4b03aef296f46f5dc1ad561f,0.024479117
8bb7905e9fedad4ca95fc84874d98683,0.70569503
72987162300ab63fde5fdc037ba6554d,0.028104182
b4eb88e946cc6b92ef8c9e9f77e822e8,0.92986983
12905092157fe3db315680d5ff523638,0.009294147
77225b1e8a53b3326b2a719feca32f7a,0.28423616
31ba69e2a7e19abd7707043615e91c8b,0.0072913654
1776ad05ab1f510098daf5918b1b477f,0.19733587
f1114f4905d25e946b78eb43e2ec9a70,0.030170828
326c915977a42370e806178161e060b4,0.89365816
63b7ef5ae847a269366a1ca10a6028fa,0.003390332
56ee7a06f5bfe3f898f0cbad8db0789c,0.02247195
cb0444e1a1897da3b65218127615dc64,0.04326757
a06f1a0cf5764168fe365ca176b45565,0.0039380537
d89300e103bfd617274ee22294bcc16c,0.35764995
223e0ea12dba732a9f0d068fd357dffc,0.18667153
473dba9ee424344f1893393f3a98d25c,0.9839838
a7ba1989f6157acea0dd65345826b131,0.021701349
27f4a30bb2c52aff65150b10aa52deeb,0.2962497
ff6b3700b282fa201d2cbe62af9fc730,0.13321693
b40c0a081889f87e307b7716e5059e23,0.16679615
2e2b92b66000a305961016db7a9824b2,0.0008860275
0f5417d9c5646f04602a804aaa0e3891,0.20052747
bf6a5b63dfafe9b6e5fab5ccad9128c1,0.1983284
9dd1ef2564071fae84c2caeeee5ae5d1,0.012680665
63a372fff2ca4e39f005ee2d09996040,0.19734457
de687fb3bf6f9d9061ffc981bb225b52,0.018466108
af23ed4bea13d7ab225601a0111a34bb,2.1878619e-05
ae37e1dafda84d11c8cde8f9d7715aab,0.073560834
858f40db138887ef57eeb40396759c8b,0.0115017835
48a4c315c6769d4868938e669535424c,0.0437467
329f50e2b47d74c3bf7e6e44ff577899,0.19467105
d123f029c327b51d77fcf78b0bda50fc,0.35218683
6beb56894205d142c60df85d97fa866b,0.84900653
e4a757f3a52c41cfe5fc70210f610cab,0.0025680582
376558bc03d0c0b4a55aea304caedd70,0.003471223
c8472c2fdf0d15368592789c007f1212,4.782229e-08
2b7701f08d354abfe4aff3a2e197c2ec,0.63408905
f5cdf4f9797dddb1e18b206c3cc93f6e,0.72514266
1baff010136e58ad25b37bd052929b70,0.00037375579
2b73431346619255d6bbe0999992c90b,0.04493311
6eb2feee2eca144b665d472f56a0420d,0.5833453
406e530728acbe69bef7cfaef9958c92,0.9996864
e8163af3dc0bcee75569febb5b627ac8,0.0023855905
cae20f0919b9de97f85f7483fb7504e1,0.19733587
d727e9b43897ffdf740de7de51448620,0.0075471364
d64c58b60a5518b1078fd00f8c807249,0.32142693
868956acf8e5cc06c27fb3265e08b361,0.1040632
dcc58266def1b0af271fd3e645fa16f2,0.05058719
5e0c597028f9acece51ec3e3d00d996d,0.021992484
18b1fc1676033cc7cafb8019dd6d04b3,0.28850907
24ff83ae4a71abf2554e141ded6bc8d3,0.40593848
26a06460f3521fc50797255e86c83dc6,0.003898661
859dd1e57555329e3c3f1ffc97d9f46e,0.02876867
2dd9ff58494e1b603c7aab5491ad3d02,0.20747128
ddbdc21c8c70475a8faef2be288bee17,0.30971336
443c12ac08653f7ebf3fe34f0931ac02,0.045907192
9531d3bc145da5d871d5922508cfdf63,0.21381605
503f89a27a8255d26120ddf05c09afaf,0.3140941
794ea9ef75f09d787e361ef4c846d05e,0.16803864
58b61b01f847a6699c6fc76d5d422441,0.95658
5bd53e391b2fdbd466c3db0945e345eb,0.19833978
78bcb4f322b33b093a228e789ad46385,0.015971
ba24610f26843443acc8386f136e38a0,0.0025672533
ed3dd21161a203e2b8d16adf35416e73,0.036986254
3a45645e35ee7ea31fd3bafcfdc060f6,0.018089296
e3fe8fc4446bdce962ea380000adad6f,0.7882217
cf74d5dabe2dde81e560c2bd7db87caf,0.4225506
086a83749f45bb6bd1c932912a7caada,0.27490494
4be60fe58af7c5ad33f91f026d6aad8a,0.6315155
bca5b1405e94d8389c9c22a1e7b4afc6,0.31233048
1c7a76d77f9b8ababa774990d0e7f4d7,1.9759625e-07
d32e5d8d25d4db10788db8b2b3dd0f76,0.0075130844
aeb77431a4dfd0524268d812903ee047,0.31647643
2e71050a4a364024c14f487b7a070f55,0.17736039
5b2ace2c0992079d0082bf888b3b6d8a,0.002427057
b30e42927091c58002965e34523b49fb,0.011571643
20afe150fb93da20a10333079a420473,0.03438786
337b5d46806a711333119fb9959d95ff,0.0010961805
80999dcaf373ba74b31038841a1c7b5a,0.6012865
28e93c457c894492052ce9383a79e105,0.9674096
c370549e7898f0ca64b49324175ce17d,0.42636174
685e782b22890f2be6a858d10e182030,0.14058207
b6a6af292333f4b26343f34ae1dcacc2,0.7260367
a418bfe3b130fdde22f47d1617188026,0.54926336
fc93ab0ffc96d0f9059ef3cf64668551,0.20719226
950b8dabf9dcb3e0f2910f2c87319dc2,0.03992187
2140c2a978d5b76f7f8babc4b6839b7b,0.12604491
d372d6defcca8106d2f19383370ec978,6.0856906e-09
3ae70d8ac91581739517e01767c8a1b2,1.2970733e-05
f9a39ee61a2af6f66e0b9f112a982bcf,0.110503696
e287b72a75b890a727e3f751e9975a67,6.6677e-08
fba04ac6840b68018f2e34cb163cf37b,0.29720646
1a27bbc5f65c280863fdece9bf05881a,0.042224135
2db332a5c098b7c05b6be1b80648a03d,0.19733307
15260d749358aba7d30274b5879c2142,0.036218107
bc7af051f7210b7cb8ce249964f7dfb5,0.1625432
3f1491b418c02ffc081325d5774ef594,0.21168645
763507c399e4c293960cecd0190e4e76,2.9076599e-08
f005fa9e43709b4da2b14b417d88a8d7,0.700664
e270734090f8b3d4fb053468eb8d5eff,0.022786766
f551fda545ee38b7323f170480138292,2.3292168e-08
d973444eca3b4c1888f642b3bb5b69c2,0.0075015784
f1368fbcef0f5839f5fb5fa27f664820,0.4196066
ee1e43bb82c1c10362bf078fc72af125,5.1036075e-08
fbf7163937218dba8c55a97df433aaa7,0.13638493
bfd576d650ce4255fd3e03d51ed4c887,0.031647753
7c26d0db47150abe9a870a6066d6c78c,2.761659e-07
ee96eb569ae27c7d99b603d08c04645b,0.00024347748
123c8229fe93ff641e380029464fbfb3,0.04089928
9cef6fa5d2670850c986c8700627a32e,0.58475775
b54804a7a1a77d77f8c05df1269edcfb,0.70872974
fe3596c249a02d6214098511a546791e,3.4933817e-07
23f80e76f5f95227115fd532191e632f,3.862005e-08
842c22de0b999e9dc11c16b56d70d16d,0.0059114927
c23591a997f9c888f282786e37907bed,0.038569048
0692833aab1a46f60b1afe0c919865a3,0.33070478
87687e1a7b26b090a115a34766b086d5,0.29005545
c90dc46c169935edada597777466e754,0.04362502
c9c390edd281deaff5684df7af0ec061,0.47830334
4df9f3d14ab40bc64cf49c021a6d4722,0.034051426
37b5b32c23cb448e302378ac58ee3361,0.1578178
70647c8481d1c69709ac062c0ed580bd,0.5962142
24ca45ea30c702aa2e98ad52566fb6a8,2.5910888e-08
432113d495032cc79bb361e6cfa161f2,0.057858884
7f9c22c75c19ce0294e715691411b3a4,0.27071053
3d3b5a0ede63d1d1fc9465f17322e070,0.19830477
5d64b8055eeb1948038828ff556c91c6,0.035073284
59b393aa168cd1bf52d40abae2dfd6ae,0.37807623
8fd6db88cea8c4614dfcc4ce79b59c5d,0.0024200263
7412cf7e24418b7382550fd1574c2312,0.26471516
259567a7dcf0c12b275c464c5e8d0d46,3.6760116e-07
c2c94fd802b74737d2974e29766f6ed2,0.04307213
b13c7e7309d27ec59a800e76ffa035bb,0.3380944
7318aad574b0e9e81e9444c65e339f6e,0.1252752
0d7180f9dd0c539482dc37db88aeea15,0.15870692
c17f68b1fd71b01020028b66036648ea,0.4468767
1ce975124f039a13cb0835e06cc3bfbc,0.027256062
8066a82bff1d34e9b2ac2e7f50b40935,0.010988266
b0356d4f5d159025d03dbc079b5c9664,3.8576086e-08
7006c754027ebf3e8ba8f82f73a7e43b,0.9777471
29096d9ff9f4070186f387b2756d3660,0.00046068273
b8e59afbfc86326af874d319e6cc6965,2.5614531e-08
d174b008f055e319ccaf7d3688ac107e,0.12744847
9284d24432ee87dfd65ff1822a007287,0.033531763
1ac07ed4bf9548d709048d34e3fc80da,0.20557256
4cfcd39b235b56ba3d3f4c0523a3be9a,0.35639328
3dace18efe35cc0e0524538eb3aae71d,0.5222785
ca11cbd5fed9f03acec770cbaa7c7bfd,1.1602192e-12
d7f084ed46a22a8656e0baf4c8315a47,0.04431581
e429657a9b5bb94bee36327da41371a0,0.03616872
84fe460d6bc4ed3a17f5d15ff436f7d6,0.25538418
75e957c752e5613ff04a7eb973ce858e,0.48196992
93d24029d816a6a76ec2a011ab8498cc,3.5591956e-08
1839d70fb06fbfdd386d88c5c1255c42,0.08315359
5c110391d77c3e7f6d035b28b6686a8f,2.4465811e-05
e638f3376c1c7802fbbaa9ac585246dd,0.074464306
87d4b4fb7608b999f4d0a6e76e4962f8,0.19093095
2c1ec78a93b0fb50053c4ebd8f1790c2,0.90201414
ded778203aa22070a2ea68bc61c31ea6,0.19719033
2b8825d767a1390ffc6e75090588f22f,0.022828681
9d6d1e0e785d71706e29f6aedf92f21f,0.025231412
3815144d19ff089dadc6b495aeb3ea1a,0.025409866
0b2418a8a98e30a13acf575d7f677613,0.045088746
010fc01a34de31a0df5bf9e0f5604e47,0.042506825
0a5aa8b9b3bf90332ce3355556e77bcd,0.1973329
40d7ca2662153df08e7deb7219df8b52,0.32704857
75d241ea16566338d4bf0cac82edcbeb,0.0011053238
ef793c2e3f76c20ac1e8066cf1824727,0.5479174
6aa63b1e8bfc58e02e960d19b425a9f7,0.19833238
8c50d2c00c19539d5269dbd71fdb0d12,0.03574153
a2dbdad4c7357b1bbdec8aeb4f9d14ed,0.9446174
ebf533b22ccc2880d579b980e92cb834,3.9169468e-08
0984b319827ad2bfb7934547b6217419,0.051809996
0b9926bd964ea2f8cb931fd5d1efcaf0,2.4061676e-05
6644075ef4ba5b9126bb275b74b5560e,0.99973047
eb509895627339410393d81fa6392a2a,0.006178229
d7e8bbea25bcd93f2a99e348ba8d4d6f,0.19687462
2d0c75f382372eb26c37a01911a57847,0.12142028
8ed47d31187ea01d1de6637ce5e22d08,0.31103802
75528be863890faac7eb7c53a95a13e2,0.06394731
fd3b71a7f52146964f4b9db46bf3eadb,0.6405474
60a1443c0007960df89a165b1a1cdee4,0.022806754
d17e906a0a13b24226657cfc3fdb3cac,0.07925952
ed94f69d94f6a93c7ede75b3c7946698,0.6900894
76d72be23ce853e20b6cf16efc9efd55,0.15859196
213938a9a057d8273d4e3798ba45301b,0.5417601
06dc61f32a3294bfb739ab5d6154f3b7,0.2719388
82addddef21cee146c6df39e65300c31,0.28742275
305ad5a7d772bbc6ae193fe9853fae3c,0.03736987
aac9b1cbfd16730d45c57930a98a54c7,0.047818374
44b929ce64b251a651dc6f54c3e4f223,0.9819279
3ff96fa429ca9d463950e0fad23ea5dd,1.8225986e-08
43c8d32d1d2f7bf8922247ca0eb66ace,0.25427186
ae9c81710a014056e3b6f94c0629e4d6,2.2137701e-08
769db5d2399e9c51e088ab76662ef8a2,0.0076660058
9cd90e85e3e133e0dc5f96a461641709,0.0012337669
785a1a68b94e63a08361f32d963d1dfb,0.0073133497
d115ba1ba301ebd7f6911f1b1f962685,0.28825516
c0ccc7ae6feecef6b3be3bcb1f8ae3f3,1.2233824e-07
c11eaed5f1e430c29fa24c1bd7b1e3c4,0.6339692
1eea09155a008a59aa2ad3e0f3b336e2,4.2068695e-08
b486ce590df786a28197e05fbdeec740,0.5853528
d8eb46ce3c8e829e00efe21030832aac,0.43300414
8d1c37ffae8c4434bccb62e3483ef4ab,0.032847475
39cae815fe34f3f0083016c9e5422e46,0.2565548
75b27d0dc205a154fc80bdbbcfb403d2,2.7716754e-07
9cecced2f1e29fd868ba00a7eaf04753,0.1250535
682d54eae4a00f3b83bcb79d712dc342,0.0470451
ad0a5340008677c89d199ea61ab7dcc0,0.43539304
f7ef7a1578a9b909824d37ac24b9e71b,0.0073297634
1d4dfc7ccc87b14600157f4eeeec407d,0.018439066
4e3446d2addc45368583d1bbc449fa7e,0.15058984
ed1e99a56a61c9c2e4682116b2bc9ddf,0.33506852
d08d4e710f6c9387f0e0e4d3b69f19b6,0.35304317
9a191dd64b67e92ede74fa826c507677,0.19734025
a1f6b2c3675d3613d748235df956fdf5,0.011673141
3397c73711c23c36a577af9c8383e7fe,0.6751791
e6445b37894aff6b05a2180066107279,0.16870907
594e0cbafb4721dd001b06c9d5d459e9,0.027860131
3d9590371506fb9d181264ca0222a65f,0.9843195
3c70ac85232e78d36b46597f69b835e0,0.77829117
8a3dbf822fa4bb781eec4a5a38848414,0.2467844
49de32bf4bd156493ef1584a7a969291,5.829251e-06
d687af6f36d6e681760608aaaa78144a,0.011631782
8f51af677b580f71d5be615ba3e4c35a,0.85727894
0e9bc105e2be97cf42c88a98a2465172,0.11849408
07cde2b2acf490184fc219eab08b2d50,0.022808239
8d2dfe18689bb7d6272a92448e92dd86,0.3434485
fc70b1b4bf08129555dace9fbe128ac8,0.100993514
576786547ed0e3c6a4cb35dcec240445,0.007399954
3e5d5e3c956a27fd16abc70471217b93,0.19833228
1ddf99035c659abe89411d9464fcfe50,0.55340916
8c64a0915995379666cc754e96bc94f2,0.97186756
a723a860591f7c119822e6cbb1d8a172,0.9993785
07a6864444554316dc408d1334273545,0.17127599
817fc790ad1e53ad7add788a2d863e60,0.6519543
c3e719f6fa427115f245d231def35cd6,0.0007490863
592073abead5ac2e2be71d8cfd38ed46,0.035411328
116f3bdcec61d6b7a6b843ed5389f0d7,3.3997352e-08
8a6ba2b4bcf53f1b1a3e79b400b19ede,0.1973401
e2768175196efd6759d2937697125804,0.23087184
3a9c093b6407e9fc27ef06eb38876ad1,0.034886606
017d1ff0e128bb6cb57581945cafb8e1,0.29506218
6df38a164320ab70d7fca7ae420c84ba,0.0008922046
15fd6010752e8b826f45ecf7ccfaa7a3,0.5478818
77bab71d746a75e23196354ecdaa536a,4.7402903e-08
751c292213235f9bf43745e096c3969b,0.1983427
1a890fbb00cbc436d3f48d0024088595,0.07376258
56823ca230c5d2b25e2b0e8e00931269,0.19733852
f33947ab87b997279092b051ac6c655c,0.03394375
91ae03f94618b836e73fcc729cd86445,0.5140775
de7f08f6d3e0ddda23e94cb62109d8f4,0.043713976
fe072a23ced28997ee3683706e52596c,0.2075545
0e70b83777777b24990ad3dd6508adc6,0.027995488
feb762d7e5f28d6d56792eefbb1da6aa,0.3989314
5907bad70a2341aad6b94b0e876970cb,0.00314706
af082b348a9a77a6c899558608e42cf7,0.99120224
a45b60e714b235f37a1c9298868cc0dc,0.19734547
65742020a34915e204448afb33bd0e2e,0.5739103
421ba9e9c7ac40fc6c3af3a5ac6bc5cb,0.19732621
204cdae0b9583005eed92479e5f27e01,0.7604853
0418ff9ce84b2db00c802fd1be671b6a,0.023008281
719cb7e51401f205b7ead884975ee03d,0.043770887
d08fead7bf9cc48ecaa24da8ff0387b4,0.4773113
52c214450d36b40c3111bb9db708aad4,0.051729493
9168b5596f74407b6760031a00b150a5,0.0073447996
032e220dd38e65427fa22ca14acbadbb,0.7998887
e5d1f0b12511074ed6cc54482dc28145,0.16099755
79336958f710629cfeebce245e3f1b88,0.013525816
0462901bdbf1bace9bc010143444aa90,0.09424692
207adf70ff2a79063f1615eeef44a178,3.2349737e-07
73a6d0ca5805783455d155f385829f29,0.2085216
d62de7f7206bd7481f8cb957b4c7d2a6,0.17170358
354a18688062282c766a965e44ff9247,0.680373
ffeaa4243d61bd72705bf5e3177b0613,0.058173828
6830bb04b52643e9b39839740304d021,0.25860864
48b919b8a4a7f55902d22865ac6ace31,0.007607008
d79cb06f25b8c319cb116cb9ba6823df,0.19832109
0aa6f40ed95a7d384237a3c0ad408491,3.5074532e-07
609150c7dd4a20fa574d34e95e0aa3bc,0.25883213
b3e7a9b1ab76ad65baf2d013f3395147,0.3276791
1a0ca5ad498bdd7f89f299e16da501cb,0.027191173
7d5580adea6ae56ec291732a9e1701dc,0.19733658
ffb0b70ea5ceeb665d57cb7a4a1f77f9,0.17321073
099ed0756483c2f7f437a00974fa1927,2.1505127e-08
b5ab7c6c930b3cf89127f219f3764897,0.009304654
6039db69a9570f4b230a4c42ad82a5c1,0.9996815
537be3d00baf91c2a13b7457c1bc9ff4,0.06365812
346465c3231cf467a8a7aaf92455d867,0.04322375
5dc0eec73f60cac9ea361f39fb3531c2,0.00044280826
17cb9fd5a30255a44452e85c071db42d,0.20019388
2ae2f00b8c46bd1ddf5f3fc5cf302cf8,0.22173063
fd9c8858067e9f6351c1d2f77baf9c5f,0.31722242
d2841d1acf638ee406aa770ee403d8f3,0.00040178973
8e4651ce2254808f11a40c8d6c2222bc,0.296629
bc17bc31d7b1a699429a5f26409762cb,0.20746127
ba4e5d38199ed876e5024d7e62707120,0.19832161
7622b0a4c2570664727fc97f1363c96b,0.012685063
72f4c8eb64a2e7982478903296fcfcf3,0.03904407
c35b495a29c9ad4f082eea04564e3acc,0.07848165
bddd055abf02077b1b45e67787e04d0b,2.2527365e-05
d4ea7a33ee2f7d5fed03175d5c690eb6,0.26394215
03f0975b2a310344e9b57471883f5f2b,2.526237e-08
a4351412312e0c920d24abf194c91638,0.19344497
6f92c64566d2771f45c6f14936814cc6,3.9792692e-08
a626532493115ad7110d5ec79803702f,0.035259433
b93f7e3e28f068729b0ca8477ee14bf2,0.006836068
e6264878e4b0e566597176d85e79f9e3,0.19733557
cee2f2565b85855caba9ebcd8fa915bd,0.0003710249
506ad3aa7335709ed4199a6d0d49ca7d,0.99876994
79675e92a7778e1fee132a8f34d7c701,0.5896079
c7758cb8fc04e38b934ee85d1bcca2b2,0.5009925
f08d013a308d6f25d6c856e2e7c5a5b1,0.011926169
9df5ce60d92973168c760b8f6e1cfe4a,0.19733454
935ca897049a97d5c20d8e871ee40965,0.9382359
01f35a821e139b97f100ab525c0503d8,0.012679475
fed076553608bb5da7b55c01644f83e3,0.011666797
62374c3ede857d63bdc83926611f6f65,2.7623338e-07
14d70fe750089a5c830d3f3c80bdb463,0.4490707
5cd359dafe19a596e27982c2f5d3c0bc,0.999442
5b31e4090df7db3a99f1632849c46506,0.012332691
426343d8e945f93eec27a284ec854a20,0.18509814
e45765537f595d80c9945203a4903b9a,0.012050142
4f9adf74738486e2260d0ddd3a7bb45e,0.19734162
28a3a9ccab27854d5480af683455a584,0.61374557
67f0e556d1d2102db7325766bf3b59a2,0.4406694
5e17f3c79cf4560dd24741b73cb6fe86,0.03735286
e85fe1f4fb95fef07dbf71449d46b7c9,0.19831878
b6571cc53e8da36b7ee141fa646e1867,0.19832857
bd80ae67805d17bbfc2608c62f554906,0.0022557876
d90ba09adda4dd4864bef7f733143377,0.27179033
6b92d79b59efb97705368c7453d11787,0.012048633
64d1d07e7a3bb2b27bee5d7e40f38f5a,0.19833046
744ee3dbbb3edff6e135cb1b31f779c3,0.00087728153
5cc1249ab18145f7539e528c48d94a42,0.19832796
fb935e1273f49ae979f1fc8741382d2c,0.3545285
476008437c849b6213f989f359e5e2ab,0.78444266
d12f0a18564b2c565196da5ef410ad2f,0.20053403
45f0a3e8c1ea26676fc62911c7fc007b,0.19733885
aae06683ef86070ddaeaaa60a10e59aa,0.036505233
33fb51d37e024be2f14b90b87cfbd5cf,0.0009124661
eb3887b74bbb2488a51a2b7c2afed7f8,0.9965455
a576c930a515ea396702f142fb8607dc,0.16637771
f3858fba9f17e014f305d1caaa7cb250,0.14649066
4ae1871b5e5dfeea68a139b9a6c0b366,0.04613022
a54d4bba3f20e7953ddc00746ab9730b,0.19832876
6a0d02136eff144ed61e485e8df59778,0.042188868
0b6f6aa56dce92cb2add0f0c04751415,0.09170857
9cc2bcfc6a5d91e8dceb038ee7f0de81,0.2449663
b7c3344870bf2e90d9c4912eefd2a196,0.11258204
79cdc7b5fc4a7a6ef2d7259b88eef881,0.011437948
84d4d04ba1cb59723bbe862eb7bdfba9,0.007528913
33847549bf7b86b01b7cc8e75b057182,0.20705919
bf8d5275618484ff1640a7582d6801bf,0.21401973
15b3eb2e8c1bb196acf1ccdf3d6c8b3a,0.03884368
c9ee161aa346393573f8f4e256143cf9,0.0126802055
b2c49ad043f8e5ac54be48208a42e8cd,0.21647413
6c1fd2a75f5e4e41b1024018d38ad928,0.18130568
5fee4f8e56e9c85a8c53145360019f18,0.38041878
ca1fdb6e7242b8347d6fb5a3b52eced9,0.9855369
a8ce47d5c8ed4dffbe1484ce2a4e7bd4,0.20053947
101a9a4d789835a17e0723c6585783bd,0.03536775
961020fc5ab430a0471066e88aa8c4c6,0.75976014
505b5fb45c33a84c013798645e86ddd8,0.0462682
d3bf389429db0c320d316e644ad70147,0.024075298
1e068e2f2e9f47c97f0d525e068af993,0.03410399
d8b6585e0270b0d82c7abfa7df0755ec,0.19550005
39017f558813759f002c22db4f0a8555,0.19076829
f727c1bc916721498d15e2d354a0d73c,0.0073849433
3f6158808f327bac3ae3bfe192fabe0e,0.20462911
9b8aacdb2b589ba0c6e1177588996b38,0.16980097
4737e0c28a32cba13fcabe51e692d184,0.62594223
622f4cdb56d4bd7431145dabb27ed15b,0.028841078
3f89f29f260dc3f293a23b8a5f4ac648,0.10223603
2b4cb253cb9ccf1f5df37e0b276e5bd9,0.0025714184
e9d42f3a782ab420ecad90df1c9370b9,0.19833122
d6f45dcd33808848254bf923bed1cccc,0.24660337
27b65bf7ee18baed5634c7c4b599f601,0.20048945
1612997968f1a4cf3c5d2e1217b3efb6,0.5736616
12df68deadb6e04fb7f66c2afaf923a1,0.006966003
a09cab4de51c07f429e6ff0217ddd263,0.029852405
3f143e019200b30385b38bc250316466,0.006860184
173bfde1a3e3ce2572124bf5f0fc8d5d,0.0076744864
60ec4f50407678fd87ed94d8c3c256a7,0.00760049
cd08d9ba61bc6ffcb8dca7845caad5b7,0.9827293
52769de73e19f8d4527c58f0bde1a1cb,0.30194688
addd11b7655d5e61676f1e2cf82832eb,7.874643e-06
8f0b2140853dcbfbe6a2f031138351bf,0.16050455
03b6b205c66baf80058001824fbabdd0,0.43524686
d49b7204eafaaf8dd8bfe55e0220865d,0.00094727345
3d6a9ffa0a5289e8fad3931b82f0d9ff,4.7159165e-06
4918c08fe8010816f11c96e79bd1316d,0.5506903
a1b14884c64a44d7e8d2e82600d5e017,0.2192873
6b4be9c1e0577adf21fa4a70c7e6a7a0,0.74330044
500bed9b5e5d6c34b3d4ae345e2e35b1,6.8406157e-12
8e80c92e62a07acce4710aef2e87c891,0.34499416
8ee0cddd32cfd8d633ea0cdf8d5512eb,0.051408697
62a29b46018d2e6e429ef0981db022cc,0.70224756
c3ad27c9c70e3c1f10be532bae40f992,0.5209151
6cda0ea51f327611a73076480585e3b8,0.19734111
964b283d9ceaf0e0ddb5c454658fb68d,0.037494827
dcc1f67b2d4b20a2d05889b9cc22a390,0.030735668
983182cc921a8d9745ae6221e2aa45f4,0.9997059
fbfe2ee5c3dafcf5c9b8fa6d7fc4b7a8,0.044807974
bfd20ddc30f68e72a0ba27503b2700e8,0.002396637
5e00ff7afe4dd0c947d73cbb30539868,0.1683327
c751b1183879d3054eefd1cc02b0dd52,0.012021375
2afa2bfd44395926eb1ff91388c603da,4.7277133e-08
9c0bacc93b1bd916674cb74d27fe6840,0.9987394
de5e9e5769b47919a5713f67fcf2b2c4,2.6381116e-08
536b06e106b9f179a16635a5d3c5034b,0.84507465
89bef5b37a701db7a0acdd4bfad485cf,0.0010263879
4ac1e729c454e239520868c1cf5fc60c,0.002567589
613e731bf142f930168c17047b0a88e1,0.22630481
c6f649f66f38071bcda7b528ae6ea098,0.92799836
d163b540de81871b059fd090c84ebe26,4.8924722e-08
3c652ec3574cb1404875818eb8ca8701,0.03751681
224ad05cf2b96ce0033205b3fb31fc35,0.7998837
5d8de025bfbbe540d724591383a3d3b8,0.046116713
b1ace6bd99bebde067fdbfb73013f09c,0.00043972683
68b6c42a86002f80f120645308765eed,0.98038816
01ffc358140b23bfaffee6cbee677b25,0.6738373
913bdecca486a73aeb447dae7c67331d,0.25842896
c0fbfdcb8d5dbb9e1e8e11761d9d4382,0.9996231
d0e48b25636b37992d91dcf804a98197,0.51429427
ca571e88976c79021d96a0ab7bd7dbd1,0.029383594
18370e703c81bd53d3fa9f4938318392,0.0012566806
3cce47d8596a47fcdb05cdee13e99d8f,0.22296143
75ab2cdbdc491a1d97d9e44b7928981c,0.36079782
caddb4fcaeba9d54548fbd4335facbd4,0.0012080728
ff3ac395b46867abad29d04b69f785fa,0.15899855
bfdd7723d2d1597a2a11f74d4cbf69e0,0.35260743
22f1c3a57b514ee5f6e6ca4ea0d7c186,0.0094811255
bb45f1bdc9fe6babe14afc4c9cd060c5,0.79893243
8d30518d91e4e3464b400f1dfa672ad1,0.20755339
7edfd2168d4fd92077ea207ba1460e54,0.978113
925b29ef3dd7638e7e8f1598f53c143e,0.19833474
47d0389e50ab59680325d55aa1a816f6,0.20754798
4ae1eb97dd2db9c8df5b2bcb7896cc5c,0.09358941
7452140c9f15df16b3601d947845d60a,0.03921767
92a0af1abf1099389c619c6e03740305,0.022551406
c8ddb6486b3001a29fbc54c8138dd2b1,2.9407895e-08
e6f523bbbc8a55e8dbe917a9ccab31b2,0.49607223
1dcc08e6850221bf4ceec00c2317b8da,0.7856447
40c5aac3bf0aff1fc3f5e95da5e2ccc3,0.0023796053
cd14f69c07ab850c016cf09e7fe9200a,0.00257438
04eee9d085e8803077e82d9891275f42,0.011737546
299508a1137d3484b1f7d9ecdb086725,0.21949735
c8ac19d7851fe8678e5afaaf2d022cc7,0.19832398
852cb1c89bb3979360d60df77be7b5af,0.2565754
a1664d5cf4c0d136adc91630fee32eb7,0.7202078
70f5d33a7acc3aeb3b81006952ead2dd,0.04416105
c1f9e2fea091df7cc961329c17f10479,4.2618108e-08
3d64d1cc34ce9bf598eee23ad04f8f6d,0.98775643
b4670f301c6833dfb1fed1949a94ad80,0.11240164
f6c2587d9debd4cd3f1f5d47122fcb4a,0.28860122
7237750a74b8e7e5c8fc091038457f9d,0.05014465
536d882ff11cf9d1eac7eaa81442769c,0.656733
7c122dfcb7092a91dabd192f62e99905,0.20079927
6fec038757edef8c57515e9323a167ad,0.13226949
fdcba1b87aebe6f08ac3bbe221c5148b,0.8571126
3d1701899eb13730c100227d8bc03c6a,0.19735613
fb403fc66ad0160951908f090431f7ba,0.407664
4f60c17639761598d1031f59af77f295,0.5911562
2a5c93ac7c5f7c48e399dfc8f272342f,0.6041724
983875fdac7f792c77e63137b9d4e826,2.7514009e-08
8b2cc386e43fdc14f450b4757ab00f44,6.69501e-05
8822845bc874832d8c97556141f2c37e,0.63278216
db59667f538b5948e14575a293148f4b,0.19733223
b32cedc7f257d10fb2d4b5d73a99937f,0.05080685
24bef0efdfe16343ddb5d57a77914673,0.9874814
2da1cdd4bd6772d6d702eb4bf563eac4,0.35231322
2e80ff39ce822dcf17c2af3ccaa41855,0.42336303
f0bf1bc74e0a4d4487e38fc0c80cc387,0.08590665
f6dd64e9d0b774052e07ef2181f7708d,0.012041708
3d41ff35dd4b1fb6e1f6e45445c90b76,0.25693884
d395879f2e879e93e69b20a464b4f1d5,0.0023841332
8347c022b32dad83b0eb0c02f1777e17,0.2615451
8bdd79f0c74e7fc3df9ec96f218e14c1,0.20053203
b0e1da2b1ec8bea361be2869d1ba081e,0.027520135
db8601fed9b4b4f156247b0d58347f0d,4.3873456e-08
e629561b46534eb7d2e6eaa2b998051f,0.53093004
076e55e2f6d14c09d66d76b4c5cf9800,0.037827842
8e730537277852b42e1dea8778694730,0.03627197
ea16713067f7eeeca0eb1900efdcf156,0.9997349
0d917c62f2c02e52933acad13ab33af2,0.03946715
439ec2e143196c6a4d028e53825d8f8b,1.5501078e-05
1ad0d8c6f99b332d46eb29c564bb5e65,0.046249516
783aa25d32629ac0fbf3b040406fbd2d,0.007546139
6c15177b406333ec1c8e6db1643de4de,0.18662128
f6ca6a22dd61ce75e55fbac5a72eb1c3,0.8150196
6e199846d84ba3766baa47a12166d73b,0.56254065
a7de50f363506bd824d63a27c89ffa20,0.036715344
3bbd4747addabe89d5a4cb61e761ed7a,4.415997e-08
12e24c6ea7f97d3a7650f9e646343eda,0.7411765
f20433c282a9e2f76040479bf8dddd6b,0.9710032
04740f795bc1fae004d9a003c911a800,0.037254877
7cdae1a9b793f6bb1313414777e72ab1,0.016080659
0a0be63116090a1c5fde12e3f200a6b2,0.00038450066
2b4fb83b26fff8cee7234d94a70d9765,0.0074154334
e0e166275441a8e85028f9f2a0a979cc,0.19143425
e58cfceba9d78936cd15fe635f3bf4bb,0.031874068
09fabcec7a5aea06b1551f0ce6b02292,0.19733971
9b065927160eec78e976875a1da81c65,0.22338557
52b61ab18e6fc530021eaf2a213fb5bc,0.72887874
d3516b42cbf8ec0e32bb8eee99c8d4ff,0.012907462
f4b9843958a7069645a8a174e5172ccd,0.03263713
f01982a6959f8660ebe908f9546bac51,4.5205393e-08
d5807e55f64bc1f8abf5923d9892b167,0.33172357
958d5373e07f61f420c8e1bf25765d20,0.9996805
4c4dff9a0c2967b54c2f40f542fea8d2,0.1983347
2124a90adf8a859a5500a8233c0c5e0e,0.26390845
1aaa7c0c6b24dd023a69d885e44182d0,0.039287187
ee5ec203379cf078113cc949d4161f67,0.19713321
729b091c89865d110bfa0c3930a83126,0.0074081398
b0ce9bd996823efe2bf4131868cfebe2,0.24217673
4cce7f986a3bcddcde9b38bfa927d10d,0.10929946
1ae254ae9746c05fd18315acdf622d17,5.7545826e-06
ce5b6cbf5a4fcdef030fda47d4a79c00,0.30687425
d7717f0a70f142b5e5ba2239d14304a5,0.4151942
aebbfc02b9dd1a62561ff306215506c7,0.0050399317
ace9b637be39951a1c69c7a83d4e042b,0.36726356
40f98c331ab300857045447e6ed3c9d3,0.030771852
d4d372c1d84a82237676f61c56ae7f9c,0.19719164
40a723a491c97d0146a3582b5147d1d5,0.28590435
cb1798bac610c4fbb74c6419701e50a1,0.001141999
246bbaf150094cb2df58c9c37ec807ce,0.19832303
a06612a10e06d1fe0e3ac442e0b09cca,0.22517899
0489ff5814f6562579f013e2d6585a1f,0.005758793
1fc34e8eadac2d1bf80365559d9f6f29,0.19733499
95d493a6fa943fc209e8dc7a6865b3ba,0.35484213
3bbad197975114bdab1dc2fca252aa90,0.009282942
1586b1b0490d67c14f6200d7df6c5565,0.062874794
dd9a9a49ee0e5e77d9e9323ba608f02b,0.40354952
d2acf6c6e7dde6b549498f68820c72d5,0.5872528
adfa20751c877fd2c2b01354e8b3fb13,0.042396702
80a8531daf154b945db7f38de40a8976,0.039555904
87348b6cd83867d684dd771b3ee91d71,1.07951506e-08
f7f9ccc148841701d85e6c92f4fe29b4,0.42270082
94c545333f0addbddf715dd8629a5114,0.93875706
7ae76d545d4e22f85dc90c684605f16b,0.1338391
cb65da8b3ea23b40a56b4dbbe110702c,0.9855808
17300d16103eec217fc88b0b5c5d02b6,0.0009577574
847b1bb3ddc461c523145eed31ac9848,0.009479661
2c47c8ff0cda4511821f8dfd96ebd5be,0.0091264
73f70e7e3f01e893f01ed0d1483590e0,0.03985756
a2ce16badf724af4b2a4744014c96e8f,0.0013051413
7c74718ca2aea5a12b1128ce442546c9,0.26698238
736272a8c4751940968080a3a273b957,0.61219454
03e06ad78e8433e407d31b92b52c9554,0.9968761
5937a451f16d3c3979898f0a0201107b,2.748831e-07
ce259c0d94366281a93db6e980624e65,0.19095477
ade1a7c8771c92fe92e5082ecc9a2493,0.021081017
33524318c804ee38988c9b50c82be13e,0.9714695
c800c45f6498a18bacd968c8b1a378db,0.6329776
10db2d27eaff67cb86b52714d7b3de70,0.040771082
5761e39cc0a03ee7b903b0ed5a5e1e74,0.0023787527
ef571c67f05a3834336070f9d01dac31,0.19734684
b04e7742809d15972b761229402ff488,0.60044086
643048e16b32a859d520bb1c484a2e7b,0.5983489
0e894f73691a6eeaecbbdbcf2767430b,0.025800174
c888cd7016b267df42ebb9937f325e7e,3.8306294e-07
53e1c00592c60bdfdc8b78f15ec130c5,0.20051555
7777703020a76330b89b453ffd37a3c6,0.94426805
9d3abcd7531f9c37acc21e4047f68554,2.2974351e-08
13354dd4985313d854e13b376522a195,0.18828698
175f90bb8f916e673e2145b8d347e5ff,3.8084866e-07
6499aa3a7cc13bf1a4d3ba8f5229e313,0.011518466
8e596a914baca6f7eda1f7806125f22e,0.06199319
f97ad45e69787a582ff3bed6a854adb2,0.05951231
f4e78cc7a2d340bf2869dd5fa5f39be4,0.18801664
06d758aed55bcb2f8df4c67813d11344,0.20746787
3d604633d8d0dab80cf705c1ae301763,0.005815263
e37ca4a33b9db83427a3b593501a0d61,0.20756027
a3aa0b1ea31fab3c76594914dea73bc7,0.011412523
7cdf43c4455185858fab95bd7238c725,0.00013570525
8bcca65d444332ad701e2a94ccc0cadc,0.19370104
3c2e19c0a11b2a8254be349cf1171693,0.22673115
65e9358cdaae2ac656f6e0803b5457d8,0.38025212
b7dc300f6d807d57067352d1d3663743,0.02891874
f4b7b73ad330a0b73f18363aaad939f6,0.110226765
db0e6e6a44e37ef018447306dcbe558a,0.25403622
225329590ae0da6a4d275ee189e8a435,0.036448456
af5672338ef9c40a3245e293ebddd773,0.45487013
a1efd6b57957b34f4645954cfd7cd4e5,0.02744689
e4df34a029cedee14bb896490e8d523d,0.5238677
1ceeea3a002f00e1b22725e04f720082,0.19027634
f7dc2a22657565ada82de9cd88cf8b3c,0.09476052
58fc316b3ac842c94d0076640053a33e,0.9997451
930a1cb63841107524c793073d24f7fc,0.30648392
e06c4e39feff15a881d24afc89b0855d,0.036140658
ce76da2cdbdbe997811dbaad42570fa0,0.015601076
38fbd4445e816126a0c9e89c7599db66,0.53893816
f81415f3d82c497f0cd2db5186356a8e,0.011521617
cbf38c5d8f7d6811a2cff2070e7fe4bd,0.9994154
ca5aa2aee048f47401ecf4ad436dcb8d,0.22189076
73ed7b79c41085dd3fd8fd15a0f8e368,0.0074717076
9b8fbfe4735970965b6f951db3158aaa,0.99994344
bfd3d8ec216662fdc4f280562f1288b9,0.9834541
c3844e6eb93a2c9434cbb289c36b7d9c,0.19834073
2d3e97d7caa5df6a61adc7540f70dc8b,0.04522222
7264f63c89f4169b130d17a7f4f36094,0.88560694
d2520dc0d4d93058386e21c6f205982a,0.05602197
f0d22a8571b10cc713ce73712662e310,0.013067134
6abad16af029315442b9c0db6ebc344f,0.85728914
bc979957e1a7d066669bd9f267fa3f7e,0.027549494
ac7fddb3f0605e6791dca77d8f99c4df,0.000979301
b20dd6ceccb0e1f790f0ce7dc2710e3f,0.0017667152
87d1711caf3b18aeabd6b6ed42c59b05,0.19733873
8ddaffa828ce177ff40c8ffaa41b8acf,2.4482068e-08
7d872b97740bdea011ebfce94f745a53,2.1470308e-08
17a4e17372af27470022c942d2b0daa4,0.63497794
f52c03cd1f150244f446bceaf7c547e5,0.03307452
32d6f0462e4f2813dcafdf9f9a91fb59,0.99970484
6efd43be666f05f015be314ccd641eec,0.03833004
09504677b8256acc8657baa7d1c6472c,0.008455834
0afa3bb4ce84a20b5a545af58e2c0c00,0.01227929
1b388504ec19ba91a05e85c8c3e490a5,0.00034636812
0265eb2f8907b343d3e5a7499d898601,0.039079886
002a5ca95b2c87fb2808d858858d9ebb,0.22995146
0e70fd8121a7662fa45ee2e4c5f78a8f,0.3928349
f0c3a9e729c0ec98ecf265cf991996e7,0.04933522
6598de7170e15adfe5eefe3d0cab7ae7,0.6833081
732ebf0369ad59949987f0c2d0d24479,0.19833463
a25fb66659a3d04a5fc177eca0a965b4,0.22954066
826c2cae61b19413549c296cf74e881f,0.17371207
fe498a0acfc61d6f85c39e065e4a0ec3,5.7707563e-05
dff54470de4f89af308f334c32099efe,0.9995942
fac25dac84e9fe2ed8cbbcc646ec71e7,0.24162392
53f80b8c62ec791e7aef8f5298dc06fe,0.14473657
f913a9a13a1934ad6fe3d326629096cb,0.8756367
09da28dd8c837114c5050d988ca324ba,0.36230955
813994431e0287f51790c6d8bb095950,0.02298252
fe35ba3a471c57d84b8d1ae89a037ee1,0.023090154
f8534b6431841a94940e8ed1b1be9d19,0.046048902
5e8839c6f4d5a46de9cafcf956ce16cd,1.3201585e-12
efa3928e60fb63ee857aa1e3963f7778,0.9864851
6b1db77aede2ac5b9a409b46e4389e5c,0.011679792
32b94ff865318647f89468f9c23f642d,0.94601756
9a162897f568f674da5f0d3574ba77b9,0.012044188
185362c5575cec6f7a7e79945e8ec93d,0.029417079
f0adca11172d47cc2d5990780e445b1f,0.046055112
84991c5b9c946671d7515fe3efeb3e61,0.024001786
bbe8e4f1cda33869909fa83c51afdff0,0.26432675
db142bddd47872575c8a25c96f827618,0.04558486
d8d053211b8d200c44413654a626c827,0.036614526
3f5ae0c6fb3319300d698ec59893a39c,0.005829049
d9e650a3c7f0b49bdac44015430529da,0.028535346
42d53253851edd990202970a3f646e11,1.9421066e-12
70d3fd3d7cdca9e9fb53bf88bf78cd7d,3.2025344e-08
5325652ea9627de078c3f1430174b262,0.5755626
cda831ab459b6baa79bf72a8bac97b7a,0.03382718
8768e03cdc1b1c6ce17dc6abd426c1f9,0.79795915
3f90d5685e996019c25e611fec0124cc,0.93861276
314e6d47a8ccf6ff40ed4535f9fea3a5,0.0074442565
35f696a1dbd439a9d2da0ef94578f160,0.0075313486
e59ee68273fd99db955a2647b9d4ed93,0.19733694
5e9c8f66c7f474fa5d822ec143a81bc3,0.016325979
acfdc8eb1511626b94b14063b957b613,0.28767756
07d1c7e7752c9952d3fb26580edf9001,0.048943445
429ee1be21cbc5d8f9ccf90f222d6da8,0.9811875
8903b5f4a19ede8dc83cfb3347998468,0.0075754956
0626d1a3d8a5dcce4276cef00cca3974,0.43519068
80246c904c2df2d6bf8a8e2a301d4827,0.011997249
2d4420d49dcc575668933076e96ae286,0.19734056
7c9074f71493fc55c16a6c16c83694c2,0.19734319
59be10ae5f1ef9e83d266a90a108591b,0.79988843
73886a576ab8b7578ed3d8f13234b57b,0.20754449
e20f23ffc2e87ce95ab28d7df446c650,0.017469894
82d3a9b80ba66d7397866ae3c6a19036,0.73464286
5055e452c5dc693461129cf56367d4af,5.232921e-08
556d9f4cffa84578d139d45d746ad569,2.91643e-05
f5cbd2db2f3cb4c4fb69f4b27d7b574f,0.028988015
a9410db7429e33ee1270cf0c80c25e72,3.2530045e-07
46b77a6a7838186ee63302887c1e4aef,0.03640946
7a1fa171fb082d796420b2376d22a871,0.0025642063
0423703bf5906557422fc1c0a3480f0d,3.756063e-08
d7e6e548ef7d2c09b882dfcf8777bc44,0.33750242
94f492366881ceacc3b65003c4c0be80,0.32629874
84dac4a9a1c298c840bb9438fe888e80,0.25766456
5aa966102ddde9f82a44c539e246da05,0.10528308
11f014d42d00f83bb0054117cb0b9fae,0.1983312
02a346842b01488fccf28e24343019c4,0.058582027
87c26903ffcfce7537e54a7fd44d8078,0.14667001
3c312569618e53b0a7427aa29e2b5bdc,0.00083465286
5f065012f31526d768219a586244c36d,0.17086199
5dd1a2e7b77f5a03d830d7d2c78f2461,0.35813484
8294930330bbd48dcca22646f4f29fad,0.097514726
bd159932fbdd9f2c8ac5139e2a0f8ad2,0.011762595
ddc216e1cbffd1e3e2eeb6dd42f1fc16,0.9994916
54fb8b764ced99016c1944c38ebe8804,0.9797863
18d18c57ec21421a2c3831d63fadda7b,0.7171387
779b1e92c83b2f64157ce1c16a3eb400,0.07397385
3ff234449ac63ce7bea2792158169a77,0.045593984
0d8c4dbae254e5c616ab8be9202a5ca7,0.7340851
3e3be69452b9e53a8c5a234ade254a33,0.011731255
dd6a4d531054ddbc1b3ff8cbf2ec128a,0.0076053487
60c70cac47adfd72abec56d1f8372a82,0.73190147
403e1a3d6c9c8ffdf3a928cf81891cbe,0.069404736
8550a4b0a33445e428367b0ced5326e4,0.20718488
311f1d5cdb3c5e48d316daf83d4c38bd,0.04014126
5b2cff0447d62b32676c43829abebd44,0.0025603608
4829485f11e62e68faa404360a7a2997,0.282064
6187442296841c22c3a3c049083136a6,0.2503752
cbb0e44c0543772957871ba0760e43a2,0.022993619
14507692e17fbbb7494a2eeb5cdba146,0.73637927
319d40842fabed53093bb27f9856ecef,0.0012617917
84224064f8554bcea55de014d6d8538f,0.9676963
5a3558ef985a86ba76c321b07e082343,0.00028961332
204461d39b084014483e8c0838300a41,0.002652057
c53a9288de3640fb0e63e680194f3339,0.0120364055
267fe3e855bc91a3c26e2ae6eb54b60e,0.33708823
7967fa0be3bda589e20d3daace13a9f7,0.009393311
a6d401e9dcff6038fceffcc4e04bcfb2,0.19833308
eec8764723e18be489e752bd41996818,2.4685985e-05
17aeed6adca0a03341b6b8b8db242ddc,0.9972664
f4f273dde212d8a2789b957b35ea5979,0.4700002
28a8ae5c24c18b5a911880a97ea9aa47,0.34221435
516b53c4e45f92deca6cb8f5eb3e533e,0.19833681
e148cae3578f30dfa44604eecdf22bba,0.03912661
dfa5de4bd52d067ba6ce366a0c63f647,0.007683251
6837ba4c36fd8c081d67edab63803c66,0.99961835
7968520ee6038768138853851e3728d1,0.037154492
c4a40357da9c6086713b0fb1405d0a26,0.19734105
c00ac33382fe3eae3ecf55001a4f1d86,0.028886998
18cac30fa62fec93ebfeb1980bd0fce1,0.19733702
fca7b1227c1cc97afbfc8d82f62bbc2d,0.0029602395
7282b887aa8bc3dfff8854d00e168814,0.031168574
3c33684aceb1643efa132601f4773004,0.99157685
9ca3a120b45d5eed8d286e21c02cdb24,0.26942748
2cdcfd0c3c3fe9be4d630b3b75bb531a,0.30753088
19c22be6e8646886fce6bf5b2848417f,0.03898625
974b0381f9e9f74f45219bfea6fdec33,0.018291209
c7804b0bca38f35b1adb33ba013a643b,5.083092e-08
882f9b763fffb8429825123395337eec,0.3322262
854ef5ea4d1440d94e20dc7d7eab0c41,0.0007885696
761d5f52e635c7301d17e2ec13f88f12,0.98213845
31ce7d8522a4ee3ba72ed934e7ffd70b,0.19553742
16302f425434f226784979caeec44b4f,0.13954626
9123603fa9af90f6e542da9c99c5ed0c,0.011550523
bcefa850b7141906aae2d56dc8986541,0.1983318
8c373b1d6ca6a6e4745633698b5e1060,0.043523785
8faf4424bfc687fd75c0b63593db3e1d,0.728882
7ffa4869b437258a278d76001d87ca7d,0.9997324
96a08a4a67e296a50a5433d1fabfd8e0,0.022345541
57448a66c3029b5afe03342bdb05ff6d,0.17730995
847b1f71481856b5c74de2d8d23ccaa3,0.47869414
c0e4e5b9f0d6716b40a15185e078880f,0.109695956
8f724bf58f6fb3e1b4b5c65e4e3e581a,0.47818366
51e2a96606f54fce4b0497c2da7ef5f3,0.20052716
2133e954df9bc07870f3420920f505df,0.20745507
58d434b4d618ab70e9daaa6d48247a14,0.029908713
3b985d211e81713c0a03d045ad6452fb,0.038626343
54df08bfcf5dbe92b4915a3a75dc62b6,0.6613873
85f015fe515332343d28bf620cc6cd01,0.999718
b4721b8bdffc6c8308e9edde80703e79,0.5796752
9a687798ac262fa0a31072c08d7468e8,3.24455e-07
06b549a83f75636f199c013a5d78f5b5,2.6106052e-05
012382be6f131ec4e014996b45b2309c,0.00032625734
b5fff2223b244823cfe98835af6f16bb,0.04210479
cf9f61d01f2d8e264b129dbd1ecf5ccb,0.19734585
d780462f45907baaeb32d233f25cafc0,2.766638e-07
bad98859e51fb7e5e1c95ed7f0e82fc4,0.03948803
462610fe4b975955d5c8bfa6aa7a6f70,0.2075597
a139ebae2b565de3914f6f02f3a860ff,0.0022994708
3c38edf800f47a975989b56e6f11a9dc,0.060360122
cf4ba8230d4546e52ad7a7a19d21d64f,0.09883807
6988c42021e09d58e49488a6fb766c3d,0.23093633
62b330e3a72a8014243338d8851086e9,3.72493e-05
7e59db05e4db5274c16a79bb58929053,0.0012011206
4657d0058f3a9cdb3ae61aae11260e6d,0.11378858
06c646896f310ca6a131d5e0d3a84c74,0.3788382
986239e3d9b0753d74b0b1ea0d8826e3,0.9601995
8e62b9660800108e9c6b610a4465ed38,0.49522033
1e51571aa29f50ebc0f6ee6e0d65339e,0.05003459
577f5f188b3de91b8abdb8256b028aab,5.382222e-08
d41bf399b7fb921b81970d396f8ad8ee,0.011405436
11133f1d7de2967d101161a7d48143b7,0.19834457
4f01a786d695a7757a7d24504e832469,0.13545614
b448945c8c9c617b15279d31984b9e02,0.19559649
792f7ba6388477a7852f62c0e3c532b2,1.5097672e-08
e15996280bdc2a39a88e4e03a12dddbe,0.30274433
1b6ab3ad6d1d2412fe7c88bc0c3d1add,5.75029e-06
702e1de07b7ff2bd6b513480d62b6600,0.0012228613
7ece11cd113a4a45499690332959fb01,0.01267657
3d6f5979c9d80002380b919e5dc68aa5,0.007487713
5af452dbf8f0a866fb29af4915cf078d,0.26151037
3268a0356d3ff9d05df091d033e58f7c,0.316676
386428b8fffa2e51337b5127be7a5ae9,0.038715634
f16872376e977e9207e3d7dd00b10668,0.13539198
e39946f71a193ef7081f721d506c4cca,0.033536736
fe1bf4e36944492d82c4c7e59080e443,0.5495821
de51a16c0b55e9e574621f5beb76014c,0.054453753
86b57099d58bc6ee1f1eb1fa21ee02ee,0.0023871101
2ad584fa9a978646a43f78ed62e409f8,0.46602044
84acba1d3ee8749cde35e58cd3438400,0.03805436
bbdacfb055cd9a8e21959643be78b43f,0.002531488
d7567129e17d6189fd7ec289e491b3fa,0.22055145
d3a673fc3af3306ad66ecb5c019fad66,0.04523354
d43be33fc838189ca50baf3959eee29e,0.0008085399
96d1f9b80c3174fd39f9fbfd6d7b1636,3.2479997e-07
55751b8f9152613361b883af96221fc5,0.19833519
8150b19877f40c8744ea011a11afbb56,0.9739466
7b6683497cd54d8fd0724cc8ff981a8b,0.5679002
61aaaabd36a795579eda6dee54485876,0.0126805995
b5766a90ff9ba07546d13dca87a08756,0.11286702
dbd78501df90ab00975d59df6d537955,0.29008228
6a159f1db9589c19c18d45cb55e6dee7,0.0070262165
d3de660978a29ac171af10766cfacf67,0.04250949
83587199b1100039f6d5d73f59cedc3b,0.20754707
816daafbce331a4a9b44caa1f2429f94,0.30464238
355281f29b353e77cb6a01fce457554d,0.31625327
0668576a628ba3c936bb7ab0c71341c4,0.00069597183
f63d15330a9f3d6fb15e5009b207cc51,0.27003872
b20a7dc970ecbbd966f630992678d488,0.040038027
51d8db7fdd77496c23f45dabcdb7f10a,0.19834688
0e9b852573b4fbe5ba57ef3aa26918c9,0.050143767
0664e1a4575beaba571d238db44427ca,0.20754226
1c121e10eb4db25d4a58e9703a5de0d2,0.56656605
671e218c4998270c72dcef03be152fd1,3.9015682e-05
059093b344b935ebe05760e287093e09,0.29015985
6a556b2d91d8c14fcdf5af55582f5df2,0.007530908
1fbe9450ba721d7f58b2892e226cc02a,0.28016648
bd05274058ba5307bd981e7c218d1c1d,0.9904372
f068a26d5ef364b21b40e5c53e306a2c,0.04717038
41db45ec8501e0856675be63104c3e2a,0.5034177
628439ced043b532fe10c3cf223022f8,5.013829e-07
0b6fc9cd8c617c01eee5927161cff00b,0.45227948
5f5a7702eb2ec1450e21f903deffc4e1,0.49516815
521b65446b0581bb53ed9606f163442c,2.4708749e-08
0591919423c89438f5cf8840328afe85,0.034899503
ea3d8936b9c91080d8cb3589063c7bdb,0.5101983
c1903694607b0c367921df73d5b2a40c,0.19217893
13f83f7d0006cb5ea2caf94313bb7b20,0.1973491
4b9dd384cd45e0fe3584475208f4d843,3.250091e-07
ff097549c9496ee483cb74adda7cd949,0.19832543
c87596a6ce03cb472990c463d455b43e,0.27910402
52bb1a3660ce8fcc11444f649589ea52,0.9728168
920619d44dd0343e32f6765ea374371c,0.5540663
18e1cb588ac946057d941351ee7a8922,9.544901e-09
457a0f441c4f119bac73e1e7107f64e7,0.06877667
74ffcba2272a592388396c365f6de6ee,0.030125478
7ad230c26830e20381757f41bc4b70ac,0.3032835
035389a9ea141bed284bd745083ff689,0.832909
7e4ead0526977094b2f64664c2d8513d,0.011631171
c806509ec0f30313edb3db3bc7e75075,0.03737926
3ac9c757dd2bd7474deb4f857196da20,0.63892776
77bd60c49ad1c4132bf0a56f91da74ea,0.028223485
0850c32a9a7216597dfd5a3188508290,0.7654723
ab18c9f03222777f0cec19f0803c1d4a,0.45519766
55f47a6940821ac37e245c00040d8e22,0.042947687
beff25fe68b167cc5e82983c480829a8,0.0073540807
16964d4b073b4a9cff659d00bd329ff7,3.2000052e-08
af18147fc3c6c6a18141fd7326107d10,0.02612261
334343c60eedebb49321cf567b97ead9,2.6532865e-08
8d050d6394d29ad56770f121f7acad74,0.19832528
89ddea5e4ba1da4831d1c4170874f8d8,0.0023919377
16ddb18e437df737fc3504fef8f8fb5b,0.9842535
98cc1b4e6b2833d9a5199603cfb6fa56,0.2033164
820aa7f8c897dd7a306def64607941b8,0.034145795
3aa0666978e7d868add8dcb235f3fe23,0.065232374
585196418b1119811625c4a6af5497a9,0.0011418487
2ffa557533aa98cc15316df79a997292,0.19833048
ebab61fc0df4dbef901db5d0ac33061f,3.6307004e-08
77e6b7d080126978760ade52d5151f8f,0.09750115
b503c52399627faa8f64cab57e13a022,0.13251448
d60746ad93e48edd3a606c7722936411,0.0008540304
126b106f5d275cea8ecf77ef4f18b438,0.33081552
b92bd371f163b5cfa6c727e7c4c5e5eb,0.24840403
06c6173eb52d8ac75c7fffa711a957bc,0.21485698
ee30b1cba899f40846d5dd948506a7cc,1.0266216e-05
11d52e51eadfade2b1e1aa1010bc14a6,0.04314799
2c53a01071df85e6bbcecc203b2ef7e3,5.7706882e-05
ad1a4458ef5fa86a9031112ab008ecbd,0.0023897267
003e86585219d8f0377a5d2c75a2cf2d,0.10191615
bcb3f12c446ac1d9dbb720174d44a6a4,0.19733211
a18830f9e9ebe5164f6a52d0901f0cb3,0.00045191855
3c4d48ed4217c7ac3004b4ff5fc1f563,0.99956846
16b0901683a31d78bd69302a63f42e03,2.1593609e-05
10a5af8adaa87a79c758e10c9c2448a8,0.028186936
14e8b4d4b8f22343b05b0f84a9c42289,0.031399142
915ca4e6ebe2575c953444404888504b,0.8991966
54ab3b039ed006c1d459c068d451839a,0.0076879235
f25ebdb62b2476a7d3919911fa58ae24,0.010440504
d0372521a35c1406bde4f83415f487fa,0.0075097485
db2ad0e2c8720e4a45ffcc3508d8132b,2.6299536e-14
645672c1f9debe260a2af2c2d839183b,0.14633735
dd9fd0a36568c7aa17746a55607b0df6,0.0023845583
a480795fb567ad6d0d3d17328861182a,0.19734372
44c2375f3d69ac3dedb54964ae0d8e82,0.13698979
b8375b25960a45d8f241f8f9cca25596,0.011830981
dda090ed6e8de0c26dd275f9c14745c0,0.56446856
4b931fd3937b99a509487cb6b46beb8b,0.6737666
2d044104e29dc961bca7b979aafbdb91,2.2240838e-05
963d0ca916a1e9f18e7c31ed7b86ba3f,0.982735
959dedcf32a7290410f5b13906301663,0.19733271
1fe7aa400211f105024797ebcbe4766f,0.19734155
0ee9b741c386ff5dc3e3639e99835ec3,0.19302896
f0c994c3f6c15d1168d39ffbcf92ff02,0.04474296
0ac3999a585ead822cae7165dfb7d7f1,0.011650687
0f9c48f3c9f8af0b65834a0f4c8c5370,0.00669196
454eaefca2055a2aa86b9017f570bfe1,0.33653885
4256aabf3c24eb94157a5081a3eaebfe,0.08907576
2708d79cc688ba6e7be4c1a0f06e33e8,0.71669114
178bf25375314191dff00407d0d58b34,0.40624866
684125381595bb8d2fd903d7fc5e0f0c,0.20053343
4dee0c42393a8139c28f11bd08f43118,3.3664733e-08
29a4b1df34365fd6d26c4ed611d6b91a,0.037757795
55d30bf74b09e5c5b68a5ce1a5593bb5,0.037733592
1d97f65efe0279edf988f518a1a6f7e5,0.015590665
82238d3ebad57d9fb45208089c8e5de0,0.029684415
5358b7078e2d94aa7709121acd40da2f,0.22928575
b7ee3f72c93b9dd89d1bcad1eb318aa1,0.289725
2f31ef2c1b20a5b1778a0a7344e74655,0.122085735
1c117605abca8edcc7e02b8012b1af7c,5.085904e-08
eb0d71f8636ff9f5409e34ed37fafbb3,0.015675846
acc7d3caa58f05f5a72c99fa2177920e,0.06668137
668d1dc9a1881a84bbd6f3d43f27fb35,0.6616309
0f7dd5ca7af4a7b7354bc21b67e910f0,0.99813664
84b09f7a6b1bec2c8c94103abc280c39,3.8091235e-07
f9d522e1c94a9c37768cc32f684b95bc,0.20755203
3d96ad060dd6c59b483cb82d9b3ebaa5,0.032055777
c265e8fe704c5d6b87d7131591a342c6,0.5573889
79676241af4f151510fd914a06657d89,0.19734362
c636c5803adc79ae250cc682c3651f10,2.4485711e-08
304c7aaf508dc4b9a548a4211ca4019c,2.434162e-05
340ffc13fe682a4ba7ef536b2d9eb5b6,0.046215992
c1204ae4372937107c8556d36a5f1d61,0.0005487254
52379b1f8ba5444634f39aa6c3dd3b24,0.023040844
b1bd35dc0c386dae1817d98051f820c8,0.5028084
3620539cd0a915437bc4f615e34c2176,0.37879932
e7f2c2f346e96681372643b86d0e0969,0.99968874
fbb878821ec56348dc21a6465ec0d751,0.04092791
0fac2a092f8d8f3fc656d14032bb26f2,0.1630187
fd8c914250bc1c0dde7c3c45898d4e54,0.023850765
6f735b01d9a40924647f30d483885d15,0.84617615
586106e683f96540b717b370a65dc7b3,0.03486536
88a2d466fa4746cccc80cef4e8309a13,1.9607542e-07
766eae64c3e2445f6ea5c7b244209beb,0.06077566
60a9e3e847d75ba2eb37cc3c0f5af8a7,0.19832467
cfb8a76503c2f43ef0dd0bb00e39b1da,0.09086742
d9faaed61e78de6eab4949e3e091c2dc,0.6578971
a0e0ec8cf60d15ae5969a24fff286479,0.044768285
25e1dce85fd43f657c28c158a7056b28,0.038240947
bd82d1715c475419ec826ec951f10711,0.050046373
1913802183052371c8d31ce43ee2d12c,0.12139727
b800faeaf5e630a00bd8214b941c5d35,0.038666986
b98aac272210e353bc6e084cf04ebca3,4.344377e-08
a43baf141c992741018da4f7a466fe2c,0.007355242
cec5beb24db135901db4656f266c8b46,0.98220426
74f00fdfcadfd5ff6fc97991aac6a9db,0.34928498
1024cea5b0b38e598dd58a607a54ed5a,0.009161609
058b4a788e4aead40d91e84c962d9e8c,0.011907535
36cf812d45e85445eb63c6ae69a7f9f6,0.30369717
d07dc909acf3e2e0a8ebb1ced3835d86,0.37912518
2b3b5a3a3cb745053a4ef530d1cb469f,0.31111258
a6e8afb261cf17a852536e904653e9d6,0.67199457
ec7465664bc2345ef248e248a1b5899d,0.26450208
e76fab8a2a4baf2ac29a44bebb6d079b,0.17357692
ea217326d9d603d18436fe557b3ae529,0.050486445
45fcbcb52a9540ab23f48b09f66d2d10,0.028808203
ce57231487587e03261a921b2e6c8506,0.9997059
84b42b0710dfd1f367cbfb8937338e61,0.002399446
692c92d0cc42a23d469729309687a3a4,0.029697102
950da8012c5dde4be94a7262bcb6b440,0.04454764
0a7b8a080ffd405c5fe5f5229babad36,0.3001123
60904da3042aa85df23ce25ea56a758d,2.7510987e-07
384e8e0da6d438724b229a9032aeaf32,0.9623414
fc940fd05bea59efb54e7bf9d0bf6915,0.027780678
37dff74efa9728b16379d609a134bc60,0.21385655
9e64b9e9883beacdeb1321820fb97023,0.00024547795
63d13026797c03043c239825f36aa895,0.004678527
184435880235c0ca54e14faae36053e3,0.025105964
7dac2a4bcd08c1891120f6a27013ce32,0.034992028
27950d0e6961a564de32a18fa8665abd,0.64468944
9cbfaa83986b6be95c541d5f00c99119,0.034819927
1156fbe6905981def262a95e64993492,0.0012226963
52ccb975f4dc7bda1eaa4162859fe307,0.041430023
2911a1a2fba352768bade59d464a2c91,0.3160302
18b815fb1d1f2343f8c85466359f9c0c,0.00038562322
d788ee75c0458502591a105ad11718e7,0.07744352
83f524e8fe6b95059da80c3a1d368bc3,2.539712e-05
116bc0eee0771b8c37b2b9f791fc5d6a,0.0156434
68c4201dbb46c5b68fa15a3ffcefa78b,0.7796935
781c1c5c45fbff95201142261a29821f,0.044754833
3204c7963c5286b6bb3af4a8aa121806,0.020569608
60b7cd8ab9e838f0181d4c9ef0c9edb9,0.9986566
ad52891f9a339b2d658823c4ad9812ab,0.06575343
43a10e43291a7bfd8ced5b79b800dcc2,0.04622089
ee522ee7c8ad4cbe4ff00d3f17f46bfe,0.04372568
bb138989630fb2beef52d9d75c7382b4,0.049194727
94659041676e555d74d5213850cd765d,0.98179835
bab71319f2b7678215df39b8cc002573,0.02696463
3132946495711d11c69d0d1d44414c52,0.25076717
72d129e47ca20085b20840fc2a53e359,0.76387155
dc6275eb46aa6cc4af6ddeb5d16639b0,0.19734326
fca7542366de1e0a30302bed1df69f34,0.0023567905
06aa59f599d659355c9c408700961861,0.15157107
10faa2c1f8919c37976b7065c0b8c2c6,0.0076987846
304e20061bf06cf9796ecd8ba6c9804c,0.5940059
5cea9df138a528c91cf982952be7a799,0.19833325
3deed345277214b8cbcc9db769a9b12a,0.9834318
d7165b99897a878ff00d6819fd02bd84,0.24187884
79ffb27a1b3cc40b4ca8db4802d7d279,5.75954e-06
7bdb67b73daf879e6d249ae03dcc9602,0.0092531685
d8cc280703435e66a0fdedb4aa6f21fd,1.2784449e-12
f5f4846f30ed34262b75e6ed26f85302,2.7548478e-07
b694afa2627109b3aa59c2ca038feb61,0.012682945
a24abbc751d4bc601d8d8d98adaeaa0e,0.010511178
f31629bbeac007979bebd42ab89d1399,0.9371004
252f829dcb9c1525934fe45286bd2957,0.47719342
e3b4d3b3a9ad275e4f59c91e3f17bdfb,0.033071343
2f91b0adebd10a3ad32c9e5b96fb12d8,0.79992074
c8e3c858544825059d3e8883685c9591,0.52720386
db69fafb7cfa188f484b12c00761b348,0.04893518
fc69cc12293f80d316741ccab06faa67,0.081122935
ed77bb379159d055d9c07d95eecea907,0.030248845
148b4c578cb293ed0859332421efb184,0.043896135
507d1ed5aceb038a5fe96a85484f2d47,0.044858314
fefeaf2fa84943a62f3b8cf45a380646,0.2641137
4e697300934a5a40a2f24f8e522cfa6f,0.2308759
4e04ef43a6957261889b8005cc2c3265,0.20174634
10f4b5f6100ba9145d2e71d61754f65b,3.8807478e-08
e054ec0a9823b70a90fbe39bb73de7e4,3.6749924e-07
b467b079ff62715ddfe1f09224cacb2d,0.9820601
cf875b256f4b03b3233866bd50100247,0.8470572
9754e4227da89f77bb61047ea95f2b46,1.2900576e-05
733edda19c62614a7a9bc0d3c2c282cc,0.25849622
ba05a12ff69c71b99aa47915c6345c9a,0.012047948
435e1a1997cdacc7b0b3274a96105cf2,0.0074654096
1922f461543cfe3ead5788b8a1b8faf9,0.19832586
452284d509bd8dff224b9b9558a9be6f,0.18885666
eb80819ba7fae6aa8405d0f7c5a225af,2.3211307e-08
977107cbcf53a40039afb82a4c803615,0.25829735
b254a8d9a0ec0542ae19c60a3216e49c,5.0302162e-08
305c350fb80763d4a0a9b9aa3bff0ccf,0.0387085
96eebf0ad0008069af06f9b2d3d79ced,0.0122948615
1cbf183694a0bb19202692eff5626f52,0.47855964
8ade067993ade7ba2cdca07e2cd549e0,0.00035642702
6c9190bed5416645c475a8a8f7c24ea8,0.050936956
742e56021ed54cd91be1d8fa668c747d,0.00035201875
97c52bf7557ec8f8a40c5d744d014df4,0.25027233
42d26c32dea6e0027c2f7eaadd27ab27,0.03100628
686a807d3c178770cf2fc3aa08274535,3.512276e-07
e09fcac156781746d56332083a0e558c,0.19734016
0d5d5757a1cd8e997fa4860ad7e8bbd4,0.046909846
6621ef1625756790b6b026c731b773a2,0.012670582
63e8908408548de4255c6303eae73a77,0.031743832
8b910a36b2bbd868c40bfc5cc581d859,0.049578857
255fa680b1ac7aea897cfc20c52a9c36,0.93073
054d87aff297d4bdb4a2a71d149d8961,0.19832906
cfe80a5966ea7645b7f415fb0c8f4905,0.023038687
91ef95bf2be7759f48d3d9262bdb5a07,0.19207306
16e7dce3474c9e00001491b8819c1f97,0.93233347
8fbd662f5beac99584135bc3e9afec61,0.36504215
fedcf7f591819ff0e8511c1c88d308e0,0.03067321
525f5b9606380b6188d2f1189521e795,0.50245774
9c9408b2ed5dfdaa8478086b8d765785,0.04425382
0a36ceccc04b7bcc734b46f0c9825ce2,0.058283497
df86af78809ce8921e4775c57439a8ab,0.013861057
a5a4e997fc07acd42905bf50fe162d5b,0.9968991
fd00fdc94b4f4b330f6d62d764352ed6,0.66262776
b5ba6d1967bb7ef35f968c0f36bb546e,0.43492714
b0d7416d0299187cfb9045fdf3e3d8af,0.19795063
2db3b29b9625c43c0542a0ccdb7becad,0.7998853
8275505639ee160d496a6247e7e185ce,0.75628525
decb76cbf7f0350af997c3f86c156d8c,0.027946178
0210850822a13f2513ced3034c721f91,0.074230924
3a149de8ae0d3fc7d857be99ea88eea4,2.5611163e-08
ccd56c0c6d68363d7ec4667d846407d1,9.790527e-06
123802c95a19a1f022c73452076658f1,4.9901626e-08
8c8e81a844216c8186ce6d0a639cc600,0.03637489
a459fad20e6f02e31f2bb9d075525afe,0.04187794
66ed4f26ff8a39c5922a5909d352c0de,0.24604996
22ee93aac265cb39abc1832581ae032e,8.92184e-13
401f21f493db5e650f85e9e8b16660e7,0.03766622
a3b0a1cde936e17a60fda4125c0aa718,0.22266074
2cd51744f22e22613c2b6c0c3d509a37,4.6034067e-05
8a0f568127fc68c88e5b025b3a5f3842,0.41717976
357104d274b7f84f195274d179a9b0b1,0.78093994
6c31a120b21aacbdb4c1913b80fd02e7,0.10079937
4f6cd268ab3be0de829c66d4e8809f96,0.16614473
c33cd74f0b1af171b79429e15bf500ae,0.19733404
820d9566be3128693bc34da33b07cde0,0.973831
cf9837e920891f48d7af29df4c321461,0.03071107
cb7515675218b2fec94d7a708d9c0b84,0.06639062
acf74a421fa438be547634c5ba909c59,0.32399216
0e141445579df3b10afb169662683e06,0.66147065
28d465e0b2d1f4e5bc57e8610bbf744f,0.1973419
33ea977e80622bb66fed17796c782722,0.0050969087
01528263b9976553d9398dc040a4e36d,0.03961382
bd7c1aa26fb4741ab7477507824bed70,0.04604099
c2e1ef92542e49ab7f53f6735bfcc028,0.37247324
efee11cd244fd8ee64ed4e30eff54eb2,0.47305888
432e8fc4ef542ef51a779e1b603e20dc,1.3096649e-05
3d3e02a5729bec68e6b65b27fc0045cd,0.032938927
4c3668d876a3d84c01d1d4b7e3629a29,0.10360745
c67980d08283e299dd2cabde3f4062d2,0.042789478
f9f3468705375294fe0e98dae9f37225,0.1973474
1c84949cfe007b5cc83d1e51bba88d5d,0.0023827245
637c2bd852f6e211e5937d968c6a8415,0.29543167
28eca6c4f6b420bfc49d338ffc7826a3,2.3567424e-08
35edf8453d7593e4184f86e76e748ab9,0.22963278
d9ff59836649af5710c2746eda8893b9,0.0413774
b4b77bcfbdfb6d88c48e9b44cf042d1f,0.20245269
59ec99499dba897757e8c3c481a2f873,0.63491404
ab63f9285beda682165163efd60839cf,0.043479647
d1cb174f4705acf1ea3cbb28bddb925b,5.7721474e-05
33136c1135d610c9f2dc78ba2c7b282d,0.46260056
f76d7b51f0aa24cc69333fcc4ab9b208,0.0025681807
45e25cc37217c44fcea85cab74ae3385,0.10232075
ce2bc53be74e839c3eaed862da443e70,0.58643425
cf606cd3ceacbbf6a0e59d19f0dbbf25,0.22976978
7ab68f4144f21d2ab82173d1cd73fc55,2.3568642e-05
ca0d04d712cdbf93ae18eed0400a2cb8,0.15200098
33e4d906579d1842adbddc6e3be27b5b,0.9992274
6f803ef93ff43f7ca1c58a4da0a93e0f,0.13757673
0069f50c0458988d74125039e079f27e,0.07088031
345e8a1206be441ee6b9b2cfd49f49af,0.09140895
ca98329a0ba793f05ee5216bde7a6e05,0.0074250298
620fe0bb3c867efd6d18e97b158d3349,0.037804183
0b235135ea37659762f002505c987d10,0.0338163
7bc7d52def772f14a0ef0ad8ff6bf5d6,0.9852821
676aee8e3c561467e73d45e1205534e4,0.9997805
bb66e3eda1a9ec6b3759e6da26b6bba3,0.011623761
30cdbbd5675f44dfe160767f21a4bb34,0.19885655
0d33de8fafbf52b92ac509a2181fa85d,0.9696274
b456a6cb6993ef057599025ed6ddaecd,0.07383527
7a6bbd7f2fa1673aafc7c70a56c52e22,3.5261598e-07
eea271f1690d4d8151dba1fa2a747b44,0.13799962
89622127303f3783be7632bf055cd468,0.67584383
5d65ed9b4226a100e95c49e2d8dd1eae,0.0012215977
dd6d36bb281db3da32da9426334f2940,0.19558814
afc680ca2dacb145442862ab7305c6cd,5.378039e-08
69f5fcb17912a0f76097ffd960152e8c,0.34516114
53063eef289d97b25afa2ef6fc883030,0.030698013
8f68bf65b5b28fa550c5650ec14b78d3,0.15752004
1f28007dd6498a6e3fdb32b283230d67,0.040719107
8038ac7b4dbd34b2ab7e731ca0be8a45,0.985054
7d9c01779cadab6d7d86406fb018731e,0.85440284
17a674bb243161126ac54e32d0aee47c,0.20716658
59dced899cd2ad7cd9325b1b5bb8d7ab,7.435707e-06
2d0f9039a8714105ed4a04e4aad0fb42,0.024834147
86c7422578ad47e6c31fa836b7ef9f4c,1.5114945e-05
8ac6bfefd8a4adf8e81628ec1d591f16,0.2866431
d9247a0be47dec03c84bbd871ae07682,0.00929071
0b3345326a367441a752c86520b4130f,0.22397229
fd8fe8014a5034dcb919f7a2a1f4edf4,0.6337203
e05acea94e72eacc59d3180543957e5c,0.7406729
8605ce2862077536ea16c13408b3616e,0.30495852
1dfdffad062896eeb785e9133f20350d,0.29934675
356d47a830fb081a11e1670e216fb56e,0.19833718
f9924f6200c91664fa3ad8bb624e8812,0.046452135
f1da45bd5863dd52ae1806f63326c664,2.3877988e-08
cf0f4007a9ac7313f9ff67aad374beb3,0.5587648
4df65e82a0f7633b9d9aff4c7c79b802,0.13180497
b877b8a977f76819e12e9acbdbdc2a21,0.21662804
a7f8055955e6210a86019266eb27f86e,0.13125774
1eedbfde5a4d061cdf1fc8b854f66006,0.6872212
c7a31a6b4b90328bb42358a8ba170649,0.035946816
662a3c996a8705bda12c29595aa8daac,0.1552147
e3ec6bd21046076e78d1290795a9fa97,0.040671516
10fef92c61ec12f38690dd28a4afc11b,0.009665927
bce791bc8969caa5435d19671914a907,0.99945563
f6e84194cf22701775dd3382b646d512,0.19833516
9ffc70a8fc94de05512f3e365b5f4fb4,0.39815634
5ccec1dde7665a5ce4ff5cfad3a0c1ac,0.09115003
6e7a0625a292c96fd8e2c6869d2a0c6b,3.9978328e-08
8deca06f37e27d4775b504ea7b025a31,0.043673605
911fbed91389a2cc3bf892c03c97f7a2,0.4840289
1eaa20e24fefea7701259e2b9e968b61,0.63455516
96b3833ee706fa52c3cdc900b4dcccb3,0.4417768
cde29f86a463c2b7b2c1c37c25510de6,0.94620246
4b5341c25ef787c1de319e120beca866,0.29354542
c88ce7654e308b6dfcda2df0be4f21e5,0.19733682
54bc6f37769b544cd47aa571af11058c,4.0662407e-08
e4e38ba531e4f7757f12a466aa88a92a,0.67181104
9289bdade1bc2f0d4d418578fe43f217,0.011393838
afbdea8be86ccde6365d03e7ee95f125,3.7279165e-08
b2fd1fb3b5766bf4c89d084ec0dded57,0.18082239
509cb35e4c51ced95292ea3867a45c5b,0.006095776
4143ddfbec1a1a9d07adc51d6f3caef3,0.07768957
9a9cc78ff28b56cbba9d53abb907b697,0.3464995
1fedc5c9e8b4b2654ebf558c1725f8dc,0.9446012
002a38737bcb0a775b871e53d23d690b,0.053678937
045bf78c8a6c5013de49fe4005199b8e,0.14405307
dc88f6ead96fc320ae128157e41a98b9,0.10349999
821f45ada2e6d008dc34934500ee15a3,0.79988796
9e63d27482178a4b2ba66c7e9314cc6b,0.011747298
0c55af46b034d6d27f0e5e979216d150,0.1487976
a6d43da4283efa09c203b7b106407a33,5.25247e-08
d86b3a2a474cd11cdf931afbc9aed359,1.60247e-14
88f4c82e6386272740024496a920cd4a,8.322128e-05
ca5877f390d25464d66543fd84df7789,0.32877976
725304310b109df662d10b9649c2b046,0.1973438
9e42db715a0174b96ff3473799ddff07,0.7999272
d19287f6cf33aa2d1ec10e5e908d3dfd,0.0070687803
6db2dd25ab0c53a8c27e02d06398b3bf,0.08818581
77f63d4d92233b99b17bdf40861321e8,0.42019764
7b23d3590061b8de4263456af565b297,3.077792e-05
f6ad91ae37ea3086c5bfe5329630a3ad,0.19733277
351335b590c29dbc10191c3f23559db7,0.9995798
aadb10ff9503e4370b2619c40aa69875,0.4037417
71372622ea8ac9dba185abe4d11db389,0.8217083
2ce1b9b656826b86fc4c319ff3145844,3.8164302e-07
b2e1a9b11b8f4bc6a70453b9709723d7,0.12207276
84de356a9aee6f600d7b2a30748eab62,0.038328208
5ed686905d1b2a82604e2e70cd3ba276,0.0012466314
b037ce617f09f2898b5526e115373c97,0.022329282
e7fb9e0276724e834f3fcb874081eebf,0.9007347
2d8f63f530c16356b659141e63330690,0.289126
e20112a39b51a9bf0553660babcf9a18,0.027682513
74809eab90193f0980f5353ea77fa925,0.045598067
a95021c6e17b09379d93d8301464090a,6.2393084e-08
fc0ee360af7a38a12774029585c1061a,0.04861918
cdea9e95520df199cb9919b07a3eb774,0.19735259
532296f7104de7b2a4f08708fcbfeb25,0.28506228
7e4e024e70f6efd6d91c676ec98285f3,0.0
b214ec000981bbb391754b4e45f9bf1e,0.22416699
4258ad425e1141b3afc841c1180b2ea0,0.26985025
888c81e687e1ac9dcb0b6229e19ade8c,0.034268998
ade803d47c659dc4d4fa2d6c19b20af6,0.38056546
369c660a22f5b79a800378ac97236ccb,0.030431047
271086ab193e9972115b08c32c8266ee,0.21318531
ec7478289d8a59a6980e927f0a7e4d5f,0.19077265
ba6e2e419105ffc90fe17ac2662b9ecb,1.8163465e-15
4a8ae141941a6f3086125f332ffda109,0.6737885
e4cc71dca684ffb0b8a8344341d94d09,4.83647e-08
fb5b46f1e211a49d31175a2465bd5759,0.0008101609
2cd391f0f1f2eafdbfc62c7c1a042a6f,0.011576502
d128e55516d3686737578d3e5e9e24fa,3.1104022e-08
d1c9e8fb28af7def9041b01050f561a9,0.022219626
ae482b5f3962b5b7525f638d8b299f8f,0.19972669
9330e71641b6da466cb5e32b8b0777ef,1.6424756e-06
c54996154731fbdf98def955a2229edf,0.8088172
bae81c23a44ae6de865e191e4ea16d01,0.1973401
7235433d2fcdee8f8cc6e1ffed775c0c,5.0489454e-08
9414e45c753f72a9dbbb0ccd557a20b2,0.01267341
5b9306adfde92c629098334d72ba7036,0.03525085
b9e85138841f022c4f7b7d577598c8f3,0.027942624
0d77368313d56e44bf4773bd10648232,0.002695271
195dd2089310ada6dece5a1b280b10e9,0.9530899
fc07f5ac8b669fca74955ac70766b2b0,0.5484306
7b477417dcbeec87403b1fdb51ad9723,0.2694204
2e8c8a96d9acd993005ffff5af3b7e98,1.636812e-05
4e4c7ac8cd9f20616921f07659e66648,0.046023514
ab2614aaa93adb8f684f1030e03645a9,0.022052662
1413b4d0f8fb11d708d4dec3b6d796b5,0.20810306
53eabe1896271d3b0f8c1c19ac5509bf,0.0034179795
3431425fb7c3d7e82a930a00a488d16c,0.9989964
fb9c05865a52fb243f5b5346447c303a,0.00029579288
5b4ae11a2a327c0eebc12b173716d832,0.044419054
ec70603196a6f267f4680c8a6b49047d,9.234206e-05
1750394e3bd6a58705a9c0e056f7e973,0.0003952125
6e56e4eddf46b9fbc4d3f49c3a460d43,3.6856395e-07
ccf2f85b54cdbdaa0a2056dbf87659a6,0.38422298
fb2020559f37a3097464520600002fe9,0.04281754
f00a9d13305479d145d6563b239d82c2,0.018844692
5d8ec80878b58e7cc771bc0e62abb5ba,0.0024253668
17dde2a72903b14bc8aea81be11b1a17,0.28204837
62abcc19ac8367c8facfbd16d06ff81c,0.04600534
4f1dac2bb8cfb8569e57c999186c818b,0.0151787875
70169482a40558e877ad24f13206465c,0.20747142
9c0d6a1bb366a46e9c974bae3f534a83,0.04575632
65e5fae238dfc97f5a08847766a436d5,0.08850318
8f76227ee42875c196c6c87fb5a1fdc8,0.0072717047
950e2d24a60703a1ab4847fb4ffbdecc,0.007495279
9d00b48b6ca444b07f624abe78856b05,5.6876165e-06
734f53b771e8c8b8797473d99690e776,0.31839427
927ad1957184c426265972087cb0d017,0.02794205
25b76147d57d89df350be0e129ef3ccb,0.38112283
cce5e2e520d4485d50c1d0787b04b60a,0.20819375
ae2dfed11b112e9263b4b19c48f95d48,0.01445919
6ffb49a28296e5dda3ad6c35eec3016a,0.038278587
fa06ce44abded7d5ae624b77e42d8d93,0.8791299
7ff27c398068a9c77155ce39c77aad8e,0.011674168
1437060c68b029c3b4d2c3fd9dbb61b0,2.4239998e-08
f59032a02b1a1ea3da8e830270f4ea74,0.0023723848
88c70a61c261b1242d4fb36947f4a363,0.19831733
cb169c7b3ca6cfa581a71cb204cb159d,0.011649874
f1b82353ee9817c7a7fc4cccdb19d2a2,0.0073269294
a78d427a2ffba8fbe0023a7d101d59d1,0.5438581
10ff65f6e1cd534ba15eb6e44d9541b4,0.024961066
fa2cbec7a645b1b0d0d2493b3a0323cc,0.52400684
caecaa04604433b44018122c3e7f2eca,0.018271202
52d58a37c3c271a6fae40c6bd60b1ea5,0.19734998
507ca6309624a2dada14c0565c800b69,0.037584305
e2eb68ad2d511fdbbab4d01d6758856a,2.754013e-07
13299ec05298ebbd10045bfb6c603c7c,0.009384806
6214161ea26f3f6bf80a3b3344aa382c,0.38843706
729daae849505726219dd32ab42cb571,0.2749237
8ead7dec960b09e1bcba0308c0344db5,2.4214458e-08
6c5529787d9c1ec5d7049003d2110a14,8.426431e-05
1cf9852434607013df29bdd52baa1e7b,0.047821663
cd297fd1a6e2c82533544a24c0428c94,0.99911404
c66837f447e5bd15236a2c132a557ccd,5.599759e-06
2b82026118c903f048a896ba5d61f8cb,0.08151905
a8e5f2485478bc991a292c52d3e8b54f,0.5958171
921d02a031d377afe3a49c27997bc037,0.94091606
cd8dda9ecbeadeb611508011a2ec836f,5.7062634e-06
a5e83ec55f5abdd36306bec0a32569c4,3.251866e-07
e444005da89eb47033163caa1b8522b6,0.4749639
7a073be16bb4fa6ad4794c3c8fbd3681,0.79409915
23ee53af0e35822f3f931e247a49c0b7,0.19733378
f55724464367d74c23c7879afee14364,0.00077694876
a7fdc7bf07038787860324722e60775c,0.117503785
8f3dec3fa338a69645396db4e259986a,0.35250306
55a042cff8e5ea07cd4ee4b51a3d4514,0.044122946
d202f1e1a2a33b1782e7bae0b63a6a5e,0.22585301
f38de13175f4bd5e6f25f4d6d1f3d7c8,0.0025607466
6332719cb13a782ba1088292282f075c,0.04113725
b89fb663d05ef3e3b500046cc8a61e5b,0.011569398
472a3cc2ffde5620522de1e6cd81f725,0.0697308
82da42a5bb751d2f834298c7ad3eb2f4,0.03863481
bceefe556c2a5db78d4361902c212ae8,0.9743312
d2b5ce7835edd6a3221906f9e9e054d4,3.498338e-07
3b6834ca71502c89588ef8d8b830a8fa,2.1807262e-08
fc2c23b8d63cc12d6159f4b160e6f869,6.1339444e-05
0485b82d63f7ad0fcf8fb8cad375d27c,0.5141648
767d2868480f4ed09f43565e9a9b99ba,0.015574935
f4a95ca301dde961fb259928c134becf,0.23269197
7d2dea574683a369700d9562e6ee9184,0.0033578542
3452ddc0b9ef5ba553121c13f94e1170,0.2966019
b5d760fa935807568828babf64fc31b4,0.4735642
1d52eb44d4d218b271da7b909f1ea4f0,0.6363288
5bf7c4b2b2980b4796c0c93b00dcf602,0.78693724
0a43787b413db091f98411771933ba7e,0.20363215
d235a1155720b0e1fd93630bba85e962,0.00041772728
9bf22ed8633d8a1d87c7ddf951de4db0,0.029977228
0a549766da0b8b506a3a67a35481a3dc,0.99684876
c92291952b2e2b9b6da6765212517037,0.9996904
a7cdebd4b69a5cf5b4c669f37a1180ad,0.03982465
1562a1d07d18f651c7f79ca5841303bf,0.01160924
d0c109c19cb525983280fe41f52cb7c7,0.36611626
abd59a924593f19e1f1e2092a43e3887,0.98430014
892b1d14ec2443009d93e432750707b9,0.0071130046
f88c7adb65f9465a22898540f13305d3,0.19832844
504959e3a889f6335ef5ac5fb2e47d8b,0.039409783
5836a104f5044d80fb0eecdf62829da5,9.879959e-05
b6a992939ce991f5c0aa0c2133995f8d,0.033537768
82aa7b70f411b769570f3235aa8e5f68,2.2312275e-08
26e17c7f88ebff2d95715cf40b876a59,0.00920767
d859331a0bf46eeae1b33c00b595b291,0.8423503
d662085586afd4a7c7ce7e6b50eedf3a,0.40343794
471527b2469302502118f744156a6824,0.28391603
1e266a02a5841f1819402abc0d36d157,0.04440956
f52a2462710d50d51957a7be304ba57d,0.0019575427
4f019b4d6986d669459caec9d9b321bf,0.044578325
65cae6c80f8740b8f6a1493a6f397bde,0.04264209
899451efd92104c10baee583ca02cc2c,0.20753627
557349ba0d3ab2b9e171c6d5015be774,0.2044826
fa027cc04b60c99418b9718d3ae1b104,0.7644615
7852f539b5f3caacf72cafd83a9ed202,0.039173104
1bc88b8ee4d64f5869f8e55e82adc6be,0.0025663043
4f8a27ad15fadb54007c2614a2469320,5.770622e-05
43ba3d4293292e97d502b2237a27ec8b,0.8028927
a9060fdc13e811055c067063830d8af1,0.007025047
5482e9900f936f84041e406bf80fb330,0.37852508
6f79de67298f2b41c3b38d7b4c5da9f3,2.9038667e-05
c222a9b3810580888777bf885e6afe28,3.819448e-08
3a09ced05b49b33362bc0c9a6df6551a,0.019449223
54f18252d65c0a4dcdf360055fd4bf82,0.1763135
c24f5a4b609e6e3a5844cd7f1f4a9965,0.19833311
34b9bbbe4611a249c7eafa247fdb7852,0.19832988
1517766952e3d8c5013fd91b167f41d8,0.033480663
84a83b4980cbb96dc52348d2a6f99f5a,0.41015038
20adcb579a1160f905fa28bfa8e713dd,9.883645e-10
fceae4fcf6f91e37ca964a7b30466f2b,2.2641718e-05
9e8d0e353763eb534c2868a47a871efb,0.051732868
1cc7cf3ecc7d62e76a5a5b0c188f521d,2.0584153e-05
e5bcdc438039f187ee4b58aa12007c1c,0.039529283
adee7abeed3a238a666646800f64fad0,0.047178708
6efdf187aebd1f147db9fa67b3a6e5b6,0.19734268
35c1805598cb4715ba486ca9a6ae8d85,0.060206484
ede6d127d807375616e9f561aa9e1401,0.0025674738
8d1307a9e1186f89399e2251998f1494,0.19734299
4f04b9f43911e2adc0714023035a1a4c,0.0
748381d9d06117aedccdd67e7ea104fb,2.3403849e-05
7f5f2a69e3ef011d551c5d26ec9699b3,0.7543388
e83df235f53d9f8790c570c3eef13002,0.123807564
11869921b3839451e8f369cf890005d7,0.19833416
49e10035de14e998b1f53078690623d8,0.6230389
ec41ca310f198c3f9799e0194b69183e,0.06964369
a2e0373bb6906cbf9fb9f7efd8165a8e,0.6410328
e2f6214792ec50bc946eb1375ea0cffa,0.3523894
100401c87a559bd7011a0f039df09c27,0.28723842
7670b58874ef4d983ca1c2e8ec918f8f,0.0008081874
8b29e096f8707b8fca0a9214e0ec9f14,0.04144101
fb47c5355ec5a3d53dc1fb72ec75abf0,0.082657084
2a4a70ac4023d6f5cb26cdc0512ccc6f,0.03500693
3bec2a58bfc99d2a95b14abeb976233c,9.759142e-05
3dd2ba4bcd40e7ca0590e7d9f4b337e2,0.23089328
db8fab07c02b94c148e174dfeda2a978,0.20398112
a08ab3f5669f69f0b45b3f3a51d6ba97,0.5232038
52a2fdff97a9109d6c4d440d1fe69e3c,0.026692014
398a2e642a9d2b5401e33062ceaddfc2,0.20318699
4c23faa239902a235a95ba41d73004d7,0.14201672
b83af69f81b9f002c18731bea6493e89,0.009423412
717de04d3db6b6564bc8282bbdc39c2f,0.00749009
bfa8fdf5fa789e473a62fc25f2e20ad4,0.0023810505
8bc6b7389023916234a22ea54e9d4028,0.036490165
8dc62d8a44f976c166c44c3ab9906d83,0.002413742
f7ed57ab3c7fba407ef082c33fc41c4a,0.002563604
28698a59f2b1f7dc46fb1218becd1505,0.41107687
adc8188bd2e39b2147ee1678bed9ae7c,2.3600384e-08
05d3318fd936f7cfbb504c53ab68a254,0.035271145
6c1d185024676653b6cf7d81b7a61937,0.0072785085
24b41bf1f27c87c1a17265d5677ddbdb,0.045303345
388ec9a4a0f39111e4db16bb52fd1bc4,0.04740066
379d007e4d35a27fbcd70e5a1534527a,0.11388723
1222794b23950f92eeb64a7afe38171b,0.9997203
2e95eb352c8c88e564d62a7f9669e22a,0.0013238514
cb91f8052839d8c58cbfb6dc39e88bb8,0.25680554
1b1aa0f5117c2adc6433ffa2f28a2074,2.6379007e-07
0904ed93f65dfc039eac87b28b3ebcaf,0.045391582
8340d640ef9e4ea196e92f5ab43947a5,0.9380577
9e8d02b71535bcfd2c36f78e10eff052,0.00083685835
5a24fb5c5b670bcc5afbf581a904f7e3,0.00015967328
755199958cdf56479c58bc483b72cf20,0.037790574
c1bda6595aa1fcb9fbe2c53f26404d52,0.1134331
1a2ffd27dcc939c46a5e790dd8fa0d44,0.013065663
d9b8fa6f3fc0ab223862534a09f4e7e5,0.51079065
80c07bc340334ee476e6c32da636be56,0.23588161
566af65ae7b8be0290cfbfcb111acc66,0.011952745
1d6529a81c274c85ebb02f2d267a95e4,0.8329102
d467bc7c97770cedea8365ace38cdbd5,0.12169751
a941870e6429d53b4dec17484d845aac,0.04731143
d65a716d81b1f60922cf4c49eca45001,0.019694889
741a08134424aa8a212fd0f21a105bbd,0.01157372
b82d76a9606a7f54bd1147d8909d733a,0.03686246
35b5fe5da1371109cb1c1fb6111e127c,0.043559656
5e466d04e835524931f858dc00fcc3f5,0.9991684
0f46d155988166ec649358a7c6d7ae47,0.04641742
875d8a44d044bce12812a7aa4f58ebc6,0.096097134
da943a05ee1dd68d1f7824abb1c3b82b,0.40563887
9503e059321e548b40f502e1ddd17d1a,3.6582028e-07
d8647d42765ec3d5d6394c8406b2a65a,0.20825402
f1202c791a1adbf8b4cddf592f38061e,0.0074993186
536c931b8c4379be9f54d71554a20b42,1.1558908e-08
85c8de29aed13bb90c10050d85bd1688,0.1428022
28e6fd19fb59d9f0f66dc9646eb84b70,0.99890167
721d36cd31987e0e397b72f63d89d772,0.7850193
cdc6c758bc8729c435c464ad0d0102f0,0.80260164
41babe46c3b255d68dec0d8479536146,0.031762816
5b79384944f8d7f6f0f2d203351ad637,0.6407407
26bdf6f2b592ec0aa28ea51ca2c2c70d,0.011674125
7b69b57e22381ce3aa1bcfa53631ec5f,0.012678808
b80f39c5e1186a21f0069aa67a68eba5,3.9311033e-08
8a30a71eb8b9ea2b3a9c87f873f65e26,0.63081086
522b03bd52b8bc48354f481700bdfa07,0.5876454
600ec1bf7d809616ce1f7f4c0385459c,0.68630093
fb086c27b5b2439bc69df7af50c4cb51,0.18915416
7bb5c8a77bd73f45a39f0010031901b7,0.19832668
b96be9824c6aa4ba39442e30af4d356c,0.0025657439
1dc71c7075e617baf9a62c47a00f998c,0.81473935
e8ffd0b96527b23c88e6026adf7e1716,0.03792839
156978b28a5e4a77de5079bb1906c2d5,0.19733293
2da4d20efbc19a2e7fb151f61d6b43a6,3.3190777e-06
c4c0da808397ea0a1717b0a06ac73956,3.5697255e-08
fcfea0042b16aae87f3ba1002634aaca,0.26279303
4ee0c12bf01c8f560df8cb0e4398a7ca,0.57144815
3edcd1e585a418977b02af5806f64e65,0.04062092
554127c937fc895d1a5f9ead10b23050,0.6521182
2a41935bcb942f37c1b51bc0f86fe139,0.016115308
2e3bc86f139e15a5b2c286f120f92cea,0.11523323
19668fd799f1358789bea4de8a81cf8a,0.012679486
76e88b7e4795d0e591db91c1e676ab85,0.4718166
85912db5ff2ee26512be8427728f6b1e,0.1313059
86727eb84936289261b255d840bdfb86,0.04550172
26c665f64d0a6f7e085ab1cadc8a765f,0.85485363
1e38d9b48a18b5f4378b9c7d423e2c3f,0.011448767
e7ac10373f7347ff28b1a4c32ed33e11,0.42834646
fab067854d8e62c3a749bc554dd2636a,0.030533666
108d9f901a58b91dea720c89bdaf6424,0.7568555
bf75fe7a76deae1cd1752cc7a5a7b30b,0.31730914
bcd92bd39e73ef8d429a48af4f6e5ee1,0.17989567
14e6b5f232bcdf0a2e567ea1c244d3ee,5.450743e-08
48a18e27277f4b86c293c67d059d154a,0.012222255
1670a668083068c64809b4936255c851,0.44498667
0871b4d31ad2d603bae88156b0a4179a,0.1983443
193469b0d056e1bee31975670e277a43,0.0075588957
2465aa1c5e04d8bbaf7365605787f7ed,0.035138644
c9db268a7f17edf5f7aaf983343dc99c,0.6227226
6f863fba30df312b92ddb8300d7bee32,0.00086027023
149f35baf48e8110d85c075ea635497e,0.9946086
8688001e19c4bf455f254286bad2e7da,0.12543139
03949aa7c9290f1255d1c5f4b2a10abf,0.26132765
44cc835f2b298cf81f7fd5ba31d0b989,0.2163156
7f7cfcfd94500da91782688c10933850,0.79988927
af0bd3d21363c73a8b6229cfa7068958,0.011944236
7ca8f7cd8059d98f4427b1aab5720fda,0.034802582
0b1a099f3700a227b8dac4e0d28f58f9,9.0383466e-08
4e5c714b1e2a7c749f770c01b4589c41,0.08114736
6516e15503773484a430f9b8d477bc04,0.9841755
457cd56a71b0334802bf0cd0a7dbc493,0.108019926
28542f49c40c6fb9ff4d66d996ddc748,0.114660814
2d40b0bb141af8ae1eeaeb22e60ce262,0.18440501
3ec9e7922efc79225302135291fc5615,0.112607494
3b5711b1b2279e594dff5e37a6a49cba,0.04921184
81611f574661904cc97f18b6fa3c7032,0.0994001
caf36a45a182a4abc52c3cd00a3c2622,0.9992913
f7b32d6b32397974ffc3541e32733b75,0.19733438
8e3259d0d3ef4faef1ad08e7be4e0b9f,2.4440462e-08
8481221bda9e23b20390c4a065a6ca39,3.7250125e-08
8b4297e38ce651a5d2930b615d06574c,0.3024304
97d6da7324b9df5b4123e0e356539f87,0.00084240007
b2e79004c6568401d34b5da75615f888,0.0115404725
227420705b1a0dfb69568d2823db2184,0.559069
206859367798eebb5e78786ce183242a,0.20754686
0eed611abfdabfb35232b7db541e5403,0.04076656
6c161655bdd9f263f2c1b4dedb7bbbff,0.2042549
ca8cf3d86c59d33175ef90cd9df11466,0.17917946
c9ad4ac81ec87d26afb644bf7007f92f,0.9787571
56660059243202bcdb975a3a1977c6be,0.044798467
b05a9b5b83fb1534d0466827f798dab9,0.46002167
72aa32ea73a3372db9a0cdd9b6f7f3ce,0.0009403212
8d00aed2a2e1839f7a672a11e0c05562,0.3683637
d88169ec5d5e683d3661bb3f629194da,0.30287656
f509738ae6c59af942f0e10b468072ec,0.19734609
a554f9c5b88641f60e16d6b0f78af095,0.0022552926
1db7e8b7967cf16097d1249568cac2c8,0.1983294
50d2b5735cc0a589ac7dcedec960e479,3.3421745e-08
d5b2d6b02ab344352bdba6571bc4abc9,0.02792139
4b64b5d26aec77ef6f0dc046c23fb90f,0.3332827
b382f40da7a65394341b84963eec5cbc,0.64546853
679bd2f1a667204b52468644f16d5a15,1.1658123e-12
4f8ab51f71f3c7383e78138e3eae20a9,5.875617e-13
c2a9791ebaa034d4145b2ce6683464e3,0.03757534
c14b30b9c1e3d3a6b24ea3dcb16090a7,0.05733054
b8995a04d53c2da3b673410c492dd664,0.198318
19ffd099dc25ce1eebb0bd95262159be,0.00029584375
70def9458db75bc73ed0cd2d11699077,0.027932772
2d4320c84396565f90f48be0cf23a5e3,0.19733079
4d3fb9d0ae2b87ad0205ee96ae38edca,0.00014071484
a253f07deaf23c213568fafcdc14d6f4,0.001287361
b0a57fb63529180ec8a6adaed06a9e5d,0.0027389794
1ded24297dac39ccbb35412103ec5b2f,0.19833554
d55c65d0f0a8f5466a712088ad8742b8,0.8450354
be7c8194f177fa3940c65cafa34c9d05,0.66340905
dff8e66ac8bc60c20f278bbfa1b15125,0.042725194
0b541cae0f97195f452cc816b4570730,0.0028102822
620dfdf37a49d80d941c91ba7730b0ab,7.067516e-08
a7625cbb8857253a70fb648dc58a80d8,0.036823947
f1acd2a8d9b0118c09c49486cb3ad0f7,0.05061146
aa65f286b7c11d376bae93b4fae71933,0.9850235
427006cc9c0111bc11eba3ff5d4cfba6,0.197337
834d15f726711a3e323c018df3dc6ee6,7.747829e-08
1a8da9f339d7bec44748106a218f678d,0.1349497
e9c748cd332c4e8e4dd1f5fa29f95677,0.0066366093
f1289e5b248c8c3a408394cdd2779244,0.198334
01f458cf7b99f78dbda821bc670ca47c,0.048416156
078cc0d9dd618220ae6174affcc81fe1,0.5926888
5ccbd85b065e6ce989661cbd210ac9de,0.039944272
b9b8e8b250c3ec6ef96e11702a2e3876,0.09881987
0297eed7c463f75e8910ac78a35fd292,0.1825846
6ec928a2182f05eb596fce56af75d126,0.61010325
1a165dd60f181c36be712bca97908709,0.012683255
4161bdfff91b35cd2605956438263461,0.0023982783
0e31f229a4c75139c41566960f63b83f,0.43523377
2792a51515f062bccad04a227e469c47,0.5415178
d7ba27f2dc5452787a75597c29be9d47,0.061923306
dafe2aa6438bad6df7290e9b7728c058,2.4154919e-05
1a308e9c12dfc743724f6724591398d2,0.053048182
f1fe5acf7db474efca1020fb7b304600,0.19832556
c91198ade7c042df0b3da693fb32b956,0.18256897
8d80bd3128ec5612a769e23d7125ee7f,0.0048213797
7a5829b9fe8039ba0dfff461a879ef37,0.1973348
454e5526eb75fde0e69ef2b841c74dae,0.011552152
2d60517301d8d5883be79579e8e5b6b5,0.2235212
79e0cf78ea9d416fd334d76e3df717d5,0.3693138
bf9d491b61f9bc1c4f3144674ff8cddb,0.26374
5491a375ea610d143ac119239ff8d7d0,0.091422096
c9e7f52baac075d8468e4331ca44a0e9,0.3644309
634a8e9fd551256074658f2a0f04fa39,0.9694517
77318dff7fa8e84e71fe206f0e7aa76b,0.19733907
fc43772b20cad0dcad128429a493a5a9,0.24988711
3d03d25a9bee71a4aab093472675b060,0.19832411
3f9d82552c9ef4c0505f467124df7572,3.182888e-05
ba41f1bbb6f63a12c5b7bd758672d7d2,0.41924986
bbf799132a96bbc38bd4b4516c0fde25,0.043391492
66c0472d2d5f7b53c2c8c18529f14ccb,0.012669968
546a5ab5256915b511b4834fa121a4c4,0.41293615
c62d72c696dd9b2a5892f78785b204d8,0.16562638
0328449ea77956fc60508e209771d1c0,0.035438873
012fce4efe921de5158dcb595a9c285f,0.04417039
a12ee861b4e85b0c452e59f769953622,0.000773829
87d46f48d73530106d59ebfb1bfdc651,0.04357333
0c8706f4d9b04b713607e352a47c54b7,0.0363311
4f90294c193124e7e55968525fb2e1ca,0.0019170071
9b94745cadcb7e9648a2ab0ee6039cec,0.027357763
f892983d3dd3ebb01c92a5443912dc49,0.6107159
75004f421f470d7b74576619dd8b54cb,0.00067625113
8a7aac6b5938f124a7863e77a70af14f,0.001966341
ab761cb0520604337ea957728f5fe214,0.011431953
8bd1a0a4ec58397d5f93113631ffbc27,0.11365583
ce2434f1e7cf62fb10e62123e59fb335,0.9347822
89bd08efb7925e2b578a5fb2fcb7fa80,0.12178783
97e00ce840329d3e94f89138cd93f017,0.14594586
a8afa3120ead0e79539529a6f142faed,0.09016885
3c67a6d62ae7cc1165c9933347511490,0.056312323
959b0724a6418a632ef80e1addcc5f47,0.00030755126
ec9312c7f80c6052be9641a7e3561990,0.050481517
6688da3cd582db199aa93649387178b6,5.769813e-05
0b9b2d6388a34c5208b719abd0d13c41,0.99970454
bfd4d4f6c71548dea914881857ea3ad2,3.8807435e-08
c37d6ff0007d90e3202f6e5545ebe12d,1.3975389e-12
3fe0166b697c2d685eee4b1034ac561d,0.9584609
d9a5b30cdd2c2e5e9886ac1e1a07e57b,0.17220601
4d997f4b92a567da70dff47dff43fe3d,0.012678435
a1a57358cc73eb3198a108caa7fb91ad,0.109555855
e33bb2031416e672ef074fe9338fb175,0.20252398
4b8cea5834d7d91a2e692a47ad0c5b0b,0.042327788
b9489942b924b9fdb0449c9d04d3ed00,0.20984483
34e22f4a63dc9debbb5f79f71d3b1b15,0.03467199
9a3ca8b15cf8c4226c72999cab4003f4,2.0899733e-06
7aebeb9cfb285c3b0be40a20049207a5,0.03549082
7b362ff029c64641f02b6c435c79db3e,0.19833198
28e72bb6fc3196d729530b2dc18063dc,0.2074562
c45aba554071f206404248d3c66c5a0c,0.027961602
814d33b743a0c9c1c09424e9edfd4a63,0.23088169
b0351e38f25889af3997b8b804757166,0.5347454
8dd7556013de64dfe02e4f01b26bde35,0.12791327
512d6ecc354f6af43969c7bb7cb727bf,0.67257285
cc94b0eef4d9d8d470f773e0840c30dd,0.18665619
402d26559a0d282459cd3f11645628a8,0.24830012
e5d1eabee13dfcdda41fe0a2dd0c1a3a,0.02902334
426c41a48c442f4355c3f417396a384a,2.100419e-05
17baa2a9662c043951d208b7bd5acea8,0.20745647
c1eb610c09c10f8f0c63a7d73dfc3a57,0.007421267
f73046710fc720072a253a4a47dfdb78,0.79988915
c35bc8fa3cf3b47f1f4a0e2776a3ebd6,0.5651112
0c9e111b11c5fc127641fc3f6d371747,0.0076773986
034b286db3e3bbe1703a350909befc65,0.51018703
d0863e79294199a6f8c62b263bb67e20,0.039221905
2ac0c0bb96189483a6b8132c45f37e7d,2.599623e-08
51502cfbae196850572a75d5e93ce37a,4.5170975e-08
830db3eca42ffd23621719b089bdcd72,6.948194e-08
ef9d01e4a14c63138119ea7f6ac64a71,0.00024252501
d2bc7209f01f901a35950456b736f7f8,0.6353487
b950f892831682686f2506422a40650f,0.023024132
72e930c690e3f22d11909a349783fd47,0.043393422
c5b4e56da4def74d1d9ea3a196053faa,0.046403468
6e0f7047b319a9a3186220d5bd0ba838,0.0013715334
a619da1dba52ab754c336e00097185c7,6.4903843e-10
45875133089143adabe17ca66565eba4,6.926841e-08
b45f119a99483ca62981ebf588492223,0.88121635
66a7cc07d77661616c5feab461ab475c,0.029760063
d0f25dbadebd16b643bc021056647d6b,0.012137451
0a6c3a7a5fe39d8c5530cca9636a6ae4,0.06302847
6b77aba803f49acbfd28326437cad87e,0.14233695
01a21ecdcea1cbbceae7a76cc24433de,0.3553385
57c823696ab005c45fd8346dae1e085c,7.72836e-08
8b3b0babb526bbe1c522ff9fa904ecab,5.846202e-06
f747c66faf263d72c62b1f7f9bfee94a,0.9984875
a35641d5375ca6989ce34b5e7316b479,2.751647e-07
bd0cd0d2914621eaa022a5d5da677b9e,5.2514622e-08
3d03a69a05e35387f021746b83dcc48e,0.07782587
56b4e92b1c3ed05ae72b05c0655576a7,0.0070082718
eeeece72f37921027678e4b864bddf18,0.028160062
07e11c24a13fa846c51ee2680724fb99,0.48514795
662a415394704b17707049b468af02ce,0.99703234
c5eaf129166b0aa26529d2365408001d,0.4765466
035dad947f28a5b1a508c3d4cab3744b,0.2141324
801df3198a2d3eb87235eff8ff68c0d6,0.31111792
e8ed9b7f958491838d2b52374770643c,0.00013546183
9e88bcc2279d5e8a0c58c2df457b5ad1,0.19733517
3876a3cdf0e2d715d4ab1cb3e4b1f056,0.99953824
5de20df2dfe2e080230e031a7cfe60c6,0.012669817
2d40f2be2575486b8d17e8d6ec046c2e,0.3482329
6ec8c2335f90e6072879124ad593b09b,0.0008040854
e864a6008384e5f42161b9b5c92da02c,0.48063827
2c5fc859139989283ae813605409b12f,0.16041794
ea8169db1ed152da2411904b6ff264ee,0.35534453
4523706aff07058f8063254a8b2a5980,0.01662574
aaec8f8e560549f177403befabfdf7b5,0.0025687509
899d3620b99bc09c5672f3e05d80ecbd,0.5103628
6d5a1766ea18d51d923e50022887ba2f,0.79988384
79aba4d722f776c6882dcf61cdb07fd1,0.83703315
4a52d484b6066ccdd7a4db3c4b0fe6c7,0.041509353
2c1a069ca93047856b7dd65018ef82d0,0.009664772
e583bf8e99e2f6db6f85e42b7690c035,0.01206075
ebda6f0e9f98f495622681e3d3ab542c,0.012675045
5d68317b50deba9efb09230543c1448a,0.049528323
919424b0f40e8fcacf133dd19cc7685b,0.00034417285
6c47830fcd72b1fca81751611c8c8538,5.6456415e-06
7d36d39ea704c851a316466816b103d5,0.036038727
5df8b37931c4b3bb0bc01c0e5161bbff,0.011474879
ce38ad6931c0a063866aee6710987109,0.9917571
d40f24b7cd22f0eae66adf5eff9c71ac,0.98381394
a43200d0b751a4676b1f0d0dcf21a2db,0.001208792
06b303e86b6dca4a6e8f8aa133569242,3.6741957e-07
69996576a530682e84db8c8b79f29ea5,0.5792685
9231f019f900eeb5453993dad304c473,1.9730392e-07
18455571d39b95ea7e86069df7c92ffc,0.93814325
41f83871bf8f9421150f00c8182d8b34,0.01267794
1273855539cc7eb1b2e525f0a8d684f0,0.10867574
623fb8b473c65e7b32ac12c95ed8c60a,0.19833145
538cff0a994c8e5196e455b149da010c,0.3719789
92ff623c5b9f3ddd10609369d1ffc98c,0.2950172
e17d86624bda3aa1d9289ec70f36ee22,0.18686773
8fc489d343658490ac4ff92fd05af15d,0.0007647749
506877e674b71397d7dfce4eb9bba569,0.98707116
ed1f88a6fae2b09d9a58803d31a3077e,0.012426932
49e0947ced3e0706025fbbd6e07d199d,0.046565205
44bf324750107de4c6ecdb7175ec7fdd,0.99852943
34ee442c580719e0e71df3ae785be0ee,0.19734533
c5b18ba3b57159f73d904ac5ce4b89ac,0.01707555
b6eebfec897f2efb8e54218418616276,0.048906304
0e55186dac43d6bdf681662a888dd3f1,0.59260947
c2a1a98552d381e9655fde47cffb6ee1,0.035814
0e78c6c0b91b5f548a857a74427389fb,0.011514177
fa87393944d7cc9be393294de303a539,0.34915358
49c72a7c26d6097d41e9de44902549ba,0.01155345
2551c83adfdcae39a4be0122d8a31787,0.53534347
f869215654a9d173110e8821a0e1d176,0.001786494
91f6fc2abd38301bc94798d6dd611de6,0.21511903
008fdf51405422ce95c1c956376b3026,0.0025171808
9c991778137dab811db83998bc4e76c8,0.90773076
a395a7ca562b559c4dc952bfffc807fc,4.6354558e-08
8aaaa10510f6fed9051157c77ca33fa5,0.9987928
1b38ad010cf1e3529d54122c277dc3c4,0.3101956
b9697b662ac3c9b606dacfe555244c46,0.99959755
a0dbea16c96b00896e4ad6cc2f24389a,0.06532286
27d1cd02e1bb2ee6e4bab2f2a1a824ca,0.38869587
b73d64c8331b50457fdce9465464742e,0.0438307
2e0f47f6ab50889a84887c0d7689efcb,0.0012024892
b17f8a945f84c47a94a94b1104c4699f,0.13585313
1990020e11ceec5b1d326bb861ad402f,0.1983238
60d648b2a028c045b18a61932d6203d7,2.0552847e-08
98eb94556b0eb6885b05eafdd20a4373,0.16923185
e1211fec9de92794f5754ae84c1417df,0.19734378
966f7044de3f67549aeb3e915abe2b7c,0.21647105
2baa1ca682aed253eaf467c357895fc8,9.43036e-09
dbc6e6a9a702e83367f667970f157d70,0.0075808717
acdf16bb2b1f0ec27ac7a9ffa216a954,0.17352137
00c5375c1098474fac236b2ed21d40c9,0.002381016
c915948e4944c387e3ed754a1315bf76,0.0024129844
c2f7ba31d0a2c143c828597d97de1fc1,4.560513e-06
85049ebbc97bf263ee98199ffc542fa7,0.047729038
cc637b4b8215983bb1f22799eca332c9,3.6100836e-08
ca147f31e1ae7173c27cdb27e200e853,0.91272134
6addd35d18c92bc5045aceae2da5e10a,0.98371065
001c2d97d23ac37edbff210636231e6c,0.0003517287
03047b31c2798c26c5e6e38d3b480c02,0.043970697
88f045c72af4f9821c589cdc4e74d8b7,0.024849063
d5cfe22f37736c87fff795c5122f74a8,3.245585e-07
6d5bab39ded9ab3e33cc7a07f5e92a0b,0.12054871
53c1954dd8db4fb8570d0631b8ab6a96,4.4119712e-08
cb208b785facd41fceb7b11ceaaee815,0.071043655
dbba29c8761ad13dee2de5e2b0875036,0.15880471
b5598b2d88d107ea547446c85affb503,0.0023844233
365bdb6308aa364f36877f4eaf97820f,0.0153559
624fd6414ff59e4bd51cdeed5c7909d0,0.0012837868
8f9bf370fad5f7437ac89a6b4c0dc1da,0.19834036
57cf77bcf816967b3756de775ce45235,0.1192451
99154da47e094846c2be6499bb6e1bcf,0.96499157
f3a265ae7818ca341f4b2e40ddeb6103,0.002379636
ebcc0ee338c1e6aaeb57e2f8fb460225,0.19735248
6d41bc1403ec6765bbb28c28e78562e5,0.21950588
28477633af7f5f2b32afbe99890a4f76,0.00029563397
a98521125cdb4f4847d3b09fd6a31a20,0.0019569215
d4d17e409fc5bde77beadc3d89c6aa78,0.20049043
a7752f8ddff4106b16bc5b105f895067,0.18406233
ceeadccdb3a8da0506b177e99ee1e9d7,0.03683616
1cef37d76001212e81e8c6be67c0da80,0.08608954
1e145d89985ee54af07c463001dcb589,0.19733225
510d1ed8f998df599d3878e9a4873da3,0.0074422644
814981aca8a28e1b6a75c55279abd2cf,2.7434757e-08
dfd6104c429c359e3370764fc14bd484,0.19832547
92779ab177b68b8a684ade3f4de2cb9a,0.20444314
be9b5d1086e6cf9a90f9db7349a3035c,0.028731469
ab9cdcc91e38013c926be73428f7d03b,0.53006375
e91cf79dd440c4af12b7e8cf1d2f181c,0.19524477
113497a72efbe82e3054753676d85726,0.00739078
767baf2ddb4b7486c40499a94b698d5a,0.023058094
a611ef4f96e7c3d8c87a1d180202d72e,0.12531552
373f9aa46cafebd9968c0cfdf360ff10,0.0008200797
f068520cccb94fa1a2b08f43f920103f,0.023084877
6aa7ad42f3327c1899d85c0b06657f50,0.9971153
e25ea190f763745a8f24295d4eaf672d,0.0011934474
a04c3fba76b5af9593769f03998bf7fc,0.011411309
6054fc29775cb798ac29d0df51d4081f,0.10323189
7fd116a860e3a242890622fa9c9adf35,0.14241232
6e27567176b5d99feaef9c705e46d8ea,0.13546218
362d339072d17006825734481ade0f79,0.06017763
521725d30185f94630f3d120a26d0130,0.024586909
6e36f856809f8cf75e294c728df6ad28,0.0022834176
8baadfd3e9579c80a96d50521e98b802,0.19086017
aa923ccec5ef2bed6569fb8465358fe4,0.9845749
837e0842040dc6fb2f8df2914e7ba457,0.55342805
8c2229d0baecf1488ae4228de983a68a,3.1401747e-21
192dcdbfe214a71f8e62e537a31a3441,0.034092598
060d1af4f8d2a8d26a048695d1ebcb78,1.4354433e-05
ffcdf9a328097bdf61dacb4db1151d6c,0.27793884
e904743c4673268cf4c6c551a1370dda,0.72885096
3cdf7a737942e859cbb00c49f4fd5cac,0.002393605
0d956dcb4a19f1bb4825392a0c654ad9,0.40803224
3e7aec1493315aa05b8e4f62573a6e1a,0.98282826
19a77baeddbd6c72cb889908ea147c7d,0.0330339
99e98c0d5122c38e1fc3885092111fff,0.9989025
ca0515fc4f82fdcd259b50ddb672f929,5.2884435e-08
d5a4737dec92818c0ca99fb0210025b8,0.04120088
ee1952aee5da5ff280bc04a22a18146d,0.006500078
e21bd1ce8652de07ebb8fc2ac63cd1c8,0.26198655
0d1ecbd74a9ddf5b7b1c8e9f7e37047a,0.03343559
b0c2ce086f4903a75d29623fdcea8962,0.031052658
c6c9935a532017fc5a6cfc5e416ce3ff,0.012676028
b047a91ebcae0f514d4cc8d6bc00b124,0.19832683
ad8d7db635eda000e0bd7a7bf89f027b,0.99021834
bc3cc8b5e3c509fc2cb255eaa02664e7,0.7999036
00441ccca4a956cf6b3c22e8c02ad70d,0.022367228
bb803daaa44790c35f71a0bdfee07db6,3.062379e-08
20b8d90938d340f63d60e05681b115b3,0.15322872
015cb7762f15eaa2bedc61fa02486f4c,0.5886352
52a94f751cac252e01cb3a1e4de3baf8,0.79988366
a38d6fb18505c3e942724521a2a620ee,0.2879135
4e2c7158bd1ee7dc5ed5b843426b425e,0.8669246
a4c38af28c6505d46b7eed7f756ca4dc,0.98438615
979bf7437351364a5cd8bc1fc8d5328b,2.4838568e-05
959eb91d2adc58ba0b98a96ebe33db4e,0.0020172861
ad67e4d904a3070d3526d3bfc75850f6,0.30920708
8c2d3106034e9a3531cd005cbf6f38fe,0.5351266
d8bd4ab8d1c3d718e482b4db3d770357,0.19833644
09edaac42ac5ac7d27d0cf3ba0760e79,0.37349784
653c0d7a6867bec14d62145a63f2cb16,0.042021632
31c79f0df8300cbd7d60a57aeb51d48a,0.06136135
0ed111286bc54d968c34424d613adf19,0.04503492
6dd517c2d130755f5bc43f18bd19bd85,0.030604828
43eadd5700ee26c14146d5ebc7645bcf,0.5754579
5ce5b2c23e673f1c7aa672d337669bbf,0.0025488974
a6b1b277b3ab869f89fffe319fe7558b,0.049164016
ab2a65583231843f68191843d4a8f559,0.71686566
7dec9d6ed42b75b6f46b418bbe04051e,9.260513e-06
e6aa4bb47376c1178fa438224eb21798,0.13191701
725875deca6c4156eeb6a3deeadaceae,0.344289
46413e3f81f29ec8a9d25a7cd756cf74,0.04229155
aa7ecd1b7b97f64c5a426ba411f3eddf,0.3541196
6ff73cf770c6c37e1a03dc858e26766d,0.0008324425
dd14ea4eb4ef8dc6a658dbe78e059bed,0.5763356
8183e8f8568279544a96f2bcf2122e1c,0.20756619
3e3ebbaf7580436f25a0b358b38caa2a,0.30474395
9f76324e760c969484c4a1877137fcb7,0.5687126
d538a8b4ead961e597afaf8198643641,0.29700089
e5d7ccc80124f29e83061e1cd42b6278,3.6983035e-08
ac0094cae8e07f01ef30d81519494861,0.015786722
c7f092e022717795bf5ff64f12f1eda8,0.19582072
d70d3ba93c0e730492a109cd4eb690a6,0.03682569
3e4563fd8a830f0b2ac748a24caf92f4,0.0076615065
f5443770c04a34066df9d5226724c139,0.795523
6616066f1b3e0a5873ef381cf9066643,0.18520176
1b218de5799a3eea9340c281301e3206,0.011661993
67b413f51d43c0261e3494ffe8f8ae14,0.051891558
cd6f508e3b847d0055640cf710588d69,0.7383852
601c6f37dacd2e9b25ccdaa56e00f88c,0.003291472
5896dae44d0c87e552645d935a211bda,0.19833285
356dd31a4535a9d012a8cfa846530dd4,0.19559774
d76f66f4fc9f242dd74174980316ce5e,0.5517641
4a6335f5113f15f506b526bec4e8bfbe,0.19676855
d9a43ae8b28b1891e52833587993c6c4,0.042420197
0e4f1adeeac0fc089862460ae64d3e80,0.19733939
cd6848e046e3550290cc3b5a6d3bc1fe,0.023619156
0228905fc27e7cfe82eb88c44c5a10c8,0.0030863069
415f3ba176d54f5ab9e423ee028e20cf,0.2098209
566b8ba8e1fe25f18d52430a116ad06a,0.052004326
8dfa1b4593d4b035ab20126042499e3d,0.98372537
08ae252bc1531648236bf31db15e0c38,5.765102e-06
4e281390133835c8a2f0ee24a918fded,0.027803257
5c4854e07591e1fc7daf8fa3de192075,0.011546159
35a53d5a51574c7082cd7ef43674ec39,9.769021e-06
5cbfb52d66a97cc8245560574d953ac7,0.011507104
7ab89dc5b382709aa5f4a9b5504e839e,0.12065289
0a1b5b41798b4188fa0171141022d1c5,5.768169e-06
a45ac6a24b256e0604dbfd86d5f2c09c,0.20022354
877fc3a92d2b8bdcafdd1861a7f040c6,0.99948156
62a7e1c85141cecc5edd4d60c6bfa74e,2.1221238e-05
3e471426ab6d8ad8f86b743827de91aa,0.04406489
551ebdb666534b9dc2016e0c47c21864,0.15191959
9b1b3a828520f0499ac11cf24c5f4561,0.0123421205
370b98a839aeb2b51118d9c4200c1cc9,0.0004273216
af227c0477c0c54d137dce6522c853f3,0.013522558
da4fbbeae4b42cc20244d638c10584d0,0.19777405
4ec2cd63724dd452b3b13fbde5a72a53,0.035870176
7e7f83319e5f458b6e995cb21482e284,0.019915005
558d9a7cf8f45464e461a9421f79f397,0.02300029
874f68787551a99b1a5f5465f96e1b83,0.99968606
fe91441151b5a5a1068d8b248d28b7fc,0.027577505
53a434a17ffc5afe5c9a0fb832a2cb7c,0.37065297
ea180cb17e71d8e32481aa37cb796cc1,0.090636306
609e70edef1f2040d7cf7db478274d69,0.63417625
6ce68c2a22d8c91fd156ce6652dc48b7,0.1973353
d92add85635e5f21e69b92e518c9f5b6,0.09452526
649d78183dff75efd937b1c158733311,0.031114006
ec87aa11ffe924213b1c3fce6e3e5b3f,0.1437153
0238ceb5a863226ac4c306bd90ea5ca8,0.03788991
4852e45ce809beb2f93a25188e381701,0.19833317
3e0ac45ef9927154b90bdb61817053b3,0.5389063
9585aa0a3e63ed7c4b4de9a4de900636,0.72738504
420af37a8465a3579301405a33577b50,3.6652176e-07
d63148b7a304d1b0cead6b92687b39b4,0.05049761
45a40746e227468c6ed95c42c772038f,0.037720323
5f26070f4709f055424c80727d58cdac,0.8342436
e75ba79d9c17640a6c993881826c86d0,0.20053232
ed01d518265e35fc01daf41d3a63ba9d,0.613179
4ca4152014d12eb1fdd53329d94780de,0.058538474
cb26594e3f11c30281ada09dc234201a,0.0003442446
af7eb3dde36320c28e0cbb3b88ab0c6e,0.1916904
bb0ddd1227ea72057b8e685368595487,0.4881847
1f08eb0c438e125672e02fe20d3e2722,0.009810132
05fb5ae43dad4a522217157551a53d8d,0.9454303
c2886ee88148025766974d8ba9a2777a,0.19734707
792a9abbc9524d30c971f3f3e8083aa3,0.011476172
94b83661d8a0895108b0037318b27b63,0.08593776
e80c4eb44df24d8dca85ecebc34f319a,6.882348e-08
62ad2435060fb42f5f03c0580cb8b9e5,0.012674918
f6965b25cbae1da291e6ee79b43c12c0,3.2321788e-07
093e4288f67d777b6abfec6925853398,0.9586339
8450e853502ec59c1eba18cb56ed21ae,0.22338343
21abb655aa25d22ba5878e6243c11252,0.20755026
d095aa4f86226b6dd819320aebd2631b,0.014623401
9969771c5433ed3dcfb38ccada703893,0.1983351
2d3a8662d710d13b49323ec9fe5df4e4,0.6862546
123d1740e1610c6848f2b4dcbc16abf0,0.19832875
75be47547a30ec12ad99f03eeb695d1d,0.5315579
099928ebe30ceffa611238fa2a448d41,6.2640005e-08
74235d50029995a68d022f82cb793197,0.0014776891
c8805d88116f541b7799d1ccacf12d36,0.2941785
8ff51537d71f315e891ab356db1029d4,1.1744451e-12
3f314e352adce7e8929af60c2ddffe45,0.011612111
4cb133362012d5c7aeb6bd68c09f6950,0.16016443
283be5c14d532aef61d64360706c2b75,0.0200916
052e817f53b42229a95476d6096117f9,0.0013704009
0151b328049343e5a5c1c1b795c2de90,0.03167592
eab232b5ac3002e81fb85a2f056b2d02,0.011407753
5ce12d03bb40a833d74eb427b4dcd481,0.04678777
8ffba9f340bcfb4d08f1f29680c49661,0.46263456
1edf844f054a3a83c1f3ddd41ab10d5b,0.16308293
d5d493f6c9d50b59e8a6256405d766bb,0.99973804
4ad34404b23a6cdd48056ec86a6dd8ea,0.35397184
8b4a9f00468fa1d5e82fc49a92c262d0,0.32969168
25bcd781381addce2daf6393e16f99c0,0.75609446
795cbe59eb68f3b42d8fac512526cc1b,0.26428145
ea110dd507eddd83bbdabb9fff7b3add,0.19734347
3daf472fed5f5d628b1d8b986d0d6608,0.0008355634
a108d7490a33c62fa28107d7a8079e38,0.118281975
fd4019d139552740b30105bb48318402,0.37180418
78e036d1900658e8c53cf0594b5a8614,0.012313451
a31e67c8d3261f028c5bb5fb10fe8762,0.0120440675
f0959660de375af4cdfa0fc6c2b6d895,0.030189112
b7cbc0201abceef38b2b2d8bb7f6db87,0.00238286
0f02949f56eeb6f7b93e49cc33bd2ac1,2.4741832e-08
eec1ed345dbf944d1c365eb430e14bac,0.014077803
acfb485bfb1f0731e3cecfbdfd596554,0.022994578
8ab223c605b5cdfba49666672039ad1e,0.0012282447
12e12846aef484815128d980e69e0473,0.31448594
4bc0c1890944531b4764860b28911a38,0.98553276
6a8b9d8a322b3a89cce79df37975f4b6,0.032415427
899ec430402f6bf80e0fe149acf4b556,0.0025649655
190cdb48336d3e0bc13503d66093bacf,2.2418574e-08
f3c5b01307bad486ed46a9200a8000a5,0.4578669
e91f87757b258636c980a9f915163bda,0.35349697
fadda1f820898325624fceea30e15718,0.19862083
92b7f733a36135c561ebfcf8732a7247,0.19832602
bb82a38c6586abea498ecc41ba27745e,0.048263088
5e131acf589db2909415514d24a1fa90,0.00070752966
be63abb94018e6fadbff27f790a168ee,0.0012212292
38d1becb764b97d3c7cee2d701867d81,0.03285973
aaea4af02f43a8933892ff4d28770571,0.6749495
85b54f8c4a11256b0dca5b372268ceab,0.023984265
0d5ad94abede95d2658f7d571dfafc45,0.19831958
0a91924d9203aba0b6a117d8eb5912f7,0.13788903
38330b147c04c898f48457fc62bfe717,0.278649
6b393d74e31a8ccf9b9f7d61ab4c5a3e,0.69928217
f8468e3f0dfc6784dcc19d323c4e30f9,0.15099904
5665f108965c55a2d3ebcbbb50b03786,0.9907902
ff0262d86ace5d9e81f6ae87b9c5b732,0.048932545
8a93a861a930c87770b386292386d7ec,0.044498384
0f9499289694d8bfebbd46d683999b31,3.180938e-05
6ba147b95ec3f83fc2558d67e5b70dc3,0.0032747686
58f21f6d297252b07e6cf380edd915c7,0.002850933
6bc62ef3f6f311d822020de1370c0fb0,0.19832046
7993569b98252ecec00f797870c17e26,0.16660741
d5b897a989cbccca446dca495cdb5fbd,0.007350196
6a5f6fba52919a8f6f8e371284c3458b,0.3234642
dbb21c168708c659dd2f1e8d7c61a4d8,0.20746341
ed07068451367573188a49b8370f0c2b,0.112569615
0f7e1c24aae744b0af3ed8de306e01fa,0.92016107
5a41ccf089c7aff88608719b54b7e09e,0.03309076
3a5da7353c4666379cbacbb138f02b0a,0.15421419
4ea149ee2358d75d72aa082d09654d7d,0.012673579
3b4e33492bab2bfcd876916e069222d9,0.1973525
0233ce2c58a176dbc8f2a6e5210143ac,0.72885513
d383c6b144a2960527f72508dc5d1190,0.009762616
f06b7b07e7933d0296a1a98bb3ab8d38,0.40822116
b90ffe9c87762d7c390c96c89405af8b,1.9681354e-05
6e48c947e0b5192a47d7221056a4247f,0.037045024
c38dfe89e9fdea407cbc49b27107c5b4,5.715002e-06
09306711937f4e712d8ba64e95fb9ac9,0.012678636
295d3dfc9cd427e81a00b5809322f5fe,0.00084549387
4f59b691ce8638e38ecdaa69d1f45899,0.08382051
a9c27d411414d11c1bd184a6323d7162,0.48844355
b8356a21dda8bf5950815b8584efe2b4,0.00939883
41f010f3299208eb625906d55572624b,0.47147673
c3800397f17eef5cdd465ef4f1894bda,0.19833696
bd4fbb3a4c68be3e3a29bcefb3a64120,0.00010662685
a450bdb5dd684f28aa1db70d0cfe1dc1,0.032652322
ea0e4d20bf45ea582ef0d2233714f8a4,3.867908e-08
16099f265d9f0434db217548fdfa5a64,0.08658627
89c66d934a5e47fa7e3402381c6a5038,0.026172793
e6683bd9ff7e6a7fb7bce0cbba4ede31,0.0074504935
b443192886158293222b4d8b8ecfa976,0.1221871
858e91e26606fc0fdfb1d06c6685dd0c,0.7288816
f73b7c5194b030d7b05c7b5814649f43,8.483554e-06
5763f4989d5302e705f0cbbb6d845c3e,0.1426892
e7ea30cfccd1d814525e2e5c22ce3b6a,0.21359134
5582cc22eb358ae9c9b54b5abcfa930c,0.19833313
c8402f93bd2490be4926dd841d9d4468,0.1129037
ddd05c5fdc0a8cb19404ad9cd2d460da,0.41806513
fba63871937a9bc44f5b17a5a3d1084e,0.19832726
34de4f55f8d6f2225113f4b0c87f32eb,0.025943782
b3592816e18711ab94e6a2f5a6fd8cd8,0.38621894
d53fb95da70ac444cdc72aee1e873d5c,0.0049545607
f8931585f921559b773a627629c038fb,0.005616792
e1f96840e48494ee06e8edb381532d53,0.00068515725
b736c9c23c571b723c69e3bec467fddf,0.012679145
88510a50fd3a7d32d401d08ad6b93544,0.6352689
41464828b854127c2cdea8a7fe22ab96,0.0007117223
2cf555de4c1b46078d6cdcdb938360f5,0.0107787475
4d5222c834fce9ad047b7a1ef57611f2,0.039802324
e29d0e3076783426c5c1a5677400749e,0.027942335
3a10bff2f3797011a2724b7464a95240,0.31069177
92936c99d3416afc795a6623f2069978,0.03198449
915bcfb8b8075f81592031e192170dfd,0.20745821
fddf1a08b4676af5e091c9ee51efdbf5,0.06636743
e9063bfd87924b9e15f72a95b5156da5,0.030907612
6c0f9853eceee3e3ef96e1453b06bcc1,0.0057455297
e818a798cb51bedf97235267d3cf980d,0.037053548
3c4a4557dd636c58ef8d9bb55bc9fc26,0.0064278943
75e262471771be3a807dd4933c295a16,0.012680951
de506a028e1b8d178b8a0d09ac026dce,0.029916164
21b742e27690ec9f9c2c26bccaa93af1,0.52962184
24a2e0c0bab79248f90e5df00d55be6a,0.0933541
ff44bb672b3963f1444073e1c9142fae,0.02793642
d7994e73ab7706bdc8df6f324c17d1e6,0.0024546774
92f595acf5657c6007b19f205d46404a,1.3562122e-08
69c4035c4bdbd977b306a31d2a9ecd84,0.090290815
c48f0da787ca2932f4dfe4ba5b414649,0.26576436
6b24cda93ad0b615f7ada0632c511325,0.19732678
0daf180fe03e8e5ff0cbe6e3478a0db4,0.2586736
97d443180705b557af764af8d5573b7f,7.5172944e-11
8b8a1d03a26e04354ef69420d8e92428,0.007646491
e2f106b5fd35582e54d023731c68e518,0.2696433
6f5f9ac0eea431634fb0a85eeee1b319,1.11373065e-05
d69cb854f1b7b96909990b09602db498,0.5354327
328b0c02a0b7217e07fd62c12ca0751d,0.0030468823
1e3d53f7efac01a6f69a68362c4ff859,0.48719588
e3ecc56b0948ec0ae35ec825b49b30c2,0.20753965
7b9550a59677baaef2e981927d2f09fd,0.011430074
5646b0f428929c7a68af3844c40e7dc3,0.03219845
f527507c65e4ed298202ad82c5dbc4eb,0.41069952
7ae8f85a2c6ca102dacedbfe3ad69253,0.034878083
e5ab524fdfd1fbf0854c89e65defd2df,0.32542244
8d24805f86338bc3bd7a618c94cb1722,0.8424398
9cc1bc5eb2a1a2fad7055fd004f85583,0.82405365
fc313c5abae978879b7de21e6f4a345c,0.47294205
d0dac7d556eb1c9090a423f12e6c7f6d,4.3150948e-08
a19c635a8513bb21e7c4fbfe88ea6b2d,0.21729882
e5600272395bef5a6ed29f7294ff6962,0.18245268
41d6464ffa1ec0d15308465a8187eea2,0.45516834
2d5424d8dc0193f27bb42acb57a0a028,0.030480856
b3ad5df0d0d8c8387d773dbec2d7ae19,0.0428531
8efdfc9eaef0ffea4392b6877ae8ce6b,0.1983364
0f80abbe462bf32afc3ac7fb53a909ac,0.10185931
54730d1b5bf11ba238ffa49370340d6e,0.012679582
f8b19193dfd5f8bb910233d73605c69c,0.031279106
b832ddf4665d54a03744304332f5e610,0.1983268
bba071afbfd21e14c505501e82574951,0.34163028
79f2f47aa4b733609dff4b2a4e7f0773,2.3322508e-08
b68176ffcfce865daaa363789fead056,0.21533935
57a51864ab227f34bde3d9562a00a7e6,0.012683968
fd75ef7c2d4a63d80d3ae5666dbe3a1b,0.04718646
715f4a04bd6226e3d81ee66dfea8ea3f,0.011806853
59751ec61a57381376c7cb4940006e6f,0.113891736
08a8a2fe5c19531a308606bfbd7d9cca,2.4922603e-05
f0949c871e9bb6316bc9d1ab1bc5b191,0.30307463
b71ec7981734656ef3d77fe9e66f67e6,0.1882541
8733b21a62a3e39e0ab49639d7ab336f,0.009423178
3965526ff3cf517b102873fa2aa0d2d2,0.20053479
cbb14a62404cc19ed7b1a2ee5b614d7f,0.0013321962
7cb406aaadf10aacc911572230945af6,0.46270984
d0f2238079a7860147dafb74723e7263,3.4772273e-07
eadb7f804add81c377fdb8f733f85dfd,0.21385142
0772c23a8a9a323f9648451a1eeca480,0.1983329
82847b456708d7b247a771b31ce45c29,0.7746707
c4b8b0f6c4a7b6c21db16e8c1c9735c1,0.7998835
47a471d632c40aeb6449f8fee1c4d7bd,1.5836225e-05
e9aef5c1400fbdc191868abdb93b8a88,2.4637856e-08
eb3c4950f0b684773462754d94fa4046,0.197337
b1b5cba8725c2dee1a4c591bf9cd400f,0.53031456
959f1582b74981c82e9e3ec26dcf6166,0.023027351
dc3f293ec9ab664f2d69807ee4247206,0.7357356
7cee33556fb9d2efb929c5a27a20840f,0.0048475517
d530f83f5a39de6df79b9cbab0ab435e,0.20747149
14e08b94f15e5787ec010e1c0db13ec9,0.35437146
69999698bb9987fcc8b8e327fd2de181,0.0023814652
4e5e132cab972dceae4555bce432af73,0.5073033
559f984f7f347ed54daff4d6947feea6,0.049474616
5131228857b5147aadc2dd9e859c2f6b,0.18332824
27c2ea1413ba173f915879483dbd8fa1,0.0028509845
d6ba88e85e4eeec107574cca53684e50,0.59111434
0498bcc8cbc96b083bcd89d0e48961dc,0.19732955
b6b9c3ec2e35289fd5e1ab83b463c4d0,0.9999815
f9003efa90e07efd060ca136822bd118,0.19734046
4c223943e2f9abd0dc6f6c66d1ccfb35,0.024627835
bef8481958dbaeef54f43efb5442e1f3,0.0071849697
68304d9308fa877702a5c79b79c6e82c,0.9968709
443c3579dfce14ae7dd93e0599a51632,0.24353477
3d7ffeb373a00053ed12375ac6b9b8b9,2.4005704e-08
a43907ec7b11301df840ea4a0c14b5f0,0.19833712
7d59997c7f81cd5b836b63e6fea3ee68,0.038659554
379fd001408c249fba3179206a783091,0.007408762
3d14c42965c3bb3bbf577dc026231eda,3.1371407e-08
7398a674edec14c3b0c7e03615e144ec,0.12665333
d14d02df2864bbe8c16565135c9910fe,0.007477995
d75805611df55ea0b527e2c8b37be919,0.34476882
158ccbce24664a3456c8f5058e655bc0,0.8855913
26a6007083704afb6d40b8b679274f4d,0.00082673616
9c0ef5e55f19a85452a3e7bd4b4e4170,0.011671027
feb367b60b59ccdb9dbe1a6785cdcce8,0.21006557
bcbcab156a4aaca72f2dce83f07d456f,0.36383647
f07f334ab3db8a2b4111eed13c498b34,0.55648565
9a21cdc904b39e4eeeeee1541d38cdb7,0.04391351
dca5afcc2ffedf3a5649a7750fa1fd5c,0.00067858794
c8e59afc00d20bcdbc79c36238c03b8a,0.40631342
ae074f2c7105afc352df4f455c4cb3ba,0.030508224
4f0e20b479bd69c5201c1ac17ccc097e,0.12355119
73309e8d2c41a8e3464d53123a7734a7,0.9997082
8ab72fa0863709aa6e140b4d34a6552e,0.1983199
4a3171767d257583f89c3b8a11f675c4,0.34717196
cffebebf3b5b4379946834dd1cd9ea3a,0.010396544
2b9f714bea36b5c3e6df30f3f727f0dc,0.9880749
906e3883000f4d373f38a2d895de3625,0.16313677
4bd612bdbef28bd461777d4befa43c3f,0.9227462
fced171fdccf732b74cdb7e065be68f4,0.027383167
02462b43119585602da4e4153b40efbe,0.20733921
9f9ff6b8a203e690dc10cbe238c5221b,0.1983234
9c3b197326eff73272c14223a1870284,0.083212756
629a07386c31357ae5e704099fd86cc7,0.040752683
6b89fa605c911f98ea8db84937222a80,0.1907704
a4b06da081776edc898883b4b031271f,0.39789802
3b4fb40dd7065e0734fed9fc8e310aea,0.0028311252
64c486576ed50b2528dbbbc8612c4d84,0.31233782
44248e2a89bb73be1ec1c40d76f64d16,0.19833444
d99c1adecd6f39b36c9c55e9713978d3,0.26599088
2644eff76139ea3d37fc063b8c13281d,0.086911306
5a00855dcba407aee1288d150d15d777,0.0023814754
005e469e582930f101c0ebc7adc6337d,0.09954986
5643fd744f88ae878eb8e2593e8b5f00,0.3559451
df126544d8e70fac9b07e664fe13a17e,0.012665847
b1a10a9965ef688e3d9ad46aead99bd1,0.0023866266
de4464731d8d4bca23fc91bb973a1990,0.28409174
8907b76058c9bbe59f46f51328914557,0.042634077
1eb04118216a3b03670bfa68903f7d30,0.38056046
5e0e864b6bf6254cfce35140f915df76,0.00014826495
0913b4c45a60e26eb7786dd84fce7d7c,0.20053165
de7b27d305f6ccc19f36f3bd7754b013,0.035301678
9494e6a6698491dc9fdf71b32608f7a8,0.2295618
96fb365f7b03ace0a2284eb7714a744e,0.9817192
8d87cc47b05fbb280f4850a965ca9856,0.3360049
7c3b1d7669e36a2c4919a185b9658ed9,0.00034868153
2f4fecdcad276a05605274e7bc7d21bd,0.029177237
7bd338f7db76539f145828f251d50226,0.16018775
ad2085b3c392cec5e1b5099e3bfe20a6,0.0035902157
2296eec6ee7932cf6833b8c2a97f7f09,0.028605655
580dad9f31d13c3aad322263f9fc46fe,0.022951026
200bc4187c9aa6e5d960e9cc56bfc554,0.45451036
17a515215854e5660c2b0134ee5fd9ed,0.83408034
43431a99b4b1c14917cc5ecc64222978,0.20620403
110ce0e6b6602f4e6d997bfd2292f673,0.04195316
c2e0a7829d327060d81da2cff4199087,0.14352141
a7dc64209f9bf18c24151a0fc2daaea2,0.19734208
88bf708e7003735082d28dcaa9370aea,0.037626825
e873c394d1db2807ca358535a2b9e1b1,0.036425404
dc387351fef75e827f74e54de73ce57d,0.012042438
ca01dd476a134daf18d581824e9fafc0,0.37736762
aec70b41ccd34b8c1a082780741683d8,0.9979909
5b5f6e13d71bc4a9db265541219051c6,0.032128934
58803c716b24b7ae210c7db399a568e8,2.5297544e-05
44ff963445e47589b6087e5a848bcb58,0.2648716
34e21df6c94f288edc1e8f5b91975f8b,0.0033416017
df4499a4ee87038a6762bb6d7db66367,0.0013049952
c2fdd0dfb835270b0ce9df4cf9af204a,0.19734724
201476f1b849db4f5f7fa2aab56f0699,0.28244787
e46bedf752689b6b90ae560bbbaeb622,0.20407012
90f3413485835902fe82aa0827ffedba,0.24710381
551542f17e7f6666e8227889019b654b,0.00729672
c5691761c720a70a79140d494e55e8f8,0.022344748
30a434b9ecaba6e4edc016e15fd44e6e,0.9997436
a892e15e2da4ce21268cbdcae882cb87,0.027634079
e2a67d5f3c592a96b14383bac41721b3,3.5034049e-07
b909eca8e19f8a7aa5a23247eceec37e,0.2235361
c995886ea39413fc6cd5d74bdd6a12c7,4.264369e-08
0c28c6882a0cacd756198dc2262cbbf2,0.03665106
e937390919f53288e83e93d289a04723,0.043605544
b94a1fd6e0773a4eda0fa083249a7b0c,0.19733186
c83268f1baa4b4027c6f63e51ef75904,0.19734123
219962ec37aab86bdfc896bf20e7bbda,0.115644515
31475e9afdd7c8effe32efa217120b30,0.70214957
6d8c87664648353a2df764eef826b51e,0.9491183
beb6530faebf84e0895556514c1438b6,0.5938799
da9318111694a2c3e0fa02ca808b5eb8,0.70091933
78156580c23576b106b2f1865d9c5c18,2.296355e-08
1d7e42ebc63ed92b5c4eb4cb89ab64fd,0.19076218
3078b9c07260f0d6c3b1a6d43eb14adf,4.45578e-08
4e0f8579fb77eefdb8fbaab68d57f4e2,0.22953066
420ea0940858ca6a8db703ce969c4de3,0.6346279
3184f88f460ac832fbaa8e12e7377ded,0.026920939
cfb7bb1e45e00bf507136153347bd085,0.22858539
0cdcf9dbfc333ad250d68f77c7469da7,0.48107886
eeaeac937b2226a481d1ecdeb0a70ef6,0.037830357
fbb56a85f7c2d20067b1189f17ea648d,0.19089416
86aa17c00ab5c1a10501205172549852,0.010236315
bda21214736308f938cf9e91fb62d3bc,0.36631572
d1b712b503e5271bb1ee8b13c025e95b,0.5804328
47a3600ccaa0a1bd42613c465e5096a9,0.68534267
f1b09d483d854ce02b5fbcfc059381a1,0.037936833
4e76e32a4cdb21a512a38c99d5957042,0.47841588
963ba66999263a99e24fc272540e4113,0.3244628
56671f809d837d5635d71c6abad87575,0.9994879
ca7ba07835ade1976ade0825b1974a38,5.281054e-08
47fd6a83dddd248f4ccf2fce5fcf8a6f,0.009352
f8127a36cb361bda2a4145a3ba2dbc15,2.3359314e-08
6860d13a6e7256c3f9ce921f05ccf6f4,0.26532012
03d36908789e41b169b15bd83d2a16af,0.1983316
0cef3efb5efc0bb905a72a4312a725fd,0.022345107
32b042b6bd31efa69acd4456a8f83e40,1.971794e-07
35b7364bb55ae08a6178ef3a3eb81061,0.032867275
eaa1bd059b1b822efcd64ff7bac13b37,0.04778138
bafc2204ba1cbb8d1131696e192fc446,0.19550799
74dce9b0ac1f423e4502bd5cfb63162d,5.3684857e-08
8fe2561b30e09daddfec4041aac33279,0.19733891
8fea12ff5858244ffb93293267b4db83,0.99975556
71c8239f9c3e9463ba580e5257543a0e,3.98962e-08
e16f0fa0cac47b759734146cb0fba965,0.8274255
fe99626f5908a35a323455af6dbc311d,0.09190043
f395a463158671f990e42df82e8ab85e,0.007795307
0b6de3f6b798db3b57e6bc17881fe6a7,0.7282258
31e9cbebe1c8f3089d1480257c039d3f,2.3110278e-08
f6484aaed6b9011da71e75ac2347ed66,0.40447107
82ca8bd01f08097cda94178c3a32c5aa,0.19733903
53c2994bc4f8857ac7ab13db5bd75726,0.022775505
df0c6eb5304a5a06a8f765715aa34bc5,0.599614
2a86f9233c330c27d5ea08a29c52e0e9,0.22465213
4c6ef4abc67238de91bfc126906789f6,0.0400154
74b7338c18a2a6b2aa67b893413a9920,0.039383672
d4f41746d3ed9bc3c5200e9362f6d5af,0.028878052
2fce3c84f15ed56689d7d4fb59d093a8,0.1557214
9b5be807c5d632d452b5472535685fa3,0.999681
b1c4ed14f4741cfcb1460b5fb62332cd,0.034034416
62dc8c91a5c507dad61b6e6d6596337f,0.19734272
caacea17c0ccc04c49d17d142a463fd1,0.0235842
ad93a34bead52a66971904c9b4fd5dd2,0.0012186717
5b5ff7341485ef7b7bbe643c0d2db8c2,0.346526
6ca44f29c7988eeb08b4d97ff44745b6,0.48751903
0422331c8aaa360b7a4452b2a1df8826,0.10896263
171b30f0d3fd4a92b3365add2893b44b,0.3213946
e36cc808e2647015647ca4f70867afb3,0.22267275
ae0dbf7c5b8f1e7363d8d2f7fb3bc54b,0.03226451
f78d78441a92624708b4b9a7f92add35,0.98311615
67dcefd86421cbff93952fcf03738903,0.8883096
750231baa7fd4d1f54a5ed2439a55614,0.19830707
afcca411a1551a90effba16131a8968e,0.19733974
1f97219d9eaeb87ab26f90f66cfcb172,0.82390976
6d0184fa4330e8a32cb204d879e2012d,3.845138e-07
bf7bafbe53c03391036d04de986462fd,0.1726638
47999229a67118f5c84ac83fe2e9be27,0.19833228
32f37993a5154ac051763307be8efe20,0.0072400956
91d439ffd83d9de778408f575a0fb9d1,0.8104541
3035b6828137b4ab2d50268c19af2f8a,0.12813763
8352ae7c3ab093e1fbfdc35dcf63ac70,0.9134593
d1f3be097a90b61d202c406b35c2be83,0.9242962
3b7c64525485456049e11cdab909dbe9,1.1583977e-05
20305fc57a3315eeacb4f9b0c5cda2ba,0.011875032
6b91ecf8109f21b2989973e8297d2866,0.030308366
07c262911175bca6de8a3358ac3cd08b,0.8262197
c70150d4634ccf7bb7733ebdb4072f0f,0.26426405
4af3bcb022c4b8ae173af46f5b6a5a2a,0.0043094065
ec1aaa4fadd7c5455e7d26e6a41520e3,0.77647
391f127190b0fc793099a628da3cbf67,7.005594e-07
1162aa41693b06d7b91572f1dc484c13,0.99943686
b8fd0b510f9ce5fd5b68027b3c3eb2b3,0.11211815
85275a49d4e78f2710e5fdf6302b5f97,0.9813957
44537087b882f1d2cbf241323c920dfa,0.8555506
2989af1cbdb4ba10ddff0006b22e13bc,0.36267972
ea4f5377ef31cf5b0a948620accef61e,0.22958374
ffabef7d9337fd5ee1d5526a3fc1d0cd,0.04471619
2ee501708de85c0fc8a1d2c1c4c84ffd,0.03289767
b87693d115203da4125e437abd9a6478,0.044648997
eaa9be8b5a12b459f9893f5066094fbd,3.1622349e-06
858a6676290d0ed424c6c3d50455a51a,0.0009284529
3cb11dbe0a9aa519f1b0cd2776f69bd0,0.6353329
c6662c213b4fa1005cdafcc37c957b59,0.023013009
666f900d4bea7aed217c97cc75f756e4,0.18763082
8a07eb3942eb9077743ed22939b2030f,0.028007489
636459746708b7e6377b0b1cbb4c5329,0.0069982396
acd3746470b4bd708f3a127aa724dbc4,0.14540991
4706281121762bc131b909ad8a019895,0.0014272572
dd5750db0164434553a20d2af8d0a519,0.99974424
40557a41aa71df1812c8586e880f672b,0.007287158
85dda0e920a10600a4676bfb9d2186db,0.3346588
2e895e37855e69a7a9cfabb99c2d00d9,0.01229953
30fadf6ffdfc3dab7c55db86c1e36712,0.6664259
78698e9338bd6c3606682eec97bca64d,5.78093e-06
9581f9b7d5604778216441700139dd66,0.056917023
3dbd12207a0b4207e06b96d0a00dbcb8,0.0033909783
118da731e827616fec7f3d4454bbfdcf,0.0021476788
b21534b431792160ba5a6ed07bd7d5cd,0.3374154
ce693f5d6899cf49ff912dfc4cd746cd,0.19832423
491a42ccad4bfeb10d356ca8bb72b0bd,0.03075276
067eb0d68f88ed7353663c5585be18bb,0.94354975
72839f7796d70e602be9beda1fa249ff,0.027936917
93532a36b470b949906b312a7ae8d69a,2.3801153e-08
02700464c0c17c912813bd86b199c618,0.01166234
32c3a323ff92bb1aa41a490704dd70f3,0.18739106
ff18be9330230c26590d48e5af3bdb47,0.0018102214
477c059b3d907bda712616aa2eba4716,3.2035154e-05
54ee86678c1df5f91950e6c6e9fcd326,2.174276e-07
7176478e3a683839839589d966afecdb,0.0023744782
f8e7a00787b616cfc36343da238953c1,0.1266889
31e9fbdbe1b027701f62b0aaf4db99a5,0.16516772
3b6335e36bf66c16e22866b9c1967896,0.0021405683
767510d2464eaf0abb3adb6557c369c8,0.18446335
48fb827843a5d5a18be7bdccb64bf758,0.827958
74ceccaed19dadba4055d47daa627067,0.10564543
10649a2ff899a2262b52fdd7763f8b28,0.009162688
cfab2aec6eab535d8159ea19e0ff0fb5,3.49009e-07
24564fb3d0cb5ddf6e2a2cf60b599ff4,0.030490335
ddde56a81b9abaf60b7f1b27e7e1443f,0.011663228
114aa2a1c627b7909ec0e1283691c15d,0.19712624
ecb32fc178b90689041163b6bc7616d7,0.0075161504
976d33533af9445a0bc678463c36f887,0.016513716
2b6e6811a5431b989e81d9275b4502c2,0.17900917
a59753fd1bfa4b06c8db3806d1b79f86,0.49587196
d83b3316844ded8616b10fd288a9e874,0.99789965
b9d776cc2c81ab50aba23d0a1895ea5e,0.40601522
0879d8ab52ba5688ad7b19e3d9d1b137,0.11364646
873598f7a3b12fac6dc60272dc1ed9f3,0.036185145
7238790592ef692c2d36f215f26f11ac,0.18664518
038caaa1b0715ee8a0f8ddfd3f56f1dd,0.28682527
db5f546c8ef7c58d027aa14891e6b268,0.1973423
8c6fca44acbf4653471381d6a0f06e88,0.0004230317
eb628d969f73622c028f26bf075dff17,0.0006832347
c5852c84c0346d69dd573052181c58cf,0.79422
4e13788255bac00cce8cdd843c9516f9,1.3744449e-07
61a683b8333130a28c45d20ba6b3dd4c,0.25935215
13aa4ba485e3bc41c89d2ba150633108,0.024959052
3a2f077e4cda7090ef36d0deb5cd2e41,0.011603987
3fad5585a14817787c9df7fadb568c71,0.010593116
e216c99011175839f92a71532afd252f,0.03345129
99b38227d04c8cf28bd54d035b330775,0.21170214
0069da6f5f1afc417818230cd70fc45f,0.9867772
b835ae690f76a9149d067533ce65b5fb,0.011527632
2ae3e4bba1b03978545c719f0164ee17,0.9994296
d3896bd88421ed2caf97dfa7176ac771,0.28194627
2e27ab55176735ba5b4c6190ebf790e4,0.044468377
f51a4524189d656e1f0b6cedeb67d912,0.033216726
9e4ac4e58c6dac5ceb3b94e0cd02a0c8,0.011440525
1b168246b6a84706de98aee701817118,0.79534453
a99bab107a55e13815a6957f547be5a3,0.08811774
47c29b436452c07439d5d5a33ab2bec1,0.0073577664
bcf12534087a05c35a6231db8466486b,0.06134203
5ff8c6cc19297c2251701a9acd2b0777,0.012674878
c5e4666141ed033421c557a9ca8ab37d,0.011657162
b855efdaf012b77b20e69dfd363b5547,0.028504023
0997f6dc9cf177c9555d5159c54c8c7c,0.035509307
78ec3b1610ac8373f7b2815bbc7c7294,1.1039427e-08
d1aec2d3535c807e13b989047d801edf,0.9830645
492bfe2356dd2ce9147629bfe20710e3,6.489536e-10
6b7b0bfb38094557439cc609045cf776,0.048047625
127279a8961ac078b55a9721f9b78b90,0.19833045
d6f467b26d2a9d76dad2194f5bdb241e,0.037184205
69953e5e5b672d135b7fd85def41b6a5,0.016450064
639a0b985e0642dc45f5c270708ecfaf,0.9833477
d0a8bc531d83f901d3ec51ab5c77ab96,3.9783046e-08
0ecaae00476ef2ce013f12f9ddbfc89e,0.024594383
720df568c5cadcf1294c392ac1889fdb,0.23509225
45101198137b0edb69e75b6f239b6fce,0.045111224
828d11aa6233df2bad8a282b64151f0d,3.6409713e-08
2229f7f3786e5f4711d6b8b0c4d381b4,0.19733207
19e689586140c703482de5d18debdf6e,0.03008449
c8ba1387f9dbaf9956ffa7b5d59cc794,0.085538186
48846c88d2b9af6d092100c2b6b755fa,0.0041330955
667f8f0e997207b876072898166eb426,0.12436925
0500fbc6f5b34da92d30e386af19b7c8,0.06888209
be1980eb9347305f3a93782c6a65d09e,0.0025710433
2715a9a882da40c3a7487a5ac717f656,3.1895944e-08
7401a47fbcdc4cbeb8e4f83f5b41f65c,2.18415e-05
381d745f5a1280885e11c92afb2a013a,0.01155895
