filename,confidence
VirusShare_001222b17d1475918e9a7139fa779df7,0.0
VirusShare_0012880f355f94c2d605daf9389fda83,0.795175
VirusShare_00147156b464a1066d3a1c7259437f30,3.2e-05
VirusShare_001fecd1a5124068770eb6c03c25ed03,0.031367
VirusShare_0022aa9be0b85dfdf3729e977fffbb51,0.9052
VirusShare_003035d4f97a344fb458bd794655ec34,0.9052
VirusShare_003de3c5f751ad198ba096ff7e24cdcb,0.9052
VirusShare_0042735a338a9114aaffa74202888864,0.9052
VirusShare_0056a1dd62a27071231939423fc975b6,0.0
VirusShare_005c2257be5b79bf49840108fd6d0f02,0.943503
VirusShare_006d8e4911aa79a1996090dd6cf04894,0.045001
VirusShare_0079001f4d8e5010ec7c7065e10e9326,0.013694
VirusShare_0080284b03cb80591de6ea0550de6c9b,5e-06
VirusShare_008bb3907f2d2281fef4986bb96c0df9,0.998655
VirusShare_00989dd92c1d87b9652f1264888f8e9f,4e-06
VirusShare_00a77e49d9d35ce30c5127a822a52801,2.9e-05
VirusShare_00ab7c35c39ef75444f121d8969caa83,0.013694
VirusShare_00b9f5861f53212825b150b16cde164c,0.99499
VirusShare_00bc9bfa1c3f033f61697f88a2f87e5d,0.0
VirusShare_00be1b5d4efa9dd718e683fb936d7ad2,5e-06
VirusShare_00c70dbca48fdc06b918f07164c67a2e,5e-06
VirusShare_00c98849e96855391c7d9e1636222d39,5e-06
VirusShare_00cf1ed52c11288c723e63668debbd79,0.795175
VirusShare_00d2c0ef07ea36c4374150da2227f810,5e-06
VirusShare_00dc9643fe5e2827e9419fc8b12ef834,0.998655
VirusShare_00ed14a5625a5823d3bae1c11d41427f,0.795043
VirusShare_0108b0cdeb66bb267a9215c03d8d8082,0.950462
VirusShare_0117ffd183ccffae0fe7be9d7a45f1cc,0.997133
VirusShare_0118727f6f6c7eadf88609839613f9a8,0.807368
VirusShare_011d6298c4dabcccb385e86b86d645e7,0.993204
VirusShare_0120577e17ef3b50f1dac9abae256378,0.807368
VirusShare_0122718699529dbe01428f4a48909e93,0.002502
VirusShare_014512b22677aaa10b0d86bf362b2523,0.0
VirusShare_0162043ff06fc0b7df59995580637c08,1e-06
VirusShare_0163ba71c78fb3e0891e876f5beb7f95,0.045001
VirusShare_0166514512be24760f5059bb63bb4eec,0.012271
VirusShare_0168898ad164b1097ed2e0a781d98b9f,3e-06
VirusShare_016d4df33923e69ea06675f1714fdebe,5e-06
VirusShare_0176aa71c6388be8cb03e1b903a75132,0.9052
VirusShare_0183672cbeb869918b44d08379001ca7,0.9052
VirusShare_018bd6230ec1962819eb10dea218cfb5,0.0
VirusShare_01962addca4419d4cb9d31373fc06a3b,0.9052
VirusShare_0199c435413044d1f6163f4ca039a80b,0.045001
VirusShare_01a16e5a927bcfa66d0e014fee748a5c,4e-06
VirusShare_01bf86b5caf867e70f0c6fb148125a5a,3.4e-05
VirusShare_01da5d125e4a1b0603eb23eea890978e,5e-06
VirusShare_01db6f5f5b2b0b111f18a66ffc20009d,0.0
VirusShare_01dff24348b7f75a6aee0b7e559c589d,1.2e-05
VirusShare_01e37d0a9aaa5dd0b7cf2baedc4f3b41,0.9052
VirusShare_01ead3f507b3fc635cbcc7d0b8b1075b,0.0
VirusShare_01eb7242f47c064efeea1f83e37648cc,0.910322
VirusShare_01ebd72121adbe3adc28fb6a08ddb3e1,8e-06
VirusShare_020dee978a28bbf398c7cdc7a45bdc95,0.9052
VirusShare_021349a528d7ea43d37f9df130631f13,0.214505
VirusShare_0213dd27bbc6fb443b99b04223275768,0.910322
VirusShare_021c016bec236599f8954c7028aecd3a,0.002988
VirusShare_022fc7a1b421c378bfb9646c092e432f,0.0
VirusShare_0237e5e5aa02ca8339423440954d50d1,4.7e-05
VirusShare_0246c0fb4f799d439ab6afcaaa3afd28,5e-06
VirusShare_02581977911d4cf7da508c6e82a95d75,0.910322
VirusShare_026c2a48a251800c08a9a9aea1e7ef25,0.9052
VirusShare_0271cabc3078c9484e2042ce1b2d2177,0.009437
VirusShare_02745d6276c3002e8f9337b4ae3cf626,0.0
VirusShare_0286788a8658ca38e3860e2a97439770,0.9052
VirusShare_02893f52f85c6fd38a0919b31982acb3,0.807368
VirusShare_02897bf6ffb14206fb9081248de0d44b,0.807368
VirusShare_029852e0671825bacfc7ab44738c2a10,0.055366
VirusShare_02a5d668ca2df30f30819c7ec6517836,5e-06
VirusShare_02a7a09c7797124250b9da085c21b733,0.045001
VirusShare_02aab14093b7508b624f0e28daa2a950,0.0
VirusShare_02b8c064e1a77fcdf1ef57017f9d6189,0.9052
VirusShare_02b95a2bb089394fea8291be0990e44c,5e-06
VirusShare_02c194b68ec98f80af9cda45cd35f056,0.998655
VirusShare_02c264d9c5240f1d30fcb76c79949f41,0.0
VirusShare_02c2c979199b23ed9815c61a4547f5c7,0.393092
VirusShare_02c88eb05467059be1c00d845522bce2,0.501085
VirusShare_02d22909c80338348184ac9d4f9135d3,0.993204
VirusShare_02d2f1fdfbf261b18e500734a75b6171,0.9052
VirusShare_02d8a7df4513776d25b5ef56a2dc2f60,0.791018
VirusShare_02e11de2085bf5e2a533e22a3f8c5802,0.991412
VirusShare_02e8561650362cbc9f8ceb68225bb2e7,0.0
VirusShare_02ebb71afeb09dbaf808401344e4c5f2,0.996588
VirusShare_02fd8bf0a63bef700772a26b668f5f6e,0.045001
VirusShare_031176fe3eafd9af629224217c3675b2,3e-06
VirusShare_03134e773301087eea02d7e00e04b985,7e-06
VirusShare_031725a30dee0f4bcdf7856c4deb1ef6,0.910322
VirusShare_0318db159ec3518f52f31200be099d6a,0.9052
VirusShare_0337680fc9ee4fad0faa73fe3d476d1f,5.4e-05
VirusShare_033887cfd6746968a7b1817cc812c97a,0.988224
VirusShare_033abaeb726524a8c400434a14460a39,0.9052
VirusShare_0346f2a44f7db25de683715476ee3f40,0.0
VirusShare_034944066e9cc144ba63e9269731bb7f,0.099847
VirusShare_0354a8d3e52476a071425b260df8b62c,5e-06
VirusShare_0371ffc31276c6046da8666cfaa363ca,0.9052
VirusShare_037821b839c9483dacc5da892337f56a,5e-06
VirusShare_0378ea466d4b909f6f49d57f4b7d1ab0,0.950462
VirusShare_037e0f974e768bdbf2a263c298a7d2c0,0.974247
VirusShare_03819667b151d27c02bea10f95417e67,4e-06
VirusShare_03a09c20e272944e8cb833a8fb441a61,0.998655
VirusShare_03a610ff141be3600f0f7d7e4e2cf81a,0.045001
VirusShare_03ac92321675894bf37c12d255266512,0.950462
VirusShare_03b47c428bfd4161e500a37ab4d049ae,0.001581
VirusShare_03c684ad221c95e9a7b83975f97e2269,0.002988
VirusShare_03d23020b94565d3a02bde11482ed62b,1e-06
VirusShare_03dc433234932f0cbc8e5803920a6083,5e-06
VirusShare_03e560762cfad81aa035c8bb31ce0bc4,0.045001
VirusShare_03ec023060ce5d7648f96eb62321a852,5e-06
VirusShare_03f37dc047c06e12b232cb1b96f55c5a,0.9052
VirusShare_03fc5d6e70c61d024332ba274ba6b481,0.910322
VirusShare_03fc5f12c9191e8070593f0217b4d48b,8e-06
VirusShare_040dca69656439de90aa279a90281698,8e-06
VirusShare_04218c010dce079d15adbd586105770e,5e-06
VirusShare_043033094e79834874be663ff700be9c,0.807368
VirusShare_043b1fb92f96ebf4bc5a9d9dd42036fb,0.993204
VirusShare_044e08d828aff1ae4924377d196180d9,0.882263
VirusShare_045f60acf53d5fae96a39f6d03486bc4,3.2e-05
VirusShare_046edc1dbe003bf35122b28f920a347e,5e-06
VirusShare_0479e8ab858ecc741f9e2cdddd690742,0.002988
VirusShare_04805b9b50cf50bd1cc75db68a8ecebf,5e-06
VirusShare_049dce7aec3b55ccd429b57324998f1a,0.0
VirusShare_049e234b03d36bf64e540a3c66e4dfd0,0.9052
VirusShare_04b65765d377319f90eb8a22cedd0ea4,0.9052
VirusShare_04b8d9cb963cc714c7b30502a3a8e7bf,5e-06
VirusShare_04b93dd3d83a1e6293706480b15f7cc6,0.002988
VirusShare_04befedbe76440e1e24e59ff4244ce6a,0.861156
VirusShare_04d1050728abedbd54c9c10c32bd89f2,5e-06
VirusShare_04d1fad259aec83ac9181c69a6d440e7,0.9052
VirusShare_04d5a33ae7ff3e95ea5f9845719fddaf,0.9052
VirusShare_04d8e6fc83348281676fc41b32d53b9a,5e-06
VirusShare_04da8a0050782f902340f7de7e6916bf,0.008815
VirusShare_04da967544ccb52380c3180cc274763e,0.031367
VirusShare_04f5b7237be40cd509a71405c1063b27,0.9052
VirusShare_0502d15f56a1fe1d6bd91becd4a473d6,0.9052
VirusShare_05086fde871858c6ebe9b5dcf4d1640b,5e-06
VirusShare_050c42f087f55a4f9bae55937594b29e,0.013694
VirusShare_050e3ab8f1ea2124339822eedc1d0d7d,0.910322
VirusShare_050eeda336d24f5dd817ee0eec056ec8,0.045001
VirusShare_050facd9c7ed1e5f15a1a29803042f63,0.950462
VirusShare_051d923b3c90309c3b8daaa38c2fbdad,1.3e-05
VirusShare_05253044be9691377df3749403ab9c3b,0.9052
VirusShare_05338b92b386f4757a399835b5807a28,0.940122
VirusShare_053e8289f85b02c21cdc7046556fc048,0.002501
VirusShare_0543abd85d26a6c65e4c31b4d7542403,0.9052
VirusShare_0550f2bfb2e50c1ecb44e7106ead855f,0.013694
VirusShare_0552835602adb24bf69128fa70a8d86f,0.910322
VirusShare_05529008d5c760bc20eba4e08d337df9,0.099847
VirusShare_055939e9f6967312ae569da2b01c7af7,0.9052
VirusShare_055977f6e7f47decf7db3c37071ab461,0.214505
VirusShare_0559dcdd06db6be1351d6c4e1c80f12a,5e-06
VirusShare_055a5d22647253daedd1d550839f8967,0.687548
VirusShare_056aaa35e3f237df95e8500df4255ffa,0.9052
VirusShare_058ddef4388ffc8e797d8cc245cc7af1,0.882263
VirusShare_059d5a34f451d45cceac607bd1c0f030,0.045001
VirusShare_05aabd7ec06ef95d61aa47a81058dde2,1e-06
VirusShare_05c7f04bf28b026e38d55983ba0b4551,0.031367
VirusShare_05ce9ca300cc7e35bcd22a2af782bd00,0.9052
VirusShare_05d3ecbebc7492b620bdd443ddec52a1,0.939363
VirusShare_05d7fe2f8adc2d50bcffbc8e0fd0080b,0.925401
VirusShare_05e17eb813bed3d83843ceb2871543d2,0.436475
VirusShare_05e86e415ed195f292e19c94cf5d51d6,0.0
VirusShare_05ec6c06154fe0244e0371bc2f120514,0.910322
VirusShare_05ef03b06104da80a24aa40bb235ef73,0.436475
VirusShare_05f1c6c60d33880298c551f7f2fe0b15,0.013686
VirusShare_060db2f8bf7b978e5ba0fd6b838bac84,0.00033
VirusShare_061644b448bc79d4c2fdfcf003a0a76b,0.002988
VirusShare_0622c9b71a967537fadfda67a509f6da,4e-05
VirusShare_0647d660c3030402a2286ef30161899d,0.997133
VirusShare_066cfd9471a952c36b54d73d3d14cb06,0.9052
VirusShare_067a80a3b797a1799878eea6260e7e55,0.993714
VirusShare_067e4fce0b0fe134af8d74b3c6cbc65d,5e-06
VirusShare_06945047630933d50d8f4ddcacdcb5f2,5e-06
VirusShare_069f9c01f208bfcb9014affd5ee23fd6,0.0
VirusShare_069fd448ad633d38369155b3f885342d,0.031367
VirusShare_06a17363104af47d39d2f5b64988e683,8e-06
VirusShare_06c8eca4436ac1e314ea39e7202289a1,0.031367
VirusShare_06cca7b0eca036e98de10d45b7295c15,0.0
VirusShare_06cfb7b1be50f455ba04ed22841cc9c2,0.9052
VirusShare_06df07e6dfc2fbe5725241e4360c9c46,0.00023
VirusShare_06e207f7e9b1651bfe3f62d44083df9f,0.234567
VirusShare_07024201614d1fe453671d1be851f463,0.045001
VirusShare_071d5c5ed54a46513a96c734f328cfb7,1.8e-05
VirusShare_0720ce820c9d10f8cdd83abb75106fb1,5e-06
VirusShare_073ff7114c82122e42a26d8344c2d4db,3.2e-05
VirusShare_0742592b1ed70b8e8eb09cf586011554,0.9052
VirusShare_074683f8b6bcd308a3e33ab06ec6cad1,0.00027
VirusShare_0748d25462e73cfc983fe410ba6afe0c,0.0
VirusShare_074cbec940877d897f7bc943f9dba856,0.067745
VirusShare_0750bfb91f69d1736f6f551637d1e2e6,0.999013
VirusShare_076dcdd4f0d33ac525ff9525f8dda133,0.996528
VirusShare_07779ea4b89928463ffa658c7f2a218e,0.9052
VirusShare_077a410a6cd99e066c4297b3a141dc2a,3e-06
VirusShare_077dc4eacae7bdbb868c8f6072e36a3a,0.031367
VirusShare_078fc4e9913ef38ed670e7214df84b20,0.9052
VirusShare_07920405c4e622239e9f8dcc099fea27,0.9052
VirusShare_079d721cf299e9a37f48b7eed09dea21,3e-06
VirusShare_079fc54e48dda546687aef93108d4302,0.998655
VirusShare_07a739cc45c94984a65bf65259694d2b,5e-06
VirusShare_07ae4df69d82326571d9a59ab4b0917f,0.9052
VirusShare_07b7ecdc47623a520836b9155d9a3678,0.0
VirusShare_07ceef005d2626297437e3289872bf40,0.0
VirusShare_07d0e05d00ebf3ccfe2901333138a406,0.083349
VirusShare_07df67030b086df6f08b44c1e17bcaae,7.8e-05
VirusShare_07ed6ad30f0126a1421e94aad2131f05,5.4e-05
VirusShare_07ee092afa1a63e39012e7f8f1f4d9fa,0.910322
VirusShare_07f292f042f16a4c74181d0dc2e54b3e,0.003175
VirusShare_07f876988b88193263dc289ad08ab6d7,0.9052
VirusShare_08015c873b62091fbb5e0c9936758568,0.950462
VirusShare_080e3f8c1860ebab6ef380cf6c86a188,2.6e-05
VirusShare_08119b735a7756822c91f9cb1d1f71b0,0.0
VirusShare_08247d96571f1300ddfa28d06feb1649,0.882263
VirusShare_082e9dd421ddaf29352ffd991008ddc7,8e-06
VirusShare_0831ed956371fd46cd0fb3fdb9720b65,0.001546
VirusShare_0836d00c2a5c1e9f9fdd2f406535a3f5,5e-06
VirusShare_08376cf4b1a1d298ed53520ebbe05243,0.897238
VirusShare_08413ae5971a554656f09159f6ec2d08,0.993204
VirusShare_084780295e7aa72c45b0de186deca003,0.0
VirusShare_085894386fbf0df263649b1cd9bf7740,5e-06
VirusShare_085d77211e96326f4cb753f20e7bafb4,5e-06
VirusShare_085fba1cdaaca8ad7c9c3053e55786c4,0.0
VirusShare_0868020832597764ff5da36e13a2ab2b,5e-06
VirusShare_08720b6ab20e1532dca0bc844ca3e68b,0.00491
VirusShare_08765e6b41ec0f2c4479194bae1df2fa,0.045001
VirusShare_087edc20bbe131ac51d5fc81dc8eda45,0.993714
VirusShare_087fa5d1ee728f741cbc8ccc4ea129a7,3.2e-05
VirusShare_088fca78f629500a1292ed2c2a48f0dd,0.905693
VirusShare_0894669a63e75134f2e8f38d88924ad7,0.045001
VirusShare_08a2d8c78677582a688a606101ed2f8d,0.9052
VirusShare_08af9c39f4ad09a7e36b9c7bee70fd4e,0.795043
VirusShare_08c3004bdf4c64b5e42db6f37b62a4f3,0.740149
VirusShare_08c5437dac3f1fc02d1cee565906b874,5e-06
VirusShare_08dbd6298489020137e63e91357cc689,0.0
VirusShare_08dca303251035c36df300c8e2c5059a,0.045001
VirusShare_08dd2aac54549a0d101eb23701d5f243,0.9052
VirusShare_08dd34af872eef297b9e6dc535d2b327,0.045001
VirusShare_08f6cb0d13140e454e30f4a8a5a1b080,0.031367
VirusShare_091d534dfac94f66f45243faf1b1f59e,4.4e-05
VirusShare_0929276556850b590f855b95de443cce,0.0
VirusShare_092f65970324acfc92383be7c54764df,0.392505
VirusShare_093a6a95636e37d8deedb40b90cb8d55,0.055366
VirusShare_093c69625696e1301b8500474faa9ba9,0.9052
VirusShare_093e0e567aecca908a4dfeffbbd39672,0.795042
VirusShare_094717670bfb7f726c6576211e40dac1,5e-06
VirusShare_0951bbdc6abd651b72cbc6fd5c06a95a,0.993714
VirusShare_0956ad5f00f9e2bfce24eee95b0258f5,0.996588
VirusShare_09664c8bf38c097939b07dfcaea9e398,0.0
VirusShare_0969d65b9a225a5e30c5b1aaad9b709c,0.9052
VirusShare_097490076885c399d644fcc4c5f64203,0.882263
VirusShare_0981ac6a48ad9625f0b5740ec5a84b31,0.013695
VirusShare_098c06f0b4a743e98eeb31b48c419f97,0.000475
VirusShare_0992200960304fb727d4b1dfdc779efd,4.7e-05
VirusShare_09a30d0f28e6bf3f1d58353f50cb7121,0.0
VirusShare_09b1daaf228863942c16651bc1cc46ae,0.9052
VirusShare_09bc428ca1e70f18d0a325dc02b40ae3,0.910322
VirusShare_09dfeaea6f5edffcae569a9f5ecdf07f,0.045001
VirusShare_09e0366f4867d2289df2e136615126a0,0.99349
VirusShare_09e1712743933f616dc2261aecd0be68,0.939112
VirusShare_09e2e1a6fed75bce3684e7fb237e5818,0.214505
VirusShare_09e8e11da6829bae99d0cb1561d122c7,0.0
VirusShare_09efe93a994ba2249a1bc741dae8573d,0.949651
VirusShare_0a015d6f9ff4e6d3cef102093452fb7e,5e-06
VirusShare_0a219073d36ba4d65051b909e7a48abb,0.000284
VirusShare_0a234a907b9127218249326a43a5a872,0.910322
VirusShare_0a2c6e1093051f02352000877f6a70f2,0.0
VirusShare_0a513f2465f58e492d40d9fe2777762d,0.501085
VirusShare_0a5fdfe1dcdb73ec1fd10c4623fe4574,0.9052
VirusShare_0a60e482085807be12395a9a6c8bba34,0.9052
VirusShare_0a62b3a263c580c169c4a7026e00cc7c,2e-06
VirusShare_0a6f0a169e6f5126a27deda475c1a429,5e-06
VirusShare_0a6f8d6155ae1fd81f089e2f2459d79a,2.6e-05
VirusShare_0a9267efc0529ede47461d32d2dcb1fb,5e-06
VirusShare_0aa9b2fb6560b0306a8a668049d6f6b3,0.013694
VirusShare_0aacdde636adad9282016f6e8000b5ff,0.882263
VirusShare_0acccbf97da2f7d437852f0ec54da8b5,0.214505
VirusShare_0acfe01615b12bfdfd9ca8ece423e81d,0.045001
VirusShare_0ad68288a02f3343d3894ddff2545922,0.882263
VirusShare_0adac89451353d6aa782ad8063d8919a,0.0
VirusShare_0aea7ef3eb6aeb00a645af78f184ea7b,0.9052
VirusShare_0af1dfa66151e4b8ea236e4669382c14,0.910322
VirusShare_0af53183a24c8eaf4ae6488abb8cae60,6.6e-05
VirusShare_0afad9ff556dea967ba3972823dc5053,0.997035
VirusShare_0b032d89ef02e87f54dada841f6956f9,0.997639
VirusShare_0b03362059d8771c21c9afa5b911c132,0.0
VirusShare_0b16806c17e40eb0299af9484ddb8e95,0.795175
VirusShare_0b1ec99e5190e962b0aa556f72b75b47,2.9e-05
VirusShare_0b38616e3080fab82b91afe2a3eaaead,0.918906
VirusShare_0b393fb59b864ae42737a7cfc847460f,0.045001
VirusShare_0b39a193dd11713388cb1207ac1fad17,0.897238
VirusShare_0b3d85db86b28e44b910bd20ce83055e,5e-06
VirusShare_0b4cf685f3541bcda836ee9c7ae26858,0.045001
VirusShare_0b649bc5dbbf21801c21aaa5e5f79fc6,9e-05
VirusShare_0b732565fc46c5f8c271c4c1b503c7e8,0.9052
VirusShare_0b87f536a5c4026334c889ec3aa657f5,0.910322
VirusShare_0b940890c2ea330f45f20701778f8b9b,0.0
VirusShare_0b94155dba36e7fbb589ce86a1ebc286,5e-06
VirusShare_0ba12ea3c694240e0cc46ae6881def00,8e-06
VirusShare_0ba8d3824b3712fcdab59f6329f45ff3,0.997035
VirusShare_0bac7f5a3485d5f383ff8788dd0214a4,3e-06
VirusShare_0bbf11ea466ad6bdafc4af3605bf48b9,0.0
VirusShare_0bbf6d76964f9e6c576b5b7871787ce7,0.9052
VirusShare_0bcfea1fc56a9a1e848ec7f654f63ab0,0.00704
VirusShare_0bd20ebf9369d7d41f254406de726a75,0.045001
VirusShare_0bdec5a8eb666004ce3c0fff133fa15c,0.002532
VirusShare_0bf998c0447c215350e494e9eb3d5179,5e-06
VirusShare_0bfcf900cde268c291f66263d4b12488,0.9052
VirusShare_0bfd03678286bc5f7d37efd00f6035ff,0.993204
VirusShare_0c04c3b641fa2916c3247833db648de4,0.002988
VirusShare_0c05a162b327771b5a83e6ee11084cd8,0.9052
VirusShare_0c0b9e9f523cc0b94e0511637edd9fed,0.9052
VirusShare_0c0c8e476ed19e716e8245de977e4fe5,0.394136
VirusShare_0c24e9e54860b9a268e47fb3049e520d,0.0
VirusShare_0c5968866b967e84f53f0b17f03369f7,0.9052
VirusShare_0c8a88475b9253f38c022724546f17b7,5e-06
VirusShare_0c8fc5fe0c929a40f90a3b0652a9a09a,5e-06
VirusShare_0c943933f3cd3c86eb025f14bbb3fb49,0.9052
VirusShare_0cb2eb705229ddf3bcc892f796160ac4,5e-06
VirusShare_0cb98b850cfcf7892b34cfe16296e335,0.031367
VirusShare_0cc053cc88aa94b79a3d79e53818b1a7,0.045001
VirusShare_0cc6236c746834ef5c7c083d445d885c,0.9052
VirusShare_0cd447d3f6015fdd0bc5e80fb75dbf17,0.910322
VirusShare_0cd6b6e3bf046a2b5ae875b3582215d0,3.5e-05
VirusShare_0d00f449c6384983a41972592f6102dc,5e-06
VirusShare_0d00f9fd0662dffdf67c8503f7662a8c,0.0
VirusShare_0d0513ccfe71021048888b14bcaf7c25,1e-06
VirusShare_0d07d0ec372b62431966a06d2abab009,5e-06
VirusShare_0d0dd9bfddbcbe1cd1aec844be4bf038,0.9052
VirusShare_0d0fd9e06329c0bab74fd8b54517898b,0.099847
VirusShare_0d203e487643fca999bf5e1dced01faf,0.0
VirusShare_0d24086aa8997a790d277c28ca1311a9,0.910322
VirusShare_0d2853261305b1d776d2230970409c30,5e-06
VirusShare_0d37fd0b906f3b784187e86f6b180e78,0.045001
VirusShare_0d4fe81727a22199a0fca69d6aadd177,3e-06
VirusShare_0d6329ce4556367bec4501bd08fdbd23,0.919273
VirusShare_0d7058214065566caa32695fc85435fc,0.998655
VirusShare_0d8816755e5e518509622e0a8be2fe20,0.013694
VirusShare_0d8ba0f41247ef90798688e0eb16fe03,0.9052
VirusShare_0d96cc941fdefb92df3f8a842b723069,0.9052
VirusShare_0d9b0fd99d40b28e7fb9a09b6b278826,0.000127
VirusShare_0d9c2cee7d6f6c1c7471c788307515db,5e-06
VirusShare_0dabc5b59e6de24e3493c7fd47ec6a9a,0.031367
VirusShare_0dc6c8d50c24c49bc53843dfd90a473d,0.0
VirusShare_0dc9267190b048dee9c0c8291e8743bc,5e-06
VirusShare_0dcf387e594d9d161c18a02daf82926d,0.0
VirusShare_0dcf75858be2b5cce31530d353d47bb9,4e-06
VirusShare_0dee2bc754c6d5df5723088ef4131491,0.045001
VirusShare_0deebe488df7d933931af59bba80f9f8,0.00033
VirusShare_0dfb943acd83190cb96a2de76ca34ef7,5e-06
VirusShare_0e13d8563c39c43e330ec8af37f5e8ff,0.0
VirusShare_0e15c7c805436edf8e179a10f4e36c0a,1e-06
VirusShare_0e1950b70f1f375cd1374d7987509932,0.9052
VirusShare_0e227c2b7cac78d71c5ca66280ed28d3,0.000525
VirusShare_0e2356ee8315a6efc06714ef36aa22eb,0.9052
VirusShare_0e398d57f2cca4afda60be9e4ed0b8b1,0.046679
VirusShare_0e5af3811a80c3e93f7e4909015f84f0,0.998655
VirusShare_0e740c989df98dc1ca81e3dec9ed1ed6,0.045001
VirusShare_0e763c14d0a1ace8524d49bcda6bffa6,0.9052
VirusShare_0e79ae108808451e9e8cb89b43b8a037,0.9052
VirusShare_0e818857bfd6f24b9ce05abfb478aacb,0.031367
VirusShare_0e9b5c63648932cb8cc0cfcf6c943682,0.000525
VirusShare_0e9ccf8a2b5ed82220e96c811b55ee56,0.0
VirusShare_0ea6b92031996a3bad18dd181dfb005e,0.045001
VirusShare_0ecb6f7908775d95385a94e0f2467a50,0.045001
VirusShare_0ed2469b0e089aceb632480eb7734033,0.013694
VirusShare_0ef78f886a5aab6090687aafaec25d14,5e-06
VirusShare_0ef925a5ba1120253f65fac07adebe72,0.045001
VirusShare_0f003ba2f2d99ff21a3214e25d2f9d8f,0.9052
VirusShare_0f36b1dc53c70791b90e914b91f03a7f,3.2e-05
VirusShare_0f36e0a3a522ff1d104a6bacc43f6039,0.045001
VirusShare_0f3b4768259ad4b916330acce2d5eafd,5e-06
VirusShare_0f3e7d4dcace9b1c4d8973a5082a04c1,5e-06
VirusShare_0f3fb518284533151255a4335613daf6,7e-06
VirusShare_0f424438966fe9b15db51f1cd444fa47,0.002988
VirusShare_0f425fb28f87edcc7d66ecfd86bf3691,0.0
VirusShare_0f46fe67c7f0f6210299d2a9b187d488,0.950462
VirusShare_0f476aff3047f28e4b73a9c39dfd818d,5e-06
VirusShare_0f6866e970319dfa4c0e57b779afa492,0.905693
VirusShare_0f77dbac197226e2654603dc07958ba9,0.002988
VirusShare_0f7b42b8fc672fb125ea77ec1883db12,0.9052
VirusShare_0f7c2e6ea50956308e212160f5824bf0,0.002988
VirusShare_0f7c8fad41e34b862c3708b4e47d8260,0.008815
VirusShare_0f8539cad48931532bdb9bc0a22a59cc,5e-06
VirusShare_0f87587ff95c952b240b7dab97a01af7,0.9052
VirusShare_0f89295dcf5bb3cc1160eb30b4f6ff5b,5e-06
VirusShare_0faff7890de3f7ee3a04365a9aa9af87,0.031367
VirusShare_0fd4cc35d4545f34e4a14926800ce567,0.000183
VirusShare_0fdc0dca4be5a5bd3922f5d6ff7e53ea,0.045001
VirusShare_0fe5a3f23d7f84bf6a76ce4ec4a5eae0,0.002988
VirusShare_1008e27194040ff07a3a170355b5d11f,0.844981
VirusShare_100d957af5c814eec96d0f91e8b7059d,0.9052
VirusShare_102c48878e7ff2fe8142a6e1502ad0c0,0.9052
VirusShare_1037892dbf808a6e0df37d6b96a5f0e5,5e-06
VirusShare_103aa6d5669a9f0246d44a5fadb767cd,0.045001
VirusShare_1053c75db56c1020ce3d6ee10a1c8841,0.9052
VirusShare_10585aef9b16b26e19043226af0a9899,0.998655
VirusShare_105b4224ab85b5ba90e249eedbe48b07,0.045001
VirusShare_107a6bc0dd3b077df951f52ff15bafe2,2e-05
VirusShare_107b2aecde040a4545fc848732d085e9,5e-06
VirusShare_10813c18ec2974d7e5ac661a72f9f525,0.9052
VirusShare_108fcfcf9a40232ba24e0cda56e3baa0,5e-06
VirusShare_109890133138bd578f612c60394af132,3e-06
VirusShare_10999795c64afc0239f25f16c985ca45,0.9052
VirusShare_10c1800829353d71be7efd4a77b126e9,0.153619
VirusShare_10c29ec9a5f33a9219d266afa9f99ab1,0.9052
VirusShare_10c743764ec1cdf8e0dd8fbf9df21e65,6.6e-05
VirusShare_10cab5e6ddcba66646865487ea377891,0.996056
VirusShare_10cc37d95929ba3f3097e9668b3c96af,0.993204
VirusShare_10f07d0129bbbd71a7e80922f1f81e28,0.00033
VirusShare_10f5ecea79eac878470a129997013431,0.9052
VirusShare_1103d6f43c5b0c591614bc0b40ed77f7,0.998655
VirusShare_11044beba5c13ce070f8f89c9ac8d58e,0.0
VirusShare_11053cf89ff838a375e78b46b0cd20b0,1e-06
VirusShare_111402eb82a10801aea86a95413eba4c,0.9052
VirusShare_113df1fb2c0c7f5935896a562f129ce6,0.11157
VirusShare_11489056242ea9e7ff857a5fc7ab339c,0.000525
VirusShare_114c3c99f20d9b2ef505a11ba328f355,5e-06
VirusShare_1152d04aafc683d5408838287483364d,0.053338
VirusShare_11677899e64a0a17d23788a183a9f32b,0.9052
VirusShare_116d6caa55e99d0e844887f1dd9ac64f,0.031367
VirusShare_11812a44b9a23eb6e3878199ae917fab,0.910322
VirusShare_119b35c8b68d5afba4ad172354dbc7c1,0.285764
VirusShare_119bff16a4cd7f0c68d23d71708e449f,5e-06
VirusShare_11a79a566d71be64898643e5d9c47d1f,0.993714
VirusShare_11a8b79abca78ff480c277e07635e86c,5e-06
VirusShare_11af4241660b5ba1987cae680dcd4f9c,0.0
VirusShare_11b599805f239b526083beb8e30a8738,0.996588
VirusShare_11caf05465e802ef5530975acb8e949c,0.002726
VirusShare_11f3b98b2126362766db354da379662e,0.99078
VirusShare_11f4b8705873c7b6d542d30579a0218c,0.002988
VirusShare_11faabdefffa4778726f78cf9e83d6ce,1.3e-05
VirusShare_11ff3bc2a374507f3e2e4fa17ee521d3,5e-06
VirusShare_1212872cd70a300fd08709153321eba6,0.0
VirusShare_1218c306ba4ca974e46b1b3229a803a7,3e-06
VirusShare_121d5934ab3c0489d580db0cdc1d0a92,0.9052
VirusShare_12222ddb0494436823d5713d23dab37f,0.996528
VirusShare_122cb7519b0f443d2af5f20756616050,0.919273
VirusShare_123362b929424cc11e12cda798ef52d2,5e-06
VirusShare_12374cd3c28228308b21f08a49b0928d,0.0
VirusShare_124f4b43abb77b1e8411ff1a81f1f2a5,0.910322
VirusShare_12588c0786afbe73c2adf86c40089e57,0.993714
VirusShare_1278a92cd34d7a10e12c72e122410c36,0.990527
VirusShare_128a55747772cf1aa47930cc500a5d44,5e-06
VirusShare_128dc964718791accb6b96acb29027ba,0.9052
VirusShare_1290178645499ec5d48838d961ab9455,5e-06
VirusShare_1299132345abf974789272e1c00f3ca3,5e-06
VirusShare_12a5b1bc7a3c9de45737620636729f25,0.910322
VirusShare_12adf903d105f787b02b0b676888a660,0.9052
VirusShare_12b3d7eeae0c22c5eb354e614b6a2040,0.9052
VirusShare_12cd710e720cc07a864f547a8459ed90,0.001089
VirusShare_12cde20494095a39cb15c224dd101972,0.000284
VirusShare_12e0fa4c7831e05cbcc7dc0d7160b219,0.045001
VirusShare_12e141bb1eac6c68d6a3a336fc89cb82,0.007407
VirusShare_131096c1aac88618caa49a943eb2ceca,5e-06
VirusShare_132247039dc317db638e5169d4c7c97c,0.0
VirusShare_13240b46dff64409a89bf6d8cf7347ca,0.000628
VirusShare_1326c85306fe028d4b8a023089fb7c41,5e-06
VirusShare_1327f8657c68e05fc86ffa77ba254c5d,0.00033
VirusShare_133d10c896c25947e7037613805358be,8e-06
VirusShare_134c329c5e4db1d6409baa352bd7785f,0.9052
VirusShare_13644e9f5844316cbd652413d29aadbb,0.9052
VirusShare_137c9e356e38ead23a66fa6469582e94,0.826378
VirusShare_137e3e93be08f13f073079f853576364,0.9052
VirusShare_137ea070e0b07648b589e3e351c9d254,0.9052
VirusShare_13953ed85875d59453792bc90d94e1a3,0.0
VirusShare_139c3d3eea61cbea5903afac391e6871,0.031367
VirusShare_13a3c45b8d06ab33e18683b14eada97f,3e-06
VirusShare_13a6f7553c0a389c989181b2de15caea,0.9052
VirusShare_13aa12fda180a102c242a65eb2b63ac0,0.031367
VirusShare_13b5ab471ff3f3d5dc0da4e0145e7a71,0.0
VirusShare_13bd76bbf4673a176ed7e227c00d52cb,0.994448
VirusShare_13d6d46cb31f8d74fbdb8a6983bcce64,0.055366
VirusShare_13d6e37b275928ba8ce1a52085ff3111,0.9052
VirusShare_13d957c14b3df644ed4e80c0b4731ba4,0.045001
VirusShare_13e6b3e195bbb4a749085593ff5c380c,0.9052
VirusShare_13e94b89cfc861c780dd13638a17ec65,0.045001
VirusShare_13f19ff10b0fabc7cfb87d243112f74d,0.0
VirusShare_13f94f6d408a177d89ba297ef17a7a4e,8e-06
VirusShare_14035831d9b086963a7ab5d7fef18c6a,0.988224
VirusShare_14089f35edb31d10e2e9619ee5008159,0.993829
VirusShare_140e3d0e10d034ab922c8f9744aeade2,0.993204
VirusShare_141a4bd28ae0bfdc8c6175b8b023a7a2,0.0
VirusShare_141ec21be6ab9077cac7c81eee0c9713,0.006247
VirusShare_14200e871e93e993a059788c0d71648c,0.00033
VirusShare_14202306ed4727bba585422037fa8e92,3e-06
VirusShare_1426ad012c68d8a55d15deb25be84aff,0.993204
VirusShare_1435cd3ea8428e2c593c0e60111ee66f,0.0
VirusShare_1448a5b55c9a3a4d6999e6eb29ff3df0,5e-06
VirusShare_144a5a7678f4edca1501f8571b918d2b,0.185004
VirusShare_145ceb093bda45de9384d3ac826a1b86,7.2e-05
VirusShare_1460f25e64a955bef21c1e65a8b31c85,0.950462
VirusShare_1463220f172b6698f2fdbe5c7b98be4d,0.0
VirusShare_1466a40073974aee0d7d774d8cdbe5c3,0.000514
VirusShare_146b2aaaeb06f8bdeffa2ec1f9f13cac,0.0
VirusShare_14810b0b139d66d8b5fce02a3d3b1f4d,0.993714
VirusShare_148f06c00b711d1278f9c22c961561ce,0.910322
VirusShare_1499adbf3c9db07e27de474552b1190b,3e-06
VirusShare_1499baa6bf00e9e10fbf9bc229f2eab0,0.910322
VirusShare_14a2cd00b67165951b8c11ab2afd59fb,0.9052
VirusShare_14a39eb47f85c5082925a73ef2da0765,0.00033
VirusShare_14acd300279cab79d3ba4bd078b93ebc,0.045001
VirusShare_14f56a84e41954943f371b66b42f6a8f,0.099847
VirusShare_14f73cda324b10b4532088a4dc04a60b,0.031367
VirusShare_150a2b94b8730807bc880e610dc979af,0.9052
VirusShare_1513ee43be3780bc8dc7de03478c590d,0.031367
VirusShare_15150616b6211be99af903c1ce933258,0.9052
VirusShare_15177211a55c7e1d4a3270dab6b1183b,0.031367
VirusShare_151a68116f95d835ba5f150c4e8c4755,0.9052
VirusShare_151badc68d0cdf935370027916fc0e87,0.209956
VirusShare_152e0d895461cf6f1b9602306a152505,0.996056
VirusShare_1541937c44da710ec79dfaaf4f9f479c,0.045001
VirusShare_1541e3a4a014082881b8c98f770e673e,0.0
VirusShare_15468041bc33119148d1e2c283976a46,0.9052
VirusShare_154693637ac7641a9d2fc6db2b24d107,0.0
VirusShare_1549887a299edd6391f4def719c34df4,0.045001
VirusShare_156192a165f585a44f4555fc5976a73e,1e-05
VirusShare_1561dae67049455ea59d3d7ef3fe7a41,0.9052
VirusShare_156ae057ee5cf454b0d16cfde0b0078a,0.045001
VirusShare_156b4798b188d396eee08a3159933874,0.000328
VirusShare_15762118587f3828978b02f47ac2b281,3.2e-05
VirusShare_157ac114eb0bbc22b3231538270b418c,5e-06
VirusShare_157c6eb22db2a63ecbf9cb215b64f879,0.045001
VirusShare_1584f82948ae827974b68e2560ffa32a,0.000525
VirusShare_158c06f1b3635c54e633b77bc686e625,0.013694
VirusShare_159867871330440bb2b8cd650bdc34be,0.045001
VirusShare_15adc72a85cc18a94c01b00cacb1ce6c,0.910322
VirusShare_15b4ba4337ff35cbfd2023548e9f76c1,0.9052
VirusShare_15c290d1e161238e3bf7c871824b36ad,0.000525
VirusShare_15c407841af06fe8f0f2bb55a7f0ed83,0.045001
VirusShare_15cf95f24c3171e5dcb48741230f7596,0.9052
VirusShare_15ede5a6c70cc590e0f73890e2fff60a,0.993204
VirusShare_16071bbf3e6bbd5a11cb76c5d5f7b444,0.0
VirusShare_16169525baf665794b3561ecfed760d4,0.045001
VirusShare_161e49d87dfff57ada6ae2d65ed22a72,0.910322
VirusShare_16251cfe72b9d0f69f3369e17b2ba7ff,0.910322
VirusShare_1625ad02cf74bcc22b107052a7d2452b,5e-06
VirusShare_16263c797d082f580f02743bd9763756,8e-06
VirusShare_163a9272518786c4c769032c8ec47700,0.00011
VirusShare_163d31197386d67b3f2ccc794011bab5,0.9052
VirusShare_16456e0e95e563f36063f238336355cf,0.9052
VirusShare_164f12ee8a908bc8609528c83e828683,0.950462
VirusShare_16698d8e2cd7d49ba83f0cc51fe306dc,0.0
VirusShare_167d4dc0ea6322fb7123af5e5511a168,0.461737
VirusShare_1682be304a46b33a2f008eec085e3af7,0.9052
VirusShare_168837d5d94174401995bd01ba70c263,0.996528
VirusShare_168dca80cf17f8cd47f0c8f500164844,0.045001
VirusShare_168eeb42b29bc79f23f540860a97bc6e,0.781928
VirusShare_169e393fc1bf565aa460f10b1f2e7ad0,1e-06
VirusShare_16a631f5987f024338cdf697f093c516,0.993556
VirusShare_16a9853e054bdd9ab9cf6e2f494e5393,0.9052
VirusShare_16cdbb64d81aa6c9850991403e1119b2,2e-05
VirusShare_16ce897a12c4359935bf42a25f3af674,0.9052
VirusShare_16e4522e22171eb5b6b2c8daf3a9c77f,5e-06
VirusShare_16e5e7fc7475caeb659b29a99eec8da4,0.9052
VirusShare_16ea6037853099322675a8a7bd5f20b7,0.9052
VirusShare_16f016dd85b7a34b14bd440c89e43b1c,5e-06
VirusShare_16f164248944364ec2c6021c79d5df92,0.9052
VirusShare_16ff18c70be190df529a7ad54583f119,0.9052
VirusShare_1702574af607a6c91bc0967510b1927a,0.031367
VirusShare_170796e7c06cd9344945aede47871b62,0.501086
VirusShare_170a065052a37fb029cb8f75c7efbf1a,0.0
VirusShare_170f21d8a6274d99e74e2045f0d541b3,0.000681
VirusShare_1723b3ec62d0dc612223af2cf3d3e7ff,0.910322
VirusShare_172e2eff7900b0a783c33d5f28d65f97,0.996528
VirusShare_17382e59ed59b1945a9500e5d602eb0e,0.045001
VirusShare_173ee1a17169c9a0ecb2a3a500f94dbb,0.950462
VirusShare_1763636dd37607457619e89a433e1364,0.002988
VirusShare_1764e7acd314ec80abda913bec073f54,0.993204
VirusShare_177d5a3bcea135435854c599357024df,0.9052
VirusShare_178514a4bbc40a1a73cbf947f0ceaacf,5e-06
VirusShare_17916d8cf6c3d6159ce90ddb220d1c4f,5e-06
VirusShare_179e60d42e9fc2dea1e7405cc074746c,0.013694
VirusShare_17b07872939a67bc88fd74c2ab0230da,0.9052
VirusShare_17b0dca4c5d5c3037c814ac1a253082b,3.2e-05
VirusShare_17b6a830938a32e4bf8828a47f452d27,0.9052
VirusShare_17d551aae9a967599a6d7ce4d68dd4c7,0.9052
VirusShare_17ef1229fd40f1b6876a029b02f0973a,5e-06
VirusShare_17f1530e7cbe1a249b6227d02bdfb5f2,5e-06
VirusShare_17f9667cf513d7e7caa0a4f0caba17ee,0.9052
VirusShare_180176678fd6630f24dd940011ca23b9,0.9052
VirusShare_1813e9f43066ee98187c59a4bb3d24f2,1e-06
VirusShare_181e7b1b8aadb44e52b8aaae88005a2d,0.214505
VirusShare_1820476af3b886482dd4c73e59bcea3c,2e-05
VirusShare_1826485c892b2cda1bb333376e8f3578,0.045001
VirusShare_182be3093c29783267eac7cd867b5b8e,5e-06
VirusShare_182d9b19940c15095d6505ecf698df89,8e-06
VirusShare_1831025208bb21a91df510c703465382,5e-06
VirusShare_1838f70c0af11e2d71905b20e98f58bf,0.031367
VirusShare_183ba1e9d806b60d41b3778719cb1784,0.9052
VirusShare_184e0a4fdb991af99c5af1638b0b9ddc,0.007403
VirusShare_185d6b5c787f66d1b921b6e4a7722926,0.045001
VirusShare_18670d94f9d1b1ba37e44a467a5efb17,0.9052
VirusShare_1872f2984b26dfb559c891586a336670,5e-06
VirusShare_18772dd155d32b4bba032166c736961a,4e-06
VirusShare_188d924edc9290b19872da5ac95f35d6,0.000127
VirusShare_1896022790fd6ffcd373b09fe5be644f,0.9052
VirusShare_189f0ac2de2d8a710a9bcf07b1540b8f,0.9052
VirusShare_18a1a05a6db2574a6a81deea4d76ffee,7.9e-05
VirusShare_18c3023ecfe2ffa12dce1b91aed2df8f,0.9052
VirusShare_18c5a251f1de3b46646fe8c3cdd69e76,0.000525
VirusShare_18cf9eba92348f48c7fe7e3ff72d2d53,0.9052
VirusShare_18daefcc7c2813dab446cebd87729744,5e-06
VirusShare_18e34fcb41b2e11eaaca77e0509667dd,5e-06
VirusShare_18e95e0417f0805d47c4270d9af39798,5e-06
VirusShare_18f17e3e8e0507e236e6feef8ed19743,8e-06
VirusShare_18f3a77c1e328a6f3c5b3c3395f2c04c,0.9052
VirusShare_19078a762492b458130e33d1beec4300,0.882263
VirusShare_19244f3e61732fed06b9c7c689ce2050,0.950462
VirusShare_1925f5a0a172c0423b2703736ea94c3e,5e-06
VirusShare_1933ac9bc616873422f4c3f8aed781f6,0.950462
VirusShare_193eaacd33bf1fa785a78329433ad1d3,0.045001
VirusShare_1947b4c3446fc12d368f00a099106bbd,1.1e-05
VirusShare_1951d1dc0b19914619f20debf896a498,0.9052
VirusShare_19565f81b4ef80a18e817669113589d0,0.031367
VirusShare_1958cbbf5055acfd5350b49035ffa16a,0.013694
VirusShare_195a2b564d8c9b6570fa9cfaacf26ab4,0.002988
VirusShare_1962c6badda696a29fc21f7ee06ca46c,0.045001
VirusShare_1974df2b2dc312f792e38c2f53b90e62,2.2e-05
VirusShare_197915f16757c231eef9761a992c6641,0.9052
VirusShare_1979f3b175ebc9b8a0cc133fbf667de4,0.910322
VirusShare_198c87ff700903ebd3b6087f773e8212,5.4e-05
VirusShare_1993c3c21c786879b1094149d50ee02e,3e-06
VirusShare_19cc51db7dfaa59778a63e608307296d,3e-06
VirusShare_19e68811adab74e2514a6919c0b6a888,0.998655
VirusShare_1a13a996f40576ff067522d7e119ada4,5e-06
VirusShare_1a164bfc059e0ee0878f9620b2363c96,2e-06
VirusShare_1a2ca6850a3435657d14975db373d422,0.9052
VirusShare_1a36142da2bcb677dd9bfef8ce1f890c,0.031367
VirusShare_1a362a1894dd639191766fa3a0360cbd,0.910322
VirusShare_1a3942c6a9e2485d1068b6c29a90fd2b,0.996432
VirusShare_1a3dbd6fe17d19468cb556723043c966,0.9052
VirusShare_1a40b17b0aa7681ab5b673924e877d5a,0.9052
VirusShare_1a490927ccdbde11d7b4009ec128941d,0.9052
VirusShare_1a4d3f23b0da2ac5a2df53741e6d1852,3.2e-05
VirusShare_1a5d81c7a148784d128d9b6a1eb54dae,0.950462
VirusShare_1a6efbae42b44a188aa27c2b19516819,0.045001
VirusShare_1a788a825ba1f76423b20719e35c1013,5e-06
VirusShare_1a7daf87418dd10164e299fc7a4abbca,0.045001
VirusShare_1a861069aa54044b63a3f688509abe3e,0.001363
VirusShare_1a867bad9a3ca438c6ab200a25f854c0,0.304502
VirusShare_1a982812dfda5da58a4e350b52a04734,4.5e-05
VirusShare_1aa1d68e94c72d3f3819b71ebfa1c540,0.0
VirusShare_1aaac4ca212b568d9aa332979c25e2fa,0.950462
VirusShare_1ac1eac1381f92024336aa225a841184,0.9052
VirusShare_1ad142f7b7630a6f9e11c11fe0160043,0.000681
VirusShare_1ad74669ee49b63b52a747526c69c624,0.0
VirusShare_1ada0ce4742f8c9c4cf00acf088a98a2,0.9052
VirusShare_1aed7274d16c952513bf8773a89440a2,0.041891
VirusShare_1aed8e5ec7df7c634daf286cabae95f7,0.005592
VirusShare_1af86de5b52c6bc91dece68c2545da5d,0.05948
VirusShare_1afa7f26320ce305985db2fca2e5916c,5e-06
VirusShare_1afc8ca49f1d2afe407f9a6fb8787b30,0.031367
VirusShare_1b0344848c633e6fd877ad9a28b6898e,0.031367
VirusShare_1b07cb9f20d8654bf514daacd28aa0b9,0.998655
VirusShare_1b102e6d1492fb92e5efe787cb9e013f,0.002472
VirusShare_1b18529958795df1461923f7edbeeab3,0.9052
VirusShare_1b19f53dac081431710a824981573490,4e-06
VirusShare_1b3218e26fa85fd148c945d87bec9c50,0.031367
VirusShare_1b3a844aaf18e6233774e58d3c577b6e,0.000284
VirusShare_1b3dd0e5f321ba1f6709828bd797d5db,3e-06
VirusShare_1b42fcb6600f01ec293db329b583f1c0,0.998655
VirusShare_1b456ff3f8a46430cf8e8d2c10b134e6,0.9052
VirusShare_1b4825d3ffe1b915b6505259fa0b7cf6,5e-06
VirusShare_1b4f12831a2cae7d3d7101aab9afb5f9,0.013694
VirusShare_1b6a482264775b5ab5b792c89f4cb272,3.5e-05
VirusShare_1b6dd51e98b610852bfe91a1b9e3ab3e,0.998655
VirusShare_1b7b3b569616c03cb50e3e3e229b0c55,0.950462
VirusShare_1b7d8eb0b06b84940b52fc7127dff4c7,0.002988
VirusShare_1b7f3e440e93ad879bd386ebc6c7e246,0.085354
VirusShare_1b929dc68b7ad8ec1c613725ba324cee,0.0
VirusShare_1ba29471321f0be5a3064e6c226fb80d,0.85157
VirusShare_1baf496f9369081c64c696e7293b7e48,0.000805
VirusShare_1bb2d14715d64a23ba0408005cd2d29b,0.0
VirusShare_1bc98f762eea86c681b55c30bc036a2c,0.998655
VirusShare_1bccdb1cbbdb299f4053dbab4236dadc,0.020104
VirusShare_1bceae1cbca1be2e1870489a726042eb,5e-06
VirusShare_1bdb65bb788148ee0f0f69caaa745ff5,0.214505
VirusShare_1bec1bfded59580782cc2905bcecc9cc,5e-06
VirusShare_1bf376d8635e69c98739caa00debb4c3,0.00486
VirusShare_1bfa564f73f32d4b92c25213154418f3,0.9052
VirusShare_1c102a0cc4b460863bc651edd9f73779,0.9052
VirusShare_1c11a48cfe4f9cc86c46b00405596b02,0.031367
VirusShare_1c150e05241f391fe34eba739965f835,8e-06
VirusShare_1c37b23e838b0db69634e8ae8030af3b,0.002988
VirusShare_1c3e493c1454eb9c2127e90aec33a54a,5e-06
VirusShare_1c3f36cc016b648c8d3918e0ef5b49f3,0.9052
VirusShare_1c4c1c1bdd4f5a5ce49e9d104cf93364,0.002988
VirusShare_1c54e5d06f724ceb0633a747f727b882,5e-06
VirusShare_1c586487cf4b251977b278a1e45b9d7d,0.099847
VirusShare_1c64781758ca576548aa4603e37ccf1b,5e-06
VirusShare_1c652681df1e57e8e4c45f0e37c069cb,0.126899
VirusShare_1c7491cf67276dec17dc8a3648a70ef3,0.99078
VirusShare_1c8fec1bb9cdf9a0117b56bac8f71b31,5e-06
VirusShare_1c998fecd41fabea296172fe7f4d4e15,5e-06
VirusShare_1c99961fffb3bedece2547e3639f6e06,3.1e-05
VirusShare_1ca61670d1a7514ae9b2191f90b55406,0.00026
VirusShare_1ca871e42732bcf9d11ccabb85ddaaa9,2e-05
VirusShare_1cad4deae161bc7a2fd1a80a49f92758,5e-06
VirusShare_1cb861c62820b5b7906fd6eb5dfc6b2c,0.910322
VirusShare_1cca756759438aacb1a0452e51c7356b,0.993714
VirusShare_1ccb25dca12568465620ef3e4992e1a0,0.099847
VirusShare_1ccb4eb1707c3f0a3488d3a70277ebbd,5e-06
VirusShare_1ccc6925693b0bb88e053a897b16d532,0.000388
VirusShare_1cdf6a40c4fe4bda29ae427e0d323354,0.9052
VirusShare_1ce460bbabbb3eeccb3369718b9e6d7e,5e-06
VirusShare_1cee7b0777b9818c6290a6f6c40e1980,5e-06
VirusShare_1cf818a0704385a6a4ec78ddd8477aa4,5e-06
VirusShare_1cfc11b577cb8b6fceb1219b2cabb8a2,0.9052
VirusShare_1d244b3bef33a414edbeb0541fdb2bf2,0.001072
VirusShare_1d4182f0ba03c72edd45cce18e9ec59e,0.910322
VirusShare_1d42c90e3e90b1aacd6edfbeff96efc5,0.9052
VirusShare_1d49816ef00371d8330ec775387f13fd,0.045001
VirusShare_1d64d96f03c821f2f636351596fab381,0.9052
VirusShare_1d66097b9362b2d604cba83b860b2abf,3e-06
VirusShare_1d6777250bd5b210868819fb54028901,5e-06
VirusShare_1d6a667b171febb5e87b02142381f7f0,5.4e-05
VirusShare_1d734bbd362769965cb14858ff9c5168,0.9052
VirusShare_1d7a285f3ba300a92d769c73f8192f22,0.9052
VirusShare_1d8afe07bce34df3526a273aa0993304,5e-06
VirusShare_1d8ed4c0be78479bb4111e3af0cc6a03,1.3e-05
VirusShare_1da134a9686e9206a4c7ca61519bded6,0.922534
VirusShare_1da2de903c014e8cf9a7538dc18b4c72,0.9052
VirusShare_1dd52929100f76147a03a4b09d709346,0.909223
VirusShare_1ddda862352fa761c80a715f7348fdc5,0.045001
VirusShare_1de6e232613aaedaa501020c6cfd6f36,0.998655
VirusShare_1e09e299e85f8897ede7fb505b35f1ed,5.4e-05
VirusShare_1e0b6b6eeb7724b33c37155812a3e382,0.99078
VirusShare_1e0c47dbe4cc2b87f11194513339987f,0.988224
VirusShare_1e0ffdec988378007dc2303ddd0eb32f,0.10042
VirusShare_1e209281f0de802e911966270d0dc382,5e-06
VirusShare_1e2c754ee22f34dcbfc9c165f04966f1,0.501086
VirusShare_1e3323290fa08c878d5e572c13744750,0.000353
VirusShare_1e3d6aa5552662cd7bd2cd113769ad5a,4.4e-05
VirusShare_1e3e1761a3e876d2723ddf8313995317,0.865158
VirusShare_1e53a7d865abd2d5bbac00e50c475562,0.998655
VirusShare_1e7925750b320b38a9cb12b99d5ec8d4,5e-06
VirusShare_1e8730e5badd10b98e68581d63eaca6f,8e-06
VirusShare_1e904a718627200842911e98c593646b,0.950462
VirusShare_1ea88f00524bb59ce67c642d13865f8a,0.031367
VirusShare_1eb14734a0f37abc7e12db5b71d1695c,5e-06
VirusShare_1eb2c71c6d46081bbbf521ac24f6e96d,0.045001
VirusShare_1ebab5ab3c0df1badb0e33fdff222872,5e-06
VirusShare_1ebc0bc6e88c2f8ae455a8c250a87093,0.00039
VirusShare_1ef18a9ccd986d7cfa48c5105f655b72,0.0
VirusShare_1efb67ae03496367bdaf6a4ab3bf84b1,0.9052
VirusShare_1efe4e4d799e5418b23d3dec7fee93e7,0.000218
VirusShare_1eff038fcd7a4d1b0deafef4116dfa77,0.0
VirusShare_1f09d8ec6079a5e5f2fc47b6a17f77c4,0.000525
VirusShare_1f14921ae23a476d6f4255266575b4ad,0.0
VirusShare_1f245293d098542397d0315cc7329a04,0.002472
VirusShare_1f26ded6ac0da5dd02181668b99bf676,0.9052
VirusShare_1f2ece5f59b1a6776b0ecba46e8eceff,0.031367
VirusShare_1f360b3ddc832009971d9f6795e86b7a,0.998655
VirusShare_1f36caeb8d728649dabbc4d99a13fad4,7.9e-05
VirusShare_1f40bf4ac4a389b0353d748c31eb8f3d,1.4e-05
VirusShare_1f429ccf4c012a388a1a9987739091e6,0.000556
VirusShare_1f48b196c19d332e4c7d0fed36189161,0.910322
VirusShare_1f49b17ebbe2c19ecb3ada282df792dc,5.2e-05
VirusShare_1f6d90acfa690524fe830b7c7b180e79,0.045001
VirusShare_1f769d49e21f3ef01919ed8d4d0d1668,0.9052
VirusShare_1f7d9d2cfe0d1cb47727a313075f503c,4.7e-05
VirusShare_1f7ef238b6a76ed987f3bf935eff64a0,0.002988
VirusShare_1f82c5c93c2fd25be1fc7e5a50cbc25c,5e-06
VirusShare_1f95c4b724b8d9fa1e94acec5d0a22ca,0.0
VirusShare_1f9f56eaf4b01aac1e330754ffa3709c,0.0
VirusShare_1fa351f9e3cbc53712a86d4994c481fd,3.2e-05
VirusShare_1faec0aad33933e8083fa81a578d62c6,0.0
VirusShare_1fb32fa7418181036c33d75acc87431d,0.000137
VirusShare_1fba4204e9f0eb1dcf2ebdd3fd42dd35,5e-06
VirusShare_1fc16e0a10e8dd8547ba7a8d68b9af29,0.9052
VirusShare_1fc5eaa234882d06de15f2d06b369f93,4.4e-05
VirusShare_1fca04d0b2f2516c412ed08a17199f28,0.9052
VirusShare_1fcfa1b9b91a4b4713bb1de0d68f7c4e,3e-06
VirusShare_1fe98afb389ea1afacd0f8800fc452b2,0.9052
VirusShare_1fec9dfaed594a736471e13958ec9346,5e-06
VirusShare_1fece2e126e07d26b89387e0411f26b9,0.0
VirusShare_1ff5dac3b82c52b670de01ee58a2e987,0.031367
VirusShare_1ff624e536f551edbcfd57903f49330d,0.120027
VirusShare_1ff90e9af9c44dc72068e38112014f24,5e-06
VirusShare_2014334344e8864fadb4269daee24e6b,0.950462
VirusShare_20172ab6e787b143f9058717d45f635a,5e-06
VirusShare_201c9fd8f10c52b07e2c087c5c4d562f,5e-06
VirusShare_201e26e80dbe6b2b6afa7b96a40a8099,0.9052
VirusShare_2025fbfcf887890e80080af6184161a1,3e-06
VirusShare_202b912c61bbe36d941a5f8a296c798f,5e-06
VirusShare_204432d2b4d327bf6f4dfd3addd25f09,0.967442
VirusShare_204794a239b1f8b2a48ca6696bac5bf2,0.031367
VirusShare_2060ca5fb2999eb76d09bdacc95a5c3a,5e-06
VirusShare_206791ba5ac5b9fcbe8e5104b60aadf5,0.045001
VirusShare_20716498a05631dd146cd25c5ee9e5a7,5e-06
VirusShare_2072c5d3825e6a359cb221f77f551b37,0.993204
VirusShare_207e16d85c9d4f6d16f1d203290002d9,0.00027
VirusShare_20861fdf58f25aa17c848754c18fad7c,5e-06
VirusShare_2087dcbdd917f0c96f2e4067b4e63d49,1e-06
VirusShare_20a43f57dc505ffac0da8b49d91fd322,0.500308
VirusShare_20a4c358b5123be87c39bd3ec349bbb6,0.882263
VirusShare_20b70e78567b8f864a351fae6e99ee02,5e-06
VirusShare_20b944480b39a1938b3f739f5811b659,5e-06
VirusShare_20c21d3a21badc554dfc041ebe7c33fc,0.993204
VirusShare_20c767f0d834fe1d24fab75e38ed4b85,0.013906
VirusShare_20df14d58b60a50a8a81d0f64984a7dc,0.910322
VirusShare_20e9e6a6b6a061c64aef4a97b107d58a,0.9052
VirusShare_212047410da9efa077222c0aa9360912,6e-06
VirusShare_2120cf93b6be39884f951ee2a31c5999,0.002452
VirusShare_2133f316e03acc5ebc678a525c9f2bdd,0.045001
VirusShare_2135b22760d2a61e8c17ca9de866adde,0.045001
VirusShare_21378e439c6b7a64fd621939b532ec02,0.999039
VirusShare_2139daa8a3cbd27a71f5a155c20b32e9,0.924242
VirusShare_213e1a2d0d98393c722f5098ca4a3f6f,0.910322
VirusShare_213e2e75addc42290b08957a96dc99ae,0.9052
VirusShare_2140fe2f3a734dbecd3d9e0cf9cb73e3,0.01548
VirusShare_21411477b1a1caf9afee4a1477552fe8,8e-06
VirusShare_2141e1414cfe08e58f425a48ed85a950,0.0
VirusShare_2161b2c5641a497ea3e2acc9d08d6b49,3.9e-05
VirusShare_216db75147273c2ff4bf981e63dad690,0.002988
VirusShare_21706a49ba6a4a4de6e1b1e5aa2bc833,5e-06
VirusShare_218d60ef23d007dbbb18e4947ca4f294,3e-06
VirusShare_2199541fda51bca4e50fad49ddfe194f,0.910322
VirusShare_21a43daebbd1c13f3f141f5eced06fb6,0.031367
VirusShare_21acd3e1450743866918daf7fd40626e,0.9052
VirusShare_21b5504883bf3f2bcce11f7af08375cf,5e-06
VirusShare_21b6d50760d0038b91bd4293525161a6,0.973322
VirusShare_21b8161193fbf9dc00644f2beb8cf837,0.998655
VirusShare_21bb6727be5e23a7e7d24f15b8ff2380,0.501086
VirusShare_21cfd06443341dc351b0c9de562a4cbe,0.897238
VirusShare_21d8aca6c344ba34198bfb0f01abb916,0.0
VirusShare_21dd6bbf955c99fb01bebc57735066dc,0.9052
VirusShare_21e11ed94fe7096f5da86eb9446d9633,5e-06
VirusShare_21e187f6a8ac3d28d9e2e03c35839173,5e-06
VirusShare_21eedc0fb79445d350564637df17b00b,0.950462
VirusShare_21f0f6344966508a335f37a5040f82e8,0.9052
VirusShare_221f315a70176cbd0fbd7835adb8c2eb,0.9052
VirusShare_222195be94437219c728c5f0a59d3220,0.919273
VirusShare_222585244bca9c34edc4ce62877a4fe6,5e-06
VirusShare_222742683887d704f4262395911f9869,3e-06
VirusShare_22353c184ec08f6354bf5915533570a4,0.9052
VirusShare_223a8663266243aaad8e25547718bbfd,0.998998
VirusShare_223b0591d7ac88a94c0ec569cdae234e,0.910322
VirusShare_2249c62ed3af7eb83b5c760625fef481,1e-06
VirusShare_22535d22b46b3301285c02c1882b0d9f,0.991671
VirusShare_22547fa1bf2e9310c60577eb9eb042a5,0.882263
VirusShare_22554080f932d465ce13118732d03a9e,1.2e-05
VirusShare_226165fa8715af5f62417e39686a8e48,0.045001
VirusShare_227cc13f364633f4d660cc81dffacf23,5.4e-05
VirusShare_227e1e5e55d02652ddcd21db27ea0c76,0.054733
VirusShare_228ae9f3b0b8e8b6591211a1eb72dd3e,0.988224
VirusShare_2292f0d9d47d0e8bbc0dc31bc2deb06d,0.627116
VirusShare_2298cddd09892f36e2ae51ccf028c2ae,0.990486
VirusShare_22b210728b1666a9e9466392b412779d,5e-06
VirusShare_22b4c8334b681e97227e23d6da944dfd,5e-06
VirusShare_22b7909298c4e5d9a18055e3b1c66e62,5e-06
VirusShare_22c35e479abc6ea105c24e12851b6c1c,4e-06
VirusShare_22e7d24e8e517f8a0af03a0e37ac6086,0.9254
VirusShare_22ed5de343753ed291a5a3dce9b8f547,1e-06
VirusShare_22fa74fb9a698829318888634ce5a698,0.9052
VirusShare_2305d5b36076d4ba067daa4538850630,0.045001
VirusShare_230717eff43636d0cdb5e85c40478285,5e-06
VirusShare_2309f97cae7d6bb65b6fb9271f82be93,4.4e-05
VirusShare_230a2654f98fbb120dd8a8f8203999bf,0.045001
VirusShare_230b19139c9b1f46d16251e5746b1fe5,0.9052
VirusShare_230b661d93e66450f53dfc6e45fae78d,5e-06
VirusShare_2312ca9a2a7eb71a3f6f31e81991fd96,0.910322
VirusShare_232a8da193fb2577e4940e29a23e30a0,0.000114
VirusShare_232a9b0f0749e64e2869e3f328db06ed,0.001036
VirusShare_232d140ade972b6228e18e6ae9bb8249,0.013694
VirusShare_2333389caccdda4ad80334c66271fc6c,5e-06
VirusShare_233616413b50967730bc490869153f8c,0.0
VirusShare_2338995629f7bf7bf341e1a695f4ef76,0.045001
VirusShare_233a395f30b028af096b9293d156e261,0.214505
VirusShare_23447924c121db2afae1dc223ceda7de,2e-05
VirusShare_23557b1faedb902e6177da3de3e4a311,0.910322
VirusShare_235a9f3db7bf7aee14e1828a7824d832,0.993204
VirusShare_23721c8bddb314b09108cdb78c7233d4,0.9052
VirusShare_2374d3c0c4e798415680514829da2536,0.9052
VirusShare_237507cd96d097eaffb98b16261f747c,0.9052
VirusShare_2384ffd4b86bbf19cad00ca6074fc8d5,5e-06
VirusShare_23c4ff3f9cb06927e5ad9b4e0cb4571b,5e-06
VirusShare_23d22e13b1377ac5e7ebef8e84093c1e,2e-05
VirusShare_23db3deeff48a5e92ad634d7947bb45e,0.918906
VirusShare_23f39b1a243cab72c7946fcb80d66926,0.0
VirusShare_2405c10faadf41eca4fda50444fb8b3d,0.000154
VirusShare_24113381677036df2ce366c4030daa95,0.9052
VirusShare_24264d4e4626261efa757ca2feea989d,0.9052
VirusShare_2428627d7e517fcbe06edafa5ddf3fd2,8e-06
VirusShare_242e39132a9c12741de1c03162a6a6ca,0.000388
VirusShare_243262bd611e1b3e188e711e7ec0a3ba,0.0
VirusShare_243a3e3c58020fcb6a86047cb4c19050,8e-06
VirusShare_2442084b600af657f434705de53573b5,0.031367
VirusShare_24443c6d9efcf13006d8d313be3b5405,3.8e-05
VirusShare_24571f1c5163bb4acfc28bf9a24d27a8,0.9052
VirusShare_2461de93284c1af8479452a9352b0703,3e-06
VirusShare_246bb882e116276cce495ca8ac80381f,0.013694
VirusShare_2477153d3861d9ab31601713f7240a11,5e-06
VirusShare_24791fa917b7d6bd153672710b0e8faf,0.910322
VirusShare_24999382ba86ef0569c7728c84b30eff,0.0
VirusShare_249afe81f356124f749e0c2d0d6de759,5e-06
VirusShare_24a17dfa6c17e07ff12f2dd08739a194,7.7e-05
VirusShare_24a6b078fd26d512c1b200d735ccd41c,5e-06
VirusShare_24ab58780002eecf39d4c3c842126618,0.045001
VirusShare_24c355b6a2736554c59bf647f27e6ba2,0.002436
VirusShare_24cc107b992f00559ceb7eb3b5f0bb58,0.0
VirusShare_24eb8638b3ac00b77218e1a66bd9ee68,0.910322
VirusShare_24ff7a763f96b93d11e47f99678620c6,0.045001
VirusShare_25135a1e51bd6f46b5ab043fb4dabc01,5e-06
VirusShare_252ad5312370374baf56afd5c963907c,0.910322
VirusShare_253421400088471ab62d34dd76fe7294,3e-06
VirusShare_2541e6f1dfe1f1a852b27a076dfbe8bd,0.002988
VirusShare_25473e7d44a96b4e0eeff969943949ad,0.0
VirusShare_254a60ece932371f3d9bd013020f08bc,0.9052
VirusShare_256b0888dfa7ad1801047ba1138aa1b8,5e-06
VirusShare_256b5731b50e11f6fede1bcff5d8348a,0.910322
VirusShare_2579d8b984ac72a29911903baecfd3f4,0.045001
VirusShare_257fbbf40625a8e55bdf63f496f4c88d,0.0
VirusShare_259af2e41a078de9a9e19594db7f7363,0.013694
VirusShare_259c75e4a960a53d21ac2f44b844035a,0.950462
VirusShare_259fae761c211a77c13b86f92fe14deb,0.0
VirusShare_25a2f798f8b3d83c190f42dbeadb6ba1,5e-06
VirusShare_25a7a61aa46a8ee26bfcb2be8c0c45a9,0.0
VirusShare_25be4062b7bd1578a94d3db1dbaba8ab,0.000563
VirusShare_25cb345a75f42edb09c0fb97781b7808,0.000187
VirusShare_25cf6e4ea5e4a45fee74d3b67cd8e0f5,0.019986
VirusShare_25e2a6b9d3274bcc283aba02e7662695,0.910322
VirusShare_25e96f228c07a5682404a8903ff30a91,0.002988
VirusShare_2619193c054fc25234ee1cab0cc71ed5,4.7e-05
VirusShare_261fd539b537edf63b69248e016cc7ec,0.950462
VirusShare_2623b51801fdc23503676b9a37a2025c,5.2e-05
VirusShare_26260becc9dedd2bb47ab2ac9090477b,0.9052
VirusShare_26448a57b7f7c95b6377012e72e7435e,5e-06
VirusShare_264bc3db8b059a60f440873e5baaa072,0.9052
VirusShare_264d0058a8ae04d32c9c4b8d90ba6725,0.045001
VirusShare_2659f5c0395f086caf6416ac03cdbd71,0.910322
VirusShare_265bd139dd459a8a0d99131525e27157,0.994395
VirusShare_2675a7a3c92494779bd8a318c4809d35,0.000127
VirusShare_2681588b20d87fa5914ed4d17494a9de,5e-06
VirusShare_26867c8b12446b7ae489f60903f9d808,0.0
VirusShare_269b82a859c4d46ee152d1c14a44b187,5e-06
VirusShare_26a03b13ea0051fc404ac67a8701e8c5,5e-06
VirusShare_26e0a68943e672ddc7679ffcb453628e,0.9052
VirusShare_26e2813bb986335cc452a2ee7879d403,0.0
VirusShare_27165bc4af1ee726921e120f3c4d9554,5e-06
VirusShare_27180d2471f97c97d9cdd21127fc2ea1,0.004653
VirusShare_273151595c703185fb9175117659e2f9,5e-06
VirusShare_274ceda8b19f15a126e4e8c84970a95f,0.000681
VirusShare_275420e0b1d2854b8826a465959bfaa0,5e-06
VirusShare_2757666c50be25404686596338c46235,0.896757
VirusShare_2760268542205de9d022d8c2bdb18017,4e-06
VirusShare_276f747e7e2424fdc1d0cfdb644b637a,0.910322
VirusShare_2771c610eebc474e7dcff323cb25276a,0.993204
VirusShare_278ee205c9619dbfd7aee59d88c5e811,0.0
VirusShare_27ab49f0fe469aaa658710a100208b8a,0.996588
VirusShare_27af33099d0c220c0f250626bb687c91,5e-06
VirusShare_27b9e93c7fec33e9f75ebe69f4d14fbf,0.910322
VirusShare_27d3b47d62e09813ae8c29316ee76468,0.9052
VirusShare_27d57699736b46cc139c666da0419147,0.950462
VirusShare_27e36be61b32c983fdb5142ae0db2cd6,0.9052
VirusShare_27e3f4a8ea3e5f82c0e363527f289985,3.8e-05
VirusShare_27f0475e06002716267bb55217496724,0.9052
VirusShare_27f0c1204176dc2de1dee0d121885b6f,0.0
VirusShare_2800e222d62797d265ef99d5af8fbad9,1.1e-05
VirusShare_28017dfd71b7181a9ab53b3d794f3cbf,5e-06
VirusShare_2813f3ef9267d89d924e3e8034c61147,5e-06
VirusShare_281871a8cfeb6e5c27c202a1b88d8b62,0.031367
VirusShare_28187c18b69366ce245eee5a6680cce4,0.0
VirusShare_281bb786cb600c128ced2feebb63379a,0.9052
VirusShare_281d0839712ebbd7a084ac8d22277dcb,0.000328
VirusShare_283019e3b6a05e02374d815d85e39a08,0.882263
VirusShare_283ef2473a7c0e4415243cf5f4daa80f,0.894684
VirusShare_2840484353172249be9472c704d38694,5e-06
VirusShare_28407a0999bf56b2e2523b9813d9dab6,0.998655
VirusShare_2846088296e7a47febf29a7659351b2d,0.882263
VirusShare_2859fc091109f78c4f11783fec86ad61,7.2e-05
VirusShare_2867fa7fac80291f9aedb01207d205df,0.9052
VirusShare_289f4b855dad9a3ae17b20f4f8aa08f8,0.045001
VirusShare_28ba566b7614175fe2d56b2dd64c683d,0.9052
VirusShare_28c71e16cde484c94fcd4f8fe28a1d66,0.000681
VirusShare_28ccc8630cae7171f570ec072f3f7711,0.9052
VirusShare_28dcb123d7fdc7ac6c8a4529655f8a9d,0.214505
VirusShare_28eb6d87f5dd53b45c2f636724edccb0,0.214505
VirusShare_28ecee652b85c88622571d070983f6fb,5e-06
VirusShare_290c7dfb01e50cea9e19da81a781af2c,0.0
VirusShare_290de93978d44a392a6f766b23cdf8cd,0.919273
VirusShare_290ea897cfab6a4e8b1837f227d6a467,0.996933
VirusShare_29196650bb78021035d82835eddb9bb1,1e-05
VirusShare_294cf4d968cb14e3ae1bed5da62b2b39,0.9052
VirusShare_2963cde1e3afdfe45c3412c5909f07d7,0.998655
VirusShare_29783d62fd13cf381c23027b6d34dd8e,0.919273
VirusShare_2979238e6f297a39e164f17714ed6ec0,5e-06
VirusShare_29877c48397ac51d228422f5dcf5a1a5,0.0
VirusShare_299694d2480c2b55782ad66f401d9dac,0.000984
VirusShare_29b2191a0528505df414bf6f4a6183a9,0.919273
VirusShare_29d0a7f382c88930c24c54e03c4f37c9,3e-06
VirusShare_29d3c40e662788eaf5852c4d2ea0343c,0.002405
VirusShare_29d4c151337e621865eddaa9c3c5bb52,0.045001
VirusShare_29df5daec5866fea01eddca921e8f5e0,0.9052
VirusShare_29ec60f66c3e0055d26e9e5df0044524,5e-06
VirusShare_29ee1529bc38ce551192665600fc999b,0.950462
VirusShare_29f120161958439cc9f491b099245021,0.099847
VirusShare_29f2aa0a4b3b590b38305f1d94bcf26d,0.910322
VirusShare_29f57382ca02fe3d0509654a73d3ec2c,5e-06
VirusShare_29f9c375e3ae8b1ebfa276e675e7eb55,0.0
VirusShare_2a0b9861da892ac55eef2a5907a435d4,0.0
VirusShare_2a0c06cec3ab6b1f26e0f6574f25f0cc,0.996933
VirusShare_2a10412e58742fd8f9992cfbd9eed311,0.000169
VirusShare_2a5e028b3cecba4cce8b3db09b6498b5,0.045001
VirusShare_2a68ddfd663be8d90a8211282de18c42,0.9052
VirusShare_2a73390444076ce5ac7f0d4191c4ac09,0.0
VirusShare_2a776f987f8f7edb338309adc4afdab9,5e-06
VirusShare_2a7e05eb98691dc1bacc52ad15ae9eaa,0.9052
VirusShare_2a855f86e0efd7cb2150e7f817352d02,3e-06
VirusShare_2a97a65b226d8819625b774cafdafa45,0.9052
VirusShare_2a9a3c2a0c28de81fd0cd161185089bc,0.910322
VirusShare_2aa9ecd254835a6f5cc451a6090aabe3,0.9052
VirusShare_2aaef20b144a897d80aad6a4ff190078,0.0
VirusShare_2ab0d9f32e585640dca9dc237ce6b5a8,0.0
VirusShare_2abe7cca18dce6e2749f69846e9c489e,0.031367
VirusShare_2ac9132e3a14b73534b0b8353f2eb469,0.126899
VirusShare_2ad815c2e2a2ffc715c0e65f96dec615,0.002988
VirusShare_2ad88f9f058ff8f4b6858fce43c02d68,0.997035
VirusShare_2ae01cbc1737bb540bae32202db36b7c,0.9052
VirusShare_2afbfd3985b3a58439d4c40a410c63c1,1e-06
VirusShare_2afc5b3c88f788f625a2c5f8afd3d3ba,0.031367
VirusShare_2b15c136f9ce9a24603ea6e8f0c16a35,0.0
VirusShare_2b277dbd1ca0876a2be1b4959e45d973,4e-06
VirusShare_2b2b06e37aff62497631b03109f1e007,0.045001
VirusShare_2b330b73656f074cb506338a37efe327,0.0
VirusShare_2b36ffe4aff879bee6fb2f8b637dfcff,0.993556
VirusShare_2b38cdc2c2cd5a3ca2215cb0c73e4fe3,0.045001
VirusShare_2b3904d483d0a8a4d90ffb82afd35eb6,0.998655
VirusShare_2b419ee441d6c0adb9b92d20b4d0822d,0.0
VirusShare_2b47eeede7d655005215ba2cbdbf003a,3e-06
VirusShare_2b484e08ddaa64cfb1c092ee4e9902b8,0.9052
VirusShare_2b4f805f4d563667788d80ec799742ba,0.045001
VirusShare_2b5031c453a19bdebb714d43d3e8a5db,0.627116
VirusShare_2b51dd391d6318c3e6ad3b220a54935c,7.2e-05
VirusShare_2b673e3e346851d68a0467ec1b978469,0.919273
VirusShare_2b6d49b3c6590b136ce4bd371c044ade,0.000218
VirusShare_2b75a5addd472eeff5c3c100c0d07a3a,0.031367
VirusShare_2b7813f0dbf63267e5da1d852c444c1b,4e-06
VirusShare_2b83791aed91dd920880424fb8b6c73c,0.099847
VirusShare_2b974e95384b303a365758dca91f315d,5e-06
VirusShare_2baa4fe5441c023883e57c17e599f0ef,8e-06
VirusShare_2bac605e5583c13c10d4f1e0f0427c7e,0.367558
VirusShare_2bb97d531dfbb7f4d20fea9cb2aaf9ac,0.031367
VirusShare_2bc129933f5e050572fab42fb96f4841,0.000681
VirusShare_2be288eb55f51b100f4158edbd7847d0,5e-06
VirusShare_2becac781874ded62adf3dc67100d068,5e-06
VirusShare_2bfdbf5ae5cc61369c194f717fae42e6,0.9052
VirusShare_2c13304bb2aefe7cb8266c50321eabe7,0.882263
VirusShare_2c2448afa65e31d1b97860b21b5affb1,0.9052
VirusShare_2c26d8338d11bc6219f70dda0bcb8bc8,0.0
VirusShare_2c274bfec8e21f943c74095905c48d24,0.045001
VirusShare_2c45bb9b4c7b4a4326e6641c5ba88d59,0.000535
VirusShare_2c4bb58ac8fff8034d9ff19e9b939aa6,0.9052
VirusShare_2c4dccf5583cf475dd4e1f1227642f2c,0.9052
VirusShare_2c576a87b820ab1568614056efba4928,0.015786
VirusShare_2c7054dbce3440a689a4bc16b906de63,0.099847
VirusShare_2c7803ff80e325593eafede0398b083a,0.973322
VirusShare_2c867328335f693eebb4e61b9aa243a8,0.9052
VirusShare_2c8b17f5e3ff9e8a6238de79d9e336d7,3e-06
VirusShare_2ca5b85dbcadab250406f047e9eda828,0.013694
VirusShare_2cb16d2b272268535b0e3ce4977f9680,0.998655
VirusShare_2cb655bf3aa737a636dbbc1197eca0c4,0.031367
VirusShare_2cbf3af38349d6895a8b160cc6aa30e8,0.918906
VirusShare_2cdaad6610d99fbabb872cba3d1f43a1,5e-06
VirusShare_2cf2bf3b331bc4bea475b9a24a440efd,0.919273
VirusShare_2cf73f1ce4be8b8b6e0baf9c8a5c74fe,0.055366
VirusShare_2cfe28e3a62e6ee62a7134b5801eadf5,0.045001
VirusShare_2d044cb9612f62dfd61475e6fb0f6939,0.002988
VirusShare_2d055d41fe5570328a43b7c2277fccda,0.214505
VirusShare_2d21b803eee37d266fbf0a50c684e906,0.950462
VirusShare_2d29093fefca7f0569b2f74caa3dd8ca,0.0
VirusShare_2d2fe5b5e28ec7cfea212735940495ab,0.001072
VirusShare_2d3e0b449cae3e594201daeaaa4fd17f,5e-06
VirusShare_2d47e50fa539a5beb41de427670a2832,0.9052
VirusShare_2d4a172742f5d46e514bf03dd92c543e,0.031367
VirusShare_2d9f4dc0d2c4257d3d7bcd07d402a788,0.9052
VirusShare_2da8a10e41b1eab355185a37a1cea16a,0.004765
VirusShare_2da9e78d6f6543ac22ce878801494082,4.9e-05
VirusShare_2dac8aec74888bb2797304e589d22b63,0.002988
VirusShare_2db392b9471bf4adb24acc90e17510aa,0.045001
VirusShare_2dbcd37b665a30658f858f542b91b22c,0.0
VirusShare_2dbd022f7132bc154b5b226b532a9d2e,0.993204
VirusShare_2dc051bb035979069425fbd88f4ba3af,0.910322
VirusShare_2dc1d9dbbb2443a75f665f70928ab927,0.045001
VirusShare_2dc83bc81b18fab484f0e24af0eef66b,0.9052
VirusShare_2dc939bc535f4fd9dc4de8386079736a,0.045001
VirusShare_2dd18c980bf470915670366b91db167e,0.910322
VirusShare_2dd6eb3e7748b1371e6e5d55c1b6212a,0.462797
VirusShare_2de4f8ea363baecf5931d2f2d6d2932e,0.910322
VirusShare_2de5bcc92a19c3f567cd2ce58a6ba3c0,0.997035
VirusShare_2de62a0503ec7fe5996cb18b7a1f6674,5e-06
VirusShare_2de772bb55145e54c285a7cc8abbb301,0.910322
VirusShare_2de93b667dac4c70457a92f0ef8c48b8,0.922534
VirusShare_2df6cbed53c2066eab47ee1d56e5c2c0,0.126899
VirusShare_2dff0088cd70e51e064c7e7393e53ddf,0.99078
VirusShare_2e06a92131b43b8b7bf92e22cf9201c7,0.0
VirusShare_2e0df3f6ff3d6c0ac14c13b2074bb2c3,0.045001
VirusShare_2e1ebf4a6df81c1fd1ea7736df403da6,8e-06
VirusShare_2e22233d4c5993e18158513a8a5eb905,0.827011
VirusShare_2e2eb7ef2091e9400b22287e83fb0a73,0.919273
VirusShare_2e35c47263703820f6030867fa9b5a0c,0.997976
VirusShare_2e69de6cabd3aee1854ef3791ea02de7,0.031367
VirusShare_2e808e30305f52dd7533ca7ccc154d1c,0.031367
VirusShare_2e8b4e9bb61fadd85924846fd4698dd6,0.045001
VirusShare_2e8be0c316bfd8d76ec45b4cd8085188,5e-06
VirusShare_2e8d2eba104bfefc713bff680f1da585,7.7e-05
VirusShare_2e93858ff7d1d3870bde0db2aaac0b40,0.9052
VirusShare_2e938a2fa2651f120086ab606c053cb2,0.0
VirusShare_2e95d6f49c780c690850ac55b08b8a3a,0.882263
VirusShare_2e9f854fa5b8027d322dd7d32bc61df1,0.045001
VirusShare_2eabb8aba0e18083b7a88d68ff934de4,0.9052
VirusShare_2eacdca3b78fb56a8479e747153d56a5,5e-06
VirusShare_2eb4ce6eb7c4fcfc4a5efa575794c0b1,0.000328
VirusShare_2ebf6e4c4d9df52583af07f5d4205b37,0.0
VirusShare_2ecae6db088983e3f9ae5a188119923b,0.9052
VirusShare_2ed0e587c67a375d9f2bf517a8a5ff56,0.031367
VirusShare_2ee82f48dfd7c81547c0c0db808bcdfa,0.030295
VirusShare_2ef189592e765268c68593a8c10647ef,0.997215
VirusShare_2efe59ff9c83378f50989a327ad2d761,3e-06
VirusShare_2f0315d6c45e99d6c0b9c677bf4a97af,3.5e-05
VirusShare_2f036a6141a3909dde5a7a77f5c9d39b,0.9052
VirusShare_2f0c783485953dffb9523a6ad3566113,3.1e-05
VirusShare_2f163b2dbfd29607a9219955cc1acb2d,5e-06
VirusShare_2f199f3b99d69e92687278e4cb331ff9,5e-06
VirusShare_2f1f74c6e79caade570748e842f8eb63,8e-06
VirusShare_2f24544b21597770ba4511d4fa4b442f,5e-06
VirusShare_2f261afc4bc394504d34efe2e6c7ad98,0.031367
VirusShare_2f277c0e1261b1183f6e8ac9f284e81f,6.1e-05
VirusShare_2f27cb8b9b92ac7cd6d42df49333975e,5.4e-05
VirusShare_2f280f7d235aee7aeeb7df6ff49349ef,5e-06
VirusShare_2f29238ba29f4eedb822556e3c07539b,0.031367
VirusShare_2f45079c9bfb56fc543920a2b363996e,0.9052
VirusShare_2f450b6acd3ae28f7af227bebf3d6d5c,3e-06
VirusShare_2f5541c66778ae7db8f56b67f43ab25f,0.000328
VirusShare_2f60d0d73b1caca7c1f9cb1de75090b7,0.031367
VirusShare_2f62b76145d241f7fa55224367acfa94,1.5e-05
VirusShare_2f7a1ffaa988d4d0bcd9d5a59f20f76d,0.002988
VirusShare_2f97f1a2273c6fbf3b5bbb9303060e0f,0.909223
VirusShare_2fabbab4385ada90b00639fcd6b72609,5e-06
VirusShare_2fb3a65dc2b7b904adcc5fef722393f8,0.998655
VirusShare_2fca08cd876edbba439c7c6b212d3eea,5e-06
VirusShare_2fd5f974421a22b3138ba3a4e155c385,0.9052
VirusShare_2fe563b575941fd7fecf7d3a0b4d52b6,0.00033
VirusShare_2fe57938a46b9a18bfab71f10f80da1c,0.031367
VirusShare_2feccc685c1c0f0238224b9f9002a81a,0.919273
VirusShare_2ff4842b9b3ab65992f973f0ca2d522c,0.9052
VirusShare_2ff79d1fbb94a49663d1a30c839a9c4c,0.0
VirusShare_2ffd88c844da1834e94229f7c66d8062,0.002988
VirusShare_30014e73e7dc2fd6c8a5c158ab92f84c,0.910322
VirusShare_30017d7f7022f61f8c47a460c023742a,0.9052
VirusShare_302102333f1917af23a5260b6a7a8005,0.045001
VirusShare_3026743a97fdce9f9431e44507b5b0e6,0.045001
VirusShare_3040637dffa93a8f5bf61bac01587e68,0.007072
VirusShare_3044f0406439ad495056d015bcf0f3bc,0.000477
VirusShare_304778122b7033b0fc5f78fcb241985f,0.002988
VirusShare_306b3629ac84c435dcf25d586d985f28,0.905693
VirusShare_306d97cc971645eccce3eea4ddcf2b1b,0.811785
VirusShare_3074ddd5f8181852e2230f65fadca7cd,0.736494
VirusShare_307a0509d9cddeed91804a2608307991,0.993248
VirusShare_3093e3b6277a1223ce4eeadd8e39f3c4,0.882263
VirusShare_30a4350785e19335ab2094f3c58d58c7,0.922534
VirusShare_30a64c61e75d116f706c23f451abaca5,0.96312
VirusShare_30afebdee60a771d894fd1e2561197f7,0.0
VirusShare_30b209a8bddc510cbdc9817f80eb55a0,0.9052
VirusShare_30b5661e1de42601aa2b82f026d1e5fa,8e-06
VirusShare_30bac0d23232b724de4b04c7b92ca6f4,0.988224
VirusShare_30c2e6b4a8f065877d3b6ca133eedbf4,3e-06
VirusShare_30c3ceecb25ef4ad20a47e84865d4fac,0.991671
VirusShare_30d05c3c4b70afaa5df191a6242209bf,5e-06
VirusShare_30d4b55aa35bfeb831c0541d8ecf7f11,5e-06
VirusShare_30e26fdbcb0c2d3ca4ea7ddc4e1fc4b3,0.045001
VirusShare_310d54057b0e553d230284fdcdd1ead1,1e-06
VirusShare_31126e70bac03c26645775db2675dff7,0.9052
VirusShare_31184602462dce9dcea88f0241d4b294,0.99078
VirusShare_311b80b1491eedb7af24aa098fd92fb6,0.045001
VirusShare_31210df5f0f5ba7139de2d9efd2c8ac3,3e-06
VirusShare_312209265bfdd487208c30a76442f1f9,0.9052
VirusShare_3128433c4009190b3dd91df9b3de5205,0.922534
VirusShare_312bca38931f9ab13da415c38b3dee4a,0.9052
VirusShare_31481b3640a36bfcbfa8726139226cf8,0.9052
VirusShare_315b1253ac18ee469ca734acfa9a8b26,3e-06
VirusShare_315b7c55e34467e5ff5296e03305c1b6,0.045001
VirusShare_316315ed440df1c52e7e95957286e694,0.910322
VirusShare_3164adac128cd4c2edba580e4b97df05,0.002988
VirusShare_31701e4599168c70ef83cfc15539bfca,5e-06
VirusShare_3175db19e3653a9d5a01d3ec34376860,0.0
VirusShare_31964b3a529faf3f5229e44a52c9c4a6,5e-06
VirusShare_31a12a5190dcc3f1fc6dde17e227110e,5e-06
VirusShare_31b4bd51f35aba920f2a40edfbfab4fc,5e-06
VirusShare_31ba72391023238abba4ad051c9b6060,0.031367
VirusShare_31c4c8c3bd735f9d66714ac9ebfa122b,1e-06
VirusShare_31ceeb13039c87fff2e39dbf5aaea2fd,3.2e-05
VirusShare_31db48358c817f60344da2dcdbdaf4c5,5e-06
VirusShare_31e06e9efe4162a2754de46ab24e1c42,5e-06
VirusShare_31eb18f2caf3129c6684daf19597e471,0.000461
VirusShare_321f9f488869563124521d5c5f16bd12,5e-06
VirusShare_322cdcad2adf9e50529f0ca137d16d7d,0.001072
VirusShare_3236e7093f0a2c6044ad74c02a507420,0.993204
VirusShare_32652f413ed6a9fcc563cf25fa0759de,0.0
VirusShare_3266df16d62560406cb93947b584a9bd,8e-06
VirusShare_326a53a2c1cc5a90e6e1d338a66b8b20,0.045001
VirusShare_326be5857e9e7031c7c20377c36f9c86,0.910322
VirusShare_3271af2f44ed5e0fa2723adbf9357487,0.9052
VirusShare_328313d56306a86ae1b5afcc0e5483aa,0.9052
VirusShare_328afb02a7b846d6295410e15936da98,5e-06
VirusShare_328cce504f7e786ea4c88b52560eb363,0.9052
VirusShare_329a23a7ce135e603ed884c25f32fc2a,0.045001
VirusShare_329efbc4416beabc95bc029a02b61735,0.008815
VirusShare_32a72a9d51a1a06fdf68ba0ea7769f5b,3e-06
VirusShare_32b1698a4b0b3e07c1ce7f2946b5970f,0.214505
VirusShare_32d3fdbd0ec9d8becbab71e804edc8dd,0.9052
VirusShare_32d6b339f1ab48b0ff865d157c60e43d,0.031367
VirusShare_32ec2be73f12bf7dcd24dfc212e9b91e,0.000284
VirusShare_331743849c05ba4a0e899415402cfa05,5e-06
VirusShare_33360e03008a8513346c86ec56960579,0.92185
VirusShare_333a1b95a8faeeee315c098bca6bd1f7,0.002069
VirusShare_334fcf85a629a647652aaa40db1b343e,5e-06
VirusShare_335e7d320ae72205e5ddc596f8a144ea,0.045001
VirusShare_336b24a1f517cd95bee373c6aafa9f03,0.031367
VirusShare_336d8956d02fbcbb5f66250a7b44ad9a,4.4e-05
VirusShare_33756b9d34fa763673873c38f9427dbf,0.9052
VirusShare_338113fb0b8320b5b86afa6130138d12,7.2e-05
VirusShare_33883aa9f1ae9a2845b38770e6e4637e,0.993204
VirusShare_338d525d6f08bdcf3315e03823012864,7.9e-05
VirusShare_3395b2c2f6a236f9bf5ffa5cbd469def,1e-06
VirusShare_339cbc39aa987e665f21061f139624c3,0.0
VirusShare_33aabde31d86a243d967d43b417c5cb9,0.882263
VirusShare_33afeb78765b79920cea6d6a1cb4771b,5e-06
VirusShare_33be637283b9b3148654ef8224500df5,0.9052
VirusShare_33bebfe3c30b29682975837e14b3c93c,0.045001
VirusShare_33d0906ce64354c282eb956288c2ceb5,0.000392
VirusShare_33d40f9f212389b2f6ca8fb4a8eba455,5e-06
VirusShare_33d615513a1ae5f6e3583ad49ce22ec4,5e-06
VirusShare_33dd4edcb4c59e45960d1c46976e6675,5e-06
VirusShare_33e3d448918b9a614a332d45a3226b1b,5e-06
VirusShare_33ec447d21f5ffef59c80dbd48bc4806,0.055366
VirusShare_33eca69aa270959bb9f59f0eb1e6cecb,8e-06
VirusShare_33ed120826bb7530ad03361121b3cd11,0.090785
VirusShare_33f6b4b901d0681d024cdea91278891d,0.004404
VirusShare_33fe683a4f96d2b64616814f7473f9ad,0.001932
VirusShare_3406883c5e44ff59165daadd08585179,0.99078
VirusShare_34075ca8b21263b35dcaddd520749b33,0.000681
VirusShare_341afaf43c42015bf258c00295a8fa45,0.9052
VirusShare_34205219c6985ed9a5341a0d7b57d3d7,8e-06
VirusShare_3436f300b48789b433df2ad136be1673,0.0
VirusShare_344e7f70795765ffad12a5484debc71f,0.910322
VirusShare_344ebb9b92052f343c24af4c1fad037f,0.0
VirusShare_345554075bdfa91493d5eacc0e094e69,0.0
VirusShare_34590cdaf38a461b35289be5f7c322e1,0.045001
VirusShare_346cabb841be82bef9c6d85c5f43bd07,0.099847
VirusShare_34811ab03c23b5791d7bd650e8564045,0.0
VirusShare_34868fe4eb41a899e6f7a8c4ecf29b7b,5e-06
VirusShare_3489f61f5391807ee17e67931adcd516,0.910322
VirusShare_348a89990b5894168449e348dcb10353,5e-06
VirusShare_348a9028c4c59924af38ea38c4cabb6f,5e-06
VirusShare_348a9e99f5a6bc155175f315cf2ed9ed,0.9052
VirusShare_349192ddeeb39a4e0df71249273c1841,3.4e-05
VirusShare_349940cb151286ba1fd8c7801ca8c17c,0.045001
VirusShare_349e8d0554f0aba16badd77f9c8fce9c,0.910322
VirusShare_349fce7e41c33e5a4f938e246ff680a4,0.993248
VirusShare_34cbbdba424947fd4962a3377727da19,5e-06
VirusShare_34d6423dad6e91b5c9194fe587e0c14f,0.998655
VirusShare_34d65831fa131bc3a32d5d491eb9e70d,0.9052
VirusShare_34ee7040d361e193a8b431070407fda6,0.000286
VirusShare_34fbd2cef42120550f66c836b77d51a0,1.8e-05
VirusShare_34fef1d43955e638baf1d853f0334c39,0.031367
VirusShare_3501814af7792d61019d0323403fcc93,0.9052
VirusShare_350a3faddb8edf08b7751a8d95807e7b,0.000169
VirusShare_352d2f8adc5a77f95e6e605bfbe8af2d,0.9052
VirusShare_3536ea3f90233805c7fd360e62aaab83,0.878383
VirusShare_3550259ac714abdbffaa6c7b17b0d6cb,0.008815
VirusShare_355c70e0db090f30fd4a908b39629e0a,0.996588
VirusShare_355f4662f8056d37c2a4e5e067479f4f,0.980463
VirusShare_3562feec1cc25e3b8b6a4a2bfcd4ada4,0.9052
VirusShare_356adeaa8f6ff65ece9a5ae81cbcc01a,0.9052
VirusShare_356b595526d34124757274114aea53a5,0.0
VirusShare_357067685a8a687795276a45aad7d4cc,0.001116
VirusShare_3583b23312757baad7ac9e51fbaf3a44,0.9052
VirusShare_358eaadd2aa87b749f4b9404232b26df,5e-06
VirusShare_35940680c6e790e99a4d5ba0892c5950,0.82701
VirusShare_3595f10577bc86bc25e1ce82b243abd0,0.045001
VirusShare_359660ca6434b1e79faf115dd4692c1e,0.388002
VirusShare_359d25285830c88c764791f34c769c4d,0.9052
VirusShare_359db21ef10565ee9b0725f75038dbe3,0.998655
VirusShare_35bb2dac249f747642435e402f20fd98,0.110109
VirusShare_35ed51a7de2693e364d83c94b76c58ee,0.031367
VirusShare_35ed592d09ace305ed6707789a7ddaed,7.7e-05
VirusShare_35f0c4715cf6f0c8baff1498333c8c06,0.457232
VirusShare_3608d21265d014a11a18dc7a5d2378e8,0.0
VirusShare_36174951b15e5f2e6d6e2c4971a3cff7,0.0
VirusShare_361dd75a206fc74c2d861a7c4c5808b3,0.9052
VirusShare_361eae6d13cecfea883d2f209bc3b91f,8e-06
VirusShare_36208c545c6d8d4db87dd40b8fd30606,0.045001
VirusShare_3621052697b1cdf8181986f1cc867962,0.795175
VirusShare_362f9c6037f04f5a59551719ea255bc4,0.9052
VirusShare_363cdee13e7841c75de5724c06d13298,0.9052
VirusShare_3665371afaa850c343f5a3ab16260baf,0.9052
VirusShare_3671a0f937e4655ea864f1b533279837,0.000162
VirusShare_36aaa18b18a0477182c9b1103bf6ef0a,5e-06
VirusShare_36ba3d038be651d67d6647991ef9b778,3.4e-05
VirusShare_36cc7144cd560830c5ead766e83255d7,0.993204
VirusShare_36cf6f941263ab859ade0e913306d7a1,0.9052
VirusShare_36d28e58c7a223fea6c36deb40cd4c64,0.001411
VirusShare_36dc03450ab330a402cef2683686f84e,5e-06
VirusShare_36ddf1b0eaa8ad127cf64cde0283333c,0.002988
VirusShare_36def76729c313817e8cd1b8325d8a08,0.018149
VirusShare_36ebf40ed6ac5e6904647911c53d6d72,0.9052
VirusShare_36ec180941ae8c493fa1ca6209a01186,0.9052
VirusShare_3708b105f48fc927ffbfdaf2a7dbc3ca,0.002988
VirusShare_371268663c923cffb927f6a5d151ff56,0.214505
VirusShare_373c443e05b8f481f26e647fd2a2835b,0.518219
VirusShare_37771fd571add2cce8fb4e77689c2832,0.882263
VirusShare_377de571b63f91d1b1e38abae5b9a713,0.996253
VirusShare_37821338546064431f90bc99e860cbef,1.6e-05
VirusShare_3788ee3ed77bb9815110b9ac2e817651,5e-06
VirusShare_378e3880288bcf6e9f3c7fcd923fa172,0.9052
VirusShare_379dfe720e0d07a39b07c03f836e4b9f,3e-06
VirusShare_37a3401cd1f771ca56974c3d81ab1fec,0.055366
VirusShare_37a58d89bb60938738f8b53372d85801,0.910322
VirusShare_37b0d5193c6d0f9b988530a6771752fa,0.001808
VirusShare_37b4555e592a22943e21e4ebc54320cd,0.9052
VirusShare_37ba291d71e3d6f61242174608000add,0.910322
VirusShare_37be5e22098722f930e5dea1741782a1,0.0
VirusShare_37c4a211da1da68a97cdfdf01459e4c2,0.9052
VirusShare_37ddc55b5dae82b9046b4412ae3ee4bb,0.919273
VirusShare_37f0000bdba55d9e8c50fc62455b6638,0.013694
VirusShare_380596b6321f723b1cd8bec9459d6acf,0.9052
VirusShare_38113b109322351ccd9eca93c8fd1359,0.9052
VirusShare_3811866c613c542d7af0273e2dd4deba,2e-05
VirusShare_3818d34a2eb55da8d2f16a512c06a8db,0.9052
VirusShare_38280add5adb20dc09b3891b3c81494a,2e-05
VirusShare_382a4c53c543fea6d2b117fee221a9dc,5e-06
VirusShare_3859eb57149465bcae10add2624e2456,0.000525
VirusShare_385bcd7e036af834a01ce28779f825a7,7.2e-05
VirusShare_385dc0d5903ef28302aef84eb5c7f7a9,0.013694
VirusShare_385eccb9e711368035f0f329f98255ec,8e-06
VirusShare_38634505b1d3db055f3997cdfc6ae5cb,8e-06
VirusShare_388c19fda57772b208bc0fdc8a45ec81,0.9052
VirusShare_3893ec9afc6a0a0da2352d6a14d3ceac,0.9052
VirusShare_389c1a165c6169966cee944569e9ad35,0.993714
VirusShare_38acb7f16adc33d6a1fe01c09480d4a2,0.882263
VirusShare_38b8e8f6b3b51b0d2f1c01bb57cd5531,0.099847
VirusShare_38c44164d02e2f69dd13f7e479ff3855,5e-06
VirusShare_38ca39a3751515b0b0cfa23fdd747c00,0.9052
VirusShare_38e1abb0404bca56f2caea2c10303e85,0.0
VirusShare_38f6c9ba646f259d2c7b1456732a0e34,0.005688
VirusShare_3919f87f64a27ad46fefd35da843d45e,0.045001
VirusShare_391fb63d037e18eafda5de6b346e9f6d,0.045001
VirusShare_393364f669cd23bf845a327420a5293e,0.045001
VirusShare_3934fc4d1a28acf789676adf49319937,0.993714
VirusShare_39404ff3719ccb53ab29958ca97fb963,0.467833
VirusShare_394a471f47e3ca455dcf07bb81c2717b,0.004404
VirusShare_397f5fa7e9fd521c24e876b7212e0359,0.9052
VirusShare_398179442c1ac1d20716fd29edc7303b,0.013694
VirusShare_399141bfd8b94156ad3b8aad84160b69,0.018149
VirusShare_399f876ef9f4d88272c4ae8c59bfbcd9,0.059608
VirusShare_39a050b09596124fdaefc7a0707d7117,0.000984
VirusShare_39b4eea6afb978d76346793c4a307ea6,0.9052
VirusShare_39ba71bae77bfafdd8c3326d03d1c7f8,0.031367
VirusShare_39bf8bcfe600ac68f87e05d22b6448b2,0.0
VirusShare_39c39551d8e303c5cfeae5a5578caca8,5.2e-05
VirusShare_39c5ed8d04cbed0d99b17658eaf22177,0.000525
VirusShare_39d1d7011827b988eca8a2defdc42c76,5e-06
VirusShare_39d8fc4d2879196f6ab5b4cfee2fc177,0.002988
VirusShare_39dd89dd7459648d55d407298009044a,0.0
VirusShare_39e7cb6995588ec7b49b7f4070f6e429,5e-06
VirusShare_39ecbfab35d6dbe24868fadf556e3acd,5e-06
VirusShare_39f596f088a634922037438073cba155,0.996056
VirusShare_3a0af727f5980c9d849dd439ce9c87f3,0.013694
VirusShare_3a2385dabb011198a68daf5a600f5367,5e-06
VirusShare_3a2b189ba8182eb62ea6bfc27e8ca898,0.501086
VirusShare_3a4bc16f051fb5302ee8b21793a62405,5e-06
VirusShare_3a53cf70c90958f89acb2539d2e3be54,0.0
VirusShare_3a55b003b529f7d996a9f84797799611,3e-06
VirusShare_3a6eec175d329de3ae04cd6695fe05e8,5e-06
VirusShare_3a70c9c1c3fa6cbc46fd6569e60cb68d,0.045001
VirusShare_3a76d1788819260be6d9e7b1cda7efe1,0.9052
VirusShare_3a777d10299958f8b1d5d96f0bf40247,0.9052
VirusShare_3a7aafe0e9cbfa09c3211ff7b06405ef,5e-06
VirusShare_3a99405b7d0d57e7ed867ce109cd30c4,5e-06
VirusShare_3aa81254bf071002af7020a5c3720a15,5e-06
VirusShare_3aaee2957d5939fdba00856e0829050f,0.910322
VirusShare_3ab8e589f8dd18e03c18437bcf3afda7,0.045001
VirusShare_3abdcbc1cde1483d692cbf6851954723,0.000119
VirusShare_3acbc9126bc5ced4d5c556fcca5ac94d,5e-06
VirusShare_3adbbe36faf4fa75f87e0697ff68968e,0.878383
VirusShare_3ae0fd35cf59b90af63878b88960721b,1e-06
VirusShare_3ae62580f5aa1991404d2f948e82f720,0.992032
VirusShare_3afbe8c804f84b27f0fa7ec4f895b6ef,0.0
VirusShare_3b1417d76707329dbe2b885ecf372123,8e-06
VirusShare_3b1c55f1db4d4a8a12a70c18f309425e,0.275886
VirusShare_3b50054445773a6297eb8a697fc672e7,0.9052
VirusShare_3b6495544c2a749a52dc784576baae52,0.882263
VirusShare_3b68b4a2388ad6bf04c2ebc28de0f146,0.993204
VirusShare_3b706177efe72b2533599005957effc1,0.003748
VirusShare_3b9390d20057d8a3ba6c7116d6820418,0.9052
VirusShare_3bad0834343c83978bf446361f434168,0.9052
VirusShare_3baedf74104cd74c89e3a042265bc51b,0.0
VirusShare_3bb0ebd8e1835beed44f6bfd14071d10,0.882263
VirusShare_3bb20c65724c4ff9dafcd43ecc3bb19a,0.501086
VirusShare_3bb5ccced33202aba95c3d62946a4db6,0.9052
VirusShare_3bdccb26577b45a03807d86f1a6de510,0.975215
VirusShare_3be82934e87d92a76ff497ef0e701127,0.000556
VirusShare_3bf1050f3d98bf578df2074b3919c7a5,3.6e-05
VirusShare_3bfd929092171326512d2a9f2e05ec21,0.527339
VirusShare_3c0aae14c733b8f3b5f15d3f066e343d,0.999039
VirusShare_3c0ad287b00862a3ac6e1c7e097a858a,0.004098
VirusShare_3c168d0d0b098ba6dffdb01334fa8d70,0.9052
VirusShare_3c219d9b5a789044c5f1664b99c1d9bd,5e-06
VirusShare_3c293339faf694a01f08022f12408580,0.013694
VirusShare_3c30847fa2bd31f5ff6be551a3d8f060,3e-06
VirusShare_3c56c12c9633ec68627227cfcdc236c8,3e-06
VirusShare_3c5d10a008cf14fbe7ee8b0bad889843,0.045001
VirusShare_3c5e278299b49e21156c67e59ba12891,0.890608
VirusShare_3c7604250c9416b2fc62770151c82b11,5e-06
VirusShare_3c7ed1b569a59c170db3e88bbeb43c47,0.045001
VirusShare_3c86e626aabce4a66e97ba0cf5ef6f92,0.045001
VirusShare_3c8b574aeeeb3a71cf7788e99a369e89,4e-06
VirusShare_3c95c050a09e5f775d325daac1a80c6e,5e-06
VirusShare_3ca01283df138685bb9c5139b5c13e3d,2e-06
VirusShare_3ca6eed953ed81110c1f9c95f2c2a411,0.9052
VirusShare_3cab397530e54bf2f13d9ef96561ac4f,0.0
VirusShare_3cbb9d0cf6dbc3518eedeab7e92df9a4,5e-06
VirusShare_3cc722d3e253d198dd4894656225705b,3.5e-05
VirusShare_3cc93a1dc2b66a69a95b6a3dbe494e58,0.9052
VirusShare_3cd95a74daa6c05f34787c5cae526e35,0.983084
VirusShare_3cf0185b9eb51b7e0ef82812c2f156ac,3.2e-05
VirusShare_3d0479a3d5fa717d22b90172de466aa8,0.993204
VirusShare_3d094accc580e9bfd63b0f6229ddc6be,0.0
VirusShare_3d106de7042322ed8cafc102c9442289,0.002988
VirusShare_3d2579ed436c8401103728f7f3136cff,0.001072
VirusShare_3d2b3e21489ccb6220957b2c9a863807,0.9052
VirusShare_3d2dddd93dac60fc9b29e17328e00ed1,0.00033
VirusShare_3d42f9f7d165a889ce8cdccff721674f,0.002988
VirusShare_3d45c256feec5dcf2bb93575a3acf07b,5e-06
VirusShare_3d6539e59f1bd821f74f77edd4df2862,0.882263
VirusShare_3d65fa85a70d85aab57d920a662c51f5,5e-06
VirusShare_3d6b31ffbad03fb15b873f1715e80a56,5e-06
VirusShare_3d7504da78e09704ec8902f63d156c4d,0.996588
VirusShare_3da8f687457fad2b24c617ab17f62e45,0.9052
VirusShare_3db49969b4ff97b4a0a328f5df07fcbd,8e-06
VirusShare_3de317f2f5d7e89593ecd782650d4bf5,0.9052
VirusShare_3de3537534dea2da16a61dd23293840a,0.9052
VirusShare_3deaf87cc8d52c0f73850c6f8fd3273b,0.910322
VirusShare_3df12e9451852adc7734a06c3220b75a,0.9052
VirusShare_3dfb1abf97a6a7590cc68626454d68f9,0.9052
VirusShare_3e128f64ab6a35dc9ef7fc8c66f6a6bb,0.0
VirusShare_3e256ae6775f2b86b46d85dbf7471462,3.2e-05
VirusShare_3e2af697c68b1ab451c55396307a7387,0.0
VirusShare_3e2f4085ffe6f3b59aabd81006f49350,0.988915
VirusShare_3e458a87385ee2ed41def1a89f590142,0.0
VirusShare_3e6bfee463b44591d3586cbd428477ce,0.0
VirusShare_3e6e91a0a2292b94b83916d430ad0db5,0.000154
VirusShare_3e70949244c7a6af51ccaf0b0d31da6c,5e-06
VirusShare_3e7e86b1a413ee062f83fe6c346bc9b8,0.099847
VirusShare_3e80cd3205fa3cbc974cd931b5a1243b,0.0
VirusShare_3e8122e33877fb3e1e19f824445185fa,0.993204
VirusShare_3e83abe805ea3cd0852235f3365e1cf9,0.000508
VirusShare_3e8934532880fc9f72f480b64c7a58af,0.9052
VirusShare_3e8acf01b48f18be5e3bbf6efeacfba0,5e-06
VirusShare_3ea34e0d7d68666a6eda5e958acc11dc,0.045001
VirusShare_3ea597b9891ae5bb698e42ab0af7a910,0.018149
VirusShare_3eae1b52fbac2c36958cd3845d8a46c5,5e-06
VirusShare_3ec511e2d2b7cf1d18278abad18360da,0.0
VirusShare_3f338d0612042b76aef34b9bd00afdfa,8e-06
VirusShare_3f36858041c560f305bba6125224817d,0.0
VirusShare_3f44255a28ef322636d6386f56197567,0.9052
VirusShare_3f4ebfa58ef6a7301292eb191749e819,0.9052
VirusShare_3f5cb51eda52c3712ba40637f5425142,3e-06
VirusShare_3f7feb8491c4b21321d60b2422d82e97,0.795175
VirusShare_3f85e98a2fa89923fd400757a4a646a8,1e-05
VirusShare_3f9b96a3ff132a6a6430b5c6fcbcf384,5e-06
VirusShare_3fa15810cb1bc07dc18ede18eaee9103,5e-06
VirusShare_3fa7d423cffd79d7db0fd716c462968c,0.099847
VirusShare_3fb09f010a6585e44a54b01b39e9485e,0.992761
VirusShare_3fb572c101b036fb75cebc3bcaef5052,0.031367
VirusShare_3fe222036435ca714712973060a96ce9,5e-06
VirusShare_40021ca962cf599f49a44aab55285c54,5e-06
VirusShare_4010217971f3ddd9d8b0bb87b1d6aea8,0.107215
VirusShare_4015a143074687aaa44ede3d13606d69,0.9052
VirusShare_40172b6234ab71452b3ffb7e2c668b5c,1.8e-05
VirusShare_40224051714b3d81769a0f0e59a1cbbb,0.016644
VirusShare_40308ada1b1345ffb8356cd52035a622,0.9052
VirusShare_40455b62b441de5967e2fd258a9146a8,0.9052
VirusShare_4054059a0ad2c812de7624db4773af5e,0.99078
VirusShare_4066a14afaf4045e602f1d4013bb86ff,0.950462
VirusShare_4070f605eb95b79f44f94649cf241933,0.999105
VirusShare_407157a04d6dfc0d979119001083d46a,0.000127
VirusShare_40806ae220e6d37f4136084f8b8fd9ec,5e-06
VirusShare_40814b9105dcb8f749391a11a5ca6ee3,5e-06
VirusShare_408478d998eaec8e33ff321cb7dbaa12,0.000352
VirusShare_4089a3428b7a7bf291b3a88c93521c6b,0.9052
VirusShare_40976c25c2b7a60fb51e845639f79f21,0.0
VirusShare_409b16a2242d7862470917c593483ed9,0.882263
VirusShare_40a3b7ba9d3bff1b22e5e52036fba1e2,5e-06
VirusShare_40d5792257993e8aafa2dee723d73c3d,0.897238
VirusShare_40de8fa55aba700a40050d2fde6ae52c,0.910322
VirusShare_40eda3f5833593d6bd3953a86151b42f,0.910322
VirusShare_40ee7c364e74cfc052d7538e23f0144d,0.9052
VirusShare_410282fbd70a9442f46c54ffd166535f,0.910322
VirusShare_4103f3a4226f9c884cf7d763c675e1a6,0.905693
VirusShare_410a236717f72179869e5148042f35d3,0.9052
VirusShare_4110c4de3f7449fff728bcb1da50ad24,0.045001
VirusShare_4122c86da16993b4c50cd6f43cf9420f,3e-06
VirusShare_412654b39f049c158451053718bb1458,0.013694
VirusShare_412739b5e42b545bf4002f2c8edb41c4,0.0
VirusShare_412b7e340670f92d2412de0b40ddab1d,5e-06
VirusShare_412fda42984a9d37cdd6444afc09b889,0.910322
VirusShare_413e570c27289a230d6dbc453c442abc,0.031367
VirusShare_414183560662e4172b3c7f28bcd83ad1,5e-06
VirusShare_414487433118fbc2ca783431c36cc160,3.4e-05
VirusShare_414769f9aaec86177b33dfd24e1b7bbc,0.0
VirusShare_4148b13d240514237e21fe27f978537c,0.950462
VirusShare_4153a751d832daeecf980ca11d031abb,0.9052
VirusShare_41580855b3112b7abe79242cf61d795a,0.9052
VirusShare_41a36408e74ad3821dd16feb416a3f70,0.9052
VirusShare_41a89758f7514cb0fd5c28f58f9f3234,4e-06
VirusShare_41adade4489be87313c4b5066c896739,0.00023
VirusShare_41d0d4bda0e6c04d2cb0e3ce3fc77c5b,0.9052
VirusShare_41d2edb08c04bdb217122ed6c14e201d,0.359428
VirusShare_41deead36e9dabfcdef39763ae0815bb,0.045001
VirusShare_41fc8ecec871903abc8d988be30099ec,0.9052
VirusShare_41fcf51284756422a49d05ec653593ae,0.9052
VirusShare_41fec8ebfdc712b4a8fa1a497e6b6869,0.9052
VirusShare_420c6d1dab32954cb2b5fb804e7c3f5e,5e-06
VirusShare_4214929a63b4f617290c242ffea55403,0.013694
VirusShare_421b799a16a0012f7a36be4801e6f018,0.950462
VirusShare_421e541774fdd6972119a0840bc3d3f7,0.067578
VirusShare_4233c87d7c2550a2384139666fd2b437,0.002988
VirusShare_423cab79db1ba1210650cfed80da9e02,0.285764
VirusShare_423f3c85a4ae341e83e6a7c56ccc13be,0.993204
VirusShare_424fc96e379d35d667e74e5f3f84b93b,0.045001
VirusShare_42588f85a29c2a0dd4c67b8d3c87fd72,0.950462
VirusShare_425a308a012de10dad06934b59857a62,5e-06
VirusShare_4261d43d92d1a3e086cf6008b4fb422c,5e-06
VirusShare_4264e3a3ad80d0d44b6042b907e0cc77,0.031367
VirusShare_42660923af621b1175423e3c2e421d5c,0.055366
VirusShare_426b97f50cc2dd5c313b508e4a5f5dbe,0.9052
VirusShare_427e5def087c0fec0eb5e6512ec12b0b,5.8e-05
VirusShare_4287d463e5e44147fc7aad7479257199,0.9052
VirusShare_4289c97c9ff42fbca832064520d7360e,5e-06
VirusShare_429e6e8a93be8e24b5900415bd5e1112,0.002988
VirusShare_42af427e931e0b80551dcc02c8f588c0,5e-06
VirusShare_42b8169cc8606c2945092f1b39d6c4c7,5e-06
VirusShare_42c0e00a0911d8ac63c55ec6ed845d2b,0.0
VirusShare_42c986807d74e6ca257bb32bc77c46a7,0.910322
VirusShare_42ca5f0c9f7078a2ec0b963177bf1550,5e-06
VirusShare_42ce17842c8db0f34ccb5e211006d214,0.882263
VirusShare_430e65519e30897b903b1292e5200609,0.014638
VirusShare_4325105c9181a7572bcd21fb79ec8729,0.045001
VirusShare_4332067b1d21f63a56fd8dcf1675b467,5e-06
VirusShare_434d760837e5b4b0bfc62b470e20f7e0,5e-06
VirusShare_434ee8d99f4d093fa7bdedd6d41bf1c0,2.6e-05
VirusShare_435522568bd1bada74aa24e79031c340,0.031367
VirusShare_435d6fb43bcf5a6a85c978bb4fcaec16,0.9052
VirusShare_436c00be04be56011901c47c14023601,0.0
VirusShare_436da212f711d18df4c989d6e4ccb04f,7.9e-05
VirusShare_436e92098a95e694d9c7d6d63e522e3a,0.00039
VirusShare_4376e689826bfea1608156a7c2222076,0.998655
VirusShare_437b7bf8e56e5b26f6f0ff986c3cc97b,0.996588
VirusShare_437bbb099a85267be625231972cf1ee5,0.998655
VirusShare_438641c90870ee0032530198198770d1,0.0
VirusShare_4399c21e668cbe469401638c66ef0519,0.99078
VirusShare_43a1fadae85dde7906f032645e84a592,0.998655
VirusShare_43aaf4aa40fc8453acfb8d132c0dc4db,0.061661
VirusShare_43c216c6a41a000a4d8074f5a7f831ef,0.045001
VirusShare_43c34be1a4515ef63780f5adcb5a4a62,0.92243
VirusShare_43c464d647237c8135b69a164cd63b6d,0.0
VirusShare_43cb67b8dfbf8b5617dcf9c6798a6fba,7e-06
VirusShare_43d4ed8670e1cde33f48fca21faa3f6c,0.188639
VirusShare_43e406e4cefbec16171d021ca9bb50d2,0.9052
VirusShare_43ea72094c155096cbb120f7f81f2e21,0.950462
VirusShare_43ef798ff339f4fed33516b22164ad3b,0.910322
VirusShare_440d9e5cb3f348967fc4a939aefde393,0.382706
VirusShare_440dca3b578b1b3b87bc89a2498b2dc1,8e-06
VirusShare_4415e40ce1581ec2820ea370eded7c15,0.002988
VirusShare_44168c7c76e6e0b8e773b7f6a7d8edd8,0.9052
VirusShare_442766f49b1c07674978b82a5b630e74,3e-06
VirusShare_4445d7dc3466a78ad5e655e5cc9b8c5a,5e-06
VirusShare_4447f692ed74cc3af07677de2697108a,0.00045
VirusShare_444f984c4b940547c033fa3ef4037a75,0.018101
VirusShare_4450a5abc48b1b16fd5e892a026c5558,0.9052
VirusShare_4473304b9c0da965b27ddd06502f4626,0.000151
VirusShare_447bb49d1c83463c050d646f0e8f0c3f,0.0
VirusShare_449b90c1f1ed6c41727a599b9dcfeb58,5e-06
VirusShare_44a17a2e5d45c16eb74fc24226b625f3,5.1e-05
VirusShare_44abb74fe94ab973a6c708e0ffb02730,0.9052
VirusShare_44af4bb41ef5a894f521bc8ae17dc4e3,8e-06
VirusShare_44b5e830c4156cfc87a43a852e8a64a6,0.9052
VirusShare_44d0d8552423d36ce0d01e31d0d29eb6,0.9052
VirusShare_44d90955ae3f32a2378f3ea1c1b53ece,0.0
VirusShare_44d91951a6bd95decfcd7516187db6fc,0.978443
VirusShare_44d9fbb6e85b883057fea3bba144baa4,5e-06
VirusShare_44dd72fa7e15d2a53eec3bf5feeff2cd,0.380532
VirusShare_44ebebcbc7fd5286139c4aaa37adbdf8,0.003197
VirusShare_45003371b1027963d0a809038c025f86,5e-06
VirusShare_4509de2e0f7b55cb35060b4279bb59de,5e-06
VirusShare_450ba85e5f3d41e98ac622a91a101ec4,1e-06
VirusShare_450e8c0c30e43e341a5087ed757bf052,0.882263
VirusShare_451b23a61003df03eb5c51f542f79b8f,5e-06
VirusShare_452291c7445f4f50ac005286d8fd288a,5e-06
VirusShare_4522ca321507e407dcc307e8c1be92bf,5e-06
VirusShare_4528358f9dd574b485d974596b90a285,0.045001
VirusShare_453525fbf5703fcab8f6b1abdaa6d866,1e-06
VirusShare_4542a4f7102735d6c251ac29749da3cb,0.9052
VirusShare_455293bb8d9bf969995fa9b5c888f266,0.9052
VirusShare_45639681035ac6510ca8a40c1883ca59,0.9052
VirusShare_4581ab205cd1875a52f6aa98932ed797,0.013694
VirusShare_4583f6b8eedd3a4ef44a66ba109e50ce,5e-06
VirusShare_4597d1f534c31b454bb02b15e6e42057,1e-06
VirusShare_459d8b29480e4b4fb539176dfbdbefe3,6.3e-05
VirusShare_45a31abb24f3e89a782878eaf61b0fa1,0.987291
VirusShare_45b134f4d4b638201111cb9b84059c45,5e-06
VirusShare_45beac3e0108947c1660405c75d337ee,5e-06
VirusShare_45ccf021ecd56d9dc9049851233381a4,0.9052
VirusShare_45d049a090a1ffc30fcef7c869c18cdf,5e-06
VirusShare_45eeec32000b8d29f5f89c07b0930df5,0.996588
VirusShare_45fd12cc3174875afcdac2799a271974,0.9052
VirusShare_46405076352ab893d0523fd2948b68a5,0.045001
VirusShare_464d439e1753610bbf0108031d379a97,4.4e-05
VirusShare_465cc40282728d3bcbb09619b4c9f092,7.2e-05
VirusShare_466085d8396eceeb4707030532f58ccb,5e-06
VirusShare_4663bda0055cb01a992a515d83b61632,0.0
VirusShare_46779db288edfa54236826abe7ba32fa,0.9052
VirusShare_4677debeab9383ed7b3230cf4582af64,5e-06
VirusShare_467d8d8a1086d2344a4a886bad0b85fb,0.9052
VirusShare_468bbe4a4f594a93dbc345e22ad1a41f,0.031367
VirusShare_469067a56067d48918561fcf20088be9,0.897238
VirusShare_469a7b29787078c67399cb4a28cb1322,0.045001
VirusShare_46a23d1f075ef4fe21a714012ef3fdff,0.001912
VirusShare_46a4659181975d8cfd1ab718fbf4aa49,0.0
VirusShare_46c160d408bbb8ec9ee1e38270419a2c,5e-06
VirusShare_46edbf29b76b11a4118eb5d432f83347,0.045001
VirusShare_46f142ec4f1558f8f9c1fa21ea537a18,0.000461
VirusShare_47027fc4507e2d55658bf2efa901439c,0.9052
VirusShare_470984ad8d705919b5076bb05f45c50e,0.882263
VirusShare_470a7d86509c938b58217e392122ba4e,0.000328
VirusShare_470dd3b44b0599f7c4af950770fcc825,9.7e-05
VirusShare_470f095ca2ea42308285f30c9ad49413,0.922534
VirusShare_4710cad4ef7196e4cddb126e70e58094,0.996528
VirusShare_471ca889f7bd81fd44293d258d755a0e,0.9052
VirusShare_4721fe7dd8bfc8355c0fe11c8d78c9c9,0.9052
VirusShare_47266eec238195f4d70edba436d4554e,0.950462
VirusShare_472b950b8012ca3dc2e08eeee1baabf0,0.002988
VirusShare_472dcd4555213dd7631d4f6ac1277b5a,0.950462
VirusShare_473832af047a9eb492b3118bcb9224c9,5e-06
VirusShare_473ab6076668d9a4ab14ed4951d45942,5e-06
VirusShare_473f7249c868cb8abe85778f32ea2c88,0.950462
VirusShare_473f952ecda3b2d371f6ed3b7784d3ac,0.002988
VirusShare_474b2b5ba8b432e952c7cdb536f5c89f,0.993204
VirusShare_475391a007510bd629add7b0a5d95336,0.013694
VirusShare_4756045e3cd7d5568f25dfe31fcc0937,0.882263
VirusShare_475610d339ecc64d1d2bab045f4018b6,0.000284
VirusShare_475b7a48bbd72b362d0147137b59d8ed,1.4e-05
VirusShare_475ff31204625a5a014c4b2379ece258,0.910322
VirusShare_476527ec436d239b1a6ef329cd687337,5e-06
VirusShare_47791594119d5580170048ce7f562f3b,0.9052
VirusShare_477ba6fffbe7437c49ebbf7592115308,5e-06
VirusShare_477c6816c838912a733ac3448d281846,0.736494
VirusShare_4780db491a627e5ed4faf38c8c7b6f0a,0.0
VirusShare_4792fe7c6b038b088269a5c248c2cb76,0.910322
VirusShare_4799614e85d82f931f664c963180c1f4,5e-06
VirusShare_479d679896cc356a51f86885a3f34610,0.0
VirusShare_479d9b3f68e1488df2abf4951649d084,0.0
VirusShare_47a2cb8bb7696c95ddb9f3c946b423ba,0.9052
VirusShare_47b1ba547f591bd540ba2fb45c9cb61a,0.003034
VirusShare_47b59df1ada886825f47df63f110892f,5e-06
VirusShare_47bbfae85bb171d85aeab77fa16c9d43,0.9052
VirusShare_47bca195bb9fde95484e12b6d7ca7ec9,0.045001
VirusShare_47c12964134e849f1344374bc9d80592,5e-06
VirusShare_47c688de4807344aad9a5f6353ce67e0,0.000328
VirusShare_47ddc0ad7c631957561bde96b67fbf7c,0.882263
VirusShare_47faa95705a48612e4213f7485a05d80,5e-06
VirusShare_4816d695d08cdefc6a284fc67cd268ce,0.000461
VirusShare_481aeb83a7780a02ec3c53f5a3fce4ea,0.9052
VirusShare_481b99ec047bd5ee3a0627730da19720,0.008815
VirusShare_482497549ff4e46f3866e4fff3cec06b,5e-06
VirusShare_4843a89888a851b9854ee3b7538e60c7,5e-06
VirusShare_485884474afa1b0ffce60d94ab381673,5e-06
VirusShare_48594d67f596e77efc9fd1ec84726fa5,8e-06
VirusShare_485aad33bd4ead30934e81ba7b5d37a6,0.993204
VirusShare_486a1efff125869410aeb8865ec38144,0.00027
VirusShare_48841c614243494dbc3f46a71c1bfef4,0.9052
VirusShare_48ad7db5fb10dd9b1c6817d5a9c34865,0.9052
VirusShare_48b0936ec94263351b0a8eb8981c9635,0.031367
VirusShare_48b2f6d8107df79b6c26c5b1f45bedc6,0.001759
VirusShare_48b3f46537d236421dbc6bf2d75e378d,0.9052
VirusShare_48c23bcb3c86702d07a1ee837ebd72d7,0.0
VirusShare_48c520c6232915a1353defa4067e1906,0.045001
VirusShare_48c895f9026d6906020069fb33707773,0.0
VirusShare_48d7fc99773c97a0f03364e3a4afc723,0.910322
VirusShare_48e9d53cb9d48826c4ee5b3ddbd795a7,0.214505
VirusShare_49024f5a68d7f847e3306f2157f0b73b,0.950462
VirusShare_4930199c94a534b03343c0e5ad9ba747,0.9052
VirusShare_4930c2019a53b0b39905e5043687dcfc,0.988224
VirusShare_494fb4fc24a3b2b899a30eb8a01673e5,0.910322
VirusShare_495368581bc82fc0dbef9c31e47308eb,7.4e-05
VirusShare_4962afe40192cd9657ba5f74f341ff82,0.9052
VirusShare_4967ebc57b16bbb9c2deea4c476bdce2,0.9052
VirusShare_496e34c84f4152578a2de7d181512d92,5e-06
VirusShare_498bc356052fd19e385f7956bbd4d413,0.897238
VirusShare_49944af63a83b3b9bb15e46bd85dd964,0.057977
VirusShare_4995e0509794c430d66ea5026340a7f1,7.2e-05
VirusShare_499c4f92a3be9b7ed9914fa440474ad2,0.002988
VirusShare_49a24e9077e4c27db0e5338186fc5f99,7.2e-05
VirusShare_49a70d3437724bd70e25e097f8ea80fd,0.0
VirusShare_49bd6b885549093ee26610f9210cf481,0.9052
VirusShare_49bdaaace5044b6ae82f4408154131ad,0.045001
VirusShare_49bfec9ba16548c780dcc636395aefc3,7.7e-05
VirusShare_49d493bebc2f0dbd66b64d5349a23cb8,8e-06
VirusShare_49d907527ee9ac241ad73c09cb5527f3,0.919273
VirusShare_49eeb9151456bb3d99df45e46df797d1,0.998655
VirusShare_49f22605a2f617e51a8ba9a20d2ce4f3,5e-06
VirusShare_49f5b5e5acf6b72b6b7584ca89e8f6e5,0.9052
VirusShare_49fc67479a7936bed02430ba1ceee21b,0.003688
VirusShare_4a1476ca8f06a5545cae79141aa45886,0.998655
VirusShare_4a20cdea50561fcc642e09e012ba9c67,0.998655
VirusShare_4a25ffa0eec533f63c003a892b5be6f4,0.9052
VirusShare_4a370f68c2fd5998b892e5d3ce0b8567,5e-06
VirusShare_4a426a26e587749e368137e727a8e806,0.214505
VirusShare_4a527833072a3304153f703dbc71644d,0.910322
VirusShare_4a54643f1a1907c425a3831f5bd2a027,0.910322
VirusShare_4a57a5e08cd8ddaeb98d27d7abbcc235,0.097222
VirusShare_4a5db3f30df46ae7ad70d34fdf5be820,0.882263
VirusShare_4a61e645cef512e0fad5245bd24676bb,0.910322
VirusShare_4a84954ce68f6cd741efd8d08b870dbf,0.001932
VirusShare_4a8540c3802577a8951174dd11b453fc,0.013694
VirusShare_4aab2f3f624625ab429acdab3b5e9f8c,0.9052
VirusShare_4aac12f0342fb98571e1c86ffa79a4b5,0.9052
VirusShare_4abc743ff067c6c728a547dc274ee69e,0.998655
VirusShare_4ac8d9a46e20f80ff4a4e1236e112904,0.000127
VirusShare_4acfd55ffb01c937c2bd86018bacb7e5,0.031367
VirusShare_4af54cee210af8711a3e2a36d11024ed,0.9052
VirusShare_4affa3dc31711adc332f9fc87b021ab4,0.993204
VirusShare_4b06c6972ec2d2cb143ec38277e9c138,5e-06
VirusShare_4b10610e5fb13dae4682d2ff4b575a61,0.964779
VirusShare_4b120bc4e493e86e34b1efea1a10db6c,0.045001
VirusShare_4b23e9eec92d2e5d5cea2d1512a2b238,0.910322
VirusShare_4b244302ca245bee67c87ec9cff1c9a5,0.9052
VirusShare_4b25d2239ebf7308c9f99eb5e48d8dd8,8e-06
VirusShare_4b45917ba4697dfe507d0331c7b85ef3,0.998655
VirusShare_4b4f186ecbd8bacc1fc79170eacbc28e,3e-06
VirusShare_4b547fd39039dd94869950e88b888947,0.013694
VirusShare_4b57bc8d2a2e07ba5788326ee78a0b0d,0.950462
VirusShare_4b5ef08de1c2333c9f40e1e1d90628e7,5e-06
VirusShare_4b631678104e64947ca8c0b332dfd03c,5e-06
VirusShare_4b76c2c04826060616187a377d25aad2,0.882263
VirusShare_4b7fe687014aaf8abfb868a9128f7d22,0.9052
VirusShare_4b88cf060aa151ed32bc9c449abe70ad,0.9052
VirusShare_4b8bf1921a53f1a82683feb3a60b39a3,5e-06
VirusShare_4b8fc1e151d670cc39eaf820dbf1df36,0.910322
VirusShare_4b955c792e436f7b545e0031cf170936,0.998655
VirusShare_4b9a27bf00491b42c288d7d4b4aa9816,0.9052
VirusShare_4b9e96fc433a3fe96bdd7b5177e0f371,0.9052
VirusShare_4ba0513007a6fb5de5727916daacef21,0.993204
VirusShare_4ba9634c6eb235ed57927d249bb90809,0.882263
VirusShare_4bc47edd531cd8265c13c48a0484ef85,0.910322
VirusShare_4bc48b16b33d7ac600bc4f69d2dea6a3,0.024271
VirusShare_4be87b86760e46ad974e25de246d7a5e,5e-06
VirusShare_4bef1b025b9fbd60cff38bcf6d5f37dd,0.0
VirusShare_4bf1789079f4e2c2d331af355bcfae1f,0.259295
VirusShare_4bf1ddc71a4272901704783138d5447c,5e-06
VirusShare_4bf95fd12ce6f759e116dc0a0259989b,0.9052
VirusShare_4c05af5a8e4330ab6ec3adab0fb63f0e,0.910322
VirusShare_4c0894a14f8215f44bab918e39b556c3,5e-06
VirusShare_4c0d19eab7efc64ebfe5e8bb2d6bab89,0.031367
VirusShare_4c0edb07787da98f8eba4311e25d2e28,8e-06
VirusShare_4c28d972b82a4cff4658c0b534780866,0.795042
VirusShare_4c2d416e0d316fed4c2afdc21c0de2d2,5e-06
VirusShare_4c30b4b09fbbb0bee1b17031649bcbb7,0.9052
VirusShare_4c329895f6793befe5c8f8f2e2aea5d7,0.748967
VirusShare_4c38ddfa39b78b4b70ba8b78b0b44310,0.910322
VirusShare_4c4b4670654c017a3a4ed875f6178fcc,0.998655
VirusShare_4c5407bb1fd951ae2af2ec10f34df93c,0.9052
VirusShare_4c5e7985b8c16efe0dbae91f69ff79c5,0.9052
VirusShare_4c69aa9b4a8fe59fc2a0ce2f5f4d8e26,0.045001
VirusShare_4c69f1bf2c4b795964237e3b403c6d7d,0.9052
VirusShare_4c8991a2cc094df1fb0939fc0608e208,5e-06
VirusShare_4c8f6f869437b8324d076f891daa7b08,5e-06
VirusShare_4c91cc492bf4a016b37e48dc4813618d,0.9052
VirusShare_4c94c9afd1a6dd4cb9aac4a0dc25f632,0.013694
VirusShare_4c94e5030c45a86c1ffa29bd1803da16,5e-06
VirusShare_4c97f8d9315768649d7e81215b8dde9f,0.479815
VirusShare_4c9c4845417887745dcf6b1dd43d2337,0.031367
VirusShare_4cb10b2e4a094ffb222cb8c1f87921c6,0.002988
VirusShare_4ccb8ecc83292e4374fe4321a2e54f36,0.919273
VirusShare_4cce4c19ecafb2cc0d030a843742c971,0.9052
VirusShare_4cda9f81511494941e6e3d44b4fe82bc,0.031367
VirusShare_4ce04d7e900f98eefcc7f86faadcbe81,0.9052
VirusShare_4cf0c9a8d6a0928dc71f98079765d8fa,0.9052
VirusShare_4cf2c9efc42915433e6fa4a70a51a8e1,0.002988
VirusShare_4cf7313a1460f75c3102fec4e2890f30,0.9052
VirusShare_4cf917878bb22043a31cb828c934e12d,0.019088
VirusShare_4cf9d110e15d9d70847c48a8249c12e4,0.9052
VirusShare_4d0bf47952bfdffc02379d711c3b30f0,0.002988
VirusShare_4d146033665e55fa73170f1ccaf39667,0.988224
VirusShare_4d16c9361e735c1384d1a22cc243425a,0.126899
VirusShare_4d29cd2d78cdbc971487c113a322d4cc,0.9052
VirusShare_4d3bfca7815a554b4f1d3b5b2d2e2282,5e-06
VirusShare_4d400405b4b8fd1189cd07b51d149a2d,0.882263
VirusShare_4d40e055ba724e6ca12eabc11d506cea,0.9052
VirusShare_4d5664691942147ea4e53e6db282fcb5,3.2e-05
VirusShare_4d5b1db27c4823b3ece054b60d5cfcfe,0.36375
VirusShare_4d6104cd45d7e3ffd85e3a3779160dae,0.0
VirusShare_4d6150f4b38540c71c3187ae4e86428b,0.9052
VirusShare_4d6976f06e7c1c908790529ff2337e49,0.993204
VirusShare_4d7210f3e265f53dc5384dbeca5676bf,0.9052
VirusShare_4d88f21ddf0cb72c21e5c073ff083c71,0.002988
VirusShare_4d98251475711a20a7ceab8097e75709,5e-06
VirusShare_4d9cd122ea63c675eec013cb78c9291b,0.9052
VirusShare_4d9d8f96a05a981d34de9f929edff1f3,1.3e-05
VirusShare_4da10558295382e78271266b3da24dd0,0.9052
VirusShare_4da386b9c556d5529a2f1b0d6f364b6d,0.9052
VirusShare_4dadb2b6ff1098b2550c47aa987fbc15,0.0
VirusShare_4dba4d1fa5571c9d650d96a1a7890405,0.099847
VirusShare_4dd1f48b4a0672055f43979743e973b6,0.0
VirusShare_4de89149593db5d1b1d0e3b37768e151,0.995126
VirusShare_4df330db219075a16d9facb5dd83a8fc,8e-06
VirusShare_4dfad04275ca5c597d731f88580941dd,0.910322
VirusShare_4e0530692fd3f3e665194d125b7c4b4c,5e-06
VirusShare_4e05e2567666ad0dd14352b173c5d737,0.9052
VirusShare_4e1e53045600e35afc31373dabe83b32,5e-06
VirusShare_4e26c2baac4e664176384983e785dcb3,0.9052
VirusShare_4e3c17ad395e93822f5835f0e7a774d7,0.9052
VirusShare_4e3f896b9550f53653c89cb26e70ffd3,0.9052
VirusShare_4e425ea6ef3a473c682d2e76889092ff,5e-06
VirusShare_4e462c203d401d0e5f54916f72e7fefa,0.993204
VirusShare_4e4c7677b2812e7aae09f1d11464a74c,0.9052
VirusShare_4e4c90e24335fd8261232bf82ea32112,0.031367
VirusShare_4e5c8938ed644daec8e14035d1f13bbe,0.000689
VirusShare_4e78d2b7abfa24514b3a3965c4ca1f17,0.031367
VirusShare_4e9b6ff697561a6466f1561a9e8b76c0,5e-06
VirusShare_4ea950fc894a846d1a68931b149c2802,0.000154
VirusShare_4ec8684487f67c10410cfbf5534f7393,0.0
VirusShare_4ed651f97815183ea9ce83244f4d7863,0.9052
VirusShare_4edb5e9f5753e1aa51946751e241aed3,0.000286
VirusShare_4edbd45e665907f706638559eb98dc58,0.881229
VirusShare_4ee3d374eef3c3d9206ae57dd382ab1d,7.2e-05
VirusShare_4ee54a24055793f71e962c03036e5356,3e-06
VirusShare_4ee749c5acc1d5274447bc2d455cff54,7.2e-05
VirusShare_4ee765bc004f5e06736961eda8c6495b,0.9052
VirusShare_4ef2bb1b9ab83d2f47dcda0c819adde8,0.0
VirusShare_4ef534c31e4d8f9be05ad4e75a0e77eb,0.9052
VirusShare_4eff589f1848b7145fe30f3dd1466975,0.214505
VirusShare_4f03f863db7c3075b4d8e1322d4b8af9,5e-06
VirusShare_4f1c74f0107a97aa9ef0b74b484f66f7,0.002988
VirusShare_4f2f686b492384fb87bf35a87d3d8d0e,0.000328
VirusShare_4f3b9be507bea428159d4bbaba48711a,0.384694
VirusShare_4f4ddbbe49901a7a553ac462e5db7a13,0.031367
VirusShare_4f76a8157a39069866b7584b56381381,0.993472
VirusShare_4f792ec6e20010fd7981708cbbbf1758,0.9052
VirusShare_4f8a4e9b6027a071d28f9fdbb39e102a,0.910322
VirusShare_4f8a6b52d43ca66b2d497252c01adf84,0.987291
VirusShare_4f8c1ec26b00d563c751c01881c12c37,0.795042
VirusShare_4f8e6eabdb3b259cc54f4bed9f98576d,0.0
VirusShare_4f91ffefa06db8685721b1160509ed38,2e-05
VirusShare_4fa8e484036755109da46c88a2ceb4a6,0.882263
VirusShare_4fbaa98315feaece1cca6f01bc97e1a2,0.879379
VirusShare_4fbab9921aeaedf36c5db6baabc6136e,0.031367
VirusShare_4fc9b1258a983e9116e4d7153e13595e,0.099847
VirusShare_4fd2e6fbba5d2917532451bd59923b00,0.993204
VirusShare_4fd4dd2a19f6a56eeb79dbd5bc8a7ab0,0.910322
VirusShare_4fdf3bf904c642e00366311d4a8bbdf3,0.045001
VirusShare_4fe4d4ece6115b8696cf5dd5b324386c,8e-06
VirusShare_4feacf17ea06bbd2629748a53dee2a1f,0.992032
VirusShare_4feeaf3a56563e56bf4a0a033724e42d,0.910322
VirusShare_5020fd4c037b668334f60cb921004341,0.9052
VirusShare_50243ea5856c391b8ccea4205505cfca,0.500306
VirusShare_502a6f7dcf99e1643ed95207a170c03d,0.013694
VirusShare_503e80d12d6a36de7a4918c268568d9f,0.9052
VirusShare_50458764853f19a79c2466ca0008a041,0.897238
VirusShare_504673fd783b937acbcb8fd7a1a56173,0.003175
VirusShare_504e5f8bd4745b4134c187b68fbcdd93,0.9052
VirusShare_507726f8c3802e1b28171c78a35cc84e,0.045001
VirusShare_5079061559b453b2ed5c00456d341523,0.882263
VirusShare_50966c7a6a9ae3c3261432de6ec69eda,0.998655
VirusShare_50978e4b98897e433cc642659817904a,0.929401
VirusShare_509ee720293785e4eea6f961a4fb1ffa,0.9052
VirusShare_50ac955a966f63d60b8e0107efa6c285,0.910322
VirusShare_50b19351719ef3bc10064ee4d700478d,0.9052
VirusShare_50bd5aabf93c8a80e37c379d17e31a73,5e-06
VirusShare_50cf68e39d05f74dbd88ffd13687bb17,0.291313
VirusShare_50d03f99e90f26b2ddee21fa069f6b57,0.031367
VirusShare_50d706b335e58a77c2ecada5021b0cea,0.993472
VirusShare_50d8804cf3b2099aba8eda90c72a0791,5e-06
VirusShare_50e3fdeca05e9346bf27e756e694641c,3e-06
VirusShare_50f4f4f78fdb5a4924fc44f1ce2fb06a,0.9052
VirusShare_51003320416eddc239b206986c428946,0.0
VirusShare_510325f5e3118ddc36a4acf7bde814ea,0.882263
VirusShare_5126b0a162d4578ccb2622daafddb468,0.9052
VirusShare_5137a5a28f38f652941271d00b912d05,0.045001
VirusShare_513826fe77100f47c60534d310685b90,0.002988
VirusShare_51454f2da73518d362bcb0189a971bde,0.000154
VirusShare_5159525e3781d4c01d2ae509960919cb,0.045001
VirusShare_515ae32cb604474b16efb49ba066448d,7.1e-05
VirusShare_5160b0b1f331f800b84a3f418c61bd47,0.0
VirusShare_517659888416afd004611fa78c0dcf59,0.0119
VirusShare_517781cef58e0628c22e72e35e6323b2,5e-06
VirusShare_5182902544f68f973532ece4f9d1d871,0.045001
VirusShare_518e528eea63db055af9e9590d0ca10a,0.0
VirusShare_51970b1180ecd171479ebeb0bcc660bd,5e-06
VirusShare_519cb2b890791e24478b33eda7967b65,0.0
VirusShare_51acadecfec8de95f287caddd650ca45,7.2e-05
VirusShare_51af70b84d33f23459810e23d655cdf4,1.1e-05
VirusShare_51b169a2706f391e1b20f71ad09f079d,4.4e-05
VirusShare_51d03e87a74558889cb61cd50a247e48,0.0
VirusShare_51e737ab5033d8654092b98246692fda,0.0
VirusShare_51efd98b11a926f010e0687f50cfd1c0,0.014638
VirusShare_51f3c60a32c654467767047df74f4c4e,0.9052
VirusShare_5208d16effc9016a95565cd883b535ac,0.9052
VirusShare_5210cbdff92a15cff75155ef9eda8c45,0.031367
VirusShare_52158f1154f051c74c5aa56ebf8c63dd,0.013694
VirusShare_52198f48d1cf6343a74095bfbb8c7ff2,0.031367
VirusShare_521a2469bd77a4547cb4434e130c37c7,0.9052
VirusShare_521d4b1dbaa1511580d0d5822b7d7754,3.2e-05
VirusShare_523a39b8b92f315458eb7e9e077289ff,0.9052
VirusShare_523a58f81c425bf8ce8b1d02074fea4c,0.045001
VirusShare_523f8ebea8d7ea14ea290ad5f6087f4d,0.000607
VirusShare_526620a64bdbf09314d68b86ee58ae8d,8e-06
VirusShare_52679142224bdd49904e0525dd0844d1,8.4e-05
VirusShare_526a0ce72cede6af0059ed7d783db765,0.9052
VirusShare_5288023466d3fb96b19334b2518118f5,0.03787
VirusShare_529156ed28b10d5152cbbdb85db59355,2e-05
VirusShare_529acd2234ace5a8a18e08e93a1facd4,0.031367
VirusShare_529ae5f54da5cdc945aa87a0c5e7000a,0.002988
VirusShare_52a4d540f5311251f9846a43f75e350c,0.0
VirusShare_52bcb68bd9014fb692a49b610635c2a9,0.993556
VirusShare_52bde53bca5cdb935077e1df71a377e5,0.045001
VirusShare_52bdfad08b1f5d7589861101191e58d9,0.002472
VirusShare_52d066b1475fcef2ab75a452c792a090,0.049423
VirusShare_52d618cf84a5592df979cd65038be3fb,5e-06
VirusShare_52e71d6bb4c4ae8a6d2faa2888a2225a,0.0
VirusShare_52eef386241b4f4933b35f3c1b250a7b,0.99479
VirusShare_52f2be5d998f6a41235a693db60c7fe0,0.099847
VirusShare_530b76eacc0580f6457831e588ecbd97,0.013694
VirusShare_530bde4e1eac52090fa13cf094813ab2,5e-06
VirusShare_530c3bf53384960757a68c09d2067394,0.996432
VirusShare_531a187cc24254bd67c63a9d503175db,0.008815
VirusShare_532131eb093deeaa257b9b3fdc83fd87,0.0
VirusShare_532206c51f55c93711222d7ee9b3b4ec,0.00157
VirusShare_5323dcbb6bbe9ea09a3f5859f71a4a0f,0.9052
VirusShare_533ec040f499d0f61a11f99d955bc0f9,0.000117
VirusShare_53456b85f6ab508800a2e75bebbe6cfa,0.9052
VirusShare_534772d3d4b1ecdf36430622bf300489,0.9052
VirusShare_5347c610a8a82732f352fb0f22c0d74e,5e-06
VirusShare_534bfee52b65edd2ed9c48e3846b919d,5e-06
VirusShare_53526c572535923ebb7872c3a04576e3,5e-06
VirusShare_535c8f0df0cc38458069990cdefb865a,5e-06
VirusShare_5365e25daec7910e0261ff5d93c3adf6,0.993714
VirusShare_536c652e35b3a790b868ce4b187692ac,5e-06
VirusShare_537334457cbd9008e25e1a01db58218a,0.000328
VirusShare_5385b5bd5ebe9f14ce65e7b3cbd2b90a,0.0
VirusShare_5387714ea832c4834ea2a25575a9d9cb,3e-06
VirusShare_5388b5fde770bbe70768655cf305f209,1e-05
VirusShare_538e817960c249842844e5c44f6ffcdb,0.897238
VirusShare_539e4dce988116e24c18cf3768a7bd72,0.000984
VirusShare_53a81e374dfa63a4c12e9aaf7cff91f2,0.9052
VirusShare_53a9d9daedfc07c1ca240b128dac06cc,0.0
VirusShare_53b6e105a8f47c137d1ea586a06903ec,0.9052
VirusShare_53c6ede9093cef82228092247383d7e1,0.9052
VirusShare_53ec6d0ad5b7452e5b372b32519435f7,0.9052
VirusShare_53f08c9cc59e6df0cb7f8fec1784f400,0.9052
VirusShare_53f947e56cf1f1132ecb61862d80b1a2,0.882263
VirusShare_540114efee7fa6d894a5ab5760c467b0,0.099847
VirusShare_54023b2b1877062163a8ce0d203b7401,0.0
VirusShare_540633d18fd17aeb98505bd52157c779,0.9052
VirusShare_54147ab510b9b7a00a10e7a2e4ae4390,0.0
VirusShare_5414facb05eb1dc2a836d313b9a72663,0.9052
VirusShare_5416439d523b86633d11f76f31bdaa48,8e-06
VirusShare_5417b14d29039b6e05cb6bab5c54aeca,5e-06
VirusShare_541946e91ada3d25fbc3e88c616eb971,0.910322
VirusShare_542690b9197b6a136a46ae0edeeb733b,5e-06
VirusShare_5437b71628678c8c2eefbc29c6b1ce1a,0.031367
VirusShare_543860d64af32986af00a6e2b013e30a,0.031367
VirusShare_5439292208086a3b72c6f49d40ee30e6,0.9052
VirusShare_543bc5e8b5f41baaedd659643277fe5d,0.9052
VirusShare_544894065b490fc56f0bd9023d7fda03,2e-05
VirusShare_5454ddca0c0f40f738047a9b31d29dc8,0.055366
VirusShare_54561c78467f9a7fe89b7f2dd73e50e1,2e-05
VirusShare_546ba8eddc28784554948e8bc02809ea,0.0
VirusShare_546c5f13463f6ee45bd14f5fd5a8bf49,3.2e-05
VirusShare_5479790d1bab50bc4b02beeefdc102b3,0.031367
VirusShare_547a9b20349687f5c769e14302954090,5e-06
VirusShare_547d016ea99a1ce56d1967f61b9cf07a,5e-06
VirusShare_54849e0a73481e1f23436337d262519d,1.6e-05
VirusShare_548b6a615bf22885ca3d5fcbed532eff,0.837439
VirusShare_548c9bb5e07a50969e392f21da2c721a,0.9052
VirusShare_549fa3af082710de897262d8c4cd8ec9,0.013694
VirusShare_549fbcbc5cbe3a65dd25f01ca155ac8b,0.008815
VirusShare_54a0d6c0d4a5b6089e95b1a4224ffe0e,0.882263
VirusShare_54a5f99822a066788b005a9eabe2dea0,0.001636
VirusShare_54b2e3601f549fa9614e65007bf4b85a,0.214505
VirusShare_54b33102bb546f24c35e66d9aa470502,0.897238
VirusShare_54bc2e1ac1d8f88dbd5f5a52dd739a2d,0.000388
VirusShare_54c65f02f3c59d4cc731cb6b3b628cdb,0.988234
VirusShare_54cc83aff2e425f82ae3279221fe82d4,4e-06
VirusShare_54d92d4569896eb7b823bc924872ee13,0.9052
VirusShare_54dba09ffda8e11d6cf4fbb7a187c7d9,5e-06
VirusShare_54e908e527ba229dc978db8f8b334cfd,5e-06
VirusShare_54f3dc7493e505d4de199806b57012d5,0.0
VirusShare_550827e8706db03dd1bd4bf5b28be190,0.045001
VirusShare_5520a9e126d54175d0b19f813606ab57,0.013694
VirusShare_5548efec73ee53e2989fe7f26d5f6bd1,0.9052
VirusShare_55501cbe620f6b5b0983c26695f327fb,0.288961
VirusShare_5558ae58ca55653030e44acfbc5e13ec,0.9052
VirusShare_5569a56783cf961130514ac28c73d1cd,0.9052
VirusShare_557166807d6a150ff7d7c3ea314ab9e5,0.9052
VirusShare_558284c6d8571c18d73d028755d12519,0.013694
VirusShare_55846f29ec0cacff95e740821362b183,5e-06
VirusShare_558a6ec0959b4c66d5215a4608855b1e,0.9052
VirusShare_558bf8bf94074515551eef2e29d4d930,0.000328
VirusShare_558fb13ba8eb2de03bcf5111da5b96b6,7.2e-05
VirusShare_55916d4173e8fe3c018597ad5b17ee3f,5e-06
VirusShare_559fd94a51a2b6074912fe8ac39e054d,0.9052
VirusShare_55a76780cf6e831fc1daf490b6abcf00,5e-06
VirusShare_55b4460e9dc7cd58d74976df231389de,0.758814
VirusShare_55b6f755328ce1987ffe2c403b729bc3,0.372588
VirusShare_55bb96a67087fbf9d1891e05eef46802,0.045001
VirusShare_55bd9fba0d62763e91b96e4ed6ea70ba,0.0
VirusShare_55cedcc7680f867817f780d6abbc78a5,0.013694
VirusShare_55dba1e461de5582740915cb14b9c7ff,5e-06
VirusShare_55dbe74be0c950f1d067dd729e55ea77,0.9052
VirusShare_55e2a6ddb5044bb833c272b007971e26,5e-06
VirusShare_55eedfd689386987a3b96daac3981210,0.013694
VirusShare_55fdb4e347a41bb113502761b4f80d93,0.910322
VirusShare_5602da2cf36556d356c1e174af41a551,0.000125
VirusShare_5602f01aea2844fd5e768ad07829d368,0.950462
VirusShare_560a149a37621ada5a041d27b3775d12,5e-06
VirusShare_5620e6fa071b4247cd33dafe2df578ae,5e-06
VirusShare_562b0feb31a82380cb9e945644460d5b,0.795043
VirusShare_562d29d501f7238231f3c3d9dd420934,5e-06
VirusShare_5634517971d8cc6ad21995b88a6409c2,5e-06
VirusShare_56388ceb62438c1653e0fecedf25e9f2,0.045001
VirusShare_5667a9bf257987d5ceee34834f1d8848,0.9052
VirusShare_5683496028ffe164e5141dc797910fa4,0.9052
VirusShare_56989715fa75b39e38b83db91002a77b,0.0
VirusShare_56a776af188582f393ab99e71ee5ac7b,0.9052
VirusShare_56aa0d1ae5e4650610bc45919bce1dfc,0.045001
VirusShare_56b8d43f84b76a41e73449dbe2a49162,0.462485
VirusShare_56bba5ca0283387048ef82d11b43ae0f,3e-06
VirusShare_56c22b049c955d318614644c11415e19,0.9052
VirusShare_56cfe3f849df6183cee94cb46c74c771,0.214505
VirusShare_56d27ab640e60fff990a227c11f4a35e,0.989063
VirusShare_56d5e98fa935cef43afc85e3147032ed,0.000353
VirusShare_56dce2f9d60c16b3c9ddbff61d13552c,5e-06
VirusShare_56dd389fac96f2e8a2080db09dff910a,0.993204
VirusShare_56ecbabfc9cc777b3b2385f14765f9d2,7.2e-05
VirusShare_570674d73a0a3daad520066cb57c3c19,0.045001
VirusShare_570a5547279fec947f9c515f5f449adb,0.9052
VirusShare_570cb3c8f1b4128dccabb856d58cce88,0.0
VirusShare_570e9af7846d81cabadf4cb270991b72,0.910322
VirusShare_57203e039fd9464b5c23475fa0d03892,5e-06
VirusShare_572a15c6521a8ff115ccb69508ef0f0c,0.988234
VirusShare_572f91333f0ef870aa2a3ab21fdef3ee,0.180644
VirusShare_5734fa9c44c5aba0097917e1a22ce92f,0.214505
VirusShare_5736b7fdcd7cd3a6fff48bb543591c7b,0.9052
VirusShare_5745833f85dd32717d55239baa6b8e80,0.9052
VirusShare_57504f83b5a780e18b516a983664cab6,0.031367
VirusShare_5762af4734397dc4d1b203f35a4cfbea,0.9052
VirusShare_5764e468932d189ce61d54ec079bf9f2,5e-06
VirusShare_576caf9690b60862ad954bc7879759ef,5e-06
VirusShare_577d2bedc263b70f6f5c7db50a54e4a3,0.214505
VirusShare_57812b7840054df517d08a048c6ef264,0.031724
VirusShare_57898b7e85562be166bc18ec1c13646f,2e-06
VirusShare_579bb279434c3eb149406fe5a3dd2864,0.9052
VirusShare_57c1713d7662a4f8d97626d450099aa2,0.882263
VirusShare_57d0266dcd598add28d5b7e2a18095a7,0.910322
VirusShare_57e199adc734bbf7b70c4d37287cfd0a,0.031367
VirusShare_57e9763da4d50e81b6341e956763ff3f,1e-06
VirusShare_57f4b6fe05ca74e51992938828856090,0.882263
VirusShare_5802a5df517cefbf47a1a5b58086e302,0.18927
VirusShare_58086662df9143125adaa7040cdf2506,0.045001
VirusShare_58148b24aaa6149dc11826ad37df07fa,5e-06
VirusShare_58218100267e48c4ee3741f938ea3c63,0.998655
VirusShare_5838e3cdcd9fdf8c32f0ce6dc90db47a,0.013694
VirusShare_5845305c9477b19368fc48c54af02586,0.0
VirusShare_58498c45a10f9de4a8a4f4e69a5e0136,0.099847
VirusShare_586bd2d5c6e19c3476e9273b0c2d04c9,0.045001
VirusShare_586d5669d6aca5d8aa1e11e470ecad48,0.0
VirusShare_587da3491827dbafdcb4e6b26edea35a,3.6e-05
VirusShare_58887cee00e413a180a67f3969b08ba8,5e-06
VirusShare_5899850aff59e005f38e223de461917b,0.9052
VirusShare_589f52363ce90999ad9d5d9441ccc972,0.045001
VirusShare_58a9fd29bb67a8471acaeeefa4f187a8,0.045001
VirusShare_58ae9c3bc8eb6fcbf9c5d14d54364743,0.045001
VirusShare_58afd6db2e01cd4ab941bd7490e9d6da,0.031367
VirusShare_58b41136a96294ce37dd182f63a2287a,5e-06
VirusShare_58b663b555811a3235a7b25fdbee38c1,0.045001
VirusShare_58b86157168cb5d834c6e356fff84b4d,8e-06
VirusShare_58cf37aa716302371841400a2411e51b,0.992032
VirusShare_58de54862f6bc02d59550654cbf6a492,0.031367
VirusShare_58ecea385acdabc726b8a56dd0add21f,3e-06
VirusShare_58ee4bbc29e1d1375a38077683943e33,0.919273
VirusShare_58fb66afa9a0bbebbe3830656a46cc9a,0.031367
VirusShare_59081146d8e09355744364e6c3a20d64,0.9052
VirusShare_59254a27c235dec0cd74019bdd660d1f,0.996432
VirusShare_592b3e0f92ee25e568d43436712d2267,5e-06
VirusShare_592cea020216216b3823f7b6744489d3,0.032983
VirusShare_592e9bb4df5e3d2820e441c0610aac42,0.004266
VirusShare_594997fb8bbf1864c3f3d641541e3cd6,0.9052
VirusShare_595df761cea0e9464a2dd14016ebb645,0.014638
VirusShare_59685841c923beb26c9f02a2fae14ca6,0.214505
VirusShare_596f1efcea6b16c9a9f95b6321ce042f,0.910322
VirusShare_5972983ad6866f4507cb5766e9e8c98c,0.0
VirusShare_59731014228ba25507348eb82efda93a,0.045001
VirusShare_5976f88ed0ba9844eb10c8002a5ff61a,5e-06
VirusShare_597c47748b3248690d79182a654fb392,0.99078
VirusShare_59838a751b92f58ca4d2eaf460c2cc15,0.828201
VirusShare_599a26171a994a800ee16d06f1030922,0.013694
VirusShare_59a3d34031bc6bfd2f41981a6cb87b78,0.9052
VirusShare_59b7f6f7876fd2f4cc5e8cfde270c798,0.9052
VirusShare_59bcecd7f325ccefe1451df302e9fe56,0.126899
VirusShare_59cd4de90093eb7dcc91724050105c2d,0.881229
VirusShare_59ce2df2395f275e3b961fdcb2e228a0,7e-06
VirusShare_59e4d7381bc4f6fb0ecab5dae0ea4524,0.002472
VirusShare_59ebcacba2b8fd610db88618de18518c,3.2e-05
VirusShare_59ec8757ac22cd85ca8ab17a19227b1a,8e-06
VirusShare_5a0b38f8d3c001e2e9124608f20d2016,0.0
VirusShare_5a1e2ab46a30962a3a0bbb2e9da79b97,1e-05
VirusShare_5a30caa289b79b38973b38e3c20ef911,0.993204
VirusShare_5a3a2c1d46d4201cd980fc477f6c6cf0,5e-06
VirusShare_5a3b0a253f9b85f339cf7e5679fe173a,0.0
VirusShare_5a3c36a8a0e3c90391a3682eda4fcba7,0.910322
VirusShare_5a42934cc748a5a6196af3efc340399f,0.045001
VirusShare_5a44d0566bbb6d7b1ff8ca5470303dcb,5e-06
VirusShare_5a4805c453f949deafffb328f40eca86,5e-06
VirusShare_5a4a95fd207a76c6723bd4a79b50be47,0.045001
VirusShare_5a4ab61b53c179f6bb57e2ca938f1ee6,0.9052
VirusShare_5a4b1b006bbcee55c73a471d745b0b30,0.000388
VirusShare_5a5634a1e3728714d4558c808e8a1e32,7.2e-05
VirusShare_5a5ecfb2f4ed5dfd5e6177da4990aa9b,0.045001
VirusShare_5a7d4c9d192a61051ed40b239e3d66c4,1.1e-05
VirusShare_5a9295dd1c6425ed32af29fa22dc3ae0,0.031724
VirusShare_5a939483c9677047120ef9326bab0bae,2e-05
VirusShare_5ad3f1a650e29d3f5187eccdbf79f760,0.9052
VirusShare_5ae784cbf8904bf4c26911fa22c288dd,0.882263
VirusShare_5aee9f7666168b4182dd7afa0248b4fc,5.2e-05
VirusShare_5af4a987d6c59372825c84cf6d1e3b93,0.9052
VirusShare_5af994dcf0255a48ce117e81775ecf14,0.047259
VirusShare_5afac48ccd8fdcbbca5525c48e8bc28a,0.9052
VirusShare_5b073ed988ab9478f17253a0a2befce3,0.897238
VirusShare_5b26de7d9d317e8227160c51b3fadd18,0.910322
VirusShare_5b2b4b5f8dc4f61876ec3eacf4a2fd77,0.0
VirusShare_5b32dbb7d2f73f7ede857398c46d7535,0.0
VirusShare_5b35fa30e9e9b4b6124b8960a4faef29,0.031724
VirusShare_5b3dc736c4bd26163426997a44768bac,0.001363
VirusShare_5b4cc95b58f3c0b68b4b978ea9dfb854,0.9052
VirusShare_5b4f830a5dc5b3c3cef4c6adc3c880c4,0.0
VirusShare_5b5245a2c1db30d27fcba16a4b199962,0.031367
VirusShare_5b60a4905d30b3fb3e8773d71084cd03,0.9052
VirusShare_5b7410c5a34cac9bda45b78515264b72,0.993204
VirusShare_5b87a45765c8149feabeb410244c601b,0.014638
VirusShare_5bb18f24dd5b94944c340c826bd90d25,0.0
VirusShare_5bc0c235efce3b38c0e99b2d8a90bbd8,0.0
VirusShare_5bc6d3579da1646e4b1f66874b8befb1,0.0
VirusShare_5bce405c36affaac0c6ff60d7a6937b1,5e-06
VirusShare_5bd78e9ffaf040a49bd8ac8a2308c533,5e-06
VirusShare_5be63985b6ddc2f9313e2e42f5dad80f,5e-06
VirusShare_5bee97600a78e1fbb9a29b21d4c37764,0.910322
VirusShare_5bf2bf79e1ca5ed4c5249f22d7477483,0.0
VirusShare_5bff83844d2b08ee169f2ad76cd5957b,5.4e-05
VirusShare_5c06b74c9fbc0f61edff3bc4653f2e8e,5e-06
VirusShare_5c0babcae6a76fab5d416d073c2d1168,0.910322
VirusShare_5c1eb2104efddbf6dd8ec89fb57df5d7,3.9e-05
VirusShare_5c2b05e3c47f5bf35a283e7f9c3d6c44,5e-06
VirusShare_5c32185f1a4109d7ba20c0d7c0438823,1e-06
VirusShare_5c32b99aaf01cba33edfa422c7453fa6,0.9052
VirusShare_5c33fb2e71b7dab99f594d83663e470b,0.214505
VirusShare_5c3bd11cbfcc55358e8772dfdc91c52d,5e-06
VirusShare_5c4036ff0c421fb8ce8fb3a42124ec5d,0.9052
VirusShare_5c4bb112ef825166c4713f4a00eaff06,0.00033
VirusShare_5c5ea8ed3c95f060801d3e889a7d5f4f,0.031367
VirusShare_5c6da7f9d8e914cd6a716fdd9e47e62b,5e-06
VirusShare_5c87801e573923e357fe7bae585fa970,0.099847
VirusShare_5c97ac2b7413ce8dd3b642d63f90a56f,0.045001
VirusShare_5cb2613998ecbf6586b4a941926fa392,0.865158
VirusShare_5cbdf58194b871c78a680da1eb73396b,0.9052
VirusShare_5cc97729a75b72fd7dc398e4a1e9cd2b,0.0
VirusShare_5cd6cf69ab688e6102218d0a21da51d4,0.9052
VirusShare_5cd8166b8c63f5e6debc0ad41028a6bb,2.2e-05
VirusShare_5cde8840d2627c447bdac90725bd221e,0.0
VirusShare_5ce4dba69bb0092ffa78217447f50e7b,0.045001
VirusShare_5d044c9c98ba9d345001bd2076513d3c,0.001932
VirusShare_5d051418a65fa6613406684c69c93423,0.882263
VirusShare_5d0eb8ecb394dfd811fb7e1f7f89c90e,5e-06
VirusShare_5d0ed9d27f9a451ec82536b318c82ebc,0.001838
VirusShare_5d18717cc369ba45fd1a9a7825a69c9f,9.2e-05
VirusShare_5d1a8756c85ff69f9fa16b04d49fc6e6,5.4e-05
VirusShare_5d1a94d67f9e6214c63d40276067845c,0.0
VirusShare_5d1f8193127409e84467b5a695ee918b,0.9052
VirusShare_5d1f890f2f632f3c12858cf3f06cf29f,0.726049
VirusShare_5d20dc94b23306d7417e95a31b467082,0.00023
VirusShare_5d28cb6cc3805b9c7197386a495c728d,0.0
VirusShare_5d2e9d47937853099dfa5ca16e98a09c,0.9052
VirusShare_5d363b3f7938a055471c338f0c20245a,0.031367
VirusShare_5d3ac53d757ac20e653d39a93589e6a8,5e-06
VirusShare_5d41ecc677ed06daad5e00681da66779,0.9052
VirusShare_5d46c17c54f6d1d7afc6340683126792,6.3e-05
VirusShare_5d54b81728bd1763c28e352cd154b625,5e-06
VirusShare_5d5d7ce2a2c4ce42ff11205ac262a5cd,5e-06
VirusShare_5d71a8b1ab01610c92291ac5c19d7631,2e-06
VirusShare_5d79896517a672c55d060dc0ba1e72af,0.055366
VirusShare_5d7c68e44ede2f9b6c536abfbceb2776,0.055366
VirusShare_5d8bd7b03336956e9d944756255edd76,8e-06
VirusShare_5dab8c815a9999ac914a52680adab56b,0.9052
VirusShare_5db670dc5b03fb97237e938db2769082,5e-06
VirusShare_5dbe77d95cdc630448cb7cefc2d97738,0.9052
VirusShare_5ddb36bc9bd8e5c10bf391f0b8a56822,0.9052
VirusShare_5de1899aaa0df3cafbcb6e6e28565695,0.126899
VirusShare_5de700ea460d4a577c0c2e409e27e437,0.993204
VirusShare_5dfcc96a9f867b9d3d5b785d1dee71b8,5e-06
VirusShare_5dfe990cf6f74ec2add617fc680e0717,0.9052
VirusShare_5e03df3cc21a14e9401ac005fa2ffb87,8e-06
VirusShare_5e0bfe70314795fa517cbe1134a5228e,0.002988
VirusShare_5e0c98207d91a84aab73a56987413304,0.996933
VirusShare_5e11d6354d1891a5f032f1a638c704a6,0.9052
VirusShare_5e161ca2b7378e51631e61c64339eeb5,5e-06
VirusShare_5e1788cb5c7380f2499d31202d48215c,0.9052
VirusShare_5e28432fe82d9095b2fd67ff4e3a93e1,0.002988
VirusShare_5e28fb1779b6d13fdd91b9387de1bcc8,0.004404
VirusShare_5e2b0333a4769f0060900aa4d9fddad9,0.045001
VirusShare_5e2ef7174f66015de967a8bb935fd29b,0.9052
VirusShare_5e33e3d24a659a343dd33bb87e66c614,0.882263
VirusShare_5e3eba57a940210257d5a6e4a27745b2,0.9052
VirusShare_5e4d7b173ceb11ac2cdd253bc0e43483,4e-06
VirusShare_5e602ae5c9a2a30cda81cc2a7bc81a5e,5e-06
VirusShare_5e6ffaf3ea9134335964c190a42bfbfe,0.045001
VirusShare_5e7d8dfe3c2c46bbddce02487a1353da,0.105869
VirusShare_5e7de6a8182018933ca944e3e4eb9dda,0.120161
VirusShare_5e94dc835a293a8bc91fe00033f0258a,0.013694
VirusShare_5e96fe6af675fe0f30eed2e6e234d84d,0.950462
VirusShare_5e9d4e80e9b1d51bd8bcc91af230f73d,5e-06
VirusShare_5ea2ba08e70040a6d88eab30a44edc15,0.9052
VirusShare_5ea582b4f48af2c72cb0bf120043e3d5,5e-06
VirusShare_5ea95f7ec81dd3693aa44079faab74ff,0.586708
VirusShare_5eb4dfcd36411bbf7f02cca53e7b75fa,0.099847
VirusShare_5ecd2d86bd166f369d3098b20ea03f71,0.029689
VirusShare_5ecfa6c387aaec5510783da8799eaa8a,0.002988
VirusShare_5ecfc103b9b1856ea15358f7b7432aca,0.882263
VirusShare_5ed0dc1905332316fc05a49d3ff835f3,0.0
VirusShare_5ee2574ae5fce908b8bc6bde673584e8,5.2e-05
VirusShare_5ee5aa7cc0f6e467115b5e645f239f00,0.031367
VirusShare_5ee722aa05743c36cbcacd8b6e3033e2,5e-06
VirusShare_5eed67197eb2ec78107da6301178c836,0.9052
VirusShare_5f067c88850a5e1e569c839d779544be,0.004578
VirusShare_5f089278dd63b6f4d8ab0a4960d2efff,0.0
VirusShare_5f08fb5aa4881db8a81faba7556f86b8,0.0
VirusShare_5f1f3e6d1b84c65597fbd6af28474e44,0.013694
VirusShare_5f26cd5aed834a68b5557e269283d6f0,0.99078
VirusShare_5f3ef14ef3d2afaec13447b64ec9261c,0.000117
VirusShare_5f46a09712cc01687cc415dc36b2dbd6,0.9052
VirusShare_5f55b4403256fc7dd0ca112d30250676,5e-06
VirusShare_5f5be3c4315df7be4cead10b1ffb87cd,0.9052
VirusShare_5f5f61873946ef4d584f3dcd1fd7cdca,0.045001
VirusShare_5f676831f0997d49b58d625ed921cfe0,0.95491
VirusShare_5f6e8ca2260ff07f7cf471d5745d4704,4.3e-05
VirusShare_5f7134568181281194c9d80c2cba6027,0.993714
VirusShare_5f8b79ce7b291c174b62599cb7e30fa7,0.9052
VirusShare_5f8eb8dc585146294705b4460921d286,5e-06
VirusShare_5f9be9a4b93047448c3a89a07af1835f,5e-06
VirusShare_5fa44dcb3cb3920fee36448e132e4590,5e-06
VirusShare_5fbb437a7c64038a1a753ffec7a66a85,0.045001
VirusShare_5fbcf01574815dd75207e5ae80f18f19,0.0
VirusShare_5fc18eaceaa8a75efe083333f1c93a8b,0.9052
VirusShare_5fc8a0dad6eae9f2006b89d107508a43,0.994448
VirusShare_5fc9eb637ac18d22c135c7bea77a6b77,0.0
VirusShare_5fd833b9a15f121c5c4f95c76048bd98,0.000776
VirusShare_5fdee9725fcb6cd5607fc4812f090f96,5e-06
VirusShare_5fe1a2b257637f19e177bd699f03e946,0.950462
VirusShare_5fee55f444b7f52e6faa9ac3f04baad5,0.9052
VirusShare_600348cf7874563fb71150f56c5a625b,0.897238
VirusShare_600fe3e096ce593392193b7f13671d7a,5e-06
VirusShare_6036135599e2647cb3484f048709d71c,5e-06
VirusShare_60380535b6c1f41576f1ceaa9f7f0fb5,0.0
VirusShare_604d2683f4288a1b6776a0bc3d36f76d,0.910322
VirusShare_6062561417d06ff561d08632cba59abb,0.045001
VirusShare_608f68a26938bed2ed7b9ed862cca7a8,4e-06
VirusShare_609de033b8e2401e5cd6d91bc210cd5c,0.0
VirusShare_60a1af6c847102c35de728f8e7ef1973,0.031367
VirusShare_60b1cf95545f99cdc9c58196d7fb10c6,0.0
VirusShare_60b6ab35c52f6780a9ffa5858ed87ef2,0.045001
VirusShare_60b948a44d885ae7ed4e328ef5db7bfd,0.9052
VirusShare_60bd642d7afa11da77712431de2c8c55,0.9052
VirusShare_60c93e6321e3ff840f5e3c2dcc98324d,0.9052
VirusShare_60e61cbb3275ad3a725f8ccb01e97a37,0.897238
VirusShare_60eef96264f2f404535c3aa26c46e25a,0.9052
VirusShare_60f6ce93553f155790a14e29aba30570,0.201333
VirusShare_610e36fa2fff753d44891747798c48df,0.013694
VirusShare_612277ca69af0eb4aeadd8cec23a594e,0.9052
VirusShare_613f84ffacf5782fba4ddbb6fc87ecb7,0.214505
VirusShare_6141f107ee41e1f755ecd28b938b3367,0.996528
VirusShare_6143734a8c9cae36bfde4f4b67f3c604,7e-06
VirusShare_615a304b0fb271e8654534278d18456d,0.978443
VirusShare_617247a0649182bfe30a992c13e3a09c,0.992032
VirusShare_61738494a046752dd25467a3bed697c1,5e-06
VirusShare_61902c5d1f0d1d83f200a0de07a76984,5e-06
VirusShare_6197afd48a4b23bd9e197e8b8a9b4835,0.0
VirusShare_6198158ab3aa4dd99bcc1fe230ff7539,8.7e-05
VirusShare_619c66b67bb195e0732e098dd9c9e172,5e-06
VirusShare_61b887af9ae65d4836b0854fdbf77efc,5e-06
VirusShare_61cdb8eea08ab63c410bce1f081761b1,5e-06
VirusShare_61ee490b2cd3f4cdc1e2f1aa18b7cd54,5e-06
VirusShare_61f1f5cd48e5462220213d8cdb424199,0.9052
VirusShare_62024e83dc87eefb6e90df49690579be,0.986896
VirusShare_6216ee43edcbdcc2afe8965c941897e0,0.079066
VirusShare_622a2c7086092ed047d8409479841c67,0.910322
VirusShare_6230c26c39a0bc3a15832973a9dca31d,3.1e-05
VirusShare_623abb334894076ccea662fcbd609408,6e-05
VirusShare_623f646d73f59ab62300b4846793ba5a,0.998655
VirusShare_6240755810afe9c45a279cb1d2d1ef9f,5e-06
VirusShare_6268aba2197458602a919bb751215a31,0.392506
VirusShare_627bcd7b8e3e02f14018ebf0ced41e0e,0.0
VirusShare_628298de91f094b19f8d1ee64750961b,0.045001
VirusShare_628c6a3bc2211b0f9dd72d7d1ffaa730,0.9052
VirusShare_629151c519ea438d8c8f1123eb71e751,0.214505
VirusShare_629b7a70193600201c1aed004217259d,0.9052
VirusShare_629cc52d5ef8e24ab269e5ec9e960189,5e-06
VirusShare_62b47e3f5cddcf92ca321fd0e40bd265,0.9052
VirusShare_62b692f7287cb09f88df4bff3a77ed2f,0.00033
VirusShare_62bea99992b2d34beb810db703dbf553,0.9052
VirusShare_62beaae287fc2a8ee0f9cef87dc1d7a5,5e-06
VirusShare_62d613f0fcdc7bf361618a595a69b1a0,0.9052
VirusShare_630e239e730a3a9fe4c96c2f74149f91,0.045001
VirusShare_63172c76a3d329ad28ab88abeac10f0d,0.9052
VirusShare_6324e103f551166d0f2225aeca8d1a81,0.0
VirusShare_632b7555a668361a897ad96294c44721,0.998655
VirusShare_6336cd3cc61fcf444f7ed20a994d3280,5e-06
VirusShare_634a8fd1e55c7f5faa49ce10635ff4ac,0.031367
VirusShare_63644d8e7d7fed0633d55257d3590974,0.9052
VirusShare_6366b7d02f1343ce4a0af782628567da,7.2e-05
VirusShare_637252bfce7b48379293ef798f571923,0.910322
VirusShare_6376acbbeeecc0fdecf608dc1817ed3e,5e-06
VirusShare_639155e9c694ff893d7c79208e387cfa,0.000152
VirusShare_6393c6c68d16507007f9dfbbfc92eec6,7.2e-05
VirusShare_63b9655e7ae47fa38af210f22a5890af,0.000218
VirusShare_63c01d0f4685a08de492005d1fb5b29d,0.031367
VirusShare_63c9ac786b3ef0cc67aa2c3765b21294,0.910322
VirusShare_63da395df904755ed7e17905419800ac,0.001089
VirusShare_63e13d09c7d6fb473874dc2d807e898a,0.897238
VirusShare_63e3b31fa89c70578fb13917e3cdc17a,5e-06
VirusShare_63e4d9be054b3d0a99d64a3454fe9d8f,0.802865
VirusShare_63f6a3ede22a8360b99b79c2a11e71e8,0.002988
VirusShare_64038be2ac898837809a9fd1ce2d8085,0.002988
VirusShare_640763acd6e6d1a3463aa2c9b2a2f95b,0.910322
VirusShare_640ca30d77e8770a47172189f2246284,0.031367
VirusShare_6410e2a35556454d7c7993113fe6916a,0.996432
VirusShare_642454e46a85b9fb7a2ecd5e1d5b0953,0.9052
VirusShare_64265166e7c7a6658498575ea0bbbd37,0.045001
VirusShare_6431f852eaca6db8573003141dc8b88c,0.9052
VirusShare_6445072823e9549d76bd24618bd5877b,0.031367
VirusShare_64720065ad314b5fce44ea39e157e385,0.0
VirusShare_6475667527c714f61db32fa51ea53458,0.013694
VirusShare_6489fb2be306b69dbc77995ad13e3c0e,0.964779
VirusShare_648c2198a18dc9101695c17fbefd1452,5e-06
VirusShare_649885a4dcc1cb4ab16331244ac72252,0.9052
VirusShare_649e69e82251e398285d5454cb7e341f,0.767397
VirusShare_64a13c6a21261afc7d31809f6001a3c6,0.013694
VirusShare_64b2cb11a68ad8d28c65ee5aa88a0d51,5e-06
VirusShare_64c99b2eeb8df9eb637d1090503c199f,0.18927
VirusShare_64e07015988ecab557d937052296973c,0.000525
VirusShare_64f3e51420127ed93aa6789876cd95ea,0.9052
VirusShare_64f4ce2163877c8b864a4e2f836f18a5,0.031367
VirusShare_650222a84884bf2d16da197277418883,5e-06
VirusShare_65058feab334dc303930c07dc9909f75,0.000187
VirusShare_650af229e7c2b19c846748f621684021,0.910322
VirusShare_65183beda6558fe26f335acfdcf3bfec,0.000353
VirusShare_6529408b928c4827fdb810cc71b665f6,0.013694
VirusShare_652f3996d5fcb957ca2bfd46d0f4e875,0.897238
VirusShare_654007422d17a8875e3615bcc852c289,0.00226
VirusShare_65445c071e3653fb234253d41061c6b7,0.918906
VirusShare_654d319410ec555970c5f6b721ff6dc3,0.9052
VirusShare_6555c853326aab1a0a9c9471a01344d2,0.910322
VirusShare_656c8dac0bbfdd2c4f17ffc4366e6536,4.4e-05
VirusShare_65724a4deae1145a6e9771009cd9bc14,0.0
VirusShare_6590c329e853fc7939b9a7fa51672a31,0.9052
VirusShare_65a0e594cecf5a98fae8ef530fcbbd1f,5e-06
VirusShare_65a36b98891a3c3d06c055768409a7b2,0.9052
VirusShare_65b0eb86f40deb8bfb2bb59b403ac134,0.055366
VirusShare_65b7129810963c598af4c37bd3e4d132,0.045001
VirusShare_65c24b5a4d54b70c09a6769339a8d344,0.0
VirusShare_65d11b5296ef9b6ff32a90ec52e45670,5e-06
VirusShare_65e5374e64b00dd96813b2141a017729,0.950462
VirusShare_65ecdbd147cdfde4022033fda58f7032,0.9052
VirusShare_65f6ab0ac91bf748f8d277719455b4f4,0.031367
VirusShare_65f9545d9f07da334d1679a5e03cdd8e,0.988224
VirusShare_660993a8f9681991858da752e656f6ae,5e-06
VirusShare_660eefcf8d8188bce67ca70b84f37682,0.142406
VirusShare_660f4330b67b3ef2a4a956949ee885bd,5e-06
VirusShare_66140219970823b346c4daff9309600c,0.9052
VirusShare_6630430d151ae9cb399f5c8d66e7877f,0.997154
VirusShare_6640d03f8f05c2824cb131ecebab7c67,0.990486
VirusShare_66419707c14d4da910e488ce058ea6c6,0.922534
VirusShare_664f31e9355f084eb2104a407f423a48,0.0
VirusShare_666985d6a5ba05bd4d42664bd4636614,0.002988
VirusShare_667dad818832c2e4b262cbe5126b9437,0.002988
VirusShare_66a9efb44364b5edaf6f12f74bb10dfd,8e-06
VirusShare_66b023324ae2a9a85a35d1bd46216c84,5e-06
VirusShare_66cec8cb66fcb299b808d447d44573cf,0.004404
VirusShare_66cf242825ad226d4ab3a0de0980ca43,3.2e-05
VirusShare_66d355cca47d7636c165d85acd5e5930,0.045001
VirusShare_66e485cb902cdafc48bba4f881a65bf9,5e-06
VirusShare_66ebab37eb26c80489dc539456eb1d51,0.099847
VirusShare_66f951d2fa218fefa9b50652403fb454,4.5e-05
VirusShare_67045772f3eab1edf0043bc3e1427f6e,5e-06
VirusShare_670655dbb24c056f3a5a49257a6852a3,0.000127
VirusShare_6713e66d74207f42abf5e27ab348b5c7,0.844981
VirusShare_67168de2d6a8f82f1332077f01d1494b,0.000355
VirusShare_67169c2852a353f1ee75de275bdbca92,0.988224
VirusShare_6727cc9eab4ea20b99a47154e72787ed,5e-06
VirusShare_672b8878e9b7bdfb2e1075cf6560a279,0.045001
VirusShare_672d42ab98e18cfbd115d7fa24981bf8,8e-06
VirusShare_673acf8e2d7d8c1f985e91337419fc14,0.966178
VirusShare_674e29185fc9b5eab163b15ebf0fb300,0.045001
VirusShare_6760df69a25201a2a7e8e9b5492907f6,0.002991
VirusShare_67700efdb502cbb3b74f11e4e08706d4,4e-06
VirusShare_6772b46f3236f34f24299d8b4e1a6a72,0.126899
VirusShare_6772d80f92f9d88903e51cf28a81cd4e,0.013694
VirusShare_6783d4bab59063eb7853d26977084875,0.910322
VirusShare_678576d788555e9c9c32c801e1c5886e,0.998655
VirusShare_67876e271590b50ce0a5b902f5da06a9,0.9052
VirusShare_678bc569be2dc232ac20e091d2b92db8,0.031367
VirusShare_6792325a9a62602f7d3e1fe1f72c3475,0.882263
VirusShare_6796815369e0c993545d392e340383aa,0.86551
VirusShare_67b2984a14fe14e92ea3af3b0c721514,0.9052
VirusShare_67d530bcc5e04371438991f62e4be96d,0.9052
VirusShare_67d5c61eeb654d15b08a03d4b210870e,0.9052
VirusShare_67de50651a3cbd363d8f8adcb1680e73,0.045
VirusShare_67e8101126b59454af0c950c9f14a86c,0.9052
VirusShare_68011e1c4e44739298cee205d889f3de,0.9052
VirusShare_6801b88c0c7d069fa26c20fc851ed172,5e-06
VirusShare_6812150306457aae348ee794d5bee0d4,2.6e-05
VirusShare_682ab161e20269c65eba78ab4c4a75ce,0.966178
VirusShare_682be7e253ed87c1c944084fb8fb88db,0.9052
VirusShare_683c7d8e5e3eb7944521cb3923879c46,0.9052
VirusShare_6845a12e3039e40cdbd167312cf59481,0.0
VirusShare_684f884df93e5041a2ad24a212627663,0.055366
VirusShare_685196431b4a34df4d82d8a430ca07b8,0.055366
VirusShare_685bc1d39dfa2f4ae2f95fe24b049472,0.0
VirusShare_68693861c6921a436f6aa7a27772280f,0.000125
VirusShare_688bcc27da78bf33a92110987e2d2fe7,0.9052
VirusShare_689fb390465a6af4550fc03671e278d1,0.045001
VirusShare_68b16b954da4726f6ccdaff90b0d6c23,1e-06
VirusShare_68de794e0a763931c38600426c7f93e3,0.9052
VirusShare_68e99957936916509a2037748d3169b6,5e-06
VirusShare_68ee82853d145f6f00e285122da291c1,0.0
VirusShare_68f55c7d6c627fb6fad04e8b4f3ca677,0.9052
VirusShare_68fa8be7322dab24a85966d6cae82d07,0.993204
VirusShare_68fac6b3e887f517763fae5103e943a9,5e-06
VirusShare_68fd971733144e5f4a656efbe074c25a,0.0
VirusShare_69034ffc7d8a66f2a9d8995f6921324e,4e-06
VirusShare_690c6c4c8c40c708fbfd3ac683f8cebc,0.0
VirusShare_6914f596cd5bbdef9353a9a11e98574a,5e-06
VirusShare_6917a5a2eba783601b448a73fd7a0834,0.002988
VirusShare_6930cc9945cd9c7ecc6f45c52fbfc670,0.910322
VirusShare_6936901e97ee480b4a602f20c15b0a00,0.996588
VirusShare_6937c1fc399fbef4b1c432f48ffcebcd,5e-06
VirusShare_6940e3ea4e4285b49f4b447dec3deb40,4e-06
VirusShare_6952eec10ab8310539f9123a29efb419,0.998655
VirusShare_695ac0080fb3f720cce63f028daded84,0.0
VirusShare_695c7dc5322bf83472005205a9296fec,0.013694
VirusShare_6971fa059fd3d849d6b3aaf907efd1b3,0.997133
VirusShare_697437582c013547191a7b39b1704482,2e-06
VirusShare_6997aaa40b30134d7bd31fd67c2e54d3,0.882263
VirusShare_69991ad06c9136a771c312a33ad463bc,2e-06
VirusShare_69c2c1c4e882d3011163045304ec8c7b,0.011509
VirusShare_69ce349fe5b1f99023db0059bf243412,0.910322
VirusShare_69da451d3729b9cd16c4331aea7c7221,0.910322
VirusShare_69dc5aacb38206acefbcaa286a4b264b,6.3e-05
VirusShare_69ea6c1bae15f0e9a51c6d7645b92119,5e-06
VirusShare_69ef5327af9e9e9b07afb5a522e882a4,0.002988
VirusShare_69fec78f16afcff4cdebcbd33bfb9cd9,0.9052
VirusShare_6a060667a3add0409aa17022c3257a90,0.950462
VirusShare_6a061146dbe6d18ea363b1dc13a36e0e,0.013694
VirusShare_6a1421c5628d69cfe4853be4b69d3a01,0.001742
VirusShare_6a1616cb51f926233d4cbe9387d61b24,0.002988
VirusShare_6a251182d1556b5ac986ad9033f28a4c,0.9052
VirusShare_6a4a15c95772fa2f8981109b5dc66f40,0.013694
VirusShare_6a55986507103fc34297e971d4887520,5e-06
VirusShare_6a612d02378dbefdc49343efbb3a08d4,4.6e-05
VirusShare_6a622ce3bd13d139baab3faae309f86a,0.0
VirusShare_6a64852535ecec88f695821dc53f6447,0.0
VirusShare_6a72471c76caf9cf5a422e5d79c32b83,1e-05
VirusShare_6a77cb5d326e6357b90f4dd55f50082f,5e-06
VirusShare_6a79d26c18026d65ec4f93223250e594,2e-06
VirusShare_6a80397dfb132f234c629370543794c1,0.000154
VirusShare_6a8924f1b88459fd9a6fc629176b99a8,0.9052
VirusShare_6a8d89e07b6aa55e50f2eee91edb9ee0,0.055366
VirusShare_6a9209198711b88b06ed9834692ca1c8,7.9e-05
VirusShare_6a92d660109d216833b389a6cb27ac84,5e-06
VirusShare_6a9fbecd931c8a47a35a39c9a19a8af5,0.844981
VirusShare_6ab1047fbc1327d00aa3777fddaa192c,0.00033
VirusShare_6ab86e1d59def892ba54719c76a21b30,1.2e-05
VirusShare_6abbd1176299f1c7b5c24c5a310b0976,0.058199
VirusShare_6ac97f2adaad0b92fa522d9bef189ae4,0.996056
VirusShare_6aca6b11798a0ec6b57983d41714c5b4,0.950462
VirusShare_6acab50e6f215151f01c8faf794783b0,0.031367
VirusShare_6acfa3f6120d90639751ba82c3f00ce9,0.000169
VirusShare_6ad86d97997ddb0e331d115f65c11bc7,0.0
VirusShare_6ade1c7bc8f4d8a19316c88c45fa03af,5e-06
VirusShare_6ae404b8a8983f7b79d81ff0486fdd72,0.882263
VirusShare_6b171d19ae7a04b7187c7c8f4d97d2ee,0.031367
VirusShare_6b246be47ed128b9d49c3b70c1c4eb20,0.000525
VirusShare_6b397bdd132b75b1a5aa3bbb253fbdf6,0.9052
VirusShare_6b3e8c6d5aa1896241ed1edf73204371,0.994756
VirusShare_6b4277d89b74b1d69f140bd4b73336f0,5e-06
VirusShare_6b5886e81601c9d14fa36590837e05ef,0.214505
VirusShare_6b627e8a4887287a5141cec88be286ed,0.9052
VirusShare_6b72b8dc8759582caa88bf6e0b0c8058,0.910322
VirusShare_6b75f41370c42c5d0e6299dc06408f8f,0.031367
VirusShare_6b80fe5735efd6fb8e7f52e0a861893d,0.035148
VirusShare_6b8b42aa0d773ae1962200bf2f778fb4,0.9052
VirusShare_6b9574a5cd665195b0557ac63a123038,0.265107
VirusShare_6bcba75d52cd82860fab21de5e8f4360,0.9676
VirusShare_6bd3e5ffb1737c2d433780ab03deaca2,5e-06
VirusShare_6bddf30d1ff0ecbe6304a40bcb17f88a,0.002988
VirusShare_6be2c3eb1ca31b84446956a029f975de,0.9052
VirusShare_6be3712912dff423bb19386387133ce3,0.910322
VirusShare_6be842442209db41ef1295d1e354f1d8,0.9052
VirusShare_6bec51d54afa46de20c6760a80545ea0,5e-06
VirusShare_6bf25c34838f51aad27f3326eabc5717,5e-06
VirusShare_6bfe2fb7f8d57f8ed975854b2d95c6bd,1.9e-05
VirusShare_6c09f08d421283372c20afc436a33db9,0.000546
VirusShare_6c16fd58f348686adf375bc3e7067caf,0.002988
VirusShare_6c209fc9200465c19a28dc2448ec9d99,1e-06
VirusShare_6c240d34c218ceb3ea5c1771a7e3f555,0.910322
VirusShare_6c2d2aa04d0911fc1d8218041d688f68,0.919273
VirusShare_6c3a00796de2b3fb70d258a896929d00,0.0
VirusShare_6c462c67a181db0bde72d2b17786bb39,5e-06
VirusShare_6c477ec2a1603b9286586ee698971763,0.336935
VirusShare_6c497394ae82540bb4b9faa83db4217b,0.00041
VirusShare_6c4be95c89e98a30ad0dc8430fdccec0,0.00331
VirusShare_6c4fe549dcc013e60c18fb06c293c9b5,5.4e-05
VirusShare_6c5094775d64c5baa88a3b02ad7cced9,0.037514
VirusShare_6c6399d1a67b03c1e436a204f5837a6f,0.0001
VirusShare_6c64ee3ab750ce6cc9eb29e7c459e81c,0.795043
VirusShare_6c7ee0aa37672748d824a2434d044533,0.910322
VirusShare_6c9dc92c344d64077656369bd2feafc2,2e-06
VirusShare_6ca5f0a43476013fbe2a8e6ce9763978,0.998655
VirusShare_6cab9279a64c2edca47abe2b78768ad2,0.997035
VirusShare_6cbd98bd134e6869eff143b68dce7bbe,0.000328
VirusShare_6ccb638810d3868733dd63cf17b7e955,0.000107
VirusShare_6cded92070a010cc2df8347d17d2fc4d,0.9052
VirusShare_6cf05ac06f4e9c1396f4c18a975f9bc5,0.9052
VirusShare_6d00adc16dce3113ddaa3375fbf5b80f,0.919273
VirusShare_6d057875e33e5ac90adf63b58c29d048,0.00033
VirusShare_6d09aab49879dd653e2a81f4de09be79,0.02666
VirusShare_6d157244040844ac8fcf92b1d7454b2f,0.910322
VirusShare_6d182390a7893115fc5b73cfea554bb5,0.0
VirusShare_6d24820f7d7e318ee10051176edeb79f,0.031367
VirusShare_6d4cc6ee531c0047b09b76fb0ad42045,0.973322
VirusShare_6d6ac7ed21309cb1bcb9cff2a2b60d21,0.000623
VirusShare_6d6c48f06f88f9ed7c50b9553ed276b3,0.993714
VirusShare_6d6d9a1e7b3cc07300785c2a928acb76,0.031367
VirusShare_6d6f5d34171c37814bb644146507a535,0.0
VirusShare_6d911cc90c61c19c8578fb85ea55c30b,0.0
VirusShare_6db3f382d655a824783883d5a0915e6a,5.4e-05
VirusShare_6db4a56f5a3f8018a6c04e2c24e0945b,0.055366
VirusShare_6dd035fb8a3125f506dbcd7d9ddb71b5,5e-06
VirusShare_6dd60863c6d446141ca7bcba27a6ee11,1.9e-05
VirusShare_6df3987e40b5bf9166f4c43716b9dac1,5e-06
VirusShare_6dfeee6d2ad59285626597507159b351,3e-06
VirusShare_6e0118da47fefb04add7ad6a0a13f057,0.013694
VirusShare_6e114cd9575524d6ba14e5580672ac10,0.9052
VirusShare_6e1bfb40c7035349a454557be299f0c8,5e-06
VirusShare_6e208d7e53d850d02c456724d6746487,0.0
VirusShare_6e21019f9b775baf90052d323d983d56,5e-06
VirusShare_6e290f6a03ebdb6a9a69a182f87814bc,0.160183
VirusShare_6e3295c60bdc6f33fff9b9f61f8d17e7,0.002988
VirusShare_6e3f613a0d85c9f4828223a31b5c0f1a,0.055366
VirusShare_6e4d4f9b34842fbaddb1b245a812eb15,0.9052
VirusShare_6e9c0734cab85bcfdf3f8750913c5184,3e-06
VirusShare_6e9f0b7d8cdefe802dd36b9fe9d24dfd,0.875996
VirusShare_6eaa1b64113d5ff27cb75aa68c8175ba,0.986896
VirusShare_6eaaedd8ed5d0d074b78a7dfb5c25b8f,5e-06
VirusShare_6eaaee7fd368d85bbfd344d80e2f6bcf,0.004131
VirusShare_6eb4fb0669a3678087e1e196202919cc,0.9052
VirusShare_6ec5e2a6e395706cb7d9fe0f4dc2cbf3,0.045001
VirusShare_6ed082a104f6e0ea551e224664cd9ea8,0.18927
VirusShare_6ee59eb5666bf32badc66e76e48400d1,0.000102
VirusShare_6ee81297cc99234df2dccdbed280dc64,0.045001
VirusShare_6f0acb392458d622edf6d881bb1e2ba9,0.045001
VirusShare_6f0edb0eab6e339ec04c93f78b61e93c,0.045001
VirusShare_6f139a9aa6a40ef6717a549a9b2c2f10,0.031367
VirusShare_6f1c3dfab2badbfccc465998474fd3e6,0.996528
VirusShare_6f1d794cca943bc7610f152618b4c544,0.013695
VirusShare_6f2928258d96791fec131f1fbf013c6a,0.809675
VirusShare_6f2aa001da82465d52bb312406790231,7.2e-05
VirusShare_6f2bc205a0c2230b4455212d66aa2c33,0.9052
VirusShare_6f33ec2139ff53557c1f740cfeaee29e,0.001089
VirusShare_6f34c6b36ed0c56750c1d0e823fe94fd,0.9052
VirusShare_6f4d48e6db4504da010561a5b43be334,0.0
VirusShare_6f4ff6862611080e4073d889025edfc1,0.0
VirusShare_6f524b18455ecc9e7b1662361528287d,0.031367
VirusShare_6f5b50f0e39f1384e0fc51b95f91213a,0.0
VirusShare_6f70d04bd42a6037e27e12f95dc3be06,5.2e-05
VirusShare_6f75314d7422d9aa1eb1458729ab9654,0.0
VirusShare_6f7b3d49b65d347c4af9058c261bec85,0.0
VirusShare_6f7f584dd7f55cfcc219730d2944291c,0.00033
VirusShare_6f8798f01a7ec11429f624dbc59b4a32,0.001389
VirusShare_6fa07d81b2283a5666859f94079004c4,0.950462
VirusShare_6fb4ca4780e4263d6a8f0660b4033fe5,5e-06
VirusShare_6fbe2ba61b817bf7e6f111b945bbee31,0.045001
VirusShare_6fca5306743c7a01a33349a1c3d1f51f,0.975215
VirusShare_6fdfbc7235d14f9ff98131b7b7378950,5e-06
VirusShare_6fea8d91e5dde459d8736b5691b08fc6,0.099847
VirusShare_6fed8969b500401d93fde109b4177780,0.0
VirusShare_70098ad756899edacb28ef0fdb656859,0.000525
VirusShare_703a6e40ecbb7a38ad49c010f6119379,0.141848
VirusShare_705803335467d13dd9167a5feb5d0ff6,2e-05
VirusShare_705dd000b489ff48dd5aa01c7e3a99ae,0.014638
VirusShare_70765e43e59014c843575b27ddbfe848,0.045001
VirusShare_7083f6b72b49556295fa75c010fb2015,0.897238
VirusShare_708de21dd452143261bf214d36a2fae2,0.005833
VirusShare_708f3fbbffcf73b4451a5b9c5259936a,4.8e-05
VirusShare_708f88815d382eff0cb4d8c49b0795e7,7.7e-05
VirusShare_70966eea3aba2ff4a1fc21eb1f7f1672,4e-06
VirusShare_709c423f4a0347dd8c41a29289924343,5e-06
VirusShare_709d72f2e5422fafe38559e3127e716c,0.031367
VirusShare_70a2519a95f896d4cecc5ccc9e27a3fc,5e-06
VirusShare_70a99e06e1b75935dd0d14c5281e6291,9e-06
VirusShare_70af3f1962a9c7921f2c638c02506afa,0.910322
VirusShare_70b25ecd446fae21532f751caf4b9136,5e-06
VirusShare_70b9b6fc87be51bc39a7202031a1357f,0.986896
VirusShare_70d1c613413a641759ccf03c110a9664,0.910322
VirusShare_70dea48cdd6f11c9c5fe9e04501fcd90,0.002988
VirusShare_70efa1dffdead4ad6142cb0c327720e5,0.9052
VirusShare_70f21758883d5c6dff70bc61c5576c32,0.000525
VirusShare_70f267b878de849155db26eb85026868,0.000383
VirusShare_7108f901694c7b3ce6d6fd45c9bdc180,0.9052
VirusShare_7119bb71b2c6d54a6970924aa820d57f,0.997035
VirusShare_711c13bc18c5e98202ac04816bb8880a,0.882263
VirusShare_711f728f257dba4b0a7e394d92b0a55a,0.031367
VirusShare_713aa51a0b8eeea9760ef2032127cbb0,0.9052
VirusShare_71401793893dfd749b36d69fc5abbfbe,0.007703
VirusShare_716d708408bc20bcae75941e95f99b41,0.0
VirusShare_7188617c9f23e07b27fe8208619a8cab,0.9052
VirusShare_718882124fcfa145a20d1a3411a6dff3,8e-06
VirusShare_718b5089505fed92d1a44dc0dbeb36dc,0.000508
VirusShare_7191f9ca46272f17f5140b1d6650a747,0.993204
VirusShare_7193680e7cd11910bb1517c4d74abceb,2.2e-05
VirusShare_71ab0c4b8b1a06cd99025461f0b75017,0.988224
VirusShare_71b9a4139e209f5de7f9b49ef3759e37,0.0
VirusShare_71bb179a53acd57d8bc895128d02e4ea,0.079066
VirusShare_71d178e3f6876f0bd8bec62243dc1efa,0.9052
VirusShare_71e8245d50605c0b5d4134cf09f93b74,0.882263
VirusShare_7201361ba980c561a880ed2f23503a98,3e-06
VirusShare_7202ea1d832975ad9311f18f71c80d25,0.9052
VirusShare_7208b36114f812c128f8acbc7d4b9c00,3.2e-05
VirusShare_720b06e3e537d83b834e1d6e753fbb8c,0.0
VirusShare_720e849730df8f3a0b23495e2cbf2bdd,0.897238
VirusShare_7223f007020ff7f855c2554c2eebee82,7.9e-05
VirusShare_72331465fc2482338bea3e9dcc848037,0.031367
VirusShare_724f97789784b0a53fb7907db7905b90,0.0
VirusShare_7279897fa2f02e5746876007f552f50e,5e-06
VirusShare_728bdd6f3767a957b29a7fe837f340bb,0.882263
VirusShare_728bf5e5ff1be055c900b0fabf187c84,0.9052
VirusShare_728e8fe2f2d596375dbf3e1396519932,0.9052
VirusShare_7299ffb9615805503b560aebfcfcfd98,5e-06
VirusShare_729a31d5c7c8ca3de21ef3c58b5a80e4,0.0
VirusShare_72a3e17670a924539cf626db338f1224,0.045001
VirusShare_72ae2f5812c952b1cb9957a1b878b8d3,5e-06
VirusShare_72bde685521eee09d4f8986d28204190,5.4e-05
VirusShare_72c539c0491e547af89cf7ba88af812d,0.000483
VirusShare_72c7b46b252ab3fc303e93ea216d48f6,0.9052
VirusShare_72d382fdf800e9ec1b861983dec34d9e,2.2e-05
VirusShare_72e17cb5e0e4ea2be34b68446e0efbef,0.998655
VirusShare_72e6c70c8800fd83aa66bf58c28b078a,0.000461
VirusShare_72efac815d606ccd8b6aa1d4afcce6e9,5e-06
VirusShare_72f1dd816433a940d237d89388448468,5e-06
VirusShare_72f666ac543eccd66e471e549f8a489d,0.000681
VirusShare_72f8beedd39168193fb096b016c1e46c,0.099847
VirusShare_72fd2812b27d41726416b2418f91d358,0.998655
VirusShare_7315f98e85645bf45bfbc21eb05f8043,0.004074
VirusShare_73233a39958798b56c97bfdbf7789e92,0.0
VirusShare_732f7ccfa99ce41f3c94632d0ca379db,0.993556
VirusShare_7365875fb1b6abaa39740a96dac485f1,0.002988
VirusShare_736968b8dc8145687064d092109652e2,0.993204
VirusShare_7369cab0f121ab2c9cf34fea281b475c,0.392506
VirusShare_737b152d6f02fb95233fb12d513909b5,0.055366
VirusShare_737be6168dc91fc78cdaee80fd11cadf,1e-05
VirusShare_737d20ea3897fa2f4b09808729b31925,0.069501
VirusShare_7391a15c6d6acc6ea3499b4e8132fedf,0.910322
VirusShare_73b8e2483cc4bb1c4df879ed3d89d09e,0.9052
VirusShare_73bcf661b3799c110c525a320fcbfc16,0.0
VirusShare_73c0baf9ca51089a31679782bc47598b,0.045001
VirusShare_73c2a8838d9f4a62fad6ca8d3d32c836,0.013694
VirusShare_73caa644043a99de31644cd1062ecab5,0.013694
VirusShare_73e764f9126df218e4302e33fa4e2089,0.9052
VirusShare_73e8bebb4316d2fd5eff60021968e56d,0.993204
VirusShare_73f63da1cbb234c61279f279d8b8520d,0.013694
VirusShare_740b28d443396938b5c40bdf843627bb,0.000117
VirusShare_741de140b0d3948d5d0a7e74300e1a59,0.031367
VirusShare_74295870671c8e9c2bdca30058888a7f,0.9052
VirusShare_743a2678c2a0bfdf92099110b1be993d,5.7e-05
VirusShare_7446b8c7a7bfbafc27c27575e862695d,0.9052
VirusShare_745db0e3ea0ec7dee88cd6a0cd5b8a0b,0.0
VirusShare_7488d3c7591ca89a61b7230811a11b1f,0.099847
VirusShare_748c49779ecdc6ccf017c7ef2c7d6fae,0.001689
VirusShare_74ae8ca0c71001831219ee5d4b9d8f44,0.9052
VirusShare_74b13ada0cf0e818b789d487b947a407,5e-06
VirusShare_74f643fa281f11d36a59c3958b0627a0,2e-06
VirusShare_74fb798ddc8b4ba7940202b3bd2bd3cd,0.045001
VirusShare_74fbb89a4536849158cccd9890ac8f8f,0.00486
VirusShare_7512ae770ea539f98e426854486532a8,0.000417
VirusShare_7523103a55465d71b5686bf960694027,0.502439
VirusShare_752e40590f29c641b77f32516499b8e2,5e-06
VirusShare_752ff845c9d9f276048d097af9b70b01,2e-05
VirusShare_75360c263e03dcfdccbbdd4a1d6edfe4,0.099847
VirusShare_753be2f281668d9817eac3a56b4b8708,0.0
VirusShare_75432d15eff8c87717caa79a043b66fc,0.9052
VirusShare_754da57cb8289c4fefe9f201ae290ba5,0.0
VirusShare_7552bc098d160ccab0d61d7e2c8d22b3,0.002988
VirusShare_75558acd82aca0ba9b82b4a70f3fa495,0.910322
VirusShare_75568fb45c337afc805104d6fde8bc6c,0.882263
VirusShare_755728648a7a05a8f4cd71b4bb591802,0.201132
VirusShare_756efcc5a8a74d8906f14770c562f249,0.9052
VirusShare_757dcddd2a19890746b7924c8e7f6fb4,0.149643
VirusShare_757ed30765062a258a27e4f2ff54a519,0.9052
VirusShare_758046780ce6a8d0e795e3e22b3a911e,5e-06
VirusShare_75900fd718faa74ed81525c203ac40d2,0.000164
VirusShare_75a3804518c76fa10d40be04dde6e992,0.0
VirusShare_75a85760d8c1b787758a8a188e29bf46,0.9052
VirusShare_75aa4c6abb4836efdfbcb31f96a2b2c6,8e-06
VirusShare_75bace2cf1e1658686ab8c22c588e445,5e-06
VirusShare_75bfb8ce78043047df174a93e656a6dc,0.9052
VirusShare_75c4babb3aa397dbe39159fd1dd3de1e,0.055366
VirusShare_75c59b11f7a166bb4e20023a621b4bac,0.9052
VirusShare_75c9e8814ac7ef1ab929cc8f274adace,0.9052
VirusShare_75cb096a7f37bd427855a319c512798d,0.00027
VirusShare_75e4fff491a7066c6ed3a4ab14a55b50,4e-06
VirusShare_75eed2ff5a2f26e904239e8f87837a8a,0.18927
VirusShare_75f6fb5b17360e39049c95666f07abab,8e-06
VirusShare_75fa32117a8fee9d2fcd00ae6785e83d,0.897238
VirusShare_75fd825a0781ffda0226c1f64d117ec6,0.9052
VirusShare_7601bac7be1a0bd723f6ef531e348632,8e-06
VirusShare_7604199c1427c73e87973568a72b410a,0.997003
VirusShare_7608f8dc6a1238d84c5d2a2f97a3dd95,5e-06
VirusShare_76148252f5e2b02a19e507f030455ad5,0.000383
VirusShare_7614b1f6eb6a2f5ecbec4da0ba5cb612,0.002988
VirusShare_7615cd77109cbcea0fbab27a67599e00,0.996588
VirusShare_7616ecafba0d4e79b8be7785dbe22385,5e-06
VirusShare_761a4e6fba4be52ff37436dcd597181b,5e-06
VirusShare_7621b24e359f09f3af24a11049324ff7,5e-06
VirusShare_762ee64c54897e4552e0a05e2d68b4b5,0.170837
VirusShare_762fc0d27cce099ae899780f7a8feca9,0.004961
VirusShare_7634c7f8a277a2ef2399be2adcd10a18,0.865158
VirusShare_764197e20b15831bda77eb97f4d42416,0.0
VirusShare_7646c0e11cc557fd591d6d4af61d2fa8,0.9052
VirusShare_766eaa5badb2d85de779cd2bd0e02542,0.950462
VirusShare_7672403b22822296f2e83122a2abfdac,0.9052
VirusShare_767a6c18660b4b2c4ad0a445b5b7efae,8e-06
VirusShare_768b97a4967eae243744cfafac07592b,0.910322
VirusShare_76a447c09d9c980b543f22a987cfe985,0.910322
VirusShare_76a778e81024556562ea8c545bd0f0b5,0.191481
VirusShare_76ba51dfeef2466397972948497f355d,0.99078
VirusShare_76c2aa46d3a83f74e37f4e8586d75f1a,7e-06
VirusShare_76d4a467d35582946d201514f3346c37,0.9052
VirusShare_76d795e5dbb981cd4a162897a4a67f44,0.988224
VirusShare_76fad3569cffe8e8d91bf06b545ec346,0.000892
VirusShare_76fd61ed6f4cde33830858e15dcf4153,4.6e-05
VirusShare_7719365bfbd938dc0aaff23bfb7e8c38,0.005321
VirusShare_7741077375c65d8f6c265e4cd7badf01,0.045001
VirusShare_77493a543848f41d070c3434c4ef3f2a,3e-06
VirusShare_7762ef25f085b0c6619158f8304edd5a,5e-06
VirusShare_776b3686a7632a5a35d46e842649303f,5e-06
VirusShare_776baf3268adf2a9e360aff71339c170,0.9052
VirusShare_778871c06464f008eb116e757ce1fad1,5.2e-05
VirusShare_778ebc2e4b20d945e416b971910b3f31,0.9052
VirusShare_779215d5adbe0370480da6b59320a5bf,0.095778
VirusShare_77a2654205024a080be2a50ef7671814,0.031367
VirusShare_77a48bdf106eda4f69da4d8764c0d62e,0.000119
VirusShare_77abc65711f2317cdf1750ef157fdf19,1e-06
VirusShare_77af5c1009ac22e79d62e1e352283bd4,3.2e-05
VirusShare_77b55be37cbe94459b47b073e92fdeae,0.0
VirusShare_77b73cfd34a5696e6470169b6009e128,0.0
VirusShare_77bcc858f423b78ac8194d983cd04ff1,2.5e-05
VirusShare_77d3dd6d3bbb535b5ca1529ed3f0d31b,0.987291
VirusShare_77ddfa0b150ee982d366498680c532af,5e-06
VirusShare_77e90bbaa10097725d438e946edb3455,0.993204
VirusShare_77f6270ae022a4fafe2dc88a6660e760,5.4e-05
VirusShare_7806e2758235e777e86e1a5a3f61733a,0.9052
VirusShare_7807e29aa6b7152d32c52f668d950683,0.045001
VirusShare_78369cbd09106d1d8b77ed19996d2976,0.919273
VirusShare_7855fa9d4b7095f17dd7cd5110f81114,6.6e-05
VirusShare_78583650c45da80678a6675739bb9354,0.0
VirusShare_785c3827173d25699216f02ea05d402b,0.124328
VirusShare_786c9239c752abd1cf3231786ba0ff6e,5e-06
VirusShare_7878de08528c7b692a2d8f416b4a329e,0.86551
VirusShare_7889e4dc72391458705b21b683c7b6e8,5.4e-05
VirusShare_788e6105de0257275279e3f08bffd265,0.009369
VirusShare_788ef3a0e75a17313a08c71614b6469f,0.9052
VirusShare_788f43443d96a21652e9b674d7baae53,0.004843
VirusShare_78a6c2b85a106f851b158df2606087a3,5e-06
VirusShare_78e3ddfa6fb53e85577e6669ca0d6cc4,7.9e-05
VirusShare_78f0f76091619f4f0e0eedc36d0227ed,5e-06
VirusShare_78f968dc87865e8b141c9f04b41d6c9f,0.9052
VirusShare_790da62e5ec41e3e209d5de5cdfccd8f,2e-06
VirusShare_790efc5233847e8038e5d5587284d38f,0.031367
VirusShare_791c32666f38574e4b777fb27075824e,0.9052
VirusShare_7927b437992a139b4550f599be31e305,0.045001
VirusShare_792b57707fc05952f1187e5ff9e9920f,0.0
VirusShare_793001a54339d51736af9092b683f40e,0.000388
VirusShare_7932b094e4e292439783bafea0a5f299,0.9052
VirusShare_796dac6ac117343d0bd4708a8c3ad214,0.999039
VirusShare_796e3d3ccd618f7bd5c5d4e9ecac25ef,0.9052
VirusShare_796efadf6a505b70cacfff15459fa644,0.045001
VirusShare_798083ec01d19f632b1751176d8d6117,0.993204
VirusShare_7986bca5280756f27bccda9893ff08b0,9.1e-05
VirusShare_79b173a9b615eec8e9fbae087b3d7e25,0.0
VirusShare_79c628be59cc256ddc770f7f303d1e8a,0.950462
VirusShare_79d526476a7efb906f2cbab78674c300,0.9052
VirusShare_79e1f82adc4e01fd67c255874b05a979,7.2e-05
VirusShare_79e27acb718a24342bf83a426448f512,0.882263
VirusShare_79ea9a9b30c63a74bf9781816d147fba,0.0
VirusShare_79f576500b1cccad9153c20e6867113b,0.795175
VirusShare_79f68d45e51195cf59ea545e48abdd5c,0.045001
VirusShare_7a02fbc169e3ca69c51954e6b6b267ca,0.9052
VirusShare_7a03af42f08af653ef8c6258987c827e,2e-06
VirusShare_7a1639800bae02ef923abb24b4c2c718,0.0
VirusShare_7a1d14ef42ba19da91f7d5a6748ad73c,7.2e-05
VirusShare_7a3086406d72433577a559a0e1af5c3c,5e-06
VirusShare_7a388bc18ffdf7ad843055fc5b478967,8e-06
VirusShare_7a43e057b4ecb0249f3c9c743e87e702,1e-05
VirusShare_7a44e29a5de64e4a135ad777ab450c07,2e-06
VirusShare_7a450797d533d9d9601685deb9ad7e6c,5e-06
VirusShare_7a549e0865147bd28ba6d2c022b6c362,0.9052
VirusShare_7a63c8b5502584c7ebd43acc1502c628,0.910322
VirusShare_7a69407f44edaead10f874497fe6d5d4,0.9052
VirusShare_7a74a8e8379724b94af8a0d0aed16583,0.950462
VirusShare_7a77ee7ed053bd2d5bf060b825276670,5e-06
VirusShare_7a7af5166271e0b69e54355761e5f8fb,0.000328
VirusShare_7a898f78eb97b42d86893276d19f0abf,0.933222
VirusShare_7a925cab05e8d69fe5b6e76941952385,5e-06
VirusShare_7a9a159f7b3ca5da1636122ecaa932c7,0.013694
VirusShare_7ab5e68355b4a6f9ed51fbc09e897d0b,0.9052
VirusShare_7ab7ce9b910d3ba506c4e34d217997c8,0.911275
VirusShare_7abab6ded701273ec3b1fd75ddf332bf,0.998655
VirusShare_7ad2027660488f98ddf2aa622bd6de98,5e-06
VirusShare_7ade51f4d6f14b97ed29cd5fa9f643a3,7.7e-05
VirusShare_7ade53fc99e4c7c16f8849ee4abb0ac8,5e-06
VirusShare_7ae748851ad469aabde4b00ffeb99a60,0.9052
VirusShare_7aec56cdbe6c09a274f25d42717ec4ac,0.9052
VirusShare_7af251a5b20eb567b72d9d47456aa7ab,0.9052
VirusShare_7af998205c69e8c5a13ec74d5282643c,0.0
VirusShare_7b1bf54964abae9a68af48243c5d91af,0.997035
VirusShare_7b26d92f684d3e2ef9e498292f5d72a6,0.045001
VirusShare_7b55b4ed573614c4f7ffc23ff78baf18,5e-06
VirusShare_7b5dcffc680dcbd57cdd6cbf31f43004,0.0
VirusShare_7b6103efc73f8bf617d3e4f1a7bbce13,0.9052
VirusShare_7b6fade155ebecda188a8930deffde71,0.9052
VirusShare_7b819643d0fc9fb3b7e1bb4d5ebe8afc,0.031367
VirusShare_7b8bf1e2d6e5b0cc941e27941949fc53,0.9052
VirusShare_7b91816916463d433347fceea8f1d8bb,0.9052
VirusShare_7b9954d1530c414818b3a547e1c53966,0.001437
VirusShare_7b9c71d69f9a75dd551e9958622948a6,0.214505
VirusShare_7bc6e01b410c91f522bb8e838a512b15,0.0
VirusShare_7bda5add0d4ba2c5b1810e9f44a6c6fb,0.992032
VirusShare_7bdb05ee7936285ccb402116908d0b8c,0.045001
VirusShare_7be554abc5972da3569a2fa87613aeec,0.910322
VirusShare_7be9e7569aea9bf2f2a91eecba207f4a,0.055366
VirusShare_7bf57b87c63a7638f22e84e4e6e3a761,0.910322
VirusShare_7c00a059f75f8cc75bef198bcd6b5cc3,0.882263
VirusShare_7c0be4fbb7feaeed1b9959667df324fe,0.9052
VirusShare_7c12f4c53e04c29893c27747dba22ba2,0.997035
VirusShare_7c1a10b0ec4e2b435122f9a0e440cf04,0.031367
VirusShare_7c2178ae4466437c2f928ba271078203,0.9052
VirusShare_7c279c2ca8dbb94a9dc3e91172f6d9e8,0.000785
VirusShare_7c2be69cb9a4a21dfed738c9a18cab9c,0.9052
VirusShare_7c42a783e8f55b6c12a9e5ac2e6b02b9,0.055366
VirusShare_7c4709481fe4c9732acbe7a9447fd525,0.031367
VirusShare_7c48a4efe489f9077a6897364d88a709,3e-06
VirusShare_7c56798afd6be357c861db689c9fd6d0,3e-06
VirusShare_7c64cbc5c27acc66d784a9c733cfcc30,0.9052
VirusShare_7c67c57b181048843e6755bebdd7fc44,0.950462
VirusShare_7c7797c1a6aa70355ae5cd2268357fba,3.2e-05
VirusShare_7c7a766ddd642faac635a63000a30685,0.0
VirusShare_7c7a99b6b28125c485a7bdcf82082925,0.9052
VirusShare_7ca8beee78a3984b5cb647421fb2af8b,0.9052
VirusShare_7cbfcc8c561ee01208adce22681719be,3e-06
VirusShare_7cc71002dc1f8c9fae47187efa3a75dd,5e-06
VirusShare_7cd5527850d03754a654873bd5e59500,1e-05
VirusShare_7ce4c72f2446e53e3abacfed846f0800,0.9052
VirusShare_7cede8dcc9a492af7f11d54c94a0c4fb,5e-06
VirusShare_7cf1004c44ecb0cc8ead57008d3e3029,0.882263
VirusShare_7d020f1e4634668ec88b1ed7277f082b,0.985988
VirusShare_7d06ff22ac06355b221c5012dca29f51,6.3e-05
VirusShare_7d0703dca9f029d32e61fe6cb23309fb,0.9052
VirusShare_7d0c35e13523fe5a9bf14811d582465c,0.002284
VirusShare_7d19b91f3a43500710a597ab86539af7,5e-06
VirusShare_7d302b4c662b9ff1fe7af046d023dd19,0.9052
VirusShare_7d30a93a5ccfa2f9715f4f42e6f6ae9b,2.9e-05
VirusShare_7d4d9a09ab5da545e7e720cde14d1e33,0.045001
VirusShare_7d515d602379e44c34b956c91602d38e,0.9052
VirusShare_7d5d782c59cb105c0171e9fccb8f5026,0.922534
VirusShare_7d6b2d6c63201bd3817345c05fb25f7e,0.815636
VirusShare_7d7e12312c3830fb3081e39120712912,0.099847
VirusShare_7d97d2027e21207d3417889bee9747c5,0.9052
VirusShare_7da2901860c5144d581985b6e3ef1d5f,0.0
VirusShare_7da2d9a4af716ed03f5188b29656aa2a,8e-06
VirusShare_7daf85cd6528448f9079cd22f2bbb4b8,0.0
VirusShare_7db34667de70414c2ff9640f04b7a374,0.013694
VirusShare_7dd2a83d2e5905fbcd0322ef7c596d9a,5e-06
VirusShare_7dd7a527b047049e6e698fc564c71cb7,5e-06
VirusShare_7de3892afdca5c60c2717790948b4e29,0.0
VirusShare_7de8e0ddedb6a4cac0f5f533e67ac8d0,0.9052
VirusShare_7df00bac73d3f911a1f53152aafd1e44,0.919273
VirusShare_7df344da78bfffb9a13d67cd6feabb86,7.2e-05
VirusShare_7df3d05dc82341af50329d6e9c742c58,0.9052
VirusShare_7e1493f962fe0c4d89bca0fca7911f2a,0.045001
VirusShare_7e25964782b0768a791082e2c155d71f,5e-06
VirusShare_7e3733aca4c4206e18c3615284f731fb,0.000984
VirusShare_7e3ddf479714597afbd4fa357173e1e6,5e-06
VirusShare_7e43721fe4fc4a9234e8a9fc9d99af26,5e-06
VirusShare_7e4689a2c8aa3f3a4f76676ab5bc2467,5e-06
VirusShare_7e4c1ba5e9b081e22bb4c356930d4c75,3e-06
VirusShare_7e5596eb0db79289293144614afbcb9d,0.906553
VirusShare_7e90b31422ac71434c5dc5eb18e69a04,0.881229
VirusShare_7e94736751f6ace91c448a29fb79e06f,0.925401
VirusShare_7e9f4c0c651038d938104b3ebb7b4d0e,5e-06
VirusShare_7ea73363c783b6e899e736a81a417ff2,0.045001
VirusShare_7eac5c8482623a14cc7f5dc32db0fe79,5e-06
VirusShare_7eb52be41f31d7a18c6ced3118a102f5,5e-06
VirusShare_7eb7b0c28fe216833dff101a33a6d174,0.9052
VirusShare_7ec0a7b9a6a713f804ea6bca341516ff,0.9052
VirusShare_7ec88fbac771524c6247d1ba7b214a7a,0.006014
VirusShare_7ecad52d0d027816ee6f3c012c94b1bf,0.0
VirusShare_7ecb039e0f11d88d13074c39c24bc8b5,0.0
VirusShare_7ed8647f871faa1b943c7b3e8376614c,5e-06
VirusShare_7f117aaf55b45d0a3246b5ae43edc751,0.910322
VirusShare_7f1c758ede2fac0de06aefe4dec3fd7d,5e-06
VirusShare_7f2608799c7439733f1833f24c887a44,0.9052
VirusShare_7f2b4d0e11fd512e774fcb9d4de8b556,3e-06
VirusShare_7f32133e83de50ccf9f7f758ef9515e9,0.045001
VirusShare_7f3d2233c46cb53d22612ab65ce3749d,5e-06
VirusShare_7f56b6143e7b5edf233fb2fbf720b036,0.922534
VirusShare_7f56c99b380e3e94d650890d698ee5f1,0.897238
VirusShare_7f5ca7eec27eb2a7a569c1248aa6aff6,0.045001
VirusShare_7f71e23cf7e693f96f15c954efdc58d5,0.00033
VirusShare_7f77ee414e2f27f8528bb6a2242a5075,0.392506
VirusShare_7f7fe1c635e6213be006583bbd09b345,0.910322
VirusShare_7f844a63e799011b0b755c8b227b1464,0.9052
VirusShare_7f9570ef8a4dbc9f7c98a614f97fed3c,6e-06
VirusShare_7f969262e3a1cdd5431ed2cda336cc07,1.7e-05
VirusShare_7f99987a3748d8a2db42ba0d09c5c08c,0.9052
VirusShare_7fb089d7c116ab897948542db8c0ef9f,0.436475
VirusShare_7fcf02a720c68d76107b5edc43c56989,0.99078
VirusShare_7fdb599ffc6938b6acafd7f69b92a4aa,0.919273
VirusShare_7fde8d031e3522a954d1fa7216fa8ad9,0.925401
VirusShare_8000816ac19fcaf8dbc1bc6577a84f48,5.4e-05
VirusShare_8003a2a9641123066fdec5628ae15ff8,0.0
VirusShare_8022273d7fc354ed5dd752593476f735,0.910322
VirusShare_8035685876ce8f5d0517a7d9359f0c40,0.950462
VirusShare_803db5c62b4aa46029bdf5c2dcc64567,5e-06
VirusShare_804f3b489198d677b46222a2a276c55d,8e-06
VirusShare_8054bab437be9b881d2611bc4a918090,5e-06
VirusShare_805e0b3d823b2afcf58ac8672b87ac5b,0.005661
VirusShare_805f21ec5bbd4a18311fd5a89e1347f6,0.031367
VirusShare_807368939f2561d01b0f94450794be13,5e-06
VirusShare_8088aa46145340072b02d4d625270d97,0.031367
VirusShare_8092076dcaf809c74c4833c0b758dff0,0.9052
VirusShare_80952539cc5c635ba06fef434a04d096,0.882263
VirusShare_80ce4712f23d238552df62264359f5d5,0.045001
VirusShare_80ee353884779a0484a8c2f1a4d09e10,0.879604
VirusShare_80f6fb1a6ef65d05b0b141d9bb19129a,0.000339
VirusShare_80fdb1d3cffee8887831b19021c7cc5c,0.013694
VirusShare_810a96cdcb9d58ed29e1de50d248bdfc,0.392506
VirusShare_8120369e50f5faae74feb95c5295e91c,0.993204
VirusShare_81213c7254f2b4e837c644ef90e938cf,0.9052
VirusShare_81237956d034215f98a95e53d865e6cf,0.986896
VirusShare_813eb13d2d82e6228a12eaabfaf559b3,0.126899
VirusShare_8144cfc444f0d9ebbe0f07f1c9a216fe,0.045001
VirusShare_81675b9847381a4653a77327f11ce6d1,0.002015
VirusShare_8170ba77f50e7ea9a0c8fdd6cebea6eb,0.9052
VirusShare_817112d8228538bc7d89a8b92bf644a4,0.203153
VirusShare_81763c7fd9aadd07cd8ceb04d77f8589,0.993204
VirusShare_8178d035b2fd9268739087374ea3b048,0.000169
VirusShare_81858155ce6452968f5868c0d07acf7c,0.031367
VirusShare_8187f6e4b5c8891f4a027d99b1e96017,5e-06
VirusShare_8188960a92540b625ed17863fa173a89,0.9052
VirusShare_81b169e4dd7e668dac4da130ab5b9748,0.9052
VirusShare_81bb409903d948f77d109a8e55bcf93d,0.781929
VirusShare_81becee6af9a32e4a2878c7e07bdd57d,0.099847
VirusShare_81c1593f7f263224d21ca0c140411932,0.0
VirusShare_81c639926ad9c8cff17ecb58a4c88de0,0.9052
VirusShare_81c8dd47b149053adc9184be19c54f1d,0.105136
VirusShare_81dc3216ddec055fdd860ac5d621990f,5e-06
VirusShare_81e96ccd5959ef1d843cddc693f4c2da,1.3e-05
VirusShare_81ec6184ed3767cb157f41ea60887d9e,0.002988
VirusShare_81f3fbc15c30c7fbad95c92103f61372,3.8e-05
VirusShare_820434be2def6354f3d5170135b19840,0.000388
VirusShare_8211bb5e8acdff620063db2a9c3a2bc7,0.9052
VirusShare_821b4bf08751a6daac0e8b4a39daf9a6,0.9052
VirusShare_821b8ed204377be015ac3f8c8de1102c,0.000461
VirusShare_822c0def5a7cbeab4714e0596a075607,5e-06
VirusShare_822d15debf6ef625326fbffe895ecca1,0.045001
VirusShare_82398bb9e754a7d13f232118d7e1ec8f,0.0
VirusShare_824a5dd8a86af1d9baae668ce21ed9ac,0.055366
VirusShare_82713afde9c8cb229103b1eaefc560c6,0.9052
VirusShare_82868bcc040a6552ddf72ee9e0034440,5e-06
VirusShare_82917d6b06315c4fdc1128b1f793bbf5,0.910322
VirusShare_8294af7eb6232d5d7db1bafb0d55e799,5e-06
VirusShare_82a46c12385562f19a07a37e9f08c94f,0.013694
VirusShare_82a8bb5dd1c456ed597e0a70ed7eb542,0.50139
VirusShare_82b20aafb19b5ad2f04d6fea583fe46d,0.001072
VirusShare_82b60f2d611ce1f530e3a3597764b049,0.031367
VirusShare_82c1911cac55a8a49c031fceda8fba30,8e-06
VirusShare_82d30d88296155fa5f9aedb6260faac4,0.910322
VirusShare_82db1232e246ae7a165811cd861c3bbb,3e-06
VirusShare_82ed75d57e4f96c91d3d838e4ea45c83,0.068246
VirusShare_82f0297309690ff67d2f1c53e73d7532,0.013694
VirusShare_82fa5a0db59cacafc43b25f09dfaaacb,0.099847
VirusShare_8309f7ad50abd4a219c1e862ed3a5341,0.910322
VirusShare_83116231679b989542ec5e7bbda387cd,0.528768
VirusShare_833f140ed4fb9419c10ea66d384ebeb3,5e-06
VirusShare_83485e795f87b2ed74539bd769b3e11e,2e-06
VirusShare_834db5191b27eb4bcd641082aecf4ea0,0.737906
VirusShare_835080bf33fb3bc0b77d0d4aa296ac1d,0.9052
VirusShare_836dd65f8206612521a583a08109ead1,0.99078
VirusShare_836fddd92cf0865ff4aa935c1880ff50,0.018149
VirusShare_8370cd58844abd13fc7a113aabcec32c,0.045
VirusShare_83755fd130c6c7932c609ff79d25c41d,0.9052
VirusShare_8377090620f165f0c6a7abe3edde5fa4,0.000167
VirusShare_837c9d9d183a24e546bb1b95d17cdf36,0.9052
VirusShare_8386452feaa5a90a75f26a2e6b716c97,0.9052
VirusShare_838ef5da382ead223c03ae8a4e4a2716,0.969126
VirusShare_8397ac0fb7fcd733f9c9909fbe360c5a,0.038868
VirusShare_83acb115bdb389fd54224ebcdea40b5a,0.998678
VirusShare_83c240334d59ab179ce55d8700b2dd60,0.214505
VirusShare_83c856f417e85b4fb451e20030ead040,0.9052
VirusShare_83cb44df2bce02496d30ff48e7cbaf37,0.9052
VirusShare_83d8dd56a6d10e4cca77e820b2a07638,0.059046
VirusShare_83dcae223e8ed57015a19c4038e29a4b,0.9052
VirusShare_83e01d0d40a357d44e0ead9ca8bcdf7a,5e-06
VirusShare_83e7cf60ff881764345665b57e1ba542,4e-06
VirusShare_8402119af194223bcd594f0069ebfbd0,0.195392
VirusShare_8403f2efe8992e862d16b555fb6f32ca,0.045001
VirusShare_840eb0664fe0d3fa68c8f16e0b1d970e,0.000243
VirusShare_840f92032c45c98623043ca0bbb37edb,0.9052
VirusShare_84243049d06d0be786f560fe95392bc2,0.85157
VirusShare_84249000b4b29f797de4c662eb539df1,3.2e-05
VirusShare_843133a733302ae0ab52aaa20569c2d3,0.002988
VirusShare_8433594f8de7625c5f4d74be1b7293a5,0.9052
VirusShare_843b05b31229171651f06a8e6c92a2de,0.001932
VirusShare_8440f7d8a70fc8e7ff978e7f887d8fdb,0.471609
VirusShare_8459eae3dbbd64936de78c67cae97048,0.739316
VirusShare_846a5f343b72d406f59d78a8fd62c4a1,0.031367
VirusShare_8477d4d6ffa7c540f50d7db2a998f658,0.998655
VirusShare_8481a7eb74e905c2d712189f548e3f28,5e-06
VirusShare_8482f0ac18fe25e2fbec881bce7c0cd0,0.045001
VirusShare_84890393814f5b5f09d7f41d6f0a90d6,0.931206
VirusShare_848b98ff06fd1e953d3c750c348b5c5b,0.865509
VirusShare_84a971ca70d141471c685f32f83be99b,0.993204
VirusShare_84c3c4585a7ac516e6caf55c70fc81d3,0.045001
VirusShare_84c70aecae8865d90ba2474aea3066e0,0.031367
VirusShare_84c7ce2c442d4ff5cf6b353a30a46472,0.9052
VirusShare_84d1998b8d172c5e6ee0c2e639c2de2c,0.0
VirusShare_84e1213c2945bddb57c3b0d4638d39f2,0.9052
VirusShare_85346963936a55d1ba2e7060f87111fa,1.9e-05
VirusShare_85386de717d8c8357d2220a0ac97f049,0.000556
VirusShare_854eec0263ca4d5ebfe719e3b71c898e,0.002988
VirusShare_856e52230bcee05d094b6a5790886d21,0.045001
VirusShare_861a7beb27402bb32452e6cb998ea25b,5e-06
VirusShare_86243037c9e6060d733bc9069a667355,0.9052
VirusShare_862a80ed79f1c6e07079100abca7fd12,0.013694
VirusShare_8645fb55a6b926046577d9a6ca2a410e,0.099847
VirusShare_864834b04458cd1d9962be39ff55aee3,1.8e-05
VirusShare_865851fe0ce54303fde949a5d7593112,8e-06
VirusShare_865f54606c9b22cdd9708893d348362b,0.0
VirusShare_868fe4f1b5c09670817b3f5ac7eca917,0.0
VirusShare_869d86f69fdd0ebf0da29293b47973b9,5e-06
VirusShare_86ae43e76fd1ebd8aa409f6da248349f,0.9052
VirusShare_86aed8ae6c881174d372dde588747c15,0.795175
VirusShare_86b9aaa399ec6aa5a99f539922c860c1,0.668346
VirusShare_86be0e9f4943a5e8711cf12963a19276,0.060891
VirusShare_86c189dbb8a3eb7b53c8fe95f60c9823,0.9052
VirusShare_86cc10ac493ff1180a981077d8d8c219,0.9052
VirusShare_86e11a5d63b29d6f7090645b40562a96,0.9052
VirusShare_86f47179bad456ed1cb4ac7118ee36a9,0.055366
VirusShare_871626ea692078961fef0dd39420dbfe,0.031367
VirusShare_8723bff73e6df0fd7302b71d1fc5d276,0.950462
VirusShare_8727151b439d801e9105af1e31b32af1,5e-06
VirusShare_8752ba0fb7b03a8d2f2c593d6b839389,0.006927
VirusShare_875783ab6e46867cd648deda191a4828,0.985741
VirusShare_875c34baceede8781ef8665c6c23fe87,1e-06
VirusShare_8778f82590b4f6fa3fa48db52d997367,0.0
VirusShare_877afd19be4d61bdc314211867dab667,0.9052
VirusShare_87812072e22229f5238719173eb11d49,5e-06
VirusShare_8781de21edc4923586d2573367e61a64,5.4e-05
VirusShare_8786877f133a44330f68f4b1c5526774,0.9052
VirusShare_8787b40d953ca7d157071b9ec41d9c66,0.00027
VirusShare_878b98fd51725c6925ec2bf1122c78a5,0.031367
VirusShare_8790b793abe9e52fe806293952d3a301,0.099847
VirusShare_87922366d4c5409eb1ca8e684a445e5e,5e-06
VirusShare_87a5fb2d324b6f93b330fa094c40f42a,5e-06
VirusShare_87b5683f8feef2792b6410285fc47604,0.9052
VirusShare_87ba39d7ab41314adffc9fe521b49ef9,1.3e-05
VirusShare_87bc60baa7755c9f81d2bc5e8ecb908d,0.0
VirusShare_87c3a7ee63cbad6e46501f83cf9011e6,0.9052
VirusShare_87d34e2735d7bb57722cd8dfa5c70ecb,0.0
VirusShare_87ea8f1f8727b6b6278ebbe148f20cf4,5e-06
VirusShare_87eaf345538203eec98ef5eb3f5fb4e2,0.000786
VirusShare_87f0661620acb2bcd79ac9dec1c33c7b,5e-06
VirusShare_87fa77a8ced378ccb1fa67be7ef248cc,0.993204
VirusShare_87fc19135176558d7d50ee630334d8da,1.1e-05
VirusShare_880705fc476fc4df1d3ce3b7de6f3aca,0.9052
VirusShare_883ee53ef485a2f22641120baba6eccf,0.0
VirusShare_88512d27456710b47ef92677af15aa68,0.9052
VirusShare_88825ee6953951f2143a38be03fd61b7,0.000131
VirusShare_888f9d8ba12c3e0e31b701bb4e5c7af0,5e-06
VirusShare_88966545036aedbae3d3653a49089a40,0.0
VirusShare_8897ed2c3086f8409338fff70f343a2e,0.996588
VirusShare_8899819816794754ce61d0080e2fe1cf,0.000328
VirusShare_88a871d4b447bb4d89dfebefb227e844,0.00027
VirusShare_88b4d9e3c498b176e9765b8a82215d45,3.2e-05
VirusShare_88bcd751f3e76edfb93649ebae8895ae,5e-06
VirusShare_88c1716fbd5de56d344547cc1a124ba9,0.897238
VirusShare_88d0140c8e15e7bc5e8b1db11863fbc5,5e-06
VirusShare_88e3927d6c62f3f4e482b54e25100309,0.045001
VirusShare_88fc23e21fba5db2682187733025d61e,0.068512
VirusShare_8910a616c9e3ad6656414882a37e86f8,0.031367
VirusShare_8910b2027972c981e85da40f9869b5c2,1.9e-05
VirusShare_89171df9b627e3da441e129841cf3970,0.045001
VirusShare_8927033f536241bc5f4de645e11c6f99,5e-06
VirusShare_892ca4a30f4bf7a848d880ab4a3798a2,0.910322
VirusShare_894048e26536e6704f511e336058eb6d,0.045001
VirusShare_894051f9539f179bc8b7bac99aa8b225,7.7e-05
VirusShare_894b8a438725e5ad07351eacd6bfaed2,0.99349
VirusShare_894ea7417737953d42012b50e0991031,0.9052
VirusShare_894ec088da84c7081be97afbc1d338f4,0.002988
VirusShare_89515f16b7581063437bdd690c656593,0.045001
VirusShare_8953190e41bddf9e404fd39162821192,0.002472
VirusShare_89638966fc753ab17ba488b493549ff9,5e-06
VirusShare_896a4c6bf32ea7fe64c6821265005ba9,0.220839
VirusShare_896b6581ce0af751a5d605753fdce119,0.031367
VirusShare_8975129542dedfe577fc21f511f2fa75,3.2e-05
VirusShare_899f151708fa0bdc26f86567af363b81,0.219799
VirusShare_89ae72ec7325328963b8638a97d6921b,0.910322
VirusShare_89af6c27470b5f5f036387e0e40b4440,0.099847
VirusShare_89b0430fd9cd0788f850b06871b7a7fe,0.0
VirusShare_89c185747d51baea0377f40ab0ebd311,0.002988
VirusShare_89c6f81d9c328538903ddfc37fe0a614,0.9052
VirusShare_89d042c39c30b95e4219a788ee8e218b,0.031367
VirusShare_89d82239648acb77974eb6e5d85009be,0.0
VirusShare_89e1c2d3bb4e5eb658055234d50d5f8f,0.0
VirusShare_89e366605952e1b9ebf5ddb613789a5e,0.739316
VirusShare_8a07efe5dd603f17172df874295d962d,2e-05
VirusShare_8a08ce62fc3f1a6a275e8d9f3e9ef7b3,5e-06
VirusShare_8a0dd1dfc1a1a04a3fd6864e62234fc5,0.9676
VirusShare_8a10792a3cc8072bde3823e47606713b,0.910322
VirusShare_8a14dd69c190922e24e70e1d89db132e,0.045001
VirusShare_8a24a6eb8d0e08b82ab6b4a720789d05,0.9052
VirusShare_8a28fdbbe1dfe2ee60db0030b029a152,0.045001
VirusShare_8a3216482035ebf9d4f25b0e16fa3535,0.045001
VirusShare_8a336cf10a452db73135b83f31e1704d,5e-06
VirusShare_8a3551f762b5ac9a39c08a38cd384d55,0.9052
VirusShare_8a3d14aecbaa5c3984c3dabc648c6824,0.910322
VirusShare_8a8e611e71aaee1408a9c5f65d9b9c29,0.000508
VirusShare_8a91904675fe969900225f3dc9e16f62,0.0
VirusShare_8a9362928e08225a7aeaa7498d6382f7,0.987602
VirusShare_8a93c1e1e136dda0d3da16cc7515a08d,0.9052
VirusShare_8a959527a41298ceb0b6f211a6e2bb3d,0.9052
VirusShare_8aa98fd9be3ee5644d542eb1f2eeebaf,5e-06
VirusShare_8ab025e4be9bb12710d66033df0f2398,0.000284
VirusShare_8ab57e336a39144b1c375973d644f558,1e-06
VirusShare_8abe2ec905753769c490fb953db3ade1,0.0
VirusShare_8aca4f280c693f97cba63839bbc51153,5.4e-05
VirusShare_8acab8ffc520416fec0ef054f9b0c81f,0.910322
VirusShare_8acbc2bec5b76c0955c3e26ab6769ee9,0.0
VirusShare_8ad00f8f0fb2177c4bb67c31b7a4a24c,0.9052
VirusShare_8add7164b5db4cf31d515f11eb69c4f2,0.910322
VirusShare_8adf66ebfc387f38015679db2d56ed59,0.045001
VirusShare_8ae50ca6a7fd34d882994ec7c87e3a6c,0.9052
VirusShare_8af5d240ecffd0f96538232790f34af7,0.045001
VirusShare_8af9f8635639e4cead9415b87dfce1c9,0.9052
VirusShare_8afa6de83c23e17a7864560ef7d6dc69,0.0
VirusShare_8afbc044c05f55da939343f4dc352ca8,3.2e-05
VirusShare_8aff1edc784531ab382ef74e01053573,0.9052
VirusShare_8aff8a84d765f617f1907229275048f3,0.031367
VirusShare_8b170a9353ddcb1d8214fb7daeb817f2,0.882263
VirusShare_8b23dda4c630f2c8a3060f0c54423a6b,0.031367
VirusShare_8b3410cf05c84abc38d110035c16287c,0.897238
VirusShare_8b3ef30c0daeb4cd4d85c91785ee2626,5e-06
VirusShare_8b449a89c9260e566a297c92e6e92ee7,0.910322
VirusShare_8b4d10ca536cbcc49a720d822da2bf60,0.9052
VirusShare_8b5d96760226dbd8415cf29b3f3f7093,0.099847
VirusShare_8b68a13a4b930d27e1d638113e20f023,3e-06
VirusShare_8b73bac9f57242abb06818001a8b2e4c,0.9052
VirusShare_8b7dd3309407a7018b5925a93e38d91e,0.996933
VirusShare_8b80ed691880a8f746749811d75e7090,0.0
VirusShare_8b89147fb5e79aa362b196b084dad8aa,0.099847
VirusShare_8b93a86de4eefdd1a7812ad6ed5064e4,0.9052
VirusShare_8b949eedc450ca4607b661830103f7fa,0.001501
VirusShare_8ba6f7d6931a09033e873b02ea859beb,5e-06
VirusShare_8ba84e1cdfee8f0a9f7390dd3251f53d,0.9052
VirusShare_8baf8e2dd6e1ba00e991770b84ad155c,0.9052
VirusShare_8bbd461523fe971b0a2b5f6cd011309d,5e-06
VirusShare_8bc72dffea015ab5d329bb4a7d95dafa,0.045001
VirusShare_8bd6aa41bce13caf80cb952eacf08e63,0.9052
VirusShare_8bde0fd288590b134304526283ad7c39,0.882263
VirusShare_8bdebc6211c17b69ae41d48a8e18effa,0.099847
VirusShare_8bef6d966276ff37b58faada5cdeda7e,0.993204
VirusShare_8bfc4f9af833cee668c05a019e36c58b,0.993204
VirusShare_8bfd0df4e0f41c28ade92b800438cbce,5e-06
VirusShare_8c06361a34feb73c3549ff2736460d59,0.9052
VirusShare_8c0984f03030f24044bef59b9f7f4dae,5e-06
VirusShare_8c1a45a7b6cc79d94e2e2fb98979fdc3,0.002988
VirusShare_8c455ed7b8cf4ec664ee83b8fc98bf7f,5e-06
VirusShare_8c4d0f5e8c20ec4bbaf657578e257997,5e-06
VirusShare_8c518964a29cde8b5a12e7b3ecd3b48b,0.013694
VirusShare_8c56cb9c08db79c2c550bd4dd9c23362,5e-06
VirusShare_8c6ed5fd932881750d327b06eacd1fe0,0.031367
VirusShare_8c78248f915762eab0803ed246878a8a,0.002472
VirusShare_8c81cc0309d24f802d5cc920b79f726f,5e-06
VirusShare_8c873ac0111f1493f08733c5d6370524,0.045001
VirusShare_8ca75afe181f3cb441d9e134d58316f1,0.008815
VirusShare_8caf0b4b4af51ae668a6c20b214ed809,0.0
VirusShare_8cce43254fe51a06dd75baefc7735a16,0.045001
VirusShare_8cdb316ee54afa0413815078486fc98e,4e-06
VirusShare_8cdc581447850eae2f261e3632229b04,0.0
VirusShare_8cdda2aad4541d26d7de910d7801fd6f,0.9052
VirusShare_8ce3703cdda81e0f36b109f202bb7f43,0.9052
VirusShare_8cf11ceab7c0ae9c50157930f8c30773,0.000722
VirusShare_8cfe9013bd6aa32f62f33e6c1b8bf59c,0.993472
VirusShare_8d0e779b871ec65dc5630bd8357b55c4,0.007407
VirusShare_8d0ef3e54bc6c71cbc884b109cf2b24c,0.013694
VirusShare_8d3fa6a724b29626313d01e11144e43c,0.013694
VirusShare_8d455b5b2cc4d53540f5af9b0ee368a3,0.9052
VirusShare_8d4763cc8bb88cc4373649d9ab26c6f7,0.9052
VirusShare_8d6c19c1f181eb938626f23aab1e42b8,0.031367
VirusShare_8d8152b7006aad300603b0e56a037148,0.000525
VirusShare_8d93203a90fe5d0abe5805d17623fabd,0.045001
VirusShare_8d961b0db38d07859344b22ff2d55949,5e-06
VirusShare_8d969b5c844dc35bc955d42c518f9fe4,0.013694
VirusShare_8d9ba0477614e647105b238cd13cf5cd,0.0
VirusShare_8d9f674b366aa9d8124189a52d480523,0.031367
VirusShare_8da0d41428a5f2d1c69c28106f390dfd,0.067578
VirusShare_8da7ef5720acaf36df1079e6e3d3baf7,4e-06
VirusShare_8db34acd519cb7a0bf26f28e567e49f2,3e-06
VirusShare_8db91c2f3874731c9023de338235a0d1,0.000525
VirusShare_8dc5fbf9f5b9dbc0e3f9b9ca3547c608,0.045001
VirusShare_8dced1de6eed3d80a1bcc31416af1875,5e-06
VirusShare_8ddf71a6e376e0117ecda87ca34ab156,0.9052
VirusShare_8dfae7fcfde366f506b9bdc7ecad04db,0.031367
VirusShare_8e0ef47364ba317a2e92cb4592ab0f0e,5e-06
VirusShare_8e1c6d225faed6b9d5f1773605a84e7c,0.045001
VirusShare_8e3407612251e64bfa1987a1659dd277,0.9052
VirusShare_8e3b6f2cd2c0220a12c35d2b0208edad,2e-05
VirusShare_8e5dec889d3e3417b50f3f830d9712bc,3e-06
VirusShare_8e5e254375953505887a2f9a95c645e0,0.031367
VirusShare_8e668019782d0344073284622f85da1a,0.9052
VirusShare_8e7121f0d0c26382e40e41ed92ab457d,0.0
VirusShare_8e76bf34144bf86f360e3ed65cee82b2,0.996528
VirusShare_8e8547bac56a0315255eb16e5d68d4d1,7.9e-05
VirusShare_8e876cea6f7eca3a8e4af198ade67872,0.0
VirusShare_8e89e8817eabb8a26b09b53f20322268,0.045001
VirusShare_8ed83bc9a58d078c50e09ccf01cbad50,0.0
VirusShare_8ef30ca7263dd165cdea8a8442a97115,0.910322
VirusShare_8ef35848e2588250038ec1818da36113,0.996588
VirusShare_8efe5d51f502e2acc06e37bae8f1c2c4,0.0
VirusShare_8f0128aca4f066df03655993b495fc52,4e-06
VirusShare_8f0b4d86b1a184f2c0a69ffda3349023,5e-06
VirusShare_8f13e15444079592cc333335c9e47280,5e-06
VirusShare_8f14cdcb3d1be98a288c8a0a4d77f94d,0.910322
VirusShare_8f27f4dc10f8be1ee64d9cd35dbdaff3,0.9052
VirusShare_8f329c1920379fe23b23e28ae0237d98,0.031367
VirusShare_8f33f94e8a5c67dbaf6782b474331ca2,0.55074
VirusShare_8f3b491c7deb514bdef80748497ac84f,0.013694
VirusShare_8f50bb0111078637f13a4aec36a4c44a,5e-06
VirusShare_8f525b6efd48e6d053909256efa06842,0.00034
VirusShare_8f89afbb2766a9f438549ff3abb693e2,0.998655
VirusShare_8f8df01e4adaf4304431392f2f541adb,0.000508
VirusShare_8f9a4b0e236a95a6a5e46036481f4a23,0.950462
VirusShare_8fb32f505b4ab89e434573d1df52fa88,0.910322
VirusShare_8fba254609aaa13ea58d052f815d8cbb,0.126899
VirusShare_8fcfcc75a4149ad934afea5405551d51,2.9e-05
VirusShare_8fe1bfadf67024376b0587dc613123ac,0.0
VirusShare_8fe2efd6335091e17217589a5af4a63a,0.993204
VirusShare_8fe65baece35c519515ad25fdc33d50f,0.9052
VirusShare_8fff7f12a94018b56b86eb04ae3f8bd4,0.9052
VirusShare_90091c8c9c69b12fe47cee45e5090bf9,0.001838
VirusShare_90149067eecc2f28555ea1139762b491,0.001331
VirusShare_901a220e5df678447748e6cbeeb0677e,0.126899
VirusShare_902c3b5ad2a66c9c4c918787bcaf4d94,5e-06
VirusShare_903a4324105f0a04098bdb2bc30fb1ee,4e-06
VirusShare_904c5622ef91dadf8b5b173a6319a5ac,0.996588
VirusShare_904daa6d06fd283e9048103da261c533,0.9052
VirusShare_904dc8d3e059143087de550351779bf0,8.4e-05
VirusShare_905fe40aeef8e12091f3a9dcf57da029,5e-06
VirusShare_90630c54dabce5ffb1385fbf627fb5f5,5e-06
VirusShare_9068ff94adf1363df3e824039054e993,0.882263
VirusShare_9081186e837d36f7aeb544155e6b06b8,0.9052
VirusShare_90a28613f29c1c0643f03203b88acbc9,3e-06
VirusShare_90a98590ecf219cc51ac2e1bd57c94e1,0.0
VirusShare_90adce680b70b97baa79a33f848a6c2b,8e-06
VirusShare_90aff3e657c6e30ae7799308e725baf2,0.9052
VirusShare_90b9b071a36a0ca5ab549edeaf4a8cfe,0.045001
VirusShare_90c21b9996b459b0be239e072e29871a,0.031367
VirusShare_90f3d6f644e72f935b574f5d91b5b0ec,0.014753
VirusShare_90f5858c0bbcf8eca7431dc37b6944e6,5e-06
VirusShare_90fbc50ac1f1952213de4994a1aa7c0a,0.950462
VirusShare_91010a90e4e770cc69621fe85745e4cb,0.0
VirusShare_9114e653530dcf312e951e7c15b988f3,0.993556
VirusShare_913acec2562f1d2b602b630c1dad91cb,0.910322
VirusShare_91464a6b3084f4919b937ff0d952fdfd,0.045001
VirusShare_915627dcda6a915bfe5455ded88ea1c0,0.045001
VirusShare_9166d5f7c93abfae5376913b5022ef13,5e-06
VirusShare_916a6f1bb094aaac72113f36853d2dae,0.230331
VirusShare_916b5a2cbda5c303c9197759eda9af15,0.897238
VirusShare_916dc363f569e86852f17780387bef85,0.000328
VirusShare_9172ef8e581384d8c1d5849035f801df,0.882263
VirusShare_9177ec8a90c04b11e74aca76ca3df94b,0.0
VirusShare_918428f4a3175d531c0cdb734a300b81,0.844981
VirusShare_918d035fe8f36997bb60a16476a4497c,3e-06
VirusShare_9190e163c94f8055094112c40039f4d3,0.025569
VirusShare_9196a816eb70ae716d57a519391dccd9,0.000167
VirusShare_919947ee60da2aa8c2e5127c0fdc5ae1,9e-06
VirusShare_91a479975604f60479024148a81dc187,0.9052
VirusShare_91a5896a4cc4c97012ea74f2bed89e4a,0.025159
VirusShare_91a6ccc40e735d5eb0b0051b9dc5c14e,5e-06
VirusShare_91a8b9bbf9a8c63bec1eb37dfbe36bf8,5e-06
VirusShare_91b5dd9c7a7923d1106935a06cad3ec4,0.013695
VirusShare_91bf0ee9195a7b21e5d8de66072bad70,0.037806
VirusShare_91bfee0d3099e4f82806186ef2083fc6,5e-06
VirusShare_91c92be532c508728d1bb47d92c57df5,0.457232
VirusShare_91e00dfab0a4c96a3eb89ea38eff74c4,0.011126
VirusShare_921d8908bbf608ca18f8da5ea0e0bb8e,0.910322
VirusShare_921def442406cc5a17a53ed45acda44b,0.905693
VirusShare_92221160f50654e55dbdaa8de7c48203,0.000131
VirusShare_92288beb670bd58d424e0fdde578ab8b,0.000218
VirusShare_922bd108887c650f5d9c6c3811de6d56,1.1e-05
VirusShare_923d1242ce48cb9ff900e06a0d6b558e,5e-06
VirusShare_924901b909dc782cc1f08615606a3aa6,0.950462
VirusShare_92534d4247aaa6fcb2c0907553142a5a,0.9052
VirusShare_925c7a8a31b213c82da962f4383c7dad,0.0
VirusShare_925cdefcb27c7b3d9d27c689a6a2de18,4.5e-05
VirusShare_927d02e78ac7b16f42a2d443d3e1df64,0.0
VirusShare_928227557163022be6ba5d09bfd15ebe,0.9052
VirusShare_929185aa030c669a83896a15a369cc99,0.045001
VirusShare_9295afdeeb7fe726cf28d5098fbeb4bf,0.996528
VirusShare_92b063ef482842e798fc63322af63327,5e-06
VirusShare_92b47a40f46521eb60783af52d2288af,0.910322
VirusShare_92b54a35c70688119d5916ef49adfcfa,0.910322
VirusShare_92b97b76d800091612c0999eb6eadedf,0.013694
VirusShare_92cc1c87c4de6defcff8241d2dfd4d0c,8e-06
VirusShare_92d1b7e96c59d2c13a4430d0399a55a9,0.9052
VirusShare_92d8eb57574f688535bd6c9f13d1e0be,0.0
VirusShare_92eb9cdeedb9ffefbc074e16f622e1ae,0.910322
VirusShare_92f42e872246fe9237fd5a0fe769e0b4,0.000109
VirusShare_92f7ad1fc0c29b499894f02376d7d22f,8e-06
VirusShare_930092529f43d1b19b4b16fa194d84e9,0.9052
VirusShare_930e20f4d299bfc6fbd8f7ef9b3af0fe,0.000193
VirusShare_931458884eeb1da97193bcc712c8b0d0,0.996588
VirusShare_931a24995a41cb368a30810801a33624,0.099847
VirusShare_931e609b0533c0e7041ae52c0c253ba4,0.0
VirusShare_93241e7628c7bdb4dfc300807e9f5c4d,0.0
VirusShare_9325fdbddf0f37ce30d731c8e40bc86e,8e-06
VirusShare_932d0e284e8a00d1591f8e914e6f19b9,0.0
VirusShare_932d536d110147d02d0893416b24cf3f,0.0
VirusShare_933eac9e59bc22a80ffac0a2092f7f03,0.836325
VirusShare_933eddeb41be73a16637acad5ce92ff1,5.2e-05
VirusShare_934232f3c016115c3f4f5b50b235add8,0.9052
VirusShare_9345ec042f8baa4c36e0340608311be0,5e-06
VirusShare_9347eba21916ee691ee48de7b754bcc6,0.9052
VirusShare_935c7b3ae2d4a857c53a8b208d3b8e5f,0.897238
VirusShare_9362764b15cbaf3be8334b444d4990d6,0.045001
VirusShare_9371af578614370dfc180f3e6a6b7dc3,0.997133
VirusShare_9371d4ba36b2c897bfbd1932ffc7e6c0,0.993204
VirusShare_937b67cc228d5d9afee33399ba08d2d0,1.3e-05
VirusShare_937ecd0481c744531ec48059c3327be7,0.0
VirusShare_93968f71edeee7908bf2ca1d1a218c0a,0.9052
VirusShare_93a30c0708c8cc44138985fc1829a9e6,4e-06
VirusShare_93b030b18f78231a6cb8706ed70900ef,8e-06
VirusShare_93b4acab6cfbc96e810612fab628bba0,0.031367
VirusShare_93b59b792e4ec2e72cb1a51874081fcc,5e-06
VirusShare_93bfadab39eee45c26cfb0be8d24b247,0.0
VirusShare_93cbd959ccabc4ed770c8d3a74d8009d,7.7e-05
VirusShare_93cdf56082bb2fa014eab25ef5cb9e1f,3e-06
VirusShare_93d171d9ba2acf6469b47168c7131786,3e-06
VirusShare_93d92191bbc3cc88dda8d5c2df8dc5fd,0.922534
VirusShare_93dc2f56605ce49bf38e6b14eccf8699,0.9052
VirusShare_93e33165f57d60103e1f1b3d553fde86,7.7e-05
VirusShare_93ed8d9b1b085ee367cfbc188a3587da,0.9052
VirusShare_93f1279db90a875a01925a03e160f545,0.9052
VirusShare_9411de4b3ccf75b2799dfa6a7fd10e02,0.151815
VirusShare_9418d056a8b14d49b93fc32064f97ef1,0.9052
VirusShare_94323a702e51943ced2adbd07d4467aa,0.191481
VirusShare_943dd70ae7ea579feea9d9bef3c30224,0.214505
VirusShare_9442e1adc9c18d590bbde9d02628519c,5e-06
VirusShare_9442f4ce4fa3fd173defc1b5f7ac4cee,5e-06
VirusShare_94483d7095adf740e455a41aaf25e779,0.910322
VirusShare_944d803837dc8228e734aee933000adf,0.9052
VirusShare_945dc11b8f28201751dd4499a1562ff8,0.055366
VirusShare_946412a08526cfe67ead0f79b90fe86f,0.99078
VirusShare_9467a994b8639582f434fbd9da5ded0e,5e-06
VirusShare_946db656269d7f186ead3020d34cec9f,0.988224
VirusShare_947dd0a9a251f71e0e12f640b3902950,0.017376
VirusShare_948a980b45f7ac1257e1ad31c57276d2,0.910322
VirusShare_948ee590d9eb54762b6f2980ecb72823,0.078294
VirusShare_94bbb255053896deab8cc9386a7a28ae,5e-06
VirusShare_94c7a922649e5e366b485336a5b990b1,5e-06
VirusShare_94d054c228d6f09c57e4a65f1cc2f3f0,0.000681
VirusShare_94d18eb0acf8259768db6c2d57347f23,0.0
VirusShare_94d206eb193ad7f7bb08a0b4c0622e05,9e-06
VirusShare_94de7080f0f23eb09e59ef2bd8a0550c,3e-06
VirusShare_95034d322f82e878369bb5d14a7c6fd6,0.013694
VirusShare_951e3642a951f3dcc5808e95ccb68bba,5.4e-05
VirusShare_95446f27bcf1920d820a9a7156d1545a,0.9052
VirusShare_95851ffdc38299707903c922827e7845,4e-06
VirusShare_958af7c7b450564afd1317cbe185655f,0.000681
VirusShare_9591cbfbb60693eb0a89cc992e10d1b1,0.045001
VirusShare_95a240e24429267d590d174b274f2768,0.9052
VirusShare_95a7642600ce93448a5cc93ad1e60a93,0.9052
VirusShare_95a993e5e17f0d82dff17cdf24b69b20,0.998655
VirusShare_95cfe5f5d98870a61dfa1513c6bd927c,0.045001
VirusShare_95dc8482696311fb974f66682af70f82,0.013694
VirusShare_95e25a5b9e90e9e5b4d7ada074abc48e,0.9052
VirusShare_95eb63c054792b0a3638bbd201ab4e47,0.9052
VirusShare_95ed41ad8c87c710145a878183c1411d,5e-06
VirusShare_95ef45ed9ad9e0dc2938dafbd0ac2ccf,2e-05
VirusShare_95f3001495d5d6cb419b61f5df8827de,5e-06
VirusShare_962a986bab449d0b6b26eaaaa98b5cbd,0.9052
VirusShare_962ed86292875b7735aee73e92bae583,0.9052
VirusShare_962fbc4fc6999822b0229c6d1391c70b,0.045001
VirusShare_9636655ddba2b3426f41e3007274e1ce,0.9052
VirusShare_963925ede04c5a15321a3f339147bd56,0.950462
VirusShare_963f3cf183e07ffa1c286719fe57cb83,5e-06
VirusShare_9640b59a5733a2ed8245b5e52f0addfc,5e-06
VirusShare_9642e383355611cbd241c548e97d7325,0.002988
VirusShare_96463165431cdf5b7601a5a86ca4fb57,0.045001
VirusShare_964fd8eae39b2b587943a62e97a22926,0.045001
VirusShare_965154f7e5ddbf2aea8e367d61fc6d6c,5e-06
VirusShare_96563816f302a69ae6e57291371f7ed4,4.4e-05
VirusShare_965df12044dc0226fe952c71eb3369a5,0.9052
VirusShare_9681948bf4848a5c886f31ae2f227fe4,5.8e-05
VirusShare_9683701cfdeea11aef5a83ac5ff8a4d9,0.18927
VirusShare_9687edc29b02ba2fbb5edca32a9c291b,5.4e-05
VirusShare_968ffe26fcd26b2c023259d9d8b8ef79,0.045001
VirusShare_96981040c5e57c1728e6eabfc2022980,0.993204
VirusShare_969c2659aff63645abd36fb61ed655c4,0.214505
VirusShare_96ba965c65cb7a2bed9537eadead8d68,0.9052
VirusShare_96bc7cdac67aee9bc55d7952a01b5076,3e-06
VirusShare_96c31fd6900a34962b69ab3a5b873e9c,0.9052
VirusShare_96c7e53a28a16653d5ffe63357d1c0b2,0.9052
VirusShare_96cff163ef9ff7002cf3fdd7ba8865d0,0.998655
VirusShare_96d2bc7dbc97acd5960025fb1c53c495,5e-06
VirusShare_96ee65cc725eaf367c6bd048c188b10c,3e-06
VirusShare_96f19a9095ffbde9123ece2514094f56,0.045001
VirusShare_96f59e818a1c2f0c0e95ed800c1a5c2d,3.2e-05
VirusShare_970fa1ee683cba61bfdd44d5bacb6b93,0.0
VirusShare_972ffb204536ef656a45b9a49e47f014,0.0
VirusShare_97331305aa510d1219b4b04854dc4b75,0.317232
VirusShare_973362217354dbf9b069666dc066c8f3,0.045001
VirusShare_97486fa82b6df0d403d4775a39a17de8,3.4e-05
VirusShare_97603567f48788c3279d3ecb2ec93bbe,0.9052
VirusShare_976234d6b76f5b6d01da90a44b9652d4,5e-06
VirusShare_976598c39274e7134ee53eaafd9ad7a6,2e-06
VirusShare_977a54b4b75bbf17c434af699ab238d2,0.990629
VirusShare_97814da2af3b2bbf4ad85d207666f960,0.81259
VirusShare_978bae2c0874a658a306406f09a9d893,3e-06
VirusShare_978e56d7fcc3d2238f94d8fcfbd45e8d,0.9052
VirusShare_97a0ce7909f72873696e2e8abf2bd5d6,0.668247
VirusShare_97a583a76ba2dcfc2e4d912f018aa20c,0.055366
VirusShare_97bd5a12a344076bb14d4874a55725af,0.9052
VirusShare_97e75ae519aa8a16ce4c956c64319592,0.9052
VirusShare_97eb85648fc20de0cfd0957a67eabf1f,1e-06
VirusShare_97fe011b072e202ef12da84d7f07d8b3,0.910322
VirusShare_980607d33bd910e9c31b676e914e7e1b,0.099847
VirusShare_9813057ee7cdf5958c8cc09f0cbabf32,5e-06
VirusShare_982b0435c099f5bce0f79c43b518e9f8,8e-06
VirusShare_9854c69603a06b7ee7a88bac82ca7fb0,0.031367
VirusShare_9857ca9fc17cd20413b49172c7a1b2eb,5e-06
VirusShare_9858dc28d4727caae223242bb8291d68,0.000767
VirusShare_986dcb628ed2e77ddee7db43e7367ac1,0.022262
VirusShare_987dffd52a7eacab187d4c66d2a67e79,0.126668
VirusShare_988abdca9f5e2ee27fef18d45721feab,5e-06
VirusShare_988d940b034f5949b98411a567f35e1f,0.9052
VirusShare_98949ca92023c49d77e5c0740e73902a,0.0
VirusShare_989797b00de946066a2a4851e479fe5c,8e-06
VirusShare_98a44fa2cd1ba12e801e0449a4a0c8ac,5e-06
VirusShare_98a4a719ea0faa7c8008320698cdc568,0.987291
VirusShare_98aebe43a073a3461e50227a2c6fd386,5e-06
VirusShare_98b15b704df694b1aca8ea5c4dc73a27,0.966271
VirusShare_98b7d0ba84740a5d69bc2214879b9307,0.0
VirusShare_98bd72ceb6b2074e217351898ac95720,1e-05
VirusShare_98c1d18d882b3ae1dab97908bd6168c2,0.031367
VirusShare_98c3ee8389b9827d34389a0b474ed980,0.882131
VirusShare_98d2f4c9e10ad94107c3e26c4088dee1,0.00021
VirusShare_98d8ad3d04e00e250c447ed67f08c4a3,0.049004
VirusShare_98e6d9efe9c2d69e4668338e5e827a74,7.2e-05
VirusShare_98ef1cfb68dca23d98b1845e95b572ba,0.031367
VirusShare_98fa5cc114f8bfd10babb3f496010168,0.0
VirusShare_9902b1209d12d59c3738387aad84eef8,0.045001
VirusShare_99053329202cd8aca55cc2f68b37ff4f,3e-06
VirusShare_9906fbb80ca33d9ee526069e88160760,0.950462
VirusShare_9916316b70da21015de317114b0fc8a7,0.031367
VirusShare_991ffc35592cd765d5b39ec0d3e35311,0.002988
VirusShare_992eb8f344791096c2a712363cccedaf,5e-06
VirusShare_993b583093520bd0434263a3012e4109,0.882263
VirusShare_994d16ca9cb22b04a86920acf52977d6,2e-06
VirusShare_99573aa4024e6252e7173663564fc865,0.013694
VirusShare_9969928e9f49cc1f7955c1a5c7509ae7,0.045001
VirusShare_996e1cd9eb0b7be7a14d2770d368d146,0.9052
VirusShare_9974df1f6f1f87e48930b01002a20f3f,0.045001
VirusShare_99766822b42f0e5e2b63c61fd3708ae9,3e-06
VirusShare_997794e9aac891919bb78cb4d3861405,0.950462
VirusShare_99818b1c9ea48294752d527c2617f2af,0.0
VirusShare_998cff8f9235240022be4e80991a0a7e,0.9052
VirusShare_998e8083450451777d33a409c98fbbea,5e-06
VirusShare_9991718326c77d8fd46106d798324ee1,4e-06
VirusShare_9991e8fbeee832b776bc1c90f9dacd8d,0.941809
VirusShare_9993385543a996622f4e4f941d1b00d4,0.031367
VirusShare_999438077f0df773ab4b13347d0c2186,0.125141
VirusShare_999e0a951badc2eeae0ee7d87cf86a75,0.396051
VirusShare_999fd6aed3607bcfaf0f91c2d2f631f2,0.910322
VirusShare_99c31abfc2649f4700b269ecb814740b,0.9052
VirusShare_99c639f173fb1c4bade40f1ceb4f57db,0.897238
VirusShare_99ca6c90a60df64ab3a12ccba6675488,5e-06
VirusShare_99cdb41fc0243d8fbc7748d1ca3db11e,7.2e-05
VirusShare_99fdb27ebec31741dccd819042ce80c3,0.910322
VirusShare_9a11b6bb114d7f426a71c8072b0ad2a2,0.9052
VirusShare_9a1ae92047d7d54a82e4f0ef15063832,0.998655
VirusShare_9a1da02a5fa61a6dcd2cc5a83bdf62f2,0.0
VirusShare_9a2692bf50d674a3931949f1af1f8ea4,5e-06
VirusShare_9a3163b89cca7967553d2864414faf7c,0.910322
VirusShare_9a47191c3783a9e81ae08a3c1ffcd9a2,0.9052
VirusShare_9a6010cf3530a7679dad4f812e89ffb1,0.910322
VirusShare_9a65b28950048b1167299a145a5b5e89,0.9052
VirusShare_9a66ca7f3a81b4dcaeb929906e8200a8,5e-06
VirusShare_9a748535cd74046f7a74ebd19c4ab4af,5e-06
VirusShare_9a7e1f4ff55241daf0846d76a7e9fce2,0.9052
VirusShare_9a8be058b3c3ed72b59de20c070a2aa8,0.919273
VirusShare_9a9038219ac56420595043bffdc575f4,0.910322
VirusShare_9a90c7395ac1435d2d876cc55c85d5eb,0.000525
VirusShare_9a93c0768a7c883f4337d0d465d17648,0.998655
VirusShare_9a95a85c567be7a24aeb9daee6ed74f9,0.9052
VirusShare_9a97f0f5143776073d6a11e751131ac9,5e-06
VirusShare_9a9cee47bc51fc525b6f22e44204a7eb,5e-06
VirusShare_9a9fdb035cb424ba9ddd2b8489874897,0.0
VirusShare_9aa534da872b7a21e3f01d6bf8402f46,0.000328
VirusShare_9aa8a32af4ebd0ad7eafcd0d3b8a9231,0.973369
VirusShare_9aaab9795ea5b1a2347e9a3ffd4eb3b9,2e-06
VirusShare_9aacfaedc28157f634e6a632b2be35bf,0.045001
VirusShare_9ab46745ea5746b0fe166269dfdd4aa4,0.00011
VirusShare_9ab5cc165dd73489ecd96e0219115509,0.055366
VirusShare_9ab62b5b32a08b5607c553d22e7db0dc,0.998655
VirusShare_9ac51851aa30b1de1a47a4b13db254f2,0.02666
VirusShare_9ac6f01745ec6621257d66fb4a33b331,0.9052
VirusShare_9acb3ad8ba8cbfb2aa590e2bb06f129d,5e-06
VirusShare_9adafe68101de2fb842f8aa29c511aba,3e-06
VirusShare_9adfe5c3dabea69c68c179545051dfd3,0.9052
VirusShare_9aebad594e42df78b27239d942604237,5e-06
VirusShare_9b055f3262571de682050d412149b04d,0.9052
VirusShare_9b316c1286cf6a10bf2447c128a76b46,0.998889
VirusShare_9b33beeae98f78e1cca6714159dc5af8,0.045001
VirusShare_9b76a97f34d585331e709811ee8cb5e5,0.099847
VirusShare_9b88fb1cb52d427985d1f497b4cf9e93,3e-06
VirusShare_9b8d1d5ed311864f4e19b8d75cad344d,0.819702
VirusShare_9b9cf4276c01853649cb82256598c446,0.0
VirusShare_9ba2493893f9686af428a42fbcbc4d81,0.998655
VirusShare_9ba489eec148da37dd200843d601980d,0.045001
VirusShare_9bac276b6955715b300160d152be5535,7.2e-05
VirusShare_9bbbf133c05090530f647466ba1b609a,0.882263
VirusShare_9bc116d7c53cdd751e339c286fddc323,0.9052
VirusShare_9bcbb8b9eb221a55269bd59caf5addfc,0.0
VirusShare_9bcddbc0fa51b17479bbf8c92f26ae9c,0.045001
VirusShare_9bd238b5d8340d58689773562fa1add1,0.998655
VirusShare_9bdffeeb52015df1699b7b0f0aa03cf4,0.366915
VirusShare_9be2b50790032e0e0c721bbf51db621e,6e-06
VirusShare_9be3e4961451a70506e44635c9dc455f,0.045001
VirusShare_9bf17ef81a47dd85ff0c9c5717af3700,0.9052
VirusShare_9bfc45d19d81489ac1243fb12ac92303,0.0
VirusShare_9bfe082208c9360dd7f0498576518bde,0.9052
VirusShare_9c08efa67c7f414d38f0278da396d9c7,0.0
VirusShare_9c18a28a235a70ede5ca9efdddea6f1f,6.6e-05
VirusShare_9c1c8e9fde5662fe59588987b834b395,0.045001
VirusShare_9c1e20808e1175940a30be333325d841,0.031367
VirusShare_9c210b98eba380efc004cc154e72f551,0.000153
VirusShare_9c27a92a12b4091aaf9af097ffce30f4,0.897238
VirusShare_9c3b04d1acefc30bc4f820a31e86a8de,9.8e-05
VirusShare_9c440f6f0f0c8aa903fc7369cfb1801d,5e-06
VirusShare_9c4c90ee88e0cf29131b6a2493c4ecde,0.055366
VirusShare_9c53921484032580a8f6f0b6b15b4a52,0.9052
VirusShare_9c5f7addd04f05654cdc667386d10fd2,0.045001
VirusShare_9c6bfc78303a9eaaba5cbfb1c087406b,5e-06
VirusShare_9c7c271bf9158d7eebad8d05dca770a4,0.013694
VirusShare_9c861ebd2716670b22778ffb1b40d55d,0.031367
VirusShare_9c95ca22d102c976edaac6c9a8d4653b,0.013694
VirusShare_9c980cc989856447e88ae11155e5d019,0.9052
VirusShare_9ca4a354ab5bcd0e75828de8a8dc0d00,5.4e-05
VirusShare_9cb2557897c3d92e76a51e6765b54ff0,0.013694
VirusShare_9cb2f3ceddcd4f014857479b9635401b,0.000328
VirusShare_9cc53ac5db522a1b0a3745bbca4c5dfb,3.2e-05
VirusShare_9cdc12126766516b1b08059e36394cf2,0.002988
VirusShare_9d0ee01a0e6700eb3b0e03642fdee5e0,0.993204
VirusShare_9d3852e3422f6f85a64d612b738282fd,0.795042
VirusShare_9d39cbeb9a1394fbdf12f882f68bc161,0.996528
VirusShare_9d4ff89304b41c98a1e1e0852517fc64,5e-06
VirusShare_9d50484f73b55eef8ad0484ca61e633b,0.9052
VirusShare_9d528de36f2b42bb084ded1d3ac3828b,0.0
VirusShare_9d5c0a63dd74273e456d06ee9f7bf7a7,0.9052
VirusShare_9d7922604f6ca222e46c86d00e789d15,0.998655
VirusShare_9d7e70a1107bda6eae3f48be8364d7e8,0.00704
VirusShare_9d87abbb122604e406b16160665904c8,0.00033
VirusShare_9d89cee5ce9c3006675d6e4a2c0742e1,4e-06
VirusShare_9d8d872b9d790f071d949cfd4145bebf,0.045001
VirusShare_9d92c48d33100c82e88e36c1e3fdf611,0.031367
VirusShare_9d99c75cd1c84d0fc024b507d451d2f5,0.013694
VirusShare_9d9f57ac31c81b242fd753f78e1f02a1,3.2e-05
VirusShare_9da797bf344982868e694f72dcc87ffc,5e-06
VirusShare_9da98abb6ff7d7775632770058a29317,0.045001
VirusShare_9dab29cd6ce9fe78dcb319ba9f4e93f1,5e-06
VirusShare_9dc18baa7c3aa70db8a162af4905a837,0.9052
VirusShare_9dcfa907466ca12d13e9da0cbe65d353,0.910322
VirusShare_9ddf7d15530d2febb1421a72f2b2a63c,8e-06
VirusShare_9de73c446aff3fb1b82b7788eab16cfc,0.000525
VirusShare_9de73c801453d8096f11fc448a53b998,0.997035
VirusShare_9de7d4efb4d0b490fb9bc5c4103a9570,5e-06
VirusShare_9dea134db4223ed3c71789f766811067,0.9052
VirusShare_9dea40ce530f28bfab1c87e66bebdf16,7.7e-05
VirusShare_9df5479952826c71f971c403ae96c8b4,0.0
VirusShare_9e06683bf4f6630827fa5f232d5774f7,0.910322
VirusShare_9e260863957838ff35002b35f9d10646,0.000154
VirusShare_9e2bb449beb1a296c8e4dec175cf0289,5e-06
VirusShare_9e46754bc672a7a5deda4cb448414829,3e-06
VirusShare_9e55ae0b12596a2445f6057213398d33,0.033759
VirusShare_9e5de0955f780d61e0b3d40069745c5f,0.000218
VirusShare_9e72b5c8fcf156cc8055fde0252818bd,0.9052
VirusShare_9e77c369823ecbe1962f7b6a5d0d5b41,0.9052
VirusShare_9e7f91804bfece0eaae6a740e505c5cc,0.9052
VirusShare_9e9069513a29d1a4df908cc7241bf4b6,0.0
VirusShare_9e9901cb389e8f3089cda5624799f067,0.002988
VirusShare_9eb1fc2dda070db70317f1ff4c8da872,0.367558
VirusShare_9ece5c5d54515b24517c67d0a42d44a6,0.009506
VirusShare_9ed1841f2c9cfd7123ab049349a72857,5e-06
VirusShare_9ed710276b13bf94d5cbd382fc77df8e,0.9052
VirusShare_9ed99168eead3b5c674fd96cf5366bf3,5e-06
VirusShare_9edd87f579d288b351f8e63bc301ca15,0.997035
VirusShare_9ee6fee2421e96b5f0c49ce0982d5eca,0.9052
VirusShare_9ef64b4fb4de440faaa4ecbeecbbcd52,0.01458
VirusShare_9ef7d464071481a319c82535e7c93b87,0.045001
VirusShare_9f0b0eea2c97a6220342fc5e3864913e,0.9052
VirusShare_9f11294e228304794bc0cc82dacb231c,5e-06
VirusShare_9f2491b6751bd4ebad2a12a3ccc2c659,0.46782
VirusShare_9f315541fb94e0e5ca7e5c39a408b5fa,3e-06
VirusShare_9f35cd6f084b822fae6129fc5d896e67,0.003431
VirusShare_9f38ed6707d4c235f176d0a27ae77087,4e-06
VirusShare_9f40648745a1415b44f28d10c081dd8f,5e-06
VirusShare_9f412d196ccafdfa620bf8256502a94e,0.099847
VirusShare_9f49e0b3430537a131b9fbe9b96d35bb,5e-06
VirusShare_9f4f800e4148a75532644cf48820d2b5,6.6e-05
VirusShare_9f5acac2e32525cf6e9f9f63d988fca3,0.9052
VirusShare_9f5bd4933b34a5dc0a363838a8e96238,5e-06
VirusShare_9f72d155d26f5a63d7af67f247eb1df2,0.002988
VirusShare_9f7a4b27977cf6956a9fdbd8868e6d82,0.916162
VirusShare_9f8f0866889f3e3567bcbd8fc5e25ace,0.9052
VirusShare_9f979ee2b60738291a401f7aec01bd4e,0.9052
VirusShare_9fa98af14d9f04705577e26258c7c5da,0.000197
VirusShare_9fd004fc98d752bf567ca6f44e260714,0.950462
VirusShare_9fdfc14adc31a97e7468da9beb6ec8d8,0.922534
VirusShare_9fef4c6b7eccf77ee4468f1458d99181,0.827011
VirusShare_a007771d0358bec20a9955df068a8483,0.910322
VirusShare_a0090db12929c9cd64a8661afdb0f81a,0.0
VirusShare_a015bef03c4edf6fb50d0ed92214a5d1,0.055366
VirusShare_a017363354232ba174f41b8b88b51227,0.055366
VirusShare_a01cc0817f08307c4f15f604136b8c4e,0.9052
VirusShare_a01f8e85f7be5dba40a4d230e11479ea,0.993714
VirusShare_a0226f97379771dc77faed099b0ef7d7,0.9052
VirusShare_a03b2c96b36168294ca24010c194628a,0.031367
VirusShare_a045dd6bcd58b4afa2de9103084bbd05,0.910322
VirusShare_a05eeccbb7acc54a79bdb4c6986abcd2,0.9052
VirusShare_a064b524a661ce56c911fb3b184c1b8d,1.9e-05
VirusShare_a075a34922479d98535f2a5c80156fb9,0.9052
VirusShare_a078c2ec789e21f8aa8554eca47db9e7,0.9052
VirusShare_a078c639d7104ece33e27487e60e60ec,0.000388
VirusShare_a07f902cc869fbfd800afb2fd5199a39,0.002988
VirusShare_a08a743e04fb93ad1a67f27914cc60bd,0.031367
VirusShare_a0b0b59336a2e6fcd27c85c10765dca3,0.045001
VirusShare_a0c1992b0810d5bb22fac5648be563e5,0.000328
VirusShare_a0c8442a55135eb7b53454fcca46e15f,0.055366
VirusShare_a0cb1bfdbfd91afe58d2f06677bb7bde,5e-06
VirusShare_a0d204523349b70837e9818642eccc1a,0.214505
VirusShare_a0d7c028bb71809eadcb13bb04851c16,0.045001
VirusShare_a0dda94a910ed37d6743207e43ba3bad,5e-06
VirusShare_a0e5ae3daa415f04b3a4a0bd0829dc32,0.07455
VirusShare_a0ed009195694b05e566c8664a245aaf,0.031367
VirusShare_a0f044368a1401679cd1cbf22070edb8,0.9052
VirusShare_a0f86c6245633796cdc1cc335276791b,0.055366
VirusShare_a0ff9f3744fb62f1355bcbffca4adfe1,5e-06
VirusShare_a10e741d25b6fab84c4055258a950c72,0.882263
VirusShare_a128a7ab31a41859c5a9e85868d4174f,0.006737
VirusShare_a139685a6e6f9611648babdc48f08c0b,5.2e-05
VirusShare_a13f5883374c0086ef8168b1cc049b4d,0.0
VirusShare_a147c7b592a5af16e6b4a8f6d486b17c,5e-06
VirusShare_a161c590e93c28fc244a1671900214e4,0.045001
VirusShare_a17a29f3ef2a874ef7c35db800804e9c,5e-06
VirusShare_a17b89ca98879202bed110545b348553,0.0
VirusShare_a18158291b68dc0b6e2ea6dcc023bbe3,5e-06
VirusShare_a19061e5e7b1bf383587fcc334edff68,0.910322
VirusShare_a1b036a02316b7a49734584cc80dfa77,0.897238
VirusShare_a1b73f8b3aff3c7bd4390eef4e27e9fb,0.998902
VirusShare_a1d560301a8b3a2fe6efb22d2cc42ee7,4e-06
VirusShare_a1d8353b467847bc2ca8adf28624cb10,3.2e-05
VirusShare_a1dd178eb3103a66f70e2c0d0addfab4,0.500859
VirusShare_a1ddbca18b0bae182a2c4d233ffda97f,0.067578
VirusShare_a1e6a5b4e42aaa1fc24991eb951aa9d6,0.919273
VirusShare_a22ade62f02ebbac1cd190338330ca3a,0.882263
VirusShare_a22b3b20a4036861a9c32ff1aa893345,0.0
VirusShare_a235ae907ac3ab79c8623bb871dfeb6e,5e-06
VirusShare_a244c9e756d97fd4012dcb23130858fb,0.998655
VirusShare_a26f20c9cd29e95483b6ef09b803e06a,5e-06
VirusShare_a270808f3b46b9e636a02994a071665a,0.031367
VirusShare_a27ee032a1096b63a6e2c28601334a3e,0.9052
VirusShare_a28b2c9f9433b5817c45f4fe641c0ae6,8e-06
VirusShare_a297f24be54a8a28c3386d50214f6785,0.042798
VirusShare_a2b2561d9c355dff17b22ebe713ce8be,7.2e-05
VirusShare_a2d8c0f324cda81acd142fccf47a3c0c,0.002988
VirusShare_a2dac4450c8268e2c3ab41b28da9f6de,1e-06
VirusShare_a2db785bfee9caaabdd30dad75b8e891,7e-06
VirusShare_a2e718735659b4313e473884b9f6f73f,0.013694
VirusShare_a2eddef1021b487be3f6fdda19412400,0.045001
VirusShare_a2fa12333a305a2af0049b01c020b738,0.00486
VirusShare_a2fdb7cda3dd4bec4c419bfce438c8e9,5.4e-05
VirusShare_a2fed012a18d7cf34c9573b044f21539,0.9052
VirusShare_a300cd191505d026dde11f69bfab9669,0.9052
VirusShare_a303ed5fecfa3c40b11c13b83434e08e,0.0
VirusShare_a30eb82fe6293b1b813cfb5f087053e5,5e-06
VirusShare_a310de72c33230edf52821a75346e92c,0.961143
VirusShare_a32879b876ed154b06805b9fc86dc6b8,0.9052
VirusShare_a32af790512a9281b379da7654d23550,0.046582
VirusShare_a33e2c9be18fb4c12b4d0b5709a7b93c,0.00033
VirusShare_a3601e0b9a9a3e6f7b5c62b0bf57efbc,0.0
VirusShare_a36b4e6cc8d9a9688272c8cbd1207380,4e-06
VirusShare_a380845faacb8b82d74adddfef73ae84,0.000525
VirusShare_a382753d236d25df2f958bec5d0860ea,0.000328
VirusShare_a38a2a70ae3acc0164523262f9176418,0.9052
VirusShare_a38b6564c11d1de2477a9d349c14d2da,0.910322
VirusShare_a39171c6b7dfbc765cd8a999bdb22e4b,0.083348
VirusShare_a39d958acc190778288c143d6ee17e92,3e-06
VirusShare_a39e08cc176899c5abf72e6a088f8d39,0.0
VirusShare_a3c4ecc3d76614d020cd791f6e6bebe2,0.099847
VirusShare_a3d0ef316fcd95050bf9c6340ac870f8,0.950462
VirusShare_a3d59842598243f0a3351ee3ede7aec5,5e-06
VirusShare_a3d9929be8a119423a0a5139047c7001,0.9052
VirusShare_a3eb785b16d3f4360a8d33d1e9f62455,5e-06
VirusShare_a40d75e95743863380b7a2f77b1194f0,0.865509
VirusShare_a423244e23a41e4d23801a2a9313d1fa,0.975215
VirusShare_a433ccc1b761b9f17c1dba5c53e4854a,3e-06
VirusShare_a436dd9252cc9d05ca9c498925d8bc98,0.9052
VirusShare_a4441a7b956812d391bac846626379f1,0.031367
VirusShare_a467019c44b59cc7c2be7837192f010d,0.9052
VirusShare_a484b24eed19908107f958b6c17e2b06,0.434084
VirusShare_a485269f6a001e47d5e11e191d6dee29,0.0
VirusShare_a4b1fd867ccaa7e50b59a7c9b14fbb63,0.00033
VirusShare_a4b703cf489e496f20390c6571151d82,0.795175
VirusShare_a4d596e4f832205303ec7abb0d6b79e2,0.668347
VirusShare_a4df774b67f0714777b34ce165beaa10,0.910322
VirusShare_a4e2bdeb434a4380e49d15982941be56,0.9052
VirusShare_a4f0737d78567dedb5d5a9125f75ae52,0.002617
VirusShare_a4f4ace29081f66063d5a8c61739dcb4,0.999039
VirusShare_a507739e0ca371e74f71dc66171aadd0,0.9052
VirusShare_a5190a290c245841b8fc7e2c0d83f4eb,0.9052
VirusShare_a52b13217abe205fdb3333894476e0df,5e-06
VirusShare_a5347d59d1accefb07bc717a9ffb1a8b,0.910322
VirusShare_a551fa9d4210e612cfdc8c0f4b7498ee,5e-06
VirusShare_a55d3da7d1b0a6c25dc4a711544b9647,0.9052
VirusShare_a561611b7325cb6f682e7d457a046e65,0.9052
VirusShare_a5707777c00738fafda0c4a78a79c450,0.998655
VirusShare_a57a7615a9d388c2e3e8183b2a117142,0.998655
VirusShare_a59576346a1710bac3b8630713de29a1,0.987291
VirusShare_a59da71a1f6466c519a5de932ac3a7a0,0.001072
VirusShare_a59e2bbd26c943d1aa92e2bf685a744a,0.9052
VirusShare_a59e3a2b65d17840c3d85f535b034210,0.0
VirusShare_a59f9a0e367d02be2e54709c4f697115,0.9052
VirusShare_a5a76b4bf31b1e1312c72aa0382cf64d,0.997154
VirusShare_a5a9005024bd9e59e8604cc4155fe214,0.031367
VirusShare_a5d0821aded9d25b618e0c189fac0754,5e-06
VirusShare_a5e90b2acbe3d29ea0ed9fcae8f3db88,0.834844
VirusShare_a5f73c27d0c880325c6ed969ff184f45,0.998655
VirusShare_a5fc40fb9d1a23c787ec34fbac7b5f0b,0.771152
VirusShare_a632ff882c65041c3dadb70b65f02960,0.000127
VirusShare_a6384051e763f0c2d1173a87257a242d,0.000383
VirusShare_a64017232a8b207c6edc89a29ef56b06,0.0
VirusShare_a648d4cc693e9a96444d024969a665ae,0.950462
VirusShare_a6521bdcb59d12bc9348d3f829ae8ac0,0.9052
VirusShare_a654862f82eaf2df006d515f203e9a73,0.9052
VirusShare_a6564a66c13b479021edbde8a7991c27,0.0
VirusShare_a67012025ed52a6e58bbaf3aa5f8e9d4,0.031367
VirusShare_a6762b6dc40bff7e67697772d860611a,0.031367
VirusShare_a67ae1cefedcc58e556382c9a3b67943,5e-06
VirusShare_a68c9dffa5448d7f29cc69e4b760b792,0.001131
VirusShare_a68fdefbf3d8193c09effd39ec8265e8,5e-06
VirusShare_a699a1360ba38356833686e47488beb4,1.2e-05
VirusShare_a6aae58574697f44a1dad63fb5748ff8,0.910322
VirusShare_a6b46541bf257fa1f6420215bd433b3a,2e-06
VirusShare_a6b7d6bb9705f9042b8cdec0a25b8543,2.1e-05
VirusShare_a6ba647f4c7a7dc6d7c868619af48528,0.0
VirusShare_a6c1e22ae53a8afef979bad98ee09e77,3e-06
VirusShare_a6cc6e5a7b6e6335f567616548ebe0ad,0.9052
VirusShare_a6cf96a8b0cb310a63ea333434605080,5e-06
VirusShare_a6cfdcf29accce1b1aafbc21f9c97039,0.0
VirusShare_a6d02d09dbcee6b3e3d1496ed964050d,5e-06
VirusShare_a6dd3fd239d6bc5552b7c60509c2c554,0.055366
VirusShare_a6e92f3c7f75ff8369d84132baa90036,0.041891
VirusShare_a6f0221a0511e197fa518f32c2f14b2e,0.910322
VirusShare_a702a8fbb0ca2d4e4ad6a4e8ac8361c7,0.000307
VirusShare_a735b7bd71327bbb4974c4b1b5d8f78c,0.031367
VirusShare_a7513fe6b257594d097299fd28547d93,0.045001
VirusShare_a7846467814a8fb8858f6159d8f18fae,0.000146
VirusShare_a788c0a71aae091864845d2d41e3485e,0.9052
VirusShare_a78d902c0bee39756399820b38cdc874,5e-06
VirusShare_a7a0a2d9f4f4605237a5375e4edec6e2,0.00033
VirusShare_a7a69927bc36646ad9ae8d33c4e0ec67,0.9052
VirusShare_a7b4e527ca141fa8268d470d775cb625,0.031367
VirusShare_a7bc81ec6667f411f109732bb819a99e,0.003383
VirusShare_a7c058e61084bffdba83d94dadeb407b,0.9052
VirusShare_a7e7c55d763359f4b590ea4eec10b800,0.001263
VirusShare_a7ec33584f141687f5b6c3410814e7ca,0.9052
VirusShare_a7f1b915d9171eaaa9fdb0c4fb969d3e,5e-06
VirusShare_a7f3df5bd66999f1247372c032a9dc15,0.0
VirusShare_a7f8c8acf33ee783eaa553f367824310,0.000525
VirusShare_a8355eacaf7eca3cdaa5a3b3175eeae5,0.031367
VirusShare_a836c390f3607823e13b8de988080958,0.9052
VirusShare_a83eef842f508b10d2b3fc2d30a32c7f,4e-06
VirusShare_a84016b93b556fffc30d4492e3e228c6,7e-06
VirusShare_a847b3c3e5088531b8a695678ab78d95,0.9052
VirusShare_a852319d0bfaef398b78409c132a6376,0.0
VirusShare_a857353ac3cfdbc9c70ee7d9b8d5f49f,5e-06
VirusShare_a85e732044851184a79acf3f30acf10e,5e-06
VirusShare_a8609ebb842604bbc703370e88d749ae,0.9052
VirusShare_a86935c177a6de7a2ebd0e8ce9e42648,0.993204
VirusShare_a86f5ba95864f478f61bb4ecd66938c2,5e-06
VirusShare_a875620b019fdacc8a7ee2ce19d82ad9,0.102669
VirusShare_a8790cb7e69e82743ffb3a8079b47450,0.910322
VirusShare_a87a34efcb61c3437564a5d1e1508a54,4e-06
VirusShare_a8875670dc11f96596d6c860a04b12f8,8e-06
VirusShare_a89417646876d8cf0fe60ef31715f12d,0.501085
VirusShare_a8aaad2626118b944e076ee3a1e3855a,0.9052
VirusShare_a8abea555b5947b3d04c8c3701273dce,5e-06
VirusShare_a8da25ad5b578cccd92ac6508cf10f6c,0.993204
VirusShare_a8e30236727cb4e64602c8b48a761f21,0.045001
VirusShare_a8e59951e6a2d697959d281179c33355,0.0
VirusShare_a8f12cbeb5d188124ac89eddec731120,5e-06
VirusShare_a8f9ee7f3d203d8a0d1623f018a1576e,0.9052
VirusShare_a913bf5e68944aeed6656de1b1a5ac44,0.00027
VirusShare_a915fccd88ab624dbf38909853b6f0d0,0.031367
VirusShare_a9195e0d886db0062fe41a4dfbb16cd3,0.031367
VirusShare_a921a9d1f6611f57391f7bbc3bbc0036,0.99078
VirusShare_a9397b8c6ef963462376579255a8669a,0.9052
VirusShare_a93e0d4233aab95108f7970d1d85d2db,0.031367
VirusShare_a945644533a405a16423fbf5b9a37069,0.997215
VirusShare_a97286be2249f7896f0a5c171deb80d0,0.771152
VirusShare_a976f97bf8e4f1f3d611d7a6b5aa0dc4,0.997035
VirusShare_a977580d4ca69e2222dc8a9a91d2e9ea,0.925519
VirusShare_a97927220a9b40e6c84c2ba1a3d54cd1,0.910322
VirusShare_a9837fcd20a99e33f3db89b4850bd6db,0.996588
VirusShare_a99146b239d8f7be6e7281460eb625ef,0.055165
VirusShare_a9a51050361266aa543bae4b61159705,0.9052
VirusShare_a9c2eae7bcf7bf2ca5eacef2b6cdf682,0.993204
VirusShare_a9c9a873f65b88d1ede865b8a4406330,5e-06
VirusShare_a9cf17709377b7a1df36293e360fc9ad,0.055366
VirusShare_a9d7cb5c35087ab8de2d645f3310fb0c,5e-06
VirusShare_a9d9097ae54bcae48683e060e50775fb,0.0
VirusShare_a9e2ab65d7f6faa65564ad05c5227246,1.9e-05
VirusShare_a9e7fe60825884d0cbfabc9fdd98579f,0.0
VirusShare_a9e80e40f2907a27738a7d0e013bb604,0.045001
VirusShare_a9f1610a5502d6f888cfcfff0be5e406,0.9052
VirusShare_a9fb397b74ffe39389507b3581d5ea28,0.045001
VirusShare_aa04554ddec1dc02e3d0068a95716a8b,0.0
VirusShare_aa0522e09af793f04b7410a20059d78f,0.950462
VirusShare_aa06da79b54eaf94eeac4ebf98416728,0.998655
VirusShare_aa09f49127a5463464d8740f0c067d92,0.000101
VirusShare_aa1930e2450ba107ed4a2d3bab945b57,0.9052
VirusShare_aa1e27580499d1ee8ab040ba64ed6390,0.9052
VirusShare_aa20d7342941dcecb35f7b2146097c5f,0.910322
VirusShare_aa2e053a8ac99f2e7c91edb907248098,5e-06
VirusShare_aa371c0bd6098456d42624cc31f740ef,5e-06
VirusShare_aa5061b70e0f8b3cd7441cb277cab51d,0.000127
VirusShare_aa594c9a602f3799b1ebc64904c868d5,0.031367
VirusShare_aa60013180ccd2056610c80d7ac8a9a3,5e-06
VirusShare_aa665bc3f0ca561f31ee4d81899c526b,0.994448
VirusShare_aa7c8bfdda88dbf43fa151aedd6abcb7,0.045001
VirusShare_aa882e15b0d3e44d9ad0f64cb5d4c0f4,0.9052
VirusShare_aa9d6dbdb57e612cc090f66de6e4e74d,0.9052
VirusShare_aaa767422a2377dd6f90cc6d5db047ed,0.9052
VirusShare_aaac11962c6defedd62b6c3f378526c4,0.099847
VirusShare_aad79dba91404e3a7ec6c9b05aa5586a,0.045001
VirusShare_aad8bcc968bc9167da71922844018932,0.9052
VirusShare_aae0b55fe4b587d1cf5c4db5ffbf6c68,0.9052
VirusShare_aaf012bcff45045f80a8ec812b7da652,0.993714
VirusShare_aaf59d3e8d8b9d2310bbf3c980fa58f4,0.055366
VirusShare_ab0c35a993600e6e4946dda1910f16fc,5e-06
VirusShare_ab0deff77eb0d2015ea76ceedeb916d9,1e-06
VirusShare_ab12edd9cd6d564281e39e93c6fe3968,0.0
VirusShare_ab2598d878273f29ce6e4e874d24c2eb,0.045001
VirusShare_ab274ee7134d4455bb0d8dfcbe2d0f94,0.0
VirusShare_ab2f76d60587996ba3cd8782785caaa5,0.997035
VirusShare_ab4c4028138939bda62c2825332403ed,0.007301
VirusShare_ab4e6892e7444d5ce64b1ff878fcb811,0.000771
VirusShare_ab58af45dad765ff806fa387a682569b,0.055366
VirusShare_ab5bd9502e1d2d0c5b874f22199b5782,0.030316
VirusShare_ab854b32a5bdf2228337b458d81fdb97,0.910322
VirusShare_abab7b0a71f04b901b56c8f6bc6e64f2,5e-06
VirusShare_abaf68b0ce2f6ac8d6ae8059070e24b0,5e-06
VirusShare_abaf7e2ac8aedf2229f1062d84a4796b,1e-06
VirusShare_abd213cdbab6fe82770b92d5afd48072,0.9052
VirusShare_abdc4e755742789f5f845516aadf3641,0.993204
VirusShare_abdfad94797f78dbefbeb22e15c05698,0.0
VirusShare_abf1c1e6b70bc08cf534618d01768d99,0.501086
VirusShare_abf2ef6d5067b38372119817df960260,0.000137
VirusShare_abf2f0e955383937b34fa03f811492e1,0.9052
VirusShare_abf3f27bd68b82d25bd45a1791f92f0a,0.996933
VirusShare_abfc6346bd763870f5e70d16a492c3a4,5e-06
VirusShare_ac09b2b60d46e903ef8e32511de0d5fd,0.897238
VirusShare_ac286aa88814cc0b40733e063ef246b8,0.48689
VirusShare_ac33a525b943c1f4bd9a576bbf3586b4,0.9052
VirusShare_ac3ab813f034022384909c4a83ddf11c,0.9052
VirusShare_ac46ac69470159b2b01771b9dea55bfb,0.031367
VirusShare_ac49fccfe8e98d8819f1902eefd4642e,0.9052
VirusShare_ac4aa16ae3ad2e2c4312e9fa1d1eea5c,0.000218
VirusShare_ac4ae0ffd827ef4bb197f8bed3f440d0,0.962493
VirusShare_ac52d83238f7648e429c01513bc48583,0.993204
VirusShare_ac531333742b94f1bc2a2e3de83f73c8,3.2e-05
VirusShare_ac626eccea2820db19e3806e821e5566,0.9052
VirusShare_ac6d0f0d05fb8d0a701a3241c0e5cbe5,0.045001
VirusShare_ac70593bbc1f7c4f322513a16056cbe0,5e-06
VirusShare_ac75e4912178b577f02e756ed7ea424f,0.9052
VirusShare_ac762c70732ff281b110485538df8108,0.9052
VirusShare_aca00bbdd9bfddc6ba7c1d7be24dc419,5e-06
VirusShare_acb1020fdaff5a5fa418813d79c2a563,3.9e-05
VirusShare_acb2409db65624299a529a97b3ecbb76,0.045001
VirusShare_acbfd22a78bc909be9b41f57b88cb884,0.031367
VirusShare_acda8c885d746f6fe34ec1ae4d2a3cd3,0.9052
VirusShare_ad0588a9d4a1b274b8bb2372c77df220,0.045001
VirusShare_ad0e164f0b91d79e8ab8b644e98890e2,0.0
VirusShare_ad13cebcdffd8e5fc34b9b141a3a3085,0.045001
VirusShare_ad432008e98823e208762ced9ecfb196,5e-06
VirusShare_ad487dd396b2d7f3af944e1d6f810fef,0.160183
VirusShare_ad4cb6a7105cf02fa75c4c1a7d660c97,0.9052
VirusShare_ad5f16254e3385627f592306ebddb984,0.0
VirusShare_ad617643d3c321411e2b142874c80ea7,0.002988
VirusShare_ad7119fa8461e591e4932aafd32efd2e,0.214505
VirusShare_ad8a3e6b1ad102cf25b67e3843ec2f63,0.996588
VirusShare_ad8d715b7f0af0d5862c76fae964e12b,0.099847
VirusShare_ad8fff1c80a2234d79f3bbe8635c5b9a,0.9052
VirusShare_ad9b1af5503540c3df2d2d7c927d723f,0.9052
VirusShare_ad9fe472b4dedb9ebe4d4ddf377bf41c,5e-06
VirusShare_ada18186bbf81e1ee4f27ccbcdd21c09,0.214505
VirusShare_ada8ddf78ec9a07fd867b493447974e2,0.045001
VirusShare_adac0bcf0a5ee99e098300623cc7569b,1.4e-05
VirusShare_adb4950d6faf2fdeec92aad604a2e7b3,0.000409
VirusShare_add30c44d617c157a23956733485abdb,0.9052
VirusShare_add4ca53be1fb40f6d003da779399405,0.824109
VirusShare_add7b6b60e746c36a66f5ec233873372,8.1e-05
VirusShare_ade29a2d54618c2067c8fb2435f6ae8d,0.0
VirusShare_adf934f1eaa40b7ce3abb99b07065ea4,0.996528
VirusShare_adfda6f22d1634fffe399bba9fe84ef4,0.000556
VirusShare_ae1bd4b76bb2908be2121d1aa8f0f987,0.986896
VirusShare_ae1cd0af16e8b2471eb174680e7fd90f,0.001346
VirusShare_ae22eeaf790037e95c30e903fda30668,0.9052
VirusShare_ae25bb897dcda2f11a522527122e700f,5e-06
VirusShare_ae48af0bcf82752624c88acbfaa33617,0.045001
VirusShare_ae696996c47ad2cde6106c06ebff3097,0.0
VirusShare_ae75679a71917159de61a8b6aa90cb6c,0.001102
VirusShare_ae766aa52b3038230f9f802667938861,0.9052
VirusShare_ae7ba92ce6f63c86758f86d3708a78b0,0.045001
VirusShare_ae7e67be6c174675131b2029c26a132c,0.045001
VirusShare_ae81673a355498433d3eae19c8fe45fd,0.0
VirusShare_ae824d845a299e6bde6f97c568d36681,0.9052
VirusShare_ae852e85c05be396475c70902e5d6083,3e-06
VirusShare_ae99dfd37ff2f176af2c4b0a31f64ab8,5e-06
VirusShare_aea1abea774ec177a90d6e36707e944a,0.99078
VirusShare_aea901f409e7e5e7b1754090e83f2f40,0.998655
VirusShare_aec75f9760932f2d2fc1e25648510c27,0.910322
VirusShare_aed24867ce651654a24fb7547f731e20,4e-06
VirusShare_aed2901225e1cbc92f0986ead7a87387,0.045001
VirusShare_aed6529e03c0b689b3883b18a63782af,0.9052
VirusShare_aeddcdcd8898c75a9068d79d0929fdd5,0.000388
VirusShare_af0a3d6eb466225fd896f68ec9b46888,5e-06
VirusShare_af1ac9be3279b7532694e7e604b9925b,0.9052
VirusShare_af26f8852f4c8e97d286c3e82e9d35ac,0.9052
VirusShare_af290b8ff78113678bd4828d9e446ad6,0.045001
VirusShare_af340f99f1731d821af36d26e25786cd,0.99078
VirusShare_af3cf9fd0f1d71b66ff647a08bc007d6,0.0
VirusShare_af47dad3033723a5fc57d326c19a558f,0.9052
VirusShare_af4cd723d7b5f2272100c877f79e2ada,0.878383
VirusShare_af4ec0bc13149037006f88effdbd7643,1e-06
VirusShare_af4f72c7f8800d7466611ccb2ed9e117,3e-06
VirusShare_af7c29f9a66356b463713ef247c79c5c,0.055366
VirusShare_af9acbff24f5123105a954f4699a0eed,0.013694
VirusShare_afa9b12cbdf59b7558d53520b94c3c17,0.002988
VirusShare_afac8acbddfc59d99959ea4ab137fe92,0.00226
VirusShare_afd2aca2c6d426ad714dca52527dcb09,0.014971
VirusShare_afe2b72a0d9977ca7f65440778b54444,5e-06
VirusShare_aff10c876ee48365ae34e48fa48f55a4,0.214457
VirusShare_aff510da4cb68fd557b68c7be197806d,0.9052
VirusShare_b000500684600a3ddf2026d97e008ab5,4.1e-05
VirusShare_b01957658abba1b5e92189172f82048e,0.9052
VirusShare_b0234980b84294f9068fb9553fcaf916,0.9052
VirusShare_b02b7856cbf02fddccbde03571618f59,0.055366
VirusShare_b02d790ca75ee5c748cadaffc33d85cd,0.045001
VirusShare_b034024a54fca1229253d63e70cdaddf,0.9052
VirusShare_b05ace45a58d7400eb6d0d809fa9cceb,3e-06
VirusShare_b067e6a02fe417086c69e60e066fdfd7,0.922534
VirusShare_b06a5c221938375d4cd71dc069f938a8,0.9052
VirusShare_b082aaccd893d7dedd867a76decae4e7,0.045001
VirusShare_b084973437d3ea2dc8dae60e8a946b51,0.586886
VirusShare_b08a936289b9856d66af0137e34e22b8,0.9052
VirusShare_b08cae5588e900fe2d13033c1a9228a2,0.998655
VirusShare_b08d9ed9e15e122539feec9b64dc7039,0.795042
VirusShare_b08e0a6cd0a0715c90fb55927e39d333,0.0
VirusShare_b0927ed6cb3579a4d2d21d2b47e69411,7.2e-05
VirusShare_b0973b56efe780beb9bdf2d8a9b904dd,0.9052
VirusShare_b0a098e129479ea5a0a8bf6659368fa1,5e-06
VirusShare_b0a764aea8b010f15c44c130a7f16852,0.000931
VirusShare_b0ab14d0b7335b67411531fded405866,0.013694
VirusShare_b0b386ad7ce2827f6372dff8c2709002,0.018149
VirusShare_b0b4e5505d34cbfbd4a029f847815c40,0.00027
VirusShare_b0bbb33dd177e96eb4b80f0ded2a7072,0.9052
VirusShare_b0d5a21f3b219aaf3a1bfcec46f58600,5e-06
VirusShare_b0d972965234e71a37a8a98443fd09f6,0.000653
VirusShare_b0f311db3d76ac269a4ebfd433ac335c,0.9052
VirusShare_b0f916b39c52a2a03d6512f988d239cc,0.031367
VirusShare_b0ffc46ddba62d637bacf95eda5e186c,0.882263
VirusShare_b126569ea36d0eb1b0326d0531fc8725,5.4e-05
VirusShare_b152ab93c2380e091d9ed0dade189798,0.045001
VirusShare_b1624bb3c581e8b9396af2a6464c0b20,5e-06
VirusShare_b19b5a3a677dfb6eb3c6c88bc14328f0,1e-06
VirusShare_b19df7d474eac94c92005bf520551b97,0.988224
VirusShare_b1a0d3326b5a40e666eb6a36a25f3542,0.031367
VirusShare_b1a261733ef58e92a587c7645af18436,5e-06
VirusShare_b1a955ce9cd5e0b9f67baa935d1bcf61,0.0
VirusShare_b1af60323a4b86cf47534d722471a86a,0.001992
VirusShare_b1b4b581a25ee062319a7ff326106bb2,0.910322
VirusShare_b1b51ce0c554078a8380f7ae494a38c8,0.998655
VirusShare_b1b5d64422be402e2123104989d1e330,5e-06
VirusShare_b1c30fc17ba7071a1f8fb4210bddc4d6,0.9052
VirusShare_b1d69b03c0ad52c94f0d801ec793ab55,0.013694
VirusShare_b1dafaff6730b1bca54fa08590c9a366,0.002478
VirusShare_b1e027daf91d9d7bddc7dcb4370c6f72,0.9052
VirusShare_b1f232552b5447d5416cb2c0dc711785,0.031367
VirusShare_b1fa5d7b62434046d94581218a288cd8,0.008815
VirusShare_b202ec278be8a5387bac531813f482ca,0.263857
VirusShare_b209427dde263c95ed27ef33417dc518,5e-06
VirusShare_b20a87cae5bf2f7dd53ab6a71480044a,0.437972
VirusShare_b2116f4644855acc4fb21c3ff25442fa,0.882263
VirusShare_b226166d5dae1a4b97ca799c8f121553,0.000681
VirusShare_b2275f59abeac999b5e7c5f8ab728f6d,0.910322
VirusShare_b228cf73293234a963da65776c789d07,0.882263
VirusShare_b22d4d52936ed3250d478d3f36ce7ef8,0.0
VirusShare_b230737ae3e7e56a9dfb0c87db62564d,0.501086
VirusShare_b23f77d15695ea96efa82f8e1b05a38e,0.961144
VirusShare_b2470e7e3773486781758ecf1f6be353,0.9052
VirusShare_b2481674bf6aeb38a7bf695712c23136,0.099847
VirusShare_b24cb67bfd7e72c55f9da2b1684dbf26,0.882263
VirusShare_b24f3629767e95aa88e064dbe3480f9a,0.045001
VirusShare_b252f36350548b10cd4a73ed9f681ec5,0.045001
VirusShare_b253da13f9f3d422640c449b96494a5c,0.99078
VirusShare_b280f581cdb6ba6c0539c5c6da4d0714,0.045001
VirusShare_b294a7de43373238edeef72e41051ddd,0.000525
VirusShare_b2a0be0537866b2600ad643025d485fe,0.0
VirusShare_b2b699d554173e60d3b8245ffc507f89,0.910322
VirusShare_b2c1351a34e368b9765317b039482014,0.000137
VirusShare_b2cbecf8db40fc4e6fe0142d4f68f093,0.993204
VirusShare_b2d2998ca06785ab4580b81cf982470c,5e-06
VirusShare_b2d7f723fdd53d16add8b01cd11e4165,0.9052
VirusShare_b2e39c220c073d26fab2aeded0cec340,0.882263
VirusShare_b2e84703a119bc95f3b3461315ba7932,0.002988
VirusShare_b2f03a8e2b0ba23c923b520b7888bb23,4e-06
VirusShare_b2fe07cf1d9fe151f5607d5ca6039294,0.950462
VirusShare_b30aa90ce944d239873be666f5044a6c,0.214505
VirusShare_b30fc9ad71d365473b529e8c21aab3a8,0.9052
VirusShare_b31aadbeb1c98d0179290473582a65d4,0.910322
VirusShare_b31e12756bf6df998574ea835adf94bd,0.0
VirusShare_b32316d9b5243a63d2d7e45cf246938d,0.0
VirusShare_b3258ebdff4a9d3dd139122d59b0adf1,0.998655
VirusShare_b32f7dcfe1e5be73ff93ec828e6d294b,0.0
VirusShare_b334f5528f8d72d485678b5304ca3d30,0.910322
VirusShare_b33b3d3d3410e43a8bcc2740a43eb671,1e-05
VirusShare_b34896b1208be5f6e9dd5d214e640119,5e-06
VirusShare_b34a589c4233e0955de59de5477bfa0b,0.031367
VirusShare_b35051a5f3da4d307c055ba937a814fa,0.9052
VirusShare_b350d9fe2a56df81e75ca725ef17a810,0.986897
VirusShare_b3511a8f1d7ce6f9b828807c1a9d4ceb,0.0
VirusShare_b357bcf5df8f993df1a012ee5af3aec0,0.0
VirusShare_b36885eaed216936be9d06a67c53e594,0.9052
VirusShare_b36a0081cb9c5e8990e66380d2b43a3e,5e-06
VirusShare_b379e0e59d885bec7de3b9d198872c85,0.045001
VirusShare_b37b7afd8560c2bcf4fce5df1a1ffd5e,0.9052
VirusShare_b38e975d985ae72e43807ab8a7571613,0.045001
VirusShare_b393e15bf73db6860c02414d5ac076f7,0.031367
VirusShare_b398aea50971a970c3d528f7c3003f7d,0.9052
VirusShare_b3a329abdd5794d7955843763c4f687c,5e-06
VirusShare_b3a3c4763111c1c34eb6a33af30ac2e8,0.950462
VirusShare_b3ab1df2a29717efb3c5d65116d98f26,0.910322
VirusShare_b3b59efba2cbda70010c7b05e87818d2,5e-06
VirusShare_b3c364791786c88b3fa376c159a91213,0.055366
VirusShare_b3c6bc9b38ecdaa7bdacfd4c1cc04f19,5e-06
VirusShare_b3c91fa26d1e4c0db823a999be4d74fd,0.001932
VirusShare_b3ca034b06fe9f529cfc80eaccfaf5f6,0.000383
VirusShare_b3e4c0dec40b6510a5b2910a1f0d5f42,0.9052
VirusShare_b3e882b2c16a6926305fb3dc5a72a948,0.104824
VirusShare_b3f476d93b2aa906e389bebcc51c56a5,0.9052
VirusShare_b4020b50aa460a7862d09edf81c6c0ec,0.045001
VirusShare_b4099178fc0bcc41fd71264a4747b43b,0.950462
VirusShare_b40dcdeb387d82b8061905dcc4d99599,0.045001
VirusShare_b425db5faaff29191253707b4d495278,0.000976
VirusShare_b436210c03a5319901423c7dac034397,0.045001
VirusShare_b43fb92845396955eb415e652f24c012,0.045001
VirusShare_b448830bd14066b1370a95fa9992e3b5,5e-06
VirusShare_b44d238b9fa3c954df17e907be7b447d,0.031367
VirusShare_b45601c94bc29ed138616c6ca1db4cb3,0.001838
VirusShare_b45cb5a1f4a51a40e0e09eafedb5861a,0.0
VirusShare_b46abec1dcbc0044d86125fa38a3b94b,0.9052
VirusShare_b47080aef3c5e9717f2130c4b3165a2e,0.045001
VirusShare_b472d1afbe859bf7b1c047aaeee5c2ba,5e-06
VirusShare_b478c8a87a250516296b6f73eb229057,0.9052
VirusShare_b47b2628405eb05631d284b958cee901,0.214505
VirusShare_b47c19396ad8087c1c1042f1becfd0ab,0.919273
VirusShare_b48c42ab2852f76a80c1f2a2bfbde635,0.998655
VirusShare_b49225ae7d954a1987680db54a72cf36,0.045001
VirusShare_b49bad6c8649c63b4e9abf1068b87ae7,4e-06
VirusShare_b4bc44cbb8cb9737cb2505e9c5fecdb5,0.126656
VirusShare_b4cd596d86026e217f55123520b00594,2e-05
VirusShare_b4d60804f7876976e8c778070f34ea7a,0.031367
VirusShare_b4e65ed28277c81bc487a30b282b88a1,0.501086
VirusShare_b4eca2f36c2b3cf227bc9cddbf5b90de,0.9052
VirusShare_b4f4764bc1c41c32826d86ee1bc92bd7,8e-06
VirusShare_b53299a8918071866a7e7b16cb902eb3,0.000681
VirusShare_b534255b5d4bbbe63b10c84d7647d664,0.826319
VirusShare_b538d1b48b6a79b695756d28486b28d6,0.9052
VirusShare_b53ee5b5d372cf4992e934950117cca4,0.9052
VirusShare_b555358a32a78a85ebc207f8d3e784bd,0.031367
VirusShare_b559b2dbdf78e0de1c2c760594fea7e5,0.031367
VirusShare_b55f3feaf4e40abd57d7b7479048093c,0.0
VirusShare_b562e2465513ae882d880cf6c89d7467,0.882263
VirusShare_b568a7e1459bba084cab3034bbc97723,0.214505
VirusShare_b5769cec7a625c14de179a5908718f1c,0.000388
VirusShare_b57b1f1152f569e66d1088323db3704f,0.001363
VirusShare_b57fb5324a842bdf50c7bea91d86d3cf,0.9052
VirusShare_b5a3a16559c14a2db6837fb8792134ae,0.001411
VirusShare_b5a51912562945c1cdbaf95f8e8d2bdc,5e-06
VirusShare_b5c03f5ea6a9e3647cb40c04bc8d8e8a,0.000388
VirusShare_b5d467a452b600a67098575c37decea7,0.9052
VirusShare_b5d9271208f3c3dc8f41c2c1f2b94954,0.055366
VirusShare_b5dca5d3c089a1a8c074b173fd8b0095,0.9052
VirusShare_b5de39be28a0649ef87494a658668e13,0.996933
VirusShare_b5e39206f07abd1dfdb62b095c49fb06,0.013694
VirusShare_b5efd3b6f2d71587d0bb7fad8d177de0,0.18927
VirusShare_b5f583d14a6048c4222383835f1e0000,7.2e-05
VirusShare_b60169a8e0c2e65e48bd2f3f553b4b66,0.037669
VirusShare_b6019415517364c10084733e9d6a60ec,0.9052
VirusShare_b6072945e1214a1dbe9ba71fc66df5ef,0.013694
VirusShare_b627873d0aaa813d2a5728b2bf676b8e,5e-06
VirusShare_b62be8e845bef649abf78571529de789,5.8e-05
VirusShare_b62d7f516f21c781dfbb47d5141dd749,0.001838
VirusShare_b64821f6e6413b42b05486c22c431706,2.6e-05
VirusShare_b648ce151f81645180703584edd4345c,0.055366
VirusShare_b64916000525efe0d5b378ba59c05b9d,0.045001
VirusShare_b6532d13cb1c1b731ecf221939fb3851,0.045001
VirusShare_b665bbdedaf10fb244e608a00b9488bb,5e-06
VirusShare_b6736342d4b699eade06aa8670669976,0.0
VirusShare_b675ea0c8cc3c5ab4a18c9603082fee7,5e-06
VirusShare_b688957488a334de65480a59ef63286a,0.045001
VirusShare_b6911429ae3b26550376955c5d345710,0.95174
VirusShare_b697111a92c3e2b73506a81eb6209362,0.003678
VirusShare_b69c37faa162a6db00e7e8dc17d2f63e,0.031367
VirusShare_b69e7662d85b8747c4fbcf513166129f,8.4e-05
VirusShare_b69f9f9ba59d69679f57ba25975f7452,0.844981
VirusShare_b6a15e50515c00df19b592745c522f9b,0.142406
VirusShare_b6ade4f6d2257ed4797a360ec77cfca2,0.9052
VirusShare_b6bbc4e1c019ffc44ab339afcab027c5,0.045001
VirusShare_b6c05d4b0810fc4caf8b7b6520570cc2,7.2e-05
VirusShare_b6c8074ac82095cf8611e89e24346fa6,0.214505
VirusShare_b6defcdff2b131f4e74df58aeb293475,0.045001
VirusShare_b6e042f07754b45bf7743ba85966cb7e,0.031367
VirusShare_b6eb5b6555fe5e4689c398f9920f1f09,0.031367
VirusShare_b6ef3784b88656166dc03b0f08948167,0.486165
VirusShare_b6fa01bea4cbf4d53b462072dc3ce4fd,5e-06
VirusShare_b6fef4ec9dbdc606bfa8b03abda0b5be,0.001838
VirusShare_b70b9d6a8cbdd7c206ab729ed27fc5bd,0.00033
VirusShare_b733df29bcd51009efbb6e555781decb,5e-06
VirusShare_b73fa3e75f70194c44b8faf4fa4d16bb,0.996588
VirusShare_b7408d1f1de2c300d6bcbb26e741d684,0.998655
VirusShare_b750d77d5fa0405474b38e5831fc55a1,0.865509
VirusShare_b75f6dbb3772a7ca3ac50b22cec3447f,0.9052
VirusShare_b7626ccc79aff4e31a2b0d565547c466,0.013694
VirusShare_b768b14f3ed18a1ad1387a5ac7f7f752,0.910322
VirusShare_b77e79857519099eab14a7484599fe2d,0.367558
VirusShare_b78289c523fc04a5ea7b123954dfb649,0.9052
VirusShare_b790a759715add84a83f83850d4b7bf7,8e-06
VirusShare_b7a855a4435af2041d1bb38bd5ee9b1d,0.9052
VirusShare_b7c8447b1e32fd0c65e3cb39b215b141,0.922534
VirusShare_b7ce0ac20359aa423b523da559db878a,0.18927
VirusShare_b7d56df0d3c3889ba03bea7e3cc37f81,0.0
VirusShare_b7d6c448c7814e0793328c83c7d0d6c4,0.919273
VirusShare_b7d7668275ac268d6ccc3428450fe3c0,5e-06
VirusShare_b7d9d5f9799ddd16afdc3e2a1eede3e7,0.004404
VirusShare_b7db3a2a8022c56cc5a1db3e929ef73f,0.993204
VirusShare_b7e2e54ec514f447928af8e90abdeef7,5e-06
VirusShare_b7eb169ff861d2e6b5a4f77d7c5f51e5,0.919273
VirusShare_b7edeaec2fb0959980439afa5f7b7529,0.795042
VirusShare_b7faa53b0b529b829e7c5534104b799a,8e-06
VirusShare_b8081591380da1a9c8627a87500232c1,0.013694
VirusShare_b813fa6aaee9a05b0c48d4db5346fb65,0.045001
VirusShare_b81c5896b2204c12455cfc589f48c0d1,0.031367
VirusShare_b822a4e47de5abcb118b022b9432ff6c,5e-06
VirusShare_b824a53427493f01cf3098317c288b47,5e-06
VirusShare_b82abc4b0c578988c1d2bc1fc4c46d1d,5e-06
VirusShare_b83174eafef19df91cea574cdbb2ff31,0.0
VirusShare_b844083c3af02927d7934c043a9834aa,0.015083
VirusShare_b8510d87ca7003c181ee3e16d18c60f6,0.0
VirusShare_b85651447b400152a1a02721a2a6d28a,0.107204
VirusShare_b8575666622ecaced6833f3a22aa2008,0.910322
VirusShare_b860ad752eb50a7891e28979620a78d8,0.925401
VirusShare_b863559a0d42feba24ee58e735b5d669,0.000525
VirusShare_b86eae24d6ca2c32fefd0ff1d3f4bd30,5.4e-05
VirusShare_b8762ec09062e23352280597e0dd222d,0.014638
VirusShare_b87d9a11d8bdb50860b9984a687063c8,5e-06
VirusShare_b8876d401cf5f97688423067e8c157df,7.7e-05
VirusShare_b894fab386008b4f326209a1deca0954,0.897238
VirusShare_b8d1f540abe9477d73c342a4f704b525,0.366168
VirusShare_b8e04f3b9b2d02a74160b5caf3d97920,0.996493
VirusShare_b8e11423c4b4e0427a30c416f0b929e0,0.045001
VirusShare_b8f098fb565e13ba641daf77616c7a09,0.000517
VirusShare_b8f526a44f453d27711b85f8c16df13c,0.9052
VirusShare_b8f6e00e0b83ae7620ba2104c644f485,0.001834
VirusShare_b8f90d237dbf305d6d29725c082303a9,5e-06
VirusShare_b903f0bbd027a0a6c60c3cfd8173bc1f,5e-06
VirusShare_b9111151a0ad454e6da21b2dd54e3c90,0.993714
VirusShare_b91d175518b9e31b59f0888efcc2cd8b,0.910322
VirusShare_b9213f386a023bd0a9bea0ee4fb9c18a,0.9052
VirusShare_b9237a6a64a4546e4b3a3c1b4de8fad3,0.380331
VirusShare_b927c9cf0fa486e924235eed15067e75,0.910322
VirusShare_b930009c782b301e1598e6b9cb02882b,1e-05
VirusShare_b93c3a5d3d3a7338821751be1bcc9313,5e-06
VirusShare_b95163380fdc2812934368c8bbce185a,0.000127
VirusShare_b95295d8a6fa1071340cab5054860161,0.031367
VirusShare_b955bfe7d6311dbb542e5e0a96454ceb,0.031367
VirusShare_b95e9d44d300870fa008abd6a4287333,7.2e-05
VirusShare_b9679b5cbc6098fa2e83208c7eced809,0.0
VirusShare_b968f2dad83b6816388febf266a8ecf0,0.031367
VirusShare_b98c55820896a5d174e4974a2fd92fe9,0.9052
VirusShare_b991c24047ec76e53f73a35d5f8ce6f8,0.045001
VirusShare_b9941c67107057d3c5de3bf606cb257d,0.031367
VirusShare_b996e86e8bce5a8d649459bcb6180fa2,7e-06
VirusShare_b999c50692eeac595a0317d0c7d14717,0.0
VirusShare_b9a6ea66794fad8cb1b6cb9857dd4b26,5e-06
VirusShare_b9aa07b8f0eba073090909925e21f823,0.986896
VirusShare_b9accc6f47c9af2b02b2d0e2baf27887,5e-06
VirusShare_b9b18df000dba37e2eb42a968d6aacce,3.2e-05
VirusShare_b9b9309ae6c690bd6e4e251e1fe53be4,0.013694
VirusShare_b9be514163eabf75150dda164de713ea,0.0
VirusShare_b9c90af856ae4cc9cdc2471b9b7517fe,3.2e-05
VirusShare_b9d6bb9a6aad2b6ef442523a58ea395e,0.045001
VirusShare_b9d74e1289d4839f284c17fe472459c9,0.9052
VirusShare_b9f385c27f532bae2d7bf803404f93e0,0.9052
VirusShare_b9f3c04861a6780fabaede88caa57f95,0.214505
VirusShare_ba00e5fdb9682df10101c588305afb8b,0.9052
VirusShare_ba0422de4974df464465ae5701c5a325,0.045001
VirusShare_ba06753d3e0df934c212eb38ddc2663f,5e-06
VirusShare_ba192a7a8a4b12367925f3749423bd20,0.018533
VirusShare_ba1c5d2ca00c119ebb814c2a3bf1638d,0.045001
VirusShare_ba1e2ef836c43899e6ceec32afa15ca4,8e-06
VirusShare_ba2971b58d357b23f85100e692d5686e,0.9052
VirusShare_ba2d5b31b43841be186258fa77a7f00c,0.9052
VirusShare_ba3ef1c28b50c99c26ba79db0cf12aef,0.996588
VirusShare_ba4941cf6122ab0dc1b532ee225ea0eb,0.9052
VirusShare_ba4e63724ee9bd09a08eea921692746e,0.031367
VirusShare_ba605abc6eca4df04ce32bf47ee131d0,0.000114
VirusShare_ba69a8343f4fa0623b2817091bc47c96,0.031367
VirusShare_ba74564b4e6bcb9031e3cd7a711ed07f,0.9052
VirusShare_ba7eb779f2fcad8ebc08d5eef40bc014,5e-06
VirusShare_ba806d00e465fc6db87277d228160423,0.013694
VirusShare_ba86ae06ffad820f1abb27ff38c3ae56,0.9052
VirusShare_ba8e076bb489864392505be7465891b3,0.9052
VirusShare_ba9ff935ee9f1fe029f72796a2f1b597,0.000137
VirusShare_baa7d46fa9994099ab50743b9a74c5ba,0.045001
VirusShare_bab0f93b4bb874164c51f101f4054b55,0.031367
VirusShare_bab3c2f9f3b7cc80dfb411930b2887af,1e-06
VirusShare_bad2d0317eab2ddb8dd2ac2e4f7b5cf8,0.9052
VirusShare_bad8c4e223a34a120122d136ced7c21d,0.0
VirusShare_baf220b6e7a98aae02467b0d9cac6cdc,3e-06
VirusShare_bb15a5d095f7ba34aa4551bf71dca479,7e-06
VirusShare_bb1ae09218cf917296bd7ae5c907e947,0.007495
VirusShare_bb2c3c29bf1a43b43d404d0d47cbdbfd,0.031367
VirusShare_bb2f4611fd257e3dffe32d8b860010eb,0.0
VirusShare_bb32f8bc7c14f4569ba6696b3bd0d522,0.808071
VirusShare_bb3f017da7e2bb896c299d399adff796,0.910322
VirusShare_bb44ad1ecdb26ac30cba312e644a0772,0.0
VirusShare_bb4b7327df2a6fc7577715b1e727f0c4,0.045001
VirusShare_bb540bcf3473eb2e2b93db43ffd38ffd,0.9052
VirusShare_bb5a9728f59288577443818347c59607,0.055366
VirusShare_bb67af0d9b7cdc94d00624151180b877,5e-06
VirusShare_bb6d3bc3403a22a9341e771005acfc56,0.9052
VirusShare_bb6da16be495c86c916053de6ce870a0,0.0
VirusShare_bb7393741c4cce8c5770acf3c5617e4d,0.031367
VirusShare_bb7409da9c80af6ca5ef4fdb40b08ed7,1e-06
VirusShare_bb751bc1a752ad75dbcfae938a84b7ac,5e-06
VirusShare_bb85e8ac34f75ea7e8ef17f4817e3261,1e-06
VirusShare_bb9235f7e4cb324bec2fd26baabd719f,0.910322
VirusShare_bb93cb28a3e76f5875b644c17e22ba83,0.9052
VirusShare_bb94e26564ad89637c6d335d1dc7417b,0.993204
VirusShare_bba3ccb15864b81cf3e03dd443dc59f8,4e-06
VirusShare_bba41a4203b7a6bfcef8389aee0b2838,0.882263
VirusShare_bbd43f5ea5720a75e24da00fd5593a46,5e-06
VirusShare_bbd708947f4a41896e12a6af7e5b7021,0.083348
VirusShare_bbe056751e3e98d2ca43bc349f70f554,0.044696
VirusShare_bbea1abcbff8747a4795e62bf1846245,0.000388
VirusShare_bbed856e92597a3ec493afa06aafbd78,5e-06
VirusShare_bbf33af5edb347f98b95ff5d06c2a633,5e-06
VirusShare_bbffbf86280837948403ae6e2cddc209,0.045001
VirusShare_bc189ad46317c793fa816314f26b6056,5e-06
VirusShare_bc1cc57e4927557c68a6beb62c0c2642,0.882263
VirusShare_bc308b59e94722ee78e93754ac2480c3,0.013694
VirusShare_bc309c72547ef530285c3e81769ccf3d,0.045001
VirusShare_bc45cede6a04edeb1c003d068d0cb926,0.9052
VirusShare_bc4d93aaa2906ceaeda4d8642d76bf57,5e-06
VirusShare_bc505f72db6cca89bf09dc5d0d1072b8,0.500845
VirusShare_bc56df0cb0647e53216bb75f2f377c1c,5e-06
VirusShare_bc659647e409293624c1542b94d499f1,0.882263
VirusShare_bc7649a7675628fdb71911a5964fe631,5e-06
VirusShare_bc7e643e4702ee2efc820137b19a8a30,0.9052
VirusShare_bc8aa8d892c0ca4a76e3e4576a7022e4,0.9052
VirusShare_bc8d63446ac1fb1c857007296e31364d,0.0
VirusShare_bc979bde77e50633f4ca16cc4591e21e,5e-06
VirusShare_bc9b9093489f6a6292c8edfcaf0908ab,5e-06
VirusShare_bca60627c77ef02a46b9824615202d02,0.9052
VirusShare_bca853e6b1d691f0f5c52ea26b5bac3d,5e-06
VirusShare_bcab9b6aae3cc32adb3bfbf2e02ef4de,5e-06
VirusShare_bcaf86e32f076aa4ede9c656c06fb5a3,0.9052
VirusShare_bcb988eba382a97fd51bef9b1d0a3e8d,0.993248
VirusShare_bcbef53b4d1f27817b990bbcab607cef,0.055366
VirusShare_bcc1afdef59f0a1e08e1198e92b8b481,0.9052
VirusShare_bcd5b014f5e5500c51c226343ad457ca,0.9052
VirusShare_bcd9ef95a12986a5dcbcb2a9095f98c7,1.9e-05
VirusShare_bcecce8aee78bcf14ca7c7e79e2bdbd5,0.214505
VirusShare_bcf50fcbaa70b2ed531530a875544df1,0.998655
VirusShare_bcf82013e39cef4310eb312625ab8598,0.000461
VirusShare_bcfa5216134a59eee7889657da24b89b,0.380532
VirusShare_bd05b8c79977eae94662227a158d3902,0.911275
VirusShare_bd11c513cc5b6085e44d1624390949e5,5e-06
VirusShare_bd1302f8078282cee179830af4bdb077,5e-06
VirusShare_bd187d238ca85f19e115419f1db814fa,0.988224
VirusShare_bd2580be3dba1e2d0167f55ebb85d762,0.031367
VirusShare_bd2897c52a2c1bd89584b206ff2f6251,0.919273
VirusShare_bd35b796a4839a33dc6d8a53dd094f5f,0.9052
VirusShare_bd3b1baa7aae26a0fcd2ff0ba710ad5c,0.905693
VirusShare_bd3e4778bfc2c334ca3b5884e9db284a,0.9052
VirusShare_bd49692d8ed05aedc1c3b8f56cac877b,0.37927
VirusShare_bd51f2c3e7635ed748f4ed8af9b0ea39,0.0
VirusShare_bd5b604ec28b10b73d674fab57a1374c,0.031367
VirusShare_bd670f6c4203858155f7679d120c41d3,0.9052
VirusShare_bd6d46824110b99fedc6d1fd2197d0fb,5e-06
VirusShare_bd932ba81debe1dcfe869dbe597d5038,0.000607
VirusShare_bd978209a6dc858fca872845e665386e,4.4e-05
VirusShare_bd9aa35c4a5044be2788d77db9ce726a,0.031367
VirusShare_bd9b0adca0405eb6952b04dbda94ad02,5e-06
VirusShare_bdc22b9a8f56131548228c53e57d4f2e,0.910322
VirusShare_bdc9c093dedbe7d424849b0f63abf616,0.9052
VirusShare_bdde9a59753eb4f98876313dbb4b0a53,7.9e-05
VirusShare_bde0df27a56b961f6a09419e4d75286f,8e-06
VirusShare_bdef43a9369c0288a86995f7efd87f38,0.492481
VirusShare_bdf1f28116242870fa6c09aaf774095c,3e-06
VirusShare_bdfeda9fc432e735d2f9d3178d9f4904,8e-06
VirusShare_be04130c70dd9aae07b41a4d9c13eb82,0.045001
VirusShare_be04b4d1561b9e0fe7ce63b4736210a4,0.998655
VirusShare_be12a12a38cc4f094c8944ed245d801a,0.000372
VirusShare_be30206eecea21b065cdbb83be28117a,0.910322
VirusShare_be47c9a413a34fd05bcd63fe2843b90f,0.9052
VirusShare_be5a540e25e35f4692ef808fb08f3f82,3e-06
VirusShare_be5f247a933de95d16ef3523ae621c8f,0.910322
VirusShare_be64e73df2e89162014750a88f4bbc39,0.9052
VirusShare_be74a7156902d46d6e7a728796cca362,2.6e-05
VirusShare_be80bb2e910ce5164dddef0d88602c7f,8e-06
VirusShare_bea286fe7eb4cf7d4c17a052fa2b68fd,0.214505
VirusShare_beaa9313b34caf2097b2bf94774d00a1,8e-06
VirusShare_beb3424ba1c028244736bd765c38658a,0.787324
VirusShare_becd8371316c6ce0003a3beb62b9b471,0.999039
VirusShare_becd974045bb4a58d046070246b2eee8,0.9052
VirusShare_becde5e89b10dd0d0781019acd123434,0.910322
VirusShare_bed4a504bebb63464581d09f8bc9eed3,0.0
VirusShare_bee0d6c7181631fee7f6e8f45f29d962,0.910322
VirusShare_bee4d6401d316be471a64ee51c55879a,0.910322
VirusShare_bee8bd293819e05597d6825527ed0025,0.998655
VirusShare_beeafea1b8bcd7e9ebde86dabfa41bd0,0.9052
VirusShare_bef02eb2a327035d83f52fdbe5421505,0.045001
VirusShare_bef21da35196e426cc0d2d7191886b8a,5e-06
VirusShare_befd76c4529e3a2f616d3931a3882140,0.013694
VirusShare_bf05c06eb72b1c3290397b5767eebdaa,0.055366
VirusShare_bf0a1193f64b5b16b5ccb957c93d8ee4,0.000407
VirusShare_bf0ff22d502955d9c669c75f3ef74d2e,0.0
VirusShare_bf146d422f1e015ba668f7686808d839,0.9052
VirusShare_bf17b726078c95a4873046b040452dc2,5.2e-05
VirusShare_bf245e182f190ac1038b2211880624e1,0.031367
VirusShare_bf2b3d96fd2d5cc9fe78cfe964d9ea40,0.9052
VirusShare_bf2cc17f58424b26a22423bc130949aa,0.910322
VirusShare_bf35b8a2f35a246e159cc9f10ebe9fde,0.738808
VirusShare_bf7beaa3aae0218e7d3725e5a6f5badf,0.826379
VirusShare_bf9d4c2e209b83f122e0d3c3e77dcde6,0.9052
VirusShare_bfa606df53f14963dc17aacb1fc83280,8e-06
VirusShare_bfab230bad2b6ead59d7a4505c32da79,0.045001
VirusShare_bfad3a5da5596271ecf1d095d43fdd31,5e-06
VirusShare_bfc0485ea83919ebbd648657cfd520fe,5e-06
VirusShare_bfd379f6ba363b58c41ff1728d765812,0.994395
VirusShare_bfe06c1be14581b11f7f1497801c9d9d,0.990527
VirusShare_bfe49dfc0879d2c37e6960f1a924c559,0.00033
VirusShare_bfecbd18fb55cc0dba0deb07e2c030da,3.2e-05
VirusShare_bff0ec1ddfcdd83181921ab672f4ddea,0.045001
VirusShare_bff7e0134827fbdd32f1f779f566c16a,0.047479
VirusShare_bfffdacff98104c05c08cf344549b602,0.9052
VirusShare_bfffe025fe53c634d86240d9e8575210,0.9052
VirusShare_c0060cafd7f9db928bb0e78ef2480cdf,0.214505
VirusShare_c0062f85834cb60683e12dcc75a63fb5,0.0
VirusShare_c019e34601128f1482777e9fdf79071c,0.055366
VirusShare_c02aea4976d081b5b39ba443551b3682,0.0
VirusShare_c034e8320b0fe866c2aadcff0ac66e7e,0.9052
VirusShare_c03742346162dfba839670bee01b9da0,0.013694
VirusShare_c04cd87a0355ca1dc2343ae6da06024a,0.9052
VirusShare_c04fc55a9291b8e8c0c2b707a08953ce,3.2e-05
VirusShare_c058f718fc64c259f4c845ecf0974323,8e-06
VirusShare_c05a980e82ed47695f3a4a1418bf8c59,5e-06
VirusShare_c0605898a8e73e6115e6d3c3c8fa95b4,8e-06
VirusShare_c0616bc45ec9860cb946c8cecdc25bb6,5e-06
VirusShare_c06ba3379d46b97708f1e0615d966ec8,1e-06
VirusShare_c077846f415f659c8b6fe1ac0967f83f,5e-06
VirusShare_c07a3cab3241440a0e9acdeda9cd19f7,1e-05
VirusShare_c085c6dbf533b92df7272c59eb5e3c14,0.9052
VirusShare_c08a7de281f58d308d5e9e231d77b0e4,0.998655
VirusShare_c09927474c5b28124935a0fd30709ae0,1.5e-05
VirusShare_c09eaf2b17201ff6c0485bf72ed1a385,0.9052
VirusShare_c0a2a587a3ef55cd505a9a7491e45222,7e-06
VirusShare_c0a82d3cbfedffb12d3aba3d9a2c352a,0.0
VirusShare_c0b11a0349d6f631b34d33f28fbda9db,5e-06
VirusShare_c0cb17e325afde79b483ea472a2716cb,5e-06
VirusShare_c0ec368c79dd5dafdf6630fd6c31aa84,0.000525
VirusShare_c0ed77a77eada3c90a8df04de5f9de6b,0.910322
VirusShare_c0f59315dcc2a3dac1a0f748629641c6,0.031367
VirusShare_c0fcc17cfb79bf673ecd0ec63d597032,0.882263
VirusShare_c120484f120b455a3b1308399e721dab,0.055366
VirusShare_c122f9db836fbd93611f868e4c5fe510,0.045001
VirusShare_c1230d738a8e9e918df26c4c5480f0bf,0.9052
VirusShare_c1258bfb3700c954e04f50ee60327cce,5e-06
VirusShare_c1264298885ca399b2c5716c46b86b53,5e-06
VirusShare_c137e2d89ed26167786511bf783743a5,3.1e-05
VirusShare_c13a7c20e658b8c5f8e2958eaa94331e,0.000218
VirusShare_c143c20ced5f979f59e6e0fae44ab943,7e-06
VirusShare_c14b2947cab18ed238fd466a16d8e507,5e-06
VirusShare_c14bde1fafe67967ee198f85573d70c9,3e-05
VirusShare_c15bbd07ef93d05c7594fe5dc6367fc1,0.9052
VirusShare_c15c0819e32a911b6bf760289d17f82b,5e-06
VirusShare_c1648ab9e8f63287860017f5f0548ae9,8.4e-05
VirusShare_c16d0f15d569ec2954cc4b7c39a7a693,0.910322
VirusShare_c16ec9a6dbbd50f4227c73e45fb3ed62,5e-06
VirusShare_c175717687146951a8b164d64f49b83b,5e-06
VirusShare_c17d116b53429c5adec693eb1d6bf878,0.045001
VirusShare_c180672adbfe3816512deefbb10fdb85,0.0
VirusShare_c18e3dad70cdfda5feae9aeeca97da90,0.910322
VirusShare_c1a3f0201edcabc512b676ddf332b83d,0.045001
VirusShare_c1b382970394fcb3e2d7d59ff60e5b3b,0.031367
VirusShare_c1ba082c48b345af962180bfc0f5b776,0.099847
VirusShare_c1c236e909fc4832c9c132e761191839,5e-06
VirusShare_c1c83431067ad5f303a53e552808f9d2,0.270358
VirusShare_c1cd325776aae254da2e67e91ce68755,0.000525
VirusShare_c1e198dc0919f4929b8944c3dea6a400,0.910322
VirusShare_c1eb5b31c09e868354eb4095ed0b8911,0.795175
VirusShare_c1eb62f3e3d67fcfa3ddc23134cba83d,5e-06
VirusShare_c201035c258e557b9722ab6023b3b644,0.045001
VirusShare_c206c8b6f597492fd614a5864738d649,0.0
VirusShare_c20aec881e71920e0073a4a9c5560a55,0.9052
VirusShare_c20cd8662c981c20ef1d1160eba9da3d,0.910322
VirusShare_c21615b712932fc5f0691c62adcf2170,3e-06
VirusShare_c21e8a66040c58c7d66194c9ca261cef,0.882263
VirusShare_c22cac97d9ca69688728b414b3b5a8a8,5e-06
VirusShare_c23147b20afc6fc4d90eb933730a84fd,4e-06
VirusShare_c23650ac0871e27f2e580b29127c0e27,0.993204
VirusShare_c254846b1d61d52629822b3e4172cefa,0.00027
VirusShare_c2606b3de392035475b6b4024ad1a3de,1e-06
VirusShare_c26304bd89f6e059951f4bbdbd311430,0.045001
VirusShare_c27e5f59323058edffd8e574ce097a9f,0.966151
VirusShare_c27f7263cd0a01bccf185b826e03719f,0.998655
VirusShare_c2853a69ff4959012eb00aa866c4ef22,1e-05
VirusShare_c29626897370944f748a3d0a5b66c286,0.060265
VirusShare_c29e28e32734a3c9af6e6fe0ebd1c93a,0.031367
VirusShare_c2bb9b68a268308c3454505d93139fbd,0.390745
VirusShare_c2bf006d70c008744846441807e2638d,3e-06
VirusShare_c2c96da2216b6fba3b57c02b621dbecf,0.996528
VirusShare_c2cb11ccf52345208cee8b2f0f88facd,0.031367
VirusShare_c2cf3a98b615223fcd560762f35f3082,0.000607
VirusShare_c2cf8b0fd50f29442e49870229b219d4,0.0021
VirusShare_c2ead76feb22a8252b82939228e74d9f,0.910322
VirusShare_c2f1a4e82245d2e3d4487959e8990941,0.0
VirusShare_c2fce310fb1df3740659f8c296d38ab5,5e-06
VirusShare_c32ec0585868edd1e46287023e329ba5,0.9052
VirusShare_c335e01b7b59a2c3e3085680bea378f7,0.910322
VirusShare_c36518a6f9e216658c79c2da49058955,0.9052
VirusShare_c3799a4b90321e8e65572b8c500344b0,0.9052
VirusShare_c37bf62fb84a2c105c656ce1156f443d,0.000461
VirusShare_c37f59734bba58969a8024f9d7b98098,0.9052
VirusShare_c383122868f5408734217b7edc8d1c76,0.045001
VirusShare_c385b5aaac79afa13040db8c25cdaaaa,5e-06
VirusShare_c3887d2d664ccd4ace005526df17ee6d,0.9052
VirusShare_c388ad3b625c35c7a5d0d6c182fb9080,0.045001
VirusShare_c38a62be1e32050665b0e675870e854d,0.0
VirusShare_c38dd9c5c7d19f2601b2a97596933762,0.9052
VirusShare_c3989f7025cf2a4ca59226801ed4ec2f,0.9052
VirusShare_c39ecba5dea702d41c568eab2273a033,5e-06
VirusShare_c3a3ce4c665a14e6ece702846e5836d4,0.795175
VirusShare_c3a4c6b38cb3a59750c0228d4ba65ff2,0.07455
VirusShare_c3a6d3d10cb8e26c46e37b6a694e0de2,0.000388
VirusShare_c3a6ed73aaed7767ba325be03086b931,5e-06
VirusShare_c3ae806bfdc07df7c589ef36d9eeec91,0.9052
VirusShare_c3c5b1715f026be7dde38f3333080a98,0.9052
VirusShare_c3ec2c5113f5d8f885a2af7c1ada5ebf,0.002988
VirusShare_c3ffd700beb4a061c7a8d9af72135b01,0.910322
VirusShare_c4301259363469ca8163c629bee7e51f,0.993204
VirusShare_c43697872321602fdfc0ae8a35d698e9,3e-06
VirusShare_c449a12f910b2c1519902135c6e80b29,0.882263
VirusShare_c44b02d357f638049a77a9aad83db171,0.994395
VirusShare_c44f743def710d9cce082632a1130949,0.0
VirusShare_c45ac55c74a9d27bda9c493777a3f8e5,0.9052
VirusShare_c45dd464de656f5d7372d8edf2950284,0.9052
VirusShare_c47c1a4781063c87a1dafb9b39b7de6a,0.9052
VirusShare_c47e0d0658e407512e1d0f3d4c74aad4,0.9052
VirusShare_c49d08b6d64112405326d9d2ca857623,0.045001
VirusShare_c4b3e38c89ad94fb335612ebd9f92e4f,0.045001
VirusShare_c4d44593fe87c11ed455c612f70992dd,0.9052
VirusShare_c4dbc9474d5d9232b8fe355111e201b0,0.993204
VirusShare_c4e307675392dab59298f8adb7cb2a10,0.045001
VirusShare_c4f609e6b0eb61c2b7e01ea8ccd66cc1,8e-06
VirusShare_c51ac02a5f7c3a147557c02f6268061d,0.9052
VirusShare_c522fe9e71d8cbde449959a16330ce80,5e-06
VirusShare_c52e55ab994ff906072189921b9330fc,0.910322
VirusShare_c532d809990659da1bc427ad039a7d5c,0.000609
VirusShare_c53d7cfbc779139d3bb243ade221da65,0.0
VirusShare_c55f0ff8fbee2dac4508e0352e953c73,0.9052
VirusShare_c56c2504cec4ddb879c2dcff1aff4c00,0.9052
VirusShare_c577c33b9fe57e11bee21bea78e54988,0.000381
VirusShare_c58c41fb9de90f13223980a5147fdf71,0.001949
VirusShare_c58cfd6d15f28f09f981a9d555f6286a,0.001838
VirusShare_c591215902038d49cd1a0efd645b3cd9,0.998655
VirusShare_c59bd5afb81f11b702743d46c9119c98,5e-06
VirusShare_c5aa727a270bbce0a07764cf0d7bacf7,5.2e-05
VirusShare_c5ab468dff02db5cb3ba9e231e315abb,5e-06
VirusShare_c5aee894fc27487f0f5a8656f74ab310,0.045001
VirusShare_c5b0b52ae461c25f59285f0edfbae879,5e-06
VirusShare_c5b9dcd6baa20052e78a6fbf948bc5b6,5e-05
VirusShare_c5caca45cedac88e2d9cdac216803355,0.0
VirusShare_c5cdd193ed281452ba961c682b9c12dd,0.990527
VirusShare_c5db987e95989ca1c04d8d4fd70e838a,0.998655
VirusShare_c5dd4df325b14e58cf851e0bcb617953,1e-06
VirusShare_c5e01a0198d63bd46cd0f5ba65aa1baa,0.9052
VirusShare_c5f194cb9f5e1452e4e1403b646f29ac,0.9052
VirusShare_c5f391e7b3860e5edd5a6e2c6206a6c0,0.9052
VirusShare_c5fe36ad8b329edd3bd7ae4496b115df,0.918289
VirusShare_c60dc9307344fc13ef280d1b6b448421,2e-05
VirusShare_c60faabaef3aa3332cb9d8b6af71caf2,0.9052
VirusShare_c61be78d05783d0b20dc0e053d7de5a7,5e-06
VirusShare_c61dae1a1d09376cceea474bacdd6206,5e-06
VirusShare_c621404571220cbbf28ffbd626cb0816,0.0
VirusShare_c629ee1f8207d6e4528a9251ccbbfceb,0.045001
VirusShare_c64039b350189e19e6dc159148466e25,5e-06
VirusShare_c6492283d0ce00f8b2c3707998723764,0.045001
VirusShare_c64d25426c766f4cd4eb4304ce5626a4,0.910322
VirusShare_c665b3733de406c0e5aff59fa1646160,5e-06
VirusShare_c678c531c94e96c1f45b540ad288200e,5e-06
VirusShare_c67b4c2957aaeb62596680c20a9e9140,5e-06
VirusShare_c67feaa86c471eac9a352add8d52be35,0.031367
VirusShare_c6846835ee913fce500f439a7896eedc,0.000114
VirusShare_c6a26b5de5ac2a63f0d3683144fe75a0,0.9052
VirusShare_c6b0c1b4cd8873605ee03e8b953387c8,0.000138
VirusShare_c6c7329f189d15cae613677faafa86cf,0.045001
VirusShare_c6ccf3dcfe56fbc118b46cc54120b852,0.993714
VirusShare_c6e0f6f1a6fbdd85cc24bc6c80e4d098,0.9052
VirusShare_c7089aceb92d10d045cb88d04449aa75,0.013694
VirusShare_c715fc216ea30adaa1592d7c5f5dc00e,0.910322
VirusShare_c716d70add332e6327654df689826aab,0.002988
VirusShare_c720a0ba7f4b9b3e79b1a0195c45605b,0.000179
VirusShare_c72d1d6065512c7cc980bb6d48a24cf8,5e-06
VirusShare_c7496c8b3a51799aea5a7d71cf880710,0.000124
VirusShare_c74f5afd2549b689905eb47075862bb9,0.045001
VirusShare_c74fdb123a1b2fd9e4b58c30d3c872e7,5e-06
VirusShare_c758ee32a630c994345af1f56b28fcb5,5e-06
VirusShare_c75ab28fd1c4d92809ab76e6f798c3b5,0.001078
VirusShare_c75de20160110a422ccf173ce11e0aca,0.997124
VirusShare_c7694a21c9797d5f90ca1636ed0ff2a6,0.910322
VirusShare_c76fba548d70e85a1b251081dc0ba923,0.910322
VirusShare_c775cac1b43befdc4bb019ec13be2832,2.6e-05
VirusShare_c7885fcf8643fb6203c06db5a5548480,5e-06
VirusShare_c78db37e18b437eb20e77bfd609e4be8,0.998655
VirusShare_c79814ccc6747bb1c2f162e17ca24652,4e-06
VirusShare_c7b1e94b6c418bc8ebc5e624933460d9,1e-06
VirusShare_c7b2da2f4367a50a08780aa85b9c872c,0.0
VirusShare_c7b3909a2ded5cb1c0a5cb6f09712041,8e-06
VirusShare_c7c0705b3ac0e30aac8530937db93fd4,0.0
VirusShare_c7c13ecd8e32ac86de234d404fcc10e1,0.988224
VirusShare_c7c77dd3388c665a9af3f3f35e74d611,0.910322
VirusShare_c7d2f52a1e476c82bed2e697bfd276af,0.002472
VirusShare_c7d49d93e219437ea41755bacbf72125,0.0
VirusShare_c7e8d53a7ba2793e267ad7be7fc1e165,0.910322
VirusShare_c7f554727b466604c7ae331ddbc5cedf,0.000681
VirusShare_c7fc6bb64c4a4ee62a82bb13c598d9ab,5e-06
VirusShare_c80b5805acaeb6735ec0858d4ba62105,0.000128
VirusShare_c813695d442b12bd88057c25fa30818e,0.0
VirusShare_c82a11d6f3dd75ef97b7783bbbbddd5c,0.99078
VirusShare_c8313c27e6a918075519ef4b282664c6,0.0
VirusShare_c8382f5cf675e00e80f448381d068ea5,0.392506
VirusShare_c85a4b1cb6c06447363043f5a6960a4b,0.000388
VirusShare_c86c3183fa6d592afe2d5d3f5ab2102f,0.997154
VirusShare_c874fcb83452b4303f1386aeb3b73efd,0.9052
VirusShare_c878fef0f8f2c01cd2c12839c89b0a3b,0.214505
VirusShare_c87ae12d728c29969f21247980cb3786,0.055366
VirusShare_c87bd3822b1d9535b44a531c1df084b2,0.897238
VirusShare_c87fb2eda09358a48fce5b517af4e85b,0.099847
VirusShare_c88637792d0e5a559cb1575a48035396,5e-06
VirusShare_c89791e3a3b49cfd8c9fa212fa0563d3,0.9052
VirusShare_c8a48fea07e1fccf250dffc9fcf927d0,0.013694
VirusShare_c8a7a44d9d337666658aec2838463f15,7.2e-05
VirusShare_c8a8eec5c8010764884da022c70f1550,0.345817
VirusShare_c8b4269114696ea2ddbb0605c0da6858,0.993204
VirusShare_c8baae233f440b597df98730722480e8,1e-06
VirusShare_c8bd28371c28f94a6f2a49e4061fc4f9,3e-06
VirusShare_c8c41df2bc0ac5d393135384c68c4206,0.950462
VirusShare_c8e79f0c43d9191a8f8a74c0f2ab6a19,0.997035
VirusShare_c8eb1c99e5aa3685cd190b6c1b0abba5,5e-06
VirusShare_c9024ce66801835ba7b75120fa54d74b,0.0
VirusShare_c90412acc01b7ca91f32decbd2d6a999,0.919273
VirusShare_c90cc530a08c1cab9ef06b3bb065c2d3,0.0
VirusShare_c914437b8619c1f6dbca00a4b3e5b2d2,0.000154
VirusShare_c918dd0e90ffa048d8522db46b561710,0.0
VirusShare_c91c4d44df33c9b0741021414cc40e10,0.9052
VirusShare_c9446572d65a22862243b97e92b8cdf8,8e-06
VirusShare_c94b6b54bd54c295b098170fb520c4cc,0.000556
VirusShare_c95469b517f5352a3653456a826318bb,0.045001
VirusShare_c9786a1cc89c1860f4aaa89926fdc12f,0.00033
VirusShare_c97c89d4edc8856fefee1e05af29e67a,0.894684
VirusShare_c97cb76e52363adff1b2e994c6e8b419,0.9052
VirusShare_c97ce27aff1ba271e88894b89fc7e713,0.013694
VirusShare_c9845e690b2fc224e395b51b4419fe1b,0.045001
VirusShare_c9b353626ac68f331ab6a339c6603bb2,0.031367
VirusShare_c9cfbd1c9147f53f778a2fbfb3c3fc78,1.1e-05
VirusShare_c9cfec3212a707cf8b7bbeb14716b9e4,6e-05
VirusShare_c9d8b0240cf5a33c25ab747c3cbc6ee0,0.9052
VirusShare_ca1ec3a27c3354071ac9382c3f6ff84c,0.573921
VirusShare_ca1f2f680af61677b4e2b62c23fa4b82,0.000164
VirusShare_ca1fb8f339a77f4fad11eded262312ca,4e-06
VirusShare_ca22494bd732ea79dcccd05c1bd844c1,0.795175
VirusShare_ca25d62918f83834fd2833a637938e16,0.9052
VirusShare_ca2be433ad4fe97ef7921255f941d9bf,0.214505
VirusShare_ca3fe3ad21d7a01aba2d0728bc3b9f39,0.031367
VirusShare_ca48c1f9129e60be3e0a5e09283ab6c0,0.045001
VirusShare_ca5476afded7d3ee285b1b6b12c7fecb,0.9052
VirusShare_ca5d077b14dca83a0f9a5fa2f0fc4d45,8e-06
VirusShare_ca6dca1df74b28ee53398fdc753d533d,0.9052
VirusShare_ca743a9ce161ea42807b43924bfa7b89,0.031367
VirusShare_ca82b8120a68061fc75fad26a225973d,1.1e-05
VirusShare_ca860fe56ef03b8f437e25b4c0d01af8,0.031367
VirusShare_caab01f542c43cf409b242bbec1bc073,0.099847
VirusShare_cac4c3c2714792e48f3db4443acc43d0,0.031367
VirusShare_cad3f9553c8e0f9caccd9a6fc28951a7,5e-06
VirusShare_cae5c6f0bed8a811351058e74ce99cbe,8e-06
VirusShare_cafaa78ca1f0632f59487ef60cb507fa,0.9052
VirusShare_cb069ea6b3cf66dc4228d4c0aa9e5261,0.059836
VirusShare_cb0749c370d16dac80a9eb0c7bf63bda,0.0
VirusShare_cb0ad97a323a8068f50b4f3b4baebcdf,0.9052
VirusShare_cb148ce55927e891db55d301e5bffac5,0.045001
VirusShare_cb180fec456cd6d91c11d3819fd4e55e,0.0
VirusShare_cb1b8c9324300387c45bca104fbb8c70,7.2e-05
VirusShare_cb2151e241ea5887598b5e11d52a9743,0.882263
VirusShare_cb2fa8ab2a2073d845c0a681181563bf,0.9052
VirusShare_cb3b7b2f82e913ace909b7895e84a78f,5e-06
VirusShare_cb3b93427e324624f9476b87debe54da,0.214505
VirusShare_cb453ed5fee6547d82624bccf18ed6dc,8e-06
VirusShare_cb4b3a332b619d2b49d2efc0afa32326,0.922534
VirusShare_cb51a57dfc4c5fe68abc08cd6a69b720,0.9052
VirusShare_cb59d15b5f33840d0e88aee3cfd743b2,0.910322
VirusShare_cb729da69c128cc6eba5e2bfd3fc3120,0.795043
VirusShare_cb8221e1c60d4138f36938e5bb2bd1ca,0.897238
VirusShare_cb9d03dd34e3d19b3891a4f0c59f3790,0.897238
VirusShare_cba112c2c8aa941fcf4b5462ab0f761a,5e-06
VirusShare_cbaaca9f293f13adec51b8ffe043bb3e,0.045001
VirusShare_cbb004ae33f4e6128724cd79c73b4582,0.0
VirusShare_cbb15e8617e7ddd56bcd8de73b138b99,0.910322
VirusShare_cbb714dfb71de70faf37e7b096560ceb,1.9e-05
VirusShare_cbbe55dbe375f07d33a49093cb9feec8,0.045001
VirusShare_cbbf061965a1122f314c0943fc40cee0,5e-06
VirusShare_cbca35d021860a91364286cf03675897,5e-06
VirusShare_cbe0248907e117963707ba870d53ac2d,5e-06
VirusShare_cbed56db31de00621ede87d8ec754575,0.0
VirusShare_cbee1d8df7d81d5722eb08492ed4adea,5e-06
VirusShare_cbf5da3137f772d42fe83758c51d721d,0.946675
VirusShare_cbf806b4d0c6af860330323ffffba074,0.882263
VirusShare_cc1c754bf542867f4ba4405ed3c632fd,0.000525
VirusShare_cc20f8d751e3c9d04b607b2a7d7199b3,0.949651
VirusShare_cc2d013034ef519e51632636cab473f5,0.910322
VirusShare_cc34ea6dd35a1fefeff4d5e5d3dfe78c,0.910322
VirusShare_cc4044d03cf9467aacf8a7d3aa12da07,0.950462
VirusShare_cc4609b8db8b51e997183a41eef2a504,5e-06
VirusShare_cc4af309c6552ff3b909b01328a5d29a,0.882263
VirusShare_cc54413cae7e93c57dbdb60dd062cd46,5e-06
VirusShare_cc5a73a94b5b94b96678c82214e6adef,0.995126
VirusShare_cc652115da78054b0d526925853bb6c4,1.5e-05
VirusShare_cc75bc91df2565388f7246b3fb917849,0.0
VirusShare_cc76bc852f183b0a6c79702ff0d581a0,0.9052
VirusShare_cc816ce21e38d9bb92c2ee7171debe9c,0.910322
VirusShare_ccb0a2417311ee020462fb12ea0997c8,0.033377
VirusShare_cccbd9b857439c400cf212a441fba8ee,0.795175
VirusShare_ccdd029518537a832efb4dcec3893fe0,5e-06
VirusShare_cce09c247547aabe92eac605d4a9564d,0.9052
VirusShare_cce1c72b57fc7f6437ef0c4d38885057,0.11157
VirusShare_ccf415f6093429c12f41be45df5722b8,0.089825
VirusShare_ccf572ceaed6199fa88211abd5bc03b6,0.000132
VirusShare_cd05208316cb4e582bc7c1f9c0a3bd4b,0.9052
VirusShare_cd12cef84a8d65f1fc7c3cf77698aaa2,2.2e-05
VirusShare_cd201ee616d3555ab21c57f91e005bc2,0.910322
VirusShare_cd31bd79fe67eb48081cc1189031c0c3,0.9052
VirusShare_cd323885eadb931c83a2b8316c4cb778,0.0
VirusShare_cd40b7de9660ad162279b0113583826a,0.126899
VirusShare_cd44974ff63a8556ce5fe18a7f0a5b9d,0.031367
VirusShare_cd489afdb7807e2dbb1861e0ef544e13,0.9052
VirusShare_cd546bf8fa4d64c2349e31c6a17634ff,0.214505
VirusShare_cd558482bd90adfde16af5dccd5f92fc,8e-06
VirusShare_cd63a8c4f8c6ff04c8d39879833b5c36,0.9052
VirusShare_cd86ae212843353003ac327ec383835b,0.919273
VirusShare_cda3fdbfde98c5db42cf58a2f9482cc6,0.998655
VirusShare_cdacdb1d76eefdbf9433726c9142afd8,0.910322
VirusShare_cdb142f23c1d36677df31ac0b3f2f326,0.897238
VirusShare_cdb4edd319e2dc86ebeffceb2abc469f,0.045001
VirusShare_cdb98dd2476e88aa64ae9eaaf620fe01,0.0
VirusShare_cdba9f00e973021403d132f9c7726500,2e-05
VirusShare_cdbc9ff021201e1ae09eea2142adaf7c,0.9052
VirusShare_cdcc324aa220032e289f6e0fe712cd37,0.9052
VirusShare_cdd7d9046c65cbf52471f5be1f6c7b6a,0.214505
VirusShare_cdd987c1a424a820bb9b8adb20507698,0.005371
VirusShare_cdde76d0add31e257c6dfaf300f32a23,0.000328
VirusShare_cdeaf48bc44598a23f7d46900bbfe8d6,0.9052
VirusShare_cdf931a194d3285261a628d7eb46a65a,0.0
VirusShare_ce2155ea8db6e682fd827f5878f14799,0.9052
VirusShare_ce33e83fb74b3b3e548b9675bf35c82d,0.198114
VirusShare_ce39135fa20e80dd12671c9ce8815c95,0.922534
VirusShare_ce54aedb0008f6aba606eaaee0879258,0.000556
VirusShare_ce572cb5b32267142b3247e20dc67ed0,8e-06
VirusShare_ce5b3be64c491384b1bb5baca3a00cb6,0.610653
VirusShare_ce60d6b1ab9a0da5c9017e7da5a45008,0.9052
VirusShare_ce90001ee0bddbf04e363343056a07ab,0.9052
VirusShare_ce9167b720d4e9c6b96bd8602dc767d3,0.031367
VirusShare_ce92747ba058939d5cda2bf12e3f52d1,0.018149
VirusShare_cea305f4ead77941c215dd03790cf777,5e-06
VirusShare_ceb13ec6e30de6522eb22b7a4f8f0d95,0.013694
VirusShare_ceba75fec89fce95e5ef2b133ad8671e,0.910322
VirusShare_cebd32885c8ba256adfa8921a2b588fe,0.003678
VirusShare_cedad629207cc54cb0cbb42033f9df1b,0.9052
VirusShare_cedfa577267567c1cca00745083ea728,0.9052
VirusShare_cedfa66286b353975e70cd5b2650d8ce,2.9e-05
VirusShare_cef4341a67a083140015ab67b3ab39c0,0.808045
VirusShare_cf0620bc06291cb64279f081debc042d,0.9052
VirusShare_cf063293613969acd694cbe3c53fb01d,0.0
VirusShare_cf0780821bc968f833c0c0447f708b6b,3e-06
VirusShare_cf078245ad4f54d68dfcc7d2857045fc,5e-06
VirusShare_cf0981334bf882bd29c6bc946153e525,0.055366
VirusShare_cf151852f885d4f7e87376155eb67c0e,0.002988
VirusShare_cf281afbf66eafbb36c180c76e81e407,0.910322
VirusShare_cf28ae4ec6439076234b501519ecc7ac,0.002988
VirusShare_cf37773a4253449a90968547b24c2b80,0.9052
VirusShare_cf3a3b6a47e9a8f9e429bac5b0743e8e,0.031367
VirusShare_cf403be6c125dce1d566b74e9392842d,2.9e-05
VirusShare_cf42450c86ef6864cccb4b899b67015d,0.897238
VirusShare_cf4ef061a0d3c73f1d185812c810ebb6,5e-06
VirusShare_cf59302bfd962fc35eab611f1a6b975c,0.0
VirusShare_cf7d93f6569d63100841d5907161c02b,0.214505
VirusShare_cf83595974fbb23e5819b059d6be6859,0.949388
VirusShare_cf851960ef9408e35d1e136a9807affb,0.055366
VirusShare_cf8532db244d7bde7e0b9e5026080dde,0.9052
VirusShare_cf8aad0771abbe61797c6210e276ac62,0.000982
VirusShare_cf8ae93116f7a5a55531ed0997f35da8,0.0
VirusShare_cf9fbb160aa3e4b8b22b3c574b8bf8cf,0.079783
VirusShare_cfa9ac01cc85bb224c9c7809bf384bb7,0.045001
VirusShare_cfb0bb7ea279b37e3fbc637b6ec0989d,0.003879
VirusShare_cfb0f132d0e1b437c847cf28c895ef50,0.006247
VirusShare_cfbb7e61202c8dce2862edac1fa5d459,0.031367
VirusShare_cfce3089f1b72d24243a65988446de6f,0.0
VirusShare_cfd1c67735fc5218a78681e37dcd8484,0.993204
VirusShare_cfda8082556680b99b86d20f0c82450b,0.003249
VirusShare_cfdd609b3e7774b414973e4ddf3ad512,0.214505
VirusShare_cff78bd2849b0b4ef9404738ca944322,0.910322
VirusShare_cff8c167dbea7be3590a8cbf6feec048,0.214505
VirusShare_cffe57989646cbc2de20d381a4f009f6,5e-06
VirusShare_d0009e8f855b51872ecac02401f1922d,1e-05
VirusShare_d008b5ac1b929144d485b6042baebe2b,0.367558
VirusShare_d0353c1dff81c4760282221f749a7acc,0.031367
VirusShare_d03de7539e540b4a305f634cd3276cc8,0.86551
VirusShare_d0404e1876cf011fb91f0725f613cb1e,0.9052
VirusShare_d0502b108b057699b58d5c878e34427f,0.013694
VirusShare_d051a69bae19411ca4501419bce72709,0.910322
VirusShare_d05439cb9bdb2d55a6eeb215894a1085,0.9052
VirusShare_d06a00d2500e9abab7d7517004dc56aa,0.910322
VirusShare_d06a6b4dc7b967a6989b46100328447d,0.013694
VirusShare_d06d03da421eb67dce61b550bd808c16,0.9052
VirusShare_d07be3d0a6803c9485d8c6b335470954,0.002988
VirusShare_d07f4889c325a11dee7f7ce634ed6d0e,5e-06
VirusShare_d08137f5b722dff78c9f8ec506aade61,0.045001
VirusShare_d08a6a4cd48e9cf4a901732d652048d3,2e-06
VirusShare_d099888b5f4acaaa7ca8f8a33f78796b,5e-06
VirusShare_d09a77d071c170e81ec90486e8de7c04,1.5e-05
VirusShare_d0b23c09366b9082669629d1985962e8,0.882263
VirusShare_d0c99036d0e1c2a96683e733c23e3dcb,0.910322
VirusShare_d0ca09501981b5a9d2c4df70e2decfce,0.987471
VirusShare_d0cdd206b9f5db1e3ab78422ba1e01a9,0.897238
VirusShare_d0d6eec97066d0be050c14a23677405e,0.9052
VirusShare_d0f138e46c77307196613bf56a2d930d,0.9052
VirusShare_d0f4501df3c1d3679767154d827416e1,0.013694
VirusShare_d1070ff21147b98182dc1a158d762880,0.9052
VirusShare_d14412ec3b7b57fdb75561647c404fd6,0.479702
VirusShare_d15de937f04d3a08726f6e5c67aab818,5.4e-05
VirusShare_d1685d659b6ed1f5ca75ea745ff9713e,0.9052
VirusShare_d1734e06511b19d46dd4cd812357e115,0.000461
VirusShare_d18763c21d1ada6e4cea3250f8ff6cca,0.045001
VirusShare_d19173bf695dd7e3df74feff7566ce2a,8e-06
VirusShare_d19ce0372b8e54ba5f797446127c0c06,0.001437
VirusShare_d1a439295d063bc6f792782a10d8f8c1,2e-06
VirusShare_d1a85babc876dd2d9d7e797f9df4d7b1,0.000479
VirusShare_d1a885fecc7bea52378ffb7c27ce2262,0.882263
VirusShare_d1bcdb0248deeb353d3829ae2df759cb,0.0
VirusShare_d1c95c0acf80a1600a595da3194c0159,0.961144
VirusShare_d1d0a4a5619b44d87ba92f9f4b4212f6,0.9052
VirusShare_d1d2517cbea23a6c548bed14dc74dd8c,0.9052
VirusShare_d1dc6726b6ecfa2cfa6306afcb98473f,0.9052
VirusShare_d1ec3f5fa53b02be5187f03b89daba91,8e-06
VirusShare_d203e74afbbfa478b97161b463005f5a,0.882263
VirusShare_d20a63240790d29124f5fd70fe5a37ce,0.099847
VirusShare_d20c8efcd56dec1087203875e57b5442,3.2e-05
VirusShare_d2210bd729a29ccad3fd44c61f7c6376,0.027431
VirusShare_d25363d794780c1d5a95f57e873a9a25,0.998655
VirusShare_d261fb3705dc436468347d8a546b122b,0.045001
VirusShare_d2720e4a947266d1e2292321766b66f9,7e-06
VirusShare_d274497a433ae60ca60de0b9f073e5e1,6e-06
VirusShare_d2772fea0c2488765d523d9b59763098,0.882263
VirusShare_d2795a5063bff0416d79d5643ce3ab9d,0.982354
VirusShare_d2a05208916da165b1bec8f86693fe1b,0.950462
VirusShare_d2a8451fee27f737e3108446872676a2,0.000483
VirusShare_d2ab692457471055a9eea3550cf17d5e,0.998655
VirusShare_d2ab69ba7effa6d90f0ddc8763096ff4,5e-06
VirusShare_d2dcadcbeeb183c66e7bef6206aff329,0.993204
VirusShare_d2f316ab2ff84171efd02ae1d77f3540,5e-06
VirusShare_d2fb5e3465874341dba0a56a54560f0e,0.000111
VirusShare_d3087d8613745af21147db80c8189734,0.055366
VirusShare_d31be94bf425ad56235ef967a29e5619,0.950462
VirusShare_d31e8a90fe4913afee2042a24de0952c,5e-06
VirusShare_d3286fdabf9cd7b41c8e2f12e2c9dc72,0.910322
VirusShare_d3373f6fc52a2b5834b0bf214750df3a,0.005234
VirusShare_d33e643b66abf6142694564c0d2e0fd9,0.0
VirusShare_d33e71001e090c15ee75b4c1e72fa2d5,5e-06
VirusShare_d33feee5f6dcbb3a00fe3ab17b201cb3,0.9052
VirusShare_d35216b6f93e71ee882c4c28b8f77010,0.882263
VirusShare_d3569fa49ac0c198f62cf49791f7e3e8,0.882263
VirusShare_d3757ff16ca0614ba18b6b779037869b,0.9052
VirusShare_d3787b2eb424d382700f53671ce47e2c,5e-06
VirusShare_d37a10830af18fd0fc2b0959c9ac444f,0.9052
VirusShare_d3b9235c25f42947b78719590c688201,0.996588
VirusShare_d3dd772a368ceba1995aaccb2ae3b423,3e-06
VirusShare_d3e82fe080cde8c3c3e461ca781d79c7,0.0
VirusShare_d3ec05f64cd527d7ea08d3a6b766575c,0.0
VirusShare_d40501558fabf47dfa647a74500c6bef,0.910322
VirusShare_d40bfe90467a45d9b2d8046bb4de8fd0,0.9052
VirusShare_d41492d3fad21b18bea28b5cd37d8b2d,0.045001
VirusShare_d416396cbde85e00d48a84611712b5a1,0.18927
VirusShare_d44a2c558d4549a0bde0011f0379538b,0.083033
VirusShare_d457239166a5c0f6d9976e1782b33418,5e-06
VirusShare_d45d2ebfb42e943a66a6e2e66846e40c,5.2e-05
VirusShare_d463d8b3b18eed26c8d938e5409ca4d2,0.0
VirusShare_d46deca8c294711a51c0775d7416f959,4e-06
VirusShare_d48139750296fee1d1ee3e2bd185ea59,5e-06
VirusShare_d4ab9218cdcb3e40c8d5228267b4e1bf,3e-06
VirusShare_d4ad179eb20d3cc40de6d63c0467c3a1,0.0
VirusShare_d4af7b3ab7348a00336e13c114e147ff,0.9052
VirusShare_d4b98bde5515f0d2bfa49b136850824e,0.910322
VirusShare_d4ba4346ab39c7dd605661b77380e51c,3.9e-05
VirusShare_d4baa59fb988a3950b1067c354407744,5e-06
VirusShare_d4bada9429472ca6f5fe9053c4589b1d,0.910322
VirusShare_d4c1aac62a818c13d4013951006b3e61,5e-06
VirusShare_d4d3aa74bf5605b036b524b73810de44,0.9052
VirusShare_d4df7afcba5b9dd7fe834f0de4ee80a2,5e-06
VirusShare_d4e9d056fde20646451b08d356b5bb6c,0.031367
VirusShare_d4ea3d9b3772bb19ea9ed810c7befc30,1e-06
VirusShare_d4eb91d7923f5bdeed21492a2daaf13a,0.9052
VirusShare_d4efd4c8c02bf1c7130efdcf474f1b69,0.919737
VirusShare_d4f17fa1f1b21890ca56e99ac2be8d23,0.223614
VirusShare_d4f8cf12d25060620f5f976b7fdb0d28,5e-06
VirusShare_d4fdd31930164b7ac5afcdd0add88fb8,5e-06
VirusShare_d50c70f640c7bcce45131be09d6ee7f3,0.000127
VirusShare_d5157c1b3f2d9d539554c34fd27469e8,0.987291
VirusShare_d515db8043d274236077905381887e59,0.9052
VirusShare_d52065e43386224145ca3f61b9c8df24,0.002988
VirusShare_d530500abd51b92057b4fe388b7276c2,0.910322
VirusShare_d55b22887fcc9d9ec10e7c2b5910b1b0,0.910322
VirusShare_d55e1f9d81f7d8b176ce2d198739e6d4,0.0
VirusShare_d562ad3bc85f5b42d9a0ccf83dc854b2,0.9052
VirusShare_d562ae762e560a51f9e7bcc623b875e5,0.001838
VirusShare_d568897bd66f01d0cb27d348e11a38ff,0.045001
VirusShare_d568b08d31d1540b5675d938b23041ca,0.950462
VirusShare_d5722fad53e94f9e8e87bec07399daf3,0.031367
VirusShare_d579977ee4a225eecb7b6b588e9bb860,0.993204
VirusShare_d57eba405a1216d990e85c9067586798,0.214505
VirusShare_d59a42e1d535ab4130cbcc85eff281bf,0.013694
VirusShare_d5a7c41797b7f1f258f77b33bf931912,0.045001
VirusShare_d5aa582ecc3f18b38fcda2d4719afcdd,0.997154
VirusShare_d5ab8d1e1367e564e01cdb88904d0669,0.031367
VirusShare_d5af8eff06bed57257ea6ea042eb335c,0.998655
VirusShare_d5b45e7a9d13e3cabd56f87d171239b0,0.9052
VirusShare_d5bc670ba85a11f9daacd0b25ea18f1c,0.897238
VirusShare_d5caa73528ff9b72f8f2b7a534f73434,0.950462
VirusShare_d5d6d550f190ca02dcc4cbb4afdcb47e,0.055366
VirusShare_d5f291149fe55b938c1f0f1812149d25,0.9052
VirusShare_d5f3bff5e0c6eb5ab93ffc400fba24d1,5e-06
VirusShare_d5f994f3a462cf5e87aa7c9957012841,0.0
VirusShare_d60de31e6e431d66634f84ef0ee29f37,0.997035
VirusShare_d6194fd94ae990edc3a5c6e4b49451f4,0.9052
VirusShare_d633caf669486688ab365d4ddb338319,0.9052
VirusShare_d63cef848b10b3957739ae273d6d11d2,5e-06
VirusShare_d63d813dcc0a1721e63694873d556921,0.878383
VirusShare_d6425c357e1df6504b75ebfc0ea6e424,0.002988
VirusShare_d6465e3ddb3d5031c0b104353948d018,0.9052
VirusShare_d64d6e211e21f9bc7f8bd2c68ea42b54,0.827011
VirusShare_d64f8f5e029462547507236392ce7582,3e-06
VirusShare_d6584d1d64fb52cf198fa957cde50c95,0.013694
VirusShare_d65a07373fda9f4b622b68ac3c744b18,0.002988
VirusShare_d65f88318e5845fdaf8cca2cef77f5b9,0.031367
VirusShare_d66011ddef3e82b21a2930c7aaa5e607,0.00226
VirusShare_d67d77d17066da114138d71d81017769,5e-06
VirusShare_d69026ec134925cd722020b6c8b5ec94,5e-06
VirusShare_d6abbda8f422ccb1c71eb10de26bcea7,0.910322
VirusShare_d6aec31929a71c024aae3f9263a9e999,0.002988
VirusShare_d6c3fe08f6576b380ab606a7b495cdd3,5e-06
VirusShare_d6c926d5f751b0f6711bc0c737e0e373,0.002392
VirusShare_d6f890b5cabb0b20423fafc4d83e3a4a,0.882263
VirusShare_d703bde413e9a4aae516f61c28139aea,0.795042
VirusShare_d70a62c9bf8e348d970aa4f39d06b6bd,0.045001
VirusShare_d70ccaf17d002286ec3aff29356fba5f,0.0
VirusShare_d70f157d6ae5a82718259ae8592dabe9,0.031367
VirusShare_d70f3ece83ba75d209b8f9bba2616eaf,0.910322
VirusShare_d719363c1fed3ca760a4c37032d6f7e5,0.9052
VirusShare_d71f09af9d5296dd7854c5aa22bcb606,7.2e-05
VirusShare_d729ec5b800f9dfc16d08d4600d5cf0c,0.0
VirusShare_d72ec584584e3e4da9e03e3fcf538446,0.919273
VirusShare_d73c7b1a82b73ebd134e3e5b5a4f6a26,0.9052
VirusShare_d753cecb2cd9b4f93afe44dc92ef3911,0.045001
VirusShare_d7664af05cbb4e2d91677394026b1a49,0.000525
VirusShare_d76c86cf51614b9e2b6c7b30bfdba18c,0.055366
VirusShare_d78631a541744745188ff97ce451f217,0.9052
VirusShare_d78d310681b66061aab8c7115aecde88,0.9052
VirusShare_d79ff41be980c0c2a663793d66d699d7,0.9052
VirusShare_d7bb969472a1cdcc0714181867565af8,5e-06
VirusShare_d7cec6fe9d45ca8685438b3bded8fba9,0.9052
VirusShare_d7e20c968cc90f1b986d37648b224120,0.045001
VirusShare_d7e24b184d7ca60d7e92968c4c34cef7,0.9052
VirusShare_d7e36ae2b2592785d26353647e79afca,0.9052
VirusShare_d7e8d017d17151a0bf7bae25e406c37a,0.031367
VirusShare_d7ef1382e8f2f93993207baf7d78a23e,0.319363
VirusShare_d80e4b4ef57ba09ec8e956626a287c33,0.007391
VirusShare_d8245fb2cca4777274d3cbcab53bd3e5,5e-06
VirusShare_d8423c26e621c853b6bccfed004e4ec0,0.9052
VirusShare_d84cb9b3850e256e733fb6c4ea02274f,0.9052
VirusShare_d857564e6628a57720fbc409a0369048,3.2e-05
VirusShare_d861b1cc47aaaf6a73f3460562806956,0.773874
VirusShare_d863cb648041123005890d115d11a150,5e-06
VirusShare_d87cbac930981d114fffc89dd176fdb4,2.3e-05
VirusShare_d8822b5d78580b6b0ceb641c08e9555e,0.0
VirusShare_d8946ea6885744817f3ad742ccba180a,0.910322
VirusShare_d8c286a0a8cdab81074b99ca003bb368,0.031367
VirusShare_d8ca2315a0fbc32d59caaa8f4323098f,7.2e-05
VirusShare_d8d253736836aa4b9d42c59e707a30d3,5e-06
VirusShare_d8dd7a93f0fb7e230e348e78ddb26b48,5.6e-05
VirusShare_d8e0e1c69f6428c9088df868b798d0b1,0.961144
VirusShare_d8e1259d24c32649734f682ab8ab427f,0.002988
VirusShare_d8e4a6ad2cf4382bb68ae6da6b2b675b,5e-06
VirusShare_d8e58e64461b3bb85d99ccfbc6287e4e,0.9052
VirusShare_d8ef4ad2ceb37c97517b370d7d730abf,0.045001
VirusShare_d8f0fee2a1a43240904a34db816b4e5d,0.910322
VirusShare_d8f97e87d8284e66dfc586ef76b0fec9,5e-06
VirusShare_d8fd49263646840cad84bdcdaff662c3,0.910322
VirusShare_d903b267b353ba466ff8a3653eee4cd2,0.993204
VirusShare_d90f0923d7b339fc04054850b8b9e2cf,0.0
VirusShare_d911078f05293eab29a91be5b68720af,0.9052
VirusShare_d91ca421bf5303fbd7c478b92c69ffcc,0.013694
VirusShare_d922bfb73a006361c6e16d10f1957418,5e-06
VirusShare_d9267160050450f5e61bb3d2070698b4,0.045001
VirusShare_d92927c14570cc1b8c12c4614a847cbd,0.921548
VirusShare_d92e6b60eecc9c96a1ad74e2d5c9ccba,0.02666
VirusShare_d93182d70fbc6bf865237778061aaff2,7.2e-05
VirusShare_d9355688a2b184779265000eaff74dbb,0.882263
VirusShare_d93592daa37b3b1489941e6bd3ccd1bc,0.9052
VirusShare_d947118b996f84e505a78f387149dcb6,2.6e-05
VirusShare_d960c01124a6515bf29cf636b7589c19,0.031367
VirusShare_d9639f03c771e9a97220334ada317a40,0.002988
VirusShare_d9655f9366d61ee9a4c1e208ffcc8183,0.882263
VirusShare_d978e8b88fe1a358c6814477afac0807,0.126899
VirusShare_d97cf00be867f1e85dc04a172603f2ae,0.9052
VirusShare_d981487761ff793a5481ec6d7df16423,0.045001
VirusShare_d98e2e312d89e8e7c0eabcc4218ebae1,0.993204
VirusShare_d9914d9c3b6ef8fdbc9f6045672b32da,0.9052
VirusShare_d994702dbaab0a47ef4a2ee134f8b0d8,5e-06
VirusShare_d99ecf682ce31d0c11cbe8e8e93ffea4,0.00027
VirusShare_d9a1179782fcd469febf707763e34027,5e-06
VirusShare_d9a33af8c7e6c6c053c179a48d470002,0.9052
VirusShare_d9ac2b5cf6bd80b06f92284bb608b307,0.031367
VirusShare_d9ae6932e9caf54447708e0a24ad4d52,3.5e-05
VirusShare_d9b2c9e40bdacc9f1b1ece67d59694db,0.0
VirusShare_d9b39ca22e12877a51e42d0326715126,0.897238
VirusShare_d9b88d022382ea43b80f7159d7bb229e,0.9052
VirusShare_d9c0083b5857a07a9c2af2a09abbfe06,5e-06
VirusShare_d9c4292c44def6e0a607c24427aa74e8,0.00174
VirusShare_d9ddcb369d6a9645c950ef062baa67d6,0.08962
VirusShare_d9f153cd59de064b610fde93078a78fa,0.9052
VirusShare_d9f256cb871f867610bf3da7650f42de,3.9e-05
VirusShare_d9faae7ecc355f89bbdcd7b94517f483,0.002988
VirusShare_d9fdeee1d5c6154f1466d1cc4fff742d,0.0
VirusShare_da03439e0f3296c6b9df83ac12ba528b,0.897238
VirusShare_da0a388962a93495e3752bcdab2ba3b5,0.882263
VirusShare_da139ffd8ae3d14ec1e290f76363fcfe,0.9052
VirusShare_da1bfef02ae8b765ecc298db6fcf053b,0.9052
VirusShare_da240147f8ea277bcece8407250f52ea,0.9052
VirusShare_da3a314c22c218139d41d36fe96b1779,5e-06
VirusShare_da4bb0e709c173d209762f81826496af,5e-06
VirusShare_da71a35cd69566bf276c49892f127da8,0.897238
VirusShare_da88915ba41dc5c46f7424ca08a69bc5,0.9052
VirusShare_daa55fd3e2ccdf4866475e6791a1a463,0.013694
VirusShare_daa597d87ecf6ffd5e1a0b63243f293f,0.919273
VirusShare_daa8440811c32cfd4133d49cb247623b,0.668346
VirusShare_dabacf381d124f223bca758a6f8fc95d,8e-06
VirusShare_dacb40c212325943136b6af384b1a94f,0.9052
VirusShare_dad02efc7d12b093cd67f9ebb3e122ce,5e-06
VirusShare_dad2f8ddb8017153609bb99ce73d758a,0.9052
VirusShare_dada9bc02ec5b66328dd2b3eb3a12b79,0.000242
VirusShare_dadcb084036152b62e8585585cdf90b3,2.6e-05
VirusShare_daecf699cb15bc7f428dcff57c59732e,0.9052
VirusShare_db2ae3d0bc0a6b0230c4e41c27d92ee2,0.045001
VirusShare_db300328690b5c6b4c2fd8ed5a431f2a,0.002127
VirusShare_db352cd663621c7609be5e24abbc64b4,0.950462
VirusShare_db41e5aaafa884bf4a425b2cc8cb9bf4,0.919273
VirusShare_db507d7b8509e16033953443a2293d9d,0.9052
VirusShare_db5668a66e2141d56a4ece9ace3dd890,0.045001
VirusShare_db79ddd61ee71a9452a6bdd98adba07b,3.2e-05
VirusShare_db7f77b4b613a522328918fd09c724e1,0.367558
VirusShare_db8e78198033f68ca3dc31066423c08f,1.8e-05
VirusShare_dba09fc635515b791f435e941c0bf03d,0.795042
VirusShare_dbbceedea0702285946062ce02cfdaa7,0.910322
VirusShare_dbbfa160d167b27e5ca01ee6328ed3ac,0.002988
VirusShare_dbc7619cf2fc6f8aba2ec1a4780b10fe,0.998655
VirusShare_dbc808017d5d54444e469e6214796aea,0.0
VirusShare_dbca6c4a985786d26e8859f4be7851c2,5e-06
VirusShare_dbd8132ea2a4722b9a706683314b8362,0.994448
VirusShare_dbd9029f216ba0d551b46838f6e34654,7.2e-05
VirusShare_dbeb61d713de05610502639d88d1dbe5,0.910322
VirusShare_dbeeeeba899f8227cd051a03f3528b1c,5e-06
VirusShare_dbf7f00060bcbb971699a952e01cec84,5e-06
VirusShare_dbfd79c86c7f800cfaeb047faa377773,0.028373
VirusShare_dc0ffd1c98ffb85f5d857adb0cc69cea,0.993204
VirusShare_dc1cbeeae12fd82cbbab918c6037b965,0.993714
VirusShare_dc1d2738ba06e1287d61bab41bdb587f,0.000683
VirusShare_dc1ed7c63c23fa0338e9da218cab2202,8e-06
VirusShare_dc2b75d58eca0e7cfaca96c6cdfbdcbf,0.055366
VirusShare_dc2ee3f0806618d3532f2b8d766c9495,0.9052
VirusShare_dc34b16cf06fe105afd20e6172f393d4,0.026486
VirusShare_dc359b0ba8953aece33bb2ec3f5eb285,0.045001
VirusShare_dc3be6413bed9a4f412ac21c9e16744d,0.031367
VirusShare_dc43f657f41de92847b35079aacc6bd8,0.0
VirusShare_dc50bc5cab0728f5072e4e944d82c1ce,0.001411
VirusShare_dc59b7f81aa13abe592e8c54910c485d,5e-06
VirusShare_dc5f34ee4724645f3767f524eed9a6f4,0.000681
VirusShare_dc6d28e1b3026957d05e90ad61cc8773,5e-06
VirusShare_dc70dfa91fb7e237edf581badf4ac195,5e-06
VirusShare_dc729375bf424a69bf120b8b704bdf82,0.099847
VirusShare_dc7c2aa08328bb0af0e9c84851899b84,0.045001
VirusShare_dc8d7f9915392f7a31b87c92ec76d138,0.000323
VirusShare_dc94ca9889cbd483247880a5cfdd49c3,0.055366
VirusShare_dc99e1968ce565e40ee00379e919c90e,7.7e-05
VirusShare_dca58b155b3d1b7202aa6932443190e7,0.9052
VirusShare_dcab80b5d65a65bcca36a14903e5bf17,0.882263
VirusShare_dcafab9c3ff7f74c4cd1b0e4508bd225,5e-06
VirusShare_dcba00ec703c5e4bc0303a7300d36210,0.966178
VirusShare_dcbd4928bb371f7c11e235b0283a0355,0.992032
VirusShare_dcc779928196ec679212a539cfea1c60,0.002988
VirusShare_dcd226bca3082b92e836195555c03e53,0.013694
VirusShare_dce09f91a9fd412e4e9f02f571ce4d54,0.000736
VirusShare_dce7498ac325607ffa6082412410839e,0.031724
VirusShare_dcf20668e7297cacafee7f3184526ede,0.9052
VirusShare_dcf236fe6e708486a8bcf20a655fd7bb,5e-06
VirusShare_dcf46745aa81fb749e067f73607744ad,0.76284
VirusShare_dcf6bbc51cdc7ca3f1c5715a6f6aba04,0.998655
VirusShare_dd025b6dd9f523c80a5ea70b67342dd3,0.405866
VirusShare_dd0a5ad7c4e0e96e9d7b1f4d36c656d1,0.1094
VirusShare_dd312390f7731b199005589a3b98e901,0.9052
VirusShare_dd35548625613221f1e980d3d6c7b1cb,0.099848
VirusShare_dd43c2736f373992a5d523a27c35e419,0.897238
VirusShare_dd4ae5d6af30ef3180aca11d1ead01e6,5e-06
VirusShare_dd513269516334046679b8dde59a04e1,0.9052
VirusShare_dd57dbc03198de1d8ce41189cb96f2c2,0.9052
VirusShare_dd5e6b83c077390c28b2f48595cec13a,0.045001
VirusShare_dd5f2c2e1fdf6a8d70f101aa20dc9635,0.214505
VirusShare_dd6312cbbd2c2ed5d5d50d6508ea205b,0.031367
VirusShare_dd6f44ce7adffe21b5b903343f0947d5,0.9052
VirusShare_dd79a3e32ef3f485e387cba9f75c86a0,0.9052
VirusShare_dd81e9b4f41f9ed2806578e4d2248578,5e-06
VirusShare_dd87b8b5a08ddbdea371aebf6aa4d7c9,0.014638
VirusShare_dd9626f1830d46d6cba15c0d317affcb,0.910322
VirusShare_dd9b45ee87bf12bf10a440b62cdcad1f,0.18927
VirusShare_dd9f099cc4137fa0cb3dbca0ebaad9a8,5e-06
VirusShare_dda35bedff3aabe61f50579600991e00,5e-06
VirusShare_dda3d6a9c8e62b1bd13ec8348b76aeb1,5e-06
VirusShare_ddae722b74ee95ff498e686b8a0ad48b,0.882263
VirusShare_ddb1b11c0fe88c29507f637ce5d5ad0c,0.795042
VirusShare_ddc7d2d185492f504a4fe8649feff054,0.045001
VirusShare_ddd632b6978620ff83bcccbe0e25f17f,0.045001
VirusShare_ddd63dd7fda7269e2792b22d2e2dc476,0.996933
VirusShare_ddd836ea468481ba21bdf18c02793b16,0.950462
VirusShare_ddde1be86802526d43e8d5f721687846,0.993204
VirusShare_dde359cbedee8d9eca37539d68c79b7f,0.031367
VirusShare_dde3c518d0f2e8e8df2e03a776c6eee2,0.045001
VirusShare_ddf9b2925ef2af95e4ae772eb153d15c,0.9052
VirusShare_de00be0a4672f45e4c8b539c0db93380,0.9052
VirusShare_de05c21417d20de4310d68e39cc7bf48,0.910322
VirusShare_de14f48f7ed65cc011bfdb05969613ba,0.000127
VirusShare_de150bdf981f10d8725b4ca55f3bd244,0.985065
VirusShare_de207c74c9afa99f39122c8fb5e8b1e1,0.996432
VirusShare_de21687b86021a396bd59b99b4ac81fd,0.045001
VirusShare_de3b09bb5d22651b8b49e9fb3a265877,0.0
VirusShare_de4b79acb54c41a001fc7504095aa7d5,7.2e-05
VirusShare_de501d18f1be41b74c1998c678c357ad,0.002988
VirusShare_de505e872b2c698a009c6d074c01381b,0.910322
VirusShare_de5f81308124dc32249de7394db98bc5,0.9052
VirusShare_de681b6bec1e06dbe97b135eb98bd17e,0.910322
VirusShare_de6a42ac9a24e0d7a482a7ec47ce223c,0.993204
VirusShare_de7c3b5ec7fa89a308e0ac5f309ab04f,5e-06
VirusShare_de821d2514c948fe04b2c6d47334012a,3.2e-05
VirusShare_de87c2e93a772ed346c7aed211c5d8b1,5e-06
VirusShare_deb3c845e5ed8b3e234dd91431e75431,5e-06
VirusShare_debd1c40101b94fd60c2333d27388eab,0.045001
VirusShare_debf5e1ae9eb54bb8d4124ece66edb52,0.055366
VirusShare_dec73a99d2f8bbb063b2460164d5a38d,9.1e-05
VirusShare_deca465330bd968b591d5c072361da8e,0.045001
VirusShare_ded261cf44d8ccab007983fd470575ac,0.910322
VirusShare_ded4db39851a2dce1d212bcf29e4501e,0.000681
VirusShare_dee51a512e77ad7e1f6e8abcd055b4dc,5e-06
VirusShare_dee7e14a466f1452e9f833eea535bb6b,0.771151
VirusShare_def19ec1333260f10bc8d66ca8ba3b47,5e-06
VirusShare_df1fc0ca6cb3a62da509d345c6d47535,0.9052
VirusShare_df20cfcc5a4083221d70669cfbe3f866,0.9052
VirusShare_df280dc28b9eed246ef756b0ac8fa986,0.9052
VirusShare_df2999f8da9429b5c5730353aad93eef,0.9052
VirusShare_df30ea91c7bda8293ffe673032f10aed,7e-06
VirusShare_df31bdd65937f836b6977e057b265b00,0.055366
VirusShare_df512da0d2ceeb61b3e880c06c12e4e3,0.055366
VirusShare_df6694fb4512c580f9b1a2a3e17c4f59,0.045001
VirusShare_df713d7cac5048aea471e7ba907f7b67,0.9052
VirusShare_df80d277ca45e29499b50e8855ae6e1d,0.897238
VirusShare_df96ca475f32f53810f1b3d0e9ffda50,0.031724
VirusShare_df9b16107e41e7828cbc73987a1ee65a,5e-06
VirusShare_dfae133000f7083598b068b62d74d4ca,0.031367
VirusShare_dfb25ab5c76380536c0b5f2721afdf75,0.302161
VirusShare_dfb8c0a894d4566e084505f62bf18f50,0.045001
VirusShare_dfb9719d664d6724cb1301ba967957db,0.9052
VirusShare_dfbb1ee699f5df01377e25e01871683d,0.9052
VirusShare_dfbd10977854c6feae6d44291d545821,0.950462
VirusShare_dfc82469d4f5a2bbb98d89a99dbe3bfd,0.045001
VirusShare_dfd3fa905f78293a1707ec2a74b574fe,0.0
VirusShare_dfe4fce3c4126c0d98c9a6cfa5429efc,0.896757
VirusShare_dfe63105a53c0909bf443d7159a1c712,0.008815
VirusShare_dfee8f89c35b45dad72336e98867e7d7,0.9052
VirusShare_dff0434341166c89b137fe39bd90f8d0,0.9052
VirusShare_dff8fe3ca30ac2071289e87ac8415d97,0.9052
VirusShare_dffd8b477dee99e4c043d54adde5728f,0.90749
VirusShare_e009e64ae14e0f824128dd566fc5aacf,0.0
VirusShare_e00b7e55b2dcda8710674aca7e873330,5.4e-05
VirusShare_e01f1123ea345ef31cd29d07ab5537d1,0.013695
VirusShare_e023182e236f735aca6cd3e285a280e7,8.1e-05
VirusShare_e0295b03a18cadfd2ef555869a013ac5,0.009153
VirusShare_e02c94f2916587b2aecd316ed3797c50,0.045001
VirusShare_e02f53f1c0bbea21af6a71f63e65e5a2,0.014638
VirusShare_e052d7b29ee5bf137246bd4f15da77ee,0.0
VirusShare_e0611fd5a462abfb3f2fc7155f4c2526,0.002988
VirusShare_e0617d70f92983d77ebead5a5268256f,0.9052
VirusShare_e065f1b232c6c2dcd8cafc24d3b24dcf,0.045
VirusShare_e066bd0c131b77bf8ef011a14cd59b09,0.950462
VirusShare_e076f06ba65fee9f0256571a5461f30e,0.031367
VirusShare_e08ef70e42587f7cd6b0566dd3fc3fc7,5e-06
VirusShare_e0925aa44ad891c2f03e15fea1aea0b4,0.993204
VirusShare_e0a19455c8d43d962890dbd5e05eb5b9,0.045001
VirusShare_e0a54d56ac0cf523adc4548028d741ca,2.9e-05
VirusShare_e0b4036d8d2c18fca61ce79b35f8f364,0.987291
VirusShare_e0d5d006f87fa9bd75f1e5e3022192d0,3e-06
VirusShare_e1077118708c1727398a4b5b3a11eeac,0.031367
VirusShare_e109026e40dab1fc5d1c56c2e046a07a,5e-06
VirusShare_e1575762bbcd444066e98b182b336b46,0.001506
VirusShare_e17b84c3ab718757babc3867e1f161fb,0.9052
VirusShare_e18e2fac246d126463cdc3039ae1b804,0.910322
VirusShare_e19779d7f0359de949aa2fadbf076afd,0.882263
VirusShare_e19ee8eac3b2af0be52706b024817fae,0.99078
VirusShare_e1b3bb198e23eaac35e8233efa900a2d,0.045001
VirusShare_e1b5295d90f964d0d3798cb7c77a49a5,0.000984
VirusShare_e1cd5964eb8a81b814e11f949211ec3d,0.993714
VirusShare_e1d1316d5bc047ec817b950286734ed0,0.501086
VirusShare_e1e16b63dfa1c781b1ab4de9a02458bd,0.992032
VirusShare_e2202fc068d004088970d49e58b6a872,7.2e-05
VirusShare_e221b6eb5f589f500f7474136d5c3581,0.0
VirusShare_e222003926682d1cbfbe2e6ee7636691,0.865158
VirusShare_e2262e0aaa63ea8fe31de21add042dbe,5e-06
VirusShare_e230fdb01266f4015d775e93ac3e9a4f,5e-06
VirusShare_e233fffa706e3b3b333a558be5620a0c,0.030026
VirusShare_e235b536be455b93c83c6ce9f90e0785,5e-06
VirusShare_e2381c374ab53f01e1c9fcedb6f784be,0.993204
VirusShare_e24e56787a3ef1a06c422e947e7997e9,0.910322
VirusShare_e251129e83d32c1744bce1cbc8018c03,0.045001
VirusShare_e25431171bec555a0641d0e90ae637fb,5e-06
VirusShare_e255ea321e3ed817037e4ee2152aed02,0.9052
VirusShare_e267ef60dc303a7163fb004f11833ee4,0.000525
VirusShare_e2715307d593107cf424d47c08e4153b,0.919273
VirusShare_e27c8c3e8f0d51dbf195303d330659d1,8e-06
VirusShare_e27ed1bb04f439ba12fca75acd3f3fb3,5e-06
VirusShare_e280ff8a8e41b0c0762b8988378aab17,0.000117
VirusShare_e28346ef0bd512d1c7fbd48b9572e5b8,7.9e-05
VirusShare_e28a446ea72425ece7d268cc9ad397c3,5e-06
VirusShare_e28ccf593198c5dbc17f14c502cc7e68,0.9052
VirusShare_e28fbb3b5893150a002b0680f7c08d4f,0.055366
VirusShare_e294d7c440131d0bf6e2a96020269311,8e-06
VirusShare_e29b41f9fb7b72470e3b7729ea02b3d8,0.0
VirusShare_e2c3fe7c30ed92d5163f17d6f62b36cd,0.993248
VirusShare_e2c911a7deb955d3d461a430bc7c3f2c,0.0
VirusShare_e2ce08fc69c8daf0eb448c477df9ce14,0.045001
VirusShare_e2d233ddafe9bc32b8b43a7f22d33444,0.119326
VirusShare_e2d837bb399845cdec7a19a0834a707e,0.045001
VirusShare_e2d9f5b45a155e1b0f212006a6fb2836,0.910322
VirusShare_e2debd27af286f3377d31ac45604d718,0.910322
VirusShare_e2eedb139127b11bc00289a540d8bfc6,0.9052
VirusShare_e2f1196ac1a4f4b60110b10ad0531dfb,0.827011
VirusShare_e31eac2173f50a47aa2d891c1601eeb8,0.996039
VirusShare_e326ac87b2d6ae4807f0d680f6dfa0ac,0.996588
VirusShare_e33b1a3c6ff0764aafcdb7318519c41b,0.9052
VirusShare_e344d5eaeb157fcac44fc717aaa373d3,0.878383
VirusShare_e34a89bec445799ef366ccd4d0ae9c70,0.3417
VirusShare_e353cf50f3d003c06e469ff04a4c4ad6,0.993204
VirusShare_e35fbffc771148e44bbefd0f3809cc07,0.9052
VirusShare_e3668b027221c390b8362b9063e8efde,0.0
VirusShare_e37150b2c0705e729b73f15968213103,0.0
VirusShare_e371d31d0ea4f279c6fa1d87e74cd5c0,0.0
VirusShare_e37696d8eb8bb4cba553967bfcdf0994,3.4e-05
VirusShare_e37badecbffe8c0a2a4947c5a0d86f1d,0.9052
VirusShare_e3911b32de002819f5c24094649f3362,5e-06
VirusShare_e39cccd2c1f0998f0e34fa525132868d,0.045001
VirusShare_e39cdf07cbba4ce80ea4ea970a29a88d,0.013694
VirusShare_e3bb210fc69792504777abd18b703172,4e-06
VirusShare_e3cfef4153f0c3ef87d8059cbe1cd6ef,0.000681
VirusShare_e3d47b446f1412b5ec64282d2e42b2bf,5e-06
VirusShare_e3d6bd3fcfc61e41464c49038ade601a,0.996056
VirusShare_e3dbb808f8a9e616dd54bd8c70f677d1,0.950462
VirusShare_e3dddf54b52a8e96a2d00b23dd3a220f,0.9052
VirusShare_e3e3c0543e52f100cac1cd42d6108446,0.987291
VirusShare_e3edd16ecc38c2f4c9c602ee4b8594a6,0.013686
VirusShare_e412aae1a5fe586211fb24b32334cfd3,0.006845
VirusShare_e41ad0f23a01a9daa6c8c7ed7a8208f4,0.911275
VirusShare_e41cd63d0be6ca649bc33b06810755ea,0.996588
VirusShare_e423b16712d6b7c04b46ece26b2b82c6,0.027923
VirusShare_e4354d75373e1d420578a0dd88157431,3e-06
VirusShare_e43861aa04c4a0fa4aeb459725b1c178,0.007141
VirusShare_e43d4b7025667bd02eab049345b74564,5e-06
VirusShare_e43d71d69d069b8641ad476bc3c940ac,3e-06
VirusShare_e43df4b1f1cceb07d74048a547742932,5e-06
VirusShare_e445bbc199816e02f8adb9819cae20dc,3e-06
VirusShare_e44e301027e8d5b16d692b0a30c6790e,0.0
VirusShare_e4571f6a4e13abd1f14faf48485c31f1,0.055366
VirusShare_e45c159135d1bfdc6b89a8da182a924d,0.9052
VirusShare_e45d1706ff3310e11c101028d3fc7808,5.2e-05
VirusShare_e46c9d785de6a8e8a3e21c29ef24d42b,0.950462
VirusShare_e47627dbd42253c90e46d9707461dbc0,8e-06
VirusShare_e478ec398e4875424121b9345b082be7,0.055366
VirusShare_e4866950f8e1f01f5052f14ad66e283e,0.013694
VirusShare_e48ed9bb14919813ba519014afcad5a8,0.031367
VirusShare_e4c0262297e7f8c2daf7d432e76f02da,0.00033
VirusShare_e4c962f5109132296ecfbcac9ac4583b,0.031367
VirusShare_e4ccfbd0aa4da238a9399f7f81d5ad6a,0.9052
VirusShare_e4cd7a3af8bf28f75f943e3f9fdf06c8,0.0
VirusShare_e4da9ce52937a766e74fc0dfcd209dcf,0.013694
VirusShare_e4db0e836f429626703341c258abec12,0.969126
VirusShare_e4ece46d82918b96c8aae1ceeb3f26fd,5e-06
VirusShare_e4ee520f7ff6d140474af47841919c47,5e-06
VirusShare_e4fd3bc6b6fad49e926f23a76d50e04d,0.9052
VirusShare_e522e6fc4ed65884096f62a2f79eb2b5,0.286374
VirusShare_e523113ff86b1cff9300618b75b102de,0.000332
VirusShare_e532e90eee951e99aff8dfc660c07c52,5e-06
VirusShare_e53764ea95154c1beb9a8bb8008906d3,0.9052
VirusShare_e54870cac8e557d3f33304d49e1b4959,0.882263
VirusShare_e54a7dd33afa4c60e4920bbc44efdc31,0.9052
VirusShare_e5519769427efdc43b39ee97fbd859e9,0.045001
VirusShare_e55a4d2829f25e3b541da7ba07bb422b,0.045001
VirusShare_e572da34217dda03a2614d0c861712cd,0.865158
VirusShare_e5788ebf690fe576748feff28a7f94e2,0.998655
VirusShare_e587c4db0bcc077534e3c16f2c48949a,0.9052
VirusShare_e588b508a4e2b5cb3f45359f6ebdc3b2,5e-06
VirusShare_e58950e85a8e31a5e22fec5b16cb487d,0.214505
VirusShare_e5921bf551c1895f36fec6e277edc511,5e-06
VirusShare_e59a4ac65421f89ffe7a71eb654da0d7,0.013694
VirusShare_e59f9a198d9730570f79ee9917c85014,0.045001
VirusShare_e5af5108fc0ca963a3e4409822429279,0.120755
VirusShare_e5bd2fc4cce9134d9a5e63835c7b4408,0.9052
VirusShare_e5c4002251d77467d5abd8bd57dc40b2,3e-06
VirusShare_e5d58ab477121d321dd754dd21644c93,0.045001
VirusShare_e5da5099f916ecefe715a91b8fcc243a,0.9052
VirusShare_e5ebd69d3f6d61b63c6c5019f1ee755a,0.718328
VirusShare_e5ec8db0a6bfa6843427908e6b5a24e8,0.9052
VirusShare_e5f1d12e9e1d24575cc6a42fa57910d7,4e-06
VirusShare_e5f5b43d1aa9c3ffc3958fc14a6f57aa,0.910322
VirusShare_e5f8a4b64c714f1e442cb58d8c663dc6,0.000171
VirusShare_e5fa1686604d79b9aa11a5108e9d2152,0.001181
VirusShare_e601e84a644738f7796dcc2ccc892f3f,8e-06
VirusShare_e6101a7dc05ff2abc24fdaeaff7c2c29,0.099847
VirusShare_e612590e4136b31489ac22808b7bbf9d,0.031367
VirusShare_e63228dce0ea6e9766b842a05c9dea26,5e-06
VirusShare_e6561377ecc98f47f86b5e25aade2509,0.099847
VirusShare_e659f1f420f57a1336012ec390fea058,0.9052
VirusShare_e660399ed19a031ece6de5bb16c736b0,0.991671
VirusShare_e695f471f59b1c244fe9dc633fafbfa6,0.9052
VirusShare_e6a902a4863179c8c528fd91dd331c1c,9.7e-05
VirusShare_e6af7c1184632cc828ce60361306d520,0.00033
VirusShare_e6b182b3a237295a79e4afdc52474826,0.031367
VirusShare_e6be056d2b1d4e14635efad80560d681,5e-06
VirusShare_e6d1fbe264300e96fd6d3452f8d57c80,0.910322
VirusShare_e6d885c0fee3f42574ba8d02c3af0111,5e-06
VirusShare_e6dde59739ae1d17de4dd80625a6eed8,0.051173
VirusShare_e6ed552b84d437e90031f9fc3d41b62a,0.980963
VirusShare_e6edeab734584095a03154f3e5c4c006,0.520702
VirusShare_e70fe84fffc81f812b65bd469bbf0da1,0.99349
VirusShare_e71544f6c4ce618d622e88a1b97d30d8,0.9052
VirusShare_e7194f5bf18b16d77048478b518164fe,0.107299
VirusShare_e71bfffe3c632fa5dea8433266d14449,0.0
VirusShare_e721fadc206d73e556607a7366a8a024,0.910322
VirusShare_e7240e47032e935d4c3649078395a2f3,0.9052
VirusShare_e72878a606ddd7483d3b936e355ef256,0.031367
VirusShare_e72a3aabafac033c0904dc2def8815b2,0.099847
VirusShare_e72a44108cedafa4c3f6a8f72e1130ba,0.000591
VirusShare_e73bf6dd4b47cd9aeac1cd29456ce823,0.045001
VirusShare_e74e62e4d64c18f2f44b4903b3c52721,3e-06
VirusShare_e763eabbf52316c6307eb44a1bd180d7,0.882263
VirusShare_e7828dea0c4491c2e171e521bc077481,3e-06
VirusShare_e78ca19ebb7adeae3cd4b411dd9fcc16,0.9052
VirusShare_e78d50b1e36de52c9a896f57ca5566bc,0.9052
VirusShare_e7a08dc67b5800aca4663d45eb0d2e26,0.929322
VirusShare_e7bdf70a42df3d4bf6937664ec694ce0,0.910322
VirusShare_e7c0746d3dab2fa5084fe68a500f8109,5e-06
VirusShare_e7c36086c810a13571e11259f0fe6917,2e-06
VirusShare_e7cc964d4defa9363274f29f7fbc42d5,0.009166
VirusShare_e7e24648333a70d230d567334777ce67,0.195181
VirusShare_e7e76b8e4730af687d1dd6542eb31981,5e-06
VirusShare_e7e7cb21d9134b609aaea365d4a3a9a5,3.8e-05
VirusShare_e7ea8b9f6aa07116680d92e67d8f2e20,0.931804
VirusShare_e8032e513d136788ccc2d59c38c9c51a,8e-06
VirusShare_e806e2b46c2d3b9bcc000ee307b8e47d,0.910322
VirusShare_e807d036207c9a3e2f0c7b2b2ed0fc01,0.910322
VirusShare_e81cd38236e24a87eb266ea67e62fe51,0.045001
VirusShare_e82ec7126def390bde4f79745af6df52,0.045001
VirusShare_e8600e8426d3693cf5cbf667e6c7d91b,0.031367
VirusShare_e86331888dde47b16d8a6731c66ef8f4,0.0
VirusShare_e86df1deff0cf9c07c046c3c3632e099,0.910322
VirusShare_e88111cdf7ff9e4a006d771b175e7d3e,0.9052
VirusShare_e889665e5ca8f3a7e19056c7335f6d61,7.2e-05
VirusShare_e88ea809f084f085a406f35bc477ee57,0.890608
VirusShare_e8a15af55dad59c6093aa007668ae552,0.031367
VirusShare_e8a6db122c0f225125219e34021c5b97,0.0
VirusShare_e8aabe5e1b0e49117cc6ed01fe5bdc6e,0.9052
VirusShare_e8ab6b0ca4e603328cc4561bf05243c6,0.990824
VirusShare_e8ad78eec26b630283a7aa21e343e06b,3e-06
VirusShare_e8c6e8453e898e1513f47933aa4ae982,5e-06
VirusShare_e8cf17bf393fa74ed846e8050d8eab96,0.032954
VirusShare_e8d9c7abfecf8cbd882ac0d463049ebe,0.045001
VirusShare_e8e37b07d70a28c61c1a239ffcf13a58,0.045001
VirusShare_e8e5107b448a4cb437b8d8198e75818a,0.922534
VirusShare_e8e930faa09a1b2a7dd07ba412b70ad8,9e-05
VirusShare_e8ef07d771f215766be8dc3f02b58e6f,7e-06
VirusShare_e8f90605d3d97a2763898b777a69def4,0.006202
VirusShare_e903a21eb7f34d490fc5262954446786,0.045001
VirusShare_e91425ce4828591e04eaf6e598bfa4a5,0.045001
VirusShare_e9172f2bd3644b5af39901cccb8f4f2f,7.7e-05
VirusShare_e9276ead2e2eaec20c1c1425267f8710,5e-06
VirusShare_e92f2848179d2d31f3ab053cef367c68,5.4e-05
VirusShare_e93487c72a085c40f9d8ed5e2b65dfae,5e-06
VirusShare_e93a1fa3796d7201888d59f9f51cf338,5e-06
VirusShare_e9600267b3445155faeb12fe59322564,0.001437
VirusShare_e970e852458bfb0fba0800db6ef7a020,0.011322
VirusShare_e9778e4d82531c0366ded8807af4c105,0.9052
VirusShare_e98f7a0c53fb51df8561700fd405b321,0.0
VirusShare_e98fbc7902915adea0dffb21094d0e14,0.9052
VirusShare_e9993a44c7eb99acb97b066b219fdf3c,0.031367
VirusShare_e9a676ffd11cfb7c87deecaa8c94c8f7,0.9052
VirusShare_e9a840c96553e2af6901f2552c414972,3e-06
VirusShare_e9acb2572ba87d7038266acec71f1616,5e-06
VirusShare_e9b034178e9ea5e8857704071c16b60c,5e-06
VirusShare_e9b1fe62f06c4f8c0a0d0b7447e4e65f,5e-06
VirusShare_e9b820038d9cef21b0782ae4e5f297e9,5.4e-05
VirusShare_e9bb235fe58f02833bc19871fcc0525d,0.882263
VirusShare_e9cbecae8549f51b007ea2f1ea1e2178,0.447151
VirusShare_e9d899b6069c56c2fc2c32b56dcb58e1,0.013694
VirusShare_e9f088d0df4814fbf3f35311f091cf05,0.9052
VirusShare_ea13c29df819144f54b2e9cf05065187,0.000681
VirusShare_ea17fb2d41a32390fda8756bf6a81ee4,0.0
VirusShare_ea1caec3c3e2cde435d201733305ee56,0.9052
VirusShare_ea24a9611e92f8ff3bf428b39669951e,0.9052
VirusShare_ea41cb83f3b5a579bd25189a28a11538,0.214505
VirusShare_ea48d3278135e80d8b4f3eb364c5f389,0.9052
VirusShare_ea5b0959a854218fd74155c9da6828a8,5e-06
VirusShare_ea80618385f98dab80c8e86a8d51927d,8e-06
VirusShare_ea83749e79ae22c8f32c2283421bce16,0.483331
VirusShare_ea8451b3b29ed94d8dd2822ff6f03fbf,0.000787
VirusShare_ea846c49339be6e1774b7acaaf397458,0.9052
VirusShare_ea8b5b2371140ac4886e5174c2a11bea,0.045001
VirusShare_ea8d30aa132da70d1181f86d0dd1be55,0.055366
VirusShare_ea8d32b08e921336abf272c3dfb49c4d,0.045001
VirusShare_ea8f6f23d3b9cc9dbddeaa0a81d452d4,3e-06
VirusShare_ea99178c7e99ae28c933a1819f15b92d,5e-06
VirusShare_ea996c6961e838f28f36573b3ca5de25,0.9052
VirusShare_eac17f4e9e13a215959b5fe65d4d2b36,0.693172
VirusShare_eac8dc0dd83cab2029c29ae31ad474aa,0.002988
VirusShare_eacb35981af6c31c024eae62218cb46c,0.882263
VirusShare_eacf00570ba48222aaf64706e45193c3,0.265814
VirusShare_ead3a806402fb5839d15c8d34b2a5eb7,6.1e-05
VirusShare_eaeff49a90ba09235ddf51b37544c3b7,0.9052
VirusShare_eaf308906165f0804630c58cbc7355c4,0.000475
VirusShare_eb007b25f2d1eec2878ce238f8f66b60,0.045001
VirusShare_eb0ce6e006cfd661632fb5cdff9591b0,1e-06
VirusShare_eb13c25201e1a7d945f8fac6bda1ffad,0.9052
VirusShare_eb1ae91bbf25f8bb5119a52555197544,5e-06
VirusShare_eb22244d48326560d5aa1f17b5a5cbeb,0.011609
VirusShare_eb361d1bbdf80578d4a21fb1675cbe3f,0.143209
VirusShare_eb3ebb6a57814f00d526ae4880521318,0.102669
VirusShare_eb4f754a34e6cab0337ac14fd8c52205,0.013694
VirusShare_eb506a085986edf157966db77c7bb4e6,0.0
VirusShare_eb5a4cb5aefc5055f9622af42fdde699,0.045001
VirusShare_eb8badcd4a39e0136680b9849035004f,0.031367
VirusShare_eb8dd0d63dea3d8b158afa303a4eb37e,0.002988
VirusShare_eb8fa620968699aece6c39939ac86ddf,3e-06
VirusShare_eba27ccfe9db0e3e3ba5462a530a0d16,0.897238
VirusShare_eba4cfb68a38d9972169c305423af5e0,5e-06
VirusShare_ebaae9f65454cb26c040b805337a8090,0.0
VirusShare_ebafd75c74e630208ad4418e78139808,0.002221
VirusShare_ebbf79aacba4a2b3fbac6d2ce152f5a8,0.0
VirusShare_ebbfbf9c64cde895323cf898ae7530cb,0.000475
VirusShare_ebc285811fd5247887dc30d0aad39f3b,0.9052
VirusShare_ebd1b6ec6f7f8520d3bed928d434cd8d,0.9052
VirusShare_ebd95657953ee1d157c72d496dc8ab12,5e-06
VirusShare_ebdc7154d7bb545191fdedbf794ebecd,0.045001
VirusShare_ebe76a7da7c448f3461654d8150fbb05,0.910322
VirusShare_ebe953be4fea0403ad6e2f062ec08d18,0.906553
VirusShare_ebe9ac532d81fb4abf56f567e237ada1,7.2e-05
VirusShare_ebefdafdac9d7a37730a22ce7789aed5,0.214505
VirusShare_ebf6fc1f87c9e86503cdd4a3424d7328,0.045001
VirusShare_ec0d8444c7a1d5ba67c80f9d06e0f665,0.882263
VirusShare_ec12dbbbf7e89bc5c0866f2c957d2a1f,0.910322
VirusShare_ec16a41b9eabd937c228ffffad326e9f,0.9052
VirusShare_ec1afa32abff244d83e50ceaf195d8a5,0.9052
VirusShare_ec1d6792fe4f804cd77e95d3249319e8,0.882263
VirusShare_ec2d6d4f47e741b1f5e006725edd95e4,0.000187
VirusShare_ec30e3c7040175a63db6fafd7af0be39,0.998655
VirusShare_ec4627555ecf956df85a38114a0e2635,5e-06
VirusShare_ec6d9796a4719c57260c7892c7d72427,0.031367
VirusShare_eca54bad64ff2f30c8fcaa30e6a64377,0.000127
VirusShare_eca6bc7abd798d894890290c6b1d9c4a,0.031367
VirusShare_ecba0838b20796097a02b2b36be067cc,0.9052
VirusShare_ecc4b27ceee552a837a60c915d1d5d7a,0.099847
VirusShare_ecc6755532b797e4b1e246296cf7b4c8,0.9052
VirusShare_ecce886ab8e0f1c76f123dcc131d8e97,5e-06
VirusShare_ece55190e585560b8613c1b0970c79b2,0.9052
VirusShare_ecee8d252782b1955cf8cc555e4da9f3,0.055366
VirusShare_ecfc06aeffa7b94f8f41b4ace8f7bcd1,0.042487
VirusShare_ed028643edea0d2dd23bafbb8a67b901,0.0
VirusShare_ed057db261279e37ced2cf5d85e741ee,0.045001
VirusShare_ed1902124fbce92c9e2414869fd340d3,3e-06
VirusShare_ed20a01ec2d93943bd0664fafb76daa6,0.996588
VirusShare_ed29d69dac4e7b07b318c879134cf5da,0.013694
VirusShare_ed369a8df01634f07b95ae40ebef3e8f,0.9052
VirusShare_ed3ba30545f55575ce49e02e98293d5b,0.9052
VirusShare_ed3f2d96a7d536d34eb197298c2105d6,0.031367
VirusShare_ed43e8db2f613552b3a225d67929f582,0.003536
VirusShare_ed4abcf71c60e288954c907265cb1829,0.998655
VirusShare_ed4f3ddebc14ef10bd67de799cb99ba2,5e-06
VirusShare_ed5dc24fe36bc6666fd033cb8dae3a04,0.993714
VirusShare_ed72c058c3d18b8a4497cf3ce0c00211,0.0
VirusShare_ed8035c427bc8a55785d93a34119e3d8,0.013686
VirusShare_ed83e1d5ba1963983d9741bad01476f8,0.0
VirusShare_ed93718a266e6124753da356182cb302,5e-06
VirusShare_eda6d7516fc47ecbfb595ec75ee2c53b,0.031367
VirusShare_eda78b260933039097bc4f255c700e87,0.214505
VirusShare_edbb983807cbac95d70e5b020505ca6d,0.9052
VirusShare_edbd875dee0cc5dd6474a0f0317e5eaa,0.0
VirusShare_edc593e6f88762a8cad8e25d58722181,5e-06
VirusShare_edfd18b9ee9b34bfda5efb66ae468a1b,0.04196
VirusShare_ee08de73f6a0dcb3cc5e53a0283da117,0.002988
VirusShare_ee0babdbe98e162cab6bda0c986c8f60,0.031367
VirusShare_ee3525fa3145566129ab27e572191b47,3e-06
VirusShare_ee365dfeabc594a0670c8f59ae853f58,0.0
VirusShare_ee4424977fff4c4ba8624ceb1818a5fd,0.9052
VirusShare_ee5bc4c3567d2cc2f24a6f624ece31eb,7e-06
VirusShare_ee6bca67ebe19775fb0e7dbe41b964ca,0.910322
VirusShare_ee97f88b8a75cf9bbdb84881d1b6bd12,0.501086
VirusShare_ee9e49b426fd9d4546270b0ed9baf4f3,0.031367
VirusShare_eea09a62d85950243de4ac0fd7cd2211,0.9052
VirusShare_eeb63a62e05226448a0bf753699826e1,0.045001
VirusShare_eeb6ad2853eeef6a224cf464a527967b,0.031367
VirusShare_eec30f6e2900ad368a4dfa2a44070b2c,5e-06
VirusShare_eed739fea0bc483844ddf8ddcce053d0,0.002151
VirusShare_eede070d4ee84539367beaeec9415f6e,0.998655
VirusShare_eede9ed736206aca2da2c334e239e8c7,0.125585
VirusShare_eeea8bed81ed14ac9f519bda5d1c40de,0.795042
VirusShare_eeefa371115965b162867aa27bba255a,0.9052
VirusShare_eefc3302423538f2f07a76c04901b9ef,1e-06
VirusShare_eeff558d005d9bdf396577fdc3d59174,0.000525
VirusShare_ef058a6e0a155822de435e5de65f34ec,0.000984
VirusShare_ef08b61748e243d9e05f1db84d156e6b,0.9052
VirusShare_ef10591056b95cf1d251ba111be7a298,2.9e-05
VirusShare_ef16d9afaf73f09d84dd334d85cbb2da,0.400255
VirusShare_ef176807787946e01bd05db2bedd7ed8,0.9052
VirusShare_ef1e54fedeb96940901886c9aba9bd66,5.4e-05
VirusShare_ef2371ff5f78fd87a131be1e5e47aa50,0.045001
VirusShare_ef23a2092b8b40997292ff3805c9f9ad,0.9052
VirusShare_ef3ee1a764a33632b5cf8d0b10853d8d,0.501086
VirusShare_ef426d4bbf705a856245b5bcbdf7e46a,0.00226
VirusShare_ef46f5850b6182aa296149499a23041c,0.910322
VirusShare_ef4db4899f10a92ff23f468f1f016b24,5e-06
VirusShare_ef5c1e403adde3dd18a83897851ed9a8,5e-06
VirusShare_ef7abdd31aa2f92d247bd6b54b9fa5c3,0.0
VirusShare_ef8f8db6254541679d2ec752d8c458fd,0.9052
VirusShare_ef9bf5b969f6d0239f6cd296ddf40543,0.9052
VirusShare_ef9c29435fe65e233292add3fe41d0a5,0.950462
VirusShare_efab4862b0b3404b81cc5371de21a09a,0.844981
VirusShare_efba9b1806654d7c3e5431b180fd98a3,0.031367
VirusShare_efde7e2752a68a74318fc251ff641650,0.031367
VirusShare_efe4f66539fb8b02546e7f413db9ffd8,0.001072
VirusShare_effc46bb69ea12d6edfe47a6c88fe947,5e-06
VirusShare_effcd1d089a6dc45660fc83de2a036e2,0.000154
VirusShare_f00e0bf11a316d65ab59574825f125bf,0.48689
VirusShare_f0101f0e9a94dbd28a1eb449dc454072,0.0
VirusShare_f01101116742cb0695747e9f1a40ad62,0.045001
VirusShare_f031b9573d2e92f5771e670967000874,0.894684
VirusShare_f03dd79494ac541b286e6d7e29e95a0d,5e-06
VirusShare_f0480018a4a92d166e0b072c07cff539,0.0
VirusShare_f04b1ee77f659b2596aeeb251d2bbd31,5e-06
VirusShare_f04f636117c98077981bdbe5b3e5741f,0.045001
VirusShare_f05290862fde867cfaad81d4be571636,0.214505
VirusShare_f055fa0cd27063798ef8d63ab0e9b565,0.163712
VirusShare_f05796aefe97500c6353bc6b8623a183,5e-06
VirusShare_f05c67c17636abfd5506d39024b93259,0.013694
VirusShare_f05c6fc2fb93bbc90013ed459a712980,7.2e-05
VirusShare_f067fb9e389666ad04b02f226cb82af5,0.002988
VirusShare_f0751d10d509c59b25bb9e9bfd8aae6c,0.000607
VirusShare_f0788b74439d4494761c8aa1c6bdd657,0.668346
VirusShare_f07d4cbdca54b2f7f69dd6b54c307513,0.9052
VirusShare_f0898952a23332bb3fc0474ad4039b8a,0.031367
VirusShare_f089eb04cf797924ab8a988f4f459a21,3e-06
VirusShare_f094b011b046e05f00f0fe38006e0319,0.985741
VirusShare_f09609b626e485ee04c53ae58b58d900,5e-06
VirusShare_f099b0bf7e05f40fff9345a618d6cb42,0.1094
VirusShare_f09f66b8fb36a6c5927796d1dc7670e1,0.9052
VirusShare_f0a508c8ac6f161c61442ad0e2841baa,0.9052
VirusShare_f0b261c4fd8a83d57ab235a4b5b3e250,0.000352
VirusShare_f0bbb469dc3a97b39dca1213f9d4176b,0.9052
VirusShare_f0bbd215ec9d09c4d357aa24fe8214a4,7.2e-05
VirusShare_f0c309bab6867b0f3e87f83d655f287c,0.031367
VirusShare_f0c7d41ab6981dc66cc5450b9a97c6b4,0.000681
VirusShare_f0c98d480da49cce42ba4af421cc8d88,5e-06
VirusShare_f0cf75d5bcfa886c8e856826553e51ec,0.045001
VirusShare_f0cfc4d904fa8e6e9a84f99629c8dfd9,0.9052
VirusShare_f0d6a990e093b031e0a0bae85a4a1c37,5e-06
VirusShare_f0dd7d77abd2b70302cf3bc8d3d1dfbf,8e-06
VirusShare_f0e256d5cad5168d932227c40c6c7989,0.9052
VirusShare_f0e4ec9f6da2ff8083b9fea87afa52bb,5e-06
VirusShare_f0fe158341b91c722f6fde27150874cc,0.099847
VirusShare_f11f2f61cac330f1dd69d57df19b479e,0.002988
VirusShare_f12319432fe8f4188085c3e6153484f5,1e-05
VirusShare_f1246b7657e494401ecf0e63ccd81a42,0.882263
VirusShare_f1284736661a3ffbc6ed6e7ac7acfaa4,4e-06
VirusShare_f12d9bffab881fea5c57a0fa23e53f2f,0.9052
VirusShare_f132a8fa0c37873a0108ee155700f3a4,0.045001
VirusShare_f13dee546717d1c420f6968d9ff35679,0.9052
VirusShare_f1452121d6af65358efa12ae382b2685,8e-06
VirusShare_f15ac7ff2a04787e95c3d222ecb17458,0.0
VirusShare_f160e14ed1f170d614b5a23db921db43,0.000127
VirusShare_f177fb199616aa943dc78d779dbd6f56,0.882263
VirusShare_f180b3dc44aada969a0c781c1f99b02e,0.882263
VirusShare_f18c61d7601a2ef324db0587a85ea9d8,0.910322
VirusShare_f19c3e5f0f83a486c0fc0efdd167bc7b,5e-06
VirusShare_f19e24980f1f0e51313786250c36e5ce,0.910322
VirusShare_f1a8eeaaaa4a8fecfd494790d8d79869,5e-06
VirusShare_f1ae0febae1f32d5a77871b8968559a3,5e-06
VirusShare_f1b895b93a56a7de3cb8c6e3ddd55688,0.0
VirusShare_f1beabd5edee93a0aecb559cf0a02370,0.9052
VirusShare_f1c61308ec715bd60e85528da059b067,0.996432
VirusShare_f1cf7425da9a524c8f299210ced0eabe,0.9052
VirusShare_f1d904352acd6fbf5c625c6414fd5acc,0.910322
VirusShare_f1ed4ef5461cb3b0bd3b2d57ef48f407,0.374443
VirusShare_f1ee00ad03b89ef8e7e7008b68cadeae,5e-06
VirusShare_f21373c84aa338b0182e54da152ebc69,0.031367
VirusShare_f215c8813bf453f08b9231feff9d5f9e,5e-06
VirusShare_f21ac41963d72c0500e4a5bc0b9d4798,0.031367
VirusShare_f22e4bdfa6cc68553e7646a9dc80f7db,0.045001
VirusShare_f23000a51a7ac80b39bab71e83c3983a,1.2e-05
VirusShare_f23a92bf4d89e9b58d940992434e190a,0.993204
VirusShare_f2456dc73cd64b0c4ff9917b3374f829,0.031367
VirusShare_f24afb3a683b2b95a91ed0a3f7906a98,5e-06
VirusShare_f25a2ef98b4d2b377a0edcff7651d03a,0.9052
VirusShare_f25b6b2300f0fd15904467ecac3d30ea,0.0
VirusShare_f25c47f363523e9e9e5c0a9fc091085f,0.9052
VirusShare_f25ee016581bc6ee8f676d3ec2963462,0.0
VirusShare_f2629e0eb10a1c7960f995ddbb9ca0fd,0.910322
VirusShare_f26373d27df6740aeccc2423c9676381,0.9052
VirusShare_f2654cd7598c850ba9229ce85998b556,0.001838
VirusShare_f26bba6285f9e2c6239c3164297560d0,5e-06
VirusShare_f27ca754dc8d83f2115faa5da4178063,0.031367
VirusShare_f281ad9692261d1a82062f60608d24ff,0.031367
VirusShare_f281eed68163245661609f462a0c6266,0.001499
VirusShare_f284cf9c7674b5bc7673d3acdb3e0391,0.9052
VirusShare_f28694cea2b1bc5bfe548e46a130a025,1e-06
VirusShare_f28f2505d3f5c044ce1b2086a009c1e8,2e-05
VirusShare_f2c7810937fed393d18f7367e5cbf376,0.9052
VirusShare_f2d4a5f42a1430231fc44a0be882a1c8,0.910322
VirusShare_f2e35d2b69b4e8a5c4fa224754d8798d,0.013694
VirusShare_f2e8ff34e84b86e7f10f6b91bffcee9b,5e-06
VirusShare_f2fdcf9fd8e34574446299deb2d00f20,0.00033
VirusShare_f2feb6f64cf5fa81d55d0a01cb08984a,0.9052
VirusShare_f308b20bbb7938f1b882cac6aa53cf80,5e-06
VirusShare_f30d2da1c1b2310591dcaa84a04c374a,0.9052
VirusShare_f3125d983b422a38dc620d47c01916a4,8e-06
VirusShare_f32a789cd1a8318af7a8a20af21d7994,5e-06
VirusShare_f32e3d884969db172f25dfb92f088ef6,3.9e-05
VirusShare_f3339bd5b81c44430cc9da3f6b2e15ba,0.897238
VirusShare_f33dd3f02edd4ded93de3b5c400e3676,0.031367
VirusShare_f34fbad8bdf82363f6ee759bd6ee1489,0.031367
VirusShare_f352ed6665879e3d5fafd648aba57967,0.942789
VirusShare_f35891fbc7633b05e72dfc995dadb6a3,5e-06
VirusShare_f35b55a1442ceb07803b1225b4c21bad,0.9052
VirusShare_f35e11f3d153e4ea6b31334c84dbbd13,0.002988
VirusShare_f36796304fdc28bb56063fbb08408dd5,0.9052
VirusShare_f37b10dbf01592901d433ce9c1abe2fd,0.966178
VirusShare_f37bb5354b274cbcf06eefe6840786aa,0.363213
VirusShare_f38a2d98030bcb9527985c58d1b52f44,0.9052
VirusShare_f38df8d6884cac808f49ec1628f26bd8,0.9052
VirusShare_f38e3afaf90acecd5e41aaaa6823782c,0.12196
VirusShare_f39572b7a149fc9b554ae0f5b33bdb49,5e-06
VirusShare_f3959cc48609f0931b2fa4c62ba09870,5e-06
VirusShare_f3a1dc20318e6d665ce8a295868c13d3,0.013694
VirusShare_f3a9c0dc8b3f617d8fab72fac13ab906,0.998655
VirusShare_f3ad7e74c71c331e878f4382ce365361,0.045001
VirusShare_f3b5c0be4623074b32a2f196d062d790,8e-06
VirusShare_f3c0f589978b96ce039d43aacb9b685f,5e-06
VirusShare_f3d3ba6a19ca2434848ddded2cb4d5d8,0.031724
VirusShare_f3d67329de8972892d9194c8d9dd21e2,5e-06
VirusShare_f3d979f15873f3e86fcc23f647e162f6,0.9052
VirusShare_f3e18f09d95344445398dcf8f57c4e95,5e-06
VirusShare_f3f0c71435364c85433745c42603c93a,0.9052
VirusShare_f3fac4a37ff51eea4afc31c57b254249,5e-06
VirusShare_f40b76e6d8deada891fe45d09a597c43,8e-06
VirusShare_f40d3e2bd855c2cee18cf561df92ff93,0.9052
VirusShare_f40ddb52b7e5c070fa05d4e64c9de59f,4.9e-05
VirusShare_f414e457b2ce792a75f1524da69a39f6,0.950462
VirusShare_f42576b8468ea577ecaae5f24635391d,0.099847
VirusShare_f436870c9a798e34f50b1ac5cbc75221,5e-06
VirusShare_f438a674ff0fb7f52463da53ddd106cf,5e-06
VirusShare_f43c2a92d29e2d34152c5801e763029a,0.0
VirusShare_f43c5108e76f707237de66a8b733769e,0.000154
VirusShare_f4514a67d5b15c615b4ea2f5397f23b7,0.501086
VirusShare_f452642de82e8f0045d6ddec646dac19,0.882263
VirusShare_f463ed504c129ac7917f8e2e769a2881,1e-06
VirusShare_f473635b6b2b3453683b474d122ee031,0.0
VirusShare_f4878c09f24541ed45b0c3c828149bc1,0.879539
VirusShare_f49034d94184628761aa873c8852cea5,5e-06
VirusShare_f4a60e0e9b78ae360ffe12516d886c6e,0.013694
VirusShare_f4c53811f585fdd72d482cd4ecbd8c17,0.002581
VirusShare_f4cadd1f2e1bdaefa7d4f100c3569595,3e-06
VirusShare_f4df388295f7e6566279e09ef1dae444,0.001638
VirusShare_f4e6123b834615cc3d94b58d393f3097,0.031367
VirusShare_f4f08150a94c6333dc0acbc5cdeea1a5,5e-06
VirusShare_f4fde4a2e076fbf910bf80633be80cde,0.00027
VirusShare_f518c8398b749ad1b4770f62a9e39d1e,0.9052
VirusShare_f51e06be12e6ba8707b1be2b73462088,0.771151
VirusShare_f52bf860aa832cf92f6cef5cd87a0213,0.031367
VirusShare_f5379eb8870489ba0efba4ff6adeb789,5e-06
VirusShare_f53cefa9171f47113e89584ca295f0ec,3.2e-05
VirusShare_f54f5197a1c782edaf494dec1ff344f2,0.000752
VirusShare_f550d370e8256649934a6c9052b0803c,0.997035
VirusShare_f554beff9e0fc2986dc548f8eb909c84,5e-06
VirusShare_f5579ec7ca693ea28df9636af5c7470c,5e-06
VirusShare_f558ad22fd629ce6fbaa28692ee54549,8e-06
VirusShare_f56ce0db616131aab23985d13dfd55f4,7e-06
VirusShare_f58241623695d0f61a2c26ab6490088c,4e-06
VirusShare_f584705b5b22236963f6e2b76b51fc7f,0.9052
VirusShare_f58dbdbf39f28d4b430c2a70a3e908c1,0.897238
VirusShare_f58eabc9da3320422c6485b9ba30572f,0.9052
VirusShare_f5abc30dfc8ef93032b0ab4f4411e5e1,7e-06
VirusShare_f5b7df7bdb2ae15562a6bbb4d04950cf,0.031367
VirusShare_f5b84b142ddfa686e937cfe3c9e181e7,0.001909
VirusShare_f5c26885965f063b6bf95ea6c862cd01,5e-06
VirusShare_f5c476c60addf25601f375de53612942,0.9052
VirusShare_f5c544c32423a784af1339a5ab9b9084,0.699768
VirusShare_f5cfa889ca7653ec2d26dc2167a61cff,5e-06
VirusShare_f5d95a14d7c02a831a70e8b2200dccf5,0.910322
VirusShare_f5dc134c5e9cc0582c6a682983213a9e,0.0
VirusShare_f5e4bc332b309c4343ca2b7233262b06,0.9052
VirusShare_f607c30c95aa1dfa5edf2144f6a894b8,0.910322
VirusShare_f61244e4b4b93e44efe00ae5a05a18c9,8e-06
VirusShare_f63beaf3b6ae5ff7395a8d0f38700f74,3e-06
VirusShare_f63dc7110cafc5bd559f121690b0106e,0.9052
VirusShare_f640885498fe88dd8e69d0f3ad592357,0.002988
VirusShare_f642fb625d795f2f44d2e476cac7bb99,0.9052
VirusShare_f64362e3a900706ce3bfea968bb90dcc,0.9052
VirusShare_f643ffcc048fc39ee65acf64350f5f7e,0.392506
VirusShare_f647fdc853e65c95509788aaa986a217,0.013694
VirusShare_f672d1603b04f6a1bb2c1168429768de,0.045001
VirusShare_f6774e61e21ec103fcd58f5570c7351c,0.0
VirusShare_f679a8dd7915ae6cddc25cff58c26ecf,0.910322
VirusShare_f6a91d7f70784d9cc396b88d62e89cab,0.0
VirusShare_f6d653b140a5623b70b64ffdc9cbe059,0.9052
VirusShare_f6d751c7a123ef57d911ffe96065804d,0.013694
VirusShare_f6de556903d40b2300697c1393467795,5e-06
VirusShare_f6e7135bb8ef501891b87ba35ca34c48,0.031367
VirusShare_f6f0ab20433706ee3cf0ec266fc1b841,0.055366
VirusShare_f6f4eb09d9c2444724d63d332e72e3d3,0.922534
VirusShare_f6fe637f865ac3d577c0b6834461745b,0.045001
VirusShare_f704f14c065b877b2e3e3d9e3bccc4b2,7e-06
VirusShare_f710252b647efb726ae0242d842416d0,0.9052
VirusShare_f720d936a622d0a7702e6947b84b538a,0.9052
VirusShare_f7439208110510402589c01bab98383f,8e-06
VirusShare_f75321be65ccd1fb27f978e8ec360738,0.000475
VirusShare_f7596e169b1cdd1f5e135d436ca86112,0.055366
VirusShare_f75c64b9acbf18c79082b5a436beadda,0.0
VirusShare_f76564d14503c0e967210e2c59a0686a,0.031367
VirusShare_f76f6896e679f23ba00da417eb4f8c0a,0.997035
VirusShare_f7726824bcdec2bb893fe15286d7b796,0.9052
VirusShare_f7730604af0029d0bb6797d10fff5538,0.96893
VirusShare_f78ac6a34da10f12d838d3eef653eb55,0.025129
VirusShare_f78c0e1ce4b55a7cb15aa5c658ea7869,0.045001
VirusShare_f78fbcdfd29f4ee98a32aae6f328db2b,5e-06
VirusShare_f7a7074b8cb3879bf25358022eb73217,0.0
VirusShare_f7ae831d92e97ad57feb398ad480829b,0.910322
VirusShare_f7bce5f418c22a49f47e59275f87f40e,5.4e-05
VirusShare_f7da1a3ce0d513b6d646de9a5e8bd1ec,5.4e-05
VirusShare_f7e38412f06ea6afa9ef2807a5c1f859,0.0
VirusShare_f7eb41d1230be8ca3e21fdb043e57df1,0.998655
VirusShare_f7eff1beb63da419317c88f6fba49701,0.006857
VirusShare_f7f6e7d32d557285f94fcb31c17a7913,7.2e-05
VirusShare_f7f7801230284eb999bc374258868b15,0.998655
VirusShare_f80b38691b1fe47dea363a5c8710c883,5e-06
VirusShare_f826222ce15feefe3db0e05a0a8d3b28,0.001838
VirusShare_f826c2966cdf25f8c0d9848271425409,0.996528
VirusShare_f835a03bbe56a22b120625eead2f9351,0.014516
VirusShare_f847bc3def091144abd1334f8fca8726,0.099847
VirusShare_f85a88cc5601bb3b548b567f9c8647f2,0.0
VirusShare_f862da75c02506e4dd60e7bef5f23e24,0.0
VirusShare_f869f838c231a156270674b6f0d64fd9,0.0
VirusShare_f872c651f29a70255af4e2197448069a,0.002988
VirusShare_f8778f8806a9e79a253205933393898d,0.9052
VirusShare_f87e6f5ebb02b9af27fec426a6a21747,6e-06
VirusShare_f87fcb5d0a79290f25f751c9eb02251a,0.021942
VirusShare_f8889f39e2a574bf7d1eb1a6e273e24a,0.9052
VirusShare_f891082d3b264b006fde758f1af5688c,0.9052
VirusShare_f8913afa39b5bd5229bc21253d49e81e,0.844981
VirusShare_f896e75beb70b2f23cbc4fff016366ae,0.9052
VirusShare_f89a04076b5aedef3250eb6c249f7a15,5e-06
VirusShare_f89f2b9b46adf7af24c93d7fcdd15f56,0.9052
VirusShare_f8a3a8ebbe1ac53d92d394c22cd7fbe7,0.031367
VirusShare_f8b6443fe36e78d751c8a7a96b969cfe,0.0
VirusShare_f8c4f3db755991a90f82cc5b42dd9355,0.865158
VirusShare_f8c53826ee60ff5d01cd82c6d3bdd8d1,0.919273
VirusShare_f8c6054c5fc4ddc68332bd1e27630942,0.0
VirusShare_f8c76e1dc2e3d563f822592f2ec95a16,5e-06
VirusShare_f8c84d849c9ab5d41304b01b9ca749fd,0.145931
VirusShare_f8c87b71eb5a92e465d3032700fa33b7,0.012046
VirusShare_f8c89e1fc14d343fb98bd2b9303430ad,2.8e-05
VirusShare_f8d4f500dcd0a1be6b8ea684dec6be6a,0.001072
VirusShare_f8d63c22171f746409066b3f1b45b504,0.882263
VirusShare_f8d742c4dec99a82eab641c21ee66284,0.9052
VirusShare_f8d93b3beb08ccbcf095f44e155d56a4,0.950462
VirusShare_f8dabfcb67ccfd4d3bf4682081d7fc79,3e-06
VirusShare_f8e1ecb4d492cd2b2ea92e3f2b8c8a45,5e-06
VirusShare_f8e5bd6d2898a8c9b1f3867f9e58f071,0.6336
VirusShare_f8f74c4ce4263797f4c9c80682cb5b5f,0.009498
VirusShare_f90200bd37018dbb0b711fcb7b65777f,0.0
VirusShare_f90267d8aab00e244a5356b0b4fa2679,0.9052
VirusShare_f90bbdf32e55e106890de3722ca02dff,0.882263
VirusShare_f90da3c72a3799c88d93c7dd4c412143,1e-06
VirusShare_f90ded8b942776198479b9357e163b0a,0.000124
VirusShare_f916a1e9823c4a34a73d5ad73d231dae,0.002988
VirusShare_f919b2296b2655e391a3d7955bd22638,0.000169
VirusShare_f91bcae66caf59b041293f29edb0d8db,0.0
VirusShare_f920de179a13bc1d386d4553e019b41d,3e-06
VirusShare_f92436cc4012a05edaaabbac22193711,0.013694
VirusShare_f927d5d68f8874b4dc03d5d9cd4c9ab3,7.7e-05
VirusShare_f935a7dc5b0523a1952b56354944b127,0.9052
VirusShare_f93981e09fb7dc49c1a493ec965a6cc1,0.099847
VirusShare_f93c528eb6fc3492bd093916e4c43782,0.001363
VirusShare_f93e7c677475fe6c55591159e8898b88,0.9052
VirusShare_f93eb68e837b16c6a0153318fbdcaea1,0.9052
VirusShare_f941a072b8be6cf2832c186f2419fe29,0.024145
VirusShare_f94291476702e545266e0ced5d4d22b8,5e-06
VirusShare_f947bc9c052fa41307e139a8be033fa1,0.910322
VirusShare_f94e716f1b36eba16ebae6480e4fd026,0.998655
VirusShare_f95520a55138f10b059cbf8ffaa5940b,0.013694
VirusShare_f95564a72a16d6a4efa39278f0721ac2,0.441115
VirusShare_f95635a89f731d48a0ebe5b8786821e7,0.126899
VirusShare_f95a0ad561dde351950476c3af2b36e7,1.1e-05
VirusShare_f95cd7dd9614796c421815c77713d42d,0.950462
VirusShare_f96553d0d50bd7026f31efff7decf0cd,0.126899
VirusShare_f966c8fe3c366e88b563fc5ce02a28c1,3e-06
VirusShare_f96b2ae25c9093aba0cacf6763299110,0.9052
VirusShare_f96d63ec5df945dd0559313624c41b49,6.3e-05
VirusShare_f9843a09f3795d57ee9ba3ef4e8c4e36,0.9052
VirusShare_f986c78d587459076dae9f1587984124,0.391319
VirusShare_f98d1da30cee04a93200180befc32a7b,0.093025
VirusShare_f9939723b615553d3e56a24b9509a419,0.000205
VirusShare_f995c80fb520ad4dc0ccc41da200c523,3e-06
VirusShare_f9971acd8c275adb886458a1478a6da0,5e-06
VirusShare_f9a73d098c48f6478ad5c7869da0499e,0.0
VirusShare_f9a7b3a1b57d9d77fe9ca96ce4d42ae4,0.001331
VirusShare_f9b7211f8a3223027babf8bc38ef0b40,0.9052
VirusShare_f9beff4160f9743d88aba6ccca068c49,0.950462
VirusShare_f9bfb2ade6a7846b907241e08966bee9,0.0
VirusShare_f9ccdb026619981a8a4e105c33a0a242,0.000186
VirusShare_f9d3099411adc786436e66e9a9e05a5e,0.001072
VirusShare_f9dbd44e310bc4ec8209ab4d1c25013d,7.2e-05
VirusShare_f9dddac7267142befcdcd534966c11af,0.0
VirusShare_f9e7e7a377fc798ab9f9509033c09a75,0.045001
VirusShare_f9f4b7f35709516b7832830e2f47381f,0.003213
VirusShare_f9f9825a4dfce36872a5b0edf404a819,0.00033
VirusShare_f9fab02a9f77b63026b4bbc4655f2643,0.910322
VirusShare_f9fd4a439d9bb210c5084e967f12c610,0.9052
VirusShare_fa038f8d2a91116fd3819b82f9dbf698,0.0
VirusShare_fa07509e81d5fa84021c361f4f8e6a35,0.013694
VirusShare_fa18581f6a4357657207e52400fabf44,1.6e-05
VirusShare_fa1d3a7e6a5aac89ee6af04cc2cf067c,5.2e-05
VirusShare_fa1d43a023b68a5dbfa27024af04916f,0.099847
VirusShare_fa2b9e4dcfdc8aa431aa73d3e874076a,0.214505
VirusShare_fa2cdb9ac2d6b351b81fb4180bf5a360,0.000151
VirusShare_fa2f5b6df76d495ccaf044381c30159b,0.386757
VirusShare_fa2fa6749bb7fb1d7a6b855179845c51,0.9052
VirusShare_fa3b3c7a04c1ba7b3d008b870f507860,5e-06
VirusShare_fa3d40ce6752360f82f85789de9206da,0.96312
VirusShare_fa4598382992f1cb91eca6a3df5ef596,0.0
VirusShare_fa471b841fd9b1e9ac44ec19e1e107a3,5e-06
VirusShare_fa4a4c70ef6f459b63d8a6ff3efc58a0,2e-06
VirusShare_fa4dd4309d6e42b000a1ad89089ed14f,0.9052
VirusShare_fa51c7d453801cc822f68d75f2cdba99,0.099847
VirusShare_fa530188d761e2fa6c1b51e9601c57a6,0.045001
VirusShare_fa5cbcb41abb760bfc30206867793bd0,7.2e-05
VirusShare_fa5e6136c48328c2c94715016a602dd7,0.000154
VirusShare_fa68477a69bed95879d3aa325a7c70d0,0.099847
VirusShare_fa6da6df3670ead40a79f9dcd88cf411,0.739316
VirusShare_fa7300913e201d137d33ee3aaddc714f,0.993714
VirusShare_fa746658c690a9f2b3235698866ec081,7e-06
VirusShare_fa7cfe9a66a632b1bdf99309f503b547,0.9052
VirusShare_fa7e71d3597a9650b5b074d2ddab6181,0.013694
VirusShare_fa887b5a6f51e1816308b4ecd153a226,0.0
VirusShare_fa8e046f9de325847cf675fd012c824f,0.009372
VirusShare_fa8e8080dc42088d3c592d517dd51715,0.099847
VirusShare_fa8f3e37484f2c601f49f0e19aa26910,0.9052
VirusShare_fa8fba4ca8dff573f673f3c25631defe,5e-06
VirusShare_faa165d92d4ca00a8f252ea56760fd39,2e-06
VirusShare_faab76256cb594f4e191b8c3cd6e4214,0.9052
VirusShare_faac906a3dd41b67569b0bdac0ef7468,0.905693
VirusShare_fabc05622f8ca3490f303d830305cb91,0.007737
VirusShare_fad083753c8ec9e5ece5aa1e20e737d6,5e-06
VirusShare_fad2d253f748ba5cec49468b5586b7d6,0.0
VirusShare_fad5f19d295eb9b47733eba66747a7d0,0.016139
VirusShare_fae809ddaf5babc8d5fc73b1e1534290,0.000332
VirusShare_faed28feb1b0c1cf30c75169cce1acb7,0.016644
VirusShare_faf448d3818900a7ca2da7fa09c13391,0.031367
VirusShare_fb0baf48fae339e48143614ea71086e4,0.9052
VirusShare_fb11d1c4e4358aaa3a1188116d2bf99a,0.0
VirusShare_fb1dd76c34c78042a687af76efc89a00,0.9052
VirusShare_fb28c4964898fc81293c406dcfaee173,0.882263
VirusShare_fb4765d287b6d407e35ab6fd74eaa1c2,0.045001
VirusShare_fb591112e46c32f2f8a8268a533180bd,3.1e-05
VirusShare_fb626420f5fe5910a943314e2ec9f6a7,0.031367
VirusShare_fb642540c7672175721e8011b13b6996,0.910322
VirusShare_fb65b571b03f31e77d7e042616e675e2,0.0
VirusShare_fb69097f5886afdd59a210c549df3cab,5e-06
VirusShare_fb73196314d4ef42ba686618aa221b0b,0.50813
VirusShare_fb8057fcbc045ed51ec6f927b6602dfc,3e-06
VirusShare_fba6c089c6496c5b0e04995bec33dba6,0.072513
VirusShare_fbb0e813b0f1efba8c22950d1e691c61,7.2e-05
VirusShare_fbb7cdd3d54d7e2260e551bd08e13a18,0.141848
VirusShare_fbbbcaca94d2d34b51786801dd91782b,0.9052
VirusShare_fbc0a38898145f58ec52b75a6a0d4f58,0.996247
VirusShare_fbc7ae0a47a0dc7e92f551c0b43a3be8,0.9052
VirusShare_fbceb4b0d645e98e209895acdb564644,5e-06
VirusShare_fbcede81868ff4ad6c286c318e19c459,0.045001
VirusShare_fbd8f8817bd416ed8542e243604b9891,1.8e-05
VirusShare_fbdab6d0a14087098f88b321310fb936,0.380532
VirusShare_fbeb39780f22a9f3e11d297a92d1170d,0.993204
VirusShare_fc001152c438df5af1d4b56de2508ec3,0.000328
VirusShare_fc0a03171e3b28d3ea14baec334769c2,0.061661
VirusShare_fc0e8ee4b32da3bc2b64397a1f0c214d,5e-06
VirusShare_fc274bb71d2f7d9995d5702101c72b93,8e-06
VirusShare_fc34c35e60c7852834abcb19580b6ab3,0.910322
VirusShare_fc45c39c99dade5a697ed72ab9604193,0.993204
VirusShare_fc4b4686ccdce5c2030a55df44ae4719,0.882263
VirusShare_fc4bd024bfb02f1c2c82da0052f805aa,0.9052
VirusShare_fc50c205449dc04506e5c4347d13a0f3,0.099847
VirusShare_fc5234e2d74433430fc6d4f844aa3cc0,5e-06
VirusShare_fc5566337c662a16fba36f94be84e662,0.9052
VirusShare_fc65b4824397e8ef882926f9820ef45b,0.9052
VirusShare_fca87df065f1508b2fd8f8e206daca6b,0.9052
VirusShare_fca9568ab29b21020cdd51b45d25f89a,0.999012
VirusShare_fcc91dcd018166b0c90c9e56f64b222c,0.9052
VirusShare_fcdc94a86f702173a3b638b171e0798f,0.414409
VirusShare_fce1602c74b5334d7dab8b76bcad54d1,2e-05
VirusShare_fce7591a4edab9b6536e377cb6140486,0.993472
VirusShare_fcec1183fc400820386cbe27a07e3b54,0.0
VirusShare_fcedb0916ffe89fd138b6b1ce241b912,0.9052
VirusShare_fcf29a1bb4dbdb36d3b2c4c206ea1e4d,0.9052
VirusShare_fcfa67fb2eb65437facef165ba2c8df8,0.910322
VirusShare_fd06323611738735b48d846d4bdbb274,5e-06
VirusShare_fd1a48cfac1f6511fff9a4fbe975ce18,2e-05
VirusShare_fd25c855984f93852036a30a70f81903,0.001733
VirusShare_fd29683864a32ff573eb1951cc0f9ffa,0.950462
VirusShare_fd48fa2ec34a24588a65c01b07820fa1,7.2e-05
VirusShare_fd58bc7be935708b875f31f1191f09bd,0.013694
VirusShare_fd599856a928df6701d337d5adb9bccb,0.9052
VirusShare_fd6fe371ca198ab3e1ae9018a7892bc4,0.045001
VirusShare_fd70a8c89f038a6b1603fcd8f660540c,0.247661
VirusShare_fd75d937ad40ac60fd758192f2e305ae,0.055366
VirusShare_fd7bf2a89d5f1ee67f0c82a91fd62f0b,7.2e-05
VirusShare_fd83bdefe933335fc6835d21d6debd2c,3e-06
VirusShare_fd8cbef877d6c4bd8f2ca2b351875ce5,9.3e-05
VirusShare_fd94dafe453f8d1b3c95f0510af7052d,0.099847
VirusShare_fdb6f834e6fc51bb904fcc05f50afb5c,0.0
VirusShare_fdb723df311b7fda4615d45a6a926619,0.045001
VirusShare_fdbba464eab2a473bd9410ae9944a383,5e-06
VirusShare_fdbcc0d24f241f37b3349e032907fb5e,0.882263
VirusShare_fdd2312a6b03b8fd9a3faa3db1480be7,0.9052
VirusShare_fdd7403c257d2b44128a2672de5b8b33,0.000234
VirusShare_fdefb10ff2bb3ab90dd75cca967e31cf,0.993714
VirusShare_fdf150ba3444752c79e92729e13cbb89,0.126899
VirusShare_fe1dab4bcbbab558d05057b4b18c7c21,0.031367
VirusShare_fe22ea5b60ce581b944c6de4a2414d73,0.000525
VirusShare_fe27b377e9edd9ecaccec493a2d15b2c,0.001582
VirusShare_fe2e7a843ca3064915b97e1c4e76faf8,0.031367
VirusShare_fe3fe1b429ce775ede800c135f83d787,0.000129
VirusShare_fe42725344cd6159ad1f16de673b3489,0.950462
VirusShare_fe5dff1ed0a8d0ec8b15c7e16aef2e3b,7.2e-05
VirusShare_fe69159c72a9f2ae7cc592a8572c3bbc,0.99078
VirusShare_fe6ccf1726913e2a71fad57a09dc2d77,3e-06
VirusShare_fe7a53ffe469a33cb420cf49c83ada83,0.9052
VirusShare_fe7e77a394e91085dadb869b0a75f83d,0.045001
VirusShare_fe836243302e1f6ffe6c1552105f3734,2.3e-05
VirusShare_fe8845e1e6100cab98228b64a45c494b,0.910322
VirusShare_fe9605497cd0ae39e8ec2c7f890a59ae,0.045001
VirusShare_feaccab8f3876382f1b3c40903821a38,0.055366
VirusShare_feb4781136743bcc490754f5a6442511,3.2e-05
VirusShare_feb65e5e6a9936f37c995c03737fc0fa,0.830781
VirusShare_feba61408963f038f8737229dc7408a6,0.9052
VirusShare_febcf0cc5ddb410accc244b2c0c28c55,0.910322
VirusShare_fedb323dbbdf1dd9d49f758984a3e1d0,5e-06
VirusShare_fef486e9588729a3b8d569a796e23d6c,5e-06
VirusShare_fef5b017c431404a620923f97c9c951c,0.055366
VirusShare_fef766aa3f9b1f4129f07a63a58e952a,7.2e-05
VirusShare_fef92f9b21115e819abbd295b5250578,0.031367
VirusShare_ff239f32ed16e076a92066d43109c0cd,0.9052
VirusShare_ff2ac5468525a5592f152fd3d70d0e1a,5e-06
VirusShare_ff2fabd6a807e5427037070e77051793,0.882263
VirusShare_ff30dbee8d804b3a421d0cfa58fdffcb,0.9052
VirusShare_ff372f96a9b0636efbb7c186c61b09db,0.998655
VirusShare_ff3798fde16f4133164f90327038ae3f,0.9052
VirusShare_ff3b3251dfcdf0b8221d776ac7e940b7,5e-06
VirusShare_ff495d1dffe00cb6206410f35f68f926,0.897238
VirusShare_ff4c667bad76a3af1b4b39c3ef77474d,0.496131
VirusShare_ff5cf4b226f8452b2986e3352e2fc777,0.002988
VirusShare_ff625d58b4ce3c2ce894dae0d71d2c88,5e-06
VirusShare_ff6ec76e22a7aa97abe386a870544c96,5e-06
VirusShare_ff72ba75d866a0c2e560485960f73d0b,0.002472
VirusShare_ff741cf99afdc6a93a4c549c855d232a,0.998655
VirusShare_ff7e64f09c10ff9a60c9c373304737c6,0.99349
VirusShare_ff80d94a615026fd21d93c2182fb4715,0.099847
VirusShare_ff9517a535779e656546b5c2806e72f3,0.031367
VirusShare_ff9615f9cbf604281abf242763417207,0.988224
VirusShare_ff96e428977d058f5d66c25929de1a8b,0.0
VirusShare_ff9b714338c3fb99c52449811a0728ca,0.031367
VirusShare_ffa5b672e71d5940df1ce3d2a6b4885a,0.9052
VirusShare_ffaeb20af0ea8768df2396dadbbcaf08,0.002988
VirusShare_ffaf3fe9c1b725570767ed84f93e9e16,0.0
VirusShare_ffd5b11a575629ed946055c659f33739,0.897238
VirusShare_ffd9708c360ecc037e67f486d365daa8,5e-06
VirusShare_ffe17b0d3569ba209c6d3468bebeb994,0.031367
VirusShare_ffe354a1c9a65d1feb8540d271d513c4,0.0
VirusShare_ffe55a71b5ce27a0e47733842e5a7c3a,0.882263
VirusShare_fff3be03cb06c548a62771964cf653ca,0.0
VirusShare_fffe009f248510e15d9868bf96ea4434,0.910322
