filename,confidence
44cb10db6847e80d910af9402825bd35,0.0
bc3133a5f4fd63febb178951e82c5769,0.11993408203125
21249da295bdd1fc343cf3f4b579d5dc,0.0
81663d372470329e6ebd68fd47ce2960,0.93994140625
138217d3f16c72eef25e97c91e169cd0,0.029815673828125
55bb235bdbee8158ef54939e2baba45a,0.014617919921875
caf27248461541c93c399a0602107083,0.48486328125
71ccddad1c2334d71da404811fd9ba18,0.2120361328125
25fb68af1f58c36d0fef3e5c4315afff,5.3882598876953125e-05
f9265216078c6f2edf4b0822086ffc6e,0.035491943359375
82738b42a7e10cb6f57b9d9bc259a808,0.479736328125
26dcc5f1576df30e38c03efac2c08596,0.08770751953125
bdf22245d6c9ddae804e921c2d9ae66e,0.0174407958984375
6c1b77a44bf111bd853c8b623d2f3334,0.68994140625
24a3e19705795c9923f9afe1d4a1411f,0.046112060546875
bacc0fb54b904235bcd9e758e3b3e5bc,0.82861328125
c7d0b390567d5933ed58208304b94d13,0.99169921875
dbaada5219e50759bcb7a53ee930616f,0.0147857666015625
12fcdbf6c4bff3e1ab9e4ed01b8f4665,0.2000732421875
1594ad2bdb2fc7870f33d8c7e31a30d9,0.90283203125
b13018fd791ec24be8709813e9babe98,0.11737060546875
5c9a47b5cedf0a99b1fbf6403f377216,0.94873046875
99879a8cb74dfa18ce4a4fd01b1e11d2,0.027069091796875
a334628fc57c49f3282a1b3d6a0da61a,0.0167236328125
6483d3de531d0651f72f71e4d4393837,0.0214080810546875
63f0d12920d5559ae4fe35e478668247,0.0147857666015625
fad7cdf338d8026fe91b5cf8df626f98,0.01495361328125
2d7a102bedd398d397495ad6953c4c6d,0.0150146484375
b1ea22ebe74d1194fe10d000a2554da1,0.10894775390625
075c224b556dc89a564199c3203ff3ad,0.50341796875
eb038bc50a3aa9afda37920d56c16361,0.0177764892578125
e02b25ebb67c6fdd2b9777598c8e77c5,0.0504150390625
98557324f8816cdb781fcbbc772e2262,0.036346435546875
67a6ae9185924d38b14277f4206a6d6d,0.7412109375
bd95206a51af8a2a6ff15ff7a92c2110,0.0214080810546875
3c43ec1cbbea47b3daa6d3392707db89,0.022796630859375
a637b1aec7c30e440a7797e47867e5df,0.022979736328125
6f01cac9641f1e9c1ab326d9422950ee,0.34814453125
beb2637af6e29efb26c78446e0696dc9,0.673828125
d32ffb9758182311a99397faf0280543,0.020843505859375
55425c51a867aa1a65c13e1c8e575789,0.82861328125
a9049d13128ecd6f1f151527984028a7,0.0240936279296875
b4eca82264aed7e495e2edf641cdb72f,0.165771484375
93656511620e87281c3214e9b890efb1,0.923828125
3684268525b5029a52f54a549826809d,0.0294189453125
c4a7be7a2e3f82f60469cdf684fe89d3,0.9697265625
d403e01bbf4d971d95c9b7a10695c398,0.046112060546875
932f3ef7ace88f644a40e836c9e972d9,0.011962890625
097f2ea872e63db1d78b59cea113ff30,5.3882598876953125e-05
dabc7d0c1d5043e18e1655b1792e2e62,0.2459716796875
f3595a8b03abac0359695613c966819e,0.91064453125
cd9b3a6b0c69e21edd0faf2e9676fba7,0.029815673828125
1816b3981a69a3e2c699dffa81f78cd3,0.0321044921875
d49151082f56eb5f18630a8f22b4c1ab,0.1070556640625
e827ee5b72e77782bfb299dadca7ddb8,0.99169921875
2bb72b0e8e263ad43e98ff8c70717324,0.9423828125
e307882feeea63d514d7ba86b5f5a7a2,0.8291015625
b675b69824c734efaefac0f2110b9af0,0.1131591796875
89d43e24d538d68377d283958df55a1f,0.99169921875
c85c84854b97b923db49920c85b0ead0,0.029754638671875
d6da10588ace7f6dbb95a31ab9f16156,0.29638671875
8db8a1ba0010fafaf47a3e7f8c2b31ce,0.054595947265625
04a9bd62d794aba7eee5c7ce7eb768eb,0.5107421875
9a4f8b548ceb28259b7e4dde11848dee,0.1295166015625
d320c32fcd73c21aa21672fd346f56e0,0.01971435546875
2b09eedc3c0cc3a035dcdc1181378c3f,0.044677734375
4692f2846bec49834f1f7883b3c34f69,0.68603515625
b34ea6361ebeb1a3a4889f570eb3de6e,0.1375732421875
a33156a007d83a874f756bf9ef4233d6,0.032958984375
bedeca88d30c3b96406308e6c25759a0,0.408203125
f0df8342e9a6f3edabd24cead98e556f,0.9130859375
c738e4f680b4fcb731c25ac612fd4cd2,0.014556884765625
405da973b90251a1717b11f4813eaf59,0.0214080810546875
a48580f20d8fb49cb3f5ef2ae44bca16,0.03271484375
a966ef85fc69eb7989ee418214e1c241,0.0214080810546875
e79c0eb23a7f154e18d9ad0c6ebeda3e,0.59130859375
fc0dca981d7a59d049f6d0fcbdf336ec,0.501953125
2a9f6b361e54841953bcd99f86694ab2,5.3882598876953125e-05
75d955128c4fb0b1079f23ce7e011fbf,0.1236572265625
a9eb96e828156ca11c930960d572498d,0.9384765625
fba43098ed0b121c14e2452f8641e95a,0.310302734375
b4ef19d64737093cef8614630f9e1e6e,0.62451171875
2990cf39b34522c7e8ad14fc82e2eb7b,0.99169921875
17ab5f3ad211ef9cf6e8db44f8851afd,0.0
b0f6d35e1ab7a1e69fc4ee9671b3f864,0.0131683349609375
819aaba2e464ab24b2e34692bc508330,0.8125
6769a37c112feeee43ed99cfc7acbf62,0.98828125
56d0b362602febbfd37b1d6f162eb0e0,0.0141754150390625
8e61b9547bc6dcd0345348acea439e7f,5.3882598876953125e-05
fabab477a6e10cea86bc448c20e0d522,0.68603515625
679d42e6df546f58cdc5c60f58592920,0.01812744140625
f18fda9c8a068035227eed9ed04a40bb,0.1131591796875
9f256ce4d9a7ff16e1641b2be0e54c3a,0.71630859375
ecb5a5787b35f0685de4d3015448d1c7,0.0201416015625
4889e406b015dce5291411a0f210fdb8,0.02386474609375
af558c92f7023510ddf13982f9a50f38,8.887052536010742e-05
d8f12afeb35ff5640c243d5640dcaae7,0.12359619140625
f473a37083c0b2bb58b59f914938d297,0.7158203125
e3041b7c580e93653fe01932450e1794,0.391845703125
27a964e8d28107ff16041ef930041311,0.2352294921875
fef4384ecf4ab1d5543f0b3ccdb7c58f,0.01861572265625
e3cc51c2ca86b7128a5521935f52483a,0.026763916015625
d1b7fabf67d084681cf749f319ab2fe2,1.0
3ff507988a0b5aa54755d0d6925be97f,0.2724609375
a879715f214b424dc29714eb8f7a06b6,0.090087890625
99246ea6f0b139032fac853685448b79,0.046112060546875
daca2472808c52b6d7d5e5a88b9b4c82,0.249755859375
4af049dee61d70f52b57442c2f32b59d,0.1131591796875
096a91fa5c9344f903575f156c35348c,0.0282745361328125
a9e7594ac339707e3e7792c8c359abb2,0.84765625
02a6d9f2a8ddc0e12270e8b39b2255e3,0.10723876953125
6cc0a088823f89c61a7019d5d6c136fb,0.004848480224609375
4ed928e7f635d8dee12e7412481c583d,0.7666015625
53cbb87ebcaa51046685c3cf18d70f17,0.07501220703125
2fdee21e58e130df18f02170a9b07e4e,0.1815185546875
dedbed02b05c1a779d5fdd9b7e2d5282,0.029754638671875
e415fed09ed36f0a4b927fcecb90079d,0.76806640625
13507d47cbc2b2bd6f75044690a0fec3,0.432373046875
8b1172d8f7f182a2da21c3b1920f0762,0.962890625
3adf0bcbedaa57f2090ba0dccf624d7f,0.5126953125
a2f9efcc0ea671b82a98b9a94dfb2e36,0.72509765625
fb4b33133ac61d537322520e6aacdf44,0.986328125
874ce9668697e8bb6085e9bc13ea6bcf,0.0214080810546875
39300915741b61b60f90148ac77f8e67,0.0214080810546875
069ac50947ada4a8062e982259309d5e,0.039794921875
ae98beb4eb0c84ac2fd84203528a103e,0.022796630859375
536e4abcd95e47970c6dcad2a6a4dec8,0.85107421875
f294ef1bd9f51b4e5c30f0f667d4d9d0,0.1131591796875
fb71fd06d5d3a3342cc658efd62d5fe2,0.345458984375
1071cce2a4e9a5cadabe5dbc746e5c72,0.072265625
f07c2c86a48b11587345cde8f9b04f0f,0.86279296875
107183536d271bfcb3a0f036cb2c5871,0.0171051025390625
95b214df17cfd108222ee286954395a8,0.046112060546875
28231e82931dcd294801854e0651ec07,0.0472412109375
5302b325f5239280c8778b320b6d35d6,0.041229248046875
a3287c4a406df8c58dca6963fbdb0a4a,0.0299224853515625
c6d75424da4d2caf89c676c525d8dde9,0.0279083251953125
f7fc24d67395427a49aaa94160d198b4,0.9677734375
8e2b8024d488aa1a21c8df6cd38a8a61,0.63818359375
f9073fb66c1cffb1444e02972668b57a,0.98876953125
e6ac918391b499055ade4ef9bb6e95ff,5.3882598876953125e-05
4cc6022962d3329883a97e0c56fdac74,0.268310546875
ee3138c4fed3710342841bdd5cb9e0f6,0.038177490234375
3b0617bc3943ed78e5b4321d9803189a,0.029754638671875
ee83e2eb532ce211998039cfb733023c,0.046112060546875
47ef46db09b43952003682e39e8f7d6f,0.98876953125
804dbcd3d7563083b52efdbcd08e7080,0.87744140625
c1c07644f9702651cecc0ac34249a23f,0.0
ec0a80b3e7ea041977cb01437c178422,0.013275146484375
7ef3e196bda947b10108b399dbf799d3,0.03216552734375
1005679e66997f6a9de0dc8518603d86,0.018798828125
91d1afdcae2f598604164b906c3938ad,0.96044921875
7f0d06c7ff872fdc82ecf5fb57e402be,0.0439453125
c9fd64639141e2f1fb4b5d7541482a21,0.1298828125
55c231eefb9645131d3aa4b1abe0dc65,0.0472412109375
657cb97036e9703a01d6073afe4e5ca8,0.99072265625
48568a78c7945be4078fc1c393ca0bf6,0.0181884765625
ea7ac52e9b4689f0edcbec6a42cc2df4,0.062103271484375
a87626467d3b0d695d79da1a212f4215,0.9384765625
ed17e17245027a7f0809857afffd550b,0.252685546875
8f836a3d78c46542c3fa9bec0c049721,0.09600830078125
b2bdd2125ec400775f5270ce467666fb,0.6171875
33300ce155ce544a9be453c5d2372a34,0.943359375
68dfd3a73772b942e725ab981a3c7c77,0.034088134765625
61acbb6b3b0b08ff91d9910c118495df,5.3882598876953125e-05
f563081fe6b8ed73a8ec12617ef7f61c,0.962890625
e6a592b3837d47dc67464c7550d6c5a7,0.93994140625
01a374fe3ad1deed124f4f97310c769c,0.9130859375
3c7cadd6a502ad137e5fdd34ebeab642,0.0256195068359375
eb2d86ee887397c8c2598b7db28af513,0.04681396484375
76098ea4aede1e714ab960d17924c3a8,5.3882598876953125e-05
ca4ee62a55322203b2e0c5081a544603,0.99169921875
b20476f3652841ef9abd15d05413fa5f,0.935546875
5a63406b23ff0dc56eea143b13854c7e,0.03240966796875
e8da3d59a61ac5fe44fd9ccaacfd746c,0.67578125
b5b505d95c1a9770cdb2ebe1ef052249,0.8125
c482d1671a2f3f5883931e97b31985e0,0.0214080810546875
9f69af6db087f1855874e6e68f4884b3,0.62353515625
ea8cf7a5feef57c143b447cfae6cb20b,0.94873046875
24dee89d5a4c28a97d1611a00040c069,0.0167236328125
6ad64050fa43d17e8f1ebf1b33ff41b1,0.2110595703125
44cb9a026d68771741b4cc0cead0c78c,0.1131591796875
78e7dcaf21b7cec3bc9f540223a624b7,0.035400390625
e948209fffe5b38f8fda3937d8a1c6cb,0.037811279296875
59cff440afe05b0a84a7ab3697e6440d,0.83544921875
522fb7a3bb2c6143c2a2216e449a40aa,0.1414794921875
c5e15dbba0882bc299b486c6f0b6f501,0.142333984375
65e0e5391f3c2dc56a309c8e9e5b8f1f,0.74560546875
eeac7c8b2de240a75ce087bfb97009de,0.9384765625
4fdbe7365e631c81fd9f2216fb5103f3,0.0303802490234375
5dd713f1536a0a68f6efdc4397dd0bc9,0.033477783203125
0345a3969939a7eb5520725a9abd4069,0.92626953125
0b92bb893418092f9e21b35418d6585c,0.71875
cdf3d4f64c2e38cc4237b77573e0f41f,0.0160980224609375
787b2d9471ee9e140a54f4864977a848,0.10247802734375
2ccb778b0d7709168af8e0f5e3933743,0.52783203125
dd210143b24850348ad270b1f0f997af,0.0322265625
f07ef9c5c638ff68f5bb13fac28d1993,0.791015625
27e870280ea8bac6c1f7fe5676b7cb84,0.029754638671875
d7c0f584ac6e29f461cae60e2471b4b7,0.1131591796875
f6e00c3caddf32605d350bc4a2974a5b,0.046112060546875
e1268e0dc9eaae80006032527fd655fd,0.73779296875
133424a14fb0bdd769d65b877e60f270,0.378173828125
87818101d48672825a30d8d1b2cbe3d7,0.0187225341796875
2e39656c99a565d728468413ac51cf26,0.045440673828125
527cc4d93cc2ccf21c53cec0d5e66a90,0.08648681640625
f4276414e26c5aae089c33b461f216d3,0.9130859375
d616cedb8a2bf1c1f2cb9a11aa83c8d1,0.0163421630859375
fb630d284aeef44398c73b721c5ed9f7,0.82763671875
4fc0749a80feb2b38ef09e9c91f24cd3,0.0635986328125
09cb75f6c608cd7654d3de7dd769b9cb,0.9091796875
dab722cc690e43e2cb19b3fb3213c5bd,0.1380615234375
7073cc68e67bbf188117c07e92a518c8,0.74365234375
350acee6419f8dd7cfa3752a98195628,0.1669921875
9061ad1fe8b3574e39261a02989fa86c,0.054412841796875
2f0f9ebea51958915f738309e64b846a,0.94091796875
c0279981e8b5f65cd0b16eabe84e8623,0.437744140625
1f8043d1ef35d4bbe0f570f8509ddead,0.8359375
32a60c11f3db3352681abf4cc4529340,0.444580078125
0c7ee2a1af425a1036a3a8233bb06094,0.2437744140625
fbb51b4679800966750d7cab864723b9,0.166015625
6a043fc97b0d77f9f66f3257fc9cfee2,0.0706787109375
7651fd7df87c7c872a42405fae4a8f3b,0.029815673828125
f5ab2962733474c9b5d71fa8e02e6137,0.958984375
5d70be57948bc464b2f0afe5c3dea133,0.046112060546875
52d7cccde88d979a77494e23a758faa2,0.5009765625
a5b44f3f1f7af65d09f3a6c0be6878bb,0.0102081298828125
a2dda4e9c958a88332dfc1822c806f38,0.8291015625
5ca9a21ec5a84f1e05f12785a6ea8805,0.017242431640625
b2c3450da9611d27f1b06869437b2c57,0.044921875
acc4073919ccf1e57b495cd6aec95d0c,0.96728515625
9a61445ee01ae6fce1770c5015c37908,0.478759765625
1010bec081572dc3bd16e26a1e37d815,0.041778564453125
79a9fd80fdff764bf217df4b9d72ad2b,0.7001953125
d8b8643134b513fe66e4c3153fbd5406,0.2022705078125
b15da1427c81791e068fb73df1be4a59,0.0177764892578125
18ee0a2a9dbb74066cf25c2c3d1972b1,0.9130859375
2264ada61405b71a4463920c1a421f30,0.363037109375
c08afcc79db3c9b51ccc4ee646e3f849,0.029815673828125
006373cbb2fd7c9450e1267487171581,0.68212890625
58cd344626319c5b2a533871979b4225,0.0504150390625
fe3990d1c95e97be4144ee42efd7f72d,0.0321044921875
9a6cac215a4437b5fe6d273f61f33d64,0.38525390625
b93c34ae273adba134df726f6f845098,0.015716552734375
9b453d0e4e8c65a01891faff72afe6a4,0.2445068359375
f630a59526f961fe9b45f17115507fa1,0.0163421630859375
e1fb2b62c88868846283d5b3dd3f49da,0.9130859375
81d5c18272cfbacb720e336eaaa67778,0.06939697265625
a6e1c41494c75bb0cce2b25452459272,0.193115234375
97a3a03431f5c0a1a82298f9c70773bb,0.5595703125
6db507b9ea8ba995892381c41052c4b5,0.1131591796875
207edd157e24f3734afd180e1694343c,0.9130859375
873eeaab91c6da5971b066f7b7a50079,0.59130859375
8f8b043739986704de6cf7ab381556e6,0.1710205078125
8e43feff660dd5a3e6173b3d238c8e26,0.0203704833984375
bd44b502dc8dcaa5c12d29f54bde7c38,2.8014183044433594e-06
9ccf8e7b3b294917e2079b1018398b1f,0.0144500732421875
9339d9b1b5c43d8828e715b321a5cc5c,0.0823974609375
1b0ea693d839a5753ca36a275a842c21,0.00284576416015625
00bb28d1f3fa5e5f6911e3ad63fabd14,0.0294189453125
9643b905d0364668a6ad0d409f6806be,0.012969970703125
578a2a0aa83a8164798978f92820c70b,0.146240234375
3380f191895d5ae44e852e682082c34c,0.1131591796875
dc75ce76bc2c230651733d16aa371687,0.0162811279296875
451e03f07dc056d2dfc1bedd66c6f7c0,0.01490020751953125
211331b3936f80b3872718ddd77b4a63,0.04248046875
0fccfeb8fe8b73c9ec9c158d750c5a23,0.94384765625
87ca9079e307e48fa781b9c39f3e93fb,0.89501953125
8676437c25ea87061f9ceba951501203,0.200927734375
99c9e54cca0a2f4f6194fcb26c967eb9,0.014556884765625
1efccb279f2c9d5b266e3c6e6a6a7de7,0.197021484375
1e8d607206d7c754e9303151f126c224,0.84716796875
fb767e87fa86a405114bc8b723a1d910,0.077392578125
4293a09e189c95d9b87907df5856f36f,0.67919921875
43e2bbb74cd312a335150df868b946d2,0.9951171875
b2cf0d7be6216f27e6179585dd022c49,0.7705078125
d9aced64f6049245183a82b2a324f346,0.9365234375
3117366b8ded5d99efdea89cba1395bc,0.2587890625
80c841dc59541171a95c208b6c9b06bb,0.7412109375
53c9cb16c8a184da54814d8181ecd520,0.450439453125
fd18b11a21218bccd14474cc94fc90b6,0.063720703125
6f4937bf0fdd00f106cdd3544686baa0,0.673828125
e7671ddca513dcc92a62fda6e20f787d,0.014556884765625
db88f392cd8b915048d2d06f0eb57254,0.489013671875
93af64dbd9fbf47b5f40c0f5fb42e618,0.71630859375
a71073b1cd7440cc345f01b1fc2e28fe,0.615234375
ec7895ff1c76d9878eb83a1f5f293183,0.54150390625
f118ab2fce33c69cad2d35b4aec81978,0.8251953125
70e93b3dc4b9f1acfa950b7493b014dc,0.97509765625
931132a095d03409da385717af7d9ac8,0.9375
fab248edd4e00cae7326781288393154,0.0153045654296875
a31727e86c292e8353b8887fc19aac02,0.93994140625
3b13229762f2379e7e32695faa0bd246,0.2191162109375
0c401b97492eb01efaa667f73d7aae02,0.1131591796875
9231bceffd85923091387637a686bb19,0.031982421875
d5a69a6fefa1b281e888ed0c55a1fc2a,0.053497314453125
51a9c62b973de53fb8cbe27ab7b6db9b,0.05511474609375
3c95c54e9870414cd65759aef4800f49,0.93896484375
af4872dfc947bd55a11eb5578b5a412e,0.01483917236328125
4aedeb867180488e41e0cca91c5afdb3,0.01433563232421875
5738d596be68071de7786712b5410024,0.595703125
519a54eafe876b99f10e2e5dcc8f0e4e,0.0894775390625
5edca958f8a272c508428ac81823a784,0.046905517578125
312a4ecd537b1cf92195106aedafcf0f,0.033477783203125
1adb332dc97fde5ae37485492cb27981,0.1416015625
58465f6e55efc2672205da32306af254,0.94775390625
8e9c68d087303e53ab7d9ece96cf58fd,0.049774169921875
9ad7ef55443a2bea33ce7704adac2a9b,0.019012451171875
de0543b63a88fc1316f66a6319486b3d,0.316650390625
ab4330a902cc9dc1506f85b8e785a040,0.0
3b5f01b269c47aaf984c0827e433e800,0.9130859375
739e36388ef3469daba0fce87ef51171,0.71630859375
06f4ec1ee9d179d387daf6d27356131e,0.0224609375
7788c22cdecbc74d150427159607bc8e,0.2198486328125
0964bf7298b46392573205bd72294518,0.0214080810546875
a0237d9a9db97e34ec5c6064bb9ede02,0.01433563232421875
26a8d2c05ec786cdc8afff7989f8090e,0.015777587890625
c07f8b98e61d202f586fe4cf3b8b6aab,0.142822265625
c0eb056f4ece858a9b71352865247d1b,0.0216522216796875
8b73af9327de5484863ef86438218c43,0.76318359375
1223e8e8e272122e2b1cd9d2aaf752b6,0.191162109375
de4386ca0f704928b2d87abdef353dc8,0.85400390625
3bd4334554aec4d1117702a6b4e33563,0.01483917236328125
e604a05b2aadf22558e7f5bedcb6b4e7,0.033966064453125
12aa9b6b7a4ce2cef9fddd61b979da53,5.3882598876953125e-05
e72ca79e652740a19a1ce8ee70a3b954,0.044586181640625
1862a4b5ddc241e46d11bac2043dd76e,0.092529296875
d67544106434c940276a94222e963d6d,0.7705078125
954b80dd42ea2cb190dd4d90af6b4f01,0.032958984375
4c30aa19ff195f42a11f6eeedc7bd55c,0.82958984375
3145ffa688a17efadcd1f59f603ea03d,0.71630859375
b09609bd717ee7a4ef623f6af592eba2,0.0313720703125
0174be9154e75ab4e6e0850032f0f2b3,0.9443359375
8df8d187a135a261bfda4744a0ea2c6f,0.1651611328125
ff66af3a9cddce92827a4b88eb1ae684,0.1953125
c19b01f5b0d34e6bdecadb95ceaf04dd,0.063720703125
d7e77339d19312dd3e3a0c3e367c86a3,0.994140625
ddbc4552b044b39a8090eb9f213a3136,0.0809326171875
fb8d2b136f712058071f189d3b89321f,0.76904296875
7f8c45e63a5603e71788b665f5979846,0.93798828125
f3998e135f5e6bbbc07644ca7a0f0c5a,0.03338623046875
734de7671001eb189ed8b49d0544f743,0.2198486328125
87a4e5f37c6ff521792a917786bc3b5e,0.01490020751953125
6fdae295ebe3257a9cdd5ed1dc9a7831,0.03271484375
1db4b94ebd45ea6b61354ced8dc155f9,0.035003662109375
4b1d4a2b332ecba84283c97915ae6b14,0.033477783203125
e0848d83743ccc73dfea184b96225336,0.262451171875
4d8630b5dbdffac17f33c18e767719a4,0.046112060546875
2412fbb3b0ea8d1b1c6eb52515ab5258,0.338134765625
0cdf482446f9c60e430aa615588234a8,0.046112060546875
37e865b0c29edea08b1410c7ad242a34,0.6572265625
49e3dfdd110dca25ad5668f81dffe8dc,0.276123046875
82204550488705604a877ed181fd8a00,0.1131591796875
ff0ccab526f1001237cbde9470f4ba8f,0.71630859375
eca0c4ba56d51ace312dbeab81851fb8,0.1282958984375
761b8bc8c4b25c670adb826e0ee46be0,0.1480712890625
91cf41689b7f8d4b5191c35631a23ed5,0.0234222412109375
a1ca271b07d591b1cf9fba663d65b29d,0.5107421875
b48289bf1f0de88698d969a662224428,0.580078125
2e96b4e510c200c97365c98199266fdb,0.66845703125
c42b639b8f699e6f1de108753f02398f,0.2191162109375
41a70de64348ba836c6b6b2c469cd40c,0.0226287841796875
23ae54b56184538321b775b1d9d12bd7,5.3882598876953125e-05
9ff98ba510f9e45ff7c3206e1d45454a,0.023956298828125
bf7e12877cdc2113e83c357d61c73751,0.032958984375
a55d669cda884e16e381473bc3b61989,0.7412109375
f6f66bbd3c810dadb89c5418f15394ee,0.1458740234375
e9fefc93bf3f37da63df72fa02e2d48f,0.1131591796875
671796e47785ee83a589e04729bba0b1,0.363037109375
e9307774220edb0845b610a9306e991b,0.11517333984375
9116b33e74cf22319c1d7daf6155a507,0.9130859375
ccb06fa4b339cc8ff5ae2331dda084b4,0.61181640625
598b6b2e51f0cc063d4e7ae8ee99ada7,0.48779296875
489584e5f037662c2bd5c8a3ed91760c,0.043853759765625
d9a9c2f7937ba39961539c0855659bb8,0.0321044921875
fa6ed52964c5352814f9aaa81ba20409,0.027435302734375
057cdfbcf8a2ff92a8245e3d8de9fabf,0.014556884765625
03978935cf040e2b437da61ba95202f5,0.9580078125
0be68b9275d42dd9008e6df06b7a561c,0.046112060546875
3145e55b6921c0da3c2a93de3bbbaa20,0.63330078125
55d9516459a859e6c9ab1592d1be9ae0,0.78369140625
74085c53032f646177a0fcd39e6319bb,0.986328125
a2f6122bb72582feff854e4fc2f08fa2,0.939453125
6cb2093ff330ed7f16519d46706c60a9,0.01898193359375
ff591a2c81ec824ef416f63065c586ae,0.9384765625
ddcbbbf57d993b67a8ad5ddf57be87bd,0.92578125
74bc332afa728a23cca3a502c42031cb,0.275390625
d4c553091297c9895c07565ee8aed5b3,0.205810546875
8f5e8aa0cacf2378265976beb76449ae,0.01483917236328125
1f457ef4ec3d64ab2553a0da9c08bf25,0.1375732421875
676b510267f6770caea123c50e060984,0.07666015625
d069a851e465f12753815fbed9c8d196,0.9248046875
62df35c319e0a539ec16489638b4d702,0.873046875
72d3fb6a5e154ffcd0e7a616c7fb4757,0.6669921875
283875a35abb32a74698c435ef52dd73,0.165771484375
d9fc692c9a724bf14422706f5f7413fd,0.0218658447265625
b322a84e50d9405fba6e0535e92c2066,0.767578125
4293d343be473966637d5af550dc6636,0.02386474609375
4ae36c56070f6b87d319cf92db5330e0,0.03021240234375
ad4c626434074a1eb4e2f0a7b735f0e3,0.62451171875
7c2ec1e7f3505fbf944c88bb82bd5f79,0.99169921875
b2fdded0598dd1c4cc31d72fa96e546c,0.62451171875
d79250309cc3f9dbe97642dc05744acf,0.767578125
4e5eb7cdd79f9bf2b5733af61232ff3b,0.0214080810546875
57b863f669af4a4537844c446b26e230,0.11358642578125
a7fdc32c017f812458e0ff1580398add,0.024139404296875
b7f72ee6badea494b5d460a1fa781d80,0.90576171875
f3b3dc27e2aa45d66ac7dce0eeb791eb,0.1070556640625
2b012a1d27bdcdf70debec03376b7207,0.71337890625
a1dc9adedb5bcde7c2a4fd535d8d4601,0.54052734375
99612e5d7f809d8cc3d12e5649c60b26,0.0214080810546875
42fbf5e55cc1242e640a6dd2c9be4cae,0.962890625
e9b01a06614c40221eb6eb240babc243,0.01490020751953125
c1dcdb247552f7b173bcd80fedb6f7d7,0.70556640625
7ebe1926661e1d9bc64fe2d278536fd5,0.01763916015625
f9189338baf0767dc2d8328b0bb97600,0.08209228515625
f718d3a6a83723c729cbecfc6da30084,0.032958984375
325c8f7aa5894a06c9364e00ae8dcc90,0.0305023193359375
6a2d3dd29afa23a8eafb132a0c2c5003,0.7646484375
36d0d721f9e7d37b131176c2a6b15124,0.0163421630859375
8d5e924967380b1db8201c912288122f,0.4931640625
ae1a02a72667bbe7e488f5560fdee3d3,0.11737060546875
cc02075dc552c0b191297da25aefbc95,0.032958984375
f6dd8e844b08b8340a60603c2a24dd40,0.373779296875
c843b938929512bc6e3d5af40dd21ebe,0.0521240234375
cec17734d3f3633dffa7e46cbc2f3ab3,0.0823974609375
f4fa48e0e03aa9ef78652c1a2a435684,0.2198486328125
49e4ba7073a1f5f0a892a529023fb545,0.0173797607421875
517fc059d0175c5b1e81fbf99566ee54,0.035491943359375
f789f4b541c6da44616b28e57a8ef7ac,0.195556640625
0eac1f61833d3d63ca0822163bc8e1b0,0.6962890625
c103affc5c8da80c548843056f2c6b6c,0.047088623046875
eea709ce5c14b1f73ce0334e6e257215,0.72265625
72b8969d8cab0e8563cd4eba7a343f7a,0.962890625
c02a4f77f1566a7b0e7e54710ca668bc,0.1719970703125
7151bcb3ad063d6d1975168fc5a2f0b5,0.0214080810546875
033847c58c05613bde17cf9872e056c2,0.0303802490234375
505015d8b9cf48867cf5df264e4c5d77,0.15380859375
fbd1a80389d206f33ade62eed461a83c,0.249267578125
9d41623631e963f94733bdfa68fefa51,0.01490020751953125
56914a7a0ad7a1d9525bfc35a2ef9ea2,0.01490020751953125
c2345ce10b321cf59734673024e51965,0.79833984375
ae126936ac26527e6fc423f3ed359ace,0.69970703125
78c6c248044ecbc905497c6abb0dfd9a,0.86474609375
b8812904ce915084f0b26d9abc670a42,0.7666015625
ba39bc3e301f8dd31f7e84ff230738bf,0.501953125
da45ce2a9597f9e0faf16487fecbd993,0.033477783203125
de4e7d52020b120b2d4c0d477fb2ee1a,0.2198486328125
02ae8736611d3bccc120e3579bdd76df,0.0203704833984375
ddd699374ed38b0ab8c223579623e351,0.98095703125
50a237b3b977f3c4c26c682323f76511,0.1458740234375
8802150e7573d4b48d5cec0445d5b4c9,0.3056640625
1c451ae9e13fcc4fd348dcaa1ebe165e,0.9921875
319787b5d6e02b948da70e0216e9a628,0.8095703125
ab9b25a2206c74078707cbc0df793ecd,0.94775390625
a2453ba017ed75197e746fa02cf4754a,5.3882598876953125e-05
929fbb7750086a389c0a56756feab472,5.3882598876953125e-05
d0457978ba4ccb7acc9de302ac977aec,0.177001953125
6068d5cd23723a84d002cbd356cdbc79,0.046112060546875
ed933568b9ed194072333c9448fbb5e4,0.8359375
f482dd9c6df9a559c91040167ded793f,0.65087890625
e650ecd6739766557981e3e7ddd28c20,0.93994140625
0d4312fb63dacaa69b4dff0192916fd7,0.0214080810546875
61eb8bba75c38ba963540a4181e5deea,0.01262664794921875
9b6b4686d55afe1479011ee77b5ffb24,0.962890625
86e9c27d1fe37a5aadddc82f6bd2a67d,0.0
fc79438ff79b859cdb481fc5785ffcc0,0.0156707763671875
f463a36e3f5ff1b3ccbfbf8af5fad2d4,0.0537109375
bd723187aae323c39cf5024aa93ae4aa,0.1131591796875
6bdd1c9757f568604a5137997c079079,0.029754638671875
9e5a26fd2e34768c7d29bdcb60cb016f,0.0792236328125
9bee9a4dca6bcc21a0d8dd1a902fafcb,0.2445068359375
0febdae255942f5744e63c2ca74120b3,0.134033203125
dfdfdca2a2360bfecb9ff515d1af2b37,0.00284576416015625
b2aba91579a713a5ebf851c7d01b1741,0.0199127197265625
a90e1992e77b7fb0969aeccc94757522,0.1480712890625
e65540fba4a9d93977eeeae059c72df2,0.55712890625
9726037645d3687a149ea51b871413e4,0.200927734375
6544594e51cfc05770a50aaf232b721b,0.489013671875
c03e246cf84d8f15d4876110f09e048d,0.77734375
ed71c0f2dd9c87b6e0c163b2ae004474,0.8828125
80b711b275c9ec03f458778a1283b846,0.407470703125
064e045117d3dbd7387953637481757f,0.16015625
501e94842ffc94f676183d8d54846e9c,0.029144287109375
1ac6e8a67f5bafcdb22f1e36b3ff4b51,0.410400390625
1296a782d6ea13ad1d712df56128c13a,0.841796875
dd6fd0b567054e3433a18ec51ac63736,0.78369140625
45069bac5a39b5200833fd01ab224481,0.33642578125
d7d2e88f44bb83eda24da9fe63ac6c36,0.455810546875
2eb0f0bd5bb61309dd14f2768ae3a72b,0.31787109375
43af4204be73adbbbc582ceb0c54f394,0.027801513671875
8cdea1c6a817fc6f503876152fe2a0f0,0.2198486328125
e582cdc4366bbeaf5300d39340d951f8,0.033477783203125
4bdf5cf0a2dcf0e86311f1f0896be6f2,0.2342529296875
5e6053294bd0043099db264a89e717ce,0.054595947265625
98eb889a33ad246995895242555adb8e,0.0162811279296875
ab6886d5ba817cae23b348db8098d1e1,0.513671875
112925730a5f6cb15cee1b0e3934bf8f,0.42626953125
4573beec0fef571347b4dfacb47f3f13,0.11737060546875
d03446d54e7a9b6ac421c788c85122ef,0.02191162109375
2622932c258d39dad7e825d05e93525f,0.09619140625
7d3a3b5bcf63f287118153ef2be55960,0.01049041748046875
8975464d493a1669c83ad02d91f6fe64,0.363037109375
8f5aefb441edadccbb395dd5ff1ddd8a,0.541015625
66024954a778391e1a27b9c417bab6cf,0.0154266357421875
3ed705117666c46dffb45dbb5e1c8f7d,0.6123046875
34b0fc77eb40ba3df130ab34ab20cc30,0.1131591796875
64039064c841544f0a508f546a64640d,0.037811279296875
e7c20b752fb934983cdc320ac4e22e9f,0.036346435546875
665d21893d1c5965bda02bfc43ea6871,0.493896484375
bf7733075b871230f397db64e086783a,0.99169921875
e5e1ece8e91a873eb73006d477bcd1c0,0.9931640625
fd493b70051749831cb6a7277db20596,0.0345458984375
145bc451445abade8bf2597baed274bb,0.66552734375
10623d92ce9da3edb54ccd6a2a9f2a07,0.01763916015625
111697dc98200c6f0111b89f3fd4b587,0.044921875
4b3ddbc423e7cde91261bafa96a82adc,0.41162109375
124f8ab257b35cb86cf4d393efbe8065,0.0214080810546875
1d5f5edcaea84b9d3fb632d2571e1bd0,0.0214080810546875
c0369ebab3962086133d1af27648a79d,0.042327880859375
5407d9ada9db233715123c3bd31122bb,0.240234375
636393e70903c77ecd52777f9a1397e6,0.029815673828125
b1774543c96b4f57e9a5f65a0b7eb0e6,0.297119140625
8d8139b5b2e8e2bc9153e638f574810d,0.0260009765625
a9c640914016f703cfcffd1ee6597177,0.9130859375
297ff00d0c8b87819a613d8c457233b9,0.0214080810546875
2b73ec426300d52b5426f12a79adffb0,0.1563720703125
fd479aae600f29266883e6c58bd63f12,0.7919921875
e25a3d6391b01df0b912e380f1c6db49,0.52734375
6cefea1b85b5f40669fdf178e0bf9df0,0.93994140625
416e30075cf5e1d29bd1ab4f95f6e9c6,0.1724853515625
59b463957a9b3c3235a81a86828fcb93,0.10540771484375
e82546e84b438af5a77729f44a73fbf8,0.9130859375
1249102f18959489178560eb1c124501,0.0206451416015625
bf9e7cc1e852a0c821485d62ecc3d2dd,0.029815673828125
5916e7113cb55606867fca737af15eff,0.8154296875
fdce18358d597d6df791071d740c425a,0.50048828125
5a1f10f69cc9eaac95ff062ad3d0fd11,0.019561767578125
da2dfaa4eba8dc52107152c2782731f2,0.93994140625
1c65f0990c8030495c5369c7a697c762,0.62744140625
023882888c213e379862dd056d53a8ca,0.61376953125
d5dc76e8e7b3120e5b50d4ce281b68b7,0.378173828125
01372081f4d15c56b17500625b4876fe,0.275390625
4cc9746206081b3c18d13f96832a14e3,0.1904296875
97c48fd5e3dc3ec20cbb55b6f929ad8a,0.1439208984375
17cb8d60b2721f342f22688464bd364a,0.45068359375
946d57e17f85b6556069ab908af48b7e,0.9130859375
2851e6ee6a2ec13ec05e79190b0713cf,0.93994140625
5a9c478fdd8023c888ce6706605d09d7,0.09503173828125
f0b68ddc0bef98205b22b8bccec05436,0.54833984375
eff9e94ff9bc664a9b8f8f243e281282,0.2198486328125
ec116e52792a1e0f2f4805994ff8bd86,0.0125274658203125
f8ac279280317aff159a3ba107ef7200,0.9404296875
19e3782c35b4576c143f9ed994899a99,0.51318359375
0050bc019d07cd95b677236d5bff0bbb,0.275146484375
e70ec52713cda55fa94c5bca844abeab,0.76025390625
db0704c6305d3a1f892483f5d8238862,0.767578125
6ffd3712f45cd87db30b06d03424ced8,0.62451171875
411fd225783b08ce1b5e91c87ab6ba0f,0.0207977294921875
36f1fca3a27a3c1afd6cf3aa0c9e21d6,0.014556884765625
4a20f66ff12f7af1aaa7658f2847dbea,0.04949951171875
fbeb26b34850d96b5cb3dee8e5f5e79f,0.71435546875
83f67d8901d739cdbb224f88f86d0cb1,0.13720703125
ab80459d13bb024c39db71858f22e517,0.767578125
38d4296c2dda38d5b6ed29962c3a9f15,0.62451171875
ac90b0b1616bc8be41258e7acc863745,0.136962890625
a1848db9cc131d2530113afb7c50574e,0.336669921875
f566bfc2d6ee83efb3572b5b1e1dc109,0.9384765625
5fbdb67d70370031243a318db2299252,0.99169921875
1eccdad697e97e84ade2c4f9cee63e3f,0.021209716796875
eb76a242bfedd911d52a70bbc0110ddc,0.52880859375
d2ae243b536c212f5833419076e46da4,0.4638671875
71cc4cc8afc2a796827f5cc9125ca04a,0.7666015625
570a289223a7e02df1ce464689fbb894,0.9462890625
da492114e30dd875d2d319ac98ad952b,0.50439453125
40941510d66ca645a7c07ddf443686d0,0.0872802734375
a6b82a17827c45f46a3dfbf5cb377794,0.34814453125
fdb5963a4b5cfe7d805084bd4f26589b,0.138916015625
4d9b756d420141ea7f46bde9297ec379,0.033477783203125
543b0a619e55757132abd6767ec99a10,0.01490020751953125
8ed32ace2fbce50296d3a1a16d963ba7,0.5517578125
957f7e389fcfadb9a1c16043535bfcdc,0.2445068359375
109c885cfa000ea4d0c72f9e30e7191c,0.99169921875
9fa4495de498e9d0ee90cf342ad6e7e8,0.063720703125
d097a969ed71e5bb8e888d83a188fa60,0.01490020751953125
7f4fc1d5a6c57db4a63e7f45f1612f8c,0.047882080078125
a7dad5b65f0a5bbeedf966f9ae7882cf,0.34033203125
99e9a1936d06a058b2ff096013232c92,0.0311431884765625
454f7f8cd2a67aa0799921465c83201a,0.56982421875
973dcbca5203b3cd32f0d61195a57956,0.08660888671875
7d30aea90227baafb8e479e2a4fa0a4f,0.0214080810546875
963abc4873236c571b0dec253f8d33b7,0.036285400390625
9e9b58da56b4a8399ff36fd2d0e8cc51,0.017852783203125
89074c389c15999966fdcde81fc08213,0.87109375
c4946b5aae3a23649b9972d2158b0f46,0.01483917236328125
bcb22454fbe767cf284170eb90c19f47,0.89404296875
c73e6cafbe7c64fd1d575489ff97c996,0.865234375
8ac470be13150e86cba2cbcb72c50336,0.98876953125
e61092367f5c41a433bc6b326a2cafcb,0.029815673828125
f1d60714fd92287e5c357643d6071a7a,0.93701171875
c1fe1aa006b958d76cf2300af985ba80,0.15771484375
716426b7af120661c777b6d9fedbf9ce,0.272216796875
559f41cac530570e26ea0b09b4ae1dbc,0.318115234375
5ee328db4f5298205a46a4f9b56fe13b,0.002758026123046875
653cb767902f29f13c7cc7cd3b5c1794,5.3882598876953125e-05
64ae29fd9f1ee23705e7779af6975c41,0.050140380859375
1a41d468539d2b67ecfd5092cd1dca6f,0.052032470703125
ede69250b557c3f3faa7b8d252f8b615,0.0704345703125
a93fb12ab497d391bb9e03611f798181,0.86328125
61efd397f4a9b8bda0056a65d00b92f2,0.822265625
e72fc266b40d1574fa2a5095cbdf19f6,0.348388671875
823a8b810fbabfa6b10aa3eab8ac2196,0.285888671875
15d5dd28a85bf489c31d57299d5c2444,0.71435546875
505bd97cfe91a807a09a764267fee89a,0.94140625
8ed6e3544737f23f34de6e4abeeb3968,0.48095703125
b62bfd0fdcb1d078bfe16c332f7b4503,0.11737060546875
638c7986e2263524646c8eabe412d947,0.046112060546875
8979027a36ebc78352a50dbe7f95bb84,0.83837890625
66d011332ca0f861dfe6319ca3fe1056,0.029754638671875
ecf8730dc14f67fd30e0512352ce48ec,0.62451171875
004ccf76f594a37e8b0797e68b38d1b9,0.029754638671875
41cb4d7361e6e91e9e9b50f4eee09ed7,0.054412841796875
5f951d13bc2ae245fd4be9dcee8d975e,0.73681640625
8f820ef6585960d239f7cb6fb94a2af5,0.94873046875
7bfad2cfcb47b0efeb8ce59c179e2ba6,0.0154266357421875
80cde91b67a8bf38b11937b373422aea,0.56103515625
3a55e297e1e52042430d1e9fc34371c7,0.0823974609375
2ef0cc6f0f8aa2534e103b829e270e1d,0.94873046875
244d2a211240d0f3a085449cfcee3459,0.0214080810546875
e03fa11055a7519dcdcb98aa3af63fdb,0.2269287109375
dc4b07e4ec3e0ebee102a970ecc39387,0.03839111328125
bbf1dee4c40b2a91a887069b39b61f31,0.56005859375
0f522921dcd052e06400aea565983a91,0.4873046875
613fba9a5ab611d9fdbdeeb07120e9b4,0.99169921875
759abc6d1147a8d1c9b14c812c6d738a,0.0156707763671875
876d1524aabd6b72ede1b336180ceb2e,0.9921875
5bf2a0e6d7416b1c2fddc172ed27f700,0.9921875
b7ee10249b580671cd8ac2294e6b5406,0.018768310546875
83d9e874aefe4745f5ae0049771cfd6f,0.9599609375
72c4b1fdd6a1cea12d5828262a5df5f2,0.71044921875
1c4a48d15c4d7dd5ff36c1aef7638495,0.99169921875
e046a6f94b632f15ca229b41348e6f42,0.07781982421875
a62579f756516ec6fb5a8483a3f3faac,0.45703125
00c8ef9f98c5c0ee41799c87c02bcff9,0.058990478515625
a6093ae4ea63c09ea385244d070315ac,0.7802734375
6e40de93ce2955bb03bbf18dd4f5a1d4,0.046112060546875
7bc69ced4862b389d464fd0c95c53bfa,0.063720703125
f48c7817f6c96bc24d0cc5ce16828e1f,0.99169921875
423808c1001d03551ceb3f068aa6ce1e,0.9365234375
0ae120b3084122a958fb0e65f6d1e26d,0.27783203125
32cf231e578f2ed60fdc523e61ad7fbf,0.025909423828125
a118e2e8f3c9ce2008917d096c11f81d,0.02947998046875
c38b51285c032010d0329f557074b69e,0.2230224609375
780bba289af6d12a8b793f92a17629ea,0.054412841796875
9607ac32c7a83e31fef89f69933231e6,0.93896484375
2aba80a866b1acb1be889e4bcccddacb,0.493408203125
6924ee9d8e29ada9a98b783c50ae5263,0.7919921875
ff81f72284b2b6a4710df8a9cc6a4f53,0.51318359375
c8ceffaeb3baa5a4ac00050816176885,0.986328125
293f9200b883b8f9f51b35a0a5933153,0.62451171875
e1f8f9121f098ca03169029406a9f7fc,0.0167236328125
b26bb8218b83038d037bf6a68bc69abd,0.93994140625
4b1a5a8847bde71414cfe8bc5cce60b2,0.027435302734375
9d40e04ff7ba6c4202b5787a3706ae94,0.31005859375
11128be8527cac50aafe82b93c173c81,0.042236328125
02729f9c03e36df4976c967b9341d752,0.275146484375
6e62cb9964dc003053327bb28d2b2e40,1.0
cfca2d6f3d47105a6b32b128e6e8bb5e,0.71630859375
27a19b959e1ebd30705e014cce01f207,0.748046875
92284f4db4616bcd1235662715b82f32,0.818359375
ca9e51552fcc1c9c8bc1f24575a79a34,0.99365234375
1bb21461bf917168a4f4d990b860b2fc,0.335205078125
1322251ad4904aec6ab58c1012d72430,0.3017578125
ec92e4dd23998daa91d7dda5c8687f6f,0.51806640625
b42014527a42b309ea77ca4144a01ae8,0.023101806640625
93402f4cb4804617b4f4b0353f031385,0.51806640625
c947531dc995cd16380ce128e4c12228,0.054412841796875
78952c70326fa63185ad80ad01da253d,0.275390625
e579b01fb68a98b3343be6842595e2a7,0.046112060546875
b8abe8ed870d63b74fc6c62e38b0527c,0.38232421875
2966e69b20a19abfbc80f7da3f45e5da,0.8994140625
e7e9cabcce983826f3fcf49e79907c8b,0.48193359375
1cfd3a83d9cf05e3f35449f9d8d5273a,0.450439453125
57f9e2354a920a0e59e16a9f546d68f4,0.1541748046875
94a49860ac5199711f5a43162156f9e5,0.6123046875
36af8e2307498f0297a462615bcd0ee9,0.0
bc99f03dd326ca2fca99344291ed1375,0.0112457275390625
f3575bddc1206acb4ed25176b1e15d71,0.0179901123046875
41d12e0f6606a0b2a8589497ef8faf02,0.2437744140625
efacfaa873412cc88bf0d534aff166be,0.27783203125
ce3f435db1317f572ae35aedbcef7efe,0.1719970703125
0f1067822c61288187555142651cbe6b,0.033966064453125
8b5977362dfde75c96f23c43eb1d8fee,5.3882598876953125e-05
59416dbb827ef32eb079478b3e3e539f,0.046112060546875
f6ed5c51bd0575a57c14d41a92588719,0.73779296875
eb179fb88361aae6fa1b72b66ebbdfb2,5.3882598876953125e-05
aa1757f0d25bdf3356cf097d3be39e7f,0.042236328125
7dba219bab41cb4d41e743e7cd5d7b17,0.56787109375
0c59450b4381e67594b7d4d142918521,0.80712890625
c10280ae1e2b1e2897f207e35500b4c7,5.3882598876953125e-05
03bbd326eb19d20ade587d103ab848f2,0.06744384765625
f52970e4ef6286ac33dd36e545be06a8,0.05633544921875
6d2f06668ce8a9c198fb78996e2729ad,0.9365234375
b988f065ae6cab008e414b2e8399b1d2,0.7587890625
b74884ff5bd3f463eddd9c932836e489,0.392578125
25db64c086c5e7824034acd389101cd9,0.1131591796875
74b204412cc71c8491c2413a2e42ca16,0.011688232421875
8731d4518ba0eabd2cd20ec86078ec34,0.047698974609375
b1ebcd72d3bbfa1066b8ecc33ea33c13,0.99169921875
7c9e34e3197b734242ccc34882e55e6e,0.1551513671875
9333066b504a9807113578c433bd315f,0.61181640625
35c213dc5a5737e8e409f3b32e11232b,0.1131591796875
9f5cde189236c3dd0a3933b722953d37,0.200927734375
d180bb41beec6fa892240ed91d9a72e7,0.029815673828125
519e22a63c37fb5bc8d34a7ef4165d68,0.75634765625
1bee407357a1a83da2a38a681144effb,0.26806640625
bca9f96974f996d6b246209ff0dad9eb,0.01554107666015625
07ae5e014192505bd08a5a9c2b3881c3,0.1480712890625
b3c11590befc10b091849624bd4432dc,0.023468017578125
a7171ec764bd9bfd2b44088e84d22341,0.92529296875
f44f6487cdadb019517a1216d7bd6505,0.432373046875
d1f05ca22b0dc6956da314c208ce3fd0,0.0305633544921875
f570555d9084acab5204376903855f30,0.03240966796875
6c2c5640dea00148e91963fe12662e1c,0.1689453125
ba7daf70020a9c48e9239faa91629196,0.0210418701171875
423e106fa1b7b78e56a1b118175a6514,0.046112060546875
2cdea1be98b79c40f2ea6c1a5c35091b,0.9130859375
a65a53630796c665122bbb7749ef9cf5,0.046112060546875
30487ac851a42846ab68153adb8128ac,0.03240966796875
e416e6577509f75f63ce80f75cfd0823,0.0214080810546875
8058418edf388d790e62b580478dada4,0.03424072265625
84db796d5dcb39ef48b1d498387bdfc9,0.99169921875
ffa26cf53ef032afd7e76f72404f8857,0.044769287109375
94ac710a5d5be625b92d21bd80718630,0.1556396484375
d80cf5c4b2ee77a6d8203a1f5b14a9bb,5.3882598876953125e-05
5e297af5fd8ce10bb8488bf39acce293,0.01483917236328125
d051b9d5c5385ca9d1b482e17d3b9e18,5.3882598876953125e-05
e6a191cab9b35162e0ae4f6d2671ea1c,0.0285491943359375
218d5d629f4e0128a36aa775c5a62be0,0.92626953125
054eae4d03f2fa93b8f9f0c750c361eb,0.7021484375
add6463660e5cb4b97f1ed27965a6847,0.11737060546875
53678ee79eca1f2ca46bcec036792a03,0.54248046875
8b2464dc6ca4d985648a9f789189f231,0.9130859375
a174b6b02c63bc8cc5c9abac6000f27f,0.0120086669921875
edef90f8d9a6fd3bc830c8159e2e6136,0.62451171875
e537d9ed05e9fba54bf179aa3ec69208,0.0416259765625
7e0f318b80ec267f7bb06aebae320f6a,0.306640625
f599fa101637efa1612b4006333cce3d,0.1131591796875
0649f50df4aff83ef202d2eb0a8f2c28,0.67236328125
38044d0f51ba62027321451b1b0fbe8b,0.1796875
932cb9ca236e1e8c6740d9db01410778,0.53466796875
a45fbc7b93c849501310d925e30a38b0,0.11737060546875
4f5e9708ae401516f18cd847621b2821,0.012481689453125
5ecc8efa9cb48686f1aee9376112ec69,5.3882598876953125e-05
928bfd4b217c8f0307387f43c13e2331,0.04248046875
7c6400e891d434ece5dc09afd2270309,0.0295867919921875
c05d9d1237dd9eb87e4d704e7d9c898d,0.043853759765625
fb1d7083c4badeb2d4258f51bdba41ca,0.775390625
06b4248cf4db4818fe69af1f8fec19c3,0.046112060546875
ee7fa82ad3517bf40879143dcd51b51a,0.2445068359375
0b081f76f02e82008b625a07a492e9fb,0.57177734375
aae5d0ffcbe9c8ec6719fab811e637c8,0.98974609375
aa7f52c81a773c541b88d8cf81667c02,0.69970703125
6ebc8e0d84277b70584a02f6060d9e36,0.017852783203125
00b20c9489e1dad5f071b2821525320c,0.467041015625
652af06296bd490fd190cad77526598b,0.2083740234375
52f76630a6043fb589ac18c6766b0a6f,0.98828125
c2bf7c0d3233fe293568372715ac6fec,0.034423828125
0da5cb6e034d8f77823135df5d61d20d,0.99169921875
642d802dc0c3ac9786f8769c99a16dcc,0.1114501953125
b30093d6cebe80dc416e3e16f53b4bc4,0.0
2c1dd512b4f355f31510f5c449af4c0f,0.98876953125
e15b5eee5ef61094f531f4ab0ea52bd7,0.0289306640625
25902a166716fa6b5061b030d1ec0e63,0.40380859375
f194d7ae32b3bb8d9cb2e568ea60e962,0.58740234375
532c39933bec8f3813f7acc6f870810f,0.86865234375
3ab33fcafec471cb3e83e4c9eabf9a81,0.0305023193359375
f7a2e5eca6b5afea91f95ac9ef79df5d,0.99169921875
d0ddc181ee12380994a417c465f7c6de,0.27099609375
b30f72da84a4ed9575e0dc32f693687a,0.329345703125
06f321e9df889093a2be2cb421121089,0.85400390625
6010757baf9d62112c1342392aa9362b,0.030853271484375
21f5290d7a024344bfb921a7b3d56465,0.0214080810546875
d8105581df1372d46164bf7172678ea5,0.1590576171875
9e5d35e89c1788b2e29b2fb978cae02a,0.154541015625
d02e28ee9a0c5d7fe5f33cd6ef65212a,0.11737060546875
6eae4033fcf6e7b9bf510ddd176e7ae2,0.0283355712890625
699515ed00680248a01aa08184c10d00,0.0142822265625
887c3ec2cbc8cc5f8ec9e2a9751839f2,0.11737060546875
43fa732f4676a1dbcc54bd23d69d01f4,0.0792236328125
d973a9816427d0da020942830752185a,0.99169921875
dea9a41831e190928664531930f158ee,0.1014404296875
11ff8a6436b77c3b8b0f7b1368db730f,0.153564453125
c8f0d77d89932e7d32e122a4a35c7a11,0.023284912109375
cc841258d4b030ea64dadd7368984776,0.09417724609375
00fe4203a5977ddfebd62d529dde4df0,0.03302001953125
e84e40cae527b476b6d9e5d2d45db827,0.10894775390625
82051f56dd1034ce69df8932155c6094,3.5762786865234375e-07
1b96291356b83d9929b8e57b5af19894,0.06524658203125
36c8331e327d1f77fc9e1f23b038e656,0.65478515625
dcf68b96fa5d7cf4d4cc8bd57f640e91,0.033966064453125
ade4d6597f3d1d0d0642b697b7fbd26e,0.017913818359375
822a348a5c6bb6d32f8ce0b2bacd9ee4,0.0214080810546875
36a2dbb02c2aa7f418c5d1a1a2fc24f5,0.0180206298828125
3e3b1f14bb70f7d1fa78f065812c9697,0.39697265625
a8072b5d58ed682f9775c7cb9ec102a9,0.201171875
4aebceb6a012a650d0df5f6d57743074,0.01467132568359375
9f160499b4c84bd5b5b1e9bb86f1a810,0.6572265625
84e8d174ffa4b44f1b82ae18407ec9e0,0.1480712890625
8fbe2b2b1e9e329628cffd7d1147f443,0.036834716796875
03ce834d332309e2e1de20fd660e3736,0.015960693359375
b335c9a998fe45b64e21bcfe3d4d03ec,0.310302734375
2e2399a2882ecd4412d34aa40550f78c,0.01374053955078125
0c32458545bb0609ed47a474fd3a0480,0.79931640625
4de434d84917a2623baf08bded87dfdb,0.1480712890625
45ddc5b353f6d4d604320f784be96d33,0.87109375
1eac24b5f1fd5b5d2ecd6409f92f9167,0.450439453125
b9ddbc6547c4f1e5bffb9f428a94663a,5.3882598876953125e-05
3973c208abc70b8581d0e035808cd637,0.6123046875
d54deee0c97acd64172efe183c5f9397,0.8916015625
e2a6dd34e1fd789bda8a177f5622c524,0.0240936279296875
d0068646a2dbb58e4467c08bbdc76499,0.939453125
a1fe5c0dbaf3a98bd06fef04d5161ddd,0.475341796875
164e2b30437d7c0b1a58f2c2bcf5b002,0.60302734375
1a6ee5bcb2b8408e7413eba9294d0258,0.5107421875
9b5b7d6139df43d43595d92c42fb5db5,0.544921875
6292902a7d33830db00eb2b2680a78f7,0.5107421875
96571058bb1f6c00f33f32493b040fb8,0.01490020751953125
c801461a98cbce938de83c79c1341fcd,0.99169921875
98c9a91f2600e978af3f563bb373589a,0.7392578125
ce75fe79edace19e9de62720a53656d5,0.09552001953125
d8f84f766d63bdca3fc1681a985530a6,0.03436279296875
5997c6a297d6d55d31cac482718284d8,0.99169921875
cacdfa9cee8c6feed08b2e6ee3cb9de3,0.0521240234375
19cf0a740b99dcbd755b2c1a87ad371b,0.083740234375
95e8296c984666bad7e446f0e4e1dd7d,0.5908203125
2ae0c225386a9fb7e5206f75eafad240,0.0537109375
19d20f6312b8ddd3127b5f51b13b891a,0.99169921875
ccd09096a4e17c77f9f72507f57bd109,5.3882598876953125e-05
e0b7cc29df68ecb257fb1bfb28da3bf0,0.6015625
ce6185fc48c6768286215a6456adb94a,0.435546875
6d13204ae1774d77116dc5733f0b245d,0.2108154296875
917cf902f34d570aceb5e9b83f1d4211,0.03338623046875
2aaccefafe9ede1aa6582cf8fab5770d,0.5634765625
235430ee1dcde985724ee7d77970b5fe,0.6025390625
2feb872b2d97bfc82d73fe44e1ca8629,0.1517333984375
f8580c8bd128ac41e6c2761ef7ce06f3,0.1131591796875
48acc049df0d2b8982771b96a2b9a960,0.040679931640625
3d7c1e81a72ef80df79c7b76363a35f4,0.1480712890625
87eaab39d1b6a4172e62bcdd6bc7c35f,0.046112060546875
84c20894a1ebb9a72d94a74366459090,0.25732421875
22f6ed489b2f22ff470b5f4c5abc1322,0.201171875
8401bb88ddc009e70f854c2dc3158c91,0.21435546875
477f94b97ac55be58674476fbe0aa62b,0.71484375
f62a6fb2a94554493e1dda05a5c1d9a7,0.15478515625
8305d9eab73c010f4bf629c6d5f09956,0.283935546875
8e593c0316afe7dbf9fc0771d3f6618c,0.962890625
a3f6faf0e4cbcabeb2a57d7bf27a67f9,0.01490020751953125
fb4bf180ee6595d77b69f7a1140421cd,0.200927734375
82fbfa1a99e4001ea9f24466c7ad168e,0.0162200927734375
f977e57a3e60b1059478649fc1e18105,0.7080078125
2f9b1afbb2a4ecad853662018d58a69f,0.09088134765625
d95da80d7a4ef553989f177eec981187,0.82373046875
9d07177fab966179269a927ba7ef70ca,0.06866455078125
a4eb6ea367fd3fc014655d0ff4e8da42,0.01483917236328125
9f5550e4faacb909d69397d558bfe319,0.0234222412109375
b882b1299c6fbc8c86f9023473a5d748,0.884765625
77c2542185a933a96af82c7865df2cdd,0.9609375
3810cde61cb6a2828fe66d2b30bcaa4c,0.01678466796875
e8f972f6e6b85ced446cab722a6a8ff0,0.014556884765625
183a75e0a281c9365d5822d865dbbfa8,0.033477783203125
d775067dd66f564cb228defa222be187,0.03338623046875
a3de23947a6b99739ef452e875bbfb38,0.99169921875
10d5c4e6628e6da50bfc3fe6bfddc48c,0.01061248779296875
9e3ab2e7f5e0800dcd95225fd81209e4,0.662109375
ae6677474f5bc9fffad0d2f3fb5cb2ea,0.615234375
a04d449f41e831b18c8d454aca779670,0.016021728515625
709bcd8323bd359f5f6358a2383a0f30,0.1070556640625
6684b347a607fdf671e2d7837a204133,0.206787109375
d313f2d49e225b7167bb4e11b9560ef8,0.0216522216796875
2631ba756f301bd82c347d344ce1f332,0.052032470703125
5e4bfe047e869385691df275df56ee1b,0.1971435546875
9f5cab032dc78e3893dbe2f8649f7b65,0.029754638671875
abeca9f616ceddf47e83d0356a475384,0.64892578125
cb6774a1ce0fe9a143543e2d6cf5de2d,0.65283203125
675fb432ad6ae11c0efc0ba03e733fc4,0.046112060546875
d4c01d14d914c732d142e888547e229c,0.03271484375
ae7a6691a5d8307e11c45bd4a3ef18d0,0.0234222412109375
bc700ac6fb9d3ae157f248aa42d4c6b1,0.48779296875
47a9666d5fe0d9e640b19f3bcfb9ea14,0.50537109375
9d1bff78c47909cf9d703a96f3a7ec0b,0.03802490234375
1f0cb7639dd502c7502ab4e5f4c2364c,0.681640625
7ed38028485ae7d682ae7fcbafc113b9,0.0867919921875
d5f714acefb6b2382c97a4d4d914fe41,0.64306640625
c23ba2395249d9cacc78e5c9781eaa33,0.023773193359375
83e7034350b32aa510d1fb5cb2f959f7,0.035736083984375
7cf95ce5302d2dd4d13591992799691a,0.99169921875
2014a416bc86b8e393dc885af3a1b135,0.035675048828125
2c1fad75c8ee20ba8242c36f0e63ef64,0.035675048828125
1dae69a67d774711b13f93b062c0925b,0.98828125
3e9af56ede218eb362e02e392f0bcfed,0.01490020751953125
c62ce60b79e63641fa6064c31ed90d21,0.218017578125
6628ce3299ff584afe72bb6370608597,0.200927734375
dffdaf2ab2b6eaba7c264fe32650de5a,0.029815673828125
b2456061caa305994fcf40f2fe44d6b4,0.0214080810546875
14c28eb2664a360c7db0283ab045f3fa,0.04046630859375
bfbf358b7ad649f7e8ed85668fb3d18b,0.1480712890625
f9d38541fb6f9dce6f057374e996a1c5,0.51025390625
b075399e00cc84272331fe61c7853310,0.515625
af6554157e0fdfdf88924d0cecd62285,0.01483917236328125
db6d5291ac32aecafb5dee5a00e55709,0.10650634765625
179cb67aa32c5bcb9918b7510b1bcd00,0.1131591796875
8e2489bf65b43f711ac1f01752872418,0.962890625
3c0bd08a15483a4ea1b4291d0dd4d238,0.029754638671875
c9835b5051654ba12cf3b6268eef56e0,0.2088623046875
35b538d94b7ad96e6e44b36601aa9b80,0.7275390625
709929aa3b4a2c6b044303552a77cc88,0.96337890625
ebd6214d7f107dd635e8237892b29979,0.7412109375
c2648a9c5b3206cd9916395707b0f920,0.1131591796875
4c73086cb6d85ec932f4c2588679f5a4,0.12139892578125
5e49a00526f2796a1dc560e575062bc6,0.0699462890625
71dd0afcc82cd5d7727cfd4e77198b1f,0.046112060546875
7ddc233a7daf31d6f8a4a0e08bea2bae,0.41162109375
9f1fa60d0c5ff3682f159e30f706bf3c,0.208984375
2276baf31f5400dbcdfc87a2ff05fd1a,0.0171051025390625
49ae90c1479fa19fcface2ef9c1c6bb8,0.900390625
2fd25ef8356ef487387a69de836482dd,0.2445068359375
ed042b932acb902574fb575a58d67944,5.3882598876953125e-05
7634062434ffaad3bf7e3dba8eed8d76,0.260498046875
f161f59480660e16a704a4c7f693accf,0.31005859375
4ee54c209941b985127571b16ed15cfc,0.62451171875
5acd8a2e904915b2cc079712cce98a36,0.62744140625
211cd3ca71b8d62144cc14561445a536,0.035888671875
e20ef2e85a9a75fca0fe85bc398879b2,0.007965087890625
49185f397621975ce505f2ea021b591a,0.046112060546875
7713592c7ed3a2541a11b0f62904aa73,0.364501953125
221c51d0471ec1788b52da53190f33c9,0.71630859375
b10a0ac456ac65d69607af577d0e0d08,0.032958984375
d4200049ec0e593aebd19102b3dc586c,0.50439453125
ce7b00bfbcc8bc1f839f097af226b193,0.063720703125
cb37ef543bf8d58539c0ec614f36e9ff,0.014617919921875
83d48ceb05204219598796cf99ade13c,0.90966796875
ef0c1df06b796b7d7ff5d8184e03c1a4,0.34814453125
d51ef35729552955c96fcc1a1efa591f,0.26904296875
01ec040c8ae2e750cea7770cbe9c4c4a,0.0150146484375
bafe931488b5705fea890531f4625e75,0.0214080810546875
b7ba1954a970c0e56cacbc9d2e6fbe1b,0.85791015625
6d32f49665fd80517ce0bf8ad28f2a56,0.01483917236328125
e9c6425fc0758bd06d5fee0a15f833e4,0.97998046875
d2593b036a3fff02727be775c21e0b69,0.54833984375
4f9def6231bc4287353b3c12eb9eb7f5,0.87939453125
49354088c9ae1c8c34753ed879ce9203,0.1993408203125
4c9f997150e1bb5cd8157f47db8bff2e,0.310302734375
c7e19fa601a0aeed0f53ac87ee212ad3,0.008544921875
aa2581624e5cc66fb8535c1eec1b0893,0.65283203125
ddd7a385eb17e0eb35fda9d27fa3d4c8,0.5400390625
2678a710c9e3f742056aa1cfbd345f2a,0.1175537109375
400d1ba0b27fc180a18878848fda713b,0.1131591796875
f37b7658e534aa1d1ae7b20044e7bd72,0.009857177734375
8252086b22d6a93e827fed9f7f97b45c,0.93017578125
ba5f36122ad091d9c67abeffc4e5fe81,0.619140625
e22dcc01c6037301a0b437468f2bbedd,0.96484375
db7b754cf4e434f82455231c6498dcec,0.200927734375
bcfc38927c342f015a7cf060c70eb2a2,0.470703125
1f808d56ccf6c1949976538e5c82d63a,0.962890625
b7373b3990955631c29a76abd1fb5a8b,0.98974609375
97c12d5c50117fd2dd0bf2714389f894,0.205810546875
9627f5900dfe1c8b710094a3f8dafd56,0.046112060546875
3029ce5a806229c175e9bf9651669544,8.887052536010742e-05
6e79270195e2f710153b1bb893c714e0,0.9130859375
086e08122b9493d858ca1d7669fac4ff,0.15234375
975d87e24e881a6d224d37b25a7c8a1d,0.27490234375
377012a0baec4f020d76fd8af7e4c6c7,0.62451171875
f886d4770a4137907ff13dff98485cc1,0.345458984375
ebb86f75cf48ee1fa7b2509daa5eaf15,0.040008544921875
05383874c71d3eb5a151e5c1145a7274,0.09234619140625
9123ab0d7fce02bde19cf64142d84396,0.021453857421875
b7a2016d4b67b354cb4e08533ef2e213,0.145263671875
cf57041b0b0781c7ac0c1e4b4c666d59,0.69287109375
313b9ba1c2acf03eed72ca8575054f2f,0.427001953125
4941c438c6325fcbfee0e56698cd3818,0.00864410400390625
fdd52c103b960a16933d9478ce2540d5,0.90283203125
17c611f1cb8902062b56dcb8238d0a31,0.767578125
8598129890cf54665870cab9bfb0fe1a,0.037322998046875
c1f5aed3abda3d78bb6dbe0524e049c5,0.450439453125
08bb1eb577c936aa0a8601dfa333ea0e,0.0214080810546875
cc63f92bcd4c29b69e2755794bf41f9d,0.99169921875
10ab7f235ee583eb14b7a951ea2f8de9,0.86865234375
de7199907385d837e01aed81a9f4321c,0.0214080810546875
06335fa81aacd8a28ff622e1f4bdeff5,0.85107421875
5f755cf47f27cf3b16338cbfd11eb7c1,0.05194091796875
92f6d365e43fe5ad232dbe9419c6b745,0.34814453125
03faf06a2ab93e3b875bae231135bb14,0.469482421875
30a0e8e37491a4480c672dc504eb7dca,0.07464599609375
bf56ff5d878f1c4ad845ad7646c3a02a,0.98828125
6a6bc84abf8d2b86caade2e178bba70b,0.1685791015625
74074e1496dd175aa7a430856115b57b,0.1480712890625
94929552e281632188f8dc18322a9b2d,0.94873046875
4bf7995fe677b951e8df614e331b2b16,0.9599609375
4e40a84229d0b190520e4b51de5a9caf,0.046112060546875
41a1ad033560db64a43c524d3ddc8e46,0.82958984375
7415211753e06a6b22b82ed2ad50cec0,0.275390625
bed33342084cb44a447d56a6ff1681b0,0.61328125
98c4909b28702664beb0042443c61807,0.0144500732421875
9c5c23f132ba548d030550e43c8b7806,0.1131591796875
8f8ddb178ef955be949e795c0254f02d,0.03271484375
8304286f4a43b990ccb626a4579b45d3,0.8740234375
491ff3cda8d2ae48105e6a314eaa7e41,0.9091796875
f8c72e813f5d289809bee9280f389fa2,0.0271148681640625
de62ed5bfb21f0e6b97cda7a934fb395,0.92041015625
41b775aead1e83c01f256f1f8d024d30,0.06939697265625
f52c93c38009a31f4b3c2893604729a5,0.04876708984375
1ff373e54159535cfbbbed499a2f302a,0.99169921875
cecb056bd669558f64fda26f8c89666a,0.99169921875
34c17a185199660062ad469f262cad4f,0.0214080810546875
fd45339cc1ed2a957a355d25cfd48120,0.0321044921875
bba6a30905d6a92c1d0dc73abba1810f,0.0165863037109375
781a9b6193697debcb866d7b401216bc,0.0240478515625
c6e6ab4d2be3786650a000442a26d95c,0.00284576416015625
a0a3e69081d976ffc2d1ed5243f05145,0.6826171875
3aaa411360934012e1651ecd7cc7b848,0.6435546875
ba9a0fb7a681c270bf4caf73369bbe1d,0.01490020751953125
4dee80f614ceb924ab39519763ee3b60,0.0169219970703125
1a9982735089c9f32ab1e4e6667eb9d5,0.80615234375
dd627a84098de56d35062f5f09630d0e,0.29345703125
b6ff08d9ba3719f53ce0b1faac6e857b,0.98876953125
047ada9ea5c4c6ffa7a39ab1580f5b53,0.004810333251953125
6621e555ff85b675d3f6f7212b884657,0.029083251953125
e989af5f527a2599ae7e95fe9f059a6c,0.0360107421875
ff70ca7a56cc60d5fbbb4fa4d30309d8,0.049041748046875
58f3528be202aae15ed228d7189416c6,0.5771484375
3e1b8bdfa86763f319ad8a6fdd592aa7,0.1229248046875
802768900b4f0c98ec85f69a5bb3c441,5.3882598876953125e-05
bf77f4e4b7d99180cd03145e877c3638,0.99169921875
47f46ea7417559902e30a99e7f985097,0.0244293212890625
97c747c8b1789502767ab6f84875a543,0.0369873046875
0dbfc9a3d0136b6e7f12c4fa018280f3,0.035614013671875
cacc469da8ae937b41bd0a518c0d053c,0.80615234375
22b44c5bf6e50b766339eaa597b72646,0.04345703125
ff0ccbbb7f0248c3a200564f62d4fa7f,0.90966796875
02e8c7af3724ff535da627197920ad14,0.87255859375
c4e5974e135abb99b9592c9b2fef10fc,0.1480712890625
59b821abfc84cca6a6d16f653efa5e44,0.253173828125
9c31c6ac9ebfd2a74f68b5cef28ecaee,0.72998046875
8e3ec632409f64a7c35a05627b4568c8,0.032958984375
3e2d54f74b30eb09d2f1946ad796ac77,0.020843505859375
7628cc1254f9674365a23004fe71085e,0.037322998046875
e0ea4e7387a5aebaa339694b53dd3ca8,0.55078125
59335fd660c0ac69d372bcda0a9a46f8,0.190673828125
0c0ec61d967c0840a7b6f99c439cd90f,0.10894775390625
fafae99d00562e0fb0c68f917a68f474,0.03240966796875
38565a317a40207fe5f49c012e35d8fb,0.94091796875
51b846e41f0cbe96d2c03544e0bd91fa,0.01495361328125
e74553bb45c9dd9fc3e7f952b8072a52,0.01490020751953125
749c2079b3f7807f13931f0e2aed3ea2,0.80078125
8b3365e1fe3a0b940f1fbd075a3c0cc7,0.5478515625
30d100d28dc2dccf9a70d9772159d9c9,5.3882598876953125e-05
606d0f73ea5f8486747fcabf0aef30b1,0.06866455078125
600a6c65bd3141eb1b05c558c3208f45,0.1943359375
2c2808a3ba9cca6aeeb010da8138941d,0.01678466796875
74b71de3732d2b4f3981050fbcff8492,0.34521484375
fccd3cd42f8a83845e44e08b3e1848c9,0.029754638671875
7e4c407ab851162452ea36cb58fa0b3a,0.080078125
f94bba5154d65fc34cb42b4b7acf6b34,0.9033203125
1c51d05a0374c9c5ed92768bb604c781,0.7919921875
a71ea2a048e0f508fe1bed0b413dc8ea,0.58154296875
a3d61c51677550bcab428e66d5ae3080,0.450439453125
84ea67cee7b9c7e2bdc0a9015e0f2351,0.12841796875
7d94171c19e644b4c600d84394789dc8,0.1480712890625
e7cdfc39a7500d08fb0e3cabbcd0b507,0.054412841796875
af701394ebb75c3cda68a5170bdf72ea,0.0210113525390625
b39640b7369396c9b26a4db6cf835163,0.94873046875
4a21f093a3aed2ce67a4cde5bff13bc5,0.8828125
549c0cb49fd7703b65875900c5755665,0.77734375
b215e584388faf2cf9e1188fbb701395,0.0007824897766113281
90f497224e41d5303158006df1852b89,0.16015625
49df86cc1c3882421a8455be4a88c13d,0.0246124267578125
080a9a590be55d8efd1e334b7dd7e0e6,0.73046875
9a73d70d350fabb83da0b6492a44f300,0.87109375
bdba53120546f61e645b080de0f3bf97,0.0210113525390625
ad2c1c6a158fae8c4107ad76de4ca144,0.87158203125
699d02a90166743b18428ab067b9add5,0.07574462890625
25cbf3b2aecf77bc8823c3bb58f8ec7d,0.65283203125
fce837623f5184a71022ae71638c84f7,0.07574462890625
577b5fbdcf47f70f4d17d87cc8a20550,0.9921875
469cf485e5d95a8dddd3f587549638b2,0.0199127197265625
0259359ded34c44d92ddfaeb1c17a5dd,0.71875
3ac132883497dd1b051e23cea5f96bb8,0.032958984375
66281139432d42f0ebc0619d768f40e0,0.13720703125
728d894e7e4a5a2074bd6563b6763b80,0.01483917236328125
652e6e262d692b22ef17a0bca422e41b,0.0219879150390625
840b35506e2d2d3a6cec6efb0259a420,0.196044921875
297f89bc44e6a91534540275d0898b16,0.99169921875
b837cb0dc3e8891c1dd3d6602903c65b,0.01490020751953125
9d0f678e6425b7b4a3c7fb0d93422c71,0.054412841796875
766005454f7149bdc49c0278c587e1d3,0.0214080810546875
d43333c84c6f849fc9806bfbae142d31,0.2342529296875
1810992703a3b39d1f14c8be78af9d8c,0.859375
3ee1afd9b37b60e54fdd3bc65b14d7eb,0.9765625
c8e4cd2d04708df0d5021270b44ced95,0.0214080810546875
92aa27b24862ed8e1f5ededa96f3c58d,0.018798828125
b3f3e0c7012328bcad4aa1cc69a5ec83,0.873046875
bb152c23f48a3d1843cbd6940b8b0030,5.3882598876953125e-05
c5d82f37fb6eac56e0ae1d498fbe8206,0.1544189453125
cfa471d911ab0913fff1acae4c86a330,0.7431640625
b41f763a40295755b820dda2a0adc9e7,0.02606201171875
9bb3bb54287ee2469989dffcc1babe97,0.185791015625
f59582386f4bf53866ad352903eeb745,0.9130859375
080c701a8d675948d9ee4fcb54ffaf09,0.0
2e18a08987838bbc3c26ffdbbcec1e62,0.61474609375
881f15288e92087a52c7b86f5b3c5289,0.0150146484375
58ac093c85b8519ff63618579c47ae0b,0.03240966796875
8bad97dfb736d59c3cca2b0397625a9b,0.5654296875
325dd7c825006968846e9cd8e5d3ddbe,0.99169921875
3446e8d280d8907660312becfb71e96e,0.99169921875
66749905f33d0e8b4d145da445af4258,0.7958984375
666b4bfa53e2ad5f1327537931bef0e9,0.06280517578125
3113ccf96549a40986a6c8ed2d0fea78,0.142822265625
3faf30699b85561e9baec1fef33bbe7e,0.01490020751953125
c677e322947cf212e7621e5421a00289,0.2034912109375
f00b6ddc449054b9174e4f56016599a9,0.51220703125
d820a3f13816e55d222988a5fe243758,0.5224609375
671b4f1012a1f26eef317f275814ee4d,0.322998046875
9bfb890232a1719985b1eb357f770048,5.3882598876953125e-05
0a521a02ab12591d2eef33195396d0e5,0.7802734375
477ff638b48a93e8fbef50ccaf975ea1,0.253662109375
3a5184dd88f857812229ab69bbd1839b,0.046112060546875
463d8cdb5e46474a13625c6a068f35a7,0.032958984375
e7a37b9af50430349fd17e4302982574,0.0214080810546875
e21df63fb536fb7341fe5238085615f8,0.97607421875
a9e8cb784367019134f205269547299b,0.04083251953125
ed12000314662839da3b438787042e3a,0.147705078125
b68251338c0016897dadab71952c8304,0.06732177734375
52d1dab4a60de18368b14b259824f03f,0.048583984375
7b4ebcdba649621096a4add5445a0969,0.032958984375
07afb01541a8a0ae289de89ef48375fe,0.2335205078125
821c2c93e53eb09d68caf72a8aed0b81,0.1611328125
5967a781fb14833a6862c1d18a54b617,0.5048828125
df955cbd49b819bc6d4a6c2fa9686201,0.0242767333984375
6f7c06fc62374fd8c42fe5ed0dc154b7,0.73046875
2872878f08957d03a51ad1768178b701,0.046112060546875
c6a8f3d39b2490346ec60813a441e1d6,0.023773193359375
99d972a4d7d12cb8a688e181e8027464,0.03271484375
bbf863ccd6826ad6200378a047e61e67,0.033477783203125
1d352b03278b6ac6ee0a1188650cb98e,0.1534423828125
18d71e3de6df2df70f84597cfa8dacc1,0.03271484375
c44511e31583086a33152c79efc00591,0.75
a3ca1321fe27457354f2bf8e4a1c2338,0.033843994140625
51561e400c0cc8bbf34e31dc8fa4a26d,0.046112060546875
8fdd23c8f91343a43a78a2be870859fb,0.42529296875
213d3b496e6a362e8589d09ecbf01a5d,0.054412841796875
5682348ff92e0aae20a7163fe2fc9f73,0.450439453125
fb226db2efb5ea474112a3d8f0bd1725,0.0546875
e73ff0eb70e9f90c14a4d0d60fc57f91,0.99169921875
8c4ef8fd2874b4c0a608ad9663319197,0.008544921875
ee7e4c383fd977ea4e4c5a3874518963,0.0726318359375
2d09ef4be04d7a5a3f7d4897c34cf8f5,0.0
34aa457fed673b5c3cec68d05df16473,0.6982421875
14f2664eca423af1836adc6efd21a4bc,0.99169921875
7425e9b9ba365db809ba919fba6bc770,0.01490020751953125
0957fbb30556c176bcff7f8b66703c1a,0.044769287109375
49155b920f8bf8cdf7249e7a467bfd44,0.0
8fb5414bddfb061c6091d61b638c0098,0.02838134765625
1ebc63e8f28a49b76f54eb08c4a68c2b,0.53173828125
62b76236732db373f575202dc5b9fa2c,0.81298828125
68cd1a4632393cf85b72ca0b57009cba,0.44677734375
ca54b197ad0205058d512e44c20a9ecc,0.056243896484375
ce32331eefc0fd2380cb98027944a0ce,0.99169921875
6b41285c82bb54c73c8a3fd6b494e228,0.038604736328125
e917cb865fedd0d1f444a4911b146bbb,0.99169921875
99f526127eed26e487b16912148df361,0.329345703125
e69ab17af56c1468e10b5c6562668686,0.9384765625
11052e9f91d07b1318e74ed8cdfd0ac8,0.18798828125
72f69f921faecb75627737a22eddb6f9,0.0211639404296875
3aa79f0957342a5510c727e673a451ef,0.174560546875
21853eadcb064f20caa1626acdc08e60,0.0782470703125
db27c3774d8acd9ee962457c5937a51d,0.0341796875
56ecf3a2f751f1589c43d795dac1fbab,0.90966796875
efb3c83db832160fad834c5529f8b094,0.79638671875
7370041371838b0404c3d8920199b593,0.0258636474609375
37adaa4ac1d2ba76bc09cb1d01e7d7cf,0.18994140625
0dc85b059ef68dce44db88d87efc7008,0.34814453125
68adea1f085dea41ce3b6aa07fd1f2e7,0.0169219970703125
a3b69fa649e32c80ab033dc98ced708f,0.39013671875
790f90529d6f54e0043bf80ac571a39b,0.0823974609375
7cf0cce669d871f64a441f4389149062,0.70654296875
05a92dc9ccc22f0188151d7cd06397ff,0.2646484375
e983071afa14415583f90a26c8153c24,0.259765625
f13c57d6930f271b2793364bad111ac3,0.023284912109375
9e4e6eb747f664df382f3c1df2a4dc10,0.03240966796875
23055c9fe92fde52016b8deadcd7a18e,0.0740966796875
40b7fd74f56258a845275f8e58194e04,0.0239105224609375
213f82871cb2d2a27cc6f543f47e8745,0.99169921875
80cbfec4725a7577008a5adae2a3f7c9,0.576171875
32c4598909aae6223e438cfd5e22b5d9,0.619140625
ad13032b574fe8161d2b5eca45965095,0.056640625
3cd8499f6eac177fb577e805adf1a83d,0.62255859375
ca85cc2e71428219740e05fab892067e,0.020294189453125
b7ef60a3a4569a78306156d0dd0a0d2f,0.72314453125
67e20efc8967793f006b92a0ce64320b,0.60791015625
637c9c3125a719e1d33012dd742e7fde,0.7421875
c28f4eed56e488b2cc56b2fa28ef9fa8,0.006931304931640625
862461aa4e50ced3319a1f3a4a7ad39f,0.68017578125
31a904c72d26112cb3a1711d783ce444,0.619140625
4223a01cbedc541a3a7969ae6af28af3,0.08038330078125
3ed811ed39430151abef02c0c28f4879,0.373779296875
016eb8c5e18c8c485543396a7213a048,0.1890869140625
95a84f35123fbc4bf54820868d70629d,0.4453125
c38829a17d5f3b30a689c6da7ee82c70,0.13671875
15f1bb02ce136666cc8e01c262598d2b,0.42138671875
920e6c30ad786494a271a754db96a703,0.1171875
8da9dc1c1c1ceb083f26e6e5591f1d31,0.6767578125
d99cf83377a02c7d478a12a51acd80a5,0.79931640625
b51d60e6a300015e1ca157b5dd9a1af7,0.91650390625
e6726615250b6402990606cb9c2209b5,0.01302337646484375
7bc88581a0b5e1c8ccfbeb9bac6fc6b9,0.075439453125
bf1d4c98ee0e8f4d7524f63fc48205ff,0.673828125
9006f4db9e9e4a72c82624cb97fed809,0.009857177734375
0e0017f3872a5e0237dd1c065a71031f,0.040374755859375
ea47877f5cc0bd4440b8987a5b16e13c,0.006122589111328125
d71d2e1404a08d957ea0e8b3da4e017d,0.003063201904296875
558279918b7188327de83ea39800ec67,0.74267578125
860286b5ba062829a93e4912359dbb01,0.712890625
46a6a08be2a2bc040bccfd7739392941,0.009857177734375
eb675def4a42e7a23d310ea49cc17ab3,0.55712890625
5af3c5579d73419b7583e21352f197c7,0.1544189453125
a75f5d7ae9c5ae21eea2c228e81e6bca,0.2047119140625
82784cf32d2dcd3efe862b2ab469790a,0.005321502685546875
02e961371bcb4ed9ac9425e2a67751ce,0.009857177734375
90ac38fcfd5dd3861cf5b84886913dfa,0.07794189453125
cea673308ca7a36200a186ee884b82d0,0.251220703125
e4d00e7e482a26de29252a32b8d36b4c,0.07208251953125
cab129bebe44a8b9c3af7a546601e2fd,0.30224609375
6ff241bc6392c26353a0b63d598c47b5,0.11029052734375
d3b82693b74a4f34179d420f2758561c,0.07611083984375
e3ad08131708e4f5fadeb1a65020f08e,0.61181640625
86f655f0565cf2825457f424b186831c,0.0191192626953125
078f9e695c4514d00dfe354b4ec898f5,0.0299835205078125
e265a117cc25ecabc88b3e955cf03105,0.09722900390625
6a26a35f43902dccfd814cebf4ed1d62,0.00443267822265625
634845ae3197d2ed7441b0e5ca5a34b7,0.0240478515625
c49153ee4b16c80ebd9476d56cfbf8d8,0.2958984375
5ec700deee858bfc8ae57cf361ed3390,0.00323486328125
9bdfa3add2456a5efccabdad1343fa70,0.76171875
56de8fdabc03c2f82dccaed436affc4c,0.1246337890625
359580966aba6fc8b4f0ec5afb062939,0.0182952880859375
caae268cf49f91e68b7c754b6cff8aea,0.552734375
f489100cf91c895a30e8ef8e884eb5e6,0.312744140625
5f63bc0d54eef42f51aa2f124b1971b1,0.91650390625
0067326556f9ffa38998657719d5fb26,0.822265625
7d14f9d5690cf96279cfa40eada9a7e4,0.0182952880859375
5f0c73c28fae5718f3d5d4acf8a5d726,0.619140625
bc1d9a30d432851fa3c39346cfd105f3,0.006641387939453125
96d013151ba6ef3bdfa731fb5ca828cb,0.619140625
5b379cbaf5a1067fb45d918412a6b34d,0.62646484375
f4eb82bb07fd67db3c25be9ed5bd8b32,0.91650390625
28047fe233c184edaf2dcf7ab13e76c0,0.1329345703125
659a67c0650fe5558a7b018af4daa9a6,0.283447265625
375fdb4ca63005b3996331ce5dda0638,0.0635986328125
8a69af4b72660d16baf63f74cfbd6902,0.134765625
eeffe84fa3e502540ad36e8d6b2a93f4,0.61083984375
5efef6565788a64d0f21950b36e71947,0.044586181640625
2964279f69b02a4adbd5caa612fe4442,0.008575439453125
7f02cc326fe7db3213d348c1c836976d,0.1134033203125
8bfcc0602f45eb7f69c02250980d73c6,0.1358642578125
4cc55d3e1b957d06aa2d1954537d97a0,0.440673828125
047bad573313d7f2c9e206c302bf3535,0.68017578125
74f0a558023ce9f1abd783e5607a855e,0.1783447265625
637f6419e1852126c8e81dde639ba360,0.09930419921875
e0f8303a4c6971ed15bf9fd0a53e66ac,0.3193359375
54ba1b78d8c07fd1e347aa9b53ad075e,0.017578125
8b0f225218241ba2cd8c5ce2935dcd7c,0.076416015625
6c295c9bad381329657623bc877935ce,0.032470703125
48efb99079ac73e9fc3ce9397c983e85,0.91357421875
9bce75cda15c943aab45faa14f6bf04b,0.1007080078125
fe90f7a80cf1e8e017c05bf98e4eeab0,0.31005859375
cd1385a6425a79b9f346ba7b2417b3c3,0.2430419921875
fb05824f223c928ba39e91fe17364438,0.91650390625
558d83545b3096f901e84dd00bccd9e8,0.75634765625
8e28680e91966205bebf62ad31701c67,0.1290283203125
225a8d5e2bc03dfd40e108db93135819,0.328125
836a2232c085d2bd7266ff66e243a0ba,0.63818359375
33b7bacf7cf0851d779d155f32b60a7b,0.61376953125
430960fce8a916790fefe403df7ee672,0.006641387939453125
5c4185a9faa17b9eb5c02bf9419512c5,0.251220703125
d98cbf2050219aaee437babd8bc9d9f9,0.69580078125
45dce586847b9a88a5e803b5c7d1f5f3,0.028106689453125
2682f6b633e58a2062b408faeb6fdf37,0.619140625
816f1afa7d8ae66103c2f00094d455e0,0.8193359375
bb471b001dada6ae838d792d31e53e27,0.08465576171875
7292550d76b65f0c5bb7d75521765654,0.60791015625
93a64681a9d44fa02841c55dee88594c,0.74462890625
031b2e619671054f2bb7ff1a841d8215,0.658203125
9f302772761585c2913f92412e22f689,0.0058441162109375
dda7ef79dfa949dc6635a0c1aefa36ce,0.00595855712890625
ba6263d5e0e25a0c887b24cc4758f225,0.68017578125
25002226ec15a5b6761e00aae57a779e,0.91650390625
dec33498827be1da6e38e32f48a22216,0.91650390625
63f91dcc9c13b8e841b51322e8dccdfa,0.0011472702026367188
cb039beb4722d391d4fec45f4caa9e4a,0.6162109375
8b65a3214f949b3f1996a04891984c0b,0.07586669921875
2aaca67fe4659750b01a13661dcfd72b,0.044586181640625
ec97ee9209dbbcdd616395ca2622d91d,0.022979736328125
8d72c968038bd914f9781feb0a06ffc2,0.0144500732421875
0f838cf9ac70e706ab24f4555618186c,0.65478515625
d59afe5467335c1c8f56b3441dc2c048,0.60791015625
afe1b35809b74079446990ca238bc824,0.0038700103759765625
aa66f3eb4fe6f4e786027c5bba1e592c,0.251220703125
4a9cf6d94bdbb5cc8a9aa649d881aa3f,0.1336669921875
fbcc05c7f4a02e691ab7efcd66cf3918,0.251220703125
07fa6841b66eddbacf35f0a31dc9cb11,0.1329345703125
37e0cac2be7b500da5123abb8183284a,0.2337646484375
910631d0f6a343aad87fd469ac6d75bf,0.216552734375
96501d60083cf25f3d87fbeedbcc4237,0.200439453125
8ef5fa90f99a89266bbb0769613f3f44,0.1290283203125
47355d92e20f2f179f9bf859ae92d5ed,0.009857177734375
1cb0a159d8d0efd83c0d361eadd6a02d,0.06829833984375
8b64ae4b6f1b9f93fdcb0f09b86a5536,0.01490020751953125
a9273d7cc72eab828e0c6e3fce7dbe2b,0.5
08cbf2d4005da4150eaa598a2db2cb9c,0.68017578125
ca0c0a13772f2e4853998733e7d0e99a,0.044586181640625
6d0964f0935235cb59a167d446d4bdcd,0.81201171875
873042ccfe7950e26376d7fa96fd07fc,0.016021728515625
4fcc3450eb59ae260688ef3a442ababa,0.1964111328125
cfa215bb7955fecdc17cfedfae5d58f6,0.68017578125
0e621ccd028ef0d2ebfbea0a269c898c,0.289306640625
9132a33a0dc83b735a760990b08762fa,0.02203369140625
679b38d3297913cec51412919546f0fc,0.91650390625
3fad22225593b430d05da4c698d6b73b,0.075439453125
a89f4aa2175cbc3744f1289c57dfb60a,0.63427734375
48efeb5867e36b7f4c58e587f51b0678,0.68017578125
5cb8ffe5e0e2918cbe52ebb0c7becc76,0.0018243789672851562
9a5244860e2e814c8e251a92ab8c385b,0.68017578125
2a14aa4e2dc47517cc8722c2304d795b,0.03912353515625
06d9cee988ec6c86636207bcad00b769,0.54736328125
480eea280dc4a8100258fe04da0ba86e,0.1419677734375
9adc06c650d7e0489fd583f3ddb1215f,0.004085540771484375
49d6b9012bd401e9f49a818cd06e5543,0.00626373291015625
79dcf651c061d5bef71d9fa25811e85d,0.316162109375
2cf48f96bd69a977d81f8b83b2c549a3,0.0062408447265625
0b7f3c66943e94cbff658a0bf364ebc4,0.040374755859375
e41c7f556e9463f88346c8cf98d14a7d,0.0030517578125
5f5dd56ea955e88e88654151643c5811,0.91650390625
ab303da731cc95c5118ed3b381c417ab,0.91650390625
81c912d5d3af362978af995acef835b6,0.2841796875
eb9c1e590efe43a4e30b614657e68fd0,0.63134765625
bb966e14167695b583d58021eea98a77,0.050994873046875
27f9c201181d9aafa6c903e2f3a8bdea,0.69873046875
8fb22c59398b952a2ab406e3f4304013,0.00841522216796875
d257108a969f1183b34cdadf9c5bfad1,0.06671142578125
f4d024b0940875fe164e707ec8476ea1,0.26220703125
b0ff5be2672a2bade3c83144b20c62d1,0.009857177734375
3902993c8678b9945d4ded001bab8f3c,0.044586181640625
e0dd8687e645e6d25fa3443b1e42e50c,0.00234222412109375
70b6050624c2833c34181a75275a609a,0.64599609375
da99af585626ac6c934d86804f859c62,0.003063201904296875
35964514644fc793f6b4cbdb3be722a7,0.01395416259765625
72217c06396eecefeecba2ba10395234,0.62109375
29fafca1ff7eebbfddfefcf2562fd259,0.53759765625
13111c56ae3adda6b63f7161b2a80c2e,0.01450347900390625
af01622868de049af4820d2217f81462,0.003780364990234375
1493abbb7b8b5dbbd0b27d4317a123b8,0.0010862350463867188
b1854fc27e7f11ba6f2c31383d497074,0.4423828125
5cc9857fe8bba0d82dacb59eeff73bc3,0.74365234375
cbb2dc6c2a934f60400d1cf569ee6c89,0.7431640625
043a89156c1b72127d468d509487b66f,0.020843505859375
55222cd4d9763f7ecd3d380199e517d7,0.91650390625
7cb1a73b592480fa68424a57ec0b6e70,0.075439453125
77486e9e039c1bbffaf31b569c8f451f,0.2242431640625
0c50697237a4c755c6cffbdadfb749ea,0.91650390625
bdda72e1e2d02c9ebb0a3a7f13a3974e,0.01146697998046875
d1370530f3921d5e97c3de5cfbd0c5d8,0.80322265625
52a53b78bed1636d09e744dd1179be56,0.03515625
29e7d996e730ae83dff16a78720943a7,0.75341796875
fc32cec283138010957ed9595dc523a7,0.61474609375
a839e498000a47871123aa1c1f92b41f,0.075439453125
0b5758f8129a510773552202a0fe7e1e,0.044586181640625
809a11160f735046ddc9540a3c9bed54,0.01262664794921875
a7d6f0f82a1c1e4cf54743fa7dc49a9a,0.64208984375
ca915a816b41f2d6548e774a5b31dbfa,0.12176513671875
8df625a9ca8e9eb394914c4b7f99d285,0.00701141357421875
0add2fe4d7a047ba9df9af23ac3f0671,0.00257110595703125
0ee181276f952e9acf8439d0bfb97f21,0.0894775390625
c54f695b1a69a6640d65f5cfb6ba2b49,0.01142120361328125
23536ebe6858eb81b683bf4918c46cca,0.009857177734375
43059efef96e0391c26366bb3a9948ce,0.040374755859375
bbd1ca9ac8db2ec812d6680ba3077600,0.0843505859375
4badca5aa76a7959b284fe743bc51997,0.09686279296875
7bee53c3615a876c5343ea16fca5cc83,0.51318359375
52e338f776409a7ad2aad9476f6f0c05,0.044586181640625
b19478da07f45d38e26a6b30059caf50,0.09930419921875
4895b2deeccf33220bd9e586a2442357,0.01306915283203125
c51b0bf0fb0ea326f21c0c2210327295,0.7998046875
edf835efce11d616562acffc39e9daea,0.61572265625
bfcd6e7066a663255721c2bf88a397dc,0.022979736328125
34227ff0eb91b51ba399d0bd83f061a5,0.01560211181640625
337c67cbb2f55644c02ede3788d166a9,0.76904296875
01ac7830fd3a1716d91496822bea7eb5,0.04986572265625
10bf69fc724b493f8fd0b4021168c0f8,0.7109375
b83281b6d20cd250cf1cf01831685d15,0.402099609375
4ca812ee9618a7152682da6a7144c705,0.020294189453125
4d2e36e66c0a6b7552b97bd5034fdcbb,0.8095703125
e3cc67f5bcbedbe88091f322b7d04dcd,0.00453948974609375
4d1285df30b971f7dac726a5ee8630e1,0.53125
e218952ea7b0ac082af3cc9d3ab55192,0.60791015625
e40004654a0292d031113470ad4a05ce,0.044586181640625
000333df14faf4f85abff630bdc3a032,0.2998046875
d51ce3867cd86e3b14f93e86a7952593,0.01306915283203125
d4a4b3fd2db19fef17b6f95cad14de76,0.00878143310546875
8454aa83fe44292fb1ba105b08de7e9e,0.0174407958984375
66ac70557effed9fb2f68ddc18f2ebfc,0.015777587890625
cfdb9418c8a29e60cb84ff8851eb85c2,0.10577392578125
0ce7f43aa2f349d5165a158e52003ca7,0.11279296875
4e426867846a531e9151c6d306850539,0.37548828125
e89e203d78f37985b615aef3e1b22bc9,0.1280517578125
501e46ccf415a04907ffc9149831bca5,0.028106689453125
000308f3e95064bc9116bcfcff9bd464,0.1876220703125
142597e3e02b184c93bd0a63bc717c74,0.55615234375
e63ad2b11a3b7bd223b934477de747cb,0.91650390625
380b2b019de5ab81f4c6c5f1ad477e39,0.654296875
ea51c817f52e5a7526122a10a8c8c5ef,0.1544189453125
c0facaa9561e361afe9d92d38e2793a0,0.06951904296875
d12e0f793229d0750fcc6e583c88b97a,0.029815673828125
d87522046776cfd1891d3e133e6c8a9b,0.15771484375
892f65fb33581c6c72f152abefbf3e7d,0.16064453125
822437991b7d24fb8217df93f1a8d64c,0.0074615478515625
16e0686871b6c1c9d886df5be3dd2b3d,0.67529296875
89e35a6cf15b226bb54e22f15b8a2d20,0.57177734375
3ea09416ad2ccf64465ae56fbee16813,0.76806640625
375a3d399268e0814888c97d30b9c444,0.322998046875
3b0563d34d75647f21b08bd41e657289,0.603515625
88852dfc652776182cd66d3edb232e29,0.006824493408203125
08ddca87b625734e0028a89fd4ec7247,0.91650390625
0a533eadab64ea17b5259816d5e0d2ee,0.80029296875
7cf69ae411c970a920a1b31ba4b97c2c,0.88916015625
5ec28a142638d1dd76e8342f37c96e96,0.68017578125
e4761a2c99d380ba28e16b51a92aefa1,0.004520416259765625
65bccef1eeaaaac7883df758b92bb6ad,0.009857177734375
8878cca824d4b4ffca5a179ca281b70c,0.020294189453125
0c5fd55f8ed022446f00ada01735a872,0.319091796875
707ea74497eeaccad265c7eb4187d1d5,0.07574462890625
0e65e80d09ecbc505bdd10927226c87c,0.01267242431640625
bd3c7e83dc5c8db8c398f50faf69824e,0.64892578125
aa9a88cf3b1db0f6a5c0880017aa1bb2,0.044586181640625
3a604765c4d78d0e7a992b2713acfe52,0.55126953125
bfe811397881f12af308084358fbe17f,0.64892578125
1760f288f1ae7b3b18aaac1447142f56,0.436279296875
a18c0751a012551d999124b1bc0b5bef,0.73828125
e361c1d3b211fa1d76f527591787aa76,0.057281494140625
166839ec61b45a59b681ba782e38adfd,0.075439453125
1ec290827ab537e933fefdc7512f21dd,0.251220703125
5dcaf64fc63b5cc992803c3058621508,0.009857177734375
5d9966a0e31e34dc656e5dd01882702b,0.1329345703125
4fcd42c38dc5bbbdf67b4aad076650b3,0.2430419921875
d867df368c430a8d58aeec9bbb623e5c,0.038818359375
15bb59a8b2f615e43c854d6bf21f612a,0.058990478515625
edd45b81562def9b899ad5bb4f0931d5,0.0262603759765625
1646800bf2636d9657dd18c2ff6c14c3,0.09619140625
a791c235a0f3087b71215dc29c5ea91a,0.376953125
234a9557e370d3d750070b64808b0426,0.7783203125
344accad277415ecd819d64ca0cda2ea,0.3203125
75e75e7e2417304121cce484f973d9a7,0.2430419921875
1f99e01e8eadf8597395af705506c399,0.448486328125
168cc7bd4d9add96d411b33b2dcc0ca7,0.39501953125
e7acb2498d165c67b43c9f0211884763,0.01024627685546875
9f25e6900011c968c734c21cee0ee777,0.56396484375
bda2cba6e14f3dac537802869db7d587,0.040374755859375
4de5dab602778c144acc87412193642c,0.10968017578125
fec3c0499355b1b60196658bf4ac6cdd,0.74609375
2cb014aa5c50339e14d180a6b29103fd,0.5615234375
9c7cdd49001c3a0adfd584c83add1474,0.009857177734375
680218652de1fb3cf06d4298911eee1c,0.06695556640625
70d17309f348a75ce8b2bfcbf9e2b741,0.06829833984375
8e4521e1e90fe1468592c3e410998475,0.002834320068359375
671dc352863f2f3245ec29e69afaf6c2,0.081787109375
d66c485c40d1026cac8b7508346c5142,0.015960693359375
e5d21ba87eb3c491c6912882a41a7066,0.173828125
92a67e3369a27443e1f36849ccc236ff,0.11102294921875
f38396702ce23707943669a847be558c,0.0027256011962890625
f1b61791e12a496d2ecbf603c9821ea4,0.61962890625
3030afa470ec2cf09450362412625057,0.7431640625
a4551f02f9fd28c90951b8b02bba6980,0.60791015625
183cd94b2a4ac7495e179ccceb8aec07,0.01262664794921875
47474f31c31c0bcf3b913230978c3c89,0.62109375
3de8c1b1645d3ae12ed677e13895c016,0.009857177734375
78016acba0db90781b83ead7fa4f78f3,0.68017578125
03f6e596a5a8e7c44cd51e4de23b5dc9,0.76123046875
788b041dd1a7d19ef988aca2f973b443,0.79833984375
12628d9eb15acb005e847256c5dbe71d,0.619140625
66070acd1a897dd29632da3c335e199f,0.58740234375
5016e5e9f91be33ec392ac69159d7dd5,0.8359375
b72b5df93c8fb29dfd24bd4138a7ec03,0.4423828125
9d4b248b9355f43d726b08dbd4d5d34e,0.91650390625
ba0825073de79d94a70f507533d3a962,0.74267578125
37b894e4b59106d81ac3df4138559034,0.33740234375
7f870577144e05691306f8074880fc1c,0.1265869140625
3bda0915b078a375d2cb195f1b794eb3,0.1593017578125
d1dc526b8ed34bc4e5de6dcd64d9375d,0.6513671875
2f27722decd0d9219050b90016339c43,0.009857177734375
80a86ac4ee4137720e56c37189215e51,0.60791015625
c1c09f5731ed038e1288b153e139732f,0.8427734375
1848014833cc5310d4cce64ee2e3bbd9,0.0031108856201171875
cd48e02670311f7693dea7ba89e46159,0.00579833984375
29528ea848b5818c11b009f45e446592,0.1015625
11e25596e457fff9eb54dbd595b0bc6f,0.63037109375
04493e41de45d994426eb26666c65a51,0.68017578125
68ac50d1c6f7a17d0ed962cec37631b3,0.1695556640625
da078d0d922bb253e2c2d4bc3bcaafd3,0.2354736328125
fcbe41dec254c2081bd82fc82ad83523,0.251220703125
c1034cc96ccfc5be349e6bc9804c10d7,0.61083984375
31e5f1b3478091112672703ab3c3f618,0.01312255859375
d950da847e3e7d99790f700cd93f5ac3,0.251220703125
8ce504655a0c3e3576d63378be9afd42,0.269287109375
46813cfc354004c671fc437aacaca27f,0.0254669189453125
5cec76e52858e449fd6a446b1a38b366,0.568359375
0554c638b6650a660abef06ff3c87103,0.7431640625
ba97414662939c42d04bbc13fde118fe,0.044586181640625
24a7b7e108b6a1c8949ea31653a7350a,0.038116455078125
b167d97ce36182f9b4cba64a94a77c34,0.7421875
12a43b16aace2dd28655b93a18321bad,0.611328125
79e58299e50d38abbf13f0836c4dcdca,0.36669921875
76c84aaf1e833d2c9016a37ebf56ee2e,0.002349853515625
75289b91e8bb773d7b9608588fcd0d50,0.334716796875
0ec4f008e9f2a9d30e3ca0ed0808b85e,0.040374755859375
7f3acf7755e6f0c0316eefa875c09fa2,0.796875
33b3ae456e72ab8691595b27655796e2,0.009857177734375
cbf8d3ca939ab057b645e60cb138a9b7,0.60791015625
a91ecd4b4c8742a87b6535a23a6188cc,0.02630615234375
fb4735cde844979d5c6135209e0af5c6,0.68017578125
b12a60cf7b7744d5bfb1c8da0642d75b,0.044586181640625
62eb1eec1bf46bb6103d938e23b2f8ca,0.00646209716796875
da771f8285b5f7014917531be8fc2e70,0.6796875
ad5dda23f2ab1346a9ec664036500517,0.2452392578125
1ffeb5cd1dd490690e5b39a024b07763,0.57080078125
2e7991651fd4ea2316fe3b9cda31b1be,0.42236328125
601910b756f3b11ca957f36483ba2b5e,0.455078125
8f4e22100df661c88a7c0058044fe1c6,0.410400390625
a714b903b24b8ee1ef18f5bff165dd8d,0.251220703125
9db1337f38d168faafda0623b0633f39,0.0894775390625
c64d822d1f5c598868fd589be19fd283,0.003063201904296875
df7d848753181d6e14ec3a05bc6780e2,0.91650390625
da8653cb4ef27e92e9b362cb068ff732,0.552734375
fd8e463a761812c5a146228170dacbee,0.91650390625
247e45a604f8fcb487d9be64eeb5607e,0.67431640625
9f82eef715f73ac43cda2d2be75cc1b2,0.42138671875
c7df9349b8100bcf82268644f1062d26,0.036163330078125
5b15cad6bec93f9b5e5c6ce2abf6b19f,0.5
9d05aec9a67cade0908283a0992bd48e,0.047698974609375
b8750ca0250cb4014437277b5fac4a6d,0.06866455078125
550187b8288bd09a0b9a9b63c290e87a,0.0325927734375
d2e63c45e22a184813ec4cc9c918e252,0.80712890625
9ff9873ab1a33f982e4385a41edefd45,0.251220703125
2caf8f55c0544d96e8815b0e19d9f265,0.039642333984375
23f9f91a134cf1d9005391105faa3c29,0.0582275390625
45e1e860b8b9f01d5bf47310210a0870,0.009857177734375
ca4c98ca9569d8ee5dfed2fabda86b9e,0.020294189453125
d6dc4bfd02b2951161d247eb36b96468,0.374755859375
b8f9fcbf410a59dd591060912aec3633,0.68017578125
572b2ad805f53f99cfabeb66de46adc6,0.66357421875
edd901b66bebfd5d47eb9b554682f7b0,0.003223419189453125
9d8862999440909c1cdd139ee7677a03,0.62109375
d40fab4443e90a4f2fa843583c3f89a1,0.68017578125
338d2b48f9d4845d022ab21fcc9a0c50,0.020294189453125
e199540169dbbbdcd69499e9d322c1f5,0.003063201904296875
5b2efc41e60b436ff9bce0ae4f8fd30a,0.91650390625
112740d2e12174fc2ddde17d97461639,0.03460693359375
7bb221609288b122924c70894de31ee9,0.619140625
3fe4cab7e6340f5fc8757c7d2229ab18,0.40625
6535c0b8a596157a302782edba77ff02,0.0173797607421875
a6cac081da76ae411e47a2be36e97366,0.145751953125
cf19dbb358ec397d463c7273e8994f51,0.029541015625
29b370676937c9499de38ab9da32118c,0.689453125
ad3c7b1dff5c21c11e242fcc3275869e,0.00847625732421875
ef9589bf5303799d52dcb4b34fc10a99,0.5546875
75e2402a4894c55d0441a61fadf3128f,0.732421875
3740378a5424413979c8eb490c75aad4,0.7470703125
19a57e91cdcfec4f92024553e885e11f,0.0143890380859375
b0391d26116cbcc2362e45413b7f5c6b,0.050140380859375
afdc943511f1bfd47d8b9d334bd9a7a6,0.01132965087890625
a80dbbf31ae0daaa40ffdd4a0555053a,0.6962890625
2377a153c70421b4e2669e52693e680d,0.568359375
71ae2a64092bacefb0ea140e153516a0,0.22607421875
7e2f4c6d2fee90de207c6ecb6738f918,0.044586181640625
4eda4f713ad8f96bfee6da9dd10ea7db,0.006145477294921875
6e9229375b04c4e09e48cd9aa5014fb8,0.7451171875
392801cba07392e7b35ad69dc0fb75ae,0.7412109375
4016bc74cec2e649ff2340b7e4aa5644,0.251220703125
4eb4b9ae61baa9f7a042856a2418c8af,0.91650390625
40d4a2556e43eac71a9e7ce1d4a76fe6,0.00266265869140625
6cfbbe4a5aec4ec717ea86f6c65d6562,0.32177734375
5b607f814566590806500daf7c6e42f8,0.68017578125
71a1f8800da4a01a654396c6149bf08c,0.37158203125
95e2332ba52b6152d886ffc639d4db42,0.41748046875
1fbff46d0b659b0ddf5af64ce0886a60,0.77490234375
f543f22fcd74a14d900d221e5641ec10,0.0110321044921875
9850a146e69faa57ef437bf9cb7a781a,0.91650390625
d304489d4765abe8e92aa97650855aac,0.042633056640625
de90eba22fa484e92a72c6834f6361a3,0.1329345703125
01ac902487f826c4edf06241151eb0ed,0.775390625
30e3adc174f3352a21f126a61e3e53fd,0.31787109375
d9c5bbf53ad58863b6e8775611b0d78d,0.154052734375
89804ed515e2e464fa429883f3556e7c,0.319091796875
5e4ec12a9469bd3a8cb12033baf07d7c,0.58935546875
40e23bb233b3b31645c0c735b923fab3,0.06964111328125
744ee6db60223264b9e5bf9cd080be2a,0.007404327392578125
5cd9489435ee9be14cd795e87350b3f9,0.005706787109375
4ccc302ebe77d0854824eaa806f2b5d7,0.79443359375
89988ac505f3a7eedd5a842d23683f10,0.31494140625
f0fdfba8fcb10a679156b654771dda5c,0.0127716064453125
40dc480550090d32cdf71b3a3f4f3aed,0.5966796875
071a0c8a104a1fd40c3399455b90b7f8,0.040374755859375
1f798ac6aa8a0f29d56f835067dc5ed2,0.42138671875
b5d929efc9697c7470d29ea38e18396d,0.63427734375
4124c513750fca5a4c3d6be009bc89ca,0.61474609375
5211307f3778c69a539883160b5364c2,0.59521484375
c752b1bcc2356788ec4a8c50cb39f606,0.029815673828125
f91c7b0221bc2355b04f6b5b6b8c825a,0.1483154296875
fb93137981cf5ba08d4ba71cc4062d6b,0.7529296875
5901af6b130b3453baa95f66a0a77851,0.0316162109375
db56df706e91ef21842df4421ce73da0,0.74365234375
df619542f6df449d949f91b6f85665f6,0.23583984375
f2b5563702e82f2d003be57013ba0d35,0.1358642578125
154f3e364e5356168b976ee1a79ae648,0.047698974609375
668e0b19d63902c3a3f4adebb1847103,0.68017578125
ff9601a8ce794092331d5f2a6e385e6b,0.00661468505859375
b71b316b6e762e55a06c75e2b894bb99,0.251220703125
75c4dcd97d040f814f56c6b945b804b3,0.1336669921875
ed0036978d1f0d13c67c94edc283e131,0.85693359375
7f29a23e6c7603b28b5aa8e809a65869,0.0038547515869140625
f378071b5054c54290e4320888f34e05,0.047698974609375
d2ba71ea2ad26917a1f6c691756d27f9,0.57080078125
df170f1ff577a03b809fbec7c8c267ac,0.00908660888671875
3448cdbb28e615e34f3a0d8cece312fe,0.2384033203125
4c1f0a3537f9f00531e7d7b4e35d0486,0.024139404296875
675a02e99d5b1d234de096ea306a8156,0.2337646484375
a708995caad70346d832507e3b452142,0.041473388671875
4964881d35c7bf9ffc855aac951703ac,0.076416015625
b4de455217f7ffc4a3e8eddb46bd37d3,0.06768798828125
03d3d5509d3239ae6ec0f6ca896695e0,0.06085205078125
2cb0901f83b2a520172c3e8c7100062e,0.009857177734375
1491b4b20768badec371d91ac3165f30,0.125732421875
d710da2c72712a5234c12cbc19c9ce38,0.1302490234375
b7467ad228baadcf52024e87e376d015,0.316162109375
431d8070e45c04989188b4beab4539b1,0.6201171875
d4a3f325c1dd5bd519dda3c9f06ac022,0.345458984375
30409a62929df9786e0bd78795be7ab7,0.0009622573852539062
79f268cbc537e3159fa35d88284af4ff,0.7431640625
5e3a3a3705df7f7d8ea4607bcb94f388,0.6533203125
072fed98a560f16d7ba57ee134322ce3,0.66357421875
6d1f142c7cd70c62ef68407c29cd68a9,0.1339111328125
420ed511278a374a5a87bd3d10f80650,0.68017578125
4b1cfa1207d89791b682f40c6c9fc01d,0.73681640625
99cd7a61906e31b06cfa043bfcdc17c4,0.003063201904296875
c98f0728cd52a85325aefae0370b99ee,0.61474609375
cb5aea5edc61a6c864a8ad9cb8bab3fc,0.047698974609375
65fcceb4e24e9ae305b9015f4a8f04e5,0.251220703125
4693a456d4028709acb5366286c1af84,0.53173828125
66aeec75778cfa1111eb532fb98edbc9,0.015777587890625
7007a0440b799ae7b6ff65494f106a8e,0.251220703125
f7b394a8bc50dadfa41a243e5c9dacb7,0.68017578125
a4ef09bdc38aa4e4ac53270985abb7e7,0.74267578125
e901d2ea0fe1c2aa4403d1f437a944d0,0.03271484375
5adf87314d2f7fc4a36a82562e5b119d,0.06439208984375
82325c92109a19266fc3195801558fef,0.032470703125
ff6412ce003bca1f861e1a907a759b5a,0.6181640625
ccfb8ebbb0771762e7ec6de139305650,0.001918792724609375
ae9644c05abcbe54be803ddd7c5b2cd3,0.6376953125
3405c8c7e635e9f0e01fb34c16c43c6d,0.251220703125
a718b7f663c70acdda46f65f2fceba56,0.75732421875
49a54ed121666865d623598f221bda30,0.041534423828125
2c6051a761da5c98f257f0ab86a6afd5,0.2149658203125
ed0e9addfbc9d4085f404fb5ae3d3a0e,0.03240966796875
b90aa4c6b244b2619d91e40e5b4b8a48,0.0863037109375
4d1bfcbfc08eb1e7455012ea7b29aab1,0.0034427642822265625
2313f43f1b52d6a7ae348bb13b3e1e9e,0.62158203125
72b1df018b10870ab5b37d5ad9dc85ce,0.5546875
a97bc946be4523289bf0c9a1ac361297,0.03753662109375
b217b96d515c10b7b92c314306b95314,0.2476806640625
c73c5dff00e5a3d7b0ce5f0f1a94e7b6,0.1358642578125
85479fa8a4059f5763852d7c59d33e23,0.63525390625
68ff55c9dfba0cd81412098b91450d0f,0.1337890625
9027c7cdfa192c4b51b2fbfe172cb362,0.373779296875
1c4ce67d2e02f67e95681fc12235da4b,0.366455078125
c4e1260078e965667090e50f664fc280,0.505859375
9c632bef86e29cef4d79c188f9790aee,0.59130859375
a3b6353aa5a7e181bbb0de2383bb3bfc,0.040374755859375
9ed0052c52c8095bcbf62354c3f2f448,0.64453125
60631d381f69464e3d802ac4a2b9f625,0.01384735107421875
32ad5b5aed74c46c31d6d3e411275908,0.40478515625
5d47a9cc4b48273c083b1c938ffc36f4,0.01137542724609375
e15256b7629dcd3694f9a4faec86f4ae,0.5205078125
c7f5efbf3ea2421379db02054ea4d373,0.6533203125
737b52fcfa47f503ecb246979e033b2e,0.70654296875
d6d0ec88c1b96c68f2fc1b918d71733b,0.60791015625
36cf82e81da5bb1ba7e0bf4ca23ede00,0.74365234375
43dc75afb4a22452b36c894058073860,0.251220703125
8aa8eae796104d4990dd8a6889682140,0.619140625
ffa49dc1dbb7c1dbd3423b82ded21fd5,0.91650390625
a7cd37c21917a75ff90223971f734b4c,0.034027099609375
56761e664bfecc96cba2943336c3163d,0.06524658203125
443a060acc074a7f961f7cb83367eb74,0.1405029296875
c1e6b19ca37b52ee140b8a4e185397e7,0.61376953125
c0ab025894b9cd53405f87ebd81ff670,0.99462890625
efcd6a39e5a97381a1b9a211e13b8116,0.74462890625
c8c30819fcfbcadf329feb5ff29d8417,0.003063201904296875
e02c3159a5b1f266f4273957594f4a31,0.003063201904296875
adc640fe3f1efcd5d45b7605f0368d86,0.4423828125
c922041b69d35a08c16829ccafeeaa22,0.685546875
12c8ab20fda0665ceb0b410471793f76,0.619140625
6903f26087d0a136c629fbaf91ca5d46,0.546875
dd2e88b9194f3d6bf980ebd1256ef716,0.2288818359375
b97aafb30e5bcbb1c4f1a4fdd011be00,0.28759765625
19f613282c4a697d3c7fcdd550fbb255,0.00930023193359375
8cdd7f15270fe8305ec32f250b83b68b,0.373779296875
fa019f211e8ca61d47f9b2f6db39b382,0.779296875
77369b7d1343903065c2e4269282aa27,0.91650390625
e91530ce2ce1dd95f00b182a904fb7b8,0.71044921875
3be35463b1de36e28b73c0966f81537e,0.251220703125
7dfd2de11209ea4c46c9f9871d5ac644,0.611328125
ed84ccd1274ff4872ba4b43f9d8c6924,0.032470703125
d779b0f3bd1032f21b6f38407877308b,0.01384735107421875
1894e7928fed40d64aae9757f4122d98,0.015899658203125
5928745f1d5cab62de613b4c5f558df1,0.42138671875
6e4c03afe6d457b34ad176518c12aa24,0.91650390625
d688d2822d61af202629f6d1377b5955,0.583984375
eee4db00edb4207fdd8f903b5ba84e90,0.74169921875
3753c70d97fe1fd3e143d312e6c35b6a,0.0257568359375
b54a96e40b86f3af78bad24e9e3cf579,0.74365234375
de28ae6474ade05e61221ed8352b9e30,0.01242828369140625
4d3831bca8a89fe4205ac5f7b70f351e,0.004520416259765625
8ca8b0f2c76a298c19bd39ce1f1c4f75,0.282470703125
b0556afcf9eb38ab9c99d1e085e12ff2,0.08197021484375
b2b33beebbb1bcbc9b6f56e8df0e7630,0.1976318359375
f8883a0265eea6371a19e79ad852c430,0.018768310546875
ae2bfba7bc4089a7fcab11976c74ae32,0.0016422271728515625
fffc7e465b4333ea395ae3658c89d848,0.74755859375
8cf73d79a09758f58e59b18ba1e98443,0.0117340087890625
8cefd641462ec2b6058d912907966a60,0.744140625
930a601dad01beca0d959a46f78e9387,0.56396484375
5de68136ff33cc731d81c0efc9dc4c4f,0.0838623046875
3f4ce1522ad3b1d6b7c765d7a675b70a,0.69482421875
9c7d5523a8408114de7f37aa0e45bee2,0.178955078125
513b28f06442fdcca470b1b44d18cc0d,0.009857177734375
040178ded297a9415acbcd0fd0c92749,0.040374755859375
90ae8b50cc9978c2d7f79da7e2edc63e,0.0262603759765625
99c1a396eccd5f86be5871e056ded1f4,0.001995086669921875
a0c3b7cff5be90c4dc5ef821427e2ff0,0.0200653076171875
8c48be5c98fafa9f202a03fcf803c3c1,0.0179901123046875
f8f8ca85761e800d5e219439858374e3,0.62109375
e7ea09810154bda8cf8a9cf4d3d4dcfe,0.08038330078125
d1ecbd89fd8e766baa79973b93131dcc,0.91650390625
d35709ecbdca495899c11676b1776e79,0.03460693359375
9c7adb9ebefb2c65e6e1be75fe50edb4,0.1187744140625
7f656c531d64805eaef4d8a53ad4037f,0.68017578125
2520cce1d7c3d2f9e860ff68d77f37ef,0.0384521484375
96613eec069258b206424665e4e5031a,0.009857177734375
0cb05e9831b3363f6e809678f692abf5,0.01953125
dc34bb7ff712f36a1e2fbec0f5d160cf,0.2509765625
5b83933d0049e4f2a158d755c5fb06fc,0.004150390625
4678c2ca55557021c0bcc607ef03db87,0.79345703125
d72d45717ffb233ef42d51f296d4ea3b,0.0504150390625
8a281c1c9f37d295c6862306e7ea41c9,0.009857177734375
9f958f7aab3500788d4ee7b68299f9a8,0.15234375
04c92c46cfa12a9b85c5cbb3ce649ec5,0.7685546875
3affebd34e53d5c2292bac785b2d9d26,0.049591064453125
b95e233a715efe68a8a7ac7e39538429,0.025665283203125
b8ee7b2392dc980c13bfd54f1d5c7f27,0.044586181640625
ca018126d3a9f98d9e7577ce7a618053,0.377197265625
d382f9b36ebc8c80f5d8a286956755e8,0.1336669921875
d32d06f634e397cd5e3939f31de9b4a4,0.8447265625
97080b1178e3b86e650a063526b9c5d7,0.006290435791015625
2c2b0462e2a1414cadd8657f26442340,0.62060546875
bcd5803d0fb375c867d8681851093824,0.012237548828125
97ddefe755206b62a2e789888f826807,0.13818359375
3adbfbbd1c09615c82a79db56da48ec0,0.0011472702026367188
00344df967b5b6d9b80442386beae157,0.31005859375
f0a821985344ac74eb231d74ebe01f27,0.029815673828125
c783a622c87c24de90698c919f0f0495,0.1329345703125
c63b5e6305535cdaaaeb11889ddfb097,0.1329345703125
c1460f34da8f13219f24b86c51f26343,0.051849365234375
da134e910f12ccf8f26ffe4c49244962,0.25341796875
981fb3d4155b106b4b17358d451c542b,0.1358642578125
8b8bd25f4ae51c193f117f15e9bbb888,0.91650390625
16c5e3ca5e219a44a92927bacb6a36d1,0.19189453125
e2f1013c5d24a5e2236aa0ff35fa650c,0.76806640625
514339823713a98ae5ae109adb8c55c4,0.009857177734375
ea8b2d7126b64285a69bfc7c4275d1cd,0.421142578125
26316ca7344451663e333e8feff5fa34,0.0024242401123046875
d0c14f3e45b4868947d125d29a06642a,0.68017578125
1fc4dabeaeac6daa137343567a14799a,0.5732421875
1e51cf01311d6a70190d1959c44842a2,0.48046875
9fb0c5b9544b08fde503000e85c5ed62,0.69677734375
0ca3c0c356b671426009d2466d261c0f,0.09136962890625
789624fb59a507fe723803e5d43693b2,0.061431884765625
d9d320efcedfdb8f2e9dc3894c6ae056,0.0015735626220703125
86c8798f2515c87bd3c60679d2c9b6fc,0.74072265625
de7fc7c348557dbbf7fa7796c3251ec2,0.071044921875
a39abadac0c1efadf32853a68352b595,0.67578125
7ccfc643bdb5e60cc57f0433cb73c4f8,0.050506591796875
1460e7a6f6c1665ca0ee3eaf387b1295,0.251220703125
97490c8fbb7a4c0247a3d3b43eb1f5f1,0.62109375
c5b8a1ba94e7b62d7dc25bc8c1d318d5,0.58935546875
877b08d97290c2b472d83251177d512a,0.0023326873779296875
dfa686b3414ad31a91bb0dc150c05126,0.09771728515625
29a0ff2441d2087409cb65657e8c32ed,0.0227203369140625
dda29696697627935b491cb9213606eb,0.134033203125
b7c50b11ea1fa87a7737c9e6372fbe97,0.01384735107421875
5503fa637a525b321ffa97eda7f08524,0.08123779296875
9f2a0d8341d0863c73d2d3ea2f99982e,0.0055999755859375
fdd7f38611ef06672d2775c5ba7a1832,0.028594970703125
e5da1fe6fe1dc3770dfceca2988903a0,0.0279541015625
ef7c188f2cb857ad2ba2177dfb9e1245,0.237548828125
1ded8f875b0eab7ae75d95bfb923c62a,0.00424957275390625
ff80e24552feabee97fbd0e0330f1190,0.044586181640625
db9a024b6429474666d728954fbc6794,0.05560302734375
e2bf06f6a54574a42ea4ed0f6ecedc71,0.57421875
acecd4bf504c7910e3d65cea16c63f10,0.759765625
64f72f0f6278e9d2e2a078ea781ba82c,0.595703125
fc2ac1f5970829397d04da4ff99df23b,0.5712890625
8c5479d96b6efca8beef8cf2859c16a3,0.007965087890625
6597148ba8b6a0d6f2232d11aa291100,0.1348876953125
9bd1477f533102934da49e16e80a7b05,0.61474609375
2e7b3490a0d0fa593369dd2fd3e592c6,0.9013671875
6e462c1202c8e6a13693afb14c6c3790,0.076416015625
861d2753dff5452685a2b9a353835634,0.68017578125
e13fc5142078ecdd210abcb858db40ba,0.1348876953125
7f1f06f9847e995d9efe73d6dc8a0581,0.040374755859375
51add5e4edae1bd19854b4d719d7e069,0.2313232421875
4b87b9d840e3599f8009482768d24b4f,0.251220703125
78948c3ea529e04e04888ca32f027ff6,0.251220703125
63110829dd5c037d4c40e48e6a095e14,0.93359375
347683d0bd393fb9f0facade3153b050,0.0041656494140625
0495e8b62b29df91397da57916e6c0c4,0.61083984375
b07d900c24458885a40d08fb3f6a83cf,0.005889892578125
35ca2ad2f04a88da06917dfa584b6c43,0.552734375
b7ba82b0cf2a9478ed951eda74dcda13,0.0174407958984375
5019d72a996d603cfe2dd6527c16aada,0.2144775390625
f923e45694d3280e9663a4c8adc7602c,0.03753662109375
d848f53c9ac319e84302257a0bcb26d4,0.68017578125
9be246c14684983a38224452dd79e1f8,0.006122589111328125
7fb067519fd8ed630182dc3a9363e8ce,0.01384735107421875
37548e518a5644d31e598f3b0951caab,0.62060546875
c1f8d341dd29a0206746ab766ab8d17e,0.0256195068359375
00a10874f16bb98901cca17b5f56b14b,0.619140625
0492778b36918dc75d61284f05c05271,0.421142578125
75f7e023ffb82fd5defd3f72bf93483b,0.61181640625
493b065a82831e28d0475b2002a7552f,0.5966796875
bba9390227c54a3a311a2db4632457d6,0.01242828369140625
1784a38cc11e0a7dd8a99ffe9609eef7,0.4423828125
6b83368d6b2364c927496061a8312064,0.486572265625
117dddfadbff3ee50277b2a022d44b2c,0.48046875
191efadcc125e169dc754ed992f6335d,0.015777587890625
66be7a20bc1468fc832d1c610fab4a09,0.91650390625
3865bb17034013ccddce607af7b2438b,0.91650390625
0f5fa4e86c48f5288a51264fa8fa66c8,0.76953125
84654cbf6d372a2f074bd66c418c4278,0.68017578125
1a8c4be44822d9d746104ee2055b4e32,0.06292724609375
e0fb3ae0805893f07729500d4f150b9e,0.59033203125
c2707876ed1fdda2e9749ab9e7f4ed85,0.02886962890625
dd411b793db527854e3e7024c4e35a2e,0.0019044876098632812
239c463edc8fc16d59d5a3a0a5f8861e,0.60693359375
36a1e967c97a52fedaf55cfab5105eaa,0.003063201904296875
488228c1041831f7814075ef8cab18e3,0.57177734375
f5f86d5aa3ad55c1edc1f7b2d69a0834,0.0200653076171875
b03a3cf583fb852a6b2e7842d204f8b0,0.07183837890625
9f789709412633d62ffe2ce3f4300291,0.60791015625
cc8271bbee03731c4df165c3d6aadd30,0.603515625
b149d66994c75f8dc93dc253de6bf318,0.2430419921875
58eef3413ce1e59ec6c2a8c101edcd96,0.134765625
c545f476ad97093112a28efac686457d,0.6318359375
2f7d477f3d12b6710b11e908a4af26e0,0.70849609375
a97112ec4abe2da48f45304ddfeec047,0.003063201904296875
313c56260b1830590491fc67b02f3876,0.64892578125
bc22bfc6f1892f506a15b79cf909abd4,0.0726318359375
5846831cfd75a1d686963ae3c628e00e,0.07171630859375
df4582cef41841bda37ba2c089017c90,0.001201629638671875
f79ca766e552be7c64a38634880d4083,0.99951171875
41ab297330af5a646c568a97ce967ae3,0.06695556640625
c9047f8f9fa69377c60b45b57df19f7e,0.9970703125
9d2a5154e858c79c0c38fe519ff9b346,0.00981903076171875
772b2c2a8d9b092ea11a5f91e5318e8d,0.91650390625
f4b7c7fd4a506534cd052fde285714cb,0.67236328125
25059048e86f0e79926eac95df96a99a,0.373779296875
cf8b513949077a6985b50d51601d8757,0.03424072265625
4553b8cd3e1cdf2254a40a03e045ea9d,0.60888671875
23030f8ded8c32b1a99aebca73a3b9a9,0.0118255615234375
524c0c7c1fe8b0859d8d39be707be0d6,0.140869140625
1f937acf7d2503843907dcd60da54fa2,0.0011472702026367188
4b313be67408c045b413453318e94a87,0.58837890625
12b188edfc9e7f845d8e6174c6c45c04,0.591796875
0fcea37a82f9afd8d45abe153d5c1cb9,0.0210113525390625
b7ccb53499d85d327b44592a1848f734,0.552734375
46bddd28589265df0fbb65ddf40eb2a0,0.5400390625
b4915d9c8437e5f0d1534b6d9ba512f1,0.032470703125
a5088a78f4670544aa82c63f686d9512,0.01024627685546875
b9950d55b49c8348f4bddcc8c6be77df,0.2337646484375
1e8c42a543a4f0c1dbcb78850707b512,0.1497802734375
c041f8bb24ee5d40ee612c9040c5a711,0.7275390625
fe4139ca95ec30963a3301cab425b747,0.51123046875
3114cd3878cc2278103eef31077a134e,0.59814453125
6675c340ae30024d6f3f4f195dce0732,0.01262664794921875
12bb606450061595edfdd497dbf9e3a9,0.0087127685546875
966e2d1b7c9990d4752af5755cda4d54,0.61181640625
04091da5bedeb2cac0c4f99b12b3cc0e,0.001987457275390625
4399f364fe1aa3b2cb3a9561edf30706,0.9169921875
7ae73be01b7298cb600acd155df5a234,0.272216796875
9aca84c7d96f761d0159ad14b1e07489,0.91650390625
ebde6f09ba71f24a6a14baf4c08ddfa8,0.171875
f06fd59c6eb4fd2d21b35785210842ab,0.017242431640625
18da93c97528052602418ba5520a9aec,0.0035247802734375
099203f92058283809bd9ac7ec936a9d,0.0062408447265625
c295f3fa16b20c6380f402a02e73bb84,0.017578125
6e39e481e3bd98a399a7dee926ec8054,0.267822265625
056287de0f90a298b7afffcac60f37e0,0.7666015625
e41381ff3a2939ba9db94d9bcbc57888,0.0279083251953125
1c02d57a2d57ed0a520cb115a4084919,0.003429412841796875
19eb8274ae63acfa1be3c2ebe064d134,0.3037109375
32e2dd905e1a74b7ee7430d534fec0a6,0.12841796875
d47c00ae5e99347bbac2126aa8111f22,0.002590179443359375
5f30b6f02162d9094604864f801dad17,0.0110321044921875
52cf0a51dff0a7295b58613fe27c69b7,0.52197265625
2d38da669a4d07dff5feef9faa46a640,0.0161590576171875
441ec20c83e77e2932824d8c32e72006,0.68115234375
e46642d350f1caed049b4092b086f3bf,0.1776123046875
184a2c1f21f2225e444d1772d1932157,0.91650390625
3a431ea24fdeec9c497c6ec4af471873,0.03436279296875
6ebd2203a7d7c92254f82645d1895ef1,0.25390625
7096bedc1aa9fc33b1e0790e8fffa124,0.61669921875
560a133ec9ee15770bb55e323c40d5a1,0.64453125
6fde838f47b7043b7c6ac89fbef7607f,0.0188751220703125
53bc106834aebbe59fc16e1a0b02b32a,0.39990234375
1b9608d88eb0199dc55ed563b30ed8b0,0.027435302734375
4f3e60ef75de67fc2804cc51bb4f5272,0.076416015625
121a6914b86cfc9ca8d12864cba4da75,0.5712890625
49605e1b9543810eab6cac6e9c705a22,0.60791015625
b2a49f740f16f322060c6e23ec3f6b66,0.6181640625
e5d252afd488def59d05207d7a5d4c61,0.56396484375
318c27fd118685abdb79caf8161ab92b,0.00530242919921875
fc614c618830f267c8485e3da2b1a1b1,0.9365234375
3f033f2862105f8893f89d5b16476036,0.053009033203125
4ddc2f20b7d416d6fbf18cf208941e0b,0.68017578125
3a1b1765146ef6fb64e7b69a31d235b9,0.11376953125
428dbc599f42cdffd89cbf5e125a3809,0.07720947265625
5f64f2c583d889b525cec674f5c7bd43,0.076416015625
71a6e1c06bce830e2d47ebf05827bfbf,0.68798828125
8dc8d56f51f21ac1e24839e36a61aa84,0.003063201904296875
b45a313a50d17cc5a4c51685982e37cc,0.044586181640625
0a5436a0b32eec5c3b0c1e4f1ada9f00,0.2337646484375
ba6c5d53e9418b5ce3c569831b68a0c7,0.994140625
c3254c2ac031f0123b989941d4aef4c2,0.583984375
bf7ed24708568273356752dd8d5bb9b9,0.032470703125
fa23b74c4609773a599e2d8e27de46a4,0.02655029296875
5bab7f0a11ca5b6cba6b95dc6ef452d9,0.619140625
a17b2d30f67f68a13866a5e129c5593e,0.185546875
54106b1d4b8f55a669a11013f2c92406,0.265869140625
daca43763cdda01092efc6719c907bff,0.10394287109375
b3a89058e1209737b7e35a4671a288a7,0.251220703125
b5d98b2a69bb183be57145385b7528ab,0.009857177734375
951d7037043e1ae3a90e13b632719d4b,0.7783203125
e8753bb5ff9f4a81ee5ec8120d9eb017,0.42138671875
47285ab4919b64279c586dcd65cc3b73,0.0204925537109375
cd0708bcc38e0b757ccbd8ed8c7744b3,0.1134033203125
4df8dd40cea92fc437fbff1e6b1595ab,0.77197265625
b412a5034fe0386f138c5e9064643d17,0.80126953125
9b2efc699636e7f77334f9df74fef46e,0.0136871337890625
8717c21c67552b2c24827be616128243,0.0025615692138671875
3dfd81d804ced1920688a004d34f8c50,0.006488800048828125
0690347a11c9113eec4d7cf87eb9105d,0.76708984375
46088a42b49d570dcf473415d4e1d7f9,0.004772186279296875
56ffe27f062167014e8faaf1c8ef47b3,0.10089111328125
93a5ad130f114a998970bfbacfb50b33,0.2430419921875
055309d1145c4e50759dd0a8a5668038,0.16748046875
a8d484e19fab68ab08f872248b209ef1,0.2430419921875
e202643787643513d875d7e2fc2010c2,0.73828125
1ea06f3296a7feed811e9c94cc6c8fe8,0.09930419921875
0aa3e61aad979d056543ca3c268df3a2,0.13330078125
e970d9786ebef2297e17fa9a6c07c64d,0.2386474609375
51349a352bcd0cb05aeabb7e46d0ecda,0.0127716064453125
4066cdf4fd6c449bb3d322b05b950712,0.073974609375
ac90025ff951ca2320ea1dddbba327b9,0.66259765625
f25412c5cccd3f7c911c878d3a07ca08,0.005706787109375
454f31e315d44920fdb9c0de5b3ac2aa,0.57958984375
4b1f3b71f863a18655b78d8b546829dd,0.91650390625
28abd6f26c801f55f67ab2a58fb50691,0.009857177734375
4fac2685ff341b6fa5c3ae2fa697dc47,0.0182647705078125
0de42f2197cf5728faf682087329f429,0.1337890625
8564b860d1b23ce8f670b060c2f942e6,0.049774169921875
43b5a4d8194ec958bbb27a46cb1fd064,0.275146484375
401eebba850997e0285210d91b30c68a,0.009857177734375
15a6ceab14602e5972efc127145460ff,0.135009765625
de0488ab899612dfa7277ce17d80ce1e,0.251220703125
dca27a20594772d6c37ed575104878fc,0.80908203125
c602c53858e9d9c691201e1c7c99d2dd,0.07464599609375
88bf7c9aeee8f04ece8b50fe26d5dd2d,0.009857177734375
60788b1a2645383ad6cfc985f301547c,0.009857177734375
20e756b82c441d1a902c4e8ecb431939,0.90966796875
b695a3f09f2fe5e67f1249c0a8e447ca,0.089599609375
d8b5fbb0a87f6fe7e3ceb68e0c14e596,0.1358642578125
0ede966c1770ee3b1f75073f5f4ae022,0.178955078125
27b6ec33d0e11a87041b1e0c0c686def,0.60791015625
50a5cc7241d85d2d3fdcb11d2d4fdd31,0.00867462158203125
9cba5f409ba5481c84c805f33db6ab89,0.005706787109375
da66f2b885a76c11e82763367dc99c7e,0.007724761962890625
cda34e2ff07d9a1e8dc11d1fcc3d2aab,0.74365234375
f912fdcb769a2082e1951754889c3e0c,0.044586181640625
88a5978fbdd32f0dbce2bb0aea9eb0fa,0.004230499267578125
0c06128556d7825f35faa448e5613641,0.79931640625
3a80b571f83de84c72101c40d77bde0c,0.72509765625
d2f676cfed2bd04ac6706520af62ad1f,0.76806640625
ee8c4dd5bd59e998bfde7e31a6d7d9bf,0.51806640625
98250ab7c5864b242fe6ddd3d14382fc,0.047149658203125
1d1af3a4290ad80e5f05ebab49974517,0.332275390625
5f3d0aef05c1bef8561e1ba3463a4618,0.43017578125
faef0d9b3560bc75a0bb3d6b5b8e7415,0.5615234375
315ce057f5987867f6dd1ecc611be7f4,0.346435546875
941bbd0d73781d38c8bd545e12b88468,0.1337890625
63ef7dcbb429b2b0a3d99eb5d0afa939,0.01142120361328125
cce29a05e8059f96d080e07077952a76,0.68017578125
dc7044f273b0a161279ddce8c5dff0a7,0.06878662109375
51c57265cbf5f196c2b893c1d60baa76,0.75927734375
9c143fbc0ed41a01e267363f2bb61481,0.0301513671875
78db1264e6da060694ba7ec3ed0dbf3a,0.251220703125
834e05af27bfe0fcdb045a226d37196d,0.046478271484375
eb2ac6622cdad672e839a5d65f52eee1,0.0592041015625
035d1e23acc8dacf0ee87294be3331ea,0.6982421875
dc8543fa761a137dd92e071e14ec38a4,0.4521484375
4c1ed0b27638d2f194fab93f9810fd67,0.619140625
d2b7580d40d74302a11feb42394a7fdc,0.68017578125
e49053e3f3b5acd54d42b2d5b5c69377,0.73388671875
ff0551d32ad2cb24568eeb9edd75d409,0.99951171875
fe4377773a93bd8fc4ae196bdb9ca281,0.53759765625
40e9ec9360e7697e6d6a4c6e3dfdbbd4,0.76953125
9f76ebefb621baea2a46976ae3d4d79f,0.251220703125
729669d455ab048822e43b597024a564,0.040771484375
ef4b29bf3f5f588b1672ef5f38b5220b,0.8173828125
1cbc7e681713e0bd2e830857448219ce,0.60400390625
10ebef11fae441c9a7cc482f1cd57c50,0.76611328125
1c7e79242eedfd99e7590bb1ff6eeed4,0.251220703125
dc1343b9cbe802627bc82b7f8bf6a61e,0.051666259765625
e39afd002ea42fb6cdd46f13d6416860,0.0154266357421875
8aaa333eb655f81b760f05ec8b65f48f,0.003337860107421875
eed58826edd5d2a35e0b6ac4c52215d9,0.049041748046875
ed4b2b6fa7d8a78e48bae0482e7f130b,0.1534423828125
134d8d64ec1764832be1b811f0a2e4f7,0.517578125
9f84fb568537c2218a7a6ab2d72aad36,0.009857177734375
b47b11fb0c29c4ae5cbff0f048c7608b,0.005489349365234375
590741c0b56fb36b8605391a9364670c,0.0104522705078125
6238e1096e679194af810a1f6109a30a,0.0127716064453125
586396e62af68d9f18fea42f8a69f027,0.76806640625
b4be1ab59dfc8fb15e8fac550a0c5fa9,0.014007568359375
5f744239516db345f82b7d7a6db44567,0.070556640625
4baf3a6b9386318d1fa22a096fafa364,0.01554107666015625
e9179c42b07d9c0a32f4f93bb6e3af37,0.049591064453125
f94e76f3413533466d5381a1fcb5fdda,0.5
04d18e97e06e2280ee3ed42a3a5651bf,0.01111602783203125
72595a85b26af149529e59295cd4488d,0.80224609375
36a443909fb713e12bfd996dde324f0b,0.81396484375
646381999a3f978ddd2f75e7932dc7b8,0.006145477294921875
e5f36fb351e8861eee27829fd1c17dd3,0.251220703125
8b4cb0fd15889974469a9c2053b7cf50,0.0726318359375
670965f37b59c106068b4120fef5f219,0.4658203125
b110ec1e2a6e3163719fe85399ca5ea2,0.009857177734375
f23cde551d7c4951eeb7ff35a0cd4478,0.003063201904296875
20d2bbc6dde236e38cbeb7ac3c257914,0.01312255859375
b5c71c2bbbe9c3d754c628530a412bc0,0.0030994415283203125
7807d22bf7810116f6c68e26b1e882b1,0.11279296875
de6b0434de35cf7e80ca010ea9c0bd03,0.1939697265625
5f308763b2f002210cce1ec5b636b3e7,0.040374755859375
72906435a569d6d0c2c35b202498def2,0.0322265625
1381e6d8d0b98bfeef93375a8d68c49c,0.68017578125
9f42d727c8837b59dd831abb67f8724b,0.60791015625
263ec73a37a03680353d55321febaeec,0.0537109375
df7f83cbd60d13a98bb34ce33fa559f1,0.251220703125
60b08ff5d5c749df84d18f3f1f0d8138,0.0250396728515625
2ac11e2a6948e5f06b110f7f0625c5f7,0.58056640625
45323022c734585feca8744a6ea87d91,0.044586181640625
a77e52f4ccfc98d0a098d244e38391b3,0.5947265625
3522864efeeaf471a51514894e44994a,0.0062408447265625
d296104b1f8a5abe154b7053e4b50b97,0.24365234375
b344cae600dfbd1b6128308fb5dd0902,0.42236328125
fb3f9b239d59001f5e2fdd679ca5fb52,0.0156707763671875
3b81f564bf9b44026037e0c238742775,0.2430419921875
57d3cc382e913eb38dfba189fe11d756,0.68359375
65f6036f540d6582f4ca07c957860213,0.7666015625
ed29dcde8768f1e4c759486140c338cd,0.373779296875
6231a62be883aa3050d30148d3e39833,0.00572967529296875
2a643fdf22c471ba451735de3a0004f7,0.12042236328125
9f957ed069cc145b395c9ec9c11360b6,0.255615234375
9867d59a126b9488eea41127440c8925,0.7880859375
11ca1b6612724352cd8adac46c01caee,0.4453125
901a25e8620ee30499217f09bc64bf47,0.6416015625
e3e257657a6dbfb35cadda7f04e186e9,0.39990234375
89bc3a457f21b87eaf7118c4e0c90518,0.12200927734375
e6cb4a166780403230e77d3f23faa1af,0.74169921875
358344727052c2b662a8791b4db606fa,0.51416015625
259619c1eb4a34761c5541a26c496e4f,0.251220703125
bb3067f7e3501dfc843cd11aaf078e3e,0.334716796875
bc5e122ddfdceb0d4bf4363b5880552f,0.73876953125
25ccd27a9dfc0e150c47dc17c8357ede,0.59619140625
98257da8a81ffb159293e3bcd3131889,0.2430419921875
f9b5ba9485547e564af57929fa9c56f9,0.05450439453125
f8e006cd0a4c8b8e97a2dd1f702b02f1,0.607421875
bcc38efaf9236658871806de7909f900,0.1710205078125
bac2d8dcdf985e9134e01a7f784e1da5,0.1358642578125
058a1b9c3ac1096d7fb24405a3332ee0,0.52099609375
9e94d93e911df7ddc68808c9c0ad7bec,0.06243896484375
ef478f82d9602b921c9b58a3af6d7263,0.56494140625
4b6b4740cd341832ed82ce0291dae067,0.91650390625
68dc95576f1ac1bd38ab1b658d66b1d0,0.74853515625
3bc78e4f06619d9d21d9234e6de9d1a7,0.5478515625
42c549d2af4056aa60d85fd043bb9250,0.001438140869140625
bdd557372f00c48504c88ee45f992e19,0.0316162109375
bd9af3fafc0449d83432c0c8cae812a9,0.08270263671875
4a199c2b97827189fbe26cbf48c4bc07,0.55615234375
0682a9f5123addd86cb7f295c67ab518,0.7607421875
b541fcf7286f12610d99f73ec9574246,0.004886627197265625
44d3945eed22fb9ddf5847003256f78f,0.64697265625
ce521defad37b972fa56c20a9bf6b363,0.58056640625
9426fc850a62a8c668645ff60fb64ff7,0.1337890625
f5936934ff667f9ea50c08187c00d194,0.2281494140625
535497f262e2ee55e0caeed31c7fe922,0.708984375
cbb013698ac52527115f9a018e044df0,0.68017578125
1ab42de12a10cb3ef2be88ab2ef1a9b4,0.9990234375
f142e0cdf9d5e77fa00cfb71045f51a3,0.0190582275390625
97f5ad5d931d369d6f14f523106b7d45,0.2337646484375
b08d36eed72bfcad7b40f4ff6be8d57e,0.986328125
c53300684493980cda1f7f51d5762826,0.75390625
7429262fe9edec008f851ddeeb0915d2,0.040374755859375
e7fdf1e6b5fe272443b305fdde093e9c,0.359375
f932084e3837fe55403bb34db5cdddd2,0.68017578125
bb84dad372c580e1bc91aae53e6ad030,0.6533203125
c2f4f40a40d8f37cb778069afc786d03,0.0242767333984375
3bb194c78212d131bb1a059ea906b5b9,0.006122589111328125
b27df870ab1ec96c64b6bd45831e4d4f,0.69384765625
bfb2b859a6b29a93e55c041c19865c07,0.04010009765625
43924592e1f9c0776edb140126dfd0a4,0.72802734375
b6cb00601ce487d3876cda934f030534,0.91650390625
64690f35358415f7d1f4ea2d867dfdd4,0.7421875
a0680a1de10066f640fd52149343d384,0.028594970703125
22cc1b87cb68eb838e0cbdc9e16d61f9,0.03802490234375
6941b638940033186c68a9abb6a55850,0.75
fe4e7e5c099606f46fdc6b59fb746d38,0.251220703125
b95fd87f3e63328d98cc532402fee24b,0.552734375
d1d1422860c117b154bc5fe2233ab62b,0.619140625
5a38dc02e86a7ec910899a1c249f2fb9,0.2337646484375
50ea66f53e7c1642b6ddd638d8130268,0.142822265625
82eaaf4eae0ae057af9728c5a3e17058,0.425537109375
fb137452fb5f96b1127c2bc938b2544a,0.91259765625
030f2e3da969d7d9e8aa9ef66e382210,0.64892578125
94caa9202892f70f39fc3b38126c6185,0.015777587890625
dced7c6ec9faf091a45b69f3e40ba9fd,0.11968994140625
f781024d665b077ba5023e5e9ab894a8,0.00494384765625
9e637c57a2b4a4f5dec1b64eb679863c,0.66845703125
ce4e184ed3f78bafa7b36e85b74c4069,0.56201171875
df23f2ee20fe4d3c636f88a6d112078b,0.0192413330078125
f3b40c8d82f3808ae614bfe54c7ebf21,0.055938720703125
99da32fabc030f00e00432932c460880,0.5966796875
69206528301111945b9aab89dca13f3c,0.002590179443359375
d0c36e8f3ca45493fb1dabff9c588d36,0.50439453125
d518b530f4a66765407f4fa2a8b98678,0.1915283203125
ad6ea08113e8284cadbb837056a0f887,0.11859130859375
86e66ea0b7574319ad1797b0b14db97e,0.003063201904296875
cf4e24b52da13554813dd004bd8171ff,0.0029468536376953125
28664f0b01c9d97eb2dfebb0af975a5f,0.60791015625
f83b84edcf1c7db60756171109930ef8,0.076416015625
d2aed145becbaebc268055f6f2bd0a6b,0.1358642578125
d9776a094efef7c5c318509253613366,0.62109375
ed997df81182d859efa0d13b01cf0ae0,0.003063201904296875
77ce4e0342ea36a983ce82f8e8762381,0.74267578125
43ad9d0a9a06c86c85be25f295fb7dce,0.029815673828125
ace484638168f0e69290d3eaed453ad7,0.199951171875
ef3b542a070bff84e5c683be06dbd655,0.0079345703125
ce2db5309780dc5596ec13b1d10d73a9,0.003063201904296875
be560b37b5862c245f51d132ac16bb59,0.040374755859375
8299c260bda82a0560f56414c86dd369,0.03607177734375
7536b74c17754363799df14fe70d3a92,0.5
b5f2049cce55c465bb3c4ed1ea424960,0.68017578125
a6e2e4f0ee38c168e0588f42a65df06f,0.044586181640625
c7a355ea3c1ca8b5ace3258ce4c21f9b,0.075439453125
20ddd7297c96ab90399bfcade114a4f8,0.003063201904296875
1ba2dd294aab4c272fe17528f902b031,0.09930419921875
f92553939766c0123c273dd1083a0104,0.020294189453125
d8387c1d88d5c53ed2ee31f29f84fcbe,0.1407470703125
a0d0a473c8fe7833ef7f6201e7d8d89b,0.0762939453125
6cc03df367f70062885ac734a9458f77,0.02337646484375
ac8aa0aa2e5de8e489f3e69b6ecd1668,0.07452392578125
5255eaef57984bf4968d31ae58ca7c87,0.251220703125
47d1a15a2fed12a8366e5674fe1fe5f1,0.134033203125
4078ee085b6799bf8b3b1f22345ecf4f,0.0147857666015625
0953c9053a182072248eaa35e37ae06e,0.10357666015625
0bc38a302a66d13cb2ab5e0840bcc0d2,0.372314453125
b7936278782244893f37a202451b48f9,0.60791015625
90628d81c10bea1907dd01dbb9cb2390,0.10321044921875
7436135946ce50eb421a9bcf214bf8e4,0.619140625
65cfa8eb35832fd0a2cd96d44d3ed1d2,0.040374755859375
a5cf7e055a8cad12d683c7dd90a49a00,0.5791015625
e3b9f58497daa4345aa23a8cf378711b,0.04931640625
24d95591872ecbe546994c1b82149bad,0.6640625
b0d689bdd3db8d166d5dcb00d40f1975,0.619140625
73d7258ffb3c1bf482e1fd7f700bcbfe,0.654296875
e63709eb19cf6d847afb363f310a0003,0.68017578125
6c402c7027f23b12199c9bdd8a3373d4,0.034698486328125
55450968c3ba0e9ec14f7b4204e5f3e9,0.315185546875
d3656aa7c6344b1eaa7a424f6fb159ae,0.056976318359375
e66c2377b5f989541ffcd7fab2431229,0.5859375
e440f8d9c42f7634383b5ccbc3848a5b,0.003780364990234375
ee18a0b5d743cb009744d207ee0927cc,0.044586181640625
e6e9b0f91c0c57dad1bcbfc97940759d,0.00424957275390625
e6ea42b35e31490a97f01c91928353af,0.0843505859375
71322ed7cb30a2d84b5594707892c18b,0.1199951171875
67f614e8c72ea0cf97b41a41dd551e74,0.5439453125
9f855e1a9733fa7b73c406a14dadcc24,0.61181640625
b6efeb17d03830ba0a5b3e1fe6e3a5f2,0.251220703125
8c7d7776e8fee811212b637d659ad2be,0.10723876953125
5d6b47c37d4f3c4889b69bdc023e9431,0.03192138671875
ae433e5090e0c4edaf28a9bf402c5abb,0.055938720703125
e7d1e7e7e03cfa523be47a0098ada02e,0.01450347900390625
86651b3a69759db8e3d605c6180ca4d7,0.1607666015625
42c6e683566c7a7be98a9c63ec166803,0.744140625
a221bd87ee334b688a33de247eb3964f,0.59765625
ed185044057e30aba99dc72585325416,0.248291015625
82fb6a1c1194e9a8ad618315074d0b2a,0.00266265869140625
9275cda493d7f7219421813d216322a6,0.1707763671875
4ff5c1332c29c3c55f0905d410b4985b,0.91650390625
eeb78d2d5e89ecdfef29c70dff109756,0.1177978515625
620e2301424443dc3c57fea3548cdf52,0.60791015625
1483b82426a1600b46440197bfa29750,0.143798828125
3beea914d58bcb87a6f0bdff9d7cf8e2,0.003063201904296875
b030eac9f29492fc38557419ee8c93e1,0.3564453125
0408d267cbb6ecdac2c9ce06d6cddcc1,0.32861328125
3f2f27db7ed809e753f16100b6e3683a,0.152099609375
c94fcdb866e1e3a9af205bd27664d492,0.91650390625
8b6c734f7aa83d7cfd4577f80502a573,0.00157928466796875
3805e4ed66a8f2124a8c7ec1fb248f22,0.076416015625
9dd3df04c07fad461969cd243c0baed1,0.1685791015625
ed7143cd20e6a751a175e3129edc0a69,0.1978759765625
cf90286904b01fd5746bdc91793dc9ab,0.040374755859375
83bb5711fb75c75d224e2ee50ea2bf3f,0.127685546875
09a36354506557d69b58cbc4f27655a9,0.72900390625
7251d7b0d2ee9be02324728938c18720,0.7421875
6b428229ff6f8e7e6af47fe0a0e3d316,0.135009765625
35370892bea49137ac3c08f8998bb9ff,0.77685546875
ae808c8bce388bdc17a8784d927e874f,0.0101318359375
d1306b0aff6c6d2a92d951848e1f81ea,0.759765625
28d70ff715418738065f1dc8f479cd64,0.68017578125
005139c756af51d82d474833f5b05325,0.033721923828125
f85b93364a678d47d4b54675dda1abc3,0.1337890625
ef3c2476bfc6cab0a797ac1eda6b42ce,0.10357666015625
bf701d542de18ee3b762b70caeed0b9f,0.75390625
b2c6aaa7b3e18534457a178bddbc9f48,0.400634765625
fa0aeb70eb9e8b2df27aa056815c5e96,0.0775146484375
b1d92970ab4e492a75e1a008835a1a97,0.1544189453125
c67fa99dd497dfcf0e0a84ec86b0467e,0.01262664794921875
581a98416ef59c1897c80375ac7cc5da,0.0894775390625
7f6fb1b358266003d7bd34cb41c6db9f,0.83984375
d4e0d264bc084a7727d8a13994b57545,0.1337890625
22d1891594f2bef1d154c265daaad035,0.194580078125
e52d2810f6407d8296f588458a357a6e,0.1805419921875
fa78e5e1b6f106f79214a42de2e5f0f7,0.615234375
9a1de9cbc025dd75fe7846924c9252a8,0.39990234375
03af914320161e532af7b08a922c84ce,0.178955078125
0d8faec2a683609ec9d077e6d8bc50fa,0.76220703125
7f982bd093b8378a639204e85a417582,0.68017578125
54e3acbdbc7f1c3d193ee429f869f1f0,0.1202392578125
5f6431811698c8d9640a15327265cfed,0.449951171875
b5857b8f2c839fcdc06a13e6a1ef7143,0.009857177734375
d9ddffc33ae40cc14abb37ed289727f2,0.079345703125
d5e671784cf19db322251ebde1223475,0.0212860107421875
8af96d92920c00ff31b7a2b931d16efe,0.654296875
0e26a5ed9ab6fde49ad883f50ac82e41,0.7431640625
7b31255298f1d785774a71f6b21292d6,0.029815673828125
bbd72f2d947098c287d1313d21b5d276,0.252197265625
0c6b46e9c28f6d171d8b457c5bd96831,0.466064453125
b4eba6cd6a8e2abccb9af78c8f5819bb,0.040374755859375
2d0e24946223b72a9c3008fcdbf11afe,0.251220703125
7365fe55e79a828d01880916fcb8bfbf,0.56396484375
efcc22cf9da87d81bd38709ea36fd32f,0.5654296875
69fdf679dc3ce71efed7094b45434058,0.552734375
c2a8e8decf4971ae847fe440d4ecadc6,0.09722900390625
d4626aa0d79860578c07ec300c688e52,0.01507568359375
eebc9669db596c2a02afc1300fd5ef6a,0.0633544921875
91feeb26a71fca63fdc155d38e66bd85,0.237060546875
f4faa7319fd3c3e599f5235c0bafedc6,0.044586181640625
852332e87d224a70fa9544efddcb44c7,0.049591064453125
9293c6266d6cfe57f78d2737fdebca5e,0.400634765625
24a2d085010cb5137a51f5669c3fddfc,0.021240234375
3ec7d07bde75cfcea0926a047c6081d6,0.0115966796875
77c2af443e9e12d23a2216c3732bd74c,0.044586181640625
77521cd1f25cc77c0025b921708022ae,0.363525390625
136764879457a355f9e37ed8c01cb5b8,0.4287109375
5b32a41e38fc3e49fb342568d5b325ea,0.06854248046875
70a5804318875c2c42ae53b2f3bea42c,0.14208984375
1c4c2ef0ebfce91023cae5c079962d50,0.0118255615234375
23360dd89c594b4e6c7e70a73722f4c7,0.044586181640625
5fc54cf2c5e164056fefe26944360e8d,0.76611328125
5036f77f74ff741f448a2943aa697c7d,0.68017578125
2be335fc456fffac288ca4f09b8907eb,0.615234375
50df6792282e3ffb785b557c8fbfc619,0.74267578125
a499e7d89eb8738836968fea49b0795d,0.009857177734375
86cc11848ff3a679ea0c43a3aeb2fce2,0.34716796875
a5a99145d4d53594b54bfa3ea2709ac9,0.135009765625
8eaab567738a3784356a770b2c540dc6,0.281005859375
08ebf62926ada432a9153fb149cf2600,0.1610107421875
b69c9d8453a5cf2fe24baf17a15bc13f,0.03985595703125
e0297f7c97b983c196c70ab1302870ee,0.049591064453125
6c7701337ad0496664e5a755b3a3ec74,0.1280517578125
ec033d830f59d9d3650e850378615187,0.1976318359375
16ac2eddeeacc44e1fd1af16a304d25a,0.68017578125
f3f9d20c1727bea325f45f9fbb73079a,0.380126953125
ba7bc2af350d23ef75b2cbb40143642b,0.06707763671875
00c06879a479bc32fb97ef5f71d45b1d,0.0029010772705078125
a5c58a5bdfe83e6e8128fe36db3c79ff,0.1171875
b8eade9413cd0246345a9eb8ba087967,0.0703125
cf8e9e4b9cb9ad99debe18f849fe763a,0.1134033203125
acd830a00b916ce8065dc2e8ea156305,0.52392578125
eefcda338cca8f919c664a611b2f2027,0.09136962890625
a590b7e0909cb99628569da0d7c27b70,0.68359375
5afe4dcf4d299b637b438dfda9307bef,0.325927734375
a977a53a3fd1099ec1c0423157f5263c,0.079345703125
f8512f6dd51cf128a61a4a17a0f92b60,0.68017578125
9f4e499b24a7fa4bfb583a0b43798b35,0.7529296875
dc03fe95903c286516f93f87a05cca42,0.4521484375
cceb42b1d43d5e01305cb37d50b1be7d,0.06512451171875
2519f8c3f593f8c354f53af6b38e81f6,0.1456298828125
4ea72eb8d1857f471afd0e8806d5f612,0.52392578125
f9e0ec9e7c92c45ee8d1777b5ae47a13,0.050994873046875
994d383c39a3f2343bcacdf65c4418da,0.0139007568359375
88dbb95733798fc6e453502c4e448fad,0.044586181640625
386b1c24e27e6ff864ea2f1f33e9338f,0.003063201904296875
4bc4337bafa7659472b1edd39b294c1a,0.6796875
c14bec8cd272e8126fae86aff4833ceb,0.73193359375
ea75201d19090414db470653ef812999,0.74267578125
a465f29a9267353085927881c9c0559a,0.051849365234375
d38ce89c1466b0b41d210c855e6c5e75,0.0018968582153320312
cb71e8959c3a0b7ec4ac2e1918cd32e9,0.178955078125
feb61f8734a6326d9e906ba63cf73903,0.005706787109375
bdf2172b14a4fdf4bb9727957d2005fe,0.0634765625
526cd38c4f7842d83358ecfd24873f41,0.83544921875
18f19f0bd17ae9c6462802e5dc9218b8,0.040771484375
a6b4b110b6ba98d3b1291b908f3be762,0.10394287109375
763da82098d9758187747894c76172c3,0.619140625
61f7e82d45e20c6c2c5b44abdc65f3d0,0.626953125
e405d5b86872319f78629223568e2210,0.028594970703125
3417c843a95a62664e679a9dbce03807,0.0011339187622070312
082e530d5eca92e8ad49c1b8487c05aa,0.1915283203125
00b971d443106183dbe2308cff654e3c,0.1143798828125
5193bfdb36d398a7f71c1145c969060a,0.7138671875
345e98e236be7ff4c4943c2fe64d4a5d,0.06768798828125
aca3b72e5d5d2a122d19d124d84872d4,0.59228515625
e49c2292498a8e45f73f1a5f670c4b87,0.0242767333984375
0644dbb4286fc5ac63284ebbf25c44d6,0.049957275390625
be997928592618b9bf89bf353a96a9f9,0.06512451171875
933d5a41f7928ad396ad216c07214e45,0.0225372314453125
2d5ebab6026201e37d28ee9417b7e4bb,0.0013151168823242188
822591641c9d6d7cd6a12037c6b418d6,0.91650390625
39d3fa121c2755cd97cc31ccef902207,0.05780029296875
4e815b40fe5217fb2a10e42b7378aab1,0.00577545166015625
109982a7801fce95b60c9e55219dcccd,0.01363372802734375
cc82fddcabc236b6768b374dc259836b,0.040374755859375
2631721ddfaaaf4a6d1e6c14d2ae2f43,0.62109375
f20eb5cba941fcc43e5e9785ac29b49b,0.91650390625
c9459eed4d7b0b155c0ae5a64748f5ce,0.1329345703125
166adf935e191ff2f086b2a12e0c5455,0.003063201904296875
3be6ae0e5dca37c4f773ccb8278d7005,0.7666015625
31c0989bce35ce90acf71d111ac63ede,0.053802490234375
ed8e96ea539bc7399db401a92a318875,0.036895751953125
39dd204f20cb00e62d658444857d3638,0.5859375
e2f9c340a4e923397a4d38d37aad24aa,0.6865234375
3496206059bf088ed96136f470000f21,0.90087890625
ecaa5170a645800ffabd709ca37bf9fc,0.10992431640625
7ff505f493c7e03d72d5f22bef57ca9e,0.70654296875
fca56cb46c6befff0b988c428f34d45f,0.65380859375
df4ec43cd685221599a9936e07c77277,0.251220703125
aa279437fdc211455f72de4ec41458f5,0.21142578125
e426a950df3aaa96141bbb3423939d93,0.2430419921875
f54094bd7d75588ed7800df383e5423b,0.0184783935546875
77e99dc582739504d70d8fe7e6bd53b4,0.0257568359375
721213c1dc804876b85af2be746bdb6c,0.8349609375
dcf975c363d19e88185f0b1629dc51a9,0.318115234375
cedd5cede4e76246b919b8206b1f0c5a,0.48388671875
095bcc703256868a7b326ac64920e2de,0.251220703125
c99d3237d3e9466c6e04525a4cd5f997,0.0020904541015625
bf18272fb800cb807556ee861ded2288,0.60791015625
dad696594ef1ffb49918ff730802dd3e,0.0738525390625
aa386116c0e2886a4762386c3e116f34,0.09136962890625
083743e0ad0ebc167cb4d94ebea90cb1,0.07147216796875
58a60f4a066123416b75e690cf206a24,0.018646240234375
ecdcdbe016e2952a144ba8422c295246,0.03790283203125
a9c561b9dd2cbd4607153b84005b739f,0.93212890625
091d955ce0c7ddd77a0876577337a21f,0.93310546875
28f7aee5ce825373cfc0665f1fe422f6,0.027587890625
85c6ed98d858cbedee8a80d38e5599d4,0.440673828125
ee12890ee9dd4c03228afad1f4d1c02e,0.005218505859375
acd23553f3fac69e4159014337221a60,0.0762939453125
bc5d6a11544965b635dfa2a792f4c06f,0.017242431640625
68e6b7d98b6420e061e824f503521e8b,0.1717529296875
fe021c79490ace0a4284095c00567cd4,0.010009765625
f1f15cba3d6bf6be0bd8643320f0dd3a,0.6953125
03a9271c12558388bce7e27db4980912,0.00948333740234375
3bbdc0c1cc7fef659163b1ada861012b,1.1563301086425781e-05
86dc1242f427ff2b3d597e5d4e8a60bf,0.005218505859375
316a91202cdcbfe434288765a841b879,0.002140045166015625
322375f04d080ddfbfcb26c1bff4a884,0.0211639404296875
0835b324f1832384293293f5a5d1ae0b,0.38525390625
2d2b6d657fd1e884e8e19b5f5ec1d27f,0.56689453125
1b7b67f6661aecdde6e6aca0b6b9e383,0.9638671875
f8aefe05d1baba47501a59ce8ae29c23,0.006717681884765625
548bb844719690ff2bb058519a98b8fb,0.08587646484375
4a3b5b8c4d1df109445b02502bf34c4e,0.06512451171875
26111c36fc571b6441d7b01cda4a63ed,0.01090240478515625
3537636c569ca6f228fffd594b2d3ff2,0.03802490234375
9d2679b09701ab04707c45d6ba064bbf,0.021942138671875
f2a3f641be45c023bb6fd29e3d2c4b0a,0.0638427734375
a538a60016570bc8b76bb9fb89a4d9af,0.93212890625
e65c9b49948b626e7700355f3b798c4f,0.72802734375
7aecf5ef76cce9539b3a1f708384a783,0.9384765625
3e0305774913b94890a78de8edbf5ae2,0.006717681884765625
950d053005709d410ee4e531ebe2b15d,0.006717681884765625
f33e17258fd99b5a3b0f32dd122d9164,0.93212890625
46b45a719c29d344b8074a56aa8591e4,0.128173828125
d26ecad2f1da070dbdde7a3a36109175,0.9384765625
36bf1a6083c2cee9a6da0219aec7a66a,1.1563301086425781e-05
ef64c419a813376248fa154b5b633bba,0.04400634765625
e004a3a6d99cafc0b6611ad200935c04,0.28515625
66d10707e4d4176ba4187f40232b4968,0.0210113525390625
9defa0c85cb54ab587776a400801f134,0.1402587890625
66d7f6b60c507d66d9456afdd4c669ec,0.90576171875
fb010f95e7a07ad76a2c0f2ea7c39f4b,0.8251953125
d9dea01975f9fb037361e1b0d03504e9,0.64501953125
01f04c19f0726a61dc88c43e5c3c2be1,0.93212890625
8e7a5ea6b6546ff72cde8a8c50856086,0.0127716064453125
b63cec1d2a370c53e8695b781bea13e3,0.006717681884765625
58ced59e63a60386df2e0e6258f17b19,0.15087890625
944ed7b82a2a7951e5d0d5c5f4b011e0,0.77734375
fe8c275a5740709d1bb8c9e22f57615c,0.1925048828125
98a1321475dbb751a76d2c3e5f9b8623,0.0027141571044921875
906216c4cb874de5d78a54183e1a168e,0.86376953125
0953533a762d91cdfde6023735541ba9,0.63916015625
de39db8fcfca3ead9f88cdb62ead188c,0.371826171875
9daff1bbb18190c9db19e0694edf3e41,0.03790283203125
2587dcc00649b5a2e97a2d9e936dc103,0.87158203125
d3d2c7ab4e9278f906b9558f208fed5b,0.008514404296875
2093d467e65e9dbad2a55577d9f8d396,0.9384765625
e5f4d0122e8f9bd43cedeed6187dee04,0.86376953125
94e975adfa0754f1c58d4245363644b6,0.70361328125
d9cd0a5aebec41957cec4768da17bf58,0.036346435546875
9cbc2de2471ae5513c682e21419f41a1,0.07464599609375
7a0c58f6e58014e2c8ca839f0d93f1e6,0.004199981689453125
00243e6f62fef79dfc52e6624c350e16,0.11968994140625
b86ca3fdea27d6f6adca8d2c0aa13090,0.76171875
6b80fbcc45190922bfcd039d6604ad14,0.9736328125
7642b6f77fb8ed22135a69eb3e8d31dc,0.0154266357421875
6fae5780d94c4f845a483a7acf9b4af5,0.0141143798828125
d2b3515132ba4af14ec626341b998958,0.71240234375
80992644a1584b94cf37558283da6f82,0.6962890625
b086bac54f504db606b06dde8d0b440d,0.421875
5a43716771ab0e46d38dfc9f59a28e06,0.7861328125
21ffee44c3defba41f685b50e9f77e98,0.0938720703125
e2fa2adc9733b3604488cb843f0a3835,0.06964111328125
7e36dbf1bdb7328060955aa2bcfcc81d,0.10992431640625
ae1db82786c6b2290dfec7184d4a7807,0.70361328125
4e197c94ba69ec0969bd1945a2f3955e,0.81396484375
d05ab5b1a3f7485a6dd33a1dd8107c85,0.021942138671875
262f77d5d76a60f8b1bb96974d6d6ed9,0.7490234375
74cc6b0b0468a76f5b0b76333d7049b1,0.72021484375
d1fd4855b00d0f6ee0a6e266a35aade7,0.021942138671875
5a285031bf2cbfc8f3d232faae58258d,0.77001953125
55e05a800d17491e43e0d18537824bc5,0.6552734375
dbabe6c4ec368ab2dd46595cfe3454c9,0.6328125
1ef8793a838ddc1dfafdee6d21acf9c9,0.88525390625
93eba886f253b7c0f59b1575b994a26b,0.12158203125
d3af0035c263da10d489a27c4e2a06cf,0.10595703125
2d7581e954881fa9b95e288c18d783b0,0.1519775390625
c53139fca346f97775b1999789c3d549,0.77783203125
b8883ad317d0672f3c5ac91085b2adcf,0.88818359375
f6d91d0d830f0deac31680f681743d43,0.78173828125
16bb8fa806203d708d89f628b7b53c9c,0.28515625
54d2f877586e5d2506fbd5fa59bb790f,0.75634765625
8a1995805ad65999ec546a1074ac9887,0.51123046875
d91d3ebf11980c05436f68b8afff86e1,0.11553955078125
12d8a2de8ca533c9f0cc1f8dec358592,0.0289306640625
bd626f3cab53a5d02afdc0f32b15ccfd,0.513671875
ca2b355d4558040f4f66c5f76b447e5f,0.94677734375
54cecee0868e914e207f565c5076917e,0.75732421875
dd231c52030321a312540beb67d17ea9,0.7412109375
ec9ce1d9fc1e58243b327a3db3c2bd94,0.56689453125
90c0af3bf0e097ea03c06e5dd71b65cb,0.0116424560546875
b85aa85f18ab167cdbd9d121eca2b0d2,0.66162109375
e2b1e8afbacff1108a6fac8d02daa8ed,0.007785797119140625
b627684530401364f361603aa4911689,0.370849609375
7ed4fd116ec9b82366cccf9128bd62fe,0.0033111572265625
2eeb6bf9ce9af702e165d9de21120cfe,0.87744140625
7f5cd2d703d880b581bb77dd87007949,0.421875
cb646f0bc8fc317b6d3ea689ab63cc87,0.006717681884765625
dab26a7063ed0e5854d00261bae22b5e,0.6416015625
880bc897b6a812d59049a22779702d67,0.059326171875
7236d4e75af20131468a737ae0305905,0.669921875
ab0475a401800c62225db10e18fd2cd5,0.426513671875
92832ac2a4a56686e2f65ec61f4f30c6,0.0121002197265625
968413e19e1fb423c105f3ff8de374b5,0.90234375
964d0e05f4e165d7903f918a540bd8f3,0.81494140625
44117b42db8ac51eaa644a31fb554c5c,0.9384765625
a71924192ef5739b2907e321a17d6aeb,0.94140625
629b8265af400f6128d5e20e1f1122d8,0.134521484375
ba3cfdef9b5e6956ce97607c4079fba0,0.0966796875
7e794389acf6c001285da96bdcc07f1e,0.12261962890625
1a420d2dbfce67d99531211f4a7c8ea5,0.1380615234375
cc2bf63697d9e855c0ae7c1e6bbc3f14,0.248291015625
254c1753c53f9cb00bb2750af525832e,0.0033111572265625
814a85b2385659291636ca9b0cae386e,0.100341796875
469bf8b3d123c54037302ad8f16bab78,0.11517333984375
7133c88bccff8b4b1f4d62da41011987,0.1143798828125
32e8c533eb4142a068d52b79d657dc5e,0.84716796875
719d18da74700ad3d6afc7fb1949b25c,0.338134765625
c9f11db824a9d81c8c17533a3eb8311a,0.006717681884765625
bdb88ced846189e268f271cbd6a38713,0.040374755859375
d3a56950111e7334d3e91dfe0cb2f896,0.6533203125
f31953d6239f59a03dce6c79290b5ae7,0.343017578125
8e6c9282161b4a7b04fb0e593a426cd8,0.03790283203125
9b74c0892e6e693f0570c2c666eb8fbd,0.010986328125
8a0044d90db85df6066fa68c9c1a3a28,0.0638427734375
32a874458874ae321781d7f8a91d033a,0.9150390625
c1f0796efffc88b8758e9b2ba5559918,0.021942138671875
102ed3cdc8ee32a44e9d8eab78eb45b6,0.126220703125
f31cde8973df6ea521b90fdf8227374e,0.1435546875
3752967342cfa65b7dbc36a05a9881b2,0.027740478515625
d336d7499faf694b07ad0a5c5e4fefd4,0.60595703125
d92a906d0e12ca30947d5bc9dbf4f002,0.08660888671875
f8e0f5df70f28932b15b2824f64aa68f,0.0831298828125
c52fb386d8b0152309b2b8e546441059,0.0033111572265625
9abb73558737dcecc4ca42b0681b191f,0.01358795166015625
a99f89720177d504de56fc51af9ba5d4,0.12158203125
2cef208d03ae2f434c85229428c66724,0.52685546875
2b40763ffefd0c953d638767e2ba6f79,0.421875
892b4736a9ca2740774dbf9d900de970,0.0251312255859375
b0ea6aa8d5462fa0fe0829672b4dd725,0.0010986328125
28a3d22b07272fc56875328cb24c1001,0.06536865234375
4000c4407d715f59df12c139bfe1b8f6,0.76611328125
4a2e9657587da2d2983086deea8a3eb6,0.0023975372314453125
073ff9d44c074acc4301ce4cf5f8085b,0.9072265625
05e804b823fb19ddf915a82f298ff8a7,0.056549072265625
e0f6c545e44e6d11e072beda1247d5e2,0.11517333984375
cec083836c0f39220396e3d63b9b886e,0.28515625
598a2e88d21d1d1ca52802ded9bec071,0.70166015625
506de9e518439c0120583e8598df0298,0.2198486328125
67e9e01b393d7800ee445d0ea4d22d83,0.52685546875
38193a039fec507114095ba6f2dd71fa,0.69580078125
2e0dac4a41d3535c29f43d855e16c39d,0.434326171875
f7bbc6ad2d1dbad07c6a9b9746db7bf8,0.12158203125
e28a675732efb77697cd94d4e9ea6925,0.56689453125
c0ee3e6e901bebf00dc5d1e76fecac35,0.109130859375
a42608e928cfd28602e252d4feb52352,0.9384765625
01163a062a726ec28d33d8d135d736d6,0.08154296875
e49b51b0b9c6c7e0ba32f793fee55b45,0.63916015625
689943d6ca3abbb460767e7d39d5a2b1,0.0165252685546875
4a3a9b54a5895aeaa117252ae2a3df21,0.0872802734375
59fb7442592a9c032fbabad5a797fbde,0.93896484375
4a989fa71396e54cdc7d09844e9a9b1f,0.010009765625
514e2771207cd146d0aaacebf15f8cf6,0.146484375
8a8475fffb465646c954ddd95ad69665,0.01111602783203125
7631edfc367637a0f0a3157ab99e174c,0.58837890625
308d38354b46cfc4ca5f65fce466a4fe,0.11083984375
0b60f7f9dde3fbc71d7601476a8b2572,0.09967041015625
9c1e56dcbf2726c86bcda09a4fc3c459,0.6640625
13915d863b77ae9962214393fc8de08b,0.07781982421875
cfb12c63dcf84dc41d18fea3f970e03d,0.021942138671875
0b0aaa49dbf0fb4b66bfad33e704bd46,0.021942138671875
1afd5ab30a10a8c079689dabc5a668ea,0.03790283203125
b56017fbb664b2288c6d38ae3b8eb287,0.03790283203125
5dde96f96a8a33e185c0c61757fe55ad,0.38623046875
1f563d126e328d5f75a96738a3bfdedd,0.1324462890625
6c3eca736c22efe130ddfa7cdcb6590c,0.0030040740966796875
824aa1fa34d49469886ee0ab5e67bb56,0.9384765625
ce426f098109b1c0a199b6fdb2e3cbd2,0.006717681884765625
40e92eed4260eecb73ba96b7922883ea,0.040374755859375
734f4ac77ee1e6fe9eb8776b8d058d41,0.09515380859375
7ff46bf932126dfe04f553b0a36c9031,0.0
2b348961de19fa30069d45a2e02d5527,0.56689453125
baca98d7e3ed01650d8039596ebc15a8,0.00035691261291503906
5f667073d6d81e8a38d348bd63a31921,0.84033203125
706219a930353b0e6561c2fb4b65c413,0.10247802734375
8fb5f41fbfb980df9007d726d474af80,0.9384765625
2f42b7ae30b45ce7538d86d93a919cc0,0.200927734375
85dfa5ee868b20ca184abeca1a3a18c8,0.05792236328125
91384a8ee9c124562f7b973d0dbff6fe,0.03790283203125
a8a4d7c00723e9dd5ca4ce31370e0ab7,0.28515625
32e322aa005203f61f7bff970eea545b,0.375732421875
aa49e84063dd701e41b691dd8cd01269,0.14501953125
0135320cdf1f5087210ad9a41cb53502,0.006717681884765625
70c7b7b3f7fe26ecfe0234ffc19207d3,0.100341796875
d89f1c40931d122339ca8996c8e9090a,0.06964111328125
f4dc74a0f0deb5afb28ce2364167dff3,0.021942138671875
6d6396a3fffe2834bee8891aca5644b1,0.007259368896484375
2f9f9176d053fb2295beb9329ef76698,0.040374755859375
2cc10bd707872d139b56005d306e1dfa,0.83984375
6ea18477f28f902343c0997953137b02,0.01111602783203125
ac248a316e5a95ad8eda363ad9d6bfdd,0.7490234375
49e247cf7002068e1ace5d2c6760fa86,0.9384765625
458e9024252516e6db4764f748f531c7,0.006717681884765625
0b67ac0990d752e223ca531d2064e7fe,0.28515625
729dead155bef95befcd73be2f2c7832,0.90576171875
b9ab213a200ea1176b92329969fa6314,0.247802734375
c2637b2ad4d436f4efda952b1e8db2b8,0.021942138671875
e6a5ac1e3a57940b3e4913fc238fa62d,0.0055999755859375
2e2b50dae289d824c71ba7f72493812f,0.246337890625
3a6c0da8b508b8c526359a055c7241fc,1.1563301086425781e-05
596dcefcbcca821729b88baf30a6d0ae,0.0259552001953125
488836e455e28e26f39236799d22a046,0.87158203125
2c985f9b353b641e18e499cf726308f1,1.1563301086425781e-05
8d2f8a475b7e8d0ab2d117e173c40a3f,0.010009765625
00d03a5b578b477f73a846ab117836c6,0.0304412841796875
338d0c227af671ce92ce4da92c254c71,0.93310546875
aefdd6dceeb5b7467ad4d0ef76856b5c,0.128662109375
8b7d8e283caa3da57247ce747c0385f6,0.1978759765625
ee624424ed6bcc967e76cb734b278305,0.00867462158203125
90d8953af568bb1ccab1350a1df8cc05,0.01306915283203125
8e514de436e46fdac24dcd6e123028bd,0.1409912109375
72101f43d83819935d2369f0b5f6ed90,0.128662109375
b2bada50288afc166894ac53d2f27ec4,0.03802490234375
a53139634515b29de24b9bae6bdc415e,0.005889892578125
b0c371125a026c18252ee58e19f402e6,0.00075531005859375
2ef854e1b711e50bcfae5fe412c54582,0.10284423828125
f2daea1be217ae3816a0fa7075a804e3,0.63916015625
0594393153a5b3521ef935d0e13e9468,1.1563301086425781e-05
ddb918c897e01fe028798ed3fa0c06c9,0.0008759498596191406
117b9ff8146738b0fda11361079e77d3,0.703125
1f3c9bbd04356de28f035b3e66c3ab43,0.9384765625
acd1b83aebba16c6d1e40f462c92e4e4,0.63916015625
e59cbbc01545f047f6ec3ccfe991f656,0.091552734375
df8148fdbea45757019f03995d757ea0,0.11517333984375
db31815723dcfee607c91df888d5fc28,0.8828125
eaeba77d54354ffbfbe9396eb0876eb4,0.362060546875
efde275d8ff36333198b36d2e2251bd6,0.09844970703125
8e9e45dcb6b8e97efdb76a9d969c3636,0.80615234375
cc9a20da01c7477b76bc35e09c5bd83f,0.047943115234375
40db46ba5157fc61bc6f74ee0281ce1f,1.1563301086425781e-05
aa36ad00069ddfa967b73ea743d5225f,0.01056671142578125
59d25978b0344a4b107a8b8ba1119164,0.93310546875
797c7735fd7ddd10c3480324b2206e84,0.78564453125
df9b48f94f7fae58500b2d5c5eac1ace,0.11553955078125
d944d6e776ae07366470c667c9f24cd6,0.8037109375
dab591b21cb5c11d6b25ec98c6a44271,0.11553955078125
e40e72397ca7e7b466cdcc68c0fe23bd,0.9169921875
0969a6c9733ba25362578e784420c070,0.07147216796875
abd4d0191384fc1c67f15a004345a741,0.0823974609375
691d58591a71abafe5376788536a7478,0.15771484375
f2286fe0568cb9bd3341f57db83a286b,0.0029354095458984375
962362d15331bf592ab6af0e95ddcb0e,1.1563301086425781e-05
812511e33bf95184932cd822d70a425b,1.1563301086425781e-05
759c6d60f1145567bb256695e6120149,0.5498046875
0d3e7e7affded3c3e402b87f261e27c3,0.89404296875
89de02c0c8266ede6a02ff3d2250abfa,0.00586700439453125
829cc255b46ef76ea86ec5fde4785920,0.040679931640625
3fa7ca9ab0196c759e732d41f01b378b,0.1734619140625
c35f343c84de557c9342f53285384241,0.04083251953125
b05cba2dbdef68f4c41f71849b9c61ed,1.1563301086425781e-05
029f1c356b18ff95f9375c08e959049f,0.00028014183044433594
4f114e7858a39bcb7a61f9ee210546df,0.0252685546875
282a7c81dcefd896d1329eb3fe58f727,0.0638427734375
2e14d04b067c471af43cf97bbb9f12d0,0.053009033203125
ea1842e7a719fd2d44720f21807a8d9f,0.28515625
cf474d186c9d81aa7d9ba7837754cca0,0.9384765625
bac399a9ab7ca88928a20114553c552b,0.17578125
8e24ab73a19bd782136f76bf3ed786cd,0.004100799560546875
0d6c5472bd7691fe13aec44661cafb3e,0.364990234375
cb9917ea86f54dd279ed8b88b4d574a9,0.03790283203125
ee2fe3ea6a302935a18b625856691f49,0.109130859375
8fbfa37934555884e73d5d794979ca9d,0.115966796875
e28dc50af15f9dfa7662a265b0228e2e,0.03033447265625
25dcca7ba18502a82e107348ed23e450,0.421875
d7046473f86e409576f974d932979f02,0.00400543212890625
816a2c8b42163fe213c8de8bf4f62cb0,0.64697265625
3f49771172c3225d687bf1db9f98614e,0.1810302734375
66da4f45cbae5079197f8dc2861bb6bb,0.87158203125
684f4d1410efe089ca47249ce97823a4,0.71435546875
536a6619114f3d2cdf554524c1f785d1,0.105224609375
5d7455637c1ba0bdc6a7345a382e35a0,0.1563720703125
ab0b69985bba4e1f4358e9fe032859e9,0.021942138671875
18e84d4c864628e2d1c0cd6d904f1352,0.0070953369140625
f3842c23d32cece01794e1b1aef1ce1e,0.08819580078125
6d665471acf4ae737296eaa8ebaa827a,0.006145477294921875
168a992ff6a66219eed18d9ca96e2766,0.529296875
b7d0545491a47ce2019eca557824d40d,0.89892578125
52134436ab9e4d5a3abca540674b3f5a,0.90966796875
1c673eb6959e8562cd7c715f6e9905ff,0.9150390625
b731d680eecdb774ffdc0b262d643972,0.01238250732421875
f76deec48814f9867aefd39363bcf9e1,0.8720703125
1dcd8c851d80158e5028cd6f28aab07e,0.021942138671875
1167975fc43824b14c6bc6dcc5034466,0.65283203125
853c541a723faeaf90430d923c1c24e2,0.012969970703125
c6a4e00c964f8e3585bb1c4b1a22ae05,0.203125
8bea7c1109e5d4941247402f6e43020a,0.5595703125
8e3127f673dfc50d363ea23d8306cf84,0.9384765625
31be2d65703b72a4ff2d5ef1ed569149,0.0070953369140625
0c24ef37ceda809e350735ff133a9c07,1.1563301086425781e-05
16142201dc8919ae26f6d310b34064f9,0.0187225341796875
c08a239aad55d698903ab13265220179,0.7490234375
5eeab2ba0e0135ec4c65b4f35b262562,0.022674560546875
c3a6b85422c377969012bd63d7b2ca91,0.223388671875
f209eba907a51025f1e60e14dac912b9,0.87158203125
58ad72cd16dff858bdde5e7e9dc91386,0.8544921875
cb64536099a2f109429b82951953d97b,1.1563301086425781e-05
629018df6ff9000cd959189f173c5c5d,0.421142578125
29bd82f25b3d7011c38a044be1314250,0.9384765625
ed86d5a04757d91988fa8799d53a4a49,0.56689453125
9942f5a01c46dbf90ab1bbf0ae4b7861,0.03948974609375
69c32f1b949ebf962a466292436b6cf1,0.1165771484375
b933e0b586da77217d3fbcf32f74b212,0.28515625
c22c65123759fa5c09d1fe61d05d8206,0.80029296875
943fadc9030670cfe19e204dd087e6d8,0.193603515625
44dd47401b94e056b009905fe584806f,0.88623046875
7b4a6f454b7e5f51f1b931f388ab7acb,0.01029205322265625
c28f36c1b8ed2575e1d82fb53f7f28f7,0.1810302734375
204680ebb902c03fc8ac63e1e8db35e6,0.0975341796875
fefc04949f4141b6f83e4d20237d5783,0.240478515625
4cc2560de1b2a15d3c8b8580154154af,0.2265625
958e6b8ee9e8b4b1a4e9c3f5bc25a94b,0.28515625
37eb02adad5ff8e5ca288558cf915f75,0.0097808837890625
7d90c2f4b21be2bfd4ab341b9ebc22d7,0.006717681884765625
4808de1c106556183ecdf94935909ed5,0.93310546875
06c24685a1acf5807cf57058621de3b0,0.814453125
39f85d43bc3e115ccb8ebed00c535609,0.424072265625
c676c815740015ddc6ce8ad97a4000fb,0.47802734375
c43875ddc579e89d710c0adebdbf1dac,0.204833984375
8c6e22c71d4589f71ea2333daa84df45,0.8720703125
d10c078a3cb6e3db2408ff054d84be3d,0.224609375
320bf266728081e64167a2b48e366175,0.06671142578125
0c536397afa0492ad76c43041f504c9a,0.228271484375
5e7ebd1037e20ba0e6f52c83c5da7429,0.12158203125
b5845bcd64b6ab1200855407e2737225,0.2281494140625
c7530656fde761880e8d9f34cf4ab337,0.392333984375
8281638d2be1d943df581bcc9aab6662,1.1563301086425781e-05
fbe4bbfc10eaf8a32435a1affc24c527,0.8740234375
d20d37255c5667ba269dcff87ff79c86,0.63623046875
80693af227dd0f0b75a690624df4b872,0.0137939453125
dc2f82d4911245ee7616d4419f44484b,4.5418739318847656e-05
4d6f2a24ad3139673ef8b3b065aa6a1a,0.0017137527465820312
5d057cb63ba17e5d85f284679e317193,0.010009765625
a5c0f5e1681772635d3b8156b46a11f3,0.0026111602783203125
c32d0a7f6e0751adb7b7051abb0be27e,0.021942138671875
eec212cce7ccc1087003f0cdc7d8662d,1.1563301086425781e-05
1e314a2b2315a0b42aa6ed8be8dedcb9,0.9384765625
b630c13cff25b1459d80c0bff20643fc,0.228271484375
24856092cf8647e938815ab78e278652,0.9208984375
01a6f8fc4510841be3101adcb2e983d2,0.247802734375
23ae7bd825a9a1c48a2a85f164427600,0.003040313720703125
15ec835ee1bacba83790b2724991fccc,0.021942138671875
8f7fd3270234811fe23502035503b5e5,0.09075927734375
835c2bc0b2668d5a2474df1811242614,0.128662109375
f25b1bf9d25bbe329ef81a29d5ce9dd6,0.0013303756713867188
db3b284854f9bf126536d61987423ae1,0.0016679763793945312
a0904a48b08704db4cb4972b8ffaa733,0.15478515625
7950b232da88b12a0af81d888feb1032,0.00653839111328125
5824addc5cace9168fb18810a557998d,0.63916015625
99945e32daa6efac9467b31c99fc5b2d,0.0033626556396484375
fae2663cf3e78105086f8d38fc05116f,0.0139007568359375
a134ea024ddeae789bb28fcfaef5c9c8,0.02423095703125
4f2093aec19a195812a702d02ac8ae45,0.06536865234375
b44499ce94ebfe9a71c72754a364f231,0.93310546875
cfce579bb57e4dd97380abdca983f52f,0.93310546875
e0b001422e9c8a661b7c06e7c8a5f243,0.219482421875
ecf8685cbbf46f270904de90a061b707,0.0033626556396484375
e57ee416c10b2337300d81e570fb7746,0.1409912109375
9f8997ffc9a7eab7f53700f78e1aebb9,0.81884765625
9273fd041c614dcc2258b7e77b783985,0.006191253662109375
a975179b5537fd23b22a95a1d3fa97bf,0.004680633544921875
7f6ff6cab40283e143efad48cda98926,0.74560546875
3f2e291ade6326ea94dfce3043b45980,0.03790283203125
db750dc86132190574d1858017b5927c,0.0225067138671875
2c75a4ca8e9128d1d6c1e23ab1703f01,0.0033626556396484375
9c130742e007dee7c747e9b16242ec63,0.93212890625
e5aed8b45531314f3911409c938f8ea2,0.1810302734375
799e6a959414823e8c0c3400e48bd783,0.03790283203125
e67fac05d48a96d49702fb3913f4b62e,0.243408203125
887edfd8a6acc9ac1b180857d6280dbb,0.0003407001495361328
3167cbc8ee1f2d8ed2f37653de572c99,0.0129241943359375
a7dd84c534450fca8d043b570a48347b,0.9384765625
8d491e642b1402ee5bf8d1417c437da1,0.60400390625
68e419a44503b5d1b529e6ae2afcb0c3,0.7841796875
c6471598faa00232def6a29d8a54269c,0.03521728515625
1ce21c1dd9e1b18b452520bc41992cfd,0.9521484375
c40ae54918dca37bafb81823175449f1,0.04351806640625
a37dd5a562af99bca2eecb1963c5d369,0.28515625
5e857571a88dd1cf58f3f4d0669575b2,0.021942138671875
2185cc277bc269ca14a597462510bcb7,0.28515625
f63b379b72ef45a654bc3ea43abf1a5d,0.01337432861328125
7d1bcc2ffe7837570caf0223185506fd,0.00511932373046875
aedd5668a64100bcadb414e9d7674abc,0.08599853515625
00204750e4a30f8ecb528550a05dd6d7,0.0304412841796875
ef1659d3dbdf22273953e20281d00f33,0.045440673828125
d2e89f93c624fcf5ff67ff2d9e96ec21,0.489990234375
eae1f705f1302802d200e59eeb1f230f,0.02056884765625
ffb87a2c9cc2c495050eae229685d138,0.66357421875
611ed9762f2488bc338ea22fa67e5737,0.93212890625
aec08c84f6d56510e965bd55ce2469ca,0.06915283203125
e66d517a592d12f21996e0c090330208,0.234619140625
33719476de8933156346817ad5351260,0.2034912109375
be8c3f3a34802369d239a4e492a2b147,0.021942138671875
94d2cf2f17f06c6cf7c44cb87546e216,0.0023975372314453125
184d122b490b7ddd40bb242632966c12,0.61669921875
d602ba7eb25ed33dab8ae4f73098b8b4,1.1563301086425781e-05
2234d013a157851f2574425ae6c72eea,0.03643798828125
c3eb037a470150702bbe9549d35bf084,0.71923828125
24b4951577ab8dd01a731ff30d1b6630,0.9384765625
92ff8f7b1492243b799f25a880b53bdd,0.01142120361328125
9b536f6c5bf8e56535ccab836212f60a,0.015960693359375
baeff1e6835a84ba4e42adfda4c962d4,0.462890625
384fc2876fe857e417eccc696bbb7abb,0.9384765625
5da990a106613ea4c1d64d7b5104dab1,0.93212890625
0d4cebb51f9b9287c628c701c81ec3f3,0.133056640625
be52638f5e5fda2795df3464b34ebbcc,0.07891845703125
c34d28f150518db8344ba239556a6e09,0.017242431640625
48d69c67cd85abe81f532a7d62d4e932,0.6953125
4338aca68fbaab846ec6345a7b85c15c,0.009674072265625
b474e55affe2984c7152dfc8ee44426e,0.05194091796875
302d5bf97f481096506cba70d1e9399b,0.021942138671875
d714cf737608816639a6aad7f91954a2,0.1912841796875
481b2b994ca94eb5bcc5218232b87831,0.9130859375
51e99711803530c414385e33e561ae3f,0.00864410400390625
6f8c529613a96a0ec8cb62634baba469,0.0137939453125
35f39104c859ba6e13c853f8a3cffd05,0.248291015625
b4cd055e8490c70bb35b1168b595fe86,0.0292510986328125
e5399ed40f9428a0149b57d996a7b28c,0.73681640625
e55782b2fe9daf4ca37f0bc6b909e0d0,0.1485595703125
78db2e5dca95ef74fea854b17e7508f7,0.026458740234375
0c2e399dc76c6cbd8b886f606adf75f1,0.93212890625
d198d51775eaab67cac3140881631175,0.006877899169921875
5b8a888c99c047feb2a2fb858a02dae9,0.0304412841796875
7d5bf19e0e5309298441b7eabf88d30c,0.93212890625
22a6c59355d7d613585abdbc4fcf0b0d,0.01238250732421875
bdfb50c4e35530e09a6c0f72b396076a,0.248291015625
97dc4bebd561c99a833c7886ee3f21d1,0.40283203125
c553fba557e7aa0974b59f921ceba201,0.0633544921875
db053afafa7077e68e979affbfe5944d,0.54541015625
abe4c6733572e8317de812d328e5cc78,0.021942138671875
c33b5ccf806c89c4306104ac78aa1479,0.0142822265625
bbf8a980f5b8a8b87130f9f8d72bc8d8,0.93212890625
4dad2c5f0db2d80db7df461930ad8ddb,0.95166015625
379294e8bcd2900ec596c1e072a16910,0.765625
c4db465b390f145bad6230a7ce3dc4df,0.421875
60605807abaf5e6d731a4af6971aa548,0.0055999755859375
2a25b23bad5b861c91f6a40c6e093857,0.63916015625
de732910399ccb91460ff0cc8edf4ac6,0.021942138671875
8aa270e3d1e9656b2c35b300695ed73c,0.0775146484375
34ee39dee8461a049ccc35645042b258,0.00933837890625
613a4649a004b3f592c71001740e48e9,0.81494140625
0812325876a83ab88ecd32f77492499d,0.015960693359375
3f407bb8cc757d312b0dc46291915711,0.0196380615234375
9d4fd21b8525492a6d9dd718aecbf3f4,0.000690460205078125
98a799e6b2bc67d720c2da36c4bd7b8e,0.1810302734375
b5a71491ae73f8245440c51a36a8fba1,0.421875
3633e51c39a695d00e177b28943a904d,0.66455078125
0db2fa36ad0c3b144c74a0994e74ea17,0.11968994140625
27cd3d2e37aec32c2b2b1722c5f4d49a,0.0289306640625
31a5b9f7b8330500f0b4a291f0bce193,0.1402587890625
4a7b16799930386fb8126b2fc606a81b,0.051361083984375
d60ce57bb64828e005085752890f8821,0.28515625
767836d0878088422d5a1516fdb37b19,0.03790283203125
7a31a2743fd46eaac57e0facfa4cc550,0.267822265625
bb4b44efc167ba5696093089438e51bc,0.0975341796875
17777da8e58b415c2764608996afeba4,0.234619140625
ba8b8331cd6048f8a62ad5fd944c1780,0.87158203125
d162d00705bbdf9a4e9705de274e5dac,1.1563301086425781e-05
6f65ad3782f78d94b450ae21ffa119f0,0.60107421875
6f1160ce0f3f0e1fb18d1c50f0804125,0.03790283203125
d41d4800d49628a6e197bfd9b0f094e0,0.259765625
e3fa5f91f037ec7771cf84083dacb937,0.681640625
f70d0e313aabf5367ad6e5550513dc06,0.01129150390625
bbc7535503831ab2e9bca38d04575478,0.1087646484375
d3772b773363b05f17254968b7b72e2d,0.890625
a3c947aa6771530d60aa866adddc8135,0.77392578125
b317bb280a9b1b06f9f3fe4e2d97b7bb,0.0975341796875
6482bde4a57f6f4513fbb8bfa9861294,0.06536865234375
b62ddc86a2c3ff81c34542e9e528184a,0.0007791519165039062
7c93f7b6309b3fb543050113c9063175,0.71875
deb7503d9d526c10e1f89fa5dcfdc0d7,0.0289306640625
3d35be6aa76c0775efad6abf6ce136f5,0.0137939453125
1df53b65ef3b3c0eb8e4cbc111274104,0.141357421875
eb9b66822fcc40eef2946119bebd0642,0.35205078125
f6fa5b355b8c2d2ca8b1f0c90216e189,0.376708984375
ee4ce367424b9e5e50de1cef6c3398ad,0.00760650634765625
4b527ce1792d19eef851a770025028af,0.128662109375
e3ba096857998aad452f48e71da3d540,0.0070953369140625
2f6317332dcc700e57a3b9a7edd05c27,0.693359375
67cb60950de9eadbd4c93291eb475701,0.59521484375
b73f0d4fc5d9440ba8fb60f4079039ff,0.56689453125
a0f1d8a2cf12006e5e513fcbfda143cb,0.004199981689453125
b6c8c8153cb8e10f0f1a68e013f38ea9,0.0638427734375
01cf10b978994ed33cf594c3f911cc33,0.392333984375
a73b123e9329e413e46ee2332dd81926,1.1563301086425781e-05
11b12415906c7fd9a85d832a31a768cc,0.1324462890625
f27a278f050939f1efbef3cde4ec9fda,0.003765106201171875
c672d315430c27e77663405bb88c53ef,0.474853515625
098f5c7f8982ba2762a19b1ba50ce010,0.8740234375
3a24a3fe834b1de33477416ecd8ded4a,0.0289306640625
794ec31b8374251b2b9fb811ca40aee0,1.1563301086425781e-05
44629efb76ce5ad566faa044e74699f0,0.0531005859375
e78004c0a0037c43c5b75ef5a9fa9c14,0.06427001953125
a906aec0f16c945fa262df76870b60d6,0.04400634765625
996839dda9cfa173e8ead82f9c8a057c,0.421875
71798495fc31c4075f7f84a6bff290e4,0.6591796875
99cfcbe3f4c6e81db840177ad130a603,0.05242919921875
ef509ad1a24ff6a1cdc96a2b6624c24b,0.0304412841796875
ec0cf44d35c098840e856b204caaba4d,3.4809112548828125e-05
b92376d5972be4bf3f100b17e978b6af,0.1748046875
d6fdd60a53c8e6ecee2d883b762322cf,0.010009765625
b8b1655eb67266f6c2d3c76c2f39f1a9,1.1563301086425781e-05
1fbaa6d8e77f39d97104d3e356e1c93e,0.06512451171875
9f7e7b52d3fd047c133d7b2473be4821,0.64697265625
ea6621a211e4e7ce0afae92909d63bbd,0.01137542724609375
8fcd217b73bb88139e1be36e1c0cf990,0.28515625
8576c8038ad577b13ee2994ad3f96b91,0.1929931640625
9619b5bf2faff88021233edbd3c7cf2a,0.60986328125
a494081f5ac0cef8a1b8c4e4512ffb13,0.0638427734375
3da34a9acf96d5dda55dc3af47db1146,0.54150390625
0b6a8d0cb43ac3b6315b71cb6c717142,0.27734375
9725a70d48f22bb99b19464995d87f79,0.00981903076171875
06a2ea79b42f987ecf1220977b7ea7b4,0.11279296875
e4f55353474def398e86e0b8a44f9169,0.021942138671875
549542bc60e388f28e77fc43197ce38b,0.1710205078125
97774b9bff2d5f8218ed649a2e7ae81c,0.08404541015625
5d1470caf0cf10f682be43586f909f62,0.033966064453125
0b9154ea5c10fd380db03e80d6167506,0.095703125
0a09b204aabe9a091fc1717cef36acb5,0.8125
4036add1e53ffdef5021491c300b3617,0.044586181640625
bbc5d6b05171f0276db30b62370b76cb,0.047943115234375
2e7f95dbfde61518dd1ca1b3417481b8,0.05499267578125
c892c5837e41e041095fb9648b1f98e0,0.90576171875
ba2566421e1bbd588fde5f1b2fd1cd6b,0.40771484375
5cbc2f1de4a64465eda78096a102180c,0.000415802001953125
24a225beb4fcd78e69de8f4979706e76,0.00955963134765625
5fb3847f7776eee666129caadd5d4e7f,0.006717681884765625
66dafe32ea75568635851d428149f4b8,0.00646209716796875
c23fc69eb1835bb26bd726554c815e74,0.0070953369140625
793e6e3fcead4d3548aa884c2863ea50,0.00989532470703125
646d556988878603555409469310806e,0.387939453125
7ff6aa82477fcff238a3c67c622f4aa6,0.462890625
e4fd065405d07e8b84afcebcf89cf04c,0.2298583984375
51834fcccefcf6654a9614fd67f1524e,0.012725830078125
908b846f44e2edbec5049700c8c7e5f6,0.09185791015625
d022360dfb391d3254e733e065cb815f,0.81884765625
dc0be6af2daa9969b148b7b237ed88b0,0.1810302734375
46f265a053425782d7ecee28568a7dad,0.281494140625
09d62b28d2630f7bc25a50d695707790,0.85107421875
23dbae2713e9ccdb1d368faf55dfc295,0.0005702972412109375
63ec6767dd3303142fe2400f00be38f8,0.13818359375
0d51f1083dfdf87c044bf0ce851d15b3,0.015899658203125
bf69340fccfb62311ff89ccf42a717e1,0.7392578125
1c65424b6e836ce43581571c11de74c8,0.0272216796875
4f423fbb6d7c31fd3cac2c3729e39762,0.90966796875
3c841bf17637cc4dd3f9b30853f595e8,0.09967041015625
3e2c09542e0f1d51896694ed1f43db8d,0.130615234375
56d7e12e4701308b5317189a2da06a3c,0.0184326171875
6c2f68b62c02dfac2f091825dad03adf,1.1563301086425781e-05
7b0106b703b66a0b5306e56583ec58a5,0.87158203125
e1cbf7419f3324c49c2776af5621f442,0.138916015625
844abc94db39d648633fa5ddd5039995,0.03790283203125
dcf6925eab3771f8f419d70359936966,0.93212890625
f13cd914c7bcf81d150d27d81ae55c7b,0.038909912109375
08022f467a680bb344c1a1f0df824072,0.1253662109375
a92d671ec409b41a42f2186237cdd891,0.228271484375
5bf81a1b1672a12a791d9c1f516d8a2f,0.03533935546875
54a19b1e7141289215c549619c8e5813,0.288818359375
f0bc9d8e7ecbbaf63a2bb4d67dccf123,0.010009765625
61f257eaa3f1d872ccddcb3c5a85f896,0.021942138671875
b32565761c3b26bd5512e920b70624be,0.1041259765625
cab6676b1cca978f808c587ec2549644,0.28515625
32c2cb8517251fb616a1f897b65ae9aa,0.1409912109375
f99fadc12a8dfdd013f9577dca6a45ed,0.133056640625
2fdbbb9a045948d19b16ed92d9e01558,0.056640625
54eadf477f589c443cdb1581ee36000e,0.15478515625
ec5aaa96057f3b42b45b0561ee6b8599,0.00586700439453125
c17ab8bd2de7337f38720254696f5eaf,0.06536865234375
7fa59e07465e205a9877a68ce4b1ca6a,1.1563301086425781e-05
5edd8dd1084fe15844564ac85d7fe533,0.0003249645233154297
0e578366af3d1510b04e1d0e0b3bed81,1.1563301086425781e-05
8eb63648ca09e42d089fe2c953b4970f,0.1324462890625
ddd787aebc37a2aa7c3b639805471e3e,0.43310546875
39f290aa765e3de89ead54ace25c51e1,0.07159423828125
4224bce4e5304c612d50b28e8ed80c98,0.006313323974609375
4c864856ea37cc417191dc658fad004c,0.0948486328125
32b2e98ea4dde2e80dbfa5f858a6c9db,0.138427734375
2bc2e2a95cf8d7633ac54f5c3643e67a,0.08709716796875
d3dc3bc3dc7348e84ee2e39a7163e0d5,0.006717681884765625
17d228bfd29d0ca5291e8b25bba002b2,0.06536865234375
27d3571e44d2cdf98351dee8c9cbdf1a,0.2132568359375
1903f140ef8a4478c2a386bd6cf41058,0.042388916015625
43cfb2f0931d1a68ec1dfc8fa48f36ab,0.52392578125
7965c790aa9ed50ec3f6a94cece9334f,0.004680633544921875
a6b3dc3b1bc045a064d38fa123d53b86,0.70361328125
8c7f03aec42e0af336c8135879fb75b5,0.8876953125
bbbdc832fe995e436b6d78b4343ce310,0.591796875
99a8becf9560cb3584930f0cdea99ecb,0.036346435546875
cc5d3f3590393fd97195719adc886523,0.8173828125
5458eb73040af97a3e20351b116a66e9,0.6767578125
978a3ad083a59be05d97c51516616701,0.91796875
06c6595f2c987806ccbb383096486f41,0.03216552734375
fdcfc6e0782ae8b048d8631e894956f2,1.1563301086425781e-05
0ccbc1f1c5bd3f97653072aad1d56305,0.021942138671875
ecd385134aad9c9e80c2bce77c9c25f6,0.7509765625
157b23151314101628aa26911d019799,0.9013671875
aec6fbe5027889e216171016db8741c8,0.00582122802734375
5858c5acc08f88268910b3c8b3ea9c24,0.01483917236328125
eeffadd8d76966dd0adec2adb01a1af8,0.91796875
653e7d3c76dcdde531018725bf1fd2bf,0.10357666015625
ffdb4255d244fd30e510dce5530ae8bb,0.036163330078125
7c7e1bad29c0f5db038f1bacd6b7b3d7,0.9384765625
652a1d55f317d14d478c06eff5679502,0.70361328125
19129cc9058fc3bab6f66ce2e4a35631,0.90869140625
494b2049e1391a20bc666d0892e67bbd,0.1827392578125
d81f58848af9c12f6ef4b96ae2816fe6,0.03790283203125
94aaef91e42088ec30900adcf6f61eae,0.0526123046875
26d26b9ec0fd6fb54daffcc59a0c06b6,0.006717681884765625
387db77de76a32a088678e9ab4c03c13,0.413818359375
70f634c6c5b29c2a593dc08f5fadc84d,0.54736328125
566fdb4d2a868ad6ab1ceda392ae58f6,0.421875
41632f3425e548c76e88e5bdea9ed4f6,0.9326171875
c2a4f81208c65d130f5ef3467ca76b35,0.0304412841796875
9f5e4dd68048763da3457d6b57e7903a,1.1563301086425781e-05
32326b8b4b64f3d1ed502c88cb9a4272,0.004680633544921875
c6982dc10689d7adf79787926edf776e,0.185791015625
34979e8457d48de0e30f71e302919b87,0.90576171875
be2cde39f47ca0c13f435a6ed46db96e,0.0869140625
83d6677dfbdcf97c1c6b82897641976f,0.0036067962646484375
f66adf68cf7627fbacb11202c306da32,0.0638427734375
d84c3b550b086a5cd1ac748837c8c036,0.0004820823669433594
a7f490cfe033cb22a3fa979b5c68921c,0.0255584716796875
6de83fc853106af9719b072d62eb638c,0.01078033447265625
05b525cd8e147a13b1803ea8907ffaed,1.1563301086425781e-05
c09782ce7aafea08d488b9f3a0087302,0.66455078125
99dde3a2520d3157521d3eda3bea7c60,0.0015363693237304688
908d6ec54f589c88601563920423b058,0.70361328125
193876b81a734e72dcfce2294c33cc65,0.313720703125
2df4da0aca8f59e9d8c3f99f81d69543,0.53955078125
ddbd862c27c8fb9b555a81b67db4297c,0.0005660057067871094
98a1fb542ba7b7116f6172867b4faa69,0.126220703125
47309788d158da4972ee39c47b92dcbc,0.1810302734375
6efb9a616d9680c984ea9710ef653371,0.126220703125
207e44501a6d3670e937da6ae96db2ad,0.00609588623046875
4fdbd522e53b9b3df400d71e1b0d270b,0.93212890625
97a514fe6b7d317b4a0ae65ba11c9a73,0.000293731689453125
f0d8e802cf91a2a4a6b6b9ad155f55bf,0.01111602783203125
a6a71deca8dfce74439081a70d58cd63,0.045257568359375
e93fb6377cdc7e039a1c044a01f78dbe,0.033966064453125
f90a38516188944dd9061a890ad525f1,0.90869140625
ef8511f2235f49bed82246486bdada13,0.1810302734375
918440a507b6126c6c1ec851e86ba6fa,0.88134765625
2e25d4adb7d44638c5944e546336e249,0.093017578125
8eff036d96207322029f9964fabfc87f,0.87158203125
c6d0bce11d94247cf9e0505e677fcb1a,0.0638427734375
38ad02cae015e2d85c00625e0631aa75,0.44970703125
efdbb58aae9e835db973478dc5870900,0.00818634033203125
95197a96207b21b72ea9c833877d65db,0.00399017333984375
71f3cdbef432250c498abf0956d70da6,0.12322998046875
17ba37b32e43a1b09825ba2a259ceb28,0.006717681884765625
c406d168c1a803e93c7b11defef60db6,0.07354736328125
33cea55356017e702c442ce58da6ad72,0.12158203125
d9b8f80844a7e7be158d1a909ab465d2,0.28515625
f76dc131e9fecc386646523edd9e1cf9,0.8876953125
f436f06e1b7e1d1e6f795ca10086a5e9,0.1829833984375
d6c4a6753b72bdc3cb6406de583669de,0.15869140625
c64d35bb80502b8c0197d7397aa4cc26,0.1435546875
12338c8c7143d456d26fb457be4e6096,0.01036834716796875
d482a790338406f8bf4ec94aa71a8447,0.06536865234375
15338183d74b2316bd3fa4af7469d79a,0.1810302734375
b8950a4f240cb0a7da1eb0d3b6b94108,0.8984375
08d4e02308b9c3e3cf64f91bb00dc84b,0.1319580078125
939962c34e821866f5f0659ee3afddfd,0.006717681884765625
bdfec9453026b28af0db72d7ad630792,0.93212890625
4235680f091bbca80266f80bffb290c4,0.93212890625
3b27081d5574079997e32e16ddc41dfa,0.93212890625
2822982c3b49b0d5cfd8998d4213804d,0.66162109375
d2975b772607416e9d071e204d056ef6,0.051361083984375
4737c06ec36981b3c5c0b3621eb6c765,0.0030040740966796875
bbdb50e58e8b6b13c09b01e0c77f816f,0.0070953369140625
fda687e3f7ee2e46c4094d557f137ff8,0.8427734375
2dce3288ac7c6a38cb64f30f27332330,1.1563301086425781e-05
f0c3581080d2af33958bfc249a5cb1fd,0.82080078125
f4f282cc92e7f3465e6676eb003aa63b,0.421875
12293dc0afe2f9aa482b2d792c9a6de5,0.63427734375
74659900ba377fffeea6b555438da991,1.1563301086425781e-05
ef580a02e6ec72c418f4667b644f14f3,0.006717681884765625
ba6d9d8f2cc95f6ab44afa50ea4074fd,0.057586669921875
98497d8f2d529ccac33cab5763f16343,0.006717681884765625
5819d72152dd70e8bf9bc091ec7db35f,1.1563301086425781e-05
879db45d072432ee5e6c823246a4b7e8,0.128662109375
29b569652b67f415ae7000c9df7a4a1a,0.03790283203125
394732824d4b6e094ce5d6f7fbc20fbb,0.00731658935546875
6dfb884a52826908cf9d0a4e701deda0,0.1947021484375
e1cdae9fdd38fe5ed25f1d6566153e50,0.1165771484375
28477db32ba7f651b5319037a6900bf9,0.06536865234375
31a6507e2c72c0bbe362f3a17de25acc,0.1409912109375
2d4a12d2a8cd8924252437b7a6d0bff6,0.038909912109375
df35e6334e7034df4641cbfcb2e510cf,0.019012451171875
874c79bd08ef1a8c13a4d451558628bc,0.405029296875
a1e6244e419432468c3a96848027dbc7,0.019683837890625
1cd8a33f5f39e8eecb909ecdc4c99f69,0.77734375
bbfc01e933e566ad18f39bb906955d33,0.0003249645233154297
80deded602786f3b96ce8ef29bd797f4,0.7861328125
29c8f679bb61068ca272d9e86106a1eb,0.56884765625
0b5f6f888484972931fc16ecae4724de,0.403076171875
6d55081593bb231eaadc852894cfa363,0.56689453125
90c67cdd6e3d41a9d17a0ddcb0880c33,0.296142578125
94ae48a569b4d512f5e43242405adebd,0.87158203125
642d521886cc7557a51f741c14b02248,0.9384765625
4e19a5349758119b514c02408de6dd40,0.1397705078125
9b635b67c154619ff0e8801d44ee69cb,0.370849609375
1a41b1a1e4ba2985aff75c6b352942ae,0.00653839111328125
3e065274ee1cf33ef0070192e607aaf4,0.0021495819091796875
d1655f57321b32d042c81018d28cd518,0.9462890625
5db357db8d6608721805d5a5aba1ec3e,0.198486328125
49514d3ee0d80e158a52aa1f1bf04f37,0.06268310546875
d2ae8020b27fec9fb12d8e6ca10aaf29,0.093994140625
6ad9ed078b0f9b720520bbbb0e74c12a,0.01049041748046875
540dd9b100ca3e539440605c1d6eb654,1.1563301086425781e-05
431e914e2269a0650a2e741af8b516c6,0.87158203125
a04a5627e7a19f46cbe6092afecd0a58,0.87158203125
e8831f18a0e2863803811c7ea8f9a976,0.2181396484375
87b5cf9853b48d405292facce3fc4da0,0.89306640625
b4c8e577b4c2749513680c7aaaeb9a82,0.90576171875
3c6260ca1c6edac1d630d3ced1bf3d30,0.7451171875
2f5803c42e84e2d25376992736d207dd,0.036163330078125
3ebd15cc1f828478cf8ba059f814aef0,0.021942138671875
d2ded48cede2226dcd35ab8a8b845f8d,0.09979248046875
78a6182cce172beb6bb9d3179c64e3e6,0.56689453125
6e13662abe30099c415008fd5853d7fc,0.0021076202392578125
5cb65602d6cd83a08559c8e3b316db33,0.0137939453125
dbb4e21bc4e709c4651dd99447481865,0.56689453125
8f1caa757db365930903b24cd2225d72,0.2452392578125
b3c6605ce5fefc964b9581125b46b653,0.56689453125
808fbfa48820df56ec030faca33affbd,0.128662109375
f33c2f75137f91b655a8cb040f4e4fa5,0.0284881591796875
ffc31107ce9b16a3fa1da593605a10b9,0.01242828369140625
eb8e1ea5b561bbeef599a18f30a23d96,0.0033626556396484375
766e3f219d78ac8d3635fdbfc5627834,0.3134765625
baf2c6fc473ce725d873f6d73e059b4a,0.705078125
abbb0a906e8a5be819f152e8425226ce,0.0003249645233154297
c94bb06217dde8ded7cbe17755547294,0.07318115234375
8e57cc0cc1c059871ead63f4a31f3634,0.25634765625
dbae16deafaefdcc0df97fb23fc8a8f6,0.7412109375
a1dda35b409052b5a9be06768c07bd39,0.0092315673828125
6ae983b3b1f6ed2666e0ea586f452267,0.1514892578125
7eadd61cd78887829d59ffd77d681621,0.7490234375
26bbac4c14a71ad655095ece919f293d,0.9384765625
0350a4db0eba4dd22680da8ff5201a6b,0.9384765625
92e830433d3a25ba1d2726de1d7b554c,1.1563301086425781e-05
86b3d4766829983a3605b25592eb1569,0.5986328125
b7da0ffaeed79acf4c067ca3b6dcddae,0.8095703125
f226f4c71bacea806ddbfdc6d306d731,0.35302734375
0dc31acfb4d0ee0b7b3e1840e5e35238,0.669921875
71b505a25015f33b313b3ab81d304437,0.26220703125
6f0b0f5d284390a67ec0ece30e4fef1d,0.03790283203125
e86bc0b32a546c3ddf7ff6bb3725e5bc,0.027435302734375
3e3b69c343b47e262445aba93a91dce7,0.1324462890625
ab66f60bc78599a2d397eceebc91b2c2,0.006717681884765625
3dd6809cbb9fc64db257000dc181e1e3,0.09417724609375
83eea3075a8d6188859e6bb90d505fde,0.44921875
b7f8ab627c69a8a2c2c0c963ae83a164,0.599609375
2c706de350a3f9454dc448c8d73fed1f,0.93212890625
bb3b9e77b223d6bdd08f1f1170ea7a8a,1.1563301086425781e-05
557e7f80030b1a06f958422a126c6ad8,0.0206451416015625
9d6153d2329e61482301fca49a77ac15,0.1356201171875
a168e0961b5bd11a1ba1418f3d65c645,1.1563301086425781e-05
83ab0225a65b2d456b7698843d6cd317,0.16064453125
6a4da62f25c66c8a59fbdb9347b6be33,0.0304412841796875
cebec2ee85c64998946331bafc7a8d70,0.0211639404296875
0c98d43a940ad2c6b2d20d7302ab7ff6,0.1400146484375
c2c4c09ad4f1998e2e84eee9a2459394,0.00400543212890625
8c02034958ae86a8d8b42fa5545561a7,0.8388671875
2b30e7d2386dca20e0f67bcb2c781ece,0.021942138671875
0c561cf55ab65afa48c2f430e22978ad,0.1622314453125
c71c460953b81af3062a1c4417ede4c5,0.60986328125
b37f2285a892bc74ae5ebd3d008d7526,0.006717681884765625
49275ac53455c789bb1a2fcf349c0cfc,0.0057525634765625
204a9aa1ea906ad7f1ee0703c9421811,0.259521484375
1dc475c7085bb4fee14f3d4aff411491,0.91259765625
5f945954c872a078a296e842ac7b55ce,0.051666259765625
39bbc4c01362a37ddbb24459750232e0,0.0304412841796875
a2f01b10c7516a640f48ae192eef607f,0.15478515625
e98026641e3a878dee21448a52af24e9,0.1319580078125
26246acf2e2ba55998c115969b741375,0.07989501953125
f7cdc30860309ba5604ec08e6f048dac,0.004215240478515625
bb11468d546fa38ad89a7a50cfc7f0b4,0.01233673095703125
10b2438702e9690555ab32ab4708a215,0.90576171875
9f5301ef6ac6eac11a19d2a8c317994d,0.94921875
0a28985758c2f0251ab2997ed13dbfd9,0.85546875
335db6cd214779ac1353ce0b4f2f6f48,0.6552734375
d54108e0169a8c59c51ea0dff2f045b6,0.66455078125
885ac011c1d0021f065230165de98a0f,0.021942138671875
c04532d2a45675f5ffe9ed4a8e4c84c6,1.1563301086425781e-05
d802ff3786dbd732f6ea4ce52e5858e3,0.9384765625
bfdce796bc63fe4d16c6a007dfec74f1,0.08709716796875
d686e8b0844b28d5a282e1ed5a9a46a2,0.71484375
74855eada27009f75cc0c97de755f4bc,0.350341796875
2f2ec1875387eefdd2fd02d83115d152,0.047943115234375
2aefcd81bc4d44efe68951ca95b7cf50,1.1563301086425781e-05
855f13cf436771e9e54cdcc3017b3b39,0.1954345703125
b4ed61556f077dc93f30f04cd98eca75,0.0775146484375
86b85af1db1464e1db70694e7e968375,0.033966064453125
1c86e0c94c87fd06cd20e287dd14b67e,0.53759765625
7a70d3fa2da7649e43c0bad6d4c7de33,0.9384765625
6a4d55997d2431b93b6e1f1984a4bc64,0.93212890625
a90a2c751be2acb0d56048412cc5b09d,0.67041015625
727881394626da70fd5a7f9d80e096cf,0.2210693359375
450806e46a246062efd8f361b064f6c0,0.85546875
6ea31c8ff3182167094152e037185a07,0.09088134765625
4e874358d77c91ef3b882704fabae7ac,0.227294921875
fe149ed6e0372410c5f4abf7c1b86b17,0.0016679763793945312
21209d30f769efb8a68856c2acc80f5f,0.0309600830078125
42ef65d8fdf84aab7a9fc152f363a07e,0.0007181167602539062
6ebc56bb70ec64bfa6fb60340ef6cf2b,0.93310546875
43553c087d242404840c8eb1fd302eb6,0.03790283203125
dedbedb38fa12fd46a1d15c72113b7c1,0.1810302734375
7c28aadc867aeb7d588f81a6a1ac43c4,0.87158203125
663a7171b484d7015fb2f0648d2be0cd,0.1407470703125
25e4cd4767008c2e101eeb551fb4a83d,0.0090179443359375
773eb86dbf0fd1fd8a1bc2b4e5631875,0.019683837890625
2c04f573b5167bf3379583ed2329344b,0.0304412841796875
7d1fcd8d90474e3dd07cc13071d8b3d4,0.91259765625
2fc12d2bad2f9f46de9bf70c93e4eb8e,0.67578125
46fb9f3e69259b9ba59d5987df27bc46,0.28515625
f7b16644c72e3d86725643d2a66969dc,0.05975341796875
45e5496394e7d6a9efe16008c380cf46,0.008880615234375
3c222716db36c51a5177ef7526e15ee7,0.0182952880859375
727750484416bf033b50d84ea682716d,0.93212890625
d7eeb45a5e4392554750108870b7320f,0.06512451171875
99915e47b27684da5120fc3cd26c43d2,0.81494140625
d73ad36ce62cf94126ab326d957af878,0.248291015625
786bdb27f2eca2315e8c36302630dab8,0.006587982177734375
c6e20ef043876b45c12220787df938b5,0.90380859375
daefb23c9bbfa2849fa16a970fe4f7fb,0.6064453125
d6649bf16451738cb0f12e258c08275c,0.218994140625
d4e6c424c9390fe945b3d240ea6bdeb6,0.227294921875
23150754599acc0bdafc8b5e2437c833,0.70361328125
3b6d149f30ffa3cbd29dde481d4f05b0,0.01111602783203125
ce9ffd4406e9e5bf6caaee752341c9db,0.77392578125
9d0b42a75c14e5cfeca90ed90afe552b,0.1175537109375
8d6ce8aaf7e25eafdcd740ee4c483e9c,0.021942138671875
54c9f5bb523fc5866a2acca7537f486d,0.1409912109375
a944449e7ad936e008170d10610b8421,0.0035114288330078125
665c05427386a9dc85c273548d6fcf11,0.0129241943359375
08e4f86ffd8080d4a43dee01063242c9,0.70361328125
cb2d9e9402f08e7f982b67b875e90ab6,0.0762939453125
a771725f2153ccebf1d029ec087a6cfa,0.01056671142578125
31a2cf3bc6394ec65afa69c16b34027d,0.2037353515625
beec59cd988d84c6657bde63a34acac7,0.7490234375
d3022513804ba8ed20305f0235717f9f,0.1810302734375
698685224274d9b290d3f08a6186dfe3,0.89990234375
07ce170aeea619103797e82c16deceb3,0.392333984375
65488c5b61a3fc9122f6cbd115ca7ecb,0.83544921875
ec9e38bb960441b3efa806dd586d1eba,0.0975341796875
ea52d2c201a933b73f5873528af607b3,0.0257568359375
d32c07f78a2d47bd5b916231eae4e322,0.60498046875
af0895a713659692487ed655f7a9920a,0.58349609375
f990e61f27aa6b6f21e22ec66da256bc,0.55859375
9ddc47af88bb5192c589e9d5bd1e67cc,1.1563301086425781e-05
cc99ea5b166d7b6bab9605fb5e2d2ecb,0.93212890625
4664dc959bd36db211b02fa28a97307a,0.044586181640625
d96a8c2449127d56cb5dc83ca8bf5edf,0.93603515625
6da4dbceef152466f5720f029213e4f1,0.52001953125
996acf2fc5eca869f5eb8eedbf7533ac,0.0141143798828125
929954f12752db2cd228d2dd097dee38,0.93310546875
6004c8bebcf5c84ffbc6eec9cbceffd3,0.44970703125
81b508a10da663694e3c714ed5801c86,0.13037109375
23d48a58f1b6cdc3085c377de513fbcd,0.234619140625
cc3b09f668c34fa211c02241826f956e,0.421875
88e05de82035a99c327af5e7d0d9ecdd,0.021942138671875
f2e0213f317ae638960c650d9731745c,0.00234222412109375
e3a52ef296e0a33b54652633d50d55f7,0.11163330078125
0036765d62a5d3711c0a4f55bf7d72d9,0.0272216796875
561c44d1b15fb8d25bebdcd9a4450176,0.00881195068359375
53130039ca4afcdeea2f4195f9736860,0.0416259765625
4d1e128aa2f2a8f9ac64804aaae43510,0.03302001953125
449763fc88ee06b265a863cf0477e60d,0.0006165504455566406
74456922b0fd35ba2514da2435580943,0.6044921875
af630f586f593c83f70f4d02f03ac724,0.03790283203125
2ff9cb721eeeca36c89d15d6e9705f4f,0.93896484375
f1fc37563d218bf1a598475c07044656,0.00818634033203125
0426ab8ef1937e80d11ad33ee58c7970,0.1810302734375
446637e3ae69f3bc221b8be9c410f3b5,0.9384765625
cda8771fbd27d82cd1eeba7d24356b97,0.93212890625
1ba78cc61dcd5a846639762fb954d1de,0.260498046875
5dbef2ebc830ad5f704eba9dec351f5e,0.0225067138671875
50ea3a6b5ebff5b6ac7d2a50ce6fd46a,0.66455078125
a332725df42314a2dfc0fca3c61b9195,0.38232421875
893d80af8aeb6e64b7441cbc3f2a0993,0.00763702392578125
02f3d9234c171ac5a138125f3dcf5139,0.5361328125
40c093209eee171bad79a025cbe83c28,0.430419921875
f3ce1161011b4fbacf42283dc6eba006,0.0304412841796875
c28b870195526e35c05a912525302151,0.0033626556396484375
90cd43027b812bed7dafc9ade93bed63,0.59765625
26f84401ade2c8914999b77bad3fd235,0.90576171875
6b3ed64ee03d612dc93b85740f98a652,0.0170440673828125
65a67cf4c5308cd5ea18e83d23af7e39,0.0062408447265625
ccfe8d16aef2c58ff3431382e8e1a2f4,0.85546875
5cd7a018b23b06308b888e11e1debe2d,0.06512451171875
da959563261d457784cab3be49ff1119,0.019012451171875
aac171c58bd09ea8d8e1a1823799f682,0.9384765625
53a45c691bc714650f286ee6f3409335,0.63720703125
b0e88844c7b780f77940adbcdfd77223,1.1563301086425781e-05
72c7054482ef631b3217ea6acf987c90,0.85107421875
7670b4838b0389f031e4dee1d90c4368,0.08770751953125
c874b0c02b90002f990b2eb913ae4c4a,0.03790283203125
97936a898f2ac4987127e7dcfd7234f9,0.93212890625
d81bd1c9ab72632d426a01b249db741a,0.006717681884765625
821a9123be38962763d02637646d682e,0.161376953125
75e95a530e5fe926bcca7c2c1a008e18,0.47802734375
ba5b0d316bf3244dd6c532cdfb10ce0b,0.007289886474609375
1cff0b4e7e05a4cfa0ef0f8b62305b36,0.0161590576171875
26c9f66962743c746d5d28ac8c897241,0.66455078125
3925974399225b2c64764caf65c7cf20,0.021942138671875
a311cef429085f54e95b32fd836c56b6,0.4228515625
aecbe16a40ed87165e22d673ec6091dc,0.9384765625
fe6da89f800e17d62df98ce2298e8b5b,0.87158203125
5937cbe59eead84792ea8891d3fc6999,0.6865234375
eb25477afa75178c83a5ca78781192b3,0.047882080078125
6a3139229d0344da90d0108b269c5764,0.0162811279296875
8a081daa0cf7a8c7c8a60e6c35e3faa8,0.1484375
a1647b3598cdfc0a0ee4f6a1fa8be113,0.161376953125
6d32996be4d2775e256ffa4e79db6307,0.60498046875
acc7ba1bf3c18aaf35d941d96d1e7b4b,0.384521484375
140713b8101c889df514187c1969083a,0.1402587890625
59d8e9d863a7c44ec2892f776fe322ab,0.051361083984375
437fb30ae16146ba9fec7c28463951a7,0.8447265625
0e6146b8f2d7110d1a53b834a5c1a3bf,0.004100799560546875
812f6de2b34fd31d7d460707b6824ad9,0.219482421875
93e046e1a333fa84a543b5e87e365157,0.74853515625
9a4333bd89753ff62e0b17ed1e5b52ea,0.77783203125
c92686f9b9a5c0367004275c8b4e7c2e,0.6142578125
01592e1dd2f283bc26fc08935a750fc8,0.00498199462890625
61285c988de52b7c067fb2e703f2ab83,0.677734375
ea2cd4f297bc4f48c4de44defac93583,0.9150390625
7584cf6ed0830a89257e4a49728f031e,0.63916015625
ccf873657a7d0b3ebb528a3e3d30baf8,0.478271484375
20c0b0b68c467a9c6176e75bbfbcab96,0.77392578125
c6948d373652315b6c88e483b46700c8,0.0975341796875
b09e978b9f66e1352618761d41b9993e,0.143798828125
eb12fae3965aa41987154f2eff562a79,0.0638427734375
b5e44c0d9eec0957fc305bfd5d49f29f,0.03790283203125
0d4b516038168a15de165e96dec22da3,0.8203125
ad3081cd9e6d550bcceee6b6d0312eac,0.93212890625
ed4802d1dd9e0f1f1a482df99b50e2e6,0.006717681884765625
deb3b8f5bd75de136cdca260dcc1bfea,0.0204925537109375
c2779b1cc2195614ebfad5af96bf58d3,0.301513671875
e5c8465b257f9f5c6b422f38d66af4f9,0.03790283203125
19bd25119083bd7538bd2b5d166ab269,0.004680633544921875
196e86b7a7abafbcb9a743099da65446,0.034088134765625
c622180bd17de133af7b825023d71097,0.021942138671875
b31c0b8aa24b5e84b77ee3caa472d4cd,0.005218505859375
0d600125601647e2ca28b429a58d9598,0.1925048828125
673c231620a13caec81758264102e33b,0.06707763671875
b173c1c9ca617c4b8564de9679068717,0.7353515625
fb420b32f8b6eb113a52b01e79aa1038,0.0097808837890625
13452bf1f16addcead884614d0984c91,0.86376953125
cdc3aaa008bb19b2b755f8d76be01fb1,0.0304412841796875
93f31559ea1ba4e7af635282b49ae727,0.051361083984375
fec98218ca0fa01f911caca1d757526a,0.11798095703125
3f6c3dfc2f7bc1ad78cf7f73e1bb1ffb,0.20654296875
34cf933fd6b006dc091c8ce3b04fcb62,0.07696533203125
31543285f0bf05ecb669bf3fed2af049,0.021942138671875
42de343b8d2dc748041c1e8c9e9f9d3b,0.00039505958557128906
9f8129e88209847a1babdcd481bf0610,0.9384765625
c957404949b3579db487e37b5b6ad363,0.8955078125
080ab33d36421ae856d7e2115b853543,0.0299835205078125
96c9a417769b19051954b941168ef837,0.93212890625
dd572c390efbed34938d93dccece0b14,0.248291015625
e92bf60b6b1c48add2f2ff7c28bfd4b2,0.56689453125
f23bf520989ad8d5e23373e4993074bb,0.1409912109375
0186affc1bbacc7b53397f1b3fdea4de,0.7490234375
a4118db763f38f44c6869f3d46442aa0,0.8505859375
be598de072ff826ae40ea78fae5fba20,0.0011653900146484375
2996571c03079f889749071b5e92b825,0.41552734375
b870a5c7da7455325ab3e8341a040694,0.69873046875
411f1bea8d5d8bd34278efd06359e1e6,0.00669097900390625
8dd8627376db9cf5333f152b70f54b57,0.3212890625
ea5c1748335b7603e69c8ad3f4c87c63,0.0328369140625
717ea571ba78b9abfb86f507babf5efe,0.0165252685546875
8912e1dad6697be4087921b17135e530,3.4809112548828125e-05
80983c47914ee1bf5061b1fd39bb465a,0.015960693359375
cbe8c281d15c17d28600dae6dcf9a611,0.00037550926208496094
840db84766920d7fd1b224016937e720,0.006717681884765625
b96be9020a099f335317a4b072977106,0.040374755859375
a86a200da47fbd6c52306f589a410994,0.7490234375
e4592f77ec58efed4b63c739f0fa379d,0.29443359375
a92b035fa628efc382134df868b77751,0.90576171875
1e7f07ee857a975cb3419b4908bb98b0,0.00455474853515625
4fb8238392f5620233751ecde4092b84,0.01056671142578125
9a7030889b560e43605fa99c3b44c470,0.301513671875
a2505771bff64c29c18bedf76057a991,0.044586181640625
0a2fba7aa28b95531bcda8d3e837fae2,0.421875
913a0fd697fe9dbbf2019516896fd339,0.7314453125
0740ebf29c02a6f39536c40cd318e3ba,0.8427734375
1e1ee58904435b83d1d1aedbd57a3503,0.03790283203125
74663ca1a11c996a6b90ecac1b285efc,0.28173828125
87b11af6197e89a99bc89d1569670e1c,0.90576171875
6a1af1f6688414627cf0460ccebb8672,0.77392578125
763f49b886470aca855818c2bafe808f,0.85546875
929034c4b0c84a8c030d78ab45e4cf6b,0.0154876708984375
fc68af4d14c10ddf0b889b055e0478b0,0.11517333984375
6a336f88c45417fc64294f9659a5116b,0.01036834716796875
efd6469a601d7723824bf6ea9642251c,0.02484130859375
f7a5e2a563416a7c2950db32638f171b,0.10992431640625
c82dfedc5c36718dc3f51bb8bb3109a3,0.56689453125
cb75519bfd8af4af352f2dfdcc96dd2e,0.85546875
b10cb1e0c8875e6479495252bb327699,0.6591796875
6c673b693f8029a07b53ce8acbf73cd1,0.04400634765625
ac4a912e172fff1757b9ffbe65961500,0.85693359375
f9bc5a031f2b05df8b9c0da0711e3dc3,0.8330078125
1b399ee4d21bccb98c633fad24fd30c8,0.11163330078125
cc9d6f34cbe629c8fac8a7a5342a874a,0.0005702972412109375
31cd71a4081f4ec65efa4b720b1f2f46,0.040374755859375
3829047d45b973b4512e6b3dd2a542c0,0.1734619140625
a59f068914f4f891d2efa7332926889e,0.138916015625
ca4648bcb92bcb17be05bb801e10f2bb,0.021942138671875
5035b94bbdb1d966107b9e61a1d03db7,0.9384765625
c58bc4b49f574d6f941ab0abffdc02d1,0.70361328125
279c5597920413375fad0ada72212b18,0.005001068115234375
f1aafd6366bf52caeb9f2eb26a354461,0.4609375
ccd444d4086acc5eb099a3e0078f4678,0.421875
50b4f0cb182cb17e9c1dd6833e720183,0.66455078125
a320b3f508811dd355c6a80411cb1c16,0.0028781890869140625
c225005150b14ea8b26c3847fd9e35ab,0.1402587890625
77b9700791d459f75889a1a75426a89b,0.0200653076171875
dadebc95afcc9f841b12ab76cbd248eb,0.021942138671875
c106958e5fba3a3eb8c94656bc6dedf6,0.9384765625
8c4bfc4ed9b7bd22468b3a53fd780854,0.0007495880126953125
3f9d044f59dc41d5a3b9eaca1b7d71d1,0.042083740234375
855d16755dff198e9d19da278246c2ad,0.228271484375
86fd0475d126ca714f3a2c5c2c4376cf,0.72412109375
e1862f30e1265914efbf5a7d413b6268,0.6962890625
d201bb534eee0969cf14677bf27f8196,0.93212890625
c5465eeaf1a2493a6ee3a3dcbacfd0b8,0.56689453125
38bc09d5d4e9bf62f66dcbf86f0f820a,0.128173828125
cc350161b58a017e09a9a50288ae3fc5,0.051361083984375
54bf81a86dcec7bf93bb77bb60508b06,0.08868408203125
f1524832394b9c2a033e7e6406f1154f,0.006717681884765625
18eb4e9b058317294556f4426c987818,0.93798828125
24ca094e0a61508f17194eae761b9072,0.167236328125
8c474e6d0820de3d5c0b11a071f7ceb8,0.1998291015625
683e40a52e667113676ee5210ce51c84,0.8447265625
ed2a03c50147d5f06217631de501f306,0.0225830078125
6f0d939672dc09e2d6b019e39dcfdf9c,0.6298828125
ef695cae27179d22689464389af8ccec,0.681640625
8600f0295e1db0748b8952311ae1c536,0.70361328125
0a1ce4abd5248bfe3281930625ac7bd7,0.056640625
a9c73c1086f0656ccca83ef966ba44ab,0.421875
8adc6e8f063daf91c0f5a1d6ea94e793,0.07781982421875
7f60cf8d6362c02748b0f294928d2d59,0.7138671875
17584448f9b67f3535b82bee7975b288,0.01238250732421875
569f26b516a035df400dfcc959aa1625,0.286376953125
1f2dd01a707c4b8707e269ced4e0a4f7,0.489501953125
ecfd401cd766ca07f2028dffff5bcf7e,0.048583984375
afcf42e43d1798041a7769340dbe2d5a,0.53369140625
199148e16c8981f818f518b3b7347945,0.0009145736694335938
f1a3bea696556efd3718e339014a1092,0.021942138671875
cae68f0530f57786550923b5371fc01b,0.6474609375
0d242636c838b797aa00dff9065c2698,0.0068511962890625
0c692bde0c0bf2cef3a72702504ab687,0.384521484375
dedfaa24909d03522a814068f9c00d5d,0.90576171875
8656d5dd1dcb9b4cd1c2f51ee3f56af2,0.1387939453125
781fba39cb08e14a2d8c30276100e8d2,0.03790283203125
8bcfb9320a0570d0f84273d298a268ab,0.0002002716064453125
ce53e1fc8e703142888c8cbadd8f8058,0.043853759765625
165fc303f9cfffd17fab03ce2e3bfb86,0.63916015625
44855797ed91df168a7302259eba547d,0.0089874267578125
027ecfa8596f5e75654dd0aedb5eff95,0.0030879974365234375
f20ff7a13477df683189008fdaa6c9bb,0.421875
e168c4d512cdaff284107db0aebbd8d3,0.9384765625
94be620678bb75a6b110038b98b94d8c,0.03790283203125
91e55b4071c1f2a3c072c8bc5a3036ac,0.478759765625
fcc2fb9526a9ff8395e9b780ffd3760e,0.021942138671875
4e174b79c797c256e829bcb84a5eb191,0.28515625
b47baddeb7a3ba0a5cb83ebe9facb918,0.2587890625
0d2e9adbe4a0007697d4c54a5c67bb9a,0.384521484375
edf94199fa1697dacb362b28ebf5970a,0.021942138671875
2bcbeab859648d012491e38e0c315ec1,0.021942138671875
8517cb3c6d7c25dfbdac1779a1119485,0.87158203125
11e7146f67145408070990378d6a3a3d,0.00844573974609375
d2a07d33ab9cdf7589e3e15511841bfc,0.0005702972412109375
3be0926e2ffc6ece7da8dd4d9690cdc6,0.86376953125
d3161e7ac50ff18455ebb524f9d06ed5,0.52001953125
c1f60b6e052d5f66da8e5eafe3c4088e,0.0182952880859375
c99e4779546fcbb1602c37512d299ec1,0.005218505859375
f140ea58fc0da4ef9c22f9ed5c83c855,0.08709716796875
ba624f44b60507a12b59858e6f780232,0.00974273681640625
885c6e789036a83b8925beb3bde83cb4,0.061187744140625
3281b413f5ac5a8fee61bdb8c438125c,0.80810546875
43dbaed75c65b8198cbd2ddd040a2d2e,0.1041259765625
70feae742484f123a2d0f09d45590e4f,0.64501953125
c9ab60b732ee4f316432627a88a449f2,0.000865936279296875
ffb6f7fb8e6c4e823d94c5bdd8d03870,0.2252197265625
07cebf588d68915f032c8331bef36aaf,0.0304412841796875
b82677045a0251b1ee72f68c70dfcb77,0.00891876220703125
adc249bfcbf334a2512dd835d031a1dd,0.9384765625
7e6b448af95d40d4f65a98218196b300,0.2705078125
e7ee4032f5367d57fcb18ed6e915ceb6,0.01142120361328125
df4bd09aa0deea1d4879d014713bf960,0.0003380775451660156
bf9775471c4ac7edc9d0eb6ee76752e2,0.0153656005859375
42261263eb8f1a255abc83b82d6fe279,0.2705078125
2fe3cea5e3878d412f71b01b42348bb5,0.050811767578125
b4d9e01204fa66ac0e27aa5361c17003,0.93212890625
5f1ed86293648dd785affb2eaeaa9103,0.036163330078125
137980a102fde0c042019615e9f9d207,0.6318359375
a544ae86a4d1c26ac73768d82254e846,0.0006165504455566406
a60a38e2a22d9af31e1a040c790b5497,0.82568359375
feb73606d582c6105cef57eac28519c6,0.05450439453125
e4e0dd0e4fafff3bc8cdaaffda535f4f,0.421875
65ccf6f787f52aedbfb3ce1342b82b14,0.93212890625
1d825f2832b582403e2bb4d4f206a9d9,0.006717681884765625
b56806a2564bc500a6aca8ea1a768d54,0.7373046875
4bdced0b9013a00257126e0bc82865f8,0.0966796875
e2c21a5e639ad8e163a04e5078c7f218,0.044769287109375
f67717a19676e2ebfe2e14d57d8f33ab,0.10992431640625
a1af8cc856a7f4e8cb8dbecd7d9b083a,0.2232666015625
748dc79932cf792d9d4f94dcdcc5c477,0.0004973411560058594
7d5fbb10582c250b0b12cff02add6075,0.405029296875
b6d6b5cb714b8e5fabadf5ba6deab957,0.001979827880859375
63b9aad2c19168b54939b8d9b309da83,0.248291015625
3ef86340e02cb95d059e6d4a71353bb1,0.474853515625
e228ed6253c44588a85fe10e250ef0d5,0.7431640625
ca207d8a49e6d45bb0c3ba748ed7f4c1,0.28515625
ef6893aeb2ceecd0631d5aaa127e1b5f,0.05865478515625
f176d2ed4428219756d5b939e778c436,0.771484375
84ebae4387b22a0e01aa5a0df86ce48f,0.018157958984375
fa40b1b9c4fe3d0265d7c1b4c37f1b9d,0.021942138671875
78a7c548eca7fc2c5a703ab619dedce4,0.03759765625
2f18ef350a8a6184ce1b48215680a52a,0.87158203125
0c01007a6177e6adf7288c425004724f,0.11968994140625
edbac6e7f633eeedb87b4531bbe58b57,0.1317138671875
e0277a389e474302c526017169c5a84d,0.01078033447265625
d516040571440c1038c6d790d7e08462,1.1563301086425781e-05
39f96886ec02ac949d0a4371ee4d58c7,0.04400634765625
a9b207185af91d79cf90e9a8868bee26,0.019683837890625
629209052b940d7d4872725fa7b7f260,0.8310546875
7b2ca57010e63203f30a831a65c93a61,0.87158203125
837ebfcab6c37cae0a037fcc123590a2,0.14501953125
a4a6d0991574dde687ab2645fb8e2e33,0.12200927734375
cd5eb68dc70133b9c5b5221cdbb03fbe,0.04400634765625
bf54e883d7e1fbee025d41764ed8da45,1.1563301086425781e-05
86cc7815c5287c3c1eee6fae58db88a7,0.051361083984375
348994a8c6e1f114cc60ead02494e03d,0.0005702972412109375
1ee0e950e3bb938e780cf562abb0d84c,0.006717681884765625
bd5767863f7ddc2063be2d049f5ede7c,0.05633544921875
0b3d9d8db21716f7715b1a3a79137f49,0.03790283203125
52ce5177e4b6c4046ae7525aefaf116f,0.00919342041015625
3091c7b0a02b6ec14a650e3a7f59546b,0.1251220703125
ccc1d45c31eeebf5d69ab364bba558b7,0.87158203125
de9021299f6019706422ffdb859f636a,0.00033020973205566406
1fb84568e902ede396b5eb8aa87d9aef,0.042388916015625
b43eb0aec4f1f363d28c565dc19db5b2,0.33447265625
0cdd8001f3794d9e64d51ee12aad9fc0,0.051361083984375
591b45bf4586f8d79451e6f5743b84e3,0.0289306640625
2e1c0a76409c649cb1d30d81db42f28b,0.93310546875
2353bb4836ddf987335db05bfa4fb931,0.42333984375
b4b3c4eec6688cd63f9c5b876ce851d3,0.0141143798828125
f3d67bcfc988e2e09ce3ee7b8759ccd9,0.11968994140625
cc31a8a0b5a0e470cf486f2ca5438342,0.5849609375
62f1433e9d51e52823cf55b649cbc947,0.0078125
36c637280d6d1ed1be05b59dd082d355,0.0304412841796875
2fc7dceeac95ed512d55aaa6313fe354,0.2091064453125
aa6ee8650604eeec9a1d7ebd432f3c91,0.93896484375
3f7f453489af5355c185ef7f7b3206ee,0.405029296875
ee35ccf2ac7f55589889a101fc58270f,0.434326171875
94efaf03b03fbff21a255ebefddba656,0.421875
03978e60c8259d31af1ecdbae8d93c47,0.03790283203125
01087d4e1550c17ba648f0e76b656356,0.1409912109375
a5b8e234c6fc0b387d7b920fc94d7523,0.07366943359375
8eee083bed7c1c9825d14158a23c31f1,0.81201171875
b98c0bced28035571ef98aed20abe968,0.0304412841796875
ef8f0ca5552195ff2321f850463e76ee,0.7666015625
dea6415f0ff2606214685f0253400429,0.248291015625
bbf0972638eef0c8506122c3ed6ef574,0.03460693359375
964d27f847238a3ff9b11f21d99aff90,0.9384765625
00648797bdc486f8f0607630380f10b7,0.0173797607421875
2a46d1af38c45cef9d221d4eec347163,0.248291015625
c62938dadeb445188770934e57498d92,0.32275390625
08cc7b642572b2636567040674317917,0.4658203125
fa1f75ccd5c207a3427ae9a42e9efd8e,0.0012941360473632812
163b66b8be871c131a09ab4beec354d7,0.0012941360473632812
7dce11c153178bf1c270ec03e54141d9,0.0863037109375
7da7f59b5778d762f10efa331b4b3ace,0.01512908935546875
20bf6c683ff15b527e570061ae7b0542,0.031982421875
e0361254d31d5dc49eb9e26b45737fa1,0.0472412109375
52be1846fd49cc47f06dd5e3ab2e407f,0.322021484375
943244db3bce1498ee39206c5e0f2bbc,0.91748046875
12c653e7d964db421b4c7d25c888534d,0.035491943359375
8b0f8c97e965175050da42c13c111b7d,0.99609375
af353b722e0e0d4dbb3907ae7a0eb81f,0.492919921875
6da20de4b6b37da2af73cf774953c236,0.1383056640625
d163b13861c200b9355e817e5c471d3e,0.8740234375
f76717157487f12f5500adcaab8b139e,0.00424957275390625
3d6c16b3f546a9ade1b0f15977ac1dca,0.0028553009033203125
2bc40ac530c1de440dda01d9d03f11e7,0.26220703125
38a40d2adddcf09f33475bbdc15c3400,0.1429443359375
73e21f62e9a51e1e8d7029643e5d44c1,0.075439453125
11821df0179e7acadb1226ffb045b8cf,0.99609375
c29b1a3bd46627e8067c812850567ad7,0.1497802734375
77f1c121e07bd28ce0729ca4119379d7,0.88720703125
ba130effe72ed300ddaf14e45bc03e85,0.003040313720703125
83acc2dac812cf4872261a2b6378db78,0.04840087890625
802c72d87308502fa83eb505ba3da23b,0.0012941360473632812
2fc08ea4a63d151b83d7154609f0c2aa,0.394287109375
9c2502f5a0a3b6224edb98550d37d411,0.040252685546875
40adb032363dba449e170142c611c866,0.7060546875
6ee098f36f0a0191480df2103f813aec,0.017242431640625
1a249735f72d200b45ce26591b99b612,0.0028553009033203125
ac625cc038efaff810007379440a882c,0.012054443359375
6539047abba0cacbcac9c55c0864d704,0.044769287109375
5ee299b761ffbaf9992f15b70753af18,0.338623046875
c979d63c65792c78a3a16b894470f901,0.263427734375
a9b0ce663f2b05bfddccf697f8b539ef,0.01132965087890625
1d8a5b4ccec9c4846e991913ac961b20,0.6572265625
d94f4822562f26b33e3f2f6322222224,0.69384765625
181550d83c290484d7c8f49b5e9e8a09,0.6484375
c14889197b24dbead57bdb8527a31a76,0.05706787109375
7061e8371dcb24cab43de169a095c926,0.0699462890625
5a02b0f2579605159f04b2a6a3d019e0,0.2646484375
544efcad1b9a258aaf6e9255de0fcded,0.06781005859375
cca7131574b4247a9f67e0cad85e17d3,0.10931396484375
efec5b8b095ca0fd3f2a9106c00b56c9,0.62939453125
cef9682f5c0eb765d6876b0043ad6b8f,0.1121826171875
3d11020cfdd92e6fc487b49e1e8517fa,0.0028553009033203125
080e0c42f6c8e6398cab3015d167d64b,0.07318115234375
89c68a51928bd4ff5a6774c12ec7c7a1,0.07318115234375
3bcfe22029eaffde515012cbde81113e,0.0012941360473632812
28e78aad903186b43a72a95f4172555b,0.1322021484375
b23f467fe031f2ad6c72875c086eef4e,0.0301513671875
7e1b95a06861ccaffa328453d0c80d0e,0.1563720703125
3d235ec73a59048934de5d70785a4a2a,0.8642578125
eba1572f6b2f3f5a8e0d21e04564fdbc,0.93310546875
868e873f0cff3606df3c41c50682944f,0.010406494140625
3c477df0467501b1bd84043a04bd0b23,0.1275634765625
d6db8bb26cdfdb925f42413ccb581784,0.01177978515625
bbc1e1ce703884ecdb2b5f1d522096e3,0.006931304931640625
a67002a54c94fbe635505e12fa6a04d7,0.0222930908203125
f14c8a35265b403ce74476f1d4f33aee,0.239013671875
810ec5806eac6c27ff7e85ed00b19f30,0.448486328125
55aa8ba309f467389c6aa1761272f831,0.048309326171875
ac31a9da638d8f5ffe658b0706a20064,0.859375
44bbb71aff57763fdf03c29b0ecef749,0.040618896484375
58e88d7a7c4856aed36728d15da3adb2,0.6474609375
7a788caf6150720822e7ce9f94da340c,0.11737060546875
48f774f48a3144760e66ec3929bbccd7,0.6474609375
339e15bfeb2dbb158decde28952472ca,0.034881591796875
e0a5168bf0240ded0584759372586ad5,0.5048828125
b15bba509dfef4a2ed7a14605915b585,0.0030517578125
a940a9edcd56a63d01cd6c248a138f42,0.1634521484375
e2f1969668585f9955defb745062b4d4,0.77685546875
50e2e400d006c629a64756ba76859552,0.6748046875
2b26fb332ceca5db7983d7734d26db2d,0.91357421875
3d0fe00bdbcdc38a53b00bf040d79056,0.79443359375
a709862d644ea7f94b979515ac31c1f9,0.0287628173828125
2236f3c9375d8e149b74159fafed4f56,0.0384521484375
655d8ba314dbcdc1f4ac4cc19a104d91,0.03643798828125
6bcde9b91236a449ebfcd3cae7cfbdb3,0.005161285400390625
1caf414ad922e7d1e18244cbe6fc5541,0.6083984375
55423dd14de3b8fe7aa890fe36f3c0f5,0.99609375
2020d4c1802acd7b63bbd635d6a9f439,0.006145477294921875
87f6f5ab879c7e22325ca49906021d8e,0.3017578125
a8e5c768c6771ccc7242ba0157ce7cb0,0.42138671875
c9760e190d9fe9c1a45f9e3863cdb2f6,0.01751708984375
76aaa2e71a515b2a66f6a6ccdd17fb6d,0.00626373291015625
935e7e4078ce4ecc072d31a7e8667feb,0.9755859375
3ab9cb8cbd724a43ef9fe13b386526d0,0.6376953125
67e0071a67e7a0c996e38d345b495044,0.006389617919921875
c714d55c7f2a9c106374705e2e7b49d2,0.6982421875
5f68514e453dcb5268eed46cabc70f35,0.0177154541015625
5e0b3da98257bd5a119c66a36ab79b65,0.00609588623046875
397745483283aecb6e0687bb0f4922b7,0.05706787109375
d1d5a2fde3e57dfab18fe8ba80237543,0.98388671875
f2ae5bfe554c4aa815fc4ac188ee91c2,0.7783203125
7185212141e9b914e23170801943d14e,0.0028553009033203125
48975364a95ff92ea60778c27696fee4,0.79345703125
ee1f07e8e8d72d92be35b612278fc75e,0.0038852691650390625
7268b9bb7a8cfc17aada8ce822189593,0.354736328125
ccce9dc38d03071eb39823fcf369487e,0.034423828125
a25a2927eb2e1fae5b4487ee68f5dcb3,0.0191650390625
830f248c4e2911ac84c45730167fc12d,0.07318115234375
23024f876a0683ca997cd9aa4fab4f5a,0.0863037109375
6495340a8320ae31db0b2f0fcf02c99e,0.051544189453125
3092c44ccaffce9dbeaece81223a9425,0.7705078125
9a1dc77d16dfe77e0665aa098fb82259,0.004467010498046875
48f94a392f4f2ebc15bc96411bee50e7,0.4833984375
f2002a17a16f5148637dee7acbeb9461,0.00482940673828125
b2a8a823403aa4e0d72ff9c338ec8b7b,0.83349609375
3d1fdad54d7d8900613e79e555fa93ea,0.99609375
a4d7a37e14036feb3290e34d2f237dca,0.1165771484375
4ff150cc2f2add50712bd894c065a45b,0.005512237548828125
9538ebff684c742ac84e98da4a57fceb,0.7490234375
a90969ccdd7291e337b56022816e053f,0.6640625
8d8beb699933414a83e39bb0d61b5247,0.00867462158203125
06a14210345a15c43a0ec14cd37ac3ca,0.8759765625
6ca2ef7fce35742347c174454cedbd30,0.2724609375
b5039cc570e896c5d9e438efc819ec72,0.2274169921875
1e6e3247b0ca280d6c7055d7775a7e40,0.99609375
3799833548a3e8bdd526ae0ed3398913,0.86865234375
c20a1fc8903df478c4c7f44aeb20e2bd,0.0863037109375
087f267a177c35b5d313efa4b9013c14,0.6201171875
5f417880dd5cb7b8e38e4a25931ee4c6,0.002620697021484375
5b7f297ae7751a16b852cb3ab009963f,0.004150390625
067918420b357a5df9520da803e10db9,0.84375
c6ece5f750cc4d2a58b7ef63c2ce5233,0.95166015625
59566246fe8092504d81b2338ed2199f,0.0762939453125
af90f380163f2ae3b2c79f7d01ba26ae,0.009521484375
ef48519338de3fc34115e4f9b4deb10d,0.0074310302734375
04ea1811845bbf04b93058850da020b0,0.1033935546875
d6350899a1705af43397845c44a2efe6,0.71826171875
f92bffa05a84e76121dca75bccd4dd74,0.086181640625
1d9fda0c8fddbe462259eb0fef22d636,0.0102081298828125
bbae7b237de6ef086b41f92d1a16b25f,0.005218505859375
ecba5c91b5e4a386d7028629905f97d3,0.01861572265625
6d9d00b656388890f8688a01b12d915c,0.9423828125
9cc3b4b4a10f6a8d18f55a252776eda1,0.9755859375
574224d542bf98efac4a484763e7ee79,0.0237274169921875
ff23b242a4e7d503f57cafe449c70cef,0.97802734375
6530f2df2bd8ef2721c47932fe71f3ca,0.00609588623046875
9215e375872869914816048a35df717e,0.013275146484375
a8000c3dd47276da281f685541ed4547,0.041534423828125
7dd0d01757b2a2fd2398fdeaefbf3cef,0.8544921875
91868edf92e76027d93177b0391b31b8,0.66796875
9b3fdd98394c221091a20607b4e75e24,0.69384765625
f14ee88f101c3a229ec34de4711d5eb7,0.1551513671875
cd44e01650e8ad10eede6e67f2ab5c75,0.28759765625
94fdf30b6f19e5e2ea0f19766736265c,0.6376953125
45033d03c732567b35288ed2d3198552,0.0863037109375
c32de2d78bb739833ebcb957a1cfd896,0.92529296875
e7127d34c5a7a2f9201fd65d533e44d3,0.3544921875
f6f4de736422e2ce52eaf99b41edfe32,0.99609375
800f47454230a1f51c30a0f0b028c43f,0.873046875
4e3a08054c1d3fa7738fd7e3b01044e0,0.024932861328125
8f5184378aa78ae410cce03b807bf653,0.86279296875
cedb861c0ff53dc80e1d4bf4e315dadb,0.0012941360473632812
0fe8d530d25bd817787cd5a022410cbb,0.00971221923828125
d92e779bedfe1127b8b7637920754d4d,0.01029205322265625
c2378dae3e23b4f0aa4f0d501e9c7571,0.89404296875
0a3a43c545b504fca1908688bbe661a4,0.9990234375
5ade18cba7a0721b3ed46f26479e7055,0.004039764404296875
c2d998718f83b47794cbd35780c72834,0.9755859375
8f904d29431a36c35af99552b8f0834c,0.013427734375
287fa07db1a1e5648877e716e0fe36e8,0.8740234375
d6d9d1921d70672b222e1c56d20a15b1,0.035064697265625
b683ccf8c4760ce6f16fdde13b1ca1da,0.0863037109375
b5b222c9c062d8e794ab46a6a809cbc2,0.82275390625
f752b9070eb10018f8da6827b5fcd1bf,0.018096923828125
47f99bf853da1f6ab21fe17406604392,0.2144775390625
fc07d962e4921eb8d872047fe2f7f49e,0.52001953125
001f57a401760a6b1dbcac96ae7d6820,0.1466064453125
825634b4848f0e44327d2a5279952cf6,0.137451171875
dd3ecf89422d54b9a06674bb1a508daf,0.0012941360473632812
24948575bef7314996d0a7b42d9e800b,0.48291015625
15a21cd3ff30080877f2ec390e292092,0.599609375
78d07cc11bffb06197ec3d3557aade68,0.041839599609375
af366ca287f4fff65e730d609d3f6bd2,0.99609375
0aa5b1923c5be8241403ea02634bc1be,0.040313720703125
e646e9736003ee34df9cc2a907d5358e,0.358154296875
a4cfea295e5dc1da48001ec9282574a5,0.65380859375
a266bf6fa3d7d918031f8c8b34d06761,0.00800323486328125
b052f23822818bd3be036bd3f3f6818a,0.07318115234375
b792d6ad88986d2b3f7a1ee036f4d8b0,0.354736328125
250a5f8df1e6ede5f3853add72080308,0.99609375
7059352c3c99eb72c14a4d81e1cc1a3f,0.69384765625
b3c0ae5b8d79f1c6221ad51f14fd5a6f,0.0007319450378417969
0c5a14574c87776a012e01ba2db01f9d,0.94873046875
6b225ee0dd2e9f20e033ef8ce09298fb,0.9755859375
f6d28f64e5f3943ebd87860480188118,0.303466796875
8aec72f0923b365d321bbd7228747636,0.0863037109375
f9eef18b592edab080f03fb0da22fb46,0.71484375
ea11c97f8696d08ec6628646fc701562,0.05224609375
548f8e3813bc80bdda06c09b25180246,0.0966796875
3d56adfc174fe55c2f45a846d39a3473,0.17333984375
8f92f7585496211b6bdfb735ce4e5eb4,0.272216796875
fc69da446cc17777cad399f653c88401,0.003040313720703125
74ec501d9a7139f93d33aa4046ceb2ee,0.0087432861328125
73ba58006d8f91f8c08744420f17af82,0.728515625
31a8be240e156d0ed6a9eb3de3625aec,0.014617919921875
fd1a2593d96c123f0c275c7c87c1002f,0.5537109375
24fa361aa54a38cd7381a6a07b9c946b,0.60302734375
af3510bcd04715ce4d88e4508695f5fc,0.0863037109375
d31688f08f1364743ab586f16b9bbfad,0.0012941360473632812
eedb81b56bc370a9fc6858d2530dfff9,0.00455474853515625
aa4da8f24861b26dee278417e35b1afd,0.0028553009033203125
1d8704234556dc5fbc94fafc8c230bc2,0.1744384765625
8ec4df27760e389475e332e84668f4a7,0.003040313720703125
526a98e8a8446e397a2b4aed4525db82,0.01678466796875
600d27a703ac6cb41c9df8335f43a0ed,0.0012845993041992188
d8043c83caad8f040877fca78c31ffa8,0.0161590576171875
457514348b11971e67f3dc2d1108502b,0.99609375
decd65be2a38b9f4ebb3f2b71fc31660,0.0810546875
be6e85577863d92c1f1bd049f98c3eb9,0.003040313720703125
874455fd160293c9c1d305a55f0a363a,0.9755859375
660b621e6ce8ac276a941ac7af421107,0.6376953125
2d9c0917204def2030804b5ef5319ea8,0.57177734375
4a976b83deb1e845fee3d69aaa67de0f,0.98046875
3169a6e21f7ef93cd86012a3e9537de9,0.927734375
a6e66f7a49859c61ae44712f3da36f20,0.127685546875
74fcfb5452172b5224111b667d497381,0.1778564453125
7febf1709d5ff5ad05a7cb870b507aea,0.219970703125
a56e32bf0b2b072a77c559d1e14154d3,0.0293731689453125
ed3e76997bb34dc4868032352b5b4f44,0.003040313720703125
6ec8b69ebf2a74e695eb4f033f2ccb9f,0.00989532470703125
f8bd7396c707ee36517e8ee4683ba4b8,0.24560546875
4b40bee59f177b1047f26c9f9e2f4eda,0.2039794921875
a51ddf35933597cb64399f7741254b4b,0.1607666015625
95ffe0d15216bab57c1681d7f561c666,0.97119140625
d8ca702ff34e6115641858508e48fe21,0.78515625
98e6170312b4596ba9b7182e09c4a973,0.0012941360473632812
2730a9386d523ec9ae8a8067c5546db9,0.0027141571044921875
5308a6de422d669a9a9277962e9235cd,0.9384765625
2c02236887968300083a35e0a2843724,0.97509765625
c42b183296095a562c796f7fdccdcaba,0.19775390625
b07e02d24609a53aad28150ed57ba447,0.035491943359375
d8ca242bc28362c0b57be28ea979a6b1,0.00609588623046875
b1eed2216845a17dcc4cb645771e51a9,0.0012941360473632812
37ce79fd21718b07d7da508608b5d7fb,0.156005859375
3e47197cb58216f251c3f4eb344769f7,0.007373809814453125
ae4f840f9dde0493d5df819c825b5941,0.005664825439453125
8627b69e2d294c58f9d244663d1f865d,0.2161865234375
d73d8c2dc2acda46f8ace3c9e11ffa23,0.11102294921875
9ee002a32b54bc8a1991c30f5466bd45,0.0012941360473632812
9269349a200b618cefe3cd24d2234a2d,0.6796875
6e3cbaa06b433f7d59bc8b2f32ee2524,0.0112457275390625
bac87d2c142747e99cfc57f9776492af,7.086992263793945e-05
3a8dcae536575a79af1a77cd4e282c40,0.74853515625
15293ed6547d8f785449357d7351a8fd,0.07318115234375
e09f2640bd1549da4ec2c00a143a51e6,0.94873046875
56076bbf104a77b8435fa4b76150bffd,0.030731201171875
fa51a99f025a419f8f7ac563d19a3ee5,0.85546875
19c2278bad4ce05a5efa4b458efdfa8b,0.74072265625
9e3430302d642fcc0cb06cd4c4ef1cc6,0.00391387939453125
7e1de728e265ef57c98bcac93c086e8f,0.0216522216796875
29edff726d495307a7ad6de88cc96886,0.109130859375
0669f8802e4db259c20d79249f489734,0.0170440673828125
cc86e826f95ed7a6298ccaa89929649d,0.0009183883666992188
9a9b5f88176694ab6aa2de0e0b6408d0,0.427490234375
6c0c057a1a62357bb23295274892ec2d,0.55908203125
5c0d367fab1bd7c499b318e81980b717,0.83642578125
cee7b7f18c969ecdcccc7b9f4b14b3ed,0.9013671875
2ab84d7a57b755c0fe6b96532a145d8d,0.771484375
594aeb12fb4221d9d76e2ac7d3a012f3,0.77978515625
ffd7a59595b51c6b457cf1f838ba7bf3,0.8408203125
ec5c2109ceaefea865b9006cdb46f196,0.1727294921875
b238bd1b8216762cae6267d67bd4289b,0.1695556640625
34d84f5fddd73a6b32991dc34f6c161c,0.99609375
7d890e91a8754410439f12987fd43292,0.369140625
026f4996b784e39fa4488cd71ea7b60b,0.9541015625
9fecb8e09db953b5c234f6a7f2e52b75,0.294921875
f8e06cead44db4efa3005867c18049f7,0.65283203125
59011b30630b327f21b0c6c070e6bdc3,0.99609375
52e492d419ceca5a5de650ceead2b60b,0.5546875
7ef1e8b56f35a04f91b7d6125c537e80,0.0255584716796875
b80ee17d223b44472e1cbbf63a446690,0.91943359375
5124ccde1e94a1de5493ed13b299bbc1,0.0391845703125
36202407db993f1666e66f934c89ca31,0.37255859375
f996e06df7968f726d7eb755819e4226,0.98876953125
38390f5375d63b75040c1b4c2614e6b5,0.94189453125
bf29dd695749ac02856bd0a5a1ab9208,0.6201171875
b454fc76c6f553abc90828ecc84382f7,0.0028553009033203125
d3651f3a162ccbeed8b3f367580055e7,0.1749267578125
505dd8171832b0eb7de408a59bdf3706,0.006290435791015625
575dcbcf8832ad1afd34b8bbe46d43b9,0.69580078125
7cdc089173627752431a0844f6c4c972,0.7158203125
fbe06560b1d8aefd9e2ab24c2bd2479d,0.2064208984375
023773baccad8643077051a325715326,0.66259765625
bb05ec4e0ded1a559ecd3dad8f6946c3,0.02886962890625
5baae920ff131a2491cda874e5dd44c6,0.0699462890625
084c58fe56ae8d6a494dab0840b0e9c2,0.91943359375
66054c4ea80cebd484981ff088ac4474,0.02484130859375
e2749eea576b085f331119fd42c7afd5,0.00482940673828125
785838b15953c4805b8ebbc85be28bfc,0.92822265625
b7596ff6ba8c69539d79cf448ed6c427,0.0225067138671875
9d876558ce5d7e1328e7686d2b09fba7,0.59765625
5c84532840d78082a31b849b285a6648,0.09588623046875
cfa550587c04967c0869c880c8f689c2,0.251953125
ea6b2bf7b01fc90248772ab204d720ae,0.92041015625
1137b225fcd8dd7409858d64ccf97fbf,0.62060546875
73109c8d60456cc09785b55cf4a26f3f,0.006587982177734375
20fe0ac4418e18cc53763fc7f85c43d4,0.009521484375
806710a7a05cfe86bf4062368cc9f774,0.04486083984375
01a1f1b2bb73e6d28f2ff9564fae406a,0.48583984375
0ad64de0cd451463d8ed4cda4d12ab35,0.0170440673828125
66fb288e71fa3fbcd2b49d292f1938f6,0.654296875
2e61096318dd4293fec971b65291d74c,0.69384765625
0de4dab01651ed75b1bd8fbbddd9f07d,0.0164642333984375
b938869c951f96b57e982bf62d88dbe9,0.71630859375
9db202c72086e9de091bf547d06f277b,0.031494140625
3bcbc32991bdcafc2854ee6ed9999fb9,0.06488037109375
2f407de87bbb280c453fbc9125d676b8,0.69384765625
5c7932de5f7ed7fe511b38a94bd62ace,0.1639404296875
a6356eec1d3ee4cb33376a4dc7ce09ee,0.66796875
47dd2866d64d42ae5f7eaea6abf3a5ab,0.2161865234375
fac3e073fb34df0ccbb48d099f4ebe94,0.0384521484375
ba0a052ab6c4f197fcbe74a938562e1b,0.0028553009033203125
c9cccca898deee954d9124269340dd96,0.62451171875
d3d326c071010f35a884d04072ba16fb,0.01495361328125
21bbffc6f3206d792592e9a0b280da57,0.0164031982421875
cd81ccf6e05e44d20dfce67baf78b0c6,0.57421875
fcc39fef2f668591b67cd1b58f693b45,0.6982421875
ac072bf0c662d6d0e8f5326dd8612143,0.54150390625
4ec288efcd320e991001b6eb89b89f92,0.0070648193359375
dec73e76e350c19161c4afe18cbba40f,0.10125732421875
451bf0e1724f25639c6bba732bcb8aad,0.263671875
2f5c86320b43ca87756398c986cdddda,0.0284423828125
653751be4dbed7739de666023d33e4b6,0.5966796875
4fe0453e912889c4982a608c413818cc,0.9755859375
18f4590eaf1053039b4b8df0a1dd398f,0.880859375
97042d554a1b438d4dd13c0b0cfe15b9,0.71826171875
4b6304e6c6672dc5f436d5547bb57aa6,0.410400390625
0aaae9372871c955a8ab58a6fa7637f0,0.7080078125
ae31f59f3384d9988602219352ac9d6a,0.007965087890625
8869683aff5f60234904524d11e904da,0.66796875
0c517e5d1c375969dbd64a2c8534acbd,0.98095703125
3a8b5d6c93e59af78339255be66d8373,0.1412353515625
9ac6653c55541523f20f4602383e238b,0.1492919921875
b578432b59921a8fec01d74cafbe8c5f,0.0863037109375
22490df3a9bf9d21cea92722a9c2e38a,0.8369140625
5a47431879a6191bea3666c92821a722,0.5087890625
2f58c4c82852b4272317322a7bb7febe,0.65380859375
eeddfad5a2cf4c01804fa9074e50560e,0.003040313720703125
f404b116552d8b8ed25051c2ce6e789f,0.99609375
b3f88b89ced0c73044a41beb5b20bb79,0.2386474609375
ef694101fdd3780e914ffec84b23f150,0.0863037109375
efd5232f8afc1db68f140fd6e515a527,0.006488800048828125
d80251df1d869c6927a72859efae6474,0.59130859375
10860c06ac2a413f2459aab8f29b88da,0.88818359375
f267b7f6e7a0594b6b13a2c179621566,0.0018463134765625
d7cdee2ee4b4abf3b0ef7280b326cdd2,0.26953125
f9242084bb0748bb93d4cb0ff8bad734,0.5283203125
0f46044d6b002c76bc1db7528f07fe4d,0.0028553009033203125
2a24e6b8fadd8dc2f9a76643292c32d1,0.93896484375
23abf90abffdf574ca2484aedc99066d,0.042236328125
3e9d0850897a8e1bff896e959396cee4,0.15380859375
fd0bfdb42b6168644d1cb12c67326171,0.18701171875
d8b2a0b440b26c2dc3032e3f0de38b72,0.6796875
d4ab2082f217f9e476b90ae6c4cda32b,0.568359375
001919e17b2e2fee7b74dd6058658047,0.93798828125
19294ce83d0d03cdbd71b56142f6d1b1,0.96142578125
688b9b0875043ddfcf38393dd95b984e,0.04949951171875
9c7e2112b44b0a4ba6ea0caa8b34d234,0.6083984375
74bd1290b0f77e59e1125686e2f5260d,0.036285400390625
e0a1b650dd775a5b4cfb99fa526c5ed3,0.1376953125
b9c8f39c8786834e4645da4ac085fc02,0.77685546875
102435ec04db44e7ec56e3275cbd5374,0.03436279296875
b58fa2c915a177646d74b15e64c5ff98,0.87939453125
e877238a31312feb3c8e6bdb82f400d8,0.5380859375
70fe15fb66db63d64bb14125c76472be,0.97509765625
cacd270b3701ec0aee4b9eb954f31edb,0.0078125
43412ef351a72da6b23963e575cc9b4d,0.004150390625
76a1a37b711e8493239400dc930671a7,0.53857421875
ede600e17efa4a39582ebb079560ce33,0.69580078125
654be7d6de78bd3ebe4de42eecee41c7,0.0863037109375
e71d7cf77671bc39004c7b3f49c5ec70,0.187744140625
c14f91fe7a1bf55b9ed2fb2363e0f339,0.6982421875
7ea5bc32956bcccc8838cb268211ffb1,0.66796875
d0b7b109da80f250d68e6f5a0df76236,0.0028553009033203125
2e1767678bfa2ee06cd1f5ff404b2143,0.8818359375
6e2fb578697274c6cfb3d25dbf467750,0.66796875
7684840da8072b920a2afbcd93a7d697,0.91650390625
4193e5676c3f690ecb63bc03d4539006,0.80517578125
1899ac435bd27ec5fb675238a2272ac7,0.07318115234375
a1fe0ac2c9f974cfe19563b24a06bee7,0.0087432861328125
d97bee114800b329740901c6b5b90622,0.114990234375
b03d8bdda2030253244e5365717e0e66,0.2386474609375
fcf2fe299bbf4ea73f51dd636db6930a,0.0012941360473632812
982a6507c7d4a78fb8018cf56727bacc,0.04132080078125
7f5331d61329fdf022d735e2937446a5,0.609375
9c0d892d63cea993b0c04b5f88c6f259,0.004772186279296875
f3480dc529a81239167432887f50fa10,0.3671875
e8cfefc4f65f3826a71981775504ce62,0.0863037109375
f40c2b6e093e029aca40950c710cfe44,0.05706787109375
ab82875d2f5c6e856d83d80f9b0b2389,0.83544921875
7c7e2023495a1e048b51aeaa79258971,0.0028553009033203125
2d755184beab51073b482ab1c7db1535,0.0012941360473632812
db8a4d12d85df08a1908e2673d616b9d,0.1229248046875
0eb1c2900921bea4f6eccd05bb985d75,0.04010009765625
512de5d6ed04a138bc3bcfc45738bded,0.03131103515625
a10e415733bfe321276f7af34b4c3795,0.11163330078125
d270cfed3fbb7a57a6dae16412ab99ca,0.79638671875
f8cda53deb2dc40717f2335fe91ed31e,0.2044677734375
8fc0f2df156cd9a19b3b4e696b0f5338,0.728515625
d7208522340193103a1811629bfe36f1,0.1925048828125
d75a97c43fbb57f42dbae4a8edee5ab8,0.4736328125
14257891da3d67f066b11e092b80f54f,0.6376953125
57558006a115cac07d9bc8590f5b9412,0.6298828125
f91b809418deabf5412255309ab31e82,0.0189056396484375
8a60bdcf016f78e4e22c6e435c901895,0.017913818359375
8738ebb310adefa70481a04eb46b270d,0.7158203125
fcbe42dcb0bf3444e0e8f3ea82ebee27,0.0266571044921875
d42ef3a89f8f94ce54932545bbfca07f,0.1544189453125
de3e28578bead62ae0e27fa911ea311b,0.61669921875
c76b926781679ebb65484596328ed82e,0.008880615234375
7a7a6265c00d95c18f6ed946f8e46b27,0.22119140625
e732b38f440c765accca1cf9e2537a75,0.5400390625
c6a60f9bcdc3f8b8d0c9e6f882ac1ff5,0.00428009033203125
39a9aa4f64bddd7e8f968424bf2153e3,0.99609375
b1ff4eca088ecc6f6218cd28f4cf5a1d,0.8671875
a07be23e856c005dd533c7ea4633961f,0.316650390625
f1350fd776297655500455bc6dc086c5,0.0173797607421875
ac1ad8c73cd74c8496e85807f2c325dc,0.74853515625
ff246fdda35f7605583bd6fdfd439b08,0.97509765625
aa3fe76e56df94841da2468cd7c21258,0.42138671875
1311d09a2422b151152edb78b75409c8,0.00861358642578125
59bfbfe91b99c6246f7c152513a85fc8,0.97509765625
de46050bb18245ae0591d5814de5e847,0.0012941360473632812
4f5fc2090d2551e46ab2b69e85bc15ba,0.0252227783203125
b32313644eb0d23f3d5eb3c5d2a9622f,0.0115966796875
a8ee14f6cb091c7e75692e57a5b77526,0.1492919921875
e1156537397a5eb59383bc5ba0c1d39e,0.0012941360473632812
dffd3b096c51703ba0507a6205927073,0.62451171875
8b23b0a6b0ad101f5044606cc977a0a7,0.46435546875
57a85b8d55057bd37dc5283c77eb8129,0.36083984375
b7654f32d329bf18e661a295b11eaab2,0.0012941360473632812
a30bddb49a2bcc3a7c09cb7d98c30e2a,0.140625
8b63a0d54a58f9343914146f3d50cb94,0.66796875
52638d07eb85e0b8b14ddd044a35d800,0.0792236328125
e7253dac1ea6246a776364d62c912884,0.81494140625
e3de30f023963891fa8b85c8812cb12a,0.8359375
d7ef7e58f57b82904172a6807a077f2a,0.471435546875
261f2c8855c0a335a4136c94d3189d02,0.69384765625
8b6853555e2d45f6ad580f41c0f89da2,0.0083160400390625
f1d80d08c2254de011013a6b0bb40450,0.716796875
46b2b8e7621a93ae6b876b071da55212,0.323486328125
ce1ea085430f76965c7876e4876c3e44,0.0008168220520019531
072aa499b55192f2a503955f269b4418,0.0012941360473632812
c2e0d8c10c81e1da71441e42094651cc,0.01450347900390625
7c9b97ee8ce6b2a666321eda144158a1,0.07464599609375
cad2741c7718b002872f3448effafc33,0.01107025146484375
ea841523251abca88766c306f0af15cb,0.79931640625
f3b6f509402f25a8f960cb11fea17341,0.1812744140625
58bdc789c70f98842049d17506912cd7,0.165771484375
992e26120f40d9c34f4e79a2a4472063,0.916015625
476d6e36c54eb257f144a0f5f156ba9e,0.1663818359375
47bd0d61038eb19afe4b41b6a641dbe5,0.00482940673828125
1407840317d06f9053f5f21bb22a126c,0.66796875
54abe63ef1c09ff7f5aaeb6b28804f99,0.3037109375
caf5f3f4be7cf1af47ba6ceb68d360e9,0.2171630859375
422da6ec9ebe7dbad56bcfbc78164e3d,0.0108184814453125
fa208de1a590d4183a324802228dba73,0.0180511474609375
d7a561fc900fa4bb562b5525d57b1f23,0.6376953125
c2779c8731cb267ae9857958afbff745,0.006587982177734375
113b0a5ec517eea621d3be371b652824,0.5966796875
7148c6409ebae046634185db81c022c4,0.66796875
f19ab169c2be141e7e28317a275aa944,0.35546875
bfc145b9875cf82857d410a42f28bad4,0.003040313720703125
c1d5cbd3672b19bb80aa51f0ac65295a,0.1114501953125
4ec8827165bcf961bfc8e07506fbda21,0.9384765625
bbb54f18c1cb217b991a49f37adbdcd0,0.0011692047119140625
97d2f1b1f805a9facfd16baa9c6f05bc,0.0252227783203125
68bd30acb99de39342038d45503c8234,0.013275146484375
7467be2fcc4b0226722c45a0c692194c,0.070556640625
c4268f1010825193d8cb63d48478c297,0.72265625
8a6dd4c700cd22ccd24fbdccc455da91,0.0110321044921875
f990e2a9ae328e93b7501fd948a01843,0.0738525390625
c84ae91054b08d593b81076ef69e148f,0.84912109375
327ad494c0e11d87aeea3fa3f3b476c2,0.0028553009033203125
509567746584cefbda29149448eb7dbc,0.46728515625
2341c3319aa221a1af23f6b45d8d982b,0.748046875
a896691b450145b79b7c14286dd223b3,0.2406005859375
2e06724ba9c384400f55cc7de40a0737,0.8212890625
1e4518637a34c4eba8197bc186f91abd,0.170654296875
924e032424ff2d663322e43db6fdd590,0.1541748046875
9ef03ac222babe158b0515cec0046a9b,0.70263671875
399e6201f69335c5f6dcb878c393018c,0.457275390625
2bf19db2fbbb97b004ede2d19f085b3f,0.99609375
75bf277d1856d9525157f86de4256f74,0.003040313720703125
107b61ade2726b9c7f9111815455f92e,0.12335205078125
cb0c57c929e449ea059708fbfaddd6c5,0.0038700103759765625
901a418c965280fbad9fcd1939887ade,0.0217437744140625
37f096c3d4862862ec80c0becbb1dd0e,0.34130859375
0c6c5fba5b32856bc9a0cdcf6b4154f5,0.7275390625
d5acf799b268071a471880dbdbd8c0a5,0.007904052734375
abe0241f9e76faa34fcc2814751d37c9,0.027435302734375
ae5f0866364899df62569b00e02b5738,0.931640625
22d7840bf6ac8b92d60fd974a2de0c30,0.00800323486328125
a21a58532c007149d84a169e2392325c,0.4833984375
8d3c8e7cee599c5b5f0d5b44a73e9d7b,0.69384765625
9cf123bd421128d4362b03e4dc408865,0.0012941360473632812
ccd85ea6b70ea09b0afd577179fb04b0,0.045013427734375
fcf0ca8e9e379095378f09f12bc6b3f9,0.67236328125
1e83895ab73b8d6f23b5215e6537facf,0.30126953125
d3275c1ee544b82ba6b7a23bae7b14f9,0.0012941360473632812
b8854e6b6d48825221736f0ebd1f9471,0.15380859375
55d1c3bd919b4aee6ed1e0520c476cc7,0.021087646484375
2e8263b8511e1fdb3a1a423a489ac33c,0.062225341796875
97263087e3a9f164a211c9a63f7cda79,0.99609375
698b2d1826a37f07d8bb05faca5e03f7,0.0863037109375
ae0eabd615c9206efe6969e8eb683b09,0.2386474609375
45a80441f3c3c2c72b9310b7d404541c,0.039337158203125
aa0e83cfb115cf98d24affcb780eac05,0.0011692047119140625
e55ca159cb2d00457d1df374f60cf8a6,0.9560546875
51e77c1bc6916875a8be48c2f80a6ab5,0.10931396484375
bc14d1439d32ab37d98dcf56593f0646,0.99609375
f23f09ee1eb7eca91a0d1c7a35fa7728,0.60693359375
b966faad9cc65751057d480bfb427c8a,0.0012941360473632812
6420fbc5ff2a03362c6a7b157988a5a4,0.03155517578125
4c43d0a29b7016fbffda733a49c51fb3,0.97607421875
1075d2779c2731cc735df118510d79e3,0.0024929046630859375
cce3061658166ec2d0ae8bde24dd3d9c,0.01507568359375
7f297f9154cb194b37db1d7fc55669e6,0.1636962890625
ff7556a2f384f792ed4b0e166d57b0c7,0.0094146728515625
3624b619b0926fb4b7cebd6d63307e36,0.1588134765625
299cd4d0a48b0f8a674f1afb342080bd,0.92041015625
44e2ef1dba0c3084f8a57b059be64c7c,0.0863037109375
99937fdee5ba53272100846cde5e12bc,0.0207977294921875
917a1a9b2c584ca5c47bc87844207880,0.0070953369140625
5d7f8611a0c58b42ed9e7ff11a1dffaf,0.36962890625
f22f5b96d482f811fda63e090af770c0,0.0863037109375
c733628c6b857f8bd9c0392684cc3e89,0.0810546875
a36d016ad535a2db3dd81778bfdc20ba,0.0863037109375
db9b706794c0f6a381ac3c2069bc9f0b,0.08868408203125
92f7d089a45779898e9e2fb3fb540d51,0.123779296875
d362b408cb668e10f10b950774d1c1c1,0.0030517578125
3706118882e7356babb5e8d6fb1a44a7,0.99609375
7e8b35d0d5dcaf206df23549261dec30,0.09857177734375
c4b288d16464b73ef4dfd128f331906c,0.57470703125
e39a5fa4c76264ae7d7343e41675a636,0.039337158203125
a508fab290cc3cd24db6cc604c6415bf,0.0391845703125
0dbb9386e714d61d09d35e9d801f9931,0.5732421875
1b6e9d3a84cd8a419c21c776b1404e5c,0.5576171875
711b6ccd3d50d784474ea602706ead97,0.317138671875
6323588f34c35a22ac47170ef0c8349d,0.66015625
875f86cffeb048b2e9e938a7efed0fd7,0.69384765625
49ae67e0e12f6bf7e2efdb5a17972d4b,0.56298828125
db145623484b6a5577a787adbc83e16a,0.69384765625
e3037581f7e727986d277567d64582ef,0.006824493408203125
b493eaefa9ca5e8e750c1a52574ec764,0.05706787109375
88cdc4dc8b2b346331f8c1e98cbbdd0d,0.7900390625
91916609a5370e5a7bb56a8b462f73dc,0.9970703125
04e0ad52b0ba3e88e4cb6a7be0af66f4,0.83544921875
b780e20362f830e50e78b384c5c973ab,0.90625
38f30955332ca28f4cfeb13366ad3529,0.0108184814453125
b1219d9234e6ba2b999d7949584ae148,0.044586181640625
d9e83a990c7bd74e6e595db61ef7722e,0.1571044921875
446e4386f6a0f8339bf8f4abb1141252,0.01073455810546875
b77a974ba091af3704d22872b5cde2a6,0.00609588623046875
cf6d076bec484f4e62a35705514adcc1,0.229248046875
a4f0a01891705b96eea2e756c7cd73f4,0.9375
0b7edbd51f6148edf704988e911e2b9e,0.003040313720703125
10a26cb3b99a12ca7f777f363bddd4e0,0.313720703125
348a4b295c068eeee6c15610bf5ccde4,0.0011692047119140625
74e8d75325f752f65c4a013ec7a92f9e,0.99609375
0692f31e3ac29f41a290c4f83f845972,0.13623046875
e46215ddf406983ececf888a0f225d39,0.68505859375
914889c9320ce72a4c5230c99de148c3,0.006771087646484375
b2080682cb8496dda8637fdb5586638b,0.53564453125
1cc3f37d095d196d1cb6979b8dfc4e83,0.127685546875
612673d56e5559e9dfb7440bab5750a1,0.08587646484375
a9a2aa4549fb299fda2336d5d4d94502,0.66796875
1e2c18ce4fd8ca91eaa5e134c7ad7857,0.008880615234375
45a9f929c32764f9a007a738e47b89d6,0.96533203125
71e70ee982b147acbf2deb25c06fb58d,0.66796875
7e6a3c51290ba840f567857c3be6894a,0.35107421875
469817e48dee734f19f359a48655afcd,0.7421875
f7b6f792cbe0f1b54249d7e0618e8159,0.1614990234375
2464dbd12b4b4f818c27005949b2df18,0.246337890625
40112325e9513f2026de7ab86d611a56,0.1087646484375
51f7021af0d8238d9cec8126ea77f88e,0.9755859375
cf22d40981bebdde87a3cbfa2e0a9e81,0.9755859375
574e65a93cc5b01b3631e89071832315,0.9365234375
dd137b6fe014ac7b2628064fb7c833a4,0.1871337890625
1ae7eff7734412780c96ec9b2cf6f697,0.0012941360473632812
e508c80e28d0ad6705f82c762580ec0d,0.0028553009033203125
b6a2d3ea29da751fcf688006a1a7d3ad,0.034088134765625
713125001a3a0fa3fc5dae74e7fe7350,0.8486328125
b73300b34cb2f980298c6737568d850e,0.56982421875
080c41265ba96abae765efc33d9c3620,0.66796875
acffdb5120632725f25ffd44d6e225b7,0.83544921875
72dcee5b3be1400e8b1573bd6d1e0add,0.039337158203125
3f3301d76f76954c4ee2d443393be9de,0.007785797119140625
e1c7a9eec76d838ee4c0a6d0cba7bc50,0.10467529296875
14290500d144ab4e0089395479ba2138,0.11260986328125
b4f69f466473039f2dfa00f8ddbf1dc1,0.2386474609375
3d3d72c0d1da28439b1dd2136c4ba554,0.06732177734375
75214418c602052280a7fd4373d53091,0.166015625
146c86dc82f768e495e628246fdc26fb,0.0028553009033203125
36e15f89697588c23b329af28c4bb372,0.01337432861328125
35e632513a50e6f0e6b4eb8c8b5cf853,0.0106964111328125
b69b3f05be56830d3e479393dad3d0d3,0.1380615234375
02c8c7eade7cb70a4f9270b5b2e67b2e,0.2384033203125
194e9a46a6b90d331dc8b4e207ae6834,0.058441162109375
b784cea86e39573cd97186b7444a7e60,0.83642578125
fbc39efae01a84057dd26a5a23324ec9,0.00661468505859375
d8803baf20beb5bec1d9d7215a3c4b96,0.0234222412109375
4c7dfc7d9a0f58c8079816f504e0a26f,0.293701171875
497d4a4eec30866d6051f16c02526943,0.8447265625
d23e7e1543fbbf0636ccb0bdeea33929,0.0863037109375
9237a1561a3d2b7a3e024cd18e2f1cd2,0.47509765625
c8f3719f09fa3745d000e418825cb947,0.4833984375
9f8d92cddc9a2a55e2c13e9f5450f84e,0.9755859375
9bf9ede664ce62555876827effc2162a,0.9755859375
d7028ec74874b50fd86adacfd9c4ce91,0.69140625
2d6eb7b87e5c4c0d205b2b1327c4e5fd,0.06622314453125
6ac3120afb708e2116b712e4e894edb4,0.0028553009033203125
2051ec7475ee0578b7ac82f1c9f41709,0.039703369140625
f5dbbd448ae03b3258f13962f7d8f49c,0.7958984375
b7f55b6ade60614d13a6ae4f83ca28f7,0.469482421875
e52822024d7f7f99636c0c3a8b6636b2,0.0095977783203125
d087ae0d84297259484c38a90d666bbc,0.448486328125
2d329a4b34281cd8fb10edb2e2d08843,0.09722900390625
113c5a760b77347e3fd1262b40196344,0.1551513671875
5961c2a6f52514732d9c791932c83c95,0.2069091796875
6d4cfd715af329612b018f0030917b8b,0.018829345703125
714e6f1b51e7988752ff4be9c857df4f,0.024383544921875
0e81ba22574c874c862645d5d2876f7b,0.5458984375
5b5c363eb6c4c5de28dace28b653b38c,0.06610107421875
31f36ab988ef044102f7ae49815dcad5,0.03155517578125
f2bf51102467958a381b2bb490b88594,0.67919921875
c004397250646773e2fa1b54a404a261,0.6201171875
508165dc2bee5e9f08f2394e409c2c52,0.0087432861328125
db4c04c00693624cefb2e85aa0a336fb,0.7392578125
456168fe09bf6f3da9c3d5252da7a151,0.0028553009033203125
307d59e3d876b9591717393cadd53fd3,0.478759765625
b1a16cc070d06d0abf2eefa56d8b252f,0.74560546875
7084a19b62f4efffa190c6de4d71d265,0.005428314208984375
97482e4f8eb0bfe2a2890065d3fe5b02,0.00803375244140625
b304326e0642b2b536ca8dccd0ec9386,0.4794921875
ecf178967f0c0570247963336ffd17aa,0.0154266357421875
6bdee6b6207d73dd61effd1496350d5c,0.01473236083984375
cae5e7534f4d815c2da29a9fdec01ced,0.0012941360473632812
167d1626a6b9ced21da310117e69f1e1,0.00557708740234375
866d4a25b4f1a7bbba029498d97e8dc2,0.2001953125
fe0e594026784a4a346c0c63b60cab75,0.9755859375
d8509d2e74d3cac7a30b9f86add8623c,0.1783447265625
b69068c30b5d9fde63046f675457579b,0.00609588623046875
1f331d518d0e425ab7642ccd638ec795,0.8037109375
4d4583f3365a639d556fddcfcde991d5,0.794921875
38d58df5f04dbb6a709772d643f4363b,0.289794921875
c7f417385ad0909471abb17da32f75e9,0.1412353515625
2e475a10ae1fb8b23499e558c577df05,0.0115966796875
e78c22211dce8f31cebf7f1fbe3b8142,0.06805419921875
6e083a066e8049a31352cf1ae3494c8f,0.97509765625
a438c5ce8f98d7fedbfde163966a3e8d,0.260498046875
7c554f1e5091c27a91ae27c4d6b43591,0.005321502685546875
651e23827d3812e526c4578ab52bd361,0.00530242919921875
905c0db3b5fa57b77fbf7ce8c93d27e5,0.02337646484375
cc1a21da858b6509107f1cf7dcfc98a0,0.6083984375
13e504a0f253ccae76731a1d1bcc76da,0.72509765625
851f9eeb2f3ad4968a6edd5dda5ba33b,0.006771087646484375
a8fa79bc0942b875991e894770da08b2,0.0028896331787109375
3025bb9d05c134f05ae82b2bc31f2d90,0.0743408203125
e01e06e5bfae96a6bc6614a24811b608,0.0012941360473632812
4a24ec68e807e219e1f854007bd526ba,0.00609588623046875
c7817a826e0dbdc7eb437141f4ab33ef,0.94189453125
1f0f2f1580cdde7565595387809f4fb0,0.10931396484375
63bcb4d36063b850ac43c752476cac9d,0.07318115234375
b50984bfdc18fba63ffb5bb3c59df568,0.01090240478515625
a8274851ca11c3e4179dd9622aca3d20,0.99609375
eb56ccb2dcb91eeca4ad3381fa88205c,0.00482940673828125
adf2b0eb8ee70ef30655c56313195db0,0.79296875
1fbbddf7b56492927889d05c985963da,0.00482940673828125
fa1420ea691fa7184d9be5875587b58b,0.497802734375
a968f0ca4d44716f6e0e46749718753f,0.0028553009033203125
7469e501137a1819e01aaaa84564d6b6,0.06817626953125
f66fb9633a42bbe42e9527d6b05cc760,0.69384765625
3aaf71f1b881d8ae27feddcc5a1d49ff,0.109130859375
8286e2a13b720634b96f5316d20149d3,0.99609375
de0e48043b58bc2ab76ceed657e0b6af,0.69384765625
ec8fa1c70521e73b51c8316dcfa8b0be,0.07476806640625
5057a634e87165a606b47df3e67724ad,0.66748046875
e0d2bcd2508f92901a210537e58a54f6,0.01302337646484375
76eb892de2606db4b6ae84a4380ffae2,0.00905609130859375
a7c734afa412365c90adcfc28827af97,0.58203125
25fcc05fbe57e854dbe834fcdc0fba61,0.07318115234375
1bab7252011f03fac37528db9acdbee0,0.047515869140625
b5960ceea0fd06a282aff6d82c241582,0.00787353515625
8be17543a3330104b13a07d86c9b35d9,0.046539306640625
4a48258a27501e24488bcdc8c53e2ebf,0.0068511962890625
03768dfa2b77c3f28480608938e20a75,0.25732421875
69b1533de94becc861382c19f492400d,0.005138397216796875
97a96ddf70c96f0a4776732d6d2f03ab,0.85595703125
d7ebc1193dae6cb66f6675590aa1c7db,0.9990234375
e9681c352e859bf082831d69b7c39aac,0.0863037109375
5f03268ba1c6e37f83320be1569c2d19,0.025421142578125
df1ca6f9cb17177844cedc6e3730efaf,0.01214599609375
8b41b4f1552e50a18eb9a37f0b4c078e,0.00989532470703125
89037ee651694417aa95e14020283b8b,0.7392578125
8bfe0ea9841610c917e4257571fd16d9,0.2386474609375
0d1fee90c066a91c89f279d1a2c95f0a,0.0726318359375
552b6c696cda9c0b19dd667a82d6dfaa,0.1781005859375
735a100d4d2e3c7f5e5427f1d6bb1699,0.0863037109375
6501f8b085eccf3f66c49170d689f8c2,0.48583984375
72bdf42b4bb017518490b223e872415b,0.6865234375
400dc28b124bacbf260c9db1447794ff,0.07318115234375
f38dff20d3f78f327a0148eb478b5f42,0.13671875
ab15a03b62215032d9b8486224333f8c,0.0341796875
206fe30197a6e1be6cacb9951e2d5248,0.328857421875
96be13f099d02f2691b94917beb476fe,0.00891876220703125
e7903dc52286af6088a351e1e80ab403,0.02001953125
1fa1dc192c4c5f4ea1f7bb17dc918dca,0.05706787109375
4b927f466fa079f39b13f00b4c34f68c,0.2210693359375
12179235fe98910a7c2ea71d756f6117,0.728515625
3387106eaf8f2685510eda12ec90a265,0.07598876953125
8ef8a835ffdc48e0bb25ee7573fd7eef,0.75244140625
160c37f37725640d1fe248ceab3b915b,0.00916290283203125
a3ad8b6f84ed84abaffc0e24edc90d29,0.75439453125
49549a9bf186a3a4978d003f6cd128cd,0.15380859375
412d9b507cec445b0b4ce5dc36cef697,0.80322265625
4c36e95c6c89bdb893a8f90868172b0f,0.99609375
9fb25853162b4ea7a42cd17e236b1041,0.880859375
059865a7b20e7a31f43937599c389dfa,0.430419921875
86e035ba3dbf2661b96bc98e8f9dc44d,0.0391845703125
424d1a75fff4aa5be0d4cf5ee55a6473,0.01229095458984375
75ece5eebf60e104a30e58c4e0a33b28,0.00787353515625
f2c1acf689a14f3f38b3a69e8e7cfd97,0.25732421875
809c413d34b1689b66a083c03f2535a0,0.457275390625
b268255e582b9ac14e605abf6193d206,0.171875
483b8125f8aaccec0275ccc5946f7193,0.058135986328125
c57c738019fdc7471986b92ec1a92024,0.09857177734375
7e7831ae6943dbc68b3745340092a189,0.728515625
97d340c11e311172f85b5d67a4924cbf,0.0208892822265625
34a92b48a8347b90e7d04e622a906b60,0.00524139404296875
553b8d7ef12d957eb701624c3dd5f374,0.017242431640625
6796d5b7eac401f267a07dfd22c05910,0.0118255615234375
67de4948585a33f578cfee9d90901aec,0.00881195068359375
f5a791e174a872ea3bed88bd4b64c91a,0.66796875
73f3b7fcf0418d1544138bb233a71898,0.137451171875
dce607a8046946dfdf12fbcfea94aab5,0.8447265625
a1fad02a0c97ee329f18484ddfb5cced,0.99609375
137ccef9674aee5380695ec25c72d83e,0.01146697998046875
d9cf6a85c1bedffcfc776b8afc296234,0.130615234375
7ee019e3e3b1bab331c206c88959bfb8,0.66796875
ff4f0cf177c0615a60e6813e1fd7080f,0.00787353515625
f2cb3915a1df9a9ad5376fe30ed201be,0.7783203125
216112c3782d545d7bca5a0b463fe9b8,0.0294189453125
b99089dddb5d995ee189bb561b6e3db2,0.0079345703125
982cad1aca0c8271815d0f61ab03eaf9,0.0028553009033203125
ace93056a44f8903f2f7e1f3e3784aaf,0.9658203125
db16ce67e282d3e13abbaca7e1f341df,0.65087890625
e6db671cbcb945a5bbe47bfc26ba946b,0.9150390625
14f39c06f405eb34428524ba32c4fbd1,0.027435302734375
ba76649c5295d4ac08ba8acd39cf2fc5,0.003040313720703125
d30c39fba040fff4e671659fd820bea5,0.99609375
f2bea4337682f2a0c74da06d99d045da,0.6376953125
6081905aef87642c4a1c62ae97d7bf2a,0.003040313720703125
70b6a4a39ad13e3cce7034ce1e054a6e,2.2649765014648438e-05
6a67ce2ec0835a820e52a3bb875a286f,0.10595703125
d789cb3f4f39f116bd942d1d44a9d4af,0.10723876953125
d6c863ffe483401895a85299541dd8cc,0.5966796875
3299b3a4eba274b1940c60603b424cb1,0.0263519287109375
9cb7cf5c07b242dfefd236252182289f,0.05706787109375
bc2882c41c1a1d15324cefb5819188d3,0.0823974609375
db589aca9e677e1dc2b51e984d5254a3,0.0012941360473632812
ac9ca2630e786588fc1cfc8e3e36e0bf,0.03704833984375
a64b81aa18d54d8be984352abf9ae369,0.837890625
4742bc3c8ad6b876b854710b2d3ccbdb,0.044189453125
cd860b68f0a89f2861e60c1757ae1f4d,0.003040313720703125
b1f43593be1b8db0330bdda15cc57ea2,0.0028553009033203125
568463c637ddb8a8c04660b8d92fd2a0,0.03265380859375
76563258085ed5f1878d7f6e08cc3411,0.0028553009033203125
4da21cda6a26f7f455d8beea4b4e17d4,0.010986328125
a585c514458063020eca85f9aaf9b990,0.082275390625
0653dab7cebb74da9cac22ba31da3ac8,0.99609375
615ae6db0ff5bba9aaba28894419f5ce,0.02947998046875
97d3e2ba0b06577c648d61f2f359d0dc,0.98583984375
7c0b65a34ff32dafd604d694f8ed04ae,0.07318115234375
638b7b5c029405a05e4ac740058ff30f,0.076416015625
5a4015ae16bc116a22e818719c703c39,0.6953125
a37603545f4cb3b8db75e50ec90726a4,0.92041015625
25dc473d2c90d6ad2e4a436634aec011,0.05108642578125
247e2ce013cbda5db987f42355048389,0.85595703125
063056e6a329574071632b06c0ca36ba,0.0129241943359375
f095f2488a4f2a0cc93d8093f8cd8f15,0.01525115966796875
aa797d6fa39c3b5e1ee123e0dbec2cbd,0.47607421875
ac865d5c6425fba87580e9995fbdcdc8,0.397705078125
f6fbba0ffb4b4f440f620fa493f4cf96,0.0246124267578125
de23d833b6c5ea8b120d27790ad1fd3c,0.880859375
82fd6b1ede66f94cd4a061be382621a3,0.290283203125
88471a86af9c9eb80678e5920cd44b8f,0.47265625
e329257bedae2ae159e1199a53c82d25,0.05975341796875
3626f23da6bd3ec4b8f52ad11dfab1c8,0.97509765625
61cb7e1d3cfda88df7bc2e3a9e407df0,0.027435302734375
e49297233ce8b284f682ef0fff6b74aa,0.1163330078125
6681d3b2f7a2f83c66d5f3244dfa98f4,0.73046875
ea7765c0147c069a85081e80a6fce6ff,0.061431884765625
2fe548e9364b9ec374cdef7f6aa8dfa2,0.10931396484375
1c5e0eb6cf04b73c30ddb5ea9daa3613,0.0863037109375
c2a6fc81b7db030f6ea0a18af165d4d3,0.0246124267578125
97c20303ea4df2c269d2c0f3b92e7554,1.0
38fa59bf77b7dee9461dde6372db497c,0.73095703125
0760c91be141c3ef4169c79ce978c750,0.69384765625
5513f13fa9fbf7e1714db2ac8380116a,0.004150390625
25d7926bab3ac72827a1c1fba9271527,0.61767578125
6ba1dad8fdec2ec58fd6ab79708dbc2d,0.0982666015625
5e3d10cbee6e29ec59a17e82fa5571fc,0.09857177734375
b0891fbf370a10d654d3203df70daceb,0.17724609375
fa238c8eecbcf391bcd23cd89710c1e3,0.01262664794921875
1b66f1e06b75bc548b61919cfdde8c36,0.0863037109375
0c702edfe504026467869debbd2b1a86,0.02069091796875
40227861ca76dc63001dd35b512017e2,0.97509765625
52c627191471a937f877763447ae6e63,0.0144500732421875
ffaef0d9aed6d9f15e1e642f84f5c99f,0.2083740234375
d62379fb0e5ca43ed4d8f98155970ca6,0.0012941360473632812
9f06608336ad526da6e3a9d19c139959,0.98828125
42cc54c3a36f058b00482ba69db1a061,0.0224609375
f4a7aa643afa1e929690d39a9c1bfbeb,0.003040313720703125
b3658513026580bb96b84eea0d06f5e3,0.29736328125
892c1b64c4e1e581d75328054ea317f0,0.0038394927978515625
44e4ff27951073c62c5c689e8ba9bfc0,0.984375
5d3d8359023aaa3f138ac58c38c66e1d,0.003765106201171875
ade9387f1aaa741a8d63c26b0bc599b8,0.97509765625
b2226e45e83c989ffa3cce07aa72ffa3,0.66796875
19ee5470a91ae604876dcede08b94b79,0.296630859375
03fa6349450ead6659e3e19433e7da18,0.007232666015625
b75d5492909b32a21f1680cac5efacc1,0.15380859375
5b6fc5332eb52deed909afe747fcd743,0.0252227783203125
20580aca35069049b18c3b99f8b0802b,0.0028553009033203125
fa7637831daf5596c99b85798f5afcc1,0.056640625
1bf2866754b5576e8181b118717a4781,0.9423828125
b5720a69c5078adc2f1392d6559efe24,0.6181640625
ad603664e34ea0bcbd98b6e0e58190a9,0.003040313720703125
a9d8fd978b8fc9912a8f6fbdd241d3f5,0.051544189453125
acdf311254205936c662238f582e45b9,0.10467529296875
bbeba17d4b33e541fd8606cc96b27efd,0.6455078125
bf48cea9dfdc0685b3c938382009abde,0.051544189453125
1af98104bbf7293c0e4156d7ca2794c3,0.01024627685546875
e795431b4b16270e70bde25f1e9de48a,0.0028553009033203125
dd8413e77cfbad82a33c0b2f86afc32a,0.005641937255859375
c6a3246870e383841656fd40c3af3212,0.03192138671875
6a48bd1bdf1b91ad299c1d5bbd3f55a6,0.07318115234375
35db25d6e876618be545b0e15d3023af,0.890625
d932b1e8886aad700dcf3fd1c3274df8,0.5966796875
442a50e102098839a8d2857140a5ec3d,0.36474609375
6a6690e12af91e0485c73d30b608bce5,0.00482940673828125
ad310ec6a6d2417e26107aad44da6a99,0.1588134765625
634e6399c396afd3c97d017af69a6adf,0.00572967529296875
b2d1377291650cf0a2ddf89d1ed956bf,0.0028553009033203125
1d25aaea3b1383179df563a96283f1b0,0.003040313720703125
864bd9a4a768f2f536e29a58e9a152e8,0.00646209716796875
faf98f519ffb5b0cb91c27a8040faa4c,0.1387939453125
91e766d6bbdb5cc0fcbb39c20b5bd7c5,0.73388671875
ae709cccdd5d94b960891499f62f13ad,0.11981201171875
613aacb0049023893ab5806268ece184,0.0028553009033203125
a537dbf2e5e1a8df23ccbbb9c52bb233,0.003040313720703125
8fbe5dfe1b1edc6a93fb7a3854335905,0.25732421875
83bfe2ed635cd03d38b94088197e44d7,0.849609375
6ef5b371eaf0c9ec6aaea8c5b56d2856,0.00482940673828125
6fdab1a13c359cbf9ea837c0d095dbfe,0.62158203125
9964e8fe49827bd6500af7706f0f77ab,0.0125732421875
2be4d89828b02133ae663ea105cad99f,0.0012941360473632812
605dd65a648247b83a5111d92a4980f6,0.10931396484375
cd753d2c1a83327aa57cb17abc51b038,0.08282470703125
ca5e369cbd91adcc35c36669b108a438,0.2462158203125
792b9eda0dd4aab8df43f127e84ce2d0,0.033599853515625
b95f4808d16933ba6bf547c6996ad3ea,0.74267578125
5ae71a995a83d557371498b590e19f20,0.0030994415283203125
8968dd99d529c4f4d3da1a6f3b3c34d2,0.0022869110107421875
cf44fc53b78e45918dcd061cf3297d3b,0.0011692047119140625
8b33f3ea725c3529612be0151a5db71e,0.0699462890625
764dec83359da9e37d5269ce5b3d1776,0.0012941360473632812
c735f3070b1c43d23d559397e740a7e3,0.0012941360473632812
8388c431b81e8a26e0b0eedadfc9ee50,0.240234375
e3f3a412a809efef58b0e517bd8c75ca,0.01036834716796875
b1ab5a75df327bbd9cb249de00e4e67d,0.0083160400390625
d0fe9ba532407bc27c0b74345b9110a8,0.0810546875
dbb186a6515a51c37ba05e00553816c1,0.0012941360473632812
78f99494e2ffe97f47c7384f15ced1cc,0.183349609375
d9a5e0ddab852132dde550cf62de8711,0.1812744140625
ddca580733446ead6d6326f08fc9f629,0.07421875
3260da3fdc893a52f99a130d5a3cd278,0.05145263671875
f42e805d25e19f28590f5c736357dbfa,0.1015625
3df6c2fb9786d5b57a2a8b91066c3155,0.8701171875
7875e82f8d27d931f0750fe6c64fd01a,0.033660888671875
b538769e083d871a9fe5b4a160349db0,0.00806427001953125
2dd89ab4270dce03a718fa747b113c30,0.99609375
7d4e8c245c3b3c90de4abe1bef6ad41a,0.2705078125
894db650c32ec75935dcf17a677904de,0.0863037109375
2ec42717053f6ef45018ceda8ba309df,0.06915283203125
92eea22c70cf0fe4116b1021e91eb373,0.25634765625
5bb68b7c6d973d32a07666e070ea7ba1,0.0027141571044921875
e77e3ee8e65195909ea8dfe0b3200d2e,0.7265625
2bb96d52b9f5a3019ddd2e0c4783550c,0.9189453125
a7681453ada7430e2077fad1147334ef,0.02655029296875
20202fee1627757d476cade9fa911556,0.131591796875
0628915b04d7b3430eccf89b72ee5271,0.7158203125
b5e606ef0541b5f3705a8f34bf83a8e1,0.0352783203125
4a22973683d9a5310e68219fcdff1678,0.58837890625
d53de47076860e0f9a4bc14b9d2fed9a,0.79443359375
6aa292e0e878e37aa74465cb2bc29dc8,0.07318115234375
d6c14b7965d39f31264dc2306917c4af,0.0083160400390625
3065a1c430edf803c1fcae8faa0a6511,0.8974609375
de4ad39d9858c38f02220d4efb2e6fca,0.9755859375
51e27a453ddac54a06d672f61e67976e,0.11297607421875
e001b45815b1982e6334eb348b1684fd,0.65087890625
f123bc0b64607dbf5fc90a6a4ebc7008,0.0863037109375
ff99980540a3846b3919a2e0c5f299f2,0.0027141571044921875
462f5dedfa73173751decb130ffe91a7,0.9755859375
245c8cf127c5069f2e291547742f32bf,0.006145477294921875
32239b81f56cfec941c55b7c4ef0dff1,0.006412506103515625
dfa803a29834487e105f930fad10c23d,0.0018968582153320312
7584286a2b512b58c421cf38a33e0776,0.0012941360473632812
e9a4d88653aa997eb3eac6f4baea7701,0.05706787109375
af9ba7f574ab1aa5504dbe1b81944129,0.05706787109375
7264a48944cd1c4b67f424dde97dd80b,0.06488037109375
affa79884240023d0cfa356ac4b505d4,0.2386474609375
8d2d33a305903c37c97f3a531a81a17d,0.6953125
5d92be1d7b4e08530961c2c2482933a8,0.85009765625
89e4dc7ffab417bd46124b939f7938b6,0.69384765625
cbacfede45047ab3bf3126c87d584365,0.9755859375
284fce77b1d73456fac430a2e9eb76da,0.158447265625
7e2b2fd899465476ea1dff3c44123a30,0.0018968582153320312
53c36996edd92e28847095fcd18d47a4,0.007965087890625
35eb4fdc5a75cf2e2f4754aff067d9d3,0.0831298828125
9e4bc8fa0abf700104cc8cf738e6b33d,0.55712890625
f0a0657f8acbaf9c9c630a5517ed8163,0.1358642578125
a801c8cab460714404de8446d9d7375b,0.00609588623046875
8062bd855534641ccfaa1ec1ef155e73,0.0012941360473632812
a196fbda900eaa5b9b87d6ef1c5eba31,0.0167236328125
0d1c7ad394bc92c433cb8c5927807561,0.0863037109375
4fcf52dc6c13ce27bf3f635702d73d3f,0.09136962890625
9b6acd0813ee5e616ffb184daa4bbac8,0.99609375
1220f08fbf6c73e1a3c7cc36b03b0816,0.36328125
e9090ab4367afe20d903547495d3ac90,0.0011692047119140625
c4f378d197710c9cc645737acdbebd61,0.99609375
8b68d7716251775eb1525fca72e10fc5,0.01312255859375
04e870007f887378cc789ddb72d03e01,0.0079345703125
dc82252bf84999019a14cec62e512453,0.206787109375
3fd1eff48e660332f4d4ce85c152898d,0.66796875
44ae1af2c4df61da599164666b32a0e9,0.0082550048828125
f270b2bd4726a15606b8fd0d140d8959,0.0254669189453125
e4d3d5b8a55d8347354ebcd3d99adbec,0.0027141571044921875
803489e486c3a856d0455cf271bb7150,0.023468017578125
5d34b41c3cd47a6f533d78fee208142b,0.9794921875
a10973af4e6fa7cc69626d7202dea2ec,0.97509765625
1f8640ccf9edf3a4625b0e6025de6dbf,0.2568359375
5c48402d3c9339365f14e5577b5fc29e,0.6474609375
4321c3d9bd1b5949d052eaefa2de69dc,0.80810546875
465d40d21aaa8461c5680978efb152d1,0.15380859375
fa9d27cf93f96d92ff552b233428f4d9,0.102294921875
d91c4fc5399604b14819d5ab96245294,0.923828125
2fc26134086db9748cd10c6c3d5dac2d,0.00524139404296875
b9d218ecfd1df72128212c8a2fc10ca7,0.69384765625
f9b7a50cfe78ad0a65bd120d2e8bdaf8,0.0059356689453125
e1a26f34d76977fb7605b98fa0e1106e,0.84521484375
d720f492f25712f55a3df4927fb53056,0.0192718505859375
7cd03fd7ca6c03a9653561d97acc8239,0.0169830322265625
86566870c1e98db45afd713b186ecfd7,0.304931640625
e959a1a2f39336ac21440ede910b3cc1,0.11297607421875
94388ef9a6970f32de419628329bb24c,0.051361083984375
afe5ecb509da18caeae043aa1d8aa683,0.66796875
40820499fae08157a610e93a3951e4d4,0.83642578125
82908ee90082b6034d0bcee809addacf,0.0012941360473632812
6a787a34b097237f3739f08be4b3e39e,0.99609375
606c0d3c8c95cc5c7cac335a7f0d6d39,0.279541015625
7af2b90e87d5cbabae089884dd58360f,0.1566162109375
6ceebf1948f73e2b9c6bd33a25748643,0.1015625
df1c58b43e08931ce46ca82deac36486,0.9755859375
10b7ff0cae3a457848296d00e882555f,0.0028553009033203125
34ec028b9df733fa80f8b94f1d5b0240,0.05706787109375
ef1aac515f9eb4eb725eb9a72f23f00a,0.9990234375
3f9300c51ee09f2a865a34de56d63887,0.76318359375
604d38de28b46f8d295f959112722961,0.04132080078125
93f61e12e3a5d9c76b613daac35895f9,0.1510009765625
69c18f984c3af834da4f2adabd46050f,0.003765106201171875
d7663811240c70c3ebcb69564c80448f,0.0012941360473632812
0fc1a97723726481985cf5f4109592f2,0.352783203125
e69a98f22ee888161ce926f08f3798cd,0.0028553009033203125
725519c6ef1c2a341f33b6c3ccb6a930,0.87255859375
e3d34da9fdb32c9f9309b7ffca5ba16f,0.0616455078125
2514283242a2a0caba7e5d8f6c5300bc,0.50146484375
2d5746a45d702f070f81b47513f51a5a,0.67919921875
1b47f2fc92e43eca8354614ff83f373d,0.6474609375
c1b707cdbe2f9c5939e1320b389e58f7,0.1588134765625
63b729ff789484f27f4103f23ce95d92,0.7587890625
aa7f1eb20def95d23b28c3c5a290935d,0.474853515625
4e931f605f73820debce5609c695e6a5,0.69384765625
5729448b4e70cf880b206da4c4db4914,0.0115509033203125
2c5ffe09acf3b174346d068b9eac19bf,0.50341796875
5b9dd8a1c07e937e352211fe88ada951,0.025909423828125
bf9277e22e6f6147c2e178332d1e5f73,0.0012941360473632812
5253b6a22231af3af11e4e36391ad68d,0.69384765625
2efaa43cfc1a41b896d48aea1c219618,0.2998046875
f73f7b3b3a5fac2ceabadef35f25b49e,0.00595855712890625
bd0936130918f160fe94ac409384813d,0.303955078125
6a33bbb9addd4251ff335371fcef8147,0.05706787109375
abc60f63080e546609e19e2993eba750,0.046539306640625
d094cc9ff4764708560367fa65d976a4,0.011688232421875
2d1b897e57d9456f7dc2e36bb45310ea,0.923828125
d22795792979c922f267d94445e40b90,0.0279083251953125
22846a301b5c6860244bcbe2223695d7,0.501953125
7e1e2de5efe13eeffb8d480d17ba41bf,0.83544921875
d2ad720a82be982a04ca89c74a7f77d3,0.92822265625
089f072f77656113dc9414531c63c7fe,0.41162109375
a3a84fa45d9987a29c659a8690700e2a,0.97509765625
b720a1b3938066aaf124f80ec90d4814,0.0863037109375
8035328548d94af3fd7bf3e013f92f7c,0.83642578125
a87c3a00c39ed5aa4caa20b15aeb07c4,0.0012941360473632812
178375898e35589eb0e23f936a28dad0,0.59423828125
309489b76d44b43d883c747cbe7f5215,0.33154296875
13c3811763bb8f7dd785460f576b3bf6,0.271240234375
c8f1cf0b8cff3863078bb420f16ce4e7,0.94287109375
f047caf2dfc4101870703ecf2dc176ad,0.0252227783203125
c9ba34f46f8158f2fa6e63112e04331b,0.07122802734375
543b82d5f2812b85993bd13c2ac0d21d,0.0810546875
205584e7c6b3b51376108f5ac5a69c25,0.2386474609375
a835712d6f70915e9ce1b4ec9c598c88,0.321533203125
7dcef9be608de02f32fd2cac0f041948,0.0030517578125
c3390faf189c68ed816409c78b3ddc68,0.0186920166015625
d9f686bc50338d091e74e4912e99270f,0.003040313720703125
a1f895493a483d204378e9928665888d,0.42138671875
0d25086a04f3ed8a5e3f3725fe9cb7c4,0.16748046875
24997f0ef6719f419b27308b3eb8a0f2,0.00634002685546875
6a24c0fed031b5a4034f46480f58e8b6,0.2000732421875
65e0d8d2880744a3400c7406534543df,0.53857421875
55849b1a92e36930482683dc5aa3f2c0,0.1478271484375
f09d3d15012b084953fd8004c71e9b9d,0.039794921875
22b6f76a597ad35948e7076efd563fce,0.0259552001953125
20f2bb9ca69ee6922cb0c14b5b97179d,0.050140380859375
77392443e607bac39bc8eaae7812c65f,0.54443359375
cda840e1f2a80620e98aaddfc4a5b116,0.0755615234375
58953361580bd6e1a0eb9064aead51d8,0.0082855224609375
84c25b21e701694937bc2013b63cf540,0.154052734375
bcdb8097e998f9791ca9468a4741a5e6,0.05706787109375
cd8a9d458b8c3b44dd752b3f4040670b,0.11553955078125
61b1d125dd65850b7195cdc2edc1f3c8,0.0252227783203125
c94c22b8fb8c75d32d6e566cc5c38e01,0.0012941360473632812
632aec5a6653ad70a11a4f08ff491cd9,0.10858154296875
e9b363c0a5bd06781226f69433e70658,0.07318115234375
0b8b173793732b1e63f9f36ad25aeacb,0.0012941360473632812
02002aeaf2480fc0172192cefd0e5e37,0.0217742919921875
3825deaa5e275c536b385c57b8a3fbb3,0.65087890625
cc717bd84297e9276d692f084b178d07,0.98193359375
7867603e1ce6bf7a4964dfcbec2a19c3,0.018646240234375
477328cb947a9e8e4059f2044bb67887,0.08282470703125
6aecbc2aa23962c147bfed8c0e54294c,0.010009765625
1357c65a2198fb38e6008b80a4281191,0.36962890625
2e4aa4f5f591656754587074867a5014,0.08526611328125
1bbd4bca01e5d3c668045e260b26c094,0.059539794921875
80650209bc771aed47e06f7151f7bac6,0.9658203125
60f783bc56e5751bf09201f2b0862974,0.00605010986328125
835e8cd097d650967722f37ac8775a6b,0.05706787109375
6cc1e6a5cf86413211f6cb8202a26b21,0.6640625
0d6c91905b7d593f2ac9b035bf517d4c,0.99609375
3b046f262b71dcbfb96dfc45d09c92fa,0.66259765625
6ff7b5e27a0356e41ad6b08efedf152f,0.239013671875
facfbd25d513fdd86014b709d071580c,0.0012941360473632812
1a50869f56948c49c61e394b17c05cec,0.06622314453125
1b448fadc544f7d0b94cdcbc61d22ae2,0.54443359375
adba5b23d26056c7b6f0233db5ff623a,0.2386474609375
e66e2db4276988214069380a2f39865b,0.62158203125
76c14b04f01e487d30b6e91534528ef7,0.70068359375
9bedd35b6a9df6a3665f3a0f6f07febd,0.8359375
fe3adf1c5cd7fbfef78cb6cdd2447dbf,0.05706787109375
31199e1618a3b8ede668281f4f199b9f,0.69970703125
8cba37dd56f4eaa2c9fae8647d7510d5,0.53515625
0cdb8daf31bb172eef1ae60acbc9e176,0.434326171875
2c4ca5594128b7b8b9cb1d9698387548,0.09808349609375
ec33ddc242a3382de9d54c94941fcfdb,0.053497314453125
093c2a902a7a1afd699ce07bad560910,0.092041015625
ae541ec138894780e6df8537192ba1fb,0.93310546875
b230f86aa21203535ddf51ae5efd14cd,0.66357421875
7f3e59e5988e848eee1d231d400ac1d8,0.66796875
448d7f63323f8d984a1203a889bc274d,0.0028553009033203125
33765bf7f84b7150d919f1a55062eb00,0.0709228515625
a43a7e0e118957b2843b89e4e140a15e,0.332275390625
651c831520c7ef54e9cc6ad4fb1f8624,0.68017578125
d71c44ca178f4309d70cee590d567366,0.72265625
aa31ca401c6202946b58129b2d9f3c89,0.66796875
77f99337f64f8fd3a4f28f6823714855,0.50634765625
3e0f6b635e406b13b6146554642a0d7c,0.006145477294921875
f627917a3a86655fda4034d765f2067d,0.00981903076171875
289031241a3f222c13f6140241322e4e,0.003040313720703125
c124044a1b1bd8b439ffcece3155add7,0.01049041748046875
97d27cd7f83b4e0e572e1b5b102d171b,0.05706787109375
a03809a5458f9f12ea149bdfe0db7c1d,0.93798828125
66c4f8c67ff052f9b69a8b0e04d87a04,0.90625
8282727e654167ce5b0cef69d3c91656,0.0616455078125
d5960f471e8bc3b18552ed0bfc7a650c,0.72119140625
63728455a3a65f65eea69004c9ac174b,0.427978515625
b9e2c4f457c84124fce2ad6cd4905c7b,0.430419921875
f6808cc79c8d9cccbe4bd4a5de2afae8,0.0699462890625
46a412a3a5ab708b5eac42d51688e34a,0.0863037109375
dfb066aa984cd280c581b3525f70bbcd,0.9375
ca2b1289543a6b2708f1347c3beb79f4,0.92236328125
262a82e5ead5387c74e189d4bef2fcec,0.57666015625
460484a9eddbd4c4fca0a08bf4053bc0,0.11456298828125
9ef3569d007bb89c22f5cc132af1d1f1,0.489013671875
557736f7779f5a0240956502fa95c41f,0.2281494140625
6bb8c205e9c370d5119e21708b3f304b,0.007259368896484375
1e855e761b9f0900aa849a1cddf6a2aa,0.01107025146484375
6e26f172bbd0a0d2a239484a4c235f92,0.9755859375
84c418346f363b42acef34315e0d320f,0.0863037109375
a33c2f7e1054e3f3dbc030a8a0fa1c80,0.017578125
0a4f2906a8a21bc1f20855e20a6e67ce,0.0180511474609375
4102df52e236467e224c1abe70938e31,0.73046875
16bfce5394e82c3fb7e7e8273a5c04f3,0.2386474609375
4dcdc4e1e439d26ba64e71370fea1e1f,0.056976318359375
7372fe66ac5962c5822a0fa83007457b,0.2406005859375
1995b0023c950d538750ede62a7c19db,0.9990234375
23c1d38f2251693e2664fecb2bf4adb0,0.0012941360473632812
1d6f5775b3c23b32128305c8344d9b4d,0.681640625
37ca1f328e1e906c6b2a3a61dfa42367,0.99609375
91baeb613687bc472e175e098c86d70b,0.040252685546875
97e56de15f14c50b09351767da886699,0.15380859375
d20dab651d4804f5004bcbddc15831b5,0.0063629150390625
b06fcf709860a9e24360edd651cff73c,0.8125
5faf5cb8beb80cb7bd8f8f6b441b5d05,0.01512908935546875
33a87f3446ccc19ed83f1989b1313abb,0.97509765625
98eb8f406496988aa8ab1aec8523fef5,0.6484375
45c3221fbab7731cc67fd7e3b67db447,0.41455078125
1df38d60d9422249af7ad21309d9354e,0.0038852691650390625
721b9217bbbae35e934e3918dd0ace8d,0.42138671875
ffd97a492a002b68f6765880910a0fb3,0.486328125
d4cd7f7d71079059ee22e761511db082,0.006122589111328125
d06f6cd8037d991c66b4aa6db14a48e3,0.99609375
a689218f9cd4d785ddb28640a955c7b2,0.0012941360473632812
9124c65bac49692796820d05efe7d29f,0.97509765625
24762a365a314fea202f6a820cc6558c,0.736328125
288cb6b1b6b58190e299cca6cd51125d,0.34033203125
a8e0bf583fb1385b5e0d9590c821eb13,0.99609375
91ad203bd28b789a67313299994b2d75,0.48876953125
6e6171aea66dcb4226e26fc87268c35e,0.0252227783203125
41fecc69c6e8d64cb4cf434fef0784ec,0.96533203125
f4b81bdc48119b8de33f67f5c39dcefe,0.0699462890625
740b56f325e02f5af71c811ae092f705,0.022369384765625
fe0f77f78c7d0b9219289ca71f1a5674,0.07122802734375
9684bf0ff7935ab4c15fb10d988e8665,0.00974273681640625
bd599398aaa7a4ef4592200194fdd74f,0.492431640625
6f8bf255e6f20bc1ba4f5ba497cff297,0.8955078125
84c8234591e64d74d54d799a7f9ec07d,0.66796875
582e35960238c40a2a2c84be6e636163,0.833984375
81512f1bb1e36f306790ac84c2e7eb25,0.06719970703125
321568e87be6d873259943921e9b1440,0.261474609375
bc155cd98dfe584f59e566e7c7daac75,0.0028553009033203125
d9906e030ff688c608c883b59ca80e7d,0.1387939453125
d2de2186c7ef00203e5d7e6a27e7a1cf,0.74853515625
126663735f6ddd18702029eac1020dde,0.74853515625
db1a14c9ceb3fd7a034a985c361233d6,0.5810546875
1e9f8d078ee0e16e5127bf35fbeafbbd,0.0869140625
d359df696d5860750435fc0998f8203d,0.5322265625
ed1da4a858c559712b72bb735b79a139,0.01302337646484375
89c8f128c2f965f61055e85a52112070,0.304931640625
c8c878772bfce386498504718519d213,0.01107025146484375
1fba30874ecb552e5aeb9ee0b4cdb56a,0.04803466796875
167149396b4f09af5961fd72f2fecce2,0.02001953125
121b5a5b3629c9c546e82184cffc65ee,0.0740966796875
2c29ed73020acbf7f035d3582496287f,0.150146484375
7872061303914db0c8670845c3aa80f0,0.5810546875
34c27c7635a858ec9df2551cf846b96b,0.6982421875
c4c2351d0cfef423c2e4a8e641a3f660,0.058135986328125
323cef2a3486dfc107b7858dad6ee52b,0.093505859375
815fa35c54e682f00fe8ef7ff337bfa9,0.0137939453125
a0c156671220fc0215cb0d904013ef97,0.69384765625
39c2ecfd33ee307827108d14ba59f84b,0.84130859375
3804f896e2314fdcd56467cd0794925d,0.55712890625
47e17f706e2b320a78737898d34a55d0,0.0208892822265625
ff76811bd84e711c3faed18ed89d7f12,0.00609588623046875
c967f1b345dd0c9fe7245c581bda2d07,0.833984375
d6bb239eb770d2109013c36d2300840e,0.0028553009033203125
d9c21c077159415e58890a0ac97a2cb4,0.97509765625
9b4cc589670e6843e37d7cc3906b79c9,0.248046875
3c4b72c99e01934a5521f930ccf36606,0.1588134765625
2d65ed62cbed2b50a97a206342290dee,0.051544189453125
cd14ae3ba25f5676af3eabdf6f5fbf21,0.03265380859375
4ef8f2fa98ad099763d48f375abed503,0.82861328125
f6df0ffd3c5dae167618988e06ae230d,0.2374267578125
3519d66673e1c6a75ededa2301bcb255,0.873046875
dbe1ea9908d7b2eceed79bfe133d7672,0.9375
0ca1658a4cbd62caaca88bde1914ef03,0.003040313720703125
c0a254fffbabc8abc9f37ad390653300,0.90673828125
8c9c36e5d5db69e8104b4161a4972e7c,0.003040313720703125
e34e896f4e94efaa43fd7a71cfec516d,0.026702880859375
dc1dfc120312ade83b92c1df3a486986,0.2193603515625
4ac56b4f6fb64c47a17ec531028ff542,0.0246124267578125
1901bb5eea85c8edd40e033ab234aabf,0.384033203125
ab0096f92f441b2358ee112b5ee8c703,0.447021484375
a04ab7dcdd78252f331789604acef833,0.06231689453125
3203d30d57afdb8a351ed0272bfe0820,0.1728515625
408e1916d7d518465f8218d08fbe14ae,0.035003662109375
466818dc52a3872e06bf76b664b7b825,0.95751953125
4f820d97f74638d1d551abc057a2a279,0.011199951171875
177c439daa70367c552144808045a684,0.049224853515625
1cb943c1e24ce418909452d056a095c0,0.02423095703125
122a6d2051953be2f182a2cd4fc26fe4,0.118408203125
f711e90f156e44234e26d027a2070497,0.80908203125
04569dec64d21ad2346c02225a041d72,0.828125
1605174d27c500f2af02c175474df7dc,0.048309326171875
cb64dddceb29c15b7c0b1c346b0c81ed,0.73388671875
d4f047d53fee38160cca298411811cbc,0.00885009765625
77c0df10d2f4192017a0b8b7e30346fc,0.02423095703125
11b6e67a694300001dd6a6cc0ecb140c,0.04351806640625
eeb255dd0067da308aaabf8b056d427e,0.350830078125
8e4b34ed97ad7b61a2eef9f7d58780b4,0.050323486328125
dacf6825e0dbd022d9fe0781dbf28735,0.9052734375
c3488845b02c149d06643c8181f5fefe,0.87646484375
25aaa65398a1f8787c27f58334593f91,0.05987548828125
26b79bc3bf1a0508ba12684a3560294a,0.25048828125
66ca4de2b7156982a009e504d06437eb,0.87646484375
692824cf1f9d9a354d979f77e02f09c5,0.00885009765625
ca8b2af4fd9f2535b5fc6a92be025fff,0.06488037109375
a4f502db9a22b1b9730df102e8870bae,0.4990234375
717853d3eae694d1e59ec0684f29ed66,0.98046875
28c303c785a1b11147106c384e0a506f,0.5673828125
5e7eb4fa027e11db6054b70c31022b1f,0.052825927734375
fb87a8d964a90ae94c0be5de3d25bb01,0.5673828125
2d49f478241841e4664c4c19c195b672,0.0240478515625
aea841182eff933a68d9b813300d29e8,0.7880859375
cd04be4383def55c0b4005436e4e2363,0.06097412109375
9d923be7515ac13691505600a87abf83,0.6142578125
778949b08cc9727a99692a5fcfe449bb,0.732421875
6743e3521bb2e738ae850e6d270057b9,0.374267578125
9920eec1082fa8239836e0ab68d77827,0.0240478515625
d71a81d8e935cf4fd5483e17af675e9b,0.673828125
4696a5a0877dd1d84a0caef09e460b25,0.162109375
be4c2f5f2e00c17b06080726837edab8,0.135498046875
bd6fb0dd4209fabb98abdb1efec464ba,0.306396484375
34d11dba2e475397591dbb2c7c4b148f,0.0271759033203125
3777fcf30d06df6e3e9d794f06ae4857,0.0318603515625
7eb56e763cb1d480570660e8921d1fac,0.9580078125
43bc2d1c1aab4cf661bdf1587f8d0fb4,0.2264404296875
6da3034f9b2ef28952a592f4060f9aea,0.05126953125
a1b40247dbee015ccbd8b4acfbedb05c,0.85546875
62636e862dcd0990f360583c9a054589,0.72509765625
0d18dea8844fc91ce9b5beba8a0275a2,0.06732177734375
6ad688ff17e0b8d64f5e92898d04c798,0.11126708984375
3feb4c28199ff64979e575aee3cf0331,0.0255584716796875
41d1a9c6a3463bced8ddfbc1099d559b,0.67919921875
62197ff0f1a6ff89599afa496673da0a,0.044342041015625
74028e9d9b9a3ebc24c358f5a1d90563,0.162109375
04355d7b44155e343a960bd619b91c6a,0.41455078125
5b46c32541a589115391c5c5258215d2,0.048309326171875
ebad34aa19a0e45b7169173bb9e07a58,0.0192718505859375
73ffeb044020feef6c70d70299006676,0.0271759033203125
c9203b6546ae32a885639c6564918b46,0.0240478515625
c2120d82678758495a3e194a2e0e2eda,0.02423095703125
c4d74c330a1b3164b1ea4ed54f3e49a3,0.029083251953125
e134052a75c2a6f07bac76020667eba4,0.044677734375
99726582fc0e576e36039e40a3a95a9c,0.0574951171875
687ac49b07a801f6734e4ae7908cc5a7,0.8681640625
3e944fef2cb466e7a6297221f2e64690,0.6123046875
1ff479f434960e5a1283a21ce299b4ba,0.10015869140625
de50e8f259f9a2e332d3e655318e7906,0.87939453125
7b0c9f89e94b1795946cb3a4e788d046,0.65576171875
b400ba5d7d60656b120005eddb1bc946,0.025177001953125
b20c9c4bff0fae03f4b819d33f578eb7,0.04742431640625
b8bc86b76ba42ecddbdb82c7a3369bf4,0.453369140625
d376b57146814ff069831cb75841632c,0.033599853515625
242adf1a28929f018977e0add6b2842f,0.87646484375
c8eae72888aa08aed6583d09204c30c1,0.82275390625
d6edef7c428b04c38cd05ca175a28f63,0.374755859375
6ae70b7546ef05e09c9b75e32ad1caff,0.63427734375
72574ebc8ac037a668c637ccfc74e538,0.01016998291015625
256d55bac6fd6b444b1032a1f46547c9,0.0271759033203125
e37102cc78195445604353c0d38cef50,0.87646484375
daea85eb1f64d2a47809416bb38c96a7,0.0634765625
c42509ef375f2fac605d01831c1cd42b,0.0240478515625
2eb272167edd81e7b3158e91545b4086,0.0316162109375
aba7c5bf4fc74594bd4b39a98e7b8f45,0.8798828125
fa9792b082d279bc9e1e0008425e0ca8,0.124755859375
77f6b8c481b25e8b855d00785347a59b,0.0509033203125
c978f8906df71c18f64ba8172e120f0b,0.026153564453125
030aadeaf64c351fae6a9377159fb79b,0.374267578125
dcf861a4858cc95b9d2e9ec60969933e,0.73388671875
40d3ae6227ae29528db5ad5b9ad9d7d9,0.0271759033203125
6431ef4a8d184a09c98ee6d658d11a4d,0.8857421875
34e5f2e2f60bc221c18e481cbb4f7ab5,0.08197021484375
39bf3f80d7d685682c39e94c4b41518a,0.0240478515625
af6a152f73fd1f7f84f049290f65c1f4,0.1417236328125
87f56d163a848d8ac207e845cb44a225,0.052825927734375
308667495b1c6889016751dabac6f1fb,0.02423095703125
750f2b6aa881f5c0d2a31594114ef012,0.04302978515625
0088e7505906e2b4e1cec18cc7f435e8,0.4990234375
5ca981d1ea8734120df9534d00037ada,0.87646484375
3a0b4c23a1e60e4e54f3d11b8a0c87b7,0.43505859375
a6be5e586178b2df0efd100c7ba453b1,0.0279083251953125
6ad3d573b1d9091433afc2e9d50714b3,0.266845703125
837db5e042d1eb09783fd4b1e1a055aa,0.0007672309875488281
1d967b31b8e65f241605d4ff739aad9a,0.466064453125
20bdb435f24e77d9f184268c8c4490fc,0.0330810546875
b797217977d46b6416836d475b9b5e41,0.04486083984375
59d0be402694fd9922dbf697fe194a37,0.053192138671875
cf1caf2af3e5e25a88e3f92acdf333fc,0.0240478515625
e52d603efeb458fbd212ef29f00710dd,0.130615234375
5562f387b3a467375f48ba54001f6691,0.046905517578125
86379266b1b75dffccbe0cae3b03945e,0.03759765625
ba598c4b9942dac352cfc86a86f58368,0.049407958984375
3f741b3ed188ad012e949de9a8d43d01,0.177490234375
8238f3c880ef30b52a1e3e8579b7d520,0.04400634765625
ed2e63c76a45c893308a5f691dcb912a,0.00022518634796142578
417503299e91cee5802063d002b18e28,0.1048583984375
7b1ad881708336e5b8153c12cc70de8f,0.9736328125
45a374344465e4e060daf8d0c39eb552,0.390869140625
43c6fa514a523e6cabd7e721b7871e09,0.374267578125
832a4316301b9cce59dadca8acab778c,0.98046875
6470a3e270e32a9b1b58dcb8e7214557,0.97412109375
978da72ae7d4ab22ae8e82f391794eb1,0.0328369140625
1ae71d2a00c2781136f0d041617131ad,0.175537109375
815e225f7daa728091f0c341db150767,0.071044921875
957b6cd24e500f265462696893365467,0.2264404296875
541fdb9811efb8ec8e679c9a1622b594,0.1044921875
ef7f1e87637930759edef22386bfb6cf,0.390869140625
8b72c702718d981624f084dd7737385a,0.59326171875
efca8d0a06335202c9b85c4bcd747824,0.87939453125
5cc85a69a7aa25bd4a37bd0f384c2b08,0.0836181640625
bcf9678f8860ece9d8ccce90fff511fd,0.0240478515625
0cd6d5fef0b100059834b6f2b492597d,0.87646484375
0b840e7b40bd2e08b45bd82cc6ccab03,0.250732421875
fe6a888e957421673d2eab2871b1cdad,0.87646484375
caa76a2e499173ee3adc3b637ec8a213,0.027801513671875
aec381fc959382f423e25532559c6092,0.374267578125
f6740439bf82650ede557efa3d1d8b87,0.0083465576171875
a2d92e6b27559a76009e93f8d754397f,0.6103515625
4358308d4afbc52dcea285dbcc9ae152,0.1358642578125
b16ca7eeb9c0a4bd80ac9f9a79ae6d2a,0.87451171875
41456c2676737a75b73e8941282214c1,0.052825927734375
50941e4a6f6129d5ee4efb21c8b1b3d6,0.201171875
c74d689c3b05afcbde9d338f17b27ba9,0.1707763671875
81bf4a617fd92a78dcf41d1127a6c3bc,0.25439453125
85046498abc6cbdd9808c34f47aebb25,0.0535888671875
76cd429a71cf1c495d89f09f1cebe16f,0.24072265625
575cddd17ff8d7127e66797e14b82213,0.374267578125
5176617ec66a7648e154c15127686723,0.04010009765625
7674a7c461e4a0c427e4307581995ba4,0.71142578125
b93e5a2e8779157d93c4e483cf5f1e06,0.345458984375
a10487572494dfd3904429878e0445ad,0.3017578125
5afcdf169b99322bd7d70c8d4ed63368,0.1251220703125
9ce410cb1acd54d47fa5ed7a489bc2bc,0.97314453125
1d8cdf761c3c845c7f2cc4199ad345cb,0.0953369140625
b19cf40634b4c963828cc376cedfa59e,0.29345703125
0c456d621745986c4d890a6d12275b6c,0.529296875
44f8e8dad422f293fe8b66c500aa5c18,0.389892578125
913f7f340a65cc33bca1874d3225442d,0.406494140625
30d75d7d5fe9cea029423a625f4e7802,0.98046875
f60c9882887751ec3ef1fa3679e49b9c,0.07586669921875
d2f780c08769d160e38f00373c0babd1,0.1326904296875
2e2fbede9031283a63416898456b2190,0.98046875
109ab087ca815a3470997a513d47b640,0.061431884765625
ae154f486b7c7346c6ebf6f07442a3be,0.100341796875
deae55d894029489c03e3749b967e0fd,0.86328125
db894f90bd4d25bb9e80f7a4fcd74b76,0.97314453125
f949b570d6d06e1acd24707fdf775cb8,0.04486083984375
796339be0663aa064be0225f6f9f13a8,0.052825927734375
956b6cc36153a39b847e0c9031854f41,0.63037109375
cef46908a155cb83e1b8521d668a076e,0.06304931640625
2e1da78e3d75e4c0f86e2483b3bec717,0.67822265625
cf5b3ec188547ec44e620f2cdba109c9,0.0253753662109375
5d47812345dbcd1bcc91ff4c51683b0a,0.0287628173828125
9d318ca2cdf55363c556833b34bd5631,0.1317138671875
717ae0e030e0e862ca3ad47e22e599b4,0.318359375
9a145b9bb9b86939ec09dc68131f7516,0.020172119140625
49f75a39e931c1c72f3458de8ff5905a,0.08587646484375
c719b9069b4958067810aaa7c947872f,0.09771728515625
3edc5f61b275527d3685436e58c0084a,0.98046875
398bc7c02b83f5756e1b1b0e97c637c9,0.053192138671875
1d892b0548f207882cb2bc8b3d7cbc72,0.042236328125
6b107d68de254301bebed1763c93592c,0.0272674560546875
c9b6b107c13dd0fdccbe95695c3e3f7a,0.65283203125
362e27030490ad0046e99d06ba05bc69,0.84765625
4c5927dc80148846d44135241c84c178,0.08648681640625
4bd29d5e096bfbf5895b246c1a3ec166,0.02508544921875
3ad8e4b4dddee0496e81e5362b9507af,0.053192138671875
5462cfa9e0262128c9e4ad9a9975986e,0.453369140625
882b3feb9166f1e19e670f29a4567692,0.765625
bd15747a1186741995f6e96e5e376c0b,0.374267578125
0debc5c272420387a81d911d515eb533,0.86669921875
91ac6deca3af450226dbf85cfaa439de,0.53662109375
3da1b1c0d5fc9cec058e7c74013b4fcc,0.384033203125
4b6d16e7089c05f3da162e142189784e,0.87646484375
a7a3699f8cbe04d50de49904a3fc2fc0,0.042724609375
2228c33cd7b78059b502779d475472b1,0.049224853515625
06a7a58fe9e2261c868f5890eae85dec,0.204345703125
d87e98ed8d311ac66d53ab29a89f984e,0.7060546875
971fff61baf6c3864fc8364e1c345f46,0.10284423828125
9b75517fd8ade34b6fcb1c2bb08668c3,0.06536865234375
2174014b9b46daa86c9557b65360d634,0.98046875
6621c0e6b6a64c9244b3fea0fd8e662d,0.98046875
3fcce8b9e2b2659fa46aaaa5e007082d,0.89404296875
6081c294b8f110d18f0911fd131ab6fa,0.37939453125
8f1658f4b3e898e99056e2c8fa04aa32,0.31787109375
4a44349803198be3ef463d6b189540ff,0.18212890625
012100f67bce8015a954d16d3a3bb2c7,0.04486083984375
1e77d802493fdc0dbe069b24d16af26b,0.86328125
97012c3741134c3b09974b6300783638,0.00885009765625
e2d0224cbc9076efa907e70395919c8c,0.195556640625
b70dbe5eb2cbd1f32c1b235c4735fcbb,0.322265625
c50695cd0b5b19c0094567c7af09bc7b,0.10015869140625
9276258e0b84d9aee61cc44c6bfebc73,0.036773681640625
1aed8674fd45787a5d32fed976741edd,0.32861328125
2565cf16832fc04aae2c021155c01abb,0.55419921875
89adc6f77d8b993c8fbefd4e2e737b8d,0.72705078125
6ade6feb3e9006eade1dcbdcce7cea63,0.86328125
0542210341bb336cab8198eaf1b29c83,0.0390625
47dc27518bef60aea2a67b9bdbed7e0b,0.69970703125
5f8fb170b2c45efec5cf77f11416d0b6,0.45556640625
7db362ed17d924220d7baa073188df10,0.11260986328125
ee103c98a972621d9e0f4cafe7ee1d89,0.87939453125
462036a297402f8dcc31431ab43484ad,0.0225372314453125
6f4dc270e3e300576091d14280223a91,0.7880859375
d159a44fb5126c6b9ed7d5bf9dd38cda,0.306396484375
50b85319b5772a749811abfcaaad8f6b,0.0233306884765625
dd7387ea334a4a2a68fe0ae6fd8dd3d4,0.314697265625
50948fb17f46bcca1803c99602bde762,0.0240478515625
837872320e2ec5f8876b26dc9ca76add,0.09771728515625
0fe65d945d9f773bec35a27ce6999a3f,1.0
579aae919b3f3c79a71fbdf70083f2e3,0.09771728515625
1b36f9f4aff5c4bd75959e2e01112cd6,0.982421875
91c6b41c926d501e2121bca2f2172239,0.038604736328125
49423dfe15fc83479a1714760ae25d1a,0.87646484375
2794e57550325d39443e9974d2415b63,0.0248870849609375
6b69b00116cbe67dae2ad37a5ee84835,0.0294189453125
ecbfa8953c4e37bb4033e9c14425a310,0.94140625
188898227eb131126a4c1b0e74993993,0.5107421875
6f169c53224de5d98d3973688d79b76e,0.390869140625
1dcd08ff2fedef463beaf4fefa4e3e8e,0.046722412109375
a5de2fa61adbbb7c487b788c5b2cc97d,0.73779296875
ad2ee59a4bf1bfd8a977828fa619aca9,0.0836181640625
36afc6cc568de8932c16882f110df2e4,0.599609375
cb7d25d903d7600da02a943878d14cc5,0.900390625
b5aa8012b86592063726be6fe7a93247,0.69384765625
56ebe8e2f9dd1f3c0fe9edda52d85d04,0.019500732421875
24ac02618339eae3098f935b1adadc3c,0.09771728515625
49351ddf1e1a9934024986a6ef5cb465,0.63427734375
0f269ebb6bdde2b1aba3ebbe4f552584,0.44482421875
b67bcbf559492d1f2edaf7938e5bfb7d,0.08978271484375
e123fe753006854bea426cf7b3d83942,0.038604736328125
1a5320649b84fd950ef4b05c0d31a634,0.87939453125
2523bc51a434b45d9fa9881a77340fb7,0.4990234375
12f86a26fae93156a246327c0a413038,0.038177490234375
8d5813933af82f24636c5ff87cb8eb7c,0.029083251953125
c77969921764299cf7ccc79db022e8ec,0.0287628173828125
70048fb9354fc4eb4974e9106c4bc57d,0.052825927734375
0565331d432f93c022c3c9b54a6bc0f8,0.055206298828125
2cd930c0f73365f4174c5407725162e1,0.69775390625
06c83a6c5be0092dcba0b1132d0be9b9,0.0943603515625
2f155183bbc4a2e0cb5b0af94e1a89e9,0.73388671875
aa9d00977ca3348a73cbd6a18507d643,0.0460205078125
c22b362dde33285891dc5ca39252724d,0.0284423828125
dec865ba4532e7e49233a09a4366013d,0.00885009765625
b544839f96c2c4a4a7a31aba860013dd,0.56640625
db4399c11a938550ab78e8f9964b7d7b,0.8828125
826e75a579739a816cd3315dce701156,0.094482421875
d19a6123245899c8df0d2439d4745be6,0.35986328125
dcaefbd773b91c413d7cec10291118c9,0.053802490234375
8a5829666628d47fb2dd4525364ad4d5,0.00885009765625
2a01235356d4ddb0a49b678426b52836,0.02423095703125
26575b77b6a1a0b109ebec6797c5e501,0.0240478515625
9c5984ccb4783b5f7263eea825b8eb01,0.0966796875
6bfeb97ee8e5d8ca57fc1f0798fc87b9,0.03033447265625
bdacafc76193287481aacc058157b552,0.953125
17359e6853aa0497b66c2171e2b58688,0.87939453125
3c7f04a928f846b14b353785a1aea7ab,0.0316162109375
6af458cab5ebd8f5ed7a893325bfcc12,0.02423095703125
c9273c2101c05b46ee65ed4da6038c83,0.00885009765625
f7b2f7c26e2e1d25654a632d428c1369,0.20751953125
a471f5c481ef0ce59ae973c66023ab7e,0.02423095703125
c7f0087d2641f8676fccaba50bf3ea65,0.98046875
8503c4e64db290182f1175c7ba28b8f4,0.87939453125
17c8ad633d5e569a65a9f56b0d881cb5,0.148681640625
40739461598b1bbd16df55e689ea2953,0.98046875
e4f211f9539180ce5c59cb86406843f3,0.728515625
867b04e89ebb05a7d4ec32f91054f0fe,0.9189453125
b0a38039837684f4d0f22db111923150,0.8291015625
3607aba53a6f95b9eb37702894834291,0.0227203369140625
3a8a5d07eed856360ba11d8b2c7f810c,0.02423095703125
69f21b4f34ee7c288a17d92c23612526,0.390869140625
14b72e222051dab40e4e63a8cf9db510,0.9130859375
f02d4b137551d4907433398c13567904,0.0
cc552bed9629fe4d9f2d6d60120bc8e1,0.0222930908203125
56881572c6c65155fa048c8932bec2a0,0.0352783203125
8b449eac29e4b1357a05c590149c9972,0.03759765625
a90e0a9abad0e89d67a5c851c46411a0,0.10858154296875
552ea162a604a99160c82e09bc02f4cf,0.412353515625
8010201008bfb051e40025416381502b,0.1873779296875
1bbe3a3f1efad030be690f626257483a,0.11614990234375
488ecbb3015d642ee9641debf6db473e,0.09771728515625
98105d7f07a19d36dc82c299cf24d552,0.8095703125
5734ffbafde3b8c0490a1ef0539a9c73,0.040679931640625
8ff8b5501d9a7a4fffbedae5403171c9,0.0390625
30fe280000c637bb0976a66104fb22a4,0.0283355712890625
d5e59958667efece8f5747d3dfd42038,0.69970703125
b69e287c24de46b6775b7158efa3217c,0.0318603515625
6ffd96ca7c4edad5e9e4016cd9a3e95c,0.04486083984375
1e1b60b3defa3b35a2a94e7fef7adce4,0.01036834716796875
c74a54611729be7c00a42b47d4d41e00,0.87646484375
c1b72ee5cd95f7880d4319a521a72316,0.90966796875
ec4edfe94879c76f992f740f69deaa63,0.09173583984375
4d2881108d102f5bdc0fc292f0d123c0,0.8779296875
c1a13ecb533f5f43b9f6f39c22e597a6,0.64208984375
bcb74e56a16aed3b07a3854998655537,0.69970703125
d32f2259c948cf0a3c84cce4b553c342,0.69970703125
b3febe92f1497ff787365bedd1a11c44,0.5107421875
53cae10ecfe331a3a401280a7596749f,0.043853759765625
9bd1bae8541225f2029933720bfc071a,0.0330810546875
c4e3646c176d8c816ce23ca30c287a57,0.0226287841796875
1705cbeca3b19d04674b571bf673e170,0.033966064453125
ebcb00aaa3ffa6fd108769bff7e5dbea,0.390869140625
c21c4e8321e65cbf84369be479a0948a,0.01142120361328125
7d54accc713aaa6d8c5edea15978d4d1,0.70556640625
618a7969f184049df146e887dc3be4d8,0.87646484375
ece85234c9cdcd6c3a4f4c729109cc53,0.24072265625
d66f2a5b70c77567f30d256612904c00,0.390869140625
ae20e4ef2d6b4eb807bf5c9b76a00d73,0.388427734375
e7e77327ed18bc874f9d9a4505bb3f8d,0.98046875
d10d6c411a2a0521f7fd18f308f9c77b,0.0203399658203125
db48c5261628593972e89077c73eb5a8,0.027587890625
73af75d5d5b8e2ffb64c1996e93de7f9,0.0165863037109375
825d377d6a315ec15b3f4d8e79d3e732,0.0279083251953125
ee91fddc35321aec6b51eeb0e7d41684,0.033721923828125
29fdc7bbb9fce51e85465a8dabe6e56a,0.07330322265625
4b7702a88b2275969677a702c6ea77f0,0.95361328125
dde23991bf8c7157c184816e6af6e019,0.02423095703125
5bae2f2b450c76cf47b5acd6d3d14d35,0.6953125
c28dd67e2a30f5244d3001be4a7577be,0.11126708984375
bcebc46ed9e2bf4277c76bc9c469fc70,0.07501220703125
bc8ef63e454a757ddadcbbd473e0ce20,0.052032470703125
ed3db459cfd66b6e7271c40974213fec,0.87646484375
c16e74157e50529f0b0b790774ef25f3,0.24072265625
a3afebe0a94b39d2a58a061015ba4b56,0.04132080078125
0e75325270eac31b2b9ba651263c94d2,0.02606201171875
1d831df3d1f180bfb4cc7b27be38f382,0.744140625
85f1ca82fc70b916247508abc510816e,0.287109375
52b4a7407fd8a1f3bb32cc9ed3da79a2,0.7880859375
04d1709becf142f6f34acdfcf40363c1,0.04486083984375
6b976186f1c68d039e53cd7d1d8c4bcb,0.1617431640625
fbe6048b7aead2c2fe28933895aaaeaa,0.374267578125
90f628b09fe3c266d7b8ec6cc33c3a5b,0.0007672309875488281
713ac487d166eacb2c398af18ed92388,0.7333984375
a8460572c8824208530e5d1529d287d0,0.0253753662109375
6ed87aec021b3fb313ccb925de4985b2,0.86328125
c79434699d057c76e0e1a40a6a3f0c5a,0.0271759033203125
ece77257201a4bb7feed1265322b5f63,0.025177001953125
66f1faadb804eebe26fb407cad3386bf,0.0294189453125
d428b80b655ce07f5a7f080e4c22f10c,0.0247039794921875
38e618b722c9b04858e43bc4cb177d6b,0.1104736328125
cbf7ee97385cb0ff757532eb268dc754,0.18310546875
68481872800b45ee7bb25c13fac5da78,0.019195556640625
ada34ff747e577fd6ceff08f5f95f8b8,0.04486083984375
f384a600b39a53338a1587a271b7ca16,0.24072265625
36dcf63ea2308bb1d0a19f5b5845df0a,0.052825927734375
f9bb58b3f2ba2c08c54ce5b5be527a11,0.97314453125
b5e52872a84e29e5eb25b7bee52035da,0.070556640625
fede491e47ec07c09228534c7b0d6732,0.02423095703125
6c1fe60bda0ec4fd43fc2a05535e26db,0.293701171875
a79a3424a83434e4ef2570418137c464,0.388916015625
fb67a593a388f46e7fc0c7d3e6a142bc,0.103759765625
9e5bfbc7c6c6a6f9ad84cd55e7ab6e68,0.0164642333984375
8803ede749af694b79c975a4bd5c50fa,0.024993896484375
ed61bac866938f2cf7ce3b05de9185c6,0.01507568359375
360a4aee9a7e1f80c48d10bd24c64142,0.374267578125
3ee5955c29e8e225ac318d8823942dfd,0.019561767578125
89a336ff11371d12f8b28496a4c2d272,0.0211181640625
939053a02a5ac0fa62fbed698d3872c1,0.43408203125
6eb5231c1b8d168824739679360f8ee6,0.130615234375
a5533b2c40ec7085a4c4fae8b278c665,0.11614990234375
0098d0c218e369e770c5138bee2c4909,0.063720703125
da9631544b1c2f5c71b272705875ee60,0.8720703125
57170cadb13a79be5f5e610327346f58,0.00885009765625
a545da0cd50b248cc14171dea04fe6f7,0.82763671875
d1b3a59ca74ae076d8025a0b0fac33cc,0.0244293212890625
58ba4258faf83a9415c6376f3f14b631,0.1435546875
a23af4d5a0c2b60dbfbfd72eba784d52,0.51611328125
e7664a83fe8e33625f1682f6553ca200,0.1654052734375
42f19b504ddc3c447c1b26ceb742ae8a,0.12493896484375
8f0b9dadc7516fd6b0af6c9d29e7632a,0.306396484375
b76671810d11298f7d1e0304bcb4c96f,0.00885009765625
9192c2363847689ba2d28c05c4c04c6c,0.288330078125
857b62a4a4f39c1d836f15cce0e15a4c,0.87939453125
bb99721c602a13bf0c4216e92b873275,0.98046875
06f0419e14e6c8bc01dfdf1bfc71b7b5,0.72314453125
2a7db782a56624ffdb57519779a29d7b,0.446533203125
55713ab3d3c422cfcdc12919ae8b570f,0.09637451171875
043fbd84e0a00c3fbf71b88a3e2739bc,0.23681640625
0d3a58f414c2263db0986b23a92eb67f,0.281494140625
7c1d1385f7bab26c1b045342a4ddf017,0.8935546875
e6a39ede3623af3f3217f3b9eaa94415,0.240478515625
ba5a15fbef0e281e3dc7d5974574eb84,0.10723876953125
308428378f17274f3ba566f432e484f0,0.0253753662109375
d51a1670a595b132b0e82478994bb7d6,0.8193359375
e5f154ee0beb295a628774a47c76975b,0.051666259765625
1c9e15470ffda0270920bcc21a8c133a,0.4375
57df64dcbc5fc1004eb64daa978fba7b,0.052825927734375
b121e59fd376536b92d2e25ff60df3d4,0.442138671875
1b5fbedc696d139bbbac4b2301b3772a,0.3212890625
22e2cd2c2505743f3dbc876ca9db6318,0.18310546875
0f0ac793d48413e50f4b502b415390ac,0.132080078125
42bd3a67059faefc2acc74d783c44bcf,0.86376953125
48415568f836d153e802b88eb423c028,0.384033203125
9865a974e15f491e21519fac53bb6474,0.09515380859375
26a4ce9dae442ec9094e94eb9c0d2b54,0.052825927734375
efa2128c91490996f6ab6b981847cb63,0.162109375
4a10d0acaed25a9a9cb5a6b4567bca38,0.120361328125
cf656adbb5a7d3c6fd3580492f346fb5,0.046905517578125
667e8952a4a0863a6c9a3e4065e76ab2,0.92919921875
83eff6684f8c160415c6aafa92b556d4,0.97314453125
1d24d79300a594697d58157d6ca5c7cb,0.02423095703125
12bd554a9afa25a5810b5096edc542df,0.0204925537109375
517db59364156c54e5c9b6469952d44e,0.87646484375
25127b19858315a66fe47d6c41d0eeaf,0.045684814453125
9f11a2723e14e099d96976751d83a9ba,0.95849609375
174f85ae1daf0677c50ea1f78b6a3fb3,0.716796875
f8827818c153f251c89232c10e981109,0.046539306640625
478676a94500d6753bab0a764fd79344,0.02508544921875
8d7c9e2c9fe6c26ec83210d1e36b94ef,0.87890625
6225f881ceb550128568c8a55ba79acc,0.09771728515625
f38dd5b05ce3c2c8ad363d1336a3f43c,0.0304412841796875
963121fb7ed7ae47d1c455a3881a07e9,0.02423095703125
b2077333155f326e711eecfb20ce4dbb,0.791015625
d0a9e7e3d5513c296509bf87f923f2bc,0.0246124267578125
dfdb72709c586860a44f5343b53ecde3,0.02423095703125
0256a8e155ba2c72fbce0dc979a7c3b2,0.85888671875
34821bfee7748dd682b080ed1c3996d0,0.94580078125
796cb77a13a12b5dfdde86db43afa457,0.148193359375
13e8d870e7ed9c26e660a2bdc4ea886d,0.300048828125
e6a7c64db192067a8633b2ec1a7c9eea,0.09515380859375
f8a6d90b1e91e0ab4f45417783050ece,0.0296478271484375
4e2f846871f4657ad6f6f18c41921baa,0.29931640625
75abeeb6de18530f65d26e8115251b8c,0.235107421875
065f858a44b78a6399a9038a3e4f2931,0.75341796875
205557825691a18de07dd03763714cac,0.69970703125
067dc1e57fac949b81ddb4f88a028dac,0.445068359375
3dd2005f5c15f7944bd978a767f6ee4f,0.66064453125
ed2f590cc5dbb6938ae3a84207f067e0,0.486328125
4c3a2d588cc7c5df8ac9d10a1556932c,0.0240478515625
200fb53dbdcf06dd442671297cb46aa5,0.63427734375
505b07040a7c00672d73e71102906589,0.72509765625
70a2751468a260dae8b0306263f0e98d,0.80126953125
e064f2f65960723e94321e019c5d394b,0.57763671875
ad01a652b6e813ddb402daa99f30958b,0.70556640625
da90cab572f4dc7ff2efb003d6174880,0.22509765625
5fe593b929da5513b3539c02c7a0f800,0.73388671875
5d56e27020d710f00e5effc4ba2beac0,0.0287628173828125
2ec033b5a3837ff27dd09625df1352a4,0.0240478515625
66efc2037745d35ea5100b0d0f512b3c,0.033599853515625
1795aa8d37dd076da9a83130d7f17b0b,0.0232391357421875
c57be4a13e275cc844d04c65f44a8700,0.020172119140625
7ff9003af89b1cb74f0ce5554154a9a2,0.19189453125
b60b35ac314e92d64dfb7eebb8ba0bd9,0.056854248046875
802984b9d164120a43fc580b92091c2c,0.7880859375
99a1548932db018e23430c7682cb0ecb,0.451904296875
5840b28d0e6e88d0bd44803d74faf62b,0.87646484375
ce74db8b379920f0ef9cb03169177de8,0.38134765625
834e7d89d3274c6177613f6d1a060348,0.0240478515625
e1219db9f7efbf0e7c4160e1a1b0eec6,0.061187744140625
077d313ccd70e20869b1f9cdb5f95769,0.437744140625
dc15ceda83790260530bb71adc86f819,0.0200958251953125
0cd5943057873d90624eaf2898283c34,0.0240478515625
f05b7779ee3a541b1a76ad1158042c02,0.04486083984375
43f98f041f4c4a63fedafc0d5b6968ab,0.87646484375
8959dea0d09da1a999ddc115fbd1a676,0.12176513671875
14f72e7da3fac6d45823168e82c31196,0.69921875
e47f91d4322633329763192c28141b99,0.06488037109375
e8bf8515b86024d8cbb61d303f2ec7e1,0.1676025390625
38bf94955c0a9c3f67aabb94128e7c7b,0.87939453125
308ccdc09a05ced8c9927fce07c966f4,0.08135986328125
98f39e8bb534d7fd57dd83076be4e665,0.3291015625
cb828f233d71b355c50f6aa6cdf7a70f,0.00885009765625
36aa5d4cc52bc22d1e27673ae9b0b5b3,0.374267578125
7df46377cc6f3771268104e79b1b5625,0.4990234375
bbe660a686e731e57019dcca9e7acd1a,0.1536865234375
c57150951722bb5bed977a94096e5ef9,0.387939453125
b1f0f4dcc26799e0a338af86977bdfff,0.142822265625
5f36aaf4ce578c64ce962ca1591bb2c1,0.030914306640625
6a625a524cd3990f75a7859dcebae884,0.02423095703125
ef5e00bff5ff2ef793685e7e6f8ae23c,0.61279296875
85a64ea12e773048d5e1ab89319a9a00,0.2490234375
49a43e0b8369fd61f99a85aaa4beda31,0.0240478515625
2e60d04f6c92ce581fdfb366b6ea419c,0.0224609375
52799b712cd62f7ec5160672ffeb16d2,0.0231475830078125
75165840510f229c87e212e6a792e33e,0.55078125
d02009c6364dcc6c6f1601919ceb9f05,0.0455322265625
4a266af3cc14776f79ab2bb99ce2b719,0.2254638671875
697195113a9b5b2f61fc77f53a21f014,0.0943603515625
dfbe0e2441ad14dc2acaf40e04bd88ac,0.07275390625
d59c7cc6f109cb59fa55309f4f829692,0.87646484375
563c3f03357c7c749c433be2b9dcec84,0.479248046875
df08c6231922e28c97d0c8ef5aa07b79,0.87939453125
70ca65de0e4e55211a32398c141f7759,0.87939453125
4362f3cbfebc96b9bb80a50c3e55bed0,0.75341796875
5b15313b0e0f834938bd8b89911b1a0d,0.1719970703125
02e185822ee8a27c575d5919ea9780ec,0.0240478515625
b10a8c23f139232d3cbb368c2bec8f4c,0.58935546875
0c0a6986f5386d322a6f3842d12d3092,0.9072265625
ce85b87ee81ccf5aa904e331808176ee,0.447021484375
90a9a41216961c1b036d4dbdc3046984,0.8798828125
46f6491e8ef32377894242c2f618205f,0.045013427734375
3acb5bb9fda51fa3ab0a140557827dfa,0.1357421875
20a74d852ba2bebadc60d1efaf0847e8,0.240478515625
5f6f46bfddb92bd0c8ef4a3026453b9d,0.204345703125
9ea29828cb5faabadcb78b7ab00a3f38,0.0296478271484375
fe3ab8606699f49c41cd99a22830dfca,0.09771728515625
bbc0bac54ef67d87a8acbb3698dec29e,0.0966796875
c6455576d6798215b1ce846448386d5e,0.035400390625
3a3ff42d5fad3a67e156557f726ff0fe,0.07183837890625
05c3c276176190534bf6fe98ad04675e,0.22509765625
a26ab94f0d4ca4bc5b461fc09af73627,0.55859375
9c16bd2baf802df1313a2c5777cfeba7,0.037322998046875
1010a2c9cf42aa627fe6972c830b7cad,0.09771728515625
b2adf0c04ea36b466c91d3cec75862ce,0.48193359375
7b9a986ec9078addbbf9d2e43fee600b,0.0775146484375
5ade194020c95036b45acfbcd51cd599,0.9541015625
f51d485031a36fed531ca2a251271b5f,0.0236053466796875
76e8a4830b39a557faa58886eb6fd07f,0.309326171875
632fbbf173078fcf99168e6a5bfbf120,0.0304412841796875
980c73ef940a48ea6045975b7f51b148,0.06536865234375
69797379048980169df5a5020ae29909,0.06903076171875
8e735f0f1e57adb04fe5642eb018d06b,0.03582763671875
106ca8d26255c2578b71e8e85170d825,0.97314453125
cbb0baf2ef90238abf7ad907476278fd,0.035552978515625
8431dac676e78ed9709877ed7ed7dcae,0.02508544921875
86c7c70691d692a1cd065996f86dd127,0.98046875
c9542cd13ba90795a086eb1328c48d01,0.052825927734375
9a99ef0f9d9ad6a098ad575cbc67029b,0.00885009765625
1a7db1d0e1bb9df4a7e2567b1a5d4d44,0.1617431640625
b7fe6771310f90d0ea604bb1babdbdd3,0.045196533203125
c88b44778a3d04b1c5ea318f4b17516e,0.32080078125
13e5f1fce17e2e2744a70a07089b32e9,0.00885009765625
a6c8af48b5f7f850e5400cca5c288ae1,0.75341796875
c7341d67f8c3d2e1791b87b3ad647d7f,0.87939453125
b057c750c04df6d42c2c282875c04b18,0.041473388671875
722e1449f0ccb646b7b8359d4bb485df,0.00885009765625
26b47e34afb23f858a1d6e632c73c833,0.471923828125
793d6d21f9ae80758063480e03f9fabf,0.390869140625
addc7f8152ca94c4ea9c0960a211e93b,0.81298828125
275cf7518249a2f5eeb91c11573b4eda,0.18310546875
15331bcfc096774d186ef906b9d0a08c,0.2406005859375
a82974648933d62f9333362a084abdac,0.05987548828125
6b04904cf03ab5d3ff524b13f6f50186,0.037322998046875
2d52de64edd9507837c571f717c7db60,0.052825927734375
50cac4d80ae617c57657fa9850e8a91b,0.65673828125
760236fd734bf5655628a32fc40ed0fb,0.9052734375
f9c2ae6a0465a613aec254f8e0012bbd,0.089111328125
0367d3a3a6fdc62b97caf3f297e81056,0.0240478515625
536bb209bac73e957e7fc6a7b9259f03,0.390869140625
6976639e701646e25c0a96c67b9ffe5a,0.98974609375
5424846d03ee972dc023e151a8b596ed,0.08758544921875
4c049f7657650a74f886971ea4356f01,0.294921875
40688d1abe87de649a9ac576cbc3da3a,0.00885009765625
099e74f87f7137d536e951e08aa77163,0.9482421875
628c3ea9a483db3343f36a81e7c709b8,0.021697998046875
239e28b7742336ebc33d4011a46c874a,0.8359375
13597ee37b0db41f775e8aabc5c33722,0.47119140625
d32ee914c6410cbf5653f9abaf64e061,0.0293121337890625
49d04019e08e682beb1f5ad9e8e74ee9,0.057708740234375
2d7c8b1f32421672fbb910a5ae396cd9,0.052825927734375
8d08a37e150e3b635855698e1de26c97,0.44970703125
26899ae11d9e8c28d9439fb19a187fb2,0.479248046875
07a35f248a01747dfd03070bd6eced76,0.052825927734375
c979f0d8a07f800df76d5ec845fdbd77,0.00885009765625
62ac107e28c6936adbb2c07c90a39e0d,0.0174407958984375
542be8d79f724e52eb355fdf821f455a,0.019195556640625
e7b1eb3c70f304093953a516a5168399,0.69482421875
2d3e5a2a2243d788901fb182156f4031,0.2347412109375
fc3f82c9200496428652bef9892ed46e,0.98046875
9681088670471e60d174748eb02b0fca,0.63427734375
b5a39e59718d3b24a9701645913dcaea,0.64208984375
49bf387ff134c0613a96ba231e1101f8,0.479248046875
cae17ff584c4f3a9508fe0d9ea93be5b,0.87646484375
132d6a8d7b4b3f1f7fb968fc2191b7e9,0.88818359375
664dc85887f75d1c17389e82d88fbfb1,0.49853515625
774e3776b5358bc7a598d12c1a15a624,0.1492919921875
a87c67fa69369748b7b14375994f9fb9,0.43310546875
c43a3d38dd54d30212aa22ecbc6f39b5,0.68994140625
748890754e7e6c0f109c8a70b5fd6fbe,0.040374755859375
5759bcd88f92bc21b96fc82c38e40c2a,0.0248870849609375
69e53d6f823c25ce5c677e4fa62fb1cc,0.033966064453125
f2bd251a9604ac5cbab64c7fb080929f,0.0296478271484375
ba95de86218ef4fb87322010bb93f3c7,0.97314453125
95fea2db5d2c92a2374273ed11ffab87,0.97314453125
f95988c1cb413b6c2a83ba22b4a4c2c7,0.0211181640625
bf6b7e47584d01b5c782c1caaac167ce,0.2271728515625
19b4cf2a56d7562ef8eae37665a14034,0.87939453125
ee283089728595118a9fd75136ccbfca,0.00885009765625
e71f58905f93b6765173f57d60e59c33,0.060760498046875
33ca23c43736082f44e1c09ff5cf079c,0.026763916015625
f5108e65fe1488186e15cf7eddc7b02a,0.97314453125
e2e1c400119977a80860bf23bb45dd43,0.7919921875
f130e39ce882e851bf17084623312240,0.285400390625
ea31edb990ce4737e2797b3fb261d064,0.052825927734375
09e147224c00abb8898583446d637380,0.794921875
d57a47e4f750addd9e703cec987330aa,0.306640625
402551e16b93e27334ac252e0ed1ba49,0.1480712890625
f4a3ebfef61f82c0def68d76fdf0c5d5,0.74609375
efb9f5dd9853623aea9847aa19c9611e,0.00885009765625
1bf662f6bf3809422d2e3773e6687c03,0.98046875
d40b18e4e8830606d472653e7c3737dd,0.791015625
fb98a789e8446a72356269cc67df747f,0.87939453125
e514b47fb710b73b2f581a35dcad2fbf,0.255615234375
7717ccbb1ed5e12c5362856f8389c67e,0.374267578125
255aac71617edb0cc31709ef30fbee0a,0.384033203125
3e598a39dd5166d24d872c6d9f74196c,0.436279296875
70ec1120f63f2e0de5d2b1d90cac63e6,0.68994140625
7f45d610e5fd88fa9b74c9c10f5a8618,0.87646484375
1c267baf2a1824be9e7aaa1cdd59f7ee,0.02203369140625
e2d90156ab03ca59299b499a70cd598d,0.98046875
85901671ae0eb1b41e1dcd39c9c01c3a,0.380126953125
d240ef7154d37fa3b9110db85ce21c6a,0.5673828125
4b21bbd20b874060f1617052e29672d1,0.69970703125
74f4d21c3c646d1f2ed34b1b3c4486a9,0.87939453125
b6799d3eb8653effaefe0d1937285b2f,0.0728759765625
a6c5658314ecae46780363feb3ba9ac8,0.2437744140625
d76e579cfb617b7398100a4073ba5063,0.04132080078125
c5997159e9fb2dee73f3f8e99a4b11f7,0.076416015625
5eee8970cfc51bc61521622afec6be57,0.07501220703125
bd9729928a052c6b015cb92345868a11,0.59326171875
b015b8d808bbd3ab0849fb518bf7f546,0.00885009765625
a9643de3c09cccd104e54a286ab0ec78,0.69970703125
0955107728dae962ac0a54070c539caa,0.337158203125
b6c2aac66120fc763f4129544253ce5a,0.059417724609375
a8c32d32b6c010a9a178f7125ff09a8f,0.982421875
3c424a5687702f0064d6881187fab3dc,0.0182647705078125
999f3765cd39a7bb92de3ea9a064e100,0.44775390625
651e380b2949ec0a2a0f064e46851a4a,0.90966796875
76cf1dcb9cb2779e764816a818bb6ecd,0.884765625
62b1e79a274706c181bbc7cb6ac008cc,0.9404296875
473e10903e3efa1b0ca30365f984ec9a,0.791015625
d08412ace0f6b599d3eeede6bf74d245,0.224853515625
a9fcd9281e378c886b8bf8d2d318ce5f,0.0206451416015625
e2e851a70f6161c115f327d2a5b8296e,0.0240478515625
4f70d8d7baeb38cc63d32182ec8e2c9c,0.027587890625
f6c05a01cae5aae60a305501a9b5e8c3,0.00885009765625
a80b6e076d0aa145567a697a64fda289,0.57177734375
e900e6cd547787c0ba378c4b46075d74,0.9052734375
a1b2fc45ab38f0baca06b041923452a7,0.09600830078125
b93f0cde07773f2e5344acaa61266ff2,0.07159423828125
bcb2b709c3cdf2083681172396cb69d6,0.0634765625
95af4263b7597d1688801b8fcf6b1df9,0.98046875
e7b7c124694ad000a90ed525843b3177,0.98046875
0c6710b763dee35f8d8d6c27230a87d1,0.0313720703125
58f787af8853855b8606c54265148064,0.05645751953125
1c9a81aa434b132875c71d0429fee594,0.10968017578125
43fc5f5a3a97e7ebe9ce7dcd1a06c035,0.76123046875
b102b91df3c9610bc3cdbede00e191b1,0.09619140625
58a99bff65bd9ef445307c89943da0e0,0.1392822265625
0ab44e198fb384741732b0e493ab4410,0.63427734375
2cabd312ceecf306fb34337b1cec6b60,0.9150390625
beb294e7e3b5ee1d1fb1e3c272d0f8eb,0.00885009765625
65c99ff9aca0f68fb45deba0274b4388,0.044189453125
36764dfa2e35c8a044970ba6a484d13d,0.02423095703125
60b1e65a40992536c7b083e4455120d8,0.25244140625
caddf6eac080c8a6a8e9a83ae1836c25,0.54296875
e6d9d84c681d0cf322c6065cf925d3f0,0.1435546875
9cec541a75e72a7f36d91839bbd25cbf,0.390869140625
91018077c14e448d080aa4c22c536bf1,0.0285491943359375
c7cb10bcd5d3afb193863fd403b0a9e4,0.044189453125
be4e698ba53ca61e27fbf6be905c76de,0.306396484375
c77289bc15a9869bbd6440d2fec70283,0.46484375
b7e23e1b78373254f936d5dec75fdf00,0.21435546875
9b6718ae93836783862124abde065ade,0.367431640625
1abc3780d41e3f0b52d5bfeebc8edbdf,0.06256103515625
42a4264e30f5c5ab7b2d1aa44143bd7a,0.12188720703125
21b88296c7f4ef625b4d66c0eab8127d,0.09844970703125
19e3b43520f9e6135c8255ea87288cbb,0.87646484375
bae22d378d8a9f4e13c632402b8236cb,0.00885009765625
1e450af039393a8994bda0120e51eb88,0.9609375
34173afeb6edd39f544d42fc43b817a1,0.0390625
70896c0e706dce9ce88e351a0f818b1e,0.03948974609375
e9cecbd738383f0643f5c13fe970d4a9,0.1484375
53f1db5b0059a81fe1faefa2c7f6de08,0.69970703125
f9cd9504a35ed02093ca5e89a56969a7,0.0965576171875
5bff4c5bd227b0e7f172d5979113c136,0.869140625
b7e6567165cc19654566d6065f1cf0f0,0.5126953125
daca644f3b57f90c17bab022a0f5cbb6,0.020721435546875
b0cdc459012aae2a5210da376f5df3e0,0.98046875
8bfc4ae813365a0a6b1d334ddff4bc0b,0.83544921875
f101b83db231e05c9412fd3c19fe6ff4,0.04351806640625
b28d1426f795e4457673bac4a19ce2a7,0.55712890625
81722deacd51b5787fb7a6c0b85c872d,0.2047119140625
826e465b72a02cd1169f1220b76e2130,0.73388671875
fc13da1931cb4019556e85181fcde81a,0.144775390625
d8657f66cdd1a022abc63effbc25d6df,0.09771728515625
e307882cea3290309c53d9e710ea2d3f,0.8134765625
5a566778ebe7458c79bf26977807eea4,0.560546875
bfe3d29bb7bb79f257b930a599f52163,0.04193115234375
703b736155028bdb2760a4593f351dce,0.533203125
e5da67568f061684e42d88f595f8cb50,0.051849365234375
6978c6af3a35a54384bfbdb3db15f77a,0.09368896484375
19c26db477f159e72ed2facb98071c37,0.042572021484375
4fad4a8bb1c96dacd1c27c561d0fb14d,0.5380859375
91209bfd1bf6fc4afa13fe8b8aef40e0,0.69970703125
4d55ce56afeb2f24c98e7a573fb25f53,0.047943115234375
8cd3d2c4c1512e855e6a94273d7a3a19,0.98291015625
75e884b21c5563a46f54de592c75f935,0.1077880859375
7a04b2711cbd157b813fa4dd2c6d0095,0.425048828125
ea48ee45da1f5a95f28d78f1d1138b40,0.87646484375
60e7dfc44893dc2118289cbf381d7f1a,0.09771728515625
002b23c2d0a9dea4214e485eb982cdd4,0.6982421875
1cbad45e97038f4b29f6a1cf4616000b,0.0321044921875
0afb31c3e6018c85df11d2a25a581079,0.994140625
96fdccf453f059fdafd23ac639850348,0.029541015625
080bfa6169148dc92506bcb479dedf19,0.09771728515625
51732e6239c0726aa056d9ee174a9121,0.61572265625
b6080451350e5723c6e87a4c5655eee1,0.390869140625
bd3bac7cbb7fc6f6ef7854717a9f1979,0.2490234375
30f750bf280e44a3c276ee4bfd2c218c,0.03033447265625
6cea9e0a5826e8d65df56b7ff813b6c0,0.04083251953125
816532fb49d1872860d3257f0adfaa3e,0.82958984375
be3c664449e0b3c801b495b592b774a9,0.04486083984375
d007b364af761b52956ad01bf8f1f2bc,0.052825927734375
d1d0926a351293b8315de1844712ba4d,0.87646484375
13f8e551a01243210ea9bbe34371deb7,0.029205322265625
e1da09105b16257524b6b681c9c3ca0a,0.41357421875
10ff4a42abf7341ff2fe986ee8235bb2,0.0204925537109375
7dd75e3f3de38b987cb264f098ed4815,0.312255859375
f7d1cabbe5151b37f091da075209a685,0.056854248046875
3a7da416e0ed02e02fa874f3ae09e9a2,0.9052734375
80d092a9d1da7b9312a36664b53af9b9,0.052825927734375
80bf29b7d9bb78ca50751ec92d6aa07d,0.00885009765625
98afb7a6aea50be44bf67b0d73a3a782,0.0943603515625
dab8a8af9bd8b89d865a3f0bb8cf33cc,0.87646484375
8265e2cb1c7f2a0917e098d7c9c8d452,0.85498046875
e170e3b7d03bbb022465348faa99ad06,0.2015380859375
d2d39833a7ab92456ef8b5e1f1e31385,0.8525390625
a6a4383ccba54e046a20f2e04dabd2fa,0.271728515625
f65b1a11324b4bcaba112f97cbb57b13,0.0240478515625
cbed2f32dc8ccaa1fe67c322e71430cc,0.027374267578125
b4613fceef9f2bee1488bcc31af31c4f,0.87939453125
aa811cd14b34cc0d86623e85e3242958,0.5087890625
561d03bb4669f2288ebd25291e040888,0.587890625
e5c9ce11510ca51a22d08e674235578d,0.0217742919921875
02ad54174989ec3a0bff99e0607330a0,0.052825927734375
a702939ab2a3f6b0cd0c50f33121199f,0.02508544921875
f78f2e70b20587810b755e56821a0363,0.98046875
0e28231bbef4d48ca0feb3e93ff8bbe0,0.8076171875
0e14ef146913b1d7532891e6b5ab5219,0.0240478515625
041b4770ec4846ec3b27fa47f9f370bc,0.384033203125
d07f1c90d689cbd51adc06809dc87d2a,0.046539306640625
e21b30f63268e8e1c2c60e9f7bf75f93,0.01812744140625
7e3ab9771e7636625b5e4b35ef474d32,0.054595947265625
81d05991f57ed00cb5867fa4db1c547b,1.0
262cf062a4c6fc200ade5fcb804b9e24,0.044525146484375
5f92d8c04cc8022fe4098c98e138ab6d,0.1114501953125
e04ada70e364434309d37557d6b95d21,0.028656005859375
9fd914f4d314a0cac19bff509d566cd0,0.0232391357421875
132b2da0fd8b3e29f666adefbe4a4c67,0.03271484375
fb1822addd81525291ec8b068f8adbf2,0.69970703125
0aaa1a4770aac986d0c216e1c6e1fcc6,0.021697998046875
3169fddef916e22c22dd0f1fa8c029ce,0.548828125
2ab8ef039f4fa7211088f4c13696a435,0.87646484375
cd6ff9881eb0a5cbeb85b1e7649b8c25,0.0269622802734375
bd8e1229858caf1f68a3ae57b05341ce,0.98046875
5af8592fc616e022102db1271dd7d341,0.3125
6510b6ed112b21dd535756353bc984a8,0.9013671875
b593fc816ed51f92bcfb5da4a6da8c87,0.5498046875
468b82434c4f24cf5abf4b39a49b3ef3,0.1734619140625
4fbd5010eba27db4c4e86790c9a8c8c3,0.87939453125
91e0879eea4cb74a697760057f10a817,0.29541015625
dcd2d16482fd7bbde0b97b9502388e51,0.69970703125
1b56ce13b0acbcdf1e373ab133e152e8,0.87646484375
7ab2221ff5788f5bf90129935b31e6fc,0.37890625
19d569e7b710825ccb6e0aebea358ac5,0.52392578125
049ac1151a0b98d5dcf7bde8ebb66591,0.82373046875
80fc75caff5ef2e38824ea4a7223f2e9,0.0313720703125
70ead0f8f6ec50f76b2b594cae68f70f,0.0240478515625
57bd38d67600ed3c39bb246c88c36c58,0.0240478515625
ebf88604fad00cf093dde6eaaae4c5be,0.8798828125
825c98dbb30b642ca179412ac3d024e8,0.09271240234375
98abb1e386405ac9c3a88e59c81e8abd,0.00885009765625
0bed5952ec48b4ca7d266d6b51c643bd,0.5576171875
595ce6dc118e6774a438b437f1a2b79e,0.00885009765625
612573b52e295ad8712af2a901d7f43c,0.23681640625
00f8579037c7cfc0d89875d293e2f102,0.02886962890625
5f531147de64765bd5a74e5f09ee524a,0.0472412109375
1b8d4d2825decac4fd191c821ceb8ae5,0.070556640625
248de0e5ec264bbcdc5d5cf89c88c9d5,0.982421875
ab512e2a70d3d36e09809d64a9a1a2b8,0.1748046875
753a8a5528556b2988328eef39ad9771,0.87646484375
9a5d9eb183e1a11c9003b54ee7023dab,0.04132080078125
6bcac48924a52d911202180e4355ceec,0.75341796875
84c9b4e659242532474017011afee163,0.00937652587890625
10a9016e9014ff33374bf8b0a673e109,0.59033203125
c9b262c9478584ea2782728f874f7a7d,0.183349609375
84caf4311b115eaff9adc55fdee26bde,0.18310546875
0a1051a37222d9057874f290097efd65,0.10723876953125
baae7166db2043cb130b11250b1876fe,0.25390625
7e9ba8a4ef1b339196a3bb1f2b8bacb4,0.0174407958984375
4f60b2057a0d16f101b36c2c8c4cc31c,0.445068359375
4f61c23cd1d2ac20b28846f15005c206,0.5107421875
a958c75780583c190a81a519275668d7,0.436279296875
bdfce1b986db06d3789ebe9cd2a54d89,0.10052490234375
d4578ca56b7956a1620b80870952a4f4,0.02423095703125
17d86fc3b73c8834cf468c3ed8231e1e,0.0247955322265625
1650dcefc9481185beaa183df5e47055,0.0240478515625
d74fd44408b1db15e2934cd5881f747c,0.035003662109375
5f0e39fe686fb50ee84561cfa9ef79bf,0.9638671875
248ad3104d6edce7d2f8ff9fb34fb133,0.9033203125
951a8ae5463246f1c85acc22f0d4410c,0.0943603515625
e27c05c4244a9f36322794b3754ed46a,0.0792236328125
e03258c4fa74fd72ed7cdb9a9b66d324,0.0325927734375
eec1e8dfe8fb2d9341a5ff1e8648f10f,0.052825927734375
df387cd512dc13db14be199cee7f7bad,0.98046875
9f209e7849fd29a351aa14b4e7cd3608,0.048309326171875
0b85503f70d1d4d9f44672adba9cf1ec,0.71240234375
36a97c2b3a0e5fa22125092e92177bbb,0.384033203125
85b0d56ee17f4d8300bfbe2be323f385,0.0987548828125
b6efbd280413f6f98cfd3847370844d4,0.06231689453125
ac7191be4babc0312c60bc21d326f824,0.0236968994140625
14d3c33fc5d0700267f350892c1c0ece,0.87939453125
498bf5a7a476371df802563ea6aa4a23,0.1756591796875
7667bffbe9ba7db6f4e4c3c254abf93a,0.025177001953125
57201aec028c2bd9a91e79ed81aeb868,0.129150390625
e6e9883b5e0dce013797a4f4469c09b8,0.0301055908203125
9e35622a0775a09cc45eebf71e527cc0,0.4658203125
cb425366aafb37283ab813f492c6a62d,0.018341064453125
3d8bb6638e457b0ac3cd17e7cdb2454f,0.0240478515625
b7e3c3c9735d6ba37616d791171fe2db,0.43408203125
89c20a936d23da34560927ba7efde1d4,0.87939453125
d0c74732c04a70bad584570518e22ee0,0.1451416015625
c5573edcdf2d47d8563d90b802abdb15,0.027069091796875
4bac6d7a831dc01d0e864c99bfd15d8e,0.54638671875
d3201593fb97c1b60f844acd8d67942c,0.73193359375
9e03fb39228f83f9f3552683cc73fe37,0.130615234375
728f3575ead222e4e13b9558291547be,0.0999755859375
0fe84c557a4e9d03e88c78a44931c57a,0.0293121337890625
2bd5978e801d0e2cc56fdc42c25594b4,0.047607421875
2c155f3d97a755d46f9c5f755d657879,0.02423095703125
d78e6fa2f3e8cc5ddfe71c20509135e9,0.02423095703125
d1b6b1c1eb1d8b58295d46e6cb10b5e0,0.16845703125
fdab2548e37a9b08f0eb1868d29134c8,0.390869140625
34e1830e351944811c9118071fc36131,0.8798828125
b652103955d5aaf7e7ec0948bbf2a898,0.11126708984375
b4352182552e1aa6b5705990804ca83a,0.355224609375
57aeb643747e85bfeb5870d57215762a,0.093017578125
bde8a311414d7314ff61ffbc6bcb598f,0.84716796875
c383932886ae5022fe31aefa2cc5ab6f,0.00885009765625
f1bbad1080e95b8ea0a9fd7a057e1aec,0.0162200927734375
03b38a5b3978ae17bd53d46b21664bf8,0.04132080078125
b7a480d936cb2db23c6c09fbf91c0e83,0.052825927734375
15f80222631fc892f5b99ea1ddd4dfca,0.69775390625
33b8384412619f044e88ce017230827b,0.9052734375
ab2cf1b9879333c6a27b1482508cdca3,0.204345703125
baf2bb1f27d46c8b948a9043276119cd,0.599609375
c34fb27b0df76b99e1ad101525ed6171,0.052825927734375
6c62fa16f7acfc4839dbc4c27f1cf6fa,0.044189453125
a1cd9e7458564b1177a53d9ae929685c,0.033599853515625
9ee5633e012892417b3f73b9392fa035,0.043853759765625
1868b8297aa938d8918ab0ed3f619794,0.87646484375
00378eaff525b512d1e29d4ad51af6a7,0.74462890625
a52a1cd5cf75697d9ff71f6a12fa2f0b,0.310791015625
d40fde473079df9bfeb2e14c520bb454,0.021209716796875
4b2636d5375fabaf5210326d7ddf380a,0.438720703125
8256853bf0f45cc2ac2505719a115794,0.252685546875
d6473a52bef888490328a888e37f7fd4,0.390869140625
f99812657aa9eaac55a77a729ce4fe55,0.5673828125
1e950bd4b7250d8f58b164626e778e86,0.02423095703125
8d91615a8385ecd22d9d70df40565488,0.041473388671875
81a2639f1125cfa9202f89dd798bdd62,0.2264404296875
28068c13046358672852ab6fc4b98be8,0.052825927734375
fd2ad313084ec1632ae587dd7ab61ed3,0.20166015625
ad369b21be015adbbae033b5c3b881e6,0.2568359375
131fef31b5a8e294f2ad26c39c4c67d7,0.8837890625
16d561d3655d7f32a80c5bcc6c1975c1,0.4375
a0a25ce0db0b19ee82d023cba21d1388,0.0390625
883c59768204c6214c04206335ffe781,0.0217742919921875
7bce0c63d0f01a7a2805e9074565f6ce,0.0269622802734375
87c2e9f5576ec97fe793b2d2a12bfb44,0.0263519287109375
eb119f871639ff1feadab246efc8099c,0.04010009765625
aac9b06bda890ab6030e331b6ae99997,0.77880859375
b450780cc9cf6685b72f3bbf2e03997c,0.0244293212890625
433fdfa6cf0c539c304185819b09687c,0.88818359375
616694210a9e3d7c30822331978f04e0,0.97314453125
43d631813465242b0417fbd2beddc413,0.0296478271484375
a226000397ee86bc7805c3f971915255,0.479248046875
a5eaa38b60303adb5cc2e34d4b47f994,0.053802490234375
d33033ec873845cafcb481a280ec2821,0.02508544921875
d62176da868029728d3125113b658e5a,0.63427734375
55b479fbd7f86bc5aa7ead2d0c07eb9e,0.98046875
39107633505bc1d02d27b278f58e9d37,0.599609375
05a176ae082ad582a1eae844bc99d312,0.0240478515625
b1950a201450af41e0839be259cc3802,0.0240478515625
4731c59b0bf66248d20a16c8f237f9f5,0.09075927734375
bb9576ac4ba78b85c25422f2a7ab7b44,0.287109375
b822744484d1e4ecf4c473dd6a3e1be4,0.87939453125
b138df9f1cf7934ab14e6b21977f22a7,0.053192138671875
9954c7eddff6c9e05db7f0567e6e1d57,0.97314453125
3a632856051c26bd8b8fc7ecaac94f35,0.87646484375
d296a79138909d0582cc9e7bca342e12,0.049591064453125
c52ae394931798c848d68c01b3c24d0b,0.0240478515625
1f087215932979f2ee843abc4ba51d10,0.97314453125
ac4541f270dd6138abf0d516ea170f56,0.0
4c286c923a93de7f68a51535b076aafb,0.69970703125
27d08285bc6e8b6f9ef756e3f34a0128,0.576171875
88524a22bef73a8a41aa2a3f47bd1ef4,0.218994140625
db4a3e7d88a6f37986dd8cee0c3694d4,0.02423095703125
7808ca6b60f9649d87638740830956b9,0.00885009765625
68f77ba6883ad94e336ab0f1aa7983e7,0.7666015625
3d783752db7d5c611bebe4b666fde00f,0.90625
29841aed1aed90ce6afd28de98603c3d,0.479248046875
3c0e8cd9286280212c671905f8423eeb,0.0240478515625
5e200eac41abb63a0b05b9ab4531055f,0.796875
83903defacd0c7a473c39cf46a05e7c1,0.87939453125
1170c0483648f6b6195c29c7e0c0020b,0.0144500732421875
36932521f6825b5646670dcfd7e5d619,0.11614990234375
2fd074587b3a20be27ffae3a7e5d04fb,0.91259765625
3b37a55c85e24ccb510b5ceabc685b87,0.052825927734375
31cc1f4bb50fc2e38dd75af08790bc5f,0.030670166015625
4c46ee61baacd3ea4ecb24a75c96b5b9,0.262451171875
ac2234359f725ee3ba6791e21676d3f6,0.61279296875
96a1c69c4d1e4fdf84ef540373bb878d,0.00885009765625
338fa49453b35948be7245ae946cdb3c,0.1673583984375
23bb11260f931799f6f684797f5f9c00,0.529296875
422313fd212bf2664241ed03e5421cc1,0.9091796875
e59309b0afafb67573559ceb7f7db3f7,0.87939453125
a3604de5dde26f6173ec6704f1ca3926,0.87939453125
2af7552c80aede55741b23190c753ca9,0.736328125
c6f3ec863e66db7157b6370d48f7edbb,0.6494140625
1aa16d7a6388f2ebcc5ce79f7c6c88d4,0.251220703125
16f655b8947f212cf7ecd9735475c0c5,0.0240478515625
500ec9d20ffa51044cf59d7420743831,0.08599853515625
4c07a52740a3516f645744f84b0c1f44,0.7236328125
7db52e90af60d833405f2621e9e86484,0.02423095703125
d7a93d2d313c2d5dea66534e7f9599b0,0.00022518634796142578
e762e8e1019cc1455666142430ea9003,0.10723876953125
95165a8680429d297eb04d142441c72f,0.436279296875
a86469ae9d0188bc31e3dea927dca1bf,0.390869140625
a8f5f9140f18cbbb3dcf6410f2c728b1,0.97314453125
6fc3d58d5ef82a5bc65979f4f7989264,0.053985595703125
9cbc85a93cee1f16ecaf25188169628a,0.1593017578125
90c768f34ae471b39548bb6bae4f8023,0.87646484375
e204c787d483498253e8289b6568048c,0.66845703125
2e38074a0a38a56b5689072c474504ae,0.0322265625
628b3f0beb42e73e2095f3d87a3bc7e1,0.256591796875
65f02521e4d3d357608eb923fa6930f5,0.982421875
9156f9daff38baa72e46e83485cd15e0,0.499755859375
6899281aa3afb3a18c8c2a9e0f703798,0.057708740234375
29d1336e9cde53918fdea72112e46ab2,0.02423095703125
87d6b09f3e61754e1fa3cf7b5d7c2a8b,0.116943359375
35084b6d0ce1b2fe343477d90595e966,0.40185546875
4a49efa41cefb3734702ee32aeb05f42,0.2880859375
60ba7d89fa523bc1db14d4407dc11e90,0.044525146484375
5a7d36720e405508b2618e502836affd,0.87939453125
170fbf601ce47d8fc4c044bc4e1015e6,0.9541015625
2cede5f69e702331c9617621b62d3576,0.390869140625
b349b74be2bdb82a56bb3f387052d67f,0.0222930908203125
523693587f150a3bf8adff0a45e560eb,0.0943603515625
9088e71cf2750cfd5d9eb814045119a2,0.02886962890625
91ec5f7f539d09cf4798daf06a73152a,0.86328125
77a8b615b4e6c91615d8d0f1086bf5ca,0.0244293212890625
133bb1d1eb7118a83686278364a91bf3,0.0240478515625
a4a7aca453667100ca22e6835a3f94b4,0.078369140625
95f91d5b63de403f8022602ffc401807,0.0374755859375
ec2e55e29b1b4aaf588c4fa6f6b62300,0.73388671875
d77bab9505cd858dd6b7f8ee8f4bf55c,0.025665283203125
9b21efea25316d46021920087cce74e2,0.912109375
aaf2c7700032fa676bd26020907d1326,0.87939453125
2d0e3b7c478efc129346ef64c58848a8,0.042877197265625
3e82d4b205d458e65db00eb0f4231546,0.67236328125
cb1456d912ec4c5b31d5f25d73496ceb,0.052825927734375
aa3c5ebcb2a49c1d17e0d57b1e515d95,0.98046875
4db37eea55319db3b067e896e8d20574,0.87646484375
09f2a9654edda85f79008b81db837ac9,0.297119140625
a80b23e800d53b2dc80512a1f62fd29a,0.09771728515625
a6659ad22401bf2dd4d29456bb3b6c28,0.376953125
1336b2999c48716f0557f8c9f7c9ab6b,0.6025390625
d97dad82b90fc2fe62099c3a049f276b,0.373046875
5198f6f5910fee56a860f958ab32778e,0.2470703125
3b04eed736dfc2105ad001f455439ccd,0.052825927734375
43c07320f9bb04b9a143f27626579c19,0.02423095703125
2a9b4c78c7759c49afdf5f49eddfc106,0.044677734375
d03b8ad28283126e25126f93d8aa5094,0.96484375
1b2950e73aa50681a5ad7b3f0c9068fc,0.090087890625
808a30679aea6a1fd58ebe5e9b65682d,0.025665283203125
5bc53e6f4fed4ecab287d4c9f01db3d1,0.052825927734375
f6c064112b4ac90269f95398cc158adf,0.00885009765625
c2f714ff08dd9649607b00d447240807,0.87939453125
b1dbc3b027105d8032541bc0c5e71abb,0.5869140625
5a79917f6f5f1480c77ed5c2140192d4,0.87939453125
fac90b70277949d6abd1982753b761ce,0.08038330078125
13f36223ed813039d3b8f0a017fdddc1,0.87939453125
c8a0dfe5e60078422f2e30b0bbad4130,0.06707763671875
af5faee48878cbf1fbb621206a276060,0.04486083984375
4c94be8528c623eae5b3ecc80c2cb7f3,0.93603515625
c4c96f39bf326638a0ebb306d928a6bf,0.0509033203125
006bf1cbad376957214330f8019eda78,0.443115234375
e1b3d94b7f0a235c0734761e5a60642e,0.9052734375
0cd01a72a0bcac8da8db06aaec2d72b6,0.036346435546875
6f69cd584f5116af62532a93179fbb3a,0.04193115234375
3e3863c1d772b97d9b38ca949f1435c6,0.245849609375
576f33c2c49049deb792d0fa06fa5e9c,0.310791015625
c9c95371bc88d44eed5aac086b490718,0.91064453125
9b056158ec62d8941e3c6d2914100f5f,0.02203369140625
e39b9dee2c352dbdc00ca03c14cb8436,0.1893310546875
7095125228ce0372df5a49768e0bd5ee,0.053192138671875
3a283b122cb85d437d8610796ad5898d,0.04083251953125
3bef096c03adb16e2f303b86af3dc2ea,0.90185546875
093e926d9be9ac9c255d6ee1945d1fd3,0.33740234375
d495eeb698206c3ec06ac6b862432a7a,0.254638671875
ff580b1bcf7e5d17584c9b6422794cc4,0.11279296875
ebcdbac52ff1c30caaf8a11fa6a5c059,0.87646484375
d313fc0b83aa6ec51bb0a46efaf4eb29,0.0240478515625
5ba4f567a77c7d7672b690b1cff10dd9,0.195556640625
b453cf182b5aa6bec317e35026ae8153,0.31298828125
9f624fde7f0abc3430cf1551c8899d87,0.00885009765625
28d513a29c501fd7838d27e0071334d2,0.0263519287109375
e21137ac05beb7e0dc2db9b40316f026,0.87939453125
3e583472cc7b1ec6e902b2638b300196,0.87646484375
bd4b15d59a092096fe26478a1a798762,0.039337158203125
891e115bcc959cb206217ef54b4136bf,0.98046875
6075f7bcdcd4a6f44b80c85a3fe19278,0.479736328125
340f6629338ca74e035e4be6f141bb8b,0.0294189453125
cddae32a12e8bedbd370ad12c1e441dc,0.8798828125
ce78e813cdce1f32ba76219bb686595e,0.374755859375
6d3d7b53428faa84d45925ffde1cdb55,0.463134765625
9fe442794c3ca76efdfc10f75f3d302b,0.412353515625
6b3b0454dea0750f03be9dfe5817cbe3,0.470703125
61163c06b6071009bc88aa6cc5f89991,0.5712890625
7eb0c0fe4130f9e6c89ee974f6561a9e,0.09771728515625
fd4935eb912d9c4930617f2342e8c79a,0.666015625
9d95a9fcdc190d9975ca473258c9e9a1,0.022796630859375
0a0a74ad6cd4865bcc4a0f6ff9a3d847,0.02886962890625
666e30579179bdd43772f365409936f1,0.4150390625
5b0285500c82361ae169e28a9c3c235f,0.98046875
58b2679d0d5689e417bacf6907dc053c,0.00885009765625
1d6e5e624ec25897b6a8e0ede06e4aff,0.8671875
e74223a1e86ade18d44add8714167423,0.240478515625
db566ad4ee4595f9da51c5df7393c179,0.00885009765625
37d9e1ebb178375d6c25226b946b1a1d,0.049957275390625
c98f0f85e16352f1eef3ed0cd41b5f34,0.02001953125
edb147f9cf7ef37763ee09dd00c64408,0.00885009765625
fc0686150a642788157e43bb0279c0af,0.0282135009765625
a8d02fc5560d7d6aeb6b48dcbb6dee32,0.0279083251953125
c2e2e95b5554600b949a573effed4f0b,0.56982421875
311d2279d78b8615bc0cca8214e42074,0.046539306640625
88ad5d62543903fb15a8c99605cd6e25,0.5732421875
a0a415c8b00d755342b6dcea1680f4ea,0.0253753662109375
cee6b666fb44b846ce61fe0ab039e5e5,0.7880859375
9feccfb5358c1fa8791b262b7adc7e64,0.9052734375
8cf710f29b4d252820535a7c99182e10,0.0618896484375
0feda93e6f1ee920326dae850f8870e4,0.01507568359375
a682a7df1173e14f33ed8bd9b93e3c72,0.1063232421875
eebbbb42750eea48395d3d8e000f2261,0.030792236328125
9fbada71a6a42000f914f9fe9b13735a,0.1910400390625
aafb5fff965f689734311b601f60ccdc,0.033477783203125
9a0b8e2a0007ed6c0d0949f8b7795444,0.0083465576171875
42c9540958bee851ac40c35b6d9d7c5d,0.058135986328125
66f0044655371408886ec822aad14aa3,0.00885009765625
6103fad5bd4e651a7e233f65d85b457b,0.07806396484375
53740b5e22325039fb36edebef2e3abf,0.96240234375
072127770a162d77e9791748a9813a60,0.0240478515625
69a01b31f7427a00ca421d1c5402bb39,0.935546875
055b48cf76c7800678341b8b210ef124,0.95263671875
91fd4f6a175787e6c9b54d88c2131c1c,0.07720947265625
6457bc180670201185c5f6410579209b,0.09857177734375
7e51400c2149514b54059208f917301e,0.87939453125
ea79552bdb9f1eb0b28922e7ff5ae59c,0.285400390625
e8248250ce645b03b98bceb305fee9e4,0.05645751953125
a417cfa9464265d2621e6fe8c0a63b5a,0.73388671875
cdb5bb38268780075717ecbaae1f4716,0.314208984375
96d80e0c204cdfbaf5a8207114bebee8,0.75439453125
d255278f4f7a1c3d59bc4194040abdfd,0.0328369140625
8fbfbf492c5c18fc23e288b2c7485cee,0.0240478515625
51e1b49e528148832c5071496097bbcf,0.02886962890625
30016fba86f0fc5d99662b2430f59b66,0.69970703125
ee09c0cafe16690c505602552d93c363,0.064208984375
9c5343686d7cb3c3ff90baf39f649233,0.982421875
a5d2e86c8376b55db5da06c4c41ccacd,0.32763671875
a0ad7c424d668796553831931c7eb312,0.1693115234375
d5846e2f4958b11b48006db8c6eb84f4,0.326171875
0e36dae78111577e64a4888b5720ff47,0.78955078125
4f5349bfb263a3eaebb659ef6c85d903,0.7578125
ca8374c4c4b510bf3c94bdb2077b66af,0.056854248046875
4d73ecf971b71d818ee325ddfdee99c3,0.87939453125
718e484c23a61308701a584eefebd519,0.86474609375
8773c3edcefa41ae99e16e483f4354d4,0.87646484375
020824e5aa9ecb744b1b94bd855a8f3a,0.86669921875
b60fac4491fa471640b6395472a24557,0.0301055908203125
9d0aeb27bb49a2b17e1364f20cee77f7,0.87939453125
999ef680c8471be59233d8dc0739dfff,0.7900390625
7627c29b9923d72f043c8f6ff16b7f16,0.045196533203125
627757074e4955390fa9e65a8dc1f9f3,0.35205078125
06868fe89e39e0e6f2f9bdb1aa92c457,0.042236328125
97fcc9a8e35600680da1d975dc32f9ec,0.045013427734375
dfad5fdd5abd81bc88965caf095e3c23,0.0301055908203125
5fc2f146c1c9c80561fb3e2230599c5b,0.5732421875
f99189c038e950dba060b5cd367a67bb,0.046539306640625
3d1e91875247744ff3578d71a38f621d,0.09368896484375
b58ebb12106f6e6dac2ec007d53e37d4,0.71142578125
8886d392ef34a37512ece79c9bbe4411,0.94775390625
36529715f030b1ace102cac4bad286fd,0.070556640625
ea4d2001773f8161923fa9656bf7f213,0.023956298828125
479965df665799efd52abad0d5c2e432,0.037322998046875
e46f3df0382591d200b15a8cd985e2be,0.02423095703125
7f6182dc902e9bf851681f9984f79c77,0.092041015625
c29cbee61280432d433abac0b08c6641,0.90625
ec55dd7c73cb242e2d45c49505335c7e,0.143310546875
3eceec44aea0f953a13b6473d14e2990,0.403564453125
cc29750ec9b96bebda1d12ff8953db8c,0.533203125
086ab9abb449900d1ff734845c734672,0.052825927734375
91742d89398198901ddb35b4211cb22a,0.0240478515625
f058ec8c777f94a547c444f23e9be690,0.053192138671875
bb2ad868f4a986b1d324d3d4e2c650f3,0.02655029296875
a26c19a9e4c803b8bf3f67135e743f57,0.036346435546875
3a138e80e491a98026fc97a12b6f1df8,0.00885009765625
4578c014708a4beec57c390100c34d50,0.436279296875
f5bcbb4c735c1e8bc4f68e534d8899da,0.374267578125
f49fb211ecbaaaa6679caa24d924d500,0.69970703125
b057794ffcd0977d923d49694779b119,0.438232421875
78df62ebf8b929d0ad91255c54f8ec20,0.1531982421875
292e55b0280ca23588da3c0dc89471f7,0.0751953125
465e98c8328e91af49b7c5bf8b9ad3e9,0.351318359375
6e6f7e8a879d87fe1cdcd3c93f56d8ee,0.59814453125
6e0f57a734d3879a463e61a22e38af62,0.02423095703125
f751aab52ce01334044b0e383bb1ef0f,0.1429443359375
e31943db834022cc71014360cd6eb490,0.418212890625
c6cfa62bee8b852d17d8147b763248a2,0.0271759033203125
57d9fbb28ff6e5cf5c4ffd2d744ba0ea,0.00885009765625
3cbc70373f2d8f8755e4fd784f623c13,0.1314697265625
4cc25e6e88e16d11d53c879a8a3ff105,0.0726318359375
f13f55759c52347f534717c888701fc2,0.98046875
7f6875d70fe1379047078e0b70ec7fb1,0.0318603515625
b4ff7bf3ec2e5d527264a3577c1cbbfe,0.0240478515625
1bf6181a527fb5fdf48762585f46495a,0.79638671875
c1b798a8bbe4d0b1d7ea19891d4c4108,0.0240478515625
52d66ec8dfeea55056901cf3d7b8bd6a,0.2021484375
53e5f974750acc5c623f073f88d3efa5,0.04083251953125
21a6941db373898c094b93031a06d20b,0.08270263671875
cd2a6a7bdfee715b13eee829c728f1d0,0.07806396484375
f0c92316dc2d7cf53037c3f587ab5893,0.2349853515625
f894275a5f46390d0a1e61c4c9c65b43,0.438232421875
2ff67febe93e2f258f06bf99a71e3a46,0.04132080078125
42e73e5f68e47335609d2777495d49ef,0.242919921875
bc5a5013d00a628e0cf4db22b54d3ad9,0.87939453125
54e6737d608a5f8f413615c673e4b6a2,0.390869140625
5c00c66715858aaf9730d054817a5dff,0.677734375
19a083609e2f627e7fff8ea67e08d3d5,0.69091796875
2940edab7fb97707e42bacb430f7c685,0.0255584716796875
6f2555109b48b2df40101ea3ebe478c9,0.046905517578125
6b297dca2cf6a741c50e873ebb24ad43,0.7822265625
fa79198e48348b2b92f5997074f6f20e,0.8076171875
085a7c7b0392b9432091f2aad34b1f10,0.0322265625
186b16a81a4742afd8bd53590ff2e705,0.6591796875
88f4c9855d55590095ff7a32e60c057a,0.1484375
0b1b3ff8d3e7792b0762f57fe0aea3fe,0.9482421875
bfc364beb90451c5b5ba4b489f43b4f6,0.76171875
d9a352adb507653acbeb9faff81fcca1,0.69970703125
a012c0b26098bd01f851c0d43c3e74df,0.0240478515625
1d9de21b8d6f4d9ef2add584a1ab1baa,0.921875
c203c5f56a667fe704cebe4f354f4a8d,0.02423095703125
02bfb7863cc0f07550c5eafecf222a16,0.028106689453125
d83a47429ff68f786d2f4392fe7b0af6,0.306640625
cf96bdda8f2cbcc1413b0b351863be62,0.57275390625
c2476cb820491e8bbcb4c210fce0003e,0.03173828125
46b7cfaeb4bfb9a1964fccc5dfc59013,0.470703125
a2f9927717c529d70f62cda31256efff,0.384033203125
92776907c1f535410f5de8dc502304ee,0.1617431640625
4dd02b4f8a06f47f6178196c04a86584,0.10723876953125
378022fc1f0f4453c80c0cf9c8e7d6c9,0.029083251953125
f70150c6a775223d7e97710d95920f89,0.044525146484375
323384b03f9d508ae4185fe6a1dafbc6,0.63427734375
e403880914b636cb9b7881e8571bfbaf,0.0170440673828125
86e159a7d056d0627773a45fa6b1eff3,0.042724609375
514e048d8a6517adf4f690d05d9359de,0.73388671875
402b5b721a2989712b96dc2cd33213e2,0.697265625
bff16109db65192d6e3fff0cebb1fa5e,0.96044921875
35646f78deb6f9bfe8119b82fd71d06b,0.97314453125
eeef62e153a3ecec6f5ec8fd71f9a442,0.87939453125
d7ede44a03f23c68b28a60743d314fef,0.8798828125
b7c9cdda0042a84a160855c9f2f9400c,0.329833984375
f94cc4a8bc7778ad06c46dea2fcae015,0.049224853515625
5c1effb2da4cd1054994da0246ec0869,0.052825927734375
5b02b5cb18a7b83475972b845da5c347,0.71875
57fea7de50ed43f58a8e1a71c1f128c7,0.025665283203125
b900021b1094b691680095f532dae63f,0.98046875
6dab8c901eae836b5ed8996fb9265968,0.044525146484375
1b048aca1597442ff22ec57c5e50d255,0.09771728515625
