filename,confidence
2a01235356d4ddb0a49b678426b52836,0.0017740643
5d47a9cc4b48273c083b1c938ffc36f4,0.064537495
b5e44c0d9eec0957fc305bfd5d49f29f,0.0020506168
8717c21c67552b2c24827be616128243,5.9637903e-05
8eb63648ca09e42d089fe2c953b4970f,5.2487056e-08
0d6c91905b7d593f2ac9b035bf517d4c,0.9999999
4c1ed0b27638d2f194fab93f9810fd67,0.0035507926
3faf30699b85561e9baec1fef33bbe7e,0.00020615026
4e197c94ba69ec0969bd1945a2f3955e,0.20981687
c9b262c9478584ea2782728f874f7a7d,0.30646664
ed185044057e30aba99dc72585325416,0.9919368
83f67d8901d739cdbb224f88f86d0cb1,0.000141901
91916609a5370e5a7bb56a8b462f73dc,0.9962287
93e046e1a333fa84a543b5e87e365157,0.99295455
cae68f0530f57786550923b5371fc01b,0.9927409
9ed0052c52c8095bcbf62354c3f2f448,0.992378
3417c843a95a62664e679a9dbce03807,0.10775716
bcc38efaf9236658871806de7909f900,3.1529408e-09
d7046473f86e409576f974d932979f02,0.072709955
d99cf83377a02c7d478a12a51acd80a5,0.1686437
db894f90bd4d25bb9e80f7a4fcd74b76,1.0
ec8fa1c70521e73b51c8316dcfa8b0be,0.038957145
1c9a81aa434b132875c71d0429fee594,1.5341823e-15
bc8ef63e454a757ddadcbbd473e0ce20,0.014331008
5f30b6f02162d9094604864f801dad17,0.045379404
f789f4b541c6da44616b28e57a8ef7ac,0.07586784
cd44e01650e8ad10eede6e67f2ab5c75,0.17759193
4223a01cbedc541a3a7969ae6af28af3,8.6273724e-07
b48289bf1f0de88698d969a662224428,0.13815486
31a6507e2c72c0bbe362f3a17de25acc,0.18670928
0b081f76f02e82008b625a07a492e9fb,0.9917965
7ea5bc32956bcccc8838cb268211ffb1,0.96712863
e2a6dd34e1fd789bda8a177f5622c524,2.3619366e-15
77a8b615b4e6c91615d8d0f1086bf5ca,0.000101068246
384fc2876fe857e417eccc696bbb7abb,0.9999999
4664dc959bd36db211b02fa28a97307a,0.7472927
76eb892de2606db4b6ae84a4380ffae2,0.115567975
fede491e47ec07c09228534c7b0d6732,0.0021473416
aa6ee8650604eeec9a1d7ebd432f3c91,0.99999964
af5faee48878cbf1fbb621206a276060,0.04990733
2a7db782a56624ffdb57519779a29d7b,0.02704028
844abc94db39d648633fa5ddd5039995,0.010547552
697195113a9b5b2f61fc77f53a21f014,0.0780135
ed1da4a858c559712b72bb735b79a139,0.01602765
58b2679d0d5689e417bacf6907dc053c,1.8331438e-07
3fad22225593b430d05da4c698d6b73b,0.00020960032
7dcef9be608de02f32fd2cac0f041948,0.00020602703
3c7f04a928f846b14b353785a1aea7ab,0.096272215
e6cb4a166780403230e77d3f23faa1af,1.0
031b2e619671054f2bb7ff1a841d8215,0.5918523
5d70be57948bc464b2f0afe5c3dea133,0.0028884176
57aeb643747e85bfeb5870d57215762a,1.0259035e-15
9a5244860e2e814c8e251a92ab8c385b,0.966281
b3f88b89ced0c73044a41beb5b20bb79,0.00054817245
3a55e297e1e52042430d1e9fc34371c7,0.6761345
e9179c42b07d9c0a32f4f93bb6e3af37,0.0043416005
bbd72f2d947098c287d1313d21b5d276,0.9999988
1010a2c9cf42aa627fe6972c830b7cad,3.7717573e-08
77f1c121e07bd28ce0729ca4119379d7,0.99245316
cce29a05e8059f96d080e07077952a76,0.93415636
fd479aae600f29266883e6c58bd63f12,0.97735345
142597e3e02b184c93bd0a63bc717c74,0.18363173
1e83895ab73b8d6f23b5215e6537facf,0.15009518
59d25978b0344a4b107a8b8ba1119164,0.9925513
60e7dfc44893dc2118289cbf381d7f1a,3.952698e-09
b086bac54f504db606b06dde8d0b440d,0.14160171
0050bc019d07cd95b677236d5bff0bbb,0.9999989
34821bfee7748dd682b080ed1c3996d0,0.67075914
b630c13cff25b1459d80c0bff20643fc,0.09954952
c0a254fffbabc8abc9f37ad390653300,0.99223846
6ad9ed078b0f9b720520bbbb0e74c12a,0.0067993924
bd9af3fafc0449d83432c0c8cae812a9,0.9922943
ee91fddc35321aec6b51eeb0e7d41684,1.5360739e-15
318c27fd118685abdb79caf8161ab92b,0.0015584818
1594ad2bdb2fc7870f33d8c7e31a30d9,0.990888
9f209e7849fd29a351aa14b4e7cd3608,0.004427134
4f5e9708ae401516f18cd847621b2821,0.00068166363
10623d92ce9da3edb54ccd6a2a9f2a07,0.14412038
dedbed02b05c1a779d5fdd9b7e2d5282,3.6827743e-09
dcaefbd773b91c413d7cec10291118c9,0.038404334
9d05aec9a67cade0908283a0992bd48e,0.05088877
29d1336e9cde53918fdea72112e46ab2,0.006936247
e604a05b2aadf22558e7f5bedcb6b4e7,0.120037876
6b225ee0dd2e9f20e033ef8ce09298fb,1.0
2631ba756f301bd82c347d344ce1f332,2.6374306e-18
8cd3d2c4c1512e855e6a94273d7a3a19,0.9961139
28f7aee5ce825373cfc0665f1fe422f6,0.0003022432
080c41265ba96abae765efc33d9c3620,0.8140907
c44511e31583086a33152c79efc00591,0.121659085
b5a71491ae73f8245440c51a36a8fba1,0.18471348
4af049dee61d70f52b57442c2f32b59d,0.0078100823
9ea29828cb5faabadcb78b7ab00a3f38,0.020790162
9ce410cb1acd54d47fa5ed7a489bc2bc,1.0
0ca1658a4cbd62caaca88bde1914ef03,0.0002062584
e01e06e5bfae96a6bc6614a24811b608,2.8443694e-07
8b41b4f1552e50a18eb9a37f0b4c078e,0.0004172267
a6b4b110b6ba98d3b1291b908f3be762,6.1651053e-06
514339823713a98ae5ae109adb8c55c4,1.0198533e-08
ca9e51552fcc1c9c8bc1f24575a79a34,0.94503236
292e55b0280ca23588da3c0dc89471f7,0.22451143
840b35506e2d2d3a6cec6efb0259a420,0.17955531
82738b42a7e10cb6f57b9d9bc259a808,0.32118884
7133c88bccff8b4b1f4d62da41011987,0.033029933
ca4c98ca9569d8ee5dfed2fabda86b9e,0.021475902
b3a89058e1209737b7e35a4671a288a7,0.093237974
f9b7a50cfe78ad0a65bd120d2e8bdaf8,0.017964654
d08412ace0f6b599d3eeede6bf74d245,1.470173e-06
dabc7d0c1d5043e18e1655b1792e2e62,0.9910918
e970d9786ebef2297e17fa9a6c07c64d,0.00040961744
9f5550e4faacb909d69397d558bfe319,0.023175502
2c04f573b5167bf3379583ed2329344b,0.004975478
eb119f871639ff1feadab246efc8099c,0.010576834
a134ea024ddeae789bb28fcfaef5c9c8,0.13381843
d2f676cfed2bd04ac6706520af62ad1f,0.9788992
ffd97a492a002b68f6765880910a0fb3,0.9923071
40adb032363dba449e170142c611c866,0.22578567
28047fe233c184edaf2dcf7ab13e76c0,0.048438706
24856092cf8647e938815ab78e278652,0.9999361
3d3d72c0d1da28439b1dd2136c4ba554,0.98451704
b8bc86b76ba42ecddbdb82c7a3369bf4,0.02838392
24762a365a314fea202f6a820cc6558c,0.9937279
675a02e99d5b1d234de096ea306a8156,1.5513673e-06
95f91d5b63de403f8022602ffc401807,0.057046678
74855eada27009f75cc0c97de755f4bc,0.15954554
b20c9c4bff0fae03f4b819d33f578eb7,4.7176974e-05
04355d7b44155e343a960bd619b91c6a,0.11331319
1491b4b20768badec371d91ac3165f30,0.08355562
e69ab17af56c1468e10b5c6562668686,1.0
140713b8101c889df514187c1969083a,0.082598284
2ec033b5a3837ff27dd09625df1352a4,0.00020866413
faf98f519ffb5b0cb91c27a8040faa4c,0.10608081
8e3ec632409f64a7c35a05627b4568c8,0.000174882
68e6b7d98b6420e061e824f503521e8b,0.19609529
072aa499b55192f2a503955f269b4418,1.8323625e-07
1c9e15470ffda0270920bcc21a8c133a,0.03167684
8ea9c555c6a53b7dee50185e6a7b2020,0.05232361
de0488ab899612dfa7277ce17d80ce1e,0.045694876
42ef65d8fdf84aab7a9fc152f363a07e,1.4322004e-13
2587dcc00649b5a2e97a2d9e936dc103,0.859153
42cc54c3a36f058b00482ba69db1a061,0.0030067905
579aae919b3f3c79a71fbdf70083f2e3,2.9661538e-09
b052f23822818bd3be036bd3f3f6818a,0.0036087844
f6ed5c51bd0575a57c14d41a92588719,0.99998045
4dad2c5f0db2d80db7df461930ad8ddb,0.27894768
a4a6d0991574dde687ab2645fb8e2e33,1.2272078e-13
d296104b1f8a5abe154b7053e4b50b97,0.26147088
6b107d68de254301bebed1763c93592c,0.00012294274
479965df665799efd52abad0d5c2e432,0.12385257
b93f0cde07773f2e5344acaa61266ff2,1.0605953e-15
49ae90c1479fa19fcface2ef9c1c6bb8,0.9663717
7950b232da88b12a0af81d888feb1032,0.10305719
a9fcd9281e378c886b8bf8d2d318ce5f,0.0463245
a1dc9adedb5bcde7c2a4fd535d8d4601,0.20161492
43c07320f9bb04b9a143f27626579c19,0.0016988766
519a54eafe876b99f10e2e5dcc8f0e4e,0.008935125
e04ada70e364434309d37557d6b95d21,0.10470724
a3d61c51677550bcab428e66d5ae3080,0.05147603
40e92eed4260eecb73ba96b7922883ea,0.050665274
e7cdfc39a7500d08fb0e3cabbcd0b507,0.0013819659
809c413d34b1689b66a083c03f2535a0,0.30930054
dda29696697627935b491cb9213606eb,3.5567737e-08
a0680a1de10066f640fd52149343d384,0.99999917
a9d8fd978b8fc9912a8f6fbdd241d3f5,2.8909216e-18
ca2b1289543a6b2708f1347c3beb79f4,0.98978794
578a2a0aa83a8164798978f92820c70b,0.05876507
03a9271c12558388bce7e27db4980912,0.98738843
99246ea6f0b139032fac853685448b79,0.0046566944
558279918b7188327de83ea39800ec67,1.0
734de7671001eb189ed8b49d0544f743,0.053553782
6f8bf255e6f20bc1ba4f5ba497cff297,0.7775418
b67bcbf559492d1f2edaf7938e5bfb7d,0.001107232
c4a7be7a2e3f82f60469cdf684fe89d3,0.82827306
4fe0453e912889c4982a608c413818cc,1.0
840db84766920d7fd1b224016937e720,0.00020691943
9b056158ec62d8941e3c6d2914100f5f,0.00042553045
75ece5eebf60e104a30e58c4e0a33b28,2.3608307e-13
84ea67cee7b9c7e2bdc0a9015e0f2351,0.1600027
c14f91fe7a1bf55b9ed2fb2363e0f339,0.9524489
767836d0878088422d5a1516fdb37b19,0.0027148614
49a54ed121666865d623598f221bda30,0.0011708807
1ef8793a838ddc1dfafdee6d21acf9c9,0.045775875
dc15ceda83790260530bb71adc86f819,0.063879095
fa0aeb70eb9e8b2df27aa056815c5e96,0.026632763
713125001a3a0fa3fc5dae74e7fe7350,0.9925914
d403e01bbf4d971d95c9b7a10695c398,0.014330665
db145623484b6a5577a787adbc83e16a,0.9713786
aecbe16a40ed87165e22d673ec6091dc,0.9999999
19c2278bad4ce05a5efa4b458efdfa8b,0.9998758
59b821abfc84cca6a6d16f653efa5e44,0.3091942
2e39656c99a565d728468413ac51cf26,0.0048121107
5424846d03ee972dc023e151a8b596ed,8.6661373e-07
8886d392ef34a37512ece79c9bbe4411,0.2834606
8a6dd4c700cd22ccd24fbdccc455da91,0.00025296237
87d6b09f3e61754e1fa3cf7b5d7c2a8b,0.2754809
c9cccca898deee954d9124269340dd96,0.35058868
0b67ac0990d752e223ca531d2064e7fe,0.992845
55450968c3ba0e9ec14f7b4204e5f3e9,0.082822815
0b7f3c66943e94cbff658a0bf364ebc4,2.3900329e-08
ffa26cf53ef032afd7e76f72404f8857,8.199178e-07
2b09eedc3c0cc3a035dcdc1181378c3f,1.8623109e-12
1e8d607206d7c754e9303151f126c224,0.2042375
4889e406b015dce5291411a0f210fdb8,0.031206379
47ef46db09b43952003682e39e8f7d6f,0.9932902
9bf9ede664ce62555876827effc2162a,1.0
7d54accc713aaa6d8c5edea15978d4d1,0.00086982973
a70ed0cc4bc723b5f283bdc038a1dbaa,0.0018400572
c714d55c7f2a9c106374705e2e7b49d2,0.9989951
4a3b5b8c4d1df109445b02502bf34c4e,0.13727234
a714b903b24b8ee1ef18f5bff165dd8d,0.056153964
8f4e22100df661c88a7c0058044fe1c6,0.19689038
dced7c6ec9faf091a45b69f3e40ba9fd,0.19487509
606d0f73ea5f8486747fcabf0aef30b1,0.01293112
b71b316b6e762e55a06c75e2b894bb99,0.0009817217
718e484c23a61308701a584eefebd519,0.99046177
ed61bac866938f2cf7ce3b05de9185c6,0.0076369867
25e4cd4767008c2e101eeb551fb4a83d,1.0379569e-15
d4578ca56b7956a1620b80870952a4f4,0.0017046455
fa208de1a590d4183a324802228dba73,0.0014641456
e001b45815b1982e6334eb348b1684fd,1.0
d3161e7ac50ff18455ebb524f9d06ed5,0.9914234
70fe15fb66db63d64bb14125c76472be,1.0
ff6412ce003bca1f861e1a907a759b5a,0.372691
c9b6b107c13dd0fdccbe95695c3e3f7a,0.98916256
57170cadb13a79be5f5e610327346f58,2.3011157e-07
e55ca159cb2d00457d1df374f60cf8a6,0.019867938
c203c5f56a667fe704cebe4f354f4a8d,0.20226388
b8883ad317d0672f3c5ac91085b2adcf,1.0
d3dc3bc3dc7348e84ee2e39a7163e0d5,0.00020683148
d2ba71ea2ad26917a1f6c691756d27f9,0.99304634
4fcc3450eb59ae260688ef3a442ababa,0.06873843
ec9e38bb960441b3efa806dd586d1eba,0.078846246
8c48be5c98fafa9f202a03fcf803c3c1,0.00039208587
a5eaa38b60303adb5cc2e34d4b47f994,0.16208394
4a49efa41cefb3734702ee32aeb05f42,0.99984705
94a49860ac5199711f5a43162156f9e5,6.274882e-06
bc155cd98dfe584f59e566e7c7daac75,0.0021574097
cb9917ea86f54dd279ed8b88b4d574a9,0.007668871
25dcca7ba18502a82e107348ed23e450,0.30033693
6bcde9b91236a449ebfcd3cae7cfbdb3,0.017036946
11ca1b6612724352cd8adac46c01caee,8.894257e-15
ecb5a5787b35f0685de4d3015448d1c7,0.018561969
f7b2f7c26e2e1d25654a632d428c1369,0.0101348935
caae268cf49f91e68b7c754b6cff8aea,0.96660787
b493eaefa9ca5e8e750c1a52574ec764,3.2238836e-09
763f49b886470aca855818c2bafe808f,0.98411936
59335fd660c0ac69d372bcda0a9a46f8,0.07444576
099e74f87f7137d536e951e08aa77163,0.058764197
4ee54c209941b985127571b16ed15cfc,1.0
8dc8d56f51f21ac1e24839e36a61aa84,0.0017371915
88a5978fbdd32f0dbce2bb0aea9eb0fa,0.09498028
3bb194c78212d131bb1a059ea906b5b9,8.906203e-16
a944449e7ad936e008170d10610b8421,0.13115521
29528ea848b5818c11b009f45e446592,0.6465928
441ec20c83e77e2932824d8c32e72006,0.19059393
5d6b47c37d4f3c4889b69bdc023e9431,0.03512047
e71d7cf77671bc39004c7b3f49c5ec70,2.3590258e-13
82fbfa1a99e4001ea9f24466c7ad168e,0.026533397
fbeb26b34850d96b5cb3dee8e5f5e79f,0.0
bd95206a51af8a2a6ff15ff7a92c2110,0.002232145
26246acf2e2ba55998c115969b741375,0.0008101036
d376b57146814ff069831cb75841632c,0.22538266
50cac4d80ae617c57657fa9850e8a91b,0.9869796
c0ee3e6e901bebf00dc5d1e76fecac35,0.20716755
f894275a5f46390d0a1e61c4c9c65b43,0.2073691
6d32f49665fd80517ce0bf8ad28f2a56,0.00014449513
0b1b3ff8d3e7792b0762f57fe0aea3fe,0.98910415
19e3b43520f9e6135c8255ea87288cbb,0.905154
340f6629338ca74e035e4be6f141bb8b,1.8246846e-13
baf2bb1f27d46c8b948a9043276119cd,0.62901336
e2f1969668585f9955defb745062b4d4,0.65816045
f101b83db231e05c9412fd3c19fe6ff4,5.963648e-05
42de343b8d2dc748041c1e8c9e9f9d3b,1.1139944e-15
de0e48043b58bc2ab76ceed657e0b6af,0.18254936
165fc303f9cfffd17fab03ce2e3bfb86,0.29925412
335db6cd214779ac1353ce0b4f2f6f48,0.93032587
2feb872b2d97bfc82d73fe44e1ca8629,0.0043934896
ff580b1bcf7e5d17584c9b6422794cc4,0.17812526
613aacb0049023893ab5806268ece184,0.20125712
8a0044d90db85df6066fa68c9c1a3a28,4.5238027e-09
8f1caa757db365930903b24cd2225d72,0.11203544
7628cc1254f9674365a23004fe71085e,0.06816627
a906aec0f16c945fa262df76870b60d6,0.21657296
15331bcfc096774d186ef906b9d0a08c,0.92465705
85c6ed98d858cbedee8a80d38e5599d4,0.00072337734
ac4541f270dd6138abf0d516ea170f56,0.0032001112
cd5eb68dc70133b9c5b5221cdbb03fbe,0.08985017
aac9b06bda890ab6030e331b6ae99997,0.9929189
552b6c696cda9c0b19dd667a82d6dfaa,1.2618697e-13
1c4c2ef0ebfce91023cae5c079962d50,0.042008027
951a8ae5463246f1c85acc22f0d4410c,0.036805954
cc9d6f34cbe629c8fac8a7a5342a874a,3.0398275e-12
e71f58905f93b6765173f57d60e59c33,5.4437493e-14
ddcbbbf57d993b67a8ad5ddf57be87bd,0.003892435
825c98dbb30b642ca179412ac3d024e8,1.2583072e-06
7ef1e8b56f35a04f91b7d6125c537e80,2.2279357e-06
95b214df17cfd108222ee286954395a8,0.06451747
b23f467fe031f2ad6c72875c086eef4e,0.00010639771
b31c0b8aa24b5e84b77ee3caa472d4cd,0.06001149
4c46ee61baacd3ea4ecb24a75c96b5b9,0.053958286
5b32a41e38fc3e49fb342568d5b325ea,0.030510135
a10973af4e6fa7cc69626d7202dea2ec,1.0
cdb5bb38268780075717ecbaae1f4716,0.19061632
184a2c1f21f2225e444d1772d1932157,1.0
28d513a29c501fd7838d27e0071334d2,0.074153006
8d7c9e2c9fe6c26ec83210d1e36b94ef,0.9960234
fef4384ecf4ab1d5543f0b3ccdb7c58f,5.2735384e-05
6ff241bc6392c26353a0b63d598c47b5,1.1874519e-06
70ca65de0e4e55211a32398c141f7759,1.0
48975364a95ff92ea60778c27696fee4,0.3163537
90c768f34ae471b39548bb6bae4f8023,0.95588917
3114cd3878cc2278103eef31077a134e,0.0032661592
3a138e80e491a98026fc97a12b6f1df8,2.956698e-07
d49151082f56eb5f18630a8f22b4c1ab,0.016719356
2e7f95dbfde61518dd1ca1b3417481b8,0.12922879
99612e5d7f809d8cc3d12e5649c60b26,0.0017612082
2b012a1d27bdcdf70debec03376b7207,0.9924717
469bf8b3d123c54037302ad8f16bab78,0.0042254655
8df8d187a135a261bfda4744a0ea2c6f,0.9693442
54e3acbdbc7f1c3d193ee429f869f1f0,0.06425536
cceb42b1d43d5e01305cb37d50b1be7d,0.072179794
cd1385a6425a79b9f346ba7b2417b3c3,0.00057471
a835712d6f70915e9ce1b4ec9c598c88,1.5611029e-15
c1d5cbd3672b19bb80aa51f0ac65295a,0.9600275
17ba37b32e43a1b09825ba2a259ceb28,0.00020654906
5a79917f6f5f1480c77ed5c2140192d4,1.0
866d4a25b4f1a7bbba029498d97e8dc2,0.0003088656
1f99e01e8eadf8597395af705506c399,0.26009127
02930405126c60aaebc9bc2534a4ffe3,0.0009971054
8a60bdcf016f78e4e22c6e435c901895,1.4394082e-13
a2f01b10c7516a640f48ae192eef607f,0.1835491
ec7895ff1c76d9878eb83a1f5f293183,0.188505
5ec28a142638d1dd76e8342f37c96e96,0.8279612
ae808c8bce388bdc17a8784d927e874f,0.006056173
728f3575ead222e4e13b9558291547be,0.5853855
f52c93c38009a31f4b3c2893604729a5,0.081927754
91e766d6bbdb5cc0fcbb39c20b5bd7c5,0.9999093
327ad494c0e11d87aeea3fa3f3b476c2,0.04204673
3eceec44aea0f953a13b6473d14e2990,3.3441954e-06
9f06608336ad526da6e3a9d19c139959,1.0
aa31ca401c6202946b58129b2d9f3c89,0.9695533
bb4b44efc167ba5696093089438e51bc,0.00035812717
c4e1260078e965667090e50f664fc280,0.03241897
d2ded48cede2226dcd35ab8a8b845f8d,8.704384e-21
ac7191be4babc0312c60bc21d326f824,0.045036457
f37b7658e534aa1d1ae7b20044e7bd72,0.0031117364
9f624fde7f0abc3430cf1551c8899d87,1.3932676e-07
8b72c702718d981624f084dd7737385a,0.19002557
ed042b932acb902574fb575a58d67944,2.8608665e-07
d3d326c071010f35a884d04072ba16fb,0.0025346014
6420fbc5ff2a03362c6a7b157988a5a4,0.0014928251
102435ec04db44e7ec56e3275cbd5374,0.08956468
b97aafb30e5bcbb1c4f1a4fdd011be00,0.12745033
98abb1e386405ac9c3a88e59c81e8abd,2.7397817e-07
dce607a8046946dfdf12fbcfea94aab5,0.99249095
bc3133a5f4fd63febb178951e82c5769,0.033155266
9538ebff684c742ac84e98da4a57fceb,0.99250364
cda34e2ff07d9a1e8dc11d1fcc3d2aab,1.0
5682348ff92e0aae20a7163fe2fc9f73,0.07968742
ae6677474f5bc9fffad0d2f3fb5cb2ea,0.088961184
52e492d419ceca5a5de650ceead2b60b,0.9928186
8f8ddb178ef955be949e795c0254f02d,0.10243022
cf19dbb358ec397d463c7273e8994f51,0.35599124
2c6051a761da5c98f257f0ab86a6afd5,0.045299355
6075f7bcdcd4a6f44b80c85a3fe19278,0.9999999
7584286a2b512b58c421cf38a33e0776,2.9528374e-07
67cb60950de9eadbd4c93291eb475701,0.99471337
a80dbbf31ae0daaa40ffdd4a0555053a,0.2764484
84ebae4387b22a0e01aa5a0df86ce48f,0.030905696
76a1a37b711e8493239400dc930671a7,0.9766995
8b449eac29e4b1357a05c590149c9972,0.0016917709
4c94be8528c623eae5b3ecc80c2cb7f3,0.9996413
d9ddffc33ae40cc14abb37ed289727f2,1.93695e-06
9bd1bae8541225f2029933720bfc071a,0.0118596675
84e8d174ffa4b44f1b82ae18407ec9e0,0.004551443
de90eba22fa484e92a72c6834f6361a3,1.6209298e-11
083743e0ad0ebc167cb4d94ebea90cb1,1.6962088e-06
7264a48944cd1c4b67f424dde97dd80b,0.012734717
1b399ee4d21bccb98c633fad24fd30c8,0.034028433
cd9b3a6b0c69e21edd0faf2e9676fba7,5.202348e-09
1aa16d7a6388f2ebcc5ce79f7c6c88d4,0.26585332
df7f83cbd60d13a98bb34ce33fa559f1,0.015785065
e03fa11055a7519dcdcb98aa3af63fdb,0.034378145
802768900b4f0c98ec85f69a5bb3c441,3.073846e-07
06c6595f2c987806ccbb383096486f41,0.0027172212
10ab7f235ee583eb14b7a951ea2f8de9,0.9933367
c08afcc79db3c9b51ccc4ee646e3f849,3.2146303e-09
22d7840bf6ac8b92d60fd974a2de0c30,0.024165452
b0a38039837684f4d0f22db111923150,0.58569485
d6d9d1921d70672b222e1c56d20a15b1,0.074167036
d0ddc181ee12380994a417c465f7c6de,0.31863117
7e7a14fdd7461d0c1e97556d17e09817,0.9998485
d1306b0aff6c6d2a92d951848e1f81ea,0.99023426
b138df9f1cf7934ab14e6b21977f22a7,2.3754503e-18
3d6c16b3f546a9ade1b0f15977ac1dca,0.0017001404
03faf06a2ab93e3b875bae231135bb14,0.19632228
d31688f08f1364743ab586f16b9bbfad,3.207614e-07
6d9d00b656388890f8688a01b12d915c,1.0
c19b01f5b0d34e6bdecadb95ceaf04dd,0.052794997
66dafe32ea75568635851d428149f4b8,0.043674428
5407d9ada9db233715123c3bd31122bb,0.2080205
d5f714acefb6b2382c97a4d4d914fe41,0.9919191
ace93056a44f8903f2f7e1f3e3784aaf,0.99647623
98afb7a6aea50be44bf67b0d73a3a782,0.052613616
55425c51a867aa1a65c13e1c8e575789,0.23697312
6bdd1c9757f568604a5137997c079079,2.6895588e-09
e6d9d84c681d0cf322c6065cf925d3f0,0.005323323
ecaa5170a645800ffabd709ca37bf9fc,3.181344e-05
433fdfa6cf0c539c304185819b09687c,0.6099753
4f9def6231bc4287353b3c12eb9eb7f5,0.21193428
19a57e91cdcfec4f92024553e885e11f,0.007423487
982a6507c7d4a78fb8018cf56727bacc,2.82569e-17
bd723187aae323c39cf5024aa93ae4aa,0.0041668657
377012a0baec4f020d76fd8af7e4c6c7,0.99844825
27d3571e44d2cdf98351dee8c9cbdf1a,0.33798385
07ae5e014192505bd08a5a9c2b3881c3,0.0043444997
51e99711803530c414385e33e561ae3f,0.5355424
e5aed8b45531314f3911409c938f8ea2,0.19558999
43fa732f4676a1dbcc54bd23d69d01f4,0.020295927
16142201dc8919ae26f6d310b34064f9,0.04121399
a1f895493a483d204378e9928665888d,0.07421451
3b81f564bf9b44026037e0c238742775,0.0019585337
d495eeb698206c3ec06ac6b862432a7a,0.9897584
d7ede44a03f23c68b28a60743d314fef,1.0
826e465b72a02cd1169f1220b76e2130,0.9733695
f176d2ed4428219756d5b939e778c436,0.9999962
07a35f248a01747dfd03070bd6eced76,0.0024477758
6ebd2203a7d7c92254f82645d1895ef1,0.74803394
1483b82426a1600b46440197bfa29750,0.19495644
a87c67fa69369748b7b14375994f9fb9,0.9934006
360a4aee9a7e1f80c48d10bd24c64142,2.2409797e-05
b1ebcd72d3bbfa1066b8ecc33ea33c13,0.9999999
d097a969ed71e5bb8e888d83a188fa60,0.00020783475
7dd75e3f3de38b987cb264f098ed4815,0.03155566
96fdccf453f059fdafd23ac639850348,1.2467426e-13
daca644f3b57f90c17bab022a0f5cbb6,0.0009010821
77c2af443e9e12d23a2216c3732bd74c,0.00020538646
3b046f262b71dcbfb96dfc45d09c92fa,0.9741295
90f628b09fe3c266d7b8ec6cc33c3a5b,0.0010807285
b2b33beebbb1bcbc9b6f56e8df0e7630,9.673494e-16
431d8070e45c04989188b4beab4539b1,0.86175114
0c6c5fba5b32856bc9a0cdcf6b4154f5,0.00023094272
660b621e6ce8ac276a941ac7af421107,0.85430664
0f522921dcd052e06400aea565983a91,0.2788249
b47baddeb7a3ba0a5cb83ebe9facb918,0.0025105663
dd6fd0b567054e3433a18ec51ac63736,0.9923666
98a1fb542ba7b7116f6172867b4faa69,0.07534035
9fa4495de498e9d0ee90cf342ad6e7e8,0.05615313
12bd554a9afa25a5810b5096edc542df,0.21586214
041b4770ec4846ec3b27fa47f9f370bc,0.00046486
2c155f3d97a755d46f9c5f755d657879,0.006760725
a8ee14f6cb091c7e75692e57a5b77526,0.1756085
9f8997ffc9a7eab7f53700f78e1aebb9,0.9920975
d1dc526b8ed34bc4e5de6dcd64d9375d,0.32262033
5fe593b929da5513b3539c02c7a0f800,0.9772445
66aeec75778cfa1111eb532fb98edbc9,0.11259155
f2ae5bfe554c4aa815fc4ac188ee91c2,1.0
ae433e5090e0c4edaf28a9bf402c5abb,8.0382216e-07
84c20894a1ebb9a72d94a74366459090,0.18055736
8bfc4ae813365a0a6b1d334ddff4bc0b,0.06192649
7bce0c63d0f01a7a2805e9074565f6ce,0.114956655
3145e55b6921c0da3c2a93de3bbbaa20,0.8023184
7ff505f493c7e03d72d5f22bef57ca9e,0.9904094
0bc38a302a66d13cb2ab5e0840bcc0d2,0.06298042
c6cfa62bee8b852d17d8147b763248a2,0.0041167266
01cf10b978994ed33cf594c3f911cc33,6.248548e-06
c53139fca346f97775b1999789c3d549,0.984403
36a2dbb02c2aa7f418c5d1a1a2fc24f5,0.06633308
ca4ee62a55322203b2e0c5081a544603,0.9999999
f599fa101637efa1612b4006333cce3d,0.18518117
d77bab9505cd858dd6b7f8ee8f4bf55c,0.01575398
8282727e654167ce5b0cef69d3c91656,0.07959745
5937cbe59eead84792ea8891d3fc6999,1.0
d22795792979c922f267d94445e40b90,0.06763769
5d1470caf0cf10f682be43586f909f62,1.0608387e-10
ee2fe3ea6a302935a18b625856691f49,0.1976314
add6463660e5cb4b97f1ed27965a6847,0.00021707035
b7da0ffaeed79acf4c067ca3b6dcddae,0.9908489
932f3ef7ace88f644a40e836c9e972d9,0.0041885977
fc3f82c9200496428652bef9892ed46e,1.0
a3b69fa649e32c80ab033dc98ced708f,0.31183323
e15256b7629dcd3694f9a4faec86f4ae,0.2841252
d1370530f3921d5e97c3de5cfbd0c5d8,0.98570824
2fc7dceeac95ed512d55aaa6313fe354,4.660663e-07
6b83368d6b2364c927496061a8312064,0.9889699
3ea09416ad2ccf64465ae56fbee16813,0.97861415
17d86fc3b73c8834cf468c3ed8231e1e,0.000745621
f70d0e313aabf5367ad6e5550513dc06,0.03836551
4baf3a6b9386318d1fa22a096fafa364,0.004694614
4b1d4a2b332ecba84283c97915ae6b14,0.01780841
ecdcdbe016e2952a144ba8422c295246,0.0012399867
d950da847e3e7d99790f700cd93f5ac3,0.09907886
a25a2927eb2e1fae5b4487ee68f5dcb3,0.0004294143
02729f9c03e36df4976c967b9341d752,1.0
77ce4e0342ea36a983ce82f8e8762381,1.0
a90e1992e77b7fb0969aeccc94757522,0.0043650647
f0df8342e9a6f3edabd24cead98e556f,0.7369318
dbaada5219e50759bcb7a53ee930616f,0.00020963629
ec9ce1d9fc1e58243b327a3db3c2bd94,0.9903167
2678a710c9e3f742056aa1cfbd345f2a,2.4819049e-06
6597148ba8b6a0d6f2232d11aa291100,0.2663496
891e115bcc959cb206217ef54b4136bf,0.99999976
33b8384412619f044e88ce017230827b,0.40300822
c1f60b6e052d5f66da8e5eafe3c4088e,0.023969548
cb71e8959c3a0b7ec4ac2e1918cd32e9,0.19050325
71ccddad1c2334d71da404811fd9ba18,0.001193393
9fecb8e09db953b5c234f6a7f2e52b75,1.6964047e-15
1f2dd01a707c4b8707e269ced4e0a4f7,0.99266124
796cb77a13a12b5dfdde86db43afa457,0.27527577
437fb30ae16146ba9fec7c28463951a7,0.9999994
109982a7801fce95b60c9e55219dcccd,0.006075535
90d8953af568bb1ccab1350a1df8cc05,0.04303091
fa1420ea691fa7184d9be5875587b58b,0.28606364
394732824d4b6e094ce5d6f7fbc20fbb,0.1561101
01a374fe3ad1deed124f4f97310c769c,0.9669066
c98f0728cd52a85325aefae0370b99ee,0.99997914
0cb05e9831b3363f6e809678f692abf5,0.024695583
a6093ae4ea63c09ea385244d070315ac,0.99110806
e0ea4e7387a5aebaa339694b53dd3ca8,0.24636032
efdbb58aae9e835db973478dc5870900,0.03646531
d03446d54e7a9b6ac421c788c85122ef,0.017547611
fc2ac1f5970829397d04da4ff99df23b,0.99909997
42c6e683566c7a7be98a9c63ec166803,1.0
d95da80d7a4ef553989f177eec981187,0.09955768
40227861ca76dc63001dd35b512017e2,1.0
ce53e1fc8e703142888c8cbadd8f8058,0.07768695
887edfd8a6acc9ac1b180857d6280dbb,1.8469613e-13
b68251338c0016897dadab71952c8304,0.0049985573
23ae7bd825a9a1c48a2a85f164427600,0.0043811193
9684bf0ff7935ab4c15fb10d988e8665,1.4407192e-12
c3488845b02c149d06643c8181f5fefe,0.81822586
4e426867846a531e9151c6d306850539,0.9900718
1ae7eff7734412780c96ec9b2cf6f697,2.0099706e-07
b015b8d808bbd3ab0849fb518bf7f546,2.8378398e-07
ac90025ff951ca2320ea1dddbba327b9,0.51972806
25ccd27a9dfc0e150c47dc17c8357ede,0.9925518
9bb3bb54287ee2469989dffcc1babe97,0.28161827
cf656adbb5a7d3c6fd3580492f346fb5,0.1247228
6ea18477f28f902343c0997953137b02,0.04579848
f9073fb66c1cffb1444e02972668b57a,1.0
59d0be402694fd9922dbf697fe194a37,2.5209874e-18
917a1a9b2c584ca5c47bc87844207880,0.042842466
a86a200da47fbd6c52306f589a410994,0.9921365
89e35a6cf15b226bb54e22f15b8a2d20,1.0
a9273d7cc72eab828e0c6e3fce7dbe2b,0.6675604
8656d5dd1dcb9b4cd1c2f51ee3f56af2,4.7192407e-07
c7d0b390567d5933ed58208304b94d13,0.004901255
9c5c23f132ba548d030550e43c8b7806,0.0038244748
1dae69a67d774711b13f93b062c0925b,1.0
aba7c5bf4fc74594bd4b39a98e7b8f45,1.0
c383932886ae5022fe31aefa2cc5ab6f,1.3897179e-07
168cc7bd4d9add96d411b33b2dcc0ca7,0.99103326
04493e41de45d994426eb26666c65a51,0.980435
c4f378d197710c9cc645737acdbebd61,0.9999999
9f8d92cddc9a2a55e2c13e9f5450f84e,1.0
9c632bef86e29cef4d79c188f9790aee,0.11331698
20ddd7297c96ab90399bfcade114a4f8,0.002746999
5cc85a69a7aa25bd4a37bd0f384c2b08,1.4559741e-15
72dcee5b3be1400e8b1573bd6d1e0add,0.026251607
98497d8f2d529ccac33cab5763f16343,0.0002083091
7ee019e3e3b1bab331c206c88959bfb8,0.91732615
b8b1655eb67266f6c2d3c76c2f39f1a9,2.184761e-07
d73ad36ce62cf94126ab326d957af878,0.30926692
ea7ac52e9b4689f0edcbec6a42cc2df4,7.138119e-17
92e830433d3a25ba1d2726de1d7b554c,3.2196368e-07
3e2d54f74b30eb09d2f1946ad796ac77,1.1695892e-05
0f5fa4e86c48f5288a51264fa8fa66c8,0.9970782
0c06128556d7825f35faa448e5613641,0.795343
2cb0901f83b2a520172c3e8c7100062e,2.9451567e-07
f5ab2962733474c9b5d71fa8e02e6137,0.99562967
d6da10588ace7f6dbb95a31ab9f16156,0.2032087
eca0c4ba56d51ace312dbeab81851fb8,0.0010934512
68ff55c9dfba0cd81412098b91450d0f,0.88393325
b72b5df93c8fb29dfd24bd4138a7ec03,0.007841248
7cd03fd7ca6c03a9653561d97acc8239,0.01933688
95e8296c984666bad7e446f0e4e1dd7d,0.0008781972
f3d67bcfc988e2e09ce3ee7b8759ccd9,0.26403314
3a0b4c23a1e60e4e54f3d11b8a0c87b7,0.1875114
2a9b4c78c7759c49afdf5f49eddfc106,0.0050987345
3e598a39dd5166d24d872c6d9f74196c,6.246939e-06
d359df696d5860750435fc0998f8203d,0.99629444
c51b0bf0fb0ea326f21c0c2210327295,0.502958
458e9024252516e6db4764f748f531c7,0.000206342
bbf0972638eef0c8506122c3ed6ef574,0.97198683
914889c9320ce72a4c5230c99de148c3,2.0576254e-05
e7d1e7e7e03cfa523be47a0098ada02e,0.95169973
a196fbda900eaa5b9b87d6ef1c5eba31,0.0027594967
90f497224e41d5303158006df1852b89,0.03001757
5c9a47b5cedf0a99b1fbf6403f377216,0.96769416
ed3e76997bb34dc4868032352b5b4f44,0.00020754087
ab0096f92f441b2358ee112b5ee8c703,0.19178508
40941510d66ca645a7c07ddf443686d0,0.027876485
c1c07644f9702651cecc0ac34249a23f,0.4656989
a1fe5c0dbaf3a98bd06fef04d5161ddd,1.918809e-06
fdd52c103b960a16933d9478ce2540d5,0.98847723
b5960ceea0fd06a282aff6d82c241582,0.0002478158
71cc4cc8afc2a796827f5cc9125ca04a,0.98420066
4c7dfc7d9a0f58c8079816f504e0a26f,0.28094706
a7fdc32c017f812458e0ff1580398add,0.040260896
da45ce2a9597f9e0faf16487fecbd993,0.00020879487
835e8cd097d650967722f37ac8775a6b,4.8015142e-08
837872320e2ec5f8876b26dc9ca76add,2.443134e-08
552ea162a604a99160c82e09bc02f4cf,0.9637334
c6948d373652315b6c88e483b46700c8,0.07589058
f20eb5cba941fcc43e5e9785ac29b49b,0.99999976
7684840da8072b920a2afbcd93a7d697,0.99115103
36529715f030b1ace102cac4bad286fd,0.107714094
80b711b275c9ec03f458778a1283b846,0.06506659
628b3f0beb42e73e2095f3d87a3bc7e1,3.2266672e-11
a682a7df1173e14f33ed8bd9b93e3c72,0.9993887
15bb59a8b2f615e43c854d6bf21f612a,0.005038857
0a0a74ad6cd4865bcc4a0f6ff9a3d847,0.055070672
999ef680c8471be59233d8dc0739dfff,1.8885143e-10
26b79bc3bf1a0508ba12684a3560294a,0.1916152
7e7831ae6943dbc68b3745340092a189,0.18531951
e98026641e3a878dee21448a52af24e9,5.5586854e-05
ad3081cd9e6d550bcceee6b6d0312eac,1.0
8388c431b81e8a26e0b0eedadfc9ee50,0.98408604
200fb53dbdcf06dd442671297cb46aa5,0.41806737
b45a313a50d17cc5a4c51685982e37cc,0.00020688435
f8c72e813f5d289809bee9280f389fa2,0.010038163
8256853bf0f45cc2ac2505719a115794,0.9488974
a968f0ca4d44716f6e0e46749718753f,0.0017567715
78a7c548eca7fc2c5a703ab619dedce4,0.06941429
d92e779bedfe1127b8b7637920754d4d,0.04741544
97774b9bff2d5f8218ed649a2e7ae81c,0.47030678
e8bf8515b86024d8cbb61d303f2ec7e1,4.436971e-07
0fe8d530d25bd817787cd5a022410cbb,0.040238246
288cb6b1b6b58190e299cca6cd51125d,0.2721596
c0eb056f4ece858a9b71352865247d1b,0.30086267
c62ce60b79e63641fa6064c31ed90d21,0.1966261
f6c064112b4ac90269f95398cc158adf,2.7230118e-07
d40fab4443e90a4f2fa843583c3f89a1,0.79195654
a5b8e234c6fc0b387d7b920fc94d7523,1.4107964e-15
bae22d378d8a9f4e13c632402b8236cb,1.0779793e-08
978da72ae7d4ab22ae8e82f391794eb1,0.19572389
b2a8a823403aa4e0d72ff9c338ec8b7b,0.9917768
40112325e9513f2026de7ab86d611a56,0.2043615
4ed928e7f635d8dee12e7412481c583d,0.21673566
6a33bbb9addd4251ff335371fcef8147,2.1117044e-08
6ed87aec021b3fb313ccb925de4985b2,0.9973506
873eeaab91c6da5971b066f7b7a50079,0.49580774
8a1995805ad65999ec546a1074ac9887,0.8658343
126663735f6ddd18702029eac1020dde,0.9802988
f52970e4ef6286ac33dd36e545be06a8,1.6254702e-06
4cc25e6e88e16d11d53c879a8a3ff105,0.88904727
4e40a84229d0b190520e4b51de5a9caf,0.0022410953
eebc9669db596c2a02afc1300fd5ef6a,0.015709223
ed12000314662839da3b438787042e3a,8.69673e-07
4e874358d77c91ef3b882704fabae7ac,0.021411426
550187b8288bd09a0b9a9b63c290e87a,0.09988153
7da7f59b5778d762f10efa331b4b3ace,0.008255997
b1eed2216845a17dcc4cb645771e51a9,1.9172454e-07
b10cb1e0c8875e6479495252bb327699,0.11930099
a26ab94f0d4ca4bc5b461fc09af73627,0.9927087
bfcd6e7066a663255721c2bf88a397dc,0.062123906
642d521886cc7557a51f741c14b02248,0.9999876
0c32458545bb0609ed47a474fd3a0480,0.99552876
ee83e2eb532ce211998039cfb733023c,0.0051267487
b47b11fb0c29c4ae5cbff0f048c7608b,1.2170226e-15
e13fc5142078ecdd210abcb858db40ba,0.04714375
8e6c9282161b4a7b04fb0e593a426cd8,0.0021971497
d362b408cb668e10f10b950774d1c1c1,0.00014400204
d1d0926a351293b8315de1844712ba4d,0.88031584
48f774f48a3144760e66ec3929bbccd7,0.99884903
55e05a800d17491e43e0d18537824bc5,0.077858925
f9e0ec9e7c92c45ee8d1777b5ae47a13,0.03705427
183a75e0a281c9365d5822d865dbbfa8,0.009579606
4a989fa71396e54cdc7d09844e9a9b1f,0.025500337
40d3ae6227ae29528db5ad5b9ad9d7d9,0.03670596
ea7765c0147c069a85081e80a6fce6ff,1.7169448e-15
eeac7c8b2de240a75ce087bfb97009de,1.0
83d48ceb05204219598796cf99ade13c,0.9723465
55d9516459a859e6c9ab1592d1be9ae0,0.99400157
3aa79f0957342a5510c727e673a451ef,0.2137235
f6dd8e844b08b8340a60603c2a24dd40,0.9514462
97d2f1b1f805a9facfd16baa9c6f05bc,0.028746426
618a7969f184049df146e887dc3be4d8,0.9807606
1ea06f3296a7feed811e9c94cc6c8fe8,0.0043746433
8d6ce8aaf7e25eafdcd740ee4c483e9c,0.002101585
851f9eeb2f3ad4968a6edd5dda5ba33b,0.06426336
efde275d8ff36333198b36d2e2251bd6,0.9999999
50948fb17f46bcca1803c99602bde762,0.00020620176
b0556afcf9eb38ab9c99d1e085e12ff2,1.0
2e06724ba9c384400f55cc7de40a0737,0.9926415
7c28aadc867aeb7d588f81a6a1ac43c4,0.9904945
358344727052c2b662a8791b4db606fa,0.9901252
75e95a530e5fe926bcca7c2c1a008e18,0.16798526
34e1830e351944811c9118071fc36131,1.0
946d57e17f85b6556069ab908af48b7e,0.9977082
c967f1b345dd0c9fe7245c581bda2d07,0.9916112
d5acf799b268071a471880dbdbd8c0a5,0.006881841
b5e606ef0541b5f3705a8f34bf83a8e1,0.08685993
cddae32a12e8bedbd370ad12c1e441dc,1.0
ca2b355d4558040f4f66c5f76b447e5f,0.25537652
612673d56e5559e9dfb7440bab5750a1,1.5114377e-06
dcf861a4858cc95b9d2e9ec60969933e,0.9793434
55bb235bdbee8158ef54939e2baba45a,0.00020544758
3be0926e2ffc6ece7da8dd4d9690cdc6,0.09504112
7d3a3b5bcf63f287118153ef2be55960,0.04908453
44ae1af2c4df61da599164666b32a0e9,0.7321901
fbd1a80389d206f33ade62eed461a83c,0.9998288
58ad72cd16dff858bdde5e7e9dc91386,0.9817545
e20ef2e85a9a75fca0fe85bc398879b2,0.018779734
168a992ff6a66219eed18d9ca96e2766,0.9911144
7f3acf7755e6f0c0316eefa875c09fa2,0.9966517
443a060acc074a7f961f7cb83367eb74,0.0029298502
f23f09ee1eb7eca91a0d1c7a35fa7728,0.9914113
ad5dda23f2ab1346a9ec664036500517,0.9928766
1fb84568e902ede396b5eb8aa87d9aef,0.44724005
16f655b8947f212cf7ecd9735475c0c5,0.00020881978
575cddd17ff8d7127e66797e14b82213,0.05533941
bf9277e22e6f6147c2e178332d1e5f73,4.7939415e-07
e732b38f440c765accca1cf9e2537a75,0.29566035
c0279981e8b5f65cd0b16eabe84e8623,0.49122086
de39db8fcfca3ead9f88cdb62ead188c,5.7838106e-06
3affebd34e53d5c2292bac785b2d9d26,0.0043861684
f14ee88f101c3a229ec34de4711d5eb7,0.07950125
a6659ad22401bf2dd4d29456bb3b6c28,0.9905075
09f2a9654edda85f79008b81db837ac9,0.19755147
958e6b8ee9e8b4b1a4e9c3f5bc25a94b,0.13707937
e405d5b86872319f78629223568e2210,0.99999404
53cae10ecfe331a3a401280a7596749f,1.396251e-13
00344df967b5b6d9b80442386beae157,0.093906805
679b38d3297913cec51412919546f0fc,0.9999999
205557825691a18de07dd03763714cac,0.99999547
dab591b21cb5c11d6b25ec98c6a44271,9.504612e-16
f140ea58fc0da4ef9c22f9ed5c83c855,0.01930843
234a9557e370d3d750070b64808b0426,0.14080423
49e247cf7002068e1ace5d2c6760fa86,0.9999999
edf94199fa1697dacb362b28ebf5970a,0.002167232
8eee083bed7c1c9825d14158a23c31f1,0.0012158696
b34ea6361ebeb1a3a4889f570eb3de6e,0.00021619127
9c5984ccb4783b5f7263eea825b8eb01,0.09331555
bdfb50c4e35530e09a6c0f72b396076a,0.99237293
49549a9bf186a3a4978d003f6cd128cd,0.0014359246
68dfd3a73772b942e725ab981a3c7c77,0.09030512
95165a8680429d297eb04d142441c72f,5.5040036e-06
f161f59480660e16a704a4c7f693accf,0.16339608
d710da2c72712a5234c12cbc19c9ce38,0.0004149072
e8da3d59a61ac5fe44fd9ccaacfd746c,0.99288815
91742d89398198901ddb35b4211cb22a,0.00020869297
2d49f478241841e4664c4c19c195b672,0.0004913974
ef1659d3dbdf22273953e20281d00f33,0.04893183
e3ad08131708e4f5fadeb1a65020f08e,0.046315845
b7e3c3c9735d6ba37616d791171fe2db,0.08500986
9ff9873ab1a33f982e4385a41edefd45,0.0031544038
f8bd7396c707ee36517e8ee4683ba4b8,0.004102512
dc0be6af2daa9969b148b7b237ed88b0,0.29362944
5176617ec66a7648e154c15127686723,0.00085484434
a3ad8b6f84ed84abaffc0e24edc90d29,0.9920157
806710a7a05cfe86bf4062368cc9f774,0.0351923
10d5c4e6628e6da50bfc3fe6bfddc48c,0.004300168
77b9700791d459f75889a1a75426a89b,0.00013212094
7e9ba8a4ef1b339196a3bb1f2b8bacb4,0.0030879008
95e2332ba52b6152d886ffc639d4db42,0.19031931
3740378a5424413979c8eb490c75aad4,0.99075705
7ef3e196bda947b10108b399dbf799d3,1.3339717e-06
6d13204ae1774d77116dc5733f0b245d,0.059708238
97d27cd7f83b4e0e572e1b5b102d171b,4.768266e-08
666e30579179bdd43772f365409936f1,0.28605536
2d65ed62cbed2b50a97a206342290dee,2.4329053e-18
ba6d9d8f2cc95f6ab44afa50ea4074fd,0.013086812
680218652de1fb3cf06d4298911eee1c,1.5836454e-06
0ce7f43aa2f349d5165a158e52003ca7,0.9817135
561d03bb4669f2288ebd25291e040888,0.9928068
20580aca35069049b18c3b99f8b0802b,0.20220159
58bdc789c70f98842049d17506912cd7,0.5358069
5759bcd88f92bc21b96fc82c38e40c2a,0.0045689326
5bab7f0a11ca5b6cba6b95dc6ef452d9,0.005488712
5ec700deee858bfc8ae57cf361ed3390,0.033043306
681453e7b08df68d87e2389fd46f2fbc,0.9999995
4692f2846bec49834f1f7883b3c34f69,0.987956
3f6c3dfc2f7bc1ad78cf7f73e1bb1ffb,0.05487143
e5e1ece8e91a873eb73006d477bcd1c0,0.99890447
a0237d9a9db97e34ec5c6064bb9ede02,0.003214192
ee624424ed6bcc967e76cb734b278305,0.035558738
f13f55759c52347f534717c888701fc2,0.9999999
7642b6f77fb8ed22135a69eb3e8d31dc,0.00088477996
8503c4e64db290182f1175c7ba28b8f4,1.0
b268255e582b9ac14e605abf6193d206,1.6108359e-15
892c1b64c4e1e581d75328054ea317f0,0.068290845
7c9e34e3197b734242ccc34882e55e6e,0.20765571
9c130742e007dee7c747e9b16242ec63,1.0
966e2d1b7c9990d4752af5755cda4d54,0.061327975
63f0d12920d5559ae4fe35e478668247,0.09708839
eb12fae3965aa41987154f2eff562a79,2.4299405e-08
67f614e8c72ea0cf97b41a41dd551e74,0.99147624
c6e6ab4d2be3786650a000442a26d95c,3.7049686e-12
ebde6f09ba71f24a6a14baf4c08ddfa8,0.17884605
6f01cac9641f1e9c1ab326d9422950ee,0.1907619
080a9a590be55d8efd1e334b7dd7e0e6,0.57598263
6da4dbceef152466f5720f029213e4f1,0.022921719
5b379cbaf5a1067fb45d918412a6b34d,0.11917448
2ff9cb721eeeca36c89d15d6e9705f4f,0.99981457
b60b35ac314e92d64dfb7eebb8ba0bd9,0.032712415
81722deacd51b5787fb7a6c0b85c872d,0.0920359
fe021c79490ace0a4284095c00567cd4,0.03712675
12c653e7d964db421b4c7d25c888534d,0.045808505
c04532d2a45675f5ffe9ed4a8e4c84c6,2.8355024e-07
a8e5c768c6771ccc7242ba0157ce7cb0,0.16551343
bb966e14167695b583d58021eea98a77,0.019814588
748dc79932cf792d9d4f94dcdcc5c477,1.3669057e-15
b93e5a2e8779157d93c4e483cf5f1e06,0.9908326
ce32331eefc0fd2380cb98027944a0ce,0.9999999
3448cdbb28e615e34f3a0d8cece312fe,0.31184897
0682a9f5123addd86cb7f295c67ab518,0.9741949
36bf1a6083c2cee9a6da0219aec7a66a,3.373626e-07
3bbdc0c1cc7fef659163b1ada861012b,1.0244367e-08
7151bcb3ad063d6d1975168fc5a2f0b5,0.0017604253
213d3b496e6a362e8589d09ecbf01a5d,0.0015206713
2b348961de19fa30069d45a2e02d5527,0.99235874
73d7258ffb3c1bf482e1fd7f700bcbfe,0.97754705
ec033d830f59d9d3650e850378615187,0.17360221
d3af0035c263da10d489a27c4e2a06cf,1.599344e-14
1d967b31b8e65f241605d4ff739aad9a,0.9930555
6ebc8e0d84277b70584a02f6060d9e36,0.008228786
9942f5a01c46dbf90ab1bbf0ae4b7861,0.7338368
c21c4e8321e65cbf84369be479a0948a,0.0006585151
788b041dd1a7d19ef988aca2f973b443,0.99998844
68adea1f085dea41ce3b6aa07fd1f2e7,0.000652628
6941b638940033186c68a9abb6a55850,0.99951816
d2593b036a3fff02727be775c21e0b69,0.020827675
a75f5d7ae9c5ae21eea2c228e81e6bca,0.31343204
9bdfa3add2456a5efccabdad1343fa70,0.7864973
651e380b2949ec0a2a0f064e46851a4a,0.78362095
4e815b40fe5217fb2a10e42b7378aab1,1.9134862e-13
bac87d2c142747e99cfc57f9776492af,3.5165884e-09
0692f31e3ac29f41a290c4f83f845972,0.040283736
a07be23e856c005dd533c7ea4633961f,0.023801137
06c24685a1acf5807cf57058621de3b0,0.97948945
a9b207185af91d79cf90e9a8868bee26,0.004567599
2d2b6d657fd1e884e8e19b5f5ec1d27f,0.9922701
c2779c8731cb267ae9857958afbff745,0.00081216736
dcf68b96fa5d7cf4d4cc8bd57f640e91,0.062277414
0542210341bb336cab8198eaf1b29c83,0.0030238905
056287de0f90a298b7afffcac60f37e0,0.99994576
b0cdc459012aae2a5210da376f5df3e0,0.9999999
e537d9ed05e9fba54bf179aa3ec69208,0.00031414343
0a2fba7aa28b95531bcda8d3e837fae2,0.18397614
12f86a26fae93156a246327c0a413038,0.09046687
c43a3d38dd54d30212aa22ecbc6f39b5,0.14420652
c672d315430c27e77663405bb88c53ef,0.9919007
33b3ae456e72ab8691595b27655796e2,2.869274e-07
eb675def4a42e7a23d310ea49cc17ab3,0.99179137
d3772b773363b05f17254968b7b72e2d,0.99783033
e02c3159a5b1f266f4273957594f4a31,0.04183092
30e3adc174f3352a21f126a61e3e53fd,0.07148597
5adf87314d2f7fc4a36a82562e5b119d,0.000901548
3d35be6aa76c0775efad6abf6ce136f5,0.024991674
574e65a93cc5b01b3631e89071832315,0.9985788
e4d00e7e482a26de29252a32b8d36b4c,0.048758857
f38dd5b05ce3c2c8ad363d1336a3f43c,2.325622e-13
8238f3c880ef30b52a1e3e8579b7d520,0.0012108156
11128be8527cac50aafe82b93c173c81,0.055308137
b9ab213a200ea1176b92329969fa6314,0.0036759286
79e58299e50d38abbf13f0836c4dcdca,0.057966854
e92bf60b6b1c48add2f2ff7c28bfd4b2,0.19900873
c76b926781679ebb65484596328ed82e,0.002816779
f92bffa05a84e76121dca75bccd4dd74,0.0013398897
e49b51b0b9c6c7e0ba32f793fee55b45,0.43021238
da99af585626ac6c934d86804f859c62,0.002123255
a71073b1cd7440cc345f01b1fc2e28fe,0.19786836
36c637280d6d1ed1be05b59dd082d355,0.0043894514
668e0b19d63902c3a3f4adebb1847103,0.92613864
a1dda35b409052b5a9be06768c07bd39,0.0009791217
fb4bf180ee6595d77b69f7a1140421cd,0.00096573844
48efb99079ac73e9fc3ce9397c983e85,0.69137514
69fdf679dc3ce71efed7094b45434058,0.99674255
2e2fbede9031283a63416898456b2190,0.9999999
860286b5ba062829a93e4912359dbb01,0.99236554
acd23553f3fac69e4159014337221a60,0.018892428
2c4ca5594128b7b8b9cb1d9698387548,0.02799944
45dce586847b9a88a5e803b5c7d1f5f3,0.0031121238
e0fb3ae0805893f07729500d4f150b9e,0.9903985
76c84aaf1e833d2c9016a37ebf56ee2e,0.00018814656
12c8ab20fda0665ceb0b410471793f76,0.0054537756
f1bbad1080e95b8ea0a9fd7a057e1aec,0.00053269824
80992644a1584b94cf37558283da6f82,1.0
dde23991bf8c7157c184816e6af6e019,0.001775913
19d20f6312b8ddd3127b5f51b13b891a,0.9999999
3b04eed736dfc2105ad001f455439ccd,0.0020039473
cae17ff584c4f3a9508fe0d9ea93be5b,0.9845595
a7681453ada7430e2077fad1147334ef,0.051124122
12a43b16aace2dd28655b93a18321bad,0.1772573
86379266b1b75dffccbe0cae3b03945e,0.07102195
57b863f669af4a4537844c446b26e230,0.015203106
26316ca7344451663e333e8feff5fa34,0.10425827
46088a42b49d570dcf473415d4e1d7f9,9.388507e-16
f8ac279280317aff159a3ba107ef7200,0.99245775
09e147224c00abb8898583446d637380,0.9918359
7bfad2cfcb47b0efeb8ce59c179e2ba6,0.00058970373
74659900ba377fffeea6b555438da991,1.0474712e-08
18eb4e9b058317294556f4426c987818,0.0012781164
0cd01a72a0bcac8da8db06aaec2d72b6,9.412115e-06
b474e55affe2984c7152dfc8ee44426e,0.47454384
eba1572f6b2f3f5a8e0d21e04564fdbc,0.99236697
11e7146f67145408070990378d6a3a3d,0.009972303
2f6317332dcc700e57a3b9a7edd05c27,0.654762
1bb21461bf917168a4f4d990b860b2fc,0.99269885
760236fd734bf5655628a32fc40ed0fb,0.052881498
2523bc51a434b45d9fa9881a77340fb7,0.7334048
44dd47401b94e056b009905fe584806f,0.9968569
5f951d13bc2ae245fd4be9dcee8d975e,0.19431764
4bc4337bafa7659472b1edd39b294c1a,0.8641843
bb3b9e77b223d6bdd08f1f1170ea7a8a,3.6114002e-07
5c7932de5f7ed7fe511b38a94bd62ace,1.3584747e-06
8fbfa37934555884e73d5d794979ca9d,0.0014817577
6238e1096e679194af810a1f6109a30a,0.0013760875
1810992703a3b39d1f14c8be78af9d8c,0.6771443
1f563d126e328d5f75a96738a3bfdedd,0.00026598747
ab512e2a70d3d36e09809d64a9a1a2b8,0.28511402
517fc059d0175c5b1e81fbf99566ee54,0.028741714
3c43ec1cbbea47b3daa6d3392707db89,0.031627644
ade4d6597f3d1d0d0642b697b7fbd26e,3.9834347e-05
fccd3cd42f8a83845e44e08b3e1848c9,4.8477176e-08
8a081daa0cf7a8c7c8a60e6c35e3faa8,0.10806314
15d5dd28a85bf489c31d57299d5c2444,0.7928062
4d1e128aa2f2a8f9ac64804aaae43510,0.000104141305
6f2555109b48b2df40101ea3ebe478c9,2.0260596e-15
727750484416bf033b50d84ea682716d,1.0
06b4248cf4db4818fe69af1f8fec19c3,0.10126411
5baae920ff131a2491cda874e5dd44c6,0.0021353024
12293dc0afe2f9aa482b2d792c9a6de5,0.0036379392
b58ebb12106f6e6dac2ec007d53e37d4,0.9925944
7e4c407ab851162452ea36cb58fa0b3a,0.025102803
d6db8bb26cdfdb925f42413ccb581784,1.8121186e-06
6dab8c901eae836b5ed8996fb9265968,0.0060996665
91ad203bd28b789a67313299994b2d75,0.19539063
f270b2bd4726a15606b8fd0d140d8959,0.00020844876
5eee8970cfc51bc61521622afec6be57,0.0035452787
d4e6c424c9390fe945b3d240ea6bdeb6,0.019879865
9850a146e69faa57ef437bf9cb7a781a,0.13889243
e1c7a9eec76d838ee4c0a6d0cba7bc50,0.05597699
50a237b3b977f3c4c26c682323f76511,0.002913094
1b6e9d3a84cd8a419c21c776b1404e5c,0.33824116
8f5aefb441edadccbb395dd5ff1ddd8a,0.1947596
df9b48f94f7fae58500b2d5c5eac1ace,0.08156712
aae5d0ffcbe9c8ec6719fab811e637c8,0.8379325
43af4204be73adbbbc582ceb0c54f394,0.005326172
3b0563d34d75647f21b08bd41e657289,0.99187356
1167975fc43824b14c6bc6dcc5034466,0.011263913
adc249bfcbf334a2512dd835d031a1dd,0.9999999
80c841dc59541171a95c208b6c9b06bb,0.999944
f40c2b6e093e029aca40950c710cfe44,2.9128195e-09
94aaef91e42088ec30900adcf6f61eae,0.2910817
0740ebf29c02a6f39536c40cd318e3ba,0.8666639
14257891da3d67f066b11e092b80f54f,0.012296928
de7fc7c348557dbbf7fa7796c3251ec2,0.030976819
ddd787aebc37a2aa7c3b639805471e3e,0.9942015
04ea1811845bbf04b93058850da020b0,2.8742886e-15
b73f0d4fc5d9440ba8fb60f4079039ff,0.0038724781
2990cf39b34522c7e8ad14fc82e2eb7b,0.9999999
aa36ad00069ddfa967b73ea743d5225f,0.0039098784
ece77257201a4bb7feed1265322b5f63,0.009431121
db053afafa7077e68e979affbfe5944d,0.4414527
b349b74be2bdb82a56bb3f387052d67f,0.0009686831
9d2a5154e858c79c0c38fe519ff9b346,0.0014118031
1fbff46d0b659b0ddf5af64ce0886a60,0.50699365
d40fde473079df9bfeb2e14c520bb454,0.006599981
cae5e7534f4d815c2da29a9fdec01ced,1.3893917e-07
88bf7c9aeee8f04ece8b50fe26d5dd2d,1.4556647e-07
7d890e91a8754410439f12987fd43292,0.16298066
1a9982735089c9f32ab1e4e6667eb9d5,0.059034128
8fbe5dfe1b1edc6a93fb7a3854335905,0.0019967319
2c2808a3ba9cca6aeeb010da8138941d,0.0047338903
5fb3847f7776eee666129caadd5d4e7f,0.00020869577
b837cb0dc3e8891c1dd3d6602903c65b,0.00020627136
f8cda53deb2dc40717f2335fe91ed31e,0.40470356
b2aba91579a713a5ebf851c7d01b1741,0.13341464
f79ca766e552be7c64a38634880d4083,0.99616516
31199e1618a3b8ede668281f4f199b9f,0.9996307
ff80e24552feabee97fbd0e0330f1190,0.00020808358
1f0cb7639dd502c7502ab4e5f4c2364c,0.22989985
d87522046776cfd1891d3e133e6c8a9b,0.30308086
d10c078a3cb6e3db2408ff054d84be3d,0.9920041
5e857571a88dd1cf58f3f4d0669575b2,0.001769271
66ac70557effed9fb2f68ddc18f2ebfc,0.05544334
a65a53630796c665122bbb7749ef9cf5,0.0009649469
7ddc233a7daf31d6f8a4a0e08bea2bae,0.059786696
a04a5627e7a19f46cbe6092afecd0a58,0.9713127
fac90b70277949d6abd1982753b761ce,0.0080623375
ad369b21be015adbbae033b5c3b881e6,0.9999937
6da20de4b6b37da2af73cf774953c236,0.18136409
620e2301424443dc3c57fea3548cdf52,0.14264198
c53300684493980cda1f7f51d5762826,0.0072183535
a0a3e69081d976ffc2d1ed5243f05145,0.99181855
2b8e3515393697a1038fc71d7db42a06,0.9999999
ccb06fa4b339cc8ff5ae2331dda084b4,0.99995196
65f02521e4d3d357608eb923fa6930f5,1.0
62eb1eec1bf46bb6103d938e23b2f8ca,1.6735307e-13
13e504a0f253ccae76731a1d1bcc76da,0.15176722
468b82434c4f24cf5abf4b39a49b3ef3,0.256429
d71c44ca178f4309d70cee590d567366,0.013963881
c1b72ee5cd95f7880d4319a521a72316,0.9976362
a93fb12ab497d391bb9e03611f798181,0.12410284
582e35960238c40a2a2c84be6e636163,0.5457545
d41d4800d49628a6e197bfd9b0f094e0,0.15528819
501e46ccf415a04907ffc9149831bca5,0.026875678
6978c6af3a35a54384bfbdb3db15f77a,9.1226695e-14
4d6f2a24ad3139673ef8b3b065aa6a1a,0.13162741
aec381fc959382f423e25532559c6092,0.15594368
fe0f77f78c7d0b9219289ca71f1a5674,1.1590207e-15
5e7eb4fa027e11db6054b70c31022b1f,0.076649584
07ce170aeea619103797e82c16deceb3,5.7909638e-06
d4c01d14d914c732d142e888547e229c,0.0010973221
e0f8303a4c6971ed15bf9fd0a53e66ac,0.09787147
8b64ae4b6f1b9f93fdcb0f09b86a5536,0.0057964255
308667495b1c6889016751dabac6f1fb,0.0017603817
4737c06ec36981b3c5c0b3621eb6c765,0.02442275
065f858a44b78a6399a9038a3e4f2931,0.112029515
9725a70d48f22bb99b19464995d87f79,0.46809715
02e961371bcb4ed9ac9425e2a67751ce,3.5204158e-07
5b9dd8a1c07e937e352211fe88ada951,0.1210791
abd4d0191384fc1c67f15a004345a741,1.135815e-06
65ccf6f787f52aedbfb3ce1342b82b14,1.0
a718b7f663c70acdda46f65f2fceba56,1.0
33cea55356017e702c442ce58da6ad72,0.1428706
4ef8f2fa98ad099763d48f375abed503,0.9901709
c98f0f85e16352f1eef3ed0cd41b5f34,0.059352145
0067326556f9ffa38998657719d5fb26,0.09798119
a7f490cfe033cb22a3fa979b5c68921c,0.9987226
cee6b666fb44b846ce61fe0ab039e5e5,1.0
b03d8bdda2030253244e5365717e0e66,0.16392067
63728455a3a65f65eea69004c9ac174b,0.991742
de46050bb18245ae0591d5814de5e847,1.6713328e-07
2cef208d03ae2f434c85229428c66724,0.8805373
ad4c626434074a1eb4e2f0a7b735f0e3,0.9358508
399e6201f69335c5f6dcb878c393018c,0.30922696
01372081f4d15c56b17500625b4876fe,0.0
3fcce8b9e2b2659fa46aaaa5e007082d,0.99217415
a23af4d5a0c2b60dbfbfd72eba784d52,2.0278534e-30
f0b68ddc0bef98205b22b8bccec05436,0.09364297
d944d6e776ae07366470c667c9f24cd6,0.037679903
dedbedb38fa12fd46a1d15c72113b7c1,0.9915519
78952c70326fa63185ad80ad01da253d,0.7650683
a8fa79bc0942b875991e894770da08b2,0.010453996
494b2049e1391a20bc666d0892e67bbd,0.123025715
fafae99d00562e0fb0c68f917a68f474,0.095497034
10a9016e9014ff33374bf8b0a673e109,0.0009036663
1d8704234556dc5fbc94fafc8c230bc2,2.5693995e-15
006bf1cbad376957214330f8019eda78,0.20929147
fd18b11a21218bccd14474cc94fc90b6,0.050395023
ef6893aeb2ceecd0631d5aaa127e1b5f,0.043568857
e6726615250b6402990606cb9c2209b5,0.00047409153
d257108a969f1183b34cdadf9c5bfad1,0.07066807
0e28231bbef4d48ca0feb3e93ff8bbe0,0.99052244
5b15313b0e0f834938bd8b89911b1a0d,1.3912413e-15
f9cd9504a35ed02093ca5e89a56969a7,0.015354408
489584e5f037662c2bd5c8a3ed91760c,0.08481872
612573b52e295ad8712af2a901d7f43c,0.035300836
5ade194020c95036b45acfbcd51cd599,0.34193096
8eff036d96207322029f9964fabfc87f,0.85052145
bbf8a980f5b8a8b87130f9f8d72bc8d8,1.0
b7ee10249b580671cd8ac2294e6b5406,0.005097888
b8854e6b6d48825221736f0ebd1f9471,8.541278e-06
92284f4db4616bcd1235662715b82f32,0.9908923
699d02a90166743b18428ab067b9add5,4.564367e-07
0594393153a5b3521ef935d0e13e9468,1.5970815e-07
caf5f3f4be7cf1af47ba6ceb68d360e9,0.1832856
939053a02a5ac0fa62fbed698d3872c1,0.23559138
3aaa411360934012e1651ecd7cc7b848,0.1868823
113b0a5ec517eea621d3be371b652824,0.22460884
71b505a25015f33b313b3ab81d304437,0.068960726
eeddfad5a2cf4c01804fa9074e50560e,0.00020691569
9a4f8b548ceb28259b7e4dde11848dee,9.9913064e-05
cb37ef543bf8d58539c0ec614f36e9ff,0.044527937
34173afeb6edd39f544d42fc43b817a1,1.3578783e-15
d270cfed3fbb7a57a6dae16412ab99ca,0.11170197
a6a4383ccba54e046a20f2e04dabd2fa,0.006174868
665c05427386a9dc85c273548d6fcf11,0.00048493574
20f2bb9ca69ee6922cb0c14b5b97179d,1.3304816e-16
7d5bf19e0e5309298441b7eabf88d30c,1.0
22b6f76a597ad35948e7076efd563fce,0.0029365318
e1a26f34d76977fb7605b98fa0e1106e,1.0
63ef7dcbb429b2b0a3d99eb5d0afa939,0.0032081997
adf2b0eb8ee70ef30655c56313195db0,0.81455946
501e94842ffc94f676183d8d54846e9c,7.057766e-06
4321c3d9bd1b5949d052eaefa2de69dc,0.9822796
8e2489bf65b43f711ac1f01752872418,0.38763607
b652103955d5aaf7e7ec0948bbf2a898,0.18243192
5ae71a995a83d557371498b590e19f20,0.002658341
069ac50947ada4a8062e982259309d5e,0.014223502
4e2f846871f4657ad6f6f18c41921baa,0.0040064347
15338183d74b2316bd3fa4af7469d79a,0.27826843
2bb72b0e8e263ad43e98ff8c70717324,1.0
12aa9b6b7a4ce2cef9fddd61b979da53,2.014296e-07
fe4377773a93bd8fc4ae196bdb9ca281,0.98994374
6ee098f36f0a0191480df2103f813aec,1.0218972e-13
ccf873657a7d0b3ebb528a3e3d30baf8,0.2820858
9426fc850a62a8c668645ff60fb64ff7,0.017768752
2964279f69b02a4adbd5caa612fe4442,0.11818679
7c93f7b6309b3fb543050113c9063175,0.97307986
568463c637ddb8a8c04660b8d92fd2a0,0.05464003
1f8043d1ef35d4bbe0f570f8509ddead,0.87384135
7c554f1e5091c27a91ae27c4d6b43591,0.024376296
cf44fc53b78e45918dcd061cf3297d3b,7.054948e-12
1e855e761b9f0900aa849a1cddf6a2aa,8.724802e-06
a8a4d7c00723e9dd5ca4ce31370e0ab7,0.18991795
a839e498000a47871123aa1c1f92b41f,0.00020949941
c2f714ff08dd9649607b00d447240807,1.0
c2378dae3e23b4f0aa4f0d501e9c7571,0.99161184
b15da1427c81791e068fb73df1be4a59,0.00019036031
9c1e56dcbf2726c86bcda09a4fc3c459,0.99251336
134d8d64ec1764832be1b811f0a2e4f7,0.99258375
a544ae86a4d1c26ac73768d82254e846,1.2754907e-13
2d0e3b7c478efc129346ef64c58848a8,0.05069465
1b47f2fc92e43eca8354614ff83f373d,0.178198
613a4649a004b3f592c71001740e48e9,0.9732035
03af914320161e532af7b08a922c84ce,0.21507367
812511e33bf95184932cd822d70a425b,2.8717346e-07
39300915741b61b60f90148ac77f8e67,0.20586038
7f60cf8d6362c02748b0f294928d2d59,0.99140924
1cc3f37d095d196d1cb6979b8dfc4e83,0.076593384
61b1d125dd65850b7195cdc2edc1f3c8,0.006856481
d4f047d53fee38160cca298411811cbc,2.6047763e-07
59566246fe8092504d81b2338ed2199f,0.076893605
793d6d21f9ae80758063480e03f9fabf,0.0035685515
4d2881108d102f5bdc0fc292f0d123c0,0.08159027
00b971d443106183dbe2308cff654e3c,0.008730564
d78e6fa2f3e8cc5ddfe71c20509135e9,0.0021878486
557736f7779f5a0240956502fa95c41f,0.011295347
99726582fc0e576e36039e40a3a95a9c,1.720925e-15
19f613282c4a697d3c7fcdd550fbb255,0.0020289326
a4118db763f38f44c6869f3d46442aa0,0.9953709
5193bfdb36d398a7f71c1145c969060a,0.70901126
29b569652b67f415ae7000c9df7a4a1a,0.044181336
d76e579cfb617b7398100a4073ba5063,0.19771032
acdadc6459baa83a45fa113ec981c6d7,0.0006715587
c103affc5c8da80c548843056f2c6b6c,0.104716435
d87e98ed8d311ac66d53ab29a89f984e,0.9923436
a7171ec764bd9bfd2b44088e84d22341,1.0
774e3776b5358bc7a598d12c1a15a624,0.00040704256
0644dbb4286fc5ac63284ebbf25c44d6,0.03864957
c1e6b19ca37b52ee140b8a4e185397e7,0.12722148
9cbc85a93cee1f16ecaf25188169628a,2.1392762e-15
4ae36c56070f6b87d319cf92db5330e0,0.059641294
34ee39dee8461a049ccc35645042b258,0.0027880708
319787b5d6e02b948da70e0216e9a628,0.9927124
337c67cbb2f55644c02ede3788d166a9,0.9632136
7651fd7df87c7c872a42405fae4a8f3b,4.17849e-09
55849b1a92e36930482683dc5aa3f2c0,0.0758013
92f7d089a45779898e9e2fb3fb540d51,0.9995828
5efc20834a211a1559e4d704fe4a5758,0.99999833
3ac132883497dd1b051e23cea5f96bb8,0.09016553
f4a7aa643afa1e929690d39a9c1bfbeb,0.0002064904
5cec76e52858e449fd6a446b1a38b366,0.999899
5edd8dd1084fe15844564ac85d7fe533,0.002404456
2d0e24946223b72a9c3008fcdbf11afe,0.0008995647
b4eba6cd6a8e2abccb9af78c8f5819bb,3.5014822e-09
473e10903e3efa1b0ca30365f984ec9a,0.9921949
a0f1d8a2cf12006e5e513fcbfda143cb,0.044454213
422da6ec9ebe7dbad56bcfbc78164e3d,0.013648906
e4d3d5b8a55d8347354ebcd3d99adbec,0.00020949262
027ecfa8596f5e75654dd0aedb5eff95,0.0009467365
cab129bebe44a8b9c3af7a546601e2fd,0.19908753
548f8e3813bc80bdda06c09b25180246,0.07880361
2f2ec1875387eefdd2fd02d83115d152,2.7261385e-18
ba8b8331cd6048f8a62ad5fd944c1780,0.9816487
812f6de2b34fd31d7d460707b6824ad9,0.07592662
eeb255dd0067da308aaabf8b056d427e,0.81491613
5f308763b2f002210cce1ec5b636b3e7,4.4712625e-08
cf96bdda8f2cbcc1413b0b351863be62,0.07800087
6fc3d58d5ef82a5bc65979f4f7989264,1.0471888e-13
e9cecbd738383f0643f5c13fe970d4a9,0.0044053025
3025bb9d05c134f05ae82b2bc31f2d90,9.717989e-16
d686e8b0844b28d5a282e1ed5a9a46a2,0.6211175
9c31c6ac9ebfd2a74f68b5cef28ecaee,0.9916762
65e0e5391f3c2dc56a309c8e9e5b8f1f,0.9894923
6bb8c205e9c370d5119e21708b3f304b,1.545854e-13
ca85cc2e71428219740e05fab892067e,0.03995141
b42014527a42b309ea77ca4144a01ae8,0.16191512
6ffd3712f45cd87db30b06d03424ced8,0.99996424
4cc2560de1b2a15d3c8b8580154154af,0.10879218
f4276414e26c5aae089c33b461f216d3,0.97528166
b6d6b5cb714b8e5fabadf5ba6deab957,0.0007148777
ed933568b9ed194072333c9448fbb5e4,0.9912015
493b065a82831e28d0475b2002a7552f,0.09547312
8fc0f2df156cd9a19b3b4e696b0f5338,0.9953323
1bf6181a527fb5fdf48762585f46495a,0.991271
e47f91d4322633329763192c28141b99,5.546363e-15
9d2679b09701ab04707c45d6ba064bbf,0.00324688
ece85234c9cdcd6c3a4f4c729109cc53,0.1157156
d022360dfb391d3254e733e065cb815f,0.9929628
bea50370fefd3a957c68c87de0429eba,0.9999831
652e6e262d692b22ef17a0bca422e41b,0.00041527225
54cecee0868e914e207f565c5076917e,0.6943677
fa40b1b9c4fe3d0265d7c1b4c37f1b9d,0.0017698347
706219a930353b0e6561c2fb4b65c413,0.002057686
f27a278f050939f1efbef3cde4ec9fda,0.012762671
84caf4311b115eaff9adc55fdee26bde,0.0009636631
121a6914b86cfc9ca8d12864cba4da75,0.0670628
f4fa48e0e03aa9ef78652c1a2a435684,0.9897065
bb99721c602a13bf0c4216e92b873275,0.9999999
57fea7de50ed43f58a8e1a71c1f128c7,0.056525294
38fa59bf77b7dee9461dde6372db497c,0.99372214
70b6a4a39ad13e3cce7034ce1e054a6e,0.62868464
b39640b7369396c9b26a4db6cf835163,0.96579885
30016fba86f0fc5d99662b2430f59b66,0.94622296
c9273c2101c05b46ee65ed4da6038c83,1.7260847e-07
080e0c42f6c8e6398cab3015d167d64b,0.0037405791
1705cbeca3b19d04674b571bf673e170,1.33663635e-17
de732910399ccb91460ff0cc8edf4ac6,0.00010589294
02e185822ee8a27c575d5919ea9780ec,0.0003765973
8fcd217b73bb88139e1be36e1c0cf990,0.9975834
70c7b7b3f7fe26ecfe0234ffc19207d3,8.053271e-12
70f634c6c5b29c2a593dc08f5fadc84d,0.6483654
e5f463370cc5cf80b904fa65b749abe5,0.9978071
ab9b25a2206c74078707cbc0df793ecd,0.9962261
2fc26134086db9748cd10c6c3d5dac2d,0.25774887
699515ed00680248a01aa08184c10d00,2.4584425e-16
5edca958f8a272c508428ac81823a784,0.92655617
8b1172d8f7f182a2da21c3b1920f0762,0.60896116
ba0a052ab6c4f197fcbe74a938562e1b,0.00010274575
c57c738019fdc7471986b92ec1a92024,0.15926968
dfb066aa984cd280c581b3525f70bbcd,1.0
34a92b48a8347b90e7d04e622a906b60,0.042057414
7d14f9d5690cf96279cfa40eada9a7e4,0.42948785
1d9fda0c8fddbe462259eb0fef22d636,3.0365356e-16
bac399a9ab7ca88928a20114553c552b,0.99822
dc8543fa761a137dd92e071e14ec38a4,0.17142862
d6649bf16451738cb0f12e258c08275c,1.0
49e4ba7073a1f5f0a892a529023fb545,0.0003770079
b030eac9f29492fc38557419ee8c93e1,0.2294238
85f1ca82fc70b916247508abc510816e,0.997308
d0a9e7e3d5513c296509bf87f923f2bc,3.3510373e-16
f267b7f6e7a0594b6b13a2c179621566,0.0012354002
e0b001422e9c8a661b7c06e7c8a5f243,0.43254197
0a533eadab64ea17b5259816d5e0d2ee,0.77374005
4000c4407d715f59df12c139bfe1b8f6,0.44277114
d4e0d264bc084a7727d8a13994b57545,0.003952692
7251d7b0d2ee9be02324728938c18720,1.0
943fadc9030670cfe19e204dd087e6d8,0.018584775
0495e8b62b29df91397da57916e6c0c4,0.24790256
8e4521e1e90fe1468592c3e410998475,0.062761255
9d0f678e6425b7b4a3c7fb0d93422c71,2.572857e-06
74663ca1a11c996a6b90ecac1b285efc,0.95418817
4578c014708a4beec57c390100c34d50,6.673404e-08
fa79198e48348b2b92f5997074f6f20e,0.9970546
7717ccbb1ed5e12c5362856f8389c67e,0.030620411
94be620678bb75a6b110038b98b94d8c,0.26420873
b0891fbf370a10d654d3203df70daceb,0.20658079
45e1e860b8b9f01d5bf47310210a0870,5.8284537e-09
563c3f03357c7c749c433be2b9dcec84,0.9744499
7f4fc1d5a6c57db4a63e7f45f1612f8c,0.017882893
b2bdd2125ec400775f5270ce467666fb,0.75205606
33719476de8933156346817ad5351260,0.4551342
efb3c83db832160fad834c5529f8b094,0.99759513
49275ac53455c789bb1a2fcf349c0cfc,0.00038128864
88e05de82035a99c327af5e7d0d9ecdd,0.0043924158
8f836a3d78c46542c3fa9bec0c049721,0.054872837
086ab9abb449900d1ff734845c734672,0.013083332
afe5ecb509da18caeae043aa1d8aa683,0.99500656
8b3365e1fe3a0b940f1fbd075a3c0cc7,0.22470605
d2a07d33ab9cdf7589e3e15511841bfc,4.350309e-12
6a043fc97b0d77f9f66f3257fc9cfee2,0.0153592825
9a61445ee01ae6fce1770c5015c37908,0.18054725
bbb54f18c1cb217b991a49f37adbdcd0,4.921213e-12
17584448f9b67f3535b82bee7975b288,0.16138162
0e6146b8f2d7110d1a53b834a5c1a3bf,0.25023818
fa51a99f025a419f8f7ac563d19a3ee5,0.9994271
5cd7a018b23b06308b888e11e1debe2d,0.25133085
ccd444d4086acc5eb099a3e0078f4678,0.18121512
3da34a9acf96d5dda55dc3af47db1146,0.31728753
f23cde551d7c4951eeb7ff35a0cd4478,0.004292612
a2f9927717c529d70f62cda31256efff,0.976106
9b6718ae93836783862124abde065ade,0.34023947
963abc4873236c571b0dec253f8d33b7,0.20435159
3adf0bcbedaa57f2090ba0dccf624d7f,0.0011369578
446637e3ae69f3bc221b8be9c410f3b5,0.99758637
ac625cc038efaff810007379440a882c,0.035921644
ed8e96ea539bc7399db401a92a318875,0.30767208
7b4a6f454b7e5f51f1b931f388ab7acb,0.11558385
dd231c52030321a312540beb67d17ea9,0.292199
5e4bfe047e869385691df275df56ee1b,0.2518667
4102df52e236467e224c1abe70938e31,0.31936005
8b4cb0fd15889974469a9c2053b7cf50,0.25391418
239c463edc8fc16d59d5a3a0a5f8861e,0.20429987
7a04b2711cbd157b813fa4dd2c6d0095,0.0023705447
5961c2a6f52514732d9c791932c83c95,3.1750467e-09
9db1337f38d168faafda0623b0633f39,0.0023120618
2822982c3b49b0d5cfd8998d4213804d,0.16991852
66ca4de2b7156982a009e504d06437eb,0.99029326
ce3f435db1317f572ae35aedbcef7efe,0.988997
05c3c276176190534bf6fe98ad04675e,0.22559898
816f1afa7d8ae66103c2f00094d455e0,0.99801683
207e44501a6d3670e937da6ae96db2ad,0.17298567
eefcda338cca8f919c664a611b2f2027,0.022482907
2c02236887968300083a35e0a2843724,1.0
ed4802d1dd9e0f1f1a482df99b50e2e6,0.00038146263
95ffe0d15216bab57c1681d7f561c666,0.8438973
2c29ed73020acbf7f035d3582496287f,2.784974e-06
fb1822addd81525291ec8b068f8adbf2,0.7986577
5af3c5579d73419b7583e21352f197c7,0.5429766
d3022513804ba8ed20305f0235717f9f,0.17645994
c42509ef375f2fac605d01831c1cd42b,0.00037737953
386b1c24e27e6ff864ea2f1f33e9338f,0.48131776
8731d4518ba0eabd2cd20ec86078ec34,7.889723e-12
66c4f8c67ff052f9b69a8b0e04d87a04,0.48281574
c874b0c02b90002f990b2eb913ae4c4a,0.022059869
078f9e695c4514d00dfe354b4ec898f5,0.05438318
7f6fb1b358266003d7bd34cb41c6db9f,0.9924856
36a443909fb713e12bfd996dde324f0b,0.9982712
0345a3969939a7eb5520725a9abd4069,0.9976502
06a7a58fe9e2261c868f5890eae85dec,0.06365726
b3f3e0c7012328bcad4aa1cc69a5ec83,0.98419446
f2b5563702e82f2d003be57013ba0d35,3.5432177e-27
8c02034958ae86a8d8b42fa5545561a7,0.99876803
d9aced64f6049245183a82b2a324f346,1.0
1bf662f6bf3809422d2e3773e6687c03,0.9999994
cc350161b58a017e09a9a50288ae3fc5,0.57283777
51b846e41f0cbe96d2c03544e0bd91fa,0.2204159
b1774543c96b4f57e9a5f65a0b7eb0e6,2.882608e-10
3ef86340e02cb95d059e6d4a71353bb1,0.9966536
02e8c7af3724ff535da627197920ad14,0.0044163754
20bf6c683ff15b527e570061ae7b0542,0.6550347
174f85ae1daf0677c50ea1f78b6a3fb3,0.9977539
722e1449f0ccb646b7b8359d4bb485df,5.313948e-09
5f945954c872a078a296e842ac7b55ce,0.0019713712
86c7c70691d692a1cd065996f86dd127,0.9999988
bff16109db65192d6e3fff0cebb1fa5e,0.0006936183
20d2bbc6dde236e38cbeb7ac3c257914,0.04328387
bbe660a686e731e57019dcca9e7acd1a,0.18235746
d07f1c90d689cbd51adc06809dc87d2a,0.1538043
465e98c8328e91af49b7c5bf8b9ad3e9,0.42472458
29e7d996e730ae83dff16a78720943a7,0.0009478376
36932521f6825b5646670dcfd7e5d619,0.4767208
5901af6b130b3453baa95f66a0a77851,0.016817203
3feb4c28199ff64979e575aee3cf0331,0.00038893867
109ab087ca815a3470997a513d47b640,0.020360064
2bc2e2a95cf8d7633ac54f5c3643e67a,0.7010152
9e03fb39228f83f9f3552683cc73fe37,0.3101054
8b63a0d54a58f9343914146f3d50cb94,0.06671682
b173c1c9ca617c4b8564de9679068717,0.9973756
d2ae243b536c212f5833419076e46da4,0.0013749728
2e475a10ae1fb8b23499e558c577df05,0.009196178
dd8413e77cfbad82a33c0b2f86afc32a,0.15936145
1cb0a159d8d0efd83c0d361eadd6a02d,0.00022948941
f07c2c86a48b11587345cde8f9b04f0f,0.9974911
b1950a201450af41e0839be259cc3802,0.0003784425
d428b80b655ce07f5a7f080e4c22f10c,0.21553653
14f72e7da3fac6d45823168e82c31196,0.99724543
320bf266728081e64167a2b48e366175,0.27692002
532c39933bec8f3813f7acc6f870810f,0.99786276
52799b712cd62f7ec5160672ffeb16d2,0.17418933
78f99494e2ffe97f47c7384f15ced1cc,0.21123193
b453cf182b5aa6bec317e35026ae8153,0.18121368
1bbe3a3f1efad030be690f626257483a,0.34905642
02bfb7863cc0f07550c5eafecf222a16,0.022617621
3c95c54e9870414cd65759aef4800f49,1.0
26899ae11d9e8c28d9439fb19a187fb2,0.99999
671dc352863f2f3245ec29e69afaf6c2,5.863882e-12
4bdced0b9013a00257126e0bc82865f8,0.91825104
38ad02cae015e2d85c00625e0631aa75,0.96221304
68e419a44503b5d1b529e6ae2afcb0c3,0.9999188
f6d91d0d830f0deac31680f681743d43,0.9977289
f563081fe6b8ed73a8ec12617ef7f61c,0.6131281
047ada9ea5c4c6ffa7a39ab1580f5b53,0.0040162057
da078d0d922bb253e2c2d4bc3bcaafd3,0.14549685
9c16bd2baf802df1313a2c5777cfeba7,0.0031700206
6db507b9ea8ba995892381c41052c4b5,0.0009208834
d8043c83caad8f040877fca78c31ffa8,0.00075916876
53a45c691bc714650f286ee6f3409335,0.99743986
308428378f17274f3ba566f432e484f0,0.0548776
b578432b59921a8fec01d74cafbe8c5f,0.013739136
69c18f984c3af834da4f2adabd46050f,0.019030143
18f4590eaf1053039b4b8df0a1dd398f,0.06482153
7dba219bab41cb4d41e743e7cd5d7b17,0.9971847
ed997df81182d859efa0d13b01cf0ae0,0.0042583845
0c2e399dc76c6cbd8b886f606adf75f1,1.0
c52ae394931798c848d68c01b3c24d0b,0.00037644352
e403880914b636cb9b7881e8571bfbaf,0.065975584
5928745f1d5cab62de613b4c5f558df1,0.61320037
8db8a1ba0010fafaf47a3e7f8c2b31ce,0.15567476
5afcdf169b99322bd7d70c8d4ed63368,0.16863297
f123bc0b64607dbf5fc90a6a4ebc7008,0.014110476
1650dcefc9481185beaa183df5e47055,0.00037689108
8ff8b5501d9a7a4fffbedae5403171c9,0.567879
f14c8a35265b403ce74476f1d4f33aee,0.99738246
a6e2e4f0ee38c168e0588f42a65df06f,0.0003783707
ee283089728595118a9fd75136ccbfca,5.3061795e-09
3f9d044f59dc41d5a3b9eaca1b7d71d1,0.9999988
acffdb5120632725f25ffd44d6e225b7,0.6585589
23536ebe6858eb81b683bf4918c46cca,5.9025593e-09
78a6182cce172beb6bb9d3179c64e3e6,0.17501391
0d6c5472bd7691fe13aec44661cafb3e,0.3917644
f142e0cdf9d5e77fa00cfb71045f51a3,0.04258129
853c541a723faeaf90430d923c1c24e2,0.21126013
97a96ddf70c96f0a4776732d6d2f03ab,1.0
54a19b1e7141289215c549619c8e5813,0.26247895
6e62cb9964dc003053327bb28d2b2e40,0.32081154
a4f0a01891705b96eea2e756c7cd73f4,1.0
d775067dd66f564cb228defa222be187,0.42824417
6e40de93ce2955bb03bbf18dd4f5a1d4,0.3550629
fa9792b082d279bc9e1e0008425e0ca8,0.5680298
addc7f8152ca94c4ea9c0960a211e93b,0.07066378
edf835efce11d616562acffc39e9daea,0.99752027
5cb8ffe5e0e2918cbe52ebb0c7becc76,0.20900066
b5d98b2a69bb183be57145385b7528ab,5.8110707e-09
73109c8d60456cc09785b55cf4a26f3f,0.0031870583
717853d3eae694d1e59ec0684f29ed66,0.9999988
d73d8c2dc2acda46f8ace3c9e11ffa23,0.18891738
acdf311254205936c662238f582e45b9,0.3577787
d9a352adb507653acbeb9faff81fcca1,0.9690248
50b85319b5772a749811abfcaaad8f6b,0.28457987
4d8630b5dbdffac17f33c18e767719a4,0.013555606
9192c2363847689ba2d28c05c4c04c6c,0.9894637
0c456d621745986c4d890a6d12275b6c,1.0
46813cfc354004c671fc437aacaca27f,0.7411179
22d1891594f2bef1d154c265daaad035,0.6303579
e40e72397ca7e7b466cdcc68c0fe23bd,0.99750143
e8831f18a0e2863803811c7ea8f9a976,1.1567548e-11
1f937acf7d2503843907dcd60da54fa2,0.0012592899
54abe63ef1c09ff7f5aaeb6b28804f99,0.18503806
c4268f1010825193d8cb63d48478c297,0.9988147
d59afe5467335c1c8f56b3441dc2c048,0.36477888
735a100d4d2e3c7f5e5427f1d6bb1699,0.011808562
ffc31107ce9b16a3fa1da593605a10b9,0.2929248
1d6f5775b3c23b32128305c8344d9b4d,0.24502015
132d6a8d7b4b3f1f7fb968fc2191b7e9,0.99897337
63bcb4d36063b850ac43c752476cac9d,0.00065748073
bb11468d546fa38ad89a7a50cfc7f0b4,0.014504957
6f169c53224de5d98d3973688d79b76e,0.0007535431
3405c8c7e635e9f0e01fb34c16c43c6d,0.20850624
b8bc7a97eaa75f13cdfb5406d0e6e004,0.15190826
d6350899a1705af43397845c44a2efe6,0.99725133
6a6690e12af91e0485c73d30b608bce5,3.155889e-05
36cf82e81da5bb1ba7e0bf4ca23ede00,1.0
14b72e222051dab40e4e63a8cf9db510,0.48940778
d8803baf20beb5bec1d9d7215a3c4b96,1.5137988e-17
15a6ceab14602e5972efc127145460ff,0.5641147
6c62fa16f7acfc4839dbc4c27f1cf6fa,0.15888019
bafe931488b5705fea890531f4625e75,0.010182814
7ed38028485ae7d682ae7fcbafc113b9,0.040183812
1fba30874ecb552e5aeb9ee0b4cdb56a,0.009615989
448d7f63323f8d984a1203a889bc274d,0.0001009956
27d08285bc6e8b6f9ef756e3f34a0128,0.19107015
7ff46bf932126dfe04f553b0a36c9031,0.10229925
613fba9a5ab611d9fdbdeeb07120e9b4,0.9999193
be598de072ff826ae40ea78fae5fba20,6.2109044e-05
3e3863c1d772b97d9b38ca949f1435c6,0.19173847
9adc06c650d7e0489fd583f3ddb1215f,0.06316334
836a2232c085d2bd7266ff66e243a0ba,0.29042453
79dcf651c061d5bef71d9fa25811e85d,0.20483072
f78f2e70b20587810b755e56821a0363,0.9999993
9f7e7b52d3fd047c133d7b2473be4821,0.6500239
39dd204f20cb00e62d658444857d3638,0.99726284
ef8f0ca5552195ff2321f850463e76ee,0.99998677
fad7cdf338d8026fe91b5cf8df626f98,0.00037887294
b9c8f39c8786834e4645da4ac085fc02,0.08862354
7e3ab9771e7636625b5e4b35ef474d32,0.17884244
211331b3936f80b3872718ddd77b4a63,0.0012000552
7cdc089173627752431a0844f6c4c972,0.84508777
cbb2dc6c2a934f60400d1cf569ee6c89,1.0
82fb6a1c1194e9a8ad618315074d0b2a,0.36691198
d32f2259c948cf0a3c84cce4b553c342,0.72402483
3519d66673e1c6a75ededa2301bcb255,0.9999999
bc99f03dd326ca2fca99344291ed1375,0.13723682
7084a19b62f4efffa190c6de4d71d265,0.28863075
9273fd041c614dcc2258b7e77b783985,0.38712436
02f3d9234c171ac5a138125f3dcf5139,0.99735105
24a3e19705795c9923f9afe1d4a1411f,0.013025731
44e2ef1dba0c3084f8a57b059be64c7c,0.25971556
f76717157487f12f5500adcaab8b139e,3.6769983e-16
b3c0ae5b8d79f1c6221ad51f14fd5a6f,0.0020427832
f912fdcb769a2082e1951754889c3e0c,0.00037956706
7df46377cc6f3771268104e79b1b5625,0.49089843
5c48402d3c9339365f14e5577b5fc29e,0.16915962
26f84401ade2c8914999b77bad3fd235,0.99982685
e77e3ee8e65195909ea8dfe0b3200d2e,0.997182
78948c3ea529e04e04888ca32f027ff6,0.013983474
beec59cd988d84c6657bde63a34acac7,0.99706393
6004c8bebcf5c84ffbc6eec9cbceffd3,0.97517157
e09f2640bd1549da4ec2c00a143a51e6,0.99986565
f59582386f4bf53866ad352903eeb745,0.9943897
28231e82931dcd294801854e0651ec07,0.42122424
3fa7ca9ab0196c759e732d41f01b378b,0.00038682195
6675c340ae30024d6f3f4f195dce0732,0.19449995
8b0f225218241ba2cd8c5ce2935dcd7c,2.3571317e-10
3117366b8ded5d99efdea89cba1395bc,0.40466842
d932b1e8886aad700dcf3fd1c3274df8,0.107116506
3e583472cc7b1ec6e902b2638b300196,0.99116325
8e61b9547bc6dcd0345348acea439e7f,6.701159e-08
378022fc1f0f4453c80c0cf9c8e7d6c9,0.022608485
b216a39e2a323263339e8cf47f4fe6b9,0.17326525
49bf387ff134c0613a96ba231e1101f8,1.0
bd0936130918f160fe94ac409384813d,0.07325933
12b188edfc9e7f845d8e6174c6c45c04,0.9970298
4a3a9b54a5895aeaa117252ae2a3df21,0.031581093
d1d1422860c117b154bc5fe2233ab62b,0.0010230385
e72fc266b40d1574fa2a5095cbdf19f6,0.17849725
6ebc56bb70ec64bfa6fb60340ef6cf2b,1.0
548bb844719690ff2bb058519a98b8fb,0.17790742
3626f23da6bd3ec4b8f52ad11dfab1c8,1.0
8be17543a3330104b13a07d86c9b35d9,0.056292076
261f2c8855c0a335a4136c94d3189d02,0.00049564533
8adc6e8f063daf91c0f5a1d6ea94e793,0.126884
3dfd81d804ced1920688a004d34f8c50,2.9959656e-16
ba2566421e1bbd588fde5f1b2fd1cd6b,0.23475744
500ec9d20ffa51044cf59d7420743831,4.2507768e-11
bdda72e1e2d02c9ebb0a3a7f13a3974e,0.1401004
72c7054482ef631b3217ea6acf987c90,0.9820417
8ac470be13150e86cba2cbcb72c50336,1.0
f7b394a8bc50dadfa41a243e5c9dacb7,0.9885627
275cf7518249a2f5eeb91c11573b4eda,0.00802924
b4cd055e8490c70bb35b1168b595fe86,0.04343445
4b6d16e7089c05f3da162e142189784e,0.99374914
0628915b04d7b3430eccf89b72ee5271,0.85368425
3ee5955c29e8e225ac318d8823942dfd,0.0125248935
0098d0c218e369e770c5138bee2c4909,1.3565723e-17
d62379fb0e5ca43ed4d8f98155970ca6,4.8286253e-08
0e578366af3d1510b04e1d0e0b3bed81,5.899737e-08
469cf485e5d95a8dddd3f587549638b2,0.071987435
76c14b04f01e487d30b6e91534528ef7,0.007521846
cc717bd84297e9276d692f084b178d07,1.0
c6982dc10689d7adf79787926edf776e,0.99051684
97482e4f8eb0bfe2a2890065d3fe5b02,0.011037441
c6471598faa00232def6a29d8a54269c,0.23062937
8af96d92920c00ff31b7a2b931d16efe,1.0
bf18272fb800cb807556ee861ded2288,0.09909119
19cf0a740b99dcbd755b2c1a87ad371b,0.18006666
6cfbbe4a5aec4ec717ea86f6c65d6562,0.61565614
957f7e389fcfadb9a1c16043535bfcdc,0.007374136
b8eade9413cd0246345a9eb8ba087967,0.26480466
8ca8b0f2c76a298c19bd39ce1f1c4f75,0.21868916
abe0241f9e76faa34fcc2814751d37c9,0.02637138
10bf69fc724b493f8fd0b4021168c0f8,0.99928445
9ac6653c55541523f20f4602383e238b,0.16468248
49f75a39e931c1c72f3458de8ff5905a,5.8446087e-12
6e6171aea66dcb4226e26fc87268c35e,0.06707282
1b0ea693d839a5753ca36a275a842c21,4.5339453e-12
dd2e88b9194f3d6bf980ebd1256ef716,0.109860376
f7b6f792cbe0f1b54249d7e0618e8159,0.23677444
a92b035fa628efc382134df868b77751,0.99999976
38d4296c2dda38d5b6ed29962c3a9f15,0.71166706
b4eca82264aed7e495e2edf641cdb72f,8.684006e-09
6ffd96ca7c4edad5e9e4016cd9a3e95c,0.0
54ba1b78d8c07fd1e347aa9b53ad075e,0.13803567
89d43e24d538d68377d283958df55a1f,0.9999995
31cc1f4bb50fc2e38dd75af08790bc5f,0.4807099
2bb96d52b9f5a3019ddd2e0c4783550c,0.9970125
f65b1a11324b4bcaba112f97cbb57b13,0.00038110875
0be68b9275d42dd9008e6df06b7a561c,0.022050822
66f1faadb804eebe26fb407cad3386bf,0.6625115
d4ab2082f217f9e476b90ae6c4cda32b,0.4162861
f07ef9c5c638ff68f5bb13fac28d1993,0.9966517
d198d51775eaab67cac3140881631175,0.012022798
c64d35bb80502b8c0197d7397aa4cc26,5.8981502e-08
bfb2b859a6b29a93e55c041c19865c07,0.20763844
ad603664e34ea0bcbd98b6e0e58190a9,0.00038006873
519e22a63c37fb5bc8d34a7ef4165d68,0.28717098
8c4ef8fd2874b4c0a608ad9663319197,0.0003801925
eae1f705f1302802d200e59eeb1f230f,0.45253965
2185cc277bc269ca14a597462510bcb7,0.17360473
d6edef7c428b04c38cd05ca175a28f63,0.052493446
aa4da8f24861b26dee278417e35b1afd,0.000104124934
759c6d60f1145567bb256695e6120149,1.0
fc68af4d14c10ddf0b889b055e0478b0,0.025816588
901a25e8620ee30499217f09bc64bf47,0.99996173
6f7c06fc62374fd8c42fe5ed0dc154b7,0.9999577
0554c638b6650a660abef06ff3c87103,1.0
4fac2685ff341b6fa5c3ae2fa697dc47,9.806935e-09
a6be5e586178b2df0efd100c7ba453b1,0.37128755
8cdea1c6a817fc6f503876152fe2a0f0,0.04584602
61cb7e1d3cfda88df7bc2e3a9e407df0,0.026737735
67e20efc8967793f006b92a0ce64320b,0.08504001
27b6ec33d0e11a87041b1e0c0c686def,0.31165847
975d87e24e881a6d224d37b25a7c8a1d,0.40499872
9c7e2112b44b0a4ba6ea0caa8b34d234,0.16757037
34b0fc77eb40ba3df130ab34ab20cc30,0.0008184814
0e26a5ed9ab6fde49ad883f50ac82e41,1.0
170fbf601ce47d8fc4c044bc4e1015e6,0.9976156
f85b93364a678d47d4b54675dda1abc3,0.35002
4e174b79c797c256e829bcb84a5eb191,0.20383418
d602ba7eb25ed33dab8ae4f73098b8b4,5.7292695e-08
2d52de64edd9507837c571f717c7db60,0.095429555
d91d3ebf11980c05436f68b8afff86e1,4.7027505e-18
95fea2db5d2c92a2374273ed11ffab87,1.0
3dd2005f5c15f7944bd978a767f6ee4f,0.99664587
e646e9736003ee34df9cc2a907d5358e,0.17738491
030f2e3da969d7d9e8aa9ef66e382210,0.42231694
24a7b7e108b6a1c8949ea31653a7350a,4.829002e-12
bbae7b237de6ef086b41f92d1a16b25f,0.22602579
98a799e6b2bc67d720c2da36c4bd7b8e,0.17823136
3bd4334554aec4d1117702a6b4e33563,0.00037991587
b6efeb17d03830ba0a5b3e1fe6e3a5f2,0.014040974
325c8f7aa5894a06c9364e00ae8dcc90,0.030663783
b454fc76c6f553abc90828ecc84382f7,0.004233149
46b2b8e7621a93ae6b876b071da55212,0.2974973
591b45bf4586f8d79451e6f5743b84e3,6.311408e-06
3065a1c430edf803c1fcae8faa0a6511,0.99741614
28d70ff715418738065f1dc8f479cd64,0.97606635
3777fcf30d06df6e3e9d794f06ae4857,0.020421071
34c17a185199660062ad469f262cad4f,0.035718635
691d58591a71abafe5376788536a7478,0.0019862195
57558006a115cac07d9bc8590f5b9412,0.77228165
814a85b2385659291636ca9b0cae386e,0.16663744
4fcf52dc6c13ce27bf3f635702d73d3f,0.03061026
77e99dc582739504d70d8fe7e6bd53b4,0.0065204636
666b4bfa53e2ad5f1327537931bef0e9,0.005420834
535497f262e2ee55e0caeed31c7fe922,0.19717827
baca98d7e3ed01650d8039596ebc15a8,3.1780766e-16
38390f5375d63b75040c1b4c2614e6b5,0.9999999
f473a37083c0b2bb58b59f914938d297,0.99762386
02ad54174989ec3a0bff99e0607330a0,0.013228454
8b68d7716251775eb1525fca72e10fc5,0.06256601
56881572c6c65155fa048c8932bec2a0,0.0037984573
ef478f82d9602b921c9b58a3af6d7263,0.31785393
dbb186a6515a51c37ba05e00553816c1,6.006056e-08
ef509ad1a24ff6a1cdc96a2b6624c24b,0.0010498381
4bd29d5e096bfbf5895b246c1a3ec166,2.4011647e-06
e31943db834022cc71014360cd6eb490,0.9976981
cfdb9418c8a29e60cb84ff8851eb85c2,0.43511397
1eac24b5f1fd5b5d2ecd6409f92f9167,0.9158995
0c5a14574c87776a012e01ba2db01f9d,0.33843848
035d1e23acc8dacf0ee87294be3331ea,0.13517706
f1b61791e12a496d2ecbf603c9821ea4,0.035795312
70a5804318875c2c42ae53b2f3bea42c,0.17738602
9c143fbc0ed41a01e267363f2bb61481,0.0052412697
e4592f77ec58efed4b63c739f0fa379d,0.17132804
35646f78deb6f9bfe8119b82fd71d06b,0.9997514
868e873f0cff3606df3c41c50682944f,0.15509336
636393e70903c77ecd52777f9a1397e6,0.0067508984
dda7ef79dfa949dc6635a0c1aefa36ce,1.3885835e-17
cda840e1f2a80620e98aaddfc4a5b116,0.13810731
26b47e34afb23f858a1d6e632c73c833,0.1660215
d4a3f325c1dd5bd519dda3c9f06ac022,0.45596048
3ec7d07bde75cfcea0926a047c6081d6,0.09166618
4aedeb867180488e41e0cca91c5afdb3,0.014296187
2464dbd12b4b4f818c27005949b2df18,1.8544953e-05
5f92d8c04cc8022fe4098c98e138ab6d,0.6118246
df7d848753181d6e14ec3a05bc6780e2,0.9999994
f7fc24d67395427a49aaa94160d198b4,0.90385437
ecd385134aad9c9e80c2bce77c9c25f6,0.98108804
b95f4808d16933ba6bf547c6996ad3ea,0.35321417
e59309b0afafb67573559ceb7f7db3f7,1.0
d9f686bc50338d091e74e4912e99270f,0.00037458184
3e1b8bdfa86763f319ad8a6fdd592aa7,0.9999298
a36d016ad535a2db3dd81778bfdc20ba,0.023979718
0426ab8ef1937e80d11ad33ee58c7970,0.21186551
581a98416ef59c1897c80375ac7cc5da,0.0015297745
c3eb037a470150702bbe9549d35bf084,0.3162958
e6a592b3837d47dc67464c7550d6c5a7,1.0
ebb86f75cf48ee1fa7b2509daa5eaf15,1.14152074e-17
b7f55b6ade60614d13a6ae4f83ca28f7,0.4849204
e86bc0b32a546c3ddf7ff6bb3725e5bc,0.014230042
5acd8a2e904915b2cc079712cce98a36,0.9973247
262f77d5d76a60f8b1bb96974d6d6ed9,0.997269
cd48e02670311f7693dea7ba89e46159,2.919105e-16
4fc0749a80feb2b38ef09e9c91f24cd3,2.395454e-16
57201aec028c2bd9a91e79ed81aeb868,0.9915643
9f958f7aab3500788d4ee7b68299f9a8,1.288605e-09
c979f0d8a07f800df76d5ec845fdbd77,5.791002e-08
1a7db1d0e1bb9df4a7e2567b1a5d4d44,0.17038283
0f838cf9ac70e706ab24f4555618186c,0.9979146
0e36dae78111577e64a4888b5720ff47,0.99669504
fc32cec283138010957ed9595dc523a7,0.43261063
ddca580733446ead6d6326f08fc9f629,0.19426137
981fb3d4155b106b4b17358d451c542b,3.0148544e-27
bb05ec4e0ded1a559ecd3dad8f6946c3,3.820915e-12
b167d97ce36182f9b4cba64a94a77c34,1.0
aa7f52c81a773c541b88d8cf81667c02,1.0
62b76236732db373f575202dc5b9fa2c,0.7962101
73f3b7fcf0418d1544138bb233a71898,0.16930906
bd5767863f7ddc2063be2d049f5ede7c,0.0033488858
112740d2e12174fc2ddde17d97461639,0.035784576
1bab7252011f03fac37528db9acdbee0,0.54368407
35b538d94b7ad96e6e44b36601aa9b80,0.00029846482
4ca812ee9618a7152682da6a7144c705,0.108610086
c2e2e95b5554600b949a573effed4f0b,0.9972734
ed84ccd1274ff4872ba4b43f9d8c6924,3.66126e-12
d9cf6a85c1bedffcfc776b8afc296234,0.04505233
9e4e6eb747f664df382f3c1df2a4dc10,0.012511526
b5a39e59718d3b24a9701645913dcaea,0.9969267
d9d320efcedfdb8f2e9dc3894c6ae056,0.09555906
5bae2f2b450c76cf47b5acd6d3d14d35,0.36918938
32ad5b5aed74c46c31d6d3e411275908,0.99741626
d296a79138909d0582cc9e7bca342e12,0.3810447
48d69c67cd85abe81f532a7d62d4e932,0.9998971
01f04c19f0726a61dc88c43e5c3c2be1,1.0
449763fc88ee06b265a863cf0477e60d,3.1345513e-16
052f626b95ad3197692518e53a936fb2,0.15616153
75289b91e8bb773d7b9608588fcd0d50,0.16913342
ffb87a2c9cc2c495050eae229685d138,0.024148922
cf4e24b52da13554813dd004bd8171ff,0.07228425
f4f282cc92e7f3465e6676eb003aa63b,0.1735783
8b6853555e2d45f6ad580f41c0f89da2,0.022133445
821c2c93e53eb09d68caf72a8aed0b81,2.0464168e-13
fd1a2593d96c123f0c275c7c87c1002f,0.24605912
22490df3a9bf9d21cea92722a9c2e38a,0.9353207
7a70d3fa2da7649e43c0bad6d4c7de33,0.99999964
611ed9762f2488bc338ea22fa67e5737,1.0
49185f397621975ce505f2ea021b591a,0.014016465
51a9c62b973de53fb8cbe27ab7b6db9b,0.59974146
f78271e69d8716b9353e463ca6378478,0.0027508892
6d2f06668ce8a9c198fb78996e2729ad,1.0
7fb067519fd8ed630182dc3a9363e8ce,0.17622915
c02a4f77f1566a7b0e7e54710ca668bc,0.98903835
55713ab3d3c422cfcdc12919ae8b570f,9.710344e-18
52c627191471a937f877763447ae6e63,0.010745848
f436f06e1b7e1d1e6f795ca10086a5e9,0.61241335
e41c7f556e9463f88346c8cf98d14a7d,0.0002349915
b5845bcd64b6ab1200855407e2737225,0.0
5019d72a996d603cfe2dd6527c16aada,0.25281274
9f5cde189236c3dd0a3933b722953d37,0.008073298
bcd5803d0fb375c867d8681851093824,0.38398835
2e4aa4f5f591656754587074867a5014,1.569796e-17
f1d80d08c2254de011013a6b0bb40450,0.583117
e579b01fb68a98b3343be6842595e2a7,0.20679182
ef8511f2235f49bed82246486bdada13,0.45110774
7db52e90af60d833405f2621e9e86484,0.21878192
af366ca287f4fff65e730d609d3f6bd2,0.9999995
2682f6b633e58a2062b408faeb6fdf37,0.00087767385
db3b284854f9bf126536d61987423ae1,0.46064273
dffdaf2ab2b6eaba7c264fe32650de5a,5.129668e-10
2a9f6b361e54841953bcd99f86694ab2,4.3810434e-08
2e25d4adb7d44638c5944e546336e249,0.033704065
3fe4cab7e6340f5fc8757c7d2229ab18,0.21146719
7e2f4c6d2fee90de207c6ecb6738f918,0.0003768807
cfa471d911ab0913fff1acae4c86a330,0.9976527
4f60b2057a0d16f101b36c2c8c4cc31c,0.0007626808
0c7ee2a1af425a1036a3a8233bb06094,0.98466104
f6c05a01cae5aae60a305501a9b5e8c3,6.0068315e-09
7425e9b9ba365db809ba919fba6bc770,0.0003794884
b7fe6771310f90d0ea604bb1babdbdd3,0.12236385
9726037645d3687a149ea51b871413e4,0.007752734
5afe4dcf4d299b637b438dfda9307bef,0.1687688
bdd557372f00c48504c88ee45f992e19,1.1149963e-05
fe3990d1c95e97be4144ee42efd7f72d,0.020436566
99a8becf9560cb3584930f0cdea99ecb,0.28109926
c40ae54918dca37bafb81823175449f1,0.027729059
e1b3d94b7f0a235c0734761e5a60642e,0.51282513
f42e805d25e19f28590f5c736357dbfa,0.027415229
d848f53c9ac319e84302257a0bcb26d4,0.9936162
4cc6022962d3329883a97e0c56fdac74,0.6737011
fb98a789e8446a72356269cc67df747f,1.0
f62a6fb2a94554493e1dda05a5c1d9a7,1.1865365e-17
4da21cda6a26f7f455d8beea4b4e17d4,0.5613103
83acc2dac812cf4872261a2b6378db78,0.22994544
667e8952a4a0863a6c9a3e4065e76ab2,1.0
89adc6f77d8b993c8fbefd4e2e737b8d,0.99763656
2e1767678bfa2ee06cd1f5ff404b2143,0.9975364
baae7166db2043cb130b11250b1876fe,0.00060153945
6bdee6b6207d73dd61effd1496350d5c,0.3912147
02ae8736611d3bccc120e3579bdd76df,6.157955e-16
31cd71a4081f4ec65efa4b720b1f2f46,0.13655846
6a787a34b097237f3739f08be4b3e39e,0.99999964
d820a3f13816e55d222988a5fe243758,0.0012115361
d6c863ffe483401895a85299541dd8cc,0.07635442
480eea280dc4a8100258fe04da0ba86e,0.0034009104
aa279437fdc211455f72de4ec41458f5,0.048917852
6743e3521bb2e738ae850e6d270057b9,0.79795605
7b0106b703b66a0b5306e56583ec58a5,0.98155254
067dc1e57fac949b81ddb4f88a028dac,0.48157632
c99d3237d3e9466c6e04525a4cd5f997,0.2209185
f8580c8bd128ac41e6c2761ef7ce06f3,0.00062199193
d8ca242bc28362c0b57be28ea979a6b1,0.10036067
541fdb9811efb8ec8e679c9a1622b594,0.017126951
28068c13046358672852ab6fc4b98be8,0.008732839
6068d5cd23723a84d002cbd356cdbc79,0.010773462
d1b6b1c1eb1d8b58295d46e6cb10b5e0,0.22195408
ba95de86218ef4fb87322010bb93f3c7,1.0
97d340c11e311172f85b5d67a4924cbf,0.22659674
8968dd99d529c4f4d3da1a6f3b3c34d2,0.00016298021
2234d013a157851f2574425ae6c72eea,0.26890492
136764879457a355f9e37ed8c01cb5b8,0.997131
627757074e4955390fa9e65a8dc1f9f3,0.21270952
dc1dfc120312ade83b92c1df3a486986,0.39898124
de3e28578bead62ae0e27fa911ea311b,0.45297483
7f0d06c7ff872fdc82ecf5fb57e402be,0.41065612
5a43716771ab0e46d38dfc9f59a28e06,0.11297971
2ef854e1b711e50bcfae5fe412c54582,0.014032131
3d0fe00bdbcdc38a53b00bf040d79056,0.99645823
cef46908a155cb83e1b8521d668a076e,2.1830823e-17
d4c553091297c9895c07565ee8aed5b3,0.173441
77f6b8c481b25e8b855d00785347a59b,0.023817854
c2120d82678758495a3e194a2e0e2eda,0.004093391
9f25e6900011c968c734c21cee0ee777,0.00010152774
b9ddbc6547c4f1e5bffb9f428a94663a,4.7124626e-08
21853eadcb064f20caa1626acdc08e60,0.045254678
31a904c72d26112cb3a1711d783ce444,0.00058080925
ae541ec138894780e6df8537192ba1fb,0.9988028
43412ef351a72da6b23963e575cc9b4d,0.037139513
daca43763cdda01092efc6719c907bff,9.0759585e-08
196e86b7a7abafbcb9a743099da65446,0.49201444
c2a6fc81b7db030f6ea0a18af165d4d3,0.008955894
b335c9a998fe45b64e21bcfe3d4d03ec,0.18635477
1ba2dd294aab4c272fe17528f902b031,0.063466355
e79c0eb23a7f154e18d9ad0c6ebeda3e,1.0
309489b76d44b43d883c747cbe7f5215,2.020101e-08
a1e6244e419432468c3a96848027dbc7,0.0005586431
11ff8a6436b77c3b8b0f7b1368db730f,0.0039052537
2276baf31f5400dbcdfc87a2ff05fd1a,2.9005569e-16
daca2472808c52b6d7d5e5a88b9b4c82,0.00019809371
816a2c8b42163fe213c8de8bf4f62cb0,0.6562063
a637b1aec7c30e440a7797e47867e5df,0.26975107
6cea9e0a5826e8d65df56b7ff813b6c0,0.0029891445
bdfce1b986db06d3789ebe9cd2a54d89,0.006923377
db4c04c00693624cefb2e85aa0a336fb,0.042030677
ab82875d2f5c6e856d83d80f9b0b2389,0.65602297
4d73ecf971b71d818ee325ddfdee99c3,1.0
1899ac435bd27ec5fb675238a2272ac7,0.00073144864
d54108e0169a8c59c51ea0dff2f045b6,0.99952435
b7654f32d329bf18e661a295b11eaab2,5.7055182e-08
d867df368c430a8d58aeec9bbb623e5c,0.40573218
cc82fddcabc236b6768b374dc259836b,7.0406525e-10
3973c208abc70b8581d0e035808cd637,0.7472896
a4cfea295e5dc1da48001ec9282574a5,0.9966523
350acee6419f8dd7cfa3752a98195628,0.21186268
ae709cccdd5d94b960891499f62f13ad,0.17706813
ba21d8e2f72988fd984f8cf38b0d2066,0.003216567
83e7034350b32aa510d1fb5cb2f959f7,0.238475
3beea914d58bcb87a6f0bdff9d7cf8e2,0.004280891
012100f67bce8015a954d16d3a3bb2c7,0.00039335203
e9681c352e859bf082831d69b7c39aac,0.012449548
90cd43027b812bed7dafc9ade93bed63,0.99654526
ddbc4552b044b39a8090eb9f213a3136,0.4868345
5967a781fb14833a6862c1d18a54b617,0.19297346
6af458cab5ebd8f5ed7a893325bfcc12,0.23061499
c28dd67e2a30f5244d3001be4a7577be,0.48483717
c20a1fc8903df478c4c7f44aeb20e2bd,0.36038342
98eb8f406496988aa8ab1aec8523fef5,0.25399318
d9776a094efef7c5c318509253613366,1.0
11052e9f91d07b1318e74ed8cdfd0ac8,0.2074446
96be13f099d02f2691b94917beb476fe,0.017418532
fffc7e465b4333ea395ae3658c89d848,0.9015542
402551e16b93e27334ac252e0ed1ba49,0.0074657546
6539047abba0cacbcac9c55c0864d704,0.50320494
fdb5963a4b5cfe7d805084bd4f26589b,0.1309612
d83a47429ff68f786d2f4392fe7b0af6,0.51964414
7059352c3c99eb72c14a4d81e1cc1a3f,0.08716574
98257da8a81ffb159293e3bcd3131889,1.444035e-05
35f39104c859ba6e13c853f8a3cffd05,0.19948848
27e870280ea8bac6c1f7fe5676b7cb84,1.585852e-09
a9a2aa4549fb299fda2336d5d4d94502,0.99133223
0eb1c2900921bea4f6eccd05bb985d75,0.0013505651
a3afebe0a94b39d2a58a061015ba4b56,0.2454118
cf22d40981bebdde87a3cbfa2e0a9e81,1.0
25002226ec15a5b6761e00aae57a779e,0.99999857
cfce579bb57e4dd97380abdca983f52f,1.0
6e26f172bbd0a0d2a239484a4c235f92,1.0
d3275c1ee544b82ba6b7a23bae7b14f9,5.1404367e-08
41fecc69c6e8d64cb4cf434fef0784ec,1.0
a71924192ef5739b2907e321a17d6aeb,0.9862264
41632f3425e548c76e88e5bdea9ed4f6,0.0
4f2093aec19a195812a702d02ac8ae45,0.36646736
49ae67e0e12f6bf7e2efdb5a17972d4b,0.35466245
e39a5fa4c76264ae7d7343e41675a636,0.3819088
8b33f3ea725c3529612be0151a5db71e,3.438165e-05
348a4b295c068eeee6c15610bf5ccde4,4.9549128e-12
bd6fb0dd4209fabb98abdb1efec464ba,0.1909571
9627f5900dfe1c8b710094a3f8dafd56,0.057670545
570a289223a7e02df1ce464689fbb894,0.9980558
2fd25ef8356ef487387a69de836482dd,0.0004929815
46b45a719c29d344b8074a56aa8591e4,0.9972168
71a1f8800da4a01a654396c6149bf08c,0.997256
c0369ebab3962086133d1af27648a79d,6.4517714e-12
2236f3c9375d8e149b74159fafed4f56,1.9571424e-16
ea841523251abca88766c306f0af15cb,0.986226
af0895a713659692487ed655f7a9920a,0.99688256
34d11dba2e475397591dbb2c7c4b148f,0.0050916034
1010bec081572dc3bd16e26a1e37d815,0.007145424
6c1b77a44bf111bd853c8b623d2f3334,0.9999901
307d59e3d876b9591717393cadd53fd3,0.17881738
536bb209bac73e957e7fc6a7b9259f03,0.0010925953
9e5a26fd2e34768c7d29bdcb60cb016f,0.007877727
ad2c1c6a158fae8c4107ad76de4ca144,0.07089445
2f58c4c82852b4272317322a7bb7febe,0.18906237
6510b6ed112b21dd535756353bc984a8,0.0011387315
fcbe42dcb0bf3444e0e8f3ea82ebee27,0.3125016
9bd1477f533102934da49e16e80a7b05,1.0
e7ee4032f5367d57fcb18ed6e915ceb6,0.16602057
5a02b0f2579605159f04b2a6a3d019e0,0.010029783
9feccfb5358c1fa8791b262b7adc7e64,0.25767365
b3febe92f1497ff787365bedd1a11c44,0.9995442
cc8271bbee03731c4df165c3d6aadd30,0.9977756
d180bb41beec6fa892240ed91d9a72e7,2.3910382e-10
80bf29b7d9bb78ca50751ec92d6aa07d,5.0820805e-08
b695a3f09f2fe5e67f1249c0a8e447ca,1.4109082e-13
477ff638b48a93e8fbef50ccaf975ea1,0.23327342
1efccb279f2c9d5b266e3c6e6a6a7de7,1.084458e-17
9681088670471e60d174748eb02b0fca,0.0034978676
fa9d27cf93f96d92ff552b233428f4d9,1.2369116e-08
06868fe89e39e0e6f2f9bdb1aa92c457,0.00025513626
928bfd4b217c8f0307387f43c13e2331,0.033995304
19eb8274ae63acfa1be3c2ebe064d134,0.20058574
1dcd8c851d80158e5028cd6f28aab07e,0.0363503
ec92e4dd23998daa91d7dda5c8687f6f,0.52691215
e63709eb19cf6d847afb363f310a0003,0.9934824
cfb12c63dcf84dc41d18fea3f970e03d,0.004216481
76e8a4830b39a557faa58886eb6fd07f,0.22107175
55423dd14de3b8fe7aa890fe36f3c0f5,0.9999999
0969a6c9733ba25362578e784420c070,0.0071180947
7c7e1bad29c0f5db038f1bacd6b7b3d7,0.99411905
c7f0087d2641f8676fccaba50bf3ea65,0.9998481
b7c50b11ea1fa87a7737c9e6372fbe97,0.1614924
084c58fe56ae8d6a494dab0840b0e9c2,0.9975062
7f297f9154cb194b37db1d7fc55669e6,0.16738361
38e618b722c9b04858e43bc4cb177d6b,0.46440074
c482d1671a2f3f5883931e97b31985e0,0.007744159
6c2f68b62c02dfac2f091825dad03adf,5.9149365e-08
f83b84edcf1c7db60756171109930ef8,0.00075697585
a168e0961b5bd11a1ba1418f3d65c645,4.9809618e-08
d1655f57321b32d042c81018d28cd518,0.97926563
e440f8d9c42f7634383b5ccbc3848a5b,0.23445141
6681d3b2f7a2f83c66d5f3244dfa98f4,0.023642799
957b6cd24e500f265462696893365467,0.026262037
aec6fbe5027889e216171016db8741c8,0.00038022024
1005679e66997f6a9de0dc8518603d86,9.0628004e-05
341d536d9d8f008a715f66b315a95e5f,1.0
c3254c2ac031f0123b989941d4aef4c2,0.9973308
e4761a2c99d380ba28e16b51a92aefa1,0.3924406
913f7f340a65cc33bca1874d3225442d,1.2493001e-08
e7671ddca513dcc92a62fda6e20f787d,0.00037697144
fae2663cf3e78105086f8d38fc05116f,0.011078568
eb2d86ee887397c8c2598b7db28af513,0.0004505816
20c0b0b68c467a9c6176e75bbfbcab96,0.98693943
d094cc9ff4764708560367fa65d976a4,0.14068604
830f248c4e2911ac84c45730167fc12d,0.001020708
8cf710f29b4d252820535a7c99182e10,0.9918582
3b6d149f30ffa3cbd29dde481d4f05b0,0.057622075
652af06296bd490fd190cad77526598b,0.3242269
8fbe2b2b1e9e329628cffd7d1147f443,0.06823683
d8657f66cdd1a022abc63effbc25d6df,2.2346092e-10
d10d6c411a2a0521f7fd18f308f9c77b,0.0024418845
ff0ccab526f1001237cbde9470f4ba8f,0.9999995
297ff00d0c8b87819a613d8c457233b9,0.004107531
39bf3f80d7d685682c39e94c4b41518a,0.00037836222
3092c44ccaffce9dbeaece81223a9425,0.9968129
c1dcdb247552f7b173bcd80fedb6f7d7,0.99994564
d159a44fb5126c6b9ed7d5bf9dd38cda,0.99982506
97c12d5c50117fd2dd0bf2714389f894,0.17691791
cf6d076bec484f4e62a35705514adcc1,0.17728753
b95e233a715efe68a8a7ac7e39538429,0.011752472
098f5c7f8982ba2762a19b1ba50ce010,0.999946
7c1d1385f7bab26c1b045342a4ddf017,0.99728584
c22b362dde33285891dc5ca39252724d,0.005000621
ccfb8ebbb0771762e7ec6de139305650,0.21865949
0135320cdf1f5087210ad9a41cb53502,0.00037564445
f5f86d5aa3ad55c1edc1f7b2d69a0834,0.0045652553
a590b7e0909cb99628569da0d7c27b70,1.1152015e-08
da492114e30dd875d2d319ac98ad952b,1.033027e-12
117dddfadbff3ee50277b2a022d44b2c,0.9976739
e199540169dbbbdcd69499e9d322c1f5,0.0039976495
ae0eabd615c9206efe6969e8eb683b09,7.113075e-07
a9e7594ac339707e3e7792c8c359abb2,0.99788934
65fcceb4e24e9ae305b9015f4a8f04e5,0.24900873
877b08d97290c2b472d83251177d512a,0.5766813
83bb5711fb75c75d224e2ee50ea2bf3f,2.2765002e-08
fac3e073fb34df0ccbb48d099f4ebe94,0.9491882
2bc40ac530c1de440dda01d9d03f11e7,0.9676375
58a60f4a066123416b75e690cf206a24,0.17001247
4a7b16799930386fb8126b2fc606a81b,0.012563766
a53139634515b29de24b9bae6bdc415e,0.011088912
35db25d6e876618be545b0e15d3023af,0.9967244
6f0d939672dc09e2d6b019e39dcfdf9c,0.5680602
b8f9fcbf410a59dd591060912aec3633,0.99141145
a5a99145d4d53594b54bfa3ea2709ac9,0.14507356
e84e40cae527b476b6d9e5d2d45db827,0.7655958
6d063a2768053694eb3ca3c449f2c39e,0.07238589
8431dac676e78ed9709877ed7ed7dcae,0.4361788
13f36223ed813039d3b8f0a017fdddc1,1.0
39f85d43bc3e115ccb8ebed00c535609,0.5438531
efcc22cf9da87d81bd38709ea36fd32f,0.9977558
00a10874f16bb98901cca17b5f56b14b,0.014382654
a266bf6fa3d7d918031f8c8b34d06761,0.07470525
90c0af3bf0e097ea03c06e5dd71b65cb,0.6780055
7875e82f8d27d931f0750fe6c64fd01a,0.29547623
1170c0483648f6b6195c29c7e0c0020b,0.25335735
a585c514458063020eca85f9aaf9b990,7.01478e-18
fc0686150a642788157e43bb0279c0af,0.12730221
ce7b00bfbcc8bc1f839f097af226b193,0.09661684
bacc0fb54b904235bcd9e758e3b3e5bc,0.87347287
d84c3b550b086a5cd1ac748837c8c036,3.3424455e-16
dd137b6fe014ac7b2628064fb7c833a4,0.3415898
21249da295bdd1fc343cf3f4b579d5dc,1.7650313e-05
a537dbf2e5e1a8df23ccbbb9c52bb233,0.00030734402
137ccef9674aee5380695ec25c72d83e,0.107519925
5a63406b23ff0dc56eea143b13854c7e,0.14914212
15293ed6547d8f785449357d7351a8fd,0.001003992
dc03fe95903c286516f93f87a05cca42,0.1978674
ca018126d3a9f98d9e7577ce7a618053,0.18222444
9c2502f5a0a3b6224edb98550d37d411,0.16952476
be6e85577863d92c1f1bd049f98c3eb9,0.0003795633
7eb0c0fe4130f9e6c89ee974f6561a9e,7.7356677e-10
8bcfb9320a0570d0f84273d298a268ab,0.99999785
87eaab39d1b6a4172e62bcdd6bc7c35f,0.18930277
9a7030889b560e43605fa99c3b44c470,0.99582267
218d5d629f4e0128a36aa775c5a62be0,1.0
d3a56950111e7334d3e91dfe0cb2f896,0.073144145
11821df0179e7acadb1226ffb045b8cf,0.9999995
c7530656fde761880e8d9f34cf4ab337,0.30057767
ab80459d13bb024c39db71858f22e517,0.39996946
a5c0f5e1681772635d3b8156b46a11f3,0.0002257973
131fef31b5a8e294f2ad26c39c4c67d7,0.9977266
5c84532840d78082a31b849b285a6648,0.10010793
38565a317a40207fe5f49c012e35d8fb,1.0
1d9de21b8d6f4d9ef2add584a1ab1baa,0.8158259
4d2e36e66c0a6b7552b97bd5034fdcbb,0.017203284
ea1842e7a719fd2d44720f21807a8d9f,0.23607258
206fe30197a6e1be6cacb9951e2d5248,0.05594777
d516040571440c1038c6d790d7e08462,4.1379323e-08
634845ae3197d2ed7441b0e5ca5a34b7,0.44778213
b322a84e50d9405fba6e0535e92c2066,0.38494915
26575b77b6a1a0b109ebec6797c5e501,0.00037817887
dec33498827be1da6e38e32f48a22216,0.023648715
a1b40247dbee015ccbd8b4acfbedb05c,0.9978163
4b2636d5375fabaf5210326d7ddf380a,0.0006561737
8eaab567738a3784356a770b2c540dc6,0.99713767
71dd0afcc82cd5d7727cfd4e77198b1f,0.25344267
95a84f35123fbc4bf54820868d70629d,0.0
bfc364beb90451c5b5ba4b489f43b4f6,0.997265
880bc897b6a812d59049a22779702d67,5.4497947e-18
026f4996b784e39fa4488cd71ea7b60b,0.9977385
d6dc4bfd02b2951161d247eb36b96468,0.17983995
38bc09d5d4e9bf62f66dcbf86f0f820a,0.33653995
52e338f776409a7ad2aad9476f6f0c05,0.00037557515
63b9aad2c19168b54939b8d9b309da83,0.18454815
5f6f46bfddb92bd0c8ef4a3026453b9d,0.33543295
43d631813465242b0417fbd2beddc413,2.7957553e-16
1f0f2f1580cdde7565595387809f4fb0,0.11313446
bf1d4c98ee0e8f4d7524f63fc48205ff,0.99719906
75165840510f229c87e212e6a792e33e,0.9966184
17c8ad633d5e569a65a9f56b0d881cb5,0.055997793
91209bfd1bf6fc4afa13fe8b8aef40e0,0.9867563
5d9966a0e31e34dc656e5dd01882702b,0.30993357
feb73606d582c6105cef57eac28519c6,9.839691e-12
d518b530f4a66765407f4fa2a8b98678,0.03870536
25dc473d2c90d6ad2e4a436634aec011,0.417911
51add5e4edae1bd19854b4d719d7e069,0.2170659
1f798ac6aa8a0f29d56f835067dc5ed2,0.61720693
9006f4db9e9e4a72c82624cb97fed809,5.469045e-08
3ebd15cc1f828478cf8ba059f814aef0,0.009909403
a0c156671220fc0215cb0d904013ef97,0.9944489
ef3c2476bfc6cab0a797ac1eda6b42ce,1.2240005e-17
5e3d10cbee6e29ec59a17e82fa5571fc,0.15854473
46bddd28589265df0fbb65ddf40eb2a0,0.049677327
4d55ce56afeb2f24c98e7a573fb25f53,0.49854013
ca54b197ad0205058d512e44c20a9ecc,0.44862473
483b8125f8aaccec0275ccc5946f7193,0.9882582
4293d343be473966637d5af550dc6636,0.00032798646
469817e48dee734f19f359a48655afcd,0.13649735
10b7ff0cae3a457848296d00e882555f,0.0041581034
0492778b36918dc75d61284f05c05271,0.22110498
3e9d0850897a8e1bff896e959396cee4,0.70585257
2093d467e65e9dbad2a55577d9f8d396,0.9999994
65bccef1eeaaaac7883df758b92bb6ad,4.9881493e-08
819aaba2e464ab24b2e34692bc508330,0.9971456
90ac38fcfd5dd3861cf5b84886913dfa,0.9862272
9293c6266d6cfe57f78d2737fdebca5e,0.9976609
cec17734d3f3633dffa7e46cbc2f3ab3,0.87772477
db589aca9e677e1dc2b51e984d5254a3,5.147245e-08
6a2d3dd29afa23a8eafb132a0c2c5003,0.01203234
cd81ccf6e05e44d20dfce67baf78b0c6,0.9972355
bc700ac6fb9d3ae157f248aa42d4c6b1,0.20625274
5a7d36720e405508b2618e502836affd,1.0
7b9a986ec9078addbbf9d2e43fee600b,0.0031916092
a18c0751a012551d999124b1bc0b5bef,1.0
edd901b66bebfd5d47eb9b554682f7b0,0.061490163
dca27a20594772d6c37ed575104878fc,0.9981007
aa386116c0e2886a4762386c3e116f34,0.022481922
cacdfa9cee8c6feed08b2e6ee3cb9de3,3.3755235e-27
5f03268ba1c6e37f83320be1569c2d19,4.2852741e-16
d43333c84c6f849fc9806bfbae142d31,0.25539792
6976639e701646e25c0a96c67b9ffe5a,0.99837613
dc82252bf84999019a14cec62e512453,0.060245518
17777da8e58b415c2764608996afeba4,0.5334518
eeffadd8d76966dd0adec2adb01a1af8,0.025661226
6d55081593bb231eaadc852894cfa363,0.21396309
f781024d665b077ba5023e5e9ab894a8,0.0022613325
78d07cc11bffb06197ec3d3557aade68,0.1757163
6e0f57a734d3879a463e61a22e38af62,0.0041709887
417503299e91cee5802063d002b18e28,0.12682298
7e6a3c51290ba840f567857c3be6894a,0.35077673
054eae4d03f2fa93b8f9f0c750c361eb,0.99999917
03768dfa2b77c3f28480608938e20a75,0.6368578
ad01a652b6e813ddb402daa99f30958b,0.8702573
514e2771207cd146d0aaacebf15f8cf6,0.2524213
eebbbb42750eea48395d3d8e000f2261,0.079553135
cec083836c0f39220396e3d63b9b886e,0.4147301
5a9c478fdd8023c888ce6706605d09d7,1.1124559e-17
1d831df3d1f180bfb4cc7b27be38f382,0.38358122
dcd2d16482fd7bbde0b97b9502388e51,0.99996674
095bcc703256868a7b326ac64920e2de,0.011609574
91ac6deca3af450226dbf85cfaa439de,0.9997979
94929552e281632188f8dc18322a9b2d,0.97365236
29fdc7bbb9fce51e85465a8dabe6e56a,1.4860037e-17
de4386ca0f704928b2d87abdef353dc8,0.9964629
05b525cd8e147a13b1803ea8907ffaed,6.009192e-09
6ac3120afb708e2116b712e4e894edb4,0.009813069
6628ce3299ff584afe72bb6370608597,0.008741839
1e1b60b3defa3b35a2a94e7fef7adce4,0.17247824
b32313644eb0d23f3d5eb3c5d2a9622f,0.16847494
4b1cfa1207d89791b682f40c6c9fc01d,1.0
968413e19e1fb423c105f3ff8de374b5,0.9982754
fdce18358d597d6df791071d740c425a,6.422883e-05
58eef3413ce1e59ec6c2a8c101edcd96,0.019805124
cb5aea5edc61a6c864a8ad9cb8bab3fc,0.00837406
89a336ff11371d12f8b28496a4c2d272,0.09371552
2fc08ea4a63d151b83d7154609f0c2aa,0.99982506
f3595a8b03abac0359695613c966819e,0.518043
a879715f214b424dc29714eb8f7a06b6,0.35937834
39c2ecfd33ee307827108d14ba59f84b,0.99978656
99dde3a2520d3157521d3eda3bea7c60,0.00970585
5efef6565788a64d0f21950b36e71947,0.00030737682
84654cbf6d372a2f074bd66c418c4278,0.9922301
43924592e1f9c0776edb140126dfd0a4,0.093139246
7c9b97ee8ce6b2a666321eda144158a1,0.44737592
df08c6231922e28c97d0c8ef5aa07b79,1.0
ee3138c4fed3710342841bdd5cb9e0f6,0.24848208
9e3ab2e7f5e0800dcd95225fd81209e4,0.060436845
c733628c6b857f8bd9c0392684cc3e89,1.594574e-14
0eac1f61833d3d63ca0822163bc8e1b0,0.9999839
d7663811240c70c3ebcb69564c80448f,5.4762786e-08
526cd38c4f7842d83358ecfd24873f41,0.9982786
3bc78e4f06619d9d21d9234e6de9d1a7,0.79287994
1223e8e8e272122e2b1cd9d2aaf752b6,1.0255985e-11
d97dad82b90fc2fe62099c3a049f276b,0.17100468
8600f0295e1db0748b8952311ae1c536,0.9969081
1e51cf01311d6a70190d1959c44842a2,0.9949019
5bc53e6f4fed4ecab287d4c9f01db3d1,0.011334917
5faf5cb8beb80cb7bd8f8f6b441b5d05,0.0807452
fe3ab8606699f49c41cd99a22830dfca,1.7751003e-10
cb2d9e9402f08e7f982b67b875e90ab6,3.620727e-05
3c6260ca1c6edac1d630d3ced1bf3d30,0.99703765
c3a6b85422c377969012bd63d7b2ca91,0.28291696
5ca9a21ec5a84f1e05f12785a6ea8805,0.6582537
3a431ea24fdeec9c497c6ec4af471873,2.7452374e-17
a471f5c481ef0ce59ae973c66023ab7e,0.0041065603
5462cfa9e0262128c9e4ad9a9975986e,0.022474585
e39afd002ea42fb6cdd46f13d6416860,0.047620267
ff99980540a3846b3919a2e0c5f299f2,0.0003801142
522fb7a3bb2c6143c2a2216e449a40aa,0.18918064
4e19a5349758119b514c02408de6dd40,2.0676422e-17
b05cba2dbdef68f4c41f71849b9c61ed,4.7233694e-08
69a01b31f7427a00ca421d1c5402bb39,0.8454647
e514b47fb710b73b2f581a35dcad2fbf,0.16788895
1493abbb7b8b5dbbd0b27d4317a123b8,0.25896424
52d1dab4a60de18368b14b259824f03f,0.0010000818
ed0e9addfbc9d4085f404fb5ae3d3a0e,0.15290272
ce426f098109b1c0a199b6fdb2e3cbd2,0.00038022856
99f526127eed26e487b16912148df361,0.17270195
80a86ac4ee4137720e56c37189215e51,0.058871385
375a3d399268e0814888c97d30b9c444,0.00044474885
5562f387b3a467375f48ba54001f6691,0.21767065
b82677045a0251b1ee72f68c70dfcb77,0.03587662
50df6792282e3ffb785b557c8fbfc619,1.0
1a50869f56948c49c61e394b17c05cec,0.00056521076
82204550488705604a877ed181fd8a00,0.012245428
0c01007a6177e6adf7288c425004724f,0.44360614
d0c36e8f3ca45493fb1dabff9c588d36,8.0199825e-06
91e0879eea4cb74a697760057f10a817,0.21475947
055309d1145c4e50759dd0a8a5668038,0.1736041
c8a0dfe5e60078422f2e30b0bbad4130,5.3021893e-18
15ec835ee1bacba83790b2724991fccc,0.007517423
ad310ec6a6d2417e26107aad44da6a99,0.52812165
c2476cb820491e8bbcb4c210fce0003e,0.00011555834
53e5f974750acc5c623f073f88d3efa5,0.1227303
20a74d852ba2bebadc60d1efaf0847e8,4.9425356e-13
68f77ba6883ad94e336ab0f1aa7983e7,1.8690962e-07
033847c58c05613bde17cf9872e056c2,0.1887514
c7817a826e0dbdc7eb437141f4ab33ef,0.8459253
deb3b8f5bd75de136cdca260dcc1bfea,0.00044629918
da9631544b1c2f5c71b272705875ee60,0.99755234
506de9e518439c0120583e8598df0298,0.26220718
465d40d21aaa8461c5680978efb152d1,0.16419879
45e5496394e7d6a9efe16008c380cf46,0.0016771101
f3480dc529a81239167432887f50fa10,0.51902497
b19478da07f45d38e26a6b30059caf50,0.02455745
a896691b450145b79b7c14286dd223b3,2.39158e-05
66070acd1a897dd29632da3c335e199f,0.99756914
f7a5e2a563416a7c2950db32638f171b,0.4802836
84c418346f363b42acef34315e0d320f,0.013148827
e228ed6253c44588a85fe10e250ef0d5,0.3379928
646381999a3f978ddd2f75e7932dc7b8,0.0033200886
95af4263b7597d1688801b8fcf6b1df9,0.9999995
09a36354506557d69b58cbc4f27655a9,0.9975274
e2749eea576b085f331119fd42c7afd5,0.17068866
637f6419e1852126c8e81dde639ba360,0.025161276
1df38d60d9422249af7ad21309d9354e,0.00037860053
0649f50df4aff83ef202d2eb0a8f2c28,0.003297308
508165dc2bee5e9f08f2394e409c2c52,0.018567443
72101f43d83819935d2369f0b5f6ed90,0.24223602
decd65be2a38b9f4ebb3f2b71fc31660,5.718611e-13
f8f8ca85761e800d5e219439858374e3,1.0
53c9cb16c8a184da54814d8181ecd520,0.5677425
505dd8171832b0eb7de408a59bdf3706,0.0036320295
4ccc302ebe77d0854824eaa806f2b5d7,0.3133733
b7373b3990955631c29a76abd1fb5a8b,0.9973814
89de02c0c8266ede6a02ff3d2250abfa,0.47103587
bcb22454fbe767cf284170eb90c19f47,3.9119464e-18
58ced59e63a60386df2e0e6258f17b19,0.17450064
8517cb3c6d7c25dfbdac1779a1119485,0.9635198
0fcea37a82f9afd8d45abe153d5c1cb9,0.54997045
2174014b9b46daa86c9557b65360d634,0.99985003
b7a480d936cb2db23c6c09fbf91c0e83,0.011840321
939962c34e821866f5f0659ee3afddfd,0.0003774981
8265e2cb1c7f2a0917e098d7c9c8d452,0.9974064
d7cdee2ee4b4abf3b0ef7280b326cdd2,0.17628081
c843b938929512bc6e3d5af40dd21ebe,3.1552522e-27
d53de47076860e0f9a4bc14b9d2fed9a,0.9964587
321568e87be6d873259943921e9b1440,1.0
3d235ec73a59048934de5d70785a4a2a,0.9975509
dd7387ea334a4a2a68fe0ae6fd8dd3d4,0.9394691
94caa9202892f70f39fc3b38126c6185,0.37104166
659a67c0650fe5558a7b018af4daa9a6,0.1797828
74ec501d9a7139f93d33aa4046ceb2ee,3.0826014e-16
c28b870195526e35c05a912525302151,0.014354953
f3f9d20c1727bea325f45f9fbb73079a,0.17525937
cb828f233d71b355c50f6aa6cdf7a70f,5.810395e-09
ffaef0d9aed6d9f15e1e642f84f5c99f,0.3849347
766005454f7149bdc49c0278c587e1d3,9.862174e-05
199148e16c8981f818f518b3b7347945,1.5731711e-17
7ae73be01b7298cb600acd155df5a234,0.22134005
d720f492f25712f55a3df4927fb53056,0.22748338
f3b3dc27e2aa45d66ac7dce0eeb791eb,0.7016908
513b28f06442fdcca470b1b44d18cc0d,5.1552334e-08
ab6886d5ba817cae23b348db8098d1e1,0.00013524349
456168fe09bf6f3da9c3d5252da7a151,0.22269644
e762e8e1019cc1455666142430ea9003,6.941479e-12
8252086b22d6a93e827fed9f7f97b45c,0.99737275
9275cda493d7f7219421813d216322a6,0.45191446
34ec028b9df733fa80f8b94f1d5b0240,1.9188726e-10
20fe0ac4418e18cc53763fc7f85c43d4,0.17361848
ab2cf1b9879333c6a27b1482508cdca3,0.114321485
e989af5f527a2599ae7e95fe9f059a6c,0.00030083797
2af7552c80aede55741b23190c753ca9,0.99788886
88ad5d62543903fb15a8c99605cd6e25,0.9974058
590741c0b56fb36b8605391a9364670c,0.056054775
c4e3646c176d8c816ce23ca30c287a57,0.011313946
e959a1a2f39336ac21440ede910b3cc1,0.25743768
57a85b8d55057bd37dc5283c77eb8129,1.805797e-14
498bf5a7a476371df802563ea6aa4a23,0.43386012
8cefd641462ec2b6058d912907966a60,1.0
22cc1b87cb68eb838e0cbdc9e16d61f9,0.093037106
75e884b21c5563a46f54de592c75f935,0.010620492
edd45b81562def9b899ad5bb4f0931d5,0.010569462
23f9f91a134cf1d9005391105faa3c29,1.38645475e-11
9123ab0d7fce02bde19cf64142d84396,1.0244034e-05
566fdb4d2a868ad6ab1ceda392ae58f6,0.9970968
221c51d0471ec1788b52da53190f33c9,0.9999999
815e225f7daa728091f0c341db150767,0.0021842686
0d25086a04f3ed8a5e3f3725fe9cb7c4,0.17741606
2ab84d7a57b755c0fe6b96532a145d8d,0.69775194
935e7e4078ce4ecc072d31a7e8667feb,1.0
598b6b2e51f0cc063d4e7ae8ee99ada7,0.20675665
ae1db82786c6b2290dfec7184d4a7807,0.99708945
0d2e9adbe4a0007697d4c54a5c67bb9a,5.1751264e-05
973dcbca5203b3cd32f0d61195a57956,0.23083499
d4200049ec0e593aebd19102b3dc586c,0.79691243
9db202c72086e9de091bf547d06f277b,3.052809e-15
7872061303914db0c8670845c3aa80f0,0.33718443
c2345ce10b321cf59734673024e51965,0.997624
97c20303ea4df2c269d2c0f3b92e7554,0.99840814
59cff440afe05b0a84a7ab3697e6440d,0.17554146
c106958e5fba3a3eb8c94656bc6dedf6,0.9999982
fd2ad313084ec1632ae587dd7ab61ed3,0.17748787
a3287c4a406df8c58dca6963fbdb0a4a,0.15762961
a5d2e86c8376b55db5da06c4c41ccacd,0.99713993
2be4d89828b02133ae663ea105cad99f,5.469567e-08
d23e7e1543fbbf0636ccb0bdeea33929,0.023943312
21a6941db373898c094b93031a06d20b,0.056370564
6f4dc270e3e300576091d14280223a91,0.99999964
dacf6825e0dbd022d9fe0781dbf28735,0.4791654
e7127d34c5a7a2f9201fd65d533e44d3,0.124776796
167149396b4f09af5961fd72f2fecce2,0.024807896
4b6b4740cd341832ed82ce0291dae067,0.9999981
c6a3246870e383841656fd40c3af3212,1.2544711e-17
d6d0ec88c1b96c68f2fc1b918d71733b,0.003326819
bed33342084cb44a447d56a6ff1681b0,0.9969332
f3575bddc1206acb4ed25176b1e15d71,0.20870887
e5f36fb351e8861eee27829fd1c17dd3,0.19735064
f13c57d6930f271b2793364bad111ac3,4.0970255e-11
fabab477a6e10cea86bc448c20e0d522,0.7645717
b30f72da84a4ed9575e0dc32f693687a,0.9972453
40db46ba5157fc61bc6f74ee0281ce1f,6.450332e-08
2d7c8b1f32421672fbb910a5ae396cd9,0.013824308
5d7455637c1ba0bdc6a7345a382e35a0,0.5544769
dbb4e21bc4e709c4651dd99447481865,0.9971697
dab722cc690e43e2cb19b3fb3213c5bd,0.00039427163
8e2b8024d488aa1a21c8df6cd38a8a61,0.3775085
c406d168c1a803e93c7b11defef60db6,0.35396105
a3de23947a6b99739ef452e875bbfb38,0.99999964
671796e47785ee83a589e04729bba0b1,0.26718542
121b5a5b3629c9c546e82184cffc65ee,0.00077219005
5ca981d1ea8734120df9534d00037ada,0.98770976
166adf935e191ff2f086b2a12e0c5455,0.004145722
bd8e1229858caf1f68a3ae57b05341ce,0.99999964
44f8e8dad422f293fe8b66c500aa5c18,0.34041858
1646800bf2636d9657dd18c2ff6c14c3,4.9677994e-05
16d561d3655d7f32a80c5bcc6c1975c1,0.6241065
bf701d542de18ee3b762b70caeed0b9f,0.031746645
7b1ad881708336e5b8153c12cc70de8f,0.99122006
fb3f9b239d59001f5e2fdd679ca5fb52,0.41478273
b7467ad228baadcf52024e87e376d015,0.9965064
a33156a007d83a874f756bf9ef4233d6,0.10529623
ddb918c897e01fe028798ed3fa0c06c9,3.5128886e-16
59bfbfe91b99c6246f7c152513a85fc8,1.0
6ea31c8ff3182167094152e037185a07,1.1392977e-17
31a5b9f7b8330500f0b4a291f0bce193,6.382591e-05
eed58826edd5d2a35e0b6ac4c52215d9,0.18113735
9d4b248b9355f43d726b08dbd4d5d34e,0.9999994
d0068646a2dbb58e4467c08bbdc76499,1.0
faef0d9b3560bc75a0bb3d6b5b8e7415,0.44856596
98c9a91f2600e978af3f563bb373589a,0.99667513
a3c947aa6771530d60aa866adddc8135,0.7925782
3ed705117666c46dffb45dbb5e1c8f7d,0.28792894
61efd397f4a9b8bda0056a65d00b92f2,0.34219423
1f808d56ccf6c1949976538e5c82d63a,0.5801116
18f19f0bd17ae9c6462802e5dc9218b8,0.21057254
102ed3cdc8ee32a44e9d8eab78eb45b6,0.040085614
8fb5f41fbfb980df9007d726d474af80,0.99999917
c6ece5f750cc4d2a58b7ef63c2ce5233,0.9958733
66da4f45cbae5079197f8dc2861bb6bb,0.98479164
b720a1b3938066aaf124f80ec90d4814,0.0611624
8b5977362dfde75c96f23c43eb1d8fee,4.3812694e-08
ec33ddc242a3382de9d54c94941fcfdb,0.03987431
fa238c8eecbcf391bcd23cd89710c1e3,0.08767025
62197ff0f1a6ff89599afa496673da0a,4.020516e-16
0c702edfe504026467869debbd2b1a86,0.00014452917
b1ff4eca088ecc6f6218cd28f4cf5a1d,0.021178124
73ba58006d8f91f8c08744420f17af82,0.08629698
7f45d610e5fd88fa9b74c9c10f5a8618,0.96837574
9b2efc699636e7f77334f9df74fef46e,0.03669668
efd5232f8afc1db68f140fd6e515a527,0.24538179
81bf4a617fd92a78dcf41d1127a6c3bc,0.5974028
a51ddf35933597cb64399f7741254b4b,0.0026469824
9a145b9bb9b86939ec09dc68131f7516,0.10605441
7185212141e9b914e23170801943d14e,0.00010064334
2fd074587b3a20be27ffae3a7e5d04fb,0.00057107315
e3fa5f91f037ec7771cf84083dacb937,0.38692278
e3b9f58497daa4345aa23a8cf378711b,1.2583683e-16
2d9c0917204def2030804b5ef5319ea8,0.9999956
2851e6ee6a2ec13ec05e79190b0713cf,1.0
19d569e7b710825ccb6e0aebea358ac5,0.5906563
67e0071a67e7a0c996e38d345b495044,0.0058273366
8fdd23c8f91343a43a78a2be870859fb,0.9969131
b2388b60e2f1731abf93a5cd26a84f5b,0.0048237457
675fb432ad6ae11c0efc0ba03e733fc4,0.16390076
5738d596be68071de7786712b5410024,0.6353818
e7b7c124694ad000a90ed525843b3177,0.9999995
31a8be240e156d0ed6a9eb3de3625aec,0.1435752
8ed6e3544737f23f34de6e4abeeb3968,0.18853532
400d1ba0b27fc180a18878848fda713b,0.015321785
b317bb280a9b1b06f9f3fe4e2d97b7bb,0.6288162
594aeb12fb4221d9d76e2ac7d3a012f3,0.9972139
ed17e17245027a7f0809857afffd550b,0.5851452
9f11a2723e14e099d96976751d83a9ba,1.0
52638d07eb85e0b8b14ddd044a35d800,0.008115936
cebec2ee85c64998946331bafc7a8d70,0.22435038
a1cd9e7458564b1177a53d9ae929685c,0.20346189
d51ce3867cd86e3b14f93e86a7952593,0.24059947
7f870577144e05691306f8074880fc1c,0.0007906928
d94f4822562f26b33e3f2f6322222224,1.5947796e-08
717ea571ba78b9abfb86f507babf5efe,0.13829632
093e926d9be9ac9c255d6ee1945d1fd3,0.5178213
2cc10bd707872d139b56005d306e1dfa,0.9977574
980c73ef940a48ea6045975b7f51b148,0.0
fb630d284aeef44398c73b721c5ed9f7,0.99706954
8d5813933af82f24636c5ff87cb8eb7c,3.6158378e-16
5d7f8611a0c58b42ed9e7ff11a1dffaf,0.087785095
7f6182dc902e9bf851681f9984f79c77,0.0071964283
313b9ba1c2acf03eed72ca8575054f2f,0.22358927
3a24a3fe834b1de33477416ecd8ded4a,3.875043e-05
0d1c7ad394bc92c433cb8c5927807561,0.011220268
1c451ae9e13fcc4fd348dcaa1ebe165e,1.0
db9a024b6429474666d728954fbc6794,0.013408212
d2f780c08769d160e38f00373c0babd1,0.1731817
af3510bcd04715ce4d88e4508695f5fc,0.04942836
77521cd1f25cc77c0025b921708022ae,0.43249023
bdb88ced846189e268f271cbd6a38713,0.08947732
88f4c9855d55590095ff7a32e60c057a,0.008639386
b2cf0d7be6216f27e6179585dd022c49,0.99681586
be3c664449e0b3c801b495b592b774a9,0.0
e46215ddf406983ececf888a0f225d39,0.9999844
b16ca7eeb9c0a4bd80ac9f9a79ae6d2a,0.99664223
2dce3288ac7c6a38cb64f30f27332330,5.905375e-09
14d3c33fc5d0700267f350892c1c0ece,1.0
b121e59fd376536b92d2e25ff60df3d4,0.0010898318
6621c0e6b6a64c9244b3fea0fd8e662d,0.99999905
4f114e7858a39bcb7a61f9ee210546df,0.63812846
2fc12d2bad2f9f46de9bf70c93e4eb8e,0.30077848
7e36dbf1bdb7328060955aa2bcfcc81d,0.00800385
3b27081d5574079997e32e16ddc41dfa,1.0
daea85eb1f64d2a47809416bb38c96a7,1.147047e-17
9daff1bbb18190c9db19e0694edf3e41,0.10986549
ebad34aa19a0e45b7169173bb9e07a58,0.08722378
894db650c32ec75935dcf17a677904de,0.03830864
d8b8643134b513fe66e4c3153fbd5406,0.18627334
e3041b7c580e93653fe01932450e1794,0.9974535
2cf48f96bd69a977d81f8b83b2c549a3,3.1840106e-16
cdf3d4f64c2e38cc4237b77573e0f41f,3.0781712e-16
a6b82a17827c45f46a3dfbf5cb377794,0.1750789
d35709ecbdca495899c11676b1776e79,0.00022208663
7e1b95a06861ccaffa328453d0c80d0e,0.16200408
acd1b83aebba16c6d1e40f462c92e4e4,0.5403095
e2b1e8afbacff1108a6fac8d02daa8ed,0.022828847
86e9c27d1fe37a5aadddc82f6bd2a67d,0.25201342
808fbfa48820df56ec030faca33affbd,0.22238968
41cb4d7361e6e91e9e9b50f4eee09ed7,6.9125504e-06
91ec5f7f539d09cf4798daf06a73152a,0.6954348
53f1db5b0059a81fe1faefa2c7f6de08,0.9996076
2caf8f55c0544d96e8815b0e19d9f265,0.0115007525
e8cfefc4f65f3826a71981775504ce62,0.06120845
7a0c58f6e58014e2c8ca839f0d93f1e6,0.12462151
24ac02618339eae3098f935b1adadc3c,1.2091484e-08
60b08ff5d5c749df84d18f3f1f0d8138,0.14512417
07fa6841b66eddbacf35f0a31dc9cb11,0.22364625
ea31edb990ce4737e2797b3fb261d064,0.03406248
e5d252afd488def59d05207d7a5d4c61,0.026622627
23024f876a0683ca997cd9aa4fab4f5a,0.022854513
3a6c0da8b508b8c526359a055c7241fc,1.899286e-05
ed2a03c50147d5f06217631de501f306,0.3567946
4193e5676c3f690ecb63bc03d4539006,0.056040708
964d0e05f4e165d7903f918a540bd8f3,0.966334
46f6491e8ef32377894242c2f618205f,0.3170884
186b16a81a4742afd8bd53590ff2e705,0.0062552546
b344cae600dfbd1b6128308fb5dd0902,0.35105827
1e77d802493fdc0dbe069b24d16af26b,0.9244544
46b29c330296a5e96eac7c3a674bd432,0.99990535
f6f4de736422e2ce52eaf99b41edfe32,0.9999976
0c98d43a940ad2c6b2d20d7302ab7ff6,4.8097503e-21
d6c4a6753b72bdc3cb6406de583669de,0.24581206
ee35ccf2ac7f55589889a101fc58270f,0.9020166
a118e2e8f3c9ce2008917d096c11f81d,0.064595595
99915e47b27684da5120fc3cd26c43d2,0.9663323
a1fad02a0c97ee329f18484ddfb5cced,0.9999999
0812325876a83ab88ecd32f77492499d,1.8291935e-07
7c0b65a34ff32dafd604d694f8ed04ae,0.0016543901
80650209bc771aed47e06f7151f7bac6,0.9663336
f1524832394b9c2a033e7e6406f1154f,0.0021378563
db9b706794c0f6a381ac3c2069bc9f0b,0.013414572
c6d75424da4d2caf89c676c525d8dde9,4.8459762e-21
9f256ce4d9a7ff16e1641b2be0e54c3a,0.99499905
8a69af4b72660d16baf63f74cfbd6902,8.333587e-07
707ea74497eeaccad265c7eb4187d1d5,7.210766e-21
86566870c1e98db45afd713b186ecfd7,0.2326251
3a1b1765146ef6fb64e7b69a31d235b9,0.00447652
2d5ebab6026201e37d28ee9417b7e4bb,0.1541876
30d100d28dc2dccf9a70d9772159d9c9,1.3848105e-05
ca8b2af4fd9f2535b5fc6a92be025fff,0.9999999
9f855e1a9733fa7b73c406a14dadcc24,0.028209018
408e1916d7d518465f8218d08fbe14ae,0.22798797
9f5cab032dc78e3893dbe2f8649f7b65,2.1535923e-08
bcdb8097e998f9791ca9468a4741a5e6,7.13827e-09
f63b379b72ef45a654bc3ea43abf1a5d,0.12514608
02c8c7eade7cb70a4f9270b5b2e67b2e,4.185363e-05
6924ee9d8e29ada9a98b783c50ae5263,1.0
cd2a6a7bdfee715b13eee829c728f1d0,0.12872389
a99f89720177d504de56fc51af9ba5d4,0.5335475
962362d15331bf592ab6af0e95ddcb0e,1.7397768e-05
c3390faf189c68ed816409c78b3ddc68,5.612607e-07
0b85503f70d1d4d9f44672adba9cf1ec,0.99506503
442a50e102098839a8d2857140a5ec3d,1.0
7a31a2743fd46eaac57e0facfa4cc550,0.95745236
2ec42717053f6ef45018ceda8ba309df,0.24675973
55b479fbd7f86bc5aa7ead2d0c07eb9e,0.9999857
3e3b69c343b47e262445aba93a91dce7,7.2997623e-06
88852dfc652776182cd66d3edb232e29,0.34117085
132b2da0fd8b3e29f666adefbe4a4c67,0.0070327027
4b87b9d840e3599f8009482768d24b4f,0.045925856
83d6677dfbdcf97c1c6b82897641976f,4.6716644e-11
642d802dc0c3ac9786f8769c99a16dcc,0.022432953
1903f140ef8a4478c2a386bd6cf41058,0.23335847
2cdea1be98b79c40f2ea6c1a5c35091b,0.9918725
54bf81a86dcec7bf93bb77bb60508b06,0.21218169
725519c6ef1c2a341f33b6c3ccb6a930,0.994948
c77289bc15a9869bbd6440d2fec70283,0.9868282
411fd225783b08ce1b5e91c87ab6ba0f,3.4531687e-11
ee103c98a972621d9e0f4cafe7ee1d89,0.9999999
48f94a392f4f2ebc15bc96411bee50e7,0.31026062
7631edfc367637a0f0a3157ab99e174c,0.99476504
481b2b994ca94eb5bcc5218232b87831,0.9992157
e9b363c0a5bd06781226f69433e70658,0.0017963415
31c0989bce35ce90acf71d111ac63ede,0.29561007
f25412c5cccd3f7c911c878d3a07ca08,0.036288388
c35f343c84de557c9342f53285384241,0.0148485135
4a976b83deb1e845fee3d69aaa67de0f,0.99999964
2ab8ef039f4fa7211088f4c13696a435,0.9900737
9e3430302d642fcc0cb06cd4c4ef1cc6,0.13845499
0a1051a37222d9057874f290097efd65,1.88861e-08
2e7b3490a0d0fa593369dd2fd3e592c6,0.6314122
6a48bd1bdf1b91ad299c1d5bbd3f55a6,0.0015845645
2cabd312ceecf306fb34337b1cec6b60,0.7168282
b1219d9234e6ba2b999d7949584ae148,0.15652108
72bdf42b4bb017518490b223e872415b,0.9940157
a10e415733bfe321276f7af34b4c3795,0.35093105
299cd4d0a48b0f8a674f1afb342080bd,0.99507695
26d26b9ec0fd6fb54daffcc59a0c06b6,0.002143544
b792d6ad88986d2b3f7a1ee036f4d8b0,0.009701763
7436135946ce50eb421a9bcf214bf8e4,0.0027490663
4c5927dc80148846d44135241c84c178,0.2677506
66054c4ea80cebd484981ff088ac4474,0.3556033
27a19b959e1ebd30705e014cce01f207,0.00021305791
e004a3a6d99cafc0b6611ad200935c04,0.4727771
b28d1426f795e4457673bac4a19ce2a7,0.2310373
d313f2d49e225b7167bb4e11b9560ef8,0.24781269
d80cf5c4b2ee77a6d8203a1f5b14a9bb,1.6321683e-05
4cc55d3e1b957d06aa2d1954537d97a0,0.99536884
c8f0d77d89932e7d32e122a4a35c7a11,3.5291057e-13
a2d92e6b27559a76009e93f8d754397f,0.99485
dfdfdca2a2360bfecb9ff515d1af2b37,2.3872994e-08
d7028ec74874b50fd86adacfd9c4ce91,0.49123904
cd0708bcc38e0b757ccbd8ed8c7744b3,0.24136011
001919e17b2e2fee7b74dd6058658047,0.99999964
e1cdae9fdd38fe5ed25f1d6566153e50,0.21869609
cc3b09f668c34fa211c02241826f956e,0.9944758
dc2f82d4911245ee7616d4419f44484b,0.027125483
b215e584388faf2cf9e1188fbb701395,0.030259507
b5857b8f2c839fcdc06a13e6a1ef7143,1.1890636e-05
996839dda9cfa173e8ead82f9c8a057c,0.9949734
4eb4b9ae61baa9f7a042856a2418c8af,0.91221946
344accad277415ecd819d64ca0cda2ea,0.27403235
ba97414662939c42d04bbc13fde118fe,0.0021192813
caddf6eac080c8a6a8e9a83ae1836c25,6.885109e-06
3387106eaf8f2685510eda12ec90a265,1.3925704e-09
ca915a816b41f2d6548e774a5b31dbfa,0.31480163
9d923be7515ac13691505600a87abf83,0.32379797
0febdae255942f5744e63c2ca74120b3,0.010706321
207edd157e24f3734afd180e1694343c,0.99191296
5fbdb67d70370031243a318db2299252,0.99998474
4cc9746206081b3c18d13f96832a14e3,0.3422472
3f741b3ed188ad012e949de9a8d43d01,0.2943409
2412fbb3b0ea8d1b1c6eb52515ab5258,0.2363164
2a25b23bad5b861c91f6a40c6e093857,0.9166819
5a1f10f69cc9eaac95ff062ad3d0fd11,0.2779666
38f30955332ca28f4cfeb13366ad3529,0.28327805
b4ef19d64737093cef8614630f9e1e6e,0.9958299
d069a851e465f12753815fbed9c8d196,0.6811477
e416e6577509f75f63ce80f75cfd0823,0.0067639053
1ba78cc61dcd5a846639762fb954d1de,0.1340563
ac90b0b1616bc8be41258e7acc863745,1.2972661e-06
109c885cfa000ea4d0c72f9e30e7191c,0.99998856
e37102cc78195445604353c0d38cef50,0.99004656
3df6c2fb9786d5b57a2a8b91066c3155,0.994666
9f160499b4c84bd5b5b1e9bb86f1a810,0.9028587
f66adf68cf7627fbacb11202c306da32,9.67541e-09
de6b0434de35cf7e80ca010ea9c0bd03,0.00015693536
f0a0657f8acbaf9c9c630a5517ed8163,0.99673295
7f6ff6cab40283e143efad48cda98926,0.99999917
c2707876ed1fdda2e9749ab9e7f4ed85,0.004965705
082e530d5eca92e8ad49c1b8487c05aa,0.79782015
2565cf16832fc04aae2c021155c01abb,0.96305037
74cc6b0b0468a76f5b0b76333d7049b1,0.99469733
dd210143b24850348ad270b1f0f997af,2.3961557e-14
d20dab651d4804f5004bcbddc15831b5,0.30308568
d96a8c2449127d56cb5dc83ca8bf5edf,0.9933431
bda2cba6e14f3dac537802869db7d587,7.0395823e-09
572b2ad805f53f99cfabeb66de46adc6,0.9943193
00f8579037c7cfc0d89875d293e2f102,0.038145028
f3842c23d32cece01794e1b1aef1ce1e,4.948325e-05
239c804013f515320ab6e3597bc64f3d,1.0
19e3782c35b4576c143f9ed994899a99,0.9255007
c57150951722bb5bed977a94096e5ef9,0.4253179
9b74c0892e6e693f0570c2c666eb8fbd,0.0016568145
aa7f1eb20def95d23b28c3c5a290935d,0.31433138
bb84dad372c580e1bc91aae53e6ad030,0.77459824
5d057cb63ba17e5d85f284679e317193,3.0791594e-07
bcb74e56a16aed3b07a3854998655537,0.99776113
0feda93e6f1ee920326dae850f8870e4,0.012949672
b822744484d1e4ecf4c473dd6a3e1be4,2.217221e-06
7096bedc1aa9fc33b1e0790e8fffa124,0.99999964
f3b6f509402f25a8f960cb11fea17341,0.2278789
2e96b4e510c200c97365c98199266fdb,0.99512947
9c5343686d7cb3c3ff90baf39f649233,0.99999976
154f3e364e5356168b976ee1a79ae648,0.39321035
13507d47cbc2b2bd6f75044690a0fec3,0.23961936
af90f380163f2ae3b2c79f7d01ba26ae,0.16370319
1075d2779c2731cc735df118510d79e3,0.0021513065
efca8d0a06335202c9b85c4bcd747824,1.0
25aaa65398a1f8787c27f58334593f91,2.3567743e-08
7b31255298f1d785774a71f6b21292d6,0.38040414
808a30679aea6a1fd58ebe5e9b65682d,0.050576814
28abd6f26c801f55f67ab2a58fb50691,1.1801435e-05
e8248250ce645b03b98bceb305fee9e4,0.07298722
bc2882c41c1a1d15324cefb5819188d3,2.1427264e-08
19b4cf2a56d7562ef8eae37665a14034,1.0
323cef2a3486dfc107b7858dad6ee52b,0.004308772
5f531147de64765bd5a74e5f09ee524a,0.23305216
9defa0c85cb54ab587776a400801f134,0.65791637
8d08a37e150e3b635855698e1de26c97,0.24394457
d8b5fbb0a87f6fe7e3ceb68e0c14e596,1.7002448e-17
1b5fbedc696d139bbbac4b2301b3772a,0.15239722
1249102f18959489178560eb1c124501,0.04399412
a174b6b02c63bc8cc5c9abac6000f27f,0.010791494
1b36f9f4aff5c4bd75959e2e01112cd6,0.9986916
188898227eb131126a4c1b0e74993993,0.9991124
db7b754cf4e434f82455231c6498dcec,0.015365701
cacc469da8ae937b41bd0a518c0d053c,0.25824478
83d9e874aefe4745f5ae0049771cfd6f,0.9947084
0d8faec2a683609ec9d077e6d8bc50fa,0.06807656
6ad3d573b1d9091433afc2e9d50714b3,0.14424323
afe1b35809b74079446990ca238bc824,0.0034642909
9cbc2de2471ae5513c682e21419f41a1,2.4900285e-08
b0f6d35e1ab7a1e69fc4ee9671b3f864,0.21258467
6530f2df2bd8ef2721c47932fe71f3ca,0.14838241
19a083609e2f627e7fff8ea67e08d3d5,0.9941351
7c2ec1e7f3505fbf944c88bb82bd5f79,0.99999
3029ce5a806229c175e9bf9651669544,0.119966015
d2e63c45e22a184813ec4cc9c918e252,0.99841857
6684b347a607fdf671e2d7837a204133,0.3181
a0ad7c424d668796553831931c7eb312,0.25054973
a6356eec1d3ee4cb33376a4dc7ce09ee,0.9870631
4338aca68fbaab846ec6345a7b85c15c,7.8147934e-08
d81bd1c9ab72632d426a01b249db741a,0.0021178802
6b3b0454dea0750f03be9dfe5817cbe3,0.92807704
36a1e967c97a52fedaf55cfab5105eaa,0.014618919
729dead155bef95befcd73be2f2c7832,0.99999976
671b4f1012a1f26eef317f275814ee4d,2.9583203e-22
99879a8cb74dfa18ce4a4fd01b1e11d2,0.23003179
b58fa2c915a177646d74b15e64c5ff98,0.99496955
4dee80f614ceb924ab39519763ee3b60,0.08880181
145bc451445abade8bf2597baed274bb,0.99943227
d3656aa7c6344b1eaa7a424f6fb159ae,9.3710963e-07
61acbb6b3b0b08ff91d9910c118495df,2.007726e-05
1dc475c7085bb4fee14f3d4aff411491,0.009202654
f3ce1161011b4fbacf42283dc6eba006,0.0016173243
2940edab7fb97707e42bacb430f7c685,0.2591293
9a1de9cbc025dd75fe7846924c9252a8,0.3551098
3624b619b0926fb4b7cebd6d63307e36,0.10431019
7095125228ce0372df5a49768e0bd5ee,0.023614375
ba3cfdef9b5e6956ce97607c4079fba0,0.25351334
748890754e7e6c0f109c8a70b5fd6fbe,0.028940992
8d2d33a305903c37c97f3a531a81a17d,0.88416785
f630a59526f961fe9b45f17115507fa1,0.1974106
ba6263d5e0e25a0c887b24cc4758f225,0.84689736
50ea66f53e7c1642b6ddd638d8130268,0.11004776
398bc7c02b83f5756e1b1b0e97c637c9,1.6706506e-17
dd572c390efbed34938d93dccece0b14,0.24449877
b7e6567165cc19654566d6065f1cf0f0,0.99496835
ac248a316e5a95ad8eda363ad9d6bfdd,0.99459296
c33b5ccf806c89c4306104ac78aa1479,0.20805581
a04d449f41e831b18c8d454aca779670,4.7185193e-14
25059048e86f0e79926eac95df96a99a,0.7767802
096a91fa5c9344f903575f156c35348c,7.975717e-21
f6d28f64e5f3943ebd87860480188118,0.17713119
bdf2172b14a4fdf4bb9727957d2005fe,0.78668046
f13cd914c7bcf81d150d27d81ae55c7b,0.5146763
56de8fdabc03c2f82dccaed436affc4c,0.00061226776
89c68a51928bd4ff5a6774c12ec7c7a1,0.0014840545
adba5b23d26056c7b6f0233db5ff623a,0.012217215
bac2d8dcdf985e9134e01a7f784e1da5,1.7738589e-17
d91c4fc5399604b14819d5ab96245294,1.0
b1ea22ebe74d1194fe10d000a2554da1,0.839229
e1cbf7419f3324c49c2776af5621f442,0.01745392
0036765d62a5d3711c0a4f55bf7d72d9,0.033794776
48acc049df0d2b8982771b96a2b9a960,0.09239834
3be35463b1de36e28b73c0966f81537e,0.029461717
96a1c69c4d1e4fdf84ef540373bb878d,1.9034254e-05
f058ec8c777f94a547c444f23e9be690,1.8378769e-17
0cdf482446f9c60e430aa615588234a8,0.049769085
f33e17258fd99b5a3b0f32dd122d9164,1.0
bdf22245d6c9ddae804e921c2d9ae66e,0.3586336
5eeab2ba0e0135ec4c65b4f35b262562,0.147293
1caf414ad922e7d1e18244cbe6fc5541,0.99493295
080c701a8d675948d9ee4fcb54ffaf09,0.3167307
6e39e481e3bd98a399a7dee926ec8054,0.07178693
83903defacd0c7a473c39cf46a05e7c1,1.0
1cbc7e681713e0bd2e830857448219ce,0.3345473
bf7ed24708568273356752dd8d5bb9b9,1.37329215e-08
163b66b8be871c131a09ab4beec354d7,1.5756124e-05
08ddca87b625734e0028a89fd4ec7247,0.99998
a7dad5b65f0a5bbeedf966f9ae7882cf,1.0
e7a37b9af50430349fd17e4302982574,0.0005615352
308ccdc09a05ced8c9927fce07c966f4,0.9945608
b2bada50288afc166894ac53d2f27ec4,0.9713804
99e9a1936d06a058b2ff096013232c92,0.36105296
908b846f44e2edbec5049700c8c7e5f6,0.19923733
bfe3d29bb7bb79f257b930a599f52163,0.16263501
b412a5034fe0386f138c5e9064643d17,0.242792
83bfe2ed635cd03d38b94088197e44d7,0.99459946
a0c3b7cff5be90c4dc5ef821427e2ff0,0.23029223
b12a60cf7b7744d5bfb1c8da0642d75b,0.0021154215
ae7a6691a5d8307e11c45bd4a3ef18d0,0.21160085
b8750ca0250cb4014437277b5fac4a6d,0.0032718098
2d329a4b34281cd8fb10edb2e2d08843,6.252425e-08
463d8cdb5e46474a13625c6a068f35a7,0.14075963
1a5320649b84fd950ef4b05c0d31a634,1.0
cfa215bb7955fecdc17cfedfae5d58f6,0.9076655
42c549d2af4056aa60d85fd043bb9250,0.18061617
2a14aa4e2dc47517cc8722c2304d795b,0.27023795
d67544106434c940276a94222e963d6d,0.99993837
61f257eaa3f1d872ccddcb3c5a85f896,0.006525933
5fc2f146c1c9c80561fb3e2230599c5b,0.23029557
fe90f7a80cf1e8e017c05bf98e4eeab0,0.08758992
89bc3a457f21b87eaf7118c4e0c90518,0.9745993
80cbfec4725a7577008a5adae2a3f7c9,0.96137774
c94c22b8fb8c75d32d6e566cc5c38e01,1.3889264e-05
37b894e4b59106d81ac3df4138559034,0.98426706
55aa8ba309f467389c6aa1761272f831,0.025549633
bdacafc76193287481aacc058157b552,0.14271593
b37f2285a892bc74ae5ebd3d008d7526,0.002141771
d6bb239eb770d2109013c36d2300840e,0.0066675004
a03809a5458f9f12ea149bdfe0db7c1d,0.99999976
5bff4c5bd227b0e7f172d5979113c136,0.99488753
1e1ee58904435b83d1d1aedbd57a3503,0.024820546
9ccf8e7b3b294917e2079b1018398b1f,0.002120069
8676437c25ea87061f9ceba951501203,0.015607336
a689218f9cd4d785ddb28640a955c7b2,1.42667295e-05
80fc75caff5ef2e38824ea4a7223f2e9,0.24017581
58e88d7a7c4856aed36728d15da3adb2,0.99997985
5308a6de422d669a9a9277962e9235cd,0.039147146
628c3ea9a483db3343f36a81e7c709b8,0.26192018
1ded8f875b0eab7ae75d95bfb923c62a,0.2973835
fc69da446cc17777cad399f653c88401,0.0021317697
e7e77327ed18bc874f9d9a4505bb3f8d,0.99822825
f18fda9c8a068035227eed9ed04a40bb,0.2217867
86c8798f2515c87bd3c60679d2c9b6fc,1.0
cecb056bd669558f64fda26f8c89666a,0.9995988
d0b7b109da80f250d68e6f5a0df76236,0.006520476
47285ab4919b64279c586dcd65cc3b73,0.38140383
9cc3b4b4a10f6a8d18f55a252776eda1,0.9999999
d05ab5b1a3f7485a6dd33a1dd8107c85,0.05582813
2d7a102bedd398d397495ad6953c4c6d,0.00211636
9d07177fab966179269a927ba7ef70ca,0.0032228811
c1c09f5731ed038e1288b153e139732f,0.95670503
4a2e9657587da2d2983086deea8a3eb6,0.97293085
6103fad5bd4e651a7e233f65d85b457b,0.994819
9a9b5f88176694ab6aa2de0e0b6408d0,0.99500567
1c65f0990c8030495c5369c7a697c762,0.8047673
2ff67febe93e2f258f06bf99a71e3a46,0.37378317
8e28680e91966205bebf62ad31701c67,2.6118338e-11
78db2e5dca95ef74fea854b17e7508f7,0.30230147
4d4583f3365a639d556fddcfcde991d5,0.99999964
8e43feff660dd5a3e6173b3d238c8e26,0.162874
85479fa8a4059f5763852d7c59d33e23,5.368227e-08
b7ba82b0cf2a9478ed951eda74dcda13,0.023837546
423e106fa1b7b78e56a1b118175a6514,0.18053223
653e7d3c76dcdde531018725bf1fd2bf,0.3780828
0256a8e155ba2c72fbce0dc979a7c3b2,0.99999976
de4ad39d9858c38f02220d4efb2e6fca,1.0
8d72c968038bd914f9781feb0a06ffc2,0.033610538
98a1321475dbb751a76d2c3e5f9b8623,4.339993e-11
dec73e76e350c19161c4afe18cbba40f,1.6733087e-06
c8c30819fcfbcadf329feb5ff29d8417,0.006684864
d7eeb45a5e4392554750108870b7320f,0.26064402
885ac011c1d0021f065230165de98a0f,0.3603225
a5088a78f4670544aa82c63f686d9512,0.00016619432
d8b2a0b440b26c2dc3032e3f0de38b72,1.0
c8c878772bfce386498504718519d213,1.8786874e-07
80cde91b67a8bf38b11937b373422aea,0.34830916
fc0dca981d7a59d049f6d0fcbdf336ec,0.2278461
14f39c06f405eb34428524ba32c4fbd1,0.101035275
8062bd855534641ccfaa1ec1ef155e73,1.6324766e-05
82051f56dd1034ce69df8932155c6094,0.06694288
e25a3d6391b01df0b912e380f1c6db49,0.71600765
9e637c57a2b4a4f5dec1b64eb679863c,0.89881086
f886d4770a4137907ff13dff98485cc1,0.13665651
4f5fc2090d2551e46ab2b69e85bc15ba,0.17657365
f22f5b96d482f811fda63e090af770c0,0.2835698
06d9cee988ec6c86636207bcad00b769,0.0049773883
efcd6a39e5a97381a1b9a211e13b8116,1.0
913a0fd697fe9dbbf2019516896fd339,0.31718853
5f417880dd5cb7b8e38e4a25931ee4c6,0.0067803976
8bfcc0602f45eb7f69c02250980d73c6,1.7885488e-17
b92376d5972be4bf3f100b17e978b6af,0.94453216
43fc5f5a3a97e7ebe9ce7dcd1a06c035,0.8663261
ac865d5c6425fba87580e9995fbdcdc8,0.97698784
2794e57550325d39443e9974d2415b63,0.00017857549
eeffe84fa3e502540ad36e8d6b2a93f4,0.25945404
72906435a569d6d0c2c35b202498def2,0.0049329503
2ac11e2a6948e5f06b110f7f0625c5f7,0.9948315
b6080451350e5723c6e87a4c5655eee1,0.000337037
f0c3581080d2af33958bfc249a5cb1fd,0.9911402
b5aa8012b86592063726be6fe7a93247,0.2231857
0669f8802e4db259c20d79249f489734,0.3417766
f6740439bf82650ede557efa3d1d8b87,0.008371989
c38b51285c032010d0329f557074b69e,0.31788698
13f8e551a01243210ea9bbe34371deb7,0.2975299
a4a7aca453667100ca22e6835a3f94b4,1.8803625e-14
8f8b043739986704de6cf7ab381556e6,0.01807033
c2e0d8c10c81e1da71441e42094651cc,0.32418293
040178ded297a9415acbcd0fd0c92749,1.0232221e-08
b83281b6d20cd250cf1cf01831685d15,0.99474084
339e15bfeb2dbb158decde28952472ca,0.3355053
b3c11590befc10b091849624bd4432dc,0.32280183
2f155183bbc4a2e0cb5b0af94e1a89e9,0.9827827
c4c2351d0cfef423c2e4a8e641a3f660,0.8816526
0dbb9386e714d61d09d35e9d801f9931,0.43695283
72574ebc8ac037a668c637ccfc74e538,0.00053915347
8b6c734f7aa83d7cfd4577f80502a573,0.28331247
fe6a888e957421673d2eab2871b1cdad,0.98582596
8d91615a8385ecd22d9d70df40565488,0.014664895
1cb943c1e24ce418909452d056a095c0,0.67573416
58f787af8853855b8606c54265148064,0.0010104977
3a283b122cb85d437d8610796ad5898d,0.30704433
a3ca1321fe27457354f2bf8e4a1c2338,0.17109892
12d8a2de8ca533c9f0cc1f8dec358592,0.00030683517
48568a78c7945be4078fc1c393ca0bf6,4.2321213e-11
c801461a98cbce938de83c79c1341fcd,0.99999964
cb1456d912ec4c5b31d5f25d73496ceb,0.035224576
881f15288e92087a52c7b86f5b3c5289,5.260316e-14
aa3c5ebcb2a49c1d17e0d57b1e515d95,0.9999943
78c6c248044ecbc905497c6abb0dfd9a,0.986626
729669d455ab048822e43b597024a564,0.30483234
4fbd5010eba27db4c4e86790c9a8c8c3,0.16996469
544efcad1b9a258aaf6e9255de0fcded,0.28906476
809a11160f735046ddc9540a3c9bed54,0.99156004
4dcdc4e1e439d26ba64e71370fea1e1f,2.7632974e-14
d1f05ca22b0dc6956da314c208ce3fd0,0.057970174
1311d09a2422b151152edb78b75409c8,0.025460105
4c049f7657650a74f886971ea4356f01,0.9540162
09d62b28d2630f7bc25a50d695707790,0.07760545
67e9e01b393d7800ee445d0ea4d22d83,0.9211691
52d66ec8dfeea55056901cf3d7b8bd6a,0.23903951
7ff6aa82477fcff238a3c67c622f4aa6,0.9948919
d5846e2f4958b11b48006db8c6eb84f4,0.0072658793
b09609bd717ee7a4ef623f6af592eba2,2.3516957e-08
1f8640ccf9edf3a4625b0e6025de6dbf,0.24990247
086e08122b9493d858ca1d7669fac4ff,0.33606178
255aac71617edb0cc31709ef30fbee0a,0.9980394
9156f9daff38baa72e46e83485cd15e0,0.45953327
82325c92109a19266fc3195801558fef,1.3567415e-08
446e4386f6a0f8339bf8f4abb1141252,0.12416589
28c303c785a1b11147106c384e0a506f,0.99820685
16bfce5394e82c3fb7e7e8273a5c04f3,0.010105548
d779b0f3bd1032f21b6f38407877308b,0.00065584976
bbc5d6b05171f0276db30b62370b76cb,1.7672735e-17
cbed2f32dc8ccaa1fe67c322e71430cc,0.025396757
f378071b5054c54290e4320888f34e05,0.015881788
9e5bfbc7c6c6a6f9ad84cd55e7ab6e68,0.24488313
bcb2b709c3cdf2083681172396cb69d6,0.1758338
99c9e54cca0a2f4f6194fcb26c967eb9,3.7636327e-14
77369b7d1343903065c2e4269282aa27,0.9999895
4a44349803198be3ef463d6b189540ff,2.6269136e-21
4d1285df30b971f7dac726a5ee8630e1,0.9943473
424d1a75fff4aa5be0d4cf5ee55a6473,0.14996958
e2e1c400119977a80860bf23bb45dd43,0.99485034
e91530ce2ce1dd95f00b182a904fb7b8,0.9999994
861d2753dff5452685a2b9a353835634,0.9780481
0fe84c557a4e9d03e88c78a44931c57a,0.11279797
d06f6cd8037d991c66b4aa6db14a48e3,0.9999987
de62ed5bfb21f0e6b97cda7a934fb395,0.9943136
0cd6d5fef0b100059834b6f2b492597d,0.9923862
323384b03f9d508ae4185fe6a1dafbc6,0.0028581452
4c73086cb6d85ec932f4c2588679f5a4,3.373902e-08
0d600125601647e2ca28b429a58d9598,0.48233366
2e61096318dd4293fec971b65291d74c,0.18851072
0835b324f1832384293293f5a5d1ae0b,0.9947931
23055c9fe92fde52016b8deadcd7a18e,0.06497319
e2bf06f6a54574a42ea4ed0f6ecedc71,0.1841978
e4e0dd0e4fafff3bc8cdaaffda535f4f,0.23533198
107183536d271bfcb3a0f036cb2c5871,0.1996929
47f46ea7417559902e30a99e7f985097,0.61190206
47dc27518bef60aea2a67b9bdbed7e0b,0.9904378
24ca094e0a61508f17194eae761b9072,0.7960517
9f42d727c8837b59dd831abb67f8724b,0.1287486
8e735f0f1e57adb04fe5642eb018d06b,0.0018917252
c73c5dff00e5a3d7b0ce5f0f1a94e7b6,1.5385118e-17
fb71fd06d5d3a3342cc658efd62d5fe2,0.1481284
315ce057f5987867f6dd1ecc611be7f4,0.23491482
60b1e65a40992536c7b083e4455120d8,0.24089509
5f755cf47f27cf3b16338cbfd11eb7c1,3.2982382e-14
2f9b1afbb2a4ecad853662018d58a69f,1.1598737e-06
b27df870ab1ec96c64b6bd45831e4d4f,0.99487805
3a8a5d07eed856360ba11d8b2c7f810c,0.0064130058
f2002a17a16f5148637dee7acbeb9461,0.05420572
dad696594ef1ffb49918ff730802dd3e,2.6768657e-21
3f3301d76f76954c4ee2d443393be9de,0.3289402
5da990a106613ea4c1d64d7b5104dab1,0.9999999
f99fadc12a8dfdd013f9577dca6a45ed,0.0871382
d9e83a990c7bd74e6e595db61ef7722e,0.3651802
dea6415f0ff2606214685f0253400429,0.25070822
e4fd065405d07e8b84afcebcf89cf04c,0.06477308
ab66f60bc78599a2d397eceebc91b2c2,0.0021405497
1c4ce67d2e02f67e95681fc12235da4b,0.20423067
e9307774220edb0845b610a9306e991b,0.0202866
6d665471acf4ae737296eaa8ebaa827a,0.1012895
fbe06560b1d8aefd9e2ab24c2bd2479d,0.0036675713
00b20c9489e1dad5f071b2821525320c,0.05623708
e52d603efeb458fbd212ef29f00710dd,0.009992095
66d7f6b60c507d66d9456afdd4c669ec,0.9999995
60ba7d89fa523bc1db14d4407dc11e90,0.079063945
0ec4f008e9f2a9d30e3ca0ed0808b85e,5.4910867e-09
d7c0f584ac6e29f461cae60e2471b4b7,0.0010748969
d40b18e4e8830606d472653e7c3737dd,0.9944008
6ad688ff17e0b8d64f5e92898d04c798,0.6649673
963121fb7ed7ae47d1c455a3881a07e9,0.018611722
e7e9cabcce983826f3fcf49e79907c8b,0.24845015
49d04019e08e682beb1f5ad9e8e74ee9,0.22572164
12338c8c7143d456d26fb457be4e6096,0.34043
17359e6853aa0497b66c2171e2b58688,1.0
4c3a2d588cc7c5df8ac9d10a1556932c,0.0021254062
d0c14f3e45b4868947d125d29a06642a,0.99775106
0f269ebb6bdde2b1aba3ebbe4f552584,0.00013772436
1d24d79300a594697d58157d6ca5c7cb,0.006812072
3e47197cb58216f251c3f4eb344769f7,0.28560615
13111c56ae3adda6b63f7161b2a80c2e,0.16696224
3804f896e2314fdcd56467cd0794925d,0.96288157
7e1de728e265ef57c98bcac93c086e8f,0.17330082
2c5ffe09acf3b174346d068b9eac19bf,0.16609289
072127770a162d77e9791748a9813a60,0.0021282346
46b7cfaeb4bfb9a1964fccc5dfc59013,0.87567395
be52638f5e5fda2795df3464b34ebbcc,4.096657e-08
4b927f466fa079f39b13f00b4c34f68c,0.2762737
cf90286904b01fd5746bdc91793dc9ab,9.454724e-09
5b7f297ae7751a16b852cb3ab009963f,0.06715139
075c224b556dc89a564199c3203ff3ad,0.04980948
1cbad45e97038f4b29f6a1cf4616000b,0.26216373
ae1a02a72667bbe7e488f5560fdee3d3,0.00027078466
a26c19a9e4c803b8bf3f67135e743f57,0.014792883
4a20f66ff12f7af1aaa7658f2847dbea,0.0041573276
f67717a19676e2ebfe2e14d57d8f33ab,0.015970567
4badca5aa76a7959b284fe743bc51997,2.332758e-08
16bb8fa806203d708d89f628b7b53c9c,0.4768909
db88f392cd8b915048d2d06f0eb57254,0.9945102
ef9589bf5303799d52dcb4b34fc10a99,0.22897707
0cd5943057873d90624eaf2898283c34,0.00214102
f0bc9d8e7ecbbaf63a2bb4d67dccf123,0.23878454
db48c5261628593972e89077c73eb5a8,0.21056981
60f783bc56e5751bf09201f2b0862974,0.26737696
3a632856051c26bd8b8fc7ecaac94f35,0.937501
14c28eb2664a360c7db0283ab045f3fa,0.022923294
fb226db2efb5ea474112a3d8f0bd1725,4.2050886e-21
0c6b46e9c28f6d171d8b457c5bd96831,0.2868426
47e17f706e2b320a78737898d34a55d0,0.012117664
06f4ec1ee9d179d387daf6d27356131e,0.18311656
d02e28ee9a0c5d7fe5f33cd6ef65212a,0.41522425
c622180bd17de133af7b825023d71097,0.018149873
f91c7b0221bc2355b04f6b5b6b8c825a,0.0015519416
b86ca3fdea27d6f6adca8d2c0aa13090,0.99457777
b15bba509dfef4a2ed7a14605915b585,0.0016874694
a8d484e19fab68ab08f872248b209ef1,0.0004076928
47d1a15a2fed12a8366e5674fe1fe5f1,3.9657095e-09
d7ebc1193dae6cb66f6675590aa1c7db,0.99994326
53cbb87ebcaa51046685c3cf18d70f17,0.9899338
d051b9d5c5385ca9d1b482e17d3b9e18,2.2352213e-05
c1fe1aa006b958d76cf2300af985ba80,0.32891542
f0d8e802cf91a2a4a6b6b9ad155f55bf,0.042775284
598a2e88d21d1d1ca52802ded9bec071,0.99998486
6de83fc853106af9719b072d62eb638c,0.1643657
f69d8f7707fd214fad1dbf3f1f1765a9,0.18475196
4b1a5a8847bde71414cfe8bc5cce60b2,0.030528918
56ebe8e2f9dd1f3c0fe9edda52d85d04,0.120207936
65f6036f540d6582f4ca07c957860213,0.9986766
c92686f9b9a5c0367004275c8b4e7c2e,0.030149244
8ef8a835ffdc48e0bb25ee7573fd7eef,0.40732417
908d6ec54f589c88601563920423b058,0.99390703
ebf88604fad00cf093dde6eaaae4c5be,0.9999999
b7ef60a3a4569a78306156d0dd0a0d2f,1.0
83ab0225a65b2d456b7698843d6cd317,0.9948196
0aa5b1923c5be8241403ea02634bc1be,0.14488609
ddd7a385eb17e0eb35fda9d27fa3d4c8,0.5795175
96d80e0c204cdfbaf5a8207114bebee8,0.9947478
90a9a41216961c1b036d4dbdc3046984,1.0
825d377d6a315ec15b3f4d8e79d3e732,0.2803794
70feae742484f123a2d0f09d45590e4f,0.2393218
9a73d70d350fabb83da0b6492a44f300,0.94185656
1220f08fbf6c73e1a3c7cc36b03b0816,0.99427986
6796d5b7eac401f267a07dfd22c05910,0.45785385
f209eba907a51025f1e60e14dac912b9,0.9908612
fb767e87fa86a405114bc8b723a1d910,0.14325193
90628d81c10bea1907dd01dbb9cb2390,0.30681798
259619c1eb4a34761c5541a26c496e4f,0.025512164
a6b3dc3b1bc045a064d38fa123d53b86,0.99487984
cb425366aafb37283ab813f492c6a62d,0.27297956
bf7733075b871230f397db64e086783a,0.9999919
577b5fbdcf47f70f4d17d87cc8a20550,0.99812764
c9c95371bc88d44eed5aac086b490718,0.9933484
7148c6409ebae046634185db81c022c4,0.99126667
ff66af3a9cddce92827a4b88eb1ae684,0.24668586
4de5dab602778c144acc87412193642c,0.04536883
5b607f814566590806500daf7c6e42f8,0.991589
4f21e325bfdf761703a643b520732557,0.9999634
428dbc599f42cdffd89cbf5e125a3809,5.1137744e-07
6a625a524cd3990f75a7859dcebae884,0.27854195
ca4648bcb92bcb17be05bb801e10f2bb,0.006353758
ad3c7b1dff5c21c11e242fcc3275869e,2.537883e-14
124f8ab257b35cb86cf4d393efbe8065,0.006318857
004ccf76f594a37e8b0797e68b38d1b9,0.30686724
794ec31b8374251b2b9fb811ca40aee0,1.9016456e-05
f76deec48814f9867aefd39363bcf9e1,0.994679
f31953d6239f59a03dce6c79290b5ae7,0.20738687
cda8771fbd27d82cd1eeba7d24356b97,0.9999999
b784cea86e39573cd97186b7444a7e60,0.9223806
96c9a417769b19051954b941168ef837,1.0
81b508a10da663694e3c714ed5801c86,0.2707699
113c5a760b77347e3fd1262b40196344,8.2252967e-07
a7cd37c21917a75ff90223971f734b4c,0.017403172
c9203b6546ae32a885639c6564918b46,0.002136406
1d825f2832b582403e2bb4d4f206a9d9,0.0021410119
f2bf51102467958a381b2bb490b88594,0.52241546
1f3c9bbd04356de28f035b3e66c3ab43,0.9999951
477328cb947a9e8e4059f2044bb67887,0.30545518
d162d00705bbdf9a4e9705de274e5dac,4.2340255e-07
6010757baf9d62112c1342392aa9362b,0.20336041
4c30aa19ff195f42a11f6eeedc7bd55c,0.23292217
740b56f325e02f5af71c811ae092f705,3.527279e-11
7429262fe9edec008f851ddeeb0915d2,2.6448124e-09
9269349a200b618cefe3cd24d2234a2d,0.99991953
65c99ff9aca0f68fb45deba0274b4388,0.07763591
98c4909b28702664beb0042443c61807,0.33554125
5a4015ae16bc116a22e818719c703c39,0.81987566
fb1d7083c4badeb2d4258f51bdba41ca,0.99489874
ec0cf44d35c098840e856b204caaba4d,0.97053933
89074c389c15999966fdcde81fc08213,0.6946554
3810cde61cb6a2828fe66d2b30bcaa4c,0.06114782
50b4f0cb182cb17e9c1dd6833e720183,0.998665
9b3fdd98394c221091a20607b4e75e24,0.9740646
a6e66f7a49859c61ae44712f3da36f20,1.714444e-08
5b15cad6bec93f9b5e5c6ce2abf6b19f,0.863488
4c9f997150e1bb5cd8157f47db8bff2e,0.27577198
bb9576ac4ba78b85c25422f2a7ab7b44,0.9946004
1cfd3a83d9cf05e3f35449f9d8d5273a,0.29991388
4dd02b4f8a06f47f6178196c04a86584,1.0704313e-08
c14889197b24dbead57bdb8527a31a76,1.3181657e-08
ecf178967f0c0570247963336ffd17aa,0.22417484
fa78e5e1b6f106f79214a42de2e5f0f7,0.8612685
b1dbc3b027105d8032541bc0c5e71abb,1.0
a966ef85fc69eb7989ee418214e1c241,0.006585203
4b527ce1792d19eef851a770025028af,0.32708624
8b8bd25f4ae51c193f117f15e9bbb888,0.9999964
0da5cb6e034d8f77823135df5d61d20d,0.9999814
e900e6cd547787c0ba378c4b46075d74,0.8517781
08cbf2d4005da4150eaa598a2db2cb9c,0.9937012
1816b3981a69a3e2c699dffa81f78cd3,0.028469902
5db357db8d6608721805d5a5aba1ec3e,0.0021066933
17cb8d60b2721f342f22688464bd364a,0.9948152
3113ccf96549a40986a6c8ed2d0fea78,0.23256628
761b8bc8c4b25c670adb826e0ee46be0,0.10017497
66d011332ca0f861dfe6319ca3fe1056,1.5914068e-08
8b0f6235ecca70f12b2af9fc99abf208,1.0
d802ff3786dbd732f6ea4ce52e5858e3,0.999997
ec97ee9209dbbcdd616395ca2622d91d,0.15804052
e202643787643513d875d7e2fc2010c2,0.9937273
43dbaed75c65b8198cbd2ddd040a2d2e,0.16270201
bf69340fccfb62311ff89ccf42a717e1,0.5461844
9c0d892d63cea993b0c04b5f88c6f259,0.3564782
ef694101fdd3780e914ffec84b23f150,0.3460711
d2e89f93c624fcf5ff67ff2d9e96ec21,0.21534283
325dd7c825006968846e9cd8e5d3ddbe,0.9999845
6292902a7d33830db00eb2b2680a78f7,0.21358593
7584cf6ed0830a89257e4a49728f031e,0.92071354
b10a8c23f139232d3cbb368c2bec8f4c,0.9945977
65cfa8eb35832fd0a2cd96d44d3ed1d2,8.402792e-09
683e40a52e667113676ee5210ce51c84,0.87672055
992e26120f40d9c34f4e79a2a4472063,0.34383476
5dcaf64fc63b5cc992803c3058621508,1.2361318e-05
13597ee37b0db41f775e8aabc5c33722,0.22927119
6225f881ceb550128568c8a55ba79acc,7.0476154e-09
5f0e39fe686fb50ee84561cfa9ef79bf,0.9981669
fe0e594026784a4a346c0c63b60cab75,1.0
bfbf358b7ad649f7e8ed85668fb3d18b,0.10108779
2cb014aa5c50339e14d180a6b29103fd,0.71227217
d688d2822d61af202629f6d1377b5955,0.24109963
781fba39cb08e14a2d8c30276100e8d2,0.028359666
37e0cac2be7b500da5123abb8183284a,0.0027973095
8286e2a13b720634b96f5316d20149d3,0.9999912
450806e46a246062efd8f361b064f6c0,0.9856501
c10280ae1e2b1e2897f207e35500b4c7,4.5770733e-07
e6a39ede3623af3f3217f3b9eaa94415,4.0359507e-09
39bbc4c01362a37ddbb24459750232e0,0.0003862611
9a4333bd89753ff62e0b17ed1e5b52ea,0.99457586
3799833548a3e8bdd526ae0ed3398913,0.99909914
40e9ec9360e7697e6d6a4c6e3dfdbbd4,0.28533226
e49297233ce8b284f682ef0fff6b74aa,0.40735367
0653dab7cebb74da9cac22ba31da3ac8,0.9999969
e7fdf1e6b5fe272443b305fdde093e9c,0.2085096
a499e7d89eb8738836968fea49b0795d,4.4604073e-07
85dfa5ee868b20ca184abeca1a3a18c8,6.107109e-07
e39b9dee2c352dbdc00ca03c14cb8436,0.041644696
338d2b48f9d4845d022ab21fcc9a0c50,0.13905968
ffdb4255d244fd30e510dce5530ae8bb,0.003135891
78d55b0113b874192039dc02919e58f8,0.99999833
a7c734afa412365c90adcfc28827af97,0.3339247
5c0d367fab1bd7c499b318e81980b717,0.8877367
e28dc50af15f9dfa7662a265b0228e2e,0.19545178
462f5dedfa73173751decb130ffe91a7,1.0
6ceebf1948f73e2b9c6bd33a25748643,0.0064925742
affa79884240023d0cfa356ac4b505d4,0.0002690281
cb75519bfd8af4af352f2dfdcc96dd2e,0.99027574
bbc1e1ce703884ecdb2b5f1d522096e3,0.17239508
6b69b00116cbe67dae2ad37a5ee84835,0.42931846
1784a38cc11e0a7dd8a99ffe9609eef7,0.007824517
b7f8ab627c69a8a2c2c0c963ae83a164,0.9861493
5bf81a1b1672a12a791d9c1f516d8a2f,0.1412584
0e621ccd028ef0d2ebfbea0a269c898c,0.37123406
a33c2f7e1054e3f3dbc030a8a0fa1c80,0.004701033
39f290aa765e3de89ead54ace25c51e1,9.348817e-05
5d3d8359023aaa3f138ac58c38c66e1d,0.31144837
ccce9dc38d03071eb39823fcf369487e,0.32343996
f99812657aa9eaac55a77a729ce4fe55,0.3658659
1ee0e950e3bb938e780cf562abb0d84c,0.0021235805
a67002a54c94fbe635505e12fa6a04d7,0.32869714
49d6b9012bd401e9f49a818cd06e5543,3.919922e-11
f7bbc6ad2d1dbad07c6a9b9746db7bf8,0.602053
c16e74157e50529f0b0b790774ef25f3,0.20190577
5840b28d0e6e88d0bd44803d74faf62b,0.97715104
734f4ac77ee1e6fe9eb8776b8d058d41,0.2473774
43c6fa514a523e6cabd7e721b7871e09,0.99797994
832a4316301b9cce59dadca8acab778c,0.99998987
ae98beb4eb0c84ac2fd84203528a103e,0.3772908
fa23b74c4609773a599e2d8e27de46a4,0.065344475
7db362ed17d924220d7baa073188df10,0.24720833
c63b5e6305535cdaaaeb11889ddfb097,0.029812846
6eb74195dccfc4dffa276e30e4926182,0.001515051
8035328548d94af3fd7bf3e013f92f7c,0.926014
57d9fbb28ff6e5cf5c4ffd2d744ba0ea,2.1133534e-05
a0d0a473c8fe7833ef7f6201e7d8d89b,0.07090338
9ef3569d007bb89c22f5cc132af1d1f1,0.9946854
072fed98a560f16d7ba57ee134322ce3,0.9999999
7cf69ae411c970a920a1b31ba4b97c2c,0.9986696
2051ec7475ee0578b7ac82f1c9f41709,0.2673184
9d40e04ff7ba6c4202b5787a3706ae94,1.4233799e-09
52d7cccde88d979a77494e23a758faa2,0.25164235
e5f154ee0beb295a628774a47c76975b,0.025762642
42c9540958bee851ac40c35b6d9d7c5d,0.105920106
dc34bb7ff712f36a1e2fbec0f5d160cf,0.23362322
5253b6a22231af3af11e4e36391ad68d,0.97955793
c553fba557e7aa0974b59f921ceba201,0.64553386
aefdd6dceeb5b7467ad4d0ef76856b5c,0.32456633
10860c06ac2a413f2459aab8f29b88da,0.9947484
1995b0023c950d538750ede62a7c19db,0.99775535
8bea7c1109e5d4941247402f6e43020a,0.9978301
57bd38d67600ed3c39bb246c88c36c58,0.002121504
087f267a177c35b5d313efa4b9013c14,0.8036954
297f89bc44e6a91534540275d0898b16,0.9999956
b4352182552e1aa6b5705990804ca83a,0.3346811
c38829a17d5f3b30a689c6da7ee82c70,0.25015968
c32de2d78bb739833ebcb957a1cfd896,0.54182345
4f61c23cd1d2ac20b28846f15005c206,0.99867284
8c7d7776e8fee811212b637d659ad2be,1.6865822e-06
a5b44f3f1f7af65d09f3a6c0be6878bb,0.21400233
605dd65a648247b83a5111d92a4980f6,0.13226935
fb010f95e7a07ad76a2c0f2ea7c39f4b,0.97351134
c7f417385ad0909471abb17da32f75e9,0.08676629
acc4073919ccf1e57b495cd6aec95d0c,0.9999982
3c0e8cd9286280212c671905f8423eeb,0.0021290875
7af2b90e87d5cbabae089884dd58360f,0.2165628
1a8c4be44822d9d746104ee2055b4e32,0.9943404
66fb288e71fa3fbcd2b49d292f1938f6,0.71198606
0fe65d945d9f773bec35a27ce6999a3f,0.9981092
d7ef7e58f57b82904172a6807a077f2a,0.25650105
eb76a242bfedd911d52a70bbc0110ddc,0.99467117
711b6ccd3d50d784474ea602706ead97,0.82436854
91384a8ee9c124562f7b973d0dbff6fe,0.21699418
e426a950df3aaa96141bbb3423939d93,0.00010915256
e78004c0a0037c43c5b75ef5a9fa9c14,0.081011385
bba9390227c54a3a311a2db4632457d6,0.069492966
6cc03df367f70062885ac734a9458f77,0.2799049
b70dbe5eb2cbd1f32c1b235c4735fcbb,0.2347737
7eb56e763cb1d480570660e8921d1fac,0.56565315
a91ecd4b4c8742a87b6535a23a6188cc,0.13493127
713ac487d166eacb2c398af18ed92388,0.9755288
f463a36e3f5ff1b3ccbfbf8af5fad2d4,0.0008799566
34979e8457d48de0e30f71e302919b87,0.9999995
13452bf1f16addcead884614d0984c91,0.9950713
f9c2ae6a0465a613aec254f8e0012bbd,0.24705353
ef64c419a813376248fa154b5b633bba,0.6571661
19ee5470a91ae604876dcede08b94b79,0.9946489
e65540fba4a9d93977eeeae059c72df2,0.23085333
64f72f0f6278e9d2e2a078ea781ba82c,0.22500147
e3a52ef296e0a33b54652633d50d55f7,2.4025423e-08
b2077333155f326e711eecfb20ce4dbb,0.995002
632fbbf173078fcf99168e6a5bfbf120,0.12066806
38044d0f51ba62027321451b1b0fbe8b,0.0152489
87ca9079e307e48fa781b9c39f3e93fb,0.9851777
0186affc1bbacc7b53397f1b3fdea4de,0.0066296468
e49c2292498a8e45f73f1a5f670c4b87,4.4540477e-21
00c06879a479bc32fb97ef5f71d45b1d,0.258357
24948575bef7314996d0a7b42d9e800b,0.99541855
918440a507b6126c6c1ec851e86ba6fa,0.07441777
4362f3cbfebc96b9bb80a50c3e55bed0,0.7626312
930a601dad01beca0d959a46f78e9387,0.35110855
d12e0f793229d0750fcc6e583c88b97a,2.9617813e-05
df4bd09aa0deea1d4879d014713bf960,3.3011448e-11
b99089dddb5d995ee189bb561b6e3db2,0.16726978
c9542cd13ba90795a086eb1328c48d01,0.31483716
adc640fe3f1efcd5d45b7605f0368d86,0.002107271
423808c1001d03551ceb3f068aa6ce1e,0.9999999
3de8c1b1645d3ae12ed677e13895c016,1.8992823e-05
e2f1013c5d24a5e2236aa0ff35fa650c,0.98427224
964d27f847238a3ff9b11f21d99aff90,0.99998844
2e38074a0a38a56b5689072c474504ae,0.1705011
e265a117cc25ecabc88b3e955cf03105,0.1717093
54c9f5bb523fc5866a2acca7537f486d,0.37223837
476d6e36c54eb257f144a0f5f156ba9e,0.25069195
bbc7535503831ab2e9bca38d04575478,0.37205184
3f033f2862105f8893f89d5b16476036,0.10367868
c2779b1cc2195614ebfad5af96bf58d3,0.99494064
077d313ccd70e20869b1f9cdb5f95769,0.9945549
00c8ef9f98c5c0ee41799c87c02bcff9,3.112176e-08
e89e203d78f37985b615aef3e1b22bc9,0.06393053
9b4cc589670e6843e37d7cc3906b79c9,0.046490055
88cdc4dc8b2b346331f8c1e98cbbdd0d,0.902296
6b04904cf03ab5d3ff524b13f6f50186,0.27390578
d57a47e4f750addd9e703cec987330aa,0.21557993
c5d82f37fb6eac56e0ae1d498fbe8206,0.1423441
b6ff08d9ba3719f53ce0b1faac6e857b,0.99999976
e0277a389e474302c526017169c5a84d,0.0015172188
0964bf7298b46392573205bd72294518,0.27782163
1bf2866754b5576e8181b118717a4781,0.99999964
64039064c841544f0a508f546a64640d,0.23054509
eb038bc50a3aa9afda37920d56c16361,3.3831065e-14
822a348a5c6bb6d32f8ce0b2bacd9ee4,0.0005854646
f60c9882887751ec3ef1fa3679e49b9c,0.028010935
d6c14b7965d39f31264dc2306917c4af,0.38656938
3c424a5687702f0064d6881187fab3dc,0.24904315
e66c2377b5f989541ffcd7fab2431229,0.3432301
a87626467d3b0d695d79da1a212f4215,1.0
45c3221fbab7731cc67fd7e3b67db447,0.4324954
1c86e0c94c87fd06cd20e287dd14b67e,0.21508259
43b5a4d8194ec958bbb27a46cb1fd064,0.99044317
1f087215932979f2ee843abc4ba51d10,0.9982734
6ae70b7546ef05e09c9b75e32ad1caff,0.00085152534
35eb4fdc5a75cf2e2f4754aff067d9d3,0.94743675
a56e32bf0b2b072a77c559d1e14154d3,0.19001304
146c86dc82f768e495e628246fdc26fb,0.00058190635
6482bde4a57f6f4513fbb8bfa9861294,4.0145616e-09
cbacfede45047ab3bf3126c87d584365,1.0
c947531dc995cd16380ce128e4c12228,0.00015263817
ea8b2d7126b64285a69bfc7c4275d1cd,0.23939873
7268b9bb7a8cfc17aada8ce822189593,0.010450416
727881394626da70fd5a7f9d80e096cf,0.5077052
cf1caf2af3e5e25a88e3f92acdf333fc,0.0021411465
663a7171b484d7015fb2f0648d2be0cd,0.40458953
f95988c1cb413b6c2a83ba22b4a4c2c7,0.46766004
53c36996edd92e28847095fcd18d47a4,0.26208174
a702939ab2a3f6b0cd0c50f33121199f,8.875652e-05
9867d59a126b9488eea41127440c8925,0.5687219
bb2ad868f4a986b1d324d3d4e2c650f3,0.029400084
f4d024b0940875fe164e707ec8476ea1,0.9948664
23bb11260f931799f6f684797f5f9c00,0.9999994
98f39e8bb534d7fd57dd83076be4e665,3.1771838e-21
c7e19fa601a0aeed0f53ac87ee212ad3,0.0017108968
6c1fe60bda0ec4fd43fc2a05535e26db,0.3504134
b593fc816ed51f92bcfb5da4a6da8c87,0.41683155
5513f13fa9fbf7e1714db2ac8380116a,0.20449549
d97bee114800b329740901c6b5b90622,3.3185257e-14
9088e71cf2750cfd5d9eb814045119a2,0.16693068
837db5e042d1eb09783fd4b1e1a055aa,0.17841788
ca8374c4c4b510bf3c94bdb2077b66af,0.9999999
8738ebb310adefa70481a04eb46b270d,0.71884054
e73ff0eb70e9f90c14a4d0d60fc57f91,0.99999475
1336b2999c48716f0557f8c9f7c9ab6b,0.9946451
edbac6e7f633eeedb87b4531bbe58b57,0.41182846
9124c65bac49692796820d05efe7d29f,1.0
10a26cb3b99a12ca7f777f363bddd4e0,5.851832e-06
e0b7cc29df68ecb257fb1bfb28da3bf0,0.22929578
ecfd401cd766ca07f2028dffff5bcf7e,0.4370003
2642efe96b443ec2091e6651e832f668,0.004018409
e6e9883b5e0dce013797a4f4469c09b8,0.24539304
3c0bd08a15483a4ea1b4291d0dd4d238,1.600127e-08
790f90529d6f54e0043bf80ac571a39b,0.84048194
0b60f7f9dde3fbc71d7601476a8b2572,1.6311749e-21
6da3034f9b2ef28952a592f4060f9aea,3.547935e-21
61163c06b6071009bc88aa6cc5f89991,0.61562234
2aaca67fe4659750b01a13661dcfd72b,0.0021246306
f5dbbd448ae03b3258f13962f7d8f49c,0.9267596
25fb68af1f58c36d0fef3e5c4315afff,4.5781252e-07
043fbd84e0a00c3fbf71b88a3e2739bc,0.034709103
a86469ae9d0188bc31e3dea927dca1bf,0.0015484876
8878cca824d4b4ffca5a179ca281b70c,0.20897785
653751be4dbed7739de666023d33e4b6,0.7427552
020824e5aa9ecb744b1b94bd855a8f3a,0.37101963
7e2b2fd899465476ea1dff3c44123a30,0.2895437
9bee9a4dca6bcc21a0d8dd1a902fafcb,0.0006151441
ea6621a211e4e7ce0afae92909d63bbd,0.02025205
097f2ea872e63db1d78b59cea113ff30,2.1615077e-05
06f0419e14e6c8bc01dfdf1bfc71b7b5,0.994369
3522864efeeaf471a51514894e44994a,0.28191063
e21df63fb536fb7341fe5238085615f8,0.9979449
fb420b32f8b6eb113a52b01e79aa1038,0.062791064
6e13662abe30099c415008fd5853d7fc,0.08314804
2313f43f1b52d6a7ae348bb13b3e1e9e,0.25964063
f70150c6a775223d7e97710d95920f89,4.956796e-11
1ec290827ab537e933fefdc7512f21dd,0.022963345
1357c65a2198fb38e6008b80a4281191,0.106556855
7ff9003af89b1cb74f0ce5554154a9a2,0.9013701
5f63bc0d54eef42f51aa2f124b1971b1,0.99999344
47a9666d5fe0d9e640b19f3bcfb9ea14,0.39277598
739e36388ef3469daba0fce87ef51171,0.9999989
c9835b5051654ba12cf3b6268eef56e0,0.28521535
cbb0baf2ef90238abf7ad907476278fd,0.25836566
a6a71deca8dfce74439081a70d58cd63,0.2638804
b95fd87f3e63328d98cc532402fee24b,0.9985719
1c4a48d15c4d7dd5ff36c1aef7638495,0.99999523
be997928592618b9bf89bf353a96a9f9,6.145871e-05
1adb332dc97fde5ae37485492cb27981,4.5722303e-21
a0904a48b08704db4cb4972b8ffaa733,0.31991592
39f96886ec02ac949d0a4371ee4d58c7,0.047886785
ad2ee59a4bf1bfd8a977828fa619aca9,0.5719209
978a3ad083a59be05d97c51516616701,0.9999994
a8c32d32b6c010a9a178f7125ff09a8f,0.9999995
19c26db477f159e72ed2facb98071c37,0.14817156
9cf123bd421128d4362b03e4dc408865,3.6966017e-07
33ca23c43736082f44e1c09ff5cf079c,0.18486941
932cb9ca236e1e8c6740d9db01410778,0.99125177
92a67e3369a27443e1f36849ccc236ff,0.07733436
50e2e400d006c629a64756ba76859552,0.2606088
3c222716db36c51a5177ef7526e15ee7,0.2671005
17c611f1cb8902062b56dcb8238d0a31,0.5719568
4c07a52740a3516f645744f84b0c1f44,0.9954887
2e405d86b72126517944ba2866d11472,0.013407336
ed71c0f2dd9c87b6e0c163b2ae004474,0.8697599
2a643fdf22c471ba451735de3a0004f7,0.0005196126
1a6ee5bcb2b8408e7413eba9294d0258,0.9993826
1c673eb6959e8562cd7c715f6e9905ff,0.99999976
94388ef9a6970f32de419628329bb24c,0.47198635
34e5f2e2f60bc221c18e481cbb4f7ab5,2.248901e-12
6c673b693f8029a07b53ce8acbf73cd1,0.5858932
69797379048980169df5a5020ae29909,0.1050232
073ff9d44c074acc4301ce4cf5f8085b,0.97510546
4036add1e53ffdef5021491c300b3617,0.000111638816
5e297af5fd8ce10bb8488bf39acce293,0.0021143297
01ac902487f826c4edf06241151eb0ed,0.16460389
2020d4c1802acd7b63bbd635d6a9f439,0.16507271
b0ea6aa8d5462fa0fe0829672b4dd725,3.680637e-14
247e2ce013cbda5db987f42355048389,0.9763317
9b21efea25316d46021920087cce74e2,0.9098453
c4db465b390f145bad6230a7ce3dc4df,0.22578895
b110ec1e2a6e3163719fe85399ca5ea2,1.7409086e-05
d5e671784cf19db322251ebde1223475,2.8515195e-05
7ebe1926661e1d9bc64fe2d278536fd5,0.27868485
00d03a5b578b477f73a846ab117836c6,0.0019507563
6fae5780d94c4f845a483a7acf9b4af5,0.07301697
4a21f093a3aed2ce67a4cde5bff13bc5,0.91834193
e4f55353474def398e86e0b8a44f9169,0.0066739363
ea75201d19090414db470653ef812999,1.0
242adf1a28929f018977e0add6b2842f,0.98959947
2ae0c225386a9fb7e5206f75eafad240,0.31147173
3633e51c39a695d00e177b28943a904d,0.99867994
af701394ebb75c3cda68a5170bdf72ea,0.34964025
2a24e6b8fadd8dc2f9a76643292c32d1,0.7946908
3902993c8678b9945d4ded001bab8f3c,0.0021408966
e329257bedae2ae159e1199a53c82d25,2.5006876e-21
05a176ae082ad582a1eae844bc99d312,0.002116347
f384a600b39a53338a1587a271b7ca16,1.5598216e-05
181550d83c290484d7c8f49b5e9e8a09,0.29602405
d087ae0d84297259484c38a90d666bbc,0.99999976
ff591a2c81ec824ef416f63065c586ae,1.0
deb7503d9d526c10e1f89fa5dcfdc0d7,0.0024838017
bf54e883d7e1fbee025d41764ed8da45,2.0784753e-05
1a41b1a1e4ba2985aff75c6b352942ae,0.15906477
553b8d7ef12d957eb701624c3dd5f374,2.371671e-21
43f98f041f4c4a63fedafc0d5b6968ab,0.9920443
dc1343b9cbe802627bc82b7f8bf6a61e,2.8600581e-08
cf5b3ec188547ec44e620f2cdba109c9,0.19027995
fb05824f223c928ba39e91fe17364438,0.99997866
0953c9053a182072248eaa35e37ae06e,0.23117284
ef3b542a070bff84e5c683be06dbd655,0.2582702
789624fb59a507fe723803e5d43693b2,0.13530846
57f9e2354a920a0e59e16a9f546d68f4,0.32878816
49a43e0b8369fd61f99a85aaa4beda31,0.0021293203
29841aed1aed90ce6afd28de98603c3d,0.53138584
ce78e813cdce1f32ba76219bb686595e,0.9991862
54e6737d608a5f8f413615c673e4b6a2,0.00042121054
256d55bac6fd6b444b1032a1f46547c9,4.692562e-11
40739461598b1bbd16df55e689ea2953,0.99730945
e983071afa14415583f90a26c8153c24,0.33746397
d2ae8020b27fec9fb12d8e6ca10aaf29,6.4996896e-21
7c6400e891d434ece5dc09afd2270309,0.016580313
30409a62929df9786e0bd78795be7ab7,0.22625445
f06fd59c6eb4fd2d21b35785210842ab,0.40396455
22846a301b5c6860244bcbe2223695d7,0.68832815
50ea3a6b5ebff5b6ac7d2a50ce6fd46a,0.9986596
b3c6605ce5fefc964b9581125b46b653,0.32082406
a545da0cd50b248cc14171dea04fe6f7,0.90737665
7627c29b9923d72f043c8f6ff16b7f16,0.034445528
82908ee90082b6034d0bcee809addacf,4.343971e-07
d1b3a59ca74ae076d8025a0b0fac33cc,0.00044308283
abeca9f616ceddf47e83d0356a475384,0.5266083
6a336f88c45417fc64294f9659a5116b,0.13935
6e462c1202c8e6a13693afb14c6c3790,0.15212522
5ee299b761ffbaf9992f15b70753af18,1.2501616e-06
3281b413f5ac5a8fee61bdb8c438125c,0.16778347
bb152c23f48a3d1843cbd6940b8b0030,1.9263523e-05
fcc2fb9526a9ff8395e9b780ffd3760e,0.018459475
02a6d9f2a8ddc0e12270e8b39b2255e3,1.3563011e-06
91baeb613687bc472e175e098c86d70b,0.30934253
064e045117d3dbd7387953637481757f,3.340665e-21
c7341d67f8c3d2e1791b87b3ad647d7f,0.9999999
816532fb49d1872860d3257f0adfaa3e,0.9951676
d9b8f80844a7e7be158d1a909ab465d2,0.28867573
cb0c57c929e449ea059708fbfaddd6c5,0.0021426668
39d3fa121c2755cd97cc31ccef902207,9.197734e-09
3e944fef2cb466e7a6297221f2e64690,0.99459547
44cb10db6847e80d910af9402825bd35,0.9934143
fa019f211e8ca61d47f9b2f6db39b382,1.0
26c9f66962743c746d5d28ac8c897241,0.9986525
ce4e184ed3f78bafa7b36e85b74c4069,0.99999857
e7acb2498d165c67b43c9f0211884763,0.06495015
753a8a5528556b2988328eef39ad9771,0.9940403
0953533a762d91cdfde6023735541ba9,0.9206323
5503fa637a525b321ffa97eda7f08524,0.14514352
6e3cbaa06b433f7d59bc8b2f32ee2524,0.24290136
13915d863b77ae9962214393fc8de08b,0.032803603
a97bc946be4523289bf0c9a1ac361297,0.004480417
9d8862999440909c1cdd139ee7677a03,0.99997306
1db4b94ebd45ea6b61354ced8dc155f9,1.5099926e-07
24a225beb4fcd78e69de8f4979706e76,0.12946704
3537636c569ca6f228fffd594b2d3ff2,0.23264092
703b736155028bdb2760a4593f351dce,0.9482267
df8148fdbea45757019f03995d757ea0,0.48394078
fca56cb46c6befff0b988c428f34d45f,0.9986739
7161f37e4d9436602c91fcfe9ada032b,0.05038886
929034c4b0c84a8c030d78ab45e4cf6b,0.101818964
51e27a453ddac54a06d672f61e67976e,1.4184176e-20
8f1658f4b3e898e99056e2c8fa04aa32,0.34301913
a7a3699f8cbe04d50de49904a3fc2fc0,0.08027749
5f3d0aef05c1bef8561e1ba3463a4618,0.32991418
0b7edbd51f6148edf704988e911e2b9e,0.0016894933
1cd8a33f5f39e8eecb909ecdc4c99f69,0.99999845
3d7c1e81a72ef80df79c7b76363a35f4,0.10047394
72595a85b26af149529e59295cd4488d,0.9978003
47f99bf853da1f6ab21fe17406604392,0.1282888
ba0825073de79d94a70f507533d3a962,0.9999999
c34fb27b0df76b99e1ad101525ed6171,0.047038894
2228c33cd7b78059b502779d475472b1,0.99993384
929954f12752db2cd228d2dd097dee38,1.0
01163a062a726ec28d33d8d135d736d6,3.6849958e-08
87b5cf9853b48d405292facce3fc4da0,0.9948431
cab6676b1cca978f808c587ec2549644,0.32746586
98eb889a33ad246995895242555adb8e,3.736551e-11
793e6e3fcead4d3548aa884c2863ea50,0.00047428903
bdfec9453026b28af0db72d7ad630792,1.0
2f27722decd0d9219050b90016339c43,1.1885727e-05
bf9775471c4ac7edc9d0eb6ee76752e2,0.36978763
a1b2fc45ab38f0baca06b041923452a7,0.22860023
27a964e8d28107ff16041ef930041311,0.09013235
0bed5952ec48b4ca7d266d6b51c643bd,0.099313356
e70ec52713cda55fa94c5bca844abeab,0.99484503
9f82eef715f73ac43cda2d2be75cc1b2,0.9088803
93a64681a9d44fa02841c55dee88594c,1.0
7415211753e06a6b22b82ed2ad50cec0,0.01608817
ea2cd4f297bc4f48c4de44defac93583,0.9981877
3adbfbbd1c09615c82a79db56da48ec0,0.19135283
01a1f1b2bb73e6d28f2ff9564fae406a,0.32003686
dd3ecf89422d54b9a06674bb1a508daf,1.9000774e-05
f2e0213f317ae638960c650d9731745c,0.12945576
d320c32fcd73c21aa21672fd346f56e0,0.18056837
933d5a41f7928ad396ad216c07214e45,0.25272384
df619542f6df449d949f91b6f85665f6,0.2757745
ba5b0d316bf3244dd6c532cdfb10ce0b,0.0031535835
ede69250b557c3f3faa7b8d252f8b615,0.13049462
12fcdbf6c4bff3e1ab9e4ed01b8f4665,0.2103374
2aaccefafe9ede1aa6582cf8fab5770d,0.99440104
250a5f8df1e6ede5f3853add72080308,0.9999958
15a21cd3ff30080877f2ec390e292092,0.43255752
c2d998718f83b47794cbd35780c72834,0.9999999
000333df14faf4f85abff630bdc3a032,0.9931678
ed86d5a04757d91988fa8799d53a4a49,0.32675472
804dbcd3d7563083b52efdbcd08e7080,0.4199716
79a9fd80fdff764bf217df4b9d72ad2b,0.99999857
69e53d6f823c25ce5c677e4fa62fb1cc,0.27220994
fbc39efae01a84057dd26a5a23324ec9,0.24251485
8aa8eae796104d4990dd8a6889682140,0.0022957057
954b80dd42ea2cb190dd4d90af6b4f01,0.25025797
edb147f9cf7ef37763ee09dd00c64408,1.8218923e-05
e5f4d0122e8f9bd43cedeed6187dee04,0.9214728
055b48cf76c7800678341b8b210ef124,0.3105529
26dcc5f1576df30e38c03efac2c08596,3.565179e-21
0afb31c3e6018c85df11d2a25a581079,0.9974642
043a89156c1b72127d468d509487b66f,0.16206376
889ff69a0296f171c93b9f2c1b5b452f,0.037929907
2e2399a2882ecd4412d34aa40550f78c,0.23087102
8f0b9dadc7516fd6b0af6c9d29e7632a,0.9988306
293f9200b883b8f9f51b35a0a5933153,0.99937516
b2226e45e83c989ffa3cce07aa72ffa3,0.96721655
606c0d3c8c95cc5c7cac335a7f0d6d39,3.4196608e-05
b9e2c4f457c84124fce2ad6cd4905c7b,0.9947265
01ec040c8ae2e750cea7770cbe9c4c4a,0.5797953
5dbef2ebc830ad5f704eba9dec351f5e,1.3757649e-07
e508c80e28d0ad6705f82c762580ec0d,0.6339522
baeff1e6835a84ba4e42adfda4c962d4,0.65185404
bdba53120546f61e645b080de0f3bf97,0.21862456
11b12415906c7fd9a85d832a31a768cc,0.087696254
f7a2e5eca6b5afea91f95ac9ef79df5d,0.9999962
335efdeb5b3c70ccfb6aeef0e2aa3257,0.1965438
b4613fceef9f2bee1488bcc31af31c4f,0.9999999
45ddc5b353f6d4d604320f784be96d33,0.993946
b780e20362f830e50e78b384c5c973ab,0.39011934
af558c92f7023510ddf13982f9a50f38,0.16559878
2d3e5a2a2243d788901fb182156f4031,0.37465507
de7199907385d837e01aed81a9f4321c,0.006576294
ae154f486b7c7346c6ebf6f07442a3be,2.3633662e-05
1e6e3247b0ca280d6c7055d7775a7e40,0.9999937
68481872800b45ee7bb25c13fac5da78,0.07154595
37adaa4ac1d2ba76bc09cb1d01e7d7cf,0.2815035
4bf7995fe677b951e8df614e331b2b16,0.38128746
c08a239aad55d698903ab13265220179,0.99490947
23c1d38f2251693e2664fecb2bf4adb0,2.2905258e-05
112925730a5f6cb15cee1b0e3934bf8f,1.607125e-12
3d1e91875247744ff3578d71a38f621d,0.25718898
69b1533de94becc861382c19f492400d,0.00012841873
687ac49b07a801f6734e4ae7908cc5a7,0.99461395
c1460f34da8f13219f24b86c51f26343,1.31115465e-08
67a6ae9185924d38b14277f4206a6d6d,0.05967923
ea47877f5cc0bd4440b8987a5b16e13c,0.003735003
e3d34da9fdb32c9f9309b7ffca5ba16f,0.23672912
ce9ffd4406e9e5bf6caaee752341c9db,0.37356386
604d38de28b46f8d295f959112722961,0.20532848
0ad64de0cd451463d8ed4cda4d12ab35,0.19646446
1ab42de12a10cb3ef2be88ab2ef1a9b4,0.9981294
bd3bac7cbb7fc6f6ef7854717a9f1979,0.23127095
7aecf5ef76cce9539b3a1f708384a783,0.9999976
ba624f44b60507a12b59858e6f780232,0.28478557
95197a96207b21b72ea9c833877d65db,0.28986245
ba5a15fbef0e281e3dc7d5974574eb84,1.875765e-08
5f68514e453dcb5268eed46cabc70f35,0.008750718
ae31f59f3384d9988602219352ac9d6a,0.29243717
7d90c2f4b21be2bfd4ab341b9ebc22d7,0.0021436643
f8e06cead44db4efa3005867c18049f7,0.0
a10487572494dfd3904429878e0445ad,0.3154864
fe6da89f800e17d62df98ce2298e8b5b,0.9835866
d3b82693b74a4f34179d420f2758561c,1.5397418e-21
a508fab290cc3cd24db6cc604c6415bf,0.3132693
e2d0224cbc9076efa907e70395919c8c,0.32875594
f48c7817f6c96bc24d0cc5ce16828e1f,0.9974381
879db45d072432ee5e6c823246a4b7e8,0.20929907
362e27030490ad0046e99d06ba05bc69,0.9561633
4fad4a8bb1c96dacd1c27c561d0fb14d,0.23232487
1ac6e8a67f5bafcdb22f1e36b3ff4b51,0.76352954
6fdae295ebe3257a9cdd5ed1dc9a7831,0.00023405168
a31727e86c292e8353b8887fc19aac02,0.9999999
92832ac2a4a56686e2f65ec61f4f30c6,0.29983827
12179235fe98910a7c2ea71d756f6117,0.064815916
fc13da1931cb4019556e85181fcde81a,0.51508
b4be1ab59dfc8fb15e8fac550a0c5fa9,0.32465634
be560b37b5862c245f51d132ac16bb59,9.14843e-09
c19dcc4a7009930684caebb657f3a1d2,0.22293578
e66d517a592d12f21996e0c090330208,0.3260674
8299c260bda82a0560f56414c86dd369,0.013155182
420ed511278a374a5a87bd3d10f80650,0.99272376
68dc95576f1ac1bd38ab1b658d66b1d0,0.87748754
72f69f921faecb75627737a22eddb6f9,2.6091064e-14
ee09c0cafe16690c505602552d93c363,0.3871347
9e35622a0775a09cc45eebf71e527cc0,0.2271506
f51d485031a36fed531ca2a251271b5f,0.36344376
491ff3cda8d2ae48105e6a314eaa7e41,0.99482936
b9950d55b49c8348f4bddcc8c6be77df,0.009337478
7365fe55e79a828d01880916fcb8bfbf,1.7039753e-07
87818101d48672825a30d8d1b2cbe3d7,0.00017782126
74028e9d9b9a3ebc24c358f5a1d90563,0.49610725
30a0e8e37491a4480c672dc504eb7dca,8.466662e-07
4678c2ca55557021c0bcc607ef03db87,0.99999845
96501d60083cf25f3d87fbeedbcc4237,0.23965167
32a874458874ae321781d7f8a91d033a,0.9999993
07afb01541a8a0ae289de89ef48375fe,0.31594238
51f7021af0d8238d9cec8126ea77f88e,0.9999999
78df62ebf8b929d0ad91255c54f8ec20,0.2746199
25fcc05fbe57e854dbe834fcdc0fba61,0.0032490382
822591641c9d6d7cd6a12037c6b418d6,0.99998987
c9047f8f9fa69377c60b45b57df19f7e,0.99819714
bcf9678f8860ece9d8ccce90fff511fd,0.002120408
dffd3b096c51703ba0507a6205927073,0.35033202
2eb272167edd81e7b3158e91545b4086,0.19470643
ae4f840f9dde0493d5df819c825b5941,0.24102665
b1f43593be1b8db0330bdda15cc57ea2,0.0005610299
9ee002a32b54bc8a1991c30f5466bd45,2.1732643e-05
254c1753c53f9cb00bb2750af525832e,0.18286218
ed2e63c76a45c893308a5f691dcb912a,6.507317e-10
b13018fd791ec24be8709813e9babe98,7.9906124e-07
6fde838f47b7043b7c6ac89fbef7607f,1.1365788e-06
b450780cc9cf6685b72f3bbf2e03997c,0.23448966
58a99bff65bd9ef445307c89943da0e0,2.1281511e-21
632aec5a6653ad70a11a4f08ff491cd9,4.5499203e-08
7d1fcd8d90474e3dd07cc13071d8b3d4,0.00835645
ae20e4ef2d6b4eb807bf5c9b76a00d73,1.5243922e-09
3f2e291ade6326ea94dfce3043b45980,0.02492719
71322ed7cb30a2d84b5594707892c18b,0.0007493322
4e3a08054c1d3fa7738fd7e3b01044e0,3.1199774e-21
6470a3e270e32a9b1b58dcb8e7214557,0.99999845
ce74db8b379920f0ef9cb03169177de8,0.40015212
778949b08cc9727a99692a5fcfe449bb,0.99510586
54d2f877586e5d2506fbd5fa59bb790f,0.9999478
c23fc69eb1835bb26bd726554c815e74,0.19512783
2df4da0aca8f59e9d8c3f99f81d69543,0.996743
0c692bde0c0bf2cef3a72702504ab687,0.15319324
c32d0a7f6e0751adb7b7051abb0be27e,0.006301011
d201bb534eee0969cf14677bf27f8196,1.0
03ce834d332309e2e1de20fd660e3736,0.33231318
d5a69a6fefa1b281e888ed0c55a1fc2a,0.05360826
e046a6f94b632f15ca229b41348e6f42,0.21256386
3ab33fcafec471cb3e83e4c9eabf9a81,5.1854846e-21
0760c91be141c3ef4169c79ce978c750,0.9922044
c225005150b14ea8b26c3847fd9e35ab,0.0029619315
53740b5e22325039fb36edebef2e3abf,0.42599326
049ac1151a0b98d5dcf7bde8ebb66591,0.9946203
46fb9f3e69259b9ba59d5987df27bc46,0.24016564
32326b8b4b64f3d1ed502c88cb9a4272,0.19838798
89c8f128c2f965f61055e85a52112070,0.23264198
35ca2ad2f04a88da06917dfa584b6c43,0.99937505
a417cfa9464265d2621e6fe8c0a63b5a,0.9801722
11b6e67a694300001dd6a6cc0ecb140c,0.2593057
2e60d04f6c92ce581fdfb366b6ea419c,6.297996e-07
e2e851a70f6161c115f327d2a5b8296e,5.642227e-06
e901d2ea0fe1c2aa4403d1f437a944d0,0.8956869
3b13229762f2379e7e32695faa0bd246,0.24672617
ace484638168f0e69290d3eaed453ad7,0.03586295
3706118882e7356babb5e8d6fb1a44a7,0.99999666
f7d1cabbe5151b37f091da075209a685,0.6775093
dfa686b3414ad31a91bb0dc150c05126,0.7403346
8a281c1c9f37d295c6862306e7ea41c9,2.7771082e-05
3825deaa5e275c536b385c57b8a3fbb3,0.9949443
f7cdc30860309ba5604ec08e6f048dac,0.31262052
4696a5a0877dd1d84a0caef09e460b25,0.67358524
d2b3515132ba4af14ec626341b998958,0.9988306
80693af227dd0f0b75a690624df4b872,0.25627962
0ee181276f952e9acf8439d0bfb97f21,0.0032374633
b75d5492909b32a21f1680cac5efacc1,0.00014400121
b8ee7b2392dc980c13bfd54f1d5c7f27,0.0012098817
ffa49dc1dbb7c1dbd3423b82ded21fd5,0.9998994
6b41285c82bb54c73c8a3fd6b494e228,0.043506388
3865bb17034013ccddce607af7b2438b,0.999943
a9b0ce663f2b05bfddccf697f8b539ef,0.015405308
6b428229ff6f8e7e6af47fe0a0e3d316,0.46150377
0b3d9d8db21716f7715b1a3a79137f49,0.023759818
70e93b3dc4b9f1acfa950b7493b014dc,0.99653447
18e84d4c864628e2d1c0cd6d904f1352,0.0032567608
b5c71c2bbbe9c3d754c628530a412bc0,0.19295466
de50e8f259f9a2e332d3e655318e7906,0.9999982
7b2ca57010e63203f30a831a65c93a61,0.9928704
f489100cf91c895a30e8ef8e884eb5e6,0.098775014
ff23b242a4e7d503f57cafe449c70cef,0.99998164
ba598c4b9942dac352cfc86a86f58368,1.459468e-07
0174be9154e75ab4e6e0850032f0f2b3,0.9936373
a59f068914f4f891d2efa7332926889e,0.0712247
d1b7fabf67d084681cf749f319ab2fe2,0.020038268
8c5479d96b6efca8beef8cf2859c16a3,0.10441157
22e2cd2c2505743f3dbc876ca9db6318,0.014624711
dedfaa24909d03522a814068f9c00d5d,0.9999914
670965f37b59c106068b4120fef5f219,0.99592507
91868edf92e76027d93177b0391b31b8,0.99094385
9d876558ce5d7e1328e7686d2b09fba7,0.7322282
b7f72ee6badea494b5d460a1fa781d80,0.9959908
9fbada71a6a42000f914f9fe9b13735a,0.06245739
a5c58a5bdfe83e6e8128fe36db3c79ff,0.013094752
db750dc86132190574d1858017b5927c,0.084440686
41b775aead1e83c01f256f1f8d024d30,0.03685463
27f503cae03ecbcb3acb1a1f807b4e49,0.8533507
3d8bb6638e457b0ac3cd17e7cdb2454f,0.0016585214
c6f3ec863e66db7157b6370d48f7edbb,0.7890733
5f744239516db345f82b7d7a6db44567,0.14604707
d789cb3f4f39f116bd942d1d44a9d4af,0.29057288
ee1f07e8e8d72d92be35b612278fc75e,0.0016691508
ea11c97f8696d08ec6628646fc701562,1.348677e-18
74074e1496dd175aa7a430856115b57b,1.5798643e-10
0aaae9372871c955a8ab58a6fa7637f0,0.9999987
edef90f8d9a6fd3bc830c8159e2e6136,0.9894902
d8ca702ff34e6115641858508e48fe21,0.25334486
3446e8d280d8907660312becfb71e96e,0.99999154
ec0a80b3e7ea041977cb01437c178422,0.092443295
1b048aca1597442ff22ec57c5e50d255,1.3102824e-07
e0dd8687e645e6d25fa3443b1e42e50c,0.11326729
a9643de3c09cccd104e54a286ab0ec78,0.98803574
3805e4ed66a8f2124a8c7ec1fb248f22,0.0009950394
3d1fdad54d7d8900613e79e555fa93ea,0.9999442
b870a5c7da7455325ab3e8341a040694,0.49191898
d75a97c43fbb57f42dbae4a8edee5ab8,0.9958973
78e7dcaf21b7cec3bc9f540223a624b7,1.1854411e-18
893d80af8aeb6e64b7441cbc3f2a0993,0.020694586
2fdee21e58e130df18f02170a9b07e4e,0.2388075
2c75a4ca8e9128d1d6c1e23ab1703f01,0.023749132
030aadeaf64c351fae6a9377159fb79b,0.9957766
75d955128c4fb0b1079f23ce7e011fbf,3.7039824e-18
54eadf477f589c443cdb1581ee36000e,0.34843764
bbeba17d4b33e541fd8606cc96b27efd,1.1948215e-09
5458eb73040af97a3e20351b116a66e9,0.9959353
62b1e79a274706c181bbc7cb6ac008cc,0.93420625
0fc1a97723726481985cf5f4109592f2,0.04727447
ee7e4c383fd977ea4e4c5a3874518963,0.05870873
9f84fb568537c2218a7a6ab2d72aad36,1.3098598e-08
1868b8297aa938d8918ab0ed3f619794,0.98957974
c8eae72888aa08aed6583d09204c30c1,0.98535603
0dc85b059ef68dce44db88d87efc7008,0.24785
24997f0ef6719f419b27308b3eb8a0f2,0.053182296
56076bbf104a77b8435fa4b76150bffd,9.550454e-21
71798495fc31c4075f7f84a6bff290e4,0.51098144
facfbd25d513fdd86014b709d071580c,2.905575e-07
a6c5658314ecae46780363feb3ba9ac8,0.00027704187
b4915d9c8437e5f0d1534b6d9ba512f1,4.076218e-13
ba76649c5295d4ac08ba8acd39cf2fc5,0.0016698088
c041f8bb24ee5d40ee612c9040c5a711,0.9960381
191efadcc125e169dc754ed992f6335d,0.29951915
f751aab52ce01334044b0e383bb1ef0f,0.020506075
d8f84f766d63bdca3fc1681a985530a6,0.00024637327
56ecf3a2f751f1589c43d795dac1fbab,0.9817277
d973a9816427d0da020942830752185a,0.9999366
dea9a41831e190928664531930f158ee,0.46549365
e5c9ce11510ca51a22d08e674235578d,0.009787868
717ae0e030e0e862ca3ad47e22e599b4,0.32164043
5cbc2f1de4a64465eda78096a102180c,1.1662543e-15
eeb78d2d5e89ecdfef29c70dff109756,3.1074843e-12
b2adf0c04ea36b466c91d3cec75862ce,0.81275195
72b1df018b10870ab5b37d5ad9dc85ce,0.99592555
f6fa5b355b8c2d2ca8b1f0c90216e189,0.3139017
837ebfcab6c37cae0a037fcc123590a2,0.02101423
f923e45694d3280e9663a4c8adc7602c,0.07723119
5734ffbafde3b8c0490a1ef0539a9c73,0.06551897
5c1effb2da4cd1054994da0246ec0869,0.1525304
56676eb24756f69ff2eaa39e7340e005,0.99509746
e064f2f65960723e94321e019c5d394b,0.25492805
9565fc830645dd077f6791303bb4bf9a,0.99997294
457514348b11971e67f3dc2d1108502b,0.9991941
33a87f3446ccc19ed83f1989b1313abb,0.9999975
f73f7b3b3a5fac2ceabadef35f25b49e,7.3544356e-07
87b11af6197e89a99bc89d1569670e1c,0.9999852
94e975adfa0754f1c58d4245363644b6,0.9959246
023882888c213e379862dd056d53a8ca,0.9993457
4293a09e189c95d9b87907df5856f36f,7.792255e-09
c71c460953b81af3062a1c4417ede4c5,0.9956904
892b4736a9ca2740774dbf9d900de970,0.11746796
f7b16644c72e3d86725643d2a66969dc,0.1148831
c6e20ef043876b45c12220787df938b5,0.99669623
79f268cbc537e3159fa35d88284af4ff,0.9999982
7bee53c3615a876c5343ea16fca5cc83,0.16148198
4808de1c106556183ecdf94935909ed5,0.9999976
4bac6d7a831dc01d0e864c99bfd15d8e,3.2869633e-05
ed7143cd20e6a751a175e3129edc0a69,0.7860402
f130e39ce882e851bf17084623312240,0.25050768
f2bea4337682f2a0c74da06d99d045da,0.0030335896
aca3b72e5d5d2a122d19d124d84872d4,0.02371538
3a3ff42d5fad3a67e156557f726ff0fe,2.5589272e-12
1d892b0548f207882cb2bc8b3d7cbc72,2.1453312e-08
e55782b2fe9daf4ca37f0bc6b909e0d0,0.502432
6081c294b8f110d18f0911fd131ab6fa,0.9990458
7ccfc643bdb5e60cc57f0433cb73c4f8,3.3591647e-12
1d8a5b4ccec9c4846e991913ac961b20,0.9958539
3e82d4b205d458e65db00eb0f4231546,0.12686601
3091c7b0a02b6ec14a650e3a7f59546b,0.0049479343
af6554157e0fdfdf88924d0cecd62285,0.020185212
58f3528be202aae15ed228d7189416c6,0.0008678036
5e0b3da98257bd5a119c66a36ab79b65,0.22185554
3d56adfc174fe55c2f45a846d39a3473,0.005618731
d9c21c077159415e58890a0ac97a2cb4,0.9999982
f5c63d05a6af074c97f19399e7411cdf,0.96921444
857b62a4a4f39c1d836f15cce0e15a4c,0.9999981
322375f04d080ddfbfcb26c1bff4a884,0.019932285
7ab2221ff5788f5bf90129935b31e6fc,0.99904543
e650ecd6739766557981e3e7ddd28c20,0.9999987
50a5cc7241d85d2d3fdcb11d2d4fdd31,1.285175e-18
08022f467a680bb344c1a1f0df824072,0.19375275
0c0a6986f5386d322a6f3842d12d3092,0.8114601
bcebc46ed9e2bf4277c76bc9c469fc70,7.21278e-12
ada34ff747e577fd6ceff08f5f95f8b8,0.00041472111
cc9a20da01c7477b76bc35e09c5bd83f,2.1151043e-29
5b8a888c99c047feb2a2fb858a02dae9,0.006337366
66efc2037745d35ea5100b0d0f512b3c,0.1068102
f9d38541fb6f9dce6f057374e996a1c5,0.80543387
3a8b5d6c93e59af78339255be66d8373,0.041453212
9d0aeb27bb49a2b17e1364f20cee77f7,0.9999982
6a24c0fed031b5a4034f46480f58e8b6,0.009702468
4224bce4e5304c612d50b28e8ed80c98,0.022680512
a80b6e076d0aa145567a697a64fda289,0.31268418
9f5e4dd68048763da3457d6b57e7903a,2.2825769e-07
6323588f34c35a22ac47170ef0c8349d,0.93377376
b62ddc86a2c3ff81c34542e9e528184a,1.1268808e-15
8e9c68d087303e53ab7d9ece96cf58fd,0.038910914
92eea22c70cf0fe4116b1021e91eb373,0.016545571
ae5f0866364899df62569b00e02b5738,0.99999106
dd411b793db527854e3e7024c4e35a2e,0.16441347
41a1ad033560db64a43c524d3ddc8e46,0.1300117
b797217977d46b6416836d475b9b5e41,0.000995838
a0a415c8b00d755342b6dcea1680f4ea,0.038217183
f9bb58b3f2ba2c08c54ce5b5be527a11,0.99997675
0cdd8001f3794d9e64d51ee12aad9fc0,0.002493539
5dd713f1536a0a68f6efdc4397dd0bc9,0.14477451
d2d39833a7ab92456ef8b5e1f1e31385,0.864339
d2ad720a82be982a04ca89c74a7f77d3,0.99999213
75f7e023ffb82fd5defd3f72bf93483b,0.9954918
c34d28f150518db8344ba239556a6e09,0.05357015
8e593c0316afe7dbf9fc0771d3f6618c,0.92669624
8f820ef6585960d239f7cb6fb94a2af5,0.9890499
e3ba096857998aad452f48e71da3d540,0.011873887
cc552bed9629fe4d9f2d6d60120bc8e1,0.17388982
000308f3e95064bc9116bcfcff9bd464,6.755257e-06
ea8cf7a5feef57c143b447cfae6cb20b,0.9917497
62f1433e9d51e52823cf55b649cbc947,0.047618125
99c1a396eccd5f86be5871e056ded1f4,0.0671881
22b44c5bf6e50b766339eaa597b72646,7.29173e-21
55222cd4d9763f7ecd3d380199e517d7,0.99927205
af353b722e0e0d4dbb3907ae7a0eb81f,0.9983595
b2080682cb8496dda8637fdb5586638b,0.8726432
b6c8c8153cb8e10f0f1a68e013f38ea9,1.1864179e-07
8281638d2be1d943df581bcc9aab6662,3.5420933e-07
52cf0a51dff0a7295b58613fe27c69b7,0.23826247
89988ac505f3a7eedd5a842d23683f10,0.032777827
dadebc95afcc9f841b12ab76cbd248eb,0.3307268
2e7991651fd4ea2316fe3b9cda31b1be,0.11581134
cce3061658166ec2d0ae8bde24dd3d9c,0.14249842
536a6619114f3d2cdf554524c1f785d1,0.065575495
7867603e1ce6bf7a4964dfcbec2a19c3,0.10344233
8aaa333eb655f81b760f05ec8b65f48f,0.016705025
5302b325f5239280c8778b320b6d35d6,0.033858757
401eebba850997e0285210d91b30c68a,3.0257632e-07
e6ea42b35e31490a97f01c91928353af,0.31096768
6c3eca736c22efe130ddfa7cdcb6590c,0.0686435
5997c6a297d6d55d31cac482718284d8,0.9999124
239e28b7742336ebc33d4011a46c874a,0.95269716
4078ee085b6799bf8b3b1f22345ecf4f,0.00024455995
b7d0545491a47ce2019eca557824d40d,0.9998392
74f4d21c3c646d1f2ed34b1b3c4486a9,0.9999981
97490c8fbb7a4c0247a3d3b43eb1f5f1,0.9999825
c752b1bcc2356788ec4a8c50cb39f606,0.5774927
68ac50d1c6f7a17d0ed962cec37631b3,0.23353255
47bd0d61038eb19afe4b41b6a641dbe5,1.4634539e-05
4c43d0a29b7016fbffda733a49c51fb3,0.00098692
cf8e9e4b9cb9ad99debe18f849fe763a,0.08236499
d72d45717ffb233ef42d51f296d4ea3b,1.2794647e-05
d51a1670a595b132b0e82478994bb7d6,0.9958456
e3cc67f5bcbedbe88091f322b7d04dcd,8.237488e-16
9f76ebefb621baea2a46976ae3d4d79f,0.033791576
1bbd4bca01e5d3c668045e260b26c094,0.021016998
6501f8b085eccf3f66c49170d689f8c2,0.36066395
a55d669cda884e16e381473bc3b61989,0.9773452
d8f12afeb35ff5640c243d5640dcaae7,0.25479618
8401bb88ddc009e70f854c2dc3158c91,0.05885266
e948209fffe5b38f8fda3937d8a1c6cb,0.02335107
aa1757f0d25bdf3356cf097d3be39e7f,0.91319853
d9c5bbf53ad58863b6e8775611b0d78d,0.004416145
5057a634e87165a606b47df3e67724ad,0.99995935
08cc7b642572b2636567040674317917,0.3329349
ca207d8a49e6d45bb0c3ba748ed7f4c1,0.24769242
1ae71d2a00c2781136f0d041617131ad,0.19658859
0ab44e198fb384741732b0e493ab4410,0.00016961101
5af8592fc616e022102db1271dd7d341,0.35632783
e7ea09810154bda8cf8a9cf4d3d4dcfe,1.9811876e-06
21f5290d7a024344bfb921a7b3d56465,0.0020562734
45069bac5a39b5200833fd01ab224481,0.9959688
089f072f77656113dc9414531c63c7fe,0.31173348
387db77de76a32a088678e9ab4c03c13,1.0744438e-05
7370041371838b0404c3d8920199b593,0.05152721
fe4139ca95ec30963a3301cab425b747,0.9959065
d4cd7f7d71079059ee22e761511db082,1.099849e-15
ef48519338de3fc34115e4f9b4deb10d,0.06155232
c94bb06217dde8ded7cbe17755547294,0.10107054
a958c75780583c190a81a519275668d7,2.092196e-08
1296a782d6ea13ad1d712df56128c13a,0.9956493
d59c7cc6f109cb59fa55309f4f829692,0.9906998
39107633505bc1d02d27b278f58e9d37,0.62296575
48415568f836d153e802b88eb423c028,0.99998736
6aa292e0e878e37aa74465cb2bc29dc8,0.99913234
2e0dac4a41d3535c29f43d855e16c39d,0.04871482
8e57cc0cc1c059871ead63f4a31f3634,0.9958216
05e804b823fb19ddf915a82f298ff8a7,6.21777e-12
c2a8e8decf4971ae847fe440d4ecadc6,0.32009757
dec865ba4532e7e49233a09a4366013d,2.9177818e-07
764dec83359da9e37d5269ce5b3d1776,1.8479494e-07
e65c9b49948b626e7700355f3b798c4f,0.99568945
558d83545b3096f901e84dd00bccd9e8,0.86148673
596dcefcbcca821729b88baf30a6d0ae,0.005198277
b09e978b9f66e1352618761d41b9993e,2.9027739e-10
eea709ce5c14b1f73ce0334e6e257215,0.11438271
638c7986e2263524646c8eabe412d947,0.012190888
e1156537397a5eb59383bc5ba0c1d39e,2.2746951e-07
5dde96f96a8a33e185c0c61757fe55ad,0.025630873
03fa6349450ead6659e3e19433e7da18,0.082373515
3c4b72c99e01934a5521f930ccf36606,0.099108465
f3b40c8d82f3808ae614bfe54c7ebf21,0.19099629
08e4f86ffd8080d4a43dee01063242c9,0.9960467
0d18dea8844fc91ce9b5beba8a0275a2,0.37541217
882b3feb9166f1e19e670f29a4567692,0.69199467
7e1e2de5efe13eeffb8d480d17ba41bf,0.9986443
0350a4db0eba4dd22680da8ff5201a6b,0.99993837
bf56ff5d878f1c4ad845ad7646c3a02a,0.3157301
74bd1290b0f77e59e1125686e2f5260d,0.16075853
61f7e82d45e20c6c2c5b44abdc65f3d0,0.00016232632
f4faa7319fd3c3e599f5235c0bafedc6,0.0016548203
586396e62af68d9f18fea42f8a69f027,0.98521715
6ca2ef7fce35742347c174454cedbd30,3.2727134e-11
137980a102fde0c042019615e9f9d207,0.99607867
a975179b5537fd23b22a95a1d3fa97bf,0.13069351
629018df6ff9000cd959189f173c5c5d,0.23479451
205584e7c6b3b51376108f5ac5a69c25,0.1953712
7b4ebcdba649621096a4add5445a0969,0.11666584
99d972a4d7d12cb8a688e181e8027464,0.03391204
8dd8627376db9cf5333f152b70f54b57,0.99618775
9abb73558737dcecc4ca42b0681b191f,0.032576494
5b83933d0049e4f2a158d755c5fb06fc,8.598764e-16
282a7c81dcefd896d1329eb3fe58f727,5.186345e-07
0a28985758c2f0251ab2997ed13dbfd9,0.92873126
aa66f3eb4fe6f4e786027c5bba1e592c,0.06977456
44e4ff27951073c62c5c689e8ba9bfc0,0.9937458
6d3d7b53428faa84d45925ffde1cdb55,0.045166705
b98c0bced28035571ef98aed20abe968,0.006891158
91d1afdcae2f598604164b906c3938ad,0.73376393
59416dbb827ef32eb079478b3e3e539f,0.02654688
ae2bfba7bc4089a7fcab11976c74ae32,0.0012740126
e415fed09ed36f0a4b927fcecb90079d,0.06988268
9fe442794c3ca76efdfc10f75f3d302b,0.26564172
4742bc3c8ad6b876b854710b2d3ccbdb,0.005862856
c57be4a13e275cc844d04c65f44a8700,0.046760965
4c286c923a93de7f68a51535b076aafb,0.9989913
94efaf03b03fbff21a255ebefddba656,0.43683478
2f18ef350a8a6184ce1b48215680a52a,0.9875329
9f1fa60d0c5ff3682f159e30f706bf3c,0.044333808
1f457ef4ec3d64ab2553a0da9c08bf25,0.007632388
164e2b30437d7c0b1a58f2c2bcf5b002,0.16111825
6f8c529613a96a0ec8cb62634baba469,0.07683051
93af64dbd9fbf47b5f40c0f5fb42e618,0.99634176
36aa5d4cc52bc22d1e27673ae9b0b5b3,0.0053497246
d5960f471e8bc3b18552ed0bfc7a650c,0.99969256
8d3c8e7cee599c5b5f0d5b44a73e9d7b,0.9958539
93eba886f253b7c0f59b1575b994a26b,0.29138306
ec5c2109ceaefea865b9006cdb46f196,9.529648e-19
2d7581e954881fa9b95e288c18d783b0,1.0325054e-11
e6db671cbcb945a5bbe47bfc26ba946b,0.9958845
aafb5fff965f689734311b601f60ccdc,0.008676195
deae55d894029489c03e3749b967e0fd,0.5951851
7cf95ce5302d2dd4d13591992799691a,0.9990416
fab248edd4e00cae7326781288393154,0.0056093927
ee18a0b5d743cb009744d207ee0927cc,0.0016676586
ecba5c91b5e4a386d7028629905f97d3,0.009121412
0088e7505906e2b4e1cec18cc7f435e8,0.9931244
92f6d365e43fe5ad232dbe9419c6b745,0.2536744
279c5597920413375fad0ada72212b18,0.041686025
7536b74c17754363799df14fe70d3a92,0.97864085
b304326e0642b2b536ca8dccd0ec9386,0.5502993
eeef62e153a3ecec6f5ec8fd71f9a442,0.011099924
8cba37dd56f4eaa2c9fae8647d7510d5,0.7758107
cc31a8a0b5a0e470cf486f2ca5438342,0.0
412d9b507cec445b0b4ce5dc36cef697,0.9988814
874455fd160293c9c1d305a55f0a363a,0.9999974
673c231620a13caec81758264102e33b,0.080865435
5cc9857fe8bba0d82dacb59eeff73bc3,0.9999974
cc86e826f95ed7a6298ccaa89929649d,0.01942639
da8653cb4ef27e92e9b362cb068ff732,0.983364
af4872dfc947bd55a11eb5578b5a412e,0.0016660454
f2286fe0568cb9bd3341f57db83a286b,0.10078034
b541fcf7286f12610d99f73ec9574246,0.009553993
6aecbc2aa23962c147bfed8c0e54294c,0.0034318604
ccd09096a4e17c77f9f72507f57bd109,3.1930065e-07
d32ffb9758182311a99397faf0280543,0.07109679
ade9387f1aaa741a8d63c26b0bc599b8,0.9999981
74e8d75325f752f65c4a013ec7a92f9e,0.9999206
83eff6684f8c160415c6aafa92b556d4,0.9984976
5b2efc41e60b436ff9bce0ae4f8fd30a,0.9999398
d482a790338406f8bf4ec94aa71a8447,2.238565e-09
d74fd44408b1db15e2934cd5881f747c,0.14623468
0add2fe4d7a047ba9df9af23ac3f0671,0.15495671
98557324f8816cdb781fcbbc772e2262,0.06987453
1460e7a6f6c1665ca0ee3eaf387b1295,0.013781287
4de434d84917a2623baf08bded87dfdb,0.045682613
796339be0663aa064be0225f6f9f13a8,0.012130376
9fb25853162b4ea7a42cd17e236b1041,0.7140201
728d894e7e4a5a2074bd6563b6763b80,0.0012172591
8d2f8a475b7e8d0ab2d117e173c40a3f,0.12276863
ab15a03b62215032d9b8486224333f8c,2.1144383e-18
fa7637831daf5596c99b85798f5afcc1,0.012403221
cc5d3f3590393fd97195719adc886523,0.99602085
8cf73d79a09758f58e59b18ba1e98443,0.080484256
931132a095d03409da385717af7d9ac8,0.99999845
6bcac48924a52d911202180e4355ceec,0.9349267
2eb0f0bd5bb61309dd14f2768ae3a72b,4.1253198e-10
3609543f8c5459b5bb758513a296644f,0.14528722
41d1a9c6a3463bced8ddfbc1099d559b,0.99572265
1848014833cc5310d4cce64ee2e3bbd9,0.045147315
0d242636c838b797aa00dff9065c2698,0.1146902
0ca3c0c356b671426009d2466d261c0f,0.0017563325
bfdce796bc63fe4d16c6a007dfec74f1,0.93324417
b62bfd0fdcb1d078bfe16c332f7b4503,2.4450315e-05
910631d0f6a343aad87fd469ac6d75bf,0.35900977
a2dda4e9c958a88332dfc1822c806f38,0.38750896
c29cbee61280432d433abac0b08c6641,0.9955876
0c517e5d1c375969dbd64a2c8534acbd,0.96728855
c1034cc96ccfc5be349e6bc9804c10d7,0.6530723
58ba4258faf83a9415c6376f3f14b631,0.55394584
0367d3a3a6fdc62b97caf3f297e81056,0.0016656519
ff0551d32ad2cb24568eeb9edd75d409,0.9967818
eb8e1ea5b561bbeef599a18f30a23d96,0.00045785523
8d8139b5b2e8e2bc9153e638f574810d,0.09016078
2c985f9b353b641e18e499cf726308f1,3.1946118e-07
b51d60e6a300015e1ca157b5dd9a1af7,0.9999149
9ef03ac222babe158b0515cec0046a9b,0.18512218
3a80b571f83de84c72101c40d77bde0c,0.9999876
b2c3450da9611d27f1b06869437b2c57,0.077181235
e46642d350f1caed049b4092b086f3bf,0.32126698
4235680f091bbca80266f80bffb290c4,0.999997
73e21f62e9a51e1e8d7029643e5d44c1,0.9016722
7292550d76b65f0c5bb7d75521765654,0.17085841
193876b81a734e72dcfce2294c33cc65,1.916839e-21
acd830a00b916ce8065dc2e8ea156305,0.9956405
cb64536099a2f109429b82951953d97b,7.679736e-07
31a2cf3bc6394ec65afa69c16b34027d,0.09162625
1c51d05a0374c9c5ed92768bb604c781,0.9842153
37e865b0c29edea08b1410c7ad242a34,0.9999968
1381e6d8d0b98bfeef93375a8d68c49c,0.98808753
bd9729928a052c6b015cb92345868a11,0.25757498
58465f6e55efc2672205da32306af254,0.995771
88dbb95733798fc6e453502c4e448fad,0.0012148115
540dd9b100ca3e539440605c1d6eb654,2.809428e-07
db8a4d12d85df08a1908e2673d616b9d,0.0023246717
505b07040a7c00672d73e71102906589,0.9999881
89e4dc7ffab417bd46124b939f7938b6,0.019966416
e0f6c545e44e6d11e072beda1247d5e2,0.046955958
25902a166716fa6b5061b030d1ec0e63,0.08655179
2d4a12d2a8cd8924252437b7a6d0bff6,0.29797417
392801cba07392e7b35ad69dc0fb75ae,0.9999852
4895b2deeccf33220bd9e586a2442357,0.021163834
81d05991f57ed00cb5867fa4db1c547b,0.9956664
ce2db5309780dc5596ec13b1d10d73a9,0.0019270758
f949b570d6d06e1acd24707fdf775cb8,0.00041622046
c17ab8bd2de7337f38720254696f5eaf,3.5727823e-10
4c864856ea37cc417191dc658fad004c,0.30465198
4c1f0a3537f9f00531e7d7b4e35d0486,0.06316119
af9ba7f574ab1aa5504dbe1b81944129,1.4945057e-07
93f61e12e3a5d9c76b613daac35895f9,0.9674383
f1fc37563d218bf1a598475c07044656,0.1115572
971fff61baf6c3864fc8364e1c345f46,0.00092322024
e93fb6377cdc7e039a1c044a01f78dbe,0.20038533
b2fdded0598dd1c4cc31d72fa96e546c,0.9531182
fa1f75ccd5c207a3427ae9a42e9efd8e,2.1490793e-07
8010201008bfb051e40025416381502b,0.31004328
876d1524aabd6b72ede1b336180ceb2e,0.99998534
c9ba34f46f8158f2fa6e63112e04331b,0.32410288
a21a58532c007149d84a169e2392325c,0.98231584
fefc04949f4141b6f83e4d20237d5783,0.22454947
6cc0a088823f89c61a7019d5d6c136fb,0.00034802797
fcbe41dec254c2081bd82fc82ad83523,0.11205021
d32ee914c6410cbf5653f9abaf64e061,0.06898872
5b5c363eb6c4c5de28dace28b653b38c,0.08645838
cc841258d4b030ea64dadd7368984776,0.085913636
fb4b33133ac61d537322520e6aacdf44,0.9949162
52b4a7407fd8a1f3bb32cc9ed3da79a2,0.99998033
ac072bf0c662d6d0e8f5326dd8612143,0.9922632
87f56d163a848d8ac207e845cb44a225,0.024860084
855d16755dff198e9d19da278246c2ad,0.119438976
26111c36fc571b6441d7b01cda4a63ed,0.0007066884
03978935cf040e2b437da61ba95202f5,0.9926077
e74553bb45c9dd9fc3e7f952b8072a52,0.0016684177
a438c5ce8f98d7fedbfde163966a3e8d,0.26256773
6903f26087d0a136c629fbaf91ca5d46,0.031219177
1e2c18ce4fd8ca91eaa5e134c7ad7857,4.8927974e-16
f94bba5154d65fc34cb42b4b7acf6b34,0.00883679
8803ede749af694b79c975a4bd5c50fa,7.853403e-16
e9090ab4367afe20d903547495d3ac90,5.303346e-13
5729448b4e70cf880b206da4c4db4914,0.034725856
6a6bc84abf8d2b86caade2e178bba70b,0.2625762
2bd5978e801d0e2cc56fdc42c25594b4,0.04548454
e3cc51c2ca86b7128a5521935f52483a,0.09861163
7d94171c19e644b4c600d84394789dc8,0.04691187
41a70de64348ba836c6b6b2c469cd40c,0.04990984
7f1f06f9847e995d9efe73d6dc8a0581,1.14856334e-07
62636e862dcd0990f360583c9a054589,0.996097
996acf2fc5eca869f5eb8eedbf7533ac,0.01212086
ff4f0cf177c0615a60e6813e1fd7080f,0.013143339
aa49e84063dd701e41b691dd8cd01269,0.0032458834
b627684530401364f361603aa4911689,0.99988747
1e9f8d078ee0e16e5127bf35fbeafbbd,5.1473715e-05
950d053005709d410ee4e531ebe2b15d,0.0016677022
835c2bc0b2668d5a2474df1811242614,0.24211316
312a4ecd537b1cf92195106aedafcf0f,0.96797335
fd4935eb912d9c4930617f2342e8c79a,0.94181925
d30c39fba040fff4e671659fd820bea5,0.99994445
651c831520c7ef54e9cc6ad4fb1f8624,0.9960657
99cfcbe3f4c6e81db840177ad130a603,0.25925875
6c2c5640dea00148e91963fe12662e1c,0.053910587
98105d7f07a19d36dc82c299cf24d552,0.99535537
47355d92e20f2f179f9bf859ae92d5ed,1.8470298e-07
9bce75cda15c943aab45faa14f6bf04b,4.6367535e-05
fe149ed6e0372410c5f4abf7c1b86b17,1.3171837e-18
0fccfeb8fe8b73c9ec9c158d750c5a23,0.99607855
e69a98f22ee888161ce926f08f3798cd,0.0019695603
ba6c5d53e9418b5ce3c569831b68a0c7,0.99631304
d2de2186c7ef00203e5d7e6a27e7a1cf,0.98782814
c5997159e9fb2dee73f3f8e99a4b11f7,0.1935961
0565331d432f93c022c3c9b54a6bc0f8,1.2950107e-21
9b75517fd8ade34b6fcb1c2bb08668c3,7.9393886e-19
8fb5414bddfb061c6091d61b638c0098,1.20006e-18
2e2b50dae289d824c71ba7f72493812f,0.9859227
a226000397ee86bc7805c3f971915255,0.99960417
37ce79fd21718b07d7da508608b5d7fb,0.70728236
719d18da74700ad3d6afc7fb1949b25c,0.0006033277
0b6a8d0cb43ac3b6315b71cb6c717142,3.0571965e-07
4d9b756d420141ea7f46bde9297ec379,0.07241896
ac31a9da638d8f5ffe658b0706a20064,0.99596417
a977a53a3fd1099ec1c0423157f5263c,0.20630623
7670b4838b0389f031e4dee1d90c4368,1.2169317e-19
4e5eb7cdd79f9bf2b5733af61232ff3b,0.3929088
2bf19db2fbbb97b004ede2d19f085b3f,0.9999316
a9eb96e828156ca11c930960d572498d,0.9999981
3c7cadd6a502ad137e5fdd34ebeab642,0.006755722
c85c84854b97b923db49920c85b0ead0,1.4295205e-07
c602c53858e9d9c691201e1c7c99d2dd,7.027147e-20
fc79438ff79b859cdb481fc5785ffcc0,0.10913322
8802150e7573d4b48d5cec0445d5b4c9,0.13094558
0e14ef146913b1d7532891e6b5ab5219,0.0016705196
8e514de436e46fdac24dcd6e123028bd,0.24242985
56ffe27f062167014e8faaf1c8ef47b3,0.002062822
347aa020aa2be96a9b60fe5eed6526c1,0.3886362
e7664a83fe8e33625f1682f6553ca200,0.32774273
9b536f6c5bf8e56535ccab836212f60a,2.5494424e-08
721b9217bbbae35e934e3918dd0ace8d,0.55398417
a1ca271b07d591b1cf9fba663d65b29d,0.09878097
4ddc2f20b7d416d6fbf18cf208941e0b,0.99454236
824aa1fa34d49469886ee0ab5e67bb56,0.99992573
08d4e02308b9c3e3cf64f91bb00dc84b,0.06927203
6e4c03afe6d457b34ad176518c12aa24,0.99995565
a8072b5d58ed682f9775c7cb9ec102a9,2.8656496e-12
cf8b513949077a6985b50d51601d8757,0.010469535
04d1709becf142f6f34acdfcf40363c1,0.00034303777
460484a9eddbd4c4fca0a08bf4053bc0,0.060730763
00fe4203a5977ddfebd62d529dde4df0,0.06751213
6f1160ce0f3f0e1fb18d1c50f0804125,0.010820827
6ade6feb3e9006eade1dcbdcce7cea63,0.91888213
38d58df5f04dbb6a709772d643f4363b,0.6440301
657cb97036e9703a01d6073afe4e5ca8,0.999987
9e4bc8fa0abf700104cc8cf738e6b33d,0.9999945
b057c750c04df6d42c2c282875c04b18,0.29616484
0a4f2906a8a21bc1f20855e20a6e67ce,0.009519459
83eea3075a8d6188859e6bb90d505fde,0.19621764
0955107728dae962ac0a54070c539caa,0.7759618
3ab9cb8cbd724a43ef9fe13b386526d0,0.4730724
23d48a58f1b6cdc3085c377de513fbcd,0.96896076
183cd94b2a4ac7495e179ccceb8aec07,0.07975023
35c213dc5a5737e8e409f3b32e11232b,0.00013960505
42bd3a67059faefc2acc74d783c44bcf,0.99414563
416e30075cf5e1d29bd1ab4f95f6e9c6,2.2815335e-12
2d38da669a4d07dff5feef9faa46a640,0.06839968
de86cdd1eb1a90c811d0fecbd5a1bb6a,0.6777289
6e79270195e2f710153b1bb893c714e0,0.991523
a4eb6ea367fd3fc014655d0ff4e8da42,0.0016616249
6f69cd584f5116af62532a93179fbb3a,0.0120366365
348994a8c6e1f114cc60ead02494e03d,0.00035550605
21b88296c7f4ef625b4d66c0eab8127d,0.6737284
fda687e3f7ee2e46c4094d557f137ff8,0.9843231
35e632513a50e6f0e6b4eb8c8b5cf853,0.0334317
781a9b6193697debcb866d7b401216bc,0.19278875
aa797d6fa39c3b5e1ee123e0dbec2cbd,0.9718418
e134052a75c2a6f07bac76020667eba4,0.016558496
ec4edfe94879c76f992f740f69deaa63,3.5501824e-21
4399f364fe1aa3b2cb3a9561edf30706,0.99969757
45033d03c732567b35288ed2d3198552,0.030587133
7236d4e75af20131468a737ae0305905,0.9985667
5124ccde1e94a1de5493ed13b299bbc1,0.070430495
fdab2548e37a9b08f0eb1868d29134c8,0.0050239833
8975464d493a1669c83ad02d91f6fe64,0.2541835
a37603545f4cb3b8db75e50ec90726a4,0.99998677
aa9a88cf3b1db0f6a5c0880017aa1bb2,0.001670141
13e5f1fce17e2e2744a70a07089b32e9,1.2721534e-08
86cc11848ff3a679ea0c43a3aeb2fce2,0.58435804
ffb6f7fb8e6c4e823d94c5bdd8d03870,0.12611324
b5720a69c5078adc2f1392d6559efe24,0.5396505
005139c756af51d82d474833f5b05325,0.00780017
f4b7c7fd4a506534cd052fde285714cb,0.79895896
454f31e315d44920fdb9c0de5b3ac2aa,0.9958014
32c2cb8517251fb616a1f897b65ae9aa,0.32222673
0b9154ea5c10fd380db03e80d6167506,0.05291605
523693587f150a3bf8adff0a45e560eb,0.09036706
f5bcbb4c735c1e8bc4f68e534d8899da,0.42468765
664dc85887f75d1c17389e82d88fbfb1,0.96929055
86cc7815c5287c3c1eee6fae58db88a7,0.16552734
cbb013698ac52527115f9a018e044df0,0.9911795
0ae120b3084122a958fb0e65f6d1e26d,0.0
ccd85ea6b70ea09b0afd577179fb04b0,0.21227919
d163b13861c200b9355e817e5c471d3e,0.9996892
b8812904ce915084f0b26d9abc670a42,1.0
a89f4aa2175cbc3744f1289c57dfb60a,0.2529463
43cfb2f0931d1a68ec1dfc8fa48f36ab,0.9960652
759abc6d1147a8d1c9b14c812c6d738a,0.01912126
359580966aba6fc8b4f0ec5afb062939,0.03961861
9116b33e74cf22319c1d7daf6155a507,0.9926196
e59cbbc01545f047f6ec3ccfe991f656,2.1848691e-21
bbbdc832fe995e436b6d78b4343ce310,0.21126106
2fe548e9364b9ec374cdef7f6aa8dfa2,0.060056627
0debc5c272420387a81d911d515eb533,0.9959934
28477db32ba7f651b5319037a6900bf9,0.36223957
e5d21ba87eb3c491c6912882a41a7066,0.30203298
0f0ac793d48413e50f4b502b415390ac,0.013222163
5e49a00526f2796a1dc560e575062bc6,5.052505e-12
91feeb26a71fca63fdc155d38e66bd85,0.23991916
7f982bd093b8378a639204e85a417582,0.98601264
561c44d1b15fb8d25bebdcd9a4450176,0.05117173
709bcd8323bd359f5f6358a2383a0f30,0.97315335
d007b364af761b52956ad01bf8f1f2bc,0.10601531
3a8dcae536575a79af1a77cd4e282c40,0.08903254
c54f695b1a69a6640d65f5cfb6ba2b49,0.005287056
8f904d29431a36c35af99552b8f0834c,0.020226473
28e78aad903186b43a72a95f4172555b,0.25339767
9b635b67c154619ff0e8801d44ee69cb,0.9999026
1322251ad4904aec6ab58c1012d72430,0.253817
676b510267f6770caea123c50e060984,0.0048471643
ef4b29bf3f5f588b1672ef5f38b5220b,0.99998605
9f2a0d8341d0863c73d2d3ea2f99982e,1.0545276e-15
1ffeb5cd1dd490690e5b39a024b07763,0.995946
0f46044d6b002c76bc1db7528f07fe4d,0.0020137948
df4ec43cd685221599a9936e07c77277,0.04794698
bc5a5013d00a628e0cf4db22b54d3ad9,0.99999833
ac2234359f725ee3ba6791e21676d3f6,0.34654436
8912e1dad6697be4087921b17135e530,0.7707876
db6d5291ac32aecafb5dee5a00e55709,0.0002785303
5d47812345dbcd1bcc91ff4c51683b0a,1.6200091e-18
25db64c086c5e7824034acd389101cd9,0.00015966022
de9021299f6019706422ffdb859f636a,0.044676587
bca9f96974f996d6b246209ff0dad9eb,0.06327864
33765bf7f84b7150d919f1a55062eb00,0.01958217
b230f86aa21203535ddf51ae5efd14cd,0.3270504
b19cf40634b4c963828cc376cedfa59e,0.312648
a012c0b26098bd01f851c0d43c3e74df,0.001655494
43bc2d1c1aab4cf661bdf1587f8d0fb4,2.252116e-05
a708995caad70346d832507e3b452142,2.4879887e-18
9ad7ef55443a2bea33ce7704adac2a9b,0.068110056
9cb7cf5c07b242dfefd236252182289f,1.5223814e-07
737b52fcfa47f503ecb246979e033b2e,1.5295022e-05
ccfe8d16aef2c58ff3431382e8e1a2f4,0.9911839
ccc1d45c31eeebf5d69ab364bba558b7,0.9916021
e9a4d88653aa997eb3eac6f4baea7701,5.4718356e-07
e46f3df0382591d200b15a8cd985e2be,0.13497464
20bdb435f24e77d9f184268c8c4490fc,0.020021945
80983c47914ee1bf5061b1fd39bb465a,3.1037644e-08
709929aa3b4a2c6b044303552a77cc88,0.9999738
1d8cdf761c3c845c7f2cc4199ad345cb,0.28955317
7f6875d70fe1379047078e0b70ec7fb1,0.011325057
c42b183296095a562c796f7fdccdcaba,0.005993062
49354088c9ae1c8c34753ed879ce9203,2.371595e-09
ef5e00bff5ff2ef793685e7e6f8ae23c,0.99606967
1ce21c1dd9e1b18b452520bc41992cfd,0.30887845
e7903dc52286af6088a351e1e80ab403,0.0047697416
c29b1a3bd46627e8067c812850567ad7,0.18400623
c8f3719f09fa3745d000e418825cb947,0.91076905
78016acba0db90781b83ead7fa4f78f3,0.98496175
5c4185a9faa17b9eb5c02bf9419512c5,0.012084333
047bad573313d7f2c9e206c302bf3535,0.9938319
b1d92970ab4e492a75e1a008835a1a97,0.5995368
a9e8cb784367019134f205269547299b,1.807641e-21
fbe6048b7aead2c2fe28933895aaaeaa,1.2232858e-06
080bfa6169148dc92506bcb479dedf19,5.5897976e-07
d2b7580d40d74302a11feb42394a7fdc,0.99043816
9237a1561a3d2b7a3e024cd18e2f1cd2,0.9957312
3752967342cfa65b7dbc36a05a9881b2,0.057929944
1c5e0eb6cf04b73c30ddb5ea9daa3613,0.0482605
ef7f1e87637930759edef22386bfb6cf,0.00013897814
3bcfe22029eaffde515012cbde81113e,2.9145417e-07
6a6a03cb9c336a178d986a44fd19bd99,0.00022628889
26a8d2c05ec786cdc8afff7989f8090e,9.898438e-05
9f8129e88209847a1babdcd481bf0610,0.9999137
c07f8b98e61d202f586fe4cf3b8b6aab,0.29926905
de23d833b6c5ea8b120d27790ad1fd3c,0.9999981
f8a6d90b1e91e0ab4f45417783050ece,0.006766046
2d755184beab51073b482ab1c7db1535,2.0014244e-07
f8aefe05d1baba47501a59ce8ae29c23,0.0016551465
9cec541a75e72a7f36d91839bbd25cbf,0.00017473467
ad6ea08113e8284cadbb837056a0f887,0.010730662
ce1ea085430f76965c7876e4876c3e44,0.034496747
289031241a3f222c13f6140241322e4e,0.0016696563
e27c05c4244a9f36322794b3754ed46a,0.7146246
5f8fb170b2c45efec5cf77f11416d0b6,0.9823383
bf77f4e4b7d99180cd03145e877c3638,0.999926
6f65ad3782f78d94b450ae21ffa119f0,0.833455
799e6a959414823e8c0c3400e48bd783,0.02359513
c82dfedc5c36718dc3f51bb8bb3109a3,0.24020231
651e23827d3812e526c4578ab52bd361,0.04331084
714e6f1b51e7988752ff4be9c857df4f,0.11194516
b0d689bdd3db8d166d5dcb00d40f1975,0.00020718852
6dfb884a52826908cf9d0a4e701deda0,0.09946761
3607aba53a6f95b9eb37702894834291,0.12882866
60631d381f69464e3d802ac4a2b9f625,0.0044629467
0a521a02ab12591d2eef33195396d0e5,0.9958966
6231a62be883aa3050d30148d3e39833,1.5232773e-15
12628d9eb15acb005e847256c5dbe71d,0.000200684
52134436ab9e4d5a3abca540674b3f5a,0.5425274
1b56ce13b0acbcdf1e373ab133e152e8,0.9923678
df170f1ff577a03b809fbec7c8c267ac,0.007788816
560a133ec9ee15770bb55e323c40d5a1,0.9959324
c0facaa9561e361afe9d92d38e2793a0,0.23549534
cf474d186c9d81aa7d9ba7837754cca0,0.99992514
d66c485c40d1026cac8b7508346c5142,0.0003505422
549542bc60e388f28e77fc43197ce38b,0.0064938483
d71a81d8e935cf4fd5483e17af675e9b,0.33070922
acecd4bf504c7910e3d65cea16c63f10,0.27561364
e6a5ac1e3a57940b3e4913fc238fa62d,0.01023246
60605807abaf5e6d731a4af6971aa548,0.0010481592
37f096c3d4862862ec80c0becbb1dd0e,2.0887668e-08
c004397250646773e2fa1b54a404a261,0.21841288
d89f1c40931d122339ca8996c8e9090a,0.3640389
c5465eeaf1a2493a6ee3a3dcbacfd0b8,0.9959776
0c24ef37ceda809e350735ff133a9c07,3.9670206e-07
6bfeb97ee8e5d8ca57fc1f0798fc87b9,0.034526456
2d5746a45d702f070f81b47513f51a5a,0.99861825
86651b3a69759db8e3d605c6180ca4d7,0.110609904
21bbffc6f3206d792592e9a0b280da57,0.0568715
9a99ef0f9d9ad6a098ad575cbc67029b,1.3063195e-08
3169a6e21f7ef93cd86012a3e9537de9,0.9989183
248de0e5ec264bbcdc5d5cf89c88c9d5,0.95827127
34d84f5fddd73a6b32991dc34f6c161c,0.9999398
7d5fbb10582c250b0b12cff02add6075,0.079108186
7f5331d61329fdf022d735e2937446a5,0.9958528
c1f8d341dd29a0206746ab766ab8d17e,0.01690674
478676a94500d6753bab0a764fd79344,2.7965061e-05
3b0617bc3943ed78e5b4321d9803189a,2.634531e-07
9bfb890232a1719985b1eb357f770048,2.5955694e-07
beb294e7e3b5ee1d1fb1e3c272d0f8eb,3.4179112e-07
3496206059bf088ed96136f470000f21,0.3050742
42fbf5e55cc1242e640a6dd2c9be4cae,0.9211981
8fbfbf492c5c18fc23e288b2c7485cee,0.0016684255
6d0964f0935235cb59a167d446d4bdcd,0.010627489
b238bd1b8216762cae6267d67bd4289b,0.9956862
d0457978ba4ccb7acc9de302ac977aec,0.40436038
bde8a311414d7314ff61ffbc6bcb598f,0.96505284
43dc75afb4a22452b36c894058073860,0.0135407755
430960fce8a916790fefe403df7ee672,1.109537e-15
36e15f89697588c23b329af28c4bb372,0.11251433
a8274851ca11c3e4179dd9622aca3d20,0.9999373
f00b6ddc449054b9174e4f56016599a9,0.9880674
0a1ce4abd5248bfe3281930625ac7bd7,7.541136e-07
071a0c8a104a1fd40c3399455b90b7f8,1.4527744e-07
4d1bfcbfc08eb1e7455012ea7b29aab1,0.030025601
a04ab7dcdd78252f331789604acef833,0.05644496
bc5d6a11544965b635dfa2a792f4c06f,0.07153724
76563258085ed5f1878d7f6e08cc3411,0.023245297
d0c74732c04a70bad584570518e22ee0,0.08566765
fa6ed52964c5352814f9aaa81ba20409,0.026275752
1fa1dc192c4c5f4ea1f7bb17dc918dca,5.53413e-07
2377a153c70421b4e2669e52693e680d,0.99995565
7c7e2023495a1e048b51aeaa79258971,3.356019e-05
f8e0f5df70f28932b15b2824f64aa68f,0.24686486
c978f8906df71c18f64ba8172e120f0b,0.16891493
97c747c8b1789502767ab6f84875a543,1.6823429e-06
7e794389acf6c001285da96bdcc07f1e,3.4741422e-12
15f80222631fc892f5b99ea1ddd4dfca,0.12918712
f6f66bbd3c810dadb89c5418f15394ee,0.30242115
a2f9efcc0ea671b82a98b9a94dfb2e36,0.995667
5858c5acc08f88268910b3c8b3ea9c24,0.07425987
7febf1709d5ff5ad05a7cb870b507aea,0.115349695
f990e61f27aa6b6f21e22ec66da256bc,0.31486508
5255eaef57984bf4968d31ae58ca7c87,0.026407262
a80b23e800d53b2dc80512a1f62fd29a,5.1863003e-07
a0a25ce0db0b19ee82d023cba21d1388,0.03373052
7bc69ced4862b389d464fd0c95c53bfa,0.05858398
9d1bff78c47909cf9d703a96f3a7ec0b,0.033171676
15f1bb02ce136666cc8e01c262598d2b,0.9198266
ebcdbac52ff1c30caaf8a11fa6a5c059,0.9935934
787b2d9471ee9e140a54f4864977a848,0.21184538
7dce11c153178bf1c270ec03e54141d9,0.0108805215
b731d680eecdb774ffdc0b262d643972,0.14561602
4c36e95c6c89bdb893a8f90868172b0f,0.9999256
ff7556a2f384f792ed4b0e166d57b0c7,0.11754367
eec212cce7ccc1087003f0cdc7d8662d,3.30127e-07
e1268e0dc9eaae80006032527fd655fd,0.0485314
6621e555ff85b675d3f6f7212b884657,0.1215352
b0e88844c7b780f77940adbcdfd77223,2.5109304e-07
dab26a7063ed0e5854d00261bae22b5e,0.9916134
8b73af9327de5484863ef86438218c43,0.9999318
91fd4f6a175787e6c9b54d88c2131c1c,0.038816422
1eccdad697e97e84ade2c4f9cee63e3f,0.002496184
baf2c6fc473ce725d873f6d73e059b4a,0.995678
24fa361aa54a38cd7381a6a07b9c946b,0.64099205
cedd5cede4e76246b919b8206b1f0c5a,0.99565154
2d09ef4be04d7a5a3f7d4897c34cf8f5,0.0013163302
8d8beb699933414a83e39bb0d61b5247,0.04220446
284fce77b1d73456fac430a2e9eb76da,0.23322938
982cad1aca0c8271815d0f61ab03eaf9,3.3965294e-05
64ae29fd9f1ee23705e7779af6975c41,0.010255812
b69068c30b5d9fde63046f675457579b,0.06764481
8304286f4a43b990ccb626a4579b45d3,0.99584585
04c92c46cfa12a9b85c5cbb3ce649ec5,1.0
a4551f02f9fd28c90951b8b02bba6980,0.9221176
f095f2488a4f2a0cc93d8093f8cd8f15,7.672035e-16
c9459eed4d7b0b155c0ae5a64748f5ce,0.89078796
e1862f30e1265914efbf5a7d413b6268,0.9987955
5e3a3a3705df7f7d8ea4607bcb94f388,0.9326667
d1fd4855b00d0f6ee0a6e266a35aade7,0.0020041838
55d1c3bd919b4aee6ed1e0520c476cc7,0.047121536
48efeb5867e36b7f4c58e587f51b0678,0.99213845
d2aed145becbaebc268055f6f2bd0a6b,1.941047e-29
6899281aa3afb3a18c8c2a9e0f703798,8.276363e-22
1b9608d88eb0199dc55ed563b30ed8b0,0.9786396
e15b5eee5ef61094f531f4ab0ea52bd7,0.00048012554
5e200eac41abb63a0b05b9ab4531055f,0.8743708
e0a1b650dd775a5b4cfb99fa526c5ed3,0.25562772
b96be9020a099f335317a4b072977106,0.08696187
ac4a912e172fff1757b9ffbe65961500,0.0046802294
d304489d4765abe8e92aa97650855aac,0.9778569
ec116e52792a1e0f2f4805994ff8bd86,0.019547943
b2c6aaa7b3e18534457a178bddbc9f48,0.995977
9c7cdd49001c3a0adfd584c83add1474,3.4077596e-07
c49153ee4b16c80ebd9476d56cfbf8d8,0.99575657
c7df9349b8100bcf82268644f1062d26,0.00011193944
cd860b68f0a89f2861e60c1757ae1f4d,0.00167034
001f57a401760a6b1dbcac96ae7d6820,1.2655582e-12
97d3e2ba0b06577c648d61f2f359d0dc,0.99998677
87f6f5ab879c7e22325ca49906021d8e,0.2411208
929fbb7750086a389c0a56756feab472,3.524568e-07
49423dfe15fc83479a1714760ae25d1a,0.89903677
df387cd512dc13db14be199cee7f7bad,0.9999279
09cb75f6c608cd7654d3de7dd769b9cb,0.9866215
cca7131574b4247a9f67e0cad85e17d3,0.0857112
47309788d158da4972ee39c47b92dcbc,0.31520584
20202fee1627757d476cade9fa911556,0.000582624
ef7c188f2cb857ad2ba2177dfb9e1245,0.0020084756
2e14d04b067c471af43cf97bbb9f12d0,0.03735986
b882b1299c6fbc8c86f9023473a5d748,0.83205396
d382f9b36ebc8c80f5d8a286956755e8,0.4515795
1ebc63e8f28a49b76f54eb08c4a68c2b,0.99585706
53bc106834aebbe59fc16e1a0b02b32a,0.3697977
204a9aa1ea906ad7f1ee0703c9421811,0.4091752
b90aa4c6b244b2619d91e40e5b4b8a48,1.6378216e-21
4f3e60ef75de67fc2804cc51bb4f5272,0.036634825
810ec5806eac6c27ff7e85ed00b19f30,0.44983172
944ed7b82a2a7951e5d0d5c5f4b011e0,0.013532761
773eb86dbf0fd1fd8a1bc2b4e5631875,0.07714935
c52fb386d8b0152309b2b8e546441059,0.09964201
18da93c97528052602418ba5520a9aec,0.030410213
2e8263b8511e1fdb3a1a423a489ac33c,0.0011766471
a3f6faf0e4cbcabeb2a57d7bf27a67f9,0.0016611844
1c7e79242eedfd99e7590bb1ff6eeed4,0.100360595
6c0c057a1a62357bb23295274892ec2d,0.33024737
de1cf00a6287daaa158f605bdb2f83fc,0.9999975
df1c58b43e08931ce46ca82deac36486,0.99999666
fd493b70051749831cb6a7277db20596,0.1637196
ecf8685cbbf46f270904de90a061b707,0.15891793
b6799d3eb8653effaefe0d1937285b2f,0.25701535
da771f8285b5f7014917531be8fc2e70,0.996009
36764dfa2e35c8a044970ba6a484d13d,3.3884127e-05
00378eaff525b512d1e29d4ad51af6a7,0.9960459
6544594e51cfc05770a50aaf232b721b,0.9996747
7d4e8c245c3b3c90de4abe1bef6ad41a,0.15825953
b2456061caa305994fcf40f2fe44d6b4,0.0020736854
8bfe0ea9841610c917e4257571fd16d9,0.0037759442
57d3cc382e913eb38dfba189fe11d756,0.08567674
892f65fb33581c6c72f152abefbf3e7d,0.34339166
1407840317d06f9053f5f21bb22a126c,0.9519853
a2453ba017ed75197e746fa02cf4754a,2.9142248e-07
2353bb4836ddf987335db05bfa4fb931,0.24612889
e7b1eb3c70f304093953a516a5168399,0.9957021
716426b7af120661c777b6d9fedbf9ce,0.31383803
36f1fca3a27a3c1afd6cf3aa0c9e21d6,0.0016711408
287fa07db1a1e5648877e716e0fe36e8,0.99597496
97e56de15f14c50b09351767da886699,0.4120016
2aefcd81bc4d44efe68951ca95b7cf50,2.0654487e-07
43e2bbb74cd312a335150df868b946d2,0.9958573
9f302772761585c2913f92412e22f689,1.659895e-18
0dbfc9a3d0136b6e7f12c4fa018280f3,0.0010187799
2ef0cc6f0f8aa2534e103b829e270e1d,0.99031746
87a4e5f37c6ff521792a917786bc3b5e,0.0016762074
19129cc9058fc3bab6f66ce2e4a35631,0.982734
4fcd42c38dc5bbbdf67b4aad076650b3,0.00016562277
9b6acd0813ee5e616ffb184daa4bbac8,0.99994695
0c536397afa0492ad76c43041f504c9a,0.061535615
1db256cba543f64e03d73681076c53b2,7.33907e-05
766e3f219d78ac8d3635fdbfc5627834,1.4342184e-12
23150754599acc0bdafc8b5e2437c833,0.99580044
84c8234591e64d74d54d799a7f9ec07d,0.992818
689943d6ca3abbb460767e7d39d5a2b1,0.05983128
6e2fb578697274c6cfb3d25dbf467750,0.9900642
3e065274ee1cf33ef0070192e607aaf4,1.468696e-18
92776907c1f535410f5de8dc502304ee,0.22745885
f1aafd6366bf52caeb9f2eb26a354461,0.99591297
5f0c73c28fae5718f3d5d4acf8a5d726,0.00013784168
31543285f0bf05ecb669bf3fed2af049,0.0020890017
51834fcccefcf6654a9614fd67f1524e,0.0350073
5cd9489435ee9be14cd795e87350b3f9,0.0001685526
72c4b1fdd6a1cea12d5828262a5df5f2,0.997943
085a7c7b0392b9432091f2aad34b1f10,0.11650733
f4eb82bb07fd67db3c25be9ed5bd8b32,0.99993813
84db796d5dcb39ef48b1d498387bdfc9,0.9999161
b1ab5a75df327bbd9cb249de00e4e67d,0.026069399
a77e52f4ccfc98d0a098d244e38391b3,0.072441466
94ac710a5d5be625b92d21bd80718630,0.094545
3bda0915b078a375d2cb195f1b794eb3,0.33120668
1605174d27c500f2af02c175474df7dc,0.30651578
b30093d6cebe80dc416e3e16f53b4bc4,0.2813282
852332e87d224a70fa9544efddcb44c7,0.048384797
a60a38e2a22d9af31e1a040c790b5497,0.5226862
ee4ce367424b9e5e50de1cef6c3398ad,0.07872967
51e1b49e528148832c5071496097bbcf,1.4427436e-15
dfad5fdd5abd81bc88965caf095e3c23,0.10129793
d255278f4f7a1c3d59bc4194040abdfd,0.055001993
f752b9070eb10018f8da6827b5fcd1bf,0.054516856
9339d9b1b5c43d8828e715b321a5cc5c,0.9777944
4bdf5cf0a2dcf0e86311f1f0896be6f2,0.017524714
cacd270b3701ec0aee4b9eb954f31edb,0.08611916
c735f3070b1c43d23d559397e740a7e3,2.509104e-07
c1f5aed3abda3d78bb6dbe0524e049c5,0.95388925
402b5b721a2989712b96dc2cd33213e2,0.9960665
efacfaa873412cc88bf0d534aff166be,0.0
35084b6d0ce1b2fe343477d90595e966,0.02966539
6483d3de531d0651f72f71e4d4393837,3.378146e-05
b60fac4491fa471640b6395472a24557,1.030748e-15
2efaa43cfc1a41b896d48aea1c219618,0.24114436
a42608e928cfd28602e252d4feb52352,0.9999509
a64b81aa18d54d8be984352abf9ae369,0.27482164
dbae16deafaefdcc0df97fb23fc8a8f6,0.8153663
75abeeb6de18530f65d26e8115251b8c,0.19921191
f543f22fcd74a14d900d221e5641ec10,0.06500543
31e5f1b3478091112672703ab3c3f618,0.0035955494
38193a039fec507114095ba6f2dd71fa,0.76871884
3e0305774913b94890a78de8edbf5ae2,0.0016623647
86b3d4766829983a3605b25592eb1569,0.9843444
e9b01a06614c40221eb6eb240babc243,0.0012180726
5036f77f74ff741f448a2943aa697c7d,0.9884015
c677e322947cf212e7621e5421a00289,0.08241941
c2a4f81208c65d130f5ef3467ca76b35,0.00011691042
0e65e80d09ecbc505bdd10927226c87c,0.0025080398
a7d6f0f82a1c1e4cf54743fa7dc49a9a,6.9377265e-06
56914a7a0ad7a1d9525bfc35a2ef9ea2,0.0016617476
0b8b173793732b1e63f9f36ad25aeacb,2.5157985e-07
58953361580bd6e1a0eb9064aead51d8,1.308926e-15
0259359ded34c44d92ddfaeb1c17a5dd,0.303676
2966e69b20a19abfbc80f7da3f45e5da,0.9956786
c42b639b8f699e6f1de108753f02398f,0.02334037
efa2128c91490996f6ab6b981847cb63,0.31309757
3dd6809cbb9fc64db257000dc181e1e3,1.63646e-21
b6c2aac66120fc763f4129544253ce5a,8.559433e-22
42f19b504ddc3c447c1b26ceb742ae8a,0.122050755
cc29750ec9b96bebda1d12ff8953db8c,0.98212516
4a266af3cc14776f79ab2bb99ce2b719,0.24433415
91018077c14e448d080aa4c22c536bf1,9.112401e-16
f25b1bf9d25bbe329ef81a29d5ce9dd6,0.10858603
e21b30f63268e8e1c2c60e9f7bf75f93,1.4596835e-05
72d3fb6a5e154ffcd0e7a616c7fb4757,0.5345443
5f667073d6d81e8a38d348bd63a31921,0.48682234
829cc255b46ef76ea86ec5fde4785920,0.980698
826e75a579739a816cd3315dce701156,0.2728576
9d41623631e963f94733bdfa68fefa51,0.09280592
ea6b2bf7b01fc90248772ab204d720ae,0.99580824
8b65a3214f949b3f1996a04891984c0b,0.16002004
b7ccb53499d85d327b44592a1848f734,0.99636734
74456922b0fd35ba2514da2435580943,0.106398344
099203f92058283809bd9ac7ec936a9d,0.13731323
d3651f3a162ccbeed8b3f367580055e7,0.9552891
eb2ac6622cdad672e839a5d65f52eee1,0.008917218
8c6e22c71d4589f71ea2333daa84df45,0.99583673
23dbae2713e9ccdb1d368faf55dfc295,3.3344654e-13
744ee6db60223264b9e5bf9cd080be2a,0.00090437784
785838b15953c4805b8ebbc85be28bfc,0.999987
225a8d5e2bc03dfd40e108db93135819,0.13603906
aa3fe76e56df94841da2468cd7c21258,0.14125462
e582cdc4366bbeaf5300d39340d951f8,0.018295024
6fdab1a13c359cbf9ea837c0d095dbfe,0.990581
750f2b6aa881f5c0d2a31594114ef012,0.14323878
33b7bacf7cf0851d779d155f32b60a7b,0.09509096
49155b920f8bf8cdf7249e7a467bfd44,0.16857278
e78c22211dce8f31cebf7f1fbe3b8142,0.06442349
0aaa1a4770aac986d0c216e1c6e1fcc6,0.06653563
eec1e8dfe8fb2d9341a5ff1e8648f10f,0.030091565
e1219db9f7efbf0e7c4160e1a1b0eec6,0.005216875
802984b9d164120a43fc580b92091c2c,0.9251485
77c2542185a933a96af82c7865df2cdd,0.9138244
d7a561fc900fa4bb562b5525d57b1f23,0.029563
d9906e030ff688c608c883b59ca80e7d,0.0148574505
a90a2c751be2acb0d56048412cc5b09d,0.009049819
06f321e9df889093a2be2cb421121089,0.14655073
0d4cebb51f9b9287c628c701c81ec3f3,0.040891033
6ad64050fa43d17e8f1ebf1b33ff41b1,0.12743743
14f2664eca423af1836adc6efd21a4bc,0.9999893
f4b81bdc48119b8de33f67f5c39dcefe,0.00036522458
559f41cac530570e26ea0b09b4ae1dbc,0.2433344
e9fefc93bf3f37da63df72fa02e2d48f,0.00016485687
a3a84fa45d9987a29c659a8690700e2a,0.99999726
b1f0f4dcc26799e0a338af86977bdfff,0.9782178
e0848d83743ccc73dfea184b96225336,0.31750485
2c1dd512b4f355f31510f5c449af4c0f,0.9999875
5a38dc02e86a7ec910899a1c249f2fb9,0.9977102
f66fb9633a42bbe42e9527d6b05cc760,0.9926686
81d5c18272cfbacb720e336eaaa67778,0.06833401
063056e6a329574071632b06c0ca36ba,0.9893637
bbfc01e933e566ad18f39bb906955d33,0.009495991
43553c087d242404840c8eb1fd302eb6,0.04349716
9333066b504a9807113578c433bd315f,0.99611425
9fb0c5b9544b08fde503000e85c5ed62,0.9945334
a9c640914016f703cfcffd1ee6597177,0.9911567
78db1264e6da060694ba7ec3ed0dbf3a,0.031490207
7713592c7ed3a2541a11b0f62904aa73,0.2989047
d62176da868029728d3125113b658e5a,0.0022310365
692824cf1f9d9a354d979f77e02f09c5,2.5946437e-07
1cff0b4e7e05a4cfa0ef0f8b62305b36,0.005239662
b03a3cf583fb852a6b2e7842d204f8b0,0.094149575
e74223a1e86ade18d44add8714167423,2.845811e-09
178375898e35589eb0e23f936a28dad0,8.831108e-10
ea4d2001773f8161923fa9656bf7f213,0.08282185
d32d06f634e397cd5e3939f31de9b4a4,0.48565656
e917cb865fedd0d1f444a4911b146bbb,0.999938
cfa550587c04967c0869c880c8f689c2,0.25422207
235430ee1dcde985724ee7d77970b5fe,0.3569896
06a2ea79b42f987ecf1220977b7ea7b4,0.0002969667
b4b3c4eec6688cd63f9c5b876ce851d3,0.0055447533
ed29dcde8768f1e4c759486140c338cd,0.80266815
18ee0a2a9dbb74066cf25c2c3d1972b1,0.99442947
44d3945eed22fb9ddf5847003256f78f,0.99560344
af630f586f593c83f70f4d02f03ac724,0.027537977
247e45a604f8fcb487d9be64eeb5607e,0.24535257
488ecbb3015d642ee9641debf6db473e,5.4719766e-07
f566bfc2d6ee83efb3572b5b1e1dc109,0.99999714
cdc3aaa008bb19b2b755f8d76be01fb1,0.00016402772
59b463957a9b3c3235a81a86828fcb93,0.37869325
70ead0f8f6ec50f76b2b594cae68f70f,0.0016697468
7807d22bf7810116f6c68e26b1e882b1,0.994052
f627917a3a86655fda4034d765f2067d,0.34138244
6f4937bf0fdd00f106cdd3544686baa0,0.25003102
dc4b07e4ec3e0ebee102a970ecc39387,0.059376907
b07e02d24609a53aad28150ed57ba447,0.10547618
9ff98ba510f9e45ff7c3206e1d45454a,0.027199956
b7c9cdda0042a84a160855c9f2f9400c,0.08813375
f1f15cba3d6bf6be0bd8643320f0dd3a,0.08949102
99937fdee5ba53272100846cde5e12bc,0.34606096
c7f5efbf3ea2421379db02054ea4d373,0.82449836
97080b1178e3b86e650a063526b9c5d7,0.04898845
c99e4779546fcbb1602c37512d299ec1,0.027917892
85b0d56ee17f4d8300bfbe2be323f385,2.3135536e-12
3299b3a4eba274b1940c60603b424cb1,0.3977072
e6e9b0f91c0c57dad1bcbfc97940759d,0.065655336
d7d2e88f44bb83eda24da9fe63ac6c36,0.11892463
4ac56b4f6fb64c47a17ec531028ff542,0.088501275
05383874c71d3eb5a151e5c1145a7274,0.2528606
d9cd0a5aebec41957cec4768da17bf58,1.1152356e-06
a8f5f9140f18cbbb3dcf6410f2c728b1,0.9986993
dc7044f273b0a161279ddce8c5dff0a7,0.0014422684
0a3a43c545b504fca1908688bbe661a4,0.99993205
c1a13ecb533f5f43b9f6f39c22e597a6,0.25008884
cbf8d3ca939ab057b645e60cb138a9b7,1.0361818e-09
eaeba77d54354ffbfbe9396eb0876eb4,0.2581654
a1fe0ac2c9f974cfe19563b24a06bee7,0.030392835
40e23bb233b3b31645c0c735b923fab3,0.08230263
db56df706e91ef21842df4421ce73da0,0.99999666
a6cac081da76ae411e47a2be36e97366,0.31470755
af6a152f73fd1f7f84f049290f65c1f4,0.33531776
aedd5668a64100bcadb414e9d7674abc,6.804682e-21
601910b756f3b11ca957f36483ba2b5e,0.27270007
68bd30acb99de39342038d45503c8234,0.19536583
7788c22cdecbc74d150427159607bc8e,3.2351073e-20
ec2e55e29b1b4aaf588c4fa6f6b62300,0.7266503
2631721ddfaaaf4a6d1e6c14d2ae2f43,0.9998011
c14bec8cd272e8126fae86aff4833ceb,0.76725173
50941e4a6f6129d5ee4efb21c8b1b3d6,0.27143744
6a67ce2ec0835a820e52a3bb875a286f,0.60679585
0db2fa36ad0c3b144c74a0994e74ea17,0.3206286
bd15747a1186741995f6e96e5e376c0b,0.6382421
e5da1fe6fe1dc3770dfceca2988903a0,0.095523365
ebcb00aaa3ffa6fd108769bff7e5dbea,0.00016972215
19294ce83d0d03cdbd71b56142f6d1b1,0.99592125
8c7f03aec42e0af336c8135879fb75b5,0.9939482
45323022c734585feca8744a6ea87d91,0.0016681374
5bf2a0e6d7416b1c2fddc172ed27f700,0.9999846
3da1b1c0d5fc9cec058e7c74013b4fcc,0.9999925
fce837623f5184a71022ae71638c84f7,0.00046499315
81512f1bb1e36f306790ac84c2e7eb25,0.12713331
1a41d468539d2b67ecfd5092cd1dca6f,1.9080694e-29
5f36aaf4ce578c64ce962ca1591bb2c1,0.075035475
97fcc9a8e35600680da1d975dc32f9ec,0.14566274
e72ca79e652740a19a1ce8ee70a3b954,0.21060665
f19ab169c2be141e7e28317a275aa944,0.31926298
1137b225fcd8dd7409858d64ccf97fbf,0.15332875
c4d74c330a1b3164b1ea4ed54f3e49a3,1.0899128e-15
4b3ddbc423e7cde91261bafa96a82adc,0.9227364
8e24ab73a19bd782136f76bf3ed786cd,0.021594971
ef1aac515f9eb4eb725eb9a72f23f00a,0.99969304
00648797bdc486f8f0607630380f10b7,0.0139712235
9954c7eddff6c9e05db7f0567e6e1d57,0.9999845
04e0ad52b0ba3e88e4cb6a7be0af66f4,0.94936746
36afc6cc568de8932c16882f110df2e4,0.54428077
634e6399c396afd3c97d017af69a6adf,0.027002854
f8883a0265eea6371a19e79ad852c430,0.034660727
9be246c14684983a38224452dd79e1f8,0.038556963
00243e6f62fef79dfc52e6624c350e16,0.2413863
8576c8038ad577b13ee2994ad3f96b91,0.25428337
e66e2db4276988214069380a2f39865b,0.9996735
b544839f96c2c4a4a7a31aba860013dd,0.307265
bf29dd695749ac02856bd0a5a1ab9208,0.00546239
f570555d9084acab5204376903855f30,0.24516329
54b19b8734c48863576cc97f9ae98e39,1.0
8f5184378aa78ae410cce03b807bf653,0.20597972
70048fb9354fc4eb4974e9106c4bc57d,0.032964904
c67fa99dd497dfcf0e0a84ec86b0467e,0.00087092695
bba6a30905d6a92c1d0dc73abba1810f,0.010948056
22f6ed489b2f22ff470b5f4c5abc1322,0.3214938
b7ba1954a970c0e56cacbc9d2e6fbe1b,0.9958182
f990e2a9ae328e93b7501fd948a01843,0.9859374
35370892bea49137ac3c08f8998bb9ff,0.45822707
5a285031bf2cbfc8f3d232faae58258d,0.5078874
6eb5231c1b8d168824739679360f8ee6,0.00083868037
2d1b897e57d9456f7dc2e36bb45310ea,0.995972
1b66f1e06b75bc548b61919cfdde8c36,0.046665993
c64d822d1f5c598868fd589be19fd283,3.602387e-05
2eeb6bf9ce9af702e165d9de21120cfe,0.60103774
eee4db00edb4207fdd8f903b5ba84e90,0.99999726
5f6431811698c8d9640a15327265cfed,0.99594706
f5936934ff667f9ea50c08187c00d194,0.24698594
fbcc05c7f4a02e691ab7efcd66cf3918,0.11664602
f8512f6dd51cf128a61a4a17a0f92b60,0.9762541
347683d0bd393fb9f0facade3153b050,0.0014771901
ea51c817f52e5a7526122a10a8c8c5ef,0.32232717
c43875ddc579e89d710c0adebdbf1dac,0.25675324
fdd7f38611ef06672d2775c5ba7a1832,0.9998938
38bf94955c0a9c3f67aabb94128e7c7b,0.9999988
52a53b78bed1636d09e744dd1179be56,0.3249732
a8460572c8824208530e5d1529d287d0,0.22299154
a52a1cd5cf75697d9ff71f6a12fa2f0b,0.04296532
fb4735cde844979d5c6135209e0af5c6,0.99403644
dc75ce76bc2c230651733d16aa371687,0.086718485
2872878f08957d03a51ad1768178b701,0.051841304
cc99ea5b166d7b6bab9605fb5e2d2ecb,0.99999833
74f0a558023ce9f1abd783e5607a855e,5.601049e-11
d19a6123245899c8df0d2439d4745be6,0.22024165
637c9c3125a719e1d33012dd742e7fde,0.99999666
059865a7b20e7a31f43937599c389dfa,0.99579996
ea48ee45da1f5a95f28d78f1d1138b40,0.98662764
999f3765cd39a7bb92de3ea9a064e100,0.25663581
a771725f2153ccebf1d029ec087a6cfa,0.012319676
9d4fd21b8525492a6d9dd718aecbf3f4,1.869672e-15
66d10707e4d4176ba4187f40232b4968,0.17738917
23ae54b56184538321b775b1d9d12bd7,2.2458818e-07
eedb81b56bc370a9fc6858d2530dfff9,0.0011307595
36a97c2b3a0e5fa22125092e92177bbb,0.999915
c4c96f39bf326638a0ebb306d928a6bf,0.0077835005
08ebf62926ada432a9153fb149cf2600,0.37895143
b73300b34cb2f980298c6737568d850e,0.99576205
be4e698ba53ca61e27fbf6be905c76de,0.624875
ea79552bdb9f1eb0b28922e7ff5ae59c,0.99516666
a9c73c1086f0656ccca83ef966ba44ab,0.33268282
c1f0796efffc88b8758e9b2ba5559918,0.6199429
4066cdf4fd6c449bb3d322b05b950712,3.8022966e-12
3167cbc8ee1f2d8ed2f37653de572c99,0.014357678
638b7b5c029405a05e4ac740058ff30f,2.0380695e-20
e204c787d483498253e8289b6568048c,0.17988952
03f6e596a5a8e7c44cd51e4de23b5dc9,0.9999906
40b7fd74f56258a845275f8e58194e04,0.001268806
aec08c84f6d56510e965bd55ce2469ca,0.108628854
f996e06df7968f726d7eb755819e4226,0.08921211
86e035ba3dbf2661b96bc98e8f9dc44d,0.008332586
cc02075dc552c0b191297da25aefbc95,0.011755597
6eae4033fcf6e7b9bf510ddd176e7ae2,0.05781429
a5de2fa61adbbb7c487b788c5b2cc97d,0.0030229562
a39abadac0c1efadf32853a68352b595,0.0034692904
2aba80a866b1acb1be889e4bcccddacb,0.9959645
a8d02fc5560d7d6aeb6b48dcbb6dee32,0.89933234
44629efb76ce5ad566faa044e74699f0,8.089513e-11
2b26fb332ceca5db7983d7734d26db2d,0.99522495
655d8ba314dbcdc1f4ac4cc19a104d91,0.020057498
b7e23e1b78373254f936d5dec75fdf00,1.8187298e-12
71e70ee982b147acbf2deb25c06fb58d,0.99462306
fc07d962e4921eb8d872047fe2f7f49e,0.995977
ba130effe72ed300ddaf14e45bc03e85,0.0016764724
454f7f8cd2a67aa0799921465c83201a,0.9999994
dd627a84098de56d35062f5f09630d0e,0.98883444
bbf863ccd6826ad6200378a047e61e67,0.019274883
eff9e94ff9bc664a9b8f8f243e281282,0.73430145
45a9f929c32764f9a007a738e47b89d6,0.30838758
c4e5974e135abb99b9592c9b2fef10fc,0.007993566
3a5184dd88f857812229ab69bbd1839b,0.031284932
d6fdd60a53c8e6ecee2d883b762322cf,0.09105211
96d013151ba6ef3bdfa731fb5ca828cb,0.00014830212
96613eec069258b206424665e4e5031a,2.9032648e-07
8b7d8e283caa3da57247ce747c0385f6,0.13514984
abbb0a906e8a5be819f152e8425226ce,0.29709116
8598129890cf54665870cab9bfb0fe1a,0.18234867
77f99337f64f8fd3a4f28f6823714855,0.25070885
c2637b2ad4d436f4efda952b1e8db2b8,0.0020331377
316a91202cdcbfe434288765a841b879,0.016232513
aa0e83cfb115cf98d24affcb780eac05,2.660649e-13
204680ebb902c03fc8ac63e1e8db35e6,0.9670829
8ce504655a0c3e3576d63378be9afd42,0.99584216
920e6c30ad786494a271a754db96a703,4.6068644e-12
3753c70d97fe1fd3e143d312e6c35b6a,0.002648545
b683ccf8c4760ce6f16fdde13b1ca1da,0.14074513
994d383c39a3f2343bcacdf65c4418da,0.057037435
679d42e6df546f58cdc5c60f58592920,0.08150691
be8c3f3a34802369d239a4e492a2b147,0.63219154
f91b809418deabf5412255309ab31e82,0.14359213
ce75fe79edace19e9de62720a53656d5,0.036720924
8aa270e3d1e9656b2c35b300695ed73c,8.322516e-12
216112c3782d545d7bca5a0b463fe9b8,0.00029522355
68cd1a4632393cf85b72ca0b57009cba,0.1949665
244d2a211240d0f3a085449cfcee3459,0.024133796
a4ef09bdc38aa4e4ac53270985abb7e7,0.9999982
c22c65123759fa5c09d1fe61d05d8206,0.9999926
3ad8e4b4dddee0496e81e5362b9507af,2.0293635e-29
2a46d1af38c45cef9d221d4eec347163,0.33661994
16ac2eddeeacc44e1fd1af16a304d25a,0.99018794
91c6b41c926d501e2121bca2f2172239,0.22915149
e2c21a5e639ad8e163a04e5078c7f218,2.5847709e-18
a90e0a9abad0e89d67a5c851c46411a0,0.978639
04e870007f887378cc789ddb72d03e01,0.09747089
cb64dddceb29c15b7c0b1c346b0c81ed,0.9892993
517db59364156c54e5c9b6469952d44e,0.99110913
2b73ec426300d52b5426f12a79adffb0,0.24465157
6b80fbcc45190922bfcd039d6604ad14,0.999998
00bb28d1f3fa5e5f6911e3ad63fabd14,0.024654824
1a249735f72d200b45ce26591b99b612,0.0020556785
1abc3780d41e3f0b52d5bfeebc8edbdf,1.7733003e-21
42e73e5f68e47335609d2777495d49ef,0.25612527
45a374344465e4e060daf8d0c39eb552,0.006008848
5ba4f567a77c7d7672b690b1cff10dd9,1.9552658e-12
c979d63c65792c78a3a16b894470f901,0.017429505
2fdbbb9a045948d19b16ed92d9e01558,2.9889526e-07
0a5436a0b32eec5c3b0c1e4f1ada9f00,9.149583e-05
aaf2c7700032fa676bd26020907d1326,0.99999726
e3037581f7e727986d277567d64582ef,0.11786383
ff9601a8ce794092331d5f2a6e385e6b,0.014670938
cee7b7f18c969ecdcccc7b9f4b14b3ed,0.9958347
03b38a5b3978ae17bd53d46b21664bf8,0.19160861
a2f6122bb72582feff854e4fc2f08fa2,0.9956896
0aa3e61aad979d056543ca3c268df3a2,3.5377784e-10
01087d4e1550c17ba648f0e76b656356,0.25578612
b400ba5d7d60656b120005eddb1bc946,0.16381846
74085c53032f646177a0fcd39e6319bb,0.99472815
f9265216078c6f2edf4b0822086ffc6e,0.016628353
f3998e135f5e6bbbc07644ca7a0f0c5a,0.76863587
a5cf7e055a8cad12d683c7dd90a49a00,0.99973303
a791c235a0f3087b71215dc29c5ea91a,0.18320109
17d228bfd29d0ca5291e8b25bba002b2,6.3063925e-07
f5a791e174a872ea3bed88bd4b64c91a,0.9918417
133bb1d1eb7118a83686278364a91bf3,0.0016630049
fbe4bbfc10eaf8a32435a1affc24c527,0.99327093
afdc943511f1bfd47d8b9d334bd9a7a6,3.821932e-10
b0c371125a026c18252ee58e19f402e6,0.018512633
4553b8cd3e1cdf2254a40a03e045ea9d,0.039248385
e7c20b752fb934983cdc320ac4e22e9f,0.029051578
0c59450b4381e67594b7d4d142918521,0.99560237
5ecc8efa9cb48686f1aee9376112ec69,3.5459365e-07
e6ac918391b499055ade4ef9bb6e95ff,9.691678e-05
1d352b03278b6ac6ee0a1188650cb98e,0.21007228
f76dc131e9fecc386646523edd9e1cf9,0.6395391
2f5c86320b43ca87756398c986cdddda,7.0572936e-11
a43a7e0e118957b2843b89e4e140a15e,0.0062416056
002b23c2d0a9dea4214e485eb982cdd4,0.9875212
9d6153d2329e61482301fca49a77ac15,0.32759225
786bdb27f2eca2315e8c36302630dab8,1.4452021e-09
0f1067822c61288187555142651cbe6b,0.02178005
263ec73a37a03680353d55321febaeec,0.01341784
d7a93d2d313c2d5dea66534e7f9599b0,3.3492347e-09
14290500d144ab4e0089395479ba2138,1.1728513e-10
6a1af1f6688414627cf0460ccebb8672,0.00039273343
179cb67aa32c5bcb9918b7510b1bcd00,0.0032551684
f977e57a3e60b1059478649fc1e18105,0.20794934
a37dd5a562af99bca2eecb1963c5d369,0.20900388
ad13032b574fe8161d2b5eca45965095,0.042881995
30fe280000c637bb0976a66104fb22a4,1.0
111697dc98200c6f0111b89f3fd4b587,0.072412714
93402f4cb4804617b4f4b0353f031385,0.0015399621
71ae2a64092bacefb0ea140e153516a0,0.2042138
cb7d25d903d7600da02a943878d14cc5,0.9932735
9e5d35e89c1788b2e29b2fb978cae02a,0.20902346
080ab33d36421ae856d7e2115b853543,0.05582945
44bbb71aff57763fdf03c29b0ecef749,0.12139109
b7a2016d4b67b354cb4e08533ef2e213,0.98274255
4b6304e6c6672dc5f436d5547bb57aa6,3.0917907e-10
f33c2f75137f91b655a8cb040f4e4fa5,0.011509224
fcf0ca8e9e379095378f09f12bc6b3f9,0.9999993
efec5b8b095ca0fd3f2a9106c00b56c9,1.5660329e-06
8e3127f673dfc50d363ea23d8306cf84,0.9998721
74bc332afa728a23cca3a502c42031cb,0.0017440203
4693a456d4028709acb5366286c1af84,0.98933035
a3b6353aa5a7e181bbb0de2383bb3bfc,6.029827e-08
9fd914f4d314a0cac19bff509d566cd0,0.025943907
fba43098ed0b121c14e2452f8641e95a,0.21090767
e82546e84b438af5a77729f44a73fbf8,0.90861684
9ee5633e012892417b3f73b9392fa035,5.9638522e-12
825634b4848f0e44327d2a5279952cf6,0.19952062
f05b7779ee3a541b1a76ad1158042c02,0.015937224
887c3ec2cbc8cc5f8ec9e2a9751839f2,0.0047997246
90ae8b50cc9978c2d7f79da7e2edc63e,0.022919001
8ed32ace2fbce50296d3a1a16d963ba7,0.44754893
21ffee44c3defba41f685b50e9f77e98,0.16351354
3cd8499f6eac177fb577e805adf1a83d,0.19207905
5035b94bbdb1d966107b9e61a1d03db7,0.9999007
1fbaa6d8e77f39d97104d3e356e1c93e,0.17690535
f8e006cd0a4c8b8e97a2dd1f702b02f1,0.20476517
9d0b42a75c14e5cfeca90ed90afe552b,0.027541596
e218952ea7b0ac082af3cc9d3ab55192,0.108244605
1bee407357a1a83da2a38a681144effb,0.039218806
c05d9d1237dd9eb87e4d704e7d9c898d,0.11480753
51732e6239c0726aa056d9ee174a9121,0.19626862
1071cce2a4e9a5cadabe5dbc746e5c72,0.0022792306
42a4264e30f5c5ab7b2d1aa44143bd7a,0.0031291205
803489e486c3a856d0455cf271bb7150,1.9536797e-10
51349a352bcd0cb05aeabb7e46d0ecda,0.064046405
2c1fad75c8ee20ba8242c36f0e63ef64,0.08373318
526a98e8a8446e397a2b4aed4525db82,0.063876346
c73e6cafbe7c64fd1d575489ff97c996,0.98654187
505015d8b9cf48867cf5df264e4c5d77,0.00787964
df4582cef41841bda37ba2c089017c90,0.025896208
23360dd89c594b4e6c7e70a73722f4c7,0.0028396742
1dcd08ff2fedef463beaf4fefa4e3e8e,5.660988e-07
44117b42db8ac51eaa644a31fb554c5c,0.99989223
cc63f92bcd4c29b69e2755794bf41f9d,0.9998926
211cd3ca71b8d62144cc14561445a536,0.007329155
b5d929efc9697c7470d29ea38e18396d,0.9998869
00204750e4a30f8ecb528550a05dd6d7,0.00047484186
b675b69824c734efaefac0f2110b9af0,0.004151161
4b21bbd20b874060f1617052e29672d1,0.99711776
8feb3cce223b51d11c735bd9a7d8574f,0.99999666
917cf902f34d570aceb5e9b83f1d4211,0.0008855458
0c5fd55f8ed022446f00ada01735a872,0.16655795
fd8e463a761812c5a146228170dacbee,0.99981195
4f70d8d7baeb38cc63d32182ec8e2c9c,0.00040050133
59d8e9d863a7c44ec2892f776fe322ab,0.45564374
3f9300c51ee09f2a865a34de56d63887,0.21410723
c1b798a8bbe4d0b1d7ea19891d4c4108,0.0028302032
65e0d8d2880744a3400c7406534543df,0.9327277
ef695cae27179d22689464389af8ccec,0.9884907
569f26b516a035df400dfcc959aa1625,0.5668804
7f02cc326fe7db3213d348c1c836976d,0.08756369
9215e375872869914816048a35df717e,5.36152e-07
70896c0e706dce9ce88e351a0f818b1e,0.047002207
4a48258a27501e24488bcdc8c53e2ebf,0.10154391
9a6cac215a4437b5fe6d273f61f33d64,0.19615546
1f331d518d0e425ab7642ccd638ec795,0.9666821
e1f8f9121f098ca03169029406a9f7fc,0.06863402
3e3b1f14bb70f7d1fa78f065812c9697,0.9884476
dcf6925eab3771f8f419d70359936966,1.0
d1d5a2fde3e57dfab18fe8ba80237543,0.9999769
fb137452fb5f96b1127c2bc938b2544a,0.31073162
8627b69e2d294c58f9d244663d1f865d,0.100206114
1d5f5edcaea84b9d3fb632d2571e1bd0,0.025422841
cbf7ee97385cb0ff757532eb268dc754,0.25170943
bf6b7e47584d01b5c782c1caaac167ce,0.010080437
beb2637af6e29efb26c78446e0696dc9,0.0862086
b6a2d3ea29da751fcf688006a1a7d3ad,0.018403927
bbc0bac54ef67d87a8acbb3698dec29e,0.022422677
a5533b2c40ec7085a4c4fae8b278c665,0.040133882
caf27248461541c93c399a0602107083,0.05166099
7d30aea90227baafb8e479e2a4fa0a4f,0.09761929
3203d30d57afdb8a351ed0272bfe0820,1.2983941e-05
497d4a4eec30866d6051f16c02526943,1.5447114e-08
56d7e12e4701308b5317189a2da06a3c,0.018349258
7007a0440b799ae7b6ff65494f106a8e,0.013692117
3bcbc32991bdcafc2854ee6ed9999fb9,0.064909406
8bad97dfb736d59c3cca2b0397625a9b,0.97521234
763da82098d9758187747894c76172c3,0.000443003
b9d218ecfd1df72128212c8a2fc10ca7,0.9512415
66281139432d42f0ebc0619d768f40e0,0.22054954
f226f4c71bacea806ddbfdc6d306d731,0.13665561
34c27c7635a858ec9df2551cf846b96b,0.99997497
3030afa470ec2cf09450362412625057,1.0
d32c07f78a2d47bd5b916231eae4e322,0.9506717
6d32996be4d2775e256ffa4e79db6307,0.57476854
b6cb00601ce487d3876cda934f030534,0.99986887
d60ce57bb64828e005085752890f8821,0.2115294
2f7d477f3d12b6710b11e908a4af26e0,0.989971
262cf062a4c6fc200ade5fcb804b9e24,0.12001539
76cd429a71cf1c495d89f09f1cebe16f,0.005320521
75214418c602052280a7fd4373d53091,0.25889975
bc22bfc6f1892f506a15b79cf909abd4,3.2078555e-07
a9c561b9dd2cbd4607153b84005b739f,1.0
9061ad1fe8b3574e39261a02989fa86c,0.0016682429
af01622868de049af4820d2217f81462,0.058361497
5824addc5cace9168fb18810a557998d,0.6067129
a48580f20d8fb49cb3f5ef2ae44bca16,0.0040699807
6b976186f1c68d039e53cd7d1d8c4bcb,0.23999405
6535c0b8a596157a302782edba77ff02,0.059341934
873042ccfe7950e26376d7fa96fd07fc,0.10972979
86fd0475d126ca714f3a2c5c2c4376cf,0.9892089
86dc1242f427ff2b3d597e5d4e8a60bf,0.0023916606
792b9eda0dd4aab8df43f127e84ce2d0,0.15241288
f31cde8973df6ea521b90fdf8227374e,5.613155e-06
345e98e236be7ff4c4943c2fe64d4a5d,0.22164479
34227ff0eb91b51ba399d0bd83f061a5,0.13611871
7f5cd2d703d880b581bb77dd87007949,0.98928285
a311cef429085f54e95b32fd836c56b6,0.9890554
1c65424b6e836ce43581571c11de74c8,0.018381247
1e314a2b2315a0b42aa6ed8be8dedcb9,0.9999039
d714cf737608816639a6aad7f91954a2,0.20643675
86e66ea0b7574319ad1797b0b14db97e,0.033333603
eb25477afa75178c83a5ca78781192b3,2.475961e-07
c6a60f9bcdc3f8b8d0c9e6f882ac1ff5,0.4257191
70ec1120f63f2e0de5d2b1d90cac63e6,0.96478224
3f7f453489af5355c185ef7f7b3206ee,0.10218137
dcf975c363d19e88185f0b1629dc51a9,0.2104531
f2daea1be217ae3816a0fa7075a804e3,0.60352254
fbb51b4679800966750d7cab864723b9,0.18979985
73af75d5d5b8e2ffb64c1996e93de7f9,0.02751837
b8950a4f240cb0a7da1eb0d3b6b94108,0.99995875
94d2cf2f17f06c6cf7c44cb87546e216,0.043812525
122a6d2051953be2f182a2cd4fc26fe4,0.065208256
22a6c59355d7d613585abdbc4fcf0b0d,0.06485478
b06fcf709860a9e24360edd651cff73c,0.10428136
5fc54cf2c5e164056fefe26944360e8d,0.557348
ea5c1748335b7603e69c8ad3f4c87c63,0.005990373
92ff8f7b1492243b799f25a880b53bdd,0.025609896
8d491e642b1402ee5bf8d1417c437da1,0.31508437
ac9ca2630e786588fc1cfc8e3e36e0bf,6.188108e-05
3be6ae0e5dca37c4f773ccb8278d7005,0.9959863
b43eb0aec4f1f363d28c565dc19db5b2,0.022308707
b7936278782244893f37a202451b48f9,0.12677248
ff81f72284b2b6a4710df8a9cc6a4f53,0.24058147
4f820d97f74638d1d551abc057a2a279,0.010279468
b63cec1d2a370c53e8695b781bea13e3,0.0028492187
b26bb8218b83038d037bf6a68bc69abd,1.0
3e2c09542e0f1d51896694ed1f43db8d,0.21283947
10ff4a42abf7341ff2fe986ee8235bb2,0.1369
c295f3fa16b20c6380f402a02e73bb84,0.13697252
3f2f27db7ed809e753f16100b6e3683a,0.25183734
9b6b4686d55afe1479011ee77b5ffb24,0.9553282
a6e1c41494c75bb0cce2b25452459272,0.008480851
9e94d93e911df7ddc68808c9c0ad7bec,0.0021166662
6b297dca2cf6a741c50e873ebb24ad43,0.9889966
9607ac32c7a83e31fef89f69933231e6,1.0
ebd6214d7f107dd635e8237892b29979,0.992305
cad2741c7718b002872f3448effafc33,7.30813e-07
e57ee416c10b2337300d81e570fb7746,0.2494859
34aa457fed673b5c3cec68d05df16473,1.0
5ee328db4f5298205a46a4f9b56fe13b,0.0075122337
fcc39fef2f668591b67cd1b58f693b45,0.9998149
81663d372470329e6ebd68fd47ce2960,1.0
66024954a778391e1a27b9c417bab6cf,0.10218616
5a47431879a6191bea3666c92821a722,0.99999833
8564b860d1b23ce8f670b060c2f942e6,0.14432926
184d122b490b7ddd40bb242632966c12,0.87507427
17ab5f3ad211ef9cf6e8db44f8851afd,0.8228353
133424a14fb0bdd769d65b877e60f270,0.20621341
46a6a08be2a2bc040bccfd7739392941,8.9061476e-05
e61092367f5c41a433bc6b326a2cafcb,9.195896e-08
3c841bf17637cc4dd3f9b30853f595e8,0.14262962
91e55b4071c1f2a3c072c8bc5a3036ac,0.6520198
3260da3fdc893a52f99a130d5a3cd278,4.729682e-11
ab0b69985bba4e1f4358e9fe032859e9,0.024721544
dfbe0e2441ad14dc2acaf40e04bd88ac,1.9606033e-07
43059efef96e0391c26366bb3a9948ce,2.7383416e-08
166839ec61b45a59b681ba782e38adfd,0.0028631098
ab303da731cc95c5118ed3b381c417ab,0.99995506
cb646f0bc8fc317b6d3ea689ab63cc87,0.002829552
b7596ff6ba8c69539d79cf448ed6c427,0.091536865
1aed8674fd45787a5d32fed976741edd,0.009236359
7f656c531d64805eaef4d8a53ad4037f,0.9775604
a8e0bf583fb1385b5e0d9590c821eb13,0.99990344
58cd344626319c5b2a533871979b4225,0.956058
b988f065ae6cab008e414b2e8399b1d2,0.95124424
ee8c4dd5bd59e998bfde7e31a6d7d9bf,0.98756325
1894e7928fed40d64aae9757f4122d98,0.120849825
c9ab60b732ee4f316432627a88a449f2,3.645226e-12
daefb23c9bbfa2849fa16a970fe4f7fb,0.71808815
bf7e12877cdc2113e83c357d61c73751,0.0016036419
fec3c0499355b1b60196658bf4ac6cdd,0.60510397
53130039ca4afcdeea2f4195f9736860,4.035256e-10
f94e76f3413533466d5381a1fcb5fdda,0.63139695
797c7735fd7ddd10c3480324b2206e84,0.16067755
d9fc692c9a724bf14422706f5f7413fd,0.006456637
29b370676937c9499de38ab9da32118c,0.9665636
a45fbc7b93c849501310d925e30a38b0,0.0047101984
8454aa83fe44292fb1ba105b08de7e9e,0.038348783
74b71de3732d2b4f3981050fbcff8492,0.23618402
6ef5b371eaf0c9ec6aaea8c5b56d2856,0.033616055
dfdb72709c586860a44f5343b53ecde3,0.065272085
8979027a36ebc78352a50dbe7f95bb84,0.20103335
29c8f679bb61068ca272d9e86106a1eb,0.8612695
d1ecbd89fd8e766baa79973b93131dcc,0.9998853
422313fd212bf2664241ed03e5421cc1,0.9872143
e52822024d7f7f99636c0c3a8b6636b2,0.07880616
dfa803a29834487e105f930fad10c23d,0.022979083
c79434699d057c76e0e1a40a6a3f0c5a,0.03946831
b3658513026580bb96b84eea0d06f5e3,0.21194293
924e032424ff2d663322e43db6fdd590,0.21111631
82eaaf4eae0ae057af9728c5a3e17058,0.13317867
49605e1b9543810eab6cac6e9c705a22,0.7185725
b69b3f05be56830d3e479393dad3d0d3,0.001068805
caa76a2e499173ee3adc3b637ec8a213,0.014683538
875f86cffeb048b2e9e938a7efed0fd7,0.012248156
5846831cfd75a1d686963ae3c628e00e,2.3455101e-07
9276258e0b84d9aee61cc44c6bfebc73,0.02410314
e361c1d3b211fa1d76f527591787aa76,0.11599609
9f4e499b24a7fa4bfb583a0b43798b35,0.04800794
f20ff7a13477df683189008fdaa6c9bb,0.21259513
3169fddef916e22c22dd0f1fa8c029ce,0.052517544
19bd25119083bd7538bd2b5d166ab269,0.0021348635
058a1b9c3ac1096d7fb24405a3332ee0,0.2026078
8869683aff5f60234904524d11e904da,0.963342
8ef5fa90f99a89266bbb0769613f3f44,9.376581e-10
eb9b66822fcc40eef2946119bebd0642,0.15518034
32239b81f56cfec941c55b7c4ef0dff1,0.064363055
32a60c11f3db3352681abf4cc4529340,0.22131222
5f1ed86293648dd785affb2eaeaa9103,0.048912186
4a199c2b97827189fbe26cbf48c4bc07,0.98900896
4573beec0fef571347b4dfacb47f3f13,0.015483217
89c20a936d23da34560927ba7efde1d4,1.0
6c7701337ad0496664e5a755b3a3ec74,0.40525296
32b2e98ea4dde2e80dbfa5f858a6c9db,3.0773893e-07
ff70ca7a56cc60d5fbbb4fa4d30309d8,1.6675844e-10
f6df0ffd3c5dae167618988e06ae230d,0.21623325
cd8a9d458b8c3b44dd752b3f4040670b,4.3493217e-12
45a80441f3c3c2c72b9310b7d404541c,0.18119706
7bc88581a0b5e1c8ccfbeb9bac6fc6b9,0.0028623722
d02009c6364dcc6c6f1601919ceb9f05,0.00011294655
40688d1abe87de649a9ac576cbc3da3a,0.000103610975
f718d3a6a83723c729cbecfc6da30084,0.099645756
58ac093c85b8519ff63618579c47ae0b,0.058603387
da90cab572f4dc7ff2efb003d6174880,0.11974111
466818dc52a3872e06bf76b664b7b825,0.9999838
311d2279d78b8615bc0cca8214e42074,0.108296916
8f7fd3270234811fe23502035503b5e5,0.01240089
41d12e0f6606a0b2a8589497ef8faf02,0.9792779
8c474e6d0820de3d5c0b11a071f7ceb8,0.15901965
f8827818c153f251c89232c10e981109,0.065868385
7a7a6265c00d95c18f6ed946f8e46b27,0.24028015
37548e518a5644d31e598f3b0951caab,0.99448794
7e8b35d0d5dcaf206df23549261dec30,0.024386512
f09d3d15012b084953fd8004c71e9b9d,0.005891451
d9dea01975f9fb037361e1b0d03504e9,0.45777312
be2cde39f47ca0c13f435a6ed46db96e,2.3928297e-07
3a604765c4d78d0e7a992b2713acfe52,0.21128632
b76671810d11298f7d1e0304bcb4c96f,6.603502e-05
ed4b2b6fa7d8a78e48bae0482e7f130b,0.13591406
4aebceb6a012a650d0df5f6d57743074,0.0075389273
5d34b41c3cd47a6f533d78fee208142b,0.9979132
b0391d26116cbcc2362e45413b7f5c6b,0.06060864
3ee1afd9b37b60e54fdd3bc65b14d7eb,0.9354825
f1a3bea696556efd3718e339014a1092,0.059701234
93f31559ea1ba4e7af635282b49ae727,0.011456153
b5b505d95c1a9770cdb2ebe1ef052249,0.99636203
6e083a066e8049a31352cf1ae3494c8f,1.0
06a14210345a15c43a0ec14cd37ac3ca,0.98969847
cea673308ca7a36200a186ee884b82d0,0.017064974
fcf2fe299bbf4ea73f51dd636db6930a,0.00010451388
49e3dfdd110dca25ad5668f81dffe8dc,0.1942542
4ec288efcd320e991001b6eb89b89f92,0.092386104
d03b8ad28283126e25126f93d8aa5094,0.98330516
e307882cea3290309c53d9e710ea2d3f,0.21024825
49514d3ee0d80e158a52aa1f1bf04f37,1.4363903e-05
98250ab7c5864b242fe6ddd3d14382fc,0.03437262
8058418edf388d790e62b580478dada4,0.015990926
f5108e65fe1488186e15cf7eddc7b02a,0.98148155
8b2464dc6ca4d985648a9f789189f231,0.97223455
cb6774a1ce0fe9a143543e2d6cf5de2d,0.08869231
33300ce155ce544a9be453c5d2372a34,0.16981183
f294ef1bd9f51b4e5c30f0f667d4d9d0,0.00046943116
c2c4c09ad4f1998e2e84eee9a2459394,0.07708835
03bbd326eb19d20ade587d103ab848f2,0.0007974234
b10a0ac456ac65d69607af577d0e0d08,0.11837466
04091da5bedeb2cac0c4f99b12b3cc0e,0.046731938
3380f191895d5ae44e852e682082c34c,0.00048264657
ca5e369cbd91adcc35c36669b108a438,0.23271072
e1fb2b62c88868846283d5b3dd3f49da,0.98202443
023773baccad8643077051a325715326,0.9888182
97ddefe755206b62a2e789888f826807,1.9750658e-10
e28a675732efb77697cd94d4e9ea6925,0.117987454
654be7d6de78bd3ebe4de42eecee41c7,0.012846013
9e9b58da56b4a8399ff36fd2d0e8cc51,4.6790691e-07
0c561cf55ab65afa48c2f430e22978ad,0.21039338
2f0f9ebea51958915f738309e64b846a,0.98938507
8da9dc1c1c1ceb083f26e6e5591f1d31,0.24843566
514e048d8a6517adf4f690d05d9359de,0.9829889
2730a9386d523ec9ae8a8067c5546db9,0.0028480268
52ce5177e4b6c4046ae7525aefaf116f,0.28396234
ba5f36122ad091d9c67abeffc4e5fe81,0.54329544
db31815723dcfee607c91df888d5fc28,0.0009998517
b5039cc570e896c5d9e438efc819ec72,0.0003226785
9132a33a0dc83b735a760990b08762fa,0.07069436
b4c8e577b4c2749513680c7aaaeb9a82,0.9999771
7f3e59e5988e848eee1d231d400ac1d8,0.9775134
4a24ec68e807e219e1f854007bd526ba,0.09958019
543b0a619e55757132abd6767ec99a10,0.002831139
ca0c0a13772f2e4853998733e7d0e99a,0.002847714
a538a60016570bc8b76bb9fb89a4d9af,1.0
9c7adb9ebefb2c65e6e1be75fe50edb4,1.4326042e-10
47474f31c31c0bcf3b913230978c3c89,0.9843687
a30bddb49a2bcc3a7c09cb7d98c30e2a,0.001471715
6ae983b3b1f6ed2666e0ea586f452267,0.008161006
0c401b97492eb01efaa667f73d7aae02,0.0035738868
574224d542bf98efac4a484763e7ee79,0.049751893
5d92be1d7b4e08530961c2c2482933a8,0.9394852
6d1f142c7cd70c62ef68407c29cd68a9,0.0038214566
d38ce89c1466b0b41d210c855e6c5e75,0.035162628
e67fac05d48a96d49702fb3913f4b62e,0.9381708
2e18a08987838bbc3c26ffdbbcec1e62,0.9998311
1b96291356b83d9929b8e57b5af19894,0.019590076
3145ffa688a17efadcd1f59f603ea03d,0.99995637
51e77c1bc6916875a8be48c2f80a6ab5,0.09213869
59011b30630b327f21b0c6c070e6bdc3,0.99987185
4a10d0acaed25a9a9cb5a6b4567bca38,1.606833e-07
25cbf3b2aecf77bc8823c3bb58f8ec7d,0.13931988
b50984bfdc18fba63ffb5bb3c59df568,0.045417666
35964514644fc793f6b4cbdb3be722a7,0.067832716
8305d9eab73c010f4bf629c6d5f09956,0.989344
9027c7cdfa192c4b51b2fbfe172cb362,0.45423567
fd45339cc1ed2a957a355d25cfd48120,0.16973394
0e75325270eac31b2b9ba651263c94d2,0.004846014
400dc28b124bacbf260c9db1447794ff,0.0004317782
e5c8465b257f9f5c6b422f38d66af4f9,0.016124208
f194d7ae32b3bb8d9cb2e568ea60e962,0.04684331
ac8aa0aa2e5de8e489f3e69b6ecd1668,1.9307567e-10
5c00c66715858aaf9730d054817a5dff,0.16688007
a79a3424a83434e4ef2570418137c464,0.20898998
3b5f01b269c47aaf984c0827e433e800,0.9733507
c28f36c1b8ed2575e1d82fb53f7f28f7,0.2147223
1b8d4d2825decac4fd191c821ceb8ae5,0.13558276
e02b25ebb67c6fdd2b9777598c8e77c5,0.070998214
1d1af3a4290ad80e5f05ebab49974517,2.335877e-10
8a5829666628d47fb2dd4525364ad4d5,9.7913326e-05
94ae48a569b4d512f5e43242405adebd,0.98158884
f2cb3915a1df9a9ad5376fe30ed201be,0.9999999
24b4951577ab8dd01a731ff30d1b6630,0.99986887
7674a7c461e4a0c427e4307581995ba4,0.09772537
2f5803c42e84e2d25376992736d207dd,0.07933258
e6a7c64db192067a8633b2ec1a7c9eea,0.18407829
77392443e607bac39bc8eaae7812c65f,0.99036777
8e9e45dcb6b8e97efdb76a9d969c3636,0.029249974
0b5758f8129a510773552202a0fe7e1e,0.0028327384
72217c06396eecefeecba2ba10395234,0.9987519
cedb861c0ff53dc80e1d4bf4e315dadb,8.8826615e-05
70d17309f348a75ce8b2bfcbf9e2b741,0.0015322603
885c6e789036a83b8925beb3bde83cb4,0.0031286876
df1ca6f9cb17177844cedc6e3730efaf,5.9472607e-18
cd6ff9881eb0a5cbeb85b1e7649b8c25,0.104596466
b102b91df3c9610bc3cdbede00e191b1,7.399141e-11
85a64ea12e773048d5e1ab89319a9a00,0.20807937
167d1626a6b9ced21da310117e69f1e1,0.01667607
28a3d22b07272fc56875328cb24c1001,1.4852439e-10
a940a9edcd56a63d01cd6c248a138f42,0.27764013
91cf41689b7f8d4b5191c35631a23ed5,0.0808445
06c83a6c5be0092dcba0b1132d0be9b9,0.10999485
b538769e083d871a9fe5b4a160349db0,0.07820687
ac1ad8c73cd74c8496e85807f2c325dc,0.98153657
6e9229375b04c4e09e48cd9aa5014fb8,0.287246
57df64dcbc5fc1004eb64daa978fba7b,0.029028308
f932084e3837fe55403bb34db5cdddd2,0.98291636
16e0686871b6c1c9d886df5be3dd2b3d,0.39245793
c2bf7c0d3233fe293568372715ac6fec,0.02506163
2b30e7d2386dca20e0f67bcb2c781ece,0.06734843
6f0b0f5d284390a67ec0ece30e4fef1d,0.038065415
8773c3edcefa41ae99e16e483f4354d4,0.95404655
36d0d721f9e7d37b131176c2a6b15124,4.773444e-12
29bd82f25b3d7011c38a044be1314250,0.9998853
c9f11db824a9d81c8c17533a3eb8311a,0.0028116351
a494081f5ac0cef8a1b8c4e4512ffb13,2.6642562e-08
9ddc47af88bb5192c589e9d5bd1e67cc,7.03902e-05
27f9c201181d9aafa6c903e2f3a8bdea,1.0468609e-06
32e322aa005203f61f7bff970eea545b,0.19489978
629b8265af400f6128d5e20e1f1122d8,2.2753344e-10
6495340a8320ae31db0b2f0fcf02c99e,5.311677e-13
ce521defad37b972fa56c20a9bf6b363,0.98983455
80d092a9d1da7b9312a36664b53af9b9,0.013105251
63110829dd5c037d4c40e48e6a095e14,0.16480298
ba9a0fb7a681c270bf4caf73369bbe1d,0.2845613
a82974648933d62f9333362a084abdac,0.14403021
75e75e7e2417304121cce484f973d9a7,0.0018038496
53678ee79eca1f2ca46bcec036792a03,0.20267786
ef580a02e6ec72c418f4667b644f14f3,0.0028437045
524c0c7c1fe8b0859d8d39be707be0d6,0.20494969
dab8a8af9bd8b89d865a3f0bb8cf33cc,0.9789473
b966faad9cc65751057d480bfb427c8a,6.8486515e-05
a17b2d30f67f68a13866a5e129c5593e,0.9964192
8df625a9ca8e9eb394914c4b7f99d285,6.50011e-07
41456c2676737a75b73e8941282214c1,0.016073754
3f4ce1522ad3b1d6b7c765d7a675b70a,0.97726226
97a3a03431f5c0a1a82298f9c70773bb,0.12041214
b149d66994c75f8dc93dc253de6bf318,0.0005343846
d51ef35729552955c96fcc1a1efa591f,0.25108644
f38dff20d3f78f327a0148eb478b5f42,1.2036318e-10
7634062434ffaad3bf7e3dba8eed8d76,0.98980904
8b23b0a6b0ad101f5044606cc977a0a7,0.14942537
70b6050624c2833c34181a75275a609a,0.60495985
30487ac851a42846ab68153adb8128ac,0.12414893
488228c1041831f7814075ef8cab18e3,0.9997651
f0a821985344ac74eb231d74ebe01f27,0.20811029
5cb65602d6cd83a08559c8e3b316db33,0.19459902
600a6c65bd3141eb1b05c558c3208f45,0.2161179
b5b222c9c062d8e794ab46a6a809cbc2,0.98890626
f9eef18b592edab080f03fb0da22fb46,0.9887143
03d3d5509d3239ae6ec0f6ca896695e0,0.018206732
f404b116552d8b8ed25051c2ce6e789f,0.99989605
69f21b4f34ee7c288a17d92c23612526,0.00041898634
a1af8cc856a7f4e8cb8dbecd7d9b083a,0.021320662
5a566778ebe7458c79bf26977807eea4,0.20097423
21209d30f769efb8a68856c2acc80f5f,0.91723233
e827ee5b72e77782bfb299dadca7ddb8,0.9999083
a7dd84c534450fca8d043b570a48347b,0.7257239
dbabe6c4ec368ab2dd46595cfe3454c9,0.9894202
2cd930c0f73365f4174c5407725162e1,0.15411252
d42ef3a89f8f94ce54932545bbfca07f,0.20874578
0d51f1083dfdf87c044bf0ce851d15b3,0.11366275
f23bf520989ad8d5e23373e4993074bb,0.19110365
283875a35abb32a74698c435ef52dd73,2.9822073e-07
b4f69f466473039f2dfa00f8ddbf1dc1,0.091445744
2520cce1d7c3d2f9e860ff68d77f37ef,0.011658417
ab0475a401800c62225db10e18fd2cd5,0.99999833
5bbc85745b1af1a54c01269b36a862aa,0.13108268
9a4ad8c9df722a9ea6f9e6d3428754d2,1.0
9231bceffd85923091387637a686bb19,0.04204867
883c59768204c6214c04206335ffe781,0.06219724
84c25b21e701694937bc2013b63cf540,0.20401439
65488c5b61a3fc9122f6cbd115ca7ecb,0.024411624
a6c8af48b5f7f850e5400cca5c288ae1,0.9704122
3cbc70373f2d8f8755e4fd784f623c13,0.21200852
da959563261d457784cab3be49ff1119,0.04920816
0dc31acfb4d0ee0b7b3e1840e5e35238,0.9889798
d26ecad2f1da070dbdde7a3a36109175,0.9998652
0e0017f3872a5e0237dd1c065a71031f,3.0896654e-08
e03258c4fa74fd72ed7cdb9a9b66d324,0.07784293
4f5349bfb263a3eaebb659ef6c85d903,0.98746765
e63ad2b11a3b7bd223b934477de747cb,0.99982446
4df8dd40cea92fc437fbff1e6b1595ab,0.99982005
66749905f33d0e8b4d145da445af4258,0.006668644
3829047d45b973b4512e6b3dd2a542c0,0.9703916
512de5d6ed04a138bc3bcfc45738bded,0.06596775
a334628fc57c49f3282a1b3d6a0da61a,6.2211024e-07
5819d72152dd70e8bf9bc091ec7db35f,8.065092e-05
9f789709412633d62ffe2ce3f4300291,0.040808097
1afd5ab30a10a8c079689dabc5a668ea,0.102199905
ff0ccbbb7f0248c3a200564f62d4fa7f,0.95033836
f2c1acf689a14f3f38b3a69e8e7cfd97,0.31565836
be4c2f5f2e00c17b06080726837edab8,0.17606567
cfca2d6f3d47105a6b32b128e6e8bb5e,0.9999995
bcfc38927c342f015a7cf060c70eb2a2,0.19012834
69c32f1b949ebf962a466292436b6cf1,0.010285582
b80ee17d223b44472e1cbbf63a446690,0.99997556
107b61ade2726b9c7f9111815455f92e,0.0006516712
9f957ed069cc145b395c9ec9c11360b6,0.14501923
698b2d1826a37f07d8bb05faca5e03f7,0.036068354
4fb8238392f5620233751ecde4092b84,0.10815345
3c477df0467501b1bd84043a04bd0b23,0.072074115
ed3db459cfd66b6e7271c40974213fec,0.9748403
629209052b940d7d4872725fa7b7f260,0.99791974
ddd699374ed38b0ab8c223579623e351,0.9999738
82784cf32d2dcd3efe862b2ab469790a,4.310894e-07
23030f8ded8c32b1a99aebca73a3b9a9,0.94017816
7cb1a73b592480fa68424a57ec0b6e70,0.0028604853
10b2438702e9690555ab32ab4708a215,0.9999769
66f0044655371408886ec822aad14aa3,8.0662845e-05
37ca1f328e1e906c6b2a3a61dfa42367,0.99985003
c03e246cf84d8f15d4876110f09e048d,0.015208898
b2a49f740f16f322060c6e23ec3f6b66,0.63638335
016eb8c5e18c8c485543396a7213a048,0.19868411
4f423fbb6d7c31fd3cac2c3729e39762,0.6280429
e3de30f023963891fa8b85c8812cb12a,0.99596304
c23ba2395249d9cacc78e5c9781eaa33,0.22872734
f6808cc79c8d9cccbe4bd4a5de2afae8,0.0021184073
d66f2a5b70c77567f30d256612904c00,0.0030569925
7bb221609288b122924c70894de31ee9,0.00033975218
091d955ce0c7ddd77a0876577337a21f,1.0
4ff5c1332c29c3c55f0905d410b4985b,0.9998983
542be8d79f724e52eb355fdf821f455a,0.017130548
b20476f3652841ef9abd15d05413fa5f,1.0
a320b3f508811dd355c6a80411cb1c16,0.04730853
1af98104bbf7293c0e4156d7ca2794c3,0.077468365
97a514fe6b7d317b4a0ae65ba11c9a73,4.86671e-07
8ec4df27760e389475e332e84668f4a7,0.0028435492
2c2b0462e2a1414cadd8657f26442340,0.049493507
25d7926bab3ac72827a1c1fba9271527,1.0
03978e60c8259d31af1ecdbae8d93c47,0.020218024
4124c513750fca5a4c3d6be009bc89ca,0.008184673
85901671ae0eb1b41e1dcd39c9c01c3a,0.1455639
5016e5e9f91be33ec392ac69159d7dd5,0.2216506
8c4bfc4ed9b7bd22468b3a53fd780854,6.050471e-07
d9a5e0ddab852132dde550cf62de8711,0.17480668
18d71e3de6df2df70f84597cfa8dacc1,0.0023656671
7e51400c2149514b54059208f917301e,1.0
780bba289af6d12a8b793f92a17629ea,0.0038021076
bfe811397881f12af308084358fbe17f,0.1283928
fdcfc6e0782ae8b048d8631e894956f2,9.186266e-05
ba7bc2af350d23ef75b2cbb40143642b,0.07081347
834e7d89d3274c6177613f6d1a060348,0.0028224678
9a5d9eb183e1a11c9003b54ee7023dab,0.06465615
0c6710b763dee35f8d8d6c27230a87d1,0.030449042
0a09b204aabe9a091fc1717cef36acb5,0.22787254
ef0c1df06b796b7d7ff5d8184e03c1a4,0.20349398
b77a974ba091af3704d22872b5cde2a6,0.012077072
a90969ccdd7291e337b56022816e053f,0.19180393
de4e7d52020b120b2d4c0d477fb2ee1a,0.117482245
c4b288d16464b73ef4dfd128f331906c,0.21162072
9dd3df04c07fad461969cd243c0baed1,0.12731509
47dd2866d64d42ae5f7eaea6abf3a5ab,0.13310592
12bb606450061595edfdd497dbf9e3a9,0.18991424
8f5e8aa0cacf2378265976beb76449ae,0.0028411448
f118ab2fce33c69cad2d35b4aec81978,0.9882372
61285c988de52b7c067fb2e703f2ab83,0.013033733
07cebf588d68915f032c8331bef36aaf,0.0004474506
d7208522340193103a1811629bfe36f1,0.0012487409
3ff507988a0b5aa54755d0d6925be97f,1.5493151e-06
43ad9d0a9a06c86c85be25f295fb7dce,1.7775958e-08
5de68136ff33cc731d81c0efc9dc4c4f,7.844699e-10
e9c6425fc0758bd06d5fee0a15f833e4,0.854323
6b3ed64ee03d612dc93b85740f98a652,0.044763874
5e4ec12a9469bd3a8cb12033baf07d7c,0.98851156
7808ca6b60f9649d87638740830956b9,6.583236e-05
73ffeb044020feef6c70d70299006676,0.13198999
ffd7a59595b51c6b457cf1f838ba7bf3,0.9971674
eb9c1e590efe43a4e30b614657e68fd0,0.13298737
c6a4e00c964f8e3585bb1c4b1a22ae05,0.2099484
117b9ff8146738b0fda11361079e77d3,0.97987133
04569dec64d21ad2346c02225a041d72,0.6289979
1d25aaea3b1383179df563a96283f1b0,0.002813703
1ff373e54159535cfbbbed499a2f302a,0.9998548
0de42f2197cf5728faf682087329f429,0.043850407
60788b1a2645383ad6cfc985f301547c,6.398143e-05
b74884ff5bd3f463eddd9c932836e489,0.9883868
d8387c1d88d5c53ed2ee31f29f84fcbe,0.49710327
76aaa2e71a515b2a66f6a6ccdd17fb6d,0.08809191
32cf231e578f2ed60fdc523e61ad7fbf,1.4693696e-07
3684268525b5029a52f54a549826809d,0.04898854
e6a191cab9b35162e0ae4f6d2671ea1c,0.104106314
8b0f8c97e965175050da42c13c111b7d,0.99990666
3d783752db7d5c611bebe4b666fde00f,0.9828712
d7e77339d19312dd3e3a0c3e367c86a3,0.91999227
97936a898f2ac4987127e7dcfd7234f9,1.0
262a82e5ead5387c74e189d4bef2fcec,0.17194769
e795431b4b16270e70bde25f1e9de48a,0.026032424
db0704c6305d3a1f892483f5d8238862,0.68122905
86e159a7d056d0627773a45fa6b1eff3,0.073062554
66be7a20bc1468fc832d1c610fab4a09,0.999889
01ac7830fd3a1716d91496822bea7eb5,6.2072685e-09
a8000c3dd47276da281f685541ed4547,0.12980935
0b5f6f888484972931fc16ecae4724de,0.9889858
efd6469a601d7723824bf6ea9642251c,0.16433094
e877238a31312feb3c8e6bdb82f400d8,0.98809624
029f1c356b18ff95f9375c08e959049f,5.133358e-07
e0d2bcd2508f92901a210537e58a54f6,0.16522147
4ec8827165bcf961bfc8e07506fbda21,0.99767846
77c0df10d2f4192017a0b8b7e30346fc,0.024834208
b4d9e01204fa66ac0e27aa5361c17003,1.0
d71d2e1404a08d957ea0e8b3da4e017d,0.06596758
80deded602786f3b96ce8ef29bd797f4,0.99008244
4a22973683d9a5310e68219fcdff1678,0.07557304
76cf1dcb9cb2779e764816a818bb6ecd,0.30525082
855f13cf436771e9e54cdcc3017b3b39,0.11118493
ecf8730dc14f67fd30e0512352ce48ec,1.2883514e-05
d3201593fb97c1b60f844acd8d67942c,0.98650163
4ff150cc2f2add50712bd894c065a45b,0.12918396
2014a416bc86b8e393dc885af3a1b135,0.08359478
bd44b502dc8dcaa5c12d29f54bde7c38,0.16686296
97dc4bebd561c99a833c7886ee3f21d1,0.034833964
9b5b7d6139df43d43595d92c42fb5db5,0.39203718
34cf933fd6b006dc091c8ce3b04fcb62,0.14098267
6a26a35f43902dccfd814cebf4ed1d62,0.0991545
1e7f07ee857a975cb3419b4908bb98b0,0.10645199
0c0ec61d967c0840a7b6f99c439cd90f,0.55254924
6cefea1b85b5f40669fdf178e0bf9df0,1.0
3d11020cfdd92e6fc487b49e1e8517fa,0.06121192
7061e8371dcb24cab43de169a095c926,0.0005987524
e7253dac1ea6246a776364d62c912884,0.9334308
e49053e3f3b5acd54d42b2d5b5c69377,0.02126897
bc1d9a30d432851fa3c39346cfd105f3,4.0418735e-07
97f5ad5d931d369d6f14f523106b7d45,0.000581285
e22dcc01c6037301a0b437468f2bbedd,0.8376985
63b729ff789484f27f4103f23ce95d92,0.9889838
23abf90abffdf574ca2484aedc99066d,0.078022376
cc1a21da858b6509107f1cf7dcfc98a0,0.19586849
97042d554a1b438d4dd13c0b0cfe15b9,0.21031189
1e8c42a543a4f0c1dbcb78850707b512,0.20214613
941bbd0d73781d38c8bd545e12b88468,0.1143213
7d1bcc2ffe7837570caf0223185506fd,4.9014378e-12
93a5ad130f114a998970bfbacfb50b33,0.000574833
2f407de87bbb280c453fbc9125d676b8,0.97918564
1c267baf2a1824be9e7aaa1cdd59f7ee,0.02240056
88471a86af9c9eb80678e5920cd44b8f,0.9916722
d336d7499faf694b07ad0a5c5e4fefd4,0.98103106
c9fd64639141e2f1fb4b5d7541482a21,0.04471328
82fd6b1ede66f94cd4a061be382621a3,0.97017676
ff76811bd84e711c3faed18ed89d7f12,0.0019225258
aac171c58bd09ea8d8e1a1823799f682,0.99975497
557e7f80030b1a06f958422a126c6ad8,0.14290597
d6473a52bef888490328a888e37f7fd4,0.00034653343
d54deee0c97acd64172efe183c5f9397,0.9898351
2e1c0a76409c649cb1d30d81db42f28b,1.0
e1da09105b16257524b6b681c9c3ca0a,0.19889951
c74d689c3b05afcbde9d338f17b27ba9,0.0032370784
f9bc5a031f2b05df8b9c0da0711e3dc3,0.32926467
fb8d2b136f712058071f189d3b89321f,0.9880611
4358308d4afbc52dcea285dbcc9ae152,0.010039011
b07d900c24458885a40d08fb3f6a83cf,0.03132212
b4de455217f7ffc4a3e8eddb46bd37d3,1.411664e-10
f9189338baf0767dc2d8328b0bb97600,0.0010534027
2f9f9176d053fb2295beb9329ef76698,0.09506294
509567746584cefbda29149448eb7dbc,0.13959727
46f265a053425782d7ecee28568a7dad,0.12975176
e40004654a0292d031113470ad4a05ce,0.0028429816
f482dd9c6df9a559c91040167ded793f,0.9885102
e21137ac05beb7e0dc2db9b40316f026,1.0
fd0bfdb42b6168644d1cb12c67326171,7.827739e-05
75e2402a4894c55d0441a61fadf3128f,0.9699322
e4f211f9539180ce5c59cb86406843f3,0.98896575
749c2079b3f7807f13931f0e2aed3ea2,0.10401659
c719b9069b4958067810aaa7c947872f,1.9508182e-08
ddbd862c27c8fb9b555a81b67db4297c,7.1096565e-07
c6455576d6798215b1ce846448386d5e,0.0049720937
d4626aa0d79860578c07ec300c688e52,0.0051610284
0d1fee90c066a91c89f279d1a2c95f0a,3.8604253e-10
49df86cc1c3882421a8455be4a88c13d,0.004259268
6e6f7e8a879d87fe1cdcd3c93f56d8ee,1.887715e-10
c738e4f680b4fcb731c25ac612fd4cd2,0.22097917
a9049d13128ecd6f1f151527984028a7,0.35149115
6a4da62f25c66c8a59fbdb9347b6be33,0.0004151236
2af7209d90ad2e42e0deec16ac9250a4,0.99999964
cd14ae3ba25f5676af3eabdf6f5fbf21,0.011327961
d80251df1d869c6927a72859efae6474,0.9896946
431e914e2269a0650a2e741af8b516c6,0.9619523
b057794ffcd0977d923d49694779b119,0.98947304
dbe1ea9908d7b2eceed79bfe133d7672,0.9865708
9920eec1082fa8239836e0ab68d77827,0.002830611
52f76630a6043fb589ac18c6766b0a6f,0.9999763
0d3a58f414c2263db0986b23a92eb67f,0.22264078
db1a14c9ceb3fd7a034a985c361233d6,0.905298
aa2581624e5cc66fb8535c1eec1b0893,0.10012563
01592e1dd2f283bc26fc08935a750fc8,0.010520341
a73b123e9329e413e46ee2332dd81926,7.702702e-05
4b1f3b71f863a18655b78d8b546829dd,0.9998118
a3604de5dde26f6173ec6704f1ca3926,1.0
2c706de350a3f9454dc448c8d73fed1f,1.0
81c912d5d3af362978af995acef835b6,0.24086021
4db37eea55319db3b067e896e8d20574,0.9579343
db27c3774d8acd9ee962457c5937a51d,0.18603005
9643b905d0364668a6ad0d409f6806be,0.02506653
4a9cf6d94bdbb5cc8a9aa649d881aa3f,0.0008968205
8e7a5ea6b6546ff72cde8a8c50856086,0.081030935
0d4312fb63dacaa69b4dff0192916fd7,0.025472954
815fa35c54e682f00fe8ef7ff337bfa9,4.3277487e-12
88524a22bef73a8a41aa2a3f47bd1ef4,0.37903523
ae9644c05abcbe54be803ddd7c5b2cd3,0.35718462
b938869c951f96b57e982bf62d88dbe9,0.18266964
f4a3ebfef61f82c0def68d76fdf0c5d5,0.9897363
89037ee651694417aa95e14020283b8b,0.989574
e2f9c340a4e923397a4d38d37aad24aa,0.9942889
cb039beb4722d391d4fec45f4caa9e4a,0.037580997
1e4518637a34c4eba8197bc186f91abd,0.99083436
a4f502db9a22b1b9730df102e8870bae,0.18782438
595ce6dc118e6774a438b437f1a2b79e,0.0004418626
4b40bee59f177b1047f26c9f9e2f4eda,0.20687467
3ed811ed39430151abef02c0c28f4879,0.13835493
0690347a11c9113eec4d7cf87eb9105d,0.22776161
ec5aaa96057f3b42b45b0561ee6b8599,0.029403111
fec98218ca0fa01f911caca1d757526a,0.09971035
c09782ce7aafea08d488b9f3a0087302,0.73894536
bd626f3cab53a5d02afdc0f32b15ccfd,0.07999955
b56017fbb664b2288c6d38ae3b8eb287,0.014902779
9a0b8e2a0007ed6c0d0949f8b7795444,0.11876576
aea841182eff933a68d9b813300d29e8,0.9998795
55c231eefb9645131d3aa4b1abe0dc65,0.3380007
71a6e1c06bce830e2d47ebf05827bfbf,0.21000724
2996571c03079f889749071b5e92b825,0.98844457
59fb7442592a9c032fbabad5a797fbde,0.9999124
1c02d57a2d57ed0a520cb115a4084919,0.004571423
feb61f8734a6326d9e906ba63cf73903,6.997736e-07
c0ab025894b9cd53405f87ebd81ff670,0.995609
13e8d870e7ed9c26e660a2bdc4ea886d,0.4686858
c783a622c87c24de90698c919f0f0495,1.9707948e-10
c50695cd0b5b19c0094567c7af09bc7b,2.1974167e-06
c62938dadeb445188770934e57498d92,0.26707357
c5e15dbba0882bc299b486c6f0b6f501,0.043532725
20e756b82c441d1a902c4e8ecb431939,0.99999785
b08d36eed72bfcad7b40f4ff6be8d57e,0.9983638
e5399ed40f9428a0149b57d996a7b28c,0.11305313
39a9aa4f64bddd7e8f968424bf2153e3,0.99987984
7b0c9f89e94b1795946cb3a4e788d046,0.9882152
f6e00c3caddf32605d350bc4a2974a5b,0.017049935
29edff726d495307a7ad6de88cc96886,0.040882364
f92553939766c0123c273dd1083a0104,0.0795964
b93c34ae273adba134df726f6f845098,0.08359563
3fd1eff48e660332f4d4ce85c152898d,0.9657716
cd753d2c1a83327aa57cb17abc51b038,0.21874696
1b448fadc544f7d0b94cdcbc61d22ae2,0.037070453
d81f58848af9c12f6ef4b96ae2816fe6,0.02190673
a71ea2a048e0f508fe1bed0b413dc8ea,0.19734615
7467be2fcc4b0226722c45a0c692194c,0.731015
00f706c18e6af19f5b734e5aba707d51,0.99980575
5ade18cba7a0721b3ed46f26479e7055,0.013044575
3b37a55c85e24ccb510b5ceabc685b87,3.6571844e-08
bb471b001dada6ae838d792d31e53e27,0.19339882
006373cbb2fd7c9450e1267487171581,0.9889165
06335fa81aacd8a28ff622e1f4bdeff5,0.99987423
e170e3b7d03bbb022465348faa99ad06,0.24491502
bc5e122ddfdceb0d4bf4363b5880552f,0.9999423
81a2639f1125cfa9202f89dd798bdd62,0.04042369
905c0db3b5fa57b77fbf7ce8c93d27e5,0.04011504
e8f972f6e6b85ced446cab722a6a8ff0,0.020304054
ed0036978d1f0d13c67c94edc283e131,0.506271
c8ceffaeb3baa5a4ac00050816176885,0.9983493
411f1bea8d5d8bd34278efd06359e1e6,0.101380475
cd04be4383def55c0b4005436e4e2363,0.09460214
e34e896f4e94efaa43fd7a71cfec516d,0.02734429
c545f476ad97093112a28efac686457d,0.20326069
821a9123be38962763d02637646d682e,0.98887223
7cf0cce669d871f64a441f4389149062,0.062869765
405da973b90251a1717b11f4813eaf59,0.025929308
c6a8f3d39b2490346ec60813a441e1d6,0.30573812
867b04e89ebb05a7d4ec32f91054f0fe,0.782808
bf48cea9dfdc0685b3c938382009abde,5.011089e-13
25127b19858315a66fe47d6c41d0eeaf,0.023522569
46a412a3a5ab708b5eac42d51688e34a,0.015826106
906216c4cb874de5d78a54183e1a168e,0.42307252
d98cbf2050219aaee437babd8bc9d9f9,0.022487326
9619b5bf2faff88021233edbd3c7cf2a,0.93009174
51c57265cbf5f196c2b893c1d60baa76,0.19718303
8f92f7585496211b6bdfb735ce4e5eb4,2.2430899e-10
b1a16cc070d06d0abf2eefa56d8b252f,0.9859035
684f4d1410efe089ca47249ce97823a4,0.65244466
7dd0d01757b2a2fd2398fdeaefbf3cef,0.21903794
c2f4f40a40d8f37cb778069afc786d03,0.0054788534
6a4d55997d2431b93b6e1f1984a4bc64,1.0
99da32fabc030f00e00432932c460880,0.98765486
d3d2c7ab4e9278f906b9558f208fed5b,0.013243624
9964e8fe49827bd6500af7706f0f77ab,0.03989438
99945e32daa6efac9467b31c99fc5b2d,0.010485909
a62579f756516ec6fb5a8483a3f3faac,0.22273429
6d4cfd715af329612b018f0030917b8b,0.13709949
8aec72f0923b365d321bbd7228747636,0.03695323
160c37f37725640d1fe248ceab3b915b,0.074564606
822437991b7d24fb8217df93f1a8d64c,0.102634646
9c7d5523a8408114de7f37aa0e45bee2,0.18728146
fe8c275a5740709d1bb8c9e22f57615c,0.080824636
1a420d2dbfce67d99531211f4a7c8ea5,0.20600398
0d3e7e7affded3c3e402b87f261e27c3,0.9999764
313c56260b1830590491fc67b02f3876,0.9999994
901a418c965280fbad9fcd1939887ade,9.1871394e-10
4d3831bca8a89fe4205ac5f7b70f351e,0.11680183
df955cbd49b819bc6d4a6c2fa9686201,0.006722451
8959dea0d09da1a999ddc115fbd1a676,2.4669472e-10
6ff7b5e27a0356e41ad6b08efedf152f,0.93294567
c676c815740015ddc6ce8ad97a4000fb,0.1761386
4c87430644e55eae3671d8a95170dfb3,0.0002617939
63ec6767dd3303142fe2400f00be38f8,0.9882351
688b9b0875043ddfcf38393dd95b984e,0.024071004
3bef096c03adb16e2f303b86af3dc2ea,0.9687449
e307882feeea63d514d7ba86b5f5a7a2,0.13418645
3e9af56ede218eb362e02e392f0bcfed,0.0028156475
ee12890ee9dd4c03228afad1f4d1c02e,0.07670681
77486e9e039c1bbffaf31b569c8f451f,0.14190379
b85aa85f18ab167cdbd9d121eca2b0d2,0.7010935
093c2a902a7a1afd699ce07bad560910,0.0
b6efbd280413f6f98cfd3847370844d4,5.347039e-07
b900021b1094b691680095f532dae63f,0.99987316
5d56e27020d710f00e5effc4ba2beac0,0.12228583
c9760e190d9fe9c1a45f9e3863cdb2f6,0.013480622
2622932c258d39dad7e825d05e93525f,0.012568806
f94cc4a8bc7778ad06c46dea2fcae015,0.9998653
bedeca88d30c3b96406308e6c25759a0,0.14842726
ede600e17efa4a39582ebb079560ce33,0.99999976
02002aeaf2480fc0172192cefd0e5e37,2.4056373e-12
3925974399225b2c64764caf65c7cf20,0.064673565
84c9b4e659242532474017011afee163,0.12964128
e123fe753006854bea426cf7b3d83942,0.017308585
40820499fae08157a610e93a3951e4d4,0.60664886
85046498abc6cbdd9808c34f47aebb25,0.005912067
fb93137981cf5ba08d4ba71cc4062d6b,0.99976295
b0ff5be2672a2bade3c83144b20c62d1,0.00010003595
646d556988878603555409469310806e,0.98975676
943244db3bce1498ee39206c5e0f2bbc,0.96899194
32e8c533eb4142a068d52b79d657dc5e,0.9891254
fb67a593a388f46e7fc0c7d3e6a142bc,0.0009288463
26bbac4c14a71ad655095ece919f293d,0.99989104
db4399c11a938550ab78e8f9964b7d7b,0.7521453
7fa59e07465e205a9877a68ce4b1ca6a,0.0001177629
600d27a703ac6cb41c9df8335f43a0ed,0.027493963
f2bd251a9604ac5cbab64c7fb080929f,5.526514e-07
ba7daf70020a9c48e9239faa91629196,0.033417612
a465f29a9267353085927881c9c0559a,0.00024781484
1d6e5e624ec25897b6a8e0ede06e4aff,0.989484
abe4c6733572e8317de812d328e5cc78,0.025632462
acc7ba1bf3c18aaf35d941d96d1e7b4b,0.12601195
99cd7a61906e31b06cfa043bfcdc17c4,0.06562952
bfc145b9875cf82857d410a42f28bad4,0.0028492091
5198f6f5910fee56a860f958ab32778e,0.34254265
98e6170312b4596ba9b7182e09c4a973,9.501805e-05
6c402c7027f23b12199c9bdd8a3373d4,0.0022069656
0c50697237a4c755c6cffbdadfb749ea,0.99988544
c28f4eed56e488b2cc56b2fa28ef9fa8,5.8284115e-12
7ed4fd116ec9b82366cccf9128bd62fe,0.046819672
f6fbba0ffb4b4f440f620fa493f4cf96,4.2400454e-12
0d4b516038168a15de165e96dec22da3,0.8051476
f0fdfba8fcb10a679156b654771dda5c,0.01972707
ae126936ac26527e6fc423f3ed359ace,0.21221852
9865a974e15f491e21519fac53bb6474,0.20142724
94fdf30b6f19e5e2ea0f19766736265c,0.007153388
488836e455e28e26f39236799d22a046,0.9687986
698685224274d9b290d3f08a6186dfe3,0.9999746
e3e257657a6dbfb35cadda7f04e186e9,0.9879503
e2d90156ab03ca59299b499a70cd598d,0.9998865
c84ae91054b08d593b81076ef69e148f,0.9877586
56d0b362602febbfd37b1d6f162eb0e0,0.032184135
38a40d2adddcf09f33475bbdc15c3400,0.18195225
0b92bb893418092f9e21b35418d6585c,0.9853661
721213c1dc804876b85af2be746bdb6c,0.03577776
1ff479f434960e5a1283a21ce299b4ba,2.9930715e-07
1760f288f1ae7b3b18aaac1447142f56,0.22865826
2dd89ab4270dce03a718fa747b113c30,0.9998079
a1647b3598cdfc0a0ee4f6a1fa8be113,0.13562255
16c5e3ca5e219a44a92927bacb6a36d1,0.4715592
fc614c618830f267c8485e3da2b1a1b1,0.16442299
eb179fb88361aae6fa1b72b66ebbdfb2,0.00012831688
a97112ec4abe2da48f45304ddfeec047,0.06766588
2bcbeab859648d012491e38e0c315ec1,0.08355187
d8509d2e74d3cac7a30b9f86add8623c,0.20984572
62ac107e28c6936adbb2c07c90a39e0d,0.03878005
f44f6487cdadb019517a1216d7bd6505,0.117875986
d616cedb8a2bf1c1f2cb9a11aa83c8d1,0.06619754
b1854fc27e7f11ba6f2c31383d497074,0.010565787
c6d0bce11d94247cf9e0505e677fcb1a,1.8260192e-08
7eadd61cd78887829d59ffd77d681621,0.99122894
d20d37255c5667ba269dcff87ff79c86,0.9894215
10ebef11fae441c9a7cc482f1cd57c50,0.21813123
f90a38516188944dd9061a890ad525f1,0.99997795
08bb1eb577c936aa0a8601dfa333ea0e,0.025262566
44cb9a026d68771741b4cc0cead0c78c,0.00044058714
64690f35358415f7d1f4ea2d867dfdd4,1.0
6a3139229d0344da90d0108b269c5764,0.13694116
e0a5168bf0240ded0584759372586ad5,0.98898554
0e81ba22574c874c862645d5d2876f7b,0.6546773
823a8b810fbabfa6b10aa3eab8ac2196,0.21219337
772b2c2a8d9b092ea11a5f91e5318e8d,0.9998784
4b7702a88b2275969677a702c6ea77f0,0.12840421
2cede5f69e702331c9617621b62d3576,0.00036926405
04a9bd62d794aba7eee5c7ce7eb768eb,0.049165107
802c72d87308502fa83eb505ba3da23b,7.034001e-05
a92d671ec409b41a42f2186237cdd891,4.2871817e-26
54106b1d4b8f55a669a11013f2c92406,0.09001056
862461aa4e50ced3319a1f3a4a7ad39f,0.6029832
37d9e1ebb178375d6c25226b946b1a1d,0.111044414
40dc480550090d32cdf71b3a3f4f3aed,0.98944086
63f91dcc9c13b8e841b51322e8dccdfa,0.077412456
248ad3104d6edce7d2f8ff9fb34fb133,0.3185156
194e9a46a6b90d331dc8b4e207ae6834,0.074735396
29fafca1ff7eebbfddfefcf2562fd259,0.2246602
1e950bd4b7250d8f58b164626e778e86,0.06638405
d9a9c2f7937ba39961539c0855659bb8,0.0056647863
451e03f07dc056d2dfc1bedd66c6f7c0,0.0020743604
c892c5837e41e041095fb9648b1f98e0,0.99997663
4eda4f713ad8f96bfee6da9dd10ea7db,0.26949644
2ccb778b0d7709168af8e0f5e3933743,0.98866665
d5e59958667efece8f5747d3dfd42038,0.26734343
f1d60714fd92287e5c357643d6071a7a,1.0
4016bc74cec2e649ff2340b7e4aa5644,0.021847473
505bd97cfe91a807a09a764267fee89a,1.0
338d0c227af671ce92ce4da92c254c71,1.0
477f94b97ac55be58674476fbe0aa62b,0.91384876
9f5301ef6ac6eac11a19d2a8c317994d,0.9998914
a221bd87ee334b688a33de247eb3964f,0.9896399
5f5dd56ea955e88e88654151643c5811,0.9998411
97263087e3a9f164a211c9a63f7cda79,0.99986815
213f82871cb2d2a27cc6f543f47e8745,0.99987125
1df53b65ef3b3c0eb8e4cbc111274104,0.13277805
9cba5f409ba5481c84c805f33db6ab89,5.7394957e-12
d5dc76e8e7b3120e5b50d4ce281b68b7,0.60621774
efb9f5dd9853623aea9847aa19c9611e,0.000103556056
8a8475fffb465646c954ddd95ad69665,0.16070281
308d38354b46cfc4ca5f65fce466a4fe,0.24733083
c8f1cf0b8cff3863078bb420f16ce4e7,0.9943427
c58bc4b49f574d6f941ab0abffdc02d1,0.9864557
c8e4cd2d04708df0d5021270b44ced95,0.082180224
138217d3f16c72eef25e97c91e169cd0,2.590667e-08
1b7b67f6661aecdde6e6aca0b6b9e383,0.8787819
7073cc68e67bbf188117c07e92a518c8,0.96513736
a709862d644ea7f94b979515ac31c1f9,0.09824683
e0361254d31d5dc49eb9e26b45737fa1,0.12729445
0957fbb30556c176bcff7f8b66703c1a,0.055014744
d240ef7154d37fa3b9110db85ce21c6a,0.98429424
7e0f318b80ec267f7bb06aebae320f6a,2.859227e-07
380b2b019de5ab81f4c6c5f1ad477e39,0.9925559
cc2bf63697d9e855c0ae7c1e6bbc3f14,0.2028552
de28ae6474ade05e61221ed8352b9e30,0.10349394
4964881d35c7bf9ffc855aac951703ac,0.9758808
b4ed61556f077dc93f30f04cd98eca75,1.2420362e-07
31be2d65703b72a4ff2d5ef1ed569149,0.018550046
6081905aef87642c4a1c62ae97d7bf2a,0.0028221512
abc60f63080e546609e19e2993eba750,6.186144e-07
864bd9a4a768f2f536e29a58e9a152e8,0.0016735378
c1b707cdbe2f9c5939e1320b389e58f7,0.34598842
28664f0b01c9d97eb2dfebb0af975a5f,1.0
5e7ebd1037e20ba0e6f52c83c5da7429,0.19461374
e168c4d512cdaff284107db0aebbd8d3,0.99988365
615ae6db0ff5bba9aaba28894419f5ce,5.3079634e-07
9aca84c7d96f761d0159ad14b1e07489,0.99980694
da66f2b885a76c11e82763367dc99c7e,0.0820386
26a4ce9dae442ec9094e94eb9c0d2b54,0.12913188
4fdbd522e53b9b3df400d71e1b0d270b,1.0
76098ea4aede1e714ab960d17924c3a8,8.048696e-05
7667bffbe9ba7db6f4e4c3c254abf93a,0.036254793
4731c59b0bf66248d20a16c8f237f9f5,0.20905893
e41381ff3a2939ba9db94d9bcbc57888,0.13775577
c74a54611729be7c00a42b47d4d41e00,0.928712
536e4abcd95e47970c6dcad2a6a4dec8,0.9999107
a1848db9cc131d2530113afb7c50574e,0.20231146
97012c3741134c3b09974b6300783638,6.375304e-05
3acb5bb9fda51fa3ab0a140557827dfa,0.014265442
2f42b7ae30b45ce7538d86d93a919cc0,9.47336e-11
5e6053294bd0043099db264a89e717ce,0.0041472814
3f407bb8cc757d312b0dc46291915711,0.052726604
d4a4b3fd2db19fef17b6f95cad14de76,0.027931157
b933e0b586da77217d3fbcf32f74b212,0.23405083
6d6396a3fffe2834bee8891aca5644b1,0.1161117
36af8e2307498f0297a462615bcd0ee9,0.14814608
4b313be67408c045b413453318e94a87,0.98737526
b69e287c24de46b6775b7158efa3217c,0.023333007
106ca8d26255c2578b71e8e85170d825,0.99997675
67de4948585a33f578cfee9d90901aec,0.031083742
b56806a2564bc500a6aca8ea1a768d54,0.9909774
f047caf2dfc4101870703ecf2dc176ad,0.07807478
69206528301111945b9aab89dca13f3c,0.06997564
56761e664bfecc96cba2943336c3163d,1.5897464e-07
1901bb5eea85c8edd40e033ab234aabf,0.9642548
fb87a8d964a90ae94c0be5de3d25bb01,1.0
74b204412cc71c8491c2413a2e42ca16,0.05498757
b41f763a40295755b820dda2a0adc9e7,0.13719559
9b453d0e4e8c65a01891faff72afe6a4,0.12805225
8d5e924967380b1db8201c912288122f,0.80361825
86f655f0565cf2825457f424b186831c,0.011767829
5b6fc5332eb52deed909afe747fcd743,0.07134443
d0fe9ba532407bc27c0b74345b9110a8,1.23667805e-08
6c295c9bad381329657623bc877935ce,2.453822e-07
52be1846fd49cc47f06dd5e3ab2e407f,0.00012854836
245c8cf127c5069f2e291547742f32bf,0.032742348
ee7fa82ad3517bf40879143dcd51b51a,0.24683876
ec55dd7c73cb242e2d45c49505335c7e,0.14065495
f711e90f156e44234e26d027a2070497,0.22069825
874c79bd08ef1a8c13a4d451558628bc,0.10734704
92aa27b24862ed8e1f5ededa96f3c58d,0.012549688
e52d2810f6407d8296f588458a357a6e,0.47184682
7a788caf6150720822e7ce9f94da340c,0.1392389
0de4dab01651ed75b1bd8fbbddd9f07d,0.10323037
616694210a9e3d7c30822331978f04e0,0.99997735
2519f8c3f593f8c354f53af6b38e81f6,0.9719268
90c67cdd6e3d41a9d17a0ddcb0880c33,0.05175876
40d4a2556e43eac71a9e7ce1d4a76fe6,0.07379348
c957404949b3579db487e37b5b6ad363,0.9883835
61eb8bba75c38ba963540a4181e5deea,0.045938402
c7a355ea3c1ca8b5ace3258ce4c21f9b,0.0020752263
7469e501137a1819e01aaaa84564d6b6,0.14180084
97c48fd5e3dc3ec20cbb55b6f929ad8a,0.0002724176
f4dc74a0f0deb5afb28ce2364167dff3,0.067536056
cef9682f5c0eb765d6876b0043ad6b8f,0.22703981
c5b8a1ba94e7b62d7dc25bc8c1d318d5,0.98768336
f54094bd7d75588ed7800df383e5423b,0.01718849
e2fa2adc9733b3604488cb843f0a3835,0.21693708
04d18e97e06e2280ee3ed42a3a5651bf,5.005084e-12
6457bc180670201185c5f6410579209b,0.09884222
e3f3a412a809efef58b0e517bd8c75ca,0.8304648
a87c3a00c39ed5aa4caa20b15aeb07c4,9.666647e-05
576f33c2c49049deb792d0fa06fa5e9c,0.040516566
5bb68b7c6d973d32a07666e070ea7ba1,0.0028732545
d2975b772607416e9d071e204d056ef6,0.19679835
b075399e00cc84272331fe61c7853310,0.35355687
527cc4d93cc2ccf21c53cec0d5e66a90,0.43246213
37eb02adad5ff8e5ca288558cf915f75,0.020634677
3e0f6b635e406b13b6146554642a0d7c,1.9067946e-06
3f49771172c3225d687bf1db9f98614e,0.1772024
8e4b34ed97ad7b61a2eef9f7d58780b4,8.8767727e-10
6cb2093ff330ed7f16519d46706c60a9,5.115569e-07
2d6eb7b87e5c4c0d205b2b1327c4e5fd,0.15930879
ce6185fc48c6768286215a6456adb94a,0.22130756
338fa49453b35948be7245ae946cdb3c,0.07751012
aa811cd14b34cc0d86623e85e3242958,0.09299782
b5e52872a84e29e5eb25b7bee52035da,0.2537566
d47c00ae5e99347bbac2126aa8111f22,0.047382385
c7cb10bcd5d3afb193863fd403b0a9e4,0.07958496
5916e7113cb55606867fca737af15eff,0.21019056
c77969921764299cf7ccc79db022e8ec,0.0723683
11e25596e457fff9eb54dbd595b0bc6f,0.9892564
d8105581df1372d46164bf7172678ea5,0.1918877
40c093209eee171bad79a025cbe83c28,0.9906007
5b0285500c82361ae169e28a9c3c235f,0.99986804
a801c8cab460714404de8446d9d7375b,0.14385301
1fc4dabeaeac6daa137343567a14799a,0.1979285
e0297f7c97b983c196c70ab1302870ee,0.040231902
ed2f590cc5dbb6938ae3a84207f067e0,0.5318979
a2505771bff64c29c18bedf76057a991,0.6892349
86b85af1db1464e1db70694e7e968375,0.47489548
543b82d5f2812b85993bd13c2ac0d21d,1.3666421e-08
6ba1dad8fdec2ec58fd6ab79708dbc2d,0.024976363
3a7da416e0ed02e02fa874f3ae09e9a2,0.23692456
7965c790aa9ed50ec3f6a94cece9334f,0.11836811
f9b5ba9485547e564af57929fa9c56f9,0.9127221
1b2950e73aa50681a5ad7b3f0c9068fc,3.6707007e-07
e8753bb5ff9f4a81ee5ec8120d9eb017,0.62665164
1795aa8d37dd076da9a83130d7f17b0b,0.029271672
2be335fc456fffac288ca4f09b8907eb,0.98935133
75c4dcd97d040f814f56c6b945b804b3,0.102268845
c94fcdb866e1e3a9af205bd27664d492,0.99987435
70a2751468a260dae8b0306263f0e98d,0.10811472
93656511620e87281c3214e9b890efb1,0.9879673
7dfd2de11209ea4c46c9f9871d5ac644,0.027804669
549c0cb49fd7703b65875900c5755665,0.9890582
01a6f8fc4510841be3101adcb2e983d2,0.008616761
f49fb211ecbaaaa6679caa24d924d500,0.9968546
36c8331e327d1f77fc9e1f23b038e656,0.96866703
0ede966c1770ee3b1f75073f5f4ae022,0.18899731
0408d267cbb6ecdac2c9ce06d6cddcc1,0.80726844
db566ad4ee4595f9da51c5df7393c179,0.00011001547
87c2e9f5576ec97fe793b2d2a12bfb44,0.101490155
da134e910f12ccf8f26ffe4c49244962,3.4000368e-07
32e2dd905e1a74b7ee7430d534fec0a6,0.0138563495
e5da67568f061684e42d88f595f8cb50,0.0114482185
f0c92316dc2d7cf53037c3f587ab5893,0.2303457
36202407db993f1666e66f934c89ca31,0.22604096
36dcf63ea2308bb1d0a19f5b5845df0a,0.017073503
cf57041b0b0781c7ac0c1e4b4c666d59,0.22971739
d313fc0b83aa6ec51bb0a46efaf4eb29,0.0028498215
65a67cf4c5308cd5ea18e83d23af7e39,0.008659298
44855797ed91df168a7302259eba547d,0.012932775
b4ff7bf3ec2e5d527264a3577c1cbbfe,0.0028277363
89804ed515e2e464fa429883f3556e7c,0.15849915
462036a297402f8dcc31431ab43484ad,0.056859393
f9242084bb0748bb93d4cb0ff8bad734,0.7956353
6431ef4a8d184a09c98ee6d658d11a4d,0.53535986
397745483283aecb6e0687bb0f4922b7,2.03713e-08
6cc1e6a5cf86413211f6cb8202a26b21,0.18946284
c5573edcdf2d47d8563d90b802abdb15,4.032367e-12
de0543b63a88fc1316f66a6319486b3d,0.12799539
b44499ce94ebfe9a71c72754a364f231,1.0
b2d1377291650cf0a2ddf89d1ed956bf,0.024969969
75bf277d1856d9525157f86de4256f74,0.0028405087
177c439daa70367c552144808045a684,0.9998648
451bf0e1724f25639c6bba732bcb8aad,0.23656705
9d318ca2cdf55363c556833b34bd5631,0.98895836
bbdb50e58e8b6b13c09b01e0c77f816f,0.12180583
7372fe66ac5962c5822a0fa83007457b,0.15106621
c922041b69d35a08c16829ccafeeaa22,0.01671362
f38396702ce23707943669a847be558c,0.0377896
834e05af27bfe0fcdb045a226d37196d,0.17295215
ab4330a902cc9dc1506f85b8e785a040,0.05461843
29a0ff2441d2087409cb65657e8c32ed,0.05513556
c124044a1b1bd8b439ffcece3155add7,0.01744358
8fb22c59398b952a2ab406e3f4304013,0.027351527
db16ce67e282d3e13abbaca7e1f341df,0.060566813
9a1dc77d16dfe77e0665aa098fb82259,0.020643106
ecbfa8953c4e37bb4033e9c14425a310,0.70052063
0ccbc1f1c5bd3f97653072aad1d56305,0.06318251
f2a3f641be45c023bb6fd29e3d2c4b0a,8.978146e-08
c4946b5aae3a23649b9972d2158b0f46,0.0028116743
665d21893d1c5965bda02bfc43ea6871,0.12887442
0b0aaa49dbf0fb4b66bfad33e704bd46,0.025778342
bbd1ca9ac8db2ec812d6680ba3077600,0.20238471
6ec8b69ebf2a74e695eb4f033f2ccb9f,0.05344727
2fe3cea5e3878d412f71b01b42348bb5,0.07480117
067918420b357a5df9520da803e10db9,0.98965174
1fbbddf7b56492927889d05c985963da,0.61582935
32c4598909aae6223e438cfd5e22b5d9,0.00038574502
5b46c32541a589115391c5c5258215d2,0.14795546
375fdb4ca63005b3996331ce5dda0638,0.59890777
bd4b15d59a092096fe26478a1a798762,0.06498927
7f8c45e63a5603e71788b665f5979846,1.0
157b23151314101628aa26911d019799,0.9954484
05a92dc9ccc22f0188151d7cd06397ff,0.15008567
30f750bf280e44a3c276ee4bfd2c218c,0.012424067
42261263eb8f1a255abc83b82d6fe279,0.21192843
7f29a23e6c7603b28b5aa8e809a65869,0.09502046
8c9c36e5d5db69e8104b4161a4972e7c,0.0028513814
f02d4b137551d4907433398c13567904,0.9763632
6efb9a616d9680c984ea9710ef653371,0.007170477
d33033ec873845cafcb481a280ec2821,0.000511867
057cdfbcf8a2ff92a8245e3d8de9fabf,6.206869e-12
f1350fd776297655500455bc6dc086c5,0.04118614
575dcbcf8832ad1afd34b8bbe46d43b9,0.9999877
bc14d1439d32ab37d98dcf56593f0646,0.99987555
df23f2ee20fe4d3c636f88a6d112078b,0.0032061844
51561e400c0cc8bbf34e31dc8fa4a26d,0.016843058
4fdbe7365e631c81fd9f2216fb5103f3,0.07723093
653cb767902f29f13c7cc7cd3b5c1794,7.055814e-05
f99189c038e950dba060b5cd367a67bb,0.101471506
6769a37c112feeee43ed99cfc7acbf62,0.99998105
aa9d00977ca3348a73cbd6a18507d643,0.09180708
379294e8bcd2900ec596c1e072a16910,0.095362484
ce85b87ee81ccf5aa904e331808176ee,0.26080137
0b840e7b40bd2e08b45bd82cc6ccab03,0.4529927
5b02b5cb18a7b83475972b845da5c347,0.9871557
bd3c7e83dc5c8db8c398f50faf69824e,0.99999404
b8abe8ed870d63b74fc6c62e38b0527c,0.20731416
b54a96e40b86f3af78bad24e9e3cf579,1.0
fe3adf1c5cd7fbfef78cb6cdd2447dbf,9.186675e-08
7e6b448af95d40d4f65a98218196b300,0.2074857
49351ddf1e1a9934024986a6ef5cb465,0.0031158333
2b40763ffefd0c953d638767e2ba6f79,0.17490482
b32565761c3b26bd5512e920b70624be,0.042668767
24dee89d5a4c28a97d1611a00040c069,0.17993294
c2648a9c5b3206cd9916395707b0f920,0.0003998019
9bedd35b6a9df6a3665f3a0f6f07febd,0.9960283
2264ada61405b71a4463920c1a421f30,0.4445251
72b8969d8cab0e8563cd4eba7a343f7a,0.61077577
27cd3d2e37aec32c2b2b1722c5f4d49a,0.00053021585
24a2d085010cb5137a51f5669c3fddfc,0.11554411
da2dfaa4eba8dc52107152c2782731f2,0.9609207
bd599398aaa7a4ef4592200194fdd74f,0.25380465
ff246fdda35f7605583bd6fdfd439b08,1.0
bbf1dee4c40b2a91a887069b39b61f31,0.90945053
afcf42e43d1798041a7769340dbe2d5a,0.9898693
a332725df42314a2dfc0fca3c61b9195,0.24843557
62df35c319e0a539ec16489638b4d702,0.98910123
4941c438c6325fcbfee0e56698cd3818,0.002073551
b5f2049cce55c465bb3c4ed1ea424960,0.9629006
41ab297330af5a646c568a97ce967ae3,0.1261804
3edc5f61b275527d3685436e58c0084a,0.9998758
2341c3319aa221a1af23f6b45d8d982b,0.99042904
1e450af039393a8994bda0120e51eb88,0.48225725
652a1d55f317d14d478c06eff5679502,0.9887299
30d75d7d5fe9cea029423a625f4e7802,0.9998758
71f3cdbef432250c498abf0956d70da6,0.0023450905
5f64f2c583d889b525cec674f5c7bd43,0.008376393
99a1548932db018e23430c7682cb0ecb,0.20846665
2514283242a2a0caba7e5d8f6c5300bc,0.08464213
800f47454230a1f51c30a0f0b028c43f,0.003254763
b69c9d8453a5cf2fe24baf17a15bc13f,0.0073173554
31f36ab988ef044102f7ae49815dcad5,0.0018755114
bf9e7cc1e852a0c821485d62ecc3d2dd,0.015177592
3aaf71f1b881d8ae27feddcc5a1d49ff,0.008398474
db4a3e7d88a6f37986dd8cee0c3694d4,0.058816627
13c3811763bb8f7dd785460f576b3bf6,0.20488475
96571058bb1f6c00f33f32493b040fb8,0.0028416424
956b6cc36153a39b847e0c9031854f41,0.24421592
2e1da78e3d75e4c0f86e2483b3bec717,0.9889369
df35e6334e7034df4641cbfcb2e510cf,0.05401516
d92a906d0e12ca30947d5bc9dbf4f002,0.0034231578
ba39bc3e301f8dd31f7e84ff230738bf,0.16001058
bb3067f7e3501dfc843cd11aaf078e3e,0.17270473
0cdb8daf31bb172eef1ae60acbc9e176,0.98796785
d79250309cc3f9dbe97642dc05744acf,0.6145779
302d5bf97f481096506cba70d1e9399b,0.025345672
eb56ccb2dcb91eeca4ad3381fa88205c,0.076316595
cbe8c281d15c17d28600dae6dcf9a611,4.0567255e-07
874ce9668697e8bb6085e9bc13ea6bcf,0.025139786
4e931f605f73820debce5609c695e6a5,0.98286116
1862a4b5ddc241e46d11bac2043dd76e,0.24092501
a4d7a37e14036feb3290e34d2f237dca,0.1752635
ea52d2c201a933b73f5873528af607b3,0.2726007
9f69af6db087f1855874e6e68f4884b3,0.32644486
9d95a9fcdc190d9975ca473258c9e9a1,0.018512461
fe4e7e5c099606f46fdc6b59fb746d38,0.020258462
5211307f3778c69a539883160b5364c2,0.9887107
24d95591872ecbe546994c1b82149bad,0.4444321
c88b44778a3d04b1c5ea318f4b17516e,0.24994881
951d7037043e1ae3a90e13b632719d4b,0.9981517
8cdd7f15270fe8305ec32f250b83b68b,0.37869835
b217b96d515c10b7b92c314306b95314,0.0009846573
4ea72eb8d1857f471afd0e8806d5f612,0.9890382
74fcfb5452172b5224111b667d497381,2.9793077e-07
