filename,confidence
VirusShare_e6ac918391b499055ade4ef9bb6e95ff,0.039692
VirusShare_1d352b03278b6ac6ee0a1188650cb98e,0.599291
VirusShare_3faf30699b85561e9baec1fef33bbe7e,0.05769
VirusShare_0f1067822c61288187555142651cbe6b,0.066039
VirusShare_6b41285c82bb54c73c8a3fd6b494e228,0.074303
VirusShare_ab9b25a2206c74078707cbc0df793ecd,0.974609
VirusShare_699515ed00680248a01aa08184c10d00,0.05126
VirusShare_83f67d8901d739cdbb224f88f86d0cb1,0.04903
VirusShare_5edca958f8a272c508428ac81823a784,0.310774
VirusShare_8b1172d8f7f182a2da21c3b1920f0762,0.906407
VirusShare_179cb67aa32c5bcb9918b7510b1bcd00,0.108211
VirusShare_70e93b3dc4b9f1acfa950b7493b014dc,0.94795
VirusShare_f977e57a3e60b1059478649fc1e18105,0.206997
VirusShare_111697dc98200c6f0111b89f3fd4b587,0.066048
VirusShare_0174be9154e75ab4e6e0850032f0f2b3,0.937284
VirusShare_93402f4cb4804617b4f4b0353f031385,0.658772
VirusShare_49e4ba7073a1f5f0a892a529023fb545,0.06132
VirusShare_9e5d35e89c1788b2e29b2fb978cae02a,0.169712
VirusShare_f789f4b541c6da44616b28e57a8ef7ac,0.126553
VirusShare_d1b7fabf67d084681cf749f319ab2fe2,0.370486
VirusShare_b7a2016d4b67b354cb4e08533ef2e213,0.814374
VirusShare_b48289bf1f0de88698d969a662224428,0.322269
VirusShare_a118e2e8f3c9ce2008917d096c11f81d,0.084812
VirusShare_0b081f76f02e82008b625a07a492e9fb,0.974905
VirusShare_9d0f678e6425b7b4a3c7fb0d93422c71,0.147038
VirusShare_74bc332afa728a23cca3a502c42031cb,0.140616
VirusShare_e2a6dd34e1fd789bda8a177f5622c524,0.085834
VirusShare_b7f72ee6badea494b5d460a1fa781d80,0.974335
VirusShare_fba43098ed0b121c14e2452f8641e95a,0.564819
VirusShare_e82546e84b438af5a77729f44a73fbf8,0.938981
VirusShare_41b775aead1e83c01f256f1f8d024d30,0.128482
VirusShare_27f503cae03ecbcb3acb1a1f807b4e49,0.052285
VirusShare_887c3ec2cbc8cc5f8ec9e2a9751839f2,0.191276
VirusShare_c6d75424da4d2caf89c676c525d8dde9,0.070041
VirusShare_9f256ce4d9a7ff16e1641b2be0e54c3a,0.97448
VirusShare_8ed32ace2fbce50296d3a1a16d963ba7,0.145179
VirusShare_74074e1496dd175aa7a430856115b57b,0.077965
VirusShare_edef90f8d9a6fd3bc830c8159e2e6136,0.958113
VirusShare_7f4fc1d5a6c57db4a63e7f45f1612f8c,0.068559
VirusShare_b2bdd2125ec400775f5270ce467666fb,0.821034
VirusShare_30d100d28dc2dccf9a70d9772159d9c9,0.039701
VirusShare_3446e8d280d8907660312becfb71e96e,0.942344
VirusShare_ec0a80b3e7ea041977cb01437c178422,0.078292
VirusShare_efb3c83db832160fad834c5529f8b094,0.974203
VirusShare_9f5cab032dc78e3893dbe2f8649f7b65,0.082678
VirusShare_5d70be57948bc464b2f0afe5c3dea133,0.043428
VirusShare_8f836a3d78c46542c3fa9bec0c049721,0.236427
VirusShare_3a55e297e1e52042430d1e9fc34371c7,0.707286
VirusShare_1bee407357a1a83da2a38a681144effb,0.105288
VirusShare_78e7dcaf21b7cec3bc9f540223a624b7,0.064525
VirusShare_8b3365e1fe3a0b940f1fbd075a3c0cc7,0.565477
VirusShare_6924ee9d8e29ada9a98b783c50ae5263,0.917468
VirusShare_2fdee21e58e130df18f02170a9b07e4e,0.302179
VirusShare_c05d9d1237dd9eb87e4d704e7d9c898d,0.157414
VirusShare_1071cce2a4e9a5cadabe5dbc746e5c72,0.287858
VirusShare_6a043fc97b0d77f9f66f3257fc9cfee2,0.207477
VirusShare_fd479aae600f29266883e6c58bd63f12,0.912146
VirusShare_9a61445ee01ae6fce1770c5015c37908,0.13087
VirusShare_75d955128c4fb0b1079f23ce7e011fbf,0.066793
VirusShare_2c1fad75c8ee20ba8242c36f0e63ef64,0.062013
VirusShare_c73e6cafbe7c64fd1d575489ff97c996,0.809416
VirusShare_505015d8b9cf48867cf5df264e4c5d77,0.056251
VirusShare_0050bc019d07cd95b677236d5bff0bbb,0.193673
VirusShare_ee7e4c383fd977ea4e4c5a3874518963,0.330168
VirusShare_cc63f92bcd4c29b69e2755794bf41f9d,0.953386
VirusShare_211cd3ca71b8d62144cc14561445a536,0.088919
VirusShare_0dc85b059ef68dce44db88d87efc7008,0.555868
VirusShare_963abc4873236c571b0dec253f8d33b7,0.059107
VirusShare_3adf0bcbedaa57f2090ba0dccf624d7f,0.192478
VirusShare_b675b69824c734efaefac0f2110b9af0,0.108211
VirusShare_642d802dc0c3ac9786f8769c99a16dcc,0.393276
VirusShare_5e4bfe047e869385691df275df56ee1b,0.210613
VirusShare_1594ad2bdb2fc7870f33d8c7e31a30d9,0.974933
VirusShare_917cf902f34d570aceb5e9b83f1d4211,0.080183
VirusShare_4f5e9708ae401516f18cd847621b2821,0.061141
VirusShare_10623d92ce9da3edb54ccd6a2a9f2a07,0.081359
VirusShare_dedbed02b05c1a779d5fdd9b7e2d5282,0.051519
VirusShare_2cdea1be98b79c40f2ea6c1a5c35091b,0.917604
VirusShare_e604a05b2aadf22558e7f5bedcb6b4e7,0.059086
VirusShare_411fd225783b08ce1b5e91c87ab6ba0f,0.052586
VirusShare_d8f84f766d63bdca3fc1681a985530a6,0.064006
VirusShare_2631ba756f301bd82c347d344ce1f332,0.051426
VirusShare_56ecf3a2f751f1589c43d795dac1fbab,0.38764
VirusShare_d973a9816427d0da020942830752185a,0.953386
VirusShare_dea9a41831e190928664531930f158ee,0.308723
VirusShare_c44511e31583086a33152c79efc00591,0.218195
VirusShare_4af049dee61d70f52b57442c2f32b59d,0.109578
VirusShare_ce3f435db1317f572ae35aedbcef7efe,0.435
VirusShare_9a6cac215a4437b5fe6d273f61f33d64,0.826818
VirusShare_e1f8f9121f098ca03169029406a9f7fc,0.060326
VirusShare_3e3b1f14bb70f7d1fa78f065812c9697,0.973799
VirusShare_ca9e51552fcc1c9c8bc1f24575a79a34,0.930764
VirusShare_840b35506e2d2d3a6cec6efb0259a420,0.256933
VirusShare_82738b42a7e10cb6f57b9d9bc259a808,0.728833
VirusShare_1d5f5edcaea84b9d3fb632d2571e1bd0,0.048379
VirusShare_dabc7d0c1d5043e18e1655b1792e2e62,0.974643
VirusShare_8731d4518ba0eabd2cd20ec86078ec34,0.070256
VirusShare_beb2637af6e29efb26c78446e0696dc9,0.097793
VirusShare_9f5550e4faacb909d69397d558bfe319,0.142149
VirusShare_0345a3969939a7eb5520725a9abd4069,0.97509
VirusShare_27a19b959e1ebd30705e014cce01f207,0.06211
VirusShare_b3f3e0c7012328bcad4aa1cc69a5ec83,0.939069
VirusShare_d313f2d49e225b7167bb4e11b9560ef8,0.155816
VirusShare_d80cf5c4b2ee77a6d8203a1f5b14a9bb,0.039701
VirusShare_c8f0d77d89932e7d32e122a4a35c7a11,0.222434
VirusShare_023882888c213e379862dd056d53a8ca,0.789644
VirusShare_caf27248461541c93c399a0602107083,0.091964
VirusShare_d9aced64f6049245183a82b2a324f346,0.955324
VirusShare_4293a09e189c95d9b87907df5856f36f,0.144293
VirusShare_7d30aea90227baafb8e479e2a4fa0a4f,0.261948
VirusShare_dfdfdca2a2360bfecb9ff515d1af2b37,0.058378
VirusShare_51b846e41f0cbe96d2c03544e0bd91fa,0.134214
VirusShare_b215e584388faf2cf9e1188fbb701395,0.147228
VirusShare_b1774543c96b4f57e9a5f65a0b7eb0e6,0.085935
VirusShare_e69ab17af56c1468e10b5c6562668686,0.955324
VirusShare_02e8c7af3724ff535da627197920ad14,0.287563
VirusShare_8bad97dfb736d59c3cca2b0397625a9b,0.885935
VirusShare_8e3ec632409f64a7c35a05627b4568c8,0.063187
VirusShare_66281139432d42f0ebc0619d768f40e0,0.462324
VirusShare_0febdae255942f5744e63c2ca74120b3,0.281393
VirusShare_207edd157e24f3734afd180e1694343c,0.939093
VirusShare_d2ae243b536c212f5833419076e46da4,0.219712
VirusShare_f07c2c86a48b11587345cde8f9b04f0f,0.865708
VirusShare_5fbdb67d70370031243a318db2299252,0.953386
VirusShare_4cc9746206081b3c18d13f96832a14e3,0.35952
VirusShare_af6554157e0fdfdf88924d0cecd62285,0.074342
VirusShare_532c39933bec8f3813f7acc6f870810f,0.975071
VirusShare_2412fbb3b0ea8d1b1c6eb52515ab5258,0.126553
VirusShare_f6ed5c51bd0575a57c14d41a92588719,0.942599
VirusShare_3c95c54e9870414cd65759aef4800f49,0.955324
VirusShare_58f3528be202aae15ed228d7189416c6,0.304545
VirusShare_5a1f10f69cc9eaac95ff062ad3d0fd11,0.173635
VirusShare_b4ef19d64737093cef8614630f9e1e6e,0.918727
VirusShare_9061ad1fe8b3574e39261a02989fa86c,0.10758
VirusShare_a48580f20d8fb49cb3f5ef2ae44bca16,0.060705
VirusShare_d069a851e465f12753815fbed9c8d196,0.738798
VirusShare_49ae90c1479fa19fcface2ef9c1c6bb8,0.877897
VirusShare_e416e6577509f75f63ce80f75cfd0823,0.049206
VirusShare_f563081fe6b8ed73a8ec12617ef7f61c,0.932474
VirusShare_047ada9ea5c4c6ffa7a39ab1580f5b53,0.209335
VirusShare_e650ecd6739766557981e3e7ddd28c20,0.955324
VirusShare_6db507b9ea8ba995892381c41052c4b5,0.108878
VirusShare_ac90b0b1616bc8be41258e7acc863745,0.463706
VirusShare_a1dc9adedb5bcde7c2a4fd535d8d4601,0.914214
VirusShare_519a54eafe876b99f10e2e5dcc8f0e4e,0.159234
VirusShare_109c885cfa000ea4d0c72f9e30e7191c,0.952849
VirusShare_a3d61c51677550bcab428e66d5ae3080,0.84801
VirusShare_7dba219bab41cb4d41e743e7cd5d7b17,0.972135
VirusShare_9f160499b4c84bd5b5b1e9bb86f1a810,0.945637
VirusShare_e7cdfc39a7500d08fb0e3cabbcd0b507,0.110829
VirusShare_8db8a1ba0010fafaf47a3e7f8c2b31ce,0.063772
VirusShare_578a2a0aa83a8164798978f92820c70b,0.169074
VirusShare_99246ea6f0b139032fac853685448b79,0.04727
VirusShare_f9d38541fb6f9dce6f057374e996a1c5,0.514441
VirusShare_734de7671001eb189ed8b49d0544f743,0.406464
VirusShare_fbb51b4679800966750d7cab864723b9,0.458232
VirusShare_dd210143b24850348ad270b1f0f997af,0.064475
VirusShare_c4a7be7a2e3f82f60469cdf684fe89d3,0.91043
VirusShare_84ea67cee7b9c7e2bdc0a9015e0f2351,0.055619
VirusShare_19e3782c35b4576c143f9ed994899a99,0.449369
VirusShare_8e9c68d087303e53ab7d9ece96cf58fd,0.188046
VirusShare_d403e01bbf4d971d95c9b7a10695c398,0.043228
VirusShare_41a1ad033560db64a43c524d3ddc8e46,0.855692
VirusShare_59b821abfc84cca6a6d16f653efa5e44,0.342188
VirusShare_2e39656c99a565d728468413ac51cf26,0.063805
VirusShare_6e62cb9964dc003053327bb28d2b2e40,0.177632
VirusShare_2e96b4e510c200c97365c98199266fdb,0.974712
VirusShare_ff81f72284b2b6a4710df8a9cc6a4f53,0.557316
VirusShare_d775067dd66f564cb228defa222be187,0.0588
VirusShare_13507d47cbc2b2bd6f75044690a0fec3,0.888229
VirusShare_5dd713f1536a0a68f6efdc4397dd0bc9,0.170623
VirusShare_b26bb8218b83038d037bf6a68bc69abd,0.955324
VirusShare_6e40de93ce2955bb03bbf18dd4f5a1d4,0.097116
VirusShare_8e593c0316afe7dbf9fc0771d3f6618c,0.937144
VirusShare_ffa26cf53ef032afd7e76f72404f8857,0.084486
VirusShare_2b09eedc3c0cc3a035dcdc1181378c3f,0.084227
VirusShare_1e8d607206d7c754e9303151f126c224,0.846432
VirusShare_8f820ef6585960d239f7cb6fb94a2af5,0.943117
VirusShare_4889e406b015dce5291411a0f210fdb8,0.058683
VirusShare_9b6b4686d55afe1479011ee77b5ffb24,0.768831
VirusShare_a6e1c41494c75bb0cce2b25452459272,0.117111
VirusShare_47ef46db09b43952003682e39e8f7d6f,0.874315
VirusShare_ea8cf7a5feef57c143b447cfae6cb20b,0.914984
VirusShare_9607ac32c7a83e31fef89f69933231e6,0.955324
VirusShare_22b44c5bf6e50b766339eaa597b72646,0.08238
VirusShare_ebd6214d7f107dd635e8237892b29979,0.885995
VirusShare_4d8630b5dbdffac17f33c18e767719a4,0.046282
VirusShare_606d0f73ea5f8486747fcabf0aef30b1,0.085925
VirusShare_34aa457fed673b5c3cec68d05df16473,0.91331
VirusShare_5ee328db4f5298205a46a4f9b56fe13b,0.202065
VirusShare_1249102f18959489178560eb1c124501,0.060646
VirusShare_a174b6b02c63bc8cc5c9abac6000f27f,0.061675
VirusShare_81663d372470329e6ebd68fd47ce2960,0.955321
VirusShare_66024954a778391e1a27b9c417bab6cf,0.342706
VirusShare_17ab5f3ad211ef9cf6e8db44f8851afd,0.792414
VirusShare_db7b754cf4e434f82455231c6498dcec,0.124886
VirusShare_133424a14fb0bdd769d65b877e60f270,0.265208
VirusShare_cacc469da8ae937b41bd0a518c0d053c,0.801302
VirusShare_e61092367f5c41a433bc6b326a2cafcb,0.051519
VirusShare_83d9e874aefe4745f5ae0049771cfd6f,0.974491
VirusShare_b0f6d35e1ab7a1e69fc4ee9671b3f864,0.077645
VirusShare_7c2ec1e7f3505fbf944c88bb82bd5f79,0.953386
VirusShare_5302b325f5239280c8778b320b6d35d6,0.216446
VirusShare_3029ce5a806229c175e9bf9651669544,0.086359
VirusShare_5997c6a297d6d55d31cac482718284d8,0.953365
VirusShare_6684b347a607fdf671e2d7837a204133,0.210613
VirusShare_bafe931488b5705fea890531f4625e75,0.050153
VirusShare_7ed38028485ae7d682ae7fcbafc113b9,0.069389
VirusShare_671b4f1012a1f26eef317f275814ee4d,0.184626
VirusShare_58cd344626319c5b2a533871979b4225,0.753409
VirusShare_99879a8cb74dfa18ce4a4fd01b1e11d2,0.215006
VirusShare_b988f065ae6cab008e414b2e8399b1d2,0.70058
VirusShare_4dee80f614ceb924ab39519763ee3b60,0.108509
VirusShare_145bc451445abade8bf2597baed274bb,0.841457
VirusShare_613fba9a5ab611d9fdbdeeb07120e9b4,0.953336
VirusShare_61acbb6b3b0b08ff91d9910c118495df,0.039692
VirusShare_a55d669cda884e16e381473bc3b61989,0.89263
VirusShare_94a49860ac5199711f5a43162156f9e5,0.883142
VirusShare_d8f12afeb35ff5640c243d5640dcaae7,0.1663
VirusShare_bf7e12877cdc2113e83c357d61c73751,0.07538
VirusShare_8401bb88ddc009e70f854c2dc3158c91,0.075964
VirusShare_e948209fffe5b38f8fda3937d8a1c6cb,0.069159
VirusShare_f630a59526f961fe9b45f17115507fa1,0.059149
VirusShare_aa1757f0d25bdf3356cf097d3be39e7f,0.480466
VirusShare_ecb5a5787b35f0685de4d3015448d1c7,0.166498
VirusShare_d9fc692c9a724bf14422706f5f7413fd,0.26603
VirusShare_fad7cdf338d8026fe91b5cf8df626f98,0.054851
VirusShare_211331b3936f80b3872718ddd77b4a63,0.060601
VirusShare_21f5290d7a024344bfb921a7b3d56465,0.069131
VirusShare_45069bac5a39b5200833fd01ab224481,0.970754
VirusShare_59335fd660c0ac69d372bcda0a9a46f8,0.19546
VirusShare_a04d449f41e831b18c8d454aca779670,0.077678
VirusShare_096a91fa5c9344f903575f156c35348c,0.070041
VirusShare_4ee54c209941b985127571b16ed15cfc,0.921979
VirusShare_a45fbc7b93c849501310d925e30a38b0,0.191276
VirusShare_74b71de3732d2b4f3981050fbcff8492,0.505552
VirusShare_7370041371838b0404c3d8920199b593,0.140449
VirusShare_bc99f03dd326ca2fca99344291ed1375,0.423885
VirusShare_8979027a36ebc78352a50dbe7f95bb84,0.33993
VirusShare_24a3e19705795c9923f9afe1d4a1411f,0.046871
VirusShare_b1ea22ebe74d1194fe10d000a2554da1,0.801223
VirusShare_1296a782d6ea13ad1d712df56128c13a,0.975108
VirusShare_82fbfa1a99e4001ea9f24466c7ad168e,0.071603
VirusShare_fbeb26b34850d96b5cb3dee8e5f5e79f,0.850871
VirusShare_bd95206a51af8a2a6ff15ff7a92c2110,0.049387
VirusShare_48acc049df0d2b8982771b96a2b9a960,0.066591
VirusShare_6d32f49665fd80517ce0bf8ad28f2a56,0.054722
VirusShare_0cdf482446f9c60e430aa615588234a8,0.044543
VirusShare_f59582386f4bf53866ad352903eeb745,0.945716
VirusShare_28231e82931dcd294801854e0651ec07,0.054624
VirusShare_bdf22245d6c9ddae804e921c2d9ae66e,0.058382
VirusShare_080c701a8d675948d9ee4fcb54ffaf09,0.116362
VirusShare_3117366b8ded5d99efdea89cba1395bc,0.247312
VirusShare_8e61b9547bc6dcd0345348acea439e7f,0.039822
VirusShare_32a60c11f3db3352681abf4cc4529340,0.182132
VirusShare_2feb872b2d97bfc82d73fe44e1ca8629,0.092938
VirusShare_a7dad5b65f0a5bbeedf966f9ae7882cf,0.672636
VirusShare_4573beec0fef571347b4dfacb47f3f13,0.08376
VirusShare_eea709ce5c14b1f73ce0334e6e257215,0.068229
VirusShare_638c7986e2263524646c8eabe412d947,0.046257
VirusShare_7628cc1254f9674365a23004fe71085e,0.061192
VirusShare_e7a37b9af50430349fd17e4302982574,0.048036
VirusShare_ff70ca7a56cc60d5fbbb4fa4d30309d8,0.08238
VirusShare_e72fc266b40d1574fa2a5095cbdf19f6,0.21023
VirusShare_99e9a1936d06a058b2ff096013232c92,0.058716
VirusShare_bf56ff5d878f1c4ad845ad7646c3a02a,0.799784
VirusShare_8ac470be13150e86cba2cbcb72c50336,0.940702
VirusShare_ddcbbbf57d993b67a8ad5ddf57be87bd,0.537786
VirusShare_f718d3a6a83723c729cbecfc6da30084,0.471572
VirusShare_58ac093c85b8519ff63618579c47ae0b,0.207638
VirusShare_95b214df17cfd108222ee286954395a8,0.04362
VirusShare_ae7a6691a5d8307e11c45bd4a3ef18d0,0.059857
VirusShare_7b4ebcdba649621096a4add5445a0969,0.0588
VirusShare_99d972a4d7d12cb8a688e181e8027464,0.231204
VirusShare_41d12e0f6606a0b2a8589497ef8faf02,0.851512
VirusShare_463d8cdb5e46474a13625c6a068f35a7,0.284648
VirusShare_469cf485e5d95a8dddd3f587549638b2,0.201871
VirusShare_fef4384ecf4ab1d5543f0b3ccdb7c58f,0.060646
VirusShare_d67544106434c940276a94222e963d6d,0.954629
VirusShare_91d1afdcae2f598604164b906c3938ad,0.900656
VirusShare_80cbfec4725a7577008a5adae2a3f7c9,0.543368
VirusShare_59416dbb827ef32eb079478b3e3e539f,0.044635
VirusShare_d49151082f56eb5f18630a8f22b4c1ab,0.229082
VirusShare_e415fed09ed36f0a4b927fcecb90079d,0.051404
VirusShare_99612e5d7f809d8cc3d12e5649c60b26,0.048379
VirusShare_2b012a1d27bdcdf70debec03376b7207,0.972771
VirusShare_8df8d187a135a261bfda4744a0ea2c6f,0.628719
VirusShare_4aebceb6a012a650d0df5f6d57743074,0.061223
VirusShare_19cf0a740b99dcbd755b2c1a87ad371b,0.194888
VirusShare_9f1fa60d0c5ff3682f159e30f706bf3c,0.061141
VirusShare_957f7e389fcfadb9a1c16043535bfcdc,0.109805
VirusShare_3ee1afd9b37b60e54fdd3bc65b14d7eb,0.694069
VirusShare_9ccf8e7b3b294917e2079b1018398b1f,0.054707
VirusShare_1f457ef4ec3d64ab2553a0da9c08bf25,0.169335
VirusShare_164e2b30437d7c0b1a58f2c2bcf5b002,0.251495
VirusShare_8676437c25ea87061f9ceba951501203,0.124886
VirusShare_93af64dbd9fbf47b5f40c0f5fb42e618,0.914178
VirusShare_b5b505d95c1a9770cdb2ebe1ef052249,0.953281
VirusShare_f18fda9c8a068035227eed9ed04a40bb,0.364263
VirusShare_1b0ea693d839a5753ca36a275a842c21,0.055975
VirusShare_cecb056bd669558f64fda26f8c89666a,0.953301
VirusShare_2d7a102bedd398d397495ad6953c4c6d,0.054722
VirusShare_7cf95ce5302d2dd4d13591992799691a,0.953324
VirusShare_fab248edd4e00cae7326781288393154,0.064222
VirusShare_ec7895ff1c76d9878eb83a1f5f293183,0.858921
VirusShare_49e3dfdd110dca25ad5668f81dffe8dc,0.4523
VirusShare_9d07177fab966179269a927ba7ef70ca,0.055766
VirusShare_38d4296c2dda38d5b6ed29962c3a9f15,0.797187
VirusShare_b4eca82264aed7e495e2edf641cdb72f,0.110793
VirusShare_f52c93c38009a31f4b3c2893604729a5,0.171054
VirusShare_92f6d365e43fe5ad232dbe9419c6b745,0.757693
VirusShare_8058418edf388d790e62b580478dada4,0.078628
VirusShare_1c65f0990c8030495c5369c7a697c762,0.271455
VirusShare_8b2464dc6ca4d985648a9f789189f231,0.901174
VirusShare_cb6774a1ce0fe9a143543e2d6cf5de2d,0.084106
VirusShare_33300ce155ce544a9be453c5d2372a34,0.747822
VirusShare_f294ef1bd9f51b4e5c30f0f667d4d9d0,0.108211
VirusShare_af4872dfc947bd55a11eb5578b5a412e,0.054707
VirusShare_89d43e24d538d68377d283958df55a1f,0.953386
VirusShare_8e43feff660dd5a3e6173b3d238c8e26,0.148572
VirusShare_03bbd326eb19d20ade587d103ab848f2,0.229296
VirusShare_b10a0ac456ac65d69607af577d0e0d08,0.058932
VirusShare_f37b7658e534aa1d1ae7b20044e7bd72,0.069526
VirusShare_0be68b9275d42dd9008e6df06b7a561c,0.042985
VirusShare_3380f191895d5ae44e852e682082c34c,0.108462
VirusShare_ccd09096a4e17c77f9f72507f57bd109,0.039692
VirusShare_ed042b932acb902574fb575a58d67944,0.039701
VirusShare_423e106fa1b7b78e56a1b118175a6514,0.044647
VirusShare_e1fb2b62c88868846283d5b3dd3f49da,0.905321
VirusShare_d32ffb9758182311a99397faf0280543,0.059782
VirusShare_f07ef9c5c638ff68f5bb13fac28d1993,0.975012
VirusShare_9e9b58da56b4a8399ff36fd2d0e8cc51,0.050926
VirusShare_519e22a63c37fb5bc8d34a7ef4165d68,0.268575
VirusShare_8c4ef8fd2874b4c0a608ad9663319197,0.063118
VirusShare_bc3133a5f4fd63febb178951e82c5769,0.211599
VirusShare_80cde91b67a8bf38b11937b373422aea,0.417876
VirusShare_2f0f9ebea51958915f738309e64b846a,0.974693
VirusShare_fc0dca981d7a59d049f6d0fcbdf336ec,0.272734
VirusShare_82051f56dd1034ce69df8932155c6094,0.214811
VirusShare_98557324f8816cdb781fcbbc772e2262,0.061591
VirusShare_ba5f36122ad091d9c67abeffc4e5fe81,0.709758
VirusShare_e25a3d6391b01df0b912e380f1c6db49,0.466758
VirusShare_6f7c06fc62374fd8c42fe5ed0dc154b7,0.919734
VirusShare_4de434d84917a2623baf08bded87dfdb,0.091349
VirusShare_f886d4770a4137907ff13dff98485cc1,0.716014
VirusShare_5682348ff92e0aae20a7163fe2fc9f73,0.718667
VirusShare_ae6677474f5bc9fffad0d2f3fb5cb2ea,0.892309
VirusShare_728d894e7e4a5a2074bd6563b6763b80,0.057561
VirusShare_8cdea1c6a817fc6f503876152fe2a0f0,0.341277
VirusShare_975d87e24e881a6d224d37b25a7c8a1d,0.837055
VirusShare_34b0fc77eb40ba3df130ab34ab20cc30,0.110126
VirusShare_543b0a619e55757132abd6767ec99a10,0.054722
VirusShare_8f8ddb178ef955be949e795c0254f02d,0.059521
VirusShare_931132a095d03409da385717af7d9ac8,0.955317
VirusShare_0c401b97492eb01efaa667f73d7aae02,0.108211
VirusShare_2eb0f0bd5bb61309dd14f2768ae3a72b,0.081559
VirusShare_2e18a08987838bbc3c26ffdbbcec1e62,0.89446
VirusShare_1b96291356b83d9929b8e57b5af19894,0.100153
VirusShare_3145ffa688a17efadcd1f59f603ea03d,0.943306
VirusShare_25cbf3b2aecf77bc8823c3bb58f8ec7d,0.089066
VirusShare_b62bfd0fdcb1d078bfe16c332f7b4503,0.080229
VirusShare_a2dda4e9c958a88332dfc1822c806f38,0.848622
VirusShare_8305d9eab73c010f4bf629c6d5f09956,0.975051
VirusShare_84e8d174ffa4b44f1b82ae18407ec9e0,0.09225
VirusShare_fd45339cc1ed2a957a355d25cfd48120,0.17012
VirusShare_c38b51285c032010d0329f557074b69e,0.288485
VirusShare_3bd4334554aec4d1117702a6b4e33563,0.054722
VirusShare_8f8b043739986704de6cf7ab381556e6,0.225937
VirusShare_f194d7ae32b3bb8d9cb2e568ea60e962,0.770647
VirusShare_cd9b3a6b0c69e21edd0faf2e9676fba7,0.051519
VirusShare_325c8f7aa5894a06c9364e00ae8dcc90,0.200429
VirusShare_8d8139b5b2e8e2bc9153e638f574810d,0.312161
VirusShare_e03fa11055a7519dcdcb98aa3af63fdb,0.215
VirusShare_802768900b4f0c98ec85f69a5bb3c441,0.039692
VirusShare_10ab7f235ee583eb14b7a951ea2f8de9,0.975071
VirusShare_c08afcc79db3c9b51ccc4ee646e3f849,0.051519
VirusShare_34c17a185199660062ad469f262cad4f,0.050621
VirusShare_b3c11590befc10b091849624bd4432dc,0.146956
VirusShare_3b5f01b269c47aaf984c0827e433e800,0.920573
VirusShare_d0ddc181ee12380994a417c465f7c6de,0.324087
VirusShare_e02b25ebb67c6fdd2b9777598c8e77c5,0.058932
VirusShare_7e7a14fdd7461d0c1e97556d17e09817,0.944245
VirusShare_b2c3450da9611d27f1b06869437b2c57,0.146075
VirusShare_666b4bfa53e2ad5f1327537931bef0e9,0.08082
VirusShare_03faf06a2ab93e3b875bae231135bb14,0.1355
VirusShare_a3ca1321fe27457354f2bf8e4a1c2338,0.064884
VirusShare_48568a78c7945be4078fc1c393ca0bf6,0.055895
VirusShare_c19b01f5b0d34e6bdecadb95ceaf04dd,0.118804
VirusShare_5407d9ada9db233715123c3bd31122bb,0.560828
VirusShare_c801461a98cbce938de83c79c1341fcd,0.949669
VirusShare_d5f714acefb6b2382c97a4d4d914fe41,0.974913
VirusShare_881f15288e92087a52c7b86f5b3c5289,0.077678
VirusShare_55425c51a867aa1a65c13e1c8e575789,0.931615
VirusShare_78c6c248044ecbc905497c6abb0dfd9a,0.936272
VirusShare_f473a37083c0b2bb58b59f914938d297,0.974394
VirusShare_6bdd1c9757f568604a5137997c079079,0.051519
VirusShare_1c51d05a0374c9c5ed92768bb604c781,0.916625
VirusShare_37e865b0c29edea08b1410c7ad242a34,0.953669
VirusShare_d1f05ca22b0dc6956da314c208ce3fd0,0.052451
VirusShare_4f9def6231bc4287353b3c12eb9eb7f5,0.795228
VirusShare_58465f6e55efc2672205da32306af254,0.974509
VirusShare_bd723187aae323c39cf5024aa93ae4aa,0.108211
VirusShare_377012a0baec4f020d76fd8af7e4c6c7,0.886404
VirusShare_07ae5e014192505bd08a5a9c2b3881c3,0.090048
VirusShare_1eac24b5f1fd5b5d2ecd6409f92f9167,0.593057
VirusShare_91cf41689b7f8d4b5191c35631a23ed5,0.374028
VirusShare_43fa732f4676a1dbcc54bd23d69d01f4,0.124988
VirusShare_b09609bd717ee7a4ef623f6af592eba2,0.085896
VirusShare_086e08122b9493d858ca1d7669fac4ff,0.610739
VirusShare_25902a166716fa6b5061b030d1ec0e63,0.900519
VirusShare_636393e70903c77ecd52777f9a1397e6,0.099528
VirusShare_c2bf7c0d3233fe293568372715ac6fec,0.070524
VirusShare_36d0d721f9e7d37b131176c2a6b15124,0.064475
VirusShare_99c9e54cca0a2f4f6194fcb26c967eb9,0.064475
VirusShare_b2fdded0598dd1c4cc31d72fa96e546c,0.879849
VirusShare_ba9a0fb7a681c270bf4caf73369bbe1d,0.278563
VirusShare_4aedeb867180488e41e0cca91c5afdb3,0.066424
VirusShare_b1ebcd72d3bbfa1066b8ecc33ea33c13,0.953386
VirusShare_d097a969ed71e5bb8e888d83a188fa60,0.078723
VirusShare_876d1524aabd6b72ede1b336180ceb2e,0.695681
VirusShare_f7fc24d67395427a49aaa94160d198b4,0.931134
VirusShare_6cc0a088823f89c61a7019d5d6c136fb,0.093661
VirusShare_53678ee79eca1f2ca46bcec036792a03,0.803432
VirusShare_3e1b8bdfa86763f319ad8a6fdd592aa7,0.780773
VirusShare_cc841258d4b030ea64dadd7368984776,0.053915
VirusShare_fb4b33133ac61d537322520e6aacdf44,0.957712
VirusShare_e6a592b3837d47dc67464c7550d6c5a7,0.955324
VirusShare_ebb86f75cf48ee1fa7b2509daa5eaf15,0.085896
VirusShare_de62ed5bfb21f0e6b97cda7a934fb395,0.974761
VirusShare_5acd8a2e904915b2cc079712cce98a36,0.974886
VirusShare_03978935cf040e2b437da61ba95202f5,0.768135
VirusShare_e74553bb45c9dd9fc3e7f952b8072a52,0.054722
VirusShare_4fc0749a80feb2b38ef09e9c91f24cd3,0.067225
VirusShare_97a3a03431f5c0a1a82298f9c70773bb,0.784221
VirusShare_0f522921dcd052e06400aea565983a91,0.502403
VirusShare_d51ef35729552955c96fcc1a1efa591f,0.268451
VirusShare_dd6fd0b567054e3433a18ec51ac63736,0.975012
VirusShare_7634062434ffaad3bf7e3dba8eed8d76,0.974788
VirusShare_f94bba5154d65fc34cb42b4b7acf6b34,0.123536
VirusShare_30487ac851a42846ab68153adb8128ac,0.174581
VirusShare_4c73086cb6d85ec932f4c2588679f5a4,0.202257
VirusShare_9fa4495de498e9d0ee90cf342ad6e7e8,0.143538
VirusShare_600a6c65bd3141eb1b05c558c3208f45,0.608588
VirusShare_6a6bc84abf8d2b86caade2e178bba70b,0.474834
VirusShare_23055c9fe92fde52016b8deadcd7a18e,0.21579
VirusShare_aa7f52c81a773c541b88d8cf81667c02,0.914434
VirusShare_62b76236732db373f575202dc5b9fa2c,0.62771
VirusShare_e3cc51c2ca86b7128a5521935f52483a,0.05996
VirusShare_107183536d271bfcb3a0f036cb2c5871,0.174509
VirusShare_47f46ea7417559902e30a99e7f985097,0.059072
VirusShare_7d94171c19e644b4c600d84394789dc8,0.092734
VirusShare_41a70de64348ba836c6b6b2c469cd40c,0.064135
VirusShare_35b538d94b7ad96e6e44b36601aa9b80,0.185677
VirusShare_fb71fd06d5d3a3342cc658efd62d5fe2,0.75223
VirusShare_5f755cf47f27cf3b16338cbfd11eb7c1,0.064475
VirusShare_2f9b1afbb2a4ecad853662018d58a69f,0.066793
VirusShare_e827ee5b72e77782bfb299dadca7ddb8,0.953386
VirusShare_9e4e6eb747f664df382f3c1df2a4dc10,0.073069
VirusShare_84c20894a1ebb9a72d94a74366459090,0.340173
VirusShare_3145e55b6921c0da3c2a93de3bbbaa20,0.751049
VirusShare_283875a35abb32a74698c435ef52dd73,0.081692
VirusShare_312a4ecd537b1cf92195106aedafcf0f,0.060817
VirusShare_36a2dbb02c2aa7f418c5d1a1a2fc24f5,0.216185
VirusShare_ca4ee62a55322203b2e0c5081a544603,0.953376
VirusShare_f599fa101637efa1612b4006333cce3d,0.477446
VirusShare_e9307774220edb0845b610a9306e991b,0.079018
VirusShare_9231bceffd85923091387637a686bb19,0.294287
VirusShare_6c2c5640dea00148e91963fe12662e1c,0.080848
VirusShare_00b20c9489e1dad5f071b2821525320c,0.054994
VirusShare_0fccfeb8fe8b73c9ec9c158d750c5a23,0.975025
VirusShare_821c2c93e53eb09d68caf72a8aed0b81,0.085463
VirusShare_add6463660e5cb4b97f1ed27965a6847,0.078003
VirusShare_d7c0f584ac6e29f461cae60e2471b4b7,0.109184
VirusShare_8fb5414bddfb061c6091d61b638c0098,0.064525
VirusShare_e7e9cabcce983826f3fcf49e79907c8b,0.711909
VirusShare_49185f397621975ce505f2ea021b591a,0.046834
VirusShare_932f3ef7ace88f644a40e836c9e972d9,0.061141
VirusShare_51a9c62b973de53fb8cbe27ab7b6db9b,0.161152
VirusShare_a3b69fa649e32c80ab033dc98ced708f,0.412599
VirusShare_66749905f33d0e8b4d145da445af4258,0.456166
VirusShare_a334628fc57c49f3282a1b3d6a0da61a,0.045949
VirusShare_6d2f06668ce8a9c198fb78996e2729ad,0.955324
VirusShare_ff0ccbbb7f0248c3a200564f62d4fa7f,0.892756
VirusShare_4d9b756d420141ea7f46bde9297ec379,0.077438
VirusShare_c02a4f77f1566a7b0e7e54710ca668bc,0.78255
VirusShare_4b1d4a2b332ecba84283c97915ae6b14,0.077628
VirusShare_cfca2d6f3d47105a6b32b128e6e8bb5e,0.952759
VirusShare_bcfc38927c342f015a7cf060c70eb2a2,0.738471
VirusShare_02729f9c03e36df4976c967b9341d752,0.200123
VirusShare_4e5eb7cdd79f9bf2b5733af61232ff3b,0.060647
VirusShare_9f5cde189236c3dd0a3933b722953d37,0.123966
VirusShare_075c224b556dc89a564199c3203ff3ad,0.075476
VirusShare_a90e1992e77b7fb0969aeccc94757522,0.092809
VirusShare_f0df8342e9a6f3edabd24cead98e556f,0.384165
VirusShare_dbaada5219e50759bcb7a53ee930616f,0.054722
VirusShare_a9eb96e828156ca11c930960d572498d,0.955324
VirusShare_2678a710c9e3f742056aa1cfbd345f2a,0.070041
VirusShare_ddd699374ed38b0ab8c223579623e351,0.938307
VirusShare_ae1a02a72667bbe7e488f5560fdee3d3,0.09199
VirusShare_3c7cadd6a502ad137e5fdd34ebeab642,0.085418
VirusShare_e579b01fb68a98b3343be6842595e2a7,0.0463
VirusShare_71ccddad1c2334d71da404811fd9ba18,0.279603
VirusShare_4a20f66ff12f7af1aaa7658f2847dbea,0.058596
VirusShare_c85c84854b97b923db49920c85b0ead0,0.051519
VirusShare_dffdaf2ab2b6eaba7c264fe32650de5a,0.051519
VirusShare_2a9f6b361e54841953bcd99f86694ab2,0.039701
VirusShare_fc79438ff79b859cdb481fc5785ffcc0,0.062342
VirusShare_c03e246cf84d8f15d4876110f09e048d,0.052987
VirusShare_8802150e7573d4b48d5cec0445d5b4c9,0.126553
VirusShare_db88f392cd8b915048d2d06f0eb57254,0.974904
VirusShare_01a374fe3ad1deed124f4f97310c769c,0.928234
VirusShare_cfa471d911ab0913fff1acae4c86a330,0.974809
VirusShare_0c7ee2a1af425a1036a3a8233bb06094,0.851512
VirusShare_c23ba2395249d9cacc78e5c9781eaa33,0.059107
VirusShare_14c28eb2664a360c7db0283ab045f3fa,0.061273
VirusShare_fb226db2efb5ea474112a3d8f0bd1725,0.070041
VirusShare_a1ca271b07d591b1cf9fba663d65b29d,0.410681
VirusShare_7425e9b9ba365db809ba919fba6bc770,0.054722
VirusShare_9726037645d3687a149ea51b871413e4,0.123966
VirusShare_a8072b5d58ed682f9775c7cb9ec102a9,0.070256
VirusShare_06f4ec1ee9d179d387daf6d27356131e,0.060521
VirusShare_fe3990d1c95e97be4144ee42efd7f72d,0.155414
VirusShare_d02e28ee9a0c5d7fe5f33cd6ef65212a,0.516559
VirusShare_a6093ae4ea63c09ea385244d070315ac,0.974794
VirusShare_e0ea4e7387a5aebaa339694b53dd3ca8,0.187538
VirusShare_b20476f3652841ef9abd15d05413fa5f,0.955324
VirusShare_00fe4203a5977ddfebd62d529dde4df0,0.131938
VirusShare_d03446d54e7a9b6ac421c788c85122ef,0.095895
VirusShare_4cc6022962d3329883a97e0c56fdac74,0.679684
VirusShare_53cbb87ebcaa51046685c3cf18d70f17,0.782162
VirusShare_d051b9d5c5385ca9d1b482e17d3b9e18,0.039692
VirusShare_d95da80d7a4ef553989f177eec981187,0.779499
VirusShare_f62a6fb2a94554493e1dda05a5c1d9a7,0.082616
VirusShare_c1fe1aa006b958d76cf2300af985ba80,0.611022
VirusShare_657cb97036e9703a01d6073afe4e5ca8,0.942427
VirusShare_b68251338c0016897dadab71952c8304,0.155658
VirusShare_4b1a5a8847bde71414cfe8bc5cce60b2,0.059107
VirusShare_18d71e3de6df2df70f84597cfa8dacc1,0.246625
VirusShare_9bb3bb54287ee2469989dffcc1babe97,0.496044
VirusShare_780bba289af6d12a8b793f92a17629ea,0.104522
VirusShare_35c213dc5a5737e8e409f3b32e11232b,0.109028
VirusShare_f9073fb66c1cffb1444e02972668b57a,0.941705
VirusShare_02ae8736611d3bccc120e3579bdd76df,0.055895
VirusShare_416e30075cf5e1d29bd1ab4f95f6e9c6,0.070041
VirusShare_ef0c1df06b796b7d7ff5d8184e03c1a4,0.555868
VirusShare_c7d0b390567d5933ed58208304b94d13,0.311
VirusShare_d820a3f13816e55d222988a5fe243758,0.348503
VirusShare_6e79270195e2f710153b1bb893c714e0,0.924089
VirusShare_ddd7a385eb17e0eb35fda9d27fa3d4c8,0.915209
VirusShare_a4eb6ea367fd3fc014655d0ff4e8da42,0.054722
VirusShare_de4e7d52020b120b2d4c0d477fb2ee1a,0.122733
VirusShare_9c5c23f132ba548d030550e43c8b7806,0.109028
VirusShare_1dae69a67d774711b13f93b062c0925b,0.932194
VirusShare_9a73d70d350fabb83da0b6492a44f300,0.932516
VirusShare_781a9b6193697debcb866d7b401216bc,0.308984
VirusShare_f8580c8bd128ac41e6c2761ef7ce06f3,0.109578
VirusShare_8f5e8aa0cacf2378265976beb76449ae,0.054722
VirusShare_fb767e87fa86a405114bc8b723a1d910,0.274478
VirusShare_f118ab2fce33c69cad2d35b4aec81978,0.97108
VirusShare_8975464d493a1669c83ad02d91f6fe64,0.72501
VirusShare_3ff507988a0b5aa54755d0d6925be97f,0.452141
VirusShare_6068d5cd23723a84d002cbd356cdbc79,0.046654
VirusShare_bf7733075b871230f397db64e086783a,0.953386
VirusShare_577b5fbdcf47f70f4d17d87cc8a20550,0.95655
VirusShare_e9c6425fc0758bd06d5fee0a15f833e4,0.903634
VirusShare_ff66af3a9cddce92827a4b88eb1ae684,0.255419
VirusShare_4f21e325bfdf761703a643b520732557,0.154827
VirusShare_7f0d06c7ff872fdc82ecf5fb57e402be,0.0588
VirusShare_124f8ab257b35cb86cf4d393efbe8065,0.05148
VirusShare_ea7ac52e9b4689f0edcbec6a42cc2df4,0.105271
VirusShare_0ae120b3084122a958fb0e65f6d1e26d,0.156241
VirusShare_b8812904ce915084f0b26d9abc670a42,0.913442
VirusShare_004ccf76f594a37e8b0797e68b38d1b9,0.059074
VirusShare_3e2d54f74b30eb09d2f1946ad796ac77,0.060307
VirusShare_759abc6d1147a8d1c9b14c812c6d738a,0.086016
VirusShare_d4c553091297c9895c07565ee8aed5b3,0.488899
VirusShare_9116b33e74cf22319c1d7daf6155a507,0.929077
VirusShare_b9ddbc6547c4f1e5bffb9f428a94663a,0.039701
VirusShare_21853eadcb064f20caa1626acdc08e60,0.229484
VirusShare_f5ab2962733474c9b5d71fa8e02e6137,0.958914
VirusShare_d6da10588ace7f6dbb95a31ab9f16156,0.759657
VirusShare_eca0c4ba56d51ace312dbeab81851fb8,0.161366
VirusShare_b335c9a998fe45b64e21bcfe3d4d03ec,0.169653
VirusShare_95e8296c984666bad7e446f0e4e1dd7d,0.14706
VirusShare_1ff373e54159535cfbbbed499a2f302a,0.953386
VirusShare_e79c0eb23a7f154e18d9ad0c6ebeda3e,0.895746
VirusShare_b74884ff5bd3f463eddd9c932836e489,0.974312
VirusShare_11ff8a6436b77c3b8b0f7b1368db730f,0.178278
VirusShare_32cf231e578f2ed60fdc523e61ad7fbf,0.070041
VirusShare_5e49a00526f2796a1dc560e575062bc6,0.070041
VirusShare_2276baf31f5400dbcdfc87a2ff05fd1a,0.052169
VirusShare_daca2472808c52b6d7d5e5a88b9b4c82,0.784417
VirusShare_709bcd8323bd359f5f6358a2383a0f30,0.747051
VirusShare_3684268525b5029a52f54a549826809d,0.060683
VirusShare_e6a191cab9b35162e0ae4f6d2671ea1c,0.164906
VirusShare_a637b1aec7c30e440a7797e47867e5df,0.060604
VirusShare_1322251ad4904aec6ab58c1012d72430,0.250141
VirusShare_90f497224e41d5303158006df1852b89,0.084484
VirusShare_676b510267f6770caea123c50e060984,0.071994
VirusShare_6010757baf9d62112c1342392aa9362b,0.461249
VirusShare_5c9a47b5cedf0a99b1fbf6403f377216,0.937898
VirusShare_4c30aa19ff195f42a11f6eeedc7bd55c,0.816
VirusShare_d7e77339d19312dd3e3a0c3e367c86a3,0.661089
VirusShare_98c4909b28702664beb0042443c61807,0.064765
VirusShare_40941510d66ca645a7c07ddf443686d0,0.563848
VirusShare_db0704c6305d3a1f892483f5d8238862,0.859288
VirusShare_fb1d7083c4badeb2d4258f51bdba41ca,0.974933
VirusShare_c1c07644f9702651cecc0ac34249a23f,0.840252
VirusShare_a1fe5c0dbaf3a98bd06fef04d5161ddd,0.065175
VirusShare_89074c389c15999966fdcde81fc08213,0.905377
VirusShare_3810cde61cb6a2828fe66d2b30bcaa4c,0.189871
VirusShare_fdd52c103b960a16933d9478ce2540d5,0.972571
VirusShare_db6d5291ac32aecafb5dee5a00e55709,0.04996
VirusShare_71cc4cc8afc2a796827f5cc9125ca04a,0.951868
VirusShare_4c9f997150e1bb5cd8157f47db8bff2e,0.655569
VirusShare_25db64c086c5e7824034acd389101cd9,0.109578
VirusShare_1cfd3a83d9cf05e3f35449f9d8d5273a,0.772008
VirusShare_3973c208abc70b8581d0e035808cd637,0.879545
VirusShare_350acee6419f8dd7cfa3752a98195628,0.681478
VirusShare_bca9f96974f996d6b246209ff0dad9eb,0.171699
VirusShare_a7fdc32c017f812458e0ff1580398add,0.147332
VirusShare_da45ce2a9597f9e0faf16487fecbd993,0.062159
VirusShare_a966ef85fc69eb7989ee418214e1c241,0.049664
VirusShare_0da5cb6e034d8f77823135df5d61d20d,0.953365
VirusShare_83e7034350b32aa510d1fb5cb2f959f7,0.077227
VirusShare_1816b3981a69a3e2c699dffa81f78cd3,0.061928
VirusShare_80b711b275c9ec03f458778a1283b846,0.897382
VirusShare_9ad7ef55443a2bea33ce7704adac2a9b,0.168306
VirusShare_17cb8d60b2721f342f22688464bd364a,0.97501
VirusShare_3113ccf96549a40986a6c8ed2d0fea78,0.321193
VirusShare_761b8bc8c4b25c670adb826e0ee46be0,0.089846
VirusShare_66d011332ca0f861dfe6319ca3fe1056,0.051519
VirusShare_ddbc4552b044b39a8090eb9f213a3136,0.163558
VirusShare_5967a781fb14833a6862c1d18a54b617,0.269931
VirusShare_709929aa3b4a2c6b044303552a77cc88,0.92508
VirusShare_ecf8730dc14f67fd30e0512352ce48ec,0.240545
VirusShare_11052e9f91d07b1318e74ed8cdfd0ac8,0.525549
VirusShare_49354088c9ae1c8c34753ed879ce9203,0.069605
VirusShare_325dd7c825006968846e9cd8e5d3ddbe,0.951331
VirusShare_6292902a7d33830db00eb2b2680a78f7,0.414832
VirusShare_fdb5963a4b5cfe7d805084bd4f26589b,0.24939
VirusShare_2014a416bc86b8e393dc885af3a1b135,0.062156
VirusShare_bd44b502dc8dcaa5c12d29f54bde7c38,0.117127
VirusShare_9b5b7d6139df43d43595d92c42fb5db5,0.827734
VirusShare_f8c72e813f5d289809bee9280f389fa2,0.081072
VirusShare_a9e8cb784367019134f205269547299b,0.082616
VirusShare_0c0ec61d967c0840a7b6f99c439cd90f,0.848689
VirusShare_bfbf358b7ad649f7e8ed85668fb3d18b,0.093486
VirusShare_27e870280ea8bac6c1f7fe5676b7cb84,0.051519
VirusShare_6cefea1b85b5f40669fdf178e0bf9df0,0.955324
VirusShare_c0eb056f4ece858a9b71352865247d1b,0.824991
VirusShare_c62ce60b79e63641fa6064c31ed90d21,0.366808
VirusShare_6a6a03cb9c336a178d986a44fd19bd99,0.284774
VirusShare_26a8d2c05ec786cdc8afff7989f8090e,0.075795
VirusShare_c10280ae1e2b1e2897f207e35500b4c7,0.040149
VirusShare_c07f8b98e61d202f586fe4cf3b8b6aab,0.336116
VirusShare_e22dcc01c6037301a0b437468f2bbedd,0.649356
VirusShare_4ed928e7f635d8dee12e7412481c583d,0.819759
VirusShare_873eeaab91c6da5971b066f7b7a50079,0.790892
VirusShare_f52970e4ef6286ac33dd36e545be06a8,0.070041
VirusShare_c9fd64639141e2f1fb4b5d7541482a21,0.113297
VirusShare_4e40a84229d0b190520e4b51de5a9caf,0.046804
VirusShare_d54deee0c97acd64172efe183c5f9397,0.973302
VirusShare_bf77f4e4b7d99180cd03145e877c3638,0.953386
VirusShare_ed12000314662839da3b438787042e3a,0.070041
VirusShare_fb8d2b136f712058071f189d3b89321f,0.974507
VirusShare_9627f5900dfe1c8b710094a3f8dafd56,0.044151
VirusShare_570a289223a7e02df1ce464689fbb894,0.956567
VirusShare_2fd25ef8356ef487387a69de836482dd,0.181441
VirusShare_c0369ebab3962086133d1af27648a79d,0.070041
VirusShare_0c32458545bb0609ed47a474fd3a0480,0.676164
VirusShare_ee83e2eb532ce211998039cfb733023c,0.044635
VirusShare_f9189338baf0767dc2d8328b0bb97600,0.12644
VirusShare_1010bec081572dc3bd16e26a1e37d815,0.197227
VirusShare_0a521a02ab12591d2eef33195396d0e5,0.975116
VirusShare_6c1b77a44bf111bd853c8b623d2f3334,0.907807
VirusShare_9e5a26fd2e34768c7d29bdcb60cb016f,0.124899
VirusShare_ad2c1c6a158fae8c4107ad76de4ca144,0.089601
VirusShare_f482dd9c6df9a559c91040167ded793f,0.975118
VirusShare_183a75e0a281c9365d5822d865dbbfa8,0.080465
VirusShare_749c2079b3f7807f13931f0e2aed3ea2,0.867552
VirusShare_d180bb41beec6fa892240ed91d9a72e7,0.051519
VirusShare_eeac7c8b2de240a75ce087bfb97009de,0.955324
VirusShare_83d48ceb05204219598796cf99ade13c,0.680804
VirusShare_55d9516459a859e6c9ab1592d1be9ae0,0.897302
VirusShare_3aa79f0957342a5510c727e673a451ef,0.201679
VirusShare_477ff638b48a93e8fbef50ccaf975ea1,0.126214
VirusShare_f6dd8e844b08b8340a60603c2a24dd40,0.692319
VirusShare_ae98beb4eb0c84ac2fd84203528a103e,0.061087
VirusShare_1efccb279f2c9d5b266e3c6e6a6a7de7,0.082616
VirusShare_928bfd4b217c8f0307387f43c13e2331,0.064761
VirusShare_49df86cc1c3882421a8455be4a88c13d,0.061141
VirusShare_c738e4f680b4fcb731c25ac612fd4cd2,0.0588
VirusShare_a9049d13128ecd6f1f151527984028a7,0.387887
VirusShare_2af7209d90ad2e42e0deec16ac9250a4,0.932281
VirusShare_ec92e4dd23998daa91d7dda5c8687f6f,0.807392
VirusShare_3b0617bc3943ed78e5b4321d9803189a,0.051519
VirusShare_9bfb890232a1719985b1eb357f770048,0.039701
VirusShare_9d40e04ff7ba6c4202b5787a3706ae94,0.081231
VirusShare_52d7cccde88d979a77494e23a758faa2,0.42532
VirusShare_52f76630a6043fb589ac18c6766b0a6f,0.942643
VirusShare_946d57e17f85b6556069ab908af48b7e,0.907472
VirusShare_aa2581624e5cc66fb8535c1eec1b0893,0.08515
VirusShare_42fbf5e55cc1242e640a6dd2c9be4cae,0.931724
VirusShare_c482d1671a2f3f5883931e97b31985e0,0.06931
VirusShare_d0457978ba4ccb7acc9de302ac977aec,0.281033
VirusShare_1005679e66997f6a9de0dc8518603d86,0.267169
VirusShare_297f89bc44e6a91534540275d0898b16,0.952223
VirusShare_55bb235bdbee8158ef54939e2baba45a,0.054722
VirusShare_7d3a3b5bcf63f287118153ef2be55960,0.260383
VirusShare_f00b6ddc449054b9174e4f56016599a9,0.339541
VirusShare_fbd1a80389d206f33ade62eed461a83c,0.286363
VirusShare_db27c3774d8acd9ee962457c5937a51d,0.62295
VirusShare_9643b905d0364668a6ad0d409f6806be,0.141595
VirusShare_e7671ddca513dcc92a62fda6e20f787d,0.054707
VirusShare_a5b44f3f1f7af65d09f3a6c0be6878bb,0.066111
VirusShare_eb2d86ee887397c8c2598b7db28af513,0.106899
VirusShare_e20ef2e85a9a75fca0fe85bc398879b2,0.260968
VirusShare_0d4312fb63dacaa69b4dff0192916fd7,0.048379
VirusShare_acc4073919ccf1e57b495cd6aec95d0c,0.925294
VirusShare_652af06296bd490fd190cad77526598b,0.233078
VirusShare_8fbe2b2b1e9e329628cffd7d1147f443,0.058932
VirusShare_fa6ed52964c5352814f9aaa81ba20409,0.061273
VirusShare_ff0ccab526f1001237cbde9470f4ba8f,0.953436
VirusShare_eb76a242bfedd911d52a70bbc0110ddc,0.975031
VirusShare_297ff00d0c8b87819a613d8c457233b9,0.049109
VirusShare_c0279981e8b5f65cd0b16eabe84e8623,0.34572
VirusShare_c1dcdb247552f7b173bcd80fedb6f7d7,0.926695
VirusShare_97c747c8b1789502767ab6f84875a543,0.045601
VirusShare_97c12d5c50117fd2dd0bf2714389f894,0.129947
VirusShare_55c231eefb9645131d3aa4b1abe0dc65,0.054624
VirusShare_f6f66bbd3c810dadb89c5418f15394ee,0.611883
VirusShare_b34ea6361ebeb1a3a4889f570eb3de6e,0.162558
VirusShare_a2f9efcc0ea671b82a98b9a94dfb2e36,0.969894
VirusShare_68dfd3a73772b942e725ab981a3c7c77,0.061327
VirusShare_da492114e30dd875d2d319ac98ad952b,0.717654
VirusShare_f161f59480660e16a704a4c7f693accf,0.450634
VirusShare_e8da3d59a61ac5fe44fd9ccaacfd746c,0.975087
VirusShare_a9e7594ac339707e3e7792c8c359abb2,0.974884
VirusShare_f463a36e3f5ff1b3ccbfbf8af5fad2d4,0.050096
VirusShare_c5e15dbba0882bc299b486c6f0b6f501,0.318831
VirusShare_7bc69ced4862b389d464fd0c95c53bfa,0.156809
VirusShare_9d1bff78c47909cf9d703a96f3a7ec0b,0.202478
VirusShare_f6e00c3caddf32605d350bc4a2974a5b,0.046257
VirusShare_787b2d9471ee9e140a54f4864977a848,0.114452
VirusShare_b93c34ae273adba134df726f6f845098,0.060627
VirusShare_e1268e0dc9eaae80006032527fd655fd,0.051385
VirusShare_6621e555ff85b675d3f6f7212b884657,0.077497
VirusShare_8b73af9327de5484863ef86438218c43,0.783743
VirusShare_1eccdad697e97e84ade2c4f9cee63e3f,0.061805
VirusShare_e65540fba4a9d93977eeeae059c72df2,0.277573
VirusShare_a71ea2a048e0f508fe1bed0b413dc8ea,0.247194
VirusShare_2d09ef4be04d7a5a3f7d4897c34cf8f5,0.133321
VirusShare_10d5c4e6628e6da50bfc3fe6bfddc48c,0.070723
VirusShare_e84e40cae527b476b6d9e5d2d45db827,0.796364
VirusShare_64ae29fd9f1ee23705e7779af6975c41,0.060599
VirusShare_006373cbb2fd7c9450e1267487171581,0.974792
VirusShare_7ef3e196bda947b10108b399dbf799d3,0.070041
VirusShare_06335fa81aacd8a28ff622e1f4bdeff5,0.950842
VirusShare_6d13204ae1774d77116dc5733f0b245d,0.148995
VirusShare_38044d0f51ba62027321451b1b0fbe8b,0.217296
VirusShare_8304286f4a43b990ccb626a4579b45d3,0.974709
VirusShare_87ca9079e307e48fa781b9c39f3e93fb,0.776244
VirusShare_e8f972f6e6b85ced446cab722a6a8ff0,0.060507
VirusShare_c8ceffaeb3baa5a4ac00050816176885,0.915534
VirusShare_4692f2846bec49834f1f7883b3c34f69,0.778875
VirusShare_7cf0cce669d871f64a441f4389149062,0.525531
VirusShare_405da973b90251a1717b11f4813eaf59,0.049206
VirusShare_c6a8f3d39b2490346ec60813a441e1d6,0.282136
VirusShare_ce7b00bfbcc8bc1f839f097af226b193,0.147702
VirusShare_e5e1ece8e91a873eb73006d477bcd1c0,0.924399
VirusShare_e15b5eee5ef61094f531f4ab0ea52bd7,0.060507
VirusShare_bacc0fb54b904235bcd9e758e3b3e5bc,0.863931
VirusShare_423808c1001d03551ceb3f068aa6ce1e,0.955324
VirusShare_a0237d9a9db97e34ec5c6064bb9ede02,0.066424
VirusShare_7c9e34e3197b734242ccc34882e55e6e,0.142701
VirusShare_21249da295bdd1fc343cf3f4b579d5dc,0.400336
VirusShare_5a63406b23ff0dc56eea143b13854c7e,0.192495
VirusShare_ec116e52792a1e0f2f4805994ff8bd86,0.084881
VirusShare_63f0d12920d5559ae4fe35e478668247,0.563521
VirusShare_c6e6ab4d2be3786650a000442a26d95c,0.055975
VirusShare_6f01cac9641f1e9c1ab326d9422950ee,0.771045
VirusShare_00c8ef9f98c5c0ee41799c87c02bcff9,0.082678
VirusShare_87eaab39d1b6a4172e62bcdd6bc7c35f,0.046195
VirusShare_080a9a590be55d8efd1e334b7dd7e0e6,0.056243
VirusShare_a62579f756516ec6fb5a8483a3f3faac,0.169653
VirusShare_218d5d629f4e0128a36aa775c5a62be0,0.834488
VirusShare_929fbb7750086a389c0a56756feab472,0.039692
VirusShare_ab80459d13bb024c39db71858f22e517,0.87218
VirusShare_09cb75f6c608cd7654d3de7dd769b9cb,0.887705
VirusShare_c5d82f37fb6eac56e0ae1d498fbe8206,0.118186
VirusShare_b6ff08d9ba3719f53ce0b1faac6e857b,0.940767
VirusShare_38565a317a40207fe5f49c012e35d8fb,0.955324
VirusShare_0964bf7298b46392573205bd72294518,0.060756
VirusShare_b322a84e50d9405fba6e0535e92c2066,0.849998
VirusShare_64039064c841544f0a508f546a64640d,0.060507
VirusShare_b882b1299c6fbc8c86f9023473a5d748,0.784894
VirusShare_df955cbd49b819bc6d4a6c2fa9686201,0.058932
VirusShare_1ebc63e8f28a49b76f54eb08c4a68c2b,0.972692
VirusShare_eb038bc50a3aa9afda37920d56c16361,0.064475
VirusShare_822a348a5c6bb6d32f8ce0b2bacd9ee4,0.048036
VirusShare_ce32331eefc0fd2380cb98027944a0ce,0.953386
VirusShare_71dd0afcc82cd5d7727cfd4e77198b1f,0.059371
VirusShare_e307882feeea63d514d7ba86b5f5a7a2,0.833687
VirusShare_3e9af56ede218eb362e02e392f0bcfed,0.054707
VirusShare_a87626467d3b0d695d79da1a212f4215,0.955324
VirusShare_2622932c258d39dad7e825d05e93525f,0.049026
VirusShare_a3f6faf0e4cbcabeb2a57d7bf27a67f9,0.054722
VirusShare_7151bcb3ad063d6d1975168fc5a2f0b5,0.049608
VirusShare_213d3b496e6a362e8589d09ecbf01a5d,0.100546
VirusShare_bedeca88d30c3b96406308e6c25759a0,0.509374
VirusShare_fd493b70051749831cb6a7277db20596,0.058334
VirusShare_6ebc8e0d84277b70584a02f6060d9e36,0.160703
VirusShare_c947531dc995cd16380ce128e4c12228,0.106261
VirusShare_68adea1f085dea41ce3b6aa07fd1f2e7,0.118519
VirusShare_6544594e51cfc05770a50aaf232b721b,0.899657
VirusShare_b2456061caa305994fcf40f2fe44d6b4,0.048379
VirusShare_d2593b036a3fff02727be775c21e0b69,0.840658
VirusShare_a2453ba017ed75197e746fa02cf4754a,0.039701
VirusShare_716426b7af120661c777b6d9fedbf9ce,0.313536
VirusShare_c7e19fa601a0aeed0f53ac87ee212ad3,0.063118
VirusShare_36f1fca3a27a3c1afd6cf3aa0c9e21d6,0.054722
VirusShare_43e2bbb74cd312a335150df868b946d2,0.899726
VirusShare_ba7daf70020a9c48e9239faa91629196,0.05927
VirusShare_0dbfc9a3d0136b6e7f12c4fa018280f3,0.060507
VirusShare_e73ff0eb70e9f90c14a4d0d60fc57f91,0.953386
VirusShare_2ef0cc6f0f8aa2534e103b829e270e1d,0.918696
VirusShare_e0b7cc29df68ecb257fb1bfb28da3bf0,0.255571
VirusShare_87a4e5f37c6ff521792a917786bc3b5e,0.054722
VirusShare_dcf68b96fa5d7cf4d4cc8bd57f640e91,0.200288
VirusShare_ca54b197ad0205058d512e44c20a9ecc,0.167205
VirusShare_3c0bd08a15483a4ea1b4291d0dd4d238,0.051519
VirusShare_790f90529d6f54e0043bf80ac571a39b,0.730376
VirusShare_4293d343be473966637d5af550dc6636,0.060507
VirusShare_e537d9ed05e9fba54bf179aa3ec69208,0.206683
VirusShare_25fb68af1f58c36d0fef3e5c4315afff,0.040149
VirusShare_ae126936ac26527e6fc423f3ed359ace,0.164387
VirusShare_9bee9a4dca6bcc21a0d8dd1a902fafcb,0.135844
VirusShare_819aaba2e464ab24b2e34692bc508330,0.97326
VirusShare_097f2ea872e63db1d78b59cea113ff30,0.039692
VirusShare_cec17734d3f3633dffa7e46cbc2f3ab3,0.728484
VirusShare_6a2d3dd29afa23a8eafb132a0c2c5003,0.729051
VirusShare_e21df63fb536fb7341fe5238085615f8,0.953039
VirusShare_11128be8527cac50aafe82b93c173c81,0.264475
VirusShare_56d0b362602febbfd37b1d6f162eb0e0,0.15965
VirusShare_bc700ac6fb9d3ae157f248aa42d4c6b1,0.653034
VirusShare_0b92bb893418092f9e21b35418d6585c,0.975045
VirusShare_cacdfa9cee8c6feed08b2e6ee3cb9de3,0.05185
VirusShare_d43333c84c6f849fc9806bfbae142d31,0.148708
VirusShare_72c4b1fdd6a1cea12d5828262a5df5f2,0.850327
VirusShare_a71073b1cd7440cc345f01b1fc2e28fe,0.403719
VirusShare_84db796d5dcb39ef48b1d498387bdfc9,0.953386
VirusShare_fb4bf180ee6595d77b69f7a1140421cd,0.123966
VirusShare_eb179fb88361aae6fa1b72b66ebbdfb2,0.039692
VirusShare_94ac710a5d5be625b92d21bd80718630,0.794192
VirusShare_b30093d6cebe80dc416e3e16f53b4bc4,0.114043
VirusShare_47a9666d5fe0d9e640b19f3bcfb9ea14,0.452069
VirusShare_f44f6487cdadb019517a1216d7bd6505,0.901161
VirusShare_739e36388ef3469daba0fce87ef51171,0.942296
VirusShare_d616cedb8a2bf1c1f2cb9a11aa83c8d1,0.302107
VirusShare_c9835b5051654ba12cf3b6268eef56e0,0.126553
VirusShare_9339d9b1b5c43d8828e715b321a5cc5c,0.726139
VirusShare_054eae4d03f2fa93b8f9f0c750c361eb,0.930378
VirusShare_1c4a48d15c4d7dd5ff36c1aef7638495,0.953376
VirusShare_4bdf5cf0a2dcf0e86311f1f0896be6f2,0.148675
VirusShare_08bb1eb577c936aa0a8601dfa333ea0e,0.070187
VirusShare_44cb9a026d68771741b4cc0cead0c78c,0.108596
VirusShare_1adb332dc97fde5ae37485492cb27981,0.070041
VirusShare_19d20f6312b8ddd3127b5f51b13b891a,0.953376
VirusShare_823a8b810fbabfa6b10aa3eab8ac2196,0.42665
VirusShare_c1f5aed3abda3d78bb6dbe0524e049c5,0.74882
VirusShare_04a9bd62d794aba7eee5c7ce7eb768eb,0.412853
VirusShare_efacfaa873412cc88bf0d534aff166be,0.189161
VirusShare_932cb9ca236e1e8c6740d9db01410778,0.458238
VirusShare_5a9c478fdd8023c888ce6706605d09d7,0.064475
VirusShare_6483d3de531d0651f72f71e4d4393837,0.048036
VirusShare_57b863f669af4a4537844c446b26e230,0.177575
VirusShare_f8ac279280317aff159a3ba107ef7200,0.974633
VirusShare_7bfad2cfcb47b0efeb8ce59c179e2ba6,0.060709
VirusShare_94929552e281632188f8dc18322a9b2d,0.938733
VirusShare_17c611f1cb8902062b56dcb8238d0a31,0.824188
VirusShare_de4386ca0f704928b2d87abdef353dc8,0.974791
VirusShare_ed71c0f2dd9c87b6e0c163b2ae004474,0.887757
VirusShare_1bb21461bf917168a4f4d990b860b2fc,0.974883
VirusShare_1a6ee5bcb2b8408e7413eba9294d0258,0.41854
VirusShare_6628ce3299ff584afe72bb6370608597,0.123966
VirusShare_e9b01a06614c40221eb6eb240babc243,0.054722
VirusShare_c677e322947cf212e7621e5421a00289,0.17283
VirusShare_5e297af5fd8ce10bb8488bf39acce293,0.054722
VirusShare_5f951d13bc2ae245fd4be9dcee8d975e,0.202059
VirusShare_fdce18358d597d6df791071d740c425a,0.525269
VirusShare_56914a7a0ad7a1d9525bfc35a2ef9ea2,0.054707
VirusShare_d9a9c2f7937ba39961539c0855659bb8,0.446694
VirusShare_1810992703a3b39d1f14c8be78af9d8c,0.679783
VirusShare_451e03f07dc056d2dfc1bedd66c6f7c0,0.054722
VirusShare_0259359ded34c44d92ddfaeb1c17a5dd,0.388632
VirusShare_7ebe1926661e1d9bc64fe2d278536fd5,0.15488
VirusShare_517fc059d0175c5b1e81fbf99566ee54,0.141692
VirusShare_2ccb778b0d7709168af8e0f5e3933743,0.974848
VirusShare_3c43ec1cbbea47b3daa6d3392707db89,0.084127
VirusShare_2966e69b20a19abfbc80f7da3f45e5da,0.974932
VirusShare_f1d60714fd92287e5c357643d6071a7a,0.955324
VirusShare_c42b639b8f699e6f1de108753f02398f,0.049528
VirusShare_ade4d6597f3d1d0d0642b697b7fbd26e,0.060296
VirusShare_4a21f093a3aed2ce67a4cde5bff13bc5,0.746394
VirusShare_505bd97cfe91a807a09a764267fee89a,0.955317
VirusShare_fccd3cd42f8a83845e44e08b3e1848c9,0.051519
VirusShare_2ae0c225386a9fb7e5206f75eafad240,0.247228
VirusShare_15d5dd28a85bf489c31d57299d5c2444,0.897182
VirusShare_af701394ebb75c3cda68a5170bdf72ea,0.059074
VirusShare_477f94b97ac55be58674476fbe0aa62b,0.919327
VirusShare_f3595a8b03abac0359695613c966819e,0.732798
VirusShare_a879715f214b424dc29714eb8f7a06b6,0.573856
VirusShare_06b4248cf4db4818fe69af1f8fec19c3,0.082642
VirusShare_213f82871cb2d2a27cc6f543f47e8745,0.953386
VirusShare_d5dc76e8e7b3120e5b50d4ce281b68b7,0.763795
VirusShare_7e4c407ab851162452ea36cb58fa0b3a,0.197952
VirusShare_72d3fb6a5e154ffcd0e7a616c7fb4757,0.853479
VirusShare_ff591a2c81ec824ef416f63065c586ae,0.955324
VirusShare_9d41623631e963f94733bdfa68fefa51,0.152803
VirusShare_50a237b3b977f3c4c26c682323f76511,0.051404
VirusShare_ee3138c4fed3710342841bdd5cb9e0f6,0.160342
VirusShare_8f5aefb441edadccbb395dd5ff1ddd8a,0.882735
VirusShare_c8e4cd2d04708df0d5021270b44ced95,0.059841
VirusShare_138217d3f16c72eef25e97c91e169cd0,0.051519
VirusShare_7073cc68e67bbf188117c07e92a518c8,0.835371
VirusShare_9e3ab2e7f5e0800dcd95225fd81209e4,0.451511
VirusShare_aae5d0ffcbe9c8ec6719fab811e637c8,0.856363
VirusShare_43af4204be73adbbbc582ceb0c54f394,0.060136
VirusShare_0957fbb30556c176bcff7f8b66703c1a,0.079119
VirusShare_0eac1f61833d3d63ca0822163bc8e1b0,0.948072
VirusShare_80c841dc59541171a95c208b6c9b06bb,0.925706
VirusShare_57f9e2354a920a0e59e16a9f546d68f4,0.33154
VirusShare_7e0f318b80ec267f7bb06aebae320f6a,0.070041
VirusShare_1223e8e8e272122e2b1cd9d2aaf752b6,0.070256
VirusShare_2990cf39b34522c7e8ad14fc82e2eb7b,0.953386
VirusShare_e582cdc4366bbeaf5300d39340d951f8,0.059072
VirusShare_e983071afa14415583f90a26c8153c24,0.556908
VirusShare_7c6400e891d434ece5dc09afd2270309,0.073621
VirusShare_49155b920f8bf8cdf7249e7a467bfd44,0.218411
VirusShare_77c2542185a933a96af82c7865df2cdd,0.837717
VirusShare_1a9982735089c9f32ab1e4e6667eb9d5,0.643796
VirusShare_5ca9a21ec5a84f1e05f12785a6ea8805,0.060296
VirusShare_2c2808a3ba9cca6aeeb010da8138941d,0.069045
VirusShare_06f321e9df889093a2be2cb421121089,0.068229
VirusShare_b837cb0dc3e8891c1dd3d6602903c65b,0.054722
VirusShare_6ad64050fa43d17e8f1ebf1b33ff41b1,0.157672
VirusShare_14f2664eca423af1836adc6efd21a4bc,0.942705
VirusShare_b2aba91579a713a5ebf851c7d01b1741,0.244684
VirusShare_76098ea4aede1e714ab960d17924c3a8,0.039701
VirusShare_522fb7a3bb2c6143c2a2216e449a40aa,0.470015
VirusShare_559f41cac530570e26ea0b09b4ae1dbc,0.210771
VirusShare_52d1dab4a60de18368b14b259824f03f,0.173217
VirusShare_536e4abcd95e47970c6dcad2a6a4dec8,0.950705
VirusShare_e9fefc93bf3f37da63df72fa02e2d48f,0.108462
VirusShare_a1848db9cc131d2530113afb7c50574e,0.397723
VirusShare_1f0cb7639dd502c7502ab4e5f4c2364c,0.499557
VirusShare_99f526127eed26e487b16912148df361,0.526321
VirusShare_abeca9f616ceddf47e83d0356a475384,0.196333
VirusShare_e0848d83743ccc73dfea184b96225336,0.49093
VirusShare_82204550488705604a877ed181fd8a00,0.108211
VirusShare_2c1dd512b4f355f31510f5c449af4c0f,0.94262
VirusShare_5e6053294bd0043099db264a89e717ce,0.064159
VirusShare_81d5c18272cfbacb720e336eaaa67778,0.116112
VirusShare_a65a53630796c665122bbb7749ef9cf5,0.046654
VirusShare_7ddc233a7daf31d6f8a4a0e08bea2bae,0.271553
VirusShare_36af8e2307498f0297a462615bcd0ee9,0.112644
VirusShare_bb152c23f48a3d1843cbd6940b8b0030,0.039692
VirusShare_9333066b504a9807113578c433bd315f,0.975076
VirusShare_a0a3e69081d976ffc2d1ed5243f05145,0.974928
VirusShare_02a6d9f2a8ddc0e12270e8b39b2255e3,0.077455
VirusShare_ccb06fa4b339cc8ff5ae2331dda084b4,0.904727
VirusShare_064e045117d3dbd7387953637481757f,0.070041
VirusShare_a9c640914016f703cfcffd1ee6597177,0.901966
VirusShare_7713592c7ed3a2541a11b0f62904aa73,0.612855
VirusShare_44cb10db6847e80d910af9402825bd35,0.925277
VirusShare_033847c58c05613bde17cf9872e056c2,0.108789
VirusShare_74b204412cc71c8491c2413a2e42ca16,0.062275
VirusShare_b41f763a40295755b820dda2a0adc9e7,0.060507
VirusShare_9b453d0e4e8c65a01891faff72afe6a4,0.137248
VirusShare_8d5e924967380b1db8201c912288122f,0.902867
VirusShare_e917cb865fedd0d1f444a4911b146bbb,0.951331
VirusShare_a93fb12ab497d391bb9e03611f798181,0.844564
VirusShare_235430ee1dcde985724ee7d77970b5fe,0.716147
VirusShare_18ee0a2a9dbb74066cf25c2c3d1972b1,0.941839
VirusShare_f566bfc2d6ee83efb3572b5b1e1dc109,0.955324
VirusShare_ee7fa82ad3517bf40879143dcd51b51a,0.180174
VirusShare_1db4b94ebd45ea6b61354ced8dc155f9,0.061612
VirusShare_0649f50df4aff83ef202d2eb0a8f2c28,0.548703
VirusShare_92aa27b24862ed8e1f5ededa96f3c58d,0.060646
VirusShare_59b463957a9b3c3235a81a86828fcb93,0.24668
VirusShare_6f4937bf0fdd00f106cdd3544686baa0,0.357418
VirusShare_dc4b07e4ec3e0ebee102a970ecc39387,0.137787
VirusShare_d4c01d14d914c732d142e888547e229c,0.066889
VirusShare_9ff98ba510f9e45ff7c3206e1d45454a,0.068578
VirusShare_53c9cb16c8a184da54814d8181ecd520,0.555992
VirusShare_61eb8bba75c38ba963540a4181e5deea,0.404618
VirusShare_b7373b3990955631c29a76abd1fb5a8b,0.958479
VirusShare_bcb22454fbe767cf284170eb90c19f47,0.08238
VirusShare_d7d2e88f44bb83eda24da9fe63ac6c36,0.348433
VirusShare_97c48fd5e3dc3ec20cbb55b6f929ad8a,0.046563
VirusShare_05383874c71d3eb5a151e5c1145a7274,0.335673
VirusShare_3d7c1e81a72ef80df79c7b76363a35f4,0.092205
VirusShare_c843b938929512bc6e3d5af40dd21ebe,0.05185
VirusShare_98eb889a33ad246995895242555adb8e,0.045423
VirusShare_7788c22cdecbc74d150427159607bc8e,0.243855
VirusShare_27a964e8d28107ff16041ef930041311,0.247169
VirusShare_e70ec52713cda55fa94c5bca844abeab,0.966388
VirusShare_b075399e00cc84272331fe61c7853310,0.182193
VirusShare_527cc4d93cc2ccf21c53cec0d5e66a90,0.165597
VirusShare_ad4c626434074a1eb4e2f0a7b735f0e3,0.887008
VirusShare_7415211753e06a6b22b82ed2ad50cec0,0.086535
VirusShare_01372081f4d15c56b17500625b4876fe,0.140668
VirusShare_f0b68ddc0bef98205b22b8bccec05436,0.850694
VirusShare_766005454f7149bdc49c0278c587e1d3,0.048036
VirusShare_78952c70326fa63185ad80ad01da253d,0.099629
VirusShare_fafae99d00562e0fb0c68f917a68f474,0.059072
VirusShare_f3b3dc27e2aa45d66ac7dce0eeb791eb,0.723445
VirusShare_6cb2093ff330ed7f16519d46706c60a9,0.0535
VirusShare_ab6886d5ba817cae23b348db8098d1e1,0.155462
VirusShare_ce6185fc48c6768286215a6456adb94a,0.61521
VirusShare_5bf2a0e6d7416b1c2fddc172ed27f700,0.934411
VirusShare_fd18b11a21218bccd14474cc94fc90b6,0.151156
VirusShare_fce837623f5184a71022ae71638c84f7,0.235638
VirusShare_1a41d468539d2b67ecfd5092cd1dca6f,0.051446
VirusShare_8252086b22d6a93e827fed9f7f97b45c,0.973311
VirusShare_5916e7113cb55606867fca737af15eff,0.343665
VirusShare_489584e5f037662c2bd5c8a3ed91760c,0.240692
VirusShare_e989af5f527a2599ae7e95fe9f059a6c,0.060004
VirusShare_e72ca79e652740a19a1ce8ee70a3b954,0.263471
VirusShare_d320c32fcd73c21aa21672fd346f56e0,0.069535
VirusShare_d8105581df1372d46164bf7172678ea5,0.388009
VirusShare_4b3ddbc423e7cde91261bafa96a82adc,0.817948
VirusShare_ede69250b557c3f3faa7b8d252f8b615,0.050054
VirusShare_b7ee10249b580671cd8ac2294e6b5406,0.421972
VirusShare_12fcdbf6c4bff3e1ab9e4ed01b8f4665,0.391652
VirusShare_2aaccefafe9ede1aa6582cf8fab5770d,0.974214
VirusShare_92284f4db4616bcd1235662715b82f32,0.974847
VirusShare_699d02a90166743b18428ab067b9add5,0.070041
VirusShare_804dbcd3d7563083b52efdbcd08e7080,0.663945
VirusShare_79a9fd80fdff764bf217df4b9d72ad2b,0.932288
VirusShare_3aaa411360934012e1651ecd7cc7b848,0.479867
VirusShare_9123ab0d7fce02bde19cf64142d84396,0.097053
VirusShare_954b80dd42ea2cb190dd4d90af6b4f01,0.078833
VirusShare_221c51d0471ec1788b52da53190f33c9,0.954233
VirusShare_f570555d9084acab5204376903855f30,0.059072
VirusShare_9a4f8b548ceb28259b7e4dde11848dee,0.193334
VirusShare_cb37ef543bf8d58539c0ec614f36e9ff,0.077765
VirusShare_bba6a30905d6a92c1d0dc73abba1810f,0.095376
VirusShare_26dcc5f1576df30e38c03efac2c08596,0.084486
VirusShare_22f6ed489b2f22ff470b5f4c5abc1322,0.775909
VirusShare_598b6b2e51f0cc063d4e7ae8ee99ada7,0.700353
VirusShare_b7ba1954a970c0e56cacbc9d2e6fbe1b,0.975043
VirusShare_2e2399a2882ecd4412d34aa40550f78c,0.166472
VirusShare_93656511620e87281c3214e9b890efb1,0.975103
VirusShare_973dcbca5203b3cd32f0d61195a57956,0.176309
VirusShare_549c0cb49fd7703b65875900c5755665,0.97476
VirusShare_d4200049ec0e593aebd19102b3dc586c,0.891059
VirusShare_c2345ce10b321cf59734673024e51965,0.974826
VirusShare_293f9200b883b8f9f51b35a0a5933153,0.953974
VirusShare_501e94842ffc94f676183d8d54846e9c,0.114409
VirusShare_36c8331e327d1f77fc9e1f23b038e656,0.852237
VirusShare_59cff440afe05b0a84a7ab3697e6440d,0.531592
VirusShare_8e2489bf65b43f711ac1f01752872418,0.913298
VirusShare_a3287c4a406df8c58dca6963fbdb0a4a,0.084549
VirusShare_069ac50947ada4a8062e982259309d5e,0.059175
VirusShare_01ec040c8ae2e750cea7770cbe9c4c4a,0.058842
VirusShare_2bb72b0e8e263ad43e98ff8c70717324,0.954727
VirusShare_cf57041b0b0781c7ac0c1e4b4c666d59,0.255335
VirusShare_bdba53120546f61e645b080de0f3bf97,0.079307
VirusShare_f7a2e5eca6b5afea91f95ac9ef79df5d,0.953386
VirusShare_12aa9b6b7a4ce2cef9fddd61b979da53,0.039701
VirusShare_335efdeb5b3c70ccfb6aeef0e2aa3257,0.902761
VirusShare_bed33342084cb44a447d56a6ff1681b0,0.975053
VirusShare_f3575bddc1206acb4ed25176b1e15d71,0.059994
VirusShare_45ddc5b353f6d4d604320f784be96d33,0.974876
VirusShare_af558c92f7023510ddf13982f9a50f38,0.08692
VirusShare_f13c57d6930f271b2793364bad111ac3,0.202765
VirusShare_dc75ce76bc2c230651733d16aa371687,0.061396
VirusShare_de0543b63a88fc1316f66a6319486b3d,0.257009
VirusShare_fabab477a6e10cea86bc448c20e0d522,0.911658
VirusShare_de7199907385d837e01aed81a9f4321c,0.048379
VirusShare_2872878f08957d03a51ad1768178b701,0.045267
VirusShare_1f8043d1ef35d4bbe0f570f8509ddead,0.885925
VirusShare_b30f72da84a4ed9575e0dc32f693687a,0.975107
VirusShare_37adaa4ac1d2ba76bc09cb1d01e7d7cf,0.170758
VirusShare_4bf7995fe677b951e8df614e331b2b16,0.767572
VirusShare_112925730a5f6cb15cee1b0e3934bf8f,0.203868
VirusShare_dab722cc690e43e2cb19b3fb3213c5bd,0.092726
VirusShare_23ae54b56184538321b775b1d9d12bd7,0.039822
VirusShare_b15da1427c81791e068fb73df1be4a59,0.061817
VirusShare_8e2b8024d488aa1a21c8df6cd38a8a61,0.840411
VirusShare_67a6ae9185924d38b14277f4206a6d6d,0.564522
VirusShare_a3de23947a6b99739ef452e875bbfb38,0.953386
VirusShare_671796e47785ee83a589e04729bba0b1,0.694491
VirusShare_ab4330a902cc9dc1506f85b8e785a040,0.435577
VirusShare_39300915741b61b60f90148ac77f8e67,0.081636
VirusShare_40b7fd74f56258a845275f8e58194e04,0.068873
VirusShare_c4946b5aae3a23649b9972d2158b0f46,0.054722
VirusShare_665d21893d1c5965bda02bfc43ea6871,0.817126
VirusShare_f48c7817f6c96bc24d0cc5ce16828e1f,0.949526
VirusShare_cc02075dc552c0b191297da25aefbc95,0.060705
VirusShare_6eae4033fcf6e7b9bf510ddd176e7ae2,0.560252
VirusShare_a33156a007d83a874f756bf9ef4233d6,0.060719
VirusShare_1ac6e8a67f5bafcdb22f1e36b3ff4b51,0.662306
VirusShare_6fdae295ebe3257a9cdd5ed1dc9a7831,0.080283
VirusShare_2aba80a866b1acb1be889e4bcccddacb,0.973223
VirusShare_a31727e86c292e8353b8887fc19aac02,0.955324
VirusShare_d0068646a2dbb58e4467c08bbdc76499,0.955324
VirusShare_7f8c45e63a5603e71788b665f5979846,0.955324
VirusShare_05a92dc9ccc22f0188151d7cd06397ff,0.773791
VirusShare_c103affc5c8da80c548843056f2c6b6c,0.501023
VirusShare_98c9a91f2600e978af3f563bb373589a,0.975056
VirusShare_3ed705117666c46dffb45dbb5e1c8f7d,0.884062
VirusShare_a7171ec764bd9bfd2b44088e84d22341,0.916973
VirusShare_61efd397f4a9b8bda0056a65d00b92f2,0.427061
VirusShare_1f808d56ccf6c1949976538e5c82d63a,0.753698
VirusShare_72f69f921faecb75627737a22eddb6f9,0.064525
VirusShare_057cdfbcf8a2ff92a8245e3d8de9fabf,0.064525
VirusShare_51561e400c0cc8bbf34e31dc8fa4a26d,0.046257
VirusShare_4ae36c56070f6b87d319cf92db5330e0,0.059986
VirusShare_8b5977362dfde75c96f23c43eb1d8fee,0.039701
VirusShare_4fdbe7365e631c81fd9f2216fb5103f3,0.079787
VirusShare_454f7f8cd2a67aa0799921465c83201a,0.896987
VirusShare_dd627a84098de56d35062f5f09630d0e,0.756409
VirusShare_bbf863ccd6826ad6200378a047e61e67,0.074121
VirusShare_319787b5d6e02b948da70e0216e9a628,0.974855
VirusShare_653cb767902f29f13c7cc7cd3b5c1794,0.039701
VirusShare_491ff3cda8d2ae48105e6a314eaa7e41,0.974927
VirusShare_6769a37c112feeee43ed99cfc7acbf62,0.935139
VirusShare_87818101d48672825a30d8d1b2cbe3d7,0.060399
VirusShare_eff9e94ff9bc664a9b8f8f243e281282,0.270049
VirusShare_7651fd7df87c7c872a42405fae4a8f3b,0.051519
VirusShare_c4e5974e135abb99b9592c9b2fef10fc,0.168326
VirusShare_3a5184dd88f857812229ab69bbd1839b,0.042985
VirusShare_30a0e8e37491a4480c672dc504eb7dca,0.070411
VirusShare_b8abe8ed870d63b74fc6c62e38b0527c,0.197297
VirusShare_07afb01541a8a0ae289de89ef48375fe,0.133011
VirusShare_8598129890cf54665870cab9bfb0fe1a,0.341116
VirusShare_3ac132883497dd1b051e23cea5f96bb8,0.117881
VirusShare_24dee89d5a4c28a97d1611a00040c069,0.059107
VirusShare_c2648a9c5b3206cd9916395707b0f920,0.108596
VirusShare_2851e6ee6a2ec13ec05e79190b0713cf,0.955324
VirusShare_8fdd23c8f91343a43a78a2be870859fb,0.974306
VirusShare_2264ada61405b71a4463920c1a421f30,0.721952
VirusShare_72b8969d8cab0e8563cd4eba7a343f7a,0.937166
VirusShare_da2dfaa4eba8dc52107152c2782731f2,0.912107
VirusShare_675fb432ad6ae11c0efc0ba03e733fc4,0.066418
VirusShare_bbf1dee4c40b2a91a887069b39b61f31,0.858409
VirusShare_5738d596be68071de7786712b5410024,0.889521
VirusShare_62df35c319e0a539ec16489638b4d702,0.973674
VirusShare_8ed6e3544737f23f34de6e4abeeb3968,0.386659
VirusShare_400d1ba0b27fc180a18878848fda713b,0.108878
VirusShare_4941c438c6325fcbfee0e56698cd3818,0.063118
VirusShare_679d42e6df546f58cdc5c60f58592920,0.0588
VirusShare_ce75fe79edace19e9de62720a53656d5,0.049026
VirusShare_b13018fd791ec24be8709813e9babe98,0.120935
VirusShare_68cd1a4632393cf85b72ca0b57009cba,0.900778
VirusShare_ed17e17245027a7f0809857afffd550b,0.710958
VirusShare_244d2a211240d0f3a085449cfcee3459,0.050886
VirusShare_fb630d284aeef44398c73b721c5ed9f7,0.975046
VirusShare_9c31c6ac9ebfd2a74f68b5cef28ecaee,0.974919
VirusShare_65e0e5391f3c2dc56a309c8e9e5b8f1f,0.734205
VirusShare_bf9e7cc1e852a0c821485d62ecc3d2dd,0.095779
VirusShare_313b9ba1c2acf03eed72ca8575054f2f,0.236287
VirusShare_b42014527a42b309ea77ca4144a01ae8,0.158056
VirusShare_2b73ec426300d52b5426f12a79adffb0,0.424493
VirusShare_00bb28d1f3fa5e5f6911e3ad63fabd14,0.08023
VirusShare_6ffd3712f45cd87db30b06d03424ced8,0.864582
VirusShare_1c451ae9e13fcc4fd348dcaa1ebe165e,0.941748
VirusShare_96571058bb1f6c00f33f32493b040fb8,0.054722
VirusShare_f4276414e26c5aae089c33b461f216d3,0.946089
VirusShare_03ce834d332309e2e1de20fd660e3736,0.058569
VirusShare_d5a69a6fefa1b281e888ed0c55a1fc2a,0.061141
VirusShare_ed933568b9ed194072333c9448fbb5e4,0.972706
VirusShare_e046a6f94b632f15ca229b41348e6f42,0.381425
VirusShare_b2cf0d7be6216f27e6179585dd022c49,0.955524
VirusShare_ba39bc3e301f8dd31f7e84ff230738bf,0.453391
VirusShare_3ab33fcafec471cb3e83e4c9eabf9a81,0.070041
VirusShare_d79250309cc3f9dbe97642dc05744acf,0.869452
VirusShare_a2f6122bb72582feff854e4fc2f08fa2,0.975031
VirusShare_652e6e262d692b22ef17a0bca422e41b,0.062073
VirusShare_874ce9668697e8bb6085e9bc13ea6bcf,0.048486
VirusShare_1862a4b5ddc241e46d11bac2043dd76e,0.382813
VirusShare_74085c53032f646177a0fcd39e6319bb,0.956238
VirusShare_f9265216078c6f2edf4b0822086ffc6e,0.171585
VirusShare_f3998e135f5e6bbbc07644ca7a0f0c5a,0.097103
VirusShare_9f69af6db087f1855874e6e68f4884b3,0.790814
VirusShare_3b13229762f2379e7e32695faa0bd246,0.12684
VirusShare_f4fa48e0e03aa9ef78652c1a2a435684,0.2484
VirusShare_d8b8643134b513fe66e4c3153fbd5406,0.314483
VirusShare_e3041b7c580e93653fe01932450e1794,0.973742
VirusShare_b39640b7369396c9b26a4db6cf835163,0.925684
VirusShare_cdf3d4f64c2e38cc4237b77573e0f41f,0.051283
VirusShare_a6b82a17827c45f46a3dfbf5cb377794,0.591129
VirusShare_e7c20b752fb934983cdc320ac4e22e9f,0.065176
VirusShare_86e9c27d1fe37a5aadddc82f6bd2a67d,0.113942
VirusShare_0c59450b4381e67594b7d4d142918521,0.974809
VirusShare_41cb4d7361e6e91e9e9b50f4eee09ed7,0.103911
VirusShare_5ecc8efa9cb48686f1aee9376112ec69,0.039692
VirusShare_5d47a9cc4b48273c083b1c938ffc36f4,0.06238
VirusShare_b8ee7b2392dc980c13bfd54f1d5c7f27,0.058038
VirusShare_2caf8f55c0544d96e8815b0e19d9f265,0.411791
VirusShare_8717c21c67552b2c24827be616128243,0.063607
VirusShare_4c1ed0b27638d2f194fab93f9810fd67,0.10726
VirusShare_e5f463370cc5cf80b904fa65b749abe5,0.905057
VirusShare_ffa49dc1dbb7c1dbd3423b82ded21fd5,0.950918
VirusShare_ed185044057e30aba99dc72585325416,0.973385
VirusShare_3865bb17034013ccddce607af7b2438b,0.952772
VirusShare_263ec73a37a03680353d55321febaeec,0.280155
VirusShare_60b08ff5d5c749df84d18f3f1f0d8138,0.064241
VirusShare_07fa6841b66eddbacf35f0a31dc9cb11,0.241643
VirusShare_6b428229ff6f8e7e6af47fe0a0e3d316,0.164628
VirusShare_e5d252afd488def59d05207d7a5d4c61,0.687867
VirusShare_9ed0052c52c8095bcbf62354c3f2f448,0.975563
VirusShare_3417c843a95a62664e679a9dbce03807,0.482615
VirusShare_bcc38efaf9236658871806de7909f900,0.07303
VirusShare_b5c71c2bbbe9c3d754c628530a412bc0,0.254708
VirusShare_d99cf83377a02c7d478a12a51acd80a5,0.723141
VirusShare_7d14f9d5690cf96279cfa40eada9a7e4,0.062132
VirusShare_f489100cf91c895a30e8ef8e884eb5e6,0.713902
VirusShare_ad13032b574fe8161d2b5eca45965095,0.090135
VirusShare_dc8543fa761a137dd92e071e14ec38a4,0.569832
VirusShare_71ae2a64092bacefb0ea140e153516a0,0.275722
VirusShare_b344cae600dfbd1b6128308fb5dd0902,0.511968
VirusShare_5f30b6f02162d9094604864f801dad17,0.175665
VirusShare_b030eac9f29492fc38557419ee8c93e1,0.753111
VirusShare_46b29c330296a5e96eac7c3a674bd432,0.918107
VirusShare_0a533eadab64ea17b5259816d5e0d2ee,0.381821
VirusShare_8c5479d96b6efca8beef8cf2859c16a3,0.165809
VirusShare_4223a01cbedc541a3a7969ae6af28af3,0.072366
VirusShare_d4e0d264bc084a7727d8a13994b57545,0.122779
VirusShare_7251d7b0d2ee9be02324728938c18720,0.956297
VirusShare_0495e8b62b29df91397da57916e6c0c4,0.915422
VirusShare_8e4521e1e90fe1468592c3e410998475,0.06411
VirusShare_670965f37b59c106068b4120fef5f219,0.974795
VirusShare_a5c58a5bdfe83e6e8128fe36db3c79ff,0.103437
VirusShare_4693a456d4028709acb5366286c1af84,0.975412
VirusShare_a3b6353aa5a7e181bbb0de2383bb3bfc,0.05053
VirusShare_90ae8b50cc9978c2d7f79da7e2edc63e,0.12513
VirusShare_45e1e860b8b9f01d5bf47310210a0870,0.03987
VirusShare_5f744239516db345f82b7d7a6db44567,0.176687
VirusShare_8a69af4b72660d16baf63f74cfbd6902,0.052844
VirusShare_707ea74497eeaccad265c7eb4187d1d5,0.086502
VirusShare_3a1b1765146ef6fb64e7b69a31d235b9,0.16099
VirusShare_2d5ebab6026201e37d28ee9417b7e4bb,0.250833
VirusShare_3fad22225593b430d05da4c698d6b73b,0.066828
VirusShare_3cd8499f6eac177fb577e805adf1a83d,0.66579
VirusShare_9f855e1a9733fa7b73c406a14dadcc24,0.651328
VirusShare_e0dd8687e645e6d25fa3443b1e42e50c,0.092024
VirusShare_e6cb4a166780403230e77d3f23faa1af,0.955098
VirusShare_3805e4ed66a8f2124a8c7ec1fb248f22,0.097616
VirusShare_031b2e619671054f2bb7ff1a841d8215,0.611863
VirusShare_f8e006cd0a4c8b8e97a2dd1f702b02f1,0.404248
VirusShare_e218952ea7b0ac082af3cc9d3ab55192,0.566664
VirusShare_9a5244860e2e814c8e251a92ab8c385b,0.938247
VirusShare_e9179c42b07d9c0a32f4f93bb6e3af37,0.09201
VirusShare_bbd72f2d947098c287d1313d21b5d276,0.860964
VirusShare_51349a352bcd0cb05aeabb7e46d0ecda,0.062043
VirusShare_cce29a05e8059f96d080e07077952a76,0.916114
VirusShare_142597e3e02b184c93bd0a63bc717c74,0.736272
VirusShare_df4582cef41841bda37ba2c089017c90,0.062132
VirusShare_23360dd89c594b4e6c7e70a73722f4c7,0.058115
VirusShare_9f84fb568537c2218a7a6ab2d72aad36,0.03987
VirusShare_88852dfc652776182cd66d3edb232e29,0.063491
VirusShare_f23cde551d7c4951eeb7ff35a0cd4478,0.047057
VirusShare_b5d929efc9697c7470d29ea38e18396d,0.945495
VirusShare_4b87b9d840e3599f8009482768d24b4f,0.049273
VirusShare_bd9af3fafc0449d83432c0c8cae812a9,0.171101
VirusShare_ed8e96ea539bc7399db401a92a318875,0.242717
VirusShare_318c27fd118685abdb79caf8161ab92b,0.062784
VirusShare_0c5fd55f8ed022446f00ada01735a872,0.10555
VirusShare_fd8e463a761812c5a146228170dacbee,0.952761
VirusShare_b4915d9c8437e5f0d1534b6d9ba512f1,0.051379
VirusShare_8b4cb0fd15889974469a9c2053b7cf50,0.108968
VirusShare_239c463edc8fc16d59d5a3a0a5f8861e,0.621764
VirusShare_c041f8bb24ee5d40ee612c9040c5a711,0.973903
VirusShare_191efadcc125e169dc754ed992f6335d,0.153842
VirusShare_9d05aec9a67cade0908283a0992bd48e,0.765882
VirusShare_7f02cc326fe7db3213d348c1c836976d,0.146752
VirusShare_9db1337f38d168faafda0623b0633f39,0.145086
VirusShare_31c0989bce35ce90acf71d111ac63ede,0.199058
VirusShare_f25412c5cccd3f7c911c878d3a07ca08,0.063449
VirusShare_eeb78d2d5e89ecdfef29c70dff109756,0.072366
VirusShare_816f1afa7d8ae66103c2f00094d455e0,0.958448
VirusShare_eefcda338cca8f919c664a611b2f2027,0.065289
VirusShare_a6b4b110b6ba98d3b1291b908f3be762,0.130391
VirusShare_514339823713a98ae5ae109adb8c55c4,0.03987
VirusShare_2e7b3490a0d0fa593369dd2fd3e592c6,0.915585
VirusShare_72b1df018b10870ab5b37d5ad9dc85ce,0.9757
VirusShare_ca4c98ca9569d8ee5dfed2fabda86b9e,0.131308
VirusShare_fb137452fb5f96b1127c2bc938b2544a,0.234783
VirusShare_5af3c5579d73419b7583e21352f197c7,0.485145
VirusShare_f923e45694d3280e9663a4c8adc7602c,0.149049
VirusShare_b3a89058e1209737b7e35a4671a288a7,0.052788
VirusShare_386b1c24e27e6ff864ea2f1f33e9338f,0.085963
VirusShare_078f9e695c4514d00dfe354b4ec898f5,0.062267
VirusShare_7f6fb1b358266003d7bd34cb41c6db9f,0.836972
VirusShare_56676eb24756f69ff2eaa39e7340e005,0.973083
VirusShare_e970d9786ebef2297e17fa9a6c07c64d,0.054328
VirusShare_36a443909fb713e12bfd996dde324f0b,0.959262
VirusShare_7436135946ce50eb421a9bcf214bf8e4,0.107305
VirusShare_d2f676cfed2bd04ac6706520af62ad1f,0.896274
VirusShare_4cc55d3e1b957d06aa2d1954537d97a0,0.973765
VirusShare_28047fe233c184edaf2dcf7ab13e76c0,0.251334
VirusShare_f2b5563702e82f2d003be57013ba0d35,0.051142
VirusShare_675a02e99d5b1d234de096ea306a8156,0.050611
VirusShare_cd0708bcc38e0b757ccbd8ed8c7744b3,0.136387
VirusShare_1491b4b20768badec371d91ac3165f30,0.062586
VirusShare_b5857b8f2c839fcdc06a13e6a1ef7143,0.039459
VirusShare_7007a0440b799ae7b6ff65494f106a8e,0.049471
VirusShare_79f268cbc537e3159fa35d88284af4ff,0.955651
VirusShare_7bee53c3615a876c5343ea16fca5cc83,0.06524
VirusShare_4eb4b9ae61baa9f7a042856a2418c8af,0.950128
VirusShare_763da82098d9758187747894c76172c3,0.10726
VirusShare_ed7143cd20e6a751a175e3129edc0a69,0.742849
VirusShare_344accad277415ecd819d64ca0cda2ea,0.56003
VirusShare_aca3b72e5d5d2a122d19d124d84872d4,0.346346
VirusShare_ba97414662939c42d04bbc13fde118fe,0.058038
VirusShare_20d2bbc6dde236e38cbeb7ac3c257914,0.085588
VirusShare_3030afa470ec2cf09450362412625057,0.956315
VirusShare_29e7d996e730ae83dff16a78720943a7,0.449094
VirusShare_ca915a816b41f2d6548e774a5b31dbfa,0.067289
VirusShare_5901af6b130b3453baa95f66a0a77851,0.064408
VirusShare_de0488ab899612dfa7277ce17d80ce1e,0.04655
VirusShare_7ccfc643bdb5e60cc57f0433cb73c4f8,0.072366
VirusShare_1cb0a159d8d0efd83c0d361eadd6a02d,0.071157
VirusShare_b6cb00601ce487d3876cda934f030534,0.952715
VirusShare_2f7d477f3d12b6710b11e908a4af26e0,0.975169
VirusShare_d296104b1f8a5abe154b7053e4b50b97,0.497292
VirusShare_bc22bfc6f1892f506a15b79cf909abd4,0.072366
VirusShare_671dc352863f2f3245ec29e69afaf6c2,0.072366
VirusShare_af01622868de049af4820d2217f81462,0.067675
VirusShare_6535c0b8a596157a302782edba77ff02,0.083534
VirusShare_873042ccfe7950e26376d7fa96fd07fc,0.063424
VirusShare_da078d0d922bb253e2c2d4bc3bcaafd3,0.211889
VirusShare_50a5cc7241d85d2d3fdcb11d2d4fdd31,0.061834
VirusShare_345e98e236be7ff4c4943c2fe64d4a5d,0.118026
VirusShare_34227ff0eb91b51ba399d0bd83f061a5,0.122263
VirusShare_ed997df81182d859efa0d13b01cf0ae0,0.047456
VirusShare_5928745f1d5cab62de613b4c5f558df1,0.930948
VirusShare_dda29696697627935b491cb9213606eb,0.06761
VirusShare_86e66ea0b7574319ad1797b0b14db97e,0.047889
VirusShare_a0680a1de10066f640fd52149343d384,0.745641
VirusShare_de6b0434de35cf7e80ca010ea9c0bd03,0.123326
VirusShare_558279918b7188327de83ea39800ec67,0.956404
VirusShare_dcf975c363d19e88185f0b1629dc51a9,0.331704
VirusShare_c2707876ed1fdda2e9749ab9e7f4ed85,0.061957
VirusShare_082e530d5eca92e8ad49c1b8487c05aa,0.202569
VirusShare_bda2cba6e14f3dac537802869db7d587,0.05053
VirusShare_572b2ad805f53f99cfabeb66de46adc6,0.972829
VirusShare_a6e2e4f0ee38c168e0588f42a65df06f,0.05804
VirusShare_23536ebe6858eb81b683bf4918c46cca,0.03987
VirusShare_49a54ed121666865d623598f221bda30,0.132966
VirusShare_f142e0cdf9d5e77fa00cfb71045f51a3,0.068039
VirusShare_fa0aeb70eb9e8b2df27aa056815c5e96,0.114967
VirusShare_5fc54cf2c5e164056fefe26944360e8d,0.901002
VirusShare_bb84dad372c580e1bc91aae53e6ad030,0.891065
VirusShare_dd411b793db527854e3e7024c4e35a2e,0.06305
VirusShare_7096bedc1aa9fc33b1e0790e8fffa124,0.819354
VirusShare_3be6ae0e5dca37c4f773ccb8278d7005,0.956534
VirusShare_b7936278782244893f37a202451b48f9,0.066276
VirusShare_154f3e364e5356168b976ee1a79ae648,0.431158
VirusShare_75f7e023ffb82fd5defd3f72bf93483b,0.975359
VirusShare_c295f3fa16b20c6380f402a02e73bb84,0.515047
VirusShare_3f2f27db7ed809e753f16100b6e3683a,0.482158
VirusShare_edf835efce11d616562acffc39e9daea,0.950394
VirusShare_5cb8ffe5e0e2918cbe52ebb0c7becc76,0.092383
VirusShare_55450968c3ba0e9ec14f7b4204e5f3e9,0.704207
VirusShare_0b7f3c66943e94cbff658a0bf364ebc4,0.05053
VirusShare_7b31255298f1d785774a71f6b21292d6,0.71034
VirusShare_b5d98b2a69bb183be57145385b7528ab,0.03987
VirusShare_28abd6f26c801f55f67ab2a58fb50691,0.039531
VirusShare_000308f3e95064bc9116bcfcff9bd464,0.168384
VirusShare_9e94d93e911df7ddc68808c9c0ad7bec,0.080721
VirusShare_99c1a396eccd5f86be5871e056ded1f4,0.200648
VirusShare_a714b903b24b8ee1ef18f5bff165dd8d,0.046407
VirusShare_8f4e22100df661c88a7c0058044fe1c6,0.52066
VirusShare_46813cfc354004c671fc437aacaca27f,0.270524
VirusShare_55222cd4d9763f7ecd3d380199e517d7,0.952674
VirusShare_d8b5fbb0a87f6fe7e3ceb68e0c14e596,0.050637
VirusShare_dced7c6ec9faf091a45b69f3e40ba9fd,0.349642
VirusShare_b71b316b6e762e55a06c75e2b894bb99,0.048809
VirusShare_22d1891594f2bef1d154c265daaad035,0.881695
VirusShare_1f937acf7d2503843907dcd60da54fa2,0.06305
VirusShare_52cf0a51dff0a7295b58613fe27c69b7,0.283626
VirusShare_89988ac505f3a7eedd5a842d23683f10,0.169825
VirusShare_8564b860d1b23ce8f670b060c2f942e6,0.063565
VirusShare_2e7991651fd4ea2316fe3b9cda31b1be,0.79549
VirusShare_46a6a08be2a2bc040bccfd7739392941,0.039526
VirusShare_d59afe5467335c1c8f56b3441dc2c048,0.905217
VirusShare_0d8faec2a683609ec9d077e6d8bc50fa,0.527579
VirusShare_afe1b35809b74079446990ca238bc824,0.064594
VirusShare_8aaa333eb655f81b760f05ec8b65f48f,0.200771
VirusShare_401eebba850997e0285210d91b30c68a,0.039468
VirusShare_e6ea42b35e31490a97f01c91928353af,0.87226
VirusShare_d2e63c45e22a184813ec4cc9c918e252,0.959175
VirusShare_3405c8c7e635e9f0e01fb34c16c43c6d,0.047335
VirusShare_43059efef96e0391c26366bb3a9948ce,0.05053
VirusShare_4078ee085b6799bf8b3b1f22345ecf4f,0.058963
VirusShare_ff6412ce003bca1f861e1a907a759b5a,0.866798
VirusShare_36cf82e81da5bb1ba7e0bf4ca23ede00,0.956404
VirusShare_166839ec61b45a59b681ba782e38adfd,0.071876
VirusShare_97490c8fbb7a4c0247a3d3b43eb1f5f1,0.916842
VirusShare_15a6ceab14602e5972efc127145460ff,0.328233
VirusShare_ab303da731cc95c5118ed3b381c417ab,0.95153
VirusShare_c752b1bcc2356788ec4a8c50cb39f606,0.533022
VirusShare_68ac50d1c6f7a17d0ed962cec37631b3,0.648995
VirusShare_7f656c531d64805eaef4d8a53ad4037f,0.925183
VirusShare_36a1e967c97a52fedaf55cfab5105eaa,0.048135
VirusShare_cf8e9e4b9cb9ad99debe18f849fe763a,0.146157
VirusShare_d72d45717ffb233ef42d51f296d4ea3b,0.106292
VirusShare_e3cc67f5bcbedbe88091f322b7d04dcd,0.049285
VirusShare_9f76ebefb621baea2a46976ae3d4d79f,0.045083
VirusShare_ee8c4dd5bd59e998bfde7e31a6d7d9bf,0.975481
VirusShare_d3656aa7c6344b1eaa7a424f6fb159ae,0.083743
VirusShare_d2ba71ea2ad26917a1f6c691756d27f9,0.975518
VirusShare_4fcc3450eb59ae260688ef3a442ababa,0.25619
VirusShare_8c48be5c98fafa9f202a03fcf803c3c1,0.064146
VirusShare_1894e7928fed40d64aae9757f4122d98,0.077266
VirusShare_9a1de9cbc025dd75fe7846924c9252a8,0.78642
VirusShare_fec3c0499355b1b60196658bf4ac6cdd,0.923722
VirusShare_9adc06c650d7e0489fd583f3ddb1215f,0.069214
VirusShare_836a2232c085d2bd7266ff66e243a0ba,0.818571
VirusShare_79dcf651c061d5bef71d9fa25811e85d,0.469016
VirusShare_f94e76f3413533466d5381a1fcb5fdda,0.801945
VirusShare_ba6263d5e0e25a0c887b24cc4758f225,0.771135
VirusShare_11ca1b6612724352cd8adac46c01caee,0.123319
VirusShare_39dd204f20cb00e62d658444857d3638,0.97498
VirusShare_50ea66f53e7c1642b6ddd638d8130268,0.141166
VirusShare_d9c5bbf53ad58863b6e8775611b0d78d,0.07305
VirusShare_caae268cf49f91e68b7c754b6cff8aea,0.903446
VirusShare_cbb2dc6c2a934f60400d1cf569ee6c89,0.956372
VirusShare_e7ea09810154bda8cf8a9cf4d3d4dcfe,0.141294
VirusShare_29b370676937c9499de38ab9da32118c,0.859976
VirusShare_25059048e86f0e79926eac95df96a99a,0.544519
VirusShare_82fb6a1c1194e9a8ad618315074d0b2a,0.063296
VirusShare_8dc8d56f51f21ac1e24839e36a61aa84,0.047057
VirusShare_8454aa83fe44292fb1ba105b08de7e9e,0.221235
VirusShare_bdf2172b14a4fdf4bb9727957d2005fe,0.256603
VirusShare_fe4139ca95ec30963a3301cab425b747,0.973972
VirusShare_d1ecbd89fd8e766baa79973b93131dcc,0.952772
VirusShare_56de8fdabc03c2f82dccaed436affc4c,0.189675
VirusShare_88a5978fbdd32f0dbce2bb0aea9eb0fa,0.27212
VirusShare_3bb194c78212d131bb1a059ea906b5b9,0.061834
VirusShare_29528ea848b5818c11b009f45e446592,0.780832
VirusShare_441ec20c83e77e2932824d8c32e72006,0.216385
VirusShare_bac2d8dcdf985e9134e01a7f784e1da5,0.050637
VirusShare_5d6b47c37d4f3c4889b69bdc023e9431,0.189898
VirusShare_f912fdcb769a2082e1951754889c3e0c,0.058115
VirusShare_82eaaf4eae0ae057af9728c5a3e17058,0.893374
VirusShare_3be35463b1de36e28b73c0966f81537e,0.049461
VirusShare_78948c3ea529e04e04888ca32f027ff6,0.049273
VirusShare_49605e1b9543810eab6cac6e9c705a22,0.19466
VirusShare_c2a8e8decf4971ae847fe440d4ecadc6,0.134218
VirusShare_5846831cfd75a1d686963ae3c628e00e,0.389701
VirusShare_6675c340ae30024d6f3f4f195dce0732,0.065476
VirusShare_8b0f225218241ba2cd8c5ce2935dcd7c,0.294742
VirusShare_e361c1d3b211fa1d76f527591787aa76,0.180411
VirusShare_9f4e499b24a7fa4bfb583a0b43798b35,0.552477
VirusShare_058a1b9c3ac1096d7fb24405a3332ee0,0.530215
VirusShare_6e39e481e3bd98a399a7dee926ec8054,0.22071
VirusShare_1cbc7e681713e0bd2e830857448219ce,0.648349
VirusShare_8ef5fa90f99a89266bbb0769613f3f44,0.075875
VirusShare_b216a39e2a323263339e8cf47f4fe6b9,0.238508
VirusShare_bf7ed24708568273356752dd8d5bb9b9,0.051622
VirusShare_12b188edfc9e7f845d8e6174c6c45c04,0.975461
VirusShare_08ddca87b625734e0028a89fd4ec7247,0.952568
VirusShare_4a199c2b97827189fbe26cbf48c4bc07,0.974639
VirusShare_558d83545b3096f901e84dd00bccd9e8,0.897438
VirusShare_6c7701337ad0496664e5a755b3a3ec74,0.275206
VirusShare_d1d1422860c117b154bc5fe2233ab62b,0.10726
VirusShare_f3b40c8d82f3808ae614bfe54c7ebf21,0.181084
VirusShare_7bc88581a0b5e1c8ccfbeb9bac6fc6b9,0.071876
VirusShare_1c4c2ef0ebfce91023cae5c079962d50,0.14366
VirusShare_3dfd81d804ced1920688a004d34f8c50,0.050012
VirusShare_b412a5034fe0386f138c5e9064643d17,0.558323
VirusShare_61f7e82d45e20c6c2c5b44abdc65f3d0,0.875538
VirusShare_bdda72e1e2d02c9ebb0a3a7f13a3974e,0.062132
VirusShare_f7b394a8bc50dadfa41a243e5c9dacb7,0.935767
VirusShare_f4faa7319fd3c3e599f5235c0bafedc6,0.058038
VirusShare_a0c3b7cff5be90c4dc5ef821427e2ff0,0.06478
VirusShare_586396e62af68d9f18fea42f8a69f027,0.89614
VirusShare_b12a60cf7b7744d5bfb1c8da0642d75b,0.058038
VirusShare_b8750ca0250cb4014437277b5fac4a6d,0.213761
VirusShare_5b32a41e38fc3e49fb342568d5b325ea,0.093827
VirusShare_5b83933d0049e4f2a158d755c5fb06fc,0.048362
VirusShare_184a2c1f21f2225e444d1772d1932157,0.952715
VirusShare_cfa215bb7955fecdc17cfedfae5d58f6,0.911278
VirusShare_42c549d2af4056aa60d85fd043bb9250,0.217835
VirusShare_2a14aa4e2dc47517cc8722c2304d795b,0.364677
VirusShare_6ff241bc6392c26353a0b63d598c47b5,0.072366
VirusShare_aa66f3eb4fe6f4e786027c5bba1e592c,0.04728
VirusShare_37548e518a5644d31e598f3b0951caab,0.681069
VirusShare_fe90f7a80cf1e8e017c05bf98e4eeab0,0.313231
VirusShare_89bc3a457f21b87eaf7118c4e0c90518,0.207254
VirusShare_ae2bfba7bc4089a7fcab11976c74ae32,0.130915
VirusShare_3114cd3878cc2278103eef31077a134e,0.125537
VirusShare_37b894e4b59106d81ac3df4138559034,0.661309
VirusShare_3a604765c4d78d0e7a992b2713acfe52,0.308919
VirusShare_8af96d92920c00ff31b7a2b931d16efe,0.919335
VirusShare_ed4b2b6fa7d8a78e48bae0482e7f130b,0.153814
VirusShare_bf18272fb800cb807556ee861ded2288,0.089885
VirusShare_6cfbbe4a5aec4ec717ea86f6c65d6562,0.723312
VirusShare_54e3acbdbc7f1c3d193ee429f869f1f0,0.306504
VirusShare_cceb42b1d43d5e01305cb37d50b1be7d,0.19372
VirusShare_b8eade9413cd0246345a9eb8ba087967,0.105693
VirusShare_8ca8b0f2c76a298c19bd39ce1f1c4f75,0.623138
VirusShare_cd1385a6425a79b9f346ba7b2417b3c3,0.102076
VirusShare_b0391d26116cbcc2362e45413b7f5c6b,0.093907
VirusShare_10bf69fc724b493f8fd0b4021168c0f8,0.7944
VirusShare_1ded8f875b0eab7ae75d95bfb923c62a,0.180489
VirusShare_86c8798f2515c87bd3c60679d2c9b6fc,0.956396
VirusShare_1f99e01e8eadf8597395af705506c399,0.712585
VirusShare_47285ab4919b64279c586dcd65cc3b73,0.065749
VirusShare_cea673308ca7a36200a186ee884b82d0,0.048809
VirusShare_ee18a0b5d743cb009744d207ee0927cc,0.058115
VirusShare_dd2e88b9194f3d6bf980ebd1256ef716,0.128199
VirusShare_c1c09f5731ed038e1288b153e139732f,0.738542
VirusShare_5ec28a142638d1dd76e8342f37c96e96,0.93917
VirusShare_ae808c8bce388bdc17a8784d927e874f,0.062976
VirusShare_98250ab7c5864b242fe6ddd3d14382fc,0.06708
VirusShare_7536b74c17754363799df14fe70d3a92,0.804808
VirusShare_54ba1b78d8c07fd1e347aa9b53ad075e,0.261611
VirusShare_8e28680e91966205bebf62ad31701c67,0.071442
VirusShare_5cc9857fe8bba0d82dacb59eeff73bc3,0.956318
VirusShare_da8653cb4ef27e92e9b362cb068ff732,0.959385
VirusShare_c4e1260078e965667090e50f664fc280,0.068481
VirusShare_85479fa8a4059f5763852d7c59d33e23,0.076589
VirusShare_b541fcf7286f12610d99f73ec9574246,0.094191
VirusShare_04091da5bedeb2cac0c4f99b12b3cc0e,0.077977
VirusShare_b7ba82b0cf2a9478ed951eda74dcda13,0.085157
VirusShare_8d72c968038bd914f9781feb0a06ffc2,0.087239
VirusShare_c8c30819fcfbcadf329feb5ff29d8417,0.047456
VirusShare_97ddefe755206b62a2e789888f826807,0.083743
VirusShare_b97aafb30e5bcbb1c4f1a4fdd011be00,0.169787
VirusShare_a5088a78f4670544aa82c63f686d9512,0.06501
VirusShare_bfb2b859a6b29a93e55c041c19865c07,0.062132
VirusShare_8da9dc1c1c1ceb083f26e6e5591f1d31,0.573428
VirusShare_5b2efc41e60b436ff9bce0ae4f8fd30a,0.952774
VirusShare_0add2fe4d7a047ba9df9af23ac3f0671,0.08592
VirusShare_901a25e8620ee30499217f09bc64bf47,0.922668
VirusShare_cda34e2ff07d9a1e8dc11d1fcc3d2aab,0.956372
VirusShare_1460e7a6f6c1665ca0ee3eaf387b1295,0.049981
VirusShare_0554c638b6650a660abef06ff3c87103,0.956396
VirusShare_9e637c57a2b4a4f5dec1b64eb679863c,0.520138
VirusShare_4fac2685ff341b6fa5c3ae2fa697dc47,0.107236
VirusShare_9132a33a0dc83b735a760990b08762fa,0.647229
VirusShare_67e20efc8967793f006b92a0ce64320b,0.675749
VirusShare_27b6ec33d0e11a87041b1e0c0c686def,0.753669
VirusShare_06d9cee988ec6c86636207bcad00b769,0.07242
VirusShare_0e26a5ed9ab6fde49ad883f50ac82e41,0.956396
VirusShare_ca0c0a13772f2e4853998733e7d0e99a,0.058038
VirusShare_efcd6a39e5a97381a1b9a211e13b8116,0.956396
VirusShare_cf19dbb358ec397d463c7273e8994f51,0.291126
VirusShare_9c7adb9ebefb2c65e6e1be75fe50edb4,0.07657
VirusShare_47474f31c31c0bcf3b913230978c3c89,0.917169
VirusShare_8cf73d79a09758f58e59b18ba1e98443,0.091794
VirusShare_f85b93364a678d47d4b54675dda1abc3,0.729644
VirusShare_2c6051a761da5c98f257f0ab86a6afd5,0.595717
VirusShare_6d1f142c7cd70c62ef68407c29cd68a9,0.285028
VirusShare_8bfcc0602f45eb7f69c02250980d73c6,0.050637
VirusShare_d38ce89c1466b0b41d210c855e6c5e75,0.086963
VirusShare_a80dbbf31ae0daaa40ffdd4a0555053a,0.787664
VirusShare_1848014833cc5310d4cce64ee2e3bbd9,0.186027
VirusShare_eeffe84fa3e502540ad36e8d6b2a93f4,0.83906
VirusShare_0ca3c0c356b671426009d2466d261c0f,0.06878
VirusShare_72906435a569d6d0c2c35b202498def2,0.064044
VirusShare_2ac11e2a6948e5f06b110f7f0625c5f7,0.975481
VirusShare_35964514644fc793f6b4cbdb3be722a7,0.077305
VirusShare_910631d0f6a343aad87fd469ac6d75bf,0.350602
VirusShare_d9ddffc33ae40cc14abb37ed289727f2,0.072366
VirusShare_9027c7cdfa192c4b51b2fbfe172cb362,0.743355
VirusShare_de90eba22fa484e92a72c6834f6361a3,0.068195
VirusShare_030f2e3da969d7d9e8aa9ef66e382210,0.795386
VirusShare_083743e0ad0ebc167cb4d94ebea90cb1,0.072366
VirusShare_24a7b7e108b6a1c8949ea31653a7350a,0.086502
VirusShare_c1034cc96ccfc5be349e6bc9804c10d7,0.854785
VirusShare_b6efeb17d03830ba0a5b3e1fe6e3a5f2,0.044826
VirusShare_ff0551d32ad2cb24568eeb9edd75d409,0.956682
VirusShare_ac8aa0aa2e5de8e489f3e69b6ecd1668,0.07657
VirusShare_df7f83cbd60d13a98bb34ce33fa559f1,0.045625
VirusShare_040178ded297a9415acbcd0fd0c92749,0.050983
VirusShare_b83281b6d20cd250cf1cf01831685d15,0.975354
VirusShare_28d70ff715418738065f1dc8f479cd64,0.939887
VirusShare_b51d60e6a300015e1ca157b5dd9a1af7,0.952772
VirusShare_3a80b571f83de84c72101c40d77bde0c,0.943545
VirusShare_1d1af3a4290ad80e5f05ebab49974517,0.104672
VirusShare_e46642d350f1caed049b4092b086f3bf,0.365285
VirusShare_d1306b0aff6c6d2a92d951848e1f81ea,0.788332
VirusShare_8b6c734f7aa83d7cfd4577f80502a573,0.367894
VirusShare_77e99dc582739504d70d8fe7e6bd53b4,0.071294
VirusShare_7292550d76b65f0c5bb7d75521765654,0.068768
VirusShare_535497f262e2ee55e0caeed31c7fe922,0.550812
VirusShare_0b5758f8129a510773552202a0fe7e1e,0.058038
VirusShare_acd830a00b916ce8065dc2e8ea156305,0.97556
VirusShare_72217c06396eecefeecba2ba10395234,0.916757
VirusShare_729669d455ab048822e43b597024a564,0.852281
VirusShare_70d17309f348a75ce8b2bfcbf9e2b741,0.113943
VirusShare_809a11160f735046ddc9540a3c9bed54,0.064121
VirusShare_1381e6d8d0b98bfeef93375a8d68c49c,0.948048
VirusShare_ecaa5170a645800ffabd709ca37bf9fc,0.105051
VirusShare_ef478f82d9602b921c9b58a3af6d7263,0.940466
VirusShare_19a57e91cdcfec4f92024553e885e11f,0.063396
VirusShare_88dbb95733798fc6e453502c4e448fad,0.058038
VirusShare_cfdb9418c8a29e60cb84ff8851eb85c2,0.093779
VirusShare_035d1e23acc8dacf0ee87294be3331ea,0.591514
VirusShare_f1b61791e12a496d2ecbf603c9821ea4,0.05393
VirusShare_70a5804318875c2c42ae53b2f3bea42c,0.249767
VirusShare_6e9229375b04c4e09e48cd9aa5014fb8,0.92953
VirusShare_9c143fbc0ed41a01e267363f2bb61481,0.147665
VirusShare_82325c92109a19266fc3195801558fef,0.051622
VirusShare_f932084e3837fe55403bb34db5cdddd2,0.940676
VirusShare_392801cba07392e7b35ad69dc0fb75ae,0.942824
VirusShare_4895b2deeccf33220bd9e586a2442357,0.194593
VirusShare_3b81f564bf9b44026037e0c238742775,0.106918
VirusShare_16e0686871b6c1c9d886df5be3dd2b3d,0.564178
VirusShare_ce2db5309780dc5596ec13b1d10d73a9,0.047057
VirusShare_d779b0f3bd1032f21b6f38407877308b,0.064541
VirusShare_dda7ef79dfa949dc6635a0c1aefa36ce,0.061834
VirusShare_6ebd2203a7d7c92254f82645d1895ef1,0.195672
VirusShare_4c1f0a3537f9f00531e7d7b4e35d0486,0.251274
VirusShare_f378071b5054c54290e4320888f34e05,0.112624
VirusShare_27f9c201181d9aafa6c903e2f3a8bdea,0.054154
VirusShare_77369b7d1343903065c2e4269282aa27,0.952774
VirusShare_1483b82426a1600b46440197bfa29750,0.342136
VirusShare_d4a3f325c1dd5bd519dda3c9f06ac022,0.693203
VirusShare_ce521defad37b972fa56c20a9bf6b363,0.975481
VirusShare_63110829dd5c037d4c40e48e6a095e14,0.900987
VirusShare_3ec7d07bde75cfcea0926a047c6081d6,0.090347
VirusShare_4d1285df30b971f7dac726a5ee8630e1,0.975463
VirusShare_75e75e7e2417304121cce484f973d9a7,0.100441
VirusShare_df7d848753181d6e14ec3a05bc6780e2,0.952774
VirusShare_fcbe41dec254c2081bd82fc82ad83523,0.046649
VirusShare_77c2af443e9e12d23a2216c3732bd74c,0.05804
VirusShare_e91530ce2ce1dd95f00b182a904fb7b8,0.942524
VirusShare_b2b33beebbb1bcbc9b6f56e8df0e7630,0.07657
VirusShare_431d8070e45c04989188b4beab4539b1,0.969575
VirusShare_524c0c7c1fe8b0859d8d39be707be0d6,0.298921
VirusShare_861d2753dff5452685a2b9a353835634,0.831853
VirusShare_581a98416ef59c1897c80375ac7cc5da,0.145416
VirusShare_a17b2d30f67f68a13866a5e129c5593e,0.943687
VirusShare_8df625a9ca8e9eb394914c4b7f99d285,0.044284
VirusShare_3f4ce1522ad3b1d6b7c765d7a675b70a,0.939781
VirusShare_cd48e02670311f7693dea7ba89e46159,0.050201
VirusShare_b149d66994c75f8dc93dc253de6bf318,0.099695
VirusShare_6903f26087d0a136c629fbaf91ca5d46,0.063107
VirusShare_9f958f7aab3500788d4ee7b68299f9a8,0.13151
VirusShare_70b6050624c2833c34181a75275a609a,0.872179
VirusShare_488228c1041831f7814075ef8cab18e3,0.955164
VirusShare_f0a821985344ac74eb231d74ebe01f27,0.685137
VirusShare_0f838cf9ac70e706ab24f4555618186c,0.881143
VirusShare_fc32cec283138010957ed9595dc523a7,0.948235
VirusShare_981fb3d4155b106b4b17358d451c542b,0.050637
VirusShare_b167d97ce36182f9b4cba64a94a77c34,0.956404
VirusShare_e2bf06f6a54574a42ea4ed0f6ecedc71,0.100888
VirusShare_03d3d5509d3239ae6ec0f6ca896695e0,0.241641
VirusShare_112740d2e12174fc2ddde17d97461639,0.102262
VirusShare_d1dc526b8ed34bc4e5de6dcd64d9375d,0.723385
VirusShare_9f42d727c8837b59dd831abb67f8724b,0.457829
VirusShare_66aeec75778cfa1111eb532fb98edbc9,0.118439
VirusShare_c73c5dff00e5a3d7b0ce5f0f1a94e7b6,0.050637
VirusShare_7f1f06f9847e995d9efe73d6dc8a0581,0.05053
VirusShare_4ca812ee9618a7152682da6a7144c705,0.132187
VirusShare_315ce057f5987867f6dd1ecc611be7f4,0.283576
VirusShare_ed84ccd1274ff4872ba4b43f9d8c6924,0.051622
VirusShare_ae433e5090e0c4edaf28a9bf402c5abb,0.072366
VirusShare_b27df870ab1ec96c64b6bd45831e4d4f,0.975494
VirusShare_dad696594ef1ffb49918ff730802dd3e,0.072366
VirusShare_d9d320efcedfdb8f2e9dc3894c6ae056,0.070681
VirusShare_32ad5b5aed74c46c31d6d3e411275908,0.975559
VirusShare_7ff505f493c7e03d72d5f22bef57ca9e,0.974878
VirusShare_0bc38a302a66d13cb2ab5e0840bcc0d2,0.75306
VirusShare_2520cce1d7c3d2f9e860ff68d77f37ef,0.064162
VirusShare_1c4ce67d2e02f67e95681fc12235da4b,0.11367
VirusShare_47355d92e20f2f179f9bf859ae92d5ed,0.039459
VirusShare_75289b91e8bb773d7b9608588fcd0d50,0.800091
VirusShare_9bce75cda15c943aab45faa14f6bf04b,0.053684
VirusShare_cf4e24b52da13554813dd004bd8171ff,0.069791
VirusShare_ba6c5d53e9418b5ce3c569831b68a0c7,0.959119
VirusShare_0ec4f008e9f2a9d30e3ca0ed0808b85e,0.05053
VirusShare_0e0017f3872a5e0237dd1c065a71031f,0.05053
VirusShare_e63ad2b11a3b7bd223b934477de747cb,0.951511
VirusShare_4df8dd40cea92fc437fbff1e6b1595ab,0.925189
VirusShare_e15256b7629dcd3694f9a4faec86f4ae,0.52357
VirusShare_d1370530f3921d5e97c3de5cfbd0c5d8,0.546385
VirusShare_9f789709412633d62ffe2ce3f4300291,0.126277
VirusShare_7fb067519fd8ed630182dc3a9363e8ce,0.324461
VirusShare_6b83368d6b2364c927496061a8312064,0.975374
VirusShare_d0c14f3e45b4868947d125d29a06642a,0.927388
VirusShare_13111c56ae3adda6b63f7161b2a80c2e,0.064215
VirusShare_3ea09416ad2ccf64465ae56fbee16813,0.91708
VirusShare_4baf3a6b9386318d1fa22a096fafa364,0.076969
VirusShare_a977a53a3fd1099ec1c0423157f5263c,0.204711
VirusShare_d950da847e3e7d99790f700cd93f5ac3,0.056493
VirusShare_e41c7f556e9463f88346c8cf98d14a7d,0.064541
VirusShare_cf90286904b01fd5746bdc91793dc9ab,0.05053
VirusShare_5019d72a996d603cfe2dd6527c16aada,0.528754
VirusShare_9f957ed069cc145b395c9ec9c11360b6,0.622948
VirusShare_77ce4e0342ea36a983ce82f8e8762381,0.956404
VirusShare_bcd5803d0fb375c867d8681851093824,0.061791
VirusShare_6597148ba8b6a0d6f2232d11aa291100,0.78949
VirusShare_82784cf32d2dcd3efe862b2ab469790a,0.050048
VirusShare_23030f8ded8c32b1a99aebca73a3b9a9,0.064144
VirusShare_7cb1a73b592480fa68424a57ec0b6e70,0.066828
VirusShare_cb71e8959c3a0b7ec4ac2e1918cd32e9,0.22623
VirusShare_4badca5aa76a7959b284fe743bc51997,0.076589
VirusShare_2682f6b633e58a2062b408faeb6fdf37,0.107321
VirusShare_c602c53858e9d9c691201e1c7c99d2dd,0.084715
VirusShare_109982a7801fce95b60c9e55219dcccd,0.070472
VirusShare_b2a49f740f16f322060c6e23ec3f6b66,0.75528
VirusShare_016eb8c5e18c8c485543396a7213a048,0.372109
VirusShare_3fe4cab7e6340f5fc8757c7d2229ab18,0.585723
VirusShare_7e2f4c6d2fee90de207c6ecb6738f918,0.05804
VirusShare_ef9589bf5303799d52dcb4b34fc10a99,0.369806
VirusShare_56ffe27f062167014e8faaf1c8ef47b3,0.085548
VirusShare_c98f0728cd52a85325aefae0370b99ee,0.924807
VirusShare_0c6b46e9c28f6d171d8b457c5bd96831,0.585666
VirusShare_4ddc2f20b7d416d6fbf18cf208941e0b,0.906533
VirusShare_6e4c03afe6d457b34ad176518c12aa24,0.952715
VirusShare_cf8b513949077a6985b50d51601d8757,0.091236
VirusShare_0cb05e9831b3363f6e809678f692abf5,0.059484
VirusShare_5afe4dcf4d299b637b438dfda9307bef,0.667106
VirusShare_7bb221609288b122924c70894de31ee9,0.10726
VirusShare_bdd557372f00c48504c88ee45f992e19,0.068935
VirusShare_4ff5c1332c29c3c55f0905d410b4985b,0.952772
VirusShare_f91c7b0221bc2355b04f6b5b6b8c825a,0.087322
VirusShare_d848f53c9ac319e84302257a0bcb26d4,0.931226
VirusShare_a8d484e19fab68ab08f872248b209ef1,0.102939
VirusShare_fc2ac1f5970829397d04da4ff99df23b,0.900975
VirusShare_47d1a15a2fed12a8366e5674fe1fe5f1,0.063314
VirusShare_42c6e683566c7a7be98a9c63ec166803,0.956399
VirusShare_2c2b0462e2a1414cadd8657f26442340,0.583829
VirusShare_f69d8f7707fd214fad1dbf3f1f1765a9,0.752745
VirusShare_4124c513750fca5a4c3d6be009bc89ca,0.690358
VirusShare_5016e5e9f91be33ec392ac69159d7dd5,0.727002
VirusShare_4e426867846a531e9151c6d306850539,0.975061
VirusShare_65f6036f540d6582f4ca07c957860213,0.956534
VirusShare_ac90025ff951ca2320ea1dddbba327b9,0.848218
VirusShare_25ccd27a9dfc0e150c47dc17c8357ede,0.965955
VirusShare_bfe811397881f12af308084358fbe17f,0.767814
VirusShare_183cd94b2a4ac7495e179ccceb8aec07,0.063449
VirusShare_ba7bc2af350d23ef75b2cbb40143642b,0.112208
VirusShare_89e35a6cf15b226bb54e22f15b8a2d20,0.831482
VirusShare_2d38da669a4d07dff5feef9faa46a640,0.12322
VirusShare_b7ef60a3a4569a78306156d0dd0a0d2f,0.893926
VirusShare_a9273d7cc72eab828e0c6e3fce7dbe2b,0.858625
VirusShare_de86cdd1eb1a90c811d0fecbd5a1bb6a,0.656175
VirusShare_480eea280dc4a8100258fe04da0ba86e,0.082739
VirusShare_aa279437fdc211455f72de4ec41458f5,0.732714
VirusShare_9dd3df04c07fad461969cd243c0baed1,0.063873
VirusShare_168cc7bd4d9add96d411b33b2dcc0ca7,0.975361
VirusShare_12bb606450061595edfdd497dbf9e3a9,0.089586
VirusShare_c99d3237d3e9466c6e04525a4cd5f997,0.349551
VirusShare_4399f364fe1aa3b2cb3a9561edf30706,0.950069
VirusShare_04493e41de45d994426eb26666c65a51,0.941492
VirusShare_90628d81c10bea1907dd01dbb9cb2390,0.22617
VirusShare_9c632bef86e29cef4d79c188f9790aee,0.142165
VirusShare_43ad9d0a9a06c86c85be25f295fb7dce,0.170916
VirusShare_20ddd7297c96ab90399bfcade114a4f8,0.047889
VirusShare_259619c1eb4a34761c5541a26c496e4f,0.048809
VirusShare_aa9a88cf3b1db0f6a5c0880017aa1bb2,0.058038
VirusShare_5de68136ff33cc731d81c0efc9dc4c4f,0.076584
VirusShare_86cc11848ff3a679ea0c43a3aeb2fce2,0.300542
VirusShare_4de5dab602778c144acc87412193642c,0.064241
VirusShare_136764879457a355f9e37ed8c01cb5b8,0.974903
VirusShare_5b607f814566590806500daf7c6e42f8,0.930049
VirusShare_5e4ec12a9469bd3a8cb12033baf07d7c,0.975532
VirusShare_005139c756af51d82d474833f5b05325,0.264322
VirusShare_428dbc599f42cdffd89cbf5e125a3809,0.06731
VirusShare_f4b7c7fd4a506534cd052fde285714cb,0.667806
VirusShare_454f31e315d44920fdb9c0de5b3ac2aa,0.973106
VirusShare_ad3c7b1dff5c21c11e242fcc3275869e,0.061834
VirusShare_cbb013698ac52527115f9a018e044df0,0.895621
VirusShare_a89f4aa2175cbc3744f1289c57dfb60a,0.371507
VirusShare_0f5fa4e86c48f5288a51264fa8fa66c8,0.942824
VirusShare_359580966aba6fc8b4f0ec5afb062939,0.065209
VirusShare_eb9c1e590efe43a4e30b614657e68fd0,0.725524
VirusShare_9f25e6900011c968c734c21cee0ee777,0.19173
VirusShare_0c06128556d7825f35faa448e5613641,0.815229
VirusShare_2cb0901f83b2a520172c3e8c7100062e,0.039468
VirusShare_31a904c72d26112cb3a1711d783ce444,0.10726
VirusShare_68ff55c9dfba0cd81412098b91450d0f,0.787823
VirusShare_b72b5df93c8fb29dfd24bd4138a7ec03,0.107948
VirusShare_daca43763cdda01092efc6719c907bff,0.12747
VirusShare_1ba2dd294aab4c272fe17528f902b031,0.123764
VirusShare_0de42f2197cf5728faf682087329f429,0.233506
VirusShare_60788b1a2645383ad6cfc985f301547c,0.039459
VirusShare_d8387c1d88d5c53ed2ee31f29f84fcbe,0.067833
VirusShare_e5d21ba87eb3c491c6912882a41a7066,0.350398
VirusShare_c51b0bf0fb0ea326f21c0c2210327295,0.713282
VirusShare_a7cd37c21917a75ff90223971f734b4c,0.07305
VirusShare_91feeb26a71fca63fdc155d38e66bd85,0.379444
VirusShare_7f982bd093b8378a639204e85a417582,0.871748
VirusShare_e7d1e7e7e03cfa523be47a0098ada02e,0.24533
VirusShare_c54f695b1a69a6640d65f5cfb6ba2b49,0.063873
VirusShare_ef4b29bf3f5f588b1672ef5f38b5220b,0.94382
VirusShare_9f2a0d8341d0863c73d2d3ea2f99982e,0.043992
VirusShare_7429262fe9edec008f851ddeeb0915d2,0.05053
VirusShare_1ffeb5cd1dd490690e5b39a024b07763,0.973238
VirusShare_66be7a20bc1468fc832d1c610fab4a09,0.952772
VirusShare_df4ec43cd685221599a9936e07c77277,0.045559
VirusShare_01ac7830fd3a1716d91496822bea7eb5,0.122456
VirusShare_5b15cad6bec93f9b5e5c6ce2abf6b19f,0.829381
VirusShare_d867df368c430a8d58aeec9bbb623e5c,0.061473
VirusShare_cc82fddcabc236b6768b374dc259836b,0.05053
VirusShare_fa78e5e1b6f106f79214a42de2e5f0f7,0.893178
VirusShare_8b8bd25f4ae51c193f117f15e9bbb888,0.952772
VirusShare_08cbf2d4005da4150eaa598a2db2cb9c,0.927128
VirusShare_f20eb5cba941fcc43e5e9785ac29b49b,0.952772
VirusShare_3beea914d58bcb87a6f0bdff9d7cf8e2,0.047057
VirusShare_a708995caad70346d832507e3b452142,0.109258
VirusShare_d71d2e1404a08d957ea0e8b3da4e017d,0.04695
VirusShare_737b52fcfa47f503ecb246979e033b2e,0.741282
VirusShare_ec97ee9209dbbcdd616395ca2622d91d,0.150818
VirusShare_15bb59a8b2f615e43c854d6bf21f612a,0.289401
VirusShare_e202643787643513d875d7e2fc2010c2,0.867474
VirusShare_d9776a094efef7c5c318509253613366,0.953328
VirusShare_fffc7e465b4333ea395ae3658c89d848,0.857948
VirusShare_78016acba0db90781b83ead7fa4f78f3,0.933934
VirusShare_65cfa8eb35832fd0a2cd96d44d3ed1d2,0.05053
VirusShare_5c4185a9faa17b9eb5c02bf9419512c5,0.048809
VirusShare_5dcaf64fc63b5cc992803c3058621508,0.039459
VirusShare_047bad573313d7f2c9e206c302bf3535,0.928117
VirusShare_b1d92970ab4e492a75e1a008835a1a97,0.48703
VirusShare_b45a313a50d17cc5a4c51685982e37cc,0.05804
VirusShare_98257da8a81ffb159293e3bcd3131889,0.101259
VirusShare_6a26a35f43902dccfd814cebf4ed1d62,0.23513
VirusShare_2cb014aa5c50339e14d180a6b29103fd,0.819903
VirusShare_d2b7580d40d74302a11feb42394a7fdc,0.940269
VirusShare_d688d2822d61af202629f6d1377b5955,0.215754
VirusShare_37e0cac2be7b500da5123abb8183284a,0.056331
VirusShare_d40fab4443e90a4f2fa843583c3f89a1,0.942332
VirusShare_e49053e3f3b5acd54d42b2d5b5c69377,0.665459
VirusShare_bc1d9a30d432851fa3c39346cfd105f3,0.048263
VirusShare_25002226ec15a5b6761e00aae57a779e,0.952761
VirusShare_97f5ad5d931d369d6f14f523106b7d45,0.054751
VirusShare_40e9ec9360e7697e6d6a4c6e3dfdbbd4,0.508209
VirusShare_1e8c42a543a4f0c1dbcb78850707b512,0.338838
VirusShare_e7fdf1e6b5fe272443b305fdde093e9c,0.592979
VirusShare_941bbd0d73781d38c8bd545e12b88468,0.488328
VirusShare_a499e7d89eb8738836968fea49b0795d,0.03987
VirusShare_93a5ad130f114a998970bfbacfb50b33,0.102782
VirusShare_338d2b48f9d4845d022ab21fcc9a0c50,0.139881
VirusShare_ad6ea08113e8284cadbb837056a0f887,0.112813
VirusShare_eebc9669db596c2a02afc1300fd5ef6a,0.156073
VirusShare_550187b8288bd09a0b9a9b63c290e87a,0.191824
VirusShare_1784a38cc11e0a7dd8a99ffe9609eef7,0.096422
VirusShare_bfcd6e7066a663255721c2bf88a397dc,0.08627
VirusShare_b0d689bdd3db8d166d5dcb00d40f1975,0.107321
VirusShare_71a1f8800da4a01a654396c6149bf08c,0.975321
VirusShare_b07d900c24458885a40d08fb3f6a83cf,0.073021
VirusShare_0e621ccd028ef0d2ebfbea0a269c898c,0.446973
VirusShare_b4de455217f7ffc4a3e8eddb46bd37d3,0.07657
VirusShare_b47b11fb0c29c4ae5cbff0f048c7608b,0.065679
VirusShare_60631d381f69464e3d802ac4a2b9f625,0.064594
VirusShare_6231a62be883aa3050d30148d3e39833,0.049174
VirusShare_e13fc5142078ecdd210abcb858db40ba,0.624546
VirusShare_12628d9eb15acb005e847256c5dbe71d,0.10726
VirusShare_df170f1ff577a03b809fbec7c8c267ac,0.220663
VirusShare_560a133ec9ee15770bb55e323c40d5a1,0.975276
VirusShare_c0facaa9561e361afe9d92d38e2793a0,0.485504
VirusShare_d66c485c40d1026cac8b7508346c5142,0.092418
VirusShare_f9e0ec9e7c92c45ee8d1777b5ae47a13,0.26481
VirusShare_e40004654a0292d031113470ad4a05ce,0.058038
VirusShare_49d6b9012bd401e9f49a818cd06e5543,0.049351
VirusShare_acecd4bf504c7910e3d65cea16c63f10,0.50382
VirusShare_9bd1477f533102934da49e16e80a7b05,0.948863
VirusShare_75e2402a4894c55d0441a61fadf3128f,0.849176
VirusShare_cc8271bbee03731c4df165c3d6aadd30,0.975264
VirusShare_b695a3f09f2fe5e67f1249c0a8e447ca,0.144447
VirusShare_1ea06f3296a7feed811e9c94cc6c8fe8,0.089743
VirusShare_fa23b74c4609773a599e2d8e27de46a4,0.073481
VirusShare_86651b3a69759db8e3d605c6180ca4d7,0.060222
VirusShare_d4626aa0d79860578c07ec300c688e52,0.065064
VirusShare_c63b5e6305535cdaaaeb11889ddfb097,0.075014
VirusShare_6eb74195dccfc4dffa276e30e4926182,0.685412
VirusShare_a0d0a473c8fe7833ef7f6201e7d8d89b,0.361536
VirusShare_b0556afcf9eb38ab9c99d1e085e12ff2,0.400876
VirusShare_072fed98a560f16d7ba57ee134322ce3,0.915329
VirusShare_7cf69ae411c970a920a1b31ba4b97c2c,0.957641
VirusShare_19eb8274ae63acfa1be3c2ebe064d134,0.607099
VirusShare_c1f8d341dd29a0206746ab766ab8d17e,0.263252
VirusShare_e63709eb19cf6d847afb363f310a0003,0.936832
VirusShare_358344727052c2b662a8791b4db606fa,0.974728
VirusShare_dc34bb7ff712f36a1e2fbec0f5d160cf,0.226215
VirusShare_3496206059bf088ed96136f470000f21,0.866739
VirusShare_b7c50b11ea1fa87a7737c9e6372fbe97,0.235494
VirusShare_4b1f3b71f863a18655b78d8b546829dd,0.951508
VirusShare_6d0964f0935235cb59a167d446d4bdcd,0.82206
VirusShare_f83b84edcf1c7db60756171109930ef8,0.089511
VirusShare_e440f8d9c42f7634383b5ccbc3848a5b,0.063254
VirusShare_43dc75afb4a22452b36c894058073860,0.04932
VirusShare_81c912d5d3af362978af995acef835b6,0.516623
VirusShare_430960fce8a916790fefe403df7ee672,0.051449
VirusShare_c38829a17d5f3b30a689c6da7ee82c70,0.249077
VirusShare_c3254c2ac031f0123b989941d4aef4c2,0.974417
VirusShare_e4761a2c99d380ba28e16b51a92aefa1,0.109748
VirusShare_4a9cf6d94bdbb5cc8a9aa649d881aa3f,0.135821
VirusShare_8c7d7776e8fee811212b637d659ad2be,0.083743
VirusShare_071a0c8a104a1fd40c3399455b90b7f8,0.05053
VirusShare_4d1bfcbfc08eb1e7455012ea7b29aab1,0.062721
VirusShare_ae9644c05abcbe54be803ddd7c5b2cd3,0.774077
VirusShare_7f3acf7755e6f0c0316eefa875c09fa2,0.958683
VirusShare_443a060acc074a7f961f7cb83367eb74,0.092306
VirusShare_1a8c4be44822d9d746104ee2055b4e32,0.97544
VirusShare_ad5dda23f2ab1346a9ec664036500517,0.975208
VirusShare_e2f9c340a4e923397a4d38d37aad24aa,0.607344
VirusShare_cb039beb4722d391d4fec45f4caa9e4a,0.487849
VirusShare_2377a153c70421b4e2669e52693e680d,0.948589
VirusShare_e426a950df3aaa96141bbb3423939d93,0.100023
VirusShare_3ed811ed39430151abef02c0c28f4879,0.794248
VirusShare_3affebd34e53d5c2292bac785b2d9d26,0.084187
VirusShare_0690347a11c9113eec4d7cf87eb9105d,0.487538
VirusShare_e405d5b86872319f78629223568e2210,0.342075
VirusShare_bba9390227c54a3a311a2db4632457d6,0.285188
VirusShare_00344df967b5b6d9b80442386beae157,0.092137
VirusShare_6cc03df367f70062885ac734a9458f77,0.426299
VirusShare_679b38d3297913cec51412919546f0fc,0.952772
VirusShare_a91ecd4b4c8742a87b6535a23a6188cc,0.268445
VirusShare_234a9557e370d3d750070b64808b0426,0.464214
VirusShare_b95e233a715efe68a8a7ac7e39538429,0.07305
VirusShare_71a6e1c06bce830e2d47ebf05827bfbf,0.367544
VirusShare_ccfb8ebbb0771762e7ec6de139305650,0.322735
VirusShare_1c02d57a2d57ed0a520cb115a4084919,0.067495
VirusShare_feb61f8734a6326d9e906ba63cf73903,0.049001
VirusShare_f5f86d5aa3ad55c1edc1f7b2d69a0834,0.089208
VirusShare_c0ab025894b9cd53405f87ebd81ff670,0.953916
VirusShare_a590b7e0909cb99628569da0d7c27b70,0.807891
VirusShare_5255eaef57984bf4968d31ae58ca7c87,0.045088
VirusShare_117dddfadbff3ee50277b2a022d44b2c,0.975352
VirusShare_e199540169dbbbdcd69499e9d322c1f5,0.047456
VirusShare_d710da2c72712a5234c12cbc19c9ce38,0.108749
VirusShare_c783a622c87c24de90698c919f0f0495,0.067639
VirusShare_65fcceb4e24e9ae305b9015f4a8f04e5,0.049907
VirusShare_e3ad08131708e4f5fadeb1a65020f08e,0.169635
VirusShare_877b08d97290c2b472d83251177d512a,0.062132
VirusShare_83bb5711fb75c75d224e2ee50ea2bf3f,0.064792
VirusShare_20e756b82c441d1a902c4e8ecb431939,0.600106
VirusShare_b08d36eed72bfcad7b40f4ff6be8d57e,0.955974
VirusShare_9ff9873ab1a33f982e4385a41edefd45,0.045707
VirusShare_15f1bb02ce136666cc8e01c262598d2b,0.826019
VirusShare_f92553939766c0123c273dd1083a0104,0.115827
VirusShare_64f72f0f6278e9d2e2a078ea781ba82c,0.333549
VirusShare_b8f9fcbf410a59dd591060912aec3633,0.904072
VirusShare_cedd5cede4e76246b919b8206b1f0c5a,0.975374
VirusShare_a5a99145d4d53594b54bfa3ea2709ac9,0.170385
VirusShare_bb471b001dada6ae838d792d31e53e27,0.915254
VirusShare_6d063a2768053694eb3ca3c449f2c39e,0.843888
VirusShare_95e2332ba52b6152d886ffc639d4db42,0.269376
VirusShare_3740378a5424413979c8eb490c75aad4,0.974556
VirusShare_bc5e122ddfdceb0d4bf4363b5880552f,0.919985
VirusShare_e49c2292498a8e45f73f1a5f670c4b87,0.072366
VirusShare_04c92c46cfa12a9b85c5cbb3ce649ec5,0.916379
VirusShare_00c06879a479bc32fb97ef5f71d45b1d,0.062981
VirusShare_680218652de1fb3cf06d4298911eee1c,0.072366
VirusShare_a4551f02f9fd28c90951b8b02bba6980,0.94325
VirusShare_c9459eed4d7b0b155c0ae5a64748f5ce,0.11228
VirusShare_0ce7f43aa2f349d5165a158e52003ca7,0.792257
VirusShare_efcc22cf9da87d81bd38709ea36fd32f,0.97544
VirusShare_ed0036978d1f0d13c67c94edc283e131,0.900424
VirusShare_5e3a3a3705df7f7d8ea4607bcb94f388,0.926019
VirusShare_00a10874f16bb98901cca17b5f56b14b,0.10726
VirusShare_930a601dad01beca0d959a46f78e9387,0.312502
VirusShare_d12e0f793229d0750fcc6e583c88b97a,0.134744
VirusShare_48efeb5867e36b7f4c58e587f51b0678,0.929586
VirusShare_d2aed145becbaebc268055f6f2bd0a6b,0.050637
VirusShare_5bab7f0a11ca5b6cba6b95dc6ef452d9,0.10726
VirusShare_5ec700deee858bfc8ae57cf361ed3390,0.062745
VirusShare_c545f476ad97093112a28efac686457d,0.575815
VirusShare_1b9608d88eb0199dc55ed563b30ed8b0,0.829982
VirusShare_adc640fe3f1efcd5d45b7605f0368d86,0.104192
VirusShare_d98cbf2050219aaee437babd8bc9d9f9,0.100888
VirusShare_3de8c1b1645d3ae12ed677e13895c016,0.039468
VirusShare_e2f1013c5d24a5e2236aa0ff35fa650c,0.920013
VirusShare_51c57265cbf5f196c2b893c1d60baa76,0.435182
VirusShare_d304489d4765abe8e92aa97650855aac,0.78183
VirusShare_e265a117cc25ecabc88b3e955cf03105,0.129287
VirusShare_966e2d1b7c9990d4752af5755cda4d54,0.059277
VirusShare_b2c6aaa7b3e18534457a178bddbc9f48,0.974694
VirusShare_9c7cdd49001c3a0adfd584c83add1474,0.039468
VirusShare_dc03fe95903c286516f93f87a05cca42,0.403515
VirusShare_ca018126d3a9f98d9e7577ce7a618053,0.402465
VirusShare_67f614e8c72ea0cf97b41a41dd551e74,0.975075
VirusShare_c2f4f40a40d8f37cb778069afc786d03,0.064241
VirusShare_c49153ee4b16c80ebd9476d56cfbf8d8,0.974863
VirusShare_99da32fabc030f00e00432932c460880,0.974091
VirusShare_c7df9349b8100bcf82268644f1062d26,0.056415
VirusShare_3f033f2862105f8893f89d5b16476036,0.18162
VirusShare_ebde6f09ba71f24a6a14baf4c08ddfa8,0.322916
VirusShare_e89e203d78f37985b615aef3e1b22bc9,0.220766
VirusShare_5b379cbaf5a1067fb45d918412a6b34d,0.277486
VirusShare_822437991b7d24fb8217df93f1a8d64c,0.068559
VirusShare_9c7d5523a8408114de7f37aa0e45bee2,0.229273
VirusShare_4d2e36e66c0a6b7552b97bd5034fdcbb,0.714606
VirusShare_ef7c188f2cb857ad2ba2177dfb9e1245,0.173338
VirusShare_bb966e14167695b583d58021eea98a77,0.240595
VirusShare_313c56260b1830590491fc67b02f3876,0.947838
VirusShare_634845ae3197d2ed7441b0e5ca5a34b7,0.364793
VirusShare_dec33498827be1da6e38e32f48a22216,0.949677
VirusShare_4d3831bca8a89fe4205ac5f7b70f351e,0.390153
VirusShare_d382f9b36ebc8c80f5d8a286956755e8,0.253591
VirusShare_53bc106834aebbe59fc16e1a0b02b32a,0.78642
VirusShare_8eaab567738a3784356a770b2c540dc6,0.975258
VirusShare_3448cdbb28e615e34f3a0d8cece312fe,0.411091
VirusShare_0682a9f5123addd86cb7f295c67ab518,0.934923
VirusShare_b90aa4c6b244b2619d91e40e5b4b8a48,0.084715
VirusShare_4f3e60ef75de67fc2804cc51bb4f5272,0.227604
VirusShare_95a84f35123fbc4bf54820868d70629d,0.149087
VirusShare_77486e9e039c1bbffaf31b569c8f451f,0.098613
VirusShare_d6dc4bfd02b2951161d247eb36b96468,0.517917
VirusShare_e66c2377b5f989541ffcd7fab2431229,0.538743
VirusShare_18da93c97528052602418ba5520a9aec,0.071131
VirusShare_43b5a4d8194ec958bbb27a46cb1fd064,0.65252
VirusShare_52e338f776409a7ad2aad9476f6f0c05,0.058038
VirusShare_1c7e79242eedfd99e7590bb1ff6eeed4,0.062701
VirusShare_73d7258ffb3c1bf482e1fd7f700bcbfe,0.803378
VirusShare_ec033d830f59d9d3650e850378615187,0.312217
VirusShare_da771f8285b5f7014917531be8fc2e70,0.973221
VirusShare_bf1d4c98ee0e8f4d7524f63fc48205ff,0.975528
VirusShare_ea8b2d7126b64285a69bfc7c4275d1cd,0.115452
VirusShare_788b041dd1a7d19ef988aca2f973b443,0.691522
VirusShare_6941b638940033186c68a9abb6a55850,0.848694
VirusShare_57d3cc382e913eb38dfba189fe11d756,0.202432
VirusShare_fb93137981cf5ba08d4ba71cc4062d6b,0.912887
VirusShare_b0ff5be2672a2bade3c83144b20c62d1,0.039468
VirusShare_a75f5d7ae9c5ae21eea2c228e81e6bca,0.767635
VirusShare_892f65fb33581c6c72f152abefbf3e7d,0.671383
VirusShare_9867d59a126b9488eea41127440c8925,0.863883
VirusShare_9bdfa3add2456a5efccabdad1343fa70,0.859901
VirusShare_5d9966a0e31e34dc656e5dd01882702b,0.208759
VirusShare_d518b530f4a66765407f4fa2a8b98678,0.299072
VirusShare_f4d024b0940875fe164e707ec8476ea1,0.974381
VirusShare_4e815b40fe5217fb2a10e42b7378aab1,0.048602
VirusShare_51add5e4edae1bd19854b4d719d7e069,0.452084
VirusShare_1f798ac6aa8a0f29d56f835067dc5ed2,0.934353
VirusShare_9006f4db9e9e4a72c82624cb97fed809,0.039468
VirusShare_ef3c2476bfc6cab0a797ac1eda6b42ce,0.07657
VirusShare_9f302772761585c2913f92412e22f689,0.061834
VirusShare_a465f29a9267353085927881c9c0559a,0.229754
VirusShare_46bddd28589265df0fbb65ddf40eb2a0,0.062683
VirusShare_99cd7a61906e31b06cfa043bfcdc17c4,0.047365
VirusShare_056287de0f90a298b7afffcac60f37e0,0.956534
VirusShare_4fcd42c38dc5bbbdf67b4aad076650b3,0.101498
VirusShare_6c402c7027f23b12199c9bdd8a3373d4,0.12161
VirusShare_0c50697237a4c755c6cffbdadfb749ea,0.942526
VirusShare_c28f4eed56e488b2cc56b2fa28ef9fa8,0.065679
VirusShare_2aaca67fe4659750b01a13661dcfd72b,0.05804
VirusShare_f0fdfba8fcb10a679156b654771dda5c,0.065494
VirusShare_0492778b36918dc75d61284f05c05271,0.119991
VirusShare_8878cca824d4b4ffca5a179ca281b70c,0.131824
VirusShare_e3e257657a6dbfb35cadda7f04e186e9,0.975487
VirusShare_33b3ae456e72ab8691595b27655796e2,0.03954
VirusShare_eb675def4a42e7a23d310ea49cc17ab3,0.975555
VirusShare_e02c3159a5b1f266f4273957594f4a31,0.059533
VirusShare_65bccef1eeaaaac7883df758b92bb6ad,0.039459
VirusShare_30e3adc174f3352a21f126a61e3e53fd,0.170821
VirusShare_90ac38fcfd5dd3861cf5b84886913dfa,0.893144
VirusShare_3522864efeeaf471a51514894e44994a,0.063225
VirusShare_9293c6266d6cfe57f78d2737fdebca5e,0.974694
VirusShare_5adf87314d2f7fc4a36a82562e5b119d,0.07497
VirusShare_e4d00e7e482a26de29252a32b8d36b4c,0.108197
VirusShare_a18c0751a012551d999124b1bc0b5bef,0.943201
VirusShare_edd901b66bebfd5d47eb9b554682f7b0,0.295733
VirusShare_2313f43f1b52d6a7ae348bb13b3e1e9e,0.596889
VirusShare_dca27a20594772d6c37ed575104878fc,0.913415
VirusShare_5f0c73c28fae5718f3d5d4acf8a5d726,0.107672
VirusShare_721213c1dc804876b85af2be746bdb6c,0.547096
VirusShare_aa386116c0e2886a4762386c3e116f34,0.065289
VirusShare_1760f288f1ae7b3b18aaac1447142f56,0.594915
VirusShare_79e58299e50d38abbf13f0836c4dcdca,0.252217
VirusShare_5cd9489435ee9be14cd795e87350b3f9,0.071721
VirusShare_1ec290827ab537e933fefdc7512f21dd,0.048809
VirusShare_da99af585626ac6c934d86804f859c62,0.04695
VirusShare_668e0b19d63902c3a3f4adebb1847103,0.938652
VirusShare_f4eb82bb07fd67db3c25be9ed5bd8b32,0.952772
VirusShare_16c5e3ca5e219a44a92927bacb6a36d1,0.788101
VirusShare_fc614c618830f267c8485e3da2b1a1b1,0.889968
VirusShare_5f63bc0d54eef42f51aa2f124b1971b1,0.952772
VirusShare_a77e52f4ccfc98d0a098d244e38391b3,0.740446
VirusShare_f781024d665b077ba5023e5e9ab894a8,0.06214
VirusShare_3bda0915b078a375d2cb195f1b794eb3,0.433313
VirusShare_a97112ec4abe2da48f45304ddfeec047,0.04695
VirusShare_852332e87d224a70fa9544efddcb44c7,0.096836
VirusShare_b1854fc27e7f11ba6f2c31383d497074,0.082863
VirusShare_48efb99079ac73e9fc3ce9397c983e85,0.921439
VirusShare_69fdf679dc3ce71efed7094b45434058,0.81238
VirusShare_b95fd87f3e63328d98cc532402fee24b,0.825245
VirusShare_860286b5ba062829a93e4912359dbb01,0.975413
VirusShare_45dce586847b9a88a5e803b5c7d1f5f3,0.065885
VirusShare_be997928592618b9bf89bf353a96a9f9,0.210632
VirusShare_10ebef11fae441c9a7cc482f1cd57c50,0.409026
VirusShare_e0fb3ae0805893f07729500d4f150b9e,0.975483
VirusShare_76c84aaf1e833d2c9016a37ebf56ee2e,0.081729
VirusShare_12c8ab20fda0665ceb0b410471793f76,0.10772
VirusShare_64690f35358415f7d1f4ea2d867dfdd4,0.956404
VirusShare_772b2c2a8d9b092ea11a5f91e5318e8d,0.952772
VirusShare_54106b1d4b8f55a669a11013f2c92406,0.169977
VirusShare_095bcc703256868a7b326ac64920e2de,0.049852
VirusShare_92a67e3369a27443e1f36849ccc236ff,0.107019
VirusShare_12a43b16aace2dd28655b93a18321bad,0.328319
VirusShare_26316ca7344451663e333e8feff5fa34,0.062855
VirusShare_46088a42b49d570dcf473415d4e1d7f9,0.061834
VirusShare_862461aa4e50ced3319a1f3a4a7ad39f,0.906364
VirusShare_f543f22fcd74a14d900d221e5641ec10,0.064266
VirusShare_40dc480550090d32cdf71b3a3f4f3aed,0.973786
VirusShare_63f91dcc9c13b8e841b51322e8dccdfa,0.062132
VirusShare_31e5f1b3478091112672703ab3c3f618,0.064962
VirusShare_2a643fdf22c471ba451735de3a0004f7,0.183496
VirusShare_5036f77f74ff741f448a2943aa697c7d,0.937064
VirusShare_01ac902487f826c4edf06241151eb0ed,0.592334
VirusShare_0e65e80d09ecbc505bdd10927226c87c,0.088206
VirusShare_4b1cfa1207d89791b682f40c6c9fc01d,0.922198
VirusShare_a7d6f0f82a1c1e4cf54743fa7dc49a9a,0.826628
VirusShare_29fafca1ff7eebbfddfefcf2562fd259,0.25334
VirusShare_4bc4337bafa7659472b1edd39b294c1a,0.436793
VirusShare_58eef3413ce1e59ec6c2a8c101edcd96,0.133895
VirusShare_6238e1096e679194af810a1f6109a30a,0.064305
VirusShare_cb5aea5edc61a6c864a8ad9cb8bab3fc,0.146988
VirusShare_b110ec1e2a6e3163719fe85399ca5ea2,0.039459
VirusShare_d5e671784cf19db322251ebde1223475,0.253016
VirusShare_4eda4f713ad8f96bfee6da9dd10ea7db,0.346035
VirusShare_4016bc74cec2e649ff2340b7e4aa5644,0.045532
VirusShare_ea75201d19090414db470653ef812999,0.956315
VirusShare_3902993c8678b9945d4ded001bab8f3c,0.058038
VirusShare_5efef6565788a64d0f21950b36e71947,0.057987
VirusShare_84654cbf6d372a2f074bd66c418c4278,0.885498
VirusShare_a221bd87ee334b688a33de247eb3964f,0.975135
VirusShare_5f5dd56ea955e88e88654151643c5811,0.952761
VirusShare_43924592e1f9c0776edb140126dfd0a4,0.789946
VirusShare_9cba5f409ba5481c84c805f33db6ab89,0.061801
VirusShare_9850a146e69faa57ef437bf9cb7a781a,0.936327
VirusShare_dc1343b9cbe802627bc82b7f8bf6a61e,0.084715
VirusShare_fb05824f223c928ba39e91fe17364438,0.951511
VirusShare_8b65a3214f949b3f1996a04891984c0b,0.14077
VirusShare_0953c9053a182072248eaa35e37ae06e,0.373656
VirusShare_3b0563d34d75647f21b08bd41e657289,0.974321
VirusShare_ef3b542a070bff84e5c683be06dbd655,0.08519
VirusShare_b7ccb53499d85d327b44592a1848f734,0.798358
VirusShare_099203f92058283809bd9ac7ec936a9d,0.063225
VirusShare_eb2ac6622cdad672e839a5d65f52eee1,0.065659
VirusShare_789624fb59a507fe723803e5d43693b2,0.110919
VirusShare_526cd38c4f7842d83358ecfd24873f41,0.954626
VirusShare_380b2b019de5ab81f4c6c5f1ad477e39,0.949465
VirusShare_de7fc7c348557dbbf7fa7796c3251ec2,0.105693
VirusShare_de28ae6474ade05e61221ed8352b9e30,0.067248
VirusShare_4964881d35c7bf9ffc855aac951703ac,0.11755
VirusShare_744ee6db60223264b9e5bf9cd080be2a,0.064056
VirusShare_3bc78e4f06619d9d21d9234e6de9d1a7,0.381871
VirusShare_225a8d5e2bc03dfd40e108db93135819,0.608196
VirusShare_1e51cf01311d6a70190d1959c44842a2,0.97483
VirusShare_9d2a5154e858c79c0c38fe519ff9b346,0.064215
VirusShare_1fbff46d0b659b0ddf5af64ce0886a60,0.746961
VirusShare_28664f0b01c9d97eb2dfebb0af975a5f,0.923318
VirusShare_33b7bacf7cf0851d779d155f32b60a7b,0.569849
VirusShare_30409a62929df9786e0bd78795be7ab7,0.085263
VirusShare_f06fd59c6eb4fd2d21b35785210842ab,0.064241
VirusShare_9aca84c7d96f761d0159ad14b1e07489,0.943225
VirusShare_88bf7c9aeee8f04ece8b50fe26d5dd2d,0.039531
VirusShare_da66f2b885a76c11e82763367dc99c7e,0.283273
VirusShare_3a431ea24fdeec9c497c6ec4af471873,0.07657
VirusShare_e39afd002ea42fb6cdd46f13d6416860,0.350224
VirusShare_f79ca766e552be7c64a38634880d4083,0.958761
VirusShare_1493abbb7b8b5dbbd0b27d4317a123b8,0.161769
VirusShare_e41381ff3a2939ba9db94d9bcbc57888,0.063099
VirusShare_ff80e24552feabee97fbd0e0330f1190,0.058038
VirusShare_ed0e9addfbc9d4085f404fb5ae3d3a0e,0.108469
VirusShare_80a86ac4ee4137720e56c37189215e51,0.130096
VirusShare_375a3d399268e0814888c97d30b9c444,0.05564
VirusShare_d87522046776cfd1891d3e133e6c8a9b,0.638158
VirusShare_50df6792282e3ffb785b557c8fbfc619,0.956297
VirusShare_6e462c1202c8e6a13693afb14c6c3790,0.168244
VirusShare_5a38dc02e86a7ec910899a1c249f2fb9,0.050321
VirusShare_66ac70557effed9fb2f68ddc18f2ebfc,0.112357
VirusShare_d4a4b3fd2db19fef17b6f95cad14de76,0.070664
VirusShare_d0c36e8f3ca45493fb1dabff9c588d36,0.064571
VirusShare_4b313be67408c045b413453318e94a87,0.974664
VirusShare_055309d1145c4e50759dd0a8a5668038,0.215383
VirusShare_620e2301424443dc3c57fea3548cdf52,0.091991
VirusShare_c53300684493980cda1f7f51d5762826,0.434267
VirusShare_9fb0c5b9544b08fde503000e85c5ed62,0.917529
VirusShare_78db1264e6da060694ba7ec3ed0dbf3a,0.045698
VirusShare_69206528301111945b9aab89dca13f3c,0.064215
VirusShare_56761e664bfecc96cba2943336c3163d,0.072366
VirusShare_39d3fa121c2755cd97cc31ccef902207,0.084715
VirusShare_fa019f211e8ca61d47f9b2f6db39b382,0.526362
VirusShare_b03a3cf583fb852a6b2e7842d204f8b0,0.111358
VirusShare_62eb1eec1bf46bb6103d938e23b2f8ca,0.050614
VirusShare_d32d06f634e397cd5e3939f31de9b4a4,0.433387
VirusShare_ce4e184ed3f78bafa7b36e85b74c4069,0.953609
VirusShare_e7acb2498d165c67b43c9f0211884763,0.062005
VirusShare_b19478da07f45d38e26a6b30059caf50,0.085091
VirusShare_86f655f0565cf2825457f424b186831c,0.069183
VirusShare_66070acd1a897dd29632da3c335e199f,0.975277
VirusShare_ed29dcde8768f1e4c759486140c338cd,0.448869
VirusShare_44d3945eed22fb9ddf5847003256f78f,0.974925
VirusShare_6c295c9bad381329657623bc877935ce,0.051622
VirusShare_646381999a3f978ddd2f75e7932dc7b8,0.272292
VirusShare_247e45a604f8fcb487d9be64eeb5607e,0.397092
VirusShare_501e46ccf415a04907ffc9149831bca5,0.076808
VirusShare_5503fa637a525b321ffa97eda7f08524,0.062145
VirusShare_09a36354506557d69b58cbc4f27655a9,0.975152
VirusShare_637f6419e1852126c8e81dde639ba360,0.088153
VirusShare_a97bc946be4523289bf0c9a1ac361297,0.166861
VirusShare_9d8862999440909c1cdd139ee7677a03,0.916842
VirusShare_e52d2810f6407d8296f588458a357a6e,0.791368
VirusShare_2519f8c3f593f8c354f53af6b38e81f6,0.411656
VirusShare_7807d22bf7810116f6c68e26b1e882b1,0.848629
VirusShare_f8f8ca85761e800d5e219439858374e3,0.952915
VirusShare_e0f8303a4c6971ed15bf9fd0a53e66ac,0.57529
VirusShare_8b64ae4b6f1b9f93fdcb0f09b86a5536,0.062132
VirusShare_fca56cb46c6befff0b988c428f34d45f,0.954727
VirusShare_4ccc302ebe77d0854824eaa806f2b5d7,0.565554
VirusShare_c7f5efbf3ea2421379db02054ea4d373,0.892358
VirusShare_97080b1178e3b86e650a063526b9c5d7,0.062506
VirusShare_40d4a2556e43eac71a9e7ce1d4a76fe6,0.062752
VirusShare_02e961371bcb4ed9ac9425e2a67751ce,0.039468
VirusShare_c7a355ea3c1ca8b5ace3258ce4c21f9b,0.066828
VirusShare_5f3d0aef05c1bef8561e1ba3463a4618,0.399279
VirusShare_e6e9b0f91c0c57dad1bcbfc97940759d,0.073449
VirusShare_0fcea37a82f9afd8d45abe153d5c1cb9,0.269948
VirusShare_dc7044f273b0a161279ddce8c5dff0a7,0.295048
VirusShare_a718b7f663c70acdda46f65f2fceba56,0.855848
VirusShare_72595a85b26af149529e59295cd4488d,0.94415
VirusShare_ba0825073de79d94a70f507533d3a962,0.956404
VirusShare_c5b8a1ba94e7b62d7dc25bc8c1d318d5,0.975582
VirusShare_0067326556f9ffa38998657719d5fb26,0.777065
VirusShare_cbf8d3ca939ab057b645e60cb138a9b7,0.068357
VirusShare_f54094bd7d75588ed7800df383e5423b,0.062808
VirusShare_40e23bb233b3b31645c0c735b923fab3,0.166638
VirusShare_04d18e97e06e2280ee3ed42a3a5651bf,0.061834
VirusShare_db56df706e91ef21842df4421ce73da0,0.956315
VirusShare_a6cac081da76ae411e47a2be36e97366,0.36412
VirusShare_94caa9202892f70f39fc3b38126c6185,0.118591
VirusShare_2f27722decd0d9219050b90016339c43,0.039459
VirusShare_601910b756f3b11ca957f36483ba2b5e,0.488608
VirusShare_659a67c0650fe5558a7b018af4daa9a6,0.503033
VirusShare_2631721ddfaaaf4a6d1e6c14d2ae2f43,0.917403
VirusShare_c14bec8cd272e8126fae86aff4833ceb,0.713639
VirusShare_9f82eef715f73ac43cda2d2be75cc1b2,0.934009
VirusShare_f3f9d20c1727bea325f45f9fbb73079a,0.355984
VirusShare_93a64681a9d44fa02841c55dee88594c,0.956263
VirusShare_e5da1fe6fe1dc3770dfceca2988903a0,0.062132
VirusShare_7ae73be01b7298cb600acd155df5a234,0.70901
VirusShare_3adbfbbd1c09615c82a79db56da48ec0,0.076596
VirusShare_513b28f06442fdcca470b1b44d18cc0d,0.039459
VirusShare_45323022c734585feca8744a6ea87d91,0.058038
VirusShare_d47c00ae5e99347bbac2126aa8111f22,0.212631
VirusShare_e6726615250b6402990606cb9c2209b5,0.208424
VirusShare_d257108a969f1183b34cdadf9c5bfad1,0.126099
VirusShare_11e25596e457fff9eb54dbd595b0bc6f,0.975092
VirusShare_9275cda493d7f7219421813d216322a6,0.201587
VirusShare_590741c0b56fb36b8605391a9364670c,0.055652
VirusShare_933d5a41f7928ad396ad216c07214e45,0.206004
VirusShare_df619542f6df449d949f91b6f85665f6,0.506143
VirusShare_1fc4dabeaeac6daa137343567a14799a,0.554625
VirusShare_e0297f7c97b983c196c70ab1302870ee,0.094869
VirusShare_8cefd641462ec2b6058d912907966a60,0.956265
VirusShare_22cc1b87cb68eb838e0cbdc9e16d61f9,0.077344
VirusShare_edd45b81562def9b899ad5bb4f0931d5,0.193157
VirusShare_000333df14faf4f85abff630bdc3a032,0.940743
VirusShare_23f9f91a134cf1d9005391105faa3c29,0.072366
VirusShare_f8883a0265eea6371a19e79ad852c430,0.378565
VirusShare_9be246c14684983a38224452dd79e1f8,0.063683
VirusShare_8aa8eae796104d4990dd8a6889682140,0.107369
VirusShare_c67fa99dd497dfcf0e0a84ec86b0467e,0.062267
VirusShare_f9b5ba9485547e564af57929fa9c56f9,0.840026
VirusShare_e8753bb5ff9f4a81ee5ec8120d9eb017,0.934008
VirusShare_043a89156c1b72127d468d509487b66f,0.188926
VirusShare_2be335fc456fffac288ca4f09b8907eb,0.48294
VirusShare_75c4dcd97d040f814f56c6b945b804b3,0.538242
VirusShare_c94fcdb866e1e3a9af205bd27664d492,0.952774
VirusShare_7dfd2de11209ea4c46c9f9871d5ac644,0.38032
VirusShare_35370892bea49137ac3c08f8998bb9ff,0.782984
VirusShare_63ef7dcbb429b2b0a3d99eb5d0afa939,0.180791
VirusShare_0ede966c1770ee3b1f75073f5f4ae022,0.258832
VirusShare_0408d267cbb6ecdac2c9ce06d6cddcc1,0.911526
VirusShare_da134e910f12ccf8f26ffe4c49244962,0.072366
VirusShare_32e2dd905e1a74b7ee7430d534fec0a6,0.2228
VirusShare_c64d822d1f5c598868fd589be19fd283,0.04695
VirusShare_eee4db00edb4207fdd8f903b5ba84e90,0.956318
VirusShare_5f6431811698c8d9640a15327265cfed,0.974408
VirusShare_f5936934ff667f9ea50c08187c00d194,0.213154
VirusShare_fbcc05c7f4a02e691ab7efcd66cf3918,0.062561
VirusShare_f8512f6dd51cf128a61a4a17a0f92b60,0.942754
VirusShare_347683d0bd393fb9f0facade3153b050,0.077808
VirusShare_ea51c817f52e5a7526122a10a8c8c5ef,0.332047
VirusShare_fdd7f38611ef06672d2775c5ba7a1832,0.636394
VirusShare_fe4377773a93bd8fc4ae196bdb9ca281,0.972797
VirusShare_52a53b78bed1636d09e744dd1179be56,0.067105
VirusShare_89804ed515e2e464fa429883f3556e7c,0.102922
VirusShare_4b6b4740cd341832ed82ce0291dae067,0.951508
VirusShare_d6d0ec88c1b96c68f2fc1b918d71733b,0.072897
VirusShare_e5f36fb351e8861eee27829fd1c17dd3,0.062414
VirusShare_9426fc850a62a8c668645ff60fb64ff7,0.712389
VirusShare_2964279f69b02a4adbd5caa612fe4442,0.062234
VirusShare_fb4735cde844979d5c6135209e0af5c6,0.938057
VirusShare_74f0a558023ce9f1abd783e5607a855e,0.158954
VirusShare_637c9c3125a719e1d33012dd742e7fde,0.956315
VirusShare_a839e498000a47871123aa1c1f92b41f,0.08126
VirusShare_c1460f34da8f13219f24b86c51f26343,0.07657
VirusShare_ea47877f5cc0bd4440b8987a5b16e13c,0.090024
VirusShare_c922041b69d35a08c16829ccafeeaa22,0.677379
VirusShare_f38396702ce23707943669a847be558c,0.226387
VirusShare_134d8d64ec1764832be1b811f0a2e4f7,0.975559
VirusShare_834e05af27bfe0fcdb045a226d37196d,0.246264
VirusShare_08ebf62926ada432a9153fb149cf2600,0.588005
VirusShare_1ab42de12a10cb3ef2be88ab2ef1a9b4,0.957586
VirusShare_29a0ff2441d2087409cb65657e8c32ed,0.062211
VirusShare_166adf935e191ff2f086b2a12e0c5455,0.047057
VirusShare_03af914320161e532af7b08a922c84ce,0.661874
VirusShare_8fb22c59398b952a2ab406e3f4304013,0.064373
VirusShare_4066cdf4fd6c449bb3d322b05b950712,0.072366
VirusShare_1646800bf2636d9657dd18c2ff6c14c3,0.053684
VirusShare_03f6e596a5a8e7c44cd51e4de23b5dc9,0.942477
VirusShare_d3b82693b74a4f34179d420f2758561c,0.072366
VirusShare_bf701d542de18ee3b762b70caeed0b9f,0.422577
VirusShare_a39abadac0c1efadf32853a68352b595,0.370757
VirusShare_fb3f9b239d59001f5e2fdd679ca5fb52,0.419179
VirusShare_00b971d443106183dbe2308cff654e3c,0.427052
VirusShare_bbd1ca9ac8db2ec812d6680ba3077600,0.914243
VirusShare_19f613282c4a697d3c7fcdd550fbb255,0.088454
VirusShare_b7467ad228baadcf52024e87e376d015,0.973388
VirusShare_32c4598909aae6223e438cfd5e22b5d9,0.107321
VirusShare_375fdb4ca63005b3996331ce5dda0638,0.06379
VirusShare_5193bfdb36d398a7f71c1145c969060a,0.879886
VirusShare_eed58826edd5d2a35e0b6ac4c52215d9,0.219081
VirusShare_b4be1ab59dfc8fb15e8fac550a0c5fa9,0.146687
VirusShare_9d4b248b9355f43d726b08dbd4d5d34e,0.952772
VirusShare_be560b37b5862c245f51d132ac16bb59,0.05053
VirusShare_faef0d9b3560bc75a0bb3d6b5b8e7415,0.61719
VirusShare_7f29a23e6c7603b28b5aa8e809a65869,0.205849
VirusShare_18f19f0bd17ae9c6462802e5dc9218b8,0.371562
VirusShare_8299c260bda82a0560f56414c86dd369,0.233455
VirusShare_420ed511278a374a5a87bd3d10f80650,0.917512
VirusShare_68dc95576f1ac1bd38ab1b658d66b1d0,0.788363
VirusShare_0644dbb4286fc5ac63284ebbf25c44d6,0.15967
VirusShare_df23f2ee20fe4d3c636f88a6d112078b,0.185109
VirusShare_c1e6b19ca37b52ee140b8a4e185397e7,0.814609
VirusShare_b9950d55b49c8348f4bddcc8c6be77df,0.057961
VirusShare_7365fe55e79a828d01880916fcb8bfbf,0.155905
VirusShare_9b2efc699636e7f77334f9df74fef46e,0.269884
VirusShare_337c67cbb2f55644c02ede3788d166a9,0.862507
VirusShare_bd3c7e83dc5c8db8c398f50faf69824e,0.952959
VirusShare_96d013151ba6ef3bdfa731fb5ca828cb,0.10726
VirusShare_96613eec069258b206424665e4e5031a,0.039468
VirusShare_4678c2ca55557021c0bcc607ef03db87,0.927422
VirusShare_96501d60083cf25f3d87fbeedbcc4237,0.343701
VirusShare_b54a96e40b86f3af78bad24e9e3cf579,0.956404
VirusShare_822591641c9d6d7cd6a12037c6b418d6,0.952774
VirusShare_c9047f8f9fa69377c60b45b57df19f7e,0.955672
VirusShare_5cec76e52858e449fd6a446b1a38b366,0.941535
VirusShare_e3b9f58497daa4345aa23a8cf378711b,0.118345
VirusShare_2d0e24946223b72a9c3008fcdbf11afe,0.048809
VirusShare_b4eba6cd6a8e2abccb9af78c8f5819bb,0.05053
VirusShare_24a2d085010cb5137a51f5669c3fddfc,0.22078
VirusShare_8ce504655a0c3e3576d63378be9afd42,0.971244
VirusShare_920e6c30ad786494a271a754db96a703,0.086502
VirusShare_3753c70d97fe1fd3e143d312e6c35b6a,0.066984
VirusShare_994d383c39a3f2343bcacdf65c4418da,0.07794
VirusShare_b5f2049cce55c465bb3c4ed1ea424960,0.910962
VirusShare_6fde838f47b7043b7c6ac89fbef7607f,0.190593
VirusShare_41ab297330af5a646c568a97ce967ae3,0.17367
VirusShare_cab129bebe44a8b9c3af7a546601e2fd,0.652185
VirusShare_a4ef09bdc38aa4e4ac53270985abb7e7,0.956372
VirusShare_d51ce3867cd86e3b14f93e86a7952593,0.159662
VirusShare_7f870577144e05691306f8074880fc1c,0.268823
VirusShare_16ac2eddeeacc44e1fd1af16a304d25a,0.886157
VirusShare_5f308763b2f002210cce1ec5b636b3e7,0.050588
VirusShare_71322ed7cb30a2d84b5594707892c18b,0.373018
VirusShare_5f64f2c583d889b525cec674f5c7bd43,0.178398
VirusShare_b69c9d8453a5cf2fe24baf17a15bc13f,0.070417
VirusShare_ca85cc2e71428219740e05fab892067e,0.112653
VirusShare_db9a024b6429474666d728954fbc6794,0.064121
VirusShare_77521cd1f25cc77c0025b921708022ae,0.146368
VirusShare_493b065a82831e28d0475b2002a7552f,0.811022
VirusShare_0a5436a0b32eec5c3b0c1e4f1ada9f00,0.050321
VirusShare_bb3067f7e3501dfc843cd11aaf078e3e,0.718891
VirusShare_ff9601a8ce794092331d5f2a6e385e6b,0.062641
VirusShare_35ca2ad2f04a88da06917dfa584b6c43,0.906938
VirusShare_0aa3e61aad979d056543ca3c268df3a2,0.065946
VirusShare_a5cf7e055a8cad12d683c7dd90a49a00,0.863671
VirusShare_e901d2ea0fe1c2aa4403d1f437a944d0,0.224765
VirusShare_121a6914b86cfc9ca8d12864cba4da75,0.450903
VirusShare_a791c235a0f3087b71215dc29c5ea91a,0.426635
VirusShare_ace484638168f0e69290d3eaed453ad7,0.178599
VirusShare_2cf48f96bd69a977d81f8b83b2c549a3,0.048271
VirusShare_dfa686b3414ad31a91bb0dc150c05126,0.402806
VirusShare_fe4e7e5c099606f46fdc6b59fb746d38,0.049273
VirusShare_8a281c1c9f37d295c6862306e7ea41c9,0.039468
VirusShare_5211307f3778c69a539883160b5364c2,0.975488
VirusShare_24d95591872ecbe546994c1b82149bad,0.720504
VirusShare_afdc943511f1bfd47d8b9d334bd9a7a6,0.071721
VirusShare_4553b8cd3e1cdf2254a40a03e045ea9d,0.896078
VirusShare_d35709ecbdca495899c11676b1776e79,0.130294
VirusShare_951d7037043e1ae3a90e13b632719d4b,0.777645
VirusShare_0ee181276f952e9acf8439d0bfb97f21,0.145086
VirusShare_8cdd7f15270fe8305ec32f250b83b68b,0.596925
VirusShare_b217b96d515c10b7b92c314306b95314,0.051359
VirusShare_4ea72eb8d1857f471afd0e8806d5f612,0.975289
VirusShare_b5e44c0d9eec0957fc305bfd5d49f29f,0.046463
VirusShare_f76dc131e9fecc386646523edd9e1cf9,0.810694
VirusShare_8eb63648ca09e42d089fe2c953b4970f,0.315356
VirusShare_de732910399ccb91460ff0cc8edf4ac6,0.048329
VirusShare_8fcd217b73bb88139e1be36e1c0cf990,0.974834
VirusShare_9d6153d2329e61482301fca49a77ac15,0.461155
VirusShare_786bdb27f2eca2315e8c36302630dab8,0.121555
VirusShare_70c7b7b3f7fe26ecfe0234ffc19207d3,0.089287
VirusShare_4e197c94ba69ec0969bd1945a2f3955e,0.639594
VirusShare_70f634c6c5b29c2a593dc08f5fadc84d,0.274844
VirusShare_7a0c58f6e58014e2c8ca839f0d93f1e6,0.060595
VirusShare_6a1af1f6688414627cf0460ccebb8672,0.808489
VirusShare_93e046e1a333fa84a543b5e87e365157,0.975165
VirusShare_0b3d9d8db21716f7715b1a3a79137f49,0.046416
VirusShare_cae68f0530f57786550923b5371fc01b,0.975017
VirusShare_18e84d4c864628e2d1c0cd6d904f1352,0.060418
VirusShare_d7046473f86e409576f974d932979f02,0.230945
VirusShare_a37dd5a562af99bca2eecb1963c5d369,0.276375
VirusShare_3a6c0da8b508b8c526359a055c7241fc,0.038725
VirusShare_7b2ca57010e63203f30a831a65c93a61,0.940245
VirusShare_ed2a03c50147d5f06217631de501f306,0.060395
VirusShare_964d0e05f4e165d7903f918a540bd8f3,0.843278
VirusShare_bac399a9ab7ca88928a20114553c552b,0.878524
VirusShare_d6649bf16451738cb0f12e258c08275c,0.900112
VirusShare_080ab33d36421ae856d7e2115b853543,0.07678
VirusShare_a59f068914f4f891d2efa7332926889e,0.405451
VirusShare_e0b001422e9c8a661b7c06e7c8a5f243,0.668501
VirusShare_4000c4407d715f59df12c139bfe1b8f6,0.340294
VirusShare_f33c2f75137f91b655a8cb040f4e4fa5,0.090253
VirusShare_0c98d43a940ad2c6b2d20d7302ab7ff6,0.072016
VirusShare_d6c4a6753b72bdc3cb6406de583669de,0.300109
VirusShare_943fadc9030670cfe19e204dd087e6d8,0.056259
VirusShare_dedfaa24909d03522a814068f9c00d5d,0.941996
VirusShare_ee35ccf2ac7f55589889a101fc58270f,0.818765
VirusShare_31a6507e2c72c0bbe362f3a17de25acc,0.312137
VirusShare_99915e47b27684da5120fc3cd26c43d2,0.843278
VirusShare_8e3127f673dfc50d363ea23d8306cf84,0.954366
VirusShare_74663ca1a11c996a6b90ecac1b285efc,0.876081
VirusShare_384fc2876fe857e417eccc696bbb7abb,0.954361
VirusShare_0812325876a83ab88ecd32f77492499d,0.125743
VirusShare_4664dc959bd36db211b02fa28a97307a,0.179199
VirusShare_aa6ee8650604eeec9a1d7ebd432f3c91,0.953463
VirusShare_db750dc86132190574d1858017b5927c,0.058492
VirusShare_f1524832394b9c2a033e7e6406f1154f,0.051075
VirusShare_844abc94db39d648633fa5ddd5039995,0.045628
VirusShare_94be620678bb75a6b110038b98b94d8c,0.049629
VirusShare_21ffee44c3defba41f685b50e9f77e98,0.872486
VirusShare_33719476de8933156346817ad5351260,0.675006
VirusShare_5035b94bbdb1d966107b9e61a1d03db7,0.954366
VirusShare_49275ac53455c789bb1a2fcf349c0cfc,0.061695
VirusShare_1fbaa6d8e77f39d97104d3e356e1c93e,0.103232
VirusShare_9d0b42a75c14e5cfeca90ed90afe552b,0.060595
VirusShare_f63b379b72ef45a654bc3ea43abf1a5d,0.166632
VirusShare_88e05de82035a99c327af5e7d0d9ecdd,0.05443
VirusShare_b870a5c7da7455325ab3e8341a040694,0.760106
VirusShare_893d80af8aeb6e64b7441cbc3f2a0993,0.249061
VirusShare_2c75a4ca8e9128d1d6c1e23ab1703f01,0.066772
VirusShare_d2a07d33ab9cdf7589e3e15511841bfc,0.0526
VirusShare_a99f89720177d504de56fc51af9ba5d4,0.909423
VirusShare_962362d15331bf592ab6af0e95ddcb0e,0.038732
VirusShare_59d25978b0344a4b107a8b8ba1119164,0.974534
VirusShare_17584448f9b67f3535b82bee7975b288,0.081494
VirusShare_b086bac54f504db606b06dde8d0b440d,0.221975
VirusShare_54eadf477f589c443cdb1581ee36000e,0.481534
VirusShare_0e6146b8f2d7110d1a53b834a5c1a3bf,0.058822
VirusShare_7a31a2743fd46eaac57e0facfa4cc550,0.604432
VirusShare_5458eb73040af97a3e20351b116a66e9,0.973488
VirusShare_5cd7a018b23b06308b888e11e1debe2d,0.098366
VirusShare_3e3b69c343b47e262445aba93a91dce7,0.227526
VirusShare_ccd444d4086acc5eb099a3e0078f4678,0.27405
VirusShare_44117b42db8ac51eaa644a31fb554c5c,0.95284
VirusShare_b630c13cff25b1459d80c0bff20643fc,0.049138
VirusShare_3da34a9acf96d5dda55dc3af47db1146,0.659715
VirusShare_00204750e4a30f8ecb528550a05dd6d7,0.102842
VirusShare_446637e3ae69f3bc221b8be9c410f3b5,0.947761
VirusShare_83d6677dfbdcf97c1c6b82897641976f,0.055917
VirusShare_71798495fc31c4075f7f84a6bff290e4,0.814134
VirusShare_6ad9ed078b0f9b720520bbbb0e74c12a,0.080716
VirusShare_7b4a6f454b7e5f51f1b931f388ab7acb,0.234461
VirusShare_dd231c52030321a312540beb67d17ea9,0.872968
VirusShare_1903f140ef8a4478c2a386bd6cf41058,0.103345
VirusShare_59d8e9d863a7c44ec2892f776fe322ab,0.174837
VirusShare_54bf81a86dcec7bf93bb77bb60508b06,0.058713
VirusShare_ef695cae27179d22689464389af8ccec,0.975371
VirusShare_569f26b516a035df400dfcc959aa1625,0.64341
VirusShare_7631edfc367637a0f0a3157ab99e174c,0.975413
VirusShare_481b2b994ca94eb5bcc5218232b87831,0.91027
VirusShare_28f7aee5ce825373cfc0665f1fe422f6,0.138947
VirusShare_2822982c3b49b0d5cfd8998d4213804d,0.537148
VirusShare_b5a71491ae73f8245440c51a36a8fba1,0.606916
VirusShare_c35f343c84de557c9342f53285384241,0.060395
VirusShare_5cbc2f1de4a64465eda78096a102180c,0.046348
VirusShare_207e44501a6d3670e937da6ae96db2ad,0.12527
VirusShare_ed4802d1dd9e0f1f1a482df99b50e2e6,0.051337
VirusShare_dcf6925eab3771f8f419d70359936966,0.956054
VirusShare_7133c88bccff8b4b1f4d62da41011987,0.325185
VirusShare_f6fa5b355b8c2d2ca8b1f0c90216e189,0.445099
VirusShare_837ebfcab6c37cae0a037fcc123590a2,0.137326
VirusShare_d3022513804ba8ed20305f0235717f9f,0.801601
VirusShare_26d26b9ec0fd6fb54daffcc59a0c06b6,0.051092
VirusShare_c874b0c02b90002f990b2eb913ae4c4a,0.044878
VirusShare_2c04f573b5167bf3379583ed2329344b,0.103672
VirusShare_a134ea024ddeae789bb28fcfaef5c9c8,0.149065
VirusShare_e004a3a6d99cafc0b6611ad200935c04,0.571325
VirusShare_87b11af6197e89a99bc89d1569670e1c,0.933874
VirusShare_94e975adfa0754f1c58d4245363644b6,0.975349
VirusShare_24856092cf8647e938815ab78e278652,0.957763
VirusShare_8c02034958ae86a8d8b42fa5545561a7,0.961497
VirusShare_74855eada27009f75cc0c97de755f4bc,0.62795
VirusShare_c71c460953b81af3062a1c4417ede4c5,0.975172
VirusShare_892b4736a9ca2740774dbf9d900de970,0.150351
VirusShare_cc350161b58a017e09a9a50288ae3fc5,0.316701
VirusShare_e1cdae9fdd38fe5ed25f1d6566153e50,0.576875
VirusShare_cc3b09f668c34fa211c02241826f956e,0.975131
VirusShare_f7b16644c72e3d86725643d2a66969dc,0.078947
VirusShare_dc2f82d4911245ee7616d4419f44484b,0.138981
VirusShare_c6e20ef043876b45c12220787df938b5,0.959841
VirusShare_56d7e12e4701308b5317189a2da06a3c,0.08361
VirusShare_3ef86340e02cb95d059e6d4a71353bb1,0.975381
VirusShare_996839dda9cfa173e8ead82f9c8a057c,0.974376
VirusShare_140713b8101c889df514187c1969083a,0.099333
VirusShare_4808de1c106556183ecdf94935909ed5,0.956054
VirusShare_5f945954c872a078a296e842ac7b55ce,0.06842
VirusShare_f226f4c71bacea806ddbfdc6d306d731,0.777255
VirusShare_68e6b7d98b6420e061e824f503521e8b,0.231299
VirusShare_d32c07f78a2d47bd5b916231eae4e322,0.743184
VirusShare_2bc2e2a95cf8d7633ac54f5c3643e67a,0.695209
VirusShare_e55782b2fe9daf4ca37f0bc6b909e0d0,0.266026
VirusShare_b173c1c9ca617c4b8564de9679068717,0.959797
VirusShare_6d32996be4d2775e256ffa4e79db6307,0.874685
VirusShare_42ef65d8fdf84aab7a9fc152f363a07e,0.068127
VirusShare_3091c7b0a02b6ec14a650e3a7f59546b,0.831616
VirusShare_320bf266728081e64167a2b48e366175,0.059975
VirusShare_2587dcc00649b5a2e97a2d9e936dc103,0.945217
VirusShare_d60ce57bb64828e005085752890f8821,0.558151
VirusShare_4dad2c5f0db2d80db7df461930ad8ddb,0.76957
VirusShare_2a25b23bad5b861c91f6a40c6e093857,0.929339
VirusShare_a4a6d0991574dde687ab2645fb8e2e33,0.073679
VirusShare_a9c561b9dd2cbd4607153b84005b739f,0.956052
VirusShare_5824addc5cace9168fb18810a557998d,0.933147
VirusShare_4bdced0b9013a00257126e0bc82865f8,0.365096
VirusShare_38ad02cae015e2d85c00625e0631aa75,0.922353
VirusShare_f5c63d05a6af074c97f19399e7411cdf,0.794887
VirusShare_322375f04d080ddfbfcb26c1bff4a884,0.083346
VirusShare_68e419a44503b5d1b529e6ae2afcb0c3,0.434974
VirusShare_f6d91d0d830f0deac31680f681743d43,0.949612
VirusShare_1ba78cc61dcd5a846639762fb954d1de,0.492016
VirusShare_7950b232da88b12a0af81d888feb1032,0.465162
VirusShare_86fd0475d126ca714f3a2c5c2c4376cf,0.974783
VirusShare_86dc1242f427ff2b3d597e5d4e8a60bf,0.059474
VirusShare_f31cde8973df6ea521b90fdf8227374e,0.080886
VirusShare_53a45c691bc714650f286ee6f3409335,0.975066
VirusShare_7f5cd2d703d880b581bb77dd87007949,0.975389
VirusShare_0c2e399dc76c6cbd8b886f606adf75f1,0.955981
VirusShare_40e92eed4260eecb73ba96b7922883ea,0.130549
VirusShare_a311cef429085f54e95b32fd836c56b6,0.698198
VirusShare_1c65424b6e836ce43581571c11de74c8,0.720987
VirusShare_f66adf68cf7627fbacb11202c306da32,0.047496
VirusShare_08022f467a680bb344c1a1f0df824072,0.177393
VirusShare_1e314a2b2315a0b42aa6ed8be8dedcb9,0.954362
VirusShare_d714cf737608816639a6aad7f91954a2,0.44421
VirusShare_cc9a20da01c7477b76bc35e09c5bd83f,0.048941
VirusShare_eb25477afa75178c83a5ca78781192b3,0.071585
VirusShare_5b8a888c99c047feb2a2fb858a02dae9,0.103672
VirusShare_03a9271c12558388bce7e27db4980912,0.060209
VirusShare_3f7f453489af5355c185ef7f7b3206ee,0.292157
VirusShare_7f6ff6cab40283e143efad48cda98926,0.913697
VirusShare_74cc6b0b0468a76f5b0b76333d7049b1,0.973965
VirusShare_f2daea1be217ae3816a0fa7075a804e3,0.926942
VirusShare_d96a8c2449127d56cb5dc83ca8bf5edf,0.942977
VirusShare_b8950a4f240cb0a7da1eb0d3b6b94108,0.923146
VirusShare_840db84766920d7fd1b224016937e720,0.051245
VirusShare_94d2cf2f17f06c6cf7c44cb87546e216,0.066115
VirusShare_4224bce4e5304c612d50b28e8ed80c98,0.060428
VirusShare_3f9d044f59dc41d5a3b9eaca1b7d71d1,0.376027
VirusShare_f3842c23d32cece01794e1b1aef1ce1e,0.144747
VirusShare_22a6c59355d7d613585abdbc4fcf0b0d,0.182268
VirusShare_9f5e4dd68048763da3457d6b57e7903a,0.03874
VirusShare_b62ddc86a2c3ff81c34542e9e528184a,0.047124
VirusShare_767836d0878088422d5a1516fdb37b19,0.045711
VirusShare_9b74c0892e6e693f0570c2c666eb8fbd,0.068766
VirusShare_78a6182cce172beb6bb9d3179c64e3e6,0.537067
VirusShare_0d6c5472bd7691fe13aec44661cafb3e,0.071172
VirusShare_1ef8793a838ddc1dfafdee6d21acf9c9,0.524376
VirusShare_853c541a723faeaf90430d923c1c24e2,0.078154
VirusShare_ea5c1748335b7603e69c8ad3f4c87c63,0.060486
VirusShare_92ff8f7b1492243b799f25a880b53bdd,0.185294
VirusShare_8d491e642b1402ee5bf8d1417c437da1,0.427798
VirusShare_5d057cb63ba17e5d85f284679e317193,0.080791
VirusShare_aecbe16a40ed87165e22d673ec6091dc,0.954366
VirusShare_54a19b1e7141289215c549619c8e5813,0.119168
VirusShare_b43eb0aec4f1f363d28c565dc19db5b2,0.264084
VirusShare_0cdd8001f3794d9e64d51ee12aad9fc0,0.103789
VirusShare_b63cec1d2a370c53e8695b781bea13e3,0.051092
VirusShare_3e2c09542e0f1d51896694ed1f43db8d,0.513359
VirusShare_c34d28f150518db8344ba239556a6e09,0.273759
VirusShare_0b67ac0990d752e223ca531d2064e7fe,0.975124
VirusShare_e3ba096857998aad452f48e71da3d540,0.106374
VirusShare_62f1433e9d51e52823cf55b649cbc947,0.076825
VirusShare_9defa0c85cb54ab587776a400801f134,0.113521
VirusShare_4a3b5b8c4d1df109445b02502bf34c4e,0.112314
VirusShare_e57ee416c10b2337300d81e570fb7746,0.598019
VirusShare_e40e72397ca7e7b466cdcc68c0fe23bd,0.960649
VirusShare_b6c8c8153cb8e10f0f1a68e013f38ea9,0.047496
VirusShare_8281638d2be1d943df581bcc9aab6662,0.038741
VirusShare_e8831f18a0e2863803811c7ea8f9a976,0.071594
VirusShare_dadebc95afcc9f841b12ab76cbd248eb,0.062676
VirusShare_184d122b490b7ddd40bb242632966c12,0.904637
VirusShare_25e4cd4767008c2e101eeb551fb4a83d,0.064706
VirusShare_536a6619114f3d2cdf554524c1f785d1,0.079326
VirusShare_3c841bf17637cc4dd3f9b30853f595e8,0.058822
VirusShare_ffc31107ce9b16a3fa1da593605a10b9,0.143555
VirusShare_91e55b4071c1f2a3c072c8bc5a3036ac,0.597062
VirusShare_9cbc2de2471ae5513c682e21419f41a1,0.082096
VirusShare_ab0b69985bba4e1f4358e9fe032859e9,0.049438
VirusShare_d3161e7ac50ff18455ebb524f9d06ed5,0.974809
VirusShare_bb11468d546fa38ad89a7a50cfc7f0b4,0.059258
VirusShare_6c3eca736c22efe130ddfa7cdcb6590c,0.235155
VirusShare_b7d0545491a47ce2019eca557824d40d,0.949146
VirusShare_4338aca68fbaab846ec6345a7b85c15c,0.12633
VirusShare_d81bd1c9ab72632d426a01b249db741a,0.051245
VirusShare_cb646f0bc8fc317b6d3ea689ab63cc87,0.051092
VirusShare_729dead155bef95befcd73be2f2c7832,0.94168
VirusShare_b8883ad317d0672f3c5ac91085b2adcf,0.909149
VirusShare_d3dc3bc3dc7348e84ee2e39a7163e0d5,0.051245
VirusShare_ec9e38bb960441b3efa806dd586d1eba,0.784051
VirusShare_7ff46bf932126dfe04f553b0a36c9031,0.163865
VirusShare_be598de072ff826ae40ea78fae5fba20,0.051363
VirusShare_1dc475c7085bb4fee14f3d4aff411491,0.785001
VirusShare_f3ce1161011b4fbacf42283dc6eba006,0.103672
VirusShare_c9ab60b732ee4f316432627a88a449f2,0.064706
VirusShare_daefb23c9bbfa2849fa16a970fe4f7fb,0.818013
VirusShare_cb9917ea86f54dd279ed8b88b4d574a9,0.044382
VirusShare_25dcca7ba18502a82e107348ed23e450,0.522785
VirusShare_ba3cfdef9b5e6956ce97607c4079fba0,0.333238
VirusShare_53130039ca4afcdeea2f4195f9736860,0.080463
VirusShare_9f7e7b52d3fd047c133d7b2473be4821,0.928228
VirusShare_ef8f0ca5552195ff2321f850463e76ee,0.952653
VirusShare_797c7735fd7ddd10c3480324b2206e84,0.508869
VirusShare_ca207d8a49e6d45bb0c3ba748ed7f4c1,0.188534
VirusShare_dd572c390efbed34938d93dccece0b14,0.644041
VirusShare_ac248a316e5a95ad8eda363ad9d6bfdd,0.974937
VirusShare_763f49b886470aca855818c2bafe808f,0.928338
VirusShare_c33b5ccf806c89c4306104ac78aa1479,0.155839
VirusShare_387db77de76a32a088678e9ab4c03c13,0.046329
VirusShare_f13cd914c7bcf81d150d27d81ae55c7b,0.101919
VirusShare_29c8f679bb61068ca272d9e86106a1eb,0.83814
VirusShare_9273fd041c614dcc2258b7e77b783985,0.162849
VirusShare_a944449e7ad936e008170d10610b8421,0.081755
VirusShare_02f3d9234c171ac5a138125f3dcf5139,0.975294
VirusShare_c94bb06217dde8ded7cbe17755547294,0.07941
VirusShare_e1cbf7419f3324c49c2776af5621f442,0.182173
VirusShare_26246acf2e2ba55998c115969b741375,0.082958
VirusShare_0036765d62a5d3711c0a4f55bf7d72d9,0.077007
VirusShare_c0ee3e6e901bebf00dc5d1e76fecac35,0.42746
VirusShare_26f84401ade2c8914999b77bad3fd235,0.938992
VirusShare_2e0dac4a41d3535c29f43d855e16c39d,0.789642
VirusShare_beec59cd988d84c6657bde63a34acac7,0.975288
VirusShare_8e57cc0cc1c059871ead63f4a31f3634,0.97537
VirusShare_6004c8bebcf5c84ffbc6eec9cbceffd3,0.7188
VirusShare_05e804b823fb19ddf915a82f298ff8a7,0.071914
VirusShare_f33e17258fd99b5a3b0f32dd122d9164,0.956055
VirusShare_3fa7ca9ab0196c759e732d41f01b378b,0.080139
VirusShare_5eeab2ba0e0135ec4c65b4f35b262562,0.275824
VirusShare_42de343b8d2dc748041c1e8c9e9f9d3b,0.064823
VirusShare_f20ff7a13477df683189008fdaa6c9bb,0.284423
VirusShare_19bd25119083bd7538bd2b5d166ab269,0.060501
VirusShare_165fc303f9cfffd17fab03ce2e3bfb86,0.915755
VirusShare_eb9b66822fcc40eef2946119bebd0642,0.361388
VirusShare_e65c9b49948b626e7700355f3b798c4f,0.975372
VirusShare_335db6cd214779ac1353ce0b4f2f6f48,0.88825
VirusShare_5f1ed86293648dd785affb2eaeaa9103,0.092154
VirusShare_4a3a9b54a5895aeaa117252ae2a3df21,0.188339
VirusShare_596dcefcbcca821729b88baf30a6d0ae,0.060358
VirusShare_b09e978b9f66e1352618761d41b9993e,0.535786
VirusShare_8a0044d90db85df6066fa68c9c1a3a28,0.047496
VirusShare_32b2e98ea4dde2e80dbfa5f858a6c9db,0.071585
VirusShare_8f1caa757db365930903b24cd2225d72,0.071172
VirusShare_5dde96f96a8a33e185c0c61757fe55ad,0.246173
VirusShare_a906aec0f16c945fa262df76870b60d6,0.512554
VirusShare_6ebc56bb70ec64bfa6fb60340ef6cf2b,0.956052
VirusShare_b2bada50288afc166894ac53d2f27ec4,0.55328
VirusShare_08e4f86ffd8080d4a43dee01063242c9,0.974807
VirusShare_85c6ed98d858cbedee8a80d38e5599d4,0.08713
VirusShare_548bb844719690ff2bb058519a98b8fb,0.058387
VirusShare_cd5eb68dc70133b9c5b5221cdbb03fbe,0.307527
VirusShare_908b846f44e2edbec5049700c8c7e5f6,0.883003
VirusShare_0350a4db0eba4dd22680da8ff5201a6b,0.954376
VirusShare_8adc6e8f063daf91c0f5a1d6ea94e793,0.477413
VirusShare_cc9d6f34cbe629c8fac8a7a5342a874a,0.0526
VirusShare_ba2566421e1bbd588fde5f1b2fd1cd6b,0.860375
VirusShare_72c7054482ef631b3217ea6acf987c90,0.445695
VirusShare_b4cd055e8490c70bb35b1168b595fe86,0.285457
VirusShare_137980a102fde0c042019615e9f9d207,0.97552
VirusShare_a975179b5537fd23b22a95a1d3fa97bf,0.237191
VirusShare_629018df6ff9000cd959189f173c5c5d,0.288315
VirusShare_8f7fd3270234811fe23502035503b5e5,0.298407
VirusShare_b31c0b8aa24b5e84b77ee3caa472d4cd,0.218418
VirusShare_8dd8627376db9cf5333f152b70f54b57,0.975179
VirusShare_0e578366af3d1510b04e1d0e0b3bed81,0.038725
VirusShare_9abb73558737dcecc4ca42b0681b191f,0.060925
VirusShare_8c474e6d0820de3d5c0b11a071f7ceb8,0.89614
VirusShare_282a7c81dcefd896d1329eb3fe58f727,0.047496
VirusShare_0a28985758c2f0251ab2997ed13dbfd9,0.916602
VirusShare_c6982dc10689d7adf79787926edf776e,0.656963
VirusShare_b98c0bced28035571ef98aed20abe968,0.103687
VirusShare_61f257eaa3f1d872ccddcb3c5a85f896,0.048672
VirusShare_c6471598faa00232def6a29d8a54269c,0.058534
VirusShare_d9dea01975f9fb037361e1b0d03504e9,0.871123
VirusShare_be2cde39f47ca0c13f435a6ed46db96e,0.071594
VirusShare_2e7f95dbfde61518dd1ca1b3417481b8,0.21815
VirusShare_b37f2285a892bc74ae5ebd3d008d7526,0.051092
VirusShare_94efaf03b03fbff21a255ebefddba656,0.677581
VirusShare_469bf8b3d123c54037302ad8f16bab78,0.091994
VirusShare_2f18ef350a8a6184ce1b48215680a52a,0.932842
VirusShare_1e1ee58904435b83d1d1aedbd57a3503,0.046968
VirusShare_6f8c529613a96a0ec8cb62634baba469,0.150979
VirusShare_17ba37b32e43a1b09825ba2a259ceb28,0.051092
VirusShare_f1a3bea696556efd3718e339014a1092,0.087132
VirusShare_93f31559ea1ba4e7af635282b49ae727,0.122359
VirusShare_93eba886f253b7c0f59b1575b994a26b,0.913747
VirusShare_2d7581e954881fa9b95e288c18d783b0,0.071914
VirusShare_a2f01b10c7516a640f48ae192eef607f,0.331198
VirusShare_d05ab5b1a3f7485a6dd33a1dd8107c85,0.050253
VirusShare_a92b035fa628efc382134df868b77751,0.928137
VirusShare_49514d3ee0d80e158a52aa1f1bf04f37,0.103973
VirusShare_4a2e9657587da2d2983086deea8a3eb6,0.060395
VirusShare_279c5597920413375fad0ada72212b18,0.059159
VirusShare_cc31a8a0b5a0e470cf486f2ca5438342,0.595771
VirusShare_673c231620a13caec81758264102e33b,0.060501
VirusShare_78db2e5dca95ef74fea854b17e7508f7,0.629964
VirusShare_bb4b44efc167ba5696093089438e51bc,0.060376
VirusShare_c2c4c09ad4f1998e2e84eee9a2459394,0.143864
VirusShare_d2ded48cede2226dcd35ab8a8b845f8d,0.292021
VirusShare_f2286fe0568cb9bd3341f57db83a286b,0.226783
VirusShare_653e7d3c76dcdde531018725bf1fd2bf,0.065896
VirusShare_98a1321475dbb751a76d2c3e5f9b8623,0.046885
VirusShare_d198d51775eaab67cac3140881631175,0.176723
VirusShare_d7eeb45a5e4392554750108870b7320f,0.11793
VirusShare_c64d35bb80502b8c0197d7397aa4cc26,0.084104
VirusShare_e28a675732efb77697cd94d4e9ea6925,0.239443
VirusShare_885ac011c1d0021f065230165de98a0f,0.067484
VirusShare_0c561cf55ab65afa48c2f430e22978ad,0.270654
VirusShare_eae1f705f1302802d200e59eeb1f230f,0.143437
VirusShare_2185cc277bc269ca14a597462510bcb7,0.306943
VirusShare_d482a790338406f8bf4ec94aa71a8447,0.071927
VirusShare_759c6d60f1145567bb256695e6120149,0.911115
VirusShare_fc68af4d14c10ddf0b889b055e0478b0,0.089483
VirusShare_52ce5177e4b6c4046ae7525aefaf116f,0.060878
VirusShare_db31815723dcfee607c91df888d5fc28,0.888263
VirusShare_8d2f8a475b7e8d0ab2d117e173c40a3f,0.05981
VirusShare_b4c8e577b4c2749513680c7aaaeb9a82,0.937649
VirusShare_cc5d3f3590393fd97195719adc886523,0.974599
VirusShare_a538a60016570bc8b76bb9fb89a4d9af,0.956054
VirusShare_6ae983b3b1f6ed2666e0ea586f452267,0.182135
VirusShare_4e174b79c797c256e829bcb84a5eb191,0.653289
VirusShare_913a0fd697fe9dbbf2019516896fd339,0.662259
VirusShare_d602ba7eb25ed33dab8ae4f73098b8b4,0.0391
VirusShare_3609543f8c5459b5bb758513a296644f,0.912608
VirusShare_b92376d5972be4bf3f100b17e978b6af,0.468356
VirusShare_e67fac05d48a96d49702fb3913f4b62e,0.767647
VirusShare_67cb60950de9eadbd4c93291eb475701,0.895845
VirusShare_d91d3ebf11980c05436f68b8afff86e1,0.082096
VirusShare_84ebae4387b22a0e01aa5a0df86ce48f,0.211825
VirusShare_0d242636c838b797aa00dff9065c2698,0.065358
VirusShare_bfdce796bc63fe4d16c6a007dfec74f1,0.260347
VirusShare_f0c3581080d2af33958bfc249a5cb1fd,0.915836
VirusShare_98a799e6b2bc67d720c2da36c4bd7b8e,0.791485
VirusShare_1b399ee4d21bccb98c633fad24fd30c8,0.058655
VirusShare_e5c8465b257f9f5c6b422f38d66af4f9,0.046911
VirusShare_eb8e1ea5b561bbeef599a18f30a23d96,0.058757
VirusShare_591b45bf4586f8d79451e6f5743b84e3,0.099648
VirusShare_06c6595f2c987806ccbb383096486f41,0.172425
VirusShare_2c985f9b353b641e18e499cf726308f1,0.03873
VirusShare_691d58591a71abafe5376788536a7478,0.391039
VirusShare_c28f36c1b8ed2575e1d82fb53f7f28f7,0.247727
VirusShare_814a85b2385659291636ca9b0cae386e,0.318822
VirusShare_94ae48a569b4d512f5e43242405adebd,0.91877
VirusShare_24b4951577ab8dd01a731ff30d1b6630,0.954366
VirusShare_2f5803c42e84e2d25376992736d207dd,0.121039
VirusShare_4235680f091bbca80266f80bffb290c4,0.956051
VirusShare_12d8a2de8ca533c9f0cc1f8dec358592,0.099352
VirusShare_8e9e45dcb6b8e97efdb76a9d969c3636,0.317011
VirusShare_baca98d7e3ed01650d8039596ebc15a8,0.050108
VirusShare_193876b81a734e72dcfce2294c33cc65,0.082096
VirusShare_66dafe32ea75568635851d428149f4b8,0.058497
VirusShare_cb64536099a2f109429b82951953d97b,0.062837
VirusShare_31a2cf3bc6394ec65afa69c16b34027d,0.119168
VirusShare_885c6e789036a83b8925beb3bde83cb4,0.046196
VirusShare_540dd9b100ca3e539440605c1d6eb654,0.038732
VirusShare_ef509ad1a24ff6a1cdc96a2b6624c24b,0.103687
VirusShare_09d62b28d2630f7bc25a50d695707790,0.915241
VirusShare_67e9e01b393d7800ee445d0ea4d22d83,0.877315
VirusShare_27d3571e44d2cdf98351dee8c9cbdf1a,0.336422
VirusShare_51e99711803530c414385e33e561ae3f,0.158502
VirusShare_e0f6c545e44e6d11e072beda1247d5e2,0.091901
VirusShare_28a3d22b07272fc56875328cb24c1001,0.076401
VirusShare_e5aed8b45531314f3911409c938f8ea2,0.473092
VirusShare_7ff6aa82477fcff238a3c67c622f4aa6,0.974316
VirusShare_16142201dc8919ae26f6d310b34064f9,0.077045
VirusShare_e4592f77ec58efed4b63c739f0fa379d,0.467437
VirusShare_2d4a12d2a8cd8924252437b7a6d0bff6,0.105621
VirusShare_c17ab8bd2de7337f38720254696f5eaf,0.07644
VirusShare_f176d2ed4428219756d5b939e778c436,0.895144
VirusShare_bbc5d6b05171f0276db30b62370b76cb,0.048941
VirusShare_2b30e7d2386dca20e0f67bcb2c781ece,0.048329
VirusShare_6f0b0f5d284390a67ec0ece30e4fef1d,0.04471
VirusShare_4c864856ea37cc417191dc658fad004c,0.541647
VirusShare_29bd82f25b3d7011c38a044be1314250,0.954366
VirusShare_c9f11db824a9d81c8c17533a3eb8311a,0.051245
VirusShare_a494081f5ac0cef8a1b8c4e4512ffb13,0.047496
VirusShare_f1fc37563d218bf1a598475c07044656,0.189503
VirusShare_9ddc47af88bb5192c589e9d5bd1e67cc,0.038748
VirusShare_e93fb6377cdc7e039a1c044a01f78dbe,0.228228
VirusShare_32e322aa005203f61f7bff970eea545b,0.909593
VirusShare_629b8265af400f6128d5e20e1f1122d8,0.085345
VirusShare_fefc04949f4141b6f83e4d20237d5783,0.524821
VirusShare_ecd385134aad9c9e80c2bce77c9c25f6,0.325825
VirusShare_ef580a02e6ec72c418f4667b644f14f3,0.051092
VirusShare_0426ab8ef1937e80d11ad33ee58c7970,0.705082
VirusShare_c3eb037a470150702bbe9549d35bf084,0.338969
VirusShare_e86bc0b32a546c3ddf7ff6bb3725e5bc,0.076954
VirusShare_855d16755dff198e9d19da278246c2ad,0.134108
VirusShare_26111c36fc571b6441d7b01cda4a63ed,0.062435
VirusShare_262f77d5d76a60f8b1bb96974d6d6ed9,0.974218
VirusShare_b47baddeb7a3ba0a5cb83ebe9facb918,0.061509
VirusShare_98a1fb542ba7b7116f6172867b4faa69,0.090505
VirusShare_5cb65602d6cd83a08559c8e3b316db33,0.058427
VirusShare_0d600125601647e2ca28b429a58d9598,0.512599
VirusShare_0835b324f1832384293293f5a5d1ae0b,0.973397
VirusShare_e4e0dd0e4fafff3bc8cdaaffda535f4f,0.244384
VirusShare_bd5767863f7ddc2063be2d049f5ede7c,0.232245
VirusShare_24ca094e0a61508f17194eae761b9072,0.311641
VirusShare_9f8997ffc9a7eab7f53700f78e1aebb9,0.975184
VirusShare_a1af8cc856a7f4e8cb8dbecd7d9b083a,0.090603
VirusShare_996acf2fc5eca869f5eb8eedbf7533ac,0.06109
VirusShare_aa49e84063dd701e41b691dd8cd01269,0.183266
VirusShare_21209d30f769efb8a68856c2acc80f5f,0.221171
VirusShare_b627684530401364f361603aa4911689,0.926178
VirusShare_5da990a106613ea4c1d64d7b5104dab1,0.956055
VirusShare_a7dd84c534450fca8d043b570a48347b,0.950231
VirusShare_dbabe6c4ec368ab2dd46595cfe3454c9,0.974568
VirusShare_f99fadc12a8dfdd013f9577dca6a45ed,0.092007
VirusShare_48d69c67cd85abe81f532a7d62d4e932,0.863185
VirusShare_0d51f1083dfdf87c044bf0ce851d15b3,0.162858
VirusShare_f23bf520989ad8d5e23373e4993074bb,0.274562
VirusShare_950d053005709d410ee4e531ebe2b15d,0.051092
VirusShare_01f04c19f0726a61dc88c43e5c3c2be1,0.956055
VirusShare_835c2bc0b2668d5a2474df1811242614,0.189301
VirusShare_449763fc88ee06b265a863cf0477e60d,0.05153
VirusShare_ab0475a401800c62225db10e18fd2cd5,0.621733
VirusShare_dea6415f0ff2606214685f0253400429,0.615307
VirusShare_01cf10b978994ed33cf594c3f911cc33,0.053997
VirusShare_e4fd065405d07e8b84afcebcf89cf04c,0.627117
VirusShare_c53139fca346f97775b1999789c3d549,0.888594
VirusShare_ab66f60bc78599a2d397eceebc91b2c2,0.051082
VirusShare_99cfcbe3f4c6e81db840177ad130a603,0.180493
VirusShare_6d665471acf4ae737296eaa8ebaa827a,0.074428
VirusShare_fe149ed6e0372410c5f4abf7c1b86b17,0.064706
VirusShare_ffb87a2c9cc2c495050eae229685d138,0.112665
VirusShare_65488c5b61a3fc9122f6cbd115ca7ecb,0.48858
VirusShare_66d7f6b60c507d66d9456afdd4c669ec,0.938671
VirusShare_5937cbe59eead84792ea8891d3fc6999,0.924351
VirusShare_f4f282cc92e7f3465e6676eb003aa63b,0.236813
VirusShare_da959563261d457784cab3be49ff1119,0.09126
VirusShare_5d1470caf0cf10f682be43586f909f62,0.072811
VirusShare_0dc31acfb4d0ee0b7b3e1840e5e35238,0.975183
VirusShare_ee2fe3ea6a302935a18b625856691f49,0.402322
VirusShare_7a70d3fa2da7649e43c0bad6d4c7de33,0.954366
VirusShare_d26ecad2f1da070dbdde7a3a36109175,0.943556
VirusShare_611ed9762f2488bc338ea22fa67e5737,0.956052
VirusShare_2e2b50dae289d824c71ba7f72493812f,0.73145
VirusShare_12338c8c7143d456d26fb457be4e6096,0.153286
VirusShare_b7da0ffaeed79acf4c067ca3b6dcddae,0.975193
VirusShare_3829047d45b973b4512e6b3dd2a542c0,0.081889
VirusShare_2fc7dceeac95ed512d55aaa6313fe354,0.136891
VirusShare_719d18da74700ad3d6afc7fb1949b25c,0.102459
VirusShare_5819d72152dd70e8bf9bc091ec7db35f,0.038748
VirusShare_0b6a8d0cb43ac3b6315b71cb6c717142,0.14036
VirusShare_1afd5ab30a10a8c079689dabc5a668ea,0.045368
VirusShare_f70d0e313aabf5367ad6e5550513dc06,0.184575
VirusShare_ecdcdbe016e2952a144ba8422c295246,0.048736
VirusShare_f436f06e1b7e1d1e6f795ca10086a5e9,0.64691
VirusShare_be52638f5e5fda2795df3464b34ebbcc,0.082096
VirusShare_69c32f1b949ebf962a466292436b6cf1,0.08376
VirusShare_7670b4838b0389f031e4dee1d90c4368,0.084197
VirusShare_b5845bcd64b6ab1200855407e2737225,0.159655
VirusShare_4fb8238392f5620233751ecde4092b84,0.076825
VirusShare_ec9ce1d9fc1e58243b327a3db3c2bd94,0.974885
VirusShare_629209052b940d7d4872725fa7b7f260,0.932556
VirusShare_c1f60b6e052d5f66da8e5eafe3c4088e,0.058423
VirusShare_10b2438702e9690555ab32ab4708a215,0.941271
VirusShare_ef8511f2235f49bed82246486bdada13,0.326875
VirusShare_f67717a19676e2ebfe2e14d57d8f33ab,0.108351
VirusShare_1f2dd01a707c4b8707e269ced4e0a4f7,0.975424
VirusShare_437fb30ae16146ba9fec7c28463951a7,0.950575
VirusShare_16bb8fa806203d708d89f628b7b53c9c,0.236715
VirusShare_db3b284854f9bf126536d61987423ae1,0.058492
VirusShare_90d8953af568bb1ccab1350a1df8cc05,0.06101
VirusShare_2e25d4adb7d44638c5944e546336e249,0.731761
VirusShare_394732824d4b6e094ce5d6f7fbc20fbb,0.143204
VirusShare_8e514de436e46fdac24dcd6e123028bd,0.460981
VirusShare_f0bc9d8e7ecbbaf63a2bb4d67dccf123,0.078288
VirusShare_4f423fbb6d7c31fd3cac2c3729e39762,0.900427
VirusShare_9b536f6c5bf8e56535ccab836212f60a,0.125743
VirusShare_824aa1fa34d49469886ee0ab5e67bb56,0.954361
VirusShare_08d4e02308b9c3e3cf64f91bb00dc84b,0.066687
VirusShare_c622180bd17de133af7b825023d71097,0.049143
VirusShare_99a8becf9560cb3584930f0cdea99ecb,0.380333
VirusShare_c40ae54918dca37bafb81823175449f1,0.228356
VirusShare_091d955ce0c7ddd77a0876577337a21f,0.956054
VirusShare_efdbb58aae9e835db973478dc5870900,0.077181
VirusShare_b86ca3fdea27d6f6adca8d2c0aa13090,0.975577
VirusShare_a320b3f508811dd355c6a80411cb1c16,0.058292
VirusShare_6f1160ce0f3f0e1fb18d1c50f0804125,0.04722
VirusShare_97a514fe6b7d317b4a0ae65ba11c9a73,0.052461
VirusShare_f0d8e802cf91a2a4a6b6b9ad155f55bf,0.236556
VirusShare_598a2e88d21d1d1ca52802ded9bec071,0.878626
VirusShare_03978e60c8259d31af1ecdbae8d93c47,0.047593
VirusShare_6de83fc853106af9719b072d62eb638c,0.085304
VirusShare_ce53e1fc8e703142888c8cbadd8f8058,0.0946
VirusShare_887edfd8a6acc9ac1b180857d6280dbb,0.051521
VirusShare_23ae7bd825a9a1c48a2a85f164427600,0.142327
VirusShare_8c4bfc4ed9b7bd22468b3a53fd780854,0.048562
VirusShare_c92686f9b9a5c0367004275c8b4e7c2e,0.077007
VirusShare_83eea3075a8d6188859e6bb90d505fde,0.589855
VirusShare_23d48a58f1b6cdc3085c377de513fbcd,0.722566
VirusShare_908d6ec54f589c88601563920423b058,0.975462
VirusShare_fdcfc6e0782ae8b048d8631e894956f2,0.038732
VirusShare_6ea18477f28f902343c0997953137b02,0.058423
VirusShare_a86a200da47fbd6c52306f589a410994,0.974521
VirusShare_31cd71a4081f4ec65efa4b720b1f2f46,0.142011
VirusShare_0a09b204aabe9a091fc1717cef36acb5,0.480148
VirusShare_8656d5dd1dcb9b4cd1c2f51ee3f56af2,0.071973
VirusShare_83ab0225a65b2d456b7698843d6cd317,0.975166
VirusShare_348994a8c6e1f114cc60ead02494e03d,0.087299
VirusShare_fda687e3f7ee2e46c4094d557f137ff8,0.863323
VirusShare_70feae742484f123a2d0f09d45590e4f,0.214291
VirusShare_7b0106b703b66a0b5306e56583ec58a5,0.930082
VirusShare_7236d4e75af20131468a737ae0305905,0.958912
VirusShare_f209eba907a51025f1e60e14dac912b9,0.913009
VirusShare_61285c988de52b7c067fb2e703f2ab83,0.695458
VirusShare_07cebf588d68915f032c8331bef36aaf,0.104735
VirusShare_a6b3dc3b1bc045a064d38fa123d53b86,0.975576
VirusShare_ffb6f7fb8e6c4e823d94c5bdd8d03870,0.130381
VirusShare_2234d013a157851f2574425ae6c72eea,0.382694
VirusShare_98497d8f2d529ccac33cab5763f16343,0.051092
VirusShare_6b3ed64ee03d612dc93b85740f98a652,0.066367
VirusShare_32c2cb8517251fb616a1f897b65ae9aa,0.457072
VirusShare_0b9154ea5c10fd380db03e80d6167506,0.078162
VirusShare_ca4648bcb92bcb17be05bb801e10f2bb,0.048884
VirusShare_b8b1655eb67266f6c2d3c76c2f39f1a9,0.038732
VirusShare_d73ad36ce62cf94126ab326d957af878,0.799592
VirusShare_5a43716771ab0e46d38dfc9f59a28e06,0.590268
VirusShare_86cc7815c5287c3c1eee6fae58db88a7,0.280601
VirusShare_2ef854e1b711e50bcfae5fe412c54582,0.084408
VirusShare_92e830433d3a25ba1d2726de1d7b554c,0.039111
VirusShare_43cfb2f0931d1a68ec1dfc8fa48f36ab,0.975203
VirusShare_794ec31b8374251b2b9fb811ca40aee0,0.038732
VirusShare_f76deec48814f9867aefd39363bcf9e1,0.975384
VirusShare_f31953d6239f59a03dce6c79290b5ae7,0.63956
VirusShare_c6a4e00c964f8e3585bb1c4b1a22ae05,0.277089
VirusShare_117b9ff8146738b0fda11361079e77d3,0.873278
VirusShare_cda8771fbd27d82cd1eeba7d24356b97,0.956054
VirusShare_e59cbbc01545f047f6ec3ccfe991f656,0.073679
VirusShare_96c9a417769b19051954b941168ef837,0.956052
VirusShare_bbbdc832fe995e436b6d78b4343ce310,0.708165
VirusShare_81b508a10da663694e3c714ed5801c86,0.294268
VirusShare_196e86b7a7abafbcb9a743099da65446,0.07828
VirusShare_f3d67bcfc988e2e09ce3ee7b8759ccd9,0.598048
VirusShare_28477db32ba7f651b5319037a6900bf9,0.702876
VirusShare_a1e6244e419432468c3a96848027dbc7,0.149661
VirusShare_1d825f2832b582403e2bb4d4f206a9d9,0.051075
VirusShare_458e9024252516e6db4764f748f531c7,0.051125
VirusShare_bbf0972638eef0c8506122c3ed6ef574,0.952068
VirusShare_1f3c9bbd04356de28f035b3e66c3ab43,0.954366
VirusShare_561c44d1b15fb8d25bebdcd9a4450176,0.170591
VirusShare_816a2c8b42163fe213c8de8bf4f62cb0,0.931863
VirusShare_9b635b67c154619ff0e8801d44ee69cb,0.926994
VirusShare_d162d00705bbdf9a4e9705de274e5dac,0.03884
VirusShare_97936a898f2ac4987127e7dcfd7234f9,0.956054
VirusShare_ec0cf44d35c098840e856b204caaba4d,0.051871
VirusShare_50b4f0cb182cb17e9c1dd6833e720183,0.951713
VirusShare_8912e1dad6697be4087921b17135e530,0.051992
VirusShare_0b5f6f888484972931fc16ecae4724de,0.973946
VirusShare_efd6469a601d7723824bf6ea9642251c,0.058409
VirusShare_029f1c356b18ff95f9375c08e959049f,0.048781
VirusShare_d54108e0169a8c59c51ea0dff2f045b6,0.951663
VirusShare_de9021299f6019706422ffdb859f636a,0.057355
VirusShare_4b527ce1792d19eef851a770025028af,0.528329
VirusShare_ba21d8e2f72988fd984f8cf38b0d2066,0.192128
VirusShare_c6948d373652315b6c88e483b46700c8,0.845081
VirusShare_b4d9e01204fa66ac0e27aa5361c17003,0.956054
VirusShare_90cd43027b812bed7dafc9ade93bed63,0.974887
VirusShare_5db357db8d6608721805d5a5aba1ec3e,0.251173
VirusShare_ccfe8d16aef2c58ff3431382e8e1a2f4,0.920565
VirusShare_80deded602786f3b96ce8ef29bd797f4,0.975016
VirusShare_ccc1d45c31eeebf5d69ab364bba558b7,0.947381
VirusShare_d802ff3786dbd732f6ea4ce52e5858e3,0.954366
VirusShare_43dbaed75c65b8198cbd2ddd040a2d2e,0.180942
VirusShare_bf69340fccfb62311ff89ccf42a717e1,0.557831
VirusShare_80983c47914ee1bf5061b1fd39bb465a,0.128601
VirusShare_855f13cf436771e9e54cdcc3017b3b39,0.093343
VirusShare_1ce21c1dd9e1b18b452520bc41992cfd,0.752395
VirusShare_d2e89f93c624fcf5ff67ff2d9e96ec21,0.412884
VirusShare_7584cf6ed0830a89257e4a49728f031e,0.936747
VirusShare_e98026641e3a878dee21448a52af24e9,0.109799
VirusShare_ad3081cd9e6d550bcceee6b6d0312eac,0.956055
VirusShare_683e40a52e667113676ee5210ce51c84,0.950489
VirusShare_97dc4bebd561c99a833c7886ee3f21d1,0.098198
VirusShare_34cf933fd6b006dc091c8ce3b04fcb62,0.390444
VirusShare_1e7f07ee857a975cb3419b4908bb98b0,0.162271
VirusShare_78a7c548eca7fc2c5a703ab619dedce4,0.173549
VirusShare_97774b9bff2d5f8218ed649a2e7ae81c,0.607904
VirusShare_35f39104c859ba6e13c853f8a3cffd05,0.266502
VirusShare_3752967342cfa65b7dbc36a05a9881b2,0.085492
VirusShare_781fba39cb08e14a2d8c30276100e8d2,0.048426
VirusShare_450806e46a246062efd8f361b064f6c0,0.940165
VirusShare_9f8129e88209847a1babdcd481bf0610,0.954366
VirusShare_39bbc4c01362a37ddbb24459750232e0,0.103687
VirusShare_a5b8e234c6fc0b387d7b920fc94d7523,0.082096
VirusShare_9a4333bd89753ff62e0b17ed1e5b52ea,0.975025
VirusShare_cfce579bb57e4dd97380abdca983f52f,0.956052
VirusShare_85dfa5ee868b20ca184abeca1a3a18c8,0.046919
VirusShare_7d1bcc2ffe7837570caf0223185506fd,0.064706
VirusShare_8a1995805ad65999ec546a1074ac9887,0.897589
VirusShare_f8aefe05d1baba47501a59ce8ae29c23,0.051092
VirusShare_d336d7499faf694b07ad0a5c5e4fefd4,0.853564
VirusShare_a71924192ef5739b2907e321a17d6aeb,0.891243
VirusShare_ffdb4255d244fd30e510dce5530ae8bb,0.132744
VirusShare_41632f3425e548c76e88e5bdea9ed4f6,0.307608
VirusShare_aac171c58bd09ea8d8e1a1823799f682,0.948111
VirusShare_e28dc50af15f9dfa7662a265b0228e2e,0.148237
VirusShare_4f2093aec19a195812a702d02ac8ae45,0.198289
VirusShare_557e7f80030b1a06f958422a126c6ad8,0.060259
VirusShare_6f65ad3782f78d94b450ae21ffa119f0,0.799131
VirusShare_2e1c0a76409c649cb1d30d81db42f28b,0.956059
VirusShare_4e874358d77c91ef3b882704fabae7ac,0.269591
VirusShare_cb75519bfd8af4af352f2dfdcc96dd2e,0.936146
VirusShare_799e6a959414823e8c0c3400e48bd783,0.047593
VirusShare_f9bc5a031f2b05df8b9c0da0711e3dc3,0.471517
VirusShare_c82dfedc5c36718dc3f51bb8bb3109a3,0.450925
VirusShare_b10cb1e0c8875e6479495252bb327699,0.848638
VirusShare_b7f8ab627c69a8a2c2c0c963ae83a164,0.745642
VirusShare_642d521886cc7557a51f741c14b02248,0.943605
VirusShare_46b45a719c29d344b8074a56aa8591e4,0.974966
VirusShare_5bf81a1b1672a12a791d9c1f516d8a2f,0.26561
VirusShare_6dfb884a52826908cf9d0a4e701deda0,0.121086
VirusShare_af0895a713659692487ed655f7a9920a,0.974887
VirusShare_39f290aa765e3de89ead54ace25c51e1,0.233395
VirusShare_2f9f9176d053fb2295beb9329ef76698,0.135964
VirusShare_8e6c9282161b4a7b04fb0e593a426cd8,0.046463
VirusShare_52134436ab9e4d5a3abca540674b3f5a,0.89722
VirusShare_1ee0e950e3bb938e780cf562abb0d84c,0.051245
VirusShare_cf474d186c9d81aa7d9ba7837754cca0,0.954366
VirusShare_549542bc60e388f28e77fc43197ce38b,0.105664
VirusShare_55e05a800d17491e43e0d18537824bc5,0.695654
VirusShare_46f265a053425782d7ecee28568a7dad,0.373708
VirusShare_e6a5ac1e3a57940b3e4913fc238fa62d,0.058472
VirusShare_f7bbc6ad2d1dbad07c6a9b9746db7bf8,0.915804
VirusShare_60605807abaf5e6d731a4af6971aa548,0.083353
VirusShare_4a989fa71396e54cdc7d09844e9a9b1f,0.242987
VirusShare_e7ee4032f5367d57fcb18ed6e915ceb6,0.196751
VirusShare_d89f1c40931d122339ca8996c8e9090a,0.077703
VirusShare_c5465eeaf1a2493a6ee3a3dcbacfd0b8,0.974202
VirusShare_0c24ef37ceda809e350735ff133a9c07,0.038741
VirusShare_734f4ac77ee1e6fe9eb8776b8d058d41,0.474076
VirusShare_ddbd862c27c8fb9b555a81b67db4297c,0.072844
VirusShare_8d6ce8aaf7e25eafdcd740ee4c483e9c,0.051786
VirusShare_efde275d8ff36333198b36d2e2251bd6,0.175568
VirusShare_7d5fbb10582c250b0b12cff02add6075,0.164361
VirusShare_1dcd8c851d80158e5028cd6f28aab07e,0.050681
VirusShare_6a4da62f25c66c8a59fbdb9347b6be33,0.103687
VirusShare_7c28aadc867aeb7d588f81a6a1ac43c4,0.92164
VirusShare_431e914e2269a0650a2e741af8b516c6,0.931145
VirusShare_cfb12c63dcf84dc41d18fea3f970e03d,0.048764
VirusShare_75e95a530e5fe926bcca7c2c1a008e18,0.848698
VirusShare_0969a6c9733ba25362578e784420c070,0.084969
VirusShare_7c7e1bad29c0f5db038f1bacd6b7b3d7,0.944543
VirusShare_01592e1dd2f283bc26fc08935a750fc8,0.253243
VirusShare_c553fba557e7aa0974b59f921ceba201,0.836609
VirusShare_aefdd6dceeb5b7467ad4d0ef76856b5c,0.523232
VirusShare_a73b123e9329e413e46ee2332dd81926,0.03874
VirusShare_6c2f68b62c02dfac2f091825dad03adf,0.038725
VirusShare_a168e0961b5bd11a1ba1418f3d65c645,0.038748
VirusShare_ca2b355d4558040f4f66c5f76b447e5f,0.484541
VirusShare_2c706de350a3f9454dc448c8d73fed1f,0.956052
VirusShare_8bea7c1109e5d4941247402f6e43020a,0.841689
VirusShare_d1655f57321b32d042c81018d28cd518,0.943916
VirusShare_aec6fbe5027889e216171016db8741c8,0.057371
VirusShare_3be0926e2ffc6ece7da8dd4d9690cdc6,0.916325
VirusShare_58ad72cd16dff858bdde5e7e9dc91386,0.897735
VirusShare_0a1ce4abd5248bfe3281930625ac7bd7,0.04626
VirusShare_fae2663cf3e78105086f8d38fc05116f,0.084019
VirusShare_8e7a5ea6b6546ff72cde8a8c50856086,0.152567
VirusShare_20c0b0b68c467a9c6176e75bbfbcab96,0.962778
VirusShare_168a992ff6a66219eed18d9ca96e2766,0.975345
VirusShare_fb010f95e7a07ad76a2c0f2ea7c39f4b,0.821145
VirusShare_3b6d149f30ffa3cbd29dde481d4f05b0,0.060176
VirusShare_bc5d6a11544965b635dfa2a792f4c06f,0.082152
VirusShare_1fb84568e902ede396b5eb8aa87d9aef,0.776053
VirusShare_91384a8ee9c124562f7b973d0dbff6fe,0.044972
VirusShare_de39db8fcfca3ead9f88cdb62ead188c,0.734803
VirusShare_f8e0f5df70f28932b15b2824f64aa68f,0.144837
VirusShare_e78004c0a0037c43c5b75ef5a9fa9c14,0.064103
VirusShare_958e6b8ee9e8b4b1a4e9c3f5bc25a94b,0.382911
VirusShare_ec5aaa96057f3b42b45b0561ee6b8599,0.074312
VirusShare_fec98218ca0fa01f911caca1d757526a,0.107108
VirusShare_c09782ce7aafea08d488b9f3a0087302,0.827232
VirusShare_bd626f3cab53a5d02afdc0f32b15ccfd,0.828263
VirusShare_b56017fbb664b2288c6d38ae3b8eb287,0.048241
VirusShare_7e794389acf6c001285da96bdcc07f1e,0.071973
VirusShare_dab591b21cb5c11d6b25ec98c6a44271,0.082096
VirusShare_f140ea58fc0da4ef9c22f9ed5c83c855,0.738251
VirusShare_098f5c7f8982ba2762a19b1ba50ce010,0.917384
VirusShare_49e247cf7002068e1ace5d2c6760fa86,0.954362
VirusShare_edf94199fa1697dacb362b28ebf5970a,0.048329
VirusShare_8eee083bed7c1c9825d14158a23c31f1,0.36889
VirusShare_2996571c03079f889749071b5e92b825,0.975353
VirusShare_59fb7442592a9c032fbabad5a797fbde,0.949903
VirusShare_bdfb50c4e35530e09a6c0f72b396076a,0.973567
VirusShare_5858c5acc08f88268910b3c8b3ea9c24,0.161142
VirusShare_0135320cdf1f5087210ad9a41cb53502,0.051092
VirusShare_f990e61f27aa6b6f21e22ec66da256bc,0.5023
VirusShare_ef1659d3dbdf22273953e20281d00f33,0.097127
VirusShare_34979e8457d48de0e30f71e302919b87,0.942029
VirusShare_c62938dadeb445188770934e57498d92,0.631081
VirusShare_13452bf1f16addcead884614d0984c91,0.975461
VirusShare_58a60f4a066123416b75e690cf206a24,0.169032
VirusShare_e5399ed40f9428a0149b57d996a7b28c,0.728963
VirusShare_4a7b16799930386fb8126b2fc606a81b,0.138314
VirusShare_ef64c419a813376248fa154b5b633bba,0.287514
VirusShare_b731d680eecdb774ffdc0b262d643972,0.184156
VirusShare_dc0be6af2daa9969b148b7b237ed88b0,0.471842
VirusShare_eec212cce7ccc1087003f0cdc7d8662d,0.039105
VirusShare_b0e88844c7b780f77940adbcdfd77223,0.038733
VirusShare_dab26a7063ed0e5854d00261bae22b5e,0.77645
VirusShare_a53139634515b29de24b9bae6bdc415e,0.083853
VirusShare_6f0d939672dc09e2d6b019e39dcfdf9c,0.476102
VirusShare_baf2c6fc473ce725d873f6d73e059b4a,0.974172
VirusShare_d81f58848af9c12f6ef4b96ae2816fe6,0.044494
VirusShare_e3a52ef296e0a33b54652633d50d55f7,0.210886
VirusShare_00f706c18e6af19f5b734e5aba707d51,0.184202
VirusShare_77b9700791d459f75889a1a75426a89b,0.060358
VirusShare_39f85d43bc3e115ccb8ebed00c535609,0.754428
VirusShare_0186affc1bbacc7b53397f1b3fdea4de,0.088986
VirusShare_ba6d9d8f2cc95f6ab44afa50ea4074fd,0.405234
VirusShare_e1862f30e1265914efbf5a7d413b6268,0.919088
VirusShare_918440a507b6126c6c1ec851e86ba6fa,0.50414
VirusShare_d1fd4855b00d0f6ee0a6e266a35aade7,0.048672
VirusShare_df4bd09aa0deea1d4879d014713bf960,0.052382
VirusShare_411f1bea8d5d8bd34278efd06359e1e6,0.074436
VirusShare_90c0af3bf0e097ea03c06e5dd71b65cb,0.133261
VirusShare_3f6c3dfc2f7bc1ad78cf7f73e1bb1ffb,0.119168
VirusShare_821a9123be38962763d02637646d682e,0.974554
VirusShare_906216c4cb874de5d78a54183e1a168e,0.917146
VirusShare_ee624424ed6bcc967e76cb734b278305,0.153303
VirusShare_b96be9020a099f335317a4b072977106,0.137766
VirusShare_7642b6f77fb8ed22135a69eb3e8d31dc,0.058423
VirusShare_ac4a912e172fff1757b9ffbe65961500,0.67946
VirusShare_d84c3b550b086a5cd1ac748837c8c036,0.053202
VirusShare_9619b5bf2faff88021233edbd3c7cf2a,0.574544
VirusShare_964d27f847238a3ff9b11f21d99aff90,0.954376
VirusShare_684f4d1410efe089ca47249ce97823a4,0.805344
VirusShare_9c130742e007dee7c747e9b16242ec63,0.956055
VirusShare_eb12fae3965aa41987154f2eff562a79,0.047496
VirusShare_6a4d55997d2431b93b6e1f1984a4bc64,0.955591
VirusShare_54c9f5bb523fc5866a2acca7537f486d,0.373062
VirusShare_d3d2c7ab4e9278f906b9558f208fed5b,0.175862
VirusShare_bbc7535503831ab2e9bca38d04575478,0.183679
VirusShare_c2779b1cc2195614ebfad5af96bf58d3,0.974597
VirusShare_8bcfb9320a0570d0f84273d298a268ab,0.819862
VirusShare_9a7030889b560e43605fa99c3b44c470,0.974956
VirusShare_6da4dbceef152466f5720f029213e4f1,0.086442
VirusShare_99945e32daa6efac9467b31c99fc5b2d,0.077809
VirusShare_d3a56950111e7334d3e91dfe0cb2f896,0.097727
VirusShare_2ff9cb721eeeca36c89d15d6e9705f4f,0.917382
VirusShare_c7530656fde761880e8d9f34cf4ab337,0.542063
VirusShare_fe021c79490ace0a4284095c00567cd4,0.059027
VirusShare_a5c0f5e1681772635d3b8156b46a11f3,0.060418
VirusShare_e0277a389e474302c526017169c5a84d,0.122357
VirusShare_fe8c275a5740709d1bb8c9e22f57615c,0.19967
VirusShare_47309788d158da4972ee39c47b92dcbc,0.412925
VirusShare_c04532d2a45675f5ffe9ed4a8e4c84c6,0.039105
VirusShare_1a420d2dbfce67d99531211f4a7c8ea5,0.371827
VirusShare_ea1842e7a719fd2d44720f21807a8d9f,0.505932
VirusShare_0d3e7e7affded3c3e402b87f261e27c3,0.94171
VirusShare_2e14d04b067c471af43cf97bbb9f12d0,0.23187
VirusShare_d516040571440c1038c6d790d7e08462,0.040492
VirusShare_748dc79932cf792d9d4f94dcdcc5c477,0.076545
VirusShare_c676c815740015ddc6ce8ad97a4000fb,0.905579
VirusShare_204a9aa1ea906ad7f1ee0703c9421811,0.918595
VirusShare_63ec6767dd3303142fe2400f00be38f8,0.974302
VirusShare_944ed7b82a2a7951e5d0d5c5f4b011e0,0.897922
VirusShare_ee12890ee9dd4c03228afad1f4d1c02e,0.181973
VirusShare_36bf1a6083c2cee9a6da0219aec7a66a,0.038741
VirusShare_773eb86dbf0fd1fd8a1bc2b4e5631875,0.149661
VirusShare_c52fb386d8b0152309b2b8e546441059,0.257269
VirusShare_b85aa85f18ab167cdbd9d121eca2b0d2,0.756586
VirusShare_880bc897b6a812d59049a22779702d67,0.084197
VirusShare_38bc09d5d4e9bf62f66dcbf86f0f820a,0.335446
VirusShare_3bbdc0c1cc7fef659163b1ada861012b,0.03884
VirusShare_1c86e0c94c87fd06cd20e287dd14b67e,0.312053
VirusShare_63b9aad2c19168b54939b8d9b309da83,0.378499
VirusShare_2b348961de19fa30069d45a2e02d5527,0.974992
VirusShare_6482bde4a57f6f4513fbb8bfa9861294,0.070862
VirusShare_ecf8685cbbf46f270904de90a061b707,0.081257
VirusShare_d3af0035c263da10d489a27c4e2a06cf,0.073679
VirusShare_3925974399225b2c64764caf65c7cf20,0.048329
VirusShare_9942f5a01c46dbf90ab1bbf0ae4b7861,0.239311
VirusShare_727881394626da70fd5a7f9d80e096cf,0.813974
VirusShare_663a7171b484d7015fb2f0648d2be0cd,0.20127
VirusShare_646d556988878603555409469310806e,0.975309
VirusShare_32e8c533eb4142a068d52b79d657dc5e,0.975127
VirusShare_feb73606d582c6105cef57eac28519c6,0.071973
VirusShare_2353bb4836ddf987335db05bfa4fb931,0.514965
VirusShare_26bbac4c14a71ad655095ece919f293d,0.954366
VirusShare_3ebd15cc1f828478cf8ba059f814aef0,0.050178
VirusShare_2aefcd81bc4d44efe68951ca95b7cf50,0.038748
VirusShare_7fa59e07465e205a9877a68ce4b1ca6a,0.038741
VirusShare_06c24685a1acf5807cf57058621de3b0,0.924293
VirusShare_a9b207185af91d79cf90e9a8868bee26,0.302669
VirusShare_abe4c6733572e8317de812d328e5cc78,0.049438
VirusShare_edbac6e7f633eeedb87b4531bbe58b57,0.479581
VirusShare_2d2b6d657fd1e884e8e19b5f5ec1d27f,0.975374
VirusShare_acc7ba1bf3c18aaf35d941d96d1e7b4b,0.09844
VirusShare_ecfd401cd766ca07f2028dffff5bcf7e,0.190648
VirusShare_19129cc9058fc3bab6f66ce2e4a35631,0.893973
VirusShare_0b60f7f9dde3fbc71d7601476a8b2572,0.071914
VirusShare_0c536397afa0492ad76c43041f504c9a,0.076482
VirusShare_7ed4fd116ec9b82366cccf9128bd62fe,0.058308
VirusShare_0a2fba7aa28b95531bcda8d3e837fae2,0.52903
VirusShare_0d4b516038168a15de165e96dec22da3,0.918797
VirusShare_766e3f219d78ac8d3635fdbfc5627834,0.089287
VirusShare_c672d315430c27e77663405bb88c53ef,0.975381
VirusShare_23150754599acc0bdafc8b5e2437c833,0.975315
VirusShare_488836e455e28e26f39236799d22a046,0.904913
VirusShare_698685224274d9b290d3f08a6186dfe3,0.938026
VirusShare_2093d467e65e9dbad2a55577d9f8d396,0.954362
VirusShare_689943d6ca3abbb460767e7d39d5a2b1,0.134689
VirusShare_d3772b773363b05f17254968b7b72e2d,0.959343
VirusShare_ea6621a211e4e7ce0afae92909d63bbd,0.086072
VirusShare_3d35be6aa76c0775efad6abf6ce136f5,0.251055
VirusShare_fb420b32f8b6eb113a52b01e79aa1038,0.080434
VirusShare_3e065274ee1cf33ef0070192e607aaf4,0.064706
VirusShare_6e13662abe30099c415008fd5853d7fc,0.189004
VirusShare_f1aafd6366bf52caeb9f2eb26a354461,0.975384
VirusShare_b9ab213a200ea1176b92329969fa6314,0.185054
VirusShare_31543285f0bf05ecb669bf3fed2af049,0.048764
VirusShare_51834fcccefcf6654a9614fd67f1524e,0.061294
VirusShare_e92bf60b6b1c48add2f2ff7c28bfd4b2,0.340782
VirusShare_a1647b3598cdfc0a0ee4f6a1fa8be113,0.271804
VirusShare_e49b51b0b9c6c7e0ba32f793fee55b45,0.928796
VirusShare_36c637280d6d1ed1be05b59dd082d355,0.104735
VirusShare_17777da8e58b415c2764608996afeba4,0.317699
VirusShare_eeffadd8d76966dd0adec2adb01a1af8,0.833722
VirusShare_a1dda35b409052b5a9be06768c07bd39,0.062979
VirusShare_6d55081593bb231eaadc852894cfa363,0.403062
VirusShare_2bcbeab859648d012491e38e0c315ec1,0.079818
VirusShare_c6d0bce11d94247cf9e0505e677fcb1a,0.047496
VirusShare_a60a38e2a22d9af31e1a040c790b5497,0.854414
VirusShare_7eadd61cd78887829d59ffd77d681621,0.975112
VirusShare_a6a71deca8dfce74439081a70d58cd63,0.148926
VirusShare_acd23553f3fac69e4159014337221a60,0.333801
VirusShare_ee4ce367424b9e5e50de1cef6c3398ad,0.058636
VirusShare_d20d37255c5667ba269dcff87ff79c86,0.887534
VirusShare_f90a38516188944dd9061a890ad525f1,0.939286
VirusShare_a0904a48b08704db4cb4972b8ffaa733,0.521463
VirusShare_80992644a1584b94cf37558283da6f82,0.915699
VirusShare_6a3139229d0344da90d0108b269c5764,0.469059
VirusShare_39f96886ec02ac949d0a4371ee4d58c7,0.060611
VirusShare_514e2771207cd146d0aaacebf15f8cf6,0.354704
VirusShare_978a3ad083a59be05d97c51516616701,0.930814
VirusShare_a92d671ec409b41a42f2186237cdd891,0.084538
VirusShare_cec083836c0f39220396e3d63b9b886e,0.255225
VirusShare_a42608e928cfd28602e252d4feb52352,0.954364
VirusShare_dbae16deafaefdcc0df97fb23fc8a8f6,0.912479
VirusShare_3c222716db36c51a5177ef7526e15ee7,0.234683
VirusShare_74659900ba377fffeea6b555438da991,0.038836
VirusShare_18eb4e9b058317294556f4426c987818,0.689905
VirusShare_05b525cd8e147a13b1803ea8907ffaed,0.038836
VirusShare_b474e55affe2984c7152dfc8ee44426e,0.163641
VirusShare_11e7146f67145408070990378d6a3a3d,0.077536
VirusShare_38193a039fec507114095ba6f2dd71fa,0.780197
VirusShare_3e0305774913b94890a78de8edbf5ae2,0.051125
VirusShare_2f6317332dcc700e57a3b9a7edd05c27,0.488108
VirusShare_86b3d4766829983a3605b25592eb1569,0.921594
VirusShare_1c673eb6959e8562cd7c715f6e9905ff,0.939425
VirusShare_6c673b693f8029a07b53ce8acbf73cd1,0.343805
VirusShare_073ff9d44c074acc4301ce4cf5f8085b,0.902967
VirusShare_4036add1e53ffdef5021491c300b3617,0.177021
VirusShare_c2a4f81208c65d130f5ef3467ca76b35,0.102842
VirusShare_44dd47401b94e056b009905fe584806f,0.960539
VirusShare_b0ea6aa8d5462fa0fe0829672b4dd725,0.064706
VirusShare_968413e19e1fb423c105f3ff8de374b5,0.959159
VirusShare_bb3b9e77b223d6bdd08f1f1170ea7a8a,0.043039
VirusShare_8fbfa37934555884e73d5d794979ca9d,0.083987
VirusShare_c4db465b390f145bad6230a7ce3dc4df,0.480469
VirusShare_1f563d126e328d5f75a96738a3bfdedd,0.535183
VirusShare_c892c5837e41e041095fb9648b1f98e0,0.93463
VirusShare_00d03a5b578b477f73a846ab117836c6,0.103687
VirusShare_6fae5780d94c4f845a483a7acf9b4af5,0.078055
VirusShare_e4f55353474def398e86e0b8a44f9169,0.048672
VirusShare_3dd6809cbb9fc64db257000dc181e1e3,0.082096
VirusShare_8a081daa0cf7a8c7c8a60e6c35e3faa8,0.26865
VirusShare_3633e51c39a695d00e177b28943a904d,0.951713
VirusShare_338d0c227af671ce92ce4da92c254c71,0.955975
VirusShare_4d1e128aa2f2a8f9ac64804aaae43510,0.059782
VirusShare_727750484416bf033b50d84ea682716d,0.956055
VirusShare_9f5301ef6ac6eac11a19d2a8c317994d,0.957
VirusShare_99dde3a2520d3157521d3eda3bea7c60,0.052406
VirusShare_12293dc0afe2f9aa482b2d792c9a6de5,0.698281
VirusShare_1df53b65ef3b3c0eb8e4cbc111274104,0.135913
VirusShare_f25b1bf9d25bbe329ef81a29d5ce9dd6,0.058472
VirusShare_5f667073d6d81e8a38d348bd63a31921,0.894695
VirusShare_8a8475fffb465646c954ddd95ad69665,0.060395
VirusShare_829cc255b46ef76ea86ec5fde4785920,0.424771
VirusShare_deb7503d9d526c10e1f89fa5dcfdc0d7,0.100161
VirusShare_308d38354b46cfc4ca5f65fce466a4fe,0.165817
VirusShare_bf54e883d7e1fbee025d41764ed8da45,0.0391
VirusShare_d4e6c424c9390fe945b3d240ea6bdeb6,0.250354
VirusShare_1a41b1a1e4ba2985aff75c6b352942ae,0.060338
VirusShare_c58bc4b49f574d6f941ab0abffdc02d1,0.975354
VirusShare_1b7b67f6661aecdde6e6aca0b6b9e383,0.43834
VirusShare_df9b48f94f7fae58500b2d5c5eac1ace,0.1273
VirusShare_1167975fc43824b14c6bc6dcc5034466,0.415164
VirusShare_adc249bfcbf334a2512dd835d031a1dd,0.954366
VirusShare_74456922b0fd35ba2514da2435580943,0.772443
VirusShare_8c6e22c71d4589f71ea2333daa84df45,0.974556
VirusShare_23dbae2713e9ccdb1d368faf55dfc295,0.05298
VirusShare_94aaef91e42088ec30900adcf6f61eae,0.361358
VirusShare_0740ebf29c02a6f39536c40cd318e3ba,0.826636
VirusShare_ddd787aebc37a2aa7c3b639805471e3e,0.975361
VirusShare_cc2bf63697d9e855c0ae7c1e6bbc3f14,0.312038
VirusShare_b73f0d4fc5d9440ba8fb60f4079039ff,0.112665
VirusShare_b4ed61556f077dc93f30f04cd98eca75,0.071914
VirusShare_31be2d65703b72a4ff2d5ef1ed569149,0.065775
VirusShare_aa36ad00069ddfa967b73ea743d5225f,0.400293
VirusShare_8600f0295e1db0748b8952311ae1c536,0.975365
VirusShare_db053afafa7077e68e979affbfe5944d,0.899915
VirusShare_d2ae8020b27fec9fb12d8e6ca10aaf29,0.072016
VirusShare_5e7ebd1037e20ba0e6f52c83c5da7429,0.913757
VirusShare_e168c4d512cdaff284107db0aebbd8d3,0.954366
VirusShare_cb2d9e9402f08e7f982b67b875e90ab6,0.146314
VirusShare_3c6260ca1c6edac1d630d3ced1bf3d30,0.97516
VirusShare_a90a2c751be2acb0d56048412cc5b09d,0.320973
VirusShare_c3a6b85422c377969012bd63d7b2ca91,0.121341
VirusShare_5fb3847f7776eee666129caadd5d4e7f,0.051082
VirusShare_0d4cebb51f9b9287c628c701c81ec3f3,0.087714
VirusShare_4fdbd522e53b9b3df400d71e1b0d270b,0.956052
VirusShare_4e19a5349758119b514c02408de6dd40,0.082096
VirusShare_b05cba2dbdef68f4c41f71849b9c61ed,0.038748
VirusShare_50ea3a6b5ebff5b6ac7d2a50ce6fd46a,0.951663
VirusShare_b3c6605ce5fefc964b9581125b46b653,0.6932
VirusShare_ce426f098109b1c0a199b6fdb2e3cbd2,0.051117
VirusShare_b82677045a0251b1ee72f68c70dfcb77,0.062391
VirusShare_6a336f88c45417fc64294f9659a5116b,0.058327
VirusShare_d10c078a3cb6e3db2408ff054d84be3d,0.974546
VirusShare_0c01007a6177e6adf7288c425004724f,0.071172
VirusShare_2f42b7ae30b45ce7538d86d93a919cc0,0.082096
VirusShare_3f407bb8cc757d312b0dc46291915711,0.085076
VirusShare_5e857571a88dd1cf58f3f4d0669575b2,0.048672
VirusShare_a04a5627e7a19f46cbe6092afecd0a58,0.933656
VirusShare_b933e0b586da77217d3fbcf32f74b212,0.695274
VirusShare_6d6396a3fffe2834bee8891aca5644b1,0.135585
VirusShare_3281b413f5ac5a8fee61bdb8c438125c,0.915238
VirusShare_bbfc01e933e566ad18f39bb906955d33,0.053189
VirusShare_43553c087d242404840c8eb1fd302eb6,0.044972
VirusShare_fcc2fb9526a9ff8395e9b780ffd3760e,0.050388
VirusShare_b56806a2564bc500a6aca8ea1a768d54,0.975343
VirusShare_15ec835ee1bacba83790b2724991fccc,0.049405
VirusShare_d9b8f80844a7e7be158d1a909ab465d2,0.751619
VirusShare_deb3b8f5bd75de136cdca260dcc1bfea,0.060235
VirusShare_1cff0b4e7e05a4cfa0ef0f8b62305b36,0.068445
VirusShare_506de9e518439c0120583e8598df0298,0.159392
VirusShare_45e5496394e7d6a9efe16008c380cf46,0.332847
VirusShare_26c9f66962743c746d5d28ac8c897241,0.951663
VirusShare_06a2ea79b42f987ecf1220977b7ea7b4,0.11528
VirusShare_b4b3c4eec6688cd63f9c5b876ce851d3,0.089185
VirusShare_f7a5e2a563416a7c2950db32638f171b,0.389841
VirusShare_e228ed6253c44588a85fe10e250ef0d5,0.850371
VirusShare_af630f586f593c83f70f4d02f03ac724,0.046241
VirusShare_d41d4800d49628a6e197bfd9b0f094e0,0.567527
VirusShare_0953533a762d91cdfde6023735541ba9,0.932493
VirusShare_4d6f2a24ad3139673ef8b3b065aa6a1a,0.058534
VirusShare_cdc3aaa008bb19b2b755f8d76be01fb1,0.102842
VirusShare_13915d863b77ae9962214393fc8de08b,0.360267
VirusShare_874c79bd08ef1a8c13a4d451558628bc,0.185503
VirusShare_07ce170aeea619103797e82c16deceb3,0.053997
VirusShare_24a225beb4fcd78e69de8f4979706e76,0.065436
VirusShare_72101f43d83819935d2369f0b5f6ed90,0.604826
VirusShare_3537636c569ca6f228fffd594b2d3ff2,0.203904
VirusShare_df8148fdbea45757019f03995d757ea0,0.163177
VirusShare_929034c4b0c84a8c030d78ab45e4cf6b,0.066325
VirusShare_90c67cdd6e3d41a9d17a0ddcb0880c33,0.476162
VirusShare_f1f15cba3d6bf6be0bd8643320f0dd3a,0.770813
VirusShare_4737c06ec36981b3c5c0b3621eb6c765,0.127985
VirusShare_c99e4779546fcbb1602c37512d299ec1,0.066384
VirusShare_9725a70d48f22bb99b19464995d87f79,0.184019
VirusShare_c957404949b3579db487e37b5b6ad363,0.970794
VirusShare_abd4d0191384fc1c67f15a004345a741,0.071585
VirusShare_89de02c0c8266ede6a02ff3d2250abfa,0.1403
VirusShare_58ced59e63a60386df2e0e6258f17b19,0.362802
VirusShare_8517cb3c6d7c25dfbdac1779a1119485,0.760483
VirusShare_f4dc74a0f0deb5afb28ce2364167dff3,0.048329
VirusShare_d9cd0a5aebec41957cec4768da17bf58,0.072291
VirusShare_1cd8a33f5f39e8eecb909ecdc4c99f69,0.749935
VirusShare_65ccf6f787f52aedbfb3ce1342b82b14,0.956029
VirusShare_33cea55356017e702c442ce58da6ad72,0.690134
VirusShare_939962c34e821866f5f0659ee3afddfd,0.051245
VirusShare_929954f12752db2cd228d2dd097dee38,0.956055
VirusShare_eaeba77d54354ffbfbe9396eb0876eb4,0.496581
VirusShare_a7f490cfe033cb22a3fa979b5c68921c,0.060235
VirusShare_e2fa2adc9733b3604488cb843f0a3835,0.163382
VirusShare_01163a062a726ec28d33d8d135d736d6,0.082096
VirusShare_87b5cf9853b48d405292facce3fc4da0,0.974966
VirusShare_cab6676b1cca978f808c587ec2549644,0.518487
VirusShare_793e6e3fcead4d3548aa884c2863ea50,0.060358
VirusShare_bdfec9453026b28af0db72d7ad630792,0.956055
VirusShare_2cef208d03ae2f434c85229428c66724,0.8787
VirusShare_aedd5668a64100bcadb414e9d7674abc,0.082096
VirusShare_bf9775471c4ac7edc9d0eb6ee76752e2,0.058472
VirusShare_d2975b772607416e9d071e204d056ef6,0.173001
VirusShare_c28b870195526e35c05a912525302151,0.077809
VirusShare_37eb02adad5ff8e5ca288558cf915f75,0.058478
VirusShare_0db2fa36ad0c3b144c74a0994e74ea17,0.489197
VirusShare_d944d6e776ae07366470c667c9f24cd6,0.123847
VirusShare_dedbedb38fa12fd46a1d15c72113b7c1,0.974605
VirusShare_3f49771172c3225d687bf1db9f98614e,0.377458
VirusShare_199148e16c8981f818f518b3b7347945,0.064706
VirusShare_ea2cd4f297bc4f48c4de44defac93583,0.961539
VirusShare_494b2049e1391a20bc666d0892e67bbd,0.429969
VirusShare_8c7f03aec42e0af336c8135879fb75b5,0.930364
VirusShare_f2e0213f317ae638960c650d9731745c,0.079297
VirusShare_ef6893aeb2ceecd0631d5aaa127e1b5f,0.07883
VirusShare_40c093209eee171bad79a025cbe83c28,0.971843
VirusShare_8eff036d96207322029f9964fabfc87f,0.94458
VirusShare_8e24ab73a19bd782136f76bf3ed786cd,0.084118
VirusShare_ba5b0d316bf3244dd6c532cdfb10ce0b,0.06218
VirusShare_bbf8a980f5b8a8b87130f9f8d72bc8d8,0.956055
VirusShare_00648797bdc486f8f0607630380f10b7,0.059478
VirusShare_ed86d5a04757d91988fa8799d53a4a49,0.278735
VirusShare_0594393153a5b3521ef935d0e13e9468,0.038748
VirusShare_00243e6f62fef79dfc52e6624c350e16,0.687311
VirusShare_a2505771bff64c29c18bedf76057a991,0.213054
VirusShare_8576c8038ad577b13ee2994ad3f96b91,0.469624
VirusShare_566fdb4d2a868ad6ab1ceda392ae58f6,0.975506
VirusShare_86b85af1db1464e1db70694e7e968375,0.209606
VirusShare_71b505a25015f33b313b3ab81d304437,0.37697
VirusShare_54b19b8734c48863576cc97f9ae98e39,0.924802
VirusShare_e5f4d0122e8f9bd43cedeed6187dee04,0.921244
VirusShare_7965c790aa9ed50ec3f6a94cece9334f,0.224003
VirusShare_889ff69a0296f171c93b9f2c1b5b452f,0.281763
VirusShare_ae1db82786c6b2290dfec7184d4a7807,0.974187
VirusShare_0d2e9adbe4a0007697d4c54a5c67bb9a,0.096441
VirusShare_665c05427386a9dc85c273548d6fcf11,0.060544
VirusShare_7d5bf19e0e5309298441b7eabf88d30c,0.956052
VirusShare_01a6f8fc4510841be3101adcb2e983d2,0.249059
VirusShare_5a285031bf2cbfc8f3d232faae58258d,0.859261
VirusShare_c106958e5fba3a3eb8c94656bc6dedf6,0.954731
VirusShare_2eeb6bf9ce9af702e165d9de21120cfe,0.816555
VirusShare_15338183d74b2316bd3fa4af7469d79a,0.596131
VirusShare_5dbef2ebc830ad5f704eba9dec351f5e,0.177975
VirusShare_65a67cf4c5308cd5ea18e83d23af7e39,0.060176
VirusShare_baeff1e6835a84ba4e42adfda4c962d4,0.703758
VirusShare_11b12415906c7fd9a85d832a31a768cc,0.323056
VirusShare_c43875ddc579e89d710c0adebdbf1dac,0.437792
VirusShare_44855797ed91df168a7302259eba547d,0.066133
VirusShare_ccf873657a7d0b3ebb528a3e3d30baf8,0.692554
VirusShare_7c93f7b6309b3fb543050113c9063175,0.937845
VirusShare_cc99ea5b166d7b6bab9605fb5e2d2ecb,0.956055
VirusShare_b44499ce94ebfe9a71c72754a364f231,0.956054
VirusShare_40db46ba5157fc61bc6f74ee0281ce1f,0.039111
VirusShare_5d7455637c1ba0bdc6a7345a382e35a0,0.742473
VirusShare_a8a4d7c00723e9dd5ca4ce31370e0ab7,0.569067
VirusShare_c08a239aad55d698903ab13265220179,0.974521
VirusShare_dbb4e21bc4e709c4651dd99447481865,0.975594
VirusShare_a771725f2153ccebf1d029ec087a6cfa,0.060014
VirusShare_9d4fd21b8525492a6d9dd718aecbf3f4,0.055079
VirusShare_bbdb50e58e8b6b13c09b01e0c77f816f,0.058523
VirusShare_66d10707e4d4176ba4187f40232b4968,0.058534
VirusShare_9c1e56dcbf2726c86bcda09a4fc3c459,0.974952
VirusShare_c406d168c1a803e93c7b11defef60db6,0.38315
VirusShare_ce9ffd4406e9e5bf6caaee752341c9db,0.771751
VirusShare_a544ae86a4d1c26ac73768d82254e846,0.045975
VirusShare_7aecf5ef76cce9539b3a1f708384a783,0.954362
VirusShare_613a4649a004b3f592c71001740e48e9,0.843278
VirusShare_ba624f44b60507a12b59858e6f780232,0.237292
VirusShare_95197a96207b21b72ea9c833877d65db,0.058387
VirusShare_a9c73c1086f0656ccca83ef966ba44ab,0.692192
VirusShare_c1f0796efffc88b8758e9b2ba5559918,0.09811
VirusShare_812511e33bf95184932cd822d70a425b,0.038743
VirusShare_7d90c2f4b21be2bfd4ab341b9ebc22d7,0.05119
VirusShare_3167cbc8ee1f2d8ed2f37653de572c99,0.137366
VirusShare_7f60cf8d6362c02748b0f294928d2d59,0.975188
VirusShare_fe6da89f800e17d62df98ce2298e8b5b,0.941936
VirusShare_0ccbc1f1c5bd3f97653072aad1d56305,0.048329
VirusShare_aec08c84f6d56510e965bd55ce2469ca,0.192837
VirusShare_f2a3f641be45c023bb6fd29e3d2c4b0a,0.047496
VirusShare_0b0aaa49dbf0fb4b66bfad33e704bd46,0.063214
VirusShare_879db45d072432ee5e6c823246a4b7e8,0.414035
VirusShare_2fe3cea5e3878d412f71b01b42348bb5,0.061466
VirusShare_ddb918c897e01fe028798ed3fa0c06c9,0.046847
VirusShare_a4118db763f38f44c6869f3d46442aa0,0.920126
VirusShare_92832ac2a4a56686e2f65ec61f4f30c6,0.058387
VirusShare_6ea31c8ff3182167094152e037185a07,0.082096
VirusShare_31a5b9f7b8330500f0b4a291f0bce193,0.054899
VirusShare_29b569652b67f415ae7000c9df7a4a1a,0.045014
VirusShare_44629efb76ce5ad566faa044e74699f0,0.133478
VirusShare_157b23151314101628aa26911d019799,0.959892
VirusShare_c19dcc4a7009930684caebb657f3a1d2,0.709894
VirusShare_e66d517a592d12f21996e0c090330208,0.193679
VirusShare_42261263eb8f1a255abc83b82d6fe279,0.294005
VirusShare_a3c947aa6771530d60aa866adddc8135,0.83199
VirusShare_102ed3cdc8ee32a44e9d8eab78eb45b6,0.086089
VirusShare_6efb9a616d9680c984ea9710ef653371,0.089455
VirusShare_8fb5f41fbfb980df9007d726d474af80,0.954364
VirusShare_66da4f45cbae5079197f8dc2861bb6bb,0.945003
VirusShare_34ee39dee8461a049ccc35645042b258,0.375717
VirusShare_379294e8bcd2900ec596c1e072a16910,0.299356
VirusShare_d6fdd60a53c8e6ecee2d883b762322cf,0.154653
VirusShare_8b7d8e283caa3da57247ce747c0385f6,0.163724
VirusShare_abbb0a906e8a5be819f152e8425226ce,0.052831
VirusShare_32a874458874ae321781d7f8a91d033a,0.937769
VirusShare_5efc20834a211a1559e4d704fe4a5758,0.912728
VirusShare_7e6b448af95d40d4f65a98218196b300,0.294005
VirusShare_e3fa5f91f037ec7771cf84083dacb937,0.181695
VirusShare_2b40763ffefd0c953d638767e2ba6f79,0.310472
VirusShare_c2637b2ad4d436f4efda952b1e8db2b8,0.048672
VirusShare_b32565761c3b26bd5512e920b70624be,0.111083
VirusShare_316a91202cdcbfe434288765a841b879,0.058464
VirusShare_5edd8dd1084fe15844564ac85d7fe533,0.05208
VirusShare_204680ebb902c03fc8ac63e1e8db35e6,0.74116
VirusShare_27cd3d2e37aec32c2b2b1722c5f4d49a,0.094616
VirusShare_b2388b60e2f1731abf93a5cd26a84f5b,0.054497
VirusShare_afcf42e43d1798041a7769340dbe2d5a,0.975158
VirusShare_a332725df42314a2dfc0fca3c61b9195,0.655127
VirusShare_b317bb280a9b1b06f9f3fe4e2d97b7bb,0.79998
VirusShare_a0f1d8a2cf12006e5e513fcbfda143cb,0.060278
VirusShare_be8c3f3a34802369d239a4e492a2b147,0.087368
VirusShare_254c1753c53f9cb00bb2750af525832e,0.058308
VirusShare_027ecfa8596f5e75654dd0aedb5eff95,0.197164
VirusShare_8aa270e3d1e9656b2c35b300695ed73c,0.071973
VirusShare_2f2ec1875387eefdd2fd02d83115d152,0.048941
VirusShare_cebec2ee85c64998946331bafc7a8d70,0.058484
VirusShare_c22c65123759fa5c09d1fe61d05d8206,0.944392
VirusShare_ba8b8331cd6048f8a62ad5fd944c1780,0.932565
VirusShare_7d1fcd8d90474e3dd07cc13071d8b3d4,0.78377
VirusShare_652a1d55f317d14d478c06eff5679502,0.973976
VirusShare_2a46d1af38c45cef9d221d4eec347163,0.249308
VirusShare_812f6de2b34fd31d7d460707b6824ad9,0.130381
VirusShare_3f2e291ade6326ea94dfce3043b45980,0.046968
VirusShare_717ea571ba78b9abfb86f507babf5efe,0.121324
VirusShare_e2c21a5e639ad8e163a04e5078c7f218,0.085345
VirusShare_2cc10bd707872d139b56005d306e1dfa,0.975172
VirusShare_d686e8b0844b28d5a282e1ed5a9a46a2,0.856781
VirusShare_71f3cdbef432250c498abf0956d70da6,0.192627
VirusShare_54d2f877586e5d2506fbd5fa59bb790f,0.747187
VirusShare_c23fc69eb1835bb26bd726554c815e74,0.069338
VirusShare_2df4da0aca8f59e9d8c3f99f81d69543,0.88797
VirusShare_0c692bde0c0bf2cef3a72702504ab687,0.118651
VirusShare_3a24a3fe834b1de33477416ecd8ded4a,0.098918
VirusShare_c32d0a7f6e0751adb7b7051abb0be27e,0.048895
VirusShare_6b80fbcc45190922bfcd039d6604ad14,0.944303
VirusShare_4cc2560de1b2a15d3c8b8580154154af,0.392051
VirusShare_d201bb534eee0969cf14677bf27f8196,0.956052
VirusShare_b6d6b5cb714b8e5fabadf5ba6deab957,0.050966
VirusShare_df35e6334e7034df4641cbfcb2e510cf,0.058642
VirusShare_bdb88ced846189e268f271cbd6a38713,0.14097
VirusShare_2fdbbb9a045948d19b16ed92d9e01558,0.046786
VirusShare_d92a906d0e12ca30947d5bc9dbf4f002,0.156024
VirusShare_c225005150b14ea8b26c3847fd9e35ab,0.05456
VirusShare_9d2679b09701ab04707c45d6ba064bbf,0.055819
VirusShare_2dce3288ac7c6a38cb64f30f27332330,0.038836
VirusShare_46fb9f3e69259b9ba59d5987df27bc46,0.469031
VirusShare_32326b8b4b64f3d1ed502c88cb9a4272,0.080736
VirusShare_d022360dfb391d3254e733e065cb815f,0.97558
VirusShare_302d5bf97f481096506cba70d1e9399b,0.049438
VirusShare_bea50370fefd3a957c68c87de0429eba,0.922155
VirusShare_4f114e7858a39bcb7a61f9ee210546df,0.260827
VirusShare_cbe8c281d15c17d28600dae6dcf9a611,0.050058
VirusShare_2fc12d2bad2f9f46de9bf70c93e4eb8e,0.809881
VirusShare_54cecee0868e914e207f565c5076917e,0.836859
VirusShare_01087d4e1550c17ba648f0e76b656356,0.520998
VirusShare_fa40b1b9c4fe3d0265d7c1b4c37f1b9d,0.049446
VirusShare_7e36dbf1bdb7328060955aa2bcfcc81d,0.108351
VirusShare_3b27081d5574079997e32e16ddc41dfa,0.956059
VirusShare_706219a930353b0e6561c2fb4b65c413,0.179417
VirusShare_ea52d2c201a933b73f5873528af607b3,0.205081
VirusShare_f27a278f050939f1efbef3cde4ec9fda,0.205487
VirusShare_9daff1bbb18190c9db19e0694edf3e41,0.062072
VirusShare_17d228bfd29d0ca5291e8b25bba002b2,0.076283
VirusShare_fbe4bbfc10eaf8a32435a1affc24c527,0.917624
VirusShare_f7cdc30860309ba5604ec08e6f048dac,0.162816
VirusShare_b0c371125a026c18252ee58e19f402e6,0.084514
VirusShare_d2b3515132ba4af14ec626341b998958,0.922341
VirusShare_80693af227dd0f0b75a690624df4b872,0.150979
VirusShare_acd1b83aebba16c6d1e40f462c92e4e4,0.932542
VirusShare_e2b1e8afbacff1108a6fac8d02daa8ed,0.169783
VirusShare_808fbfa48820df56ec030faca33affbd,0.588832
VirusShare_0d6c91905b7d593f2ac9b035bf517d4c,0.953137
VirusShare_2f5c86320b43ca87756398c986cdddda,0.081755
VirusShare_a43a7e0e118957b2843b89e4e140a15e,0.136605
VirusShare_e8cfefc4f65f3826a71981775504ce62,0.047649
VirusShare_2fc26134086db9748cd10c6c3d5dac2d,0.07884
VirusShare_14290500d144ab4e0089395479ba2138,0.081755
VirusShare_a9b0ce663f2b05bfddccf697f8b539ef,0.060691
VirusShare_91916609a5370e5a7bb56a8b462f73dc,0.958093
VirusShare_ba0a052ab6c4f197fcbe74a938562e1b,0.048174
VirusShare_23024f876a0683ca997cd9aa4fab4f5a,0.046422
VirusShare_c57c738019fdc7471986b92ec1a92024,0.121357
VirusShare_dfb066aa984cd280c581b3525f70bbcd,0.940794
VirusShare_ec8fa1c70521e73b51c8316dcfa8b0be,0.259605
VirusShare_34a92b48a8347b90e7d04e622a906b60,0.064863
VirusShare_4193e5676c3f690ecb63bc03d4539006,0.783277
VirusShare_ff23b242a4e7d503f57cafe449c70cef,0.918298
VirusShare_1d9fda0c8fddbe462259eb0fef22d636,0.052045
VirusShare_44bbb71aff57763fdf03c29b0ecef749,0.11847
VirusShare_f267b7f6e7a0594b6b13a2c179621566,0.205249
VirusShare_cd44e01650e8ad10eede6e67f2ab5c75,0.321249
VirusShare_4b6304e6c6672dc5f436d5547bb57aa6,0.088055
VirusShare_f6f4de736422e2ce52eaf99b41edfe32,0.953135
VirusShare_fcf0ca8e9e379095378f09f12bc6b3f9,0.921617
VirusShare_efec5b8b095ca0fd3f2a9106c00b56c9,0.410147
VirusShare_a1fad02a0c97ee329f18484ddfb5cced,0.95022
VirusShare_7ea5bc32956bcccc8838cb268211ffb1,0.938509
VirusShare_91868edf92e76027d93177b0391b31b8,0.920837
VirusShare_9d876558ce5d7e1328e7686d2b09fba7,0.749451
VirusShare_76eb892de2606db4b6ae84a4380ffae2,0.071326
VirusShare_7c0b65a34ff32dafd604d694f8ed04ae,0.103557
VirusShare_80650209bc771aed47e06f7151f7bac6,0.859192
VirusShare_825634b4848f0e44327d2a5279952cf6,0.371106
VirusShare_db9b706794c0f6a381ac3c2069bc9f0b,0.495215
VirusShare_b0891fbf370a10d654d3203df70daceb,0.418767
VirusShare_d789cb3f4f39f116bd942d1d44a9d4af,0.297627
VirusShare_86566870c1e98db45afd713b186ecfd7,0.767211
VirusShare_ee1f07e8e8d72d92be35b612278fc75e,0.054024
VirusShare_ea11c97f8696d08ec6628646fc701562,0.06676
VirusShare_ed1da4a858c559712b72bb735b79a139,0.143542
VirusShare_0aaae9372871c955a8ab58a6fa7637f0,0.951587
VirusShare_7dcef9be608de02f32fd2cac0f041948,0.054024
VirusShare_d8ca702ff34e6115641858508e48fe21,0.294906
VirusShare_bcdb8097e998f9791ca9468a4741a5e6,0.049643
VirusShare_3d1fdad54d7d8900613e79e555fa93ea,0.953137
VirusShare_02c8c7eade7cb70a4f9270b5b2e67b2e,0.045391
VirusShare_afe5ecb509da18caeae043aa1d8aa683,0.930538
VirusShare_b3f88b89ced0c73044a41beb5b20bb79,0.096704
VirusShare_d75a97c43fbb57f42dbae4a8edee5ab8,0.974895
VirusShare_77f1c121e07bd28ce0729ca4119379d7,0.975195
VirusShare_803489e486c3a856d0455cf271bb7150,0.112442
VirusShare_1e83895ab73b8d6f23b5215e6537facf,0.325731
VirusShare_c3390faf189c68ed816409c78b3ddc68,0.086509
VirusShare_bbb54f18c1cb217b991a49f37adbdcd0,0.051364
VirusShare_526a98e8a8446e397a2b4aed4525db82,0.061478
VirusShare_442a50e102098839a8d2857140a5ec3d,0.816927
VirusShare_bbeba17d4b33e541fd8606cc96b27efd,0.087528
VirusShare_fa51a99f025a419f8f7ac563d19a3ee5,0.821033
VirusShare_2ec42717053f6ef45018ceda8ba309df,0.060888
VirusShare_0fc1a97723726481985cf5f4109592f2,0.35142
VirusShare_24997f0ef6719f419b27308b3eb8a0f2,0.19995
VirusShare_56076bbf104a77b8435fa4b76150bffd,0.081755
VirusShare_c0a254fffbabc8abc9f37ad390653300,0.972293
VirusShare_8feb3cce223b51d11c735bd9a7d8574f,0.955024
VirusShare_ac625cc038efaff810007379440a882c,0.062384
VirusShare_facfbd25d513fdd86014b709d071580c,0.038902
VirusShare_4102df52e236467e224c1abe70938e31,0.420234
VirusShare_ba76649c5295d4ac08ba8acd39cf2fc5,0.054024
VirusShare_3f9300c51ee09f2a865a34de56d63887,0.286483
VirusShare_65e0d8d2880744a3400c7406534543df,0.788607
VirusShare_725519c6ef1c2a341f33b6c3ccb6a930,0.974876
VirusShare_6b225ee0dd2e9f20e033ef8ce09298fb,0.95442
VirusShare_5961c2a6f52514732d9c791932c83c95,0.209697
VirusShare_9215e375872869914816048a35df717e,0.049213
VirusShare_48f94a392f4f2ebc15bc96411bee50e7,0.743096
VirusShare_4a48258a27501e24488bcdc8c53e2ebf,0.117991
VirusShare_080c41265ba96abae765efc33d9c3620,0.922577
VirusShare_e9b363c0a5bd06781226f69433e70658,0.102597
VirusShare_4a976b83deb1e845fee3d69aaa67de0f,0.941338
VirusShare_1f331d518d0e425ab7642ccd638ec795,0.254902
VirusShare_0ca1658a4cbd62caaca88bde1914ef03,0.05412
VirusShare_9e3430302d642fcc0cb06cd4c4ef1cc6,0.081774
VirusShare_e01e06e5bfae96a6bc6614a24811b608,0.038902
VirusShare_8b41b4f1552e50a18eb9a37f0b4c078e,0.063739
VirusShare_2c02236887968300083a35e0a2843724,0.954434
VirusShare_6a48bd1bdf1b91ad299c1d5bbd3f55a6,0.103049
VirusShare_b1219d9234e6ba2b999d7949584ae148,0.096366
VirusShare_95ffe0d15216bab57c1681d7f561c666,0.900279
VirusShare_2c29ed73020acbf7f035d3582496287f,0.136702
VirusShare_d1d5a2fde3e57dfab18fe8ba80237543,0.941184
VirusShare_72bdf42b4bb017518490b223e872415b,0.975462
VirusShare_8627b69e2d294c58f9d244663d1f865d,0.121964
VirusShare_a10e415733bfe321276f7af34b4c3795,0.394554
VirusShare_299cd4d0a48b0f8a674f1afb342080bd,0.974352
VirusShare_f9b7a50cfe78ad0a65bd120d2e8bdaf8,0.080984
VirusShare_66c4f8c67ff052f9b69a8b0e04d87a04,0.781194
VirusShare_b792d6ad88986d2b3f7a1ee036f4d8b0,0.284153
VirusShare_457514348b11971e67f3dc2d1108502b,0.944287
VirusShare_33a87f3446ccc19ed83f1989b1313abb,0.954434
VirusShare_66054c4ea80cebd484981ff088ac4474,0.070478
VirusShare_b6a2d3ea29da751fcf688006a1a7d3ad,0.07362
VirusShare_ffd97a492a002b68f6765880910a0fb3,0.974505
VirusShare_f73f7b3b3a5fac2ceabadef35f25b49e,0.060659
VirusShare_40adb032363dba449e170142c611c866,0.190311
VirusShare_3d3d72c0d1da28439b1dd2136c4ba554,0.748573
VirusShare_24762a365a314fea202f6a820cc6558c,0.974439
VirusShare_d7028ec74874b50fd86adacfd9c4ce91,0.453789
VirusShare_001919e17b2e2fee7b74dd6058658047,0.942219
VirusShare_497d4a4eec30866d6051f16c02526943,0.642297
VirusShare_20bf6c683ff15b527e570061ae7b0542,0.070589
VirusShare_3bcbc32991bdcafc2854ee6ed9999fb9,0.164265
VirusShare_faf98f519ffb5b0cb91c27a8040faa4c,0.44325
VirusShare_b9d218ecfd1df72128212c8a2fc10ca7,0.935137
VirusShare_f2bea4337682f2a0c74da06d99d045da,0.328331
VirusShare_34c27c7635a858ec9df2551cf846b96b,0.931285
VirusShare_072aa499b55192f2a503955f269b4418,0.038902
VirusShare_3387106eaf8f2685510eda12ec90a265,0.071291
VirusShare_8b63a0d54a58f9343914146f3d50cb94,0.05567
VirusShare_1d8a5b4ccec9c4846e991913ac961b20,0.973445
VirusShare_2e475a10ae1fb8b23499e558c577df05,0.490768
VirusShare_dd8413e77cfbad82a33c0b2f86afc32a,0.189716
VirusShare_42cc54c3a36f058b00482ba69db1a061,0.077094
VirusShare_b052f23822818bd3be036bd3f3f6818a,0.103557
VirusShare_78f99494e2ffe97f47c7384f15ced1cc,0.42175
VirusShare_75214418c602052280a7fd4373d53091,0.55941
VirusShare_5e0b3da98257bd5a119c66a36ab79b65,0.074637
VirusShare_38f30955332ca28f4cfeb13366ad3529,0.138003
VirusShare_3d56adfc174fe55c2f45a846d39a3473,0.049765
VirusShare_d9c21c077159415e58890a0ac97a2cb4,0.954411
VirusShare_792b9eda0dd4aab8df43f127e84ce2d0,0.41844
VirusShare_d8043c83caad8f040877fca78c31ffa8,0.150599
VirusShare_b578432b59921a8fec01d74cafbe8c5f,0.045653
VirusShare_69c18f984c3af834da4f2adabd46050f,0.137272
VirusShare_18f4590eaf1053039b4b8df0a1dd398f,0.060634
VirusShare_3df6c2fb9786d5b57a2a8b91066c3155,0.971815
VirusShare_809c413d34b1689b66a083c03f2535a0,0.766674
VirusShare_f123bc0b64607dbf5fc90a6a4ebc7008,0.047807
VirusShare_c6a60f9bcdc3f8b8d0c9e6f882ac1ff5,0.12319
VirusShare_a9d8fd978b8fc9912a8f6fbdd241d3f5,0.047561
VirusShare_ca2b1289543a6b2708f1347c3beb79f4,0.975279
VirusShare_f0a0657f8acbaf9c9c630a5517ed8163,0.546017
VirusShare_3a8b5d6c93e59af78339255be66d8373,0.081196
VirusShare_6a24c0fed031b5a4034f46480f58e8b6,0.146421
VirusShare_6f8bf255e6f20bc1ba4f5ba497cff297,0.857664
VirusShare_d20dab651d4804f5004bcbddc15831b5,0.080436
VirusShare_f14c8a35265b403ce74476f1d4f33aee,0.80455
VirusShare_4fe0453e912889c4982a608c413818cc,0.95442
VirusShare_75ece5eebf60e104a30e58c4e0a33b28,0.046196
VirusShare_c14f91fe7a1bf55b9ed2fb2363e0f339,0.842466
VirusShare_acffdb5120632725f25ffd44d6e225b7,0.934128
VirusShare_239c804013f515320ab6e3597bc64f3d,0.918433
VirusShare_6323588f34c35a22ac47170ef0c8349d,0.87453
VirusShare_b06fcf709860a9e24360edd651cff73c,0.526589
VirusShare_92eea22c70cf0fe4116b1021e91eb373,0.387286
VirusShare_aa7f1eb20def95d23b28c3c5a290935d,0.661322
VirusShare_713125001a3a0fa3fc5dae74e7fe7350,0.974848
VirusShare_ae5f0866364899df62569b00e02b5738,0.915016
VirusShare_db145623484b6a5577a787adbc83e16a,0.876934
VirusShare_97a96ddf70c96f0a4776732d6d2f03ab,0.941867
VirusShare_19c2278bad4ce05a5efa4b458efdfa8b,0.953424
VirusShare_ac9ca2630e786588fc1cfc8e3e36e0bf,0.060721
VirusShare_f3b6f509402f25a8f960cb11fea17341,0.753342
VirusShare_a4f0a01891705b96eea2e756c7cd73f4,0.941394
VirusShare_8a6dd4c700cd22ccd24fbdccc455da91,0.235269
VirusShare_af90f380163f2ae3b2c79f7d01ba26ae,0.155295
VirusShare_1075d2779c2731cc735df118510d79e3,0.063363
VirusShare_d2ad720a82be982a04ca89c74a7f77d3,0.942089
VirusShare_c9cccca898deee954d9124269340dd96,0.89285
VirusShare_73109c8d60456cc09785b55cf4a26f3f,0.082546
VirusShare_bc2882c41c1a1d15324cefb5819188d3,0.074862
VirusShare_9bf9ede664ce62555876827effc2162a,0.954434
VirusShare_323cef2a3486dfc107b7858dad6ee52b,0.093708
VirusShare_d73d8c2dc2acda46f8ace3c9e11ffa23,0.270561
VirusShare_acdf311254205936c662238f582e45b9,0.211263
VirusShare_c714d55c7f2a9c106374705e2e7b49d2,0.934591
VirusShare_cad2741c7718b002872f3448effafc33,0.117938
VirusShare_af353b722e0e0d4dbb3907ae7a0eb81f,0.366253
VirusShare_b2080682cb8496dda8637fdb5586638b,0.9274
VirusShare_fcc39fef2f668591b67cd1b58f693b45,0.952186
VirusShare_54abe63ef1c09ff7f5aaeb6b28804f99,0.231514
VirusShare_5a47431879a6191bea3666c92821a722,0.952173
VirusShare_c4268f1010825193d8cb63d48478c297,0.955668
VirusShare_cce3061658166ec2d0ae8bde24dd3d9c,0.13365
VirusShare_7867603e1ce6bf7a4964dfcbec2a19c3,0.068451
VirusShare_735a100d4d2e3c7f5e5427f1d6bb1699,0.045653
VirusShare_1d6f5775b3c23b32128305c8344d9b4d,0.882047
VirusShare_fa208de1a590d4183a324802228dba73,0.127337
VirusShare_e001b45815b1982e6334eb348b1684fd,0.913053
VirusShare_3260da3fdc893a52f99a130d5a3cd278,0.109959
VirusShare_63bcb4d36063b850ac43c752476cac9d,0.102597
VirusShare_6530f2df2bd8ef2721c47932fe71f3ca,0.064481
VirusShare_70fe15fb66db63d64bb14125c76472be,0.954434
VirusShare_b8bc7a97eaa75f13cdfb5406d0e6e004,0.53758
VirusShare_d6350899a1705af43397845c44a2efe6,0.9751
VirusShare_6a6690e12af91e0485c73d30b608bce5,0.060659
VirusShare_a6356eec1d3ee4cb33376a4dc7ce09ee,0.92849
VirusShare_d8803baf20beb5bec1d9d7215a3c4b96,0.06676
VirusShare_e55ca159cb2d00457d1df374f60cf8a6,0.738884
VirusShare_b7596ff6ba8c69539d79cf448ed6c427,0.134643
VirusShare_47bd0d61038eb19afe4b41b6a641dbe5,0.096025
VirusShare_4c43d0a29b7016fbffda733a49c51fb3,0.687855
VirusShare_1fba30874ecb552e5aeb9ee0b4cdb56a,0.154136
VirusShare_448d7f63323f8d984a1203a889bc274d,0.048174
VirusShare_a8e0bf583fb1385b5e0d9590c821eb13,0.953135
VirusShare_b58fa2c915a177646d74b15e64c5ff98,0.974738
VirusShare_1bbd4bca01e5d3c668045e260b26c094,0.171673
VirusShare_6501f8b085eccf3f66c49170d689f8c2,0.450683
VirusShare_bc155cd98dfe584f59e566e7c7daac75,0.048174
VirusShare_3624b619b0926fb4b7cebd6d63307e36,0.201027
VirusShare_6bcde9b91236a449ebfcd3cae7cfbdb3,0.155092
VirusShare_8d2d33a305903c37c97f3a531a81a17d,0.84847
VirusShare_5057a634e87165a606b47df3e67724ad,0.941681
VirusShare_08cc7b642572b2636567040674317917,0.509594
VirusShare_b9c8f39c8786834e4645da4ac085fc02,0.529042
VirusShare_b493eaefa9ca5e8e750c1a52574ec764,0.049359
VirusShare_7cdc089173627752431a0844f6c4c972,0.899433
VirusShare_089f072f77656113dc9414531c63c7fe,0.456007
VirusShare_f6d28f64e5f3943ebd87860480188118,0.852402
VirusShare_3519d66673e1c6a75ededa2301bcb255,0.920298
VirusShare_6ef5b371eaf0c9ec6aaea8c5b56d2856,0.096226
VirusShare_7084a19b62f4efffa190c6de4d71d265,0.208777
VirusShare_d4cd7f7d71079059ee22e761511db082,0.060604
VirusShare_e52822024d7f7f99636c0c3a8b6636b2,0.063404
VirusShare_89c68a51928bd4ff5a6774c12ec7c7a1,0.103557
VirusShare_adba5b23d26056c7b6f0233db5ff623a,0.082299
VirusShare_dfa803a29834487e105f930fad10c23d,0.122534
VirusShare_ef48519338de3fc34115e4f9b4deb10d,0.064924
VirusShare_44e2ef1dba0c3084f8a57b059be64c7c,0.085701
VirusShare_d91c4fc5399604b14819d5ab96245294,0.907046
VirusShare_e71d7cf77671bc39004c7b3f49c5ec70,0.086509
VirusShare_b3658513026580bb96b84eea0d06f5e3,0.280519
VirusShare_924e032424ff2d663322e43db6fdd590,0.284439
VirusShare_f76717157487f12f5500adcaab8b139e,0.051142
VirusShare_b3c0ae5b8d79f1c6221ad51f14fd5a6f,0.06153
VirusShare_5c48402d3c9339365f14e5577b5fc29e,0.790197
VirusShare_e77e3ee8e65195909ea8dfe0b3200d2e,0.975337
VirusShare_6aa292e0e878e37aa74465cb2bc29dc8,0.799386
VirusShare_b69b3f05be56830d3e479393dad3d0d3,0.189737
VirusShare_e2f1969668585f9955defb745062b4d4,0.703815
VirusShare_e09f2640bd1549da4ec2c00a143a51e6,0.801645
VirusShare_875f86cffeb048b2e9e938a7efed0fd7,0.204401
VirusShare_764dec83359da9e37d5269ce5b3d1776,0.03894
VirusShare_1caf414ad922e7d1e18244cbe6fc5541,0.975256
VirusShare_d932b1e8886aad700dcf3fd1c3274df8,0.300811
VirusShare_de0e48043b58bc2ab76ceed657e0b6af,0.059028
VirusShare_8869683aff5f60234904524d11e904da,0.896089
VirusShare_32239b81f56cfec941c55b7c4ef0dff1,0.076257
VirusShare_163b66b8be871c131a09ab4beec354d7,0.038902
VirusShare_bd0936130918f160fe94ac409384813d,0.695864
VirusShare_613aacb0049023893ab5806268ece184,0.085104
VirusShare_e1156537397a5eb59383bc5ba0c1d39e,0.038908
VirusShare_03fa6349450ead6659e3e19433e7da18,0.074814
VirusShare_f6df0ffd3c5dae167618988e06ae230d,0.218515
VirusShare_cd8a9d458b8c3b44dd752b3f4040670b,0.068118
VirusShare_3c4b72c99e01934a5521f930ccf36606,0.215283
VirusShare_45a80441f3c3c2c72b9310b7d404541c,0.198207
VirusShare_3626f23da6bd3ec4b8f52ad11dfab1c8,0.95442
VirusShare_8be17543a3330104b13a07d86c9b35d9,0.334986
VirusShare_552b6c696cda9c0b19dd667a82d6dfaa,0.068939
VirusShare_7e1e2de5efe13eeffb8d480d17ba41bf,0.952525
VirusShare_261f2c8855c0a335a4136c94d3189d02,0.399505
VirusShare_74bd1290b0f77e59e1125686e2f5260d,0.364857
VirusShare_7ef1e8b56f35a04f91b7d6125c537e80,0.070176
VirusShare_83bfe2ed635cd03d38b94088197e44d7,0.974739
VirusShare_6ca2ef7fce35742347c174454cedbd30,0.550546
VirusShare_b23f467fe031f2ad6c72875c086eef4e,0.366393
VirusShare_0628915b04d7b3430eccf89b72ee5271,0.895206
VirusShare_205584e7c6b3b51376108f5ac5a69c25,0.355099
VirusShare_2d329a4b34281cd8fb10edb2e2d08843,0.081755
VirusShare_d62379fb0e5ca43ed4d8f98155970ca6,0.038908
VirusShare_a10973af4e6fa7cc69626d7202dea2ec,0.954434
VirusShare_7a7a6265c00d95c18f6ed946f8e46b27,0.564273
VirusShare_76c14b04f01e487d30b6e91534528ef7,0.347766
VirusShare_cc717bd84297e9276d692f084b178d07,0.937806
VirusShare_7e8b35d0d5dcaf206df23549261dec30,0.115977
VirusShare_44e4ff27951073c62c5c689e8ba9bfc0,0.960018
VirusShare_97482e4f8eb0bfe2a2890065d3fe5b02,0.063389
VirusShare_48975364a95ff92ea60778c27696fee4,0.626984
VirusShare_f09d3d15012b084953fd8004c71e9b9d,0.230194
VirusShare_c94c22b8fb8c75d32d6e566cc5c38e01,0.038908
VirusShare_55aa8ba309f467389c6aa1761272f831,0.622501
VirusShare_d6bb239eb770d2109013c36d2300840e,0.049024
VirusShare_4742bc3c8ad6b876b854710b2d3ccbdb,0.089992
VirusShare_a03809a5458f9f12ea149bdfe0db7c1d,0.941629
VirusShare_5d34b41c3cd47a6f533d78fee208142b,0.956465
VirusShare_a835712d6f70915e9ce1b4ec9c598c88,0.086509
VirusShare_a689218f9cd4d785ddb28640a955c7b2,0.038908
VirusShare_c1d5cbd3672b19bb80aa51f0ac65295a,0.156162
VirusShare_abe0241f9e76faa34fcc2814751d37c9,0.083999
VirusShare_9ac6653c55541523f20f4602383e238b,0.615185
VirusShare_d5960f471e8bc3b18552ed0bfc7a650c,0.953991
VirusShare_8d3c8e7cee599c5b5f0d5b44a73e9d7b,0.975294
VirusShare_58e88d7a7c4856aed36728d15da3adb2,0.815857
VirusShare_5308a6de422d669a9a9277962e9235cd,0.093305
VirusShare_ec5c2109ceaefea865b9006cdb46f196,0.06676
VirusShare_fc69da446cc17777cad399f653c88401,0.05412
VirusShare_6e6171aea66dcb4226e26fc87268c35e,0.155
VirusShare_866d4a25b4f1a7bbba029498d97e8dc2,0.057868
VirusShare_e6db671cbcb945a5bbe47bfc26ba946b,0.975222
VirusShare_6e083a066e8049a31352cf1ae3494c8f,0.954434
VirusShare_06a14210345a15c43a0ec14cd37ac3ca,0.97529
VirusShare_d0b7b109da80f250d68e6f5a0df76236,0.049024
VirusShare_02930405126c60aaebc9bc2534a4ffe3,0.362057
VirusShare_8a60bdcf016f78e4e22c6e435c901895,0.074862
VirusShare_9cc3b4b4a10f6a8d18f55a252776eda1,0.954434
VirusShare_fcf2fe299bbf4ea73f51dd636db6930a,0.038908
VirusShare_f7b6f792cbe0f1b54249d7e0618e8159,0.719063
VirusShare_4ec288efcd320e991001b6eb89b89f92,0.068637
VirusShare_ecba5c91b5e4a386d7028629905f97d3,0.077517
VirusShare_91e766d6bbdb5cc0fcbb39c20b5bd7c5,0.943288
VirusShare_327ad494c0e11d87aeea3fa3f3b476c2,0.063439
VirusShare_b304326e0642b2b536ca8dccd0ec9386,0.497369
VirusShare_9a9b5f88176694ab6aa2de0e0b6408d0,0.974032
VirusShare_8cba37dd56f4eaa2c9fae8647d7510d5,0.743206
VirusShare_9f06608336ad526da6e3a9d19c139959,0.939075
VirusShare_aa31ca401c6202946b58129b2d9f3c89,0.881184
VirusShare_412d9b507cec445b0b4ce5dc36cef697,0.874676
VirusShare_874455fd160293c9c1d305a55f0a363a,0.954434
VirusShare_cc86e826f95ed7a6298ccaa89929649d,0.149346
VirusShare_4d4583f3365a639d556fddcfcde991d5,0.937935
VirusShare_2bb96d52b9f5a3019ddd2e0c4783550c,0.97538
VirusShare_6aecbc2aa23962c147bfed8c0e54294c,0.203911
VirusShare_ca5e369cbd91adcc35c36669b108a438,0.48473
VirusShare_d4ab2082f217f9e476b90ae6c4cda32b,0.5142
VirusShare_de4ad39d9858c38f02220d4efb2e6fca,0.954434
VirusShare_d3d326c071010f35a884d04072ba16fb,0.060536
VirusShare_dec73e76e350c19161c4afe18cbba40f,0.049972
VirusShare_ade9387f1aaa741a8d63c26b0bc599b8,0.954434
VirusShare_6420fbc5ff2a03362c6a7b157988a5a4,0.160884
VirusShare_023773baccad8643077051a325715326,0.973587
VirusShare_74e8d75325f752f65c4a013ec7a92f9e,0.953137
VirusShare_102435ec04db44e7ec56e3275cbd5374,0.118146
VirusShare_654be7d6de78bd3ebe4de42eecee41c7,0.047924
VirusShare_ad603664e34ea0bcbd98b6e0e58190a9,0.054024
VirusShare_dce607a8046946dfdf12fbcfea94aab5,0.974884
VirusShare_d8b2a0b440b26c2dc3032e3f0de38b72,0.920337
VirusShare_c8c878772bfce386498504718519d213,0.118533
VirusShare_14f39c06f405eb34428524ba32c4fbd1,0.079864
VirusShare_9538ebff684c742ac84e98da4a57fceb,0.974625
VirusShare_8062bd855534641ccfaa1ec1ef155e73,0.038902
VirusShare_aa4da8f24861b26dee278417e35b1afd,0.048174
VirusShare_2730a9386d523ec9ae8a8067c5546db9,0.06335
VirusShare_b5039cc570e896c5d9e438efc819ec72,0.841829
VirusShare_4f5fc2090d2551e46ab2b69e85bc15ba,0.143088
VirusShare_9fb25853162b4ea7a42cd17e236b1041,0.744402
VirusShare_ab15a03b62215032d9b8486224333f8c,0.075211
VirusShare_f22f5b96d482f811fda63e090af770c0,0.046123
VirusShare_52e492d419ceca5a5de650ceead2b60b,0.969688
VirusShare_7f3e59e5988e848eee1d231d400ac1d8,0.909038
VirusShare_61cb7e1d3cfda88df7bc2e3a9e407df0,0.08682
VirusShare_4a24ec68e807e219e1f854007bd526ba,0.208352
VirusShare_fa7637831daf5596c99b85798f5afcc1,0.252532
VirusShare_9c7e2112b44b0a4ba6ea0caa8b34d234,0.645731
VirusShare_a30bddb49a2bcc3a7c09cb7d98c30e2a,0.044365
VirusShare_574224d542bf98efac4a484763e7ee79,0.065005
VirusShare_5d92be1d7b4e08530961c2c2482933a8,0.912756
VirusShare_5f417880dd5cb7b8e38e4a25931ee4c6,0.248717
VirusShare_7584286a2b512b58c421cf38a33e0776,0.038902
VirusShare_ac865d5c6425fba87580e9995fbdcdc8,0.899325
VirusShare_51e77c1bc6916875a8be48c2f80a6ab5,0.132474
VirusShare_59011b30630b327f21b0c6c070e6bdc3,0.950896
VirusShare_76a1a37b711e8493239400dc930671a7,0.864225
VirusShare_b50984bfdc18fba63ffb5bb3c59df568,0.079946
VirusShare_0669f8802e4db259c20d79249f489734,0.221538
VirusShare_e646e9736003ee34df9cc2a907d5358e,0.292774
VirusShare_0c517e5d1c375969dbd64a2c8534acbd,0.869881
VirusShare_bbae7b237de6ef086b41f92d1a16b25f,0.060659
VirusShare_7264a48944cd1c4b67f424dde97dd80b,0.164265
VirusShare_400dc28b124bacbf260c9db1447794ff,0.102597
VirusShare_c2e0d8c10c81e1da71441e42094651cc,0.060593
VirusShare_b454fc76c6f553abc90828ecc84382f7,0.049024
VirusShare_46b2b8e7621a93ae6b876b071da55212,0.670972
VirusShare_3065a1c430edf803c1fcae8faa0a6511,0.974969
VirusShare_339e15bfeb2dbb158decde28952472ca,0.194118
VirusShare_22d7840bf6ac8b92d60fd974a2de0c30,0.083238
VirusShare_57558006a115cac07d9bc8590f5b9412,0.697191
VirusShare_d6d9d1921d70672b222e1c56d20a15b1,0.11847
VirusShare_9ef03ac222babe158b0515cec0046a9b,0.633268
VirusShare_c4c2351d0cfef423c2e4a8e641a3f660,0.342195
VirusShare_0dbb9386e714d61d09d35e9d801f9931,0.817151
VirusShare_4fcf52dc6c13ce27bf3f635702d73d3f,0.066158
VirusShare_f2cb3915a1df9a9ad5376fe30ed201be,0.879824
VirusShare_73e21f62e9a51e1e8d7029643e5d44c1,0.239105
VirusShare_3d6c16b3f546a9ade1b0f15977ac1dca,0.049105
VirusShare_d31688f08f1364743ab586f16b9bbfad,0.038902
VirusShare_77392443e607bac39bc8eaae7812c65f,0.974942
VirusShare_6d9d00b656388890f8688a01b12d915c,0.942085
VirusShare_ace93056a44f8903f2f7e1f3e3784aaf,0.959995
VirusShare_38390f5375d63b75040c1b4c2614e6b5,0.821273
VirusShare_cedb861c0ff53dc80e1d4bf4e315dadb,0.038908
VirusShare_544efcad1b9a258aaf6e9255de0fcded,0.060607
VirusShare_df1ca6f9cb17177844cedc6e3730efaf,0.109682
VirusShare_8b68d7716251775eb1525fca72e10fc5,0.421779
VirusShare_4dcdc4e1e439d26ba64e71370fea1e1f,0.06676
VirusShare_1311d09a2422b151152edb78b75409c8,0.300139
VirusShare_db8a4d12d85df08a1908e2673d616b9d,0.090181
VirusShare_982a6507c7d4a78fb8018cf56727bacc,0.063985
VirusShare_dbb186a6515a51c37ba05e00553816c1,0.038902
VirusShare_89e4dc7ffab417bd46124b939f7938b6,0.124905
VirusShare_0c5a14574c87776a012e01ba2db01f9d,0.81587
VirusShare_167d1626a6b9ced21da310117e69f1e1,0.089275
VirusShare_a940a9edcd56a63d01cd6c248a138f42,0.601122
VirusShare_b538769e083d871a9fe5b4a160349db0,0.061298
VirusShare_ac1ad8c73cd74c8496e85807f2c325dc,0.92349
VirusShare_1f8640ccf9edf3a4625b0e6025de6dbf,0.215565
VirusShare_a1f895493a483d204378e9928665888d,0.282899
VirusShare_868e873f0cff3606df3c41c50682944f,0.212999
VirusShare_446e4386f6a0f8339bf8f4abb1141252,0.25353
VirusShare_16bfce5394e82c3fb7e7e8273a5c04f3,0.080052
VirusShare_af9ba7f574ab1aa5504dbe1b81944129,0.049599
VirusShare_93f61e12e3a5d9c76b613daac35895f9,0.482984
VirusShare_cda840e1f2a80620e98aaddfc4a5b116,0.230637
VirusShare_6495340a8320ae31db0b2f0fcf02c99e,0.047561
VirusShare_fa1f75ccd5c207a3427ae9a42e9efd8e,0.038908
VirusShare_2464dbd12b4b4f818c27005949b2df18,0.078149
VirusShare_424d1a75fff4aa5be0d4cf5ee55a6473,0.200253
VirusShare_c9ba34f46f8158f2fa6e63112e04331b,0.211335
VirusShare_a21a58532c007149d84a169e2392325c,0.847828
VirusShare_b95f4808d16933ba6bf547c6996ad3ea,0.492762
VirusShare_d9f686bc50338d091e74e4912e99270f,0.054131
VirusShare_5b5c363eb6c4c5de28dace28b653b38c,0.047317
VirusShare_3b046f262b71dcbfb96dfc45d09c92fa,0.928743
VirusShare_a36d016ad535a2db3dd81778bfdc20ba,0.044017
VirusShare_0c6c5fba5b32856bc9a0cdcf6b4154f5,0.589131
VirusShare_b966faad9cc65751057d480bfb427c8a,0.038902
VirusShare_b7f55b6ade60614d13a6ae4f83ca28f7,0.644777
VirusShare_ac072bf0c662d6d0e8f5326dd8612143,0.940202
VirusShare_d06f6cd8037d991c66b4aa6db14a48e3,0.940634
VirusShare_660b621e6ce8ac276a941ac7af421107,0.821321
VirusShare_a438c5ce8f98d7fedbfde163966a3e8d,0.226223
VirusShare_1e2c18ce4fd8ca91eaa5e134c7ad7857,0.061879
VirusShare_f38dff20d3f78f327a0148eb478b5f42,0.086509
VirusShare_8b23b0a6b0ad101f5044606cc977a0a7,0.380104
VirusShare_e9090ab4367afe20d903547495d3ac90,0.054009
VirusShare_5729448b4e70cf880b206da4c4db4914,0.065539
VirusShare_ddca580733446ead6d6326f08fc9f629,0.066319
VirusShare_bb05ec4e0ded1a559ecd3dad8f6946c3,0.070243
VirusShare_2e61096318dd4293fec971b65291d74c,0.848812
VirusShare_b5b222c9c062d8e794ab46a6a809cbc2,0.97471
VirusShare_f9eef18b592edab080f03fb0da22fb46,0.975418
VirusShare_73f3b7fcf0418d1544138bb233a71898,0.371106
VirusShare_f404b116552d8b8ed25051c2ce6e789f,0.953137
VirusShare_a8ee14f6cb091c7e75692e57a5b77526,0.337339
VirusShare_1bab7252011f03fac37528db9acdbee0,0.192314
VirusShare_ff4f0cf177c0615a60e6813e1fd7080f,0.078725
VirusShare_f2ae5bfe554c4aa815fc4ac188ee91c2,0.883832
VirusShare_d9cf6a85c1bedffcfc776b8afc296234,0.602205
VirusShare_f2002a17a16f5148637dee7acbeb9461,0.060536
VirusShare_3f3301d76f76954c4ee2d443393be9de,0.175955
VirusShare_d42ef3a89f8f94ce54932545bbfca07f,0.242002
VirusShare_1e9f8d078ee0e16e5127bf35fbeafbbd,0.179246
VirusShare_d9e83a990c7bd74e6e595db61ef7722e,0.448881
VirusShare_b4f69f466473039f2dfa00f8ddbf1dc1,0.095024
VirusShare_9a4ad8c9df722a9ea6f9e6d3428754d2,0.919373
VirusShare_d30c39fba040fff4e671659fd820bea5,0.953135
VirusShare_052f626b95ad3197692518e53a936fb2,0.461737
VirusShare_651c831520c7ef54e9cc6ad4fb1f8624,0.975178
VirusShare_84c25b21e701694937bc2013b63cf540,0.318634
VirusShare_fbe06560b1d8aefd9e2ab24c2bd2479d,0.09155
VirusShare_8282727e654167ce5b0cef69d3c91656,0.279593
VirusShare_d22795792979c922f267d94445e40b90,0.12507
VirusShare_e69a98f22ee888161ce926f08f3798cd,0.049024
VirusShare_8b6853555e2d45f6ad580f41c0f89da2,0.066349
VirusShare_d2de2186c7ef00203e5d7e6a27e7a1cf,0.921651
VirusShare_fd1a2593d96c123f0c275c7c87c1002f,0.456918
VirusShare_22490df3a9bf9d21cea92722a9c2e38a,0.908424
VirusShare_f78271e69d8716b9353e463ca6378478,0.362057
VirusShare_512de5d6ed04a138bc3bcfc45738bded,0.26207
VirusShare_37ce79fd21718b07d7da508608b5d7fb,0.052092
VirusShare_f2c1acf689a14f3f38b3a69e8e7cfd97,0.700866
VirusShare_ac31a9da638d8f5ffe658b0706a20064,0.975127
VirusShare_3e47197cb58216f251c3f4eb344769f7,0.062384
VirusShare_3804f896e2314fdcd56467cd0794925d,0.161367
VirusShare_52c627191471a937f877763447ae6e63,0.060536
VirusShare_7e1de728e265ef57c98bcac93c086e8f,0.060736
VirusShare_2c5ffe09acf3b174346d068b9eac19bf,0.524957
VirusShare_a25a2927eb2e1fae5b4487ee68f5dcb3,0.139004
VirusShare_4b927f466fa079f39b13f00b4c34f68c,0.264924
VirusShare_b80ee17d223b44472e1cbbf63a446690,0.939687
VirusShare_107b61ade2726b9c7f9111815455f92e,0.074699
VirusShare_2bf19db2fbbb97b004ede2d19f085b3f,0.953135
VirusShare_5b7f297ae7751a16b852cb3ab009963f,0.070835
VirusShare_698b2d1826a37f07d8bb05faca5e03f7,0.045378
VirusShare_3c477df0467501b1bd84043a04bd0b23,0.075314
VirusShare_2e4aa4f5f591656754587074867a5014,0.06676
VirusShare_f1d80d08c2254de011013a6b0bb40450,0.912392
VirusShare_9fecb8e09db953b5c234f6a7f2e52b75,0.081755
VirusShare_af366ca287f4fff65e730d609d3f6bd2,0.953135
VirusShare_37ca1f328e1e906c6b2a3a61dfa42367,0.950729
VirusShare_fa1420ea691fa7184d9be5875587b58b,0.347106
VirusShare_60f783bc56e5751bf09201f2b0862974,0.060536
VirusShare_e3de30f023963891fa8b85c8812cb12a,0.952525
VirusShare_721b9217bbbae35e934e3918dd0ace8d,0.560734
VirusShare_f6808cc79c8d9cccbe4bd4a5de2afae8,0.096059
VirusShare_47e17f706e2b320a78737898d34a55d0,0.158497
VirusShare_460484a9eddbd4c4fca0a08bf4053bc0,0.106881
VirusShare_f42e805d25e19f28590f5c736357dbfa,0.25386
VirusShare_b15bba509dfef4a2ed7a14605915b585,0.054024
VirusShare_1af98104bbf7293c0e4156d7ca2794c3,0.200364
VirusShare_d7ebc1193dae6cb66f6675590aa1c7db,0.951321
VirusShare_8ec4df27760e389475e332e84668f4a7,0.054024
VirusShare_38d58df5f04dbb6a709772d643f4363b,0.906979
VirusShare_40227861ca76dc63001dd35b512017e2,0.954422
VirusShare_25d7926bab3ac72827a1c1fba9271527,0.907064
VirusShare_4da21cda6a26f7f455d8beea4b4e17d4,0.15205
VirusShare_83acc2dac812cf4872261a2b6378db78,0.160445
VirusShare_9e4bc8fa0abf700104cc8cf738e6b33d,0.957102
VirusShare_9684bf0ff7935ab4c15fb10d988e8665,0.088055
VirusShare_0a4f2906a8a21bc1f20855e20a6e67ce,0.101339
VirusShare_d9a5e0ddab852132dde550cf62de8711,0.636813
VirusShare_1ae7eff7734412780c96ec9b2cf6f697,0.038902
VirusShare_8ef8a835ffdc48e0bb25ee7573fd7eef,0.535375
VirusShare_3ab9cb8cbd724a43ef9fe13b386526d0,0.152144
VirusShare_2e1767678bfa2ee06cd1f5ff404b2143,0.975415
VirusShare_6bdee6b6207d73dd61effd1496350d5c,0.060537
VirusShare_917a1a9b2c584ca5c47bc87844207880,0.069001
VirusShare_6a787a34b097237f3739f08be4b3e39e,0.953137
VirusShare_b77a974ba091af3704d22872b5cde2a6,0.060721
VirusShare_0aa5b1923c5be8241403ea02634bc1be,0.076699
VirusShare_d6c863ffe483401895a85299541dd8cc,0.300811
VirusShare_a90969ccdd7291e337b56022816e053f,0.914559
VirusShare_c4b288d16464b73ef4dfd128f331906c,0.681465
VirusShare_35e632513a50e6f0e6b4eb8c8b5cf853,0.062188
VirusShare_47dd2866d64d42ae5f7eaea6abf3a5ab,0.104775
VirusShare_aa797d6fa39c3b5e1ee123e0dbec2cbd,0.861831
VirusShare_1220f08fbf6c73e1a3c7cc36b03b0816,0.974825
VirusShare_45033d03c732567b35288ed2d3198552,0.043553
VirusShare_6796d5b7eac401f267a07dfd22c05910,0.151592
VirusShare_c4f378d197710c9cc645737acdbebd61,0.953135
VirusShare_5124ccde1e94a1de5493ed13b299bbc1,0.291308
VirusShare_d8ca242bc28362c0b57be28ea979a6b1,0.061459
VirusShare_9f8d92cddc9a2a55e2c13e9f5450f84e,0.954432
VirusShare_d7208522340193103a1811629bfe36f1,0.056105
VirusShare_a37603545f4cb3b8db75e50ec90726a4,0.941551
VirusShare_97d340c11e311172f85b5d67a4924cbf,0.354821
VirusShare_8968dd99d529c4f4d3da1a6f3b3c34d2,0.06158
VirusShare_7148c6409ebae046634185db81c022c4,0.935825
VirusShare_72dcee5b3be1400e8b1573bd6d1e0add,0.299324
VirusShare_b5720a69c5078adc2f1392d6559efe24,0.660215
VirusShare_7ee019e3e3b1bab331c206c88959bfb8,0.944617
VirusShare_ffd7a59595b51c6b457cf1f838ba7bf3,0.87408
VirusShare_dc1dfc120312ade83b92c1df3a486986,0.201345
VirusShare_de3e28578bead62ae0e27fa911ea311b,0.830527
VirusShare_ccd85ea6b70ea09b0afd577179fb04b0,0.077771
VirusShare_d163b13861c200b9355e817e5c471d3e,0.678229
VirusShare_3d0fe00bdbcdc38a53b00bf040d79056,0.975024
VirusShare_ae541ec138894780e6df8537192ba1fb,0.702137
VirusShare_43412ef351a72da6b23963e575cc9b4d,0.060819
VirusShare_b784cea86e39573cd97186b7444a7e60,0.934779
VirusShare_c2a6fc81b7db030f6ea0a18af165d4d3,0.078717
VirusShare_7cd03fd7ca6c03a9653561d97acc8239,0.060659
VirusShare_2fe548e9364b9ec374cdef7f6aa8dfa2,0.158437
VirusShare_1d25aaea3b1383179df563a96283f1b0,0.054024
VirusShare_113c5a760b77347e3fd1262b40196344,0.074862
VirusShare_309489b76d44b43d883c747cbe7f5215,0.301258
VirusShare_d359df696d5860750435fc0998f8203d,0.918245
VirusShare_76aaa2e71a515b2a66f6a6ccdd17fb6d,0.105873
VirusShare_f2bf51102467958a381b2bb490b88594,0.444793
VirusShare_914889c9320ce72a4c5230c99de148c3,0.063316
VirusShare_3a8dcae536575a79af1a77cd4e282c40,0.889401
VirusShare_8f904d29431a36c35af99552b8f0834c,0.071852
VirusShare_477328cb947a9e8e4059f2044bb67887,0.339168
VirusShare_28e78aad903186b43a72a95f4172555b,0.345119
VirusShare_8b0f8c97e965175050da42c13c111b7d,0.953137
VirusShare_a196fbda900eaa5b9b87d6ef1c5eba31,0.067755
VirusShare_db4c04c00693624cefb2e85aa0a336fb,0.117908
VirusShare_740b56f325e02f5af71c811ae092f705,0.050584
VirusShare_262a82e5ead5387c74e189d4bef2fcec,0.381192
VirusShare_9269349a200b618cefe3cd24d2234a2d,0.953902
VirusShare_ed3e76997bb34dc4868032352b5b4f44,0.05412
VirusShare_e795431b4b16270e70bde25f1e9de48a,0.049024
VirusShare_ab82875d2f5c6e856d83d80f9b0b2389,0.935676
VirusShare_5a4015ae16bc116a22e818719c703c39,0.873581
VirusShare_0f46044d6b002c76bc1db7528f07fe4d,0.049105
VirusShare_a8000c3dd47276da281f685541ed4547,0.246518
VirusShare_9b3fdd98394c221091a20607b4e75e24,0.93608
VirusShare_1899ac435bd27ec5fb675238a2272ac7,0.103049
VirusShare_b5960ceea0fd06a282aff6d82c241582,0.101167
VirusShare_e877238a31312feb3c8e6bdb82f400d8,0.97503
VirusShare_a6e66f7a49859c61ae44712f3da36f20,0.081755
VirusShare_e0d2bcd2508f92901a210537e58a54f6,0.062384
VirusShare_b7654f32d329bf18e661a295b11eaab2,0.038902
VirusShare_4c7dfc7d9a0f58c8079816f504e0a26f,0.4567
VirusShare_a4cfea295e5dc1da48001ec9282574a5,0.975424
VirusShare_c14889197b24dbead57bdb8527a31a76,0.049657
VirusShare_ecf178967f0c0570247963336ffd17aa,0.077472
VirusShare_4ec8827165bcf961bfc8e07506fbda21,0.957013
VirusShare_ae709cccdd5d94b960891499f62f13ad,0.246001
VirusShare_835e8cd097d650967722f37ac8775a6b,0.049264
VirusShare_33765bf7f84b7150d919f1a55062eb00,0.080039
VirusShare_b230f86aa21203535ddf51ae5efd14cd,0.286917
VirusShare_7684840da8072b920a2afbcd93a7d697,0.974895
VirusShare_e9681c352e859bf082831d69b7c39aac,0.046512
VirusShare_9cb7cf5c07b242dfefd236252182289f,0.049794
VirusShare_8b0f6235ecca70f12b2af9fc99abf208,0.921555
VirusShare_e9a4d88653aa997eb3eac6f4baea7701,0.049264
VirusShare_4a22973683d9a5310e68219fcdff1678,0.929088
VirusShare_9c0d892d63cea993b0c04b5f88c6f259,0.321418
VirusShare_ef694101fdd3780e914ffec84b23f150,0.050435
VirusShare_c20a1fc8903df478c4c7f44aeb20e2bd,0.048611
VirusShare_c42b183296095a562c796f7fdccdcaba,0.048303
VirusShare_98eb8f406496988aa8ab1aec8523fef5,0.867485
VirusShare_96be13f099d02f2691b94917beb476fe,0.101129
VirusShare_7e7831ae6943dbc68b3745340092a189,0.201409
VirusShare_e7903dc52286af6088a351e1e80ab403,0.079862
VirusShare_c29b1a3bd46627e8067c812850567ad7,0.785466
VirusShare_c8f3719f09fa3745d000e418825cb947,0.795736
VirusShare_6539047abba0cacbcac9c55c0864d704,0.06346
VirusShare_4ff150cc2f2add50712bd894c065a45b,0.179325
VirusShare_8388c431b81e8a26e0b0eedadfc9ee50,0.841253
VirusShare_992e26120f40d9c34f4e79a2a4472063,0.075314
VirusShare_7059352c3c99eb72c14a4d81e1cc1a3f,0.094718
VirusShare_a968f0ca4d44716f6e0e46749718753f,0.067837
VirusShare_fe0e594026784a4a346c0c63b60cab75,0.954422
VirusShare_d92e779bedfe1127b8b7637920754d4d,0.222635
VirusShare_9237a1561a3d2b7a3e024cd18e2f1cd2,0.974948
VirusShare_0fe8d530d25bd817787cd5a022410cbb,0.355614
VirusShare_a9a2aa4549fb299fda2336d5d4d94502,0.935736
VirusShare_0eb1c2900921bea4f6eccd05bb985d75,0.060536
VirusShare_288cb6b1b6b58190e299cca6cd51125d,0.431921
VirusShare_1c5e0eb6cf04b73c30ddb5ea9daa3613,0.044201
VirusShare_3d11020cfdd92e6fc487b49e1e8517fa,0.050042
VirusShare_8286e2a13b720634b96f5316d20149d3,0.950729
VirusShare_7061e8371dcb24cab43de169a095c926,0.094625
VirusShare_e7253dac1ea6246a776364d62c912884,0.881536
VirusShare_3bcfe22029eaffde515012cbde81113e,0.038902
VirusShare_cf22d40981bebdde87a3cbfa2e0a9e81,0.954434
VirusShare_3799833548a3e8bdd526ae0ed3398913,0.747973
VirusShare_63b729ff789484f27f4103f23ce95d92,0.971541
VirusShare_23abf90abffdf574ca2484aedc99066d,0.233139
VirusShare_b2a8a823403aa4e0d72ff9c338ec8b7b,0.975121
VirusShare_e49297233ce8b284f682ef0fff6b74aa,0.326565
VirusShare_0653dab7cebb74da9cac22ba31da3ac8,0.953137
VirusShare_cc1a21da858b6509107f1cf7dcfc98a0,0.729541
VirusShare_6e26f172bbd0a0d2a239484a4c235f92,0.954434
VirusShare_97042d554a1b438d4dd13c0b0cfe15b9,0.270227
VirusShare_de23d833b6c5ea8b120d27790ad1fd3c,0.907243
VirusShare_d3275c1ee544b82ba6b7a23bae7b14f9,0.038902
VirusShare_40112325e9513f2026de7ab86d611a56,0.281295
VirusShare_6a33bbb9addd4251ff335371fcef8147,0.049657
VirusShare_2f407de87bbb280c453fbc9125d676b8,0.922061
VirusShare_88471a86af9c9eb80678e5920cd44b8f,0.975456
VirusShare_2d755184beab51073b482ab1c7db1535,0.038902
VirusShare_41fecc69c6e8d64cb4cf434fef0784ec,0.862871
VirusShare_126663735f6ddd18702029eac1020dde,0.924046
VirusShare_78d55b0113b874192039dc02919e58f8,0.900902
VirusShare_ce1ea085430f76965c7876e4876c3e44,0.282595
VirusShare_a7c734afa412365c90adcfc28827af97,0.287513
VirusShare_82fd6b1ede66f94cd4a061be382621a3,0.907027
VirusShare_ff76811bd84e711c3faed18ed89d7f12,0.065297
VirusShare_5c0d367fab1bd7c499b318e81980b717,0.937409
VirusShare_289031241a3f222c13f6140241322e4e,0.054024
VirusShare_49ae67e0e12f6bf7e2efdb5a17972d4b,0.833006
VirusShare_462f5dedfa73173751decb130ffe91a7,0.954411
VirusShare_6ceebf1948f73e2b9c6bd33a25748643,0.25386
VirusShare_e39a5fa4c76264ae7d7343e41675a636,0.533897
VirusShare_8b33f3ea725c3529612be0151a5db71e,0.098152
VirusShare_affa79884240023d0cfa356ac4b505d4,0.078022
VirusShare_348a4b295c068eeee6c15610bf5ccde4,0.051364
VirusShare_bbc1e1ce703884ecdb2b5f1d522096e3,0.259351
VirusShare_651e23827d3812e526c4578ab52bd361,0.060736
VirusShare_7da7f59b5778d762f10efa331b4b3ace,0.07839
VirusShare_b1eed2216845a17dcc4cb645771e51a9,0.038902
VirusShare_714e6f1b51e7988752ff4be9c857df4f,0.06199
VirusShare_2236f3c9375d8e149b74159fafed4f56,0.050672
VirusShare_a33c2f7e1054e3f3dbc030a8a0fa1c80,0.073883
VirusShare_ea841523251abca88766c306f0af15cb,0.877937
VirusShare_5d3d8359023aaa3f138ac58c38c66e1d,0.063504
VirusShare_ccce9dc38d03071eb39823fcf369487e,0.129897
VirusShare_d362b408cb668e10f10b950774d1c1c1,0.054024
VirusShare_307d59e3d876b9591717393cadd53fd3,0.465414
VirusShare_509567746584cefbda29149448eb7dbc,0.814183
VirusShare_48f774f48a3144760e66ec3929bbccd7,0.761444
VirusShare_2f58c4c82852b4272317322a7bb7febe,0.05363
VirusShare_a67002a54c94fbe635505e12fa6a04d7,0.061575
VirusShare_fcbe42dcb0bf3444e0e8f3ea82ebee27,0.380722
VirusShare_37f096c3d4862862ec80c0becbb1dd0e,0.315759
VirusShare_fd0bfdb42b6168644d1cb12c67326171,0.191906
VirusShare_c004397250646773e2fa1b54a404a261,0.465052
VirusShare_5a02b0f2579605159f04b2a6a3d019e0,0.204283
VirusShare_ea7765c0147c069a85081e80a6fce6ff,0.06676
VirusShare_97d2f1b1f805a9facfd16baa9c6f05bc,0.133801
VirusShare_2d5746a45d702f070f81b47513f51a5a,0.581462
VirusShare_fa9d27cf93f96d92ff552b233428f4d9,0.071002
VirusShare_851f9eeb2f3ad4968a6edd5dda5ba33b,0.067735
VirusShare_8035328548d94af3fd7bf3e013f92f7c,0.936163
VirusShare_21bbffc6f3206d792592e9a0b280da57,0.060867
VirusShare_9ef3569d007bb89c22f5cc132af1d1f1,0.974919
VirusShare_0d1fee90c066a91c89f279d1a2c95f0a,0.086509
VirusShare_3169a6e21f7ef93cd86012a3e9537de9,0.938897
VirusShare_2e06724ba9c384400f55cc7de40a0737,0.92864
VirusShare_34d84f5fddd73a6b32991dc34f6c161c,0.950896
VirusShare_7f5331d61329fdf022d735e2937446a5,0.975109
VirusShare_2051ec7475ee0578b7ac82f1c9f41709,0.122335
VirusShare_cd14ae3ba25f5676af3eabdf6f5fbf21,0.258897
VirusShare_d80251df1d869c6927a72859efae6474,0.975168
VirusShare_dbe1ea9908d7b2eceed79bfe133d7672,0.973629
VirusShare_55423dd14de3b8fe7aa890fe36f3c0f5,0.944716
VirusShare_db1a14c9ceb3fd7a034a985c361233d6,0.577285
VirusShare_c967f1b345dd0c9fe7245c581bda2d07,0.974887
VirusShare_5253b6a22231af3af11e4e36391ad68d,0.798293
VirusShare_d5acf799b268071a471880dbdbd8c0a5,0.112905
VirusShare_084c58fe56ae8d6a494dab0840b0e9c2,0.97497
VirusShare_7f297f9154cb194b37db1d7fc55669e6,0.311458
VirusShare_b5e606ef0541b5f3705a8f34bf83a8e1,0.118146
VirusShare_b238bd1b8216762cae6267d67bd4289b,0.975104
VirusShare_10860c06ac2a413f2459aab8f29b88da,0.974884
VirusShare_1995b0023c950d538750ede62a7c19db,0.960364
VirusShare_6681d3b2f7a2f83c66d5f3244dfa98f4,0.905632
VirusShare_612673d56e5559e9dfb7440bab5750a1,0.070176
VirusShare_36e15f89697588c23b329af28c4bb372,0.082863
VirusShare_a8274851ca11c3e4179dd9622aca3d20,0.953137
VirusShare_087f267a177c35b5d313efa4b9013c14,0.814386
VirusShare_44ae1af2c4df61da599164666b32a0e9,0.184445
VirusShare_c32de2d78bb739833ebcb957a1cfd896,0.835995
VirusShare_605dd65a648247b83a5111d92a4980f6,0.094658
VirusShare_815fa35c54e682f00fe8ef7ff337bfa9,0.06676
VirusShare_d094cc9ff4764708560367fa65d976a4,0.155047
VirusShare_830f248c4e2911ac84c45730167fc12d,0.103049
VirusShare_b938869c951f96b57e982bf62d88dbe9,0.824086
VirusShare_c7f417385ad0909471abb17da32f75e9,0.081296
VirusShare_7af2b90e87d5cbabae089884dd58360f,0.28629
VirusShare_f23f09ee1eb7eca91a0d1c7a35fa7728,0.974981
VirusShare_89037ee651694417aa95e14020283b8b,0.975178
VirusShare_66fb288e71fa3fbcd2b49d292f1938f6,0.910727
VirusShare_76563258085ed5f1878d7f6e08cc3411,0.052704
VirusShare_d7ef7e58f57b82904172a6807a077f2a,0.333362
VirusShare_1fa1dc192c4c5f4ea1f7bb17dc918dca,0.049186
VirusShare_711b6ccd3d50d784474ea602706ead97,0.233285
VirusShare_1e4518637a34c4eba8197bc186f91abd,0.164309
VirusShare_bf9277e22e6f6147c2e178332d1e5f73,0.038903
VirusShare_e732b38f440c765accca1cf9e2537a75,0.366958
VirusShare_7c7e2023495a1e048b51aeaa79258971,0.048174
VirusShare_3092c44ccaffce9dbeaece81223a9425,0.974887
VirusShare_4b40bee59f177b1047f26c9f9e2f4eda,0.25556
VirusShare_f14ee88f101c3a229ec34de4711d5eb7,0.419859
VirusShare_cf6d076bec484f4e62a35705514adcc1,0.299249
VirusShare_7febf1709d5ff5ad05a7cb870b507aea,0.806587
VirusShare_49549a9bf186a3a4978d003f6cd128cd,0.047631
VirusShare_ae0eabd615c9206efe6969e8eb683b09,0.083959
VirusShare_fac3e073fb34df0ccbb48d099f4ebe94,0.156068
VirusShare_2bc40ac530c1de440dda01d9d03f11e7,0.568288
VirusShare_39a9aa4f64bddd7e8f968424bf2153e3,0.953132
VirusShare_29edff726d495307a7ad6de88cc96886,0.075314
VirusShare_7dce11c153178bf1c270ec03e54141d9,0.047993
VirusShare_f8bd7396c707ee36517e8ee4683ba4b8,0.435695
VirusShare_4c36e95c6c89bdb893a8f90868172b0f,0.952564
VirusShare_ff7556a2f384f792ed4b0e166d57b0c7,0.06148
VirusShare_a3ad8b6f84ed84abaffc0e24edc90d29,0.974971
VirusShare_3fd1eff48e660332f4d4ce85c152898d,0.933921
VirusShare_cd753d2c1a83327aa57cb17abc51b038,0.28191
VirusShare_19ee5470a91ae604876dcede08b94b79,0.974734
VirusShare_1b448fadc544f7d0b94cdcbc61d22ae2,0.458601
VirusShare_35db25d6e876618be545b0e15d3023af,0.975366
VirusShare_806710a7a05cfe86bf4062368cc9f774,0.060582
VirusShare_24fa361aa54a38cd7381a6a07b9c946b,0.453069
VirusShare_7467be2fcc4b0226722c45a0c692194c,0.333337
VirusShare_8d8beb699933414a83e39bb0d61b5247,0.062445
VirusShare_284fce77b1d73456fac430a2e9eb76da,0.619352
VirusShare_982cad1aca0c8271815d0f61ab03eaf9,0.048174
VirusShare_5ade18cba7a0721b3ed46f26479e7055,0.072069
VirusShare_b69068c30b5d9fde63046f675457579b,0.06199
VirusShare_97d27cd7f83b4e0e572e1b5b102d171b,0.049264
VirusShare_905c0db3b5fa57b77fbf7ce8c93d27e5,0.063639
VirusShare_2d65ed62cbed2b50a97a206342290dee,0.047561
VirusShare_f095f2488a4f2a0cc93d8093f8cd8f15,0.085222
VirusShare_24948575bef7314996d0a7b42d9e800b,0.974877
VirusShare_20580aca35069049b18c3b99f8b0802b,0.087293
VirusShare_55d1c3bd919b4aee6ed1e0520c476cc7,0.101833
VirusShare_a266bf6fa3d7d918031f8c8b34d06761,0.077109
VirusShare_58bdc789c70f98842049d17506912cd7,0.125059
VirusShare_b99089dddb5d995ee189bb561b6e3db2,0.080989
VirusShare_e34e896f4e94efaa43fd7a71cfec516d,0.083631
VirusShare_7875e82f8d27d931f0750fe6c64fd01a,0.121626
VirusShare_681453e7b08df68d87e2389fd46f2fbc,0.920581
VirusShare_a585c514458063020eca85f9aaf9b990,0.081755
VirusShare_bf48cea9dfdc0685b3c938382009abde,0.047561
VirusShare_46a412a3a5ab708b5eac42d51688e34a,0.04608
VirusShare_e0a1b650dd775a5b4cfb99fa526c5ed3,0.233011
VirusShare_b268255e582b9ac14e605abf6193d206,0.081755
VirusShare_dd137b6fe014ac7b2628064fb7c833a4,0.346664
VirusShare_8f92f7585496211b6bdfb735ce4e5eb4,0.081755
VirusShare_b1a16cc070d06d0abf2eefa56d8b252f,0.974775
VirusShare_892c1b64c4e1e581d75328054ea317f0,0.169655
VirusShare_a537dbf2e5e1a8df23ccbbb9c52bb233,0.054024
VirusShare_137ccef9674aee5380695ec25c72d83e,0.206021
VirusShare_15293ed6547d8f785449357d7351a8fd,0.103049
VirusShare_7dd0d01757b2a2fd2398fdeaefbf3cef,0.284438
VirusShare_9c2502f5a0a3b6224edb98550d37d411,0.061004
VirusShare_476d6e36c54eb257f144a0f5f156ba9e,0.247678
VirusShare_be6e85577863d92c1f1bd049f98c3eb9,0.054024
VirusShare_cd860b68f0a89f2861e60c1757ae1f4d,0.054024
VirusShare_001f57a401760a6b1dbcac96ae7d6820,0.070176
VirusShare_9964e8fe49827bd6500af7706f0f77ab,0.219649
VirusShare_97d3e2ba0b06577c648d61f2f359d0dc,0.94153
VirusShare_9b4cc589670e6843e37d7cc3906b79c9,0.078384
VirusShare_87f6f5ab879c7e22325ca49906021d8e,0.25646
VirusShare_88cdc4dc8b2b346331f8c1e98cbbdd0d,0.748416
VirusShare_6d4cfd715af329612b018f0030917b8b,0.060783
VirusShare_8aec72f0923b365d321bbd7228747636,0.045378
VirusShare_11821df0179e7acadb1226ffb045b8cf,0.953134
VirusShare_160c37f37725640d1fe248ceab3b915b,0.064334
VirusShare_12c653e7d964db421b4c7d25c888534d,0.362333
VirusShare_cca7131574b4247a9f67e0cad85e17d3,0.138898
VirusShare_5c84532840d78082a31b849b285a6648,0.549597
VirusShare_20202fee1627757d476cade9fa911556,0.049231
VirusShare_a8e5c768c6771ccc7242ba0157ce7cb0,0.481741
VirusShare_1bf2866754b5576e8181b118717a4781,0.941565
VirusShare_206fe30197a6e1be6cacb9951e2d5248,0.05835
VirusShare_901a418c965280fbad9fcd1939887ade,0.081755
VirusShare_6ff7b5e27a0356e41ad6b08efedf152f,0.834595
VirusShare_4c87430644e55eae3671d8a95170dfb3,0.335301
VirusShare_688b9b0875043ddfcf38393dd95b984e,0.086461
VirusShare_810ec5806eac6c27ff7e85ed00b19f30,0.59674
VirusShare_d6c14b7965d39f31264dc2306917c4af,0.668587
VirusShare_093c2a902a7a1afd699ce07bad560910,0.139908
VirusShare_026f4996b784e39fa4488cd71ea7b60b,0.975416
VirusShare_45c3221fbab7731cc67fd7e3b67db447,0.240048
VirusShare_c9760e190d9fe9c1a45f9e3863cdb2f6,0.084576
VirusShare_2e8263b8511e1fdb3a1a423a489ac33c,0.076517
VirusShare_6c0c057a1a62357bb23295274892ec2d,0.512646
VirusShare_35eb4fdc5a75cf2e2f4754aff067d9d3,0.483002
VirusShare_a56e32bf0b2b072a77c559d1e14154d3,0.132155
VirusShare_1f0f2f1580cdde7565595387809f4fb0,0.150952
VirusShare_146c86dc82f768e495e628246fdc26fb,0.052145
VirusShare_df1c58b43e08931ce46ca82deac36486,0.954432
VirusShare_ede600e17efa4a39582ebb079560ce33,0.94624
VirusShare_02002aeaf2480fc0172192cefd0e5e37,0.103882
VirusShare_cbacfede45047ab3bf3126c87d584365,0.954411
VirusShare_40820499fae08157a610e93a3951e4d4,0.935146
VirusShare_7d4e8c245c3b3c90de4abe1bef6ad41a,0.652701
VirusShare_7268b9bb7a8cfc17aada8ce822189593,0.284067
VirusShare_8bfe0ea9841610c917e4257571fd16d9,0.138746
VirusShare_53c36996edd92e28847095fcd18d47a4,0.062892
VirusShare_943244db3bce1498ee39206c5e0f2bbc,0.862158
VirusShare_1407840317d06f9053f5f21bb22a126c,0.907872
VirusShare_25dc473d2c90d6ad2e4a436634aec011,0.061268
VirusShare_bac87d2c142747e99cfc57f9776492af,0.183285
VirusShare_0692f31e3ac29f41a290c4f83f845972,0.634418
VirusShare_a07be23e856c005dd533c7ea4633961f,0.906298
VirusShare_287fa07db1a1e5648877e716e0fe36e8,0.974796
VirusShare_a0c156671220fc0215cb0d904013ef97,0.943389
VirusShare_97e56de15f14c50b09351767da886699,0.049318
VirusShare_5513f13fa9fbf7e1714db2ac8380116a,0.120776
VirusShare_d97bee114800b329740901c6b5b90622,0.06676
VirusShare_600d27a703ac6cb41c9df8335f43a0ed,0.205621
VirusShare_5e3d10cbee6e29ec59a17e82fa5571fc,0.121357
VirusShare_8738ebb310adefa70481a04eb46b270d,0.892175
VirusShare_9124c65bac49692796820d05efe7d29f,0.95442
VirusShare_10a26cb3b99a12ca7f777f363bddd4e0,0.213707
VirusShare_bfc145b9875cf82857d410a42f28bad4,0.054024
VirusShare_c2779c8731cb267ae9857958afbff745,0.063389
VirusShare_98e6170312b4596ba9b7182e09c4a973,0.038902
VirusShare_483b8125f8aaccec0275ccc5946f7193,0.832842
VirusShare_9b6acd0813ee5e616ffb184daa4bbac8,0.953132
VirusShare_469817e48dee734f19f359a48655afcd,0.698693
VirusShare_f6fbba0ffb4b4f440f620fa493f4cf96,0.06676
VirusShare_1db256cba543f64e03d73681076c53b2,0.052681
VirusShare_10b7ff0cae3a457848296d00e882555f,0.049105
VirusShare_f5dbbd448ae03b3258f13962f7d8f49c,0.645804
VirusShare_3e9d0850897a8e1bff896e959396cee4,0.70012
VirusShare_94fdf30b6f19e5e2ea0f19766736265c,0.238879
VirusShare_653751be4dbed7739de666023d33e4b6,0.214987
VirusShare_84c8234591e64d74d54d799a7f9ec07d,0.934171
VirusShare_7e2b2fd899465476ea1dff3c44123a30,0.12092
VirusShare_6e2fb578697274c6cfb3d25dbf467750,0.913228
VirusShare_db589aca9e677e1dc2b51e984d5254a3,0.038902
VirusShare_cd81ccf6e05e44d20dfce67baf78b0c6,0.975305
VirusShare_574e65a93cc5b01b3631e89071832315,0.939821
VirusShare_c84ae91054b08d593b81076ef69e148f,0.975092
VirusShare_38a40d2adddcf09f33475bbdc15c3400,0.33272
VirusShare_2dd89ab4270dce03a718fa747b113c30,0.953132
VirusShare_5f03268ba1c6e37f83320be1569c2d19,0.081755
VirusShare_c76b926781679ebb65484596328ed82e,0.065013
VirusShare_1357c65a2198fb38e6008b80a4281191,0.688017
VirusShare_f92bffa05a84e76121dca75bccd4dd74,0.116547
VirusShare_dc82252bf84999019a14cec62e512453,0.453364
VirusShare_b1ab5a75df327bbd9cb249de00e4e67d,0.095196
VirusShare_78d07cc11bffb06197ec3d3557aade68,0.228925
VirusShare_d8509d2e74d3cac7a30b9f86add8623c,0.47379
VirusShare_2c4ca5594128b7b8b9cb1d9698387548,0.141671
VirusShare_f752b9070eb10018f8da6827b5fcd1bf,0.062792
VirusShare_7e6a3c51290ba840f567857c3be6894a,0.316481
VirusShare_03768dfa2b77c3f28480608938e20a75,0.62161
VirusShare_cacd270b3701ec0aee4b9eb954f31edb,0.077187
VirusShare_e0a5168bf0240ded0584759372586ad5,0.975273
VirusShare_0e81ba22574c874c862645d5d2876f7b,0.916235
VirusShare_c735f3070b1c43d23d559397e740a7e3,0.038902
VirusShare_9cf123bd421128d4362b03e4dc408865,0.038939
VirusShare_802c72d87308502fa83eb505ba3da23b,0.038908
VirusShare_2efaa43cfc1a41b896d48aea1c219618,0.224553
VirusShare_a7681453ada7430e2077fad1147334ef,0.063314
VirusShare_a64b81aa18d54d8be984352abf9ae369,0.84604
VirusShare_50e2e400d006c629a64756ba76859552,0.396993
VirusShare_2e405d86b72126517944ba2866d11472,0.284067
VirusShare_6ac3120afb708e2116b712e4e894edb4,0.049546
VirusShare_eba1572f6b2f3f5a8e0d21e04564fdbc,0.975456
VirusShare_94388ef9a6970f32de419628329bb24c,0.682322
VirusShare_b32313644eb0d23f3d5eb3c5d2a9622f,0.088795
VirusShare_2020d4c1802acd7b63bbd635d6a9f439,0.311947
VirusShare_194e9a46a6b90d331dc8b4e207ae6834,0.129949
VirusShare_247e2ce013cbda5db987f42355048389,0.782914
VirusShare_0b8b173793732b1e63f9f36ad25aeacb,0.038902
VirusShare_5c7932de5f7ed7fe511b38a94bd62ace,0.048902
VirusShare_58953361580bd6e1a0eb9064aead51d8,0.050691
VirusShare_2fc08ea4a63d151b83d7154609f0c2aa,0.921029
VirusShare_2a24e6b8fadd8dc2f9a76643292c32d1,0.927042
VirusShare_5baae920ff131a2491cda874e5dd44c6,0.10164
VirusShare_39c2ecfd33ee307827108d14ba59f84b,0.952525
VirusShare_97263087e3a9f164a211c9a63f7cda79,0.953134
VirusShare_e329257bedae2ae159e1199a53c82d25,0.070176
VirusShare_7c9b97ee8ce6b2a666321eda144158a1,0.5996
VirusShare_d6db8bb26cdfdb925f42413ccb581784,0.070176
VirusShare_181550d83c290484d7c8f49b5e9e8a09,0.881005
VirusShare_d087ae0d84297259484c38a90d666bbc,0.913801
VirusShare_91ad203bd28b789a67313299994b2d75,0.230174
VirusShare_f270b2bd4726a15606b8fd0d140d8959,0.054024
VirusShare_ea6b2bf7b01fc90248772ab204d720ae,0.975135
VirusShare_c8f1cf0b8cff3863078bb420f16ce4e7,0.957969
VirusShare_e1c7a9eec76d838ee4c0a6d0cba7bc50,0.11722
VirusShare_1b6e9d3a84cd8a419c21c776b1404e5c,0.54406
VirusShare_553b8d7ef12d957eb701624c3dd5f374,0.070176
VirusShare_a709862d644ea7f94b979515ac31c1f9,0.126288
VirusShare_e0361254d31d5dc49eb9e26b45737fa1,0.060628
VirusShare_c733628c6b857f8bd9c0392684cc3e89,0.06996
VirusShare_d7663811240c70c3ebcb69564c80448f,0.038902
VirusShare_d3651f3a162ccbeed8b3f367580055e7,0.53873
VirusShare_f40c2b6e093e029aca40950c710cfe44,0.049359
VirusShare_14257891da3d67f066b11e092b80f54f,0.284965
VirusShare_04ea1811845bbf04b93058850da020b0,0.081755
VirusShare_785838b15953c4805b8ebbc85be28bfc,0.940113
VirusShare_6081905aef87642c4a1c62ae97d7bf2a,0.05412
VirusShare_abc60f63080e546609e19e2993eba750,0.070176
VirusShare_864bd9a4a768f2f536e29a58e9a152e8,0.060659
VirusShare_c1b707cdbe2f9c5939e1320b389e58f7,0.244773
VirusShare_aa3fe76e56df94841da2468cd7c21258,0.783753
VirusShare_6fdab1a13c359cbf9ea837c0d095dbfe,0.962492
VirusShare_5faf5cb8beb80cb7bd8f8f6b441b5d05,0.07839
VirusShare_615ae6db0ff5bba9aaba28894419f5ce,0.050754
VirusShare_e78c22211dce8f31cebf7f1fbe3b8142,0.064586
VirusShare_cae5e7534f4d815c2da29a9fdec01ced,0.038947
VirusShare_d7a561fc900fa4bb562b5525d57b1f23,0.185718
VirusShare_7d890e91a8754410439f12987fd43292,0.235803
VirusShare_d9906e030ff688c608c883b59ca80e7d,0.096653
VirusShare_8fbe5dfe1b1edc6a93fb7a3854335905,0.426766
VirusShare_f8cda53deb2dc40717f2335fe91ed31e,0.696942
VirusShare_f4b81bdc48119b8de33f67f5c39dcefe,0.094889
VirusShare_ff99980540a3846b3919a2e0c5f299f2,0.06335
VirusShare_22846a301b5c6860244bcbe2223695d7,0.204259
VirusShare_31199e1618a3b8ede668281f4f199b9f,0.713822
VirusShare_82908ee90082b6034d0bcee809addacf,0.03897
VirusShare_a3a84fa45d9987a29c659a8690700e2a,0.954414
VirusShare_1a50869f56948c49c61e394b17c05cec,0.060912
VirusShare_5ee299b761ffbaf9992f15b70753af18,0.133822
VirusShare_f66fb9633a42bbe42e9527d6b05cc760,0.939176
VirusShare_063056e6a329574071632b06c0ca36ba,0.765474
VirusShare_6da20de4b6b37da2af73cf774953c236,0.409748
VirusShare_67de4948585a33f578cfee9d90901aec,0.077019
VirusShare_ad310ec6a6d2417e26107aad44da6a99,0.226347
VirusShare_91baeb613687bc472e175e098c86d70b,0.589606
VirusShare_f047caf2dfc4101870703ecf2dc176ad,0.144511
VirusShare_cb0c57c929e449ea059708fbfaddd6c5,0.054024
VirusShare_c7817a826e0dbdc7eb437141f4ab33ef,0.856932
VirusShare_178375898e35589eb0e23f936a28dad0,0.087528
VirusShare_13e504a0f253ccae76731a1d1bcc76da,0.504061
VirusShare_d71c44ca178f4309d70cee590d567366,0.721664
VirusShare_465d40d21aaa8461c5680978efb152d1,0.046005
VirusShare_f3480dc529a81239167432887f50fa10,0.380746
VirusShare_cfa550587c04967c0869c880c8f689c2,0.340926
VirusShare_a896691b450145b79b7c14286dd223b3,0.155681
VirusShare_5b6fc5332eb52deed909afe747fcd743,0.147147
VirusShare_d0fe9ba532407bc27c0b74345b9110a8,0.061625
VirusShare_84c418346f363b42acef34315e0d320f,0.046103
VirusShare_582e35960238c40a2a2c84be6e636163,0.579103
VirusShare_52be1846fd49cc47f06dd5e3ab2e407f,0.055794
VirusShare_245c8cf127c5069f2e291547742f32bf,0.069203
VirusShare_fe0f77f78c7d0b9219289ca71f1a5674,0.073821
VirusShare_e2749eea576b085f331119fd42c7afd5,0.06168
VirusShare_6e3cbaa06b433f7d59bc8b2f32ee2524,0.077464
VirusShare_1df38d60d9422249af7ad21309d9354e,0.054024
VirusShare_7a788caf6150720822e7ce9f94da340c,0.255464
VirusShare_0de4dab01651ed75b1bd8fbbddd9f07d,0.063389
VirusShare_508165dc2bee5e9f08f2394e409c2c52,0.064523
VirusShare_decd65be2a38b9f4ebb3f2b71fc31660,0.063572
VirusShare_f627917a3a86655fda4034d765f2067d,0.72977
VirusShare_b07e02d24609a53aad28150ed57ba447,0.060634
VirusShare_7161f37e4d9436602c91fcfe9ada032b,0.380321
VirusShare_505dd8171832b0eb7de408a59bdf3706,0.060659
VirusShare_99937fdee5ba53272100846cde5e12bc,0.430044
VirusShare_51e27a453ddac54a06d672f61e67976e,0.070176
VirusShare_3299b3a4eba274b1940c60603b424cb1,0.107986
VirusShare_5b9dd8a1c07e937e352211fe88ada951,0.077542
VirusShare_7469e501137a1819e01aaaa84564d6b6,0.2067
VirusShare_cef9682f5c0eb765d6876b0043ad6b8f,0.295355
VirusShare_0b7edbd51f6148edf704988e911e2b9e,0.054024
VirusShare_0a3a43c545b504fca1908688bbe661a4,0.953069
VirusShare_4ef8f2fa98ad099763d48f375abed503,0.97471
VirusShare_47f99bf853da1f6ab21fe17406604392,0.434478
VirusShare_d7cdee2ee4b4abf3b0ef7280b326cdd2,0.523883
VirusShare_d53de47076860e0f9a4bc14b9d2fed9a,0.975024
VirusShare_a1fe0ac2c9f974cfe19563b24a06bee7,0.065174
VirusShare_321568e87be6d873259943921e9b1440,0.52111
VirusShare_3d235ec73a59048934de5d70785a4a2a,0.975354
VirusShare_e3f3a412a809efef58b0e517bd8c75ca,0.377306
VirusShare_a87c3a00c39ed5aa4caa20b15aeb07c4,0.038908
VirusShare_b03d8bdda2030253244e5365717e0e66,0.080617
VirusShare_5bb68b7c6d973d32a07666e070ea7ba1,0.06335
VirusShare_63728455a3a65f65eea69004c9ac174b,0.899881
VirusShare_de46050bb18245ae0591d5814de5e847,0.038908
VirusShare_68bd30acb99de39342038d45503c8234,0.351685
VirusShare_74ec501d9a7139f93d33aa4046ceb2ee,0.061108
VirusShare_6a67ce2ec0835a820e52a3bb875a286f,0.159791
VirusShare_399e6201f69335c5f6dcb878c393018c,0.766668
VirusShare_3e0f6b635e406b13b6146554642a0d7c,0.065791
VirusShare_ffaef0d9aed6d9f15e1e642f84f5c99f,0.169159
VirusShare_a8fa79bc0942b875991e894770da08b2,0.598197
VirusShare_d720f492f25712f55a3df4927fb53056,0.061459
VirusShare_19294ce83d0d03cdbd71b56142f6d1b1,0.974841
VirusShare_01a1f1b2bb73e6d28f2ff9564fae406a,0.397715
VirusShare_2d6eb7b87e5c4c0d205b2b1327c4e5fd,0.152736
VirusShare_1d8704234556dc5fbc94fafc8c230bc2,0.081755
VirusShare_dd3ecf89422d54b9a06674bb1a508daf,0.038902
VirusShare_456168fe09bf6f3da9c3d5252da7a151,0.071238
VirusShare_81512f1bb1e36f306790ac84c2e7eb25,0.062314
VirusShare_34ec028b9df733fa80f8b94f1d5b0240,0.049858
VirusShare_20fe0ac4418e18cc53763fc7f85c43d4,0.077773
VirusShare_f19ab169c2be141e7e28317a275aa944,0.330772
VirusShare_1137b225fcd8dd7409858d64ccf97fbf,0.595359
VirusShare_a801c8cab460714404de8446d9d7375b,0.163497
VirusShare_e959a1a2f39336ac21440ede910b3cc1,0.454553
VirusShare_57a85b8d55057bd37dc5283c77eb8129,0.406534
VirusShare_ef1aac515f9eb4eb725eb9a72f23f00a,0.951469
VirusShare_b8854e6b6d48825221736f0ebd1f9471,0.048777
VirusShare_250a5f8df1e6ede5f3853add72080308,0.953135
VirusShare_15a21cd3ff30080877f2ec390e292092,0.271155
VirusShare_04e0ad52b0ba3e88e4cb6a7be0af66f4,0.935914
VirusShare_c2d998718f83b47794cbd35780c72834,0.954434
VirusShare_634e6399c396afd3c97d017af69a6adf,0.07025
VirusShare_caf5f3f4be7cf1af47ba6ceb68d360e9,0.285427
VirusShare_e66e2db4276988214069380a2f39865b,0.845597
VirusShare_fbc39efae01a84057dd26a5a23324ec9,0.298413
VirusShare_113b0a5ec517eea621d3be371b652824,0.300811
VirusShare_bf29dd695749ac02856bd0a5a1ab9208,0.757898
VirusShare_543b82d5f2812b85993bd13c2ac0d21d,0.062762
VirusShare_6ba1dad8fdec2ec58fd6ab79708dbc2d,0.116994
VirusShare_eeddfad5a2cf4c01804fa9074e50560e,0.054024
VirusShare_8f5184378aa78ae410cce03b807bf653,0.077886
VirusShare_0d25086a04f3ed8a5e3f3725fe9cb7c4,0.272939
VirusShare_d270cfed3fbb7a57a6dae16412ab99ca,0.750447
VirusShare_2ab84d7a57b755c0fe6b96532a145d8d,0.707798
VirusShare_935e7e4078ce4ecc072d31a7e8667feb,0.954434
VirusShare_f990e2a9ae328e93b7501fd948a01843,0.682067
VirusShare_9db202c72086e9de091bf547d06f277b,0.088055
VirusShare_7872061303914db0c8670845c3aa80f0,0.42143
VirusShare_20f2bb9ca69ee6922cb0c14b5b97179d,0.139099
VirusShare_22b6f76a597ad35948e7076efd563fce,0.06204
VirusShare_e1a26f34d76977fb7605b98fa0e1106e,0.942341
VirusShare_adf2b0eb8ee70ef30655c56313195db0,0.691613
VirusShare_97c20303ea4df2c269d2c0f3b92e7554,0.935875
VirusShare_4321c3d9bd1b5949d052eaefa2de69dc,0.920414
VirusShare_b2226e45e83c989ffa3cce07aa72ffa3,0.944208
VirusShare_2d1b897e57d9456f7dc2e36bb45310ea,0.974833
VirusShare_1b66f1e06b75bc548b61919cfdde8c36,0.044395
VirusShare_606c0d3c8c95cc5c7cac335a7f0d6d39,0.473753
VirusShare_5ae71a995a83d557371498b590e19f20,0.062141
VirusShare_b9e2c4f457c84124fce2ad6cd4905c7b,0.975314
VirusShare_36202407db993f1666e66f934c89ca31,0.386712
VirusShare_2be4d89828b02133ae663ea105cad99f,0.038908
VirusShare_d23e7e1543fbbf0636ccb0bdeea33929,0.044017
VirusShare_e508c80e28d0ad6705f82c762580ec0d,0.093285
VirusShare_e7127d34c5a7a2f9201fd65d533e44d3,0.075314
VirusShare_6ee098f36f0a0191480df2103f813aec,0.065358
VirusShare_167149396b4f09af5961fd72f2fecce2,0.068663
VirusShare_c6a3246870e383841656fd40c3af3212,0.086509
VirusShare_f9242084bb0748bb93d4cb0ff8bad734,0.787434
VirusShare_397745483283aecb6e0687bb0f4922b7,0.049657
VirusShare_b780e20362f830e50e78b384c5c973ab,0.901438
VirusShare_6cc1e6a5cf86413211f6cb8202a26b21,0.867717
VirusShare_1e6e3247b0ca280d6c7055d7775a7e40,0.953137
VirusShare_568463c637ddb8a8c04660b8d92fd2a0,0.260922
VirusShare_b2d1377291650cf0a2ddf89d1ed956bf,0.049024
VirusShare_75bf277d1856d9525157f86de4256f74,0.054176
VirusShare_7c554f1e5091c27a91ae27c4d6b43591,0.278114
VirusShare_cf44fc53b78e45918dcd061cf3297d3b,0.054955
VirusShare_059865a7b20e7a31f43937599c389dfa,0.975314
VirusShare_1e855e761b9f0900aa849a1cddf6a2aa,0.118537
VirusShare_451bf0e1724f25639c6bba732bcb8aad,0.690227
VirusShare_23c1d38f2251693e2664fecb2bf4adb0,0.038902
VirusShare_69b1533de94becc861382c19f492400d,0.060659
VirusShare_c2378dae3e23b4f0aa4f0d501e9c7571,0.974873
VirusShare_7372fe66ac5962c5822a0fa83007457b,0.278996
VirusShare_eedb81b56bc370a9fc6858d2530dfff9,0.101111
VirusShare_e3d34da9fdb32c9f9309b7ffca5ba16f,0.363832
VirusShare_121b5a5b3629c9c546e82184cffc65ee,0.074949
VirusShare_604d38de28b46f8d295f959112722961,0.062274
VirusShare_0ad64de0cd451463d8ed4cda4d12ab35,0.062407
VirusShare_1b47f2fc92e43eca8354614ff83f373d,0.712891
VirusShare_b73300b34cb2f980298c6737568d850e,0.973859
VirusShare_c124044a1b1bd8b439ffcece3155add7,0.060952
VirusShare_5f68514e453dcb5268eed46cabc70f35,0.065736
VirusShare_ae31f59f3384d9988602219352ac9d6a,0.062959
VirusShare_db16ce67e282d3e13abbaca7e1f341df,0.818716
VirusShare_f8e06cead44db4efa3005867c18049f7,0.194351
VirusShare_9a1dc77d16dfe77e0665aa098fb82259,0.061226
VirusShare_638b7b5c029405a05e4ac740058ff30f,0.081755
VirusShare_1cc3f37d095d196d1cb6979b8dfc4e83,0.206791
VirusShare_61b1d125dd65850b7195cdc2edc1f3c8,0.146637
VirusShare_f996e06df7968f726d7eb755819e4226,0.746138
VirusShare_a508fab290cc3cd24db6cc604c6415bf,0.515357
VirusShare_86e035ba3dbf2661b96bc98e8f9dc44d,0.190518
VirusShare_59566246fe8092504d81b2338ed2199f,0.198248
VirusShare_557736f7779f5a0240956502fa95c41f,0.125838
VirusShare_6ec8b69ebf2a74e695eb4f033f2ccb9f,0.067574
VirusShare_067918420b357a5df9520da803e10db9,0.97475
VirusShare_1fbbddf7b56492927889d05c985963da,0.06137
VirusShare_59bfbfe91b99c6246f7c152513a85fc8,0.954434
VirusShare_12179235fe98910a7c2ea71d756f6117,0.514343
VirusShare_acdadc6459baa83a45fa113ec981c6d7,0.284153
VirusShare_2b26fb332ceca5db7983d7734d26db2d,0.959626
VirusShare_655d8ba314dbcdc1f4ac4cc19a104d91,0.161537
VirusShare_8c9c36e5d5db69e8104b4161a4972e7c,0.054024
VirusShare_71e70ee982b147acbf2deb25c06fb58d,0.941157
VirusShare_f1350fd776297655500455bc6dc086c5,0.078725
VirusShare_c6ece5f750cc4d2a58b7ef63c2ce5233,0.974777
VirusShare_575dcbcf8832ad1afd34b8bbe46d43b9,0.953971
VirusShare_bc14d1439d32ab37d98dcf56593f0646,0.953132
VirusShare_b720a1b3938066aaf124f80ec90d4814,0.043196
VirusShare_ec33ddc242a3382de9d54c94941fcfdb,0.074189
VirusShare_fa238c8eecbcf391bcd23cd89710c1e3,0.107885
VirusShare_fc07d962e4921eb8d872047fe2f7f49e,0.975081
VirusShare_ba130effe72ed300ddaf14e45bc03e85,0.054024
VirusShare_0c702edfe504026467869debbd2b1a86,0.149048
VirusShare_b1ff4eca088ecc6f6218cd28f4cf5a1d,0.117908
VirusShare_73ba58006d8f91f8c08744420f17af82,0.312767
VirusShare_efd5232f8afc1db68f140fd6e515a527,0.116651
VirusShare_45a9f929c32764f9a007a738e47b89d6,0.856317
VirusShare_a51ddf35933597cb64399f7741254b4b,0.093245
VirusShare_55849b1a92e36930482683dc5aa3f2c0,0.892418
VirusShare_7185212141e9b914e23170801943d14e,0.048174
VirusShare_92f7d089a45779898e9e2fb3fb540d51,0.226661
VirusShare_fe3adf1c5cd7fbfef78cb6cdd2447dbf,0.049264
VirusShare_51f7021af0d8238d9cec8126ea77f88e,0.954434
VirusShare_77f99337f64f8fd3a4f28f6823714855,0.354673
VirusShare_25fcc05fbe57e854dbe834fcdc0fba61,0.103049
VirusShare_f4a7aa643afa1e929690d39a9c1bfbeb,0.054024
VirusShare_2d9c0917204def2030804b5ef5319ea8,0.158966
VirusShare_9bedd35b6a9df6a3665f3a0f6f07febd,0.952525
VirusShare_dffd3b096c51703ba0507a6205927073,0.897055
VirusShare_aa0e83cfb115cf98d24affcb780eac05,0.051364
VirusShare_67e0071a67e7a0c996e38d345b495044,0.063947
VirusShare_bd599398aaa7a4ef4592200194fdd74f,0.509594
VirusShare_ff246fdda35f7605583bd6fdfd439b08,0.954434
VirusShare_31a8be240e156d0ed6a9eb3de3625aec,0.182518
VirusShare_b683ccf8c4760ce6f16fdde13b1ca1da,0.083876
VirusShare_ae4f840f9dde0493d5df819c825b5941,0.177719
VirusShare_b1f43593be1b8db0330bdda15cc57ea2,0.048174
VirusShare_9ee002a32b54bc8a1991c30f5466bd45,0.038902
VirusShare_594aeb12fb4221d9d76e2ac7d3a012f3,0.974886
VirusShare_422da6ec9ebe7dbad56bcfbc78164e3d,0.371709
VirusShare_f91b809418deabf5412255309ab31e82,0.077227
VirusShare_e4d3d5b8a55d8347354ebcd3d99adbec,0.063363
VirusShare_216112c3782d545d7bca5a0b463fe9b8,0.134798
VirusShare_548f8e3813bc80bdda06c09b25180246,0.623051
VirusShare_632aec5a6653ad70a11a4f08ff491cd9,0.081755
VirusShare_52638d07eb85e0b8b14ddd044a35d800,0.070577
VirusShare_2341c3319aa221a1af23f6b45d8d982b,0.974984
VirusShare_d94f4822562f26b33e3f2f6322222224,0.154799
VirusShare_4e3a08054c1d3fa7738fd7e3b01044e0,0.070243
VirusShare_3025bb9d05c134f05ae82b2bc31f2d90,0.06676
VirusShare_04e870007f887378cc789ddb72d03e01,0.103903
VirusShare_2514283242a2a0caba7e5d8f6c5300bc,0.170796
VirusShare_800f47454230a1f51c30a0f0b028c43f,0.914144
VirusShare_5d7f8611a0c58b42ed9e7ff11a1dffaf,0.711432
VirusShare_31f36ab988ef044102f7ae49815dcad5,0.156112
VirusShare_6bb8c205e9c370d5119e21708b3f304b,0.053213
VirusShare_3aaf71f1b881d8ae27feddcc5a1d49ff,0.247673
VirusShare_0d1c7ad394bc92c433cb8c5927807561,0.04607
VirusShare_13c3811763bb8f7dd785460f576b3bf6,0.212763
VirusShare_1a249735f72d200b45ce26591b99b612,0.049024
VirusShare_af3510bcd04715ce4d88e4508695f5fc,0.044306
VirusShare_8fc0f2df156cd9a19b3b4e696b0f5338,0.572491
VirusShare_c979d63c65792c78a3a16b894470f901,0.682617
VirusShare_e46215ddf406983ececf888a0f225d39,0.955231
VirusShare_0760c91be141c3ef4169c79ce978c750,0.92488
VirusShare_0cdb8daf31bb172eef1ae60acbc9e176,0.97417
VirusShare_e3037581f7e727986d277567d64582ef,0.065469
VirusShare_cee7b7f18c969ecdcccc7b9f4b14b3ed,0.975124
VirusShare_eb56ccb2dcb91eeca4ad3381fa88205c,0.115494
VirusShare_89c8f128c2f965f61055e85a52112070,0.767597
VirusShare_4e931f605f73820debce5609c695e6a5,0.943256
VirusShare_a4d7a37e14036feb3290e34d2f237dca,0.06598
VirusShare_894db650c32ec75935dcf17a677904de,0.053362
VirusShare_f5a791e174a872ea3bed88bd4b64c91a,0.905756
VirusShare_3706118882e7356babb5e8d6fb1a44a7,0.953137
VirusShare_38fa59bf77b7dee9461dde6372db497c,0.9746
VirusShare_3825deaa5e275c536b385c57b8a3fbb3,0.974008
VirusShare_70b6a4a39ad13e3cce7034ce1e054a6e,0.538706
VirusShare_080e0c42f6c8e6398cab3015d167d64b,0.103049
VirusShare_b75d5492909b32a21f1680cac5efacc1,0.049189
VirusShare_7e1b95a06861ccaffa328453d0c80d0e,0.337339
VirusShare_74fcfb5452172b5224111b667d497381,0.070846
VirusShare_2a01235356d4ddb0a49b678426b52836,0.046726
VirusShare_53f1db5b0059a81fe1faefa2c7f6de08,0.879844
VirusShare_1705cbeca3b19d04674b571bf673e170,0.065709
VirusShare_002b23c2d0a9dea4214e485eb982cdd4,0.97335
VirusShare_02e185822ee8a27c575d5919ea9780ec,0.052079
VirusShare_c9b262c9478584ea2782728f874f7a7d,0.306915
VirusShare_d7a93d2d313c2d5dea66534e7f9599b0,0.069171
VirusShare_24ac02618339eae3098f935b1adadc3c,0.046867
VirusShare_ea31edb990ce4737e2797b3fb261d064,0.046595
VirusShare_db894f90bd4d25bb9e80f7a4fcd74b76,0.937936
VirusShare_de50e8f259f9a2e332d3e655318e7906,0.954063
VirusShare_1c9a81aa434b132875c71d0429fee594,0.079907
VirusShare_30fe280000c637bb0976a66104fb22a4,0.238734
VirusShare_ba598c4b9942dac352cfc86a86f58368,0.091127
VirusShare_46f6491e8ef32377894242c2f618205f,0.3426
VirusShare_bc8ef63e454a757ddadcbbd473e0ce20,0.177272
VirusShare_186b16a81a4742afd8bd53590ff2e705,0.378816
VirusShare_cb7d25d903d7600da02a943878d14cc5,0.959027
VirusShare_1e77d802493fdc0dbe069b24d16af26b,0.940739
VirusShare_85f1ca82fc70b916247508abc510816e,0.974919
VirusShare_d0a9e7e3d5513c296509bf87f923f2bc,0.04787
VirusShare_22e2cd2c2505743f3dbc876ca9db6318,0.110023
VirusShare_77a8b615b4e6c91615d8d0f1086bf5ca,0.062724
VirusShare_9fbada71a6a42000f914f9fe9b13735a,0.103282
VirusShare_fede491e47ec07c09228534c7b0d6732,0.047212
VirusShare_af5faee48878cbf1fbb621206a276060,0.080726
VirusShare_9fd914f4d314a0cac19bff509d566cd0,0.148267
VirusShare_9ee5633e012892417b3f73b9392fa035,0.063197
VirusShare_4578c014708a4beec57c390100c34d50,0.131755
VirusShare_fa79198e48348b2b92f5997074f6f20e,0.974744
VirusShare_2a7db782a56624ffdb57519779a29d7b,0.06806
VirusShare_7717ccbb1ed5e12c5362856f8389c67e,0.06382
VirusShare_f05b7779ee3a541b1a76ad1158042c02,0.092684
VirusShare_3d8bb6638e457b0ac3cd17e7cdb2454f,0.052382
VirusShare_697195113a9b5b2f61fc77f53a21f014,0.190992
VirusShare_c6f3ec863e66db7157b6370d48f7edbb,0.904316
VirusShare_563c3f03357c7c749c433be2b9dcec84,0.947973
VirusShare_58b2679d0d5689e417bacf6907dc053c,0.036979
VirusShare_ca8b2af4fd9f2535b5fc6a92be025fff,0.695412
VirusShare_3c7f04a928f846b14b353785a1aea7ab,0.069393
VirusShare_408e1916d7d518465f8218d08fbe14ae,0.063212
VirusShare_1b048aca1597442ff22ec57c5e50d255,0.046867
VirusShare_a9643de3c09cccd104e54a286ab0ec78,0.961122
VirusShare_57aeb643747e85bfeb5870d57215762a,0.083178
VirusShare_086ab9abb449900d1ff734845c734672,0.043041
VirusShare_1010a2c9cf42aa627fe6972c830b7cad,0.046867
VirusShare_51732e6239c0726aa056d9ee174a9121,0.410891
VirusShare_42a4264e30f5c5ab7b2d1aa44143bd7a,0.046632
VirusShare_cd2a6a7bdfee715b13eee829c728f1d0,0.05957
VirusShare_030aadeaf64c351fae6a9377159fb79b,0.974922
VirusShare_0b85503f70d1d4d9f44672adba9cf1ec,0.974725
VirusShare_60e7dfc44893dc2118289cbf381d7f1a,0.046867
VirusShare_55b479fbd7f86bc5aa7ead2d0c07eb9e,0.951266
VirusShare_1dcd08ff2fedef463beaf4fefa4e3e8e,0.047531
VirusShare_62b1e79a274706c181bbc7cb6ac008cc,0.67416
VirusShare_34821bfee7748dd682b080ed1c3996d0,0.873019
VirusShare_1868b8297aa938d8918ab0ed3f619794,0.832813
VirusShare_c8eae72888aa08aed6583d09204c30c1,0.819788
VirusShare_132b2da0fd8b3e29f666adefbe4a4c67,0.059478
VirusShare_a2f9927717c529d70f62cda31256efff,0.933309
VirusShare_9b6718ae93836783862124abde065ade,0.528582
VirusShare_4b21bbd20b874060f1617052e29672d1,0.879064
VirusShare_ee91fddc35321aec6b51eeb0e7d41684,0.071568
VirusShare_a6c5658314ecae46780363feb3ba9ac8,0.163615
VirusShare_9f209e7849fd29a351aa14b4e7cd3608,0.139146
VirusShare_4f70d8d7baeb38cc63d32182ec8e2c9c,0.059478
VirusShare_dcaefbd773b91c413d7cec10291118c9,0.687426
VirusShare_c1b798a8bbe4d0b1d7ea19891d4c4108,0.052396
VirusShare_c77289bc15a9869bbd6440d2fec70283,0.833355
VirusShare_29d1336e9cde53918fdea72112e46ab2,0.04962
VirusShare_7a04b2711cbd157b813fa4dd2c6d0095,0.280977
VirusShare_ee103c98a972621d9e0f4cafe7ee1d89,0.954063
VirusShare_f751aab52ce01334044b0e383bb1ef0f,0.0519
VirusShare_70896c0e706dce9ce88e351a0f818b1e,0.342371
VirusShare_8cd3d2c4c1512e855e6a94273d7a3a19,0.951632
VirusShare_e5c9ce11510ca51a22d08e674235578d,0.083562
VirusShare_717ae0e030e0e862ca3ad47e22e599b4,0.463225
VirusShare_66ca4de2b7156982a009e504d06437eb,0.925328
VirusShare_05c3c276176190534bf6fe98ad04675e,0.264543
VirusShare_9ea29828cb5faabadcb78b7ab00a3f38,0.059816
VirusShare_9ce410cb1acd54d47fa5ed7a489bc2bc,0.940726
VirusShare_b2adf0c04ea36b466c91d3cec75862ce,0.585415
VirusShare_2ab8ef039f4fa7211088f4c13696a435,0.929261
VirusShare_0a1051a37222d9057874f290097efd65,0.053841
VirusShare_2cabd312ceecf306fb34337b1cec6b60,0.874618
VirusShare_292e55b0280ca23588da3c0dc89471f7,0.151822
VirusShare_fb1822addd81525291ec8b068f8adbf2,0.896115
VirusShare_cbf7ee97385cb0ff757532eb268dc754,0.27011
VirusShare_5734ffbafde3b8c0490a1ef0539a9c73,0.186158
VirusShare_bf6b7e47584d01b5c782c1caaac167ce,0.046574
VirusShare_c42509ef375f2fac605d01831c1cd42b,0.052079
VirusShare_d08412ace0f6b599d3eeede6bf74d245,0.072426
VirusShare_5c1effb2da4cd1054994da0246ec0869,0.073875
VirusShare_e064f2f65960723e94321e019c5d394b,0.362814
VirusShare_9565fc830645dd077f6791303bb4bf9a,0.928447
VirusShare_eb119f871639ff1feadab246efc8099c,0.07677
VirusShare_4c5927dc80148846d44135241c84c178,0.161275
VirusShare_06a7a58fe9e2261c868f5890eae85dec,0.074741
VirusShare_b28d1426f795e4457673bac4a19ce2a7,0.438925
VirusShare_a2d92e6b27559a76009e93f8d754397f,0.974852
VirusShare_bbc0bac54ef67d87a8acbb3698dec29e,0.060807
VirusShare_a5533b2c40ec7085a4c4fae8b278c665,0.173137
VirusShare_b8bc86b76ba42ecddbdb82c7a3369bf4,0.06267
VirusShare_1bf662f6bf3809422d2e3773e6687c03,0.954519
VirusShare_95f91d5b63de403f8022602ffc401807,0.422951
VirusShare_b20c9c4bff0fae03f4b819d33f578eb7,0.075184
VirusShare_3203d30d57afdb8a351ed0272bfe0820,0.143429
VirusShare_04355d7b44155e343a960bd619b91c6a,0.240854
VirusShare_174f85ae1daf0677c50ea1f78b6a3fb3,0.974059
VirusShare_2ec033b5a3837ff27dd09625df1352a4,0.052078
VirusShare_722e1449f0ccb646b7b8359d4bb485df,0.037365
VirusShare_4bac6d7a831dc01d0e864c99bfd15d8e,0.075399
VirusShare_f130e39ce882e851bf17084623312240,0.789388
VirusShare_86c7c70691d692a1cd065996f86dd127,0.95452
VirusShare_bff16109db65192d6e3fff0cebb1fa5e,0.622204
VirusShare_3a3ff42d5fad3a67e156557f726ff0fe,0.072426
VirusShare_bbe660a686e731e57019dcca9e7acd1a,0.324089
VirusShare_caddf6eac080c8a6a8e9a83ae1836c25,0.047178
VirusShare_d07f1c90d689cbd51adc06809dc87d2a,0.073217
VirusShare_465e98c8328e91af49b7c5bf8b9ad3e9,0.470858
VirusShare_1d892b0548f207882cb2bc8b3d7cbc72,0.117498
VirusShare_36932521f6825b5646670dcfd7e5d619,0.187554
VirusShare_3feb4c28199ff64979e575aee3cf0331,0.059478
VirusShare_109ab087ca815a3470997a513d47b640,0.13646
VirusShare_1c9e15470ffda0270920bcc21a8c133a,0.074488
VirusShare_9e03fb39228f83f9f3552683cc73fe37,0.216546
VirusShare_6081c294b8f110d18f0911fd131ab6fa,0.90085
VirusShare_9d923be7515ac13691505600a87abf83,0.375622
VirusShare_8ea9c555c6a53b7dee50185e6a7b2020,0.860965
VirusShare_3e82d4b205d458e65db00eb0f4231546,0.510056
VirusShare_b1950a201450af41e0839be259cc3802,0.052079
VirusShare_d428b80b655ce07f5a7f080e4c22f10c,0.199502
VirusShare_14f72e7da3fac6d45823168e82c31196,0.974593
VirusShare_3f741b3ed188ad012e949de9a8d43d01,0.331205
VirusShare_579aae919b3f3c79a71fbdf70083f2e3,0.046867
VirusShare_52799b712cd62f7ec5160672ffeb16d2,0.188088
VirusShare_262cf062a4c6fc200ade5fcb804b9e24,0.07677
VirusShare_b453cf182b5aa6bec317e35026ae8153,0.305876
VirusShare_1bbe3a3f1efad030be690f626257483a,0.419808
VirusShare_02bfb7863cc0f07550c5eafecf222a16,0.063494
VirusShare_76cd429a71cf1c495d89f09f1cebe16f,0.100891
VirusShare_6b107d68de254301bebed1763c93592c,0.062638
VirusShare_26899ae11d9e8c28d9439fb19a187fb2,0.955476
VirusShare_479965df665799efd52abad0d5c2e432,0.060298
VirusShare_6b976186f1c68d039e53cd7d1d8c4bcb,0.405245
VirusShare_b93f0cde07773f2e5344acaa61266ff2,0.063504
VirusShare_857b62a4a4f39c1d836f15cce0e15a4c,0.954063
VirusShare_7ab2221ff5788f5bf90129935b31e6fc,0.90085
VirusShare_9c16bd2baf802df1313a2c5777cfeba7,0.05957
VirusShare_a9fcd9281e378c886b8bf8d2d318ce5f,0.061434
VirusShare_308428378f17274f3ba566f432e484f0,0.067059
VirusShare_43c07320f9bb04b9a143f27626579c19,0.0467
VirusShare_e04ada70e364434309d37557d6b95d21,0.45953
VirusShare_e37102cc78195445604353c0d38cef50,0.942342
VirusShare_0c0a6986f5386d322a6f3842d12d3092,0.72057
VirusShare_c52ae394931798c848d68c01b3c24d0b,0.052065
VirusShare_bcebc46ed9e2bf4277c76bc9c469fc70,0.072426
VirusShare_e403880914b636cb9b7881e8571bfbaf,0.216024
VirusShare_5afcdf169b99322bd7d70c8d4ed63368,0.125474
VirusShare_ada34ff747e577fd6ceff08f5f95f8b8,0.094798
VirusShare_1650dcefc9481185beaa183df5e47055,0.052079
VirusShare_66efc2037745d35ea5100b0d0f512b3c,0.260153
VirusShare_8ff8b5501d9a7a4fffbedae5403171c9,0.077033
VirusShare_70ec1120f63f2e0de5d2b1d90cac63e6,0.861552
VirusShare_2565cf16832fc04aae2c021155c01abb,0.419336
VirusShare_9d0aeb27bb49a2b17e1364f20cee77f7,0.954063
VirusShare_b67bcbf559492d1f2edaf7938e5bfb7d,0.454072
VirusShare_73af75d5d5b8e2ffb64c1996e93de7f9,0.086401
VirusShare_a80b6e076d0aa145567a697a64fda289,0.302911
VirusShare_00f8579037c7cfc0d89875d293e2f102,0.086794
VirusShare_9b056158ec62d8941e3c6d2914100f5f,0.068584
VirusShare_ee283089728595118a9fd75136ccbfca,0.037365
VirusShare_122a6d2051953be2f182a2cd4fc26fe4,0.181516
VirusShare_c57150951722bb5bed977a94096e5ef9,0.771186
VirusShare_dc15ceda83790260530bb71adc86f819,0.099868
VirusShare_bcb74e56a16aed3b07a3854998655537,0.872933
VirusShare_0feda93e6f1ee920326dae850f8870e4,0.06399
VirusShare_b822744484d1e4ecf4c473dd6a3e1be4,0.064558
VirusShare_b797217977d46b6416836d475b9b5e41,0.093193
VirusShare_5424846d03ee972dc023e151a8b596ed,0.087609
VirusShare_8886d392ef34a37512ece79c9bbe4411,0.593103
VirusShare_9c5343686d7cb3c3ff90baf39f649233,0.938376
VirusShare_a0a415c8b00d755342b6dcea1680f4ea,0.059921
VirusShare_f9bb58b3f2ba2c08c54ce5b5be527a11,0.939426
VirusShare_4f820d97f74638d1d551abc057a2a279,0.06911
VirusShare_87d6b09f3e61754e1fa3cf7b5d7c2a8b,0.449859
VirusShare_efca8d0a06335202c9b85c4bcd747824,0.954063
VirusShare_10ff4a42abf7341ff2fe986ee8235bb2,0.060171
VirusShare_d2d39833a7ab92456ef8b5e1f1e31385,0.930747
VirusShare_fa9792b082d279bc9e1e0008425e0ca8,0.429657
VirusShare_addc7f8152ca94c4ea9c0960a211e93b,0.795429
VirusShare_25aaa65398a1f8787c27f58334593f91,0.083178
VirusShare_808a30679aea6a1fd58ebe5e9b65682d,0.05957
VirusShare_e8248250ce645b03b98bceb305fee9e4,0.053968
VirusShare_cc552bed9629fe4d9f2d6d60120bc8e1,0.31077
VirusShare_19b4cf2a56d7562ef8eae37665a14034,0.954063
VirusShare_717853d3eae694d1e59ec0684f29ed66,0.95452
VirusShare_6b297dca2cf6a741c50e873ebb24ad43,0.974929
VirusShare_7d54accc713aaa6d8c5edea15978d4d1,0.064597
VirusShare_5f531147de64765bd5a74e5f09ee524a,0.15601
VirusShare_a70ed0cc4bc723b5f283bdc038a1dbaa,0.217588
VirusShare_d9a352adb507653acbeb9faff81fcca1,0.834085
VirusShare_50b85319b5772a749811abfcaaad8f6b,0.24854
VirusShare_9192c2363847689ba2d28c05c4c04c6c,0.788006
VirusShare_0c456d621745986c4d890a6d12275b6c,0.938571
VirusShare_8d08a37e150e3b635855698e1de26c97,0.648732
VirusShare_1b5fbedc696d139bbbac4b2301b3772a,0.052155
VirusShare_718e484c23a61308701a584eefebd519,0.974075
VirusShare_1b36f9f4aff5c4bd75959e2e01112cd6,0.933871
VirusShare_188898227eb131126a4c1b0e74993993,0.955577
VirusShare_ed61bac866938f2cf7ce3b05de9185c6,0.183044
VirusShare_d4578ca56b7956a1620b80870952a4f4,0.047396
VirusShare_6ad3d573b1d9091433afc2e9d50714b3,0.092022
VirusShare_132d6a8d7b4b3f1f7fb968fc2191b7e9,0.954446
VirusShare_dfbe0e2441ad14dc2acaf40e04bd88ac,0.072426
VirusShare_19a083609e2f627e7fff8ea67e08d3d5,0.829758
VirusShare_6f169c53224de5d98d3973688d79b76e,0.107521
VirusShare_239e28b7742336ebc33d4011a46c874a,0.935575
VirusShare_a0ad7c424d668796553831931c7eb312,0.412664
VirusShare_14b72e222051dab40e4e63a8cf9db510,0.594627
VirusShare_c9b6b107c13dd0fdccbe95695c3e3f7a,0.97485
VirusShare_74f4d21c3c646d1f2ed34b1b3c4486a9,0.954063
VirusShare_57170cadb13a79be5f5e610327346f58,0.036984
VirusShare_6c62fa16f7acfc4839dbc4c27f1cf6fa,0.05899
VirusShare_1aed8674fd45787a5d32fed976741edd,0.046597
VirusShare_6b3b0454dea0750f03be9dfe5817cbe3,0.173562
VirusShare_c203c5f56a667fe704cebe4f354f4a8d,0.080966
VirusShare_d51a1670a595b132b0e82478994bb7d6,0.974413
VirusShare_27d08285bc6e8b6f9ef756e3f34a0128,0.237123
VirusShare_a5eaa38b60303adb5cc2e34d4b47f994,0.167398
VirusShare_4a49efa41cefb3734702ee32aeb05f42,0.463895
VirusShare_3e3863c1d772b97d9b38ca949f1435c6,0.226883
VirusShare_2940edab7fb97707e42bacb430f7c685,0.061824
VirusShare_7095125228ce0372df5a49768e0bd5ee,0.059478
VirusShare_748890754e7e6c0f109c8a70b5fd6fbe,0.059383
VirusShare_f78f2e70b20587810b755e56821a0363,0.954515
VirusShare_7e3ab9771e7636625b5e4b35ef474d32,0.065859
VirusShare_1ae71d2a00c2781136f0d041617131ad,0.575211
VirusShare_f7b2f7c26e2e1d25654a632d428c1369,0.078342
VirusShare_398bc7c02b83f5756e1b1b0e97c637c9,0.049616
VirusShare_0ab44e198fb384741732b0e493ab4410,0.108374
VirusShare_5af8592fc616e022102db1271dd7d341,0.297649
VirusShare_b7e6567165cc19654566d6065f1cf0f0,0.974751
VirusShare_099e74f87f7137d536e951e08aa77163,0.903275
VirusShare_d32f2259c948cf0a3c84cce4b553c342,0.930148
VirusShare_dfdb72709c586860a44f5343b53ecde3,0.047212
VirusShare_422313fd212bf2664241ed03e5421cc1,0.974918
VirusShare_c79434699d057c76e0e1a40a6a3f0c5a,0.244363
VirusShare_a958c75780583c190a81a519275668d7,0.131382
VirusShare_d59c7cc6f109cb59fa55309f4f829692,0.925226
VirusShare_7df46377cc6f3771268104e79b1b5625,0.725827
VirusShare_d376b57146814ff069831cb75841632c,0.356834
VirusShare_50cac4d80ae617c57657fa9850e8a91b,0.974748
VirusShare_f894275a5f46390d0a1e61c4c9c65b43,0.406938
VirusShare_0b1b3ff8d3e7792b0762f57fe0aea3fe,0.875886
VirusShare_39107633505bc1d02d27b278f58e9d37,0.85499
VirusShare_19e3b43520f9e6135c8255ea87288cbb,0.942418
VirusShare_48415568f836d153e802b88eb423c028,0.888597
VirusShare_340f6629338ca74e035e4be6f141bb8b,0.046298
VirusShare_baf2bb1f27d46c8b948a9043276119cd,0.866082
VirusShare_96a1c69c4d1e4fdf84ef540373bb878d,0.036984
VirusShare_f058ec8c777f94a547c444f23e9be690,0.049616
VirusShare_caa76a2e499173ee3adc3b637ec8a213,0.07267
VirusShare_dec865ba4532e7e49233a09a4366013d,0.037001
VirusShare_9276258e0b84d9aee61cc44c6bfebc73,0.094254
VirusShare_f101b83db231e05c9412fd3c19fe6ff4,0.064201
VirusShare_3169fddef916e22c22dd0f1fa8c029ce,0.259593
VirusShare_3e583472cc7b1ec6e902b2638b300196,0.939354
VirusShare_378022fc1f0f4453c80c0cf9c8e7d6c9,0.061407
VirusShare_83903defacd0c7a473c39cf46a05e7c1,0.954063
VirusShare_49bf387ff134c0613a96ba231e1101f8,0.945514
VirusShare_ff580b1bcf7e5d17584c9b6422794cc4,0.221931
VirusShare_89c20a936d23da34560927ba7efde1d4,0.954063
VirusShare_308ccdc09a05ced8c9927fce07c966f4,0.974831
VirusShare_15331bcfc096774d186ef906b9d0a08c,0.63587
VirusShare_ac4541f270dd6138abf0d516ea170f56,0.151827
VirusShare_0d18dea8844fc91ce9b5beba8a0275a2,0.12902
VirusShare_aac9b06bda890ab6030e331b6ae99997,0.974726
VirusShare_d02009c6364dcc6c6f1601919ceb9f05,0.059478
VirusShare_882b3feb9166f1e19e670f29a4567692,0.794594
VirusShare_bfe3d29bb7bb79f257b930a599f52163,0.063064
VirusShare_951a8ae5463246f1c85acc22f0d4410c,0.107197
VirusShare_500ec9d20ffa51044cf59d7420743831,0.196811
VirusShare_e71f58905f93b6765173f57d60e59c33,0.083178
VirusShare_40688d1abe87de649a9ac576cbc3da3a,0.036979
VirusShare_825c98dbb30b642ca179412ac3d024e8,0.072426
VirusShare_275cf7518249a2f5eeb91c11573b4eda,0.110023
VirusShare_da90cab572f4dc7ff2efb003d6174880,0.258124
VirusShare_4b6d16e7089c05f3da162e142189784e,0.935123
VirusShare_3ee5955c29e8e225ac318d8823942dfd,0.076184
VirusShare_466818dc52a3872e06bf76b664b7b825,0.914901
VirusShare_311d2279d78b8615bc0cca8214e42074,0.171014
VirusShare_4c46ee61baacd3ea4ecb24a75c96b5b9,0.077713
VirusShare_0098d0c218e369e770c5138bee2c4909,0.065709
VirusShare_1a5320649b84fd950ef4b05c0d31a634,0.954063
VirusShare_cdb5bb38268780075717ecbaae1f4716,0.26917
VirusShare_28d513a29c501fd7838d27e0071334d2,0.095952
VirusShare_8d7c9e2c9fe6c26ec83210d1e36b94ef,0.901729
VirusShare_f8827818c153f251c89232c10e981109,0.237783
VirusShare_70ca65de0e4e55211a32398c141f7759,0.954063
VirusShare_6d3d7b53428faa84d45925ffde1cdb55,0.280148
VirusShare_5fc2f146c1c9c80561fb3e2230599c5b,0.577122
VirusShare_90c768f34ae471b39548bb6bae4f8023,0.909971
VirusShare_3a138e80e491a98026fc97a12b6f1df8,0.036973
VirusShare_9fe442794c3ca76efdfc10f75f3d302b,0.474041
VirusShare_bdacafc76193287481aacc058157b552,0.540714
VirusShare_c57be4a13e275cc844d04c65f44a8700,0.171396
VirusShare_b76671810d11298f7d1e0304bcb4c96f,0.036983
VirusShare_4c286c923a93de7f68a51535b076aafb,0.872128
VirusShare_5bff4c5bd227b0e7f172d5979113c136,0.974888
VirusShare_80fc75caff5ef2e38824ea4a7223f2e9,0.048535
VirusShare_36aa5d4cc52bc22d1e27673ae9b0b5b3,0.071922
VirusShare_5a79917f6f5f1480c77ed5c2140192d4,0.954063
VirusShare_49f75a39e931c1c72f3458de8ff5905a,0.072426
VirusShare_628c3ea9a483db3343f36a81e7c709b8,0.282993
VirusShare_e7e77327ed18bc874f9d9a4505bb3f8d,0.945117
VirusShare_aafb5fff965f689734311b601f60ccdc,0.219814
VirusShare_deae55d894029489c03e3749b967e0fd,0.636135
VirusShare_0088e7505906e2b4e1cec18cc7f435e8,0.645676
VirusShare_728f3575ead222e4e13b9558291547be,0.415087
VirusShare_d03b8ad28283126e25126f93d8aa5094,0.939913
VirusShare_e307882cea3290309c53d9e710ea2d3f,0.214318
VirusShare_6103fad5bd4e651a7e233f65d85b457b,0.974814
VirusShare_3eceec44aea0f953a13b6473d14e2990,0.084546
VirusShare_eeef62e153a3ecec6f5ec8fd71f9a442,0.448829
VirusShare_6ffd96ca7c4edad5e9e4016cd9a3e95c,0.170022
VirusShare_f5108e65fe1488186e15cf7eddc7b02a,0.856704
VirusShare_2ff67febe93e2f258f06bf99a71e3a46,0.144858
VirusShare_ac7191be4babc0312c60bc21d326f824,0.059009
VirusShare_31cc1f4bb50fc2e38dd75af08790bc5f,0.058973
VirusShare_f65b1a11324b4bcaba112f97cbb57b13,0.052383
VirusShare_9f624fde7f0abc3430cf1551c8899d87,0.036988
VirusShare_66f1faadb804eebe26fb407cad3386bf,0.114366
VirusShare_8b72c702718d981624f084dd7737385a,0.269055
VirusShare_0256a8e155ba2c72fbce0dc979a7c3b2,0.883034
VirusShare_98abb1e386405ac9c3a88e59c81e8abd,0.036979
VirusShare_83eff6684f8c160415c6aafa92b556d4,0.884109
VirusShare_d6edef7c428b04c38cd05ca175a28f63,0.367535
VirusShare_514e048d8a6517adf4f690d05d9359de,0.919304
VirusShare_d74fd44408b1db15e2934cd5881f747c,0.061824
VirusShare_796339be0663aa064be0225f6f9f13a8,0.04505
VirusShare_a6be5e586178b2df0efd100c7ba453b1,0.131563
VirusShare_170fbf601ce47d8fc4c044bc4e1015e6,0.942361
VirusShare_6bcac48924a52d911202180e4355ceec,0.867718
VirusShare_6075f7bcdcd4a6f44b80c85a3fe19278,0.906338
VirusShare_41d1a9c6a3463bced8ddfbc1099d559b,0.974687
VirusShare_2d52de64edd9507837c571f717c7db60,0.042998
VirusShare_43fc5f5a3a97e7ebe9ce7dcd1a06c035,0.750701
VirusShare_2794e57550325d39443e9974d2415b63,0.05957
VirusShare_95fea2db5d2c92a2374273ed11ffab87,0.938848
VirusShare_b6080451350e5723c6e87a4c5655eee1,0.107521
VirusShare_8b449eac29e4b1357a05c590149c9972,0.059478
VirusShare_3dd2005f5c15f7944bd978a767f6ee4f,0.974859
VirusShare_4a10d0acaed25a9a9cb5a6b4567bca38,0.072426
VirusShare_4c94be8528c623eae5b3ecc80c2cb7f3,0.572334
VirusShare_b5aa8012b86592063726be6fe7a93247,0.687663
VirusShare_f6740439bf82650ede557efa3d1d8b87,0.10425
VirusShare_c29cbee61280432d433abac0b08c6641,0.95698
VirusShare_9bd1bae8541225f2029933720bfc071a,0.058956
VirusShare_58ba4258faf83a9415c6376f3f14b631,0.120284
VirusShare_0367d3a3a6fdc62b97caf3f297e81056,0.052066
VirusShare_13f8e551a01243210ea9bbe34371deb7,0.068804
VirusShare_0e75325270eac31b2b9ba651263c94d2,0.113307
VirusShare_a4a7aca453667100ca22e6835a3f94b4,0.063197
VirusShare_1aa16d7a6388f2ebcc5ce79f7c6c88d4,0.509325
VirusShare_5c00c66715858aaf9730d054817a5dff,0.193834
VirusShare_3777fcf30d06df6e3e9d794f06ae4857,0.072596
VirusShare_a79a3424a83434e4ef2570418137c464,0.196634
VirusShare_b0a38039837684f4d0f22db111923150,0.85451
VirusShare_1b8d4d2825decac4fd191c821ceb8ae5,0.203137
VirusShare_2f155183bbc4a2e0cb5b0af94e1a89e9,0.898949
VirusShare_8a5829666628d47fb2dd4525364ad4d5,0.037001
VirusShare_7674a7c461e4a0c427e4307581995ba4,0.735853
VirusShare_72574ebc8ac037a668c637ccfc74e538,0.131186
VirusShare_fe6a888e957421673d2eab2871b1cdad,0.914985
VirusShare_8d91615a8385ecd22d9d70df40565488,0.075293
VirusShare_e6a7c64db192067a8633b2ec1a7c9eea,0.869516
VirusShare_1cb943c1e24ce418909452d056a095c0,0.082964
VirusShare_58f787af8853855b8606c54265148064,0.047609
VirusShare_3a283b122cb85d437d8610796ad5898d,0.278766
VirusShare_b138df9f1cf7934ab14e6b21977f22a7,0.04832
VirusShare_cb1456d912ec4c5b31d5f25d73496ceb,0.04495
VirusShare_98afb7a6aea50be44bf67b0d73a3a782,0.107669
VirusShare_aa3c5ebcb2a49c1d17e0d57b1e515d95,0.95452
VirusShare_4fbd5010eba27db4c4e86790c9a8c8c3,0.40372
VirusShare_02ad54174989ec3a0bff99e0607330a0,0.043041
VirusShare_e6d9d84c681d0cf322c6065cf925d3f0,0.104052
VirusShare_56881572c6c65155fa048c8932bec2a0,0.150809
VirusShare_cd6ff9881eb0a5cbeb85b1e7649b8c25,0.223497
VirusShare_433fdfa6cf0c539c304185819b09687c,0.596554
VirusShare_bd9729928a052c6b015cb92345868a11,0.239404
VirusShare_b102b91df3c9610bc3cdbede00e191b1,0.079907
VirusShare_505b07040a7c00672d73e71102906589,0.61714
VirusShare_85a64ea12e773048d5e1ab89319a9a00,0.330701
VirusShare_4c049f7657650a74f886971ea4356f01,0.826064
VirusShare_4bd29d5e096bfbf5895b246c1a3ec166,0.098659
VirusShare_e31943db834022cc71014360cd6eb490,0.974342
VirusShare_06c83a6c5be0092dcba0b1132d0be9b9,0.144128
VirusShare_52d66ec8dfeea55056901cf3d7b8bd6a,0.275741
VirusShare_d5846e2f4958b11b48006db8c6eb84f4,0.795659
VirusShare_255aac71617edb0cc31709ef30fbee0a,0.953635
VirusShare_57df64dcbc5fc1004eb64daa978fba7b,0.041433
VirusShare_35646f78deb6f9bfe8119b82fd71d06b,0.932261
VirusShare_9156f9daff38baa72e46e83485cd15e0,0.563639
VirusShare_28c303c785a1b11147106c384e0a506f,0.457199
VirusShare_81d05991f57ed00cb5867fa4db1c547b,0.958712
VirusShare_d495eeb698206c3ec06ac6b862432a7a,0.97317
VirusShare_d7ede44a03f23c68b28a60743d314fef,0.954063
VirusShare_f949b570d6d06e1acd24707fdf775cb8,0.123473
VirusShare_826e465b72a02cd1169f1220b76e2130,0.919998
VirusShare_07a35f248a01747dfd03070bd6eced76,0.04115
VirusShare_8773c3edcefa41ae99e16e483f4354d4,0.931586
VirusShare_cbed2f32dc8ccaa1fe67c322e71430cc,0.064627
VirusShare_9e5bfbc7c6c6a6f9ad84cd55e7ab6e68,0.060107
VirusShare_971fff61baf6c3864fc8364e1c345f46,0.250188
VirusShare_bcb2b709c3cdf2083681172396cb69d6,0.171218
VirusShare_26b47e34afb23f858a1d6e632c73c833,0.36598
VirusShare_a87c67fa69369748b7b14375994f9fb9,0.974788
VirusShare_80d092a9d1da7b9312a36664b53af9b9,0.044824
VirusShare_4a44349803198be3ef463d6b189540ff,0.072426
VirusShare_360a4aee9a7e1f80c48d10bd24c64142,0.29252
VirusShare_a82974648933d62f9333362a084abdac,0.138917
VirusShare_8010201008bfb051e40025416381502b,0.290854
VirusShare_5f92d8c04cc8022fe4098c98e138ab6d,0.212895
VirusShare_7dd75e3f3de38b987cb264f098ed4815,0.738562
VirusShare_96fdccf453f059fdafd23ac639850348,0.049806
VirusShare_e2e1c400119977a80860bf23bb45dd43,0.974261
VirusShare_e59309b0afafb67573559ceb7f7db3f7,0.954063
VirusShare_daca644f3b57f90c17bab022a0f5cbb6,0.063618
VirusShare_d32ee914c6410cbf5653f9abaf64e061,0.156621
VirusShare_90f628b09fe3c266d7b8ec6cc33c3a5b,0.082924
VirusShare_0fe84c557a4e9d03e88c78a44931c57a,0.069311
VirusShare_52b4a7407fd8a1f3bb32cc9ed3da79a2,0.927568
VirusShare_dab8a8af9bd8b89d865a3f0bb8cf33cc,0.916911
VirusShare_87f56d163a848d8ac207e845cb44a225,0.043101
VirusShare_41456c2676737a75b73e8941282214c1,0.043068
VirusShare_57201aec028c2bd9a91e79ed81aeb868,0.156251
VirusShare_0cd6d5fef0b100059834b6f2b492597d,0.926284
VirusShare_323384b03f9d508ae4185fe6a1dafbc6,0.110657
VirusShare_c979f0d8a07f800df76d5ec845fdbd77,0.036979
VirusShare_1a7db1d0e1bb9df4a7e2567b1a5d4d44,0.349782
VirusShare_8803ede749af694b79c975a4bd5c50fa,0.044594
VirusShare_0e36dae78111577e64a4888b5720ff47,0.974924
VirusShare_12bd554a9afa25a5810b5096edc542df,0.060219
VirusShare_041b4770ec4846ec3b27fa47f9f370bc,0.95186
VirusShare_2bd5978e801d0e2cc56fdc42c25594b4,0.08801
VirusShare_2c155f3d97a755d46f9c5f755d657879,0.062422
VirusShare_47dc27518bef60aea2a67b9bdbed7e0b,0.938571
VirusShare_5fe593b929da5513b3539c02c7a0f800,0.911067
VirusShare_8e735f0f1e57adb04fe5642eb018d06b,0.156796
VirusShare_69f21b4f34ee7c288a17d92c23612526,0.108876
VirusShare_62636e862dcd0990f360583c9a054589,0.974154
VirusShare_5a566778ebe7458c79bf26977807eea4,0.25468
VirusShare_c2e2e95b5554600b949a573effed4f0b,0.974824
VirusShare_60b1e65a40992536c7b083e4455120d8,0.250158
VirusShare_8bfc4ae813365a0a6b1d334ddff4bc0b,0.451522
VirusShare_3a8a5d07eed856360ba11d8b2c7f810c,0.047396
VirusShare_b5a39e59718d3b24a9701645913dcaea,0.970012
VirusShare_7bce0c63d0f01a7a2805e9074565f6ce,0.113347
VirusShare_5bae2f2b450c76cf47b5acd6d3d14d35,0.24251
VirusShare_2cd930c0f73365f4174c5407725162e1,0.777214
VirusShare_d296a79138909d0582cc9e7bca342e12,0.124907
VirusShare_fd4935eb912d9c4930617f2342e8c79a,0.436279
VirusShare_c6cfa62bee8b852d17d8147b763248a2,0.059478
VirusShare_5bbc85745b1af1a54c01269b36a862aa,0.895447
VirusShare_d77bab9505cd858dd6b7f8ee8f4bf55c,0.061911
VirusShare_883c59768204c6214c04206335ffe781,0.078802
VirusShare_98105d7f07a19d36dc82c299cf24d552,0.823475
VirusShare_e52d603efeb458fbd212ef29f00710dd,0.052049
VirusShare_a6c8af48b5f7f850e5400cca5c288ae1,0.862744
VirusShare_60ba7d89fa523bc1db14d4407dc11e90,0.197331
VirusShare_3cbc70373f2d8f8755e4fd784f623c13,0.192184
VirusShare_c5997159e9fb2dee73f3f8e99a4b11f7,0.447977
VirusShare_d40b18e4e8830606d472653e7c3737dd,0.974326
VirusShare_6ad688ff17e0b8d64f5e92898d04c798,0.355705
VirusShare_963121fb7ed7ae47d1c455a3881a07e9,0.047081
VirusShare_0565331d432f93c022c3c9b54a6bc0f8,0.079907
VirusShare_9b75517fd8ade34b6fcb1c2bb08668c3,0.063504
VirusShare_e03258c4fa74fd72ed7cdb9a9b66d324,0.371977
VirusShare_49d04019e08e682beb1f5ad9e8e74ee9,0.062802
VirusShare_17359e6853aa0497b66c2171e2b58688,0.954038
VirusShare_4f5349bfb263a3eaebb659ef6c85d903,0.974928
VirusShare_fc3f82c9200496428652bef9892ed46e,0.954515
VirusShare_a226000397ee86bc7805c3f971915255,0.931971
VirusShare_4c3a2d588cc7c5df8ac9d10a1556932c,0.052382
VirusShare_0f269ebb6bdde2b1aba3ebbe4f552584,0.284303
VirusShare_be4c2f5f2e00c17b06080726837edab8,0.205153
VirusShare_1d24d79300a594697d58157d6ca5c7cb,0.049155
VirusShare_17d86fc3b73c8834cf468c3ed8231e1e,0.059478
VirusShare_55713ab3d3c422cfcdc12919ae8b570f,0.079907
VirusShare_072127770a162d77e9791748a9813a60,0.052065
VirusShare_46b7cfaeb4bfb9a1964fccc5dfc59013,0.168278
VirusShare_ed3db459cfd66b6e7271c40974213fec,0.93586
VirusShare_1cbad45e97038f4b29f6a1cf4616000b,0.05988
VirusShare_891e115bcc959cb206217ef54b4136bf,0.954519
VirusShare_33b8384412619f044e88ce017230827b,0.458261
VirusShare_a26c19a9e4c803b8bf3f67135e743f57,0.059721
VirusShare_7db52e90af60d833405f2621e9e86484,0.056685
VirusShare_66f0044655371408886ec822aad14aa3,0.037001
VirusShare_796cb77a13a12b5dfdde86db43afa457,0.482902
VirusShare_0e14ef146913b1d7532891e6b5ab5219,0.052066
VirusShare_0cd5943057873d90624eaf2898283c34,0.052065
VirusShare_db48c5261628593972e89077c73eb5a8,0.089234
VirusShare_3a632856051c26bd8b8fc7ecaac94f35,0.827191
VirusShare_347aa020aa2be96a9b60fe5eed6526c1,0.368655
VirusShare_e7664a83fe8e33625f1682f6553ca200,0.650432
VirusShare_4f60b2057a0d16f101b36c2c8c4cc31c,0.731952
VirusShare_f6c05a01cae5aae60a305501a9b5e8c3,0.037365
VirusShare_b7fe6771310f90d0ea604bb1babdbdd3,0.37474
VirusShare_d66f2a5b70c77567f30d256612904c00,0.107521
VirusShare_04d1709becf142f6f34acdfcf40363c1,0.112002
VirusShare_542be8d79f724e52eb355fdf821f455a,0.069144
VirusShare_e1b3d94b7f0a235c0734761e5a60642e,0.540666
VirusShare_6ade6feb3e9006eade1dcbdcce7cea63,0.926084
VirusShare_fb98a789e8446a72356269cc67df747f,0.954038
VirusShare_667e8952a4a0863a6c9a3e4065e76ab2,0.609521
VirusShare_b057c750c04df6d42c2c282875c04b18,0.179336
VirusShare_85901671ae0eb1b41e1dcd39c9c01c3a,0.68009
VirusShare_c3488845b02c149d06643c8181f5fefe,0.933335
VirusShare_7e51400c2149514b54059208f917301e,0.954012
VirusShare_56ebe8e2f9dd1f3c0fe9edda52d85d04,0.244114
VirusShare_b015b8d808bbd3ab0849fb518bf7f546,0.036979
VirusShare_0955107728dae962ac0a54070c539caa,0.823244
VirusShare_cf656adbb5a7d3c6fd3580492f346fb5,0.059122
VirusShare_89adc6f77d8b993c8fbefd4e2e737b8d,0.974161
VirusShare_baae7166db2043cb130b11250b1876fe,0.435793
VirusShare_834e7d89d3274c6177613f6d1a060348,0.052065
VirusShare_ebf88604fad00cf093dde6eaaae4c5be,0.954063
VirusShare_59d0be402694fd9922dbf697fe194a37,0.04832
VirusShare_9a5d9eb183e1a11c9003b54ee7023dab,0.080291
VirusShare_42bd3a67059faefc2acc74d783c44bcf,0.27137
VirusShare_0c6710b763dee35f8d8d6c27230a87d1,0.048881
VirusShare_6f69cd584f5116af62532a93179fbb3a,0.063181
VirusShare_96d80e0c204cdfbaf5a8207114bebee8,0.974774
VirusShare_90a9a41216961c1b036d4dbdc3046984,0.954036
VirusShare_21b88296c7f4ef625b4d66c0eab8127d,0.545322
VirusShare_6743e3521bb2e738ae850e6d270057b9,0.910248
VirusShare_825d377d6a315ec15b3f4d8e79d3e732,0.06261
VirusShare_aba7c5bf4fc74594bd4b39a98e7b8f45,0.954063
VirusShare_c383932886ae5022fe31aefa2cc5ab6f,0.036983
VirusShare_067dc1e57fac949b81ddb4f88a028dac,0.251337
VirusShare_e134052a75c2a6f07bac76020667eba4,0.090322
VirusShare_ec4edfe94879c76f992f740f69deaa63,0.079907
VirusShare_fdab2548e37a9b08f0eb1868d29134c8,0.107521
VirusShare_541fdb9811efb8ec8e679c9a1622b594,0.248143
VirusShare_28068c13046358672852ab6fc4b98be8,0.159048
VirusShare_d1b6b1c1eb1d8b58295d46e6cb10b5e0,0.354
VirusShare_cb425366aafb37283ab813f492c6a62d,0.239764
VirusShare_ba95de86218ef4fb87322010bb93f3c7,0.93761
VirusShare_5cc85a69a7aa25bd4a37bd0f384c2b08,0.079907
VirusShare_c9c95371bc88d44eed5aac086b490718,0.917058
VirusShare_13e5f1fce17e2e2744a70a07089b32e9,0.037365
VirusShare_6a625a524cd3990f75a7859dcebae884,0.059666
VirusShare_627757074e4955390fa9e65a8dc1f9f3,0.308876
VirusShare_7808ca6b60f9649d87638740830956b9,0.036983
VirusShare_73ffeb044020feef6c70d70299006676,0.07708
VirusShare_523693587f150a3bf8adff0a45e560eb,0.107197
VirusShare_f5bcbb4c735c1e8bc4f68e534d8899da,0.546149
VirusShare_664dc85887f75d1c17389e82d88fbfb1,0.745165
VirusShare_cef46908a155cb83e1b8521d668a076e,0.079907
VirusShare_77f6b8c481b25e8b855d00785347a59b,0.069929
VirusShare_c2120d82678758495a3e194a2e0e2eda,0.047437
VirusShare_04569dec64d21ad2346c02225a041d72,0.107238
VirusShare_3a0b4c23a1e60e4e54f3d11b8a0c87b7,0.563843
VirusShare_0debc5c272420387a81d911d515eb533,0.974587
VirusShare_2a9b4c78c7759c49afdf5f49eddfc106,0.079226
VirusShare_3e598a39dd5166d24d872c6d9f74196c,0.133339
VirusShare_0f0ac793d48413e50f4b502b415390ac,0.124853
VirusShare_c9203b6546ae32a885639c6564918b46,0.073752
VirusShare_d007b364af761b52956ad01bf8f1f2bc,0.045907
VirusShare_6cea9e0a5826e8d65df56b7ff813b6c0,0.27702
VirusShare_bdfce1b986db06d3789ebe9cd2a54d89,0.080897
VirusShare_3d783752db7d5c611bebe4b666fde00f,0.917172
VirusShare_65c99ff9aca0f68fb45deba0274b4388,0.068199
VirusShare_ab0096f92f441b2358ee112b5ee8c703,0.809731
VirusShare_86e159a7d056d0627773a45fa6b1eff3,0.187975
VirusShare_4d73ecf971b71d818ee325ddfdee99c3,0.954063
VirusShare_bc5a5013d00a628e0cf4db22b54d3ad9,0.954056
VirusShare_ac2234359f725ee3ba6791e21676d3f6,0.412715
VirusShare_5d47812345dbcd1bcc91ff4c51683b0a,0.065709
VirusShare_bb9576ac4ba78b85c25422f2a7ab7b44,0.974703
VirusShare_4dd02b4f8a06f47f6178196c04a86584,0.051502
VirusShare_b1dbc3b027105d8032541bc0c5e71abb,0.91173
VirusShare_837872320e2ec5f8876b26dc9ca76add,0.046867
VirusShare_e900e6cd547787c0ba378c4b46075d74,0.611701
VirusShare_552ea162a604a99160c82e09bc02f4cf,0.956151
VirusShare_b19cf40634b4c963828cc376cedfa59e,0.675374
VirusShare_77c0df10d2f4192017a0b8b7e30346fc,0.058384
VirusShare_a012c0b26098bd01f851c0d43c3e74df,0.052065
VirusShare_43bc2d1c1aab4cf661bdf1587f8d0fb4,0.077277
VirusShare_012100f67bce8015a954d16d3a3bb2c7,0.084618
VirusShare_36529715f030b1ace102cac4bad286fd,0.206683
VirusShare_628b3f0beb42e73e2095f3d87a3bc7e1,0.066636
VirusShare_a682a7df1173e14f33ed8bd9b93e3c72,0.160132
VirusShare_76cf1dcb9cb2779e764816a818bb6ecd,0.831379
VirusShare_e46f3df0382591d200b15a8cd985e2be,0.154189
VirusShare_20bdb435f24e77d9f184268c8c4490fc,0.059286
VirusShare_6af458cab5ebd8f5ed7a893325bfcc12,0.061508
VirusShare_0a0a74ad6cd4865bcc4a0f6ff9a3d847,0.145973
VirusShare_1d8cdf761c3c845c7f2cc4199ad345cb,0.683806
VirusShare_7f6875d70fe1379047078e0b70ec7fb1,0.086417
VirusShare_c28dd67e2a30f5244d3001be4a7577be,0.175435
VirusShare_999ef680c8471be59233d8dc0739dfff,0.054614
VirusShare_26b79bc3bf1a0508ba12684a3560294a,0.231266
VirusShare_ef5e00bff5ff2ef793685e7e6f8ae23c,0.974821
VirusShare_d3201593fb97c1b60f844acd8d67942c,0.974977
VirusShare_402551e16b93e27334ac252e0ed1ba49,0.347383
VirusShare_b10a8c23f139232d3cbb368c2bec8f4c,0.974701
VirusShare_d83a47429ff68f786d2f4392fe7b0af6,0.787071
VirusShare_200fb53dbdcf06dd442671297cb46aa5,0.152305
VirusShare_13597ee37b0db41f775e8aabc5c33722,0.324573
VirusShare_8256853bf0f45cc2ac2505719a115794,0.671837
VirusShare_6225f881ceb550128568c8a55ba79acc,0.046867
VirusShare_5f0e39fe686fb50ee84561cfa9ef79bf,0.957555
VirusShare_fbe6048b7aead2c2fe28933895aaaeaa,0.29252
VirusShare_080bfa6169148dc92506bcb479dedf19,0.046867
VirusShare_e8bf8515b86024d8cbb61d303f2ec7e1,0.072426
VirusShare_a3afebe0a94b39d2a58a061015ba4b56,0.074407
VirusShare_f6c064112b4ac90269f95398cc158adf,0.036979
VirusShare_ef7f1e87637930759edef22386bfb6cf,0.109438
VirusShare_e6a39ede3623af3f3217f3b9eaa94415,0.064646
VirusShare_bae22d378d8a9f4e13c632402b8236cb,0.037365
VirusShare_978da72ae7d4ab22ae8e82f391794eb1,0.264282
VirusShare_6ed87aec021b3fb313ccb925de4985b2,0.95487
VirusShare_f8a6d90b1e91e0ab4f45417783050ece,0.063358
VirusShare_1c267baf2a1824be9e7aaa1cdd59f7ee,0.211748
VirusShare_e39b9dee2c352dbdc00ca03c14cb8436,0.048844
VirusShare_9cec541a75e72a7f36d91839bbd25cbf,0.107521
VirusShare_4cc25e6e88e16d11d53c879a8a3ff105,0.313867
VirusShare_e27c05c4244a9f36322794b3754ed46a,0.44182
VirusShare_5f8fb170b2c45efec5cf77f11416d0b6,0.880936
VirusShare_d6473a52bef888490328a888e37f7fd4,0.107521
VirusShare_bd6fb0dd4209fabb98abdb1efec464ba,0.549382
VirusShare_e1da09105b16257524b6b681c9c3ca0a,0.286539
VirusShare_c74d689c3b05afcbde9d338f17b27ba9,0.050721
VirusShare_6b69b00116cbe67dae2ad37a5ee84835,0.05957
VirusShare_a26ab94f0d4ca4bc5b461fc09af73627,0.974915
VirusShare_4358308d4afbc52dcea285dbcc9ae152,0.148772
VirusShare_3607aba53a6f95b9eb37702894834291,0.078391
VirusShare_34d11dba2e475397591dbb2c7c4b148f,0.063922
VirusShare_f99812657aa9eaac55a77a729ce4fe55,0.750319
VirusShare_536bb209bac73e957e7fc6a7b9259f03,0.107701
VirusShare_1b56ce13b0acbcdf1e373ab133e152e8,0.921321
VirusShare_d1d0926a351293b8315de1844712ba4d,0.944891
VirusShare_d71a81d8e935cf4fd5483e17af675e9b,0.363614
VirusShare_6510b6ed112b21dd535756353bc984a8,0.537216
VirusShare_e21137ac05beb7e0dc2db9b40316f026,0.954063
VirusShare_e4f211f9539180ce5c59cb86406843f3,0.974578
VirusShare_9feccfb5358c1fa8791b262b7adc7e64,0.826586
VirusShare_40d3ae6227ae29528db5ad5b9ad9d7d9,0.081306
VirusShare_c16e74157e50529f0b0b790774ef25f3,0.234051
VirusShare_5840b28d0e6e88d0bd44803d74faf62b,0.923499
VirusShare_b3febe92f1497ff787365bedd1a11c44,0.955602
VirusShare_c719b9069b4958067810aaa7c947872f,0.046867
VirusShare_80bf29b7d9bb78ca50751ec92d6aa07d,0.037001
VirusShare_43c6fa514a523e6cabd7e721b7871e09,0.425852
VirusShare_832a4316301b9cce59dadca8acab778c,0.95452
VirusShare_9681088670471e60d174748eb02b0fca,0.109872
VirusShare_618a7969f184049df146e887dc3be4d8,0.866398
VirusShare_c6455576d6798215b1ce846448386d5e,0.308856
VirusShare_6bfeb97ee8e5d8ca57fc1f0798fc87b9,0.065178
VirusShare_7db362ed17d924220d7baa073188df10,0.356384
VirusShare_06868fe89e39e0e6f2f9bdb1aa92c457,0.112183
VirusShare_57d9fbb28ff6e5cf5c4ffd2d744ba0ea,0.036979
VirusShare_50948fb17f46bcca1803c99602bde762,0.052078
VirusShare_9a99ef0f9d9ad6a098ad575cbc67029b,0.037365
VirusShare_6e6f7e8a879d87fe1cdcd3c93f56d8ee,0.121053
VirusShare_248de0e5ec264bbcdc5d5cf89c88c9d5,0.929237
VirusShare_478676a94500d6753bab0a764fd79344,0.13511
VirusShare_b057794ffcd0977d923d49694779b119,0.974685
VirusShare_e5f154ee0beb295a628774a47c76975b,0.246495
VirusShare_9920eec1082fa8239836e0ab68d77827,0.052079
VirusShare_42c9540958bee851ac40c35b6d9d7c5d,0.154433
VirusShare_76e8a4830b39a557faa58886eb6fd07f,0.54731
VirusShare_beb294e7e3b5ee1d1fb1e3c272d0f8eb,0.036973
VirusShare_34e1830e351944811c9118071fc36131,0.954063
VirusShare_0d3a58f414c2263db0986b23a92eb67f,0.217997
VirusShare_c7f0087d2641f8676fccaba50bf3ea65,0.954445
VirusShare_8fbfbf492c5c18fc23e288b2c7485cee,0.052065
VirusShare_38e618b722c9b04858e43bc4cb177d6b,0.749851
VirusShare_cddae32a12e8bedbd370ad12c1e441dc,0.954063
VirusShare_a3604de5dde26f6173ec6704f1ca3926,0.954063
VirusShare_bde8a311414d7314ff61ffbc6bcb598f,0.863091
VirusShare_957b6cd24e500f265462696893365467,0.086454
VirusShare_dcf861a4858cc95b9d2e9ec60969933e,0.903227
VirusShare_57bd38d67600ed3c39bb246c88c36c58,0.052079
VirusShare_b4352182552e1aa6b5705990804ca83a,0.48366
VirusShare_341d536d9d8f008a715f66b315a95e5f,0.883014
VirusShare_4db37eea55319db3b067e896e8d20574,0.928331
VirusShare_913f7f340a65cc33bca1874d3225442d,0.071244
VirusShare_4f61c23cd1d2ac20b28846f15005c206,0.955602
VirusShare_88524a22bef73a8a41aa2a3f47bd1ef4,0.595247
VirusShare_8cf710f29b4d252820535a7c99182e10,0.827283
VirusShare_f4a3ebfef61f82c0def68d76fdf0c5d5,0.974162
VirusShare_a04ab7dcdd78252f331789604acef833,0.073529
VirusShare_3c0e8cd9286280212c671905f8423eeb,0.052066
VirusShare_d8657f66cdd1a022abc63effbc25d6df,0.046867
VirusShare_d10d6c411a2a0521f7fd18f308f9c77b,0.059478
VirusShare_0fe65d945d9f773bec35a27ce6999a3f,0.957815
VirusShare_d0c74732c04a70bad584570518e22ee0,0.806195
VirusShare_16f655b8947f212cf7ecd9735475c0c5,0.052383
VirusShare_575cddd17ff8d7127e66797e14b82213,0.908415
VirusShare_a4f502db9a22b1b9730df102e8870bae,0.165035
VirusShare_595ce6dc118e6774a438b437f1a2b79e,0.040118
VirusShare_39bf3f80d7d685682c39e94c4b41518a,0.052065
VirusShare_c978f8906df71c18f64ba8172e120f0b,0.306611
VirusShare_a6659ad22401bf2dd4d29456bb3b6c28,0.97507
VirusShare_09f2a9654edda85f79008b81db837ac9,0.502197
VirusShare_d159a44fb5126c6b9ed7d5bf9dd38cda,0.908283
VirusShare_53cae10ecfe331a3a401280a7596749f,0.047939
VirusShare_b70dbe5eb2cbd1f32c1b235c4735fcbb,0.244744
VirusShare_7eb56e763cb1d480570660e8921d1fac,0.600888
VirusShare_205557825691a18de07dd03763714cac,0.820461
VirusShare_15f80222631fc892f5b99ea1ddd4dfca,0.7411
VirusShare_9a0b8e2a0007ed6c0d0949f8b7795444,0.103843
VirusShare_aea841182eff933a68d9b813300d29e8,0.908663
VirusShare_9c5984ccb4783b5f7263eea825b8eb01,0.058956
VirusShare_7c1d1385f7bab26c1b045342a4ddf017,0.974785
VirusShare_c22b362dde33285891dc5ca39252724d,0.071866
VirusShare_a80b23e800d53b2dc80512a1f62fd29a,0.046867
VirusShare_95165a8680429d297eb04d142441c72f,0.138193
VirusShare_91742d89398198901ddb35b4211cb22a,0.052065
VirusShare_2d49f478241841e4664c4c19c195b672,0.055326
VirusShare_713ac487d166eacb2c398af18ed92388,0.925052
VirusShare_13e8d870e7ed9c26e660a2bdc4ea886d,0.567809
VirusShare_a0a25ce0db0b19ee82d023cba21d1388,0.065781
VirusShare_c50695cd0b5b19c0094567c7af09bc7b,0.167409
VirusShare_f9c2ae6a0465a613aec254f8e0012bbd,0.1905
VirusShare_b7e3c3c9735d6ba37616d791171fe2db,0.641445
VirusShare_7b0c9f89e94b1795946cb3a4e788d046,0.974508
VirusShare_ebcdbac52ff1c30caaf8a11fa6a5c059,0.942022
VirusShare_5176617ec66a7648e154c15127686723,0.058991
VirusShare_91fd4f6a175787e6c9b54d88c2131c1c,0.114865
VirusShare_7e9ba8a4ef1b339196a3bb1f2b8bacb4,0.066573
VirusShare_b2077333155f326e711eecfb20ce4dbb,0.974693
VirusShare_3b37a55c85e24ccb510b5ceabc685b87,0.202444
VirusShare_632fbbf173078fcf99168e6a5bfbf120,0.061824
VirusShare_e170e3b7d03bbb022465348faa99ad06,0.547878
VirusShare_8431dac676e78ed9709877ed7ed7dcae,0.062985
VirusShare_13f36223ed813039d3b8f0a017fdddc1,0.954063
VirusShare_81a2639f1125cfa9202f89dd798bdd62,0.089028
VirusShare_666e30579179bdd43772f365409936f1,0.375857
VirusShare_561d03bb4669f2288ebd25291e040888,0.974809
VirusShare_4362f3cbfebc96b9bb80a50c3e55bed0,0.832694
VirusShare_cd04be4383def55c0b4005436e4e2363,0.060686
VirusShare_5759bcd88f92bc21b96fc82c38e40c2a,0.060135
VirusShare_c9542cd13ba90795a086eb1328c48d01,0.043915
VirusShare_1170c0483648f6b6195c29c7e0c0020b,0.13601
VirusShare_6899281aa3afb3a18c8c2a9e0f703798,0.079907
VirusShare_867b04e89ebb05a7d4ec32f91054f0fe,0.79868
VirusShare_fc0686150a642788157e43bb0279c0af,0.168805
VirusShare_25127b19858315a66fe47d6c41d0eeaf,0.151214
VirusShare_5e200eac41abb63a0b05b9ab4531055f,0.309421
VirusShare_f13f55759c52347f534717c888701fc2,0.95452
VirusShare_8503c4e64db290182f1175c7ba28b8f4,0.954038
VirusShare_2e38074a0a38a56b5689072c474504ae,0.078887
VirusShare_077d313ccd70e20869b1f9cdb5f95769,0.974922
VirusShare_7eb0c0fe4130f9e6c89ee974f6561a9e,0.046867
VirusShare_6b04904cf03ab5d3ff524b13f6f50186,0.075963
VirusShare_49423dfe15fc83479a1714760ae25d1a,0.825969
VirusShare_b60b35ac314e92d64dfb7eebb8ba0bd9,0.075004
VirusShare_df387cd512dc13db14be199cee7f7bad,0.95452
VirusShare_81722deacd51b5787fb7a6c0b85c872d,0.199516
VirusShare_d57a47e4f750addd9e703cec987330aa,0.615185
VirusShare_131fef31b5a8e294f2ad26c39c4c67d7,0.974936
VirusShare_1d9de21b8d6f4d9ef2add584a1ab1baa,0.743958
VirusShare_26575b77b6a1a0b109ebec6797c5e501,0.052066
VirusShare_8959dea0d09da1a999ddc115fbd1a676,0.084423
VirusShare_a1b40247dbee015ccbd8b4acfbedb05c,0.97455
VirusShare_4b2636d5375fabaf5210326d7ddf380a,0.10203
VirusShare_b93e5a2e8779157d93c4e483cf5f1e06,0.974918
VirusShare_3bef096c03adb16e2f303b86af3dc2ea,0.507324
VirusShare_f60c9882887751ec3ef1fa3679e49b9c,0.179982
VirusShare_bfc364beb90451c5b5ba4b489f43b4f6,0.97485
VirusShare_b6efbd280413f6f98cfd3847370844d4,0.047902
VirusShare_3c424a5687702f0064d6881187fab3dc,0.084127
VirusShare_b900021b1094b691680095f532dae63f,0.95452
VirusShare_5d56e27020d710f00e5effc4ba2beac0,0.178873
VirusShare_1f087215932979f2ee843abc4ba51d10,0.924417
VirusShare_6ae70b7546ef05e09c9b75e32ad1caff,0.13092
VirusShare_5f6f46bfddb92bd0c8ef4a3026453b9d,0.382042
VirusShare_f94cc4a8bc7778ad06c46dea2fcae015,0.766556
VirusShare_43d631813465242b0417fbd2beddc413,0.047321
VirusShare_de1cf00a6287daaa158f605bdb2f83fc,0.890541
VirusShare_b6799d3eb8653effaefe0d1937285b2f,0.256464
VirusShare_1d967b31b8e65f241605d4ff739aad9a,0.97367
VirusShare_75165840510f229c87e212e6a792e33e,0.974411
VirusShare_17c8ad633d5e569a65a9f56b0d881cb5,0.208702
VirusShare_84c9b4e659242532474017011afee163,0.067208
VirusShare_e123fe753006854bea426cf7b3d83942,0.076303
VirusShare_36764dfa2e35c8a044970ba6a484d13d,0.047212
VirusShare_00378eaff525b512d1e29d4ad51af6a7,0.974402
VirusShare_c21c4e8321e65cbf84369be479a0948a,0.06911
VirusShare_85046498abc6cbdd9808c34f47aebb25,0.063487
VirusShare_91209bfd1bf6fc4afa13fe8b8aef40e0,0.934949
VirusShare_cf1caf2af3e5e25a88e3f92acdf333fc,0.052066
VirusShare_f95988c1cb413b6c2a83ba22b4a4c2c7,0.059303
VirusShare_a702939ab2a3f6b0cd0c50f33121199f,0.092899
VirusShare_bb2ad868f4a986b1d324d3d4e2c650f3,0.06522
VirusShare_23bb11260f931799f6f684797f5f9c00,0.949354
VirusShare_651e380b2949ec0a2a0f064e46851a4a,0.904128
VirusShare_98f39e8bb534d7fd57dd83076be4e665,0.073141
VirusShare_e7b1eb3c70f304093953a516a5168399,0.974934
VirusShare_fb67a593a388f46e7fc0c7d3e6a142bc,0.153126
VirusShare_db4399c11a938550ab78e8f9964b7d7b,0.899954
VirusShare_6c1fe60bda0ec4fd43fc2a05535e26db,0.687495
VirusShare_b593fc816ed51f92bcfb5da4a6da8c87,0.384935
VirusShare_9088e71cf2750cfd5d9eb814045119a2,0.058956
VirusShare_f2bd251a9604ac5cbab64c7fb080929f,0.044046
VirusShare_837db5e042d1eb09783fd4b1e1a055aa,0.083809
VirusShare_1d6e5e624ec25897b6a8e0ede06e4aff,0.974784
VirusShare_ca8374c4c4b510bf3c94bdb2077b66af,0.195504
VirusShare_4d55ce56afeb2f24c98e7a573fb25f53,0.219674
VirusShare_1336b2999c48716f0557f8c9f7c9ab6b,0.974732
VirusShare_5198f6f5910fee56a860f958ab32778e,0.636445
VirusShare_2642efe96b443ec2091e6651e832f668,0.197111
VirusShare_e6e9883b5e0dce013797a4f4469c09b8,0.077224
VirusShare_0542210341bb336cab8198eaf1b29c83,0.072546
VirusShare_b0cdc459012aae2a5210da376f5df3e0,0.954519
VirusShare_6da3034f9b2ef28952a592f4060f9aea,0.072426
VirusShare_61163c06b6071009bc88aa6cc5f89991,0.196484
VirusShare_9865a974e15f491e21519fac53bb6474,0.91288
VirusShare_12f86a26fae93156a246327c0a413038,0.128201
VirusShare_c43a3d38dd54d30212aa22ecbc6f39b5,0.865236
VirusShare_043fbd84e0a00c3fbf71b88a3e2739bc,0.622749
VirusShare_a86469ae9d0188bc31e3dea927dca1bf,0.107701
VirusShare_020824e5aa9ecb744b1b94bd855a8f3a,0.805217
VirusShare_06f0419e14e6c8bc01dfdf1bfc71b7b5,0.974131
VirusShare_92776907c1f535410f5de8dc502304ee,0.262452
VirusShare_e2d90156ab03ca59299b499a70cd598d,0.954519
VirusShare_f38dd5b05ce3c2c8ad363d1336a3f43c,0.047194
VirusShare_8238f3c880ef30b52a1e3e8579b7d520,0.063472
VirusShare_5a7d36720e405508b2618e502836affd,0.941222
VirusShare_7b9a986ec9078addbbf9d2e43fee600b,0.105704
VirusShare_1ff479f434960e5a1283a21ce299b4ba,0.09056
VirusShare_f70150c6a775223d7e97710d95920f89,0.046085
VirusShare_6976639e701646e25c0a96c67b9ffe5a,0.958602
VirusShare_085a7c7b0392b9432091f2aad34b1f10,0.375404
VirusShare_7ff9003af89b1cb74f0ce5554154a9a2,0.507926
VirusShare_1605174d27c500f2af02c175474df7dc,0.150965
VirusShare_62ac107e28c6936adbb2c07c90a39e0d,0.232367
VirusShare_cbb0baf2ef90238abf7ad907476278fd,0.059122
VirusShare_2e2fbede9031283a63416898456b2190,0.951155
VirusShare_6e0f57a734d3879a463e61a22e38af62,0.0467
VirusShare_417503299e91cee5802063d002b18e28,0.107197
VirusShare_51e1b49e528148832c5071496097bbcf,0.052233
VirusShare_dfad5fdd5abd81bc88965caf095e3c23,0.060792
VirusShare_d255278f4f7a1c3d59bc4194040abdfd,0.074761
VirusShare_ad01a652b6e813ddb402daa99f30958b,0.845233
VirusShare_f1bbad1080e95b8ea0a9fd7a057e1aec,0.112891
VirusShare_dde23991bf8c7157c184816e6af6e019,0.048664
VirusShare_ad2ee59a4bf1bfd8a977828fa619aca9,0.077318
VirusShare_4b7702a88b2275969677a702c6ea77f0,0.173148
VirusShare_a8c32d32b6c010a9a178f7125ff09a8f,0.935871
VirusShare_19c26db477f159e72ed2facb98071c37,0.08856
VirusShare_3b04eed736dfc2105ad001f455439ccd,0.043101
VirusShare_402b5b721a2989712b96dc2cd33213e2,0.974189
VirusShare_2cede5f69e702331c9617621b62d3576,0.107521
VirusShare_33ca23c43736082f44e1c09ff5cf079c,0.097123
VirusShare_35084b6d0ce1b2fe343477d90595e966,0.307799
VirusShare_cae17ff584c4f3a9508fe0d9ea93be5b,0.921645
VirusShare_eebbbb42750eea48395d3d8e000f2261,0.073673
VirusShare_1d831df3d1f180bfb4cc7b27be38f382,0.722032
VirusShare_dcd2d16482fd7bbde0b97b9502388e51,0.858229
VirusShare_b60fac4491fa471640b6395472a24557,0.046248
VirusShare_86379266b1b75dffccbe0cae3b03945e,0.198561
VirusShare_75abeeb6de18530f65d26e8115251b8c,0.412028
VirusShare_91ac6deca3af450226dbf85cfaa439de,0.806666
VirusShare_09e147224c00abb8898583446d637380,0.974945
VirusShare_37d9e1ebb178375d6c25226b946b1a1d,0.358664
VirusShare_29fdc7bbb9fce51e85465a8dabe6e56a,0.063197
VirusShare_4c07a52740a3516f645744f84b0c1f44,0.974729
VirusShare_0cd01a72a0bcac8da8db06aaec2d72b6,0.061935
VirusShare_248ad3104d6edce7d2f8ff9fb34fb133,0.867464
VirusShare_34e5f2e2f60bc221c18e481cbb4f7ab5,0.141868
VirusShare_760236fd734bf5655628a32fc40ed0fb,0.797614
VirusShare_69797379048980169df5a5020ae29909,0.075342
VirusShare_1e1b60b3defa3b35a2a94e7fef7adce4,0.07309
VirusShare_2523bc51a434b45d9fa9881a77340fb7,0.619396
VirusShare_1e950bd4b7250d8f58b164626e778e86,0.047212
VirusShare_9b21efea25316d46021920087cce74e2,0.819604
VirusShare_ab512e2a70d3d36e09809d64a9a1a2b8,0.290082
VirusShare_d5e59958667efece8f5747d3dfd42038,0.784195
VirusShare_89a336ff11371d12f8b28496a4c2d272,0.078637
VirusShare_efa2128c91490996f6ab6b981847cb63,0.667334
VirusShare_242adf1a28929f018977e0add6b2842f,0.904608
VirusShare_6f2555109b48b2df40101ea3ebe478c9,0.063197
VirusShare_b6c2aac66120fc763f4129544253ce5a,0.079907
VirusShare_42f19b504ddc3c447c1b26ceb742ae8a,0.046616
VirusShare_b58ebb12106f6e6dac2ec007d53e37d4,0.974859
VirusShare_cc29750ec9b96bebda1d12ff8953db8c,0.869356
VirusShare_4a266af3cc14776f79ab2bb99ce2b719,0.24081
VirusShare_91018077c14e448d080aa4c22c536bf1,0.048534
VirusShare_05a176ae082ad582a1eae844bc99d312,0.052079
VirusShare_f384a600b39a53338a1587a271b7ca16,0.101945
VirusShare_e21b30f63268e8e1c2c60e9f7bf75f93,0.074385
VirusShare_efb9f5dd9853623aea9847aa19c9611e,0.036984
VirusShare_826e75a579739a816cd3315dce701156,0.902291
VirusShare_6dab8c901eae836b5ed8996fb9265968,0.075513
VirusShare_5eee8970cfc51bc61521622afec6be57,0.048535
VirusShare_df08c6231922e28c97d0c8ef5aa07b79,0.954063
VirusShare_43f98f041f4c4a63fedafc0d5b6968ab,0.937095
VirusShare_cf5b3ec188547ec44e620f2cdba109c9,0.059921
VirusShare_d240ef7154d37fa3b9110db85ce21c6a,0.918344
VirusShare_49a43e0b8369fd61f99a85aaa4beda31,0.052065
VirusShare_29841aed1aed90ce6afd28de98603c3d,0.594979
VirusShare_ce78e813cdce1f32ba76219bb686595e,0.377584
VirusShare_d97dad82b90fc2fe62099c3a049f276b,0.23323
VirusShare_54e6737d608a5f8f413615c673e4b6a2,0.107701
VirusShare_ece77257201a4bb7feed1265322b5f63,0.059478
VirusShare_256d55bac6fd6b444b1032a1f46547c9,0.05123
VirusShare_40739461598b1bbd16df55e689ea2953,0.951796
VirusShare_b349b74be2bdb82a56bb3f387052d67f,0.086318
VirusShare_750f2b6aa881f5c0d2a31594114ef012,0.060019
VirusShare_d40fde473079df9bfeb2e14c520bb454,0.208324
VirusShare_5bc53e6f4fed4ecab287d4c9f01db3d1,0.059759
VirusShare_0aaa1a4770aac986d0c216e1c6e1fcc6,0.084559
VirusShare_fe3ab8606699f49c41cd99a22830dfca,0.046867
VirusShare_eec1e8dfe8fb2d9341a5ff1e8648f10f,0.041257
VirusShare_e1219db9f7efbf0e7c4160e1a1b0eec6,0.059014
VirusShare_802984b9d164120a43fc580b92091c2c,0.919477
VirusShare_26a4ce9dae442ec9094e94eb9c0d2b54,0.074114
VirusShare_a471f5c481ef0ce59ae973c66023ab7e,0.046768
VirusShare_5462cfa9e0262128c9e4ad9a9975986e,0.063058
VirusShare_7667bffbe9ba7db6f4e4c3c254abf93a,0.062089
VirusShare_69a01b31f7427a00ca421d1c5402bb39,0.753823
VirusShare_4731c59b0bf66248d20a16c8f237f9f5,0.198805
VirusShare_e514b47fb710b73b2f581a35dcad2fbf,0.260883
VirusShare_c74a54611729be7c00a42b47d4d41e00,0.890444
VirusShare_a545da0cd50b248cc14171dea04fe6f7,0.916826
VirusShare_7627c29b9923d72f043c8f6ff16b7f16,0.057721
VirusShare_d1b3a59ca74ae076d8025a0b0fac33cc,0.059478
VirusShare_5562f387b3a467375f48ba54001f6691,0.168766
VirusShare_97012c3741134c3b09974b6300783638,0.036983
VirusShare_b1f0f4dcc26799e0a338af86977bdfff,0.324379
VirusShare_3acb5bb9fda51fa3ab0a140557827dfa,0.206635
VirusShare_fac90b70277949d6abd1982753b761ce,0.074186
VirusShare_ad369b21be015adbbae033b5c3b881e6,0.55606
VirusShare_b69e287c24de46b6775b7158efa3217c,0.072596
VirusShare_106ca8d26255c2578b71e8e85170d825,0.941577
VirusShare_91e0879eea4cb74a697760057f10a817,0.687009
VirusShare_c8a0dfe5e60078422f2e30b0bbad4130,0.079907
VirusShare_2b8e3515393697a1038fc71d7db42a06,0.925566
VirusShare_c7341d67f8c3d2e1791b87b3ad647d7f,0.954063
VirusShare_816532fb49d1872860d3257f0adfaa3e,0.975003
VirusShare_c2476cb820491e8bbcb4c210fce0003e,0.210137
VirusShare_53e5f974750acc5c623f073f88d3efa5,0.073729
VirusShare_20a74d852ba2bebadc60d1efaf0847e8,0.064901
VirusShare_65f02521e4d3d357608eb923fa6930f5,0.93854
VirusShare_3e944fef2cb466e7a6297221f2e64690,0.97473
VirusShare_68f77ba6883ad94e336ab0f1aa7983e7,0.055822
VirusShare_d62176da868029728d3125113b658e5a,0.104778
VirusShare_692824cf1f9d9a354d979f77e02f09c5,0.036979
VirusShare_da9631544b1c2f5c71b272705875ee60,0.974571
VirusShare_1901bb5eea85c8edd40e033ab234aabf,0.771071
VirusShare_e74223a1e86ade18d44add8714167423,0.069245
VirusShare_fb87a8d964a90ae94c0be5de3d25bb01,0.926823
VirusShare_468b82434c4f24cf5abf4b39a49b3ef3,0.563065
VirusShare_ea4d2001773f8161923fa9656bf7f213,0.187286
VirusShare_c1b72ee5cd95f7880d4319a521a72316,0.899068
VirusShare_753a8a5528556b2988328eef39ad9771,0.945472
VirusShare_6978c6af3a35a54384bfbdb3db15f77a,0.069003
VirusShare_488ecbb3015d642ee9641debf6db473e,0.046867
VirusShare_95af4263b7597d1688801b8fcf6b1df9,0.95452
VirusShare_aec381fc959382f423e25532559c6092,0.863242
VirusShare_ec55dd7c73cb242e2d45c49505335c7e,0.142121
VirusShare_5e7eb4fa027e11db6054b70c31022b1f,0.054652
VirusShare_f711e90f156e44234e26d027a2070497,0.456722
VirusShare_616694210a9e3d7c30822331978f04e0,0.941741
VirusShare_70ead0f8f6ec50f76b2b594cae68f70f,0.052065
VirusShare_703b736155028bdb2760a4593f351dce,0.862416
VirusShare_b7c9cdda0042a84a160855c9f2f9400c,0.24904
VirusShare_308667495b1c6889016751dabac6f1fb,0.047396
VirusShare_065f858a44b78a6399a9038a3e4f2931,0.844836
VirusShare_8f1658f4b3e898e99056e2c8fa04aa32,0.336627
VirusShare_85b0d56ee17f4d8300bfbe2be323f385,0.072426
VirusShare_a7a3699f8cbe04d50de49904a3fc2fc0,0.08236
VirusShare_4ac56b4f6fb64c47a17ec531028ff542,0.116259
VirusShare_a8f5f9140f18cbbb3dcf6410f2c728b1,0.933034
VirusShare_2174014b9b46daa86c9557b65360d634,0.954445
VirusShare_b7a480d936cb2db23c6c09fbf91c0e83,0.043051
VirusShare_c98f0f85e16352f1eef3ed0cd41b5f34,0.240632
VirusShare_c34fb27b0df76b99e1ad101525ed6171,0.043101
VirusShare_2228c33cd7b78059b502779d475472b1,0.767484
VirusShare_c1a13ecb533f5f43b9f6f39c22e597a6,0.627208
VirusShare_8265e2cb1c7f2a0917e098d7c9c8d452,0.974396
VirusShare_6457bc180670201185c5f6410579209b,0.181438
VirusShare_cee6b666fb44b846ce61fe0ab039e5e5,0.919973
VirusShare_dd7387ea334a4a2a68fe0ae6fd8dd3d4,0.45438
VirusShare_576f33c2c49049deb792d0fa06fa5e9c,0.083831
VirusShare_af6a152f73fd1f7f84f049290f65c1f4,0.672099
VirusShare_a1b2fc45ab38f0baca06b041923452a7,0.196295
VirusShare_ec2e55e29b1b4aaf588c4fa6f6b62300,0.72946
VirusShare_0bed5952ec48b4ca7d266d6b51c643bd,0.326424
VirusShare_50941e4a6f6129d5ee4efb21c8b1b3d6,0.257309
VirusShare_cb828f233d71b355c50f6aa6cdf7a70f,0.037365
VirusShare_3fcce8b9e2b2659fa46aaaa5e007082d,0.791473
VirusShare_bd15747a1186741995f6e96e5e376c0b,0.050551
VirusShare_a23af4d5a0c2b60dbfbfd72eba784d52,0.149529
VirusShare_8e4b34ed97ad7b61a2eef9f7d58780b4,0.079907
VirusShare_ebcb00aaa3ffa6fd108769bff7e5dbea,0.107521
VirusShare_10a9016e9014ff33374bf8b0a673e109,0.05849
VirusShare_338fa49453b35948be7245ae946cdb3c,0.345858
VirusShare_aa811cd14b34cc0d86623e85e3242958,0.114019
VirusShare_e762e8e1019cc1455666142430ea9003,0.053841
VirusShare_006bf1cbad376957214330f8019eda78,0.288475
VirusShare_b5e52872a84e29e5eb25b7bee52035da,0.07629
VirusShare_c7cb10bcd5d3afb193863fd403b0a9e4,0.263127
VirusShare_3da1b1c0d5fc9cec058e7c74013b4fcc,0.954765
VirusShare_0e28231bbef4d48ca0feb3e93ff8bbe0,0.974744
VirusShare_5f36aaf4ce578c64ce962ca1591bb2c1,0.20692
VirusShare_5b15313b0e0f834938bd8b89911b1a0d,0.079907
VirusShare_c77969921764299cf7ccc79db022e8ec,0.174457
VirusShare_f9cd9504a35ed02093ca5e89a56969a7,0.533571
VirusShare_ab2cf1b9879333c6a27b1482508cdca3,0.079017
VirusShare_612573b52e295ad8712af2a901d7f43c,0.498604
VirusShare_97fcc9a8e35600680da1d975dc32f9ec,0.241624
VirusShare_2af7552c80aede55741b23190c753ca9,0.974762
VirusShare_c4d74c330a1b3164b1ea4ed54f3e49a3,0.046651
VirusShare_88ad5d62543903fb15a8c99605cd6e25,0.974537
VirusShare_c4e3646c176d8c816ce23ca30c287a57,0.06911
VirusShare_5ade194020c95036b45acfbcd51cd599,0.514298
VirusShare_5b0285500c82361ae169e28a9c3c235f,0.954515
VirusShare_498bf5a7a476371df802563ea6aa4a23,0.718163
VirusShare_ed2f590cc5dbb6938ae3a84207f067e0,0.298698
VirusShare_75e884b21c5563a46f54de592c75f935,0.063202
VirusShare_9954c7eddff6c9e05db7f0567e6e1d57,0.940912
VirusShare_36afc6cc568de8932c16882f110df2e4,0.869555
VirusShare_939053a02a5ac0fa62fbed698d3872c1,0.240548
VirusShare_69e53d6f823c25ce5c677e4fa62fb1cc,0.06316
VirusShare_b544839f96c2c4a4a7a31aba860013dd,0.398858
VirusShare_815e225f7daa728091f0c341db150767,0.151468
VirusShare_3a7da416e0ed02e02fa874f3ae09e9a2,0.854183
VirusShare_70048fb9354fc4eb4974e9106c4bc57d,0.041057
VirusShare_edb147f9cf7ef37763ee09dd00c64408,0.037001
VirusShare_055b48cf76c7800678341b8b210ef124,0.916385
VirusShare_1b2950e73aa50681a5ad7b3f0c9068fc,0.072426
VirusShare_34173afeb6edd39f544d42fc43b817a1,0.063197
VirusShare_1795aa8d37dd076da9a83130d7f17b0b,0.077957
VirusShare_0afb31c3e6018c85df11d2a25a581079,0.959214
VirusShare_a6a4383ccba54e046a20f2e04dabd2fa,0.552692
VirusShare_70a2751468a260dae8b0306263f0e98d,0.231579
VirusShare_8f0b9dadc7516fd6b0af6c9d29e7632a,0.909393
VirusShare_f49fb211ecbaaaa6679caa24d924d500,0.875646
VirusShare_db566ad4ee4595f9da51c5df7393c179,0.036978
VirusShare_87c2e9f5576ec97fe793b2d2a12bfb44,0.122764
VirusShare_6eb5231c1b8d168824739679360f8ee6,0.221174
VirusShare_fd2ad313084ec1632ae587dd7ab61ed3,0.216984
VirusShare_b652103955d5aaf7e7ec0948bbf2a898,0.465937
VirusShare_e5da67568f061684e42d88f595f8cb50,0.13678
VirusShare_a5d2e86c8376b55db5da06c4c41ccacd,0.974546
VirusShare_f0c92316dc2d7cf53037c3f587ab5893,0.102353
VirusShare_4e2f846871f4657ad6f6f18c41921baa,0.270175
VirusShare_36dcf63ea2308bb1d0a19f5b5845df0a,0.043041
VirusShare_d313fc0b83aa6ec51bb0a46efaf4eb29,0.052382
VirusShare_21a6941db373898c094b93031a06d20b,0.354039
VirusShare_6f4dc270e3e300576091d14280223a91,0.910035
VirusShare_dacf6825e0dbd022d9fe0781dbf28735,0.770809
VirusShare_b4ff7bf3ec2e5d527264a3577c1cbbfe,0.052382
VirusShare_38bf94955c0a9c3f67aabb94128e7c7b,0.954063
VirusShare_462036a297402f8dcc31431ab43484ad,0.074495
VirusShare_b4613fceef9f2bee1488bcc31af31c4f,0.954063
VirusShare_a8460572c8824208530e5d1529d287d0,0.330619
VirusShare_6431ef4a8d184a09c98ee6d658d11a4d,0.736745
VirusShare_a52a1cd5cf75697d9ff71f6a12fa2f0b,0.087234
VirusShare_2d3e5a2a2243d788901fb182156f4031,0.657435
VirusShare_c5573edcdf2d47d8563d90b802abdb15,0.063337
VirusShare_ae154f486b7c7346c6ebf6f07442a3be,0.100345
VirusShare_68481872800b45ee7bb25c13fac5da78,0.063311
VirusShare_d19a6123245899c8df0d2439d4745be6,0.63955
VirusShare_177c439daa70367c552144808045a684,0.750616
VirusShare_2d7c8b1f32421672fbb910a5ae396cd9,0.044675
VirusShare_9d318ca2cdf55363c556833b34bd5631,0.974826
VirusShare_ea48ee45da1f5a95f28d78f1d1138b40,0.879231
VirusShare_999f3765cd39a7bb92de3ea9a064e100,0.27913
VirusShare_c2f714ff08dd9649607b00d447240807,0.954063
VirusShare_3d1e91875247744ff3578d71a38f621d,0.110486
VirusShare_687ac49b07a801f6734e4ae7908cc5a7,0.97473
VirusShare_36a97c2b3a0e5fa22125092e92177bbb,0.946767
VirusShare_c4c96f39bf326638a0ebb306d928a6bf,0.059358
VirusShare_5ca981d1ea8734120df9534d00037ada,0.859573
VirusShare_2d0e3b7c478efc129346ef64c58848a8,0.059381
VirusShare_bd3bac7cbb7fc6f6ef7854717a9f1979,0.226887
VirusShare_be4e698ba53ca61e27fbf6be905c76de,0.293379
VirusShare_ba5a15fbef0e281e3dc7d5974574eb84,0.053841
VirusShare_ea79552bdb9f1eb0b28922e7ff5ae59c,0.974934
VirusShare_bd8e1229858caf1f68a3ae57b05341ce,0.954519
VirusShare_44f8e8dad422f293fe8b66c500aa5c18,0.069745
VirusShare_a10487572494dfd3904429878e0445ad,0.1544
VirusShare_16d561d3655d7f32a80c5bcc6c1975c1,0.427007
VirusShare_ecbfa8953c4e37bb4033e9c14425a310,0.660211
VirusShare_e204c787d483498253e8289b6568048c,0.546373
VirusShare_d4f047d53fee38160cca298411811cbc,0.036979
VirusShare_e2d0224cbc9076efa907e70395919c8c,0.479973
VirusShare_a5de2fa61adbbb7c487b788c5b2cc97d,0.848842
VirusShare_7b1ad881708336e5b8153c12cc70de8f,0.859509
VirusShare_793d6d21f9ae80758063480e03f9fabf,0.109438
VirusShare_4d2881108d102f5bdc0fc292f0d123c0,0.449224
VirusShare_362e27030490ad0046e99d06ba05bc69,0.885616
VirusShare_d78e6fa2f3e8cc5ddfe71c20509135e9,0.050935
VirusShare_99726582fc0e576e36039e40a3a95a9c,0.079907
VirusShare_4fad4a8bb1c96dacd1c27c561d0fb14d,0.520457
VirusShare_5b46c32541a589115391c5c5258215d2,0.118991
VirusShare_a8d02fc5560d7d6aeb6b48dcbb6dee32,0.05957
VirusShare_fc13da1931cb4019556e85181fcde81a,0.185091
VirusShare_d76e579cfb617b7398100a4073ba5063,0.060652
VirusShare_bd4b15d59a092096fe26478a1a798762,0.24464
VirusShare_30f750bf280e44a3c276ee4bfd2c218c,0.05957
VirusShare_d87e98ed8d311ac66d53ab29a89f984e,0.974235
VirusShare_f02d4b137551d4907433398c13567904,0.080729
VirusShare_b7e23e1b78373254f936d5dec75fdf00,0.072426
VirusShare_d33033ec873845cafcb481a280ec2821,0.090911
VirusShare_ee09c0cafe16690c505602552d93c363,0.114475
VirusShare_774e3776b5358bc7a598d12c1a15a624,0.135212
VirusShare_9e35622a0775a09cc45eebf71e527cc0,0.470235
VirusShare_9cbc85a93cee1f16ecaf25188169628a,0.079907
VirusShare_f51d485031a36fed531ca2a251271b5f,0.060034
VirusShare_62197ff0f1a6ff89599afa496673da0a,0.047282
VirusShare_f99189c038e950dba060b5cd367a67bb,0.07675
VirusShare_7f45d610e5fd88fa9b74c9c10f5a8618,0.62329
VirusShare_aa9d00977ca3348a73cbd6a18507d643,0.132574
VirusShare_ce85b87ee81ccf5aa904e331808176ee,0.486644
VirusShare_0b840e7b40bd2e08b45bd82cc6ccab03,0.044515
VirusShare_74028e9d9b9a3ebc24c358f5a1d90563,0.423948
VirusShare_5b02b5cb18a7b83475972b845da5c347,0.974749
VirusShare_81bf4a617fd92a78dcf41d1127a6c3bc,0.259246
VirusShare_9a145b9bb9b86939ec09dc68131f7516,0.081396
VirusShare_49351ddf1e1a9934024986a6ef5cb465,0.151295
VirusShare_78df62ebf8b929d0ad91255c54f8ec20,0.32334
VirusShare_2fd074587b3a20be27ffae3a7e5d04fb,0.707728
VirusShare_bcf9678f8860ece9d8ccce90fff511fd,0.052065
VirusShare_19d569e7b710825ccb6e0aebea358ac5,0.178777
VirusShare_e7b7c124694ad000a90ed525843b3177,0.954519
VirusShare_2eb272167edd81e7b3158e91545b4086,0.340586
VirusShare_473e10903e3efa1b0ca30365f984ec9a,0.97472
VirusShare_ed2e63c76a45c893308a5f691dcb912a,0.111713
VirusShare_9f11a2723e14e099d96976751d83a9ba,0.913696
VirusShare_b450780cc9cf6685b72f3bbf2e03997c,0.059163
VirusShare_58a99bff65bd9ef445307c89943da0e0,0.072426
VirusShare_3edc5f61b275527d3685436e58c0084a,0.95452
VirusShare_a1cd9e7458564b1177a53d9ae929685c,0.426532
VirusShare_3ad8e4b4dddee0496e81e5362b9507af,0.04832
VirusShare_1e450af039393a8994bda0120e51eb88,0.8819
VirusShare_ae20e4ef2d6b4eb807bf5c9b76a00d73,0.081658
VirusShare_91c6b41c926d501e2121bca2f2172239,0.230481
VirusShare_eeb255dd0067da308aaabf8b056d427e,0.652008
VirusShare_cf96bdda8f2cbcc1413b0b351863be62,0.305827
VirusShare_6470a3e270e32a9b1b58dcb8e7214557,0.92185
VirusShare_6fc3d58d5ef82a5bc65979f4f7989264,0.083178
VirusShare_093e926d9be9ac9c255d6ee1945d1fd3,0.874431
VirusShare_ce74db8b379920f0ef9cb03169177de8,0.271617
VirusShare_e9cecbd738383f0643f5c13fe970d4a9,0.155502
VirusShare_980c73ef940a48ea6045975b7f51b148,0.170604
VirusShare_30d75d7d5fe9cea029423a625f4e7802,0.951159
VirusShare_778949b08cc9727a99692a5fcfe449bb,0.973274
VirusShare_8d5813933af82f24636c5ff87cb8eb7c,0.046745
VirusShare_a90e0a9abad0e89d67a5c851c46411a0,0.804694
VirusShare_99a1548932db018e23430c7682cb0ecb,0.763527
VirusShare_7f6182dc902e9bf851681f9984f79c77,0.050053
VirusShare_cb64dddceb29c15b7c0b1c346b0c81ed,0.9203
VirusShare_517db59364156c54e5c9b6469952d44e,0.894272
VirusShare_db4a3e7d88a6f37986dd8cee0c3694d4,0.047255
VirusShare_d2f780c08769d160e38f00373c0babd1,0.794421
VirusShare_1abc3780d41e3f0b52d5bfeebc8edbdf,0.079907
VirusShare_956b6cc36153a39b847e0c9031854f41,0.107588
VirusShare_42e73e5f68e47335609d2777495d49ef,0.650456
VirusShare_45a374344465e4e060daf8d0c39eb552,0.107521
VirusShare_2e1da78e3d75e4c0f86e2483b3bec717,0.974431
VirusShare_5ba4f567a77c7d7672b690b1cff10dd9,0.072426
VirusShare_88f4c9855d55590095ff7a32e60c057a,0.154004
VirusShare_be3c664449e0b3c801b495b592b774a9,0.207803
VirusShare_1bf6181a527fb5fdf48762585f46495a,0.974912
VirusShare_e47f91d4322633329763192c28141b99,0.083178
VirusShare_aaf2c7700032fa676bd26020907d1326,0.954063
VirusShare_53740b5e22325039fb36edebef2e3abf,0.507888
VirusShare_049ac1151a0b98d5dcf7bde8ebb66591,0.974852
VirusShare_b16ca7eeb9c0a4bd80ac9f9a79ae6d2a,0.974343
VirusShare_14d3c33fc5d0700267f350892c1c0ece,0.954063
VirusShare_ece85234c9cdcd6c3a4f4c729109cc53,0.108242
VirusShare_b121e59fd376536b92d2e25ff60df3d4,0.069742
VirusShare_03b38a5b3978ae17bd53d46b21664bf8,0.231788
VirusShare_6621c0e6b6a64c9244b3fea0fd8e662d,0.95452
VirusShare_a417cfa9464265d2621e6fe8c0a63b5a,0.919641
VirusShare_11b6e67a694300001dd6a6cc0ecb140c,0.161814
VirusShare_2e60d04f6c92ce581fdfb366b6ea419c,0.06236
VirusShare_b400ba5d7d60656b120005eddb1bc946,0.057924
VirusShare_e2e851a70f6161c115f327d2a5b8296e,0.127275
VirusShare_daea85eb1f64d2a47809416bb38c96a7,0.083178
VirusShare_84caf4311b115eaff9adc55fdee26bde,0.110023
VirusShare_ebad34aa19a0e45b7169173bb9e07a58,0.060491
VirusShare_133bb1d1eb7118a83686278364a91bf3,0.058215
VirusShare_bb99721c602a13bf0c4216e92b873275,0.95452
VirusShare_9d95a9fcdc190d9975ca473258c9e9a1,0.058956
VirusShare_f7d1cabbe5151b37f091da075209a685,0.800685
VirusShare_57fea7de50ed43f58a8e1a71c1f128c7,0.059715
VirusShare_30016fba86f0fc5d99662b2430f59b66,0.899234
VirusShare_c88b44778a3d04b1c5ea318f4b17516e,0.511085
VirusShare_4696a5a0877dd1d84a0caef09e460b25,0.617477
VirusShare_c9273c2101c05b46ee65ed4da6038c83,0.036979
VirusShare_91ec5f7f539d09cf4798daf06a73152a,0.8783
